[
  {
    "source": "WSJ",
    "title": "Is China Finally Ready to Deal with Trump?",
    "published": "2019-06-18",
    "inference_result": [
      {
        "label": "positive",
        "score": 0.7067999839782715
      }
    ]
  },
  {
    "source": "WSJ",
    "title": "Corrections & Amplifications",
    "published": "2019-06-18",
    "inference_result": [
      {
        "label": "neutral",
        "score": 0.8179425597190857
      }
    ]
  },
  {
    "source": "WSJ",
    "title": "The Daily Shot: Americans Increasingly Confident in Finding Work After Job Loss",
    "published": "2019-06-18",
    "inference_result": [
      {
        "label": "neutral",
        "score": 0.9467915296554565
      }
    ]
  },
  {
    "source": "WSJ",
    "title": "Fed Debates Whether Rate-Cut Moment Has Arrived",
    "published": "2019-06-18",
    "inference_result": [
      {
        "label": "neutral",
        "score": 0.75881028175354
      }
    ]
  },
  {
    "source": "WSJ",
    "title": "Real Time Economics: Fed Forced to Weigh Mixed Economic Signals",
    "published": "2019-06-18",
    "inference_result": [
      {
        "label": "neutral",
        "score": 0.941470742225647
      }
    ]
  },
  {
    "source": "WSJ",
    "title": "Goldman Sachsonomics",
    "published": "2019-06-18",
    "inference_result": [
      {
        "label": "neutral",
        "score": 0.5081954598426819
      }
    ]
  },
  {
    "source": "WSJ",
    "title": "Charitable Gifts Slip in First Year Under New Tax Law",
    "published": "2019-06-18",
    "inference_result": [
      {
        "label": "neutral",
        "score": 0.5723757743835449
      }
    ]
  },
  {
    "source": "WSJ",
    "title": "Trump Administration Is Split Over Arms Sale to Taiwan",
    "published": "2019-06-18",
    "inference_result": [
      {
        "label": "negative",
        "score": 0.959777295589447
      }
    ]
  },
  {
    "source": "WSJ",
    "title": "Meetings Give U.S. and India a Chance to Get Past Irritants",
    "published": "2019-06-18",
    "inference_result": [
      {
        "label": "positive",
        "score": 0.5302798748016357
      }
    ]
  },
  {
    "source": "WSJ",
    "title": "Logistics Spending Jumped 11.4% on Strong Economic Growth",
    "published": "2019-06-18",
    "inference_result": [
      {
        "label": "negative",
        "score": 0.9680836200714111
      }
    ]
  },
  {
    "source": "WSJ",
    "title": "Bitcoin Tops $9,000 as Crypto Rally Trounces Stocks, Bonds, Gold and Oil",
    "published": "2019-06-18",
    "inference_result": [
      {
        "label": "negative",
        "score": 0.7234809994697571
      }
    ]
  },
  {
    "source": "WSJ",
    "title": "ECB Signals Possible Rate Cut Prompting Trump Tweets",
    "published": "2019-06-18",
    "inference_result": [
      {
        "label": "negative",
        "score": 0.9238414764404297
      }
    ]
  }
]