[
  {
    "source": "WSJ",
    "title": "Trump Cites Hong Kong Concerns in Talks With China",
    "published": "2019-08-18",
    "inference_result": [
      {
        "label": "neutral",
        "score": 0.8627520203590393
      }
    ]
  },
  {
    "source": "WSJ",
    "title": "Costly Tariff Spat Masks Deeper Trade Problems",
    "published": "2019-08-18",
    "inference_result": [
      {
        "label": "neutral",
        "score": 0.5260533690452576
      }
    ]
  },
  {
    "source": "WSJ",
    "title": "Fed Chief Wedged Between a Slowing Economy and an Angry President",
    "published": "2019-08-18",
    "inference_result": [
      {
        "label": "negative",
        "score": 0.9499284029006958
      }
    ]
  },
  {
    "source": "WSJ",
    "title": "Costly Tariff Spat Masks Deeper Trade Problems",
    "published": "2019-08-18",
    "inference_result": [
      {
        "label": "neutral",
        "score": 0.5260533690452576
      }
    ]
  }
]