[
  {
    "source": "WSJ",
    "title": "National Security Concerns Threaten Undersea Data Link Backed by Google, Facebook",
    "published": "2019-08-28",
    "inference_result": [
      {
        "label": "negative",
        "score": 0.5906269550323486
      }
    ]
  },
  {
    "source": "WSJ",
    "title": "Transcript: WSJ Interview With Dallas Fed President Robert Kaplan",
    "published": "2019-08-28",
    "inference_result": [
      {
        "label": "neutral",
        "score": 0.9347245693206787
      }
    ]
  },
  {
    "source": "WSJ",
    "title": "Guess Sees Little Effect From Potential China Tariffs Increase",
    "published": "2019-08-28",
    "inference_result": [
      {
        "label": "positive",
        "score": 0.9226598143577576
      }
    ]
  },
  {
    "source": "WSJ",
    "title": "Guess Sees Little Effect From Potential China Tariffs Increase",
    "published": "2019-08-28",
    "inference_result": [
      {
        "label": "positive",
        "score": 0.9226598143577576
      }
    ]
  },
  {
    "source": "WSJ",
    "title": "Has America\u2019s China Backlash Gone Too Far?",
    "published": "2019-08-28",
    "inference_result": [
      {
        "label": "neutral",
        "score": 0.8575363159179688
      }
    ]
  },
  {
    "source": "WSJ",
    "title": "Newsletter: Wealth Taxes, Monetary Politics and a Possible No-Deal Brexit",
    "published": "2019-08-28",
    "inference_result": [
      {
        "label": "neutral",
        "score": 0.941470742225647
      }
    ]
  },
  {
    "source": "WSJ",
    "title": "There Are Few Places to Hide When Markets All Move Together",
    "published": "2019-08-28",
    "inference_result": [
      {
        "label": "negative",
        "score": 0.9331815838813782
      }
    ]
  },
  {
    "source": "WSJ",
    "title": "After Brexit, a U.S. Trade Deal",
    "published": "2019-08-28",
    "inference_result": [
      {
        "label": "neutral",
        "score": 0.5593392252922058
      }
    ]
  },
  {
    "source": "WSJ",
    "title": "WSJ Wealth Adviser Briefing: Pound Fears, Tech Buyback, Shanghai Disneyland",
    "published": "2019-08-28",
    "inference_result": [
      {
        "label": "neutral",
        "score": 0.9272052049636841
      }
    ]
  },
  {
    "source": "WSJ",
    "title": "Pork Prices Chopped in China Due to African Swine Fever",
    "published": "2019-08-28",
    "inference_result": [
      {
        "label": "positive",
        "score": 0.9506428241729736
      }
    ]
  }
]