[
  {
    "source": "WSJ",
    "title": "Chinese Stocks Are at the Mercy of Trade Talks but Cushioned by Beijing",
    "published": "2019-06-29",
    "inference_result": [
      {
        "label": "negative",
        "score": 0.9161015152931213
      }
    ]
  },
  {
    "source": "WSJ",
    "title": "Market High from Trump-Xi Trade Truce May Not Last",
    "published": "2019-06-29",
    "inference_result": [
      {
        "label": "positive",
        "score": 0.8081393837928772
      }
    ]
  },
  {
    "source": "WSJ",
    "title": "Farmers Welcome Trade Truce, Hope for More",
    "published": "2019-06-29",
    "inference_result": [
      {
        "label": "positive",
        "score": 0.7674490809440613
      }
    ]
  },
  {
    "source": "WSJ",
    "title": "Trump Allows U.S. Sales to Huawei as Trade Talks Resume",
    "published": "2019-06-29",
    "inference_result": [
      {
        "label": "neutral",
        "score": 0.5258776545524597
      }
    ]
  },
  {
    "source": "WSJ",
    "title": "S&P 500 Posts Best First Half in 22 Years",
    "published": "2019-06-29",
    "inference_result": [
      {
        "label": "positive",
        "score": 0.9265414476394653
      }
    ]
  },
  {
    "source": "WSJ",
    "title": "S&P 500 Posts Best First Half in 22 Years",
    "published": "2019-06-29",
    "inference_result": [
      {
        "label": "positive",
        "score": 0.9265414476394653
      }
    ]
  },
  {
    "source": "WSJ",
    "title": "Trade Truce a Relief to Markets\u2014For Now",
    "published": "2019-06-29",
    "inference_result": [
      {
        "label": "neutral",
        "score": 0.9114742875099182
      }
    ]
  },
  {
    "source": "WSJ",
    "title": "EU, Mercosur Reach Agreement on Trade",
    "published": "2019-06-29",
    "inference_result": [
      {
        "label": "neutral",
        "score": 0.8784675598144531
      }
    ]
  },
  {
    "source": "WSJ",
    "title": "Apple Moves Mac Pro Production to China",
    "published": "2019-06-29",
    "inference_result": [
      {
        "label": "neutral",
        "score": 0.9160579442977905
      }
    ]
  },
  {
    "source": "WSJ",
    "title": "This Week on the Frontiers, June 29th 2019",
    "published": "2019-06-29",
    "inference_result": [
      {
        "label": "negative",
        "score": 0.8293473720550537
      }
    ]
  },
  {
    "source": "WSJ",
    "title": "The Rush Is on to Spend Border Aid Funds",
    "published": "2019-06-29",
    "inference_result": [
      {
        "label": "negative",
        "score": 0.9610158205032349
      }
    ]
  }
]