[
  {
    "source": "WSJ",
    "title": "Williams: Fed Open to New Ideas; Low-Inflation Trap Haunts Fed; Tariffs Seen Prompting Rate Cuts",
    "published": "2019-06-02",
    "inference_result": [
      {
        "label": "positive",
        "score": 0.7545201778411865
      }
    ]
  },
  {
    "source": "WSJ",
    "title": "India\u2019s Modi Feels More U.S. Pressure to Open Nation\u2019s Markets",
    "published": "2019-06-02",
    "inference_result": [
      {
        "label": "neutral",
        "score": 0.5942148566246033
      }
    ]
  },
  {
    "source": "WSJ",
    "title": "A Panda Could End the Trade War",
    "published": "2019-06-02",
    "inference_result": [
      {
        "label": "neutral",
        "score": 0.8784279823303223
      }
    ]
  },
  {
    "source": "WSJ",
    "title": "Trump\u2019s Mexico Tariff Threat Trips Up Manufacturers Shifting Out of China",
    "published": "2019-06-02",
    "inference_result": [
      {
        "label": "negative",
        "score": 0.8890300989151001
      }
    ]
  },
  {
    "source": "WSJ",
    "title": "Defending the Periphery of the West Without Going to War",
    "published": "2019-06-02",
    "inference_result": [
      {
        "label": "positive",
        "score": 0.8758355975151062
      }
    ]
  },
  {
    "source": "WSJ",
    "title": "In Silver\u2019s Slide, Another Sign of Global-Growth Worries",
    "published": "2019-06-02",
    "inference_result": [
      {
        "label": "negative",
        "score": 0.9697346091270447
      }
    ]
  },
  {
    "source": "WSJ",
    "title": "Trade Tensions, Rising Costs Hit Profit Outlook for Airlines",
    "published": "2019-06-02",
    "inference_result": [
      {
        "label": "negative",
        "score": 0.9708663821220398
      }
    ]
  },
  {
    "source": "WSJ",
    "title": "This Week on the Frontiers, June 1st 2019",
    "published": "2019-06-02",
    "inference_result": [
      {
        "label": "neutral",
        "score": 0.9468449354171753
      }
    ]
  }
]