[
  {
    "source": "WSJ",
    "title": "Repo Market Turmoil Tests Williams; Harker Says Fed Should Keep Rates Steady; U.S. Inflation Decelerates",
    "published": "2019-09-30",
    "inference_result": [
      {
        "label": "negative",
        "score": 0.886653482913971
      }
    ]
  },
  {
    "source": "WSJ",
    "title": "Repo Market Turmoil Tests Williams; Harker Says Fed Should Keep Rates Steady; U.S. Inflation Decelerates",
    "published": "2019-09-30",
    "inference_result": [
      {
        "label": "negative",
        "score": 0.886653482913971
      }
    ]
  },
  {
    "source": "WSJ",
    "title": "The Daily Shot: No Signs of Recovery in US Inflation Expectations",
    "published": "2019-09-30",
    "inference_result": [
      {
        "label": "neutral",
        "score": 0.9467915296554565
      }
    ]
  },
  {
    "source": "WSJ",
    "title": "Newsletter: Oil Output, Feeble Factories and Cautious Consumers",
    "published": "2019-09-30",
    "inference_result": [
      {
        "label": "neutral",
        "score": 0.941470742225647
      }
    ]
  },
  {
    "source": "WSJ",
    "title": "Midwest\u2019s Faltering Economies Will Spread Pain Nationwide",
    "published": "2019-09-30",
    "inference_result": [
      {
        "label": "negative",
        "score": 0.9636520147323608
      }
    ]
  },
  {
    "source": "WSJ",
    "title": "Judge Dismisses States\u2019 Challenge to Trump Tax Overhaul",
    "published": "2019-09-30",
    "inference_result": [
      {
        "label": "negative",
        "score": 0.774942934513092
      }
    ]
  },
  {
    "source": "WSJ",
    "title": "California\u2019s Foreign-Oil Problem",
    "published": "2019-09-30",
    "inference_result": [
      {
        "label": "neutral",
        "score": 0.9170956611633301
      }
    ]
  },
  {
    "source": "WSJ",
    "title": "Thor Industries Shares Rise on Earnings Beat",
    "published": "2019-09-30",
    "inference_result": [
      {
        "label": "positive",
        "score": 0.9407604932785034
      }
    ]
  },
  {
    "source": "WSJ",
    "title": "Trump Seeks Partners Not \u201cPermanent Enemies\u201d Ahead of U.S.-China Talks\u2014Energy Journal",
    "published": "2019-09-30",
    "inference_result": [
      {
        "label": "positive",
        "score": 0.7267866134643555
      }
    ]
  }
]