[
  {
    "source": "WSJ",
    "title": "President Trump\u2019s Criticism of the Fed Hasn\u2019t Shifted Perception of Its Independence, Economists Say",
    "published": "2019-07-12",
    "inference_result": [
      {
        "label": "neutral",
        "score": 0.7694743275642395
      }
    ]
  },
  {
    "source": "WSJ",
    "title": "China Trade Data Points to Sagging Economy",
    "published": "2019-07-12",
    "inference_result": [
      {
        "label": "negative",
        "score": 0.9748961329460144
      }
    ]
  },
  {
    "source": "WSJ",
    "title": "China to Sanction U.S. Companies for Arms Sales to Taiwan",
    "published": "2019-07-12",
    "inference_result": [
      {
        "label": "negative",
        "score": 0.9611362814903259
      }
    ]
  },
  {
    "source": "WSJ",
    "title": "PC Shipments Rise After Several Quarters of Decline",
    "published": "2019-07-12",
    "inference_result": [
      {
        "label": "positive",
        "score": 0.9171537160873413
      }
    ]
  },
  {
    "source": "WSJ",
    "title": "China Trade Data Points to Sagging Economy",
    "published": "2019-07-12",
    "inference_result": [
      {
        "label": "negative",
        "score": 0.9748961329460144
      }
    ]
  },
  {
    "source": "WSJ",
    "title": "Real Time Economics: The Fed Is Going to Cut, Inflation Says Hello and Trump Knocks Bitcoin",
    "published": "2019-07-12",
    "inference_result": [
      {
        "label": "neutral",
        "score": 0.941470742225647
      }
    ]
  },
  {
    "source": "WSJ",
    "title": "China Trade Data Points to Sagging Economy",
    "published": "2019-07-12",
    "inference_result": [
      {
        "label": "negative",
        "score": 0.9748961329460144
      }
    ]
  }
]