[
  {
    "source": "WSJ",
    "title": "U.S. Hiring Bounces Back, Easing Fears of a Jobs Slowdown",
    "published": "2019-07-06",
    "inference_result": [
      {
        "label": "positive",
        "score": 0.9123675227165222
      }
    ]
  },
  {
    "source": "WSJ",
    "title": "This Week on the Frontiers, July 6th 2019",
    "published": "2019-07-06",
    "inference_result": [
      {
        "label": "positive",
        "score": 0.7192099690437317
      }
    ]
  },
  {
    "source": "WSJ",
    "title": "How the Media Corrupted Climate Policy",
    "published": "2019-07-06",
    "inference_result": [
      {
        "label": "neutral",
        "score": 0.8969361782073975
      }
    ]
  }
]