[
  {
    "source": "WSJ",
    "title": "U.S. Stocks Climb on Mexico Deal",
    "published": "2019-06-10",
    "inference_result": [
      {
        "label": "positive",
        "score": 0.8302380442619324
      }
    ]
  },
  {
    "source": "WSJ",
    "title": "For Trump, Threats Become Part of Diplomatic Playbook",
    "published": "2019-06-10",
    "inference_result": [
      {
        "label": "negative",
        "score": 0.9161792993545532
      }
    ]
  },
  {
    "source": "WSJ",
    "title": "G-20 Financial Leaders Criticize Trade Tensions for Impact on Growth",
    "published": "2019-06-10",
    "inference_result": [
      {
        "label": "negative",
        "score": 0.8665828108787537
      }
    ]
  },
  {
    "source": "WSJ",
    "title": "Analysis: What the Mexico Deal Means for the Fed",
    "published": "2019-06-10",
    "inference_result": [
      {
        "label": "neutral",
        "score": 0.7280666828155518
      }
    ]
  },
  {
    "source": "WSJ",
    "title": "Tariff Dispute Complicates U.S. Ties With Mexico",
    "published": "2019-06-10",
    "inference_result": [
      {
        "label": "negative",
        "score": 0.938606858253479
      }
    ]
  },
  {
    "source": "WSJ",
    "title": "Trump Spars With U.S. Chamber Official Over Use of Tariffs",
    "published": "2019-06-10",
    "inference_result": [
      {
        "label": "negative",
        "score": 0.5753037929534912
      }
    ]
  },
  {
    "source": "WSJ",
    "title": "Deal to Avert Tariffs Leaves Unease Between Trump, GOP",
    "published": "2019-06-10",
    "inference_result": [
      {
        "label": "positive",
        "score": 0.6768854856491089
      }
    ]
  },
  {
    "source": "WSJ",
    "title": "Bank Stocks Climb on Mexico Tariff Delay",
    "published": "2019-06-10",
    "inference_result": [
      {
        "label": "positive",
        "score": 0.6556363701820374
      }
    ]
  },
  {
    "source": "WSJ",
    "title": "Tariffs Trigger Working Capital Woes For Some Companies",
    "published": "2019-06-10",
    "inference_result": [
      {
        "label": "positive",
        "score": 0.7866548299789429
      }
    ]
  },
  {
    "source": "WSJ",
    "title": "Trump Militarizes Mexico",
    "published": "2019-06-10",
    "inference_result": [
      {
        "label": "negative",
        "score": 0.4085254967212677
      }
    ]
  },
  {
    "source": "WSJ",
    "title": "The South\u2019s Economy Is Falling Behind: \u2018All of a Sudden the Money Stops Flowing\u2019",
    "published": "2019-06-10",
    "inference_result": [
      {
        "label": "negative",
        "score": 0.9230665564537048
      }
    ]
  },
  {
    "source": "WSJ",
    "title": "American Axle: Second Half Story",
    "published": "2019-06-10",
    "inference_result": [
      {
        "label": "negative",
        "score": 0.9700620770454407
      }
    ]
  },
  {
    "source": "WSJ",
    "title": "The South\u2019s Economy Is Falling Behind: \u2018All of a Sudden the Money Stops Flowing\u2019",
    "published": "2019-06-10",
    "inference_result": [
      {
        "label": "negative",
        "score": 0.9230665564537048
      }
    ]
  },
  {
    "source": "WSJ",
    "title": "Where Emerging-Markets Investments Are Going",
    "published": "2019-06-10",
    "inference_result": [
      {
        "label": "positive",
        "score": 0.8778249025344849
      }
    ]
  },
  {
    "source": "WSJ",
    "title": "American Axle: Second Half Story",
    "published": "2019-06-10",
    "inference_result": [
      {
        "label": "negative",
        "score": 0.9700620770454407
      }
    ]
  },
  {
    "source": "WSJ",
    "title": "Factories Throttle Back, Pressuring U.S. Economy",
    "published": "2019-06-10",
    "inference_result": [
      {
        "label": "negative",
        "score": 0.9681968688964844
      }
    ]
  },
  {
    "source": "WSJ",
    "title": "Trump Says Fed Policy Makers Have Become \u2018Very Destructive\u2019",
    "published": "2019-06-10",
    "inference_result": [
      {
        "label": "negative",
        "score": 0.7304100394248962
      }
    ]
  },
  {
    "source": "WSJ",
    "title": "Here Comes the Sun (and Wind): Renewables Have Their Market Moment",
    "published": "2019-06-10",
    "inference_result": [
      {
        "label": "positive",
        "score": 0.8959283828735352
      }
    ]
  },
  {
    "source": "WSJ",
    "title": "Trump, Powell Spoke in April; What Mexico Deal Means for Fed; Jobs Report Could Boost Rate-Cut Case",
    "published": "2019-06-10",
    "inference_result": [
      {
        "label": "negative",
        "score": 0.7040480971336365
      }
    ]
  },
  {
    "source": "WSJ",
    "title": "What\u2019s News: World-Wide",
    "published": "2019-06-10",
    "inference_result": [
      {
        "label": "neutral",
        "score": 0.951514720916748
      }
    ]
  },
  {
    "source": "WSJ",
    "title": "Mexico Wearies of U.S. Approach",
    "published": "2019-06-10",
    "inference_result": [
      {
        "label": "positive",
        "score": 0.8861696720123291
      }
    ]
  },
  {
    "source": "WSJ",
    "title": "Real Time Economics: Who Will Trump Threaten With Tariffs Next?",
    "published": "2019-06-10",
    "inference_result": [
      {
        "label": "neutral",
        "score": 0.941470742225647
      }
    ]
  },
  {
    "source": "WSJ",
    "title": "Amid Polarization, Bipartisanship Emerges on China, Big Tech",
    "published": "2019-06-10",
    "inference_result": [
      {
        "label": "neutral",
        "score": 0.8420858979225159
      }
    ]
  },
  {
    "source": "WSJ",
    "title": "Oil Prices Fall Amid Fears of Oversupply",
    "published": "2019-06-10",
    "inference_result": [
      {
        "label": "negative",
        "score": 0.6553842425346375
      }
    ]
  },
  {
    "source": "WSJ",
    "title": "China Imports Fall as Trade Conflict With U.S. Saps Demand",
    "published": "2019-06-10",
    "inference_result": [
      {
        "label": "negative",
        "score": 0.8611335158348083
      }
    ]
  },
  {
    "source": "WSJ",
    "title": "The Tory Tax Debate",
    "published": "2019-06-10",
    "inference_result": [
      {
        "label": "positive",
        "score": 0.8799470067024231
      }
    ]
  },
  {
    "source": "WSJ",
    "title": "It May Soon Get Easier to Move Your 401(k) When Switching Jobs",
    "published": "2019-06-10",
    "inference_result": [
      {
        "label": "neutral",
        "score": 0.9201325178146362
      }
    ]
  },
  {
    "source": "WSJ",
    "title": "China Imports Fall as Trade Conflict With U.S. Saps Demand",
    "published": "2019-06-10",
    "inference_result": [
      {
        "label": "negative",
        "score": 0.8611335158348083
      }
    ]
  },
  {
    "source": "WSJ",
    "title": "Rewrite of Bank Rules Advances Slowly, Frustrating Republicans",
    "published": "2019-06-10",
    "inference_result": [
      {
        "label": "neutral",
        "score": 0.6107072234153748
      }
    ]
  },
  {
    "source": "WSJ",
    "title": "The South\u2019s Economy Is Falling Behind: \u2018All of a Sudden the Money Stops Flowing\u2019",
    "published": "2019-06-10",
    "inference_result": [
      {
        "label": "negative",
        "score": 0.9230665564537048
      }
    ]
  },
  {
    "source": "WSJ",
    "title": "Trump\u2019s Ruining Tariffs for Everybody",
    "published": "2019-06-10",
    "inference_result": [
      {
        "label": "neutral",
        "score": 0.43924859166145325
      }
    ]
  },
  {
    "source": "WSJ",
    "title": "Hold the Applause for a Rate Cut",
    "published": "2019-06-10",
    "inference_result": [
      {
        "label": "neutral",
        "score": 0.4758066236972809
      }
    ]
  },
  {
    "source": "WSJ",
    "title": "Highlights From The Wall Street Journal\u2019s 2019 CFO Network Meeting",
    "published": "2019-06-10",
    "inference_result": [
      {
        "label": "neutral",
        "score": 0.9486861228942871
      }
    ]
  }
]