[
  {
    "source": "WSJ",
    "title": "Transcript: Fed Chairman Jerome Powell\u2019s Postmeeting Press Conference",
    "published": "2019-06-19",
    "inference_result": [
      {
        "label": "negative",
        "score": 0.5560236573219299
      }
    ]
  },
  {
    "source": "WSJ",
    "title": "Trump and Xi Agree to Discuss Trade at Next Week\u2019s G-20 Summit in Japan",
    "published": "2019-06-19",
    "inference_result": [
      {
        "label": "negative",
        "score": 0.8329809308052063
      }
    ]
  },
  {
    "source": "WSJ",
    "title": "The Trump Tweet and the Draghi Euro",
    "published": "2019-06-19",
    "inference_result": [
      {
        "label": "negative",
        "score": 0.6155590415000916
      }
    ]
  },
  {
    "source": "WSJ",
    "title": "Trump Suggests He Could Consider Demoting Powell, Criticizes Draghi; What to Watch at Fed Meeting",
    "published": "2019-06-19",
    "inference_result": [
      {
        "label": "negative",
        "score": 0.9296603798866272
      }
    ]
  },
  {
    "source": "WSJ",
    "title": "U.S. Steel to Idle Two Furnaces as Demand Falls",
    "published": "2019-06-19",
    "inference_result": [
      {
        "label": "negative",
        "score": 0.9691162109375
      }
    ]
  },
  {
    "source": "WSJ",
    "title": "What\u2019s News: World-Wide",
    "published": "2019-06-19",
    "inference_result": [
      {
        "label": "neutral",
        "score": 0.951514720916748
      }
    ]
  },
  {
    "source": "WSJ",
    "title": "A Connecticut Tax Story",
    "published": "2019-06-19",
    "inference_result": [
      {
        "label": "negative",
        "score": 0.9414225816726685
      }
    ]
  },
  {
    "source": "WSJ",
    "title": "Blackstone\u2019s Schwarzman Gives Oxford Record Gift of $188 Million",
    "published": "2019-06-19",
    "inference_result": [
      {
        "label": "neutral",
        "score": 0.7978154420852661
      }
    ]
  },
  {
    "source": "WSJ",
    "title": "House Democrats Unveil Tax-Break Extensions",
    "published": "2019-06-19",
    "inference_result": [
      {
        "label": "positive",
        "score": 0.6126003265380859
      }
    ]
  },
  {
    "source": "WSJ",
    "title": "Trump Administration Weighs Further Boost to Ethanol",
    "published": "2019-06-19",
    "inference_result": [
      {
        "label": "positive",
        "score": 0.676329493522644
      }
    ]
  },
  {
    "source": "WSJ",
    "title": "Real Time Economics: Trump Eases Tensions with China, Ratchets Up Pressure on Fed",
    "published": "2019-06-19",
    "inference_result": [
      {
        "label": "neutral",
        "score": 0.941470742225647
      }
    ]
  },
  {
    "source": "WSJ",
    "title": "Harley-Davidson Finds Partner to Make Small Motorcycles in China",
    "published": "2019-06-19",
    "inference_result": [
      {
        "label": "positive",
        "score": 0.8839317560195923
      }
    ]
  },
  {
    "source": "WSJ",
    "title": "Lighthizer Plans Call With Chinese Counterpart Ahead of Trump-Xi Talks",
    "published": "2019-06-19",
    "inference_result": [
      {
        "label": "negative",
        "score": 0.9309982657432556
      }
    ]
  }
]