[
  {
    "source": "WSJ",
    "title": "Europe Gets Caught in the U.S.-China Crossfire",
    "published": "2019-07-25",
    "inference_result": [
      {
        "label": "negative",
        "score": 0.972221851348877
      }
    ]
  },
  {
    "source": "WSJ",
    "title": "iRobot\u2019s Giant Sucking Sound",
    "published": "2019-07-25",
    "inference_result": [
      {
        "label": "negative",
        "score": 0.9635472893714905
      }
    ]
  },
  {
    "source": "WSJ",
    "title": "Judge Temporarily Blocks Trump Administration\u2019s Asylum Restrictions",
    "published": "2019-07-25",
    "inference_result": [
      {
        "label": "negative",
        "score": 0.8909613490104675
      }
    ]
  },
  {
    "source": "WSJ",
    "title": "House Panel Releases Documents From Nixon Tax Case Amid Trump Tax Dispute",
    "published": "2019-07-25",
    "inference_result": [
      {
        "label": "neutral",
        "score": 0.9330640435218811
      }
    ]
  }
]