[
  {
    "source": "WSJ",
    "title": "Today\u2019s Logistics Report: Cosco\u2019s Sanctions Fallout; Apple\u2019s Supplier Rescue; Lumber\u2019s Falling Market",
    "published": "2019-09-27",
    "inference_result": [
      {
        "label": "neutral",
        "score": 0.8955612778663635
      }
    ]
  },
  {
    "source": "WSJ",
    "title": "Today\u2019s Logistics Report: Cosco\u2019s Sanctions Fallout; Apple\u2019s Supplier Rescue; Lumber\u2019s Falling Market",
    "published": "2019-09-27",
    "inference_result": [
      {
        "label": "neutral",
        "score": 0.8955612778663635
      }
    ]
  },
  {
    "source": "WSJ",
    "title": "Global Slowdown Spreads Across U.S. Economy",
    "published": "2019-09-27",
    "inference_result": [
      {
        "label": "negative",
        "score": 0.9730209112167358
      }
    ]
  },
  {
    "source": "WSJ",
    "title": "Newsletter: Maybe Taxes Aren\u2019t as Certain as Death After All",
    "published": "2019-09-27",
    "inference_result": [
      {
        "label": "neutral",
        "score": 0.941470742225647
      }
    ]
  },
  {
    "source": "WSJ",
    "title": "Tax Reform Is Going Global",
    "published": "2019-09-27",
    "inference_result": [
      {
        "label": "positive",
        "score": 0.8195803165435791
      }
    ]
  },
  {
    "source": "WSJ",
    "title": "Hawks Raise Their Voices Against Low Rates; Trump\u2019s Fed Attacks Help Drive Rate Cuts, Paper Says",
    "published": "2019-09-27",
    "inference_result": [
      {
        "label": "negative",
        "score": 0.6562822461128235
      }
    ]
  },
  {
    "source": "WSJ",
    "title": "Incoming Union Pacific CFO in Search of Additional Efficiencies at U.S. Railroad",
    "published": "2019-09-27",
    "inference_result": [
      {
        "label": "neutral",
        "score": 0.8964843153953552
      }
    ]
  },
  {
    "source": "WSJ",
    "title": "Altria, Fannie Mae, Nike: Stocks That Defined the Week",
    "published": "2019-09-27",
    "inference_result": [
      {
        "label": "neutral",
        "score": 0.4578455090522766
      }
    ]
  },
  {
    "source": "WSJ",
    "title": "States of Economic Comparison",
    "published": "2019-09-27",
    "inference_result": [
      {
        "label": "negative",
        "score": 0.6543166637420654
      }
    ]
  }
]