[
  {
    "source": "WSJ",
    "title": "Young Chinese Spend Like Americans\u2014and Take on Worrisome Debt",
    "published": "2019-08-29",
    "inference_result": [
      {
        "label": "positive",
        "score": 0.7384076714515686
      }
    ]
  },
  {
    "source": "WSJ",
    "title": "Best Buy Lowers Sales Forecast, Citing Tariffs\u2019 Toll",
    "published": "2019-08-29",
    "inference_result": [
      {
        "label": "positive",
        "score": 0.9104019999504089
      }
    ]
  },
  {
    "source": "WSJ",
    "title": "U.S. Companies Say Trade War Is Hitting China Operations",
    "published": "2019-08-29",
    "inference_result": [
      {
        "label": "positive",
        "score": 0.9377769231796265
      }
    ]
  },
  {
    "source": "WSJ",
    "title": "Beijing Says China, U.S. Still in Touch on Trade Dispute, September Talks",
    "published": "2019-08-29",
    "inference_result": [
      {
        "label": "positive",
        "score": 0.7399839758872986
      }
    ]
  },
  {
    "source": "WSJ",
    "title": "Lower-Income Shoppers Fuel Gains at Dollar Chains",
    "published": "2019-08-29",
    "inference_result": [
      {
        "label": "positive",
        "score": 0.9379938244819641
      }
    ]
  },
  {
    "source": "WSJ",
    "title": "Trump Defends China Stance Amid Worries About Economic Impact",
    "published": "2019-08-29",
    "inference_result": [
      {
        "label": "neutral",
        "score": 0.8133189082145691
      }
    ]
  },
  {
    "source": "WSJ",
    "title": "Nickel Prices Soar as Indonesia Brings Forward Export Ban",
    "published": "2019-08-29",
    "inference_result": [
      {
        "label": "positive",
        "score": 0.9436826109886169
      }
    ]
  },
  {
    "source": "WSJ",
    "title": "The Daily Shot: Americans Can Tap $6.3 Trillion of Homeowners\u2019 Equity, a Record",
    "published": "2019-08-29",
    "inference_result": [
      {
        "label": "neutral",
        "score": 0.9467915296554565
      }
    ]
  },
  {
    "source": "WSJ",
    "title": "The Daily Shot: Americans Can Tap $6.3 Trillion of Homeowners\u2019 Equity, a Record",
    "published": "2019-08-29",
    "inference_result": [
      {
        "label": "neutral",
        "score": 0.9467915296554565
      }
    ]
  },
  {
    "source": "WSJ",
    "title": "U.S. Stocks Climb on Hopes for Trade Talks",
    "published": "2019-08-29",
    "inference_result": [
      {
        "label": "positive",
        "score": 0.7688044309616089
      }
    ]
  },
  {
    "source": "WSJ",
    "title": "China Studying Tech Companies\u2019 Exposure to U.S. Suppliers",
    "published": "2019-08-29",
    "inference_result": [
      {
        "label": "neutral",
        "score": 0.8274828195571899
      }
    ]
  },
  {
    "source": "WSJ",
    "title": "U.S. Second-Quarter Growth Slowed, Corporate Profits Rose",
    "published": "2019-08-29",
    "inference_result": [
      {
        "label": "positive",
        "score": 0.9411106705665588
      }
    ]
  },
  {
    "source": "WSJ",
    "title": "Tax Returns Show Extent of Billionaire Candidate Tom Steyer\u2019s Wealth",
    "published": "2019-08-29",
    "inference_result": [
      {
        "label": "neutral",
        "score": 0.6812406778335571
      }
    ]
  },
  {
    "source": "WSJ",
    "title": "Beijing Says China, U.S. Still in Touch on Trade Dispute, September Talks",
    "published": "2019-08-29",
    "inference_result": [
      {
        "label": "positive",
        "score": 0.7399839758872986
      }
    ]
  },
  {
    "source": "WSJ",
    "title": "Dell Reports Record Revenue in PC Division",
    "published": "2019-08-29",
    "inference_result": [
      {
        "label": "positive",
        "score": 0.9566769003868103
      }
    ]
  },
  {
    "source": "WSJ",
    "title": "Few Sectors Have Escaped August\u2019s Stock-Market Selloff",
    "published": "2019-08-29",
    "inference_result": [
      {
        "label": "neutral",
        "score": 0.8385228514671326
      }
    ]
  },
  {
    "source": "WSJ",
    "title": "Dell Reports Record Revenue in PC Division",
    "published": "2019-08-29",
    "inference_result": [
      {
        "label": "positive",
        "score": 0.9566769003868103
      }
    ]
  },
  {
    "source": "WSJ",
    "title": "Newsletter: Tourism Exports, Trade Talks and the China Backlash",
    "published": "2019-08-29",
    "inference_result": [
      {
        "label": "neutral",
        "score": 0.941470742225647
      }
    ]
  }
]