[
  {
    "source": "WSJ",
    "title": "A Tariff Issue on Which Free and Fair Traders Can Agree",
    "published": "2019-05-28",
    "inference_result": [
      {
        "label": "negative",
        "score": 0.6084985136985779
      }
    ]
  },
  {
    "source": "WSJ",
    "title": "A Tariff Issue on Which Free and Fair Traders Can Agree",
    "published": "2019-05-28",
    "inference_result": [
      {
        "label": "negative",
        "score": 0.6084985136985779
      }
    ]
  },
  {
    "source": "WSJ",
    "title": "A Tariff Issue on Which Free and Fair Traders Can Agree",
    "published": "2019-05-28",
    "inference_result": [
      {
        "label": "negative",
        "score": 0.6084985136985779
      }
    ]
  },
  {
    "source": "WSJ",
    "title": "Prepare for a Summer Showdown Between Trump and Tokyo",
    "published": "2019-05-28",
    "inference_result": [
      {
        "label": "positive",
        "score": 0.7394282817840576
      }
    ]
  },
  {
    "source": "WSJ",
    "title": "Trade Tension Deals Tractor Makers a Fresh Blow",
    "published": "2019-05-28",
    "inference_result": [
      {
        "label": "negative",
        "score": 0.9531968832015991
      }
    ]
  },
  {
    "source": "WSJ",
    "title": "The Daily Shot: Americans Without a College Degree Boost Spending in 2019",
    "published": "2019-05-28",
    "inference_result": [
      {
        "label": "neutral",
        "score": 0.9467915296554565
      }
    ]
  },
  {
    "source": "WSJ",
    "title": "Haggling Begins Over Mario Draghi\u2019s Successor; Regulators, Investors Zero In on Corporate Debt Market",
    "published": "2019-05-28",
    "inference_result": [
      {
        "label": "negative",
        "score": 0.9446062445640564
      }
    ]
  },
  {
    "source": "WSJ",
    "title": "U.S. Stocks Close Lower as Trade Tensions Simmer",
    "published": "2019-05-28",
    "inference_result": [
      {
        "label": "negative",
        "score": 0.9500502943992615
      }
    ]
  },
  {
    "source": "WSJ",
    "title": "Stocks Rise in Wake of European Elections",
    "published": "2019-05-28",
    "inference_result": [
      {
        "label": "positive",
        "score": 0.8426680564880371
      }
    ]
  },
  {
    "source": "WSJ",
    "title": "What\u2019s News: Business & Finance",
    "published": "2019-05-28",
    "inference_result": [
      {
        "label": "neutral",
        "score": 0.951514720916748
      }
    ]
  },
  {
    "source": "WSJ",
    "title": "As U.S.-China Trade War Drags On, Risk to Trump and GOP Grows",
    "published": "2019-05-28",
    "inference_result": [
      {
        "label": "negative",
        "score": 0.8980395197868347
      }
    ]
  },
  {
    "source": "WSJ",
    "title": "U.S.-China Trade Dispute Likely to Keep Bank of Canada On Hold",
    "published": "2019-05-28",
    "inference_result": [
      {
        "label": "positive",
        "score": 0.5354071855545044
      }
    ]
  },
  {
    "source": "WSJ",
    "title": "Illinois Voters to Decide Fate of Flat-Rate Tax",
    "published": "2019-05-28",
    "inference_result": [
      {
        "label": "neutral",
        "score": 0.8525823354721069
      }
    ]
  },
  {
    "source": "WSJ",
    "title": "Intelsat Names New Finance Chief as It Awaits Key Regulatory Decision",
    "published": "2019-05-28",
    "inference_result": [
      {
        "label": "negative",
        "score": 0.9628164768218994
      }
    ]
  },
  {
    "source": "WSJ",
    "title": "Prepare for a Summer Showdown Between Trump and Tokyo",
    "published": "2019-05-28",
    "inference_result": [
      {
        "label": "positive",
        "score": 0.7394282817840576
      }
    ]
  },
  {
    "source": "WSJ",
    "title": "Real Time Economics: U.S. Growth May Be Cooling",
    "published": "2019-05-28",
    "inference_result": [
      {
        "label": "neutral",
        "score": 0.941470742225647
      }
    ]
  },
  {
    "source": "WSJ",
    "title": "Consumer Confidence Rises",
    "published": "2019-05-28",
    "inference_result": [
      {
        "label": "negative",
        "score": 0.549788773059845
      }
    ]
  },
  {
    "source": "WSJ",
    "title": "Real Time Economics: U.S. Growth May Be Cooling",
    "published": "2019-05-28",
    "inference_result": [
      {
        "label": "neutral",
        "score": 0.941470742225647
      }
    ]
  }
]