[
  {
    "source": "WSJ",
    "title": "Tiananmen: The Crackdown That Defined Modern China",
    "published": "2019-06-01",
    "inference_result": [
      {
        "label": "negative",
        "score": 0.43915754556655884
      }
    ]
  },
  {
    "source": "WSJ",
    "title": "Stocks Close Lower as Trump\u2019s Mexico Tariff Threat Rattles Markets",
    "published": "2019-06-01",
    "inference_result": [
      {
        "label": "negative",
        "score": 0.9449509978294373
      }
    ]
  },
  {
    "source": "WSJ",
    "title": "Tariffs Against Mexico Would Hit Many Goods That Previously Avoided Penalties",
    "published": "2019-06-01",
    "inference_result": [
      {
        "label": "neutral",
        "score": 0.9265506863594055
      }
    ]
  },
  {
    "source": "WSJ",
    "title": "U.S. Auto, Energy Industries Among Most Exposed to Mexico Tariffs",
    "published": "2019-06-01",
    "inference_result": [
      {
        "label": "negative",
        "score": 0.5965997576713562
      }
    ]
  },
  {
    "source": "WSJ",
    "title": "Factories Stall on Strong Dollar, Trade Tensions",
    "published": "2019-06-01",
    "inference_result": [
      {
        "label": "negative",
        "score": 0.9486963152885437
      }
    ]
  },
  {
    "source": "WSJ",
    "title": "What\u2019s News: World-Wide",
    "published": "2019-06-01",
    "inference_result": [
      {
        "label": "neutral",
        "score": 0.951514720916748
      }
    ]
  },
  {
    "source": "WSJ",
    "title": "Tesla Begins Taking Orders on Its Cheaper China-Built Model 3s",
    "published": "2019-06-01",
    "inference_result": [
      {
        "label": "negative",
        "score": 0.7116454243659973
      }
    ]
  },
  {
    "source": "WSJ",
    "title": "FedEx Caught in U.S.-China Tensions",
    "published": "2019-06-01",
    "inference_result": [
      {
        "label": "negative",
        "score": 0.9148439764976501
      }
    ]
  },
  {
    "source": "WSJ",
    "title": "Tariffs on Mexican Imports Would Hit More Than Avocados in Grocery Stores",
    "published": "2019-06-01",
    "inference_result": [
      {
        "label": "negative",
        "score": 0.9109973311424255
      }
    ]
  },
  {
    "source": "WSJ",
    "title": "Tariffs Against Mexico Would Hit Many Goods That Previously Avoided Penalties",
    "published": "2019-06-01",
    "inference_result": [
      {
        "label": "neutral",
        "score": 0.9265506863594055
      }
    ]
  },
  {
    "source": "WSJ",
    "title": "Factories Stall on Strong Dollar, Trade Tensions",
    "published": "2019-06-01",
    "inference_result": [
      {
        "label": "negative",
        "score": 0.9486963152885437
      }
    ]
  },
  {
    "source": "WSJ",
    "title": "Trump to Award Economist Arthur Laffer the Presidential Medal of Freedom",
    "published": "2019-06-01",
    "inference_result": [
      {
        "label": "neutral",
        "score": 0.8563253879547119
      }
    ]
  },
  {
    "source": "WSJ",
    "title": "U.S. Auto, Energy Industries Among Most Exposed to Mexico Tariffs",
    "published": "2019-06-01",
    "inference_result": [
      {
        "label": "negative",
        "score": 0.5965997576713562
      }
    ]
  },
  {
    "source": "WSJ",
    "title": "Tariff Man Unchained",
    "published": "2019-06-01",
    "inference_result": [
      {
        "label": "negative",
        "score": 0.628058135509491
      }
    ]
  }
]