[
  {
    "source": "WSJ",
    "title": "Latest Round in Trade War Set to Hit U.S. Vehicles, Agriculture",
    "published": "2019-08-22",
    "inference_result": [
      {
        "label": "positive",
        "score": 0.9187363982200623
      }
    ]
  },
  {
    "source": "WSJ",
    "title": "Stumbling Global Economies Fan Recession Fears",
    "published": "2019-08-22",
    "inference_result": [
      {
        "label": "negative",
        "score": 0.9350311756134033
      }
    ]
  },
  {
    "source": "WSJ",
    "title": "Stumbling Global Economies Fan Recession Fears",
    "published": "2019-08-22",
    "inference_result": [
      {
        "label": "negative",
        "score": 0.9350311756134033
      }
    ]
  },
  {
    "source": "WSJ",
    "title": "Newsletter: The U.S. Economy Looks Fine. What Happens if that Changes?",
    "published": "2019-08-22",
    "inference_result": [
      {
        "label": "neutral",
        "score": 0.941470742225647
      }
    ]
  },
  {
    "source": "WSJ",
    "title": "Newsletter: The U.S. Economy Looks Fine. What Happens if that Changes?",
    "published": "2019-08-22",
    "inference_result": [
      {
        "label": "neutral",
        "score": 0.941470742225647
      }
    ]
  },
  {
    "source": "WSJ",
    "title": "Bank of New York Mellon Loses Key ETF Customer to State Street",
    "published": "2019-08-22",
    "inference_result": [
      {
        "label": "negative",
        "score": 0.8171052932739258
      }
    ]
  },
  {
    "source": "WSJ",
    "title": "Beloved Pizza Joint Di Fara Re-Opens After Brief Closure Over Tax Debt",
    "published": "2019-08-22",
    "inference_result": [
      {
        "label": "positive",
        "score": 0.8432232737541199
      }
    ]
  },
  {
    "source": "WSJ",
    "title": "India Should Quit Harassing the \u2018Super-Rich\u2019",
    "published": "2019-08-22",
    "inference_result": [
      {
        "label": "negative",
        "score": 0.5627056956291199
      }
    ]
  },
  {
    "source": "WSJ",
    "title": "Powell Faces Challenge Defining Doctrine Around When to Cut Rates",
    "published": "2019-08-22",
    "inference_result": [
      {
        "label": "neutral",
        "score": 0.8618575930595398
      }
    ]
  },
  {
    "source": "WSJ",
    "title": "Powell Faces Challenge Defining Doctrine Around When to Cut Rates",
    "published": "2019-08-22",
    "inference_result": [
      {
        "label": "neutral",
        "score": 0.8618575930595398
      }
    ]
  }
]