[
  {
    "source": "WSJ",
    "title": "Silicon Valley Donors Continue to Elude Trump",
    "published": "2019-09-17",
    "inference_result": [
      {
        "label": "neutral",
        "score": 0.9099597930908203
      }
    ]
  },
  {
    "source": "WSJ",
    "title": "The Daily Shot: Jet Fuel Prices Soar; Will Airfare Costs Follow?",
    "published": "2019-09-17",
    "inference_result": [
      {
        "label": "neutral",
        "score": 0.9467915296554565
      }
    ]
  },
  {
    "source": "WSJ",
    "title": "Fed Meets Amid Clouded Outlook; Trump Keeps Up Fed Pressure; Yuan Languishes in Currency Rankings",
    "published": "2019-09-17",
    "inference_result": [
      {
        "label": "negative",
        "score": 0.6086722016334534
      }
    ]
  },
  {
    "source": "WSJ",
    "title": "GM Strikes Don\u2019t Pack Same Economic Punch They Did in the \u201990s",
    "published": "2019-09-17",
    "inference_result": [
      {
        "label": "negative",
        "score": 0.972035825252533
      }
    ]
  },
  {
    "source": "WSJ",
    "title": "U.S. Stocks Inch Higher as Oil Prices Slump",
    "published": "2019-09-17",
    "inference_result": [
      {
        "label": "negative",
        "score": 0.9351937174797058
      }
    ]
  },
  {
    "source": "WSJ",
    "title": "Fed Meets Amid Clouded Outlook; Trump Keeps Up Fed Pressure; Yuan Languishes in Currency Rankings",
    "published": "2019-09-17",
    "inference_result": [
      {
        "label": "negative",
        "score": 0.6086722016334534
      }
    ]
  },
  {
    "source": "WSJ",
    "title": "E-Commerce Made Warehouses Hot. Trade War Could Cool Them Down.",
    "published": "2019-09-17",
    "inference_result": [
      {
        "label": "negative",
        "score": 0.9645159244537354
      }
    ]
  },
  {
    "source": "WSJ",
    "title": "Trump Says China Is Buying U.S. Farm Products",
    "published": "2019-09-17",
    "inference_result": [
      {
        "label": "positive",
        "score": 0.8987779021263123
      }
    ]
  },
  {
    "source": "WSJ",
    "title": "Trump Says China Is Buying U.S. Farm Products",
    "published": "2019-09-17",
    "inference_result": [
      {
        "label": "positive",
        "score": 0.8987779021263123
      }
    ]
  },
  {
    "source": "WSJ",
    "title": "What\u2019s News: Business & Finance",
    "published": "2019-09-17",
    "inference_result": [
      {
        "label": "neutral",
        "score": 0.951514720916748
      }
    ]
  },
  {
    "source": "WSJ",
    "title": "Newsletter: Oil\u2019s Historic Rally, the Fed\u2019s Next Move and GM\u2019s Pending Losses",
    "published": "2019-09-17",
    "inference_result": [
      {
        "label": "neutral",
        "score": 0.941470742225647
      }
    ]
  }
]