[
  {
    "source": "WSJ",
    "title": "Newsletter: Interest-Rate Cuts, Supply Shocks and a Building Boom",
    "published": "2019-09-19",
    "inference_result": [
      {
        "label": "neutral",
        "score": 0.941470742225647
      }
    ]
  },
  {
    "source": "WSJ",
    "title": "Behind the GM-UAW Strike: Two Combatants With Something to Prove",
    "published": "2019-09-19",
    "inference_result": [
      {
        "label": "negative",
        "score": 0.9642082452774048
      }
    ]
  },
  {
    "source": "WSJ",
    "title": "Howdy Modi and Goodbye Growth",
    "published": "2019-09-19",
    "inference_result": [
      {
        "label": "neutral",
        "score": 0.8574614524841309
      }
    ]
  },
  {
    "source": "WSJ",
    "title": "Apple Can\u2019t Win Its $14 Billion European Tax Battle",
    "published": "2019-09-19",
    "inference_result": [
      {
        "label": "neutral",
        "score": 0.5497424602508545
      }
    ]
  },
  {
    "source": "WSJ",
    "title": "Howdy Modi and Goodbye Growth",
    "published": "2019-09-19",
    "inference_result": [
      {
        "label": "neutral",
        "score": 0.8574614524841309
      }
    ]
  },
  {
    "source": "WSJ",
    "title": "U.S.-Mexico Tomato Deal Could Force Retailers, Importers to Play Ketchup",
    "published": "2019-09-19",
    "inference_result": [
      {
        "label": "neutral",
        "score": 0.9279413223266602
      }
    ]
  },
  {
    "source": "WSJ",
    "title": "Cory Booker\u2019s Tax Plan Draws Contrast With Trump Overhaul",
    "published": "2019-09-19",
    "inference_result": [
      {
        "label": "neutral",
        "score": 0.9454066157341003
      }
    ]
  },
  {
    "source": "WSJ",
    "title": "To Keep Exports Flowing, Saudi Arabia Looks to Import Oil",
    "published": "2019-09-19",
    "inference_result": [
      {
        "label": "neutral",
        "score": 0.5378249883651733
      }
    ]
  },
  {
    "source": "WSJ",
    "title": "World Economy to Grow at Lowest Rate Since Financial Crisis: OECD",
    "published": "2019-09-19",
    "inference_result": [
      {
        "label": "negative",
        "score": 0.9632545113563538
      }
    ]
  }
]