[
  {
    "source": "WSJ",
    "title": "Apparel Companies Fear Tariffs Could Squash Profits",
    "published": "2019-08-20",
    "inference_result": [
      {
        "label": "neutral",
        "score": 0.9446220993995667
      }
    ]
  },
  {
    "source": "WSJ",
    "title": "Home Depot Cuts Sales Forecast",
    "published": "2019-08-20",
    "inference_result": [
      {
        "label": "negative",
        "score": 0.9612882733345032
      }
    ]
  },
  {
    "source": "WSJ",
    "title": "Cut the Trump Uncertainty Tax",
    "published": "2019-08-20",
    "inference_result": [
      {
        "label": "negative",
        "score": 0.7153603434562683
      }
    ]
  },
  {
    "source": "WSJ",
    "title": "The Daily Shot: Hong Kong\u2019s Economy Is in Trouble",
    "published": "2019-08-20",
    "inference_result": [
      {
        "label": "neutral",
        "score": 0.9467915296554565
      }
    ]
  },
  {
    "source": "WSJ",
    "title": "CEOs for President Warren",
    "published": "2019-08-20",
    "inference_result": [
      {
        "label": "neutral",
        "score": 0.8822919726371765
      }
    ]
  },
  {
    "source": "WSJ",
    "title": "Recession Fears Are Overblown",
    "published": "2019-08-20",
    "inference_result": [
      {
        "label": "negative",
        "score": 0.9229156970977783
      }
    ]
  },
  {
    "source": "WSJ",
    "title": "U.S. Stocks Waver Amid Uncertainty on Rates, Trade Talks",
    "published": "2019-08-20",
    "inference_result": [
      {
        "label": "negative",
        "score": 0.9631183743476868
      }
    ]
  },
  {
    "source": "WSJ",
    "title": "Recession Fears Take a Rest at Home Depot",
    "published": "2019-08-20",
    "inference_result": [
      {
        "label": "negative",
        "score": 0.9262663722038269
      }
    ]
  },
  {
    "source": "WSJ",
    "title": "Don\u2019t Bet on Trump Rescuing the Stock Market",
    "published": "2019-08-20",
    "inference_result": [
      {
        "label": "neutral",
        "score": 0.7064219117164612
      }
    ]
  },
  {
    "source": "WSJ",
    "title": "Newsletter: Trump Calls for Big Rate Cut, Economists Expect a Recession\u2026Eventually",
    "published": "2019-08-20",
    "inference_result": [
      {
        "label": "negative",
        "score": 0.9638625979423523
      }
    ]
  },
  {
    "source": "WSJ",
    "title": "Newsletter: Trump Calls for Big Rate Cut, Economists Expect a Recession\u2026Eventually",
    "published": "2019-08-20",
    "inference_result": [
      {
        "label": "neutral",
        "score": 0.941470742225647
      }
    ]
  },
  {
    "source": "WSJ",
    "title": "Department-Store Woes Catch Up to Kohl\u2019s",
    "published": "2019-08-20",
    "inference_result": [
      {
        "label": "negative",
        "score": 0.9517252445220947
      }
    ]
  },
  {
    "source": "WSJ",
    "title": "Volatility for Retailers Isn\u2019t Over, Options Indicate",
    "published": "2019-08-20",
    "inference_result": [
      {
        "label": "positive",
        "score": 0.5596387386322021
      }
    ]
  },
  {
    "source": "WSJ",
    "title": "Trump Weighs Options to Spur the Economy",
    "published": "2019-08-20",
    "inference_result": [
      {
        "label": "neutral",
        "score": 0.9209567308425903
      }
    ]
  },
  {
    "source": "WSJ",
    "title": "The Next Trump Tax Cut?",
    "published": "2019-08-20",
    "inference_result": [
      {
        "label": "neutral",
        "score": 0.7736741900444031
      }
    ]
  },
  {
    "source": "WSJ",
    "title": "Don\u2019t Expect a Meaningful Fiscal Push From Germany",
    "published": "2019-08-20",
    "inference_result": [
      {
        "label": "positive",
        "score": 0.8062527775764465
      }
    ]
  },
  {
    "source": "WSJ",
    "title": "Recession Fears Are Overblown",
    "published": "2019-08-20",
    "inference_result": [
      {
        "label": "negative",
        "score": 0.9229156970977783
      }
    ]
  },
  {
    "source": "WSJ",
    "title": "Stocks to Watch: Home Depot, Facebook, Alphabet, Baidu, Fabrinet and More",
    "published": "2019-08-20",
    "inference_result": [
      {
        "label": "positive",
        "score": 0.9567829370498657
      }
    ]
  }
]