[
  {
    "source": "WSJ",
    "title": "Outlook for Second-Quarter Growth Firms as Americans Shop, Factories Perk Up",
    "published": "2019-07-17",
    "inference_result": [
      {
        "label": "positive",
        "score": 0.940342366695404
      }
    ]
  },
  {
    "source": "WSJ",
    "title": "For U.S. and France, a Tax Fight Over Tech Giants Remains a Sore Point",
    "published": "2019-07-17",
    "inference_result": [
      {
        "label": "positive",
        "score": 0.9524543285369873
      }
    ]
  },
  {
    "source": "WSJ",
    "title": "Consumer Lending Powers Big-Bank Earnings, Upstaging Wall Street",
    "published": "2019-07-17",
    "inference_result": [
      {
        "label": "positive",
        "score": 0.9425610899925232
      }
    ]
  },
  {
    "source": "WSJ",
    "title": "One Time at Commie Camp...",
    "published": "2019-07-17",
    "inference_result": [
      {
        "label": "negative",
        "score": 0.5111721158027649
      }
    ]
  },
  {
    "source": "WSJ",
    "title": "Lighthizer Charms Congress, but Struggles to Sell USMCA",
    "published": "2019-07-17",
    "inference_result": [
      {
        "label": "positive",
        "score": 0.841377854347229
      }
    ]
  },
  {
    "source": "WSJ",
    "title": "Fed\u2019s Beige Book Reports Modest Growth, Trade Worries",
    "published": "2019-07-17",
    "inference_result": [
      {
        "label": "neutral",
        "score": 0.6576493382453918
      }
    ]
  },
  {
    "source": "WSJ",
    "title": "France Starts a Digital Tax War",
    "published": "2019-07-17",
    "inference_result": [
      {
        "label": "neutral",
        "score": 0.8046240210533142
      }
    ]
  },
  {
    "source": "WSJ",
    "title": "France Hopes to Hammer Out Deal With U.S. on Taxing Big Tech",
    "published": "2019-07-17",
    "inference_result": [
      {
        "label": "positive",
        "score": 0.5519946813583374
      }
    ]
  },
  {
    "source": "WSJ",
    "title": "San Francisco Delays \u2018IPO Tax\u2019 Measure",
    "published": "2019-07-17",
    "inference_result": [
      {
        "label": "neutral",
        "score": 0.7919467687606812
      }
    ]
  },
  {
    "source": "WSJ",
    "title": "France Starts a Digital Tax War",
    "published": "2019-07-17",
    "inference_result": [
      {
        "label": "neutral",
        "score": 0.8046240210533142
      }
    ]
  },
  {
    "source": "WSJ",
    "title": "Powell: Fed Must Pay Attention to Global Developments; Kaplan Discusses Bond-Market Signals",
    "published": "2019-07-17",
    "inference_result": [
      {
        "label": "negative",
        "score": 0.6803508996963501
      }
    ]
  },
  {
    "source": "WSJ",
    "title": "For U.S. and France, a Tax Fight Over Tech Giants Remains a Sore Point",
    "published": "2019-07-17",
    "inference_result": [
      {
        "label": "positive",
        "score": 0.9524543285369873
      }
    ]
  },
  {
    "source": "WSJ",
    "title": "Bipartisan House Coalition Votes to Repeal Health Law\u2019s Cadillac Tax",
    "published": "2019-07-17",
    "inference_result": [
      {
        "label": "neutral",
        "score": 0.8183794021606445
      }
    ]
  },
  {
    "source": "WSJ",
    "title": "Three States Sue Trump Administration Over Federal Tax Changes",
    "published": "2019-07-17",
    "inference_result": [
      {
        "label": "negative",
        "score": 0.9465996623039246
      }
    ]
  },
  {
    "source": "WSJ",
    "title": "Omnicom Defends Its Data Strategy After Rivals Make Big Deals",
    "published": "2019-07-17",
    "inference_result": [
      {
        "label": "negative",
        "score": 0.9413020610809326
      }
    ]
  }
]