[
  {
    "source": "WSJ",
    "title": "Trump Is Losing the Trade War With China",
    "published": "2019-08-19",
    "inference_result": [
      {
        "label": "neutral",
        "score": 0.7709771990776062
      }
    ]
  },
  {
    "source": "WSJ",
    "title": "Beauty Stocks Look Pretty After Upbeat Est\u00e9e Lauder Earnings",
    "published": "2019-08-19",
    "inference_result": [
      {
        "label": "positive",
        "score": 0.7506802082061768
      }
    ]
  },
  {
    "source": "WSJ",
    "title": "Trump Calls for a Big Fed Rate Cut, Again Criticizes Central Bank Chairman",
    "published": "2019-08-19",
    "inference_result": [
      {
        "label": "positive",
        "score": 0.8393258452415466
      }
    ]
  },
  {
    "source": "WSJ",
    "title": "Investors Rush Into Havens as Growth Fears Persist",
    "published": "2019-08-19",
    "inference_result": [
      {
        "label": "negative",
        "score": 0.5066966414451599
      }
    ]
  },
  {
    "source": "WSJ",
    "title": "An Economic Warning Sign: RV Shipments Are Slipping",
    "published": "2019-08-19",
    "inference_result": [
      {
        "label": "negative",
        "score": 0.9731883406639099
      }
    ]
  },
  {
    "source": "WSJ",
    "title": "States Wanting Investment Must Be Fair to Business",
    "published": "2019-08-19",
    "inference_result": [
      {
        "label": "positive",
        "score": 0.8912474513053894
      }
    ]
  },
  {
    "source": "WSJ",
    "title": "Congress Must Resolve the Internet Sales-Tax Fiasco",
    "published": "2019-08-19",
    "inference_result": [
      {
        "label": "neutral",
        "score": 0.9174975156784058
      }
    ]
  },
  {
    "source": "WSJ",
    "title": "Australian Steelmaker BlueScope Plans U.S. Expansion",
    "published": "2019-08-19",
    "inference_result": [
      {
        "label": "positive",
        "score": 0.9415236711502075
      }
    ]
  },
  {
    "source": "WSJ",
    "title": "Powell Caught Between Economy and Trump; China Reforms Rates for Businesses; Volcker Rule Update",
    "published": "2019-08-19",
    "inference_result": [
      {
        "label": "neutral",
        "score": 0.7447253465652466
      }
    ]
  },
  {
    "source": "WSJ",
    "title": "Newsletter: The RV Industry Signals a Recession Around the Bend",
    "published": "2019-08-19",
    "inference_result": [
      {
        "label": "neutral",
        "score": 0.8887705206871033
      }
    ]
  }
]