[
  {
    "source": "WSJ",
    "title": "New China Tariffs Move Closer With Public Hearings This Week",
    "published": "2019-06-16",
    "inference_result": [
      {
        "label": "neutral",
        "score": 0.545662522315979
      }
    ]
  },
  {
    "source": "WSJ",
    "title": "Wilbur Ross Tempers Expectations of U.S.-China Trade Deal at G-20",
    "published": "2019-06-16",
    "inference_result": [
      {
        "label": "positive",
        "score": 0.8595099449157715
      }
    ]
  },
  {
    "source": "WSJ",
    "title": "About Trump\u2019s Migrant Problem",
    "published": "2019-06-16",
    "inference_result": [
      {
        "label": "neutral",
        "score": 0.9155396223068237
      }
    ]
  },
  {
    "source": "WSJ",
    "title": "New China Tariffs Move Closer With Public Hearings This Week",
    "published": "2019-06-16",
    "inference_result": [
      {
        "label": "neutral",
        "score": 0.545662522315979
      }
    ]
  },
  {
    "source": "WSJ",
    "title": "The Case for Giving Money Away Now",
    "published": "2019-06-16",
    "inference_result": [
      {
        "label": "neutral",
        "score": 0.833402156829834
      }
    ]
  },
  {
    "source": "WSJ",
    "title": "Markets Send Mixed Signals on Trade Battle",
    "published": "2019-06-16",
    "inference_result": [
      {
        "label": "neutral",
        "score": 0.4616324305534363
      }
    ]
  }
]