[
  {
    "source": "WSJ",
    "title": "Copper an Outlier as Most Markets Rebound on Trade",
    "published": "2019-07-07",
    "inference_result": [
      {
        "label": "neutral",
        "score": 0.49927228689193726
      }
    ]
  },
  {
    "source": "WSJ",
    "title": "To Encourage New Housing, Tax It",
    "published": "2019-07-07",
    "inference_result": [
      {
        "label": "negative",
        "score": 0.9218790531158447
      }
    ]
  },
  {
    "source": "WSJ",
    "title": "The Key to the Long Expansion? Logistics",
    "published": "2019-07-07",
    "inference_result": [
      {
        "label": "positive",
        "score": 0.8458919525146484
      }
    ]
  }
]