[
  {
    "source": "WSJ",
    "title": "Trump Administration Goes Ahead With New Tariffs on Chinese Products",
    "published": "2019-09-01",
    "inference_result": [
      {
        "label": "negative",
        "score": 0.880988359451294
      }
    ]
  },
  {
    "source": "WSJ",
    "title": "Trump Administration Goes Ahead With New Tariffs on Chinese Products",
    "published": "2019-09-01",
    "inference_result": [
      {
        "label": "negative",
        "score": 0.880988359451294
      }
    ]
  },
  {
    "source": "WSJ",
    "title": "Trump Administration Goes Ahead With New Tariffs on Chinese Products",
    "published": "2019-09-01",
    "inference_result": [
      {
        "label": "negative",
        "score": 0.880988359451294
      }
    ]
  },
  {
    "source": "WSJ",
    "title": "After Rush to Beat New Tax, Manhattan Luxury-Apartment Sales Slump",
    "published": "2019-09-01",
    "inference_result": [
      {
        "label": "negative",
        "score": 0.9681218266487122
      }
    ]
  },
  {
    "source": "WSJ",
    "title": "Truck Makers Apply the Brakes",
    "published": "2019-09-01",
    "inference_result": [
      {
        "label": "negative",
        "score": 0.969582200050354
      }
    ]
  }
]