[
  {
    "source": "WSJ",
    "title": "China\u2019s Growth, Currency Outlooks Darken Again",
    "published": "2019-06-11",
    "inference_result": [
      {
        "label": "negative",
        "score": 0.9710003733634949
      }
    ]
  },
  {
    "source": "WSJ",
    "title": "Trump Administration\u2019s Mexico Strategy Laid Out in Draft Executive Order",
    "published": "2019-06-11",
    "inference_result": [
      {
        "label": "negative",
        "score": 0.908236026763916
      }
    ]
  },
  {
    "source": "WSJ",
    "title": "U.S. Presses Mexico on Asylum Overhaul",
    "published": "2019-06-11",
    "inference_result": [
      {
        "label": "negative",
        "score": 0.5445700883865356
      }
    ]
  },
  {
    "source": "WSJ",
    "title": "HD Supply Points to Tariffs in Lowering Outlook",
    "published": "2019-06-11",
    "inference_result": [
      {
        "label": "positive",
        "score": 0.7754183411598206
      }
    ]
  },
  {
    "source": "WSJ",
    "title": "HD Supply Points to Tariffs in Lowering Outlook",
    "published": "2019-06-11",
    "inference_result": [
      {
        "label": "positive",
        "score": 0.7754183411598206
      }
    ]
  },
  {
    "source": "WSJ",
    "title": "Corrections & Amplifications",
    "published": "2019-06-11",
    "inference_result": [
      {
        "label": "negative",
        "score": 0.8351559638977051
      }
    ]
  },
  {
    "source": "WSJ",
    "title": "President\u2019s Hectoring Adds Wrinkle to Rate Decisions; A Different Kind of Easing; China Plans New Stimulus",
    "published": "2019-06-11",
    "inference_result": [
      {
        "label": "negative",
        "score": 0.9572691321372986
      }
    ]
  },
  {
    "source": "WSJ",
    "title": "Chinese Cash That Powered Silicon Valley Is Suddenly Toxic",
    "published": "2019-06-11",
    "inference_result": [
      {
        "label": "negative",
        "score": 0.604905903339386
      }
    ]
  },
  {
    "source": "WSJ",
    "title": "In Mexico\u2019s South, Police Check Buses, Trains in Migrant Crackdown",
    "published": "2019-06-11",
    "inference_result": [
      {
        "label": "negative",
        "score": 0.9048277139663696
      }
    ]
  },
  {
    "source": "WSJ",
    "title": "Oil\u2019s Slide Lowers Fuel Prices Ahead of Summer Driving Season",
    "published": "2019-06-11",
    "inference_result": [
      {
        "label": "neutral",
        "score": 0.931722104549408
      }
    ]
  },
  {
    "source": "WSJ",
    "title": "Tech\u2019s Best Stretch Since 2011 Rejuvenates Market Rally",
    "published": "2019-06-11",
    "inference_result": [
      {
        "label": "positive",
        "score": 0.943310558795929
      }
    ]
  },
  {
    "source": "WSJ",
    "title": "U.S. Targets Efforts by China, Others to Recruit Government Scientists",
    "published": "2019-06-11",
    "inference_result": [
      {
        "label": "neutral",
        "score": 0.9006630182266235
      }
    ]
  },
  {
    "source": "WSJ",
    "title": "\u2018Not My People\u2019\u2014Trump Hectoring of Fed Chairman Complicates Rate Calls",
    "published": "2019-06-11",
    "inference_result": [
      {
        "label": "negative",
        "score": 0.8059073090553284
      }
    ]
  },
  {
    "source": "WSJ",
    "title": "Chinese Cash That Powered Silicon Valley Is Suddenly Toxic",
    "published": "2019-06-11",
    "inference_result": [
      {
        "label": "negative",
        "score": 0.604905903339386
      }
    ]
  },
  {
    "source": "WSJ",
    "title": "U.S. Producer Prices Up Slightly in May, Showing Little Inflation Pressure",
    "published": "2019-06-11",
    "inference_result": [
      {
        "label": "positive",
        "score": 0.9460048079490662
      }
    ]
  },
  {
    "source": "WSJ",
    "title": "What Investors Should Like About Global Trade Uncertainty",
    "published": "2019-06-11",
    "inference_result": [
      {
        "label": "neutral",
        "score": 0.7693190574645996
      }
    ]
  },
  {
    "source": "WSJ",
    "title": "Foxconn Says Prepared to Move Apple Production Out of China if Necessary",
    "published": "2019-06-11",
    "inference_result": [
      {
        "label": "negative",
        "score": 0.6694729328155518
      }
    ]
  },
  {
    "source": "WSJ",
    "title": "What\u2019s News: World-Wide",
    "published": "2019-06-11",
    "inference_result": [
      {
        "label": "neutral",
        "score": 0.951514720916748
      }
    ]
  },
  {
    "source": "WSJ",
    "title": "Foxconn Says Prepared to Move Apple Production Out of China if Necessary",
    "published": "2019-06-11",
    "inference_result": [
      {
        "label": "negative",
        "score": 0.6694729328155518
      }
    ]
  },
  {
    "source": "WSJ",
    "title": "Mulvaney Sees Approval of USMCA Trade Deal Likely",
    "published": "2019-06-11",
    "inference_result": [
      {
        "label": "negative",
        "score": 0.6161138415336609
      }
    ]
  },
  {
    "source": "WSJ",
    "title": "Treasury Finishes Rules Ending Blue-State Tax-Cap Workarounds",
    "published": "2019-06-11",
    "inference_result": [
      {
        "label": "negative",
        "score": 0.7693279385566711
      }
    ]
  },
  {
    "source": "WSJ",
    "title": "Student-Debt Relief for Employees",
    "published": "2019-06-11",
    "inference_result": [
      {
        "label": "positive",
        "score": 0.7225764989852905
      }
    ]
  },
  {
    "source": "WSJ",
    "title": "HD Supply Points to Tariffs in Lowering Outlook",
    "published": "2019-06-11",
    "inference_result": [
      {
        "label": "positive",
        "score": 0.7754183411598206
      }
    ]
  },
  {
    "source": "WSJ",
    "title": "Stocks to Watch: Shutterfly, Barnes & Noble, Chico\u2019s, Ascena Retail, and More",
    "published": "2019-06-11",
    "inference_result": [
      {
        "label": "neutral",
        "score": 0.9365324974060059
      }
    ]
  },
  {
    "source": "WSJ",
    "title": "Investors Shouldn\u2019t Take This Beanbag Maker\u2019s Warning Sitting Down",
    "published": "2019-06-11",
    "inference_result": [
      {
        "label": "negative",
        "score": 0.781639575958252
      }
    ]
  },
  {
    "source": "WSJ",
    "title": "EU Blocks Merger of Steelmaking Units of Tata, Thyssenkrupp",
    "published": "2019-06-11",
    "inference_result": [
      {
        "label": "negative",
        "score": 0.9177613854408264
      }
    ]
  },
  {
    "source": "WSJ",
    "title": "WSJ Wealth Adviser Briefing: Trade Dispute, Corporate Cash, Renewables Ascendant",
    "published": "2019-06-11",
    "inference_result": [
      {
        "label": "neutral",
        "score": 0.9272052049636841
      }
    ]
  }
]