[
  {
    "source": "WSJ",
    "title": "Democrats\u2019 Emerging Tax Idea: Look Beyond Income, Target Wealth",
    "published": "2019-08-27",
    "inference_result": [
      {
        "label": "neutral",
        "score": 0.913008987903595
      }
    ]
  },
  {
    "source": "WSJ",
    "title": "WSJ Wealth Adviser Briefing: Big Tech, Banking Alliance, Female Advisers",
    "published": "2019-08-27",
    "inference_result": [
      {
        "label": "neutral",
        "score": 0.9272052049636841
      }
    ]
  },
  {
    "source": "WSJ",
    "title": "Modest Rate Cut Still Expected From Fed; Trump Softens Tone on China",
    "published": "2019-08-27",
    "inference_result": [
      {
        "label": "negative",
        "score": 0.5202355980873108
      }
    ]
  },
  {
    "source": "WSJ",
    "title": "Swing-District Democrats Push for Vote on North America Trade Pact",
    "published": "2019-08-27",
    "inference_result": [
      {
        "label": "positive",
        "score": 0.8847019076347351
      }
    ]
  },
  {
    "source": "WSJ",
    "title": "North America Leads First Post-Crisis Jump in Global Insolvencies",
    "published": "2019-08-27",
    "inference_result": [
      {
        "label": "negative",
        "score": 0.9683346748352051
      }
    ]
  },
  {
    "source": "WSJ",
    "title": "Vintage Capital-backed Liberty Tax agrees to buy the Sears Outlet business",
    "published": "2019-08-27",
    "inference_result": [
      {
        "label": "positive",
        "score": 0.8667730689048767
      }
    ]
  },
  {
    "source": "WSJ",
    "title": "Democrats\u2019 Emerging Tax Idea: Look Beyond Income, Target Wealth",
    "published": "2019-08-27",
    "inference_result": [
      {
        "label": "neutral",
        "score": 0.913008987903595
      }
    ]
  },
  {
    "source": "WSJ",
    "title": "Deutsche Bank Tells Court It Has Trump-Related Tax Returns Sought by Congress",
    "published": "2019-08-27",
    "inference_result": [
      {
        "label": "negative",
        "score": 0.8670387864112854
      }
    ]
  },
  {
    "source": "WSJ",
    "title": "Trump Obsession, North of the Border",
    "published": "2019-08-27",
    "inference_result": [
      {
        "label": "neutral",
        "score": 0.5058037042617798
      }
    ]
  },
  {
    "source": "WSJ",
    "title": "U.S. Stocks Slip as Investors Wary of Trade Talks",
    "published": "2019-08-27",
    "inference_result": [
      {
        "label": "positive",
        "score": 0.5735960006713867
      }
    ]
  }
]