[
  {
    "source": "WSJ",
    "title": "The Trade-War Growth Slowdown",
    "published": "2019-07-27",
    "inference_result": [
      {
        "label": "negative",
        "score": 0.9327327013015747
      }
    ]
  },
  {
    "source": "WSJ",
    "title": "U.S., Guatemala Reach Agreement on Asylum Seekers",
    "published": "2019-07-27",
    "inference_result": [
      {
        "label": "neutral",
        "score": 0.8930984735488892
      }
    ]
  },
  {
    "source": "WSJ",
    "title": "Trump Denounces Both China and WTO",
    "published": "2019-07-27",
    "inference_result": [
      {
        "label": "neutral",
        "score": 0.7407833933830261
      }
    ]
  },
  {
    "source": "WSJ",
    "title": "U.S., Guatemala Reach Agreement on Asylum Seekers",
    "published": "2019-07-27",
    "inference_result": [
      {
        "label": "neutral",
        "score": 0.8930984735488892
      }
    ]
  },
  {
    "source": "WSJ",
    "title": "Trump Says U.S. to Take Action Against France for Tax on American Tech Companies",
    "published": "2019-07-27",
    "inference_result": [
      {
        "label": "neutral",
        "score": 0.8142884969711304
      }
    ]
  },
  {
    "source": "WSJ",
    "title": "IRS Sending Warning Letters to More Than 10,000 Cryptocurrency Holders",
    "published": "2019-07-27",
    "inference_result": [
      {
        "label": "neutral",
        "score": 0.5415550470352173
      }
    ]
  },
  {
    "source": "WSJ",
    "title": "Trump Says U.S. to Take Action Against France for Tax on American Tech Companies",
    "published": "2019-07-27",
    "inference_result": [
      {
        "label": "neutral",
        "score": 0.8142884969711304
      }
    ]
  }
]