[
  {
    "source": "WSJ",
    "title": "Latest Round of Stock Volatility Adds to August Turbulence",
    "published": "2019-08-24",
    "inference_result": [
      {
        "label": "negative",
        "score": 0.9519701600074768
      }
    ]
  },
  {
    "source": "WSJ",
    "title": "G-7 Summit Off to Rocky Start as U.S. Officials Assail France",
    "published": "2019-08-24",
    "inference_result": [
      {
        "label": "negative",
        "score": 0.8139137625694275
      }
    ]
  },
  {
    "source": "WSJ",
    "title": "What\u2019s News: World-Wide",
    "published": "2019-08-24",
    "inference_result": [
      {
        "label": "neutral",
        "score": 0.951514720916748
      }
    ]
  },
  {
    "source": "WSJ",
    "title": "BOE\u2019s Carney Says Trade War Imperils Global Growth",
    "published": "2019-08-24",
    "inference_result": [
      {
        "label": "neutral",
        "score": 0.7438755035400391
      }
    ]
  },
  {
    "source": "WSJ",
    "title": "Emerging and Growth Markets, August 24th 2019",
    "published": "2019-08-24",
    "inference_result": [
      {
        "label": "neutral",
        "score": 0.9482019543647766
      }
    ]
  }
]