[
  {
    "source": "WSJ",
    "title": "Sagging Trade Flows Spark Alarm Before G-20 Meeting",
    "published": "2019-06-25",
    "inference_result": [
      {
        "label": "positive",
        "score": 0.9094504117965698
      }
    ]
  },
  {
    "source": "WSJ",
    "title": "Real Time Economics: Are U.S. Factories in Trouble?",
    "published": "2019-06-25",
    "inference_result": [
      {
        "label": "neutral",
        "score": 0.941470742225647
      }
    ]
  },
  {
    "source": "WSJ",
    "title": "WSJ Wealth Adviser Briefing: Glum Investors, Bond-Yield Plunge, Tech Smart Homes",
    "published": "2019-06-25",
    "inference_result": [
      {
        "label": "neutral",
        "score": 0.9272052049636841
      }
    ]
  },
  {
    "source": "WSJ",
    "title": "EU Expands Its Stack of Trade Deals",
    "published": "2019-06-25",
    "inference_result": [
      {
        "label": "positive",
        "score": 0.7364506125450134
      }
    ]
  },
  {
    "source": "WSJ",
    "title": "Consumer Confidence Slid in June on Trade Tensions",
    "published": "2019-06-25",
    "inference_result": [
      {
        "label": "negative",
        "score": 0.9720397591590881
      }
    ]
  },
  {
    "source": "WSJ",
    "title": "New Jersey Task Force Subpoenas Firms That Got Tax Credits",
    "published": "2019-06-25",
    "inference_result": [
      {
        "label": "neutral",
        "score": 0.8917933702468872
      }
    ]
  },
  {
    "source": "WSJ",
    "title": "Tax Reform\u2019s Remedy for Outsourcing",
    "published": "2019-06-25",
    "inference_result": [
      {
        "label": "neutral",
        "score": 0.9388942718505859
      }
    ]
  },
  {
    "source": "WSJ",
    "title": "Democrats and Affluent Suburbs Join to Fight Tax-Break Cap",
    "published": "2019-06-25",
    "inference_result": [
      {
        "label": "neutral",
        "score": 0.5733470320701599
      }
    ]
  },
  {
    "source": "WSJ",
    "title": "Companies Win\u2014Somewhat\u2014as Treasury Trims Reach of Minimum Tax",
    "published": "2019-06-25",
    "inference_result": [
      {
        "label": "positive",
        "score": 0.6726990342140198
      }
    ]
  },
  {
    "source": "WSJ",
    "title": "Tired of Fighting for Business, Missouri and Kansas Near Cease-Fire Over Incentives",
    "published": "2019-06-25",
    "inference_result": [
      {
        "label": "neutral",
        "score": 0.7479903101921082
      }
    ]
  },
  {
    "source": "WSJ",
    "title": "Stocks to Watch: AbbVie, Allergan, FedEx, Tesla, FactSet Research Systems, Kellogg, Lennar",
    "published": "2019-06-25",
    "inference_result": [
      {
        "label": "neutral",
        "score": 0.7980237007141113
      }
    ]
  }
]