[
  {
    "source": "WSJ",
    "title": "Real Time Economics: Slower U.S. Growth, Central Bank Stimulus for Europe and a Hard Brexit on the Horizon",
    "published": "2019-07-24",
    "inference_result": [
      {
        "label": "neutral",
        "score": 0.941470742225647
      }
    ]
  },
  {
    "source": "WSJ",
    "title": "China Sales, Higher Costs Weigh on Caterpillar",
    "published": "2019-07-24",
    "inference_result": [
      {
        "label": "negative",
        "score": 0.9741093516349792
      }
    ]
  },
  {
    "source": "WSJ",
    "title": "Fedspeak Cheat Sheet; Promise of Rate Cuts Lifts Range of Assets; IMF Cuts Global GDP Forecast for 2019",
    "published": "2019-07-24",
    "inference_result": [
      {
        "label": "negative",
        "score": 0.4912545680999756
      }
    ]
  },
  {
    "source": "WSJ",
    "title": "Chip Makers Help Lift U.S. Stocks",
    "published": "2019-07-24",
    "inference_result": [
      {
        "label": "negative",
        "score": 0.9689323902130127
      }
    ]
  },
  {
    "source": "WSJ",
    "title": "Ford Results Disappoint, but Company Stands by Outlook for Improved Profits",
    "published": "2019-07-24",
    "inference_result": [
      {
        "label": "positive",
        "score": 0.9486901760101318
      }
    ]
  },
  {
    "source": "WSJ",
    "title": "A No-Deal Brexit, Just in Time for Christmas, Has U.K. Businesses Worried",
    "published": "2019-07-24",
    "inference_result": [
      {
        "label": "neutral",
        "score": 0.9415413737297058
      }
    ]
  },
  {
    "source": "WSJ",
    "title": "U.S., China Set to Resume Trade Talks in Shanghai Next Week",
    "published": "2019-07-24",
    "inference_result": [
      {
        "label": "positive",
        "score": 0.8727414011955261
      }
    ]
  },
  {
    "source": "WSJ",
    "title": "Trump Wants to Punish Guatemala Over Failed \u2018Safe Third Country\u2019 Deal",
    "published": "2019-07-24",
    "inference_result": [
      {
        "label": "negative",
        "score": 0.8402298092842102
      }
    ]
  },
  {
    "source": "WSJ",
    "title": "Improve, Don\u2019t Repeal, ObamaCare\u2019s Cadillac Tax",
    "published": "2019-07-24",
    "inference_result": [
      {
        "label": "neutral",
        "score": 0.8212199807167053
      }
    ]
  },
  {
    "source": "WSJ",
    "title": "Transport Sector Signals Problems Ahead for Industrial Stocks",
    "published": "2019-07-24",
    "inference_result": [
      {
        "label": "negative",
        "score": 0.976108729839325
      }
    ]
  },
  {
    "source": "WSJ",
    "title": "Stocks to Watch: UPS, Caterpillar, Sprint, Tupperware, Snap, Visa and Chipotle",
    "published": "2019-07-24",
    "inference_result": [
      {
        "label": "neutral",
        "score": 0.9489865303039551
      }
    ]
  },
  {
    "source": "WSJ",
    "title": "Real Time Economics: Housing Sales Slump, U.S.-China Talks Are Back On and Germany\u2019s Economy Is in Trouble",
    "published": "2019-07-24",
    "inference_result": [
      {
        "label": "neutral",
        "score": 0.941470742225647
      }
    ]
  },
  {
    "source": "WSJ",
    "title": "Trade Wars Are Sending Jobs Elsewhere",
    "published": "2019-07-24",
    "inference_result": [
      {
        "label": "negative",
        "score": 0.5878648161888123
      }
    ]
  },
  {
    "source": "WSJ",
    "title": "United Technologies Defends Raytheon Deal",
    "published": "2019-07-24",
    "inference_result": [
      {
        "label": "positive",
        "score": 0.9379588961601257
      }
    ]
  }
]