[
  {
    "source": "WSJ",
    "title": "Newsletter: Trade Rhetoric Softens, Businesses Still Look Cautious",
    "published": "2019-08-26",
    "inference_result": [
      {
        "label": "neutral",
        "score": 0.941470742225647
      }
    ]
  },
  {
    "source": "WSJ",
    "title": "Get Used to Trade-War Stalemate",
    "published": "2019-08-26",
    "inference_result": [
      {
        "label": "neutral",
        "score": 0.8627262115478516
      }
    ]
  },
  {
    "source": "WSJ",
    "title": "Leave Your Lunch at Home. This is Shanghai Disneyland.",
    "published": "2019-08-26",
    "inference_result": [
      {
        "label": "neutral",
        "score": 0.7936800718307495
      }
    ]
  },
  {
    "source": "WSJ",
    "title": "Central Bankers at Jackson Hole Worry About Trump\u2019s Tactics; Powell and Carney Give Warnings on Trade",
    "published": "2019-08-26",
    "inference_result": [
      {
        "label": "negative",
        "score": 0.9238564372062683
      }
    ]
  },
  {
    "source": "WSJ",
    "title": "Indian Sugar Glut Pushes Prices Close to Decade Lows",
    "published": "2019-08-26",
    "inference_result": [
      {
        "label": "positive",
        "score": 0.9452229738235474
      }
    ]
  },
  {
    "source": "WSJ",
    "title": "Central Bankers at Jackson Hole Worry About Trump\u2019s Tactics; Powell and Carney Give Warnings on Trade",
    "published": "2019-08-26",
    "inference_result": [
      {
        "label": "negative",
        "score": 0.9238564372062683
      }
    ]
  },
  {
    "source": "WSJ",
    "title": "U.S. Stocks Rise as Trump Says China Wants a Deal",
    "published": "2019-08-26",
    "inference_result": [
      {
        "label": "negative",
        "score": 0.6891540884971619
      }
    ]
  },
  {
    "source": "WSJ",
    "title": "Trade War Puts Ralph Lauren\u2019s Recovery at Risk",
    "published": "2019-08-26",
    "inference_result": [
      {
        "label": "negative",
        "score": 0.9689576029777527
      }
    ]
  },
  {
    "source": "WSJ",
    "title": "Trump Softens Tone on China, Iran at G-7 Summit",
    "published": "2019-08-26",
    "inference_result": [
      {
        "label": "positive",
        "score": 0.687585711479187
      }
    ]
  },
  {
    "source": "WSJ",
    "title": "Stocks to Watch: Amazon, Hasbro, Newmont Goldcorp",
    "published": "2019-08-26",
    "inference_result": [
      {
        "label": "neutral",
        "score": 0.9408655762672424
      }
    ]
  },
  {
    "source": "WSJ",
    "title": "VC Daily: 500 Startups\u2019 Demo Day; Oyo\u2019s U.S. Move; Datadog\u2019s Big Numbers Revealed; AI in Finance",
    "published": "2019-08-26",
    "inference_result": [
      {
        "label": "positive",
        "score": 0.813961386680603
      }
    ]
  },
  {
    "source": "WSJ",
    "title": "Oil Gains on Tentative U.S.\u2013China Trade Talks\u2014Energy Journal",
    "published": "2019-08-26",
    "inference_result": [
      {
        "label": "negative",
        "score": 0.7441554665565491
      }
    ]
  }
]