[
  {
    "source": "WSJ",
    "title": "\u2018It\u2019s a Crisis\u2019; Lumber Mills Slash Jobs as Trade War Cuts Deep",
    "published": "2019-09-26",
    "inference_result": [
      {
        "label": "negative",
        "score": 0.974582314491272
      }
    ]
  },
  {
    "source": "WSJ",
    "title": "Dell CFO Leads Charge to Pay Down Debt Load",
    "published": "2019-09-26",
    "inference_result": [
      {
        "label": "positive",
        "score": 0.9510879516601562
      }
    ]
  },
  {
    "source": "WSJ",
    "title": "Stocks to Watch: Rite Aid, FactSet Research Systems, Presidio, Pier 1 Imports",
    "published": "2019-09-26",
    "inference_result": [
      {
        "label": "neutral",
        "score": 0.9427027106285095
      }
    ]
  },
  {
    "source": "WSJ",
    "title": "U.S. Tax Compliance Holds Flat at 86%",
    "published": "2019-09-26",
    "inference_result": [
      {
        "label": "negative",
        "score": 0.9282997846603394
      }
    ]
  },
  {
    "source": "WSJ",
    "title": "Yes Bernie Can!*",
    "published": "2019-09-26",
    "inference_result": [
      {
        "label": "neutral",
        "score": 0.8694779872894287
      }
    ]
  },
  {
    "source": "WSJ",
    "title": "France Unveils Billions in Tax Cuts to Reset Pro-Business Plan",
    "published": "2019-09-26",
    "inference_result": [
      {
        "label": "neutral",
        "score": 0.5406616926193237
      }
    ]
  },
  {
    "source": "WSJ",
    "title": "Cargill Profit Hit by Trade Challenges, Weather",
    "published": "2019-09-26",
    "inference_result": [
      {
        "label": "negative",
        "score": 0.9685620069503784
      }
    ]
  },
  {
    "source": "WSJ",
    "title": "Fed\u2019s Evans: \u2019We\u2019re in a Good Place\u2019; Big Banks Hamper Fed Repo Efforts; ECB\u2019s Top German Quits",
    "published": "2019-09-26",
    "inference_result": [
      {
        "label": "negative",
        "score": 0.9500430226325989
      }
    ]
  },
  {
    "source": "WSJ",
    "title": "Newsletter: Factory Ups and Downs, $20K for Health Insurance, and a Slow Urban Exodus",
    "published": "2019-09-26",
    "inference_result": [
      {
        "label": "neutral",
        "score": 0.941470742225647
      }
    ]
  },
  {
    "source": "WSJ",
    "title": "How Impeachment Could Matter for Markets",
    "published": "2019-09-26",
    "inference_result": [
      {
        "label": "neutral",
        "score": 0.9180796146392822
      }
    ]
  },
  {
    "source": "WSJ",
    "title": "Trade Concerns Push U.S. Government-Bond Prices Higher",
    "published": "2019-09-26",
    "inference_result": [
      {
        "label": "negative",
        "score": 0.9570471048355103
      }
    ]
  }
]