[
  {
    "source": "WSJ",
    "title": "U.S. Stocks Rise as Huawei Ban Is Delayed",
    "published": "2019-05-22",
    "inference_result": [
      {
        "label": "positive",
        "score": 0.8869128227233887
      }
    ]
  },
  {
    "source": "WSJ",
    "title": "In a Trade Fight, Small Could Be Beautiful Again",
    "published": "2019-05-22",
    "inference_result": [
      {
        "label": "positive",
        "score": 0.9574503898620605
      }
    ]
  },
  {
    "source": "WSJ",
    "title": "Trump, Tariffs and China Spell Trouble for American Steel",
    "published": "2019-05-22",
    "inference_result": [
      {
        "label": "neutral",
        "score": 0.6700819134712219
      }
    ]
  },
  {
    "source": "WSJ",
    "title": "Big Retailers\u2019 Sales Lag as They Gird for Tariffs",
    "published": "2019-05-22",
    "inference_result": [
      {
        "label": "negative",
        "score": 0.7592660188674927
      }
    ]
  },
  {
    "source": "WSJ",
    "title": "Trump\u2019s Trouble in the Farm Belt",
    "published": "2019-05-22",
    "inference_result": [
      {
        "label": "neutral",
        "score": 0.8967587947845459
      }
    ]
  },
  {
    "source": "WSJ",
    "title": "Fed Minutes Show Comfort With Make-No-Moves Interest Rate Stance",
    "published": "2019-05-22",
    "inference_result": [
      {
        "label": "negative",
        "score": 0.9398283362388611
      }
    ]
  },
  {
    "source": "WSJ",
    "title": "Lowe\u2019s Cuts Outlook as Profit Gets Squeezed",
    "published": "2019-05-22",
    "inference_result": [
      {
        "label": "negative",
        "score": 0.9046492576599121
      }
    ]
  },
  {
    "source": "WSJ",
    "title": "The Daily Shot: South Korea\u2019s Export Weakness Signals Deterioration in Global Trade",
    "published": "2019-05-22",
    "inference_result": [
      {
        "label": "neutral",
        "score": 0.9467915296554565
      }
    ]
  },
  {
    "source": "WSJ",
    "title": "Potential Fed Pick Would Like Shake-Up; What to Watch in Fed Minutes; A Tale of Two Yield Curves",
    "published": "2019-05-22",
    "inference_result": [
      {
        "label": "neutral",
        "score": 0.8337583541870117
      }
    ]
  },
  {
    "source": "WSJ",
    "title": "Fed Minutes to Shed Light on Inflation Outlook",
    "published": "2019-05-22",
    "inference_result": [
      {
        "label": "neutral",
        "score": 0.40086838603019714
      }
    ]
  },
  {
    "source": "WSJ",
    "title": "Target Sales Boosted by Store Remodels, Digital Shift",
    "published": "2019-05-22",
    "inference_result": [
      {
        "label": "neutral",
        "score": 0.7182276844978333
      }
    ]
  },
  {
    "source": "WSJ",
    "title": "Trump Calls on Democrats to Put Trade Pact Before Infrastructure Package",
    "published": "2019-05-22",
    "inference_result": [
      {
        "label": "neutral",
        "score": 0.7970569133758545
      }
    ]
  },
  {
    "source": "WSJ",
    "title": "What\u2019s News: Business & Finance",
    "published": "2019-05-22",
    "inference_result": [
      {
        "label": "neutral",
        "score": 0.951514720916748
      }
    ]
  },
  {
    "source": "WSJ",
    "title": "Real Time Economics: Trump\u2019s Trade Coalition of the Unwilling",
    "published": "2019-05-22",
    "inference_result": [
      {
        "label": "neutral",
        "score": 0.941470742225647
      }
    ]
  },
  {
    "source": "WSJ",
    "title": "U.S. Stocks Close Lower as Chip Makers Decline",
    "published": "2019-05-22",
    "inference_result": [
      {
        "label": "neutral",
        "score": 0.61733078956604
      }
    ]
  },
  {
    "source": "WSJ",
    "title": "GE to Revisit Financial-Services Unit After Fixing Power Division",
    "published": "2019-05-22",
    "inference_result": [
      {
        "label": "positive",
        "score": 0.6815322637557983
      }
    ]
  },
  {
    "source": "WSJ",
    "title": "Oil Drops Sharply as Glut Fears Return",
    "published": "2019-05-22",
    "inference_result": [
      {
        "label": "negative",
        "score": 0.9365286827087402
      }
    ]
  },
  {
    "source": "WSJ",
    "title": "What\u2019s News: Business & Finance",
    "published": "2019-05-22",
    "inference_result": [
      {
        "label": "neutral",
        "score": 0.951514720916748
      }
    ]
  },
  {
    "source": "WSJ",
    "title": "Target\u2019s Aim Was True in Shaky Quarter for Retailers",
    "published": "2019-05-22",
    "inference_result": [
      {
        "label": "positive",
        "score": 0.9457833170890808
      }
    ]
  }
]