[
  {
    "source": "WSJ",
    "title": "U.S. Proposes More European Tariffs Pending Airbus Case",
    "published": "2019-07-01",
    "inference_result": [
      {
        "label": "neutral",
        "score": 0.8917942047119141
      }
    ]
  },
  {
    "source": "WSJ",
    "title": "Live From Vienna: OPEC+ Hammers Out Deal for Cuts\u2014Energy Journal",
    "published": "2019-07-01",
    "inference_result": [
      {
        "label": "neutral",
        "score": 0.8964539170265198
      }
    ]
  },
  {
    "source": "WSJ",
    "title": "The Trade Conflict Isn\u2019t the Only Problem for Global Markets",
    "published": "2019-07-01",
    "inference_result": [
      {
        "label": "negative",
        "score": 0.8190536499023438
      }
    ]
  },
  {
    "source": "WSJ",
    "title": "Oil Edges Higher, as OPEC and Allies Agree to Extend Cuts",
    "published": "2019-07-01",
    "inference_result": [
      {
        "label": "negative",
        "score": 0.9138105511665344
      }
    ]
  },
  {
    "source": "WSJ",
    "title": "As Stocks Hover Near Records, Growth Worries Linger",
    "published": "2019-07-01",
    "inference_result": [
      {
        "label": "neutral",
        "score": 0.9105975031852722
      }
    ]
  },
  {
    "source": "WSJ",
    "title": "Transcript: WSJ Interview With Richmond Fed President Tom Barkin",
    "published": "2019-07-01",
    "inference_result": [
      {
        "label": "neutral",
        "score": 0.9404656887054443
      }
    ]
  },
  {
    "source": "WSJ",
    "title": "The Daily Shot: China\u2019s Factory Activity Contracted in June",
    "published": "2019-07-01",
    "inference_result": [
      {
        "label": "neutral",
        "score": 0.9467915296554565
      }
    ]
  },
  {
    "source": "WSJ",
    "title": "Analysis: Fed Officials Will Find Little to Boost Outlook From Trade Truce",
    "published": "2019-07-01",
    "inference_result": [
      {
        "label": "negative",
        "score": 0.9088088870048523
      }
    ]
  },
  {
    "source": "WSJ",
    "title": "The Trump Doctrine",
    "published": "2019-07-01",
    "inference_result": [
      {
        "label": "neutral",
        "score": 0.9244390726089478
      }
    ]
  },
  {
    "source": "WSJ",
    "title": "U.S. Manufacturing Slips in June",
    "published": "2019-07-01",
    "inference_result": [
      {
        "label": "positive",
        "score": 0.8804144263267517
      }
    ]
  },
  {
    "source": "WSJ",
    "title": "U.S.-China Trade Talks Are Back On but Obstacles Remain",
    "published": "2019-07-01",
    "inference_result": [
      {
        "label": "positive",
        "score": 0.7449467182159424
      }
    ]
  },
  {
    "source": "WSJ",
    "title": "Manhattan Buyers Rush to Beat New Mansion Tax",
    "published": "2019-07-01",
    "inference_result": [
      {
        "label": "negative",
        "score": 0.9375770688056946
      }
    ]
  },
  {
    "source": "WSJ",
    "title": "Pakistan Offers Sharp Shifts to Win IMF Bailout",
    "published": "2019-07-01",
    "inference_result": [
      {
        "label": "neutral",
        "score": 0.6959782242774963
      }
    ]
  },
  {
    "source": "WSJ",
    "title": "WSJ Wealth Adviser Briefing: Bank Stock Boost, Libra, Savings Rate Cuts",
    "published": "2019-07-01",
    "inference_result": [
      {
        "label": "neutral",
        "score": 0.9272052049636841
      }
    ]
  },
  {
    "source": "WSJ",
    "title": "EU, Mercosur Deal Faces Hurdles on Two Continents",
    "published": "2019-07-01",
    "inference_result": [
      {
        "label": "negative",
        "score": 0.9494875073432922
      }
    ]
  },
  {
    "source": "WSJ",
    "title": "Real Time Economics: Trump and Xi Call a Truce, China Factory Activity Contracts",
    "published": "2019-07-01",
    "inference_result": [
      {
        "label": "neutral",
        "score": 0.941470742225647
      }
    ]
  },
  {
    "source": "WSJ",
    "title": "Eurozone Economy Steady as Unemployment Falls to 11-Year Low",
    "published": "2019-07-01",
    "inference_result": [
      {
        "label": "negative",
        "score": 0.9098823070526123
      }
    ]
  },
  {
    "source": "WSJ",
    "title": "Major or Minor? Lawmakers Keep Close Eye on Huawei Concession",
    "published": "2019-07-01",
    "inference_result": [
      {
        "label": "neutral",
        "score": 0.3374997079372406
      }
    ]
  }
]