[
  {
    "source": "WSJ",
    "title": "U.S.-China Trade Talks End Without a Deal",
    "published": "2019-05-11",
    "inference_result": [
      {
        "label": "negative",
        "score": 0.6134573817253113
      }
    ]
  },
  {
    "source": "WSJ",
    "title": "Apple and the iPhone Near Trade Crosshairs Again",
    "published": "2019-05-11",
    "inference_result": [
      {
        "label": "negative",
        "score": 0.9491326212882996
      }
    ]
  },
  {
    "source": "WSJ",
    "title": "As U.S. Raises Tariffs, China Faces Nagging Debt Questions",
    "published": "2019-05-11",
    "inference_result": [
      {
        "label": "negative",
        "score": 0.7344770431518555
      }
    ]
  },
  {
    "source": "WSJ",
    "title": "China Holds Fire in Latest Trade Skirmish With U.S.",
    "published": "2019-05-11",
    "inference_result": [
      {
        "label": "negative",
        "score": 0.861533522605896
      }
    ]
  },
  {
    "source": "WSJ",
    "title": "The China Trade Impasse",
    "published": "2019-05-11",
    "inference_result": [
      {
        "label": "negative",
        "score": 0.7820877432823181
      }
    ]
  },
  {
    "source": "WSJ",
    "title": "Charter\u2019s Plan to Keep Subscribers Involves Helen Hunt, Jessica Alba",
    "published": "2019-05-11",
    "inference_result": [
      {
        "label": "neutral",
        "score": 0.5958532691001892
      }
    ]
  },
  {
    "source": "WSJ",
    "title": "San Francisco Weighs \u2018IPO Tax\u2019 to Spread Tech Wealth",
    "published": "2019-05-11",
    "inference_result": [
      {
        "label": "negative",
        "score": 0.8981369137763977
      }
    ]
  },
  {
    "source": "WSJ",
    "title": "Apple and the iPhone Near Trade Crosshairs Again",
    "published": "2019-05-11",
    "inference_result": [
      {
        "label": "negative",
        "score": 0.9491326212882996
      }
    ]
  },
  {
    "source": "WSJ",
    "title": "House Ways and Means Chairman Issues Subpoenas for Trump's Tax Returns",
    "published": "2019-05-11",
    "inference_result": [
      {
        "label": "neutral",
        "score": 0.5169995427131653
      }
    ]
  },
  {
    "source": "WSJ",
    "title": "How Higher Tariffs Affect Different Industries",
    "published": "2019-05-11",
    "inference_result": [
      {
        "label": "negative",
        "score": 0.9389021396636963
      }
    ]
  }
]