[
  {
    "source": "WSJ",
    "title": "Cumming\u2019s Take: Tariffs Rattle Private-Equity Supply Chains",
    "published": "2019-06-20",
    "inference_result": [
      {
        "label": "negative",
        "score": 0.9535521268844604
      }
    ]
  },
  {
    "source": "WSJ",
    "title": "A Split Fed Decision",
    "published": "2019-06-20",
    "inference_result": [
      {
        "label": "negative",
        "score": 0.6587153673171997
      }
    ]
  },
  {
    "source": "WSJ",
    "title": "How \u2018Stealth\u2019 Consolidation Is Undermining Competition",
    "published": "2019-06-20",
    "inference_result": [
      {
        "label": "neutral",
        "score": 0.6742908358573914
      }
    ]
  },
  {
    "source": "WSJ",
    "title": "Guatemala, U.S. Discuss Controversial Migrant Deal",
    "published": "2019-06-20",
    "inference_result": [
      {
        "label": "neutral",
        "score": 0.7921072840690613
      }
    ]
  },
  {
    "source": "WSJ",
    "title": "Mexico Ratifies Trade Pact with U.S., Canada",
    "published": "2019-06-20",
    "inference_result": [
      {
        "label": "positive",
        "score": 0.8372160792350769
      }
    ]
  },
  {
    "source": "WSJ",
    "title": "Gold Surges to Highest Price Since 2013 After Fed Hints at Rate Cut",
    "published": "2019-06-20",
    "inference_result": [
      {
        "label": "negative",
        "score": 0.9063450694084167
      }
    ]
  },
  {
    "source": "WSJ",
    "title": "New Jersey Lawmakers Reject Gov. Phil Murphy\u2019s Millionaire\u2019s Tax",
    "published": "2019-06-20",
    "inference_result": [
      {
        "label": "neutral",
        "score": 0.8458974957466125
      }
    ]
  },
  {
    "source": "WSJ",
    "title": "After Scattered Efforts, Congress Weighs Blanket Tax Breaks for Disaster Victims",
    "published": "2019-06-20",
    "inference_result": [
      {
        "label": "neutral",
        "score": 0.8989024758338928
      }
    ]
  },
  {
    "source": "WSJ",
    "title": "This Wolf Vetoes as a Wolf",
    "published": "2019-06-20",
    "inference_result": [
      {
        "label": "negative",
        "score": 0.9391536712646484
      }
    ]
  },
  {
    "source": "WSJ",
    "title": "A Split Fed Decision",
    "published": "2019-06-20",
    "inference_result": [
      {
        "label": "negative",
        "score": 0.6587153673171997
      }
    ]
  },
  {
    "source": "WSJ",
    "title": "U.S. Companies Brought Home More Profits From Overseas",
    "published": "2019-06-20",
    "inference_result": [
      {
        "label": "positive",
        "score": 0.8407208919525146
      }
    ]
  },
  {
    "source": "WSJ",
    "title": "Tax Credits Generally Fail to Achieve Goals",
    "published": "2019-06-20",
    "inference_result": [
      {
        "label": "neutral",
        "score": 0.9167817234992981
      }
    ]
  },
  {
    "source": "WSJ",
    "title": "Australia Central Bank Renews Call for Government Help to Boost Economy",
    "published": "2019-06-20",
    "inference_result": [
      {
        "label": "positive",
        "score": 0.9486634731292725
      }
    ]
  },
  {
    "source": "WSJ",
    "title": "\u2018Years and Years\u2019 Review: A Slapdash Dystopia",
    "published": "2019-06-20",
    "inference_result": [
      {
        "label": "negative",
        "score": 0.7417287230491638
      }
    ]
  },
  {
    "source": "WSJ",
    "title": "World Looms Large in Fed Rate Plans",
    "published": "2019-06-20",
    "inference_result": [
      {
        "label": "neutral",
        "score": 0.5392521619796753
      }
    ]
  },
  {
    "source": "WSJ",
    "title": "Gold Surges to Highest Price Since 2013 After Fed Hints at Rate Cut",
    "published": "2019-06-20",
    "inference_result": [
      {
        "label": "negative",
        "score": 0.9063450694084167
      }
    ]
  }
]