[
  {
    "source": "WSJ",
    "title": "Aramco Talks: Not Your Typical Earnings Call\u2014Energy Journal",
    "published": "2019-08-12",
    "inference_result": [
      {
        "label": "neutral",
        "score": 0.8728116750717163
      }
    ]
  },
  {
    "source": "WSJ",
    "title": "Fed Rate Pulls Ahead in Race to Replace Libor; Trump Casts Doubt on China Talks; Yield Curve Warning",
    "published": "2019-08-12",
    "inference_result": [
      {
        "label": "negative",
        "score": 0.5239070653915405
      }
    ]
  },
  {
    "source": "WSJ",
    "title": "10% Tariffs Were Manageable. At 25%, Businesses Are Squirming.",
    "published": "2019-08-12",
    "inference_result": [
      {
        "label": "neutral",
        "score": 0.6237378716468811
      }
    ]
  },
  {
    "source": "WSJ",
    "title": "The Daily Shot: U.S. Inventory-to-Sales Ratio Remains Elevated",
    "published": "2019-08-12",
    "inference_result": [
      {
        "label": "neutral",
        "score": 0.9467915296554565
      }
    ]
  },
  {
    "source": "WSJ",
    "title": "Pro Bankruptcy Briefing: Who Will Fund PG&E\u2019s Exit? | Neiman Bond Trustee Sues Owner | Johnson Publishing Chief Lent Company Millions Before Bankruptcy",
    "published": "2019-08-12",
    "inference_result": [
      {
        "label": "negative",
        "score": 0.6691622138023376
      }
    ]
  },
  {
    "source": "WSJ",
    "title": "Fewer Reasons for Another Fed Cut",
    "published": "2019-08-12",
    "inference_result": [
      {
        "label": "negative",
        "score": 0.8262194991111755
      }
    ]
  },
  {
    "source": "WSJ",
    "title": "Bank Stocks Are Having a Rough August",
    "published": "2019-08-12",
    "inference_result": [
      {
        "label": "neutral",
        "score": 0.8752538561820984
      }
    ]
  },
  {
    "source": "WSJ",
    "title": "Just How Important Is a Presidential Candidate\u2019s Hair?",
    "published": "2019-08-12",
    "inference_result": [
      {
        "label": "neutral",
        "score": 0.9306025505065918
      }
    ]
  },
  {
    "source": "WSJ",
    "title": "Cyber Daily: Bug Hunters Professionalize for Huge Payouts; Elizabeth Warren Focuses on Capital One; CISOs Get Big Bucks",
    "published": "2019-08-12",
    "inference_result": [
      {
        "label": "neutral",
        "score": 0.9084077477455139
      }
    ]
  },
  {
    "source": "WSJ",
    "title": "Hackers Go Pro, Seeking Bounties for Bugs",
    "published": "2019-08-12",
    "inference_result": [
      {
        "label": "neutral",
        "score": 0.8494371175765991
      }
    ]
  },
  {
    "source": "WSJ",
    "title": "Chinese Financial Institutions\u2019 Lending Dives",
    "published": "2019-08-12",
    "inference_result": [
      {
        "label": "negative",
        "score": 0.5771979093551636
      }
    ]
  },
  {
    "source": "WSJ",
    "title": "Trump\u2019s Threats to Devalue the Dollar Aren\u2019t Credible",
    "published": "2019-08-12",
    "inference_result": [
      {
        "label": "negative",
        "score": 0.8250424861907959
      }
    ]
  },
  {
    "source": "WSJ",
    "title": "U.S. Budget Gap Widens 27% in First 10 Months of Fiscal Year",
    "published": "2019-08-12",
    "inference_result": [
      {
        "label": "positive",
        "score": 0.9488469362258911
      }
    ]
  }
]