[
  {
    "source": "WSJ",
    "title": "GOP Senators Voice Concern Over Moore at Fed; Trump Calls for Rate Cut; What to Watch at Fed Meeting",
    "published": "2019-05-01",
    "inference_result": [
      {
        "label": "negative",
        "score": 0.8948872685432434
      }
    ]
  },
  {
    "source": "WSJ",
    "title": "Stock Markets in Europe Break Records for Calm and Quiet",
    "published": "2019-05-01",
    "inference_result": [
      {
        "label": "negative",
        "score": 0.9528736472129822
      }
    ]
  },
  {
    "source": "WSJ",
    "title": "What\u2019s News: World-Wide",
    "published": "2019-05-01",
    "inference_result": [
      {
        "label": "neutral",
        "score": 0.951514720916748
      }
    ]
  },
  {
    "source": "WSJ",
    "title": "Upward Move on Key Market Rate Could Bring Fed Response",
    "published": "2019-05-01",
    "inference_result": [
      {
        "label": "neutral",
        "score": 0.42035266757011414
      }
    ]
  },
  {
    "source": "WSJ",
    "title": "Real Time Economics: What Is Wage Growth Telling Us About the Labor Market?",
    "published": "2019-05-01",
    "inference_result": [
      {
        "label": "neutral",
        "score": 0.941470742225647
      }
    ]
  },
  {
    "source": "WSJ",
    "title": "U.S. Factory Activity Slows in April",
    "published": "2019-05-01",
    "inference_result": [
      {
        "label": "negative",
        "score": 0.9698449373245239
      }
    ]
  }
]