[
  {
    "source": "WSJ",
    "title": "Timiraos\u2019s Take: The Flaw With the Fed-as-Trade-War-Enabler Meme",
    "published": "2019-08-07",
    "inference_result": [
      {
        "label": "neutral",
        "score": 0.9358189702033997
      }
    ]
  },
  {
    "source": "WSJ",
    "title": "Timiraos\u2019s Take: The Flaw With the Fed-as-Trade-War-Enabler Meme",
    "published": "2019-08-07",
    "inference_result": [
      {
        "label": "neutral",
        "score": 0.9358189702033997
      }
    ]
  },
  {
    "source": "WSJ",
    "title": "U.S. Collected $63 Billion in Tariffs Through June",
    "published": "2019-08-07",
    "inference_result": [
      {
        "label": "negative",
        "score": 0.7548696994781494
      }
    ]
  },
  {
    "source": "WSJ",
    "title": "Real Time Economics: U.S. and China Dig In, Central Banks Slash Rates",
    "published": "2019-08-07",
    "inference_result": [
      {
        "label": "neutral",
        "score": 0.941470742225647
      }
    ]
  },
  {
    "source": "WSJ",
    "title": "Glencore to Close Massive Mine as Economic Woes Hit Metals",
    "published": "2019-08-07",
    "inference_result": [
      {
        "label": "negative",
        "score": 0.9219180345535278
      }
    ]
  },
  {
    "source": "WSJ",
    "title": "Europe\u2019s Banks Warn About Prospects",
    "published": "2019-08-07",
    "inference_result": [
      {
        "label": "negative",
        "score": 0.9086347818374634
      }
    ]
  },
  {
    "source": "WSJ",
    "title": "Fed\u2019s Evans Says Trade Headwinds Could Justify Additional Rate Cuts",
    "published": "2019-08-07",
    "inference_result": [
      {
        "label": "positive",
        "score": 0.6199753284454346
      }
    ]
  },
  {
    "source": "WSJ",
    "title": "U.K. Steps Up Efforts for a Trade Deal With U.S.",
    "published": "2019-08-07",
    "inference_result": [
      {
        "label": "positive",
        "score": 0.5281901955604553
      }
    ]
  },
  {
    "source": "WSJ",
    "title": "U.K. Steps Up Efforts for a Trade Deal With U.S.",
    "published": "2019-08-07",
    "inference_result": [
      {
        "label": "positive",
        "score": 0.5281901955604553
      }
    ]
  },
  {
    "source": "WSJ",
    "title": "Trade Complicates Fed Outlook; India, New Zealand and Thailand Cut Key Rates",
    "published": "2019-08-07",
    "inference_result": [
      {
        "label": "positive",
        "score": 0.628287672996521
      }
    ]
  },
  {
    "source": "WSJ",
    "title": "New Tax Laws Drive More Americans Into Muni Bonds",
    "published": "2019-08-07",
    "inference_result": [
      {
        "label": "negative",
        "score": 0.4084942638874054
      }
    ]
  },
  {
    "source": "WSJ",
    "title": "A Navarro Recession?",
    "published": "2019-08-07",
    "inference_result": [
      {
        "label": "negative",
        "score": 0.9612600803375244
      }
    ]
  },
  {
    "source": "WSJ",
    "title": "Shock RBNZ Cut Scuttles Antipodean Forex",
    "published": "2019-08-07",
    "inference_result": [
      {
        "label": "negative",
        "score": 0.8899003267288208
      }
    ]
  },
  {
    "source": "WSJ",
    "title": "In Allowing Yuan to Devalue, China Policy Makers Concede Economy Needs a Boost",
    "published": "2019-08-07",
    "inference_result": [
      {
        "label": "positive",
        "score": 0.49272260069847107
      }
    ]
  },
  {
    "source": "WSJ",
    "title": "Oil\u2019s Slide Deepens on Mounting Demand Worries",
    "published": "2019-08-07",
    "inference_result": [
      {
        "label": "negative",
        "score": 0.9670023322105408
      }
    ]
  },
  {
    "source": "WSJ",
    "title": "Transcript: WSJ Interview With St. Louis Fed President James Bullard",
    "published": "2019-08-07",
    "inference_result": [
      {
        "label": "neutral",
        "score": 0.9377079606056213
      }
    ]
  }
]