[
  {
    "source": "WSJ",
    "title": "Huawei\u2019s Yearslong Rise Is Littered With Accusations of Theft and Dubious Ethics",
    "published": "2019-05-25",
    "inference_result": [
      {
        "label": "negative",
        "score": 0.7363991737365723
      }
    ]
  },
  {
    "source": "WSJ",
    "title": "Dow Industrials Fall for Fifth Straight Week as Trade Dispute Drags On",
    "published": "2019-05-25",
    "inference_result": [
      {
        "label": "negative",
        "score": 0.9603996872901917
      }
    ]
  }
]