[
  {
    "source": "WSJ",
    "title": "The Daily Shot: Amazon Prime Day Boosts July Retail Sales",
    "published": "2019-08-16",
    "inference_result": [
      {
        "label": "neutral",
        "score": 0.9467915296554565
      }
    ]
  },
  {
    "source": "WSJ",
    "title": "Has Xi Jinping Stirred a Backlash?",
    "published": "2019-08-16",
    "inference_result": [
      {
        "label": "negative",
        "score": 0.7475957274436951
      }
    ]
  },
  {
    "source": "WSJ",
    "title": "Despite Reprieve, New Tariffs Will Hit Wide Range of Consumer Goods",
    "published": "2019-08-16",
    "inference_result": [
      {
        "label": "neutral",
        "score": 0.8232042789459229
      }
    ]
  },
  {
    "source": "WSJ",
    "title": "Despite Reprieve, New Tariffs Will Hit Wide Range of Consumer Goods",
    "published": "2019-08-16",
    "inference_result": [
      {
        "label": "neutral",
        "score": 0.8232042789459229
      }
    ]
  },
  {
    "source": "WSJ",
    "title": "Chinese, Russian Warplanes Test U.S. Patience in Skies Near South Korea",
    "published": "2019-08-16",
    "inference_result": [
      {
        "label": "negative",
        "score": 0.8497900366783142
      }
    ]
  },
  {
    "source": "WSJ",
    "title": "Newsletter: Americans Go on a Shopping Spree, Global Stocks Recover, A Bleak Outlook for Corporate Earnings",
    "published": "2019-08-16",
    "inference_result": [
      {
        "label": "neutral",
        "score": 0.909395694732666
      }
    ]
  },
  {
    "source": "WSJ",
    "title": "J.C. Penney, Viacom, General Electric: Stocks That Defined the Week",
    "published": "2019-08-16",
    "inference_result": [
      {
        "label": "negative",
        "score": 0.9650012254714966
      }
    ]
  },
  {
    "source": "WSJ",
    "title": "What\u2019s News: World-Wide",
    "published": "2019-08-16",
    "inference_result": [
      {
        "label": "neutral",
        "score": 0.9397070407867432
      }
    ]
  },
  {
    "source": "WSJ",
    "title": "Trade Jitters Dent Consumer Sentiment",
    "published": "2019-08-16",
    "inference_result": [
      {
        "label": "negative",
        "score": 0.9622558951377869
      }
    ]
  },
  {
    "source": "WSJ",
    "title": "For Burberry, China Is No Longer Ripe for the Picking",
    "published": "2019-08-16",
    "inference_result": [
      {
        "label": "negative",
        "score": 0.9467540383338928
      }
    ]
  },
  {
    "source": "WSJ",
    "title": "Slower Tourist Traffic Adds to Retailers\u2019 Woes",
    "published": "2019-08-16",
    "inference_result": [
      {
        "label": "neutral",
        "score": 0.7263374328613281
      }
    ]
  },
  {
    "source": "WSJ",
    "title": "IRS to Cryptocurrency Owners: Come Clean, or Else!",
    "published": "2019-08-16",
    "inference_result": [
      {
        "label": "negative",
        "score": 0.6662756204605103
      }
    ]
  },
  {
    "source": "WSJ",
    "title": "U.S. Housing Starts Fell 4.0% in July",
    "published": "2019-08-16",
    "inference_result": [
      {
        "label": "negative",
        "score": 0.9303272366523743
      }
    ]
  },
  {
    "source": "WSJ",
    "title": "Deere Is Coping, but Its U.S. Farm Customers Aren\u2019t",
    "published": "2019-08-16",
    "inference_result": [
      {
        "label": "negative",
        "score": 0.6646748185157776
      }
    ]
  },
  {
    "source": "WSJ",
    "title": "U.S. Government Bonds Decline as Investors Weigh Slowing Growth",
    "published": "2019-08-16",
    "inference_result": [
      {
        "label": "neutral",
        "score": 0.9019560813903809
      }
    ]
  }
]