[
  {
    "source": "WSJ",
    "title": "As Trade War Rages, the Cupboard Isn\u2019t Bare at New York Food Banks",
    "published": "2019-08-15",
    "inference_result": [
      {
        "label": "negative",
        "score": 0.7276669144630432
      }
    ]
  },
  {
    "source": "WSJ",
    "title": "Corrections & Amplifications",
    "published": "2019-08-15",
    "inference_result": [
      {
        "label": "neutral",
        "score": 0.9355153441429138
      }
    ]
  },
  {
    "source": "WSJ",
    "title": "U.S. Shoppers Splurge in Face of Global Headwinds",
    "published": "2019-08-15",
    "inference_result": [
      {
        "label": "positive",
        "score": 0.5459004044532776
      }
    ]
  },
  {
    "source": "WSJ",
    "title": "Earnings Outlook for S&P 500 Companies Looks Bleak",
    "published": "2019-08-15",
    "inference_result": [
      {
        "label": "negative",
        "score": 0.9729342460632324
      }
    ]
  },
  {
    "source": "WSJ",
    "title": "Walmart Continues Run of Sales Growth, Raises Forecasts",
    "published": "2019-08-15",
    "inference_result": [
      {
        "label": "positive",
        "score": 0.8828611969947815
      }
    ]
  },
  {
    "source": "WSJ",
    "title": "U.S. Stocks Stabilize on Strong Retail-Sales Data",
    "published": "2019-08-15",
    "inference_result": [
      {
        "label": "positive",
        "score": 0.8589351177215576
      }
    ]
  },
  {
    "source": "WSJ",
    "title": "Cisco CIO Says Shift to Cloud Will Cut Energy Use, Costs",
    "published": "2019-08-15",
    "inference_result": [
      {
        "label": "positive",
        "score": 0.6881265640258789
      }
    ]
  },
  {
    "source": "WSJ",
    "title": "What Hong Kong\u2019s Protesters Know About Business",
    "published": "2019-08-15",
    "inference_result": [
      {
        "label": "negative",
        "score": 0.8093645572662354
      }
    ]
  },
  {
    "source": "WSJ",
    "title": "Crude Prices Continue to Fall",
    "published": "2019-08-15",
    "inference_result": [
      {
        "label": "negative",
        "score": 0.9590312242507935
      }
    ]
  },
  {
    "source": "WSJ",
    "title": "Newsletter: Warning Signs Point to Global Slowdown",
    "published": "2019-08-15",
    "inference_result": [
      {
        "label": "negative",
        "score": 0.880605936050415
      }
    ]
  },
  {
    "source": "WSJ",
    "title": "China\u2019s Paramilitary Police Flex Muscles Opposite Hong Kong",
    "published": "2019-08-15",
    "inference_result": [
      {
        "label": "neutral",
        "score": 0.9065172672271729
      }
    ]
  }
]