[
  {
    "source": "WSJ",
    "title": "Trump Vows Apple Won\u2019t Get Exemptions from Tariffs",
    "published": "2019-07-26",
    "inference_result": [
      {
        "label": "neutral",
        "score": 0.4859660565853119
      }
    ]
  },
  {
    "source": "WSJ",
    "title": "USDA Sets Plans for $16 Billion in New Aid to Farmers",
    "published": "2019-07-26",
    "inference_result": [
      {
        "label": "negative",
        "score": 0.495968222618103
      }
    ]
  },
  {
    "source": "WSJ",
    "title": "Digital Technology Drives Free-Market, Free-Trade Capitalism to the Crossroads",
    "published": "2019-07-26",
    "inference_result": [
      {
        "label": "negative",
        "score": 0.7626750469207764
      }
    ]
  },
  {
    "source": "WSJ",
    "title": "Trump Administration Considers Travel Ban on Guatemala",
    "published": "2019-07-26",
    "inference_result": [
      {
        "label": "negative",
        "score": 0.5433698296546936
      }
    ]
  },
  {
    "source": "WSJ",
    "title": "\u2018Bagehot\u2019 Review: The Banker as Man of Letters",
    "published": "2019-07-26",
    "inference_result": [
      {
        "label": "neutral",
        "score": 0.8782538175582886
      }
    ]
  },
  {
    "source": "WSJ",
    "title": "Real Time Economics: The Outlook is Getting \u2018Worse and Worse\u2019",
    "published": "2019-07-26",
    "inference_result": [
      {
        "label": "neutral",
        "score": 0.941470742225647
      }
    ]
  },
  {
    "source": "WSJ",
    "title": "Economic Growth Slowed to 2.1% in Second Quarter",
    "published": "2019-07-26",
    "inference_result": [
      {
        "label": "positive",
        "score": 0.8928241729736328
      }
    ]
  },
  {
    "source": "WSJ",
    "title": "Please Stop Helping the Economy",
    "published": "2019-07-26",
    "inference_result": [
      {
        "label": "neutral",
        "score": 0.8508998155593872
      }
    ]
  },
  {
    "source": "WSJ",
    "title": "Economic Growth Slowed to 2.1% in Second Quarter",
    "published": "2019-07-26",
    "inference_result": [
      {
        "label": "positive",
        "score": 0.8928241729736328
      }
    ]
  },
  {
    "source": "WSJ",
    "title": "Household Brands Get a Brief Taste of Their Heyday",
    "published": "2019-07-26",
    "inference_result": [
      {
        "label": "positive",
        "score": 0.9563128352165222
      }
    ]
  },
  {
    "source": "WSJ",
    "title": "Real Time Economics Special Edition: U.S. Economy Slows as Businesses Pull Back",
    "published": "2019-07-26",
    "inference_result": [
      {
        "label": "neutral",
        "score": 0.941470742225647
      }
    ]
  },
  {
    "source": "WSJ",
    "title": "Stocks Close At New Highs on GDP Data, Earnings",
    "published": "2019-07-26",
    "inference_result": [
      {
        "label": "positive",
        "score": 0.9454424977302551
      }
    ]
  }
]