[
  {
    "source": "WSJ",
    "title": "RH Raises Outlook, Plays Down Impact From Higher China Tariffs",
    "published": "2019-06-12",
    "inference_result": [
      {
        "label": "positive",
        "score": 0.9456570744514465
      }
    ]
  },
  {
    "source": "WSJ",
    "title": "Nintendo Moves Some Switch Production Out of China, Adapting to Tariff Threat",
    "published": "2019-06-12",
    "inference_result": [
      {
        "label": "neutral",
        "score": 0.5362708568572998
      }
    ]
  },
  {
    "source": "WSJ",
    "title": "Imports at Southern California Ports Fell Sharply Last Month",
    "published": "2019-06-12",
    "inference_result": [
      {
        "label": "negative",
        "score": 0.9746266007423401
      }
    ]
  },
  {
    "source": "WSJ",
    "title": "Trump Blasts Fed Policies Again; Inflation Fears Fade; Economist Martin Feldstein Has Died at Age 79",
    "published": "2019-06-12",
    "inference_result": [
      {
        "label": "negative",
        "score": 0.8665544986724854
      }
    ]
  },
  {
    "source": "WSJ",
    "title": "Real Time Economics: U.S.-China Tensions Spread Across the Economy",
    "published": "2019-06-12",
    "inference_result": [
      {
        "label": "neutral",
        "score": 0.941470742225647
      }
    ]
  },
  {
    "source": "WSJ",
    "title": "High Turnover Roils Trump\u2019s Immigration-Policy Ranks",
    "published": "2019-06-12",
    "inference_result": [
      {
        "label": "negative",
        "score": 0.6642050743103027
      }
    ]
  },
  {
    "source": "WSJ",
    "title": "Trump Blasts Fed Policies Again; Inflation Fears Fade; Economist Martin Feldstein Has Died at Age 79",
    "published": "2019-06-12",
    "inference_result": [
      {
        "label": "negative",
        "score": 0.8665544986724854
      }
    ]
  },
  {
    "source": "WSJ",
    "title": "RH\u2019s Restoration Is Back on Track",
    "published": "2019-06-12",
    "inference_result": [
      {
        "label": "negative",
        "score": 0.6042788624763489
      }
    ]
  },
  {
    "source": "WSJ",
    "title": "U.S. Budget Deficit Grew 39% in First Eight Months of Fiscal Year",
    "published": "2019-06-12",
    "inference_result": [
      {
        "label": "positive",
        "score": 0.943331241607666
      }
    ]
  },
  {
    "source": "WSJ",
    "title": "What Trump Can Learn From James Carville",
    "published": "2019-06-12",
    "inference_result": [
      {
        "label": "neutral",
        "score": 0.6840078234672546
      }
    ]
  },
  {
    "source": "WSJ",
    "title": "What Trump Can Learn From James Carville",
    "published": "2019-06-12",
    "inference_result": [
      {
        "label": "neutral",
        "score": 0.6840078234672546
      }
    ]
  },
  {
    "source": "WSJ",
    "title": "New Jersey Lawmakers Push to Extend Corporate Tax Credits",
    "published": "2019-06-12",
    "inference_result": [
      {
        "label": "neutral",
        "score": 0.8600995540618896
      }
    ]
  },
  {
    "source": "WSJ",
    "title": "Sign It, Governor Wolf",
    "published": "2019-06-12",
    "inference_result": [
      {
        "label": "positive",
        "score": 0.6614771485328674
      }
    ]
  },
  {
    "source": "WSJ",
    "title": "Economist Martin Feldstein Has Died at Age 79",
    "published": "2019-06-12",
    "inference_result": [
      {
        "label": "neutral",
        "score": 0.9120544195175171
      }
    ]
  },
  {
    "source": "WSJ",
    "title": "Imports at Southern California Ports Fell Sharply Last Month",
    "published": "2019-06-12",
    "inference_result": [
      {
        "label": "negative",
        "score": 0.9746266007423401
      }
    ]
  },
  {
    "source": "WSJ",
    "title": "For Foreign Investment, the West Is Losing Its Appeal",
    "published": "2019-06-12",
    "inference_result": [
      {
        "label": "negative",
        "score": 0.9753746390342712
      }
    ]
  },
  {
    "source": "WSJ",
    "title": "Trump, Biden Face Off in Iowa in Potential 2020 Election Preview",
    "published": "2019-06-12",
    "inference_result": [
      {
        "label": "positive",
        "score": 0.9340683221817017
      }
    ]
  }
]