[
  {
    "source": "WSJ",
    "title": "My Customers Don\u2019t Pay Trump\u2019s Tariffs",
    "published": "2019-06-30",
    "inference_result": [
      {
        "label": "neutral",
        "score": 0.6160149574279785
      }
    ]
  },
  {
    "source": "WSJ",
    "title": "Trump Praises Mexico Amid Record Detention of Migrants",
    "published": "2019-06-30",
    "inference_result": [
      {
        "label": "positive",
        "score": 0.4735890030860901
      }
    ]
  },
  {
    "source": "WSJ",
    "title": "Key Dates in the U.S.-China Trade Conflict",
    "published": "2019-06-30",
    "inference_result": [
      {
        "label": "neutral",
        "score": 0.7610901594161987
      }
    ]
  },
  {
    "source": "WSJ",
    "title": "Key Dates in the U.S.-China Trade Conflict",
    "published": "2019-06-30",
    "inference_result": [
      {
        "label": "neutral",
        "score": 0.7610901594161987
      }
    ]
  },
  {
    "source": "WSJ",
    "title": "U.S. Deals Lead the Way as Rest of the World Lags Behind",
    "published": "2019-06-30",
    "inference_result": [
      {
        "label": "negative",
        "score": 0.9672508835792542
      }
    ]
  },
  {
    "source": "WSJ",
    "title": "New OPEC-Russia Pact on Oil Cuts Could Last Well Into 2020",
    "published": "2019-06-30",
    "inference_result": [
      {
        "label": "negative",
        "score": 0.9671568870544434
      }
    ]
  }
]