[
  {
    "source": "WSJ",
    "title": "Newsletter: A Delay in Tariffs, Cracks in the Global Economy, Help for U.S. Housing",
    "published": "2019-08-14",
    "inference_result": [
      {
        "label": "neutral",
        "score": 0.941470742225647
      }
    ]
  },
  {
    "source": "WSJ",
    "title": "U.S. Inflation Picks Up; U.S. Retreats on Some China Tariffs; China, Germany Growth Slows",
    "published": "2019-08-14",
    "inference_result": [
      {
        "label": "negative",
        "score": 0.6211591362953186
      }
    ]
  },
  {
    "source": "WSJ",
    "title": "Newsletter: A Delay in Tariffs, Cracks in the Global Economy, Help for U.S. Housing",
    "published": "2019-08-14",
    "inference_result": [
      {
        "label": "neutral",
        "score": 0.941470742225647
      }
    ]
  },
  {
    "source": "WSJ",
    "title": "The Navarro Recession, II",
    "published": "2019-08-14",
    "inference_result": [
      {
        "label": "negative",
        "score": 0.9523348212242126
      }
    ]
  },
  {
    "source": "WSJ",
    "title": "U.S. Retreat on New Tariffs Gives Beijing Breathing Room on Trade Talks",
    "published": "2019-08-14",
    "inference_result": [
      {
        "label": "positive",
        "score": 0.46451836824417114
      }
    ]
  },
  {
    "source": "WSJ",
    "title": "Canada\u2019s Trudeau Found to Have Broken Law in Bid to Aid Montreal Firm",
    "published": "2019-08-14",
    "inference_result": [
      {
        "label": "neutral",
        "score": 0.8726063370704651
      }
    ]
  },
  {
    "source": "WSJ",
    "title": "VC Daily: WeWork IPO Filing Details Huge Revenue and Losses; Ice Cream Scoop; Brick & Mortar Fund",
    "published": "2019-08-14",
    "inference_result": [
      {
        "label": "neutral",
        "score": 0.7147819399833679
      }
    ]
  },
  {
    "source": "WSJ",
    "title": "Three Political Truths the Democrats Can\u2019t Handle",
    "published": "2019-08-14",
    "inference_result": [
      {
        "label": "negative",
        "score": 0.8463252782821655
      }
    ]
  },
  {
    "source": "WSJ",
    "title": "Cisco\u2019s Outlook Dampened by China Slowdown, Trade Dispute",
    "published": "2019-08-14",
    "inference_result": [
      {
        "label": "negative",
        "score": 0.8889195919036865
      }
    ]
  },
  {
    "source": "WSJ",
    "title": "This CEO Wants to Extract Rare Earths From Trade Fight",
    "published": "2019-08-14",
    "inference_result": [
      {
        "label": "neutral",
        "score": 0.5818023681640625
      }
    ]
  },
  {
    "source": "WSJ",
    "title": "Trump Ties Trade Deal to China Action in Hong Kong, Suggests Meeting With Xi",
    "published": "2019-08-14",
    "inference_result": [
      {
        "label": "positive",
        "score": 0.557517409324646
      }
    ]
  },
  {
    "source": "WSJ",
    "title": "As Global Order Crumbles, Risks of Recession Grow",
    "published": "2019-08-14",
    "inference_result": [
      {
        "label": "neutral",
        "score": 0.6263535022735596
      }
    ]
  },
  {
    "source": "WSJ",
    "title": "Macy\u2019s Turnaround Hits Harsh Retail Reality",
    "published": "2019-08-14",
    "inference_result": [
      {
        "label": "negative",
        "score": 0.9728849530220032
      }
    ]
  },
  {
    "source": "WSJ",
    "title": "The Daily Shot: Furniture Inflation Spikes as Tariffs Take Their Toll",
    "published": "2019-08-14",
    "inference_result": [
      {
        "label": "neutral",
        "score": 0.9467915296554565
      }
    ]
  },
  {
    "source": "WSJ",
    "title": "What\u2019s News: Business & Finance",
    "published": "2019-08-14",
    "inference_result": [
      {
        "label": "neutral",
        "score": 0.951514720916748
      }
    ]
  },
  {
    "source": "WSJ",
    "title": "Newsletter: A Delay in Tariffs, Cracks in the Global Economy, Help for U.S. Housing",
    "published": "2019-08-14",
    "inference_result": [
      {
        "label": "neutral",
        "score": 0.941470742225647
      }
    ]
  },
  {
    "source": "WSJ",
    "title": "Warning Signs Point to a Global Slowdown",
    "published": "2019-08-14",
    "inference_result": [
      {
        "label": "negative",
        "score": 0.9581623673439026
      }
    ]
  },
  {
    "source": "WSJ",
    "title": "Bond Rally Drives 30-Year Treasury Yield to Record Low",
    "published": "2019-08-14",
    "inference_result": [
      {
        "label": "negative",
        "score": 0.9542531967163086
      }
    ]
  },
  {
    "source": "WSJ",
    "title": "Dow Sheds 800 in Biggest Drop of Year",
    "published": "2019-08-14",
    "inference_result": [
      {
        "label": "negative",
        "score": 0.9532800316810608
      }
    ]
  },
  {
    "source": "WSJ",
    "title": "Warning Signs Point to a Global Slowdown",
    "published": "2019-08-14",
    "inference_result": [
      {
        "label": "negative",
        "score": 0.9581623673439026
      }
    ]
  },
  {
    "source": "WSJ",
    "title": "Dow Sheds 800 in Biggest Drop of Year",
    "published": "2019-08-14",
    "inference_result": [
      {
        "label": "negative",
        "score": 0.9532800316810608
      }
    ]
  },
  {
    "source": "WSJ",
    "title": "Ethanol Hits Five-Year Low as Stocks Rise",
    "published": "2019-08-14",
    "inference_result": [
      {
        "label": "negative",
        "score": 0.970518171787262
      }
    ]
  },
  {
    "source": "WSJ",
    "title": "Poor Chinese and German Economic Data Fan Fears of Global Slowdown",
    "published": "2019-08-14",
    "inference_result": [
      {
        "label": "negative",
        "score": 0.9072660207748413
      }
    ]
  },
  {
    "source": "WSJ",
    "title": "How Five Money Managers Are Playing Swings in the Market",
    "published": "2019-08-14",
    "inference_result": [
      {
        "label": "neutral",
        "score": 0.8784502744674683
      }
    ]
  }
]