[
  {
    "source": "WSJ",
    "title": "Jobs Data Weakens Case for Larger Rate Cut; Fed Sees Uncertainty; Trump Picks May Have Easier Path; Lagarde and German Skeptics",
    "published": "2019-07-08",
    "inference_result": [
      {
        "label": "negative",
        "score": 0.6813666224479675
      }
    ]
  },
  {
    "source": "WSJ",
    "title": "Boeing Loses MAX Deal to Airbus",
    "published": "2019-07-08",
    "inference_result": [
      {
        "label": "positive",
        "score": 0.6575213074684143
      }
    ]
  },
  {
    "source": "WSJ",
    "title": "Economy Week Ahead: CPI From U.S., Europe, China; Other Data",
    "published": "2019-07-08",
    "inference_result": [
      {
        "label": "neutral",
        "score": 0.9460805654525757
      }
    ]
  },
  {
    "source": "WSJ",
    "title": "New York Enacts Law Allowing Release of Trump\u2019s State Tax Returns to Congress",
    "published": "2019-07-08",
    "inference_result": [
      {
        "label": "positive",
        "score": 0.8023538589477539
      }
    ]
  },
  {
    "source": "WSJ",
    "title": "Real Time Economics: Stimulus Goes Missing, Too Many SUVs, Not Enough Gas Pipelines",
    "published": "2019-07-08",
    "inference_result": [
      {
        "label": "neutral",
        "score": 0.941470742225647
      }
    ]
  },
  {
    "source": "WSJ",
    "title": "Stocks to Watch: Boeing, SIGA Technologies, Sangamo Therapeutics and 3M",
    "published": "2019-07-08",
    "inference_result": [
      {
        "label": "positive",
        "score": 0.9238865375518799
      }
    ]
  }
]