[
  {
    "source": "WSJ",
    "title": "Sony Warns of PlayStation Price Rise if U.S. Expands China Tariffs",
    "published": "2019-07-30",
    "inference_result": [
      {
        "label": "negative",
        "score": 0.7483806014060974
      }
    ]
  },
  {
    "source": "WSJ",
    "title": "Cherry Capital of the U.S. Faces Threat From Turkish Imports",
    "published": "2019-07-30",
    "inference_result": [
      {
        "label": "negative",
        "score": 0.7529550194740295
      }
    ]
  },
  {
    "source": "WSJ",
    "title": "Higher Costs Hold Down Profit at Heineken",
    "published": "2019-07-30",
    "inference_result": [
      {
        "label": "neutral",
        "score": 0.8509138822555542
      }
    ]
  },
  {
    "source": "WSJ",
    "title": "Cherry Capital of the U.S. Faces Threat From Turkish Imports",
    "published": "2019-07-30",
    "inference_result": [
      {
        "label": "negative",
        "score": 0.7529550194740295
      }
    ]
  },
  {
    "source": "WSJ",
    "title": "Notable & Quotable: Blame Taxes for Baltimore\u2019s Rot",
    "published": "2019-07-30",
    "inference_result": [
      {
        "label": "neutral",
        "score": 0.7534021139144897
      }
    ]
  },
  {
    "source": "WSJ",
    "title": "U.S. Stocks Fall on Trade Concerns",
    "published": "2019-07-30",
    "inference_result": [
      {
        "label": "neutral",
        "score": 0.914785623550415
      }
    ]
  },
  {
    "source": "WSJ",
    "title": "Copper Slides as Trade Hopes Recede",
    "published": "2019-07-30",
    "inference_result": [
      {
        "label": "negative",
        "score": 0.8600766658782959
      }
    ]
  },
  {
    "source": "WSJ",
    "title": "Ohio Farmers Face Lean Year, Hard Decisions After Spring Floods",
    "published": "2019-07-30",
    "inference_result": [
      {
        "label": "neutral",
        "score": 0.4940049350261688
      }
    ]
  },
  {
    "source": "WSJ",
    "title": "Why Russia and China Are Joining Forces",
    "published": "2019-07-30",
    "inference_result": [
      {
        "label": "positive",
        "score": 0.9322763681411743
      }
    ]
  },
  {
    "source": "WSJ",
    "title": "U.S. Stocks Fall on Trade Concerns",
    "published": "2019-07-30",
    "inference_result": [
      {
        "label": "neutral",
        "score": 0.914785623550415
      }
    ]
  },
  {
    "source": "WSJ",
    "title": "Copper Slides as Trade Hopes Recede",
    "published": "2019-07-30",
    "inference_result": [
      {
        "label": "negative",
        "score": 0.8600766658782959
      }
    ]
  }
]