[
  {
    "source": "WSJ",
    "title": "Australia Looks to Siphon U.S. Oil Stockpile to Avoid Running Out of Gas",
    "published": "2019-08-05",
    "inference_result": [
      {
        "label": "negative",
        "score": 0.8699959516525269
      }
    ]
  },
  {
    "source": "WSJ",
    "title": "HSBC\u2019s Quiet Man Undone by a Lack of Action",
    "published": "2019-08-05",
    "inference_result": [
      {
        "label": "neutral",
        "score": 0.8345716595649719
      }
    ]
  },
  {
    "source": "WSJ",
    "title": "WSJ Wealth Adviser Briefing: Low Rates, Wells Fargo Vendors, Mountain Bike Vacations",
    "published": "2019-08-05",
    "inference_result": [
      {
        "label": "neutral",
        "score": 0.9272052049636841
      }
    ]
  },
  {
    "source": "WSJ",
    "title": "Restaurants, Food Makers Find Consumers Are Willing to Pay Higher Prices",
    "published": "2019-08-05",
    "inference_result": [
      {
        "label": "positive",
        "score": 0.9171171188354492
      }
    ]
  },
  {
    "source": "WSJ",
    "title": "Beijing Risks Economic Self-Harm by Weaponizing the Yuan",
    "published": "2019-08-05",
    "inference_result": [
      {
        "label": "negative",
        "score": 0.9418882131576538
      }
    ]
  },
  {
    "source": "WSJ",
    "title": "Real Time Economics: China Hits Back at Trump",
    "published": "2019-08-05",
    "inference_result": [
      {
        "label": "neutral",
        "score": 0.941470742225647
      }
    ]
  },
  {
    "source": "WSJ",
    "title": "Stocks Fall Sharply as Yuan Reels and Trump Jabs at China",
    "published": "2019-08-05",
    "inference_result": [
      {
        "label": "negative",
        "score": 0.9305009841918945
      }
    ]
  },
  {
    "source": "WSJ",
    "title": "Doubts Rise Over Europe\u2019s Readiness for a No-Deal Brexit",
    "published": "2019-08-05",
    "inference_result": [
      {
        "label": "negative",
        "score": 0.8795453906059265
      }
    ]
  },
  {
    "source": "WSJ",
    "title": "China\u2019s Yuan Breaches Critical Level of 7 to the Dollar, Prompting Trump Critique",
    "published": "2019-08-05",
    "inference_result": [
      {
        "label": "negative",
        "score": 0.7794727683067322
      }
    ]
  },
  {
    "source": "WSJ",
    "title": "What\u2019s News: World-Wide",
    "published": "2019-08-05",
    "inference_result": [
      {
        "label": "neutral",
        "score": 0.951514720916748
      }
    ]
  },
  {
    "source": "WSJ",
    "title": "Powell\u2019s Off-the-Cuff Approach Leaves Investors on Edge; Yuan Declines as Trade Fight Hits Markets",
    "published": "2019-08-05",
    "inference_result": [
      {
        "label": "negative",
        "score": 0.9543995261192322
      }
    ]
  },
  {
    "source": "WSJ",
    "title": "Luxury Investors Get a Wake-Up Call From China",
    "published": "2019-08-05",
    "inference_result": [
      {
        "label": "negative",
        "score": 0.7380582690238953
      }
    ]
  },
  {
    "source": "WSJ",
    "title": "The Fed as Trade-War Enabler",
    "published": "2019-08-05",
    "inference_result": [
      {
        "label": "neutral",
        "score": 0.4092853367328644
      }
    ]
  },
  {
    "source": "WSJ",
    "title": "Services-Sector Growth is Slowest in Three Years",
    "published": "2019-08-05",
    "inference_result": [
      {
        "label": "negative",
        "score": 0.9646941423416138
      }
    ]
  },
  {
    "source": "WSJ",
    "title": "Real Time Economics: China Hits Back at Trump",
    "published": "2019-08-05",
    "inference_result": [
      {
        "label": "neutral",
        "score": 0.941470742225647
      }
    ]
  },
  {
    "source": "WSJ",
    "title": "Powell\u2019s Off-the-Cuff Approach Leaves Investors on Edge; Yuan Declines as Trade Fight Hits Markets",
    "published": "2019-08-05",
    "inference_result": [
      {
        "label": "negative",
        "score": 0.9543995261192322
      }
    ]
  },
  {
    "source": "WSJ",
    "title": "Farm-Income Pinch Filters Through U.S. Economy",
    "published": "2019-08-05",
    "inference_result": [
      {
        "label": "negative",
        "score": 0.9630978107452393
      }
    ]
  },
  {
    "source": "WSJ",
    "title": "Mounting U.S.-China Trade Tensions Whipsaw Hog Prices",
    "published": "2019-08-05",
    "inference_result": [
      {
        "label": "negative",
        "score": 0.8723997473716736
      }
    ]
  },
  {
    "source": "WSJ",
    "title": "Pompeo Steps Up China Criticism: \u2018We Were Asleep at the Switch\u2019",
    "published": "2019-08-05",
    "inference_result": [
      {
        "label": "neutral",
        "score": 0.6848847270011902
      }
    ]
  },
  {
    "source": "WSJ",
    "title": "The Daily Shot: China Retaliates",
    "published": "2019-08-05",
    "inference_result": [
      {
        "label": "neutral",
        "score": 0.9467915296554565
      }
    ]
  }
]