[
  {
    "source": "WSJ",
    "title": "Warehouse Hiring Surges on Rising E-Commerce Demand",
    "published": "2019-05-03",
    "inference_result": [
      {
        "label": "negative",
        "score": 0.8844727277755737
      }
    ]
  },
  {
    "source": "WSJ",
    "title": "Newell Brands Swings to a Loss, Sales Continue to Fall",
    "published": "2019-05-03",
    "inference_result": [
      {
        "label": "neutral",
        "score": 0.8429156541824341
      }
    ]
  },
  {
    "source": "WSJ",
    "title": "U.S. Boosts Natural-Gas Exports to EU, Aiming to Dent Russian Sales",
    "published": "2019-05-03",
    "inference_result": [
      {
        "label": "positive",
        "score": 0.7063755393028259
      }
    ]
  },
  {
    "source": "WSJ",
    "title": "The Pale Green New Deal",
    "published": "2019-05-03",
    "inference_result": [
      {
        "label": "neutral",
        "score": 0.9338341355323792
      }
    ]
  },
  {
    "source": "WSJ",
    "title": "Democrats Sort Through Tangle of Expiring Tax Breaks",
    "published": "2019-05-03",
    "inference_result": [
      {
        "label": "neutral",
        "score": 0.9437160491943359
      }
    ]
  },
  {
    "source": "WSJ",
    "title": "Real Time Economics: U.S. Workers Are Finally Getting More Productive",
    "published": "2019-05-03",
    "inference_result": [
      {
        "label": "neutral",
        "score": 0.941470742225647
      }
    ]
  },
  {
    "source": "WSJ",
    "title": "Global Meat Companies Feast on China\u2019s Pig Problems",
    "published": "2019-05-03",
    "inference_result": [
      {
        "label": "negative",
        "score": 0.9413371086120605
      }
    ]
  },
  {
    "source": "WSJ",
    "title": "Washington\u2019s Biggest Lobbyist, the U.S. Chamber of Commerce, Gets Shut Out",
    "published": "2019-05-03",
    "inference_result": [
      {
        "label": "negative",
        "score": 0.9588091969490051
      }
    ]
  }
]