[
  {
    "source": "WSJ",
    "title": "Trump Says U.S. and Japan Have Reached Trade Deal in Principle",
    "published": "2019-08-25",
    "inference_result": [
      {
        "label": "positive",
        "score": 0.905916154384613
      }
    ]
  },
  {
    "source": "WSJ",
    "title": "The Market Gets What It Wants",
    "published": "2019-08-25",
    "inference_result": [
      {
        "label": "negative",
        "score": 0.9558895826339722
      }
    ]
  },
  {
    "source": "WSJ",
    "title": "Latin America Hangs On to Its Economic Gloom",
    "published": "2019-08-25",
    "inference_result": [
      {
        "label": "negative",
        "score": 0.9499870538711548
      }
    ]
  },
  {
    "source": "WSJ",
    "title": "Pro Bankruptcy Briefing: SG Preston Eyes Philly Refinery | Miners Continue Protest Against Blackjewel | DEA: Mallinckrodt \u2019Kingpin\u2019 of Prescription Drug Cartel",
    "published": "2019-08-25",
    "inference_result": [
      {
        "label": "neutral",
        "score": 0.951514720916748
      }
    ]
  },
  {
    "source": "WSJ",
    "title": "Iran\u2019s Foreign Minister Makes Unexpected Visit on Sidelines of G-7 Meeting",
    "published": "2019-08-25",
    "inference_result": [
      {
        "label": "negative",
        "score": 0.8907410502433777
      }
    ]
  },
  {
    "source": "WSJ",
    "title": "U.K.\u2019s Johnson Charms Trump, Questions Trade War",
    "published": "2019-08-25",
    "inference_result": [
      {
        "label": "neutral",
        "score": 0.7797470092773438
      }
    ]
  },
  {
    "source": "WSJ",
    "title": "Trump Gambles That China Trade War Will Pay Off in 2020",
    "published": "2019-08-25",
    "inference_result": [
      {
        "label": "negative",
        "score": 0.7853237390518188
      }
    ]
  },
  {
    "source": "WSJ",
    "title": "Diverging Paths of Stocks and Data Vex Investors",
    "published": "2019-08-25",
    "inference_result": [
      {
        "label": "negative",
        "score": 0.9004068374633789
      }
    ]
  },
  {
    "source": "WSJ",
    "title": "Trump Gambles That China Trade War Will Pay Off in 2020",
    "published": "2019-08-25",
    "inference_result": [
      {
        "label": "negative",
        "score": 0.7853237390518188
      }
    ]
  },
  {
    "source": "WSJ",
    "title": "Tension Between Trump, World Leaders Takes Spotlight at G-7 Summit",
    "published": "2019-08-25",
    "inference_result": [
      {
        "label": "negative",
        "score": 0.7889660596847534
      }
    ]
  },
  {
    "source": "WSJ",
    "title": "The Bond Market Is Wrong. Inflation Will Return, Someday.",
    "published": "2019-08-25",
    "inference_result": [
      {
        "label": "neutral",
        "score": 0.8247401118278503
      }
    ]
  },
  {
    "source": "WSJ",
    "title": "U.S. Companies on China: Breaking Up Is Hard",
    "published": "2019-08-25",
    "inference_result": [
      {
        "label": "neutral",
        "score": 0.8737005591392517
      }
    ]
  },
  {
    "source": "WSJ",
    "title": "Trump Aides Say He Isn\u2019t Ordering U.S. Companies Out of China",
    "published": "2019-08-25",
    "inference_result": [
      {
        "label": "neutral",
        "score": 0.8083863258361816
      }
    ]
  },
  {
    "source": "WSJ",
    "title": "Central Bankers Worry About Trump\u2019s Tactics to Reorder Global Trade",
    "published": "2019-08-25",
    "inference_result": [
      {
        "label": "negative",
        "score": 0.48291170597076416
      }
    ]
  }
]