[
  {
    "source": "WSJ",
    "title": "When It Comes to Tariffs, Many U.S. Companies Are on China\u2019s Side",
    "published": "2019-06-26",
    "inference_result": [
      {
        "label": "negative",
        "score": 0.9619749188423157
      }
    ]
  },
  {
    "source": "WSJ",
    "title": "Powell: Fed Won\u2019t Bend to Political Pressure; Bullard Says White House Contacted Him About Fed Board Job",
    "published": "2019-06-26",
    "inference_result": [
      {
        "label": "negative",
        "score": 0.7728244662284851
      }
    ]
  },
  {
    "source": "WSJ",
    "title": "Hopes for Resolving U.S.-China Trade Fight Hinge on Trump and Xi",
    "published": "2019-06-26",
    "inference_result": [
      {
        "label": "negative",
        "score": 0.9209545254707336
      }
    ]
  },
  {
    "source": "WSJ",
    "title": "Hopes for Resolving U.S.-China Trade Fight Hinge on Trump and Xi",
    "published": "2019-06-26",
    "inference_result": [
      {
        "label": "negative",
        "score": 0.9209545254707336
      }
    ]
  },
  {
    "source": "WSJ",
    "title": "Top U.S., Indian Diplomats Try to Work Past Tariff Dispute",
    "published": "2019-06-26",
    "inference_result": [
      {
        "label": "neutral",
        "score": 0.6029601097106934
      }
    ]
  },
  {
    "source": "WSJ",
    "title": "Medical-Supplies Companies Object to Proposed New Tariffs",
    "published": "2019-06-26",
    "inference_result": [
      {
        "label": "negative",
        "score": 0.5369762778282166
      }
    ]
  },
  {
    "source": "WSJ",
    "title": "John Sanders Resigns as Head of Customs and Border Protection",
    "published": "2019-06-26",
    "inference_result": [
      {
        "label": "negative",
        "score": 0.9124466776847839
      }
    ]
  },
  {
    "source": "WSJ",
    "title": "Justice Department Investigates Chicken Industry",
    "published": "2019-06-26",
    "inference_result": [
      {
        "label": "negative",
        "score": 0.7343276739120483
      }
    ]
  },
  {
    "source": "WSJ",
    "title": "Trump Slams Fed\u2019s Powell, Saying \u2018We Should Have Draghi Instead\u2019",
    "published": "2019-06-26",
    "inference_result": [
      {
        "label": "positive",
        "score": 0.5747385621070862
      }
    ]
  },
  {
    "source": "WSJ",
    "title": "What\u2019s News: World-Wide",
    "published": "2019-06-26",
    "inference_result": [
      {
        "label": "neutral",
        "score": 0.951514720916748
      }
    ]
  },
  {
    "source": "WSJ",
    "title": "Business Spending Is on the Brink",
    "published": "2019-06-26",
    "inference_result": [
      {
        "label": "negative",
        "score": 0.9200645685195923
      }
    ]
  },
  {
    "source": "WSJ",
    "title": "China\u2019s Consumers Turn Cautious, Weakening President Xi\u2019s Hand Before Trump Meeting",
    "published": "2019-06-26",
    "inference_result": [
      {
        "label": "negative",
        "score": 0.9531260132789612
      }
    ]
  },
  {
    "source": "WSJ",
    "title": "Medical-Supplies Companies Object to Proposed New Tariffs",
    "published": "2019-06-26",
    "inference_result": [
      {
        "label": "negative",
        "score": 0.5369762778282166
      }
    ]
  },
  {
    "source": "WSJ",
    "title": "Why Companies Need to Change Their Approach on Climate Change",
    "published": "2019-06-26",
    "inference_result": [
      {
        "label": "neutral",
        "score": 0.9382515549659729
      }
    ]
  },
  {
    "source": "WSJ",
    "title": "The Economy of the South Is Just Fine, Y\u2019all",
    "published": "2019-06-26",
    "inference_result": [
      {
        "label": "positive",
        "score": 0.9543063044548035
      }
    ]
  },
  {
    "source": "WSJ",
    "title": "U.S. Stocks Fall Amid Fed Comments; Tech Slides",
    "published": "2019-06-26",
    "inference_result": [
      {
        "label": "neutral",
        "score": 0.7751933336257935
      }
    ]
  },
  {
    "source": "WSJ",
    "title": "Real Time Economics: Trump and Xi Prepare to Meet as Global Trade Flags",
    "published": "2019-06-26",
    "inference_result": [
      {
        "label": "neutral",
        "score": 0.941470742225647
      }
    ]
  },
  {
    "source": "WSJ",
    "title": "Powell Says Fed Won\u2019t Bend to Political Pressure",
    "published": "2019-06-26",
    "inference_result": [
      {
        "label": "negative",
        "score": 0.895612895488739
      }
    ]
  },
  {
    "source": "WSJ",
    "title": "RBNZ Leaves Rate on Hold but Points to Cuts Ahead",
    "published": "2019-06-26",
    "inference_result": [
      {
        "label": "neutral",
        "score": 0.5609129071235657
      }
    ]
  },
  {
    "source": "WSJ",
    "title": "China\u2019s Consumers Turn Cautious, Weakening President Xi\u2019s Hand Before Trump Meeting",
    "published": "2019-06-26",
    "inference_result": [
      {
        "label": "negative",
        "score": 0.9531260132789612
      }
    ]
  },
  {
    "source": "WSJ",
    "title": "Real Time Economics: Trump and Xi Prepare to Meet as Global Trade Flags",
    "published": "2019-06-26",
    "inference_result": [
      {
        "label": "neutral",
        "score": 0.941470742225647
      }
    ]
  }
]