[
  {
    "source": "WSJ",
    "title": "China Seeks to Narrow Trade Talks With U.S. in Bid to Break Deadlock",
    "published": "2019-09-12",
    "inference_result": [
      {
        "label": "neutral",
        "score": 0.9075925946235657
      }
    ]
  },
  {
    "source": "WSJ",
    "title": "Stocks Climb After ECB Stimulus Package",
    "published": "2019-09-12",
    "inference_result": [
      {
        "label": "negative",
        "score": 0.7557195425033569
      }
    ]
  },
  {
    "source": "WSJ",
    "title": "Google Pays More Than $1 Billion to Settle French Tax Cases",
    "published": "2019-09-12",
    "inference_result": [
      {
        "label": "negative",
        "score": 0.9146841764450073
      }
    ]
  },
  {
    "source": "WSJ",
    "title": "Top 2020 Democratic Candidates Spar Over Health Care in Third Debate",
    "published": "2019-09-12",
    "inference_result": [
      {
        "label": "neutral",
        "score": 0.9030100703239441
      }
    ]
  },
  {
    "source": "WSJ",
    "title": "Businesses Escalate Push for Trade Pact with Canada, Mexico",
    "published": "2019-09-12",
    "inference_result": [
      {
        "label": "negative",
        "score": 0.9343651533126831
      }
    ]
  },
  {
    "source": "WSJ",
    "title": "Economists Don\u2019t See Path to 3% Growth in 2019",
    "published": "2019-09-12",
    "inference_result": [
      {
        "label": "positive",
        "score": 0.7057918906211853
      }
    ]
  },
  {
    "source": "WSJ",
    "title": "Trump Wants Rates at \u2018Zero, or Less\u2019; Fedspeak Cheat Sheet; Why Rate Cuts in Europe Could Do More Harm Than Good",
    "published": "2019-09-12",
    "inference_result": [
      {
        "label": "negative",
        "score": 0.5370932221412659
      }
    ]
  },
  {
    "source": "WSJ",
    "title": "The Daily Shot: Truckers\u2019 Wages Outpace Long-Haul Transport Prices",
    "published": "2019-09-12",
    "inference_result": [
      {
        "label": "neutral",
        "score": 0.9467915296554565
      }
    ]
  },
  {
    "source": "WSJ",
    "title": "What\u2019s News: World-Wide",
    "published": "2019-09-12",
    "inference_result": [
      {
        "label": "neutral",
        "score": 0.951514720916748
      }
    ]
  },
  {
    "source": "WSJ",
    "title": "The Hot Talk Off the Runway at Fashion Week: Tariffs",
    "published": "2019-09-12",
    "inference_result": [
      {
        "label": "negative",
        "score": 0.5592978596687317
      }
    ]
  },
  {
    "source": "WSJ",
    "title": "What\u2019s News: World-Wide",
    "published": "2019-09-12",
    "inference_result": [
      {
        "label": "neutral",
        "score": 0.951514720916748
      }
    ]
  },
  {
    "source": "WSJ",
    "title": "Elizabeth Warren Urges New Social Security Taxes on Wealthy",
    "published": "2019-09-12",
    "inference_result": [
      {
        "label": "neutral",
        "score": 0.49417808651924133
      }
    ]
  },
  {
    "source": "WSJ",
    "title": "Square Wants to Be a Bank But Doesn\u2019t Want to Be Taxed Like One",
    "published": "2019-09-12",
    "inference_result": [
      {
        "label": "negative",
        "score": 0.9221531748771667
      }
    ]
  },
  {
    "source": "WSJ",
    "title": "Sen. Ron Wyden\u2019s Capital-Gains Tax Plan Devotes Trillions to Social Security",
    "published": "2019-09-12",
    "inference_result": [
      {
        "label": "neutral",
        "score": 0.9032444953918457
      }
    ]
  },
  {
    "source": "WSJ",
    "title": "Democrats\u2019 Puzzle: What to Do With Trump\u2019s Tax Cut?",
    "published": "2019-09-12",
    "inference_result": [
      {
        "label": "neutral",
        "score": 0.7258110642433167
      }
    ]
  },
  {
    "source": "WSJ",
    "title": "How Do You Tax a Baby Boomer?",
    "published": "2019-09-12",
    "inference_result": [
      {
        "label": "negative",
        "score": 0.567136824131012
      }
    ]
  },
  {
    "source": "WSJ",
    "title": "Draghi Leaves With No Exit",
    "published": "2019-09-12",
    "inference_result": [
      {
        "label": "neutral",
        "score": 0.7985469698905945
      }
    ]
  },
  {
    "source": "WSJ",
    "title": "Google Pays More Than $1 Billion to Settle French Tax Cases",
    "published": "2019-09-12",
    "inference_result": [
      {
        "label": "negative",
        "score": 0.9146841764450073
      }
    ]
  },
  {
    "source": "WSJ",
    "title": "Inflation Comes Back Into the Picture for the Fed",
    "published": "2019-09-12",
    "inference_result": [
      {
        "label": "positive",
        "score": 0.7746105790138245
      }
    ]
  },
  {
    "source": "WSJ",
    "title": "Why Rate Cuts in Europe Could Do More Harm Than Good",
    "published": "2019-09-12",
    "inference_result": [
      {
        "label": "negative",
        "score": 0.9552412033081055
      }
    ]
  },
  {
    "source": "WSJ",
    "title": "How Long Can China\u2019s Workers Tolerate China\u2019s Dictator?",
    "published": "2019-09-12",
    "inference_result": [
      {
        "label": "positive",
        "score": 0.6909840106964111
      }
    ]
  },
  {
    "source": "WSJ",
    "title": "Newsletter: China\u2019s Bid to Break Trade Deadlock, Negative Rates, Labor Shortages",
    "published": "2019-09-12",
    "inference_result": [
      {
        "label": "neutral",
        "score": 0.941470742225647
      }
    ]
  }
]