[
  {
    "source": "WSJ",
    "title": "Hardware Startups Struggle to Cope With Tariffs on Chinese Goods",
    "published": "2019-06-21",
    "inference_result": [
      {
        "label": "positive",
        "score": 0.7933676242828369
      }
    ]
  },
  {
    "source": "WSJ",
    "title": "Today\u2019s Logistics Report: Mega-Ship Shopping; Apple\u2019s Core Conflicts; Oiling the Waters",
    "published": "2019-06-21",
    "inference_result": [
      {
        "label": "neutral",
        "score": 0.8955612778663635
      }
    ]
  },
  {
    "source": "WSJ",
    "title": "The Daily Shot: Foreigners Own $18 Trillion of U.S. Stocks and Bonds",
    "published": "2019-06-21",
    "inference_result": [
      {
        "label": "neutral",
        "score": 0.9467915296554565
      }
    ]
  },
  {
    "source": "WSJ",
    "title": "Make America Even Greater",
    "published": "2019-06-21",
    "inference_result": [
      {
        "label": "neutral",
        "score": 0.9180005192756653
      }
    ]
  },
  {
    "source": "WSJ",
    "title": "Apple Explores Moving Some Production Out of China",
    "published": "2019-06-21",
    "inference_result": [
      {
        "label": "negative",
        "score": 0.9234173893928528
      }
    ]
  },
  {
    "source": "WSJ",
    "title": "Carriers Evergreen, Hapag-Lloyd Seeking Megaships Worth $2.2 Billion",
    "published": "2019-06-21",
    "inference_result": [
      {
        "label": "positive",
        "score": 0.857511043548584
      }
    ]
  },
  {
    "source": "WSJ",
    "title": "Hardware Startups Struggle to Cope With Tariffs on Chinese Goods",
    "published": "2019-06-21",
    "inference_result": [
      {
        "label": "positive",
        "score": 0.7933676242828369
      }
    ]
  },
  {
    "source": "WSJ",
    "title": "PE Daily: New Kings of Venture-Backed IPOs | Nexxus Capital\u2019s Partners Split Up | New Mountain Exits Equian",
    "published": "2019-06-21",
    "inference_result": [
      {
        "label": "positive",
        "score": 0.8036785125732422
      }
    ]
  },
  {
    "source": "WSJ",
    "title": "Vice President Pence to Postpone Policy Address on China Ahead of Trump-Xi Meeting",
    "published": "2019-06-21",
    "inference_result": [
      {
        "label": "negative",
        "score": 0.8371062278747559
      }
    ]
  },
  {
    "source": "WSJ",
    "title": "The World Doesn\u2019t Need Trouble in Chinese Steel",
    "published": "2019-06-21",
    "inference_result": [
      {
        "label": "negative",
        "score": 0.9657395482063293
      }
    ]
  },
  {
    "source": "WSJ",
    "title": "The World Doesn\u2019t Need Trouble in Chinese Steel",
    "published": "2019-06-21",
    "inference_result": [
      {
        "label": "negative",
        "score": 0.9657395482063293
      }
    ]
  }
]