[
  {
    "source": "WSJ",
    "title": "The Bond Market Vs. the Fed; Trade Dispute Puts Fed in a Bind; Bank of Canada Holds Rates Steady",
    "published": "2019-05-29",
    "inference_result": [
      {
        "label": "negative",
        "score": 0.9528388977050781
      }
    ]
  },
  {
    "source": "WSJ",
    "title": "Canada Introduces Legislation to Ratify North American Trade Pact",
    "published": "2019-05-29",
    "inference_result": [
      {
        "label": "positive",
        "score": 0.6746498942375183
      }
    ]
  },
  {
    "source": "WSJ",
    "title": "A Tariff Issue on Which Free and Fair Traders Can Agree",
    "published": "2019-05-29",
    "inference_result": [
      {
        "label": "negative",
        "score": 0.6084985136985779
      }
    ]
  },
  {
    "source": "WSJ",
    "title": "The Real Winners From Trump\u2019s Tariffs Are China\u2019s Neighbors",
    "published": "2019-05-29",
    "inference_result": [
      {
        "label": "negative",
        "score": 0.6963685154914856
      }
    ]
  },
  {
    "source": "WSJ",
    "title": "\u2018No Deal\u2019 Brexit Returns to Forefront of Debate",
    "published": "2019-05-29",
    "inference_result": [
      {
        "label": "negative",
        "score": 0.851460874080658
      }
    ]
  },
  {
    "source": "WSJ",
    "title": "Australia\u2019s Wobbly Growth Streak Has Some Seeing Easy Money on the Way",
    "published": "2019-05-29",
    "inference_result": [
      {
        "label": "negative",
        "score": 0.7240380644798279
      }
    ]
  },
  {
    "source": "WSJ",
    "title": "An Auto Deal Made in EV Heaven",
    "published": "2019-05-29",
    "inference_result": [
      {
        "label": "neutral",
        "score": 0.6944063901901245
      }
    ]
  },
  {
    "source": "WSJ",
    "title": "Oil Prices Slide on Demand Fears",
    "published": "2019-05-29",
    "inference_result": [
      {
        "label": "negative",
        "score": 0.9679149389266968
      }
    ]
  },
  {
    "source": "WSJ",
    "title": "Rising U.S. Stockpiles Are Latest Trigger for Oil-Price Swings",
    "published": "2019-05-29",
    "inference_result": [
      {
        "label": "positive",
        "score": 0.5837609171867371
      }
    ]
  },
  {
    "source": "WSJ",
    "title": "Global Bond Yields Fall Near Multiyear Lows",
    "published": "2019-05-29",
    "inference_result": [
      {
        "label": "negative",
        "score": 0.9294541478157043
      }
    ]
  },
  {
    "source": "WSJ",
    "title": "An Auto Deal Made in EV Heaven",
    "published": "2019-05-29",
    "inference_result": [
      {
        "label": "neutral",
        "score": 0.6944063901901245
      }
    ]
  },
  {
    "source": "WSJ",
    "title": "Bank of Canada Keeps Key Rate Unchanged",
    "published": "2019-05-29",
    "inference_result": [
      {
        "label": "positive",
        "score": 0.5256209373474121
      }
    ]
  },
  {
    "source": "WSJ",
    "title": "Trade Fight, Curbs on Huawei Threaten 5G Growth in U.S.",
    "published": "2019-05-29",
    "inference_result": [
      {
        "label": "neutral",
        "score": 0.7516658902168274
      }
    ]
  },
  {
    "source": "WSJ",
    "title": "The Real Winners From Trump\u2019s Tariffs Are China\u2019s Neighbors",
    "published": "2019-05-29",
    "inference_result": [
      {
        "label": "negative",
        "score": 0.6963685154914856
      }
    ]
  },
  {
    "source": "WSJ",
    "title": "Real Time Economics: Investors Worry Expansion is Nearing an End",
    "published": "2019-05-29",
    "inference_result": [
      {
        "label": "neutral",
        "score": 0.941470742225647
      }
    ]
  },
  {
    "source": "WSJ",
    "title": "New York State Lawmakers Weigh Single-Payer Health Bill",
    "published": "2019-05-29",
    "inference_result": [
      {
        "label": "neutral",
        "score": 0.8406550884246826
      }
    ]
  },
  {
    "source": "WSJ",
    "title": "Real Time Economics: Investors Worry Expansion is Nearing an End",
    "published": "2019-05-29",
    "inference_result": [
      {
        "label": "neutral",
        "score": 0.941470742225647
      }
    ]
  },
  {
    "source": "WSJ",
    "title": "Dollar Rises as Investors Seek Safety",
    "published": "2019-05-29",
    "inference_result": [
      {
        "label": "positive",
        "score": 0.9413236975669861
      }
    ]
  },
  {
    "source": "WSJ",
    "title": "Abercrombie Blames Mall Woes for Slow Sales",
    "published": "2019-05-29",
    "inference_result": [
      {
        "label": "negative",
        "score": 0.9521651268005371
      }
    ]
  },
  {
    "source": "WSJ",
    "title": "A Government Auto Merger",
    "published": "2019-05-29",
    "inference_result": [
      {
        "label": "neutral",
        "score": 0.6710889339447021
      }
    ]
  },
  {
    "source": "WSJ",
    "title": "Treasury Department Declines to Designate China a Currency Manipulator",
    "published": "2019-05-29",
    "inference_result": [
      {
        "label": "neutral",
        "score": 0.6093251705169678
      }
    ]
  },
  {
    "source": "WSJ",
    "title": "Must Xi TV: Popular Chinese and American Anchors Square Off on Trade",
    "published": "2019-05-29",
    "inference_result": [
      {
        "label": "positive",
        "score": 0.8870421051979065
      }
    ]
  }
]