[
  {
    "source": "WSJ",
    "title": "Never Mind Those Tweets, Trump\u2019s 2020 Re-Election Team Wants Order and Discipline",
    "published": "2019-06-15",
    "inference_result": [
      {
        "label": "neutral",
        "score": 0.9121559858322144
      }
    ]
  },
  {
    "source": "WSJ",
    "title": "China\u2019s Economy Shows Fresh Signs of Weakness",
    "published": "2019-06-15",
    "inference_result": [
      {
        "label": "negative",
        "score": 0.9730158448219299
      }
    ]
  },
  {
    "source": "WSJ",
    "title": "Hong Kong\u2019s Clout as a Global Financial Center Clouded by Uncertainty",
    "published": "2019-06-15",
    "inference_result": [
      {
        "label": "neutral",
        "score": 0.4175083041191101
      }
    ]
  },
  {
    "source": "WSJ",
    "title": "Mexico Releases Terms of Migration Deal With Trump",
    "published": "2019-06-15",
    "inference_result": [
      {
        "label": "neutral",
        "score": 0.5216044187545776
      }
    ]
  },
  {
    "source": "WSJ",
    "title": "Justice Memo Backs Mnuchin on Trump Tax Returns",
    "published": "2019-06-15",
    "inference_result": [
      {
        "label": "neutral",
        "score": 0.6596148610115051
      }
    ]
  }
]