[
  {
    "source": "WSJ",
    "title": "When It Comes to Tariffs, Many U.S. Companies Are on China\u2019s Side",
    "published": "2019-06-27",
    "inference_result": [
      {
        "label": "negative",
        "score": 0.9619749188423157
      }
    ]
  },
  {
    "source": "WSJ",
    "title": "American Tariffs on China Are Being Blunted by Trade Cheats",
    "published": "2019-06-27",
    "inference_result": [
      {
        "label": "positive",
        "score": 0.8852205276489258
      }
    ]
  },
  {
    "source": "WSJ",
    "title": "Stocks Rise as Investors Hope for Trade Progress",
    "published": "2019-06-27",
    "inference_result": [
      {
        "label": "negative",
        "score": 0.9662833213806152
      }
    ]
  },
  {
    "source": "WSJ",
    "title": "Trump Says \u2019We Should Have Draghi Instead\u2019; BOJ Policy Pinches Banks; Libra Vs. the Dollar and Banks",
    "published": "2019-06-27",
    "inference_result": [
      {
        "label": "negative",
        "score": 0.9030089378356934
      }
    ]
  },
  {
    "source": "WSJ",
    "title": "What\u2019s News: World-Wide",
    "published": "2019-06-27",
    "inference_result": [
      {
        "label": "neutral",
        "score": 0.951514720916748
      }
    ]
  },
  {
    "source": "WSJ",
    "title": "Real Time Economics: Settle the Trade Fight? China Has Its Terms",
    "published": "2019-06-27",
    "inference_result": [
      {
        "label": "neutral",
        "score": 0.941470742225647
      }
    ]
  },
  {
    "source": "WSJ",
    "title": "Bank of Mexico Maintains Interest Rates in Split Vote",
    "published": "2019-06-27",
    "inference_result": [
      {
        "label": "neutral",
        "score": 0.7410883903503418
      }
    ]
  },
  {
    "source": "WSJ",
    "title": "An Open Letter to Patriotic Billionaires",
    "published": "2019-06-27",
    "inference_result": [
      {
        "label": "neutral",
        "score": 0.8420666456222534
      }
    ]
  },
  {
    "source": "WSJ",
    "title": "U.S. Economy Grew at Unrevised 3.1% Rate in First Quarter",
    "published": "2019-06-27",
    "inference_result": [
      {
        "label": "negative",
        "score": 0.8030732870101929
      }
    ]
  }
]