[
  {
    "source": "WSJ",
    "title": "U.S. Seeks to Resolve Other Trade Disputes Amid China Impasse",
    "published": "2019-05-17",
    "inference_result": [
      {
        "label": "negative",
        "score": 0.7762650847434998
      }
    ]
  },
  {
    "source": "WSJ",
    "title": "U.S. Reaches Deal With Canada, Mexico to End Steel and Aluminum Tariffs",
    "published": "2019-05-17",
    "inference_result": [
      {
        "label": "negative",
        "score": 0.8660739064216614
      }
    ]
  },
  {
    "source": "WSJ",
    "title": "China Says It Doesn\u2019t Know About U.S. Plans for Beijing Trade Talks",
    "published": "2019-05-17",
    "inference_result": [
      {
        "label": "negative",
        "score": 0.9659557342529297
      }
    ]
  },
  {
    "source": "WSJ",
    "title": "Companies Focused on North American Trade Welcome Potential Relief",
    "published": "2019-05-17",
    "inference_result": [
      {
        "label": "positive",
        "score": 0.8683540225028992
      }
    ]
  },
  {
    "source": "WSJ",
    "title": "White House Puts Off Final Decision on Auto Tariffs for 180 Days",
    "published": "2019-05-17",
    "inference_result": [
      {
        "label": "negative",
        "score": 0.9485804438591003
      }
    ]
  },
  {
    "source": "WSJ",
    "title": "Companies Focused on North American Trade Welcome Potential Relief",
    "published": "2019-05-17",
    "inference_result": [
      {
        "label": "positive",
        "score": 0.8683540225028992
      }
    ]
  },
  {
    "source": "WSJ",
    "title": "Tariffs Put a Dent in the Bicycle Business",
    "published": "2019-05-17",
    "inference_result": [
      {
        "label": "negative",
        "score": 0.9523637890815735
      }
    ]
  },
  {
    "source": "WSJ",
    "title": "U.S. Reduces Special Tariff on Turkish Steel",
    "published": "2019-05-17",
    "inference_result": [
      {
        "label": "positive",
        "score": 0.824441134929657
      }
    ]
  },
  {
    "source": "WSJ",
    "title": "Canadian Soybeans Come Under Heavier Chinese Scrutiny",
    "published": "2019-05-17",
    "inference_result": [
      {
        "label": "positive",
        "score": 0.5908805131912231
      }
    ]
  },
  {
    "source": "WSJ",
    "title": "The Score: The Business Week in 7 Stocks",
    "published": "2019-05-17",
    "inference_result": [
      {
        "label": "neutral",
        "score": 0.8880681395530701
      }
    ]
  },
  {
    "source": "WSJ",
    "title": "Canadian Soybeans Come Under Heavier Chinese Scrutiny",
    "published": "2019-05-17",
    "inference_result": [
      {
        "label": "positive",
        "score": 0.5908805131912231
      }
    ]
  },
  {
    "source": "WSJ",
    "title": "Trade Battle Poses Risks for Junk-Loan Machinery",
    "published": "2019-05-17",
    "inference_result": [
      {
        "label": "negative",
        "score": 0.9667063355445862
      }
    ]
  },
  {
    "source": "WSJ",
    "title": "Deere Says Trouble on the Farm Will Drag on Profits, Sales",
    "published": "2019-05-17",
    "inference_result": [
      {
        "label": "negative",
        "score": 0.9742316603660583
      }
    ]
  },
  {
    "source": "WSJ",
    "title": "U.S. Consumer Sentiment Hits Highest Level in 15 Years",
    "published": "2019-05-17",
    "inference_result": [
      {
        "label": "positive",
        "score": 0.9358210563659668
      }
    ]
  },
  {
    "source": "WSJ",
    "title": "The Fed\u2019s Inflation Doubts; Kashkari Says Policy Has Been Too Tight; Bank of Mexico Holds Steady",
    "published": "2019-05-17",
    "inference_result": [
      {
        "label": "negative",
        "score": 0.8738835453987122
      }
    ]
  },
  {
    "source": "WSJ",
    "title": "Good News: Investors Have Been Nervous All Year",
    "published": "2019-05-17",
    "inference_result": [
      {
        "label": "neutral",
        "score": 0.872049868106842
      }
    ]
  },
  {
    "source": "WSJ",
    "title": "U.S.-China Talks Ignore Global Trade Rules",
    "published": "2019-05-17",
    "inference_result": [
      {
        "label": "neutral",
        "score": 0.8646595478057861
      }
    ]
  },
  {
    "source": "WSJ",
    "title": "Companies Focused on North American Trade Welcome Potential Relief",
    "published": "2019-05-17",
    "inference_result": [
      {
        "label": "positive",
        "score": 0.8683540225028992
      }
    ]
  },
  {
    "source": "WSJ",
    "title": "When to Save for Retirement in a Roth 401(k)",
    "published": "2019-05-17",
    "inference_result": [
      {
        "label": "neutral",
        "score": 0.8359575867652893
      }
    ]
  },
  {
    "source": "WSJ",
    "title": "Japan\u2019s Banks Are About to Get Even Feebler",
    "published": "2019-05-17",
    "inference_result": [
      {
        "label": "negative",
        "score": 0.9608385562896729
      }
    ]
  },
  {
    "source": "WSJ",
    "title": "Mitch McConnell on Judges and the \u2018Graveyard\u2019",
    "published": "2019-05-17",
    "inference_result": [
      {
        "label": "neutral",
        "score": 0.8056634664535522
      }
    ]
  },
  {
    "source": "WSJ",
    "title": "Markets Create Their Own Reality",
    "published": "2019-05-17",
    "inference_result": [
      {
        "label": "neutral",
        "score": 0.6514648795127869
      }
    ]
  },
  {
    "source": "WSJ",
    "title": "Don\u2019t Give Trump Too Much Credit for the Soaring Economy",
    "published": "2019-05-17",
    "inference_result": [
      {
        "label": "neutral",
        "score": 0.6843512058258057
      }
    ]
  },
  {
    "source": "WSJ",
    "title": "Real Time Economics: Immigrants Are a Growing Force in the U.S. Economy",
    "published": "2019-05-17",
    "inference_result": [
      {
        "label": "neutral",
        "score": 0.941470742225647
      }
    ]
  },
  {
    "source": "WSJ",
    "title": "Canada\u2019s Poloz Suggests Jobs Data Reflect Economy\u2019s Strength",
    "published": "2019-05-17",
    "inference_result": [
      {
        "label": "positive",
        "score": 0.8925611972808838
      }
    ]
  },
  {
    "source": "WSJ",
    "title": "Gold Slides With Dollar Rallying",
    "published": "2019-05-17",
    "inference_result": [
      {
        "label": "neutral",
        "score": 0.7659405469894409
      }
    ]
  },
  {
    "source": "WSJ",
    "title": "Today\u2019s Logistics Report: Tangled Supply Chains; Walmart Stocking Up; Targeting Soybeans",
    "published": "2019-05-17",
    "inference_result": [
      {
        "label": "neutral",
        "score": 0.8955612778663635
      }
    ]
  },
  {
    "source": "WSJ",
    "title": "Oil Inches Lower, Still Logs Weekly Gain",
    "published": "2019-05-17",
    "inference_result": [
      {
        "label": "positive",
        "score": 0.7259002923965454
      }
    ]
  },
  {
    "source": "WSJ",
    "title": "The Daily Shot: The Cost of Inadequate Infrastructure",
    "published": "2019-05-17",
    "inference_result": [
      {
        "label": "neutral",
        "score": 0.9467915296554565
      }
    ]
  },
  {
    "source": "WSJ",
    "title": "\u2018Dead-Cat Bounce\u2019: A Morbid Metaphor for a Brief Market Rally",
    "published": "2019-05-17",
    "inference_result": [
      {
        "label": "negative",
        "score": 0.800524115562439
      }
    ]
  }
]