[
  {
    "source": "WSJ",
    "title": "Bond-Yield Plunge Confounds; Clarida Says Fed Stands Ready to Cut Rates; Banks Ace Stress Tests",
    "published": "2019-06-24",
    "inference_result": [
      {
        "label": "negative",
        "score": 0.9467889666557312
      }
    ]
  },
  {
    "source": "WSJ",
    "title": "Sagging Trade Flows Spark Alarm Before G-20 Meeting",
    "published": "2019-06-24",
    "inference_result": [
      {
        "label": "positive",
        "score": 0.9094504117965698
      }
    ]
  },
  {
    "source": "WSJ",
    "title": "Tweets, Trade and the Fed Now Have Markets Moving in Packs",
    "published": "2019-06-24",
    "inference_result": [
      {
        "label": "neutral",
        "score": 0.8866576552391052
      }
    ]
  },
  {
    "source": "WSJ",
    "title": "Dallas Fed President: Too Early to Tell Whether Rate Cut Will Be Warranted",
    "published": "2019-06-24",
    "inference_result": [
      {
        "label": "neutral",
        "score": 0.7721825838088989
      }
    ]
  },
  {
    "source": "WSJ",
    "title": "Lawmakers Skeptical of Asylum-Law Changes in Two Weeks",
    "published": "2019-06-24",
    "inference_result": [
      {
        "label": "negative",
        "score": 0.5385798215866089
      }
    ]
  },
  {
    "source": "WSJ",
    "title": "Bond-Yield Plunge Confounds the World\u2019s Economy",
    "published": "2019-06-24",
    "inference_result": [
      {
        "label": "negative",
        "score": 0.957216203212738
      }
    ]
  },
  {
    "source": "WSJ",
    "title": "Mexican Inflation Eased in Early June",
    "published": "2019-06-24",
    "inference_result": [
      {
        "label": "negative",
        "score": 0.7283395528793335
      }
    ]
  },
  {
    "source": "WSJ",
    "title": "Icahn\u2019s Caesars Bet Was Smart, Not Just Lucky",
    "published": "2019-06-24",
    "inference_result": [
      {
        "label": "neutral",
        "score": 0.8526833653450012
      }
    ]
  },
  {
    "source": "WSJ",
    "title": "VC Daily: Trade Tensions Hit Startups; WeWork Lawsuit; Linking Mobile Apps",
    "published": "2019-06-24",
    "inference_result": [
      {
        "label": "negative",
        "score": 0.6810641288757324
      }
    ]
  },
  {
    "source": "WSJ",
    "title": "U.S. Considers Requiring 5G Equipment for Domestic Use Be Made Outside China",
    "published": "2019-06-24",
    "inference_result": [
      {
        "label": "negative",
        "score": 0.7816238403320312
      }
    ]
  },
  {
    "source": "WSJ",
    "title": "Trump Says Federal Reserve \u2018Doesn\u2019t Know What It Is Doing\u2019",
    "published": "2019-06-24",
    "inference_result": [
      {
        "label": "negative",
        "score": 0.8937568664550781
      }
    ]
  },
  {
    "source": "WSJ",
    "title": "Don\u2019t Pick a Fight With the People\u2019s Bank of China",
    "published": "2019-06-24",
    "inference_result": [
      {
        "label": "neutral",
        "score": 0.7798475623130798
      }
    ]
  }
]