[
  {
    "source": "WSJ",
    "title": "Real Time Economics: The Fed\u2019s Next Cut, Lagarde\u2019s Tall Task and Energy\u2019s Step Back",
    "published": "2019-07-19",
    "inference_result": [
      {
        "label": "neutral",
        "score": 0.941470742225647
      }
    ]
  },
  {
    "source": "WSJ",
    "title": "Today\u2019s Logistics Report: Raising Railroad Efficiency; Bulking Up Rates; Amazon\u2019s Merchant Deal",
    "published": "2019-07-19",
    "inference_result": [
      {
        "label": "neutral",
        "score": 0.8955612778663635
      }
    ]
  },
  {
    "source": "WSJ",
    "title": "Transcript: WSJ Interview With St. Louis Fed President James Bullard",
    "published": "2019-07-19",
    "inference_result": [
      {
        "label": "neutral",
        "score": 0.9362196922302246
      }
    ]
  },
  {
    "source": "WSJ",
    "title": "Boston Fed\u2019s Rosengren Says Recent Economic Developments Have Been Positive",
    "published": "2019-07-19",
    "inference_result": [
      {
        "label": "negative",
        "score": 0.8502323031425476
      }
    ]
  },
  {
    "source": "WSJ",
    "title": "When It Comes to Taxes, Sometimes It Pays to Say \u2018I Don\u2019t\u2019",
    "published": "2019-07-19",
    "inference_result": [
      {
        "label": "neutral",
        "score": 0.8812482953071594
      }
    ]
  },
  {
    "source": "WSJ",
    "title": "The Most Important Ingredient in Hit Cooking Videos\u2014Beautiful Hands",
    "published": "2019-07-19",
    "inference_result": [
      {
        "label": "neutral",
        "score": 0.8838182687759399
      }
    ]
  },
  {
    "source": "WSJ",
    "title": "Central American Migrants Are \u2018Voting With Their Feet\u2019 Despite U.S. Threats",
    "published": "2019-07-19",
    "inference_result": [
      {
        "label": "negative",
        "score": 0.48511794209480286
      }
    ]
  },
  {
    "source": "WSJ",
    "title": "Transcript: WSJ Interview With Boston Fed President Eric Rosengren",
    "published": "2019-07-19",
    "inference_result": [
      {
        "label": "neutral",
        "score": 0.9425788521766663
      }
    ]
  }
]