[
  {
    "source": "WSJ",
    "title": "Trump, California Showdown on Fuel-Economy Rules Divides Auto Makers",
    "published": "2019-08-21",
    "inference_result": [
      {
        "label": "negative",
        "score": 0.8462613821029663
      }
    ]
  },
  {
    "source": "WSJ",
    "title": "In Reversal, Trump Says He Is No Longer Considering Tax Cuts",
    "published": "2019-08-21",
    "inference_result": [
      {
        "label": "neutral",
        "score": 0.6208040118217468
      }
    ]
  },
  {
    "source": "WSJ",
    "title": "Newsletter: Trump Considers Steps to Spur Economy, College-Educated Women Reshape the Workplace",
    "published": "2019-08-21",
    "inference_result": [
      {
        "label": "neutral",
        "score": 0.5782542824745178
      }
    ]
  },
  {
    "source": "WSJ",
    "title": "U.S. Job Growth Weaker Through March Than Earlier Reported, New Data Show",
    "published": "2019-08-21",
    "inference_result": [
      {
        "label": "negative",
        "score": 0.9679571390151978
      }
    ]
  },
  {
    "source": "WSJ",
    "title": "Slowing Share Buybacks Remove a Pillar of Stock Market",
    "published": "2019-08-21",
    "inference_result": [
      {
        "label": "negative",
        "score": 0.8943650722503662
      }
    ]
  },
  {
    "source": "WSJ",
    "title": "Capital-Gains Tax Change Would Drive Only Modest Economic Boost, Economists Say",
    "published": "2019-08-21",
    "inference_result": [
      {
        "label": "positive",
        "score": 0.6891489624977112
      }
    ]
  },
  {
    "source": "WSJ",
    "title": "Retail Divide Widens as Shoppers Seek Value and Convenience",
    "published": "2019-08-21",
    "inference_result": [
      {
        "label": "positive",
        "score": 0.9506160020828247
      }
    ]
  },
  {
    "source": "WSJ",
    "title": "What\u2019s News: Business & Finance",
    "published": "2019-08-21",
    "inference_result": [
      {
        "label": "neutral",
        "score": 0.9439567923545837
      }
    ]
  },
  {
    "source": "WSJ",
    "title": "History Will Remember the Trade War\u2019s Economic Impact, Not the Fed\u2019s",
    "published": "2019-08-21",
    "inference_result": [
      {
        "label": "neutral",
        "score": 0.7134111523628235
      }
    ]
  },
  {
    "source": "WSJ",
    "title": "Manufacturers Want to Quit China for Vietnam. They\u2019re Finding It Impossible.",
    "published": "2019-08-21",
    "inference_result": [
      {
        "label": "neutral",
        "score": 0.4956568777561188
      }
    ]
  },
  {
    "source": "WSJ",
    "title": "Capital-Gains Tax Change Would Drive Only Modest Economic Boost, Economists Say",
    "published": "2019-08-21",
    "inference_result": [
      {
        "label": "positive",
        "score": 0.6891489624977112
      }
    ]
  },
  {
    "source": "WSJ",
    "title": "In Reversal, Trump Says He Is No Longer Considering Tax Cuts",
    "published": "2019-08-21",
    "inference_result": [
      {
        "label": "neutral",
        "score": 0.6208040118217468
      }
    ]
  },
  {
    "source": "WSJ",
    "title": "Cut the Trump Uncertainty Tax",
    "published": "2019-08-21",
    "inference_result": [
      {
        "label": "negative",
        "score": 0.7153603434562683
      }
    ]
  },
  {
    "source": "WSJ",
    "title": "Goldman Pursues Majority Stake in Chinese Venture",
    "published": "2019-08-21",
    "inference_result": [
      {
        "label": "positive",
        "score": 0.8747050762176514
      }
    ]
  },
  {
    "source": "WSJ",
    "title": "Federal Deficits to Grow More Than Expected Over Next Decade, CBO Says",
    "published": "2019-08-21",
    "inference_result": [
      {
        "label": "positive",
        "score": 0.9280905723571777
      }
    ]
  },
  {
    "source": "WSJ",
    "title": "Pro Bankruptcy Briefing: Creditors, Developers Eye Philly Hospital\u2019s Real Estate | Endo Stock, Bonds Jump on Opioid Settlement | Avenue Confident a Buyer Will Emerge for Online Business",
    "published": "2019-08-21",
    "inference_result": [
      {
        "label": "positive",
        "score": 0.9077977538108826
      }
    ]
  },
  {
    "source": "WSJ",
    "title": "Crop Scouts Size Up a Tough Year on the Farm",
    "published": "2019-08-21",
    "inference_result": [
      {
        "label": "negative",
        "score": 0.9645896553993225
      }
    ]
  },
  {
    "source": "WSJ",
    "title": "Fed Officials Viewed July Rate Cut as \u2018Recalibration\u2019 of Policy",
    "published": "2019-08-21",
    "inference_result": [
      {
        "label": "negative",
        "score": 0.9424830675125122
      }
    ]
  },
  {
    "source": "WSJ",
    "title": "As the Fed Frets, Retailers Rake in Sales",
    "published": "2019-08-21",
    "inference_result": [
      {
        "label": "positive",
        "score": 0.9244012832641602
      }
    ]
  },
  {
    "source": "WSJ",
    "title": "Fed Minutes to Show Extent of Committee Divisions on Last Month\u2019s Rate Cut",
    "published": "2019-08-21",
    "inference_result": [
      {
        "label": "negative",
        "score": 0.6057312488555908
      }
    ]
  },
  {
    "source": "WSJ",
    "title": "Target Extends Growth Streak With Strong Sales and Profit",
    "published": "2019-08-21",
    "inference_result": [
      {
        "label": "positive",
        "score": 0.8807076215744019
      }
    ]
  }
]