[
  {
    "source": "WSJ",
    "title": "Newsletter: Red and Blue Economies, the Fed\u2019s Subtle Message and India\u2019s Big Tax Cut",
    "published": "2019-09-20",
    "inference_result": [
      {
        "label": "neutral",
        "score": 0.941470742225647
      }
    ]
  },
  {
    "source": "WSJ",
    "title": "U.S. Grants Apple 10 Exemptions from Tariffs on Chinese Imports",
    "published": "2019-09-20",
    "inference_result": [
      {
        "label": "neutral",
        "score": 0.900848925113678
      }
    ]
  },
  {
    "source": "WSJ",
    "title": "U.S. Grants Apple 10 Exemptions from Tariffs on Chinese Imports",
    "published": "2019-09-20",
    "inference_result": [
      {
        "label": "neutral",
        "score": 0.900848925113678
      }
    ]
  },
  {
    "source": "WSJ",
    "title": "Kamala Harris Takes Aim at a Rising Elizabeth Warren",
    "published": "2019-09-20",
    "inference_result": [
      {
        "label": "negative",
        "score": 0.44653430581092834
      }
    ]
  },
  {
    "source": "WSJ",
    "title": "Goldman, China\u2019s Sovereign-Wealth Fund Begin Investing in U.S. Manufacturing",
    "published": "2019-09-20",
    "inference_result": [
      {
        "label": "negative",
        "score": 0.47806552052497864
      }
    ]
  },
  {
    "source": "WSJ",
    "title": "Kamala Harris Takes Aim at a Rising Elizabeth Warren",
    "published": "2019-09-20",
    "inference_result": [
      {
        "label": "negative",
        "score": 0.44653430581092834
      }
    ]
  },
  {
    "source": "WSJ",
    "title": "Analysis: Powell\u2019s Subtle Messaging to Trump on Trade Fight",
    "published": "2019-09-20",
    "inference_result": [
      {
        "label": "neutral",
        "score": 0.8734927177429199
      }
    ]
  },
  {
    "source": "WSJ",
    "title": "Trump Says He Wants \u2018Complete Deal\u2019 With China",
    "published": "2019-09-20",
    "inference_result": [
      {
        "label": "negative",
        "score": 0.6096023917198181
      }
    ]
  },
  {
    "source": "WSJ",
    "title": "Trump, Australian Prime Minister Look to Reinforce an at-Times Strained Alliance",
    "published": "2019-09-20",
    "inference_result": [
      {
        "label": "neutral",
        "score": 0.8997647166252136
      }
    ]
  },
  {
    "source": "WSJ",
    "title": "Indian Prime Minister Modi, in Visit to U.S., Seeks to Ease Trade Tensions",
    "published": "2019-09-20",
    "inference_result": [
      {
        "label": "negative",
        "score": 0.8585188388824463
      }
    ]
  },
  {
    "source": "WSJ",
    "title": "Newsletter: Red and Blue Economies, the Fed\u2019s Subtle Message and India\u2019s Big Tax Cut",
    "published": "2019-09-20",
    "inference_result": [
      {
        "label": "neutral",
        "score": 0.941470742225647
      }
    ]
  },
  {
    "source": "WSJ",
    "title": "Students Take to the Streets for Day of Action on Climate Change",
    "published": "2019-09-20",
    "inference_result": [
      {
        "label": "neutral",
        "score": 0.838981032371521
      }
    ]
  },
  {
    "source": "WSJ",
    "title": "U.S. Grants Apple 10 Exemptions from Tariffs on Chinese Imports",
    "published": "2019-09-20",
    "inference_result": [
      {
        "label": "neutral",
        "score": 0.900848925113678
      }
    ]
  },
  {
    "source": "WSJ",
    "title": "Indian Prime Minister Modi, in Visit to U.S., Seeks to Ease Trade Tensions",
    "published": "2019-09-20",
    "inference_result": [
      {
        "label": "negative",
        "score": 0.8585188388824463
      }
    ]
  },
  {
    "source": "WSJ",
    "title": "Apple\u2019s Challenge for iPhone 11: Halt Sales Slide in China",
    "published": "2019-09-20",
    "inference_result": [
      {
        "label": "positive",
        "score": 0.49156638979911804
      }
    ]
  }
]