[
  {
    "source": "WSJ",
    "title": "Transcript: Fed Chairman Jerome Powell\u2019s Postmeeting Press Conference",
    "published": "2019-09-18",
    "inference_result": [
      {
        "label": "neutral",
        "score": 0.9301756024360657
      }
    ]
  },
  {
    "source": "WSJ",
    "title": "When Presidents Pummel the Fed",
    "published": "2019-09-18",
    "inference_result": [
      {
        "label": "neutral",
        "score": 0.5876323580741882
      }
    ]
  },
  {
    "source": "WSJ",
    "title": "WSJ Wealth Adviser Briefing: Real Estate Disruption, Wealthy Women, Teacher Trouble",
    "published": "2019-09-18",
    "inference_result": [
      {
        "label": "neutral",
        "score": 0.9272052049636841
      }
    ]
  },
  {
    "source": "WSJ",
    "title": "Newsletter: Fed Jumps Into Markets, Saudis Restore Some Production, the Army is Looking for a Few More Good Men",
    "published": "2019-09-18",
    "inference_result": [
      {
        "label": "neutral",
        "score": 0.941470742225647
      }
    ]
  },
  {
    "source": "WSJ",
    "title": "Oil Spikes, Auto Strikes Join List of Supply Shocks",
    "published": "2019-09-18",
    "inference_result": [
      {
        "label": "neutral",
        "score": 0.5321946740150452
      }
    ]
  },
  {
    "source": "WSJ",
    "title": "The Colbert Report on Elizabeth Warren",
    "published": "2019-09-18",
    "inference_result": [
      {
        "label": "neutral",
        "score": 0.9229127764701843
      }
    ]
  },
  {
    "source": "WSJ",
    "title": "Powell Walks the Line",
    "published": "2019-09-18",
    "inference_result": [
      {
        "label": "negative",
        "score": 0.9391980767250061
      }
    ]
  }
]