[
  {
    "source": "WSJ",
    "title": "Paying for Mexico\u2019s Wall",
    "published": "2019-06-09",
    "inference_result": [
      {
        "label": "negative",
        "score": 0.906830370426178
      }
    ]
  },
  {
    "source": "WSJ",
    "title": "Debating the Uses of Donald Trump\u2019s Tariffs",
    "published": "2019-06-09",
    "inference_result": [
      {
        "label": "negative",
        "score": 0.959880530834198
      }
    ]
  },
  {
    "source": "WSJ",
    "title": "Bad News on Trade Is Good News for Banks, at Least for Now",
    "published": "2019-06-09",
    "inference_result": [
      {
        "label": "negative",
        "score": 0.8545106649398804
      }
    ]
  },
  {
    "source": "WSJ",
    "title": "Crowds Turn Out to Cheer Mexico\u2019s President\u2014And the Deal He Struck With Trump",
    "published": "2019-06-09",
    "inference_result": [
      {
        "label": "negative",
        "score": 0.7090219259262085
      }
    ]
  },
  {
    "source": "WSJ",
    "title": "The Fed Should Ignore Trump and Contemplate Cuts for the Right Reasons",
    "published": "2019-06-09",
    "inference_result": [
      {
        "label": "neutral",
        "score": 0.5000143647193909
      }
    ]
  },
  {
    "source": "WSJ",
    "title": "Top U.S., Chinese Officials Break the Ice on Trade",
    "published": "2019-06-09",
    "inference_result": [
      {
        "label": "neutral",
        "score": 0.7557480335235596
      }
    ]
  },
  {
    "source": "WSJ",
    "title": "Debating the Uses of Donald Trump\u2019s Tariffs",
    "published": "2019-06-09",
    "inference_result": [
      {
        "label": "negative",
        "score": 0.959880530834198
      }
    ]
  },
  {
    "source": "WSJ",
    "title": "The Fed Should Ignore Trump and Contemplate Cuts for the Right Reasons",
    "published": "2019-06-09",
    "inference_result": [
      {
        "label": "neutral",
        "score": 0.5000143647193909
      }
    ]
  }
]