[
  {
    "source": "WSJ",
    "title": "I\u2019m Running to Save Capitalism",
    "published": "2019-05-05",
    "inference_result": [
      {
        "label": "negative",
        "score": 0.7385634183883667
      }
    ]
  },
  {
    "source": "WSJ",
    "title": "Macquarie Gets a Foothold in U.S.-Asia Ocean Trade",
    "published": "2019-05-05",
    "inference_result": [
      {
        "label": "positive",
        "score": 0.7977049946784973
      }
    ]
  },
  {
    "source": "WSJ",
    "title": "Don\u2019t Let Warren Politicize Accounting",
    "published": "2019-05-05",
    "inference_result": [
      {
        "label": "negative",
        "score": 0.9411126971244812
      }
    ]
  }
]