[
  {
    "source": "WSJ",
    "title": "Tiffany Stung by Drop in Tourist Spending in U.S.",
    "published": "2019-06-04",
    "inference_result": [
      {
        "label": "negative",
        "score": 0.9709572792053223
      }
    ]
  },
  {
    "source": "WSJ",
    "title": "Mexico Warns of Retaliation for U.S. Tariffs",
    "published": "2019-06-04",
    "inference_result": [
      {
        "label": "negative",
        "score": 0.6981557607650757
      }
    ]
  },
  {
    "source": "WSJ",
    "title": "Trump Says Tariffs on Mexico Are Likely",
    "published": "2019-06-04",
    "inference_result": [
      {
        "label": "negative",
        "score": 0.6174154877662659
      }
    ]
  },
  {
    "source": "WSJ",
    "title": "Trade Tensions Worry Ship Operators",
    "published": "2019-06-04",
    "inference_result": [
      {
        "label": "negative",
        "score": 0.9401460289955139
      }
    ]
  },
  {
    "source": "WSJ",
    "title": "FedEx Misrouted Huawei Packages After Changes to Internal Protocols",
    "published": "2019-06-04",
    "inference_result": [
      {
        "label": "negative",
        "score": 0.7635126113891602
      }
    ]
  },
  {
    "source": "WSJ",
    "title": "Quick Hits: Analysts Discuss Fed, ECB Interest-Rate Outlooks",
    "published": "2019-06-04",
    "inference_result": [
      {
        "label": "neutral",
        "score": 0.909674882888794
      }
    ]
  },
  {
    "source": "WSJ",
    "title": "Real Time Economics: What\u2019s the Biggest Threat to the U.S. Economy?",
    "published": "2019-06-04",
    "inference_result": [
      {
        "label": "neutral",
        "score": 0.941470742225647
      }
    ]
  },
  {
    "source": "WSJ",
    "title": "Real Time Economics: What\u2019s the Biggest Threat to the U.S. Economy?",
    "published": "2019-06-04",
    "inference_result": [
      {
        "label": "neutral",
        "score": 0.941470742225647
      }
    ]
  },
  {
    "source": "WSJ",
    "title": "Oil Closes Higher After Dipping Into Bear-Market Territory",
    "published": "2019-06-04",
    "inference_result": [
      {
        "label": "negative",
        "score": 0.957321286201477
      }
    ]
  },
  {
    "source": "WSJ",
    "title": "Powell Suggests Fed Could Cut Rates If Trade Spat Escalates",
    "published": "2019-06-04",
    "inference_result": [
      {
        "label": "negative",
        "score": 0.5302225947380066
      }
    ]
  },
  {
    "source": "WSJ",
    "title": "Mexico Detains More Migrants Amid U.S. Dispute",
    "published": "2019-06-04",
    "inference_result": [
      {
        "label": "negative",
        "score": 0.9341040253639221
      }
    ]
  },
  {
    "source": "WSJ",
    "title": "Forecasters See Fed Rate Cuts; Bullard: Cut \u2018May Be Warranted Soon\u2019; Australia Cuts Rates",
    "published": "2019-06-04",
    "inference_result": [
      {
        "label": "negative",
        "score": 0.8674191236495972
      }
    ]
  },
  {
    "source": "WSJ",
    "title": "Dallas Fed President Wants to See if Trade Tensions Ease Before Considering Rate Cut",
    "published": "2019-06-04",
    "inference_result": [
      {
        "label": "negative",
        "score": 0.7401721477508545
      }
    ]
  },
  {
    "source": "WSJ",
    "title": "Dollar Edges Lower After Powell Remarks",
    "published": "2019-06-04",
    "inference_result": [
      {
        "label": "positive",
        "score": 0.7174619436264038
      }
    ]
  },
  {
    "source": "WSJ",
    "title": "Timiraos\u2019s Take: Bond-Market Turmoil Rains on Powell\u2019s Brainy Chicago Conference",
    "published": "2019-06-04",
    "inference_result": [
      {
        "label": "neutral",
        "score": 0.951514720916748
      }
    ]
  },
  {
    "source": "WSJ",
    "title": "Illinois Does a Connecticut",
    "published": "2019-06-04",
    "inference_result": [
      {
        "label": "negative",
        "score": 0.7416123151779175
      }
    ]
  },
  {
    "source": "WSJ",
    "title": "Senate Republicans Raise Concerns Over House\u2019s Bipartisan Retirement Bill",
    "published": "2019-06-04",
    "inference_result": [
      {
        "label": "negative",
        "score": 0.6684527397155762
      }
    ]
  },
  {
    "source": "WSJ",
    "title": "Trade Tensions Worry Ship Operators",
    "published": "2019-06-04",
    "inference_result": [
      {
        "label": "negative",
        "score": 0.9401460289955139
      }
    ]
  },
  {
    "source": "WSJ",
    "title": "Don\u2019t Be Lured by Tiffany\u2019s",
    "published": "2019-06-04",
    "inference_result": [
      {
        "label": "positive",
        "score": 0.9435937404632568
      }
    ]
  },
  {
    "source": "WSJ",
    "title": "U.S. Says China Misrepresented Why Trade Talks Broke Down",
    "published": "2019-06-04",
    "inference_result": [
      {
        "label": "positive",
        "score": 0.7606703639030457
      }
    ]
  },
  {
    "source": "WSJ",
    "title": "Fed\u2019s Evans Doesn\u2019t See Case for a Rate Cut Yet",
    "published": "2019-06-04",
    "inference_result": [
      {
        "label": "positive",
        "score": 0.9344356060028076
      }
    ]
  },
  {
    "source": "WSJ",
    "title": "Trump\u2019s Brexit Strategy Is Anathema to Sterling",
    "published": "2019-06-04",
    "inference_result": [
      {
        "label": "negative",
        "score": 0.8893803358078003
      }
    ]
  },
  {
    "source": "WSJ",
    "title": "After Record-Long Expansion, Here\u2019s What Could Knock the Economy Off Course",
    "published": "2019-06-04",
    "inference_result": [
      {
        "label": "negative",
        "score": 0.9231430292129517
      }
    ]
  }
]