[
  {
    "source": "WSJ",
    "title": "Havens Hold Steady as Stock-Market Swings Continue",
    "published": "2019-05-19",
    "inference_result": [
      {
        "label": "positive",
        "score": 0.4783379137516022
      }
    ]
  },
  {
    "source": "WSJ",
    "title": "Trump and 2020 Democrats Stake Out Dueling Views on China Trade",
    "published": "2019-05-19",
    "inference_result": [
      {
        "label": "negative",
        "score": 0.47391122579574585
      }
    ]
  },
  {
    "source": "WSJ",
    "title": "Cut Out the Medical Middlemen",
    "published": "2019-05-19",
    "inference_result": [
      {
        "label": "neutral",
        "score": 0.9319109916687012
      }
    ]
  },
  {
    "source": "WSJ",
    "title": "Swiss Voters Approve Corporate-Tax Overhaul",
    "published": "2019-05-19",
    "inference_result": [
      {
        "label": "negative",
        "score": 0.9454753398895264
      }
    ]
  }
]