[
  {
    "source": "WSJ",
    "title": "Sheldon Adelson Warned Trump About Impact of U.S.-China Trade War",
    "published": "2019-09-22",
    "inference_result": [
      {
        "label": "negative",
        "score": 0.8937160968780518
      }
    ]
  },
  {
    "source": "WSJ",
    "title": "Sheldon Adelson Warned Trump About Impact of U.S.-China Trade War",
    "published": "2019-09-22",
    "inference_result": [
      {
        "label": "negative",
        "score": 0.8937160968780518
      }
    ]
  },
  {
    "source": "WSJ",
    "title": "At 10,000 and Counting, This Company Is Flooding the U.S. With Tariff Appeals",
    "published": "2019-09-22",
    "inference_result": [
      {
        "label": "negative",
        "score": 0.8862255811691284
      }
    ]
  },
  {
    "source": "WSJ",
    "title": "Working Is Better Than Taxing the Boomers",
    "published": "2019-09-22",
    "inference_result": [
      {
        "label": "positive",
        "score": 0.9448844790458679
      }
    ]
  }
]