[
  {
    "source": "WSJ",
    "title": "SoftBank\u2019s Bid to Build a Solar-Power Empire Founders",
    "published": "2019-08-10",
    "inference_result": [
      {
        "label": "neutral",
        "score": 0.5768054723739624
      }
    ]
  },
  {
    "source": "WSJ",
    "title": "Guatemalans Vote in Election Shadowed by Migrant Deal With U.S.",
    "published": "2019-08-10",
    "inference_result": [
      {
        "label": "negative",
        "score": 0.540641188621521
      }
    ]
  }
]