[
  {
    "source": "WSJ",
    "title": "Manufacturers Cut Spending as Trade War Dents Confidence",
    "published": "2019-09-08",
    "inference_result": [
      {
        "label": "negative",
        "score": 0.912816047668457
      }
    ]
  },
  {
    "source": "WSJ",
    "title": "Trump\u2019s Trade-Policy Double Fault",
    "published": "2019-09-08",
    "inference_result": [
      {
        "label": "neutral",
        "score": 0.896254301071167
      }
    ]
  },
  {
    "source": "WSJ",
    "title": "Manufacturers Cut Spending as Trade War Dents Confidence",
    "published": "2019-09-08",
    "inference_result": [
      {
        "label": "negative",
        "score": 0.912816047668457
      }
    ]
  },
  {
    "source": "WSJ",
    "title": "U.S.-Japan Corn Deal Has Just One Flaw: Japan Doesn\u2019t Need the Corn",
    "published": "2019-09-08",
    "inference_result": [
      {
        "label": "negative",
        "score": 0.9576627016067505
      }
    ]
  },
  {
    "source": "WSJ",
    "title": "The Fed Can\u2019t See Its Own Shadow",
    "published": "2019-09-08",
    "inference_result": [
      {
        "label": "negative",
        "score": 0.9693659543991089
      }
    ]
  },
  {
    "source": "WSJ",
    "title": "Congress Returns From Summer Break With Lengthy Agenda",
    "published": "2019-09-08",
    "inference_result": [
      {
        "label": "negative",
        "score": 0.6658810377120972
      }
    ]
  },
  {
    "source": "WSJ",
    "title": "Congress Returns From Summer Break With Lengthy Agenda",
    "published": "2019-09-08",
    "inference_result": [
      {
        "label": "negative",
        "score": 0.6658810377120972
      }
    ]
  },
  {
    "source": "WSJ",
    "title": "As U.S. and China Squabble, Australia Seizes Trade Opportunities",
    "published": "2019-09-08",
    "inference_result": [
      {
        "label": "negative",
        "score": 0.6351466774940491
      }
    ]
  },
  {
    "source": "WSJ",
    "title": "China\u2019s Trade Numbers Send More Distress Signals",
    "published": "2019-09-08",
    "inference_result": [
      {
        "label": "negative",
        "score": 0.9725813865661621
      }
    ]
  },
  {
    "source": "WSJ",
    "title": "China Says Growth Is Fine. Private Data Show a Sharper Slowdown.",
    "published": "2019-09-08",
    "inference_result": [
      {
        "label": "positive",
        "score": 0.7259206175804138
      }
    ]
  },
  {
    "source": "WSJ",
    "title": "China\u2019s Trade Numbers Send More Distress Signals",
    "published": "2019-09-08",
    "inference_result": [
      {
        "label": "negative",
        "score": 0.9725813865661621
      }
    ]
  }
]