[
  {
    "source": "WSJ",
    "title": "Trump\u2019s Manufacturing SOS",
    "published": "2019-09-03",
    "inference_result": [
      {
        "label": "negative",
        "score": 0.9576996564865112
      }
    ]
  },
  {
    "source": "WSJ",
    "title": "The Daily Shot: Beijing Is Trying to Halt the Yuan\u2019s Decline",
    "published": "2019-09-03",
    "inference_result": [
      {
        "label": "neutral",
        "score": 0.9467915296554565
      }
    ]
  },
  {
    "source": "WSJ",
    "title": "Chinese Steel Slowdown Slams Iron-Ore Prices",
    "published": "2019-09-03",
    "inference_result": [
      {
        "label": "negative",
        "score": 0.931814432144165
      }
    ]
  },
  {
    "source": "WSJ",
    "title": "Transcript: Reporters Hear From Richmond Fed President Tom Barkin",
    "published": "2019-09-03",
    "inference_result": [
      {
        "label": "neutral",
        "score": 0.9361611604690552
      }
    ]
  },
  {
    "source": "WSJ",
    "title": "Trade War\u2019s Impact Grows; Consumers Drive U.S. Growth; Australia Central Bank Stands Pat",
    "published": "2019-09-03",
    "inference_result": [
      {
        "label": "positive",
        "score": 0.5614667534828186
      }
    ]
  },
  {
    "source": "WSJ",
    "title": "Dollar Index Climbs to Two-Year High on Growth Outlook",
    "published": "2019-09-03",
    "inference_result": [
      {
        "label": "negative",
        "score": 0.950265109539032
      }
    ]
  },
  {
    "source": "WSJ",
    "title": "New Software Tool Helps Arrow Electronics CFO Cut Costs",
    "published": "2019-09-03",
    "inference_result": [
      {
        "label": "negative",
        "score": 0.6634758710861206
      }
    ]
  },
  {
    "source": "WSJ",
    "title": "U.S. Stocks Slip Amid Trade Tensions, Weak Data",
    "published": "2019-09-03",
    "inference_result": [
      {
        "label": "negative",
        "score": 0.8251232504844666
      }
    ]
  },
  {
    "source": "WSJ",
    "title": "Trump Warns China Not to Stall Talks",
    "published": "2019-09-03",
    "inference_result": [
      {
        "label": "negative",
        "score": 0.9519910216331482
      }
    ]
  },
  {
    "source": "WSJ",
    "title": "How Bad Can a Trade War Get?",
    "published": "2019-09-03",
    "inference_result": [
      {
        "label": "positive",
        "score": 0.7809833884239197
      }
    ]
  },
  {
    "source": "WSJ",
    "title": "Yearslong Tax Dispute Could Cost Big Tech Companies Billions",
    "published": "2019-09-03",
    "inference_result": [
      {
        "label": "negative",
        "score": 0.9266127943992615
      }
    ]
  },
  {
    "source": "WSJ",
    "title": "Bank of Canada Expected to Stand Pat This Week",
    "published": "2019-09-03",
    "inference_result": [
      {
        "label": "negative",
        "score": 0.6478764414787292
      }
    ]
  },
  {
    "source": "WSJ",
    "title": "Trade Impasse Sends Oil Prices Lower",
    "published": "2019-09-03",
    "inference_result": [
      {
        "label": "negative",
        "score": 0.7606713175773621
      }
    ]
  },
  {
    "source": "WSJ",
    "title": "Newsletter: How the U.S.-China Trade War is Rippling Through the Global Economy",
    "published": "2019-09-03",
    "inference_result": [
      {
        "label": "neutral",
        "score": 0.941470742225647
      }
    ]
  },
  {
    "source": "WSJ",
    "title": "Tyson Cuts Full-Year Profit Forecast",
    "published": "2019-09-03",
    "inference_result": [
      {
        "label": "negative",
        "score": 0.975326657295227
      }
    ]
  }
]