[
  {
    "source": "WSJ",
    "title": "A Political Steel Trap",
    "published": "2019-08-09",
    "inference_result": [
      {
        "label": "negative",
        "score": 0.8582267761230469
      }
    ]
  },
  {
    "source": "WSJ",
    "title": "VC Daily: Tariff Fallout Could Get Worse; New Insurance Tech; Home Renovation as a Service; Versant Exit",
    "published": "2019-08-09",
    "inference_result": [
      {
        "label": "positive",
        "score": 0.8699100613594055
      }
    ]
  },
  {
    "source": "WSJ",
    "title": "Fall in Copper Prices Threatens to Drive Metal Shortages",
    "published": "2019-08-09",
    "inference_result": [
      {
        "label": "negative",
        "score": 0.9311164617538452
      }
    ]
  },
  {
    "source": "WSJ",
    "title": "Japan Posts Surprising Growth, but Global Uncertainty and Tax Bump Loom",
    "published": "2019-08-09",
    "inference_result": [
      {
        "label": "positive",
        "score": 0.7408031225204468
      }
    ]
  },
  {
    "source": "WSJ",
    "title": "Fall in Copper Prices Threatens to Drive Metal Shortages",
    "published": "2019-08-09",
    "inference_result": [
      {
        "label": "negative",
        "score": 0.9311164617538452
      }
    ]
  },
  {
    "source": "WSJ",
    "title": "Trade Tension Sends Markets on Wild Week",
    "published": "2019-08-09",
    "inference_result": [
      {
        "label": "negative",
        "score": 0.9398137927055359
      }
    ]
  },
  {
    "source": "WSJ",
    "title": "U.S.-China Trade Battle Is Crimping Global Oil Demand",
    "published": "2019-08-09",
    "inference_result": [
      {
        "label": "negative",
        "score": 0.969009518623352
      }
    ]
  },
  {
    "source": "WSJ",
    "title": "Trump Casts Doubt on Next Round of China Talks",
    "published": "2019-08-09",
    "inference_result": [
      {
        "label": "neutral",
        "score": 0.9191796183586121
      }
    ]
  },
  {
    "source": "WSJ",
    "title": "August Is No Month to Relax",
    "published": "2019-08-09",
    "inference_result": [
      {
        "label": "negative",
        "score": 0.9650676250457764
      }
    ]
  },
  {
    "source": "WSJ",
    "title": "China\u2019s Factory-Gate Prices Slip Into Deflation",
    "published": "2019-08-09",
    "inference_result": [
      {
        "label": "negative",
        "score": 0.9562861323356628
      }
    ]
  },
  {
    "source": "WSJ",
    "title": "U.S. Government Bonds Fall After Volatile Week",
    "published": "2019-08-09",
    "inference_result": [
      {
        "label": "negative",
        "score": 0.9216644167900085
      }
    ]
  },
  {
    "source": "WSJ",
    "title": "Europe\u2019s Autumn of Economic Discontent",
    "published": "2019-08-09",
    "inference_result": [
      {
        "label": "negative",
        "score": 0.6193861365318298
      }
    ]
  },
  {
    "source": "WSJ",
    "title": "Europe\u2019s Autumn of Economic Discontent",
    "published": "2019-08-09",
    "inference_result": [
      {
        "label": "negative",
        "score": 0.6193861365318298
      }
    ]
  }
]