[
  {
    "source": "WSJ",
    "title": "The Daily Shot: Attack Exposes Saudi Infrastructure Vulnerability",
    "published": "2019-09-16",
    "inference_result": [
      {
        "label": "neutral",
        "score": 0.9467915296554565
      }
    ]
  },
  {
    "source": "WSJ",
    "title": "Saudi Arabia Races to Restore Output\u2014Energy Journal",
    "published": "2019-09-16",
    "inference_result": [
      {
        "label": "positive",
        "score": 0.5068092346191406
      }
    ]
  },
  {
    "source": "WSJ",
    "title": "Trump Moves Ahead With U.S.-Japan Trade Pact That Eases Some Tariffs",
    "published": "2019-09-16",
    "inference_result": [
      {
        "label": "negative",
        "score": 0.9550633430480957
      }
    ]
  },
  {
    "source": "WSJ",
    "title": "EU Braces for U.S. Tariffs Over Airbus Dispute",
    "published": "2019-09-16",
    "inference_result": [
      {
        "label": "negative",
        "score": 0.9097975492477417
      }
    ]
  },
  {
    "source": "WSJ",
    "title": "Global Services Trade Also Set To Slow, Says WTO",
    "published": "2019-09-16",
    "inference_result": [
      {
        "label": "negative",
        "score": 0.9664096832275391
      }
    ]
  },
  {
    "source": "WSJ",
    "title": "Newsletter: Oil Prices Soar, Auto Workers Strike, China\u2019s Economy Cools",
    "published": "2019-09-16",
    "inference_result": [
      {
        "label": "neutral",
        "score": 0.941470742225647
      }
    ]
  },
  {
    "source": "WSJ",
    "title": "China\u2019s Economy Aches All Over as Beijing Seeks Trade Fix With the U.S.",
    "published": "2019-09-16",
    "inference_result": [
      {
        "label": "negative",
        "score": 0.900234580039978
      }
    ]
  },
  {
    "source": "WSJ",
    "title": "California Governor Joins Ranks of Those Wanting to Ban Flavored E-Cigarettes",
    "published": "2019-09-16",
    "inference_result": [
      {
        "label": "neutral",
        "score": 0.6506163477897644
      }
    ]
  },
  {
    "source": "WSJ",
    "title": "Mario Draghi\u2019s Legacy Remains Contested; Strong Dollar Prompts Speculation of Trump Intervention",
    "published": "2019-09-16",
    "inference_result": [
      {
        "label": "positive",
        "score": 0.5950981974601746
      }
    ]
  },
  {
    "source": "WSJ",
    "title": "What\u2019s News: World-Wide",
    "published": "2019-09-16",
    "inference_result": [
      {
        "label": "neutral",
        "score": 0.951514720916748
      }
    ]
  },
  {
    "source": "WSJ",
    "title": "The Real Loser From the Oil Price Jump Is China",
    "published": "2019-09-16",
    "inference_result": [
      {
        "label": "negative",
        "score": 0.9678966999053955
      }
    ]
  },
  {
    "source": "WSJ",
    "title": "New York Prosecutors Subpoena Eight Years of Trump Tax Returns",
    "published": "2019-09-16",
    "inference_result": [
      {
        "label": "negative",
        "score": 0.6705755591392517
      }
    ]
  }
]