[
  {
    "source": "WSJ",
    "title": "Fed\u2019s Rosengren Sees No Reason to Change Rate Policy Right Now",
    "published": "2019-05-21",
    "inference_result": [
      {
        "label": "positive",
        "score": 0.8847255706787109
      }
    ]
  },
  {
    "source": "WSJ",
    "title": "Case of the Killer Toyotas",
    "published": "2019-05-21",
    "inference_result": [
      {
        "label": "negative",
        "score": 0.6490247845649719
      }
    ]
  },
  {
    "source": "WSJ",
    "title": "Trade Disputes Are Weakening Future Growth, OECD Says",
    "published": "2019-05-21",
    "inference_result": [
      {
        "label": "negative",
        "score": 0.9721551537513733
      }
    ]
  },
  {
    "source": "WSJ",
    "title": "U.S. Stocks Dragged Down by Tech Sector",
    "published": "2019-05-21",
    "inference_result": [
      {
        "label": "negative",
        "score": 0.9564452171325684
      }
    ]
  },
  {
    "source": "WSJ",
    "title": "Trump to Press for Trade Deal in Trip to Japan",
    "published": "2019-05-21",
    "inference_result": [
      {
        "label": "neutral",
        "score": 0.8198031783103943
      }
    ]
  },
  {
    "source": "WSJ",
    "title": "U.S.-China Trade Talks Will End With a Deal, Former Negotiator Says",
    "published": "2019-05-21",
    "inference_result": [
      {
        "label": "neutral",
        "score": 0.8858491778373718
      }
    ]
  },
  {
    "source": "WSJ",
    "title": "U.S. Rare Earths Revival Planned Amid Trade Conflict",
    "published": "2019-05-21",
    "inference_result": [
      {
        "label": "neutral",
        "score": 0.8019447326660156
      }
    ]
  },
  {
    "source": "WSJ",
    "title": "Case of the Killer Toyotas",
    "published": "2019-05-21",
    "inference_result": [
      {
        "label": "negative",
        "score": 0.6490247845649719
      }
    ]
  },
  {
    "source": "WSJ",
    "title": "Fed\u2019s Rosengren Sees No Reason to Change Rate Policy Right Now",
    "published": "2019-05-21",
    "inference_result": [
      {
        "label": "positive",
        "score": 0.8847255706787109
      }
    ]
  },
  {
    "source": "WSJ",
    "title": "\u2018Game of Thrones\u2019 Finale Frozen Out in China by Trade Fight",
    "published": "2019-05-21",
    "inference_result": [
      {
        "label": "negative",
        "score": 0.9177078008651733
      }
    ]
  },
  {
    "source": "WSJ",
    "title": "U.S. Government Bonds Decline as Investors Watch for Trade Signals",
    "published": "2019-05-21",
    "inference_result": [
      {
        "label": "positive",
        "score": 0.6296607851982117
      }
    ]
  },
  {
    "source": "WSJ",
    "title": "U.S. Slows Hiring of Chinese Nationals by Chip Makers",
    "published": "2019-05-21",
    "inference_result": [
      {
        "label": "negative",
        "score": 0.9601123332977295
      }
    ]
  },
  {
    "source": "WSJ",
    "title": "Terrible Tuesday for Department Stores",
    "published": "2019-05-21",
    "inference_result": [
      {
        "label": "negative",
        "score": 0.9729883074760437
      }
    ]
  },
  {
    "source": "WSJ",
    "title": "Terrible Tuesday for Department Stores",
    "published": "2019-05-21",
    "inference_result": [
      {
        "label": "negative",
        "score": 0.9729883074760437
      }
    ]
  }
]