[
  {
    "source": "WSJ",
    "title": "Latest China Tariffs Will Cost $831 per Household, Report Says",
    "published": "2019-05-23",
    "inference_result": [
      {
        "label": "positive",
        "score": 0.9299671649932861
      }
    ]
  },
  {
    "source": "WSJ",
    "title": "Logistics Bottlenecks Hamper Efforts to Produce Less in China",
    "published": "2019-05-23",
    "inference_result": [
      {
        "label": "negative",
        "score": 0.9691973924636841
      }
    ]
  },
  {
    "source": "WSJ",
    "title": "On China, Trump Leads a Coalition of the Unwilling",
    "published": "2019-05-23",
    "inference_result": [
      {
        "label": "negative",
        "score": 0.5754637122154236
      }
    ]
  },
  {
    "source": "WSJ",
    "title": "Floods Swamp U.S. Farm Belt",
    "published": "2019-05-23",
    "inference_result": [
      {
        "label": "negative",
        "score": 0.9717973470687866
      }
    ]
  },
  {
    "source": "WSJ",
    "title": "Best Buy Is a Bargain",
    "published": "2019-05-23",
    "inference_result": [
      {
        "label": "positive",
        "score": 0.7855851650238037
      }
    ]
  },
  {
    "source": "WSJ",
    "title": "Best Buy Rides Web to Lift Sales",
    "published": "2019-05-23",
    "inference_result": [
      {
        "label": "neutral",
        "score": 0.868459165096283
      }
    ]
  },
  {
    "source": "WSJ",
    "title": "Trading a Trade Battle: \u2018Markets Don\u2019t Appear Ready for That\u2019",
    "published": "2019-05-23",
    "inference_result": [
      {
        "label": "negative",
        "score": 0.9452572464942932
      }
    ]
  },
  {
    "source": "WSJ",
    "title": "Minutes Reinforce Fed on Hold; Fed Debates Composition of Holdings; Williams: No Need for Rate Move",
    "published": "2019-05-23",
    "inference_result": [
      {
        "label": "negative",
        "score": 0.8811383247375488
      }
    ]
  },
  {
    "source": "WSJ",
    "title": "Best Buy Is a Bargain",
    "published": "2019-05-23",
    "inference_result": [
      {
        "label": "positive",
        "score": 0.7855851650238037
      }
    ]
  },
  {
    "source": "WSJ",
    "title": "Trump\u2019s Point Man on China Trade Is Still Trying to Close the Deal",
    "published": "2019-05-23",
    "inference_result": [
      {
        "label": "neutral",
        "score": 0.8661549091339111
      }
    ]
  },
  {
    "source": "WSJ",
    "title": "Heavyweight King Anthony Joshua Is Ready to Conquer America",
    "published": "2019-05-23",
    "inference_result": [
      {
        "label": "neutral",
        "score": 0.897402286529541
      }
    ]
  },
  {
    "source": "WSJ",
    "title": "Overtaxing Capital Gains Would Wallop Capitalism",
    "published": "2019-05-23",
    "inference_result": [
      {
        "label": "negative",
        "score": 0.8494298458099365
      }
    ]
  },
  {
    "source": "WSJ",
    "title": "Latest China Tariffs Will Cost $831 per Household, Report Says",
    "published": "2019-05-23",
    "inference_result": [
      {
        "label": "positive",
        "score": 0.9299671649932861
      }
    ]
  },
  {
    "source": "WSJ",
    "title": "Intuit Raises Financial Outlook Amid TurboTax Scrutiny",
    "published": "2019-05-23",
    "inference_result": [
      {
        "label": "neutral",
        "score": 0.8406878113746643
      }
    ]
  },
  {
    "source": "WSJ",
    "title": "Real Time Economics: U.S. Blacklist Squeezes Chinese Companies",
    "published": "2019-05-23",
    "inference_result": [
      {
        "label": "neutral",
        "score": 0.941470742225647
      }
    ]
  },
  {
    "source": "WSJ",
    "title": "Fed\u2019s Kaplan Says He Is \u2018Agnostic\u2019 About Whether Next Rate Move Is Up or Down",
    "published": "2019-05-23",
    "inference_result": [
      {
        "label": "neutral",
        "score": 0.8392705917358398
      }
    ]
  },
  {
    "source": "WSJ",
    "title": "The Daily Shot: How \u2018Transitory\u2019 Is the Recent Dip in Inflation?",
    "published": "2019-05-23",
    "inference_result": [
      {
        "label": "neutral",
        "score": 0.9467915296554565
      }
    ]
  }
]