[
  {
    "source": "WSJ",
    "title": "Trump to Delay Tariffs on China by Two Weeks",
    "published": "2019-09-11",
    "inference_result": [
      {
        "label": "negative",
        "score": 0.7732341289520264
      }
    ]
  },
  {
    "source": "WSJ",
    "title": "Global Drop in Currencies Bruises Investors",
    "published": "2019-09-11",
    "inference_result": [
      {
        "label": "negative",
        "score": 0.8544040322303772
      }
    ]
  },
  {
    "source": "WSJ",
    "title": "The Daily Shot: Small Business Hiring Plans Signal Slower U.S. Job Gains Ahead",
    "published": "2019-09-11",
    "inference_result": [
      {
        "label": "neutral",
        "score": 0.9467915296554565
      }
    ]
  },
  {
    "source": "WSJ",
    "title": "U.K. Government Outlines \u2018Worst-Case Scenario\u2019 for No-Deal Brexit",
    "published": "2019-09-11",
    "inference_result": [
      {
        "label": "negative",
        "score": 0.9676117897033691
      }
    ]
  },
  {
    "source": "WSJ",
    "title": "Bolton Begins Life After Trump With Uncertain Path",
    "published": "2019-09-11",
    "inference_result": [
      {
        "label": "neutral",
        "score": 0.8537951111793518
      }
    ]
  },
  {
    "source": "WSJ",
    "title": "Retail Bankruptcies Rise, Store Closures Skyrocket in First Half of 2019",
    "published": "2019-09-11",
    "inference_result": [
      {
        "label": "negative",
        "score": 0.9710952043533325
      }
    ]
  },
  {
    "source": "WSJ",
    "title": "Newsletter: U.S. Incomes Flat, Fewer Job Openings, China Backs Off on Some Tariffs",
    "published": "2019-09-11",
    "inference_result": [
      {
        "label": "neutral",
        "score": 0.941470742225647
      }
    ]
  },
  {
    "source": "WSJ",
    "title": "American Businesses Say China\u2019s Slowdown Is a Greater Threat Than the Trade War",
    "published": "2019-09-11",
    "inference_result": [
      {
        "label": "neutral",
        "score": 0.5835882425308228
      }
    ]
  },
  {
    "source": "WSJ",
    "title": "Newsletter: U.S. Incomes Flat, Fewer Job Openings, China Backs Off on Some Tariffs",
    "published": "2019-09-11",
    "inference_result": [
      {
        "label": "neutral",
        "score": 0.941470742225647
      }
    ]
  },
  {
    "source": "WSJ",
    "title": "Trump Rules Out Indexing Capital-Gains Taxes to Inflation \u2018at This Time\u2019",
    "published": "2019-09-11",
    "inference_result": [
      {
        "label": "neutral",
        "score": 0.897153913974762
      }
    ]
  },
  {
    "source": "WSJ",
    "title": "Social Security Expansion Under Consideration Would Boost Payroll Taxes",
    "published": "2019-09-11",
    "inference_result": [
      {
        "label": "positive",
        "score": 0.8779783248901367
      }
    ]
  }
]