[
  {
    "source": "WSJ",
    "title": "Transcript: WSJ Interview With San Francisco Fed President Mary Daly",
    "published": "2019-08-06",
    "inference_result": [
      {
        "label": "neutral",
        "score": 0.9321253299713135
      }
    ]
  },
  {
    "source": "WSJ",
    "title": "More Stock-Market Volatility Expected as U.S., China Dig In Heels Over Trade",
    "published": "2019-08-06",
    "inference_result": [
      {
        "label": "negative",
        "score": 0.4884309470653534
      }
    ]
  },
  {
    "source": "WSJ",
    "title": "U.S. Stocks Regain Ground, Yuan Stabilizes",
    "published": "2019-08-06",
    "inference_result": [
      {
        "label": "positive",
        "score": 0.8200314044952393
      }
    ]
  },
  {
    "source": "WSJ",
    "title": "Tired of Waiting for Brexit, Britons Munch Through Nutella Stockpiles",
    "published": "2019-08-06",
    "inference_result": [
      {
        "label": "negative",
        "score": 0.8603739142417908
      }
    ]
  },
  {
    "source": "WSJ",
    "title": "China Isn\u2019t Manipulating the Yuan\u2014It\u2019s Waiting Out Trump",
    "published": "2019-08-06",
    "inference_result": [
      {
        "label": "negative",
        "score": 0.9451925754547119
      }
    ]
  },
  {
    "source": "WSJ",
    "title": "China Deals \u2018Body Blow\u2019 to Struggling U.S. Farm Belt",
    "published": "2019-08-06",
    "inference_result": [
      {
        "label": "negative",
        "score": 0.7498674988746643
      }
    ]
  },
  {
    "source": "WSJ",
    "title": "After Rate Cut, Trade Headwinds Complicate Outlook for Fed Officials",
    "published": "2019-08-06",
    "inference_result": [
      {
        "label": "neutral",
        "score": 0.8327528834342957
      }
    ]
  },
  {
    "source": "WSJ",
    "title": "Why the U.S. Labeled China a Currency Manipulator and What It Means",
    "published": "2019-08-06",
    "inference_result": [
      {
        "label": "neutral",
        "score": 0.9353107810020447
      }
    ]
  },
  {
    "source": "WSJ",
    "title": "Fear a Weak Yuan, but No Repeat of the Last China Crisis",
    "published": "2019-08-06",
    "inference_result": [
      {
        "label": "positive",
        "score": 0.4985250234603882
      }
    ]
  },
  {
    "source": "WSJ",
    "title": "Trump May Get an Earful From the Heartland",
    "published": "2019-08-06",
    "inference_result": [
      {
        "label": "negative",
        "score": 0.9643290638923645
      }
    ]
  },
  {
    "source": "WSJ",
    "title": "Global Oil Prices Slide Into Bear Market",
    "published": "2019-08-06",
    "inference_result": [
      {
        "label": "negative",
        "score": 0.9736315608024597
      }
    ]
  },
  {
    "source": "WSJ",
    "title": "Trump, RNC Sue California Over Tax-Return Law",
    "published": "2019-08-06",
    "inference_result": [
      {
        "label": "neutral",
        "score": 0.7678882479667664
      }
    ]
  },
  {
    "source": "WSJ",
    "title": "Glynn\u2019s Take: RBA\u2019s Forecast Still Scream More Rate Cuts",
    "published": "2019-08-06",
    "inference_result": [
      {
        "label": "negative",
        "score": 0.7144545316696167
      }
    ]
  },
  {
    "source": "WSJ",
    "title": "Ex-Fed Chairs Plea for Central Bank\u2019s Political Independence; U.S. Labels China a Currency Manipulator",
    "published": "2019-08-06",
    "inference_result": [
      {
        "label": "negative",
        "score": 0.930341899394989
      }
    ]
  },
  {
    "source": "WSJ",
    "title": "San Francisco Fed Official Is Focused on Trade Tensions",
    "published": "2019-08-06",
    "inference_result": [
      {
        "label": "negative",
        "score": 0.95152348279953
      }
    ]
  },
  {
    "source": "WSJ",
    "title": "Hong Kong, the Trade Wild Card",
    "published": "2019-08-06",
    "inference_result": [
      {
        "label": "negative",
        "score": 0.8284757733345032
      }
    ]
  },
  {
    "source": "WSJ",
    "title": "Real Time Economics: The U.S. and China Escalate, Markets Send a Warning Signal on Recession",
    "published": "2019-08-06",
    "inference_result": [
      {
        "label": "neutral",
        "score": 0.941470742225647
      }
    ]
  },
  {
    "source": "WSJ",
    "title": "Fertilizer Stocks Wilt Amid Trade Tensions",
    "published": "2019-08-06",
    "inference_result": [
      {
        "label": "negative",
        "score": 0.9728972315788269
      }
    ]
  },
  {
    "source": "WSJ",
    "title": "Pro Bankruptcy Briefing: Barneys Nears Deal on DIP | Theater Chain iPic Files for Bankruptcy | Perkins & Marie Callender\u2019s Restaurants Files Chapter 22",
    "published": "2019-08-06",
    "inference_result": [
      {
        "label": "negative",
        "score": 0.9506331086158752
      }
    ]
  }
]