[
  {
    "source": "WSJ",
    "title": "Trump Ordered New Chinese Tariffs Over Objections of Advisers",
    "published": "2019-08-04",
    "inference_result": [
      {
        "label": "negative",
        "score": 0.34487128257751465
      }
    ]
  },
  {
    "source": "WSJ",
    "title": "Fashion Statement on Trump\u2019s Chinese Tariff",
    "published": "2019-08-04",
    "inference_result": [
      {
        "label": "negative",
        "score": 0.9675962924957275
      }
    ]
  },
  {
    "source": "WSJ",
    "title": "Emerging and Growth Markets, August 3rd 2019",
    "published": "2019-08-04",
    "inference_result": [
      {
        "label": "neutral",
        "score": 0.9482019543647766
      }
    ]
  },
  {
    "source": "WSJ",
    "title": "Mexico Detained Fewer Migrants in July as Crackdown Discourages Movement",
    "published": "2019-08-04",
    "inference_result": [
      {
        "label": "neutral",
        "score": 0.7553326487541199
      }
    ]
  },
  {
    "source": "WSJ",
    "title": "Biden Was Right About Day Care",
    "published": "2019-08-04",
    "inference_result": [
      {
        "label": "negative",
        "score": 0.7104654312133789
      }
    ]
  },
  {
    "source": "WSJ",
    "title": "Where Rolling Out a Sales-Tax Bump Requires a Certain Finesse",
    "published": "2019-08-04",
    "inference_result": [
      {
        "label": "negative",
        "score": 0.9431219696998596
      }
    ]
  }
]