[
  {
    "source": "WSJ",
    "title": "U.S., Japan Reach Trade Deal on Farm Goods, Digital Trade",
    "published": "2019-09-25",
    "inference_result": [
      {
        "label": "neutral",
        "score": 0.6587652564048767
      }
    ]
  },
  {
    "source": "WSJ",
    "title": "Newsletter: Housing\u2019s Maybe Rebound, China\u2019s \u2018Decoupling\u2019 Warning and Consumers\u2019 Cloudy Crystal Ball",
    "published": "2019-09-25",
    "inference_result": [
      {
        "label": "neutral",
        "score": 0.941470742225647
      }
    ]
  },
  {
    "source": "WSJ",
    "title": "Nike Shares Hit an All-Time High",
    "published": "2019-09-25",
    "inference_result": [
      {
        "label": "positive",
        "score": 0.9538159370422363
      }
    ]
  },
  {
    "source": "WSJ",
    "title": "Judge Blocks Subpoena of Trump Tax Returns\u2014for One Day",
    "published": "2019-09-25",
    "inference_result": [
      {
        "label": "neutral",
        "score": 0.7807178497314453
      }
    ]
  },
  {
    "source": "WSJ",
    "title": "House Passes Bill to Protect Banking for Marijuana Businesses",
    "published": "2019-09-25",
    "inference_result": [
      {
        "label": "neutral",
        "score": 0.6567145586013794
      }
    ]
  },
  {
    "source": "WSJ",
    "title": "An Apolitical Supreme Court",
    "published": "2019-09-25",
    "inference_result": [
      {
        "label": "neutral",
        "score": 0.6676756143569946
      }
    ]
  },
  {
    "source": "WSJ",
    "title": "The Daily Shot: Confidence Among Older Americans Declines Sharply",
    "published": "2019-09-25",
    "inference_result": [
      {
        "label": "neutral",
        "score": 0.9467915296554565
      }
    ]
  },
  {
    "source": "WSJ",
    "title": "U.S. Asylum Pact With Honduras Cements Trump Administration\u2019s Regional Strategy",
    "published": "2019-09-25",
    "inference_result": [
      {
        "label": "positive",
        "score": 0.8560865521430969
      }
    ]
  }
]