[
  {
    "source": "WSJ",
    "title": "Aluminum Suppliers Kick Our Cans",
    "published": "2019-07-23",
    "inference_result": [
      {
        "label": "positive",
        "score": 0.820622444152832
      }
    ]
  },
  {
    "source": "WSJ",
    "title": "Ford\u2019s Shrinking China Business Is Hurting Its Global Ambitions",
    "published": "2019-07-23",
    "inference_result": [
      {
        "label": "negative",
        "score": 0.976579487323761
      }
    ]
  },
  {
    "source": "WSJ",
    "title": "\u2018I Don\u2019t Know What He Will Do\u2019: Europe Braces for Brexit With Boris Johnson",
    "published": "2019-07-23",
    "inference_result": [
      {
        "label": "positive",
        "score": 0.7467430233955383
      }
    ]
  },
  {
    "source": "WSJ",
    "title": "IMF Cuts Global GDP Forecast for 2019, Citing Fallout From Trade Tensions",
    "published": "2019-07-23",
    "inference_result": [
      {
        "label": "negative",
        "score": 0.9556081295013428
      }
    ]
  },
  {
    "source": "WSJ",
    "title": "Trump Sues House Panel, New York Officials to Protect State Tax Returns",
    "published": "2019-07-23",
    "inference_result": [
      {
        "label": "negative",
        "score": 0.676933765411377
      }
    ]
  },
  {
    "source": "WSJ",
    "title": "IMF Cuts Global GDP Forecast for 2019, Citing Fallout From Trade Tensions",
    "published": "2019-07-23",
    "inference_result": [
      {
        "label": "negative",
        "score": 0.9556081295013428
      }
    ]
  },
  {
    "source": "WSJ",
    "title": "Trump Touts Tech Industry Support for Huawei Exemptions",
    "published": "2019-07-23",
    "inference_result": [
      {
        "label": "positive",
        "score": 0.9435945153236389
      }
    ]
  },
  {
    "source": "WSJ",
    "title": "Daimler Deepens Ties With China in New Deal",
    "published": "2019-07-23",
    "inference_result": [
      {
        "label": "neutral",
        "score": 0.8922756314277649
      }
    ]
  },
  {
    "source": "WSJ",
    "title": "Emerging-Markets Currencies Get Boost From Fed",
    "published": "2019-07-23",
    "inference_result": [
      {
        "label": "positive",
        "score": 0.7178369164466858
      }
    ]
  },
  {
    "source": "WSJ",
    "title": "Trump Touts Tech Industry Support for Huawei Exemptions",
    "published": "2019-07-23",
    "inference_result": [
      {
        "label": "positive",
        "score": 0.9435945153236389
      }
    ]
  },
  {
    "source": "WSJ",
    "title": "Real Time Economics: Boeing\u2019s Troubles Hit the Economy, Debt Deal and When the Safety Net Pays for Itself",
    "published": "2019-07-23",
    "inference_result": [
      {
        "label": "neutral",
        "score": 0.941470742225647
      }
    ]
  },
  {
    "source": "WSJ",
    "title": "WSJ Wealth Adviser Briefing: Small Cap Stocks, Railroad Troubles, Ireland\u2019s Burren",
    "published": "2019-07-23",
    "inference_result": [
      {
        "label": "neutral",
        "score": 0.9272052049636841
      }
    ]
  }
]