[
  {
    "source": "WSJ",
    "title": "Transcript: Fed Chairman Jerome Powell\u2019s Postmeeting Press Conference",
    "published": "2019-07-31",
    "inference_result": [
      {
        "label": "negative",
        "score": 0.5064611434936523
      }
    ]
  },
  {
    "source": "WSJ",
    "title": "Chinese Billionaire Indicted on Charges of Evading Nearly $2 Billion in Tariffs",
    "published": "2019-07-31",
    "inference_result": [
      {
        "label": "negative",
        "score": 0.9052408337593079
      }
    ]
  },
  {
    "source": "WSJ",
    "title": "Investors Shrug Off China\u2019s Slump, Count On Consumers to Spend, Spend, Spend",
    "published": "2019-07-31",
    "inference_result": [
      {
        "label": "positive",
        "score": 0.9061996936798096
      }
    ]
  },
  {
    "source": "WSJ",
    "title": "Apple\u2019s Revenue Rises Despite Continued iPhone Slump",
    "published": "2019-07-31",
    "inference_result": [
      {
        "label": "negative",
        "score": 0.517827570438385
      }
    ]
  },
  {
    "source": "WSJ",
    "title": "Brazil\u2019s Guedes Says Trade Talks With U.S. Are Under Way",
    "published": "2019-07-31",
    "inference_result": [
      {
        "label": "neutral",
        "score": 0.8483405113220215
      }
    ]
  },
  {
    "source": "WSJ",
    "title": "What if the Fed Was Wrong?",
    "published": "2019-07-31",
    "inference_result": [
      {
        "label": "negative",
        "score": 0.4600372314453125
      }
    ]
  },
  {
    "source": "WSJ",
    "title": "U.S.-China Trade Talks Resume With No Breakthroughs in Sight",
    "published": "2019-07-31",
    "inference_result": [
      {
        "label": "neutral",
        "score": 0.6127721667289734
      }
    ]
  },
  {
    "source": "WSJ",
    "title": "Chinese Billionaire Indicted on Charges of Evading Nearly $2 Billion in Tariffs",
    "published": "2019-07-31",
    "inference_result": [
      {
        "label": "negative",
        "score": 0.9052408337593079
      }
    ]
  },
  {
    "source": "WSJ",
    "title": "In a Switch, Buyer of $1.2 Billion in Market-Rate Apartments Opts for Rent Limits",
    "published": "2019-07-31",
    "inference_result": [
      {
        "label": "neutral",
        "score": 0.776593804359436
      }
    ]
  },
  {
    "source": "WSJ",
    "title": "Fragile Rays Pierce Chinese Economic Gloom",
    "published": "2019-07-31",
    "inference_result": [
      {
        "label": "positive",
        "score": 0.8028711080551147
      }
    ]
  },
  {
    "source": "WSJ",
    "title": "California Requires Trump to Release Tax Returns for Spot on Primary Ballot",
    "published": "2019-07-31",
    "inference_result": [
      {
        "label": "negative",
        "score": 0.8046356439590454
      }
    ]
  },
  {
    "source": "WSJ",
    "title": "Investors Find Ways to Play a Fed Rate Cut",
    "published": "2019-07-31",
    "inference_result": [
      {
        "label": "neutral",
        "score": 0.6870673298835754
      }
    ]
  }
]