[
  {
    "source": "WSJ",
    "title": "Trump, the Fed, and Interest Rates",
    "published": "2019-06-28",
    "inference_result": [
      {
        "label": "positive",
        "score": 0.6249662041664124
      }
    ]
  },
  {
    "source": "WSJ",
    "title": "The U.S. and India Stumble Toward a Trade War",
    "published": "2019-06-28",
    "inference_result": [
      {
        "label": "neutral",
        "score": 0.815609872341156
      }
    ]
  },
  {
    "source": "WSJ",
    "title": "White House Predicts Deregulation Will Boost Household Incomes",
    "published": "2019-06-28",
    "inference_result": [
      {
        "label": "negative",
        "score": 0.9620839357376099
      }
    ]
  },
  {
    "source": "WSJ",
    "title": "When It Comes to Tariffs, Many U.S. Companies Are on China\u2019s Side",
    "published": "2019-06-28",
    "inference_result": [
      {
        "label": "negative",
        "score": 0.9619749188423157
      }
    ]
  },
  {
    "source": "WSJ",
    "title": "The Daily Shot: Consumer Sentiment by Political Affiliation",
    "published": "2019-06-28",
    "inference_result": [
      {
        "label": "neutral",
        "score": 0.9467915296554565
      }
    ]
  },
  {
    "source": "WSJ",
    "title": "Grim Lizzie",
    "published": "2019-06-28",
    "inference_result": [
      {
        "label": "neutral",
        "score": 0.8293195366859436
      }
    ]
  },
  {
    "source": "WSJ",
    "title": "U.S. Consumers on Firm Footing This Spring",
    "published": "2019-06-28",
    "inference_result": [
      {
        "label": "positive",
        "score": 0.9506108164787292
      }
    ]
  },
  {
    "source": "WSJ",
    "title": "Real Time Economics: Trump Talks Big Trade Deals With India and Japan. What About China?",
    "published": "2019-06-28",
    "inference_result": [
      {
        "label": "neutral",
        "score": 0.941470742225647
      }
    ]
  },
  {
    "source": "WSJ",
    "title": "Nike Posts Strong Sales, Plays Down Trade Risks",
    "published": "2019-06-28",
    "inference_result": [
      {
        "label": "neutral",
        "score": 0.8630344867706299
      }
    ]
  },
  {
    "source": "WSJ",
    "title": "Apple Design Chief Jony Ive to Depart, Ushering in New Era",
    "published": "2019-06-28",
    "inference_result": [
      {
        "label": "neutral",
        "score": 0.9473658204078674
      }
    ]
  },
  {
    "source": "WSJ",
    "title": "Timiraos\u2019s Take: Trump\u2019s Fascination With Draghi Hints at Broader Trade Fissures",
    "published": "2019-06-28",
    "inference_result": [
      {
        "label": "neutral",
        "score": 0.9142457842826843
      }
    ]
  },
  {
    "source": "WSJ",
    "title": "Timiraos\u2019s Take: Trump\u2019s Fascination With Draghi Hints at Broader Trade Fissures",
    "published": "2019-06-28",
    "inference_result": [
      {
        "label": "neutral",
        "score": 0.9142457842826843
      }
    ]
  },
  {
    "source": "WSJ",
    "title": "Today\u2019s Logistics Report: Tariff\u2019s Ripple Impact; Ford Downshifts; Car Carriers\u2019 Collusion Course",
    "published": "2019-06-28",
    "inference_result": [
      {
        "label": "neutral",
        "score": 0.8955612778663635
      }
    ]
  },
  {
    "source": "WSJ",
    "title": "China to Insist U.S. Lift Huawei Ban as Part of Trade Deal",
    "published": "2019-06-28",
    "inference_result": [
      {
        "label": "positive",
        "score": 0.5064663290977478
      }
    ]
  },
  {
    "source": "WSJ",
    "title": "www.wsj.com",
    "published": "2019-06-28",
    "inference_result": [
      {
        "label": "neutral",
        "score": 0.9127650260925293
      }
    ]
  },
  {
    "source": "WSJ",
    "title": "Nike Posts Strong Sales, Plays Down Trade Risks",
    "published": "2019-06-28",
    "inference_result": [
      {
        "label": "neutral",
        "score": 0.8630344867706299
      }
    ]
  },
  {
    "source": "WSJ",
    "title": "Vietnam\u2019s Moment Is Here",
    "published": "2019-06-28",
    "inference_result": [
      {
        "label": "positive",
        "score": 0.9367608428001404
      }
    ]
  },
  {
    "source": "WSJ",
    "title": "Some Investors Hedge Against Renewed Trade Tension",
    "published": "2019-06-28",
    "inference_result": [
      {
        "label": "negative",
        "score": 0.45698609948158264
      }
    ]
  },
  {
    "source": "WSJ",
    "title": "Treasury Yields Decline for Third Quarter in a Row",
    "published": "2019-06-28",
    "inference_result": [
      {
        "label": "negative",
        "score": 0.935188889503479
      }
    ]
  },
  {
    "source": "WSJ",
    "title": "WSJ Wealth Adviser Briefing: Russell Rebalancing, Bond Fight, Frequent-Flier Awards",
    "published": "2019-06-28",
    "inference_result": [
      {
        "label": "neutral",
        "score": 0.9272052049636841
      }
    ]
  },
  {
    "source": "WSJ",
    "title": "U.S. Consumer Sentiment Declined in June",
    "published": "2019-06-28",
    "inference_result": [
      {
        "label": "negative",
        "score": 0.969515860080719
      }
    ]
  },
  {
    "source": "WSJ",
    "title": "Fed Clears Banks to Boost Payouts; U.S. First-Quarter Growth at 3.1%; Trump\u2019s Fascination With Draghi",
    "published": "2019-06-28",
    "inference_result": [
      {
        "label": "positive",
        "score": 0.9390237331390381
      }
    ]
  }
]