[
  {
    "source": "WSJ",
    "title": "When Corporations Changed Their Social Role\u2014and Upended Our Politics",
    "published": "2019-09-06",
    "inference_result": [
      {
        "label": "neutral",
        "score": 0.8801946640014648
      }
    ]
  },
  {
    "source": "WSJ",
    "title": "Modest August Job Growth Shows Economy Expanding, but Slowly",
    "published": "2019-09-06",
    "inference_result": [
      {
        "label": "negative",
        "score": 0.8219502568244934
      }
    ]
  },
  {
    "source": "WSJ",
    "title": "The Daily Shot: Container Shipping Costs Take a Wild Ride",
    "published": "2019-09-06",
    "inference_result": [
      {
        "label": "neutral",
        "score": 0.9467915296554565
      }
    ]
  },
  {
    "source": "WSJ",
    "title": "U.S. Stocks Climb After Jobs Report",
    "published": "2019-09-06",
    "inference_result": [
      {
        "label": "negative",
        "score": 0.43687307834625244
      }
    ]
  },
  {
    "source": "WSJ",
    "title": "Alphabet, Match Group, CVS: Stocks That Defined The Week",
    "published": "2019-09-06",
    "inference_result": [
      {
        "label": "neutral",
        "score": 0.8098722100257874
      }
    ]
  },
  {
    "source": "WSJ",
    "title": "China\u2019s Central Bank to Free Up $126 Billion for Lending",
    "published": "2019-09-06",
    "inference_result": [
      {
        "label": "neutral",
        "score": 0.5005438327789307
      }
    ]
  },
  {
    "source": "WSJ",
    "title": "Today\u2019s Logistics Report: Waiting at the Dock; Korea\u2019s Shipyard Concern; Tariff Tug-of-War",
    "published": "2019-09-06",
    "inference_result": [
      {
        "label": "neutral",
        "score": 0.8955612778663635
      }
    ]
  },
  {
    "source": "WSJ",
    "title": "Nucor to Replace CEO at Year-End",
    "published": "2019-09-06",
    "inference_result": [
      {
        "label": "negative",
        "score": 0.9714685082435608
      }
    ]
  },
  {
    "source": "WSJ",
    "title": "The Trade Uncertainty Principle",
    "published": "2019-09-06",
    "inference_result": [
      {
        "label": "negative",
        "score": 0.7307581901550293
      }
    ]
  },
  {
    "source": "WSJ",
    "title": "10 of the Biggest Financial-Aid Mistakes",
    "published": "2019-09-06",
    "inference_result": [
      {
        "label": "negative",
        "score": 0.9572358131408691
      }
    ]
  },
  {
    "source": "WSJ",
    "title": "IRS Gives Tax Break to Some American Expatriates",
    "published": "2019-09-06",
    "inference_result": [
      {
        "label": "neutral",
        "score": 0.8313841819763184
      }
    ]
  },
  {
    "source": "WSJ",
    "title": "Let\u2019s Debate How Best to Measure Inflation",
    "published": "2019-09-06",
    "inference_result": [
      {
        "label": "neutral",
        "score": 0.9018510580062866
      }
    ]
  },
  {
    "source": "WSJ",
    "title": "Newsletter: Jobs Report on Tap, Strength in Services, the Best Careers",
    "published": "2019-09-06",
    "inference_result": [
      {
        "label": "neutral",
        "score": 0.941470742225647
      }
    ]
  },
  {
    "source": "WSJ",
    "title": "U.S. Government Bonds Gain After Hiring Slows in August",
    "published": "2019-09-06",
    "inference_result": [
      {
        "label": "negative",
        "score": 0.957905650138855
      }
    ]
  },
  {
    "source": "WSJ",
    "title": "Newsletter: Jobs Report on Tap, Strength in Services, the Best Careers",
    "published": "2019-09-06",
    "inference_result": [
      {
        "label": "neutral",
        "score": 0.941470742225647
      }
    ]
  },
  {
    "source": "WSJ",
    "title": "James Mattis on Duty and Our Democracy",
    "published": "2019-09-06",
    "inference_result": [
      {
        "label": "neutral",
        "score": 0.8637951016426086
      }
    ]
  },
  {
    "source": "WSJ",
    "title": "Justice Department Launches Antitrust Probe Into Four Auto Makers",
    "published": "2019-09-06",
    "inference_result": [
      {
        "label": "neutral",
        "score": 0.6735299825668335
      }
    ]
  }
]