[
  {
    "source": "WSJ",
    "title": "China Invites U.S. Negotiators to Continue Trade Talks, White House Economics Adviser Says",
    "published": "2019-05-12",
    "inference_result": [
      {
        "label": "neutral",
        "score": 0.9057044386863708
      }
    ]
  },
  {
    "source": "WSJ",
    "title": "Lockstep Market Swings Worry Investors",
    "published": "2019-05-12",
    "inference_result": [
      {
        "label": "positive",
        "score": 0.8178679943084717
      }
    ]
  },
  {
    "source": "WSJ",
    "title": "America\u2019s Abusive Trade Practices",
    "published": "2019-05-12",
    "inference_result": [
      {
        "label": "negative",
        "score": 0.6842517852783203
      }
    ]
  },
  {
    "source": "WSJ",
    "title": "The Price is an Important Ingredient in All Drugs",
    "published": "2019-05-12",
    "inference_result": [
      {
        "label": "neutral",
        "score": 0.768537163734436
      }
    ]
  },
  {
    "source": "WSJ",
    "title": "Tax Revenue Keeps Rising",
    "published": "2019-05-12",
    "inference_result": [
      {
        "label": "negative",
        "score": 0.735601007938385
      }
    ]
  },
  {
    "source": "WSJ",
    "title": "America\u2019s Abusive Trade Practices",
    "published": "2019-05-12",
    "inference_result": [
      {
        "label": "negative",
        "score": 0.6842517852783203
      }
    ]
  },
  {
    "source": "WSJ",
    "title": "Chamber of Commerce Delivers for Business in Washington",
    "published": "2019-05-12",
    "inference_result": [
      {
        "label": "neutral",
        "score": 0.833304762840271
      }
    ]
  }
]