[
  {
    "source": "WSJ",
    "title": "Tariffs Loom Over Car Makers, Despite Mexico Deal",
    "published": "2019-06-13",
    "inference_result": [
      {
        "label": "negative",
        "score": 0.8535025715827942
      }
    ]
  },
  {
    "source": "WSJ",
    "title": "Trump Tariffs Are Short-Term Pain Without Long-Term Gain, Economists Say",
    "published": "2019-06-13",
    "inference_result": [
      {
        "label": "positive",
        "score": 0.9174756407737732
      }
    ]
  },
  {
    "source": "WSJ",
    "title": "Trump Tariffs Are Short-Term Pain Without Long-Term Gain, Economists Say",
    "published": "2019-06-13",
    "inference_result": [
      {
        "label": "positive",
        "score": 0.9174756407737732
      }
    ]
  },
  {
    "source": "WSJ",
    "title": "WSJ Wealth Adviser Briefing: Women Advisers, Gas Bet, Cramped Flight",
    "published": "2019-06-13",
    "inference_result": [
      {
        "label": "neutral",
        "score": 0.9272052049636841
      }
    ]
  },
  {
    "source": "WSJ",
    "title": "If the Fed Cuts, History Provides Guide to Market Impact",
    "published": "2019-06-13",
    "inference_result": [
      {
        "label": "neutral",
        "score": 0.752924919128418
      }
    ]
  },
  {
    "source": "WSJ",
    "title": "U.K.\u2019s Boris Johnson Pledges to Deliver Brexit With or Without a Deal",
    "published": "2019-06-13",
    "inference_result": [
      {
        "label": "neutral",
        "score": 0.7054906487464905
      }
    ]
  },
  {
    "source": "WSJ",
    "title": "If the Fed Cuts, History Provides Guide to Market Impact",
    "published": "2019-06-13",
    "inference_result": [
      {
        "label": "neutral",
        "score": 0.752924919128418
      }
    ]
  },
  {
    "source": "WSJ",
    "title": "Utilities, Other \u2018Safety\u2019 Stocks Rise With Uncertainty",
    "published": "2019-06-13",
    "inference_result": [
      {
        "label": "positive",
        "score": 0.947725236415863
      }
    ]
  },
  {
    "source": "WSJ",
    "title": "Mexicans Are Minority of Illegal Residents for First Time in Five Decades",
    "published": "2019-06-13",
    "inference_result": [
      {
        "label": "negative",
        "score": 0.9619855284690857
      }
    ]
  },
  {
    "source": "WSJ",
    "title": "Utilities, Other \u2018Safety\u2019 Stocks Rise With Uncertainty",
    "published": "2019-06-13",
    "inference_result": [
      {
        "label": "positive",
        "score": 0.947725236415863
      }
    ]
  },
  {
    "source": "WSJ",
    "title": "Real Time Economics: Low Inflation Could Allow the Fed to Cut Rates. But Should It?",
    "published": "2019-06-13",
    "inference_result": [
      {
        "label": "neutral",
        "score": 0.941470742225647
      }
    ]
  },
  {
    "source": "WSJ",
    "title": "The Economist Who Helped Me Find My Calling",
    "published": "2019-06-13",
    "inference_result": [
      {
        "label": "neutral",
        "score": 0.8295362591743469
      }
    ]
  },
  {
    "source": "WSJ",
    "title": "Some Republican Lawmakers Break With Party on Climate Change",
    "published": "2019-06-13",
    "inference_result": [
      {
        "label": "neutral",
        "score": 0.8863956332206726
      }
    ]
  },
  {
    "source": "WSJ",
    "title": "WSJ Survey: Most Economists Say Fed's Next Move Is Rate Cut",
    "published": "2019-06-13",
    "inference_result": [
      {
        "label": "negative",
        "score": 0.6603500843048096
      }
    ]
  },
  {
    "source": "WSJ",
    "title": "Trump to Name Eric Ueland to Lead White House Legislative Affairs",
    "published": "2019-06-13",
    "inference_result": [
      {
        "label": "neutral",
        "score": 0.9331418871879578
      }
    ]
  }
]