[
  {
    "source": "WSJ",
    "title": "U.S., Mexico Make Progress on Migration Issues, but Tariffs Still Loom",
    "published": "2019-06-07",
    "inference_result": [
      {
        "label": "positive",
        "score": 0.7699211239814758
      }
    ]
  },
  {
    "source": "WSJ",
    "title": "Trump Sees \u2018Good Chance\u2019 of Migration Deal With Mexico",
    "published": "2019-06-07",
    "inference_result": [
      {
        "label": "negative",
        "score": 0.8910639882087708
      }
    ]
  },
  {
    "source": "WSJ",
    "title": "Softer Labor Market Could Strengthen Case for Rate Cut",
    "published": "2019-06-07",
    "inference_result": [
      {
        "label": "negative",
        "score": 0.8697380423545837
      }
    ]
  },
  {
    "source": "WSJ",
    "title": "Today\u2019s Logistics Report: Setting Robot Ship Rules; Bringing in the Groceries; Trading Australian Gas",
    "published": "2019-06-07",
    "inference_result": [
      {
        "label": "neutral",
        "score": 0.8955612778663635
      }
    ]
  },
  {
    "source": "WSJ",
    "title": "Fed Begins Debate on Whether to Cut Rate as Soon as June",
    "published": "2019-06-07",
    "inference_result": [
      {
        "label": "negative",
        "score": 0.9410219788551331
      }
    ]
  },
  {
    "source": "WSJ",
    "title": "Fed Begins Debate on Whether to Cut Rate as Soon as June",
    "published": "2019-06-07",
    "inference_result": [
      {
        "label": "negative",
        "score": 0.9410219788551331
      }
    ]
  },
  {
    "source": "WSJ",
    "title": "What\u2019s News: World-Wide",
    "published": "2019-06-07",
    "inference_result": [
      {
        "label": "neutral",
        "score": 0.951514720916748
      }
    ]
  },
  {
    "source": "WSJ",
    "title": "On China Trade, Trump Is All Business",
    "published": "2019-06-07",
    "inference_result": [
      {
        "label": "neutral",
        "score": 0.8975677490234375
      }
    ]
  },
  {
    "source": "WSJ",
    "title": "Trump\u2019s Tequila Tax and the Swamp",
    "published": "2019-06-07",
    "inference_result": [
      {
        "label": "neutral",
        "score": 0.753639280796051
      }
    ]
  },
  {
    "source": "WSJ",
    "title": "What\u2019s News: World-Wide",
    "published": "2019-06-07",
    "inference_result": [
      {
        "label": "neutral",
        "score": 0.951514720916748
      }
    ]
  },
  {
    "source": "WSJ",
    "title": "A Bad French Auto Romance",
    "published": "2019-06-07",
    "inference_result": [
      {
        "label": "neutral",
        "score": 0.9061678647994995
      }
    ]
  },
  {
    "source": "WSJ",
    "title": "IRS Wins Again in Closely Watched Intel Tax Case",
    "published": "2019-06-07",
    "inference_result": [
      {
        "label": "negative",
        "score": 0.8792061805725098
      }
    ]
  },
  {
    "source": "WSJ",
    "title": "Trump\u2019s Tequila Tax and the Swamp",
    "published": "2019-06-07",
    "inference_result": [
      {
        "label": "neutral",
        "score": 0.753639280796051
      }
    ]
  },
  {
    "source": "WSJ",
    "title": "Retirement Bill Debate Ensnares Military Families",
    "published": "2019-06-07",
    "inference_result": [
      {
        "label": "neutral",
        "score": 0.9287953972816467
      }
    ]
  },
  {
    "source": "WSJ",
    "title": "Stocks Extend Gains on Dovish Central-Bank Signals",
    "published": "2019-06-07",
    "inference_result": [
      {
        "label": "positive",
        "score": 0.46727362275123596
      }
    ]
  },
  {
    "source": "WSJ",
    "title": "U.S. Plans More Than $2 Billion in Weapons Sales to Taiwan, Angering Beijing",
    "published": "2019-06-07",
    "inference_result": [
      {
        "label": "negative",
        "score": 0.9402183890342712
      }
    ]
  },
  {
    "source": "WSJ",
    "title": "How High Are Corn Prices in China? You Won\u2019t Believe Your Ears",
    "published": "2019-06-07",
    "inference_result": [
      {
        "label": "negative",
        "score": 0.9428727626800537
      }
    ]
  },
  {
    "source": "WSJ",
    "title": "Oil Extends Gains as Oversupply Fears Ease",
    "published": "2019-06-07",
    "inference_result": [
      {
        "label": "negative",
        "score": 0.9687127470970154
      }
    ]
  },
  {
    "source": "WSJ",
    "title": "Fed Debates a Rate Cut; ECB Raises Prospect of Lower Rates; U.S. Worker Productivity Improves",
    "published": "2019-06-07",
    "inference_result": [
      {
        "label": "negative",
        "score": 0.6461613178253174
      }
    ]
  },
  {
    "source": "WSJ",
    "title": "Fed Debates a Rate Cut; ECB Raises Prospect of Lower Rates; U.S. Worker Productivity Improves",
    "published": "2019-06-07",
    "inference_result": [
      {
        "label": "negative",
        "score": 0.6461613178253174
      }
    ]
  },
  {
    "source": "WSJ",
    "title": "A Worrying Jobs Number With Trade Hit Looming",
    "published": "2019-06-07",
    "inference_result": [
      {
        "label": "negative",
        "score": 0.8738681077957153
      }
    ]
  },
  {
    "source": "WSJ",
    "title": "Joe Biden\u2019s Green Free Lunch",
    "published": "2019-06-07",
    "inference_result": [
      {
        "label": "neutral",
        "score": 0.7998479604721069
      }
    ]
  },
  {
    "source": "WSJ",
    "title": "Freight Operators Slowed Hiring in May on Weaker Shipping Demand",
    "published": "2019-06-07",
    "inference_result": [
      {
        "label": "positive",
        "score": 0.8595290184020996
      }
    ]
  },
  {
    "source": "WSJ",
    "title": "Real Time Economics: Employers Tap the Brakes",
    "published": "2019-06-07",
    "inference_result": [
      {
        "label": "neutral",
        "score": 0.941470742225647
      }
    ]
  }
]