[
  {
    "source": "WSJ",
    "title": "Trump Heads Into 2020 Election in Search of a Blockbuster Deal",
    "published": "2019-09-24",
    "inference_result": [
      {
        "label": "negative",
        "score": 0.8543263077735901
      }
    ]
  },
  {
    "source": "WSJ",
    "title": "The Daily Shot: Is Germany in Recession?",
    "published": "2019-09-24",
    "inference_result": [
      {
        "label": "neutral",
        "score": 0.9467915296554565
      }
    ]
  },
  {
    "source": "WSJ",
    "title": "The Daily Shot: Is Germany in Recession?",
    "published": "2019-09-24",
    "inference_result": [
      {
        "label": "neutral",
        "score": 0.9467915296554565
      }
    ]
  },
  {
    "source": "WSJ",
    "title": "China\u2019s Labor Market Is Changing, but It Isn\u2019t Because of a Trade War",
    "published": "2019-09-24",
    "inference_result": [
      {
        "label": "positive",
        "score": 0.5077163577079773
      }
    ]
  },
  {
    "source": "WSJ",
    "title": "Bernie Sanders Calls for 8% Wealth Tax on Richest Americans",
    "published": "2019-09-24",
    "inference_result": [
      {
        "label": "positive",
        "score": 0.9470942616462708
      }
    ]
  },
  {
    "source": "WSJ",
    "title": "EU Court Sides With Starbucks in Tax Case",
    "published": "2019-09-24",
    "inference_result": [
      {
        "label": "negative",
        "score": 0.7368993759155273
      }
    ]
  },
  {
    "source": "WSJ",
    "title": "Renewed Economic Uncertainty Swings Stocks, Ending Recent Lull",
    "published": "2019-09-24",
    "inference_result": [
      {
        "label": "negative",
        "score": 0.9641225934028625
      }
    ]
  },
  {
    "source": "WSJ",
    "title": "Renewed Economic Uncertainty Swings Stocks, Ending Recent Lull",
    "published": "2019-09-24",
    "inference_result": [
      {
        "label": "negative",
        "score": 0.9641225934028625
      }
    ]
  },
  {
    "source": "WSJ",
    "title": "Williams Says Fed Action Calmed Markets; People\u2019s Bank of China to Resist Easing Wave",
    "published": "2019-09-24",
    "inference_result": [
      {
        "label": "positive",
        "score": 0.474902480840683
      }
    ]
  }
]