[
  {
    "source": "WSJ",
    "title": "U.S. Trade Gap Narrowed in July as Imports Fell",
    "published": "2019-09-04",
    "inference_result": [
      {
        "label": "negative",
        "score": 0.9748022556304932
      }
    ]
  },
  {
    "source": "WSJ",
    "title": "Fed\u2019s Beige Book Reports Modest Growth Despite Trade Uncertainty",
    "published": "2019-09-04",
    "inference_result": [
      {
        "label": "positive",
        "score": 0.5396682620048523
      }
    ]
  },
  {
    "source": "WSJ",
    "title": "Tariffs Could Push Down Amazon, Wayfair Shares",
    "published": "2019-09-04",
    "inference_result": [
      {
        "label": "negative",
        "score": 0.8752495646476746
      }
    ]
  },
  {
    "source": "WSJ",
    "title": "Target Tells Its Suppliers to Handle Tariffs Costs",
    "published": "2019-09-04",
    "inference_result": [
      {
        "label": "negative",
        "score": 0.7019600868225098
      }
    ]
  },
  {
    "source": "WSJ",
    "title": "The Trade War\u2019s Winners Don\u2019t Include Us",
    "published": "2019-09-04",
    "inference_result": [
      {
        "label": "negative",
        "score": 0.9065921306610107
      }
    ]
  },
  {
    "source": "WSJ",
    "title": "After Years of Infighting, Brexit Forces Shake-Up of Conservative Party",
    "published": "2019-09-04",
    "inference_result": [
      {
        "label": "negative",
        "score": 0.8791508674621582
      }
    ]
  },
  {
    "source": "WSJ",
    "title": "After Years of Infighting, Brexit Forces Shake-Up of Conservative Party",
    "published": "2019-09-04",
    "inference_result": [
      {
        "label": "negative",
        "score": 0.8791508674621582
      }
    ]
  },
  {
    "source": "WSJ",
    "title": "CIOs Consider Trade in IoT Spending Decisions",
    "published": "2019-09-04",
    "inference_result": [
      {
        "label": "negative",
        "score": 0.9656891226768494
      }
    ]
  },
  {
    "source": "WSJ",
    "title": "U.S. Trade Gap Narrowed in July as Imports Fell",
    "published": "2019-09-04",
    "inference_result": [
      {
        "label": "negative",
        "score": 0.9748022556304932
      }
    ]
  },
  {
    "source": "WSJ",
    "title": "Newsletter: U.S. Manufacturing Contracts, Employment Set to Grow",
    "published": "2019-09-04",
    "inference_result": [
      {
        "label": "neutral",
        "score": 0.941470742225647
      }
    ]
  },
  {
    "source": "WSJ",
    "title": "Starbucks Is Cooling Off in Bad Sign for Corporate Profits",
    "published": "2019-09-04",
    "inference_result": [
      {
        "label": "negative",
        "score": 0.9064685106277466
      }
    ]
  },
  {
    "source": "WSJ",
    "title": "Dow, S&P 500 Close Higher After Global Rally",
    "published": "2019-09-04",
    "inference_result": [
      {
        "label": "positive",
        "score": 0.9247512221336365
      }
    ]
  },
  {
    "source": "WSJ",
    "title": "Volatility Continues to Jolt Oil Market",
    "published": "2019-09-04",
    "inference_result": [
      {
        "label": "positive",
        "score": 0.5789996981620789
      }
    ]
  }
]