[
  {
    "source": "WSJ",
    "title": "Tariff Fight Knocks Off China as Top U.S. Trading Partner",
    "published": "2019-08-03",
    "inference_result": [
      {
        "label": "positive",
        "score": 0.505908191204071
      }
    ]
  },
  {
    "source": "WSJ",
    "title": "Corrections & Amplifications",
    "published": "2019-08-03",
    "inference_result": [
      {
        "label": "neutral",
        "score": 0.5032437443733215
      }
    ]
  },
  {
    "source": "WSJ",
    "title": "What\u2019s News: Business & Finance",
    "published": "2019-08-03",
    "inference_result": [
      {
        "label": "neutral",
        "score": 0.951514720916748
      }
    ]
  },
  {
    "source": "WSJ",
    "title": "What\u2019s News: World-Wide",
    "published": "2019-08-03",
    "inference_result": [
      {
        "label": "neutral",
        "score": 0.951514720916748
      }
    ]
  },
  {
    "source": "WSJ",
    "title": "Protectionist Diplomacy Goes Global",
    "published": "2019-08-03",
    "inference_result": [
      {
        "label": "negative",
        "score": 0.6141207814216614
      }
    ]
  },
  {
    "source": "WSJ",
    "title": "What\u2019s News: Business & Finance",
    "published": "2019-08-03",
    "inference_result": [
      {
        "label": "neutral",
        "score": 0.951514720916748
      }
    ]
  },
  {
    "source": "WSJ",
    "title": "Tariff Fight Knocks Off China as Top U.S. Trading Partner",
    "published": "2019-08-03",
    "inference_result": [
      {
        "label": "positive",
        "score": 0.505908191204071
      }
    ]
  }
]