[
  {
    "source": "WSJ",
    "title": "Stocks Mixed as Tech Gains Balance With Trade Anxiety",
    "published": "2019-07-09",
    "inference_result": [
      {
        "label": "neutral",
        "score": 0.8721212148666382
      }
    ]
  },
  {
    "source": "WSJ",
    "title": "Fire Up the Grill: Propane Prices Have Tumbled",
    "published": "2019-07-09",
    "inference_result": [
      {
        "label": "neutral",
        "score": 0.43305903673171997
      }
    ]
  },
  {
    "source": "WSJ",
    "title": "Stocks Mixed as Tech Gains Balance With Trade Anxiety",
    "published": "2019-07-09",
    "inference_result": [
      {
        "label": "neutral",
        "score": 0.8721212148666382
      }
    ]
  },
  {
    "source": "WSJ",
    "title": "Government Bond-Market Measure Says Recession Risk Growing",
    "published": "2019-07-09",
    "inference_result": [
      {
        "label": "positive",
        "score": 0.9475551247596741
      }
    ]
  },
  {
    "source": "WSJ",
    "title": "Congress Is Coming for Your IRA",
    "published": "2019-07-09",
    "inference_result": [
      {
        "label": "neutral",
        "score": 0.8144298791885376
      }
    ]
  },
  {
    "source": "WSJ",
    "title": "Real Time Economics: U.S. and China Try Again on Trade, Odds of a Recession Rising",
    "published": "2019-07-09",
    "inference_result": [
      {
        "label": "neutral",
        "score": 0.941470742225647
      }
    ]
  },
  {
    "source": "WSJ",
    "title": "Glynn\u2019s Take: Australia\u2019s Economic Policy Debate Turns Tense",
    "published": "2019-07-09",
    "inference_result": [
      {
        "label": "neutral",
        "score": 0.661179780960083
      }
    ]
  },
  {
    "source": "WSJ",
    "title": "Cisco to Buy Acacia Communications for About $2.6 Billion",
    "published": "2019-07-09",
    "inference_result": [
      {
        "label": "positive",
        "score": 0.7542819976806641
      }
    ]
  },
  {
    "source": "WSJ",
    "title": "U.S., China Tentatively Move to Revive Trade Talks",
    "published": "2019-07-09",
    "inference_result": [
      {
        "label": "negative",
        "score": 0.9290335178375244
      }
    ]
  },
  {
    "source": "WSJ",
    "title": "Real Time Economics: U.S. and China Try Again on Trade, Odds of a Recession Rising",
    "published": "2019-07-09",
    "inference_result": [
      {
        "label": "neutral",
        "score": 0.941470742225647
      }
    ]
  },
  {
    "source": "WSJ",
    "title": "Can Trump Keep Bosses Happy?",
    "published": "2019-07-09",
    "inference_result": [
      {
        "label": "neutral",
        "score": 0.5064644813537598
      }
    ]
  },
  {
    "source": "WSJ",
    "title": "Home-Builder Rally May Lose Steam in Second Half",
    "published": "2019-07-09",
    "inference_result": [
      {
        "label": "positive",
        "score": 0.6086946129798889
      }
    ]
  }
]