[
  {
    "source": "WSJ",
    "title": "Trump Tariff Tweet Sends Treasury Yield to Lowest Since 2016 Vote",
    "published": "2019-08-01",
    "inference_result": [
      {
        "label": "negative",
        "score": 0.9517421722412109
      }
    ]
  },
  {
    "source": "WSJ",
    "title": "Fed\u2019s Conundrum: Can Lower Rates Combat Investment Chill",
    "published": "2019-08-01",
    "inference_result": [
      {
        "label": "negative",
        "score": 0.9617633819580078
      }
    ]
  },
  {
    "source": "WSJ",
    "title": "Trump Tweets Crush Oil Market as Prices Fall Nearly 8%",
    "published": "2019-08-01",
    "inference_result": [
      {
        "label": "negative",
        "score": 0.967421293258667
      }
    ]
  },
  {
    "source": "WSJ",
    "title": "BOE Chief Warns Messy Brexit Would Pressure Global Economy",
    "published": "2019-08-01",
    "inference_result": [
      {
        "label": "negative",
        "score": 0.8259388208389282
      }
    ]
  },
  {
    "source": "WSJ",
    "title": "U.S. Manufacturing Slipped in July",
    "published": "2019-08-01",
    "inference_result": [
      {
        "label": "negative",
        "score": 0.9737241268157959
      }
    ]
  },
  {
    "source": "WSJ",
    "title": "Merger of Yards in South Korea, China Will Control Global Shipbuilding",
    "published": "2019-08-01",
    "inference_result": [
      {
        "label": "positive",
        "score": 0.8034366369247437
      }
    ]
  },
  {
    "source": "WSJ",
    "title": "It\u2019s Absurd To Ask China To Disarm",
    "published": "2019-08-01",
    "inference_result": [
      {
        "label": "neutral",
        "score": 0.830372154712677
      }
    ]
  },
  {
    "source": "WSJ",
    "title": "Wet Weather Swamps Farm Suppliers",
    "published": "2019-08-01",
    "inference_result": [
      {
        "label": "negative",
        "score": 0.9730503559112549
      }
    ]
  },
  {
    "source": "WSJ",
    "title": "What\u2019s News: World-Wide",
    "published": "2019-08-01",
    "inference_result": [
      {
        "label": "neutral",
        "score": 0.951514720916748
      }
    ]
  },
  {
    "source": "WSJ",
    "title": "Steel Giant ArcelorMittal Hit By Falling U.S., Europe Demand",
    "published": "2019-08-01",
    "inference_result": [
      {
        "label": "positive",
        "score": 0.8463799357414246
      }
    ]
  },
  {
    "source": "WSJ",
    "title": "E-commerce Startup Wish Valued at $11.2 Billion",
    "published": "2019-08-01",
    "inference_result": [
      {
        "label": "neutral",
        "score": 0.6547960042953491
      }
    ]
  },
  {
    "source": "WSJ",
    "title": "Going Out of Style: Tax-Driven Deals to Move Corporate HQs Outside U.S.",
    "published": "2019-08-01",
    "inference_result": [
      {
        "label": "neutral",
        "score": 0.9207746386528015
      }
    ]
  },
  {
    "source": "WSJ",
    "title": "Trump Tariff Tweet Sends Treasury Yield to Lowest Since 2016 Vote",
    "published": "2019-08-01",
    "inference_result": [
      {
        "label": "negative",
        "score": 0.9517421722412109
      }
    ]
  },
  {
    "source": "WSJ",
    "title": "Steel Giant ArcelorMittal Hit By Falling U.S., Europe Demand",
    "published": "2019-08-01",
    "inference_result": [
      {
        "label": "positive",
        "score": 0.8463799357414246
      }
    ]
  },
  {
    "source": "WSJ",
    "title": "When Couples Have Different Attitudes About Aging",
    "published": "2019-08-01",
    "inference_result": [
      {
        "label": "neutral",
        "score": 0.8929426670074463
      }
    ]
  },
  {
    "source": "WSJ",
    "title": "George, Rosengren Dissent Against Rate Cut; Fed\u2019s Trade Conundrum; Brazil Central Bank Cuts Selic",
    "published": "2019-08-01",
    "inference_result": [
      {
        "label": "negative",
        "score": 0.921710193157196
      }
    ]
  },
  {
    "source": "WSJ",
    "title": "Real Time Economics: The Fed Disappoints, China Plays the Long Game, and Wage Gains Plateau",
    "published": "2019-08-01",
    "inference_result": [
      {
        "label": "neutral",
        "score": 0.941470742225647
      }
    ]
  },
  {
    "source": "WSJ",
    "title": "Shares in Top Shale Driller Fall After it Discloses Well Problems",
    "published": "2019-08-01",
    "inference_result": [
      {
        "label": "negative",
        "score": 0.9677957892417908
      }
    ]
  }
]