[
  {
    "source": "WSJ",
    "title": "As China Tariffs Loom, Some U.S. Companies Say Buying American Isn\u2019t an Option",
    "published": "2019-06-17",
    "inference_result": [
      {
        "label": "negative",
        "score": 0.9409080147743225
      }
    ]
  },
  {
    "source": "WSJ",
    "title": "Brexit Strikes a Bum Note for U.K. Artists as EU Gigs Dry Up",
    "published": "2019-06-17",
    "inference_result": [
      {
        "label": "negative",
        "score": 0.967650294303894
      }
    ]
  },
  {
    "source": "WSJ",
    "title": "Guatemala Presidential Election Heads to Runoff",
    "published": "2019-06-17",
    "inference_result": [
      {
        "label": "negative",
        "score": 0.962888777256012
      }
    ]
  },
  {
    "source": "WSJ",
    "title": "What\u2019s News: World-Wide",
    "published": "2019-06-17",
    "inference_result": [
      {
        "label": "neutral",
        "score": 0.951514720916748
      }
    ]
  },
  {
    "source": "WSJ",
    "title": "Case for Cutting Rates Found in 1990s; Fed Rate Projection Dilemma; Emerging Markets Cut Interest Rates",
    "published": "2019-06-17",
    "inference_result": [
      {
        "label": "negative",
        "score": 0.9008872509002686
      }
    ]
  },
  {
    "source": "WSJ",
    "title": "Mexican Shelters Strained by Migrants Struggle With U.S. Returnees",
    "published": "2019-06-17",
    "inference_result": [
      {
        "label": "negative",
        "score": 0.955291748046875
      }
    ]
  },
  {
    "source": "WSJ",
    "title": "Real Time Economics: The Fed Weighs a Rate Cut and the White House Considers a Tariff Increase",
    "published": "2019-06-17",
    "inference_result": [
      {
        "label": "neutral",
        "score": 0.941470742225647
      }
    ]
  },
  {
    "source": "WSJ",
    "title": "No Millionaire\u2019s Tax in New Jersey Lawmakers\u2019 Proposed Budget",
    "published": "2019-06-17",
    "inference_result": [
      {
        "label": "negative",
        "score": 0.7460463047027588
      }
    ]
  },
  {
    "source": "WSJ",
    "title": "What You Need to Know About Capital-Gains Taxes (but Probably Don\u2019t)",
    "published": "2019-06-17",
    "inference_result": [
      {
        "label": "neutral",
        "score": 0.8933406472206116
      }
    ]
  },
  {
    "source": "WSJ",
    "title": "The Daily Shot: New U.S. Tariffs Will Knock China\u2019s Growth Well Below Beijing\u2019s Target",
    "published": "2019-06-17",
    "inference_result": [
      {
        "label": "neutral",
        "score": 0.9467915296554565
      }
    ]
  }
]