[
  {
    "source": "WSJ",
    "title": "U.S. Trade Gap Widened in May Despite Tariff Moves",
    "published": "2019-07-03",
    "inference_result": [
      {
        "label": "positive",
        "score": 0.938772976398468
      }
    ]
  },
  {
    "source": "WSJ",
    "title": "Dow Industrials Close at Record High",
    "published": "2019-07-03",
    "inference_result": [
      {
        "label": "positive",
        "score": 0.8806484341621399
      }
    ]
  },
  {
    "source": "WSJ",
    "title": "EU Leadership Nominees Share Tough Stances on Tech, Trade",
    "published": "2019-07-03",
    "inference_result": [
      {
        "label": "neutral",
        "score": 0.7742090821266174
      }
    ]
  },
  {
    "source": "WSJ",
    "title": "Budweiser Readies Year\u2019s Biggest IPO, Tapping Asia\u2019s Growing Thirst",
    "published": "2019-07-03",
    "inference_result": [
      {
        "label": "neutral",
        "score": 0.7997240424156189
      }
    ]
  },
  {
    "source": "WSJ",
    "title": "Trade Progress Hides Undercurrent of Risks for Investors",
    "published": "2019-07-03",
    "inference_result": [
      {
        "label": "neutral",
        "score": 0.8095162510871887
      }
    ]
  },
  {
    "source": "WSJ",
    "title": "WSJ Wealth Adviser Briefing: Independent Advisers, Share Buybacks, Hammock Safety",
    "published": "2019-07-03",
    "inference_result": [
      {
        "label": "neutral",
        "score": 0.9272052049636841
      }
    ]
  },
  {
    "source": "WSJ",
    "title": "U.S. Service-Sector Activity Slowed in June",
    "published": "2019-07-03",
    "inference_result": [
      {
        "label": "positive",
        "score": 0.9510993957519531
      }
    ]
  },
  {
    "source": "WSJ",
    "title": "China Knows What It Wants\u2014the U.S. Still Doesn\u2019t",
    "published": "2019-07-03",
    "inference_result": [
      {
        "label": "neutral",
        "score": 0.8772438764572144
      }
    ]
  }
]