[
  {
    "source": "WSJ",
    "title": "Jerome Powell Says Outlook Hasn\u2019t Improved in Recent Weeks, Setting Stage for Rate Cut",
    "published": "2019-07-11",
    "inference_result": [
      {
        "label": "negative",
        "score": 0.922751784324646
      }
    ]
  },
  {
    "source": "WSJ",
    "title": "No Turnaround in Sight for China Car Sales",
    "published": "2019-07-11",
    "inference_result": [
      {
        "label": "negative",
        "score": 0.969906747341156
      }
    ]
  },
  {
    "source": "WSJ",
    "title": "France Presses On With Digital Tax Despite U.S. Probe",
    "published": "2019-07-11",
    "inference_result": [
      {
        "label": "neutral",
        "score": 0.8998185396194458
      }
    ]
  },
  {
    "source": "WSJ",
    "title": "Marco Rubio Introduces a Bill to Boost the U.S. Rare-Earth Industry",
    "published": "2019-07-11",
    "inference_result": [
      {
        "label": "positive",
        "score": 0.5938509106636047
      }
    ]
  },
  {
    "source": "WSJ",
    "title": "Mnuchin Said to Advise U.S. Firms to Seek Huawei Exemptions",
    "published": "2019-07-11",
    "inference_result": [
      {
        "label": "positive",
        "score": 0.7253816723823547
      }
    ]
  },
  {
    "source": "WSJ",
    "title": "Guatemala to Discuss Absorbing Central American Asylum Seekers",
    "published": "2019-07-11",
    "inference_result": [
      {
        "label": "negative",
        "score": 0.9357326030731201
      }
    ]
  },
  {
    "source": "WSJ",
    "title": "Charming Charlie Files Second Bankruptcy in Less Than Two Years",
    "published": "2019-07-11",
    "inference_result": [
      {
        "label": "negative",
        "score": 0.8066709041595459
      }
    ]
  },
  {
    "source": "WSJ",
    "title": "U.S. Launches Probe of French Digital Tax",
    "published": "2019-07-11",
    "inference_result": [
      {
        "label": "neutral",
        "score": 0.9081835150718689
      }
    ]
  },
  {
    "source": "WSJ",
    "title": "Cargill Profit Drops on Trade, Flooding Challenges",
    "published": "2019-07-11",
    "inference_result": [
      {
        "label": "negative",
        "score": 0.969407856464386
      }
    ]
  },
  {
    "source": "WSJ",
    "title": "U.S. Budget Gap Widened 23% in First Nine Months of Fiscal Year",
    "published": "2019-07-11",
    "inference_result": [
      {
        "label": "positive",
        "score": 0.9475918412208557
      }
    ]
  },
  {
    "source": "WSJ",
    "title": "Real Time Economics: Fed Signals a Rate Cut, Markets Rejoice",
    "published": "2019-07-11",
    "inference_result": [
      {
        "label": "neutral",
        "score": 0.941470742225647
      }
    ]
  },
  {
    "source": "WSJ",
    "title": "France Presses On With Digital Tax Despite U.S. Probe",
    "published": "2019-07-11",
    "inference_result": [
      {
        "label": "neutral",
        "score": 0.8998185396194458
      }
    ]
  },
  {
    "source": "WSJ",
    "title": "U.S. Launches Probe of French Digital Tax",
    "published": "2019-07-11",
    "inference_result": [
      {
        "label": "neutral",
        "score": 0.9081835150718689
      }
    ]
  },
  {
    "source": "WSJ",
    "title": "Get Incentives Right to Build More Housing",
    "published": "2019-07-11",
    "inference_result": [
      {
        "label": "neutral",
        "score": 0.7167028188705444
      }
    ]
  }
]