[
  {
    "source": "WSJ",
    "title": "Transcript: WSJ Interview With Dallas Fed President Robert Kaplan",
    "published": "2019-07-16",
    "inference_result": [
      {
        "label": "neutral",
        "score": 0.9371917843818665
      }
    ]
  },
  {
    "source": "WSJ",
    "title": "Brexit Position Saps Business Support From Britain\u2019s Conservatives",
    "published": "2019-07-16",
    "inference_result": [
      {
        "label": "negative",
        "score": 0.8549014925956726
      }
    ]
  },
  {
    "source": "WSJ",
    "title": "Vietnam Doesn\u2019t Threaten U.S. Interests as China Does",
    "published": "2019-07-16",
    "inference_result": [
      {
        "label": "neutral",
        "score": 0.5634597539901733
      }
    ]
  },
  {
    "source": "WSJ",
    "title": "U.S. Industrial Production Unchanged in June",
    "published": "2019-07-16",
    "inference_result": [
      {
        "label": "positive",
        "score": 0.8956456184387207
      }
    ]
  },
  {
    "source": "WSJ",
    "title": "Fed's Kaplan Says Rate Cut Could Be Warranted Based on Bond-Market Signals",
    "published": "2019-07-16",
    "inference_result": [
      {
        "label": "neutral",
        "score": 0.5566362142562866
      }
    ]
  },
  {
    "source": "WSJ",
    "title": "Kentucky Skirmish: Mitch McConnell Irks Rand Paul With Push on Tax Treaties",
    "published": "2019-07-16",
    "inference_result": [
      {
        "label": "positive",
        "score": 0.5281247496604919
      }
    ]
  },
  {
    "source": "WSJ",
    "title": "Pemex Seeks to Reverse 15-Year Decline in Oil Output",
    "published": "2019-07-16",
    "inference_result": [
      {
        "label": "positive",
        "score": 0.9046230912208557
      }
    ]
  },
  {
    "source": "WSJ",
    "title": "MMT Advocate Calls for Japan to Cancel Sales-Tax Increase",
    "published": "2019-07-16",
    "inference_result": [
      {
        "label": "neutral",
        "score": 0.7223902344703674
      }
    ]
  },
  {
    "source": "WSJ",
    "title": "Slowing Growth Raises Pressure on China\u2019s Stimulus Efforts",
    "published": "2019-07-16",
    "inference_result": [
      {
        "label": "positive",
        "score": 0.9203247427940369
      }
    ]
  },
  {
    "source": "WSJ",
    "title": "BHP and the Long Goodbye From Coal",
    "published": "2019-07-16",
    "inference_result": [
      {
        "label": "neutral",
        "score": 0.5197722911834717
      }
    ]
  },
  {
    "source": "WSJ",
    "title": "The New Biden Tax",
    "published": "2019-07-16",
    "inference_result": [
      {
        "label": "neutral",
        "score": 0.8800898194313049
      }
    ]
  },
  {
    "source": "WSJ",
    "title": "Slowing Growth Raises Pressure on China\u2019s Stimulus Efforts",
    "published": "2019-07-16",
    "inference_result": [
      {
        "label": "positive",
        "score": 0.9203247427940369
      }
    ]
  },
  {
    "source": "WSJ",
    "title": "Trump Administration Plans Tighter Asylum Rules at Southern Border",
    "published": "2019-07-16",
    "inference_result": [
      {
        "label": "neutral",
        "score": 0.5024682879447937
      }
    ]
  },
  {
    "source": "WSJ",
    "title": "Trucking Stocks Race Higher on J.B. Hunt\u2019s Good News",
    "published": "2019-07-16",
    "inference_result": [
      {
        "label": "positive",
        "score": 0.6620192527770996
      }
    ]
  }
]