[
  {
    "source": "WSJ",
    "title": "A Metals Tariff Reprieve",
    "published": "2019-05-18",
    "inference_result": [
      {
        "label": "positive",
        "score": 0.9003432393074036
      }
    ]
  },
  {
    "source": "WSJ",
    "title": "A Metals Tariff Reprieve",
    "published": "2019-05-18",
    "inference_result": [
      {
        "label": "positive",
        "score": 0.9003432393074036
      }
    ]
  },
  {
    "source": "WSJ",
    "title": "Hopes of Brexit Breakthrough Dashed as Bipartisan Talks Collapse",
    "published": "2019-05-18",
    "inference_result": [
      {
        "label": "neutral",
        "score": 0.7682119011878967
      }
    ]
  },
  {
    "source": "WSJ",
    "title": "Trump\u2019s Trade War With China Is Taxing Missouri Farmers",
    "published": "2019-05-18",
    "inference_result": [
      {
        "label": "neutral",
        "score": 0.7244822978973389
      }
    ]
  },
  {
    "source": "WSJ",
    "title": "What\u2019s News: World-Wide",
    "published": "2019-05-18",
    "inference_result": [
      {
        "label": "neutral",
        "score": 0.951514720916748
      }
    ]
  },
  {
    "source": "WSJ",
    "title": "If U.S.-China Marriage Can Be Saved, Huawei Is the Key",
    "published": "2019-05-18",
    "inference_result": [
      {
        "label": "positive",
        "score": 0.7310174703598022
      }
    ]
  },
  {
    "source": "WSJ",
    "title": "Stocks Lose Steam, Close Lower for the Week",
    "published": "2019-05-18",
    "inference_result": [
      {
        "label": "negative",
        "score": 0.9494414925575256
      }
    ]
  },
  {
    "source": "WSJ",
    "title": "If U.S.-China Marriage Can Be Saved, Huawei Is the Key",
    "published": "2019-05-18",
    "inference_result": [
      {
        "label": "positive",
        "score": 0.7310174703598022
      }
    ]
  },
  {
    "source": "WSJ",
    "title": "Mnuchin Defies Subpoena for President Trump\u2019s Tax Returns",
    "published": "2019-05-18",
    "inference_result": [
      {
        "label": "negative",
        "score": 0.5833412408828735
      }
    ]
  },
  {
    "source": "WSJ",
    "title": "A Metals Tariff Reprieve",
    "published": "2019-05-18",
    "inference_result": [
      {
        "label": "positive",
        "score": 0.9003432393074036
      }
    ]
  },
  {
    "source": "WSJ",
    "title": "What\u2019s News: World-Wide",
    "published": "2019-05-18",
    "inference_result": [
      {
        "label": "neutral",
        "score": 0.951514720916748
      }
    ]
  },
  {
    "source": "WSJ",
    "title": "Cuomo vs. New York",
    "published": "2019-05-18",
    "inference_result": [
      {
        "label": "negative",
        "score": 0.9401494860649109
      }
    ]
  },
  {
    "source": "WSJ",
    "title": "Government Bonds Rise on Trade Tensions",
    "published": "2019-05-18",
    "inference_result": [
      {
        "label": "positive",
        "score": 0.8795793652534485
      }
    ]
  }
]