[
  {
    "source": "WSJ",
    "title": "Trump\u2019s Mexican Tariffs Will Hurt the U.S.",
    "published": "2019-06-05",
    "inference_result": [
      {
        "label": "negative",
        "score": 0.7861105799674988
      }
    ]
  },
  {
    "source": "WSJ",
    "title": "Border Arrests Climb Amid Threat of Tariffs",
    "published": "2019-06-05",
    "inference_result": [
      {
        "label": "negative",
        "score": 0.7692854404449463
      }
    ]
  },
  {
    "source": "WSJ",
    "title": "The Daily Shot: U.S. Farmers\u2019 Sentiment Slumps",
    "published": "2019-06-05",
    "inference_result": [
      {
        "label": "neutral",
        "score": 0.9467915296554565
      }
    ]
  },
  {
    "source": "WSJ",
    "title": "As Tariffs Bite, Get Ready for a 1970s-Style Supply Shock",
    "published": "2019-06-05",
    "inference_result": [
      {
        "label": "neutral",
        "score": 0.45905613899230957
      }
    ]
  },
  {
    "source": "WSJ",
    "title": "Washington\u2019s Anti-Growth Turn",
    "published": "2019-06-05",
    "inference_result": [
      {
        "label": "negative",
        "score": 0.8517297506332397
      }
    ]
  },
  {
    "source": "WSJ",
    "title": "GOP Lawmakers Wrestle With a Tariff Dilemma",
    "published": "2019-06-05",
    "inference_result": [
      {
        "label": "negative",
        "score": 0.7609196305274963
      }
    ]
  },
  {
    "source": "WSJ",
    "title": "Senate Republicans Threaten to Block Trump on Mexico Tariffs",
    "published": "2019-06-05",
    "inference_result": [
      {
        "label": "negative",
        "score": 0.8168143033981323
      }
    ]
  },
  {
    "source": "WSJ",
    "title": "Fed\u2019s Beige Book Sees Modest Growth",
    "published": "2019-06-05",
    "inference_result": [
      {
        "label": "neutral",
        "score": 0.9340036511421204
      }
    ]
  },
  {
    "source": "WSJ",
    "title": "China Warns Its Citizens About Visiting or Studying in the U.S.",
    "published": "2019-06-05",
    "inference_result": [
      {
        "label": "neutral",
        "score": 0.6568286418914795
      }
    ]
  },
  {
    "source": "WSJ",
    "title": "Banks Shrug Off Recent Oil-Price Drop to Predict Gains",
    "published": "2019-06-05",
    "inference_result": [
      {
        "label": "negative",
        "score": 0.5928965210914612
      }
    ]
  },
  {
    "source": "WSJ",
    "title": "What\u2019s News: World-Wide",
    "published": "2019-06-05",
    "inference_result": [
      {
        "label": "neutral",
        "score": 0.951514720916748
      }
    ]
  },
  {
    "source": "WSJ",
    "title": "Stocks Close Sharply Higher as Fed Hints at Possible Rate Cut",
    "published": "2019-06-05",
    "inference_result": [
      {
        "label": "positive",
        "score": 0.8487110137939453
      }
    ]
  },
  {
    "source": "WSJ",
    "title": "Trade Tensions Prompt Fed to Put Interest-Rate Cut in Play",
    "published": "2019-06-05",
    "inference_result": [
      {
        "label": "negative",
        "score": 0.5918818116188049
      }
    ]
  },
  {
    "source": "WSJ",
    "title": "Fitch Downgrades Mexico\u2019s Sovereign Rating",
    "published": "2019-06-05",
    "inference_result": [
      {
        "label": "negative",
        "score": 0.39231789112091064
      }
    ]
  },
  {
    "source": "WSJ",
    "title": "Trade Deal or No Deal",
    "published": "2019-06-05",
    "inference_result": [
      {
        "label": "neutral",
        "score": 0.8160061836242676
      }
    ]
  },
  {
    "source": "WSJ",
    "title": "Stocks Lure Buyers With Cheapest Valuations in Months",
    "published": "2019-06-05",
    "inference_result": [
      {
        "label": "negative",
        "score": 0.9524271488189697
      }
    ]
  },
  {
    "source": "WSJ",
    "title": "Stocks Close Sharply Higher as Fed Hints at Possible Rate Cut",
    "published": "2019-06-05",
    "inference_result": [
      {
        "label": "positive",
        "score": 0.8487110137939453
      }
    ]
  },
  {
    "source": "WSJ",
    "title": "Investors Are Too High on the Cloud",
    "published": "2019-06-05",
    "inference_result": [
      {
        "label": "positive",
        "score": 0.9474034905433655
      }
    ]
  },
  {
    "source": "WSJ",
    "title": "As Tariffs Bite, Get Ready for a 1970s-Style Supply Shock",
    "published": "2019-06-05",
    "inference_result": [
      {
        "label": "neutral",
        "score": 0.45905613899230957
      }
    ]
  },
  {
    "source": "WSJ",
    "title": "Trade Deal or No Deal",
    "published": "2019-06-05",
    "inference_result": [
      {
        "label": "neutral",
        "score": 0.8160061836242676
      }
    ]
  },
  {
    "source": "WSJ",
    "title": "Real Time Economics: Fed Promises to Ride to the Rescue",
    "published": "2019-06-05",
    "inference_result": [
      {
        "label": "neutral",
        "score": 0.941470742225647
      }
    ]
  },
  {
    "source": "WSJ",
    "title": "WSJ Wealth Adviser Briefing: Uranium Price Drop, Meatless Burger Scarcity, Treehouse Hotel",
    "published": "2019-06-05",
    "inference_result": [
      {
        "label": "neutral",
        "score": 0.9272052049636841
      }
    ]
  },
  {
    "source": "WSJ",
    "title": "Fed Puts Rate Cut in Play; Wall Street Changes Still Needed, Says Williams; The Dot-Plot Dilemma",
    "published": "2019-06-05",
    "inference_result": [
      {
        "label": "negative",
        "score": 0.9341742992401123
      }
    ]
  },
  {
    "source": "WSJ",
    "title": "U.S. Service-Sector Economy Powers on Despite Global Headwinds",
    "published": "2019-06-05",
    "inference_result": [
      {
        "label": "positive",
        "score": 0.9491037726402283
      }
    ]
  },
  {
    "source": "WSJ",
    "title": "Farmers on Drenched Land Confront Tough Choice on Planting",
    "published": "2019-06-05",
    "inference_result": [
      {
        "label": "negative",
        "score": 0.9558815360069275
      }
    ]
  }
]