[
  {
    "source": "WSJ",
    "title": "Transcript: Jerome Powell Fields Questions at House Panel Hearing",
    "published": "2019-07-10",
    "inference_result": [
      {
        "label": "neutral",
        "score": 0.9271640777587891
      }
    ]
  },
  {
    "source": "WSJ",
    "title": "Why Vietnam Loves Donald Trump",
    "published": "2019-07-10",
    "inference_result": [
      {
        "label": "neutral",
        "score": 0.7564632892608643
      }
    ]
  },
  {
    "source": "WSJ",
    "title": "U.K. Leadership Rivals Embrace Abrupt Brexit, as Split Advances",
    "published": "2019-07-10",
    "inference_result": [
      {
        "label": "positive",
        "score": 0.6120586395263672
      }
    ]
  },
  {
    "source": "WSJ",
    "title": "\u2018Reshoring\u2019 Report Finds Factory Work Not Returning to U.S.",
    "published": "2019-07-10",
    "inference_result": [
      {
        "label": "positive",
        "score": 0.5102694034576416
      }
    ]
  },
  {
    "source": "WSJ",
    "title": "Joe Biden Used Tax-Code Loophole Obama Tried to Plug",
    "published": "2019-07-10",
    "inference_result": [
      {
        "label": "neutral",
        "score": 0.8127973079681396
      }
    ]
  },
  {
    "source": "WSJ",
    "title": "Why Vietnam Loves Donald Trump",
    "published": "2019-07-10",
    "inference_result": [
      {
        "label": "neutral",
        "score": 0.7564632892608643
      }
    ]
  },
  {
    "source": "WSJ",
    "title": "Brazil\u2019s Congress Votes in Favor of Pension Overhaul Bill in First-Round Vote",
    "published": "2019-07-10",
    "inference_result": [
      {
        "label": "neutral",
        "score": 0.9143241047859192
      }
    ]
  },
  {
    "source": "WSJ",
    "title": "WSJ Wealth Adviser Briefing: Bond ETFs, Wellness Entrepreneur, Home Run Crisis",
    "published": "2019-07-10",
    "inference_result": [
      {
        "label": "neutral",
        "score": 0.9272052049636841
      }
    ]
  },
  {
    "source": "WSJ",
    "title": "Fed Officials Saw Strengthening Case for Rate Cuts Last Month, Minutes Show",
    "published": "2019-07-10",
    "inference_result": [
      {
        "label": "negative",
        "score": 0.6768596768379211
      }
    ]
  },
  {
    "source": "WSJ",
    "title": "Nintendo Moves Forward with a Cheaper Switch Console",
    "published": "2019-07-10",
    "inference_result": [
      {
        "label": "neutral",
        "score": 0.9272206425666809
      }
    ]
  },
  {
    "source": "WSJ",
    "title": "Real Time Economics: Powell to Testify, Boeing Falters and China\u2019s Factories Confront Deflation",
    "published": "2019-07-10",
    "inference_result": [
      {
        "label": "neutral",
        "score": 0.941470742225647
      }
    ]
  },
  {
    "source": "WSJ",
    "title": "WSJ Wealth Adviser Briefing: Bond ETFs, Wellness Entrepreneur, Home Run Crisis",
    "published": "2019-07-10",
    "inference_result": [
      {
        "label": "neutral",
        "score": 0.9272052049636841
      }
    ]
  }
]