[
  {
    "source": "WSJ",
    "title": "Fed Gears Up for Another Cut; Fed Mulls Countercyclical Capital Buffer Changes; Lagarde\u2019s Olive Branch",
    "published": "2019-09-05",
    "inference_result": [
      {
        "label": "positive",
        "score": 0.4761489927768707
      }
    ]
  },
  {
    "source": "WSJ",
    "title": "Trade Uncertainty Likely to Cut U.S. Growth by More Than 1%, Fed Research Says",
    "published": "2019-09-05",
    "inference_result": [
      {
        "label": "neutral",
        "score": 0.9060254693031311
      }
    ]
  },
  {
    "source": "WSJ",
    "title": "Executives\u2019 Optimism in U.S. Economy Hits Three-Year Low",
    "published": "2019-09-05",
    "inference_result": [
      {
        "label": "negative",
        "score": 0.46632492542266846
      }
    ]
  },
  {
    "source": "WSJ",
    "title": "U.S. Stocks Rally on Plan for New Trade Talks",
    "published": "2019-09-05",
    "inference_result": [
      {
        "label": "negative",
        "score": 0.4464694857597351
      }
    ]
  },
  {
    "source": "WSJ",
    "title": "Cyber Daily: Facebook\u2019s Data Policies Continue to Provide Lessons in Regulatory Risk",
    "published": "2019-09-05",
    "inference_result": [
      {
        "label": "negative",
        "score": 0.7384127378463745
      }
    ]
  },
  {
    "source": "WSJ",
    "title": "Another Payoff for Ethanol",
    "published": "2019-09-05",
    "inference_result": [
      {
        "label": "neutral",
        "score": 0.6839051246643066
      }
    ]
  },
  {
    "source": "WSJ",
    "title": "China and the U.S. Will Hold High-Level Trade Talks in Early October",
    "published": "2019-09-05",
    "inference_result": [
      {
        "label": "neutral",
        "score": 0.9358967542648315
      }
    ]
  },
  {
    "source": "WSJ",
    "title": "Launch a Pre-Emptive Strike Against Recession",
    "published": "2019-09-05",
    "inference_result": [
      {
        "label": "neutral",
        "score": 0.5232750773429871
      }
    ]
  },
  {
    "source": "WSJ",
    "title": "Even Statist France Gave Up on Wealth Tax",
    "published": "2019-09-05",
    "inference_result": [
      {
        "label": "neutral",
        "score": 0.9397523403167725
      }
    ]
  },
  {
    "source": "WSJ",
    "title": "Newsletter: U.S.-China Talks Back On, Fed Gears Up for Rate Cut",
    "published": "2019-09-05",
    "inference_result": [
      {
        "label": "neutral",
        "score": 0.941470742225647
      }
    ]
  },
  {
    "source": "WSJ",
    "title": "Government Bonds Fall After U.S. and China Plan New Trade Talks",
    "published": "2019-09-05",
    "inference_result": [
      {
        "label": "positive",
        "score": 0.7266407012939453
      }
    ]
  },
  {
    "source": "WSJ",
    "title": "Fed Lines Up Another Quarter-Point Rate Cut",
    "published": "2019-09-05",
    "inference_result": [
      {
        "label": "neutral",
        "score": 0.8083409070968628
      }
    ]
  },
  {
    "source": "WSJ",
    "title": "U.S. Border Crossings Continue to Fall as Mexico Disrupts Migrant Flow",
    "published": "2019-09-05",
    "inference_result": [
      {
        "label": "negative",
        "score": 0.9658012986183167
      }
    ]
  },
  {
    "source": "WSJ",
    "title": "Newsletter: U.S.-China Talks Back On, Fed Gears Up for Rate Cut",
    "published": "2019-09-05",
    "inference_result": [
      {
        "label": "neutral",
        "score": 0.941470742225647
      }
    ]
  },
  {
    "source": "WSJ",
    "title": "The Daily Shot: Geopolitical Events Give Stocks a Boost",
    "published": "2019-09-05",
    "inference_result": [
      {
        "label": "neutral",
        "score": 0.9467915296554565
      }
    ]
  },
  {
    "source": "WSJ",
    "title": "Copper Extends Rebound on Optimism About Trade",
    "published": "2019-09-05",
    "inference_result": [
      {
        "label": "negative",
        "score": 0.7098933458328247
      }
    ]
  }
]