[
  {
    "source": "WSJ",
    "title": "Poor Vegetable Crop Dents Demand for Tin Cans",
    "published": "2019-09-09",
    "inference_result": [
      {
        "label": "positive",
        "score": 0.9437490701675415
      }
    ]
  },
  {
    "source": "WSJ",
    "title": "Hong Kong Is Unique\u2014China Needs It to Stay That Way",
    "published": "2019-09-09",
    "inference_result": [
      {
        "label": "negative",
        "score": 0.8881640434265137
      }
    ]
  },
  {
    "source": "WSJ",
    "title": "For Tech Funds, 2019 Has Been Hard to Beat",
    "published": "2019-09-09",
    "inference_result": [
      {
        "label": "neutral",
        "score": 0.8773353695869446
      }
    ]
  },
  {
    "source": "WSJ",
    "title": "Newsletter: U.S. Manufacturers Tied Down By Trade Uncertainty",
    "published": "2019-09-09",
    "inference_result": [
      {
        "label": "neutral",
        "score": 0.941470742225647
      }
    ]
  },
  {
    "source": "WSJ",
    "title": "Newsletter: U.S. Manufacturers Tied Down By Trade Uncertainty",
    "published": "2019-09-09",
    "inference_result": [
      {
        "label": "neutral",
        "score": 0.941470742225647
      }
    ]
  }
]