[
  {
    "source": "WSJ",
    "title": "U.S. Stocks Finish Higher as China Signals a More Stable Yuan",
    "published": "2019-08-08",
    "inference_result": [
      {
        "label": "positive",
        "score": 0.5088790059089661
      }
    ]
  },
  {
    "source": "WSJ",
    "title": "Emerging-Market Stocks Correct Sharply as Trade Battle Flares",
    "published": "2019-08-08",
    "inference_result": [
      {
        "label": "negative",
        "score": 0.9746481776237488
      }
    ]
  },
  {
    "source": "WSJ",
    "title": "Transcript: Chicago Fed President Charles Evans Meets With Reporters",
    "published": "2019-08-08",
    "inference_result": [
      {
        "label": "neutral",
        "score": 0.9314272403717041
      }
    ]
  },
  {
    "source": "WSJ",
    "title": "It Is Tricky Finding Safety From a Market Storm",
    "published": "2019-08-08",
    "inference_result": [
      {
        "label": "neutral",
        "score": 0.8497908115386963
      }
    ]
  },
  {
    "source": "WSJ",
    "title": "Chinese Exports Stage Surprising Turnaround in Face of U.S. Trade Battle",
    "published": "2019-08-08",
    "inference_result": [
      {
        "label": "negative",
        "score": 0.825556218624115
      }
    ]
  },
  {
    "source": "WSJ",
    "title": "U.S. Government Bonds Decline After Report of German Stimulus",
    "published": "2019-08-08",
    "inference_result": [
      {
        "label": "positive",
        "score": 0.9513975381851196
      }
    ]
  },
  {
    "source": "WSJ",
    "title": "Oil Rebounds From Near 2019 Lows",
    "published": "2019-08-08",
    "inference_result": [
      {
        "label": "positive",
        "score": 0.919223964214325
      }
    ]
  },
  {
    "source": "WSJ",
    "title": "China\u2019s Official Yuan Rate Crosses 7-Per-Dollar Milestone",
    "published": "2019-08-08",
    "inference_result": [
      {
        "label": "negative",
        "score": 0.9603665471076965
      }
    ]
  },
  {
    "source": "WSJ",
    "title": "Real Time Economics: Fed Fights Headwinds, More Mixed Signals for Investors",
    "published": "2019-08-08",
    "inference_result": [
      {
        "label": "neutral",
        "score": 0.941470742225647
      }
    ]
  },
  {
    "source": "WSJ",
    "title": "Economists See Greater Chance of September Rate Cut, WSJ Survey Says",
    "published": "2019-08-08",
    "inference_result": [
      {
        "label": "negative",
        "score": 0.6627058386802673
      }
    ]
  },
  {
    "source": "WSJ",
    "title": "U.S. Government Bonds Decline After Report of German Stimulus",
    "published": "2019-08-08",
    "inference_result": [
      {
        "label": "positive",
        "score": 0.9513975381851196
      }
    ]
  },
  {
    "source": "WSJ",
    "title": "Economists Upgrade U.S.-China Trade Conflict to \u2018War\u2019",
    "published": "2019-08-08",
    "inference_result": [
      {
        "label": "positive",
        "score": 0.9248418807983398
      }
    ]
  }
]