[
  {
    "source": "WSJ",
    "title": "U.S. Issues Warrant to Seize Iranian Oil Tanker in Gibraltar",
    "published": "2019-08-17",
    "inference_result": [
      {
        "label": "negative",
        "score": 0.5581204295158386
      }
    ]
  },
  {
    "source": "WSJ",
    "title": "What\u2019s News: Business & Finance",
    "published": "2019-08-17",
    "inference_result": [
      {
        "label": "neutral",
        "score": 0.9424922466278076
      }
    ]
  },
  {
    "source": "WSJ",
    "title": "What\u2019s News: Business & Finance",
    "published": "2019-08-17",
    "inference_result": [
      {
        "label": "neutral",
        "score": 0.9424922466278076
      }
    ]
  }
]