[
  {
    "source": "WSJ",
    "title": "Retail Stocks Rally as Tariffs Are Delayed",
    "published": "2019-08-13",
    "inference_result": [
      {
        "label": "negative",
        "score": 0.9242182970046997
      }
    ]
  },
  {
    "source": "WSJ",
    "title": "A Tactical Tariff Retreat",
    "published": "2019-08-13",
    "inference_result": [
      {
        "label": "neutral",
        "score": 0.8650762438774109
      }
    ]
  },
  {
    "source": "WSJ",
    "title": "New Tariffs Will Have Bigger Impact on Women\u2019s Clothing Than Men\u2019s",
    "published": "2019-08-13",
    "inference_result": [
      {
        "label": "positive",
        "score": 0.4238128066062927
      }
    ]
  },
  {
    "source": "WSJ",
    "title": "U.S. Stocks Rally on Tariff Delay",
    "published": "2019-08-13",
    "inference_result": [
      {
        "label": "negative",
        "score": 0.8423056602478027
      }
    ]
  },
  {
    "source": "WSJ",
    "title": "How Tariffs Can Still Bite Apple",
    "published": "2019-08-13",
    "inference_result": [
      {
        "label": "neutral",
        "score": 0.6552784442901611
      }
    ]
  },
  {
    "source": "WSJ",
    "title": "Real Time Economics: New Tariffs to Have Bigger Impact on Women",
    "published": "2019-08-13",
    "inference_result": [
      {
        "label": "neutral",
        "score": 0.941470742225647
      }
    ]
  },
  {
    "source": "WSJ",
    "title": "U.S. Retreats on Chinese Tariff Threats, Stocks Soar",
    "published": "2019-08-13",
    "inference_result": [
      {
        "label": "negative",
        "score": 0.5471789240837097
      }
    ]
  },
  {
    "source": "WSJ",
    "title": "Gold Pares Early Advance as Trade Hopes Boost Risk Assets",
    "published": "2019-08-13",
    "inference_result": [
      {
        "label": "positive",
        "score": 0.9324777126312256
      }
    ]
  },
  {
    "source": "WSJ",
    "title": "Fed Considers New Tool; FOMC\u2019s Crowded Fall Agenda; U.K. Wages Grow at Fastest Pace in Four Years",
    "published": "2019-08-13",
    "inference_result": [
      {
        "label": "negative",
        "score": 0.967877984046936
      }
    ]
  },
  {
    "source": "WSJ",
    "title": "Last Exit Before a Cold War?",
    "published": "2019-08-13",
    "inference_result": [
      {
        "label": "neutral",
        "score": 0.9294900894165039
      }
    ]
  },
  {
    "source": "WSJ",
    "title": "New Tariffs Will Have Bigger Impact on Women\u2019s Clothing Than Men\u2019s",
    "published": "2019-08-13",
    "inference_result": [
      {
        "label": "positive",
        "score": 0.4238128066062927
      }
    ]
  },
  {
    "source": "WSJ",
    "title": "Making Money Is a Patriotic Act",
    "published": "2019-08-13",
    "inference_result": [
      {
        "label": "neutral",
        "score": 0.834162712097168
      }
    ]
  },
  {
    "source": "WSJ",
    "title": "U.S. Inflation Picks Up in July as Core Prices Strengthen",
    "published": "2019-08-13",
    "inference_result": [
      {
        "label": "positive",
        "score": 0.8341125249862671
      }
    ]
  },
  {
    "source": "WSJ",
    "title": "The Daily Shot: Beijing\u2019s Stimulus Is not Working",
    "published": "2019-08-13",
    "inference_result": [
      {
        "label": "neutral",
        "score": 0.9467915296554565
      }
    ]
  },
  {
    "source": "WSJ",
    "title": "Commercial Real-Estate Prices Stumble in Global Capitals",
    "published": "2019-08-13",
    "inference_result": [
      {
        "label": "negative",
        "score": 0.9330999851226807
      }
    ]
  }
]