[
  {
    "source": "WSJ",
    "title": "Lawmakers Make Long-Shot Bid to Check Presidential Tariff Powers",
    "published": "2019-09-15",
    "inference_result": [
      {
        "label": "neutral",
        "score": 0.700107216835022
      }
    ]
  },
  {
    "source": "WSJ",
    "title": "Resilient U.S. Growth Propels Stocks as Trade Fears Ease",
    "published": "2019-09-15",
    "inference_result": [
      {
        "label": "neutral",
        "score": 0.6560530066490173
      }
    ]
  },
  {
    "source": "WSJ",
    "title": "Trump to Meet With Leaders of India and Australia",
    "published": "2019-09-15",
    "inference_result": [
      {
        "label": "neutral",
        "score": 0.9249874949455261
      }
    ]
  },
  {
    "source": "WSJ",
    "title": "Time for a World Trade Organization 2.0",
    "published": "2019-09-15",
    "inference_result": [
      {
        "label": "neutral",
        "score": 0.7054592370986938
      }
    ]
  }
]