[
  {
    "source": "WSJ",
    "title": "A Jobs Warning for Trump",
    "published": "2019-06-08",
    "inference_result": [
      {
        "label": "negative",
        "score": 0.9744712114334106
      }
    ]
  },
  {
    "source": "WSJ",
    "title": "Trump\u2019s Tariffs on Mexico Could Slow Cross-Border Trade to a Crawl",
    "published": "2019-06-08",
    "inference_result": [
      {
        "label": "negative",
        "score": 0.952394425868988
      }
    ]
  },
  {
    "source": "WSJ",
    "title": "U.S., Mexico Reach Deal to Avoid Tariffs",
    "published": "2019-06-08",
    "inference_result": [
      {
        "label": "positive",
        "score": 0.9077187180519104
      }
    ]
  },
  {
    "source": "WSJ",
    "title": "Mexico Avoids Tariffs for Now, but the Threat Lingers",
    "published": "2019-06-08",
    "inference_result": [
      {
        "label": "neutral",
        "score": 0.8735572695732117
      }
    ]
  },
  {
    "source": "WSJ",
    "title": "\u2018It\u2019s Going to Be a Year Without Income:\u2019 One Farmer Faces the Wettest 12 Months on Record",
    "published": "2019-06-08",
    "inference_result": [
      {
        "label": "neutral",
        "score": 0.6427690386772156
      }
    ]
  },
  {
    "source": "WSJ",
    "title": "U.S. Added 75,000 Jobs in May as Hiring Slowed",
    "published": "2019-06-08",
    "inference_result": [
      {
        "label": "negative",
        "score": 0.6512672901153564
      }
    ]
  },
  {
    "source": "WSJ",
    "title": "With an Eye on China, Russia\u2019s President Putin Blasts U.S. Dominance",
    "published": "2019-06-08",
    "inference_result": [
      {
        "label": "positive",
        "score": 0.9344594478607178
      }
    ]
  },
  {
    "source": "WSJ",
    "title": "What\u2019s News: World-Wide",
    "published": "2019-06-08",
    "inference_result": [
      {
        "label": "neutral",
        "score": 0.951514720916748
      }
    ]
  },
  {
    "source": "WSJ",
    "title": "U.S. Added 75,000 Jobs in May as Hiring Slowed",
    "published": "2019-06-08",
    "inference_result": [
      {
        "label": "negative",
        "score": 0.6512672901153564
      }
    ]
  },
  {
    "source": "WSJ",
    "title": "Trump, Xi to Meet at G-20 as Trade Hostilities Persist",
    "published": "2019-06-08",
    "inference_result": [
      {
        "label": "positive",
        "score": 0.7720879912376404
      }
    ]
  },
  {
    "source": "WSJ",
    "title": "The Deal Hidden in Your 401(k)",
    "published": "2019-06-08",
    "inference_result": [
      {
        "label": "neutral",
        "score": 0.7939721345901489
      }
    ]
  },
  {
    "source": "WSJ",
    "title": "Trump\u2019s Tariffs on Mexico Could Slow Cross-Border Trade to a Crawl",
    "published": "2019-06-08",
    "inference_result": [
      {
        "label": "negative",
        "score": 0.952394425868988
      }
    ]
  },
  {
    "source": "WSJ",
    "title": "Stocks Rally After Jobs Data, Closing Strong Week",
    "published": "2019-06-08",
    "inference_result": [
      {
        "label": "positive",
        "score": 0.8267166614532471
      }
    ]
  },
  {
    "source": "WSJ",
    "title": "Auto Makers Raise Bets in China Despite Market Slowdown",
    "published": "2019-06-08",
    "inference_result": [
      {
        "label": "positive",
        "score": 0.5287871360778809
      }
    ]
  },
  {
    "source": "WSJ",
    "title": "Auto Makers Raise Bets in China Despite Market Slowdown",
    "published": "2019-06-08",
    "inference_result": [
      {
        "label": "positive",
        "score": 0.5287871360778809
      }
    ]
  }
]