[
  {
    "source": "WSJ",
    "title": "Brazil\u2019s Market Revolution",
    "published": "2019-09-29",
    "inference_result": [
      {
        "label": "negative",
        "score": 0.6742511987686157
      }
    ]
  },
  {
    "source": "WSJ",
    "title": "Silicon Valley Goes Soft",
    "published": "2019-09-29",
    "inference_result": [
      {
        "label": "negative",
        "score": 0.9507291913032532
      }
    ]
  },
  {
    "source": "WSJ",
    "title": "The Worst China Trade Idea",
    "published": "2019-09-29",
    "inference_result": [
      {
        "label": "negative",
        "score": 0.8966929912567139
      }
    ]
  },
  {
    "source": "WSJ",
    "title": "Brazil\u2019s Market Revolution",
    "published": "2019-09-29",
    "inference_result": [
      {
        "label": "negative",
        "score": 0.6742511987686157
      }
    ]
  },
  {
    "source": "WSJ",
    "title": "Economy Week Ahead: China PMI, U.S. Private-Sector Hiring and September Employment",
    "published": "2019-09-29",
    "inference_result": [
      {
        "label": "positive",
        "score": 0.8673303723335266
      }
    ]
  },
  {
    "source": "WSJ",
    "title": "Economy Week Ahead: China PMI, U.S. Private-Sector Hiring and September Employment",
    "published": "2019-09-29",
    "inference_result": [
      {
        "label": "positive",
        "score": 0.8673303723335266
      }
    ]
  }
]