[
  {
    "source": "WSJ",
    "title": "Tariff Fight Knocks Off China as Top U.S. Trading Partner",
    "published": "2019-08-02",
    "inference_result": [
      {
        "label": "positive",
        "score": 0.505908191204071
      }
    ]
  },
  {
    "source": "WSJ",
    "title": "The China Tariff Ratchet",
    "published": "2019-08-02",
    "inference_result": [
      {
        "label": "negative",
        "score": 0.7647026777267456
      }
    ]
  },
  {
    "source": "WSJ",
    "title": "The China Tariff Ratchet",
    "published": "2019-08-02",
    "inference_result": [
      {
        "label": "negative",
        "score": 0.7647026777267456
      }
    ]
  },
  {
    "source": "WSJ",
    "title": "Expected Surge in Oil Supply and Tariffs Add to Glut Concern",
    "published": "2019-08-02",
    "inference_result": [
      {
        "label": "negative",
        "score": 0.9644764065742493
      }
    ]
  },
  {
    "source": "WSJ",
    "title": "Real Time Economics: Tariffs, Jobs and Debt, Oh My",
    "published": "2019-08-02",
    "inference_result": [
      {
        "label": "neutral",
        "score": 0.941470742225647
      }
    ]
  },
  {
    "source": "WSJ",
    "title": "Trump, China and the Fed",
    "published": "2019-08-02",
    "inference_result": [
      {
        "label": "negative",
        "score": 0.7218419909477234
      }
    ]
  },
  {
    "source": "WSJ",
    "title": "Stocks Suffer Worst Week in Months on Trade Threats",
    "published": "2019-08-02",
    "inference_result": [
      {
        "label": "negative",
        "score": 0.9512515664100647
      }
    ]
  },
  {
    "source": "WSJ",
    "title": "Chinese Yuan Skids to 2019 Low as Trump Ramps Up Trade Conflict",
    "published": "2019-08-02",
    "inference_result": [
      {
        "label": "negative",
        "score": 0.9633774161338806
      }
    ]
  },
  {
    "source": "WSJ",
    "title": "Stocks, Bond Yields, Oil Fall on New China Tariffs",
    "published": "2019-08-02",
    "inference_result": [
      {
        "label": "negative",
        "score": 0.9577612280845642
      }
    ]
  },
  {
    "source": "WSJ",
    "title": "Pompeo Brands Beijing an Economic Bully as Trump Moves on More Tariffs",
    "published": "2019-08-02",
    "inference_result": [
      {
        "label": "neutral",
        "score": 0.6200541853904724
      }
    ]
  },
  {
    "source": "WSJ",
    "title": "Today\u2019s Logistics Report: Raising Tariff Threats; Trucking\u2019s Last Mile; Financing a Turnaround",
    "published": "2019-08-02",
    "inference_result": [
      {
        "label": "neutral",
        "score": 0.8955612778663635
      }
    ]
  },
  {
    "source": "WSJ",
    "title": "China Faces Limited Options for Retaliating Against Latest U.S. Threat",
    "published": "2019-08-02",
    "inference_result": [
      {
        "label": "negative",
        "score": 0.961576521396637
      }
    ]
  },
  {
    "source": "WSJ",
    "title": "Pfizer, Capital One, Apple: Stocks That Defined The Week",
    "published": "2019-08-02",
    "inference_result": [
      {
        "label": "negative",
        "score": 0.9736328125
      }
    ]
  },
  {
    "source": "WSJ",
    "title": "Japan Ratchets Up Trade Dispute With South Korea",
    "published": "2019-08-02",
    "inference_result": [
      {
        "label": "negative",
        "score": 0.5622520446777344
      }
    ]
  },
  {
    "source": "WSJ",
    "title": "China\u2019s Power to Boost Global Economy Is Fading",
    "published": "2019-08-02",
    "inference_result": [
      {
        "label": "negative",
        "score": 0.6547008752822876
      }
    ]
  },
  {
    "source": "WSJ",
    "title": "Gas Glut Weighs on Oil Giants",
    "published": "2019-08-02",
    "inference_result": [
      {
        "label": "neutral",
        "score": 0.8924201130867004
      }
    ]
  },
  {
    "source": "WSJ",
    "title": "Germany\u2019s Longest Bond Goes Negative for First Time",
    "published": "2019-08-02",
    "inference_result": [
      {
        "label": "negative",
        "score": 0.9600735306739807
      }
    ]
  },
  {
    "source": "WSJ",
    "title": "July Jobs Report Does Little to Clarify Fed Outlook Muddled By Escalated Trade Tensions",
    "published": "2019-08-02",
    "inference_result": [
      {
        "label": "negative",
        "score": 0.627153217792511
      }
    ]
  },
  {
    "source": "WSJ",
    "title": "Fed Examined Amazon\u2019s Cloud; Shelton: Other Countries Devaluing Currencies; Carney Warns on Brexit",
    "published": "2019-08-02",
    "inference_result": [
      {
        "label": "negative",
        "score": 0.8065174221992493
      }
    ]
  },
  {
    "source": "WSJ",
    "title": "Growth Fears Send Copper Prices to Two-Year Low",
    "published": "2019-08-02",
    "inference_result": [
      {
        "label": "negative",
        "score": 0.972737729549408
      }
    ]
  },
  {
    "source": "WSJ",
    "title": "Corrections & Amplifications",
    "published": "2019-08-02",
    "inference_result": [
      {
        "label": "negative",
        "score": 0.912334144115448
      }
    ]
  },
  {
    "source": "WSJ",
    "title": "Why Jobs Growth Must Slow",
    "published": "2019-08-02",
    "inference_result": [
      {
        "label": "negative",
        "score": 0.8904864192008972
      }
    ]
  },
  {
    "source": "WSJ",
    "title": "What\u2019s News: Business & Finance",
    "published": "2019-08-02",
    "inference_result": [
      {
        "label": "neutral",
        "score": 0.951514720916748
      }
    ]
  },
  {
    "source": "WSJ",
    "title": "What\u2019s News: World-Wide",
    "published": "2019-08-02",
    "inference_result": [
      {
        "label": "neutral",
        "score": 0.951514720916748
      }
    ]
  },
  {
    "source": "WSJ",
    "title": "July Jobs Report Does Little to Clarify Fed Outlook Muddled By Escalated Trade Tensions",
    "published": "2019-08-02",
    "inference_result": [
      {
        "label": "negative",
        "score": 0.627153217792511
      }
    ]
  },
  {
    "source": "WSJ",
    "title": "Treasury Yields Fall to Lowest Since Before 2016 Vote",
    "published": "2019-08-02",
    "inference_result": [
      {
        "label": "neutral",
        "score": 0.39908185601234436
      }
    ]
  },
  {
    "source": "WSJ",
    "title": "U.S. Consumers Remained Positive in July Despite Uncertainties",
    "published": "2019-08-02",
    "inference_result": [
      {
        "label": "positive",
        "score": 0.9179401397705078
      }
    ]
  },
  {
    "source": "WSJ",
    "title": "Growth Fears Send Copper Prices to Two-Year Low",
    "published": "2019-08-02",
    "inference_result": [
      {
        "label": "negative",
        "score": 0.972737729549408
      }
    ]
  },
  {
    "source": "WSJ",
    "title": "ObamaCare\u2019s Cadillac Tax Sought to Spread the Cost",
    "published": "2019-08-02",
    "inference_result": [
      {
        "label": "negative",
        "score": 0.9221346378326416
      }
    ]
  },
  {
    "source": "WSJ",
    "title": "Treasury Yields Fall to Lowest Since Before 2016 Vote",
    "published": "2019-08-02",
    "inference_result": [
      {
        "label": "neutral",
        "score": 0.39908185601234436
      }
    ]
  },
  {
    "source": "WSJ",
    "title": "WSJ Wealth Adviser Briefing: RIA Silent Partner, Coffee Prices, French Vacations",
    "published": "2019-08-02",
    "inference_result": [
      {
        "label": "neutral",
        "score": 0.9272052049636841
      }
    ]
  },
  {
    "source": "WSJ",
    "title": "The China Tariff Ratchet",
    "published": "2019-08-02",
    "inference_result": [
      {
        "label": "negative",
        "score": 0.7647026777267456
      }
    ]
  },
  {
    "source": "WSJ",
    "title": "The Left vs. the Crazy Left",
    "published": "2019-08-02",
    "inference_result": [
      {
        "label": "neutral",
        "score": 0.8252244591712952
      }
    ]
  },
  {
    "source": "WSJ",
    "title": "Stocks Suffer Worst Week in Months on Trade Threats",
    "published": "2019-08-02",
    "inference_result": [
      {
        "label": "negative",
        "score": 0.9512515664100647
      }
    ]
  },
  {
    "source": "WSJ",
    "title": "Trump Threatens New Chinese Tariffs, Rattling Investors Across Markets",
    "published": "2019-08-02",
    "inference_result": [
      {
        "label": "negative",
        "score": 0.9337772727012634
      }
    ]
  },
  {
    "source": "WSJ",
    "title": "Canada Exports, Imports Fell in June",
    "published": "2019-08-02",
    "inference_result": [
      {
        "label": "negative",
        "score": 0.9755442142486572
      }
    ]
  },
  {
    "source": "WSJ",
    "title": "Real Time Economics Special Edition: More Jobs But at a Slower Pace",
    "published": "2019-08-02",
    "inference_result": [
      {
        "label": "neutral",
        "score": 0.7072951793670654
      }
    ]
  },
  {
    "source": "WSJ",
    "title": "Derby\u2019s Take: Where Fed Policy Is Now Going, Rules Aren\u2019t Much Help",
    "published": "2019-08-02",
    "inference_result": [
      {
        "label": "neutral",
        "score": 0.9383276700973511
      }
    ]
  },
  {
    "source": "WSJ",
    "title": "Canada Exports, Imports Fell in June",
    "published": "2019-08-02",
    "inference_result": [
      {
        "label": "negative",
        "score": 0.9755442142486572
      }
    ]
  },
  {
    "source": "WSJ",
    "title": "PE Daily: Secondaries Surge | Ares Hits $1 Billion Energy Fund Goal | Providence Nearly Triples Its Money on OEConnection",
    "published": "2019-08-02",
    "inference_result": [
      {
        "label": "negative",
        "score": 0.741310179233551
      }
    ]
  },
  {
    "source": "WSJ",
    "title": "U.S. Signs Agreement Allowing More Beef Into EU",
    "published": "2019-08-02",
    "inference_result": [
      {
        "label": "neutral",
        "score": 0.5632132291793823
      }
    ]
  },
  {
    "source": "WSJ",
    "title": "The Daily Shot: Another Fed Rate Cut in September?",
    "published": "2019-08-02",
    "inference_result": [
      {
        "label": "neutral",
        "score": 0.9467915296554565
      }
    ]
  }
]