[
  {
    "source": "WSJ",
    "title": "Uranium Regains Some Glow as Trump Sidesteps Fight",
    "published": "2019-07-18",
    "inference_result": [
      {
        "label": "negative",
        "score": 0.7306168079376221
      }
    ]
  },
  {
    "source": "WSJ",
    "title": "Stocks Lower as Earnings Season Starts With Qualms Over Growth",
    "published": "2019-07-18",
    "inference_result": [
      {
        "label": "negative",
        "score": 0.8757494688034058
      }
    ]
  },
  {
    "source": "WSJ",
    "title": "Why We Need Someone Like Ike",
    "published": "2019-07-18",
    "inference_result": [
      {
        "label": "neutral",
        "score": 0.6068738102912903
      }
    ]
  },
  {
    "source": "WSJ",
    "title": "The Daily Shot: Percentage of Americans Working for State and Local Governments Lowest in Decades",
    "published": "2019-07-18",
    "inference_result": [
      {
        "label": "neutral",
        "score": 0.9467915296554565
      }
    ]
  },
  {
    "source": "WSJ",
    "title": "Fewer Large Groups of Migrants Are Attempting to Cross From Mexico, Says U.S. Homeland Security Chief",
    "published": "2019-07-18",
    "inference_result": [
      {
        "label": "positive",
        "score": 0.5112907290458679
      }
    ]
  },
  {
    "source": "WSJ",
    "title": "U.S.-China Talks Stuck in Rut Over Huawei",
    "published": "2019-07-18",
    "inference_result": [
      {
        "label": "negative",
        "score": 0.8177146911621094
      }
    ]
  },
  {
    "source": "WSJ",
    "title": "U.K. Audit Regulator Gets a New Leader as Bigger Changes Loom",
    "published": "2019-07-18",
    "inference_result": [
      {
        "label": "neutral",
        "score": 0.940314769744873
      }
    ]
  },
  {
    "source": "WSJ",
    "title": "Amazon Faces Probe in Europe Over Use of Merchant Data",
    "published": "2019-07-18",
    "inference_result": [
      {
        "label": "neutral",
        "score": 0.5501123070716858
      }
    ]
  },
  {
    "source": "WSJ",
    "title": "G-7 Finance Chiefs Narrow Divisions on Digital Tax Plan",
    "published": "2019-07-18",
    "inference_result": [
      {
        "label": "neutral",
        "score": 0.9177834987640381
      }
    ]
  },
  {
    "source": "WSJ",
    "title": "China\u2019s Infrastructure Surge Isn\u2019t Built to Last",
    "published": "2019-07-18",
    "inference_result": [
      {
        "label": "positive",
        "score": 0.4066917896270752
      }
    ]
  },
  {
    "source": "WSJ",
    "title": "Paint Maker PPG Posts Lower Sales on Weak Industrial Demand",
    "published": "2019-07-18",
    "inference_result": [
      {
        "label": "negative",
        "score": 0.8713020086288452
      }
    ]
  },
  {
    "source": "WSJ",
    "title": "George Suggests She\u2019s Not Ready to Cut Rates; Beige Book Reports Modest Growth, Trade Worries; Bank of Korea Cuts Rates, Growth Outlook",
    "published": "2019-07-18",
    "inference_result": [
      {
        "label": "negative",
        "score": 0.9506120681762695
      }
    ]
  },
  {
    "source": "WSJ",
    "title": "Real Time Economics: China\u2019s Economy, Trade Talks and Trouble in the Housing Market",
    "published": "2019-07-18",
    "inference_result": [
      {
        "label": "neutral",
        "score": 0.941470742225647
      }
    ]
  },
  {
    "source": "WSJ",
    "title": "Union Pacific Earnings Help Put Rail Stocks Back on Track",
    "published": "2019-07-18",
    "inference_result": [
      {
        "label": "positive",
        "score": 0.9541406631469727
      }
    ]
  }
]