[
  {
    "source": "WSJ",
    "title": "Whirlpool Raises Profit Forecast While Controlling Costs",
    "published": "2019-07-22",
    "inference_result": [
      {
        "label": "negative",
        "score": 0.9625851511955261
      }
    ]
  },
  {
    "source": "WSJ",
    "title": "Trade\u2019s Derailment Sends Ominous Sign",
    "published": "2019-07-22",
    "inference_result": [
      {
        "label": "negative",
        "score": 0.959636390209198
      }
    ]
  },
  {
    "source": "WSJ",
    "title": "Harley-Davidson Cuts Forecast for Motorcycle Shipments",
    "published": "2019-07-22",
    "inference_result": [
      {
        "label": "negative",
        "score": 0.9687952399253845
      }
    ]
  },
  {
    "source": "WSJ",
    "title": "Tech Rally Powers Record Gains for Stocks",
    "published": "2019-07-22",
    "inference_result": [
      {
        "label": "positive",
        "score": 0.5647843480110168
      }
    ]
  },
  {
    "source": "WSJ",
    "title": "Boeing\u2019s 737 MAX Grounding Spills Over Into Economy, Weighs on GDP",
    "published": "2019-07-22",
    "inference_result": [
      {
        "label": "negative",
        "score": 0.5876783132553101
      }
    ]
  },
  {
    "source": "WSJ",
    "title": "Shinzo Abe Is Set to Become Japan\u2019s Longest-Serving Prime Minister",
    "published": "2019-07-22",
    "inference_result": [
      {
        "label": "neutral",
        "score": 0.612099826335907
      }
    ]
  },
  {
    "source": "WSJ",
    "title": "On the Cotton Farm: Stockpiling and Fearing Big Losses From Trade Fight",
    "published": "2019-07-22",
    "inference_result": [
      {
        "label": "negative",
        "score": 0.9395313858985901
      }
    ]
  },
  {
    "source": "WSJ",
    "title": "China Backs Away From U.S. Food Fight",
    "published": "2019-07-22",
    "inference_result": [
      {
        "label": "negative",
        "score": 0.8648809194564819
      }
    ]
  },
  {
    "source": "WSJ",
    "title": "Salvadoran Leader Tells Pompeo He Wants to Reduce Immigration to U.S.",
    "published": "2019-07-22",
    "inference_result": [
      {
        "label": "neutral",
        "score": 0.901284396648407
      }
    ]
  },
  {
    "source": "WSJ",
    "title": "IRS Greenlights Tax Breaks for Buyers of 23andMe Genetic Tests",
    "published": "2019-07-22",
    "inference_result": [
      {
        "label": "neutral",
        "score": 0.896164059638977
      }
    ]
  },
  {
    "source": "WSJ",
    "title": "After U.S. Tax Overhaul, Corporate Rates Fall but Unevenly",
    "published": "2019-07-22",
    "inference_result": [
      {
        "label": "negative",
        "score": 0.9611685276031494
      }
    ]
  },
  {
    "source": "WSJ",
    "title": "China Backs Away From U.S. Food Fight",
    "published": "2019-07-22",
    "inference_result": [
      {
        "label": "negative",
        "score": 0.8648809194564819
      }
    ]
  }
]