[
  {
    "source": "WSJ",
    "title": "How Higher Tariffs Affect Different Industries",
    "published": "2019-05-10",
    "inference_result": [
      {
        "label": "negative",
        "score": 0.9389021396636963
      }
    ]
  },
  {
    "source": "WSJ",
    "title": "The China Trade Impasse",
    "published": "2019-05-10",
    "inference_result": [
      {
        "label": "negative",
        "score": 0.7820877432823181
      }
    ]
  },
  {
    "source": "WSJ",
    "title": "U.S. Consumers Poised to Take the Hit From Higher Tariffs on Imports From China",
    "published": "2019-05-10",
    "inference_result": [
      {
        "label": "neutral",
        "score": 0.7268106937408447
      }
    ]
  },
  {
    "source": "WSJ",
    "title": "U.S. Slaps Higher Tariffs on Chinese Imports as Trade Talks Resume",
    "published": "2019-05-10",
    "inference_result": [
      {
        "label": "negative",
        "score": 0.7901456356048584
      }
    ]
  },
  {
    "source": "WSJ",
    "title": "How Higher Tariffs Affect Different Industries",
    "published": "2019-05-10",
    "inference_result": [
      {
        "label": "negative",
        "score": 0.9389021396636963
      }
    ]
  },
  {
    "source": "WSJ",
    "title": "Real Time Economics: U.S. Hits China With Tariffs as Trade Talks Continue",
    "published": "2019-05-10",
    "inference_result": [
      {
        "label": "neutral",
        "score": 0.941470742225647
      }
    ]
  },
  {
    "source": "WSJ",
    "title": "Dollar Reverses Losses",
    "published": "2019-05-10",
    "inference_result": [
      {
        "label": "negative",
        "score": 0.7612094283103943
      }
    ]
  },
  {
    "source": "WSJ",
    "title": "More Tariffs Are Exactly What China Inc. Doesn\u2019t Need",
    "published": "2019-05-10",
    "inference_result": [
      {
        "label": "neutral",
        "score": 0.8137167692184448
      }
    ]
  },
  {
    "source": "WSJ",
    "title": "China Tariffs May Change Fed\u2019s Tune",
    "published": "2019-05-10",
    "inference_result": [
      {
        "label": "negative",
        "score": 0.9421712160110474
      }
    ]
  },
  {
    "source": "WSJ",
    "title": "With Trade Deal in Jeopardy, Trump Pledges Aid to Farmers",
    "published": "2019-05-10",
    "inference_result": [
      {
        "label": "negative",
        "score": 0.8944990038871765
      }
    ]
  },
  {
    "source": "WSJ",
    "title": "Dollar Reverses Losses",
    "published": "2019-05-10",
    "inference_result": [
      {
        "label": "negative",
        "score": 0.7612094283103943
      }
    ]
  },
  {
    "source": "WSJ",
    "title": "Today\u2019s Logistics Report: Slower Sailing Fracas; Managing One-Day Delivery; Building Tariff Cushions",
    "published": "2019-05-10",
    "inference_result": [
      {
        "label": "neutral",
        "score": 0.8943678736686707
      }
    ]
  },
  {
    "source": "WSJ",
    "title": "Stocks Bounce Back, Close Higher as Investors Weigh New Tariffs",
    "published": "2019-05-10",
    "inference_result": [
      {
        "label": "negative",
        "score": 0.876261293888092
      }
    ]
  },
  {
    "source": "WSJ",
    "title": "Escalating U.S.-China Trade Fight Stings Companies World-Wide",
    "published": "2019-05-10",
    "inference_result": [
      {
        "label": "positive",
        "score": 0.7931357026100159
      }
    ]
  },
  {
    "source": "WSJ",
    "title": "Today\u2019s Logistics Report: Slower Sailing Fracas; Managing One-Day Delivery; Building Tariff Cushions",
    "published": "2019-05-10",
    "inference_result": [
      {
        "label": "neutral",
        "score": 0.8943678736686707
      }
    ]
  },
  {
    "source": "WSJ",
    "title": "China. Iran. North Korea. Venezuela. Foreign-Policy Tests Mount for Trump.",
    "published": "2019-05-10",
    "inference_result": [
      {
        "label": "negative",
        "score": 0.9365464448928833
      }
    ]
  },
  {
    "source": "WSJ",
    "title": "The Daily Shot: U.S. Commercial Construction Costs Surge",
    "published": "2019-05-10",
    "inference_result": [
      {
        "label": "neutral",
        "score": 0.9467915296554565
      }
    ]
  },
  {
    "source": "WSJ",
    "title": "WSJ Wealth Adviser Briefing: Adviser Pay Drop, Gulf Debt Boom, Best of Maui",
    "published": "2019-05-10",
    "inference_result": [
      {
        "label": "neutral",
        "score": 0.9272052049636841
      }
    ]
  },
  {
    "source": "WSJ",
    "title": "WSJ Wealth Adviser Briefing: Adviser Pay Drop, Gulf Debt Boom, Best of Maui",
    "published": "2019-05-10",
    "inference_result": [
      {
        "label": "neutral",
        "score": 0.9272052049636841
      }
    ]
  },
  {
    "source": "WSJ",
    "title": "Keep Calm: China\u2019s Media Says Not to Worry About Trade Fight With U.S.",
    "published": "2019-05-10",
    "inference_result": [
      {
        "label": "neutral",
        "score": 0.6592466831207275
      }
    ]
  },
  {
    "source": "WSJ",
    "title": "Soft Underlying Price Pressures Reaffirm Fed\u2019s Patient Posture",
    "published": "2019-05-10",
    "inference_result": [
      {
        "label": "positive",
        "score": 0.8429698348045349
      }
    ]
  },
  {
    "source": "WSJ",
    "title": "Mexico\u2019s Pemex to Build Major Oil Refinery",
    "published": "2019-05-10",
    "inference_result": [
      {
        "label": "negative",
        "score": 0.9571108818054199
      }
    ]
  },
  {
    "source": "WSJ",
    "title": "\u2018Uh-Oh, Here We Go Again\u2019: This Week\u2019s Trade Standoff Wipes $2 Trillion Off Global Stocks",
    "published": "2019-05-10",
    "inference_result": [
      {
        "label": "negative",
        "score": 0.9569875001907349
      }
    ]
  },
  {
    "source": "WSJ",
    "title": "U.S. Budget Deficit Grew 38% in First Seven Months of Fiscal 2019",
    "published": "2019-05-10",
    "inference_result": [
      {
        "label": "positive",
        "score": 0.9554538726806641
      }
    ]
  },
  {
    "source": "WSJ",
    "title": "Tax Reform\u2019s Blue-State Dividend",
    "published": "2019-05-10",
    "inference_result": [
      {
        "label": "neutral",
        "score": 0.6936253309249878
      }
    ]
  },
  {
    "source": "WSJ",
    "title": "China Tariffs May Change Fed\u2019s Tune",
    "published": "2019-05-10",
    "inference_result": [
      {
        "label": "negative",
        "score": 0.9421712160110474
      }
    ]
  },
  {
    "source": "WSJ",
    "title": "Watch This Fitness Stock Flex",
    "published": "2019-05-10",
    "inference_result": [
      {
        "label": "negative",
        "score": 0.9504130482673645
      }
    ]
  },
  {
    "source": "WSJ",
    "title": "U.S. Consumers Poised to Take the Hit From Higher Tariffs on Imports From China",
    "published": "2019-05-10",
    "inference_result": [
      {
        "label": "neutral",
        "score": 0.7268106937408447
      }
    ]
  },
  {
    "source": "WSJ",
    "title": "Graduates, Are You Ready for the Most Important Secret in the Whole Wide World?",
    "published": "2019-05-10",
    "inference_result": [
      {
        "label": "neutral",
        "score": 0.9006929397583008
      }
    ]
  },
  {
    "source": "WSJ",
    "title": "The Surprising Tax Bill for Sons and Daughters of Gold-Star Families",
    "published": "2019-05-10",
    "inference_result": [
      {
        "label": "neutral",
        "score": 0.8038177490234375
      }
    ]
  },
  {
    "source": "WSJ",
    "title": "Can This Marriage Be Saved? Chinese-U.S. Integration Frays",
    "published": "2019-05-10",
    "inference_result": [
      {
        "label": "negative",
        "score": 0.9348105192184448
      }
    ]
  },
  {
    "source": "WSJ",
    "title": "Interest-Rate Policy in Right Place to Ensure Continued Expansion, Says Fed\u2019s John Williams",
    "published": "2019-05-10",
    "inference_result": [
      {
        "label": "neutral",
        "score": 0.8985328078269958
      }
    ]
  },
  {
    "source": "WSJ",
    "title": "Oil Falls for 3rd Straight Week",
    "published": "2019-05-10",
    "inference_result": [
      {
        "label": "negative",
        "score": 0.9393989443778992
      }
    ]
  },
  {
    "source": "WSJ",
    "title": "Fed\u2019s Next Move Expected to Be a Rate Cut; Turkey Bolsters Lira; SEC Eases Fraud Audits for Small Firms",
    "published": "2019-05-10",
    "inference_result": [
      {
        "label": "negative",
        "score": 0.542205810546875
      }
    ]
  },
  {
    "source": "WSJ",
    "title": "Trudeau Ascribes Chinese Ban on Canadian Canola to U.S. Trade Fight",
    "published": "2019-05-10",
    "inference_result": [
      {
        "label": "positive",
        "score": 0.7699823975563049
      }
    ]
  },
  {
    "source": "WSJ",
    "title": "Treasurys Pare Gains as Investors Focus on Trade and Inflation",
    "published": "2019-05-10",
    "inference_result": [
      {
        "label": "positive",
        "score": 0.722705066204071
      }
    ]
  }
]