[
  {
    "source": "WSJ",
    "title": "Fed Holds Benchmark Rate Steady, Lowers Interest on Excess Reserves Rate; Jerome Powell Transcript",
    "published": "2019-05-02",
    "inference_result": [
      {
        "label": "negative",
        "score": 0.7104973793029785
      }
    ]
  },
  {
    "source": "WSJ",
    "title": "U.S. Worker Productivity Advances at Best Rate Since 2010",
    "published": "2019-05-02",
    "inference_result": [
      {
        "label": "positive",
        "score": 0.9529007077217102
      }
    ]
  },
  {
    "source": "WSJ",
    "title": "Real Time Economics: Is Low Inflation Here to Stay?",
    "published": "2019-05-02",
    "inference_result": [
      {
        "label": "neutral",
        "score": 0.941470742225647
      }
    ]
  },
  {
    "source": "WSJ",
    "title": "FDA Launches AI Pilot for Inspecting Imported Food",
    "published": "2019-05-02",
    "inference_result": [
      {
        "label": "neutral",
        "score": 0.9269484281539917
      }
    ]
  },
  {
    "source": "WSJ",
    "title": "Pennsylvania\u2019s Choice \u2018Escalator\u2019",
    "published": "2019-05-02",
    "inference_result": [
      {
        "label": "positive",
        "score": 0.8835940957069397
      }
    ]
  },
  {
    "source": "WSJ",
    "title": "Barcelona\u2019s Least Busy, Most Important Player",
    "published": "2019-05-02",
    "inference_result": [
      {
        "label": "neutral",
        "score": 0.8460723161697388
      }
    ]
  },
  {
    "source": "WSJ",
    "title": "Companies Spent Tax-Break Bonanza on Owners, not Lenders",
    "published": "2019-05-02",
    "inference_result": [
      {
        "label": "negative",
        "score": 0.4992958605289459
      }
    ]
  },
  {
    "source": "WSJ",
    "title": "U.S. Steel to Invest $1.2 Billion at Pennsylvania Mills",
    "published": "2019-05-02",
    "inference_result": [
      {
        "label": "positive",
        "score": 0.9164514541625977
      }
    ]
  }
]