[
  {
    "source": "WSJ",
    "title": "U.S. Auto Makers Sweat Under Threat of Tariffs on Mexican Imports",
    "published": "2019-05-30",
    "inference_result": [
      {
        "label": "neutral",
        "score": 0.896152138710022
      }
    ]
  },
  {
    "source": "WSJ",
    "title": "U.S. Government Bond Yields Push Lower",
    "published": "2019-05-30",
    "inference_result": [
      {
        "label": "positive",
        "score": 0.9436240196228027
      }
    ]
  },
  {
    "source": "WSJ",
    "title": "Tariff Man Unchained",
    "published": "2019-05-30",
    "inference_result": [
      {
        "label": "negative",
        "score": 0.628058135509491
      }
    ]
  },
  {
    "source": "WSJ",
    "title": "Dollar-Store Chains Post Stronger Sales, But Tariffs Cloud Outlook",
    "published": "2019-05-30",
    "inference_result": [
      {
        "label": "negative",
        "score": 0.8780354857444763
      }
    ]
  },
  {
    "source": "WSJ",
    "title": "Mexican Peso Tumbles Against the Dollar",
    "published": "2019-05-30",
    "inference_result": [
      {
        "label": "negative",
        "score": 0.8390634059906006
      }
    ]
  },
  {
    "source": "WSJ",
    "title": "Real Time Economics: Will the Fed Be Forced to Cut Interest Rates?",
    "published": "2019-05-30",
    "inference_result": [
      {
        "label": "neutral",
        "score": 0.941470742225647
      }
    ]
  },
  {
    "source": "WSJ",
    "title": "Low Yields Might Mean This Is as Good as It Gets",
    "published": "2019-05-30",
    "inference_result": [
      {
        "label": "neutral",
        "score": 0.45424944162368774
      }
    ]
  },
  {
    "source": "WSJ",
    "title": "Fed Would Consider Interest-Rate Cuts if Growth Outlook Darkens",
    "published": "2019-05-30",
    "inference_result": [
      {
        "label": "negative",
        "score": 0.8218643069267273
      }
    ]
  },
  {
    "source": "WSJ",
    "title": "Copper Continues to Pull Back",
    "published": "2019-05-30",
    "inference_result": [
      {
        "label": "negative",
        "score": 0.9602243304252625
      }
    ]
  },
  {
    "source": "WSJ",
    "title": "Oil Slides to 12-Week Low on Small Decline in U.S. Inventories",
    "published": "2019-05-30",
    "inference_result": [
      {
        "label": "positive",
        "score": 0.9387223720550537
      }
    ]
  },
  {
    "source": "WSJ",
    "title": "Mexico Gets Ball Rolling on Trade-Deal Ratification",
    "published": "2019-05-30",
    "inference_result": [
      {
        "label": "positive",
        "score": 0.5267124176025391
      }
    ]
  },
  {
    "source": "WSJ",
    "title": "U.S. Lets Some Countries Continue Limited Iran Oil Imports",
    "published": "2019-05-30",
    "inference_result": [
      {
        "label": "positive",
        "score": 0.8123661875724792
      }
    ]
  },
  {
    "source": "WSJ",
    "title": "U.S. Treasurys Gain as Growth Concerns Deepen",
    "published": "2019-05-30",
    "inference_result": [
      {
        "label": "negative",
        "score": 0.967495322227478
      }
    ]
  },
  {
    "source": "WSJ",
    "title": "U.S. Stocks, Bond Yields Fall Further Amid Trade Jitters",
    "published": "2019-05-30",
    "inference_result": [
      {
        "label": "negative",
        "score": 0.9621500372886658
      }
    ]
  },
  {
    "source": "WSJ",
    "title": "Pence Says Administration Seeks New Nafta\u2019s Approval This Summer",
    "published": "2019-05-30",
    "inference_result": [
      {
        "label": "neutral",
        "score": 0.6516197919845581
      }
    ]
  },
  {
    "source": "WSJ",
    "title": "Careful What You Wish for From the Fed",
    "published": "2019-05-30",
    "inference_result": [
      {
        "label": "negative",
        "score": 0.6829506158828735
      }
    ]
  }
]