[
  {
    "source": "WSJ",
    "title": "Global Bond Rally Leaves U.S. Yields on Top",
    "published": "2019-07-29",
    "inference_result": [
      {
        "label": "negative",
        "score": 0.7954403162002563
      }
    ]
  },
  {
    "source": "WSJ",
    "title": "Truckers Wrestle With Oversupply of Big Rigs, Falling Freight Rates",
    "published": "2019-07-29",
    "inference_result": [
      {
        "label": "negative",
        "score": 0.9707791209220886
      }
    ]
  },
  {
    "source": "WSJ",
    "title": "Real Time Economics: The Fed, Trade Talks and Jobs Day\u2014It\u2019s Going to Be a Fun Week",
    "published": "2019-07-29",
    "inference_result": [
      {
        "label": "neutral",
        "score": 0.941470742225647
      }
    ]
  },
  {
    "source": "WSJ",
    "title": "U.S.-China Trade Talks Set to Resume With Modest Expectations",
    "published": "2019-07-29",
    "inference_result": [
      {
        "label": "neutral",
        "score": 0.8982193470001221
      }
    ]
  },
  {
    "source": "WSJ",
    "title": "Elizabeth Warren Vows to Make Trade Negotiations More Transparent",
    "published": "2019-07-29",
    "inference_result": [
      {
        "label": "positive",
        "score": 0.6388273239135742
      }
    ]
  },
  {
    "source": "WSJ",
    "title": "Strong Earnings Allay Fears Over Trade and Growth\u2014for Now",
    "published": "2019-07-29",
    "inference_result": [
      {
        "label": "negative",
        "score": 0.9431270956993103
      }
    ]
  },
  {
    "source": "WSJ",
    "title": "Stocks to Watch: Mylan, Merck, Booz Allen, Cooper Tire, Mohawk Industries and More",
    "published": "2019-07-29",
    "inference_result": [
      {
        "label": "neutral",
        "score": 0.9408655762672424
      }
    ]
  }
]