[
  {
    "source": "WSJ",
    "title": "Volatility Is Here to Stay, Some Investors Wager",
    "published": "2019-05-20",
    "inference_result": [
      {
        "label": "negative",
        "score": 0.7121075391769409
      }
    ]
  },
  {
    "source": "WSJ",
    "title": "On Trade, Where Are My Fellow Democrats?",
    "published": "2019-05-20",
    "inference_result": [
      {
        "label": "neutral",
        "score": 0.5890983939170837
      }
    ]
  },
  {
    "source": "WSJ",
    "title": "Oil Edges Higher on OPEC Cuts, Iran Tensions",
    "published": "2019-05-20",
    "inference_result": [
      {
        "label": "negative",
        "score": 0.9118160009384155
      }
    ]
  },
  {
    "source": "WSJ",
    "title": "BlackRock, Other Big Investors Spoil Uber\u2019s Coming-Out Party",
    "published": "2019-05-20",
    "inference_result": [
      {
        "label": "neutral",
        "score": 0.927812397480011
      }
    ]
  },
  {
    "source": "WSJ",
    "title": "Big Companies Tightened Spending as Trade Fears Intensified",
    "published": "2019-05-20",
    "inference_result": [
      {
        "label": "negative",
        "score": 0.9647594094276428
      }
    ]
  },
  {
    "source": "WSJ",
    "title": "Mexico Flirts With Suicide",
    "published": "2019-05-20",
    "inference_result": [
      {
        "label": "neutral",
        "score": 0.9107287526130676
      }
    ]
  },
  {
    "source": "WSJ",
    "title": "The Daily Shot: Local Governments\u2019 Revenue Is Still Well Below the 2009 Peak",
    "published": "2019-05-20",
    "inference_result": [
      {
        "label": "neutral",
        "score": 0.9467915296554565
      }
    ]
  },
  {
    "source": "WSJ",
    "title": "Dollar Weakens on China-U.S. Trade Tensions",
    "published": "2019-05-20",
    "inference_result": [
      {
        "label": "neutral",
        "score": 0.7006971836090088
      }
    ]
  },
  {
    "source": "WSJ",
    "title": "China Trade Turmoil Makes U.S. Investors Nervous",
    "published": "2019-05-20",
    "inference_result": [
      {
        "label": "negative",
        "score": 0.925500214099884
      }
    ]
  },
  {
    "source": "WSJ",
    "title": "The Daily Shot: Local Governments\u2019 Revenue Is Still Well Below the 2009 Peak",
    "published": "2019-05-20",
    "inference_result": [
      {
        "label": "neutral",
        "score": 0.9467915296554565
      }
    ]
  },
  {
    "source": "WSJ",
    "title": "Dollar Weakens on China-U.S. Trade Tensions",
    "published": "2019-05-20",
    "inference_result": [
      {
        "label": "neutral",
        "score": 0.7006971836090088
      }
    ]
  },
  {
    "source": "WSJ",
    "title": "A Climate-Change Drubbing in Australia",
    "published": "2019-05-20",
    "inference_result": [
      {
        "label": "negative",
        "score": 0.6720120906829834
      }
    ]
  },
  {
    "source": "WSJ",
    "title": "Economic Fears Drove Australia\u2019s Surprise Election Result",
    "published": "2019-05-20",
    "inference_result": [
      {
        "label": "negative",
        "score": 0.8216856122016907
      }
    ]
  },
  {
    "source": "WSJ",
    "title": "Energy Journal: Trade Disputes and Gulf Tensions Stir Oil and Gas Markets",
    "published": "2019-05-20",
    "inference_result": [
      {
        "label": "negative",
        "score": 0.9383440613746643
      }
    ]
  },
  {
    "source": "WSJ",
    "title": "Real Time Economics: The U.S.-China Trade Battle is Spilling Into Your Smartphone",
    "published": "2019-05-20",
    "inference_result": [
      {
        "label": "neutral",
        "score": 0.941470742225647
      }
    ]
  },
  {
    "source": "WSJ",
    "title": "Real Time Economics: The U.S.-China Trade Battle is Spilling Into Your Smartphone",
    "published": "2019-05-20",
    "inference_result": [
      {
        "label": "neutral",
        "score": 0.941470742225647
      }
    ]
  },
  {
    "source": "WSJ",
    "title": "Gold Edges Up as Dollar Falls",
    "published": "2019-05-20",
    "inference_result": [
      {
        "label": "negative",
        "score": 0.9530895352363586
      }
    ]
  },
  {
    "source": "WSJ",
    "title": "Gold Edges Up as Dollar Falls",
    "published": "2019-05-20",
    "inference_result": [
      {
        "label": "negative",
        "score": 0.9530895352363586
      }
    ]
  },
  {
    "source": "WSJ",
    "title": "Bundesbank Expects German Economy to Stagnate in Second Quarter",
    "published": "2019-05-20",
    "inference_result": [
      {
        "label": "negative",
        "score": 0.9678289294242859
      }
    ]
  },
  {
    "source": "WSJ",
    "title": "Harker in No Rush to Raise Rates; Bank Deposit Rates Could Fall; Millennials\u2019 Financial Woes",
    "published": "2019-05-20",
    "inference_result": [
      {
        "label": "negative",
        "score": 0.9626140594482422
      }
    ]
  }
]