[
  {
    "source": "WSJ",
    "title": "EU Commissioner Who Targeted Tech Giants Gets Second Term",
    "published": "2019-09-10",
    "inference_result": [
      {
        "label": "negative",
        "score": 0.6283457279205322
      }
    ]
  },
  {
    "source": "WSJ",
    "title": "President Trump\u2019s Trade Policy Is Working",
    "published": "2019-09-10",
    "inference_result": [
      {
        "label": "positive",
        "score": 0.8162674903869629
      }
    ]
  },
  {
    "source": "WSJ",
    "title": "Rush to Corporate Bonds Reflects Cautious Optimism",
    "published": "2019-09-10",
    "inference_result": [
      {
        "label": "positive",
        "score": 0.5311231017112732
      }
    ]
  },
  {
    "source": "WSJ",
    "title": "Apple Curbs Its Upsell",
    "published": "2019-09-10",
    "inference_result": [
      {
        "label": "negative",
        "score": 0.5793485045433044
      }
    ]
  },
  {
    "source": "WSJ",
    "title": "Apple Curbs Its Upsell",
    "published": "2019-09-10",
    "inference_result": [
      {
        "label": "negative",
        "score": 0.5793485045433044
      }
    ]
  },
  {
    "source": "WSJ",
    "title": "Why the Party Could Be Winding Down for Apple\u2019s Shares",
    "published": "2019-09-10",
    "inference_result": [
      {
        "label": "positive",
        "score": 0.384857714176178
      }
    ]
  },
  {
    "source": "WSJ",
    "title": "Newsletter: Trump and the Fed, Steelmaker Woes, Mario Draghi\u2019s Last Hurrah",
    "published": "2019-09-10",
    "inference_result": [
      {
        "label": "neutral",
        "score": 0.941470742225647
      }
    ]
  },
  {
    "source": "WSJ",
    "title": "Inequality Is Holding Back the U.S. Economy",
    "published": "2019-09-10",
    "inference_result": [
      {
        "label": "neutral",
        "score": 0.7153353691101074
      }
    ]
  },
  {
    "source": "WSJ",
    "title": "President Trump\u2019s Trade Policy Is Working",
    "published": "2019-09-10",
    "inference_result": [
      {
        "label": "positive",
        "score": 0.8162674903869629
      }
    ]
  },
  {
    "source": "WSJ",
    "title": "How to Negotiate a \u2018Phased Retirement\u2019 With Your Boss",
    "published": "2019-09-10",
    "inference_result": [
      {
        "label": "neutral",
        "score": 0.5150268077850342
      }
    ]
  },
  {
    "source": "WSJ",
    "title": "The New Tax Math for People Living in High-Tax States",
    "published": "2019-09-10",
    "inference_result": [
      {
        "label": "negative",
        "score": 0.5923921465873718
      }
    ]
  },
  {
    "source": "WSJ",
    "title": "Apple Undercuts Rivals With Streaming Price",
    "published": "2019-09-10",
    "inference_result": [
      {
        "label": "positive",
        "score": 0.9002777338027954
      }
    ]
  },
  {
    "source": "WSJ",
    "title": "Stocks to Watch: Ford, Ford, Limoneira, Wendy\u2019s and Francesca\u2019s",
    "published": "2019-09-10",
    "inference_result": [
      {
        "label": "neutral",
        "score": 0.9487632513046265
      }
    ]
  },
  {
    "source": "WSJ",
    "title": "The Daily Shot: Amazon Prime Day Raised U.S. Credit Card Debt",
    "published": "2019-09-10",
    "inference_result": [
      {
        "label": "neutral",
        "score": 0.9467915296554565
      }
    ]
  }
]