[
  {
    "source": "WSJ",
    "title": "U.S. Consumer Sentiment Falls in Early June, Driven by Tariff Concerns",
    "published": "2019-06-14",
    "inference_result": [
      {
        "label": "negative",
        "score": 0.9653456211090088
      }
    ]
  },
  {
    "source": "WSJ",
    "title": "Tariffs Loom Over Car Makers, Despite Mexico Deal",
    "published": "2019-06-14",
    "inference_result": [
      {
        "label": "negative",
        "score": 0.8535025715827942
      }
    ]
  },
  {
    "source": "WSJ",
    "title": "Republican Sen. Grassley Challenges Trump on Trade Policies",
    "published": "2019-06-14",
    "inference_result": [
      {
        "label": "negative",
        "score": 0.7850357890129089
      }
    ]
  },
  {
    "source": "WSJ",
    "title": "India to Impose Its Own Tariffs on Some Goods Imported From the U.S.",
    "published": "2019-06-14",
    "inference_result": [
      {
        "label": "negative",
        "score": 0.8639305830001831
      }
    ]
  },
  {
    "source": "WSJ",
    "title": "Upsurge of Asylum Requests Poses Challenge for Mexico",
    "published": "2019-06-14",
    "inference_result": [
      {
        "label": "negative",
        "score": 0.8789612054824829
      }
    ]
  },
  {
    "source": "WSJ",
    "title": "Today\u2019s Logistics Report: Tensions Over Tankers; Slowing Jet Supply Chains; Hardly Delivering Profits",
    "published": "2019-06-14",
    "inference_result": [
      {
        "label": "neutral",
        "score": 0.8955612778663635
      }
    ]
  },
  {
    "source": "WSJ",
    "title": "Jared Diamond\u2019s \u2018Upheaval\u2019 Reviewed: Nations at the Turning Point",
    "published": "2019-06-14",
    "inference_result": [
      {
        "label": "neutral",
        "score": 0.49226608872413635
      }
    ]
  },
  {
    "source": "WSJ",
    "title": "The Score: Sprint, T-Mobile, United Technologies and the Stocks That Made the Week",
    "published": "2019-06-14",
    "inference_result": [
      {
        "label": "neutral",
        "score": 0.8880681395530701
      }
    ]
  },
  {
    "source": "WSJ",
    "title": "The Daily Shot: The Slump in U.S. Male Labor Force Participation Stands Out",
    "published": "2019-06-14",
    "inference_result": [
      {
        "label": "neutral",
        "score": 0.9467915296554565
      }
    ]
  },
  {
    "source": "WSJ",
    "title": "Candidates in Guatemala Target Economic Roots of Migration, but Abandon Graft Agency",
    "published": "2019-06-14",
    "inference_result": [
      {
        "label": "negative",
        "score": 0.9342952370643616
      }
    ]
  },
  {
    "source": "WSJ",
    "title": "Trump Could Retaliate if Xi Balks at Trade Meeting, Kudlow Says",
    "published": "2019-06-14",
    "inference_result": [
      {
        "label": "negative",
        "score": 0.6777825355529785
      }
    ]
  },
  {
    "source": "WSJ",
    "title": "U.S. Consumers Boost Spending Despite Trade Tensions",
    "published": "2019-06-14",
    "inference_result": [
      {
        "label": "negative",
        "score": 0.5060988664627075
      }
    ]
  },
  {
    "source": "WSJ",
    "title": "U.S. Retail Sales Increased in May",
    "published": "2019-06-14",
    "inference_result": [
      {
        "label": "positive",
        "score": 0.9553195834159851
      }
    ]
  },
  {
    "source": "WSJ",
    "title": "Real Time Economics: U.S. and China Talk Tough on Trade",
    "published": "2019-06-14",
    "inference_result": [
      {
        "label": "neutral",
        "score": 0.941470742225647
      }
    ]
  },
  {
    "source": "WSJ",
    "title": "India to Impose Its Own Tariffs on Some Goods Imported From the U.S.",
    "published": "2019-06-14",
    "inference_result": [
      {
        "label": "negative",
        "score": 0.8639305830001831
      }
    ]
  },
  {
    "source": "WSJ",
    "title": "Juice for China\u2019s Economy Is Coming",
    "published": "2019-06-14",
    "inference_result": [
      {
        "label": "negative",
        "score": 0.9675740003585815
      }
    ]
  },
  {
    "source": "WSJ",
    "title": "Does Amazon Really Pay No Taxes? Here\u2019s the Complicated Answer",
    "published": "2019-06-14",
    "inference_result": [
      {
        "label": "positive",
        "score": 0.9388459324836731
      }
    ]
  },
  {
    "source": "WSJ",
    "title": "New York\u2019s Mansion Tax Could Explain Blitz of Big-Ticket Sales",
    "published": "2019-06-14",
    "inference_result": [
      {
        "label": "positive",
        "score": 0.8713811635971069
      }
    ]
  },
  {
    "source": "WSJ",
    "title": "New York\u2019s Mansion Tax Could Explain Blitz of Big-Ticket Sales",
    "published": "2019-06-14",
    "inference_result": [
      {
        "label": "positive",
        "score": 0.8713811635971069
      }
    ]
  },
  {
    "source": "WSJ",
    "title": "Why Kawhi Leonard Should Stay in Canada",
    "published": "2019-06-14",
    "inference_result": [
      {
        "label": "neutral",
        "score": 0.8140541911125183
      }
    ]
  },
  {
    "source": "WSJ",
    "title": "Economists See Fed Rate Cut Coming; Little to Like in Inflation Data; Fedspeak Cheat Sheet",
    "published": "2019-06-14",
    "inference_result": [
      {
        "label": "negative",
        "score": 0.6766532063484192
      }
    ]
  },
  {
    "source": "WSJ",
    "title": "U.S. Industrial Production Rebounded in May",
    "published": "2019-06-14",
    "inference_result": [
      {
        "label": "positive",
        "score": 0.951034665107727
      }
    ]
  },
  {
    "source": "WSJ",
    "title": "Can Modi Translate His Election Mandate Into Real Reform?",
    "published": "2019-06-14",
    "inference_result": [
      {
        "label": "positive",
        "score": 0.8470435738563538
      }
    ]
  }
]