[
  {
    "source": "WSJ",
    "title": "The Daily Shot: Renewed Trade Tensions Are Choking US Business Growth",
    "published": "2019-05-24",
    "inference_result": [
      {
        "label": "neutral",
        "score": 0.9467915296554565
      }
    ]
  },
  {
    "source": "WSJ",
    "title": "Trump\u2019s Trouble in the Farm Belt",
    "published": "2019-05-24",
    "inference_result": [
      {
        "label": "neutral",
        "score": 0.8967587947845459
      }
    ]
  },
  {
    "source": "WSJ",
    "title": "Trump Administration Rolls Out $16 Billion Farm-Aid Program",
    "published": "2019-05-24",
    "inference_result": [
      {
        "label": "positive",
        "score": 0.5112959146499634
      }
    ]
  },
  {
    "source": "WSJ",
    "title": "Measuring the Cost of Tariffs; Kaplan Comfortable With Fed on Hold; ECB Uncertain About Economic Rebound",
    "published": "2019-05-24",
    "inference_result": [
      {
        "label": "negative",
        "score": 0.9539592266082764
      }
    ]
  },
  {
    "source": "WSJ",
    "title": "Happy Trails to Almaty?",
    "published": "2019-05-24",
    "inference_result": [
      {
        "label": "positive",
        "score": 0.528019905090332
      }
    ]
  },
  {
    "source": "WSJ",
    "title": "U.S. Stocks, Bond Yields Drop Amid Trade Tensions",
    "published": "2019-05-24",
    "inference_result": [
      {
        "label": "negative",
        "score": 0.9577050805091858
      }
    ]
  },
  {
    "source": "WSJ",
    "title": "Poor Manufacturing Orders Point to Slower Economic Growth",
    "published": "2019-05-24",
    "inference_result": [
      {
        "label": "negative",
        "score": 0.9720873236656189
      }
    ]
  },
  {
    "source": "WSJ",
    "title": "Poor Manufacturing Orders Point to Slower Economic Growth",
    "published": "2019-05-24",
    "inference_result": [
      {
        "label": "negative",
        "score": 0.9720873236656189
      }
    ]
  },
  {
    "source": "WSJ",
    "title": "Freight Market Shifts into Lower Gear",
    "published": "2019-05-24",
    "inference_result": [
      {
        "label": "negative",
        "score": 0.9443702101707458
      }
    ]
  },
  {
    "source": "WSJ",
    "title": "Freight Market Shifts into Lower Gear",
    "published": "2019-05-24",
    "inference_result": [
      {
        "label": "negative",
        "score": 0.9443702101707458
      }
    ]
  },
  {
    "source": "WSJ",
    "title": "Real Time Economics: Trade Fight Spurs Aid to Farmers, Theresa May to Resign",
    "published": "2019-05-24",
    "inference_result": [
      {
        "label": "neutral",
        "score": 0.941470742225647
      }
    ]
  },
  {
    "source": "WSJ",
    "title": "Real Time Economics: Trade Fight Spurs Aid to Farmers, Theresa May to Resign",
    "published": "2019-05-24",
    "inference_result": [
      {
        "label": "neutral",
        "score": 0.941470742225647
      }
    ]
  },
  {
    "source": "WSJ",
    "title": "U.S. Weighs Letting Companies Seek New Penalties Over Currency Manipulation",
    "published": "2019-05-24",
    "inference_result": [
      {
        "label": "negative",
        "score": 0.8173211812973022
      }
    ]
  },
  {
    "source": "WSJ",
    "title": "Copper Prices Approach Correction Territory as Growth Worries Spread",
    "published": "2019-05-24",
    "inference_result": [
      {
        "label": "negative",
        "score": 0.9605246186256409
      }
    ]
  },
  {
    "source": "WSJ",
    "title": "Trade Spat Is a New Worry for Lenovo",
    "published": "2019-05-24",
    "inference_result": [
      {
        "label": "negative",
        "score": 0.9618035554885864
      }
    ]
  },
  {
    "source": "WSJ",
    "title": "Japan Downgrades Views on Its Economy",
    "published": "2019-05-24",
    "inference_result": [
      {
        "label": "negative",
        "score": 0.7471111416816711
      }
    ]
  },
  {
    "source": "WSJ",
    "title": "Copper Prices Rise on Trade Hopes",
    "published": "2019-05-24",
    "inference_result": [
      {
        "label": "positive",
        "score": 0.8748905658721924
      }
    ]
  },
  {
    "source": "WSJ",
    "title": "Investors Slowly Wake Up to Fears of a New Cold War",
    "published": "2019-05-24",
    "inference_result": [
      {
        "label": "negative",
        "score": 0.5996533036231995
      }
    ]
  },
  {
    "source": "WSJ",
    "title": "U.S. Government Bond Yields Rise",
    "published": "2019-05-24",
    "inference_result": [
      {
        "label": "negative",
        "score": 0.917047917842865
      }
    ]
  },
  {
    "source": "WSJ",
    "title": "Today\u2019s Logistics Report: Freight\u2019s Lower Gear; Warehousing\u2019s Big Buy; Farming Under Water",
    "published": "2019-05-24",
    "inference_result": [
      {
        "label": "neutral",
        "score": 0.8955612778663635
      }
    ]
  },
  {
    "source": "WSJ",
    "title": "U.S. Government Bond Yields Bounce Higher With Stocks",
    "published": "2019-05-24",
    "inference_result": [
      {
        "label": "positive",
        "score": 0.49937331676483154
      }
    ]
  }
]