[
  {
    "source": "WSJ",
    "title": "Red Wing, Iconic U.S. Shoe Maker, Labors Mightily to Bring Production Home",
    "published": "2019-07-13",
    "inference_result": [
      {
        "label": "positive",
        "score": 0.6747233271598816
      }
    ]
  },
  {
    "source": "WSJ",
    "title": "Red Wing, Iconic U.S. Shoe Maker, Labors Mightily to Bring Production Home",
    "published": "2019-07-13",
    "inference_result": [
      {
        "label": "positive",
        "score": 0.6747233271598816
      }
    ]
  },
  {
    "source": "WSJ",
    "title": "Trump\u2019s Favorite Ambassador Makes a Very Trumpian Splash in Berlin",
    "published": "2019-07-13",
    "inference_result": [
      {
        "label": "neutral",
        "score": 0.7778783440589905
      }
    ]
  },
  {
    "source": "WSJ",
    "title": "Epstein Flourished as He Forged Bond With Retail Billionaire",
    "published": "2019-07-13",
    "inference_result": [
      {
        "label": "neutral",
        "score": 0.8919832110404968
      }
    ]
  }
]