[
  {
    "source": "WSJ",
    "title": "Brazil Opens Up an Economy Long Shielded From Competition",
    "published": "2019-09-23",
    "inference_result": [
      {
        "label": "positive",
        "score": 0.875505268573761
      }
    ]
  },
  {
    "source": "WSJ",
    "title": "Apple to Keep Building Mac Pro in U.S. After Securing Tariff Relief",
    "published": "2019-09-23",
    "inference_result": [
      {
        "label": "negative",
        "score": 0.8627476692199707
      }
    ]
  },
  {
    "source": "WSJ",
    "title": "Rosengren, Bullard Explain Dissent Over Rates; Fed Examines Short-Term Lending Spike",
    "published": "2019-09-23",
    "inference_result": [
      {
        "label": "negative",
        "score": 0.7996348738670349
      }
    ]
  },
  {
    "source": "WSJ",
    "title": "Rosengren, Bullard Explain Dissent Over Rates; Fed Examines Short-Term Lending Spike",
    "published": "2019-09-23",
    "inference_result": [
      {
        "label": "negative",
        "score": 0.7996348738670349
      }
    ]
  },
  {
    "source": "WSJ",
    "title": "Struggling Farmers See Bright Spot in Solar",
    "published": "2019-09-23",
    "inference_result": [
      {
        "label": "neutral",
        "score": 0.717706024646759
      }
    ]
  },
  {
    "source": "WSJ",
    "title": "Newsletter: Germany Slumps, America Saves and Investors Unwind Recession Bets",
    "published": "2019-09-23",
    "inference_result": [
      {
        "label": "neutral",
        "score": 0.941470742225647
      }
    ]
  },
  {
    "source": "WSJ",
    "title": "The Tax Benefits of a Partial Roth Conversion",
    "published": "2019-09-23",
    "inference_result": [
      {
        "label": "neutral",
        "score": 0.9388561248779297
      }
    ]
  },
  {
    "source": "WSJ",
    "title": "India\u2019s Trump-Style Tax Cut Won\u2019t Fix the Economy",
    "published": "2019-09-23",
    "inference_result": [
      {
        "label": "negative",
        "score": 0.6876630187034607
      }
    ]
  },
  {
    "source": "WSJ",
    "title": "Some Important Dates in World Currency History",
    "published": "2019-09-23",
    "inference_result": [
      {
        "label": "neutral",
        "score": 0.7100411653518677
      }
    ]
  },
  {
    "source": "WSJ",
    "title": "The Daily Shot: The Stock Market Sends Household Wealth-to-GDP Ratio to Record High",
    "published": "2019-09-23",
    "inference_result": [
      {
        "label": "neutral",
        "score": 0.9467915296554565
      }
    ]
  },
  {
    "source": "WSJ",
    "title": "Brazil Opens Up an Economy Long Shielded From Competition",
    "published": "2019-09-23",
    "inference_result": [
      {
        "label": "positive",
        "score": 0.875505268573761
      }
    ]
  },
  {
    "source": "WSJ",
    "title": "Newsletter: Germany Slumps, America Saves and Investors Unwind Recession Bets",
    "published": "2019-09-23",
    "inference_result": [
      {
        "label": "neutral",
        "score": 0.941470742225647
      }
    ]
  },
  {
    "source": "WSJ",
    "title": "Meat Is Getting Pricier Because China Is Peckish for Protein",
    "published": "2019-09-23",
    "inference_result": [
      {
        "label": "negative",
        "score": 0.9288804531097412
      }
    ]
  },
  {
    "source": "WSJ",
    "title": "Overstock Shares Are on Deep Discount as Bad News Piles Up",
    "published": "2019-09-23",
    "inference_result": [
      {
        "label": "negative",
        "score": 0.9694329500198364
      }
    ]
  }
]