[
  {
    "source": "WSJ",
    "title": "PE Daily: Legalist Raises $100 Million | TPG in $1.2 Billion Asia Hospital Deal | SmileDirectClub Sinks | Blackstone\u2019s Ch. 11 Stearns Bid Wins Over Pimco",
    "published": "2019-09-13",
    "inference_result": [
      {
        "label": "neutral",
        "score": 0.5677465796470642
      }
    ]
  },
  {
    "source": "WSJ",
    "title": "China to Exempt U.S. Soybeans, Pork From Punitive Tariffs",
    "published": "2019-09-13",
    "inference_result": [
      {
        "label": "negative",
        "score": 0.4409979283809662
      }
    ]
  },
  {
    "source": "WSJ",
    "title": "Auto Sales Revved Up August Retail Spending",
    "published": "2019-09-13",
    "inference_result": [
      {
        "label": "negative",
        "score": 0.9694347381591797
      }
    ]
  },
  {
    "source": "WSJ",
    "title": "First Time Paying Taxes? Buckle Up",
    "published": "2019-09-13",
    "inference_result": [
      {
        "label": "neutral",
        "score": 0.9260773658752441
      }
    ]
  },
  {
    "source": "WSJ",
    "title": "Just Starting Out? Here\u2019s Money Advice From the Pros",
    "published": "2019-09-13",
    "inference_result": [
      {
        "label": "neutral",
        "score": 0.9452654719352722
      }
    ]
  },
  {
    "source": "WSJ",
    "title": "A Financial Starter Kit",
    "published": "2019-09-13",
    "inference_result": [
      {
        "label": "neutral",
        "score": 0.9289884567260742
      }
    ]
  },
  {
    "source": "WSJ",
    "title": "Oil\u2019s Weekly Drop Highlights Lingering Oversupply Fears",
    "published": "2019-09-13",
    "inference_result": [
      {
        "label": "negative",
        "score": 0.9377061724662781
      }
    ]
  },
  {
    "source": "WSJ",
    "title": "Stocks to Watch: PG&E, General Electric, Broadcom, Gap and More",
    "published": "2019-09-13",
    "inference_result": [
      {
        "label": "neutral",
        "score": 0.9305209517478943
      }
    ]
  },
  {
    "source": "WSJ",
    "title": "Stocks Extend Weekly Winning Streak",
    "published": "2019-09-13",
    "inference_result": [
      {
        "label": "positive",
        "score": 0.9258732795715332
      }
    ]
  }
]