[
  {
    "source": "WSJ",
    "title": "Retaliatory Tariffs Decide Which U.S. Industries Fail",
    "published": "2019-07-05",
    "inference_result": [
      {
        "label": "neutral",
        "score": 0.7836591601371765
      }
    ]
  },
  {
    "source": "WSJ",
    "title": "Real Time Economics: What Will the June Jobs Report Tell Us About the Economy?",
    "published": "2019-07-05",
    "inference_result": [
      {
        "label": "neutral",
        "score": 0.941470742225647
      }
    ]
  },
  {
    "source": "WSJ",
    "title": "Berkshire Hathaway, Nike, Micron: Stocks That Defined the Week",
    "published": "2019-07-05",
    "inference_result": [
      {
        "label": "positive",
        "score": 0.9185566902160645
      }
    ]
  },
  {
    "source": "WSJ",
    "title": "Stocks Edge Lower as Jobs Report Clouds Expectations of a Rate Cut",
    "published": "2019-07-05",
    "inference_result": [
      {
        "label": "negative",
        "score": 0.8419126272201538
      }
    ]
  },
  {
    "source": "WSJ",
    "title": "A Tale of Two Economies",
    "published": "2019-07-05",
    "inference_result": [
      {
        "label": "positive",
        "score": 0.8543964624404907
      }
    ]
  },
  {
    "source": "WSJ",
    "title": "Farmers Built a Soybean Export Empire Around China. Now They\u2019re Fighting to Save It.",
    "published": "2019-07-05",
    "inference_result": [
      {
        "label": "negative",
        "score": 0.9664199352264404
      }
    ]
  },
  {
    "source": "WSJ",
    "title": "How to Avoid a Big Tax Bill in the Year of M&A",
    "published": "2019-07-05",
    "inference_result": [
      {
        "label": "neutral",
        "score": 0.8405770659446716
      }
    ]
  },
  {
    "source": "WSJ",
    "title": "India Moves to Spend More and Draw Investment to Spur Growth",
    "published": "2019-07-05",
    "inference_result": [
      {
        "label": "positive",
        "score": 0.8611466884613037
      }
    ]
  },
  {
    "source": "WSJ",
    "title": "Homeland Security Chief Takes Border Focus Farther South",
    "published": "2019-07-05",
    "inference_result": [
      {
        "label": "negative",
        "score": 0.557806134223938
      }
    ]
  },
  {
    "source": "WSJ",
    "title": "India Moves to Spend More and Draw Investment to Spur Growth",
    "published": "2019-07-05",
    "inference_result": [
      {
        "label": "positive",
        "score": 0.8611466884613037
      }
    ]
  }
]