[
  {
    "source": "WSJ",
    "title": "VC Daily: Muscle Investors Cash Out; The Problem With Machine Learning; FTC Probes Juul\u2019s Marketing",
    "published": "2019-08-30",
    "inference_result": [
      {
        "label": "neutral",
        "score": 0.792567253112793
      }
    ]
  },
  {
    "source": "WSJ",
    "title": "U.S. Consumer Sentiment Declined at End of August",
    "published": "2019-08-30",
    "inference_result": [
      {
        "label": "negative",
        "score": 0.8646434545516968
      }
    ]
  },
  {
    "source": "WSJ",
    "title": "Tesla Raises Price of Model 3 in China Ahead of Tariff Jump",
    "published": "2019-08-30",
    "inference_result": [
      {
        "label": "positive",
        "score": 0.5233694314956665
      }
    ]
  },
  {
    "source": "WSJ",
    "title": "Trump Says Companies, Not Trade Policies, to Blame for Business Setbacks",
    "published": "2019-08-30",
    "inference_result": [
      {
        "label": "neutral",
        "score": 0.7658444046974182
      }
    ]
  },
  {
    "source": "WSJ",
    "title": "Pro Bankruptcy Briefing: Mallinckrodt Taps Revolver, Bonds Plunge | Fyre Festival Trustee Sues Models, Musicians | Sears Top Ranking Creditors Target Fees",
    "published": "2019-08-30",
    "inference_result": [
      {
        "label": "negative",
        "score": 0.9611934423446655
      }
    ]
  },
  {
    "source": "WSJ",
    "title": "Pro Bankruptcy Briefing: Mallinckrodt Taps Revolver, Bonds Plunge | Fyre Festival Trustee Sues Models, Musicians | Sears Top Ranking Creditors Target Fees",
    "published": "2019-08-30",
    "inference_result": [
      {
        "label": "negative",
        "score": 0.9611934423446655
      }
    ]
  },
  {
    "source": "WSJ",
    "title": "Strength in U.S. Consumer Spending Drives Economy",
    "published": "2019-08-30",
    "inference_result": [
      {
        "label": "positive",
        "score": 0.937882125377655
      }
    ]
  },
  {
    "source": "WSJ",
    "title": "Stocks Break Losing Streak to End Volatile August",
    "published": "2019-08-30",
    "inference_result": [
      {
        "label": "positive",
        "score": 0.8025704026222229
      }
    ]
  },
  {
    "source": "WSJ",
    "title": "Companies Say They Can Ignore Cost of U.S. Tax Rules",
    "published": "2019-08-30",
    "inference_result": [
      {
        "label": "neutral",
        "score": 0.6142526865005493
      }
    ]
  },
  {
    "source": "WSJ",
    "title": "Today\u2019s Logistics Report: Trucking Market Toll; Shipping\u2019s Green Debate; China\u2019s Tech Reboot",
    "published": "2019-08-30",
    "inference_result": [
      {
        "label": "neutral",
        "score": 0.8943678736686707
      }
    ]
  },
  {
    "source": "WSJ",
    "title": "Ravenous China Could Spice Up U.S. Meat Stocks",
    "published": "2019-08-30",
    "inference_result": [
      {
        "label": "negative",
        "score": 0.9423798322677612
      }
    ]
  },
  {
    "source": "WSJ",
    "title": "U.S. Economy Slows, Corporate Profits Rise; Trade War Hurting U.S. Companies; Bank of Korea Holds Rates Steady",
    "published": "2019-08-30",
    "inference_result": [
      {
        "label": "negative",
        "score": 0.9638320207595825
      }
    ]
  },
  {
    "source": "WSJ",
    "title": "Newsletter: Some Good News, For Now",
    "published": "2019-08-30",
    "inference_result": [
      {
        "label": "neutral",
        "score": 0.941470742225647
      }
    ]
  },
  {
    "source": "WSJ",
    "title": "Cheap Gas Revs Up Consumers, Boding Well for U.S. Economy",
    "published": "2019-08-30",
    "inference_result": [
      {
        "label": "positive",
        "score": 0.9389801025390625
      }
    ]
  },
  {
    "source": "WSJ",
    "title": "Johnson & Johnson, J.M. Smucker, Best Buy: Stocks That Defined The Week",
    "published": "2019-08-30",
    "inference_result": [
      {
        "label": "positive",
        "score": 0.9337839484214783
      }
    ]
  },
  {
    "source": "WSJ",
    "title": "PC Makers Power Up After Dell Earnings",
    "published": "2019-08-30",
    "inference_result": [
      {
        "label": "negative",
        "score": 0.8512004613876343
      }
    ]
  }
]