[
  {
    "source": "WSJ",
    "title": "EU Auto Makers Have to Sell More Electric Cars as New Emission Targets Loom",
    "published": "2019-06-22",
    "inference_result": [
      {
        "label": "negative",
        "score": 0.9020016193389893
      }
    ]
  },
  {
    "source": "WSJ",
    "title": "Stocks Are Sitting Pretty Heading Into Summer",
    "published": "2019-06-22",
    "inference_result": [
      {
        "label": "positive",
        "score": 0.6685071587562561
      }
    ]
  },
  {
    "source": "WSJ",
    "title": "Global Central Bank Shift Eases Drag on Chinese Currency",
    "published": "2019-06-22",
    "inference_result": [
      {
        "label": "positive",
        "score": 0.9384050369262695
      }
    ]
  },
  {
    "source": "WSJ",
    "title": "Iran Calls Trump\u2019s Bluff",
    "published": "2019-06-22",
    "inference_result": [
      {
        "label": "negative",
        "score": 0.777223527431488
      }
    ]
  }
]