[
  {
    "source": "WSJ",
    "title": "Whirlpool Makes the Case for Tariffs",
    "published": "2019-05-14",
    "inference_result": [
      {
        "label": "neutral",
        "score": 0.919590950012207
      }
    ]
  },
  {
    "source": "WSJ",
    "title": "Trump Sees China Trade Deal \u2018When the Time Is Right\u2019",
    "published": "2019-05-14",
    "inference_result": [
      {
        "label": "negative",
        "score": 0.4606916606426239
      }
    ]
  },
  {
    "source": "WSJ",
    "title": "Trade Fight Escalates as China Hits U.S. With Higher Tariffs",
    "published": "2019-05-14",
    "inference_result": [
      {
        "label": "neutral",
        "score": 0.6921414732933044
      }
    ]
  },
  {
    "source": "WSJ",
    "title": "Escalating Tariffs Test Investors\u2019 Faith in U.S. Growth",
    "published": "2019-05-14",
    "inference_result": [
      {
        "label": "negative",
        "score": 0.5103877186775208
      }
    ]
  },
  {
    "source": "WSJ",
    "title": "The Cost of China Tariffs",
    "published": "2019-05-14",
    "inference_result": [
      {
        "label": "negative",
        "score": 0.9271640181541443
      }
    ]
  },
  {
    "source": "WSJ",
    "title": "Fed\u2019s Williams: Tariffs Will Likely Stoke U.S. Inflation in Coming Year",
    "published": "2019-05-14",
    "inference_result": [
      {
        "label": "neutral",
        "score": 0.6632644534111023
      }
    ]
  },
  {
    "source": "WSJ",
    "title": "Trade Battle Looks Set to Roil Container Shipping",
    "published": "2019-05-14",
    "inference_result": [
      {
        "label": "negative",
        "score": 0.8577675223350525
      }
    ]
  },
  {
    "source": "WSJ",
    "title": "Bruised Retailers Face More Pain",
    "published": "2019-05-14",
    "inference_result": [
      {
        "label": "negative",
        "score": 0.9724143147468567
      }
    ]
  },
  {
    "source": "WSJ",
    "title": "McDonald\u2019s Strategy to Personalize Ordering",
    "published": "2019-05-14",
    "inference_result": [
      {
        "label": "positive",
        "score": 0.7331016659736633
      }
    ]
  },
  {
    "source": "WSJ",
    "title": "The Down-to-Earth Dreams of Today\u2019s Guitar Buyer",
    "published": "2019-05-14",
    "inference_result": [
      {
        "label": "neutral",
        "score": 0.8507252931594849
      }
    ]
  },
  {
    "source": "WSJ",
    "title": "Zillow Sees a Future in House Flipping",
    "published": "2019-05-14",
    "inference_result": [
      {
        "label": "negative",
        "score": 0.8899074792861938
      }
    ]
  },
  {
    "source": "WSJ",
    "title": "Don\u2019t Just Learn From Failure; Learn From Your Successes",
    "published": "2019-05-14",
    "inference_result": [
      {
        "label": "neutral",
        "score": 0.9188575744628906
      }
    ]
  },
  {
    "source": "WSJ",
    "title": "Enterprise\u2019s Plan to Prosper in the Age of Uber",
    "published": "2019-05-14",
    "inference_result": [
      {
        "label": "neutral",
        "score": 0.7968032956123352
      }
    ]
  },
  {
    "source": "WSJ",
    "title": "The Conventional Wisdom Is That Bigger Isn\u2019t Better. Think Again.",
    "published": "2019-05-14",
    "inference_result": [
      {
        "label": "neutral",
        "score": 0.8133967518806458
      }
    ]
  },
  {
    "source": "WSJ",
    "title": "Nike\u2019s Strategy to Get a Lot More Personal With Its Customers",
    "published": "2019-05-14",
    "inference_result": [
      {
        "label": "neutral",
        "score": 0.9174586534500122
      }
    ]
  },
  {
    "source": "WSJ",
    "title": "How Automation Is Changing the Workplace at Duke Energy",
    "published": "2019-05-14",
    "inference_result": [
      {
        "label": "positive",
        "score": 0.450781911611557
      }
    ]
  },
  {
    "source": "WSJ",
    "title": "The Secret to Asking Better Questions",
    "published": "2019-05-14",
    "inference_result": [
      {
        "label": "neutral",
        "score": 0.9180395007133484
      }
    ]
  },
  {
    "source": "WSJ",
    "title": "Inside the More-Is-More World of Selling Luxury Yachts",
    "published": "2019-05-14",
    "inference_result": [
      {
        "label": "neutral",
        "score": 0.9042035937309265
      }
    ]
  },
  {
    "source": "WSJ",
    "title": "Behind the Turnaround at Children\u2019s Place",
    "published": "2019-05-14",
    "inference_result": [
      {
        "label": "positive",
        "score": 0.6823400855064392
      }
    ]
  },
  {
    "source": "WSJ",
    "title": "Why Spotify Sees Potential in Podcasts",
    "published": "2019-05-14",
    "inference_result": [
      {
        "label": "neutral",
        "score": 0.7301620244979858
      }
    ]
  },
  {
    "source": "WSJ",
    "title": "U.K. Lawmakers Remain Downbeat on Brexit Talks",
    "published": "2019-05-14",
    "inference_result": [
      {
        "label": "neutral",
        "score": 0.47593405842781067
      }
    ]
  },
  {
    "source": "WSJ",
    "title": "U.S. Government Bonds Fall as Stocks Rebound",
    "published": "2019-05-14",
    "inference_result": [
      {
        "label": "positive",
        "score": 0.9363253116607666
      }
    ]
  },
  {
    "source": "WSJ",
    "title": "Stocks Post Their Worst Day in Months on Trade Anxiety",
    "published": "2019-05-14",
    "inference_result": [
      {
        "label": "negative",
        "score": 0.8405251502990723
      }
    ]
  },
  {
    "source": "WSJ",
    "title": "Real Time Economics: China Retaliates, U.S. Prepares to Escalate",
    "published": "2019-05-14",
    "inference_result": [
      {
        "label": "neutral",
        "score": 0.941470742225647
      }
    ]
  },
  {
    "source": "WSJ",
    "title": "U.S. Stocks Rise as Investors Await Trade Progress",
    "published": "2019-05-14",
    "inference_result": [
      {
        "label": "positive",
        "score": 0.4778359532356262
      }
    ]
  },
  {
    "source": "WSJ",
    "title": "Stocks Turn Higher on Trade Hopes",
    "published": "2019-05-14",
    "inference_result": [
      {
        "label": "negative",
        "score": 0.527381181716919
      }
    ]
  },
  {
    "source": "WSJ",
    "title": "Fears of Extended Trade Conflict Stoke Demand for U.S. Government Bonds",
    "published": "2019-05-14",
    "inference_result": [
      {
        "label": "negative",
        "score": 0.960615336894989
      }
    ]
  },
  {
    "source": "WSJ",
    "title": "The Daily Shot: Import Tariffs Impact Blue Counties; Retaliatory Tariffs Hit Red Counties",
    "published": "2019-05-14",
    "inference_result": [
      {
        "label": "neutral",
        "score": 0.9467915296554565
      }
    ]
  },
  {
    "source": "WSJ",
    "title": "No, China Can\u2019t Sink the U.S. Treasury Market",
    "published": "2019-05-14",
    "inference_result": [
      {
        "label": "negative",
        "score": 0.8690186142921448
      }
    ]
  },
  {
    "source": "WSJ",
    "title": "Dollar Ticks Higher Against Yen",
    "published": "2019-05-14",
    "inference_result": [
      {
        "label": "neutral",
        "score": 0.5331714153289795
      }
    ]
  },
  {
    "source": "WSJ",
    "title": "Rosengren: Trade Fight Could Hit Economy; Williams Sees Inflation Impact; Inflation Expectations Fall",
    "published": "2019-05-14",
    "inference_result": [
      {
        "label": "negative",
        "score": 0.9665315747261047
      }
    ]
  },
  {
    "source": "WSJ",
    "title": "Gold Prices Finish Lower",
    "published": "2019-05-14",
    "inference_result": [
      {
        "label": "negative",
        "score": 0.7531496286392212
      }
    ]
  },
  {
    "source": "WSJ",
    "title": "Dollar Ticks Higher Against Yen",
    "published": "2019-05-14",
    "inference_result": [
      {
        "label": "neutral",
        "score": 0.5331714153289795
      }
    ]
  },
  {
    "source": "WSJ",
    "title": "What\u2019s News: World-Wide",
    "published": "2019-05-14",
    "inference_result": [
      {
        "label": "neutral",
        "score": 0.951514720916748
      }
    ]
  },
  {
    "source": "WSJ",
    "title": "WSJ Wealth Adviser Briefing: Day Trading in Options, Tiny Island Bonds, Ancient Venice",
    "published": "2019-05-14",
    "inference_result": [
      {
        "label": "neutral",
        "score": 0.9272052049636841
      }
    ]
  },
  {
    "source": "WSJ",
    "title": "Bill Targeting Trump Pardons Gains Steam in New York Assembly",
    "published": "2019-05-14",
    "inference_result": [
      {
        "label": "neutral",
        "score": 0.6381472945213318
      }
    ]
  },
  {
    "source": "WSJ",
    "title": "Democrat Presses Treasury Secretary on President Trump\u2019s Tax Returns",
    "published": "2019-05-14",
    "inference_result": [
      {
        "label": "neutral",
        "score": 0.9376852512359619
      }
    ]
  },
  {
    "source": "WSJ",
    "title": "U.S. Tariffs Knock Chinese Yuan",
    "published": "2019-05-14",
    "inference_result": [
      {
        "label": "negative",
        "score": 0.5145944356918335
      }
    ]
  },
  {
    "source": "WSJ",
    "title": "U.S. Import Prices Climb More Slowly Than Expected",
    "published": "2019-05-14",
    "inference_result": [
      {
        "label": "neutral",
        "score": 0.639593243598938
      }
    ]
  },
  {
    "source": "WSJ",
    "title": "The Cost of China Tariffs",
    "published": "2019-05-14",
    "inference_result": [
      {
        "label": "negative",
        "score": 0.9271640181541443
      }
    ]
  },
  {
    "source": "WSJ",
    "title": "Foxconn Profit Falls as iPhone Sales Flag",
    "published": "2019-05-14",
    "inference_result": [
      {
        "label": "negative",
        "score": 0.9762428998947144
      }
    ]
  }
]