[
  {
    "source": "WSJ",
    "title": "U.S.-China Trade War\u2019s Global Impact Grows",
    "published": "2019-09-02",
    "inference_result": [
      {
        "label": "negative",
        "score": 0.9586793184280396
      }
    ]
  },
  {
    "source": "WSJ",
    "title": "U.S.-China Trade War\u2019s Global Impact Grows",
    "published": "2019-09-02",
    "inference_result": [
      {
        "label": "negative",
        "score": 0.9586793184280396
      }
    ]
  },
  {
    "source": "WSJ",
    "title": "Trade Disputes Curb Global Factory Activity as Confidence Wanes",
    "published": "2019-09-02",
    "inference_result": [
      {
        "label": "negative",
        "score": 0.9696057438850403
      }
    ]
  },
  {
    "source": "WSJ",
    "title": "Democrats Labor to Stem Flow of Union Voters to Trump",
    "published": "2019-09-02",
    "inference_result": [
      {
        "label": "negative",
        "score": 0.5739201307296753
      }
    ]
  },
  {
    "source": "WSJ",
    "title": "What\u2019s News: Business & Finance",
    "published": "2019-09-02",
    "inference_result": [
      {
        "label": "neutral",
        "score": 0.951514720916748
      }
    ]
  },
  {
    "source": "WSJ",
    "title": "Global Stocks Rise on Manufacturing Data",
    "published": "2019-09-02",
    "inference_result": [
      {
        "label": "positive",
        "score": 0.5810549259185791
      }
    ]
  },
  {
    "source": "WSJ",
    "title": "U.S.-China Trade War Takes Toll on South Korea and Japan",
    "published": "2019-09-02",
    "inference_result": [
      {
        "label": "negative",
        "score": 0.9685307741165161
      }
    ]
  },
  {
    "source": "WSJ",
    "title": "What\u2019s News: Business & Finance",
    "published": "2019-09-02",
    "inference_result": [
      {
        "label": "neutral",
        "score": 0.951514720916748
      }
    ]
  },
  {
    "source": "WSJ",
    "title": "The American Consumer Keeps Beating Expectations",
    "published": "2019-09-02",
    "inference_result": [
      {
        "label": "negative",
        "score": 0.9229273200035095
      }
    ]
  }
]