[
  {
    "source": "WSJ",
    "title": "Guatemalan Court Blocks Signing of Immigration Agreement With U.S.",
    "published": "2019-07-15",
    "inference_result": [
      {
        "label": "negative",
        "score": 0.6402478218078613
      }
    ]
  },
  {
    "source": "WSJ",
    "title": "Real Time Economics: China Slows, Companies Flee and Mexico Hits the Skids",
    "published": "2019-07-15",
    "inference_result": [
      {
        "label": "neutral",
        "score": 0.941470742225647
      }
    ]
  },
  {
    "source": "WSJ",
    "title": "What\u2019s News: Business & Finance",
    "published": "2019-07-15",
    "inference_result": [
      {
        "label": "neutral",
        "score": 0.951514720916748
      }
    ]
  },
  {
    "source": "WSJ",
    "title": "IKEA to Close Its Only U.S. Factory",
    "published": "2019-07-15",
    "inference_result": [
      {
        "label": "neutral",
        "score": 0.7568981051445007
      }
    ]
  },
  {
    "source": "WSJ",
    "title": "This Week on the Frontiers, July 13th 2019",
    "published": "2019-07-15",
    "inference_result": [
      {
        "label": "neutral",
        "score": 0.9468449354171753
      }
    ]
  },
  {
    "source": "WSJ",
    "title": "Second-Quarter Earnings to Test Soaring Market",
    "published": "2019-07-15",
    "inference_result": [
      {
        "label": "negative",
        "score": 0.9715572595596313
      }
    ]
  },
  {
    "source": "WSJ",
    "title": "China Growth at Its Slowest Since 1992 as Beijing Struggles to Juice Economy",
    "published": "2019-07-15",
    "inference_result": [
      {
        "label": "positive",
        "score": 0.8380152583122253
      }
    ]
  }
]