[
  {
    "source": "WSJ",
    "title": "The ‘Drill, Baby, Drill’ Mining Magnate Cozying Up to Trump",
    "summary": "Billionaire Gina Rinehart is investing in U.S. mining assets and wants to bring MAGA ideals to Australia",
    "link": "https://www.wsj.com/business/gina-rinehart-donald-trump-elon-musk-mining-df134697?mod=Searchresults_pos19&page=121",
    "content": "Gina Rinehart, in a hat that reads ‘Reliable electricity lovers for Trump,’ poses with Tiffany Trump at a Halloween party this year at Mar-a-Lago.\n\nIn rooms of sequins, blond hair and red MAGA hats, Gina Rinehart still manages to stand out at Donald Trump’s Mar-a-Lago parties.\n\nOn Halloween, the mining magnate was photographed at the Palm Beach, Fla., club in a wide-brimmed red hat with a “Drill, Baby, Drill” sign draped around her neck, posing with Trump’s youngest daughter, Tiffany Trump . Five nights later, Rinehart was back at Mar-a-Lago—this time in a white ball gown and Trump brooch—to watch the U.S. presidential election results and eventually celebrate her host’s victory.\n\nThe next day, Australia’s richest person got a coveted sit-down with Elon Musk, a newly influential figure in Trump’s orbit—and one of just several dozen people on the planet with more money than her. Rinehart said in a statement that they discussed issues pertinent to the U.S. and Australia: free speech and the need to cut both government waste and national debts.\n\nRinehart’s enthusiastic embrace of Trump, and her efforts to export many of the MAGA ideals to Australia, is the latest twist in a life marked at various turns by pugnaciousness and generosity.\n\nAt home in Australia, where Rinehart primarily lives on the west coast in Perth, she is a polarizing figure. The executive chairman of closely held Hancock Prospecting is seen as an icon by many in the mining sector, particularly women. She rarely gives interviews, often has bodyguards and is known for being skeptical of outsiders. But she’s also game for a fight.\n\nNow 70 years old, Rinehart famously tangled in court for a decade with her father’s third wife and onetime maid over his estate. Rinehart accused her stepmother of somehow being responsible for her father’s death, a claim rejected by the findings of an inquest. She is in a long-running legal dispute with two of her four children over their rights to valuable mining assets.\n\nCalculations of Rinehart’s wealth vary. The Bloomberg Billionaires Index estimates her net worth is around $18 billion, while Forbes pegs it at roughly $30 billion.\n\nGina Rinehart and Elon Musk talked at Mar-a-Lago the day after the U.S. election. Photo: Hancock Prospecting\n\nA spokesman for Rinehart said she wasn’t available for an interview.\n\nRinehart’s father, Lang Hancock, is widely credited with discovering a bounty of iron ore in the Pilbara—a thinly populated region of Western Australia—in the 1950s. Today, half the world’s iron-ore exports come from that region.\n\nA legendary and controversial figure in Australian business, Hancock once considered using nuclear bombs as a cheap way to blast open mines in the Outback. His reputation was tarnished by remarks that drugs should be used to sterilize some mixed-race indigenous people.\n\nTensions between Rinehart and her father spiraled for a time. In letters between the two that later became public in court, she told him he had become a laughingstock. He called her slothful and vindictive.\n\nRinehart, who spent part of her childhood on a cattle and sheep station in the Australian Outback, took over Hancock Prospecting after his death in 1992 and built it into Australia’s top closely held company by revenue. Her interests now span mining, energy, retail, agriculture and real estate.\n\nRinehart—or Mrs. R, as many of those closest to her say—typically shuns bankers and is closely involved in every deal or investment her company makes, say people who have done business with her. In a rare attempt to draw attention, several years ago she had many of her company’s locomotives and dump trucks painted pink, in a tribute to breast-cancer patients and research.\n\nShe is currently pouring billions into a broad suite of bets on energy and critical minerals including lithium and rare earths, staking a claim to commodities expected to be in demand as the world decarbonizes and electrifies and as the West seeks to diversify supply chains away from China.\n\nRinehart began investing in Brazilian Rare Earths, a company developing a very high-grade deposit, before it went public in Australia late last year. Her holding has been an invaluable stamp of approval, says Chief Executive Bernardo da Veiga. Other investors “look at it and say ‘Well, you know, she’s in there. There must be something to it.’ And it just differentiates yourself from others.”\n\nShe has also single-handedly thwarted deals in the mining industry. Last year, Hancock built a nearly 20% stake in Australian lithium company Liontown Resources, spoiling a plan by Charlotte, N.C.-based Albemarle to buy that business.\n\nNow she appears to be establishing more of a beachhead in the U.S. She took a meaningful stake earlier this year in MP Materials, a Nevada-based mining company that develops rare earths from an operation in California, and recently boosted it to more than 8%.\n\nPink trucks owned by Hancock Prospecting at its Roy Hill operation in 2016. Photo: Hancock Prospecting\n\nRinehart’s U.S. ties go back even further. Her second husband, the late Frank Rinehart, was an American lawyer 37 years her senior. They married in Las Vegas and she lived with him and her children in the U.S. for a time in the 1980s. Last year, companies linked to Rinehart’s family were behind two property purchases in Florida.\n\nWhen she does speak publicly, Rinehart tends to advocate pro-business policies and inherited her father’s knack for stoking outrage.\n\nIn 2012, she questioned how miners in Australia could compete with those in Africa, where people, she said, were willing to work for less than two Australian dollars a day. Labor unions called her “out-of-touch and coldhearted.”\n\nRinehart has also encouraged Australians to spend less time drinking and socializing, and more time working.\n\nThis year, she received a lifetime achievement award from the Atlas Society, which promotes the philosophies of Ayn Rand. In a recorded interview for the award ceremony, Rinehart said she first read Rand’s “Atlas Shrugged” when she was 13. “The values that were in that book—I haven’t shied from,” she said.\n\nThose close to her say she’s magnanimous. She is known to randomly hand out gifts of 100,000 Australian dollars, roughly $61,300, to employees at Christmas or on her birthday.\n\nShe is a key benefactor for Australia’s Olympic athletes, most notably its storied swimming program, and hosted some of the country’s medalists on a luxury glass-topped riverboat on the River Seine during the Paris Games this year. One Australian swimmer called her an almost “godmother figure.”\n\nRinehart emerged as a supporter of Trump during his first run at the White House, toasting his ambition to cut taxes and reduce what he sees as overregulation—policies she has long campaigned for Down Under.\n\nGina Rinehart, center, sat with Australia’s former Liberal Party vice president, Teena McQueen, left, and U.K.’s Brexit cheerleader Nigel Farage, right, on election night this year at Mar-a-Lago. Photo: Hancock Prospecting\n\n“I think Gina would regard Donald Trump as what the world has been waiting for,” said Michael Yabsley, a former Liberal politician who worked for Rinehart in the late 1990s.\n\nOn election night this year, Rinehart was seated with Toni Holt Kramer, a founder of Trumpettes USA. Together they watched the returns roll in. Nigel Farage, the U.K.’s Brexit cheerleader, and Australia’s former Liberal Party vice president, Teena McQueen, also sat with Rinehart.\n\nRinehart and Holt Kramer met around 2018, during Trump’s first term in the White House. Rinehart flew in for her husband’s birthday party a few years ago, and they have seen each other in Palm Beach. “She is a unique woman who sees things, not the way they are—the way they should be,” Holt Kramer said. “She’s very bold and very, very brave and very, very strong, and she really wants the best for Australia.”\n\nIn remarks sent after the election to various media outlets, Rinehart congratulated Trump, saying: “I do hope Australia watches you and learns as they see that cutting government tape, cutting taxes and cutting government wastage lifts people up, and lifts living standards.”\n\nWhere the two disagree are tariffs. Rinehart has stressed her own longstanding opposition to tariffs, while Trump has proposed to aggressively raise them.\n\nShe has long warned of dark days ahead for Australia unless it lowers taxes and reduces red tape to make it easier for companies to operate. Australia, where it is compulsory to vote, is due for its own national elections next year.\n\n“In the U.S., the super-rich are celebrated. The American Dream champions talent, drive and immigration success stories,” said Richard Gannon, a resources-industry adviser and former investment banker. “This resonates with Mrs. Rinehart, because it too is her own family origin story.”\n\nGina Rinehart, dressed in black, attended a Trump rally in Virginia with James Radford, Sam Bjelke-Petersen and Teena McQueen. Photo: Hancock Prospecting\n\nKatherine Clarke contributed to this article.",
    "published": "2024-11-15"
  },
  {
    "source": "WSJ",
    "title": "The Man Expected to Lead Germany Is Ready to Strike Deals With Trump",
    "summary": "If elected chancellor, Friedrich Merz would face a sputtering economy and the prospect of fresh U.S. tariffs",
    "link": "https://www.wsj.com/world/europe/the-man-preparing-to-lead-germany-is-ready-to-strike-deals-with-trump-914e4396?mod=Searchresults_pos4&page=122",
    "content": "A win in February’s general election would give Friedrich Merz the daunting task of rebuilding a German economy that hasn’t grown since 2019.\n\nBERLIN—There is one thing Friedrich Merz ’s friends and foes agree on: The man is impatient. So impatient that he occasionally flies himself to private meetings in his own plane, according to an aide.\n\nDespite that, he has waited nearly 20 years for his chance to lead Germany. Now the stars appear to be finally aligning for the hobby pilot to get that chance.\n\nThe center-right Christian Democratic Union, which Merz has chaired for the past two years, is far ahead of its rivals in opinion polls. Barring a huge upset, the 69-year-old is on track to become chancellor after the general election in February—seven months ahead of schedule because of the collapse of Chancellor Olaf Scholz ’s strife-ridden coalition.\n\nA win would give Merz the daunting task of rebuilding a German economy that hasn’t grown since 2019. And it would establish him as Europe’s main counterpart to U.S. President-elect Donald Trump.\n\n“When a president and a chancellor begin their terms at about the same time, it’s a clean slate and a good opportunity to improve the relationship,” said Jens Spahn , a senior CDU lawmaker, former minister and member of Merz’s leadership team.\n\nA Roman Catholic from Germany’s industrial Rust Belt, Merz became a German lawmaker three decades ago. He left politics in 2009 for a business career that made him a multimillionaire and the owner of a Diamond DA42 propeller plane, which he learned to fly.\n\nA lawyer by training, he was a partner at law firm Mayer Brown and later chairman of BlackRock Germany. He served stints on the boards of some of Germany’s largest companies: Commerzbank, chemical giant BASF, Deutsche Börse and others.\n\nMerz was his party’s parliamentary leader but lost the job in 2002 to Angela Merkel. Photo: Kay Nietfeld/Zuma Press\n\nHis private-sector experience and wealth would make him an unusual chancellor. The country’s previous leaders were mostly career politicians or hailed from modest backgrounds.\n\nAs chancellor, Merz’s priority would be to establish a good rapport with Trump. Scholz hosted President Biden in Berlin days before the election and trumpeted his friendship with the departing U.S. leader. Merz doesn’t carry such baggage.\n\nA former chairman of Atlantik-Brücke, an organization that promotes U.S.-German relations, Merz even met Trump many years ago when he was still a property developer, according to his spokesman.\n\nMerz didn’t speak publicly then about his impression of Trump. But in a radio interview days before the 2016 U.S. election, Merz called Trump’s debate performance against Hillary Clinton “completely out of control.” On Jan. 6, 2021, he tweeted: “Trump, it seems, isn’t a democrat.”\n\nNewsletter Sign-up What’s News Catch up on the headlines, understand the news and make better decisions, free in your inbox daily. Enjoy a free article in every edition. Preview Subscribed\n\nSome Republicans now close to Trump have said worse things about him in the past, and Merz has been circumspect about Trump since. In an interview this week, he said he would aim to strike mutually advantageous trade and defense deals with the incoming president.\n\n“I have a long business experience with the U.S. I think I can understand how Americans work,” he told Stern magazine. “I observe Trump. I speak with many people who know him very well.”\n\nGermany has much to lose from a Trump plan to impose 10% to 20% tariffs on most U.S. imports. The embattled economy is highly dependent on exports.\n\nMerz would approach the U.S. administration immediately after his election with offers for deals on tariffs and defense, said Spahn, who attended the Republican convention this summer.\n\nTrump’s team “won’t be swayed by talk alone, but they are open to deals and they respect economic strength,” said Spahn.\n\nHe and others close to Merz said he would also coordinate his outreach closely with Germany’s European partners inside and outside the European Union—something Scholz was often criticized for neglecting.\n\nMerz at a political event in Germany. Photo: Sebastian Willnow/Zuma Press\n\nFixing Germany’s broken economy will be the next chancellor’s biggest challenge.\n\nHigh costs, flagging global demand and increased competition from China have hurt German manufacturers, which have seen their output drop continuously since 2017. Many have announced big job cuts. Unemployment, though still low, is beginning to rise.\n\nPublicly, Merz has been more critical of China than Scholz and Merkel. He has urged German companies to reduce their dependence on the world’s second-largest economy. Beijing is “behaving increasingly repressively at home and aggressively abroad. China is becoming a serious threat to our security,” he told a German newswire in April.\n\nWhile Scholz called for bailouts and subsidies to save jobs and prop up struggling carmakers, Merz wants lower taxes, less bureaucracy and measures that would make it cheaper for businesses to reach Berlin’s climate goals. The country’s largest business organizations have said they prefer his pitch.\n\nA fiscal conservative, he has defended the country’s strict spending rules, which left-of-center parties would like to suspend to unleash more spending. But Merz has also signaled openness to reforming those rules in a way that would favor investments over welfare spending.\n\nOne question mark hanging over Merz’s prospects is his temper. Some critics see his impulsiveness as his worst enemy. A civil servant who worked in parliament in the 1990s says Merz would often lose his cool and say things he later regretted.\n\nSome of these outbursts have been public. Last year, he faced a backlash after saying on a talk show that rejected asylum seekers were “sitting at the doctor, having their teeth redone, while German citizens can’t even get an appointment.” He has apologized for saying that some unemployed Ukrainian refugees in Germany were engaging in “social tourism.”\n\nA spokesman for Merz disputed that he is known for losing his temper. Merz told a German podcast earlier this year that he was sometimes prone to exaggerations but he found comments about his lack of self-control unfair. He said people who describe him as overly impulsive don’t really know him.\n\nAs parliamentary leader, he has reached out to rivals and brought them into his leadership team. “Merz is an engaged listener, but he’s also a leader. He’s interested in what others think, but he also knows decisions must be made,” said Spahn. “People want political leadership and that’s what he stands for.”\n\nDespite his private-sector background, Merz is anything but a political novice. A CDU member since 1972, he was elected to the European Parliament in 1989 and to the German parliament in 1994. He later rose to become the party’s parliamentary leader but lost the job in 2002 to Angela Merkel after a yearslong power struggle.\n\nMerz, left, meets with German President Frank-Walter Steinmeier, center, in Berlin. Photo: Clemens Bilan/Press Pool\n\nThis history contributed to his image as a political figure of the past. So did his positions when they were unfashionable in Germany in the early 2000s. He is pro-business, advocates for small government and lower welfare spending as well as strong military and security services, and he wants to reduce immigration.\n\nBy the time he returned to politics in 2018, the CDU was in the throes of a backlash against Merkel’s centrist chancellorship, during which she banned nuclear power, ended military conscription, increased welfare benefits and welcomed nearly two million refugees into the country.\n\nSince his return to politics and election as CDU chairman, Merz has pulled the party back to the right. This has energized the base and boosted the CDU’s ratings by 10 points to around 34%.\n\nMerz’s ascent to the chancellery isn’t a done deal. One obstacle is his personal popularity, which lags behind that of his party. A Forsa Institute poll for broadcasters RTL and NTV published this month showed a quarter of respondents would want to have him as chancellor, 10 points behind center-left Defense Minister Boris Pistorius , now Germany’s most popular politician.\n\n“I don’t know if Merz has changed, but voters haven’t changed their minds about Merz,” said Manfred Güllner, president of Forsa. “They still see him as competent but unsympathetic.”\n\nIn the German system, parties, not people, compete in the general elections. Still, given the government’s unpopularity, the CDU should be more popular, Güllner said. Should the SPD dethrone Scholz and field Pistorius as their candidate, Merz might not sail into the job so easily.\n\nAnd even if his party wins, his staunch rejection of any alliance with the nativist AfD means he would need to enter a coalition with at least one center-left group, maybe two, to secure a parliamentary majority.\n\nThe man who can’t wait would have to reach compromises, make concessions and rule by consensus to keep his government together—something his U.S.-centric business career might not have prepared him for.\n\nWrite to Bertrand Benoit at bertrand.benoit@wsj.com",
    "published": "2024-11-15"
  },
  {
    "source": "WSJ",
    "title": "The Score: Spirit, Tesla, Moderna and More Stocks That Defined the Week",
    "summary": "Here are some of the major companies whose stocks moved on the week’s news",
    "link": "https://www.wsj.com/finance/stocks/the-score-spirit-tesla-moderna-and-more-stocks-that-defined-the-week-b8ba4aaf?mod=Searchresults_pos12&page=126",
    "content": "Spirit Airlines is preparing to file for bankruptcy in the coming weeks.\n\nThe Score is a weekly review of the biggest stock moves and the news that drove them.\n\nPresident-elect Trump is deepening his ties to Tesla TSLA -1.65 %decrease; red down pointing triangle Chief Executive Elon Musk.\n\nTrump on Tuesday said that the billionaire entrepreneur will co-lead what he called the Department of Government Efficiency, or DOGE.\n\nThe president-elect said the group—also led by former Republican presidential candidate Vivek Ramaswamy —would operate outside of the federal government and aim to cut spending and streamline bureaucracy.\n\nMusk’s relationship with Trump made Tesla’s stock a big winner of the so-called “Trump trade” ahead of the 2024 election. However, traders are also weighing the Trump presidency’s possible consequences for the broader electric-vehicle industry, including higher tariffs.\n\nTesla shares jumped 9% Monday and fell 6.1% Tuesday.\n\nHoneywell International\n\nActivist investor Elliott Management is calling for a breakup of one of the last industrial conglomerates: Honeywell.\n\nElliott disclosed a roughly $5 billion stake in Honeywell and said in a letter to its board that “uneven execution, inconsistent financial results and an underperforming share price” have reduced the company’s ability to create value for shareholders.\n\nThe activist recommended it split up its aerospace and automation businesses. About 40% of the company’s annual revenue comes from its aerospace business, which makes engines and cockpit systems for Boeing and others.\n\nHoneywell shares ended 3.8% higher Tuesday, paring some gains after an early rally.\n\nSpirit Airlines\n\nSpirit shares took a nosedive as the budget carrier moved toward bankruptcy.\n\nThe Wall Street Journal reported Tuesday that Spirit was preparing to file for bankruptcy in the coming weeks, as the company struggles with mounting losses and looming debt maturities.\n\nThe company’s advanced discussions with bondholders follow the breakdown of merger talks with rival Frontier Airlines. Frontier had been exploring a new bid for Spirit after its 2022 agreement fell through, but the Journal reported that Frontier decided not to move forward.\n\nSpirit said late Tuesday that it was in constructive discussions with a supermajority of bondholders to restructure debt due in 2025 and 2026. Frontier declined to comment.\n\nSpirit shares tanked 59% Wednesday.\n\nSpotify Technology\n\nSpotify’s third quarter financial results were music to investors’ ears.\n\nIn its latest quarterly report, the streaming-audio giant posted its third consecutive quarterly profit and said it is on track to be in the black for the full year for the first time, as its efforts to control costs and prioritize profits pay off.\n\nSpotify’s €1.45 in earnings per share was below analysts estimates of €1.69 a share, according to FactSet.\n\nStill, its gross margin of 31.1% topped the company’s expectations. Spotify, at its 2022 investor day, set a goal of achieving 30% gross margins between 2025 and 2027.\n\nSpotify shares soared 11% Wednesday.\n\nWalt Disney\n\nDisney’s streaming momentum brought some magic to its latest earnings report.\n\nThe entertainment behemoth reported a jump in quarterly net income and higher revenue, and offered a bullish earnings outlook.\n\nAfter years of investing heavily in its streaming business—home to Disney+, ESPN+ and Hulu—the company’s direct-to-consumer unit notched its second consecutive quarterly profit. Disney added 4.4 million new core Disney+ subscribers, handily beating the 900,000 new customers that Wall Street predicted, according to FactSet.\n\nMeanwhile, Disney’s rapidly-declining cable-TV business continued to lose steam, and income from its theme-park and cruise unit fell for the second consecutive quarter.\n\nDisney shares rallied 6.2% Thursday.\n\nModerna\n\nBig pharma stocks needed a shot in the arm after Donald Trump chose vaccine skeptic Robert F. Kennedy Jr. as health secretary.\n\nThe President-elect Donald Trump’s nomination of Kennedy prompted a selloff of the world’s top vaccine makers, including Moderna and Pfizer.\n\nRFK Jr, who has become best known for his vocal criticism around vaccines, has promised sweeping changes to food-and-drug regulation and government-funded scientific research. Scientists and public-health leaders have expressed concern over a Kennedy appointment in Trump’s administration.\n\nPfizer shares fell 2.6% on Thursday—erasing roughly $4 billion from its market value—while Moderna shares dropped 5.6%.\n\nOur weekly markets news roundup is now part of the WSJ’s What’s News podcast. Host Francesca Fontana discusses the biggest stock moves of the week and the news that drove them. Check out What’s News in Markets at wsj.com/podcasts or wherever you listen.\n\nWrite to Francesca Fontana at francesca.fontana@wsj.com.",
    "published": "2024-11-15"
  },
  {
    "source": "WSJ",
    "title": "Is Trump Really So Great for Bitcoin?",
    "summary": "The biggest cryptocurrency wouldn’t necessarily benefit from softer regulations that favor the broader industry",
    "link": "https://www.wsj.com/finance/currencies/is-trump-really-so-great-for-bitcoin-c50626a4?mod=Searchresults_pos16&page=134",
    "content": "Bitcoin is now worth more than any U.S.-listed company other than the six biggest. Dogecoin, created as a joke and the first cryptocurrency to have a government department named after it, would make it to the top 200 stocks by value, larger than Johnson Controls International JCI 0.47 %increase; green up pointing triangle .\n\nThe election lit the rocket that crypto enthusiasts hope will take prices to the moon. They are anticipating that President-elect Donald Trump will follow through on his pledge to defenestrate the anti-crypto chief of Securities and Exchange Commission, Gary Gensler , ease regulations on crypto-company listings, exchanges, finance and mining, and create a national stash of bitcoin.\n\nEasier regulations should in principle push up prices by making it easier to attract buyers. Because cryptocurrencies aren’t backed by income or an economy, in the absence of any fundamentals they are driven entirely by supply and sentiment-driven demand. More buyers means a higher price.\n\nYet, dig deeper into the argument, and it is hard to see why bitcoin should benefit so much. The mother of cryptocurrencies is different than most coins. Along with the No. 2 coin, ethereum, it has little in the way of regulatory pressure. It is treated as a commodity, so it avoids direct SEC oversight, and has both futures and—thanks to lawsuits against the SEC—ETFs.\n\nOther crypto-coins could benefit a lot if they also were exempted from SEC rules on prospectuses, while ether could benefit from a more relaxed approach to decentralized finance, but neither change would help bitcoin. Indeed, more demand for other coins might, at the margin, take buyers and their money away from bitcoin, which is by far the largest.\n\n“Any regulatory easing that happens for crypto is net more beneficial for altcoins [non-bitcoin crypto] than bitcoin because there’s no regulatory business for bitcoin,” says Alex Thorn, head of research at Galaxy Digital, a crypto financial-services firm.\n\nSo why is bitcoin up a third since its election-night low, adding almost $500 billion to its total value in less than two weeks, while altcoins and ether have lagged behind? There are three common arguments.\n\nThe first amounts to “Duh.” The next president is, after a change of heart, avowedly pro-crypto and surrounded by advisers who like crypto. Bitcoin is the biggest crypto. Ipso facto, buy bitcoin.\n\nGiven that the value depends purely on sentiment—remember, no fundamentals—this is plausible, if deeply unsatisfying; it amounts to saying that because “bitcoin” and “crypto” are currently interchangeable terms for most people, anything good for crypto is good for bitcoin, even when it isn’t.\n\nThe second is Trump’s campaign promise to create a “strategic national bitcoin stockpile,” starting by blocking the sale of bitcoin previously seized by law-enforcement agencies. What has got bitcoin bros excited is the idea that this could morph into a strategic bitcoin reserve to back the dollar, something proposed by Sen. Cynthia Lummis (R., Wyo.).\n\nNewsletter Sign-up Markets A.M. Let the WSJ's own Spencer Jakab prepare you for the trading day ahead, with expert insight into the companies and industries set to move markets. Preview Subscribed\n\nRumors have been flying that other countries could rush purchases of bitcoin to, in effect, front-run a Trump bitcoin buying program. Yet, the idea makes zero sense. Strategic currency reserves are for countries that have wobbly foreign exchange because of a lack of trust in their currency, or for those that need to recycle trade surpluses into overseas assets. Neither applies to the U.S. Even if they did, would Trump really want to divert American resources away from spending or tax cuts to buy bitcoin?\n\n“If the Treasury or the Fed were to say they’re going to buy bitcoin to help back the dollar, it would be very bad for the dollar in the same way that if they said they were going to buy lollipops or toothpaste to back the dollar,” Thorn says. And he likes bitcoin. “The dollar is backed by the full faith and credit of the U.S.”\n\nStill, it is hard to predict what the new administration will do. For sure, any sign that the government was buying bitcoin absolutely would push up the price, mad as the idea is.\n\nBitcoin’s value hit a new record this year, exceeding its Covid-era high and shocking investors. Here’s what that 2021 rally can show us about this year’s spike—and the crypto market’s $2.6 trillion market capitalization.\n\nThe third argument centers around the threat of inflation, for which some bitcoin buyers continue to think the cryptocurrency offers a hedge. The bond market has been betting that Trump’s policies will lead to higher inflation, thanks to tariffs and tax cuts. Yet, bitcoin has never been a good hedge for inflation, and moves much more closely with speculative stocks than it does with inflation hedges such as gold (now down since the election) or inflation-linked bonds.\n\nPut another way: Bitcoin is about animal spirits, not plodding economic analysis. No wonder it likes Trump.\n\nWrite to James Mackintosh at james.mackintosh@wsj.com\n\nThe Latest on Crypto Coverage of bitcoin and other cryptocurrencies, selected by the editors Get WSJ's Markets A.M. Newsletter",
    "published": "2024-11-15"
  },
  {
    "source": "WSJ",
    "title": "Smugglers Urge Migrants to Rush to U.S. Before Trump Takes Power",
    "summary": "Known as ‘coyotes’ or ‘polleros,’ human smugglers anticipate U.S. border policy changes and adapt to new illegal migration dynamics",
    "link": "https://www.wsj.com/world/americas/smugglers-tell-migrants-to-rush-to-u-s-before-trump-takes-power-2c3ee69e?mod=Searchresults_pos4&page=159",
    "content": "Migrants arrive in a Panama village after walking across the Darién Gap from Colombia as they make their way north to the U.S.\n\nMEXICO CITY—From the dense jungle connecting Panama and Colombia to the banks of the Rio Grande, human smugglers are spreading a message to U.S.-bound migrants: Hurry up and sneak in before President-elect Donald Trump takes office.\n\nTrump’s second term is creating an incentive for migrants to try to reach U.S. soil before the Jan. 20 inauguration, because many anticipate the president-elect will dismantle legal pathways to entry. Those paths include a U.S. government app that allows people to apply for U.S. asylum while in Mexico and then cross legally when they have an appointment—a system created last year that some migrants think will be upended by Trump.\n\nBeatriz Fuentes, who manages the Casa Fuente shelter for women and children in Mexico City, said her shelter began emptying out even before the election. “They were told to hurry up in case of a possible change,” she said.\n\nWhile there is no evidence yet that a migration surge is materializing, people smugglers are using WhatsApp and social-media groups to tell immigrants it is now or never. Known as “coyotes” or “polleros,” the smugglers’ business model becomes more lucrative during migrant surges, and business slows down right after policy changes are implemented.\n\nPeople making their way to the U.S. from Venezuela cross a river near Bajo Chiquito, Panama. Photo: Matias Delacroix/Associated Press\n\nIn southern Mexico near the Guatemala border, some 4,000 migrants formed three caravans last week and set out for the U.S., volunteers and Mexican officials said. But many of them dispersed after being quickly “hooked,” or lured, by human smugglers, said Luis Villagrán, a Mexican migrant advocate who organizes caravans in the city of Tapachula. Caravans offer safety in numbers for migrants, but are easy targets for authorities, while smugglers offer faster routes to the U.S.\n\n“There were four WhatsApp groups in which hundreds of migrants coordinated their departure on U.S. election day. As soon as Trump’s victory became clear, messages spreading fear began to appear,” he said.\n\nNear the Darién Gap, a strip of wilderness connecting Panama and Colombia, one smuggler told migrants in a WhatsApp group message seen by The Wall Street Journal that he expects more deportations under Trump, and wished them luck not getting caught trying to cross the U.S. border.\n\nGilbert Álvarez, a 19-year-old student from Venezuela’s northern Carabobo state, said he recently arrived in southern Mexico and wants to apply for asylum to settle in Texas where he has relatives. He said he would wait a couple of weeks to see if he gets a legal appointment to enter.\n\n“If there’s no progress, I will just go to the northern border,” he said, adding that he wanted to get in before Trump took office.\n\nMigrants walking in a caravan along a highway in Mexico last week. Photo: Daniel Becerril/Reuters\n\nMigration to the U.S. surged after Trump left office amid strong demand for unskilled labor as a result of the Covid pandemic. Border apprehensions have fallen significantly this year, but the immigration issue contributed to Kamala Harris’s loss to Trump, political analysts have said.\n\nMigrants and smugglers kept a close eye on the U.S. election for weeks, and have since discussed the implications of Trump’s victory and his campaign promises to crack down on illegal border crossings and conduct the largest mass-deportation operation in U.S. history.\n\nThe risk of an imminent shutdown of the U.S. border now seems significantly higher to thousands of northbound migrants stranded in southern Mexico waiting for an appointment to apply for asylum in the U.S.\n\n“Human smugglers are sowing doubts, especially among those migrants aiming to legally apply for asylum,” said José Luis Pérez Canchola, head of the migrant support unit in the border city of Tijuana, neighboring San Diego. He estimates that more than 3,400 migrants, many of them children, are living in shelters across the city.\n\n“Trump’s victory has generated a lot of nervousness, and the smugglers are taking advantage of that,” he said.\n\nA surge in immigration could take weeks to emerge. Recent storms have closed the muddy jungle paths and rivers in the Darién Gap, foreign observers say. Authorities in border cities such as Tijuana and Ciudad Juárez aren’t reporting significant increases in migrant arrivals. A senior U.S. government official said that authorities haven’t detected any indication that an increase in migration is coming.\n\nMexican authorities have disbanded caravans in recent years. Security checkpoints dot highways, and thousands of asylum seekers caught heading north are put on buses and sent back to southern Mexico under a new enforcement strategy.\n\nMexican President Claudia Sheinbaum said the measures have helped reduce illegal crossings at the U.S.-Mexico border by 74% since December. “The model is working, and we want it to continue working,” she said at her daily news conference last Friday.\n\nDespite the drop, more than 50,000 migrants have been apprehended at the U.S. southwest border monthly from July to September, according to the latest statistics released by the U.S. government. That is more than during the same months in 2016 before Trump was elected. Back then, arrests at the border increased in the last months of 2016, before dropping sharply after Inauguration Day and then creeping back up throughout the year.\n\n“Eight years ago, smugglers anticipated Trump’s border closure,” said Carlos Ramiro Martínez, Guatemala’s foreign minister, in an interview. “There’s a risk that this will happen again.”\n\nImmigration experts say smugglers tend to take a wait-and-see stance for a few months before adapting to border policy changes, as they did during the first Trump administration. In the spring of 2019, migrants overwhelmed U.S. border facilities. Trump responded by threatening to impose tariffs on Mexican exports if the government didn’t do more to deter migrants. Then-President Andrés Manuel López Obrador deployed some 32,000 members of the National Guard to contain the wave, and migrant detentions across Mexico increased 40%.\n\nSince then, migrant-trafficking networks have further expanded, with links to Mexico’s powerful drug gangs.\n\nDonald Trump won re-election thanks to his core base: working-class voters. But since 2020, he was able to grow that group with young men, Black and Hispanic voters. Here’s what the data say about these voters. Photo: WSJ\n\nThousands of migrants arrive in Mexico daily, said Villagrán, the caravan organizer. Most are Venezuelans who can’t be deported because the authoritarian government of President Nicolás Maduro refuses to take them. Since Maduro claimed victory in a July election that was widely seen as fraudulent, authorities across the region have said they were concerned about another Venezuelan migration wave because of political and economic deterioration in Venezuela.\n\nMany Venezuelan migrants in Mexico say they fear a shutdown of the CBP One mobile phone app, the main portal to claim asylum in the U.S.\n\nAlthough CBP One provides asylum access for migrants once they enter Mexican territory, the waiting lists are long and the process can take months. More than 852,000 people have scheduled appointments since the app was introduced in January 2023, according to U.S. government data. Venezuelans are among the top applicants.\n\nNewsletter Sign-up WSJ Politics & Policy Scoops, analysis and insights driving Washington from the WSJ's D.C. bureau. Preview Subscribed\n\nThousands of Venezuelans with children must spend months in Tuxtla Gutiérrez and Tapachula near the border with Guatemala until they are granted an appointment at a U.S. port of entry to file for asylum. That also allows migrants to travel legally across Mexico on their way to the border.\n\nTrump has promised to reinstate some of the border policies of his first term, such as Remain in Mexico, in which migrants claiming asylum in the U.S. were sent back to Mexico while their cases were pending. While in Mexico, migrants became sitting ducks for organized crime groups operating along the Mexican border with the U.S., human-rights activists said.\n\n“More than 20 friends decided not to wait for an appointment and joined the caravan,” said Alfonso Meléndez, a 24-year-old Venezuelan student who arrived in Tuxtla Gutiérrez with four other adults and five children in late September.\n\n“I’m very worried that they will throw us out when Trump takes office,” he said. “I would love to head to the border now, but I don’t have enough money.”\n\nPaul Kiernan, Angeles Mariscal and Michelle Hackman contributed to this article.\n\nWrite to Santiago Pérez at santiago.perez@wsj.com\n\nMigrants and the Border Latest analysis of developments at the U.S. border and beyond, selected by the editors",
    "published": "2024-11-15"
  },
  {
    "source": "WSJ",
    "title": "Top Economic Jobs Are Next Up in Trump’s Frenetic Transition Process",
    "summary": "President-elect meets with Scott Bessent, seen as a front-runner to lead the Treasury Department",
    "link": "https://www.wsj.com/politics/scott-bessent-economic-role-trump-cabinet-3af2a446?mod=Searchresults_pos3&page=151",
    "content": "Donald Trump and Scott Bessent at an Asheville, N.C., campaign rally in August.\n\nDonald Trump’s transition team spent months curating shortlists of candidates for plum political appointments across the government. Now, after a frenetic week and a half since his election victory, when the president-elect picked his cabinet and other top advisers at unusual speed, there is one big gap: The top economic jobs remain unfilled.\n\nTrump on Friday appeared to be nearing a decision on his nominee to lead the Treasury Department. He met with the investor Scott Bessent, seen as a top contender for the job, at his Mar-a-Lago estate in Florida. At the same time, the Fox Business host Larry Kudlow , whom Trump had considered naming to a senior economic policy role, informed the president-elect’s team that he doesn’t want to return to government, according to a person familiar with the discussions.\n\nThe lesson from the people who have been picked so far might be that the best way to land a job in Trump’s second term is hopping on a plane to Palm Beach.\n\nTrump has held court at Mar-a-Lago, his private Florida club, as a cavalcade of admirers, loyalists and politicians make their pitch to serve in his administration. The meetings—some impromptu, others more formal—have scrambled transition officials’ plans, as savvy Trump allies have talked their way onto the president-elect’s radar.\n\n“The people that are around are in the mix,” one Trump adviser said. “If you’re sitting around waiting for it to happen, it’s unlikely he’s going to pick you off the roster.”\n\nMany of the major personnel picks so far have made pilgrimages to Florida since the election. In an indication of the power of proximity, Robert F. Kennedy Jr., whom Trump tapped this past week as Health and Human Services secretary, is renting a Palm Beach house owned by Mehmet Oz, the celebrity doctor, near the Trump estate, people familiar with the matter said.\n\nLarry Kudlow speaking Thursday at the Mar-a-Lago club in Florida. Photo: Alex Brandon/AP\n\nThe freewheeling transition operation has left even some senior Trump aides in the dark until the last minute about whom the soon to be 47th president might choose to serve in crucial cabinet positions—and when he might announce them.\n\nSome on Trump’s team were caught by surprise, for example, when he announced at a black-tie gala on Thursday night that North Dakota Gov. Doug Burgum , who attended the gala, would be interior secretary. While many of Trump’s aides knew the appointment was coming, they thought it would be made public Friday.\n\nWhen he set out to find his next attorney general, Trump told advisers he was unhappy with his options. As he shuttled back and forth to Washington, he found an alternative: Matt Gaetz , the firebrand and now former Florida Republican congressman who was among the guests on his plane. The decision caught several of his top advisers by surprise.\n\nA spokeswoman for the transition didn’t immediately respond to a request for comment.\n\nWith more than two dozen appointments under his belt, including many top national security jobs, Trump is turning his attention to the positions that will shape his economic agenda.\n\nTrump met with Kudlow this past week at Mar-a-Lago, people familiar with the matter said. Trump’s advisers saw Kudlow as a contender to lead the National Economic Council, a post he previously held during Trump’s first term, and possibly the Treasury Department.\n\nBessent, the founder of the investment firm Key Square Capital Management, is a leading candidate for Treasury secretary alongside the billionaire Cantor Fitzgerald chief executive, Howard Lutnick .\n\nKudlow declined to comment. Bessent and a spokeswoman for Lutnick didn’t respond to requests for comment.\n\nBessent and Lutnick have made aggressive plays to lead the Treasury Department, with their allies making the case for them—and against the other candidate—in public and private. The campaigning has irritated Trump, some of his advisers said, and lengthened the internal deliberations over the job as Trump considers other candidates.\n\nTrump’s team has also discussed Robert Lighthizer , who served as U.S. trade representative during Trump’s first term, and Apollo Global Management Chief Executive Marc Rowan , for high-profile economic roles, including Treasury secretary.\n\nRowan met with Trump in New York before the election to discuss the state of the economy, according to people familiar with the matter. Trump and Rowan haven’t had a meeting since Trump won the election, one of the people said.\n\nSeveral advisers to the president-elect compared the closed-door discussions to a game of musical chairs. Once Trump makes a decision on Treasury, the remaining candidates are likely to be considered for other jobs, including National Economic Council director.\n\nBessent is under consideration for both Treasury secretary and National Economic Council director, according to people familiar with the matter. The director will advise Trump on his expected widespread tariff policy, a pillar of his 2024 campaign.\n\nOn Friday, Trump announced that Karoline Leavitt will serve as White House press secretary. Leavitt was the campaign’s press secretary and was assistant White House press secretary during Trump’s first term. Trump also announced that his chief campaign spokesman, Steven Cheung , will serve as White House communications director.\n\nMeanwhile, Trump is poised to soon announce his choice for commerce secretary. Linda McMahon, the former head of the Small Business Administration, is said by people close to Trump to be the leading candidate for the job, though they added that the decision hadn’t yet been set in stone.\n\nThe transition team has been working with outside firms to vet early front-runners, people briefed on the matter said. Typically, incoming administrations rely on a combination of vetting by their own legal teams and Federal Bureau of Investigation background checks, depending on the seniority of the role.\n\nSome Trump advisers have expressed interest in shunning the typical background check process for obtaining security clearances, run by the FBI and the Pentagon, in favor of a process overseen by the White House. It couldn’t be determined how that approach would work. Nominees requiring Senate confirmation have for decades been subject to FBI background checks.\n\nHoward Lutnick, the chief executive of Cantor Fitzgerald, is a candidate for Treasury secretary. Photo: Christopher Goodney/Bloomberg News\n\nIn the first Trump administration, the FBI background check process got several top officials into trouble. Trump’s personal assistant, John McEntee , was fired in 2018 after being denied a security clearance over financial problems that arose in his background check.\n\nThe background check for Jared Kushner , the president’s son-in-law, dragged on after he initially omitted foreign contacts from a required form to obtain a clearance, drawing scrutiny from congressional Democrats.\n\nWrite to Andrew Restuccia at andrew.restuccia@wsj.com, Vivian Salama at vivian.salama@wsj.com, Brian Schwartz at brian.schwartz@wsj.com and Rebecca Ballhaus at rebecca.ballhaus@wsj.com\n\nThe Trump Transition Insights on the outlook for business, policy and the economy under Trump, selected by the editors Who’s Who in Trump’s Cabinet",
    "published": "2024-11-15"
  },
  {
    "source": "WSJ",
    "title": "How Inflation Ended Neoliberalism—and Re-Elected Trump",
    "summary": "In the 1970s, skyrocketing prices spurred free-market reforms that promoted economic stability. In the 2020s, they fueled Trump’s comeback.",
    "link": "https://www.wsj.com/opinion/how-inflation-ended-neoliberalism-history-policy-economics-politics-elections-79a053a4?mod=Searchresults_pos1&page=69",
    "content": "Inflation is remaking America—again. It looms above all competing explanations for Donald Trump’s comeback. Despite the widespread belief that the worst economic cost of curing inflation—a steep recession—had been avoided, it turned out the political price had yet to be paid.\n\nThe power of inflation to destroy a political establishment emerged clearly in the 1970s, when a decade of rising prices transformed American society and politics. High rates of inflation ushered in an age of neoliberal economic policies focused on free markets, free trade and globalization. Mr. Trump’s election, to be sure, marks a repudiation of this consensus. But ironically, this final break from neoliberalism came because both left and right ignored its signal achievement: decades of stable prices that insulated our fractious democracy from the pressures and strains that today threaten to tear it apart.\n\nJohn Maynard Keynes said the best way to overturn “the existing basis of society” was to debauch the currency—wisdom he attributed to Vladimir Lenin . The 1970s illustrate his point. While the rest of us think of disco, wide ties and Richard Nixon , economists know this decade as “the Great Inflation”—a steady and sustained rise in prices for nearly a decade, at a rate that in some years exceeded 10%. Not coincidentally, the decade also saw the dawning of globalization, financialization, accelerating inequality and a powerful new taxpayer politics, all of which can be traced directly to the rise in prices.\n\nIt was America’s inability to control inflation that shattered Bretton Woods, the postwar currency system that bound the major trading nations together, ushering in a new era of globalization. Central to Bretton Woods were fixed exchange rates and capital controls, both of which gave governments considerable leeway over foreign investment and trade. The system couldn’t hold as the U.S. dollar inflated and lost value. Under Bretton Woods, other governments could trade their dollars for gold, and they did so with increasingly frequency. Fearing the Treasury would run out of the precious metal, Nixon slammed the gold window shut, killing Bretton Woods in the process.\n\nInstead of a managed, regulated currency system, the U.S. and the rest of the world moved to a regime of floating exchange rates, in which currencies traded against one another in global capital markets. Emerging alongside new computing technologies, this new system of fluid currencies accelerated globalization and underwrote the first serious challenges to U.S. manufacturing from abroad.\n\nAt the same time, pervasive inflation meant skyrocketing interest rates, which pushed the economy toward financialization and simultaneously deepened inequality. Because it was easier to earn interest from accumulated capital than reinvest in factories and infrastructure, major corporations turned away from manufacturing and toward financial markets. The CEO of U.S. Steel, once a linchpin of American industry, announced that it “was no longer in the business of making steel” but “in the business of making profits.”\n\nIn 1980 Congress hastened this process, along with sweeping deregulation of the financial system, by passing the Depository Institutions Deregulation and Monetary Control Act. This wasn’t the brainchild of free-market economists or the Reagan administration. Rather, the legislation was signed by Jimmy Carter and drafted in response to complaints from consumer advocates and commercial banks, which chafed against interest-rate caps. They pointed out, and rightly so, that the wealthy were able to benefit from high interest rates by using private banks and sophisticated investment vehicles.\n\nFinancial deregulation in this context was a move toward equality. Yet in the end, financialization mainly benefited financiers. Along with globalization, it pushed the U.S. economy toward the FIRE industries dominated by educated professionals—finance, insurance and real estate—and away from the stable manufacturing jobs that predated inflation’s rise.\n\nCalifornia residents gather in support of Proposition 13, 1978. Photo: Sygma via Getty Images\n\nIn turn, this rising inequality ignited a populist reaction: the tax revolt of the late 1970s, epitomized by California’s Proposition 13 in 1978. This was a fierce new homeowner politics that, like the push for financial deregulation, stemmed from a mismatch between existing policy and the new era of inflation.\n\nProperty taxes in many states tracked assessed value, calculated annually. When prices were steady, these taxes were predictable and manageable. When this tax rose by 7%, 8% or 11% because inflation had driven up home values, the result was rage. Pensioners and retirees, among others, feared the government would tax them out of hearth and home. Shaped into ballot initiatives by conservative political entrepreneurs, this rage fueled a durable political uprising that capped property taxes at a percentage of purchase price. The resulting fall in state revenue would hit education hard, again driving inequality.\n\nSubtly but surely, the ways Americans made a living, managed their economic institutions, traded with other nations, and understood the role of government transformed. The existing basis of society, for many, was overturned.\n\nBut what happened next? After the Great Inflation came what economists call the Great Moderation—roughly 25 years of global price stability, with no major recessions, stretching from the mid-1980s to 2007. The new economic orthodoxy that emerged, which critics called neoliberalism, took inflation as a core concern. To varying degrees, both political parties embraced a standard menu of lower taxes and reduced spending and regulation, while monetary policy took priority over fiscal policy in managing the economy. At the heart of the neoliberal order lay a commitment to low inflation and rules-based monetary policy. Unlike previous eras of American history, financial shocks and crises—of which there were plenty—didn’t cause high inflation or deflation.\n\nThis isn’t how we remember the 1980s, 1990s and early 2000s, because we often focus on the unfolding of the stories that started in the 1970s. We see the rich getting richer and the poor getting poorer, the decline of manufacturing, the birth of a new global economic order. But in the sweep of American economic history, it is a remarkably long period of stability. The disorder and divisions of the late ’60s and the Watergate era subsided, the political system functioned at a level that seems enviable today, and while some economic losses persisted, others were repaired.\n\nYet in recent years, a new elite consensus has emerged that blames neoliberalism for all our social, economic and political problems. Since the 1970s, the story goes, Americans have traded a stable, regulated mixed economy for the Wild West of unfettered capitalism. The essence of this story is true: The 1970s did inaugurate a new economic era that rewired the existing basis of society through globalization, financialization and the rise of conservative economic populism. Yet rarely does this story grapple with inflation, the fundamental cause of neoliberalism’s rise and many of the changes it wrought.\n\nIt’s tempting to leave inflation out of this story because the lessons it offers often aren’t ones we want to hear. For one thing, inflation can be ignited by government spending, as the Covid-19 era demonstrates. When we like the reasons we’re spending or regard it as necessary, we don’t want to hear about the negative consequences. Moreover, fighting inflation is painful. What broke the back of the Great Inflation was the Volcker shock—the 1982 recession caused by Federal Reserve Chairman Paul Volcker ’s deliberate policy of setting interest rates high enough to reset the price level and end the cycle of inflationary expectations. Along the way, unemployment reached Depression-era levels in key industries, and many never recovered. This is the worst-case scenario today’s Fed sought to avoid at all costs.\n\nYet in the early years of the pandemic, policymakers brushed aside concerns about emerging inflation as a relic of the past, perhaps believing they were in a new world where the old lessons didn’t apply. Because neoliberalism is so often framed as a failure by both left and right, few stop to consider why new ideas and approaches to the economy emerged after the 1970s, why they lasted so long, and what they may still have to offer. With Milton Friedman vilified as an arch-neoliberal, few noticed that pandemic relief programs approximated what he called a “helicopter drop”—a policy intended to create inflation. That isn’t to say relief payments were unjustified, and Friedman would likely have supported some of them. But they were undertaken with little sense of their potential downside, economically or politically.\n\nThat inflation came down without a recession is a triumph for economic policy; that it emerged at all is a failure of both economics and politics. Although he has inflation to thank for his victory, Mr. Trump shows little understanding of its dynamics. Many of his proposed policies may reignite the price rises he promised to cure, and the rise in year-over-year consumer-price inflation to 2.6% in October is a warning sign. Yet whether inflation sparks again or recedes, leaving Mr. Trump’s election as its only legacy, one thing is sure: We are standing at the precipice of another great social and political transformation—because money matters, even when we wish it didn’t.\n\nMs. Burns is an associate professor of history at Stanford, a research fellow at the Hoover Institution and author of “Milton Friedman: The Last Conservative.”\n\nWonder Land: In 2016 they lay down in the street to stop traffic. In 2024 they had cookies and milk. Photo: Brian Snyder/Reuters/Mark Wilson/Getty Images",
    "published": "2024-11-15"
  },
  {
    "source": "WSJ",
    "title": "The Man Expected to Lead Germany Is Ready to Strike Deals With Trump",
    "summary": "If elected chancellor, Friedrich Merz would face a sputtering economy and the prospect of fresh U.S. tariffs",
    "link": "https://www.wsj.com/world/europe/the-man-preparing-to-lead-germany-is-ready-to-strike-deals-with-trump-914e4396?mod=Searchresults_pos8&page=159",
    "content": "A win in February’s general election would give Friedrich Merz the daunting task of rebuilding a German economy that hasn’t grown since 2019.\n\nBERLIN—There is one thing Friedrich Merz ’s friends and foes agree on: The man is impatient. So impatient that he occasionally flies himself to private meetings in his own plane, according to an aide.\n\nDespite that, he has waited nearly 20 years for his chance to lead Germany. Now the stars appear to be finally aligning for the hobby pilot to get that chance.\n\nThe center-right Christian Democratic Union, which Merz has chaired for the past two years, is far ahead of its rivals in opinion polls. Barring a huge upset, the 69-year-old is on track to become chancellor after the general election in February—seven months ahead of schedule because of the collapse of Chancellor Olaf Scholz ’s strife-ridden coalition.\n\nA win would give Merz the daunting task of rebuilding a German economy that hasn’t grown since 2019. And it would establish him as Europe’s main counterpart to U.S. President-elect Donald Trump.\n\n“When a president and a chancellor begin their terms at about the same time, it’s a clean slate and a good opportunity to improve the relationship,” said Jens Spahn , a senior CDU lawmaker, former minister and member of Merz’s leadership team.\n\nA Roman Catholic from Germany’s industrial Rust Belt, Merz became a German lawmaker three decades ago. He left politics in 2009 for a business career that made him a multimillionaire and the owner of a Diamond DA42 propeller plane, which he learned to fly.\n\nA lawyer by training, he was a partner at law firm Mayer Brown and later chairman of BlackRock Germany. He served stints on the boards of some of Germany’s largest companies: Commerzbank, chemical giant BASF, Deutsche Börse and others.\n\nMerz was his party’s parliamentary leader but lost the job in 2002 to Angela Merkel. Photo: Kay Nietfeld/Zuma Press\n\nHis private-sector experience and wealth would make him an unusual chancellor. The country’s previous leaders were mostly career politicians or hailed from modest backgrounds.\n\nAs chancellor, Merz’s priority would be to establish a good rapport with Trump. Scholz hosted President Biden in Berlin days before the election and trumpeted his friendship with the departing U.S. leader. Merz doesn’t carry such baggage.\n\nA former chairman of Atlantik-Brücke, an organization that promotes U.S.-German relations, Merz even met Trump many years ago when he was still a property developer, according to his spokesman.\n\nMerz didn’t speak publicly then about his impression of Trump. But in a radio interview days before the 2016 U.S. election, Merz called Trump’s debate performance against Hillary Clinton “completely out of control.” On Jan. 6, 2021, he tweeted: “Trump, it seems, isn’t a democrat.”\n\nNewsletter Sign-up What’s News Catch up on the headlines, understand the news and make better decisions, free in your inbox daily. Enjoy a free article in every edition. Preview Subscribed\n\nSome Republicans now close to Trump have said worse things about him in the past, and Merz has been circumspect about Trump since. In an interview this week, he said he would aim to strike mutually advantageous trade and defense deals with the incoming president.\n\n“I have a long business experience with the U.S. I think I can understand how Americans work,” he told Stern magazine. “I observe Trump. I speak with many people who know him very well.”\n\nGermany has much to lose from a Trump plan to impose 10% to 20% tariffs on most U.S. imports. The embattled economy is highly dependent on exports.\n\nMerz would approach the U.S. administration immediately after his election with offers for deals on tariffs and defense, said Spahn, who attended the Republican convention this summer.\n\nTrump’s team “won’t be swayed by talk alone, but they are open to deals and they respect economic strength,” said Spahn.\n\nHe and others close to Merz said he would also coordinate his outreach closely with Germany’s European partners inside and outside the European Union—something Scholz was often criticized for neglecting.\n\nMerz at a political event in Germany. Photo: Sebastian Willnow/Zuma Press\n\nFixing Germany’s broken economy will be the next chancellor’s biggest challenge.\n\nHigh costs, flagging global demand and increased competition from China have hurt German manufacturers, which have seen their output drop continuously since 2017. Many have announced big job cuts. Unemployment, though still low, is beginning to rise.\n\nPublicly, Merz has been more critical of China than Scholz and Merkel. He has urged German companies to reduce their dependence on the world’s second-largest economy. Beijing is “behaving increasingly repressively at home and aggressively abroad. China is becoming a serious threat to our security,” he told a German newswire in April.\n\nWhile Scholz called for bailouts and subsidies to save jobs and prop up struggling carmakers, Merz wants lower taxes, less bureaucracy and measures that would make it cheaper for businesses to reach Berlin’s climate goals. The country’s largest business organizations have said they prefer his pitch.\n\nA fiscal conservative, he has defended the country’s strict spending rules, which left-of-center parties would like to suspend to unleash more spending. But Merz has also signaled openness to reforming those rules in a way that would favor investments over welfare spending.\n\nOne question mark hanging over Merz’s prospects is his temper. Some critics see his impulsiveness as his worst enemy. A civil servant who worked in parliament in the 1990s says Merz would often lose his cool and say things he later regretted.\n\nSome of these outbursts have been public. Last year, he faced a backlash after saying on a talk show that rejected asylum seekers were “sitting at the doctor, having their teeth redone, while German citizens can’t even get an appointment.” He has apologized for saying that some unemployed Ukrainian refugees in Germany were engaging in “social tourism.”\n\nA spokesman for Merz disputed that he is known for losing his temper. Merz told a German podcast earlier this year that he was sometimes prone to exaggerations but he found comments about his lack of self-control unfair. He said people who describe him as overly impulsive don’t really know him.\n\nAs parliamentary leader, he has reached out to rivals and brought them into his leadership team. “Merz is an engaged listener, but he’s also a leader. He’s interested in what others think, but he also knows decisions must be made,” said Spahn. “People want political leadership and that’s what he stands for.”\n\nDespite his private-sector background, Merz is anything but a political novice. A CDU member since 1972, he was elected to the European Parliament in 1989 and to the German parliament in 1994. He later rose to become the party’s parliamentary leader but lost the job in 2002 to Angela Merkel after a yearslong power struggle.\n\nMerz, left, meets with German President Frank-Walter Steinmeier, center, in Berlin. Photo: Clemens Bilan/Press Pool\n\nThis history contributed to his image as a political figure of the past. So did his positions when they were unfashionable in Germany in the early 2000s. He is pro-business, advocates for small government and lower welfare spending as well as strong military and security services, and he wants to reduce immigration.\n\nBy the time he returned to politics in 2018, the CDU was in the throes of a backlash against Merkel’s centrist chancellorship, during which she banned nuclear power, ended military conscription, increased welfare benefits and welcomed nearly two million refugees into the country.\n\nSince his return to politics and election as CDU chairman, Merz has pulled the party back to the right. This has energized the base and boosted the CDU’s ratings by 10 points to around 34%.\n\nMerz’s ascent to the chancellery isn’t a done deal. One obstacle is his personal popularity, which lags behind that of his party. A Forsa Institute poll for broadcasters RTL and NTV published this month showed a quarter of respondents would want to have him as chancellor, 10 points behind center-left Defense Minister Boris Pistorius , now Germany’s most popular politician.\n\n“I don’t know if Merz has changed, but voters haven’t changed their minds about Merz,” said Manfred Güllner, president of Forsa. “They still see him as competent but unsympathetic.”\n\nIn the German system, parties, not people, compete in the general elections. Still, given the government’s unpopularity, the CDU should be more popular, Güllner said. Should the SPD dethrone Scholz and field Pistorius as their candidate, Merz might not sail into the job so easily.\n\nAnd even if his party wins, his staunch rejection of any alliance with the nativist AfD means he would need to enter a coalition with at least one center-left group, maybe two, to secure a parliamentary majority.\n\nThe man who can’t wait would have to reach compromises, make concessions and rule by consensus to keep his government together—something his U.S.-centric business career might not have prepared him for.\n\nWrite to Bertrand Benoit at bertrand.benoit@wsj.com",
    "published": "2024-11-15"
  },
  {
    "source": "WSJ",
    "title": "The ‘Drill, Baby, Drill’ Mining Magnate Cozying Up to Trump",
    "summary": "Billionaire Gina Rinehart is investing in U.S. mining assets and wants to bring MAGA ideals to Australia",
    "link": "https://www.wsj.com/business/gina-rinehart-donald-trump-elon-musk-mining-df134697?mod=Searchresults_pos2&page=147",
    "content": "Gina Rinehart, in a hat that reads ‘Reliable electricity lovers for Trump,’ poses with Tiffany Trump at a Halloween party this year at Mar-a-Lago.\n\nIn rooms of sequins, blond hair and red MAGA hats, Gina Rinehart still manages to stand out at Donald Trump’s Mar-a-Lago parties.\n\nOn Halloween, the mining magnate was photographed at the Palm Beach, Fla., club in a wide-brimmed red hat with a “Drill, Baby, Drill” sign draped around her neck, posing with Trump’s youngest daughter, Tiffany Trump . Five nights later, Rinehart was back at Mar-a-Lago—this time in a white ball gown and Trump brooch—to watch the U.S. presidential election results and eventually celebrate her host’s victory.\n\nThe next day, Australia’s richest person got a coveted sit-down with Elon Musk, a newly influential figure in Trump’s orbit—and one of just several dozen people on the planet with more money than her. Rinehart said in a statement that they discussed issues pertinent to the U.S. and Australia: free speech and the need to cut both government waste and national debts.\n\nRinehart’s enthusiastic embrace of Trump, and her efforts to export many of the MAGA ideals to Australia, is the latest twist in a life marked at various turns by pugnaciousness and generosity.\n\nAt home in Australia, where Rinehart primarily lives on the west coast in Perth, she is a polarizing figure. The executive chairman of closely held Hancock Prospecting is seen as an icon by many in the mining sector, particularly women. She rarely gives interviews, often has bodyguards and is known for being skeptical of outsiders. But she’s also game for a fight.\n\nNow 70 years old, Rinehart famously tangled in court for a decade with her father’s third wife and onetime maid over his estate. Rinehart accused her stepmother of somehow being responsible for her father’s death, a claim rejected by the findings of an inquest. She is in a long-running legal dispute with two of her four children over their rights to valuable mining assets.\n\nCalculations of Rinehart’s wealth vary. The Bloomberg Billionaires Index estimates her net worth is around $18 billion, while Forbes pegs it at roughly $30 billion.\n\nGina Rinehart and Elon Musk talked at Mar-a-Lago the day after the U.S. election. Photo: Hancock Prospecting\n\nA spokesman for Rinehart said she wasn’t available for an interview.\n\nRinehart’s father, Lang Hancock, is widely credited with discovering a bounty of iron ore in the Pilbara—a thinly populated region of Western Australia—in the 1950s. Today, half the world’s iron-ore exports come from that region.\n\nA legendary and controversial figure in Australian business, Hancock once considered using nuclear bombs as a cheap way to blast open mines in the Outback. His reputation was tarnished by remarks that drugs should be used to sterilize some mixed-race indigenous people.\n\nTensions between Rinehart and her father spiraled for a time. In letters between the two that later became public in court, she told him he had become a laughingstock. He called her slothful and vindictive.\n\nRinehart, who spent part of her childhood on a cattle and sheep station in the Australian Outback, took over Hancock Prospecting after his death in 1992 and built it into Australia’s top closely held company by revenue. Her interests now span mining, energy, retail, agriculture and real estate.\n\nRinehart—or Mrs. R, as many of those closest to her say—typically shuns bankers and is closely involved in every deal or investment her company makes, say people who have done business with her. In a rare attempt to draw attention, several years ago she had many of her company’s locomotives and dump trucks painted pink, in a tribute to breast-cancer patients and research.\n\nShe is currently pouring billions into a broad suite of bets on energy and critical minerals including lithium and rare earths, staking a claim to commodities expected to be in demand as the world decarbonizes and electrifies and as the West seeks to diversify supply chains away from China.\n\nRinehart began investing in Brazilian Rare Earths, a company developing a very high-grade deposit, before it went public in Australia late last year. Her holding has been an invaluable stamp of approval, says Chief Executive Bernardo da Veiga. Other investors “look at it and say ‘Well, you know, she’s in there. There must be something to it.’ And it just differentiates yourself from others.”\n\nShe has also single-handedly thwarted deals in the mining industry. Last year, Hancock built a nearly 20% stake in Australian lithium company Liontown Resources, spoiling a plan by Charlotte, N.C.-based Albemarle to buy that business.\n\nNow she appears to be establishing more of a beachhead in the U.S. She took a meaningful stake earlier this year in MP Materials, a Nevada-based mining company that develops rare earths from an operation in California, and recently boosted it to more than 8%.\n\nPink trucks owned by Hancock Prospecting at its Roy Hill operation in 2016. Photo: Hancock Prospecting\n\nRinehart’s U.S. ties go back even further. Her second husband, the late Frank Rinehart, was an American lawyer 37 years her senior. They married in Las Vegas and she lived with him and her children in the U.S. for a time in the 1980s. Last year, companies linked to Rinehart’s family were behind two property purchases in Florida.\n\nWhen she does speak publicly, Rinehart tends to advocate pro-business policies and inherited her father’s knack for stoking outrage.\n\nIn 2012, she questioned how miners in Australia could compete with those in Africa, where people, she said, were willing to work for less than two Australian dollars a day. Labor unions called her “out-of-touch and coldhearted.”\n\nRinehart has also encouraged Australians to spend less time drinking and socializing, and more time working.\n\nThis year, she received a lifetime achievement award from the Atlas Society, which promotes the philosophies of Ayn Rand. In a recorded interview for the award ceremony, Rinehart said she first read Rand’s “Atlas Shrugged” when she was 13. “The values that were in that book—I haven’t shied from,” she said.\n\nThose close to her say she’s magnanimous. She is known to randomly hand out gifts of 100,000 Australian dollars, roughly $61,300, to employees at Christmas or on her birthday.\n\nShe is a key benefactor for Australia’s Olympic athletes, most notably its storied swimming program, and hosted some of the country’s medalists on a luxury glass-topped riverboat on the River Seine during the Paris Games this year. One Australian swimmer called her an almost “godmother figure.”\n\nRinehart emerged as a supporter of Trump during his first run at the White House, toasting his ambition to cut taxes and reduce what he sees as overregulation—policies she has long campaigned for Down Under.\n\nGina Rinehart, center, sat with Australia’s former Liberal Party vice president, Teena McQueen, left, and U.K.’s Brexit cheerleader Nigel Farage, right, on election night this year at Mar-a-Lago. Photo: Hancock Prospecting\n\n“I think Gina would regard Donald Trump as what the world has been waiting for,” said Michael Yabsley, a former Liberal politician who worked for Rinehart in the late 1990s.\n\nOn election night this year, Rinehart was seated with Toni Holt Kramer, a founder of Trumpettes USA. Together they watched the returns roll in. Nigel Farage, the U.K.’s Brexit cheerleader, and Australia’s former Liberal Party vice president, Teena McQueen, also sat with Rinehart.\n\nRinehart and Holt Kramer met around 2018, during Trump’s first term in the White House. Rinehart flew in for her husband’s birthday party a few years ago, and they have seen each other in Palm Beach. “She is a unique woman who sees things, not the way they are—the way they should be,” Holt Kramer said. “She’s very bold and very, very brave and very, very strong, and she really wants the best for Australia.”\n\nIn remarks sent after the election to various media outlets, Rinehart congratulated Trump, saying: “I do hope Australia watches you and learns as they see that cutting government tape, cutting taxes and cutting government wastage lifts people up, and lifts living standards.”\n\nWhere the two disagree are tariffs. Rinehart has stressed her own longstanding opposition to tariffs, while Trump has proposed to aggressively raise them.\n\nShe has long warned of dark days ahead for Australia unless it lowers taxes and reduces red tape to make it easier for companies to operate. Australia, where it is compulsory to vote, is due for its own national elections next year.\n\n“In the U.S., the super-rich are celebrated. The American Dream champions talent, drive and immigration success stories,” said Richard Gannon, a resources-industry adviser and former investment banker. “This resonates with Mrs. Rinehart, because it too is her own family origin story.”\n\nGina Rinehart, dressed in black, attended a Trump rally in Virginia with James Radford, Sam Bjelke-Petersen and Teena McQueen. Photo: Hancock Prospecting\n\nKatherine Clarke contributed to this article.",
    "published": "2024-11-15"
  },
  {
    "source": "WSJ",
    "title": "Nissan Becomes Activist Investor’s Next Prestigious Japanese Target",
    "summary": "Effissimo Capital Management’s stake comes as carmaker plans sweeping restructuring and cost cuts",
    "link": "https://www.wsj.com/business/autos/nissan-motor-becomes-activist-investor-effissimos-next-prestigious-japanese-target-bc492285?mod=Searchresults_pos1&page=185",
    "content": "One of the most prolific activist investors in Japanese companies is targeting Nissan Motor 7201 5.95 %increase; green up pointing triangle , setting up a corporate standoff that investors hope will translate into a higher stock price.\n\nSingapore-based Effissimo Capital Management early this week said it has built a stake in Nissan, days after the carmaker unveiled sweeping restructuring and cost-cutting efforts and in the wake of months of share-price declines.\n\nShares in Nissan soared on news of the stake, rising more than 20% at one point on Tuesday. They rose again on Friday when Japanese magazine Diamond reported that another activist investor, Oasis Management, has also bought Nissan stock. Oasis didn’t immediately return a request for a response, while Nissan declined to comment.\n\nStill, Nissan’s stock is down more than 20% for the year, lagging Toyota Motor and Honda Motor.\n\nEffissimo is known for often taking large stakes in prestigious Japanese companies—which are seen as insulated from public criticism—and shaking things up. An investigation proposed by the firm at a Toshiba shareholders’ meeting in 2021 led to a board overhaul before the industrial giant was taken private last year.\n\nNissan last week revealed a restructuring plan that includes cutting 9,000 jobs globally and reducing its global production capacity by a fifth. It lowered vehicle-sales forecasts for all major markets, particularly in China and North America, two of its biggest markets. The company has been struggling with weak sales in recent months, especially in China, where a price war and a surge of local electric-vehicle offerings have hit foreign brands.\n\nThe carmaker’s stock also fell in July after disappointing first-quarter results.\n\nEven before the earnings-related drop, the company’s shares had been under pressure amid worry about a consumer shift away from fully electric vehicles, a product the company had bet big on. After a global boom in EV sales, fired up in part by the popularity of Elon Musk’s Tesla and others, consumers in Europe and the U.S. have pulled back over their generally high price tags and the still-uncertain build-out of charging infrastructure.\n\nNissan is also navigating a partial weakening of its once-powerful alliance with French peer Renault and Japan’s Mitsubishi Motors. The bond between Nissan and Renault has frayed in recent years following the legal fallout from the arrest in Japan in 2018 of Carlos Ghosn, the alliance’s former chairman and chief executive.\n\nRenault last year reduced its ownership stake in Nissan. The Japanese carmaker last week said it would sell down its shareholding in Mitsubishi Motors and has said it is studying potential collaboration with Honda Motor on electric cars, core components and software.\n\nAmid those headwinds, Effissimo made its move.\n\nNissan on Monday said a trustee of ECM Master Fund was its fifth-biggest shareholder with a 2.5% stake as of the end of September. ECM Master Fund is managed by Effissimo. A representative for Effissimo has confirmed that it invested in Nissan, but has declined to comment further.\n\nEffissimo already held a 30% stake in Nissan Shatai, Nissan’s specialty- and commercial-vehicle unit.\n\nEffissimo is one of the most prominent activist investors in the Japanese market and is led by Japanese executives who have adopted Western practices, such as seeking operational changes or board representation. The firm’s moves are followed closely by other investors and news that it has taken stakes in companies often triggers buying by others in hopes that the companies will carry out changes that are favorable to shareholders.\n\nSome analysts say the market may be overly pessimistic about Nissan, potentially giving Effissimo an easy win. Fumio Matsumoto, chief strategist at Okasan Securities, said Nissan’s earnings may improve going forward as the company slashes costs and introduces new models.\n\n“[Effissimo] may have thought there might be good opportunities to sell the shares” down the road, Matsumoto said.\n\nNissan has said it appreciates “all existing and new shareholders that support and believe in the future potential of Nissan.”\n\nActivist investors, once shunned by Japanese management, have gained more mainstream recognition over the years as the government presses companies to communicate better with investors as part of efforts to spur investment in Japan and revitalize the market. Financial regulators, meanwhile, have been pushing for companies to include more independent directors, exposing corporate management to more outside influence.\n\nAt Toshiba, one of Effissimo’s highest-profile investments, it unsuccessfully sought board seats for its founder and executive director Yoichiro Imai and two other individuals. It then proposed an investigation to look into whether the shareholders’ meeting was conducted fairly. The report issued as a result of the investigation alleged Toshiba collaborated with Japan’s Ministry of Economy, Trade and Industry to block foreign shareholders from gaining board influence.\n\nToshiba and the ministry declined to comment in detail on the report’s allegations at the time. Toshiba said at the time that it would use the lessons of the report to enhance transparency, while the head of METI said it was acceptable for government officials to talk to companies about national-security implications of shareholder actions.\n\nEffissimo has also invested in companies like major shipper Kawasaki Kisen and insurer Dai-ichi Life Holdings.\n\nRyuhei Uchida, an Effissimo director and critic of some of Kawasaki Kisen’s management decisions, joined the shipper’s board in 2019 following a deterioration in its earnings. Kawasaki Kisen’s earnings have since improved, backed by the strength in its container-shipping business.\n\nWrite to Kosaku Narioka at kosaku.narioka@wsj.com\n\nThe EV Transition More coverage of the auto industry's challenging shift, selected by the editors",
    "published": "2024-11-15"
  },
  {
    "source": "WSJ",
    "title": "wsj.com",
    "summary": "",
    "link": "https://www.wsj.com/science/are-you-brave-enough-to-pick-up-your-rooster-60209976?mod=Searchresults_pos14&page=143",
    "content": "",
    "published": "2024-11-15"
  }
]