[
  {
    "source": "WSJ",
    "title": "Cost of Buyer Incentives Looms Over Home Builders",
    "summary": "Profit margins are under pressure as companies lean on incentives to stimulate demand",
    "link": "https://www.wsj.com/business/cost-of-buyer-incentives-looms-over-home-builders-dc3d174c?mod=Searchresults_pos13&page=124",
    "content": "Lower-rate loans and other incentives have helped the biggest home builders sell new houses at a decent clip this year, even as stubbornly high mortgage rates weigh on sales of existing homes.\n\nA drop in profit posted late Wednesday by Lennar, however, shows how dependence on those incentives comes with a cost that threatens to drag on home builders into the new year amid fading prospects of lower interest rates. Lennar said the average price of each home sold slipped about 2.5% in the quarter, denting profit margins.\n\n“The shortfall in margin resulted from increased incentives on homes sold and delivered within the quarter,” said Stuart Miller , co-chief executive, on a call with analysts Thursday.\n\nLennar, which didn’t respond to requests for additional comment, has leaned on incentives, such as rate buy-downs and other closing cost reductions, at higher levels in 2024 than in the prior year. Sales incentives as a percentage of revenue were 10.1% through the first three quarters of fiscal 2024, up from 8.6% in 2023, according to a securities filing. During the fourth quarter, sales incentives rose to 10.8%.\n\nThe reliance on incentives mirrors that of other home builders. Given historically high mortgage rates, and a resale market with few options as homeowners stay put while handcuffed to rates below 4%, incentives have been necessary to stimulate demand.\n\nLuxury home builder Toll Brothers last week said it increased its use of incentives in response to market softness in September and October amid high mortgage rates and election uncertainty. KB Home in September said third-quarter margins were slightly lower than in the prior two quarters, though it said it expected the metric to improve in the fourth quarter—if it can pull back on incentives. PulteGroup in October said it expected its margins to narrow sequentially going into the fourth quarter, in part reflecting a need to boost incentives.\n\n“We expect incentives to remain elevated for at least the remainder of the year,” PulteGroup Chief Financial Officer Bob O’Shaughnessy said following the release of the company’s third-quarter results.\n\nDespite the pressure on margins, the incentives have worked, helping the biggest home builders sell houses while the existing-home market has languished. Sales of existing homes began to decline in January 2022 and have stayed low since the Federal Reserve raised interest rates to combat inflation. Although sales of existing homes made their biggest year-over-year gain in three years in November, they remain on track to hit their lowest level since 1995, data released Thursday show.\n\nSales of newly constructed homes have fared better, though they account for a small percentage of the total market. In 2024, they have at times jumped month over month with occasional retreats, echoing similar trends seen last year.\n\nThe question looming over builders in 2025 will be to what degree incentives will be necessary. In recent months, some speculated that buyer-friendly offers could wind down as mortgage rates settle and potentially come down. Such chances are now weaker after the Fed on Wednesday signaled greater doubt over how much it would continue to cut interest rates going forward following its latest reduction.\n\nAdding to the broader uncertainty are some of President-elect Donald Trump’s economic proposals, including broad tariffs and a crackdown on immigration, that will ripple through the housing and construction markets.\n\nChallenges and uncertainty in the housing market may necessitate home builders to keep leaning on incentives even at the expense of margins in the short term. But Lennar, for one, still sees room for growth in the long term.\n\n“We remain confident that the current volatility driven by affordability and interest rates will subside, [and] demand will adapt to a new normal,” Miller on the call. “Volume will continue to help reduce our cost structure and incentives will normalize and margins will normalize.”\n\nWrite to Denny Jacob at denny.jacob@wsj.com",
    "published": "2024-12-25"
  },
  {
    "source": "WSJ",
    "title": "Cost of Buyer Incentives Looms Over Home Builders",
    "summary": "Profit margins are under pressure as companies lean on incentives to stimulate demand",
    "link": "https://www.wsj.com/business/cost-of-buyer-incentives-looms-over-home-builders-dc3d174c?mod=Searchresults_pos19&page=123",
    "content": "Lower-rate loans and other incentives have helped the biggest home builders sell new houses at a decent clip this year, even as stubbornly high mortgage rates weigh on sales of existing homes.\n\nA drop in profit posted late Wednesday by Lennar, however, shows how dependence on those incentives comes with a cost that threatens to drag on home builders into the new year amid fading prospects of lower interest rates. Lennar said the average price of each home sold slipped about 2.5% in the quarter, denting profit margins.\n\n“The shortfall in margin resulted from increased incentives on homes sold and delivered within the quarter,” said Stuart Miller , co-chief executive, on a call with analysts Thursday.\n\nLennar, which didn’t respond to requests for additional comment, has leaned on incentives, such as rate buy-downs and other closing cost reductions, at higher levels in 2024 than in the prior year. Sales incentives as a percentage of revenue were 10.1% through the first three quarters of fiscal 2024, up from 8.6% in 2023, according to a securities filing. During the fourth quarter, sales incentives rose to 10.8%.\n\nThe reliance on incentives mirrors that of other home builders. Given historically high mortgage rates, and a resale market with few options as homeowners stay put while handcuffed to rates below 4%, incentives have been necessary to stimulate demand.\n\nLuxury home builder Toll Brothers last week said it increased its use of incentives in response to market softness in September and October amid high mortgage rates and election uncertainty. KB Home in September said third-quarter margins were slightly lower than in the prior two quarters, though it said it expected the metric to improve in the fourth quarter—if it can pull back on incentives. PulteGroup in October said it expected its margins to narrow sequentially going into the fourth quarter, in part reflecting a need to boost incentives.\n\n“We expect incentives to remain elevated for at least the remainder of the year,” PulteGroup Chief Financial Officer Bob O’Shaughnessy said following the release of the company’s third-quarter results.\n\nDespite the pressure on margins, the incentives have worked, helping the biggest home builders sell houses while the existing-home market has languished. Sales of existing homes began to decline in January 2022 and have stayed low since the Federal Reserve raised interest rates to combat inflation. Although sales of existing homes made their biggest year-over-year gain in three years in November, they remain on track to hit their lowest level since 1995, data released Thursday show.\n\nSales of newly constructed homes have fared better, though they account for a small percentage of the total market. In 2024, they have at times jumped month over month with occasional retreats, echoing similar trends seen last year.\n\nThe question looming over builders in 2025 will be to what degree incentives will be necessary. In recent months, some speculated that buyer-friendly offers could wind down as mortgage rates settle and potentially come down. Such chances are now weaker after the Fed on Wednesday signaled greater doubt over how much it would continue to cut interest rates going forward following its latest reduction.\n\nAdding to the broader uncertainty are some of President-elect Donald Trump’s economic proposals, including broad tariffs and a crackdown on immigration, that will ripple through the housing and construction markets.\n\nChallenges and uncertainty in the housing market may necessitate home builders to keep leaning on incentives even at the expense of margins in the short term. But Lennar, for one, still sees room for growth in the long term.\n\n“We remain confident that the current volatility driven by affordability and interest rates will subside, [and] demand will adapt to a new normal,” Miller on the call. “Volume will continue to help reduce our cost structure and incentives will normalize and margins will normalize.”\n\nWrite to Denny Jacob at denny.jacob@wsj.com",
    "published": "2024-12-25"
  },
  {
    "source": "WSJ",
    "title": "Exclusive | The Big Companies Funding Trump’s Inauguration Despite Denouncing Jan. 6",
    "summary": "The second Trump inaugural fund is on track to be the most lucrative yet",
    "link": "https://www.wsj.com/business/trump-inauguration-sponsors-large-company-donations-a3cc1b92?mod=Searchresults_pos15&page=127",
    "content": "Four years ago, dozens of companies denounced the invasion of the U.S. Capitol and pledged to withhold support from those who disputed the 2020 election results. Now, many of those companies are lining up to fund Donald Trump’s inauguration.\n\nThe Wall Street Journal has identified at least 11 companies and trade associations that are backing the inauguration, which is on track to bring in a record fundraising haul, after earlier pledging to suspend or reconsider political-action committee donations after Jan. 6, 2021.\n\nFord, Intuit, Toyota and the Pharmaceutical Research and Manufacturers of America are each giving $1 million. Other major donors that made Jan. 6-related pledges include Goldman Sachs, General Motors, Bank of America, AT&T and Stanley Black & Decker.\n\nFor Goldman Sachs, Intuit, Toyota and PhRMA, this marks the first time in at least a decade that they are supporting an inauguration fund.\n\nNewsletter Sign-up WSJ Politics & Policy Scoops, analysis and insights driving Washington from the WSJ's D.C. bureau. Preview Subscribed\n\nAfter Trump supporters invaded the Capitol in 2021 to protest the results of the presidential election, dozens of companies vowed to rethink their political contributions going forward. Some paused all donations. Others suspended donations to any lawmaker who voted against certifying the 2020 electoral college results. Some simply promised to factor integrity into their donation decisions going forward.\n\nNow, as corporate executives hurry to make inroads with an incoming president whose agenda will have sweeping ramifications for the business world, many of those pledges are a thing of the past.\n\nMost of the companies didn’t comment on the reason for their donation, though some noted that they had given to inaugurations for decades regardless of party. Toyota pointed to a 2022 statement in which it said it was resuming PAC donations but wouldn’t support those who incite violence. A PhRMA spokesperson said the company had “announced a pause on our giving at the time and then subsequently added new criteria to guide our contributions.”\n\nCorporate executives have been flocking to Mar-a-Lago, Trump’s Florida resort, in the weeks since the election to meet with the president-elect and his team, in the hopes that building a relationship could make the incoming administration friendlier to their causes. Trump has met with the chief executives of Meta Platforms, Amazon, Google, Pfizer, Eli Lilly and others in recent weeks.\n\nInauguration officials have told fundraisers that they are on track to raise more than the $107 million they brought in for Trump’s first inauguration. President Biden’s inauguration, in contrast, raised $61 million. Trump’s 2017 inaugural fund received donations of $1 million or more from 18 companies, and this year’s fund is on track to outpace that, people familiar with the fundraising said. The Journal has identified 13 companies that gave $1 million or more so far.\n\nDonors who give $1 million or raise $2 million from others receive six tickets to a series of events in the days leading up to the inauguration, including a reception with cabinet appointees, a “candlelight dinner” with Trump and Melania Trump and a black-tie ball.\n\nTrump aides have said that the fundraising isn’t even really about drawing in money anymore: It is a means for extracting a mea culpa from corporate America for its shunning of Trump. One Trump aide rolled his eyes about tech billionaires “making a pilgrimage to Mar-a-Lago” and cutting $1 million checks for the inauguration as if that would patch up prior offenses.\n\nWhile many companies that paused donations after Jan. 6 had since resumed their giving—including to lawmakers who objected to the 2020 election results—the rush to fund the inauguration is a sign of how far corporate America has swung in anticipation of Trump’s return to the White House.\n\n“People just really want to move forward and move on. The election results were very clear,” said a representative at one of the companies that is changing course and contributing to the inauguration.\n\nAfter Trump supporters invaded the Capitol in January 2021, dozens of companies vowed to rethink their political contributions. Photo: Roberto Schmidt/AFP/Getty Images\n\nConsultants have been advising companies that it is in their interests to support the inauguration and secure a meeting with Trump. “The old saying is, if you’re not at the table, you’re on the menu,” said Kevin Madden , a longtime Republican strategist who said he advises his corporate clients to be proactive in getting involved in policy discussions. “There’s going to be a lot of work being done in 2025 and 2026, and the process starts now.”\n\nThe president-elect appears to be reveling in the outreach. “EVERYBODY WANTS TO BE MY FRIEND!!!” he posted on Truth Social last week.\n\nSome Republican strategists have also been instructing companies to scrub their websites and corporate policies of language that favors Democrats—including pledges they made to pause donations after Jan. 6. Some companies’ news releases in the wake of the invasion of the Capitol are no longer online, including a letter from then-Stanley Black & Decker CEO Jim Loree condemning the invasion of the Capitol and vowing to “use our voice to advocate for our democracy and a peaceful transition of power.”\n\nStanley Black & Decker said it is donating $1 million, a major increase from the $25,000 it gave to Trump’s first inauguration.\n\nMany of the companies donating to the inauguration stand to see their industries substantially affected by the incoming administration. They range from automakers like Toyota that would be affected by new tariffs, to pharmaceutical interests that are unnerved by Trump’s selection of Robert F. Kennedy Jr. to lead the Department of Health and Human Services, to Big Tech companies that Trump allies have accused of censorship and monopolistic behaviors.\n\nThe cryptocurrency trading platform Kraken donated $1 million, a spokeswoman said. Kraken Chairman Jesse Powell and CEO Arjun Sethi met with Trump throughout the campaign and have met with him since the election. Among the priorities they discussed: ending “regulations by enforcement” and ending the refusal by some banks to take crypto companies and their founders.\n\nCryptocurrency-exchange platform Coinbase, whose CEO met with Trump last month, donated $1 million to the inauguration. Kara Calvert , Coinbase’s vice president for U.S. policy, said the company committed to backing Trump’s transition and inauguration before the election and said the company is “eager to work with the most pro-crypto administration in U.S. history.”\n\nTrump has vowed to ease the regulatory burden on crypto, and the crypto world is hoping that he and Congress will deliver on the industry’s longstanding goal of getting rules that treat it differently from Wall Street. Eric Trump earlier this month retweeted a meme after the election of a bitcoin flag flying over the White House.\n\nIntuit, the tax-software maker, is donating $1 million to the fund after not backing either of the last two inaugurations. Shortly after Trump’s election, the company’s shares declined on a report that the Elon Musk-led Department of Government Efficiency was considering making a free tax-filing app. While the company’s CEO has said he doesn’t think the Trump administration would invest resources into such a project, he has said he is “personally engaging” with the new administration and eager to partner on areas like a simplified tax code.\n\nIntuit said that its “expanded participation in the democratic process” reflects its “growth as a company” and the policy issues that affect its consumers and said it has had a “decadeslong commitment to bipartisan advocacy.”\n\nCorporate executives have been flocking to Mar-a-Lago, Trump’s Florida resort, to meet with the president-elect and his team. Photo: Saul Martinez/Getty Images\n\nThe pharmaceutical industry—for whom Kennedy as HHS secretary is a worst-case scenario—has sought to improve its relationship with the Trump team. Pfizer CEO Albert Bourla , PhRMA CEO Stephen Ubl and Eli Lilly CEO David Ricks were among the pharmaceutical executives who met with Trump and Kennedy for dinner at Mar-a-Lago earlier this month.\n\nPfizer said it plans to donate to the inauguration. The company also gave to the previous two inaugurations. The trade group PhRMA said it is donating $1 million to Trump’s inaugural after not giving to either of the last two inaugurations.\n\nSome of the donors compete with Musk’s various businesses. Musk has become one of Trump’s closest advisers and has had a seat at the table for transition meetings, worrying competitors that Musk’s companies could benefit from proximity to the president-elect. Jeff Bezos, for instance, recently dined with Trump at Mar-a-Lago and Amazon made a $1 million contribution to Trump’s inauguration. In addition to founding Amazon.com, which could be hit by tariffs, Bezos founded Blue Origin, a space exploration company that counts Musk’s SpaceX as one of its largest competitors.\n\nSome donors are substantially boosting their inaugural donations from previous years. The telecom company Charter Communications, which gave $350,000 to Biden’s fund and $250,000 to Trump’s 2017 fund, is donating $1 million this time. Uber Technologies, which gave $1 million to Biden’s, donated $1 million to the inauguration, in addition to another $1 million from Uber CEO Dara Khosrowshahi .\n\nSHARE YOUR THOUGHTS Why do you think so many companies are eager to donate to Donald Trump’s inauguration? Join the conversation below.\n\nTrump’s 2017 inaugural fund came under investigation by federal prosecutors in Manhattan, who probed whether the committee misspent some of the money it raised and whether some of the committee’s top donors gave money in exchange for access or policy concessions. Two donors to the fund pleaded guilty to charges related to their donations, including one who funneled $50,000 from a Ukrainian oligarch into the committee.\n\nWrite to Rebecca Ballhaus at rebecca.ballhaus@wsj.com, Dana Mattioli at dana.mattioli@wsj.com, Shalini Ramachandran at Shalini.Ramachandran@wsj.com and Maggie Severns at maggie.severns@wsj.com\n\nThe Trump Transition Insights on the outlook for business, policy and the economy under Trump, selected by the editors Who’s Who in Trump’s Cabinet",
    "published": "2024-12-25"
  },
  {
    "source": "WSJ",
    "title": "Exclusive | The Big Companies Funding Trump’s Inauguration Despite Denouncing Jan. 6",
    "summary": "The second Trump inaugural fund is on track to be the most lucrative yet",
    "link": "https://www.wsj.com/business/trump-inauguration-sponsors-large-company-donations-a3cc1b92?mod=Searchresults_pos1&page=126",
    "content": "Four years ago, dozens of companies denounced the invasion of the U.S. Capitol and pledged to withhold support from those who disputed the 2020 election results. Now, many of those companies are lining up to fund Donald Trump’s inauguration.\n\nThe Wall Street Journal has identified at least 11 companies and trade associations that are backing the inauguration, which is on track to bring in a record fundraising haul, after earlier pledging to suspend or reconsider political-action committee donations after Jan. 6, 2021.\n\nFord, Intuit, Toyota and the Pharmaceutical Research and Manufacturers of America are each giving $1 million. Other major donors that made Jan. 6-related pledges include Goldman Sachs, General Motors, Bank of America, AT&T and Stanley Black & Decker.\n\nFor Goldman Sachs, Intuit, Toyota and PhRMA, this marks the first time in at least a decade that they are supporting an inauguration fund.\n\nNewsletter Sign-up WSJ Politics & Policy Scoops, analysis and insights driving Washington from the WSJ's D.C. bureau. Preview Subscribed\n\nAfter Trump supporters invaded the Capitol in 2021 to protest the results of the presidential election, dozens of companies vowed to rethink their political contributions going forward. Some paused all donations. Others suspended donations to any lawmaker who voted against certifying the 2020 electoral college results. Some simply promised to factor integrity into their donation decisions going forward.\n\nNow, as corporate executives hurry to make inroads with an incoming president whose agenda will have sweeping ramifications for the business world, many of those pledges are a thing of the past.\n\nMost of the companies didn’t comment on the reason for their donation, though some noted that they had given to inaugurations for decades regardless of party. Toyota pointed to a 2022 statement in which it said it was resuming PAC donations but wouldn’t support those who incite violence. A PhRMA spokesperson said the company had “announced a pause on our giving at the time and then subsequently added new criteria to guide our contributions.”\n\nCorporate executives have been flocking to Mar-a-Lago, Trump’s Florida resort, in the weeks since the election to meet with the president-elect and his team, in the hopes that building a relationship could make the incoming administration friendlier to their causes. Trump has met with the chief executives of Meta Platforms, Amazon, Google, Pfizer, Eli Lilly and others in recent weeks.\n\nInauguration officials have told fundraisers that they are on track to raise more than the $107 million they brought in for Trump’s first inauguration. President Biden’s inauguration, in contrast, raised $61 million. Trump’s 2017 inaugural fund received donations of $1 million or more from 18 companies, and this year’s fund is on track to outpace that, people familiar with the fundraising said. The Journal has identified 13 companies that gave $1 million or more so far.\n\nDonors who give $1 million or raise $2 million from others receive six tickets to a series of events in the days leading up to the inauguration, including a reception with cabinet appointees, a “candlelight dinner” with Trump and Melania Trump and a black-tie ball.\n\nTrump aides have said that the fundraising isn’t even really about drawing in money anymore: It is a means for extracting a mea culpa from corporate America for its shunning of Trump. One Trump aide rolled his eyes about tech billionaires “making a pilgrimage to Mar-a-Lago” and cutting $1 million checks for the inauguration as if that would patch up prior offenses.\n\nWhile many companies that paused donations after Jan. 6 had since resumed their giving—including to lawmakers who objected to the 2020 election results—the rush to fund the inauguration is a sign of how far corporate America has swung in anticipation of Trump’s return to the White House.\n\n“People just really want to move forward and move on. The election results were very clear,” said a representative at one of the companies that is changing course and contributing to the inauguration.\n\nAfter Trump supporters invaded the Capitol in January 2021, dozens of companies vowed to rethink their political contributions. Photo: Roberto Schmidt/AFP/Getty Images\n\nConsultants have been advising companies that it is in their interests to support the inauguration and secure a meeting with Trump. “The old saying is, if you’re not at the table, you’re on the menu,” said Kevin Madden , a longtime Republican strategist who said he advises his corporate clients to be proactive in getting involved in policy discussions. “There’s going to be a lot of work being done in 2025 and 2026, and the process starts now.”\n\nThe president-elect appears to be reveling in the outreach. “EVERYBODY WANTS TO BE MY FRIEND!!!” he posted on Truth Social last week.\n\nSome Republican strategists have also been instructing companies to scrub their websites and corporate policies of language that favors Democrats—including pledges they made to pause donations after Jan. 6. Some companies’ news releases in the wake of the invasion of the Capitol are no longer online, including a letter from then-Stanley Black & Decker CEO Jim Loree condemning the invasion of the Capitol and vowing to “use our voice to advocate for our democracy and a peaceful transition of power.”\n\nStanley Black & Decker said it is donating $1 million, a major increase from the $25,000 it gave to Trump’s first inauguration.\n\nMany of the companies donating to the inauguration stand to see their industries substantially affected by the incoming administration. They range from automakers like Toyota that would be affected by new tariffs, to pharmaceutical interests that are unnerved by Trump’s selection of Robert F. Kennedy Jr. to lead the Department of Health and Human Services, to Big Tech companies that Trump allies have accused of censorship and monopolistic behaviors.\n\nThe cryptocurrency trading platform Kraken donated $1 million, a spokeswoman said. Kraken Chairman Jesse Powell and CEO Arjun Sethi met with Trump throughout the campaign and have met with him since the election. Among the priorities they discussed: ending “regulations by enforcement” and ending the refusal by some banks to take crypto companies and their founders.\n\nCryptocurrency-exchange platform Coinbase, whose CEO met with Trump last month, donated $1 million to the inauguration. Kara Calvert , Coinbase’s vice president for U.S. policy, said the company committed to backing Trump’s transition and inauguration before the election and said the company is “eager to work with the most pro-crypto administration in U.S. history.”\n\nTrump has vowed to ease the regulatory burden on crypto, and the crypto world is hoping that he and Congress will deliver on the industry’s longstanding goal of getting rules that treat it differently from Wall Street. Eric Trump earlier this month retweeted a meme after the election of a bitcoin flag flying over the White House.\n\nIntuit, the tax-software maker, is donating $1 million to the fund after not backing either of the last two inaugurations. Shortly after Trump’s election, the company’s shares declined on a report that the Elon Musk-led Department of Government Efficiency was considering making a free tax-filing app. While the company’s CEO has said he doesn’t think the Trump administration would invest resources into such a project, he has said he is “personally engaging” with the new administration and eager to partner on areas like a simplified tax code.\n\nIntuit said that its “expanded participation in the democratic process” reflects its “growth as a company” and the policy issues that affect its consumers and said it has had a “decadeslong commitment to bipartisan advocacy.”\n\nCorporate executives have been flocking to Mar-a-Lago, Trump’s Florida resort, to meet with the president-elect and his team. Photo: Saul Martinez/Getty Images\n\nThe pharmaceutical industry—for whom Kennedy as HHS secretary is a worst-case scenario—has sought to improve its relationship with the Trump team. Pfizer CEO Albert Bourla , PhRMA CEO Stephen Ubl and Eli Lilly CEO David Ricks were among the pharmaceutical executives who met with Trump and Kennedy for dinner at Mar-a-Lago earlier this month.\n\nPfizer said it plans to donate to the inauguration. The company also gave to the previous two inaugurations. The trade group PhRMA said it is donating $1 million to Trump’s inaugural after not giving to either of the last two inaugurations.\n\nSome of the donors compete with Musk’s various businesses. Musk has become one of Trump’s closest advisers and has had a seat at the table for transition meetings, worrying competitors that Musk’s companies could benefit from proximity to the president-elect. Jeff Bezos, for instance, recently dined with Trump at Mar-a-Lago and Amazon made a $1 million contribution to Trump’s inauguration. In addition to founding Amazon.com, which could be hit by tariffs, Bezos founded Blue Origin, a space exploration company that counts Musk’s SpaceX as one of its largest competitors.\n\nSome donors are substantially boosting their inaugural donations from previous years. The telecom company Charter Communications, which gave $350,000 to Biden’s fund and $250,000 to Trump’s 2017 fund, is donating $1 million this time. Uber Technologies, which gave $1 million to Biden’s, donated $1 million to the inauguration, in addition to another $1 million from Uber CEO Dara Khosrowshahi .\n\nSHARE YOUR THOUGHTS Why do you think so many companies are eager to donate to Donald Trump’s inauguration? Join the conversation below.\n\nTrump’s 2017 inaugural fund came under investigation by federal prosecutors in Manhattan, who probed whether the committee misspent some of the money it raised and whether some of the committee’s top donors gave money in exchange for access or policy concessions. Two donors to the fund pleaded guilty to charges related to their donations, including one who funneled $50,000 from a Ukrainian oligarch into the committee.\n\nWrite to Rebecca Ballhaus at rebecca.ballhaus@wsj.com, Dana Mattioli at dana.mattioli@wsj.com, Shalini Ramachandran at Shalini.Ramachandran@wsj.com and Maggie Severns at maggie.severns@wsj.com\n\nThe Trump Transition Insights on the outlook for business, policy and the economy under Trump, selected by the editors Who’s Who in Trump’s Cabinet",
    "published": "2024-12-25"
  },
  {
    "source": "WSJ",
    "title": "Inside the Plan to Halt U.S.-Bound Migrants at the Treacherous Darién Gap",
    "summary": "The U.S. ‘border is actually here,’ Panama’s president says, describing jungle route many take on their way to America",
    "link": "https://www.wsj.com/world/americas/trump-immigration-policy-panama-darien-gap-05c2861e?mod=Searchresults_pos9&page=159",
    "content": "CAÑAS BLANCAS, Panama—In a small tropical forest valley with crystal-clear streams close to the Colombian border, the soldiers of Panama’s militarized border patrol are busy building fences.\n\nTheir mission: close off jungle trails that human smugglers used to ferry 520,000 migrants last year on their way from South America to the U.S. via the treacherous Darién Gap—a 70-mile stretch of jungle without roads, electricity or industry.\n\nThe initiative is part of a broad push by Panama’s pro-American president, José Raúl Mulino, to tackle border security and mass migration since he was elected last summer. One of Mulino’s first acts as president in July was an agreement with the U.S. for funding to deport migrants crossing the jungle. He is hoping that President-elect Donald Trump will continue U.S. support for Panama’s efforts to control immigration.\n\nOpen migrant routes Closed migrant routes Indigenous territories Guna Yala 15 miles to Panama City Gulf of Darién Madungandí Caledonia Wargandí Mulatos Capurganá Canaán Bajo Chiquito Cañas Blancas Necoclí Come Gallina Lajas Blancas Emberá Wounaán Yaviza Panama Gulf of Panama Emberá Wounaán colombia Mex. Area of detail ven. 50 miles colombia 50 km Open migrant routes Closed migrant routes Indigenous territories Guna Yala 30 miles to Panama City Madungandí Gulf of Darién Wargandí Capurganá Canaán Bajo Chiquito Cañas Blancas Come Gallina Lajas Blancas Emberá Wounaán Yaviza Panama Emberá Wounaán Gulf of Panama colombia Mex. Detail ven. 50 miles col. 50 km Open migrant routes Closed migrant routes Indigenous territories Guna Yala Madungandí Gulf of Darién Wargandí Capurganá Canaán Bajo Chiquito Cañas Blancas Come Gallina Lajas Blancas Emberá Wounaán Yaviza Panama Emberá Wounaán Gulf of Panama colombia Mex. Detail ven. 50 miles col. 50 km Open migrant routes Closed migrant routes Indigenous territories Gulf of Darién Canaán Cañas Blancas Come Gallina Lajas Blancas Bajo Chiquito Gulf of Panama Panama colombia mex. 50 miles ven. 50 km Detail Open migrant routes Closed migrant routes Indigenous territories Gulf of Darién Canaán Cañas Blancas Lajas Blancas Come Gallina Bajo Chiquito Panama Gulf of Panama colombia mex. 50 miles ven. Detail 50 km\n\n“We want the Trump administration to realize that its border is actually here at the Darién Gap and to see how complicated that area is,” Mulino said in an interview. While migration flows have fallen sharply this year, they can quickly rise again, he said. “We are still concerned.”\n\nDuring a historic surge of northbound migration in recent years, human traffickers opened new paths through the Darién Gap, a rainforest so impenetrable that efforts to colonize it and build roads through it were never successful. Once migrants trekked through the jungle, they would be taken by bus through Panama to Costa Rica and so on. Many governments along the way provide transportation to the next border to move them.\n\nMulino is trying to end the trek in Panama. The troop deployment and razor wire fences are designed to funnel migrants along a single path through the jungle, which the government says will make their movements easier to track and create safer conditions for them. It will also make it easier for Panama to identify people who can be quickly deported.\n\nAdvertisement\n\nA Senafront base in Cañas Blancas. Senafront is Panama’s militarized border patrol.\n\nPanama’s relations with Trump are off to a rocky start. On social media and in speeches, Trump said the U.S. should take back control of the Panama Canal, built by the U.S. more than a century ago but given to Panama almost 25 years ago under a treaty. Mulino has said Panama’s stewardship of the canal isn’t on the table.\n\n“One thing has nothing to do with the other,” he said in a written response to questions on Monday. “Our desire has always been and will continue to be to maintain a fruitful alliance with the U.S. The immigration issue is a situation that must be solved for the benefit of both the U.S. and Panama, and we will continue to be willing to work hand in hand with our North American allies.”\n\nMulino is confident that Trump will be open to helping Panama deport migrants. Already his administration has sent home almost 2,000 migrants, mostly Colombians and Ecuadoreans.\n\nJungle crossings have dropped 40% this year to about 300,000, said Security Minister Frank Abrego. That’s in part because of the use of biometric systems to spot people with criminal records who can be quickly deported. In the past six months, the government has sent about 40 flights filled with deported migrants back to countries as far away as India.\n\nAdvertisement\n\nTrump has vowed to close U.S. borders to illegal migration. He has threatened to slap steep tariffs on Mexico and Canada if they don’t take measures to curb migrant flows.\n\nFor Panama and much of Latin America, mass migration from Venezuela became a destabilizing force. Nearly eight million Venezuelans—more people than have fled war-torn Syria or Ukraine—have left the country after an economic implosion coupled with harsh political repression.\n\nMigrants in a canoe pass in front of a group of Senafront soldiers. A migrant from Togo refreshes her face on the banks of a river after a dangerous journey through the Darién Gap. Migrants from around the world board canoes in Come Gallina. Clothes left by migrants crossing the Darién Gap are piled up at a Senafront base in Cañas Blancas.\n\nIn the past two years, close to 530,000 Venezuelans have crossed the Darién Gap, according to Panamanian government data. The regime of Nicolás Maduro refuses to accept flights of Venezuelan migrants deported from Panama, the U.S. or Mexico.\n\n“As long as Venezuela remains a breeding ground for irregular migration, this won’t stop,” said Mulino, who took office in July after campaigning to close the Darién Gap to migrants. He cut diplomatic ties with Venezuela soon after July’s contested election.\n\nSince the Venezuelan government refuses to receive its citizens back, “the only thing left for us is to let them take their bus and continue north,” Mulino said in his office at the ornate colonial presidential palace a few miles from the Panama Canal.\n\nAdvertisement\n\nA deadly trek through the jungle\n\nVenezuelan school janitor José Alberto Molero emerged exhausted from the dense jungle onto Come Gallina, a riverbank clearing that marks the end of a journey through the Darién Gap’s swamps, steep hills and dangerous rivers.\n\nDozens of Venezuelans and Haitians limped behind him, worn out, thirsty and terrified, but hopeful they may be among the last migrants with a chance of reaching the U.S. border before Trump takes office on Jan. 20.\n\n“I told my wife early this month: Honey, I’m leaving, I can no longer tell my children that I don’t even have money to buy diapers for my granddaughter,” said Molero, dripping with sweat after a three-day march through the gap.\n\n“We know that Trump can close the U.S. border soon,” said Molero, a native of once oil-rich Maracaibo, a stronghold of opposition to Maduro.\n\nA few miles upriver, there is a military outpost, Cañas Blancas, where Panama’s border patrol is closing off routes to people like Molero.\n\nFrank Abrego, Panama’s security minister, looking over a migratory route in the Darién Gap during a helicopter ride to a Senafront base this month.\n\nAn aerial view of the Darién Gap.\n\nThe soldiers marked out a helicopter landing spot with canisters spewing bright orange smoke for the arrival of Abrego, the security minister, who was on an inspection tour. Abrego said the government wants to divert migrants away from sleepy indigenous hamlets that have been overwhelmed by the flood of migrants.\n\n“At one point last year there were 25,000 people walking along the jungle paths in a single day,” Abrego said.\n\nNow, as human smugglers urge migrants to rush to the U.S., Panama is trying to send a signal to Trump that it is doing all it can to curb migration, said Deputy Foreign Minister Carlos Ruiz-Hernández, who added there is also a message for migrants.\n\nAdvertisement\n\n“When you show up here, there’s an aircraft that can take you back to where you came from,” Ruiz-Hernández said.\n\nFew dare to come back\n\nMost migrants say they would think twice before crossing the Darién Gap again after being deported. Panama has recovered 55 bodies from the jungle this year, most drowned by powerful river currents, said Jorge Gobea, head of Senafront, the militarized border patrol.\n\nSenafront officers said others were killed after falling from the Hill of Death, known for its sharp cliffs and slippery passages. Others suffer slow deaths after being left stranded in the jungle with broken ankles, or swollen, infected feet that prevent them from walking.\n\nMigrants leave blue plastic strips hanging from trees to mark the path through the Darién Gap. Migrants cross a river in the Darién Gap. Migrants show their identity documents to Panamanian immigration agents in the indigenous community of Bajo Chiquito. Venezuelan migrants rest at a camp in Bajo Chiquito.\n\nThen there are terrors like the howls of animals at night at a place known as the Hill of the Weeping Woman, which has created a legend of a wandering woman crying for loved ones who died on the journey. Hundreds of migrants have reported killings, robberies and sexual assaults in the jungle over the past three years, according to government data and international organizations.\n\n“I regret having done this,” said Dulce Rodríguez, a street vendor from Maracaibo who took four days to cross the jungle with her husband and 4-year-old daughter.\n\nSHARE YOUR THOUGHTS What impact would new immigration policies have on you or your place of business? Tell us in the form below, or join the conversation below.\n\nMigrants leave blue plastic strips hanging from trees to mark the path to Come Gallina. The route downriver is strewn with plastic bottles, footwear and other garbage.\n\nLocal inhabitants have found decomposing bodies when they take their children to bathe and play in the river, said Leonides Cunampia, the chief of the Emberá-Wounaan semiautonomous indigenous territory in the Darién Gap.\n\n“Our ancestors guarded the jungle along the border with Colombia,” he said. “Not anymore, now you have the police, robbers, human smugglers or drug traffickers.”\n\nA family of Venezuelan migrants prayed before eating in the indigenous community of Bajo Chiquito.\n\nWrite to Santiago Pérez at santiago.perez@wsj.com\n\nWe Want to Hear From You What impact would changes in immigration law or policy have on you, your business or the company you work for? Tell us about it in the form below. Your response will not be used without your permission. If you have a general observation, please make it in the reader comment section, not in this form. What industry do you work in? Name Email Where do you live? (City, State) By submitting your response to this questionnaire, you consent to Dow Jones processing your special categories of personal information and are indicating that your answers may be investigated and published by The Wall Street Journal and you are willing to be contacted by a Journal reporter to discuss your answers further. In an article on this subject, the Journal will not attribute your answers to you by name unless a reporter contacts you and you provide that consent.",
    "published": "2024-12-25"
  },
  {
    "source": "WSJ",
    "title": "A True Budget Reconciliation Plan",
    "summary": "The new Congress has a chance to get the U.S. on the road to fiscal solvency.",
    "link": "https://www.wsj.com/opinion/a-true-budget-reconciliation-plan-doge-spending-solvency-36fd0c24?mod=Searchresults_pos13&page=72",
    "content": "Our country is in dire economic straits. Years of profligacy under both parties have dug a fiscal hole so deep that interest on the national debt exceeds defense spending. To address this growing crisis, some are counting on the nascent Department of Government Efficiency. Others propose a bipartisan fiscal commission to spending cuts.\n\nBut Congress alone holds the purse strings. The federal government can’t raise or spend a single dollar unless Congress says it can. Fiscal responsibility rests with lawmakers—and can’t be dodged, or DOGEd.\n\nFortunately, 50 years ago, Congress developed a process specifically designed to bring spending in line with revenues: budget reconciliation. Unfortunately, it has rarely been used for its intended purpose.\n\nReconciliation is beautiful in its efficiency. First, a majority in the House and Senate adopt a budget resolution setting revenue and spending targets. The appropriate committees then formulate and report plans to meet these targets. The Budget Committee in each chamber combines the plans into a single bill, and both chambers separately pass their versions of the bill via simple majority. They then reconcile any differences in the legislation before sending it to the president for his signature.\n\nThere’s one catch: The reconciliation process can be used only for reforms necessary to implement the budget. It can’t be used for general policymaking.\n\nWhen budget reconciliation is used as intended, it significantly reduces deficits. During the Clinton administration, reconciliation bills in 1996 and 1997 helped create a balanced budget in 1998, including by establishing landmark work requirements that dramatically reduced welfare rolls. These reforms restrained government spending, created incentives for work, and gave the economy room to grow.\n\nToo often, though, reconciliation has been used to enact comprehensive policy changes that failed or fizzled. In 2021 Democrats used reconciliation to pass the $1.9 trillion American Rescue Plan, which ballooned the deficit and helped ignite the worst inflation in 40 years. In 2017 Republicans attempted to enact comprehensive healthcare reform within the narrow confines of reconciliation, resulting in a mess that collapsed on the Senate floor. The Tax Cut and Jobs Act of 2017 passed via budget reconciliation, but to conform to the process’s requirements, most of the provisions were made temporary.\n\nRepublicans in 2017 achieved no healthcare reform and only temporary tax relief, and in exchange, they squandered the chance to prevent the fiscal debacle we now face.\n\nThe incoming Republican congressional majority has a rare second chance to save our country from insolvency. It must not repeat the mistakes that brought us here. Republican leaders in the House and Senate are again proposing to use the reconciliation process not as it was designed—to set and adhere to spending limits—but rather to chase shiny policy objectives, including tax reform, energy development and border security.\n\nThese are vital reforms, and many aspects of them can indeed be realized through the reconciliation process. But reconciliation can’t produce comprehensive policy reform. What it can produce is comprehensive fiscal reform at a moment when our nation most needs it. Congress must pass a reconciliation bill to amend the laws that put so much government spending on autopilot.\n\nThe American people voted in November to give us the tools and the trust to save our country. We must prove worthy of that trust by averting fiscal disaster.\n\nMr. McClintock, a Republican, represents California’s Fifth Congressional District.\n\nFree Expression: As Donald Trump’s domestic critics get in line, so the world has saluted his restoration, if reluctantly. Photo: Brandon Bell/Pool via Reuters",
    "published": "2024-12-25"
  },
  {
    "source": "WSJ",
    "title": "Elite Colleges Have a Looming Money Problem",
    "summary": "Trump policies and high costs could make coming years a financial challenge for Harvard and other Ivies",
    "link": "https://www.wsj.com/us-news/education/elite-colleges-have-a-looming-money-problem-f20ba0fa?mod=Searchresults_pos20&page=144",
    "content": "They gave it the old college try, but America’s elite universities are facing money problems partly of their own creation.\n\nIt might not seem that way compared with the broader world of U.S. higher education. Ivy League institutions and a handful in a similar orbit like Stanford, Duke and the University of Chicago aren’t just blessed to have international cachet and their pick of excellent students and professors—they also have the most money and the richest alumni. By contrast, public and especially smaller private colleges and universities are cutting staff and programs. Many are closing outright.\n\nA school like Harvard, now well into its fourth century, will almost certainly survive for a fifth one. But there are financial problems below the surface that could emerge if the bull market stumbles and especially if some proposed Trump administration policies are enacted.\n\nHarvard’s $53.2 billion endowment is so huge that the difference between a good and a so-so investment performance translates to sums that would dwarf most colleges’ entire nest eggs. Former Harvard President and former U.S. Treasury Secretary Larry Summers estimated this year that if Harvard had been able to just keep up with other Ivies and “large endowment schools” in the past several years, it would have $20 billion more. For perspective, he says that just $1 billion could fund 100 professorships or permanently cover tuition for 100 students.\n\nSHARE YOUR THOUGHTS What steps should colleges take to address potential budget problems? Join the conversation below.\n\nBut even Harvard’s peer group isn’t doing as well as it could. Veteran investment consultant Richard Ennis wrote this month that high costs and “outdated perceptions of superiority” have stymied Ivy League endowment returns, which could have been worth 20% more since the 2008 financial crisis if invested in a classic stock and bond mix. Harvard has more than three-quarters of its endowment in private equity, hedge funds or real estate and just 14% in publicly traded stocks. Harvard Management Co. doesn’t break out fees in its reports and a spokesman didn’t provide that information, but Ennis estimates that the all-in cost of management for such assets is easily 3%, which is a gigantic drag.\n\nExpenses aren’t the only issue. During the financial crisis, when donations plunged and costs rose, Harvard also faced steep investment losses and collateral calls on derivatives. With some investments hard to sell and money already committed to the university, HMC had to exit some stakes at distressed prices and the university was forced to postpone capital projects and borrow to cover the shortfall.\n\nToday it doesn’t face the same derivatives exposure, but private-equity values could be more theoretical than real if it had to sell swiftly. More liquid investments have other advantages. Last year the university relied on the endowment for 37% of its budget, up from about a fifth of the budget 20 years ago and far higher than the average across private, not-for-profit colleges. This comes as gifts have been less abundant. Despite a booming stock market, Harvard said alumni donations fell by 15% last fiscal year amid outrage over the university’s handling of campus antisemitism. Fellow Ivies Columbia and the University of Pennsylvania experienced even steeper drops.\n\nTwo Trump administration policies could further weigh on Ivies’ finances. One is a 1.4% tax on income levied as part of the 2017 Tax Cuts and Jobs Act on endowments larger than $500,000 per student at schools with more than 500 students. A few dozen schools have had to pay it and there is talk of increasing the levy.\n\nFar costlier would be rhetoric or visa rules that make it harder or less attractive for foreign students to attend U.S. universities. Foreign students on average receive much less assistance and therefore indirectly subsidize aid to domestic students. Their enrollment took a hit during Trump’s first term.\n\nEven if foreign students aren’t made to feel unwelcome, economic policies that have boosted the value of the dollar relative to foreign currencies could make already expensive U.S. colleges, with a total cost of attendance approaching $100,000 a year before aid, unattractive relative to European, British or Australian universities.\n\nDomestic demographics won’t help. Paul Weinstein Jr. of the Progressive Policy Institute writes that, starting next year, colleges will face an “enrollment cliff” that will see them lose 575,000 students over four years. Yet a booming stock market and competition for student tuition dollars has led to massive growth in university bureaucracies far exceeding tenured staff hires. More than three million people are employed by four-year colleges and Weinstein notes that some actually have more non-faculty employees than students, including Duke and Caltech.\n\nThe more elite the college, the less they will suffer from a drop in overall U.S. enrollment. Harvard alone, for example, rejected more than 50,000 students last year—enough to populate several less-prestigious colleges’ freshman classes. A drop in stocks, or a reckoning that reveals their opaque private-equity funds aren’t as valuable as they look on paper, would leave a mark, though.\n\nWrite to Spencer Jakab at Spencer.Jakab@wsj.com",
    "published": "2024-12-25"
  },
  {
    "source": "WSJ",
    "title": "Exclusive | The Big Companies Funding Trump’s Inauguration Despite Denouncing Jan. 6",
    "summary": "The second Trump inaugural fund is on track to be the most lucrative yet",
    "link": "https://www.wsj.com/business/trump-inauguration-sponsors-large-company-donations-a3cc1b92?mod=Searchresults_pos8&page=160",
    "content": "Four years ago, dozens of companies denounced the invasion of the U.S. Capitol and pledged to withhold support from those who disputed the 2020 election results. Now, many of those companies are lining up to fund Donald Trump’s inauguration.\n\nThe Wall Street Journal has identified at least 11 companies and trade associations that are backing the inauguration, which is on track to bring in a record fundraising haul, after earlier pledging to suspend or reconsider political-action committee donations after Jan. 6, 2021.\n\nFord, Intuit, Toyota and the Pharmaceutical Research and Manufacturers of America are each giving $1 million. Other major donors that made Jan. 6-related pledges include Goldman Sachs, General Motors, Bank of America, AT&T and Stanley Black & Decker.\n\nFor Goldman Sachs, Intuit, Toyota and PhRMA, this marks the first time in at least a decade that they are supporting an inauguration fund.\n\nNewsletter Sign-up WSJ Politics & Policy Scoops, analysis and insights driving Washington from the WSJ's D.C. bureau. Preview Subscribed\n\nAfter Trump supporters invaded the Capitol in 2021 to protest the results of the presidential election, dozens of companies vowed to rethink their political contributions going forward. Some paused all donations. Others suspended donations to any lawmaker who voted against certifying the 2020 electoral college results. Some simply promised to factor integrity into their donation decisions going forward.\n\nNow, as corporate executives hurry to make inroads with an incoming president whose agenda will have sweeping ramifications for the business world, many of those pledges are a thing of the past.\n\nMost of the companies didn’t comment on the reason for their donation, though some noted that they had given to inaugurations for decades regardless of party. Toyota pointed to a 2022 statement in which it said it was resuming PAC donations but wouldn’t support those who incite violence. A PhRMA spokesperson said the company had “announced a pause on our giving at the time and then subsequently added new criteria to guide our contributions.”\n\nCorporate executives have been flocking to Mar-a-Lago, Trump’s Florida resort, in the weeks since the election to meet with the president-elect and his team, in the hopes that building a relationship could make the incoming administration friendlier to their causes. Trump has met with the chief executives of Meta Platforms, Amazon, Google, Pfizer, Eli Lilly and others in recent weeks.\n\nInauguration officials have told fundraisers that they are on track to raise more than the $107 million they brought in for Trump’s first inauguration. President Biden’s inauguration, in contrast, raised $61 million. Trump’s 2017 inaugural fund received donations of $1 million or more from 18 companies, and this year’s fund is on track to outpace that, people familiar with the fundraising said. The Journal has identified 13 companies that gave $1 million or more so far.\n\nDonors who give $1 million or raise $2 million from others receive six tickets to a series of events in the days leading up to the inauguration, including a reception with cabinet appointees, a “candlelight dinner” with Trump and Melania Trump and a black-tie ball.\n\nTrump aides have said that the fundraising isn’t even really about drawing in money anymore: It is a means for extracting a mea culpa from corporate America for its shunning of Trump. One Trump aide rolled his eyes about tech billionaires “making a pilgrimage to Mar-a-Lago” and cutting $1 million checks for the inauguration as if that would patch up prior offenses.\n\nWhile many companies that paused donations after Jan. 6 had since resumed their giving—including to lawmakers who objected to the 2020 election results—the rush to fund the inauguration is a sign of how far corporate America has swung in anticipation of Trump’s return to the White House.\n\n“People just really want to move forward and move on. The election results were very clear,” said a representative at one of the companies that is changing course and contributing to the inauguration.\n\nAfter Trump supporters invaded the Capitol in January 2021, dozens of companies vowed to rethink their political contributions. Photo: Roberto Schmidt/AFP/Getty Images\n\nConsultants have been advising companies that it is in their interests to support the inauguration and secure a meeting with Trump. “The old saying is, if you’re not at the table, you’re on the menu,” said Kevin Madden , a longtime Republican strategist who said he advises his corporate clients to be proactive in getting involved in policy discussions. “There’s going to be a lot of work being done in 2025 and 2026, and the process starts now.”\n\nThe president-elect appears to be reveling in the outreach. “EVERYBODY WANTS TO BE MY FRIEND!!!” he posted on Truth Social last week.\n\nSome Republican strategists have also been instructing companies to scrub their websites and corporate policies of language that favors Democrats—including pledges they made to pause donations after Jan. 6. Some companies’ news releases in the wake of the invasion of the Capitol are no longer online, including a letter from then-Stanley Black & Decker CEO Jim Loree condemning the invasion of the Capitol and vowing to “use our voice to advocate for our democracy and a peaceful transition of power.”\n\nStanley Black & Decker said it is donating $1 million, a major increase from the $25,000 it gave to Trump’s first inauguration.\n\nMany of the companies donating to the inauguration stand to see their industries substantially affected by the incoming administration. They range from automakers like Toyota that would be affected by new tariffs, to pharmaceutical interests that are unnerved by Trump’s selection of Robert F. Kennedy Jr. to lead the Department of Health and Human Services, to Big Tech companies that Trump allies have accused of censorship and monopolistic behaviors.\n\nThe cryptocurrency trading platform Kraken donated $1 million, a spokeswoman said. Kraken Chairman Jesse Powell and CEO Arjun Sethi met with Trump throughout the campaign and have met with him since the election. Among the priorities they discussed: ending “regulations by enforcement” and ending the refusal by some banks to take crypto companies and their founders.\n\nCryptocurrency-exchange platform Coinbase, whose CEO met with Trump last month, donated $1 million to the inauguration. Kara Calvert , Coinbase’s vice president for U.S. policy, said the company committed to backing Trump’s transition and inauguration before the election and said the company is “eager to work with the most pro-crypto administration in U.S. history.”\n\nTrump has vowed to ease the regulatory burden on crypto, and the crypto world is hoping that he and Congress will deliver on the industry’s longstanding goal of getting rules that treat it differently from Wall Street. Eric Trump earlier this month retweeted a meme after the election of a bitcoin flag flying over the White House.\n\nIntuit, the tax-software maker, is donating $1 million to the fund after not backing either of the last two inaugurations. Shortly after Trump’s election, the company’s shares declined on a report that the Elon Musk-led Department of Government Efficiency was considering making a free tax-filing app. While the company’s CEO has said he doesn’t think the Trump administration would invest resources into such a project, he has said he is “personally engaging” with the new administration and eager to partner on areas like a simplified tax code.\n\nIntuit said that its “expanded participation in the democratic process” reflects its “growth as a company” and the policy issues that affect its consumers and said it has had a “decadeslong commitment to bipartisan advocacy.”\n\nCorporate executives have been flocking to Mar-a-Lago, Trump’s Florida resort, to meet with the president-elect and his team. Photo: Saul Martinez/Getty Images\n\nThe pharmaceutical industry—for whom Kennedy as HHS secretary is a worst-case scenario—has sought to improve its relationship with the Trump team. Pfizer CEO Albert Bourla , PhRMA CEO Stephen Ubl and Eli Lilly CEO David Ricks were among the pharmaceutical executives who met with Trump and Kennedy for dinner at Mar-a-Lago earlier this month.\n\nPfizer said it plans to donate to the inauguration. The company also gave to the previous two inaugurations. The trade group PhRMA said it is donating $1 million to Trump’s inaugural after not giving to either of the last two inaugurations.\n\nSome of the donors compete with Musk’s various businesses. Musk has become one of Trump’s closest advisers and has had a seat at the table for transition meetings, worrying competitors that Musk’s companies could benefit from proximity to the president-elect. Jeff Bezos, for instance, recently dined with Trump at Mar-a-Lago and Amazon made a $1 million contribution to Trump’s inauguration. In addition to founding Amazon.com, which could be hit by tariffs, Bezos founded Blue Origin, a space exploration company that counts Musk’s SpaceX as one of its largest competitors.\n\nSome donors are substantially boosting their inaugural donations from previous years. The telecom company Charter Communications, which gave $350,000 to Biden’s fund and $250,000 to Trump’s 2017 fund, is donating $1 million this time. Uber Technologies, which gave $1 million to Biden’s, donated $1 million to the inauguration, in addition to another $1 million from Uber CEO Dara Khosrowshahi .\n\nSHARE YOUR THOUGHTS Why do you think so many companies are eager to donate to Donald Trump’s inauguration? Join the conversation below.\n\nTrump’s 2017 inaugural fund came under investigation by federal prosecutors in Manhattan, who probed whether the committee misspent some of the money it raised and whether some of the committee’s top donors gave money in exchange for access or policy concessions. Two donors to the fund pleaded guilty to charges related to their donations, including one who funneled $50,000 from a Ukrainian oligarch into the committee.\n\nWrite to Rebecca Ballhaus at rebecca.ballhaus@wsj.com, Dana Mattioli at dana.mattioli@wsj.com, Shalini Ramachandran at Shalini.Ramachandran@wsj.com and Maggie Severns at maggie.severns@wsj.com\n\nThe Trump Transition Insights on the outlook for business, policy and the economy under Trump, selected by the editors Who’s Who in Trump’s Cabinet",
    "published": "2024-12-25"
  },
  {
    "source": "WSJ",
    "title": "Washington’s Naughty and Nice List",
    "summary": "And a Christmas season reminder that we should all be grateful for America.",
    "link": "https://www.wsj.com/opinion/washingtons-naughty-and-nice-list-cbc0c14f?mod=Searchresults_pos11&page=92",
    "content": "We know who topped Santa’s naughty list this year—former Rep. Matt Gaetz (R., Fla.). No doubt about that after the release Monday of the House Ethics Committee report.\n\nThe bipartisan panel found “substantial evidence” that, while a congressman, Mr. Gaetz violated state and federal laws “prohibiting prostitution, statutory rape, illicit drug use, acceptance of impermissible gifts, the provision of special favors and privileges, and obstruction of Congress.” His first year in the House, the report alleges, he “engaged in sexual activity with a 17-year-old girl.”\n\nMr. Gaetz responded to the report by saying, “I live a different life now.” One would hope so. But that doesn’t excuse his reprehensible behavior. He was a stain on Congress, and that’s saying something these days.\n\nAlso on the naughty list this year are the Biden White House staffers who worked assiduously to hide their boss’s mental and physical decline. In a piece of journalism worthy of a Pulitzer, four of this newspaper’s reporters pieced together the story of how President Biden’s closest aides and advisers “would manage the limitations” of a man who wasn’t up to the world’s most consequential job.\n\nWe all could see Mr. Biden’s alarming feebleness, but only his inner circle and the president’s family knew the full extent of his increasing infirmity. Yet they organized the White House, his schedule and appearances, and even his contacts with members of his cabinet to conceal his inability to perform his duties.\n\nIn doing so, they put their service to one man above the good of the country. It gets worse. They wanted Mr. Biden, who’s a shell of himself, to run again, knowing he couldn’t complete another term. That would have thrown our nation and the world into a crisis. It was an act of astonishing selfishness and stupidity.\n\nOn Santa’s political nice list this year, House Speaker Mike Johnson was near the top. His likability and genial nature are a big reason he’s survived with a razor-thin GOP margin in a House where there are too many disruptive personalities in his party.\n\nMr. Johnson has maneuvered through rough political seas made a good deal more turbulent by President-elect Trump and his new best buddy, Elon Musk. These two men asked of Mr. Johnson the impossible—that he somehow deliver dozens of House Republicans who had never voted for a debt-ceiling increase—or let the federal government shut down just before Christmas.\n\nYet Mr. Johnson kept the House Republican ship afloat and brought it to harbor, passing a continuing resolution that funds the government through March 14. But by doing so, he reportedly angered Messrs. Trump and Musk and damaged his chances to retain the speakership in the new Congress.\n\nStill, it’s hard to see a smooth path to power for anyone else in the House GOP. Does Mr. Trump want the days before his inauguration marred by another protracted fight over the speakership? Nonetheless, Mr. Johnson must beware the ides of March. Tough days await when the continuing resolution expires in the middle of that month.\n\nSanta seems to have ignored Mr. Trump’s Christmas wish list of imperial expansion. Canada hasn’t agreed to statehood. Denmark didn’t surrender Greenland. And after spending more than $5 billion to upgrade its canal, Panama didn’t hand the waterway back. By raising these notions, Mr. Trump prompted disbelief and some worry in foreign capitals. World leaders need to adopt journalist Salena Zito ’s advice to take Mr. Trump seriously but not literally.\n\nA final thought: The Christmas holiday provides Americans a chance to put our political life in perspective and remember the special gift each of us has as a result of living in the United States. Despite its polarized politics, all its mistakes and shortcomings, the U.S. is the most creative, compassionate, innovative, productive and forward-looking country in the world. It’s why people are drawn here. It’s what makes us unlike any other nation.\n\nSince the first settlements in Jamestown and Santa Fe in the early 1600s, this land has welcomed to its shores discarded people of every kind from around the globe, including the poor and ne’er-do-wells, refugees and rejects, and given them a chance to live “the American Dream.” That phrase has meaning—work hard, have big ambitions, give back, accept responsibility and rise. Sometimes we forget how fortunate we are to have been born here or to have made our way here. Being an American is an immeasurable gift, one worth being grateful for. Happy holidays.\n\nMr. Rove helped organize the political-action committee American Crossroads and is author of “The Triumph of William McKinley” (Simon & Schuster, 2015).\n\nFree Expression: As Donald Trump’s domestic critics get in line, so the world has saluted his restoration, if reluctantly. Photo: Brandon Bell/Pool via Reuters",
    "published": "2024-12-25"
  },
  {
    "source": "WSJ",
    "title": "wsj.com",
    "summary": "",
    "link": "https://www.wsj.com/business/aflac-keeps-eye-on-japan-market-as-others-turn-overseas-for-growth-6e62e789?mod=Searchresults_pos20&page=111",
    "content": "",
    "published": "2024-12-25"
  },
  {
    "source": "WSJ",
    "title": "wsj.com",
    "summary": "",
    "link": "https://www.wsj.com/personal-finance/a-credit-score-hangover-is-hitting-americas-riskiest-borrowers-b292d08b?mod=Searchresults_pos12&page=104",
    "content": "",
    "published": "2024-12-25"
  }
]