[
  {
    "source": "WSJ",
    "title": "For EV Startups, Things Are Going From Bad to Worse",
    "summary": "Makers and suppliers of electric cars are dealing with diminishing cash, uneven sales and prospects of an unfriendly Trump administration",
    "link": "https://www.wsj.com/business/autos/ev-startup-failures-trump-ffeea1fb?mod=Searchresults_pos7&page=156",
    "content": "Electric-vehicle startups were struggling before the election. Donald Trump’s victory could send them into a tailspin.\n\nSeveral high-profile companies, including electric SUV maker Fisker and bus manufacturer Arrival, filed for bankruptcy earlier this year. Swedish-based battery maker Northvolt became the latest casualty last week, filing for Chapter 11 after BMW canceled a key order.\n\nAt least a dozen other startups, specializing in electric vehicles or batteries, are at risk of running out of cash by next summer, according to a Wall Street Journal analysis of their most recent filings.\n\nEven shares of more stable startups, such as Rivian Automotive and Lucid Group LCID -0.38 %decrease; red down pointing triangle , are down nearly 50% this year as they face an increasingly challenging outlook. Rivian this week got conditional approval for a government loan of up to $6.6 billion to boost production capacity, but investors are still worried about costs and the prospect that the electric-truck maker might not get the money if it doesn’t complete the deal by Inauguration Day.\n\nMedian cash balance among money-losing EV startups*, quarterly\n\n$400 million 300 200 100 1 mil. or less each 1 mil. or less each 0 2020 ’21 ’22 ’23 ’24 $400 million 300 200 100 1 mil. or less each 1 mil. or less each 0 2020 ’21 ’22 ’23 ’24\n\nMany of these young companies have been hammered by cooling demand for electric cars, rising costs and supply-chain obstacles that have hindered their ability to put out new products quickly. Collapsing stock prices have vaporized billions of dollars in market value.\n\nThe shifting political landscape is putting at risk planned investment in the U.S., some of which has been aided by state and federal subsidies.\n\n“It’s just a disaster out there with consumer demand going down,” said Ted Brandt, chief executive of clean-energy focused investment bank Marathon Capital.\n\n\n\nA Journal analysis of 54 publicly traded EV and battery startups shows an increasingly dire financial situation. Seven companies have already filed for bankruptcy. Of 36 operational companies with sufficient data for analysis, three-quarters are losing money and 13 are projected to run out of cash by next summer.\n\nMore challenges ahead\n\nThe Trump administration is expected to deal another hit to their efforts. The president-elect has pledged to get rid of a $7,500 tax credit for EVs that has helped stimulate demand. Industry executives are also concerned that Biden-era funding for electric-vehicle ventures and battery projects could also be in jeopardy in Trump’s second term.\n\nMeanwhile, new or increased tariffs on vehicles and auto parts coming from overseas—such as Trump’s proposed levies this week on Mexico, Canada and China—could push up costs further.\n\nThe hurdles are ripping through the automotive supply chain, crunching demand for batteries and materials such as lithium that power them.\n\n“It’s a whole ecosystem that is collapsing,” Brandt said.\n\nQuarterly cash balance, select EV startups\n\nRivian Automotive Lucid Group Canoo $20 billion 15 10 5 1 mil. Less than $50 mil. each 0 2022 ’23 ’24 Rivian Automotive Lucid Group Canoo $20 billion 15 10 5 1 mil. Less than $50 mil. each 0 2022 ’23 ’24 Rivian Automotive Lucid Group Canoo $20 billion 15 10 5 1 mil. Less than $50 mil. each 0 2022 ’23 ’24 Rivian Automotive $20 billion 15 10 5 0 2022 ’23 ’24 Lucid Group $5 billion 1 mil. 0 2022 ’23 ’24 Canoo billion $5 Less than $50 mil. each 0 2022 ’23 ’24 Rivian Automotive $20 billion 15 10 5 0 2022 ’23 ’24 Lucid Group $5 billion 1 mil. 0 2022 ’23 ’24 Canoo $5 billion Less than $50 mil. each 0 2022 ’23 ’24\n\nMany of the startups went public in recent years, riding a wave of enthusiasm for companies trying to emulate Tesla’s success in the past decade.\n\nSome took advantage of a boom in so-called reverse-merger deals, in which a still-fledgling firm merges with a special-purpose acquisition company, or SPAC, to list publicly. These deals offer companies an easier route to the public markets than a traditional initial public offering but have been shown to enrich insiders at the expense of other investors.\n\nThe transition to a second Trump administration also comes at a critical time for more established Western automakers such as Ford and General Motors. These car companies, which have pledged billions of dollars to expand their EV lineups, are now delaying or pulling back some future investment as sales haven’t materialized as anticipated.\n\nThe booth for Chinese battery maker CATL during Auto China 2024 in Beijing. Photo: Ng Han Guan/Associated Press\n\nMany are worried about falling even further behind new rivals in China, such as electric-car maker BYD and battery manufacturer CATL. A U.S. retreat from clean-energy industries could extend China’s vast lead in these sectors, analysts warn.\n\n“If they continue that, then we’ve just given up on a major economic driver of the next 50 years,” said Aniket Shah, global head of sustainability and energy transition strategy at investment bank Jefferies Group.\n\nSHARE YOUR THOUGHTS Which EV startup do you think is in the best position to survive? Join the conversation below.\n\nPrivately held Northvolt was among the industry’s most stunning implosions. The startup, which sought to make batteries with a lower carbon footprint, had raised some $15 billion in nearly a decade from backers including Volkswagen, Goldman Sachs Asset Management and the European Union.\n\nInvestor excitement about its battery technology and the record of Chief Executive Peter Carlsson , a former supply-chain manager at Tesla, drove up the company’s valuation.\n\nThe weakening EV market, along with BMW’s canceled order, upended the company’s plans and pushed it into bankruptcy protection. Carlsson has since left his role.\n\nBattered startups\n\nOther startups with U.S. government support are also faltering. Li-Cycle Holdings , a firm that has promised to turn recycled batteries into useful materials, has an approved $475 million government loan to help build out a plant in Rochester, N.Y.\n\nBut at the end of September, it only had enough cash on hand to sustain operations for about six months. The Canadian firm, backed financially by miner Glencore, has paused construction on the factory due to ballooning costs.\n\nShare-price performance since public listing\n\nLucid Group Arrival Fisker 400 % 300 200 100 0 −100 2020 ’21 ’22 ’23 ’24 Canoo Rivian Automotive Polestar Automotive 100 % 0 −100 2020 ’21 ’22 ’23 ’24 Lucid Group Arrival Fisker 400 % 300 200 100 0 −100 2020 ’21 ’22 ’23 ’24 Canoo Rivian Automotive Polestar Automotive 100 % 0 −100 2020 ’21 ’22 ’23 ’24 Lucid Group Arrival Fisker 400 % 300 200 100 0 −100 2020 ’21 ’22 ’23 ’24 Canoo Rivian Automotive Polestar Automotive 100 % 0 −100 2020 ’21 ’22 ’23 ’24 Lucid Group Arrival 400 % 300 200 100 0 −100 2020 ’21 ’22 ’23 ’24 Canoo Fisker 200 % 100 0 −100 2020 ’21 ’22 ’23 ’24 Rivian Automotive Polestar Automotive 100 % 0 −100 2020 ’21 ’22 ’23 ’24 Lucid Group Arrival 400 % 300 200 100 0 −100 2020 ’21 ’22 ’23 ’24 Canoo Fisker 200 % 100 0 −100 2020 ’21 ’22 ’23 ’24 Rivian Automotive Polestar Automotive 100 % 0 −100 2020 ’21 ’22 ’23 ’24\n\nLi-Cycle shares are down more than 97% from the listing price, when accounting for a reverse stock split.\n\nChief Executive Ajay Kochhar said the company is confident it can raise the money needed to finish the Rochester project and build a self-sustaining business. “Investors are throwing the baby out with the bath water” in the sector, he said.\n\nElectric van and truck maker Canoo is also burning through cash and has laid off about a quarter of its workforce in Oklahoma City to conserve money.\n\nIt had received a $113 million incentive package from the state to create more than 1,300 jobs at its vehicle and battery plants in Oklahoma and had promised to quickly hit $1.4 billion in revenue this year, after listing publicly in 2020 through a SPAC deal.\n\n“It feels like being punched in the face every morning trying to develop vehicles that have all their components for so long been outsourced to China,” said Chief Executive Tony Aquila .\n\nWorkers at a facility of Li-Cycle, whose shares are down more than 97% from the listing price. Photo: Lauren Petracca for The Wall Street Journal\n\nThis month, the company secured a $12 million loan from an investment firm controlled by Aquila.\n\nSome startups are still pursuing SPAC deals. In June, Thunder Power Holdings, a Wilmington, Del.-based company that proposes to use artificial intelligence to make better EVs, completed a reverse-merger deal. Since then, shares with the ticker “AIEV” have fallen more than 95% to 47 cents at Friday’s close.\n\n“A lot of these management teams go into it thinking they’re going into the next Tesla, but that proves to be more the exception than the rule,” said Brian Dobson, a managing director at brokerage Clear Street who has followed the sector closely.\n\nWrite to Amrith Ramkumar at amrith.ramkumar@wsj.com and Shane Shifflett at shane.shifflett@dowjones.com",
    "published": "2024-12-01"
  },
  {
    "source": "WSJ",
    "title": "Exclusive | China Is Studying Russia’s Sanctions Evasion to Prepare for Taiwan Conflict",
    "summary": "Officials report back to Beijing with lessons it can use in the event of war and Western penalties",
    "link": "https://www.wsj.com/world/china/china-is-studying-russias-sanctions-evasion-to-prepare-for-taiwan-conflict-5665f508?mod=Searchresults_pos14&page=164",
    "content": "A Moscow storefront in mid-November displayed exchange rates for the ruble, which has slumped in the wake of sanctions.\n\nChina has been supporting Russia’s economy since the start of the Ukraine war by buying its oil while supplying it with everything from microelectronics to washing machines.\n\nMeanwhile, Beijing has been getting its own strategic benefit: a real-world case study in how to circumvent Western sanctions.\n\nAn interagency group, set up by China in the months following the full-scale invasion, has studied the impact of sanctions and produced reports regularly for the country’s leadership, according to people familiar with the matter. The goal is to draw lessons about how to mitigate them, particularly in case a conflict over Taiwan prompts the U.S. and its allies to impose similar penalties on China, the people said.\n\nAs part of the effort, Chinese officials periodically visit Moscow to meet with the Russian Central Bank, the Finance Ministry and other agencies involved in countering sanctions, the people said.\n\nThe Chinese study effort, which hasn’t previously been reported, is emblematic of the new age of economic warfare unleashed by Russia’s invasion of Ukraine, where the lines between economic policy and geopolitical strategy are increasingly blurred. That trend is only likely to be amplified by Donald Trump’s second presidential term, where he plans to turbocharge the use of tariffs as a tool for negotiation and coercion.\n\nChinese leader Xi Jinping, pictured with Vladimir Putin, has consulted officials as to how to shield Beijing’s foreign reserves. Photo: Maxim Shipenkov/Shutterstock\n\nRussia’s economy has been surprisingly resilient throughout the Ukraine war, but it has shown fresh signs of cracking under Western pressure recently. In the past week, the Russian ruble plunged to its lowest point since the early days of the conflict after the U.S. imposed new banking sanctions.\n\nMoscow owes much of its economic durability to its oil exports and its cooperation with Beijing, as the leaders of both countries seek to challenge the U.S.-led world order. The group that was established shows how deep that collaboration has been, and that Beijing’s support hasn’t entirely been a one-way street with Moscow as the beneficiary.\n\n“For the Chinese, Russia is really a sandbox on how sanctions work and how to manage them,” said Alexander Gabuev, the director of the Carnegie Russia Eurasia Center, who focuses on China-Russia relations. “They know that if there is a Taiwan contingency, the tool kit that will be applied against them will be similar.”\n\nPeople close to Beijing’s decision-making cautioned that the study group doesn’t mean the country is readying an invasion. Rather, Beijing is preparing for the “extreme scenario” of an armed conflict and its economic repercussions, the people said.\n\nThe Chinese Foreign Ministry said that the country “has always been committed to conducting normal exchanges and cooperation with all countries in the world, including Russia, on the basis of equality and mutual benefit.”\n\nThe Russian Central Bank and the Russian Finance Ministry didn’t respond to requests for comment.\n\nThe Chinese island of Pingtan lies just across the Taiwan Strait from Taiwan’s main island. Photo: Greg Baker/Agence France-Presse/Getty Images\n\nOne area of particular concern for China is its more than $3.3 trillion in foreign-exchange reserves, the world’s largest. The moves by the U.S. and its allies to freeze Russian assets abroad following the Ukraine invasion prompted Beijing to more actively look for ways to diversify its stockpile away from dollar-denominated assets, such as U.S. Treasury bonds.\n\nIn a sign of heightened top-level attention on sanction risks associated with the reserves, China’s leader Xi Jinping paid a rare visit to China’s State Administration of Foreign Exchange in the fall of 2023, the people close to Beijing’s decision-making said. During the visit, Xi raised the question of how to safeguard the reserves, the people said.\n\nThe Chinese interagency group on Russian sanctions reports to He Lifeng, China’s vice premier overseeing economic and financial affairs. He, who has a direct line to Xi, has been the chief architect for ringfencing China’s economy from Western sanctions.\n\nBeijing is “very interested in practically everything: from ways of circumventing them to all sorts of positive effects, such as incentives for the development of domestic production,” said a person familiar with China’s outreach to Russia on sanctions.\n\nThe Russia-China relationship has blossomed since the invasion. Bilateral trade reached a record $240 billion last year, juiced by Russian oil sales. Around 60% of newly sold cars in Russia are Chinese, according to Russian data provider Autostat.\n\nBut the relationship has been lopsided: While China accounts for around a third of Russia’s overall trade, Russia makes up a small part of China’s. Much of Russia’s exports is made up of oil and natural gas that China can get elsewhere.\n\nThat means that, if the tables were turned, Moscow wouldn’t be able to provide as much support to China’s economy. That is why Xi has been directing officials to promote trade and deepen economic ties with Russia to achieve a greater “internal driver” for the relationship, according to the people close to Beijing’s decision-making.\n\nWhile the U.S. has already imposed sanctions on China, including export restrictions on advanced semiconductors and measures against telecommunications giant Huawei, a crisis over Taiwan could lead to an economic war of a different magnitude.\n\nFull-scale financial sanctions by the West would disrupt the country’s financial system, interrupt trade and put $3.7 trillion in Chinese overseas bank assets and reserves at risk, according to a report last year by the Atlantic Council and Rhodium Group think tanks.\n\nU.S. restrictions on exporting advanced semiconductors to China have affected companies such as Nvidia. Photo: Agence France-Presse/Getty Images\n\nRussia reacted to Western sanctions by redirecting commodity flows, injecting massive fiscal stimulus into the economy and evading export controls via neighboring countries. These measures stabilized the Russian economy and enabled Moscow to continue prosecuting its war, even as sanctions have hampered the long-term growth outlook for the country.\n\nOne major lesson for China from Russia’s experience has been the importance of preparation, analysts say. Before the war, Russia had sought to diversify its foreign reserves, de-dollarize its economy and build domestic financial plumbing. Even though its success was mixed, those moves helped shield the Russian economy and buy it time to adapt.\n\nAnother lesson for China is the value—and limits—of coalitions. The U.S., the U.K., the European Union and other allies worked in unison to expel major Russian banks from the Swift financial network and impose an oil price cap, while Russia countered by strengthening ties with China, Iran and North Korea.\n\n“China learned that the West can get their act together on sanctions when they have to,” said Agathe Demarais, senior policy fellow for geoeconomics at the European Council on Foreign Relations. “Meanwhile, Russia has found its own allies.”\n\nAt the same time, disagreements in the Western coalition, especially over oil sanctions due to inflation concerns, have hampered their response. And with China having a much larger footprint in the world economy, the global costs of sanctions are expected to be much higher. At least $3 trillion in trade and financial flows—roughly the equivalent of France’s annual gross domestic product—would be at risk of disruption, according to estimates by the Atlantic Council and Rhodium Group.\n\nNevskiy Prospect, shown in 2020, is among the Russia-linked tankers that have sailed under other countries’ flags during the Ukraine war. Photo: Yoruk Isik/Reuters\n\n“One of the lessons from the sanctions on Russia is that once you start imposing them on a large economy there are economic and political ramifications at home,” said Edward Fishman, a former State Department sanctions official and author of the forthcoming book “Chokepoints: American Power in the Age of Economic Warfare.”\n\nChina, a major manufacturer, also learned from Russia’s experience about the potential pitfalls of being connected to global supply chains.\n\nFor years, Russia had tried—and mostly failed—to make its economy self-sufficient. When sanctions hit, Moscow found itself deeply reliant on Western parts it suddenly couldn’t get. That led to shortages and temporary shutdowns of whole industries, such as carmaking. When they later rebooted, Russian carmakers initially made cars without air bags and other safety features because they didn’t have the parts they needed.\n\nNvidia’s AI chips are crucial to technology from smartphones to chatbots. Their production is outsourced to just one company in Taiwan. With growing fears that China may stage an invasion of the island, the U.S. is racing to secure the supply chain. Illustration: Zak Ross\n\n“Sanctions can be really disruptive for any production sector that is enmeshed in global supply chains,” Fishman said. “That makes China highly vulnerable.”\n\nHow Russia found ways around such restrictions, however, provides yet another lesson for Beijing, even though China’s vastly larger economy would require a far greater evasion effort.\n\nTo bypass the oil price cap, for example, Moscow uses a network of tankers not owned by Western countries or insured by Western companies. More than half of Russia’s seaborne oil is now transported with this so-called shadow fleet, analysts say, and the U.S. and its allies have been racing to target vessels with sanctions.\n\nMeanwhile, Russia found a route through ex-Soviet republics to acquire banned Western goods from luxury cars to dual-use goods with military applications such as microchips in what has come to be known as the “Eurasian roundabout.”\n\nWrite to Georgi Kantchev at georgi.kantchev@wsj.com and Lingling Wei at Lingling.Wei@wsj.com",
    "published": "2024-12-01"
  },
  {
    "source": "WSJ",
    "title": "Setbacks for Russia, Iran and Hezbollah Turn Into a Catastrophe for Syria’s Assad",
    "summary": "The loss of Aleppo to Islamist rebels represents a stunning defeat for the Syrian regime, highlighting its dependence on enfeebled allies",
    "link": "https://www.wsj.com/world/middle-east/setbacks-for-russia-iran-and-hezbollah-turn-into-a-catastrophe-for-syrias-assad-c3e693e8?mod=Searchresults_pos6&page=46",
    "content": "It had taken the Syrian regime and its backers—Iran, Russia and Hezbollah—more than four years to dislodge rebel forces from the country’s second-largest city of Aleppo. At the time, in 2016, they celebrated that victory as the turning point in Syria’s civil war.\n\nNow, a surprise rebel offensive has recaptured Aleppo in just a few days, including parts of the city that the Syrian army had never surrendered before. This stunning feat is the direct consequence of new wars that have erupted outside Syria’s borders.\n\n“It’s a tectonic shift,” said Andrew Tabler, a senior fellow at the Washington Institute for Near East Policy who served as Syria director in the Trump White House. “Regional and international powers intervened in Syria over a decade ago, and now the conflicts of Ukraine, Gaza and Lebanon all come together and overlap in Aleppo.”\n\nLebanon’s Hezbollah militia, Russian President Vladimir Putin and the Iranian ayatollahs’ regime are all currently embroiled in conflicts that threaten their very survival, and in which Syria is a sideshow at best. To a varying degree, all three have sustained strategic blows—while the Syrian rebels’ main backer, Turkey, has taken advantage of the turmoil.\n\n“Russia is weakened, Iran is weakened, Hezbollah is beaten—and all this has created an enormous opportunity for Turkey, which it was quick to grab,” said Asli Aydintaşbaş, a Turkey specialist at the Brookings Institution.\n\nCars in Aleppo were still burning in the early hours of Saturday. Photo: Omar Haj Kadour/Agence France-Presse/Getty Images\n\nRebel fighters gathered around a fire in the city’s center before dawn on Saturday. Photo: Omar Haj Kadour/Agence France-Presse/Getty Images\n\nAt the very least, the latest developments will stem the flow of Syrian refugees into Turkey, a significant political problem there. Depending on how fighting develops in the coming weeks and months, the fall of Aleppo could also give Ankara a dominant role in Syria’s future—not necessarily a prospect that Israel would relish.\n\nSyria’s President Bashar al Assad tried his best to keep a low profile ever since the Oct. 7, 2023, attack by Hamas turned into a regional war between Israel, Iran and Iranian proxies. Yet, that maneuvering—including a recent rapprochement with Gulf monarchies that once funded the rebels—didn’t prevent Assad’s regime from getting embroiled in the maelstrom that is reshaping the Middle East.\n\nHailed as a miracle in videos posted from Aleppo’s ancient citadel, the city’s fall on Friday night exceeded the Islamist-led rebels’ wildest expectations. Now, after the regime’s army collapsed or fled, other offensives are under way. Fighting in coming days will show whether the Syrian military will be able to regroup and counterattack—or will continue a chaotic retreat from other major population centers.\n\nAdvertisement\n\nIslamist-led insurgents poured into the Syrian city, rebelling against the regime of Bashar al-Assad. The offensive is seen as a setback for the government in Damascus and its allies Russia and Iran. Photo: AP Photo/Ghaith Alsayed\n\nThe most important factor behind Assad’s loss of Aleppo is the rout inflicted by Israel on Hezbollah. Equipped by Iran and Russia, the Lebanese militia used to be the most capable infantry fighting on Assad’s behalf, and was instrumental in rolling back rebel gains in the past.\n\nBut, in October last year, Hezbollah’s leader Hassan Nasrallah made a strategic mistake, joining the war against Israel that was kicked off by Hamas. As the Lebanese militia redeployed its weapons and forces from Syria to fight Israel, in what it believed would be a carefully calibrated campaign, it suffered nothing short of a military catastrophe.\n\nIn recent months, Israel killed most of Hezbollah’s senior leadership, including Nasrallah himself, decimated the militia’s ranks and destroyed its weapons caches in southern Lebanon and south Beirut. Following a ground invasion, Israel has forced Hezbollah, which had pledged to keep fighting until a full Israeli withdrawal from Gaza, into a separate cease-fire.\n\nAdvertisement\n\n“Hezbollah is crippled,” said Navvar Şaban, a researcher on Syria at the Harmoon Center for Contemporary Studies in Istanbul. “This has created a huge vacuum. Though there were regime forces located in Aleppo, they were not trained, they lacked military discipline, they lacked tactics and even their retreat plan was a disaster.”\n\nSince the Gaza war began, Iran, too, has lost some of its top Revolutionary Guard commanders in Syria and Lebanon to Israeli airstrikes. Instead of projecting strength, Iran’s retaliation against Israel—the first direct missile exchange between the two countries—resulted in the Israeli bombing of Iranian air defenses and weapons-production facilities. This was a blow to Tehran’s military power and political prestige alike.\n\nFor Russia, the 2015 intervention to rescue Assad’s regime was advertised as a major geopolitical triumph that displaced the U.S. as the Middle East’s sole dominant power. Then came the 2022 invasion of Ukraine, which instead of a quick victory expected by Putin has turned into a bloody war of attrition. Regular Russian forces have taken hundreds of thousands of casualties and lost several thousand tanks and fighting vehicles since then. The Wagner paramilitary group, which had played a critical role in Syria, has been destroyed, its leadership killed in the wake of last year’s failed putsch against Putin.\n\nAleppo emerged badly scarred, including major damage at the historic Umayyad Mosque, after pro-government forces recaptured the city in 2016. George Ourfalian/AFP/Getty Images, Omar Sanadiki/Reuters\n\nThe Russian air force, indispensable for the survival of Assad, hasn’t been as degraded as Russian ground troops in Ukraine, but it too has lost a significant part of its firepower and operates at a fraction of its former strength in Syria. According to open-source analysts at the Oryx consultancy, some 117 Russian warplanes were destroyed in nearly three years of the Ukrainian war, and 15 more damaged.\n\nWhile the Russian air force carried out a series of bombing runs in Syria in recent days, these strikes were limited and didn’t do much to halt the rebel advances. “The Russians are very, very busy in Ukraine, and that’s a big part of it,” said Mouaz Moustafa, executive director of the Syrian Emergency Task Force, a group that advocates for democracy in Syria. “Thank God for the Ukrainians.”\n\nThe current rebel offensive in Aleppo was led by the Hayat Tahrir al Sham, or HTS, an Islamist militia coalition that enjoys Turkish backing. Its key leaders include Islamist fighters once associated with the Nusra Front, a one-time Syrian affiliate of al Qaeda. Though the HTS leadership has publicly disavowed al Qaeda, the group remains classified as a terrorist organization by the U.S. government. Unlike the rebel forces of a decade ago, HTS units involved in the current offensive appeared well-trained and well-armed. They also heavily relied on the drone technology that has been developed during the war in Ukraine.\n\nAdvertisement\n\nIn an effort to avoid the mistakes of the past and project the image of moderation, HTS military commander Abu Mohammad al Jawlani urged his Sunni Islamist followers to avoid harming Shiites and other minorities, and to maintain order in the city. “Aleppo has always been—and remains— a meeting place of civilizations and cultures, with a long history of cultural and religious diversity,” his edict said.\n\nAnti-government forces, who had reached Aleppo’s ancient citadel by Saturday, have been urged to exercise restraint in the historic city. Photo: Omar Haj Kadour/Agence France-Presse/Getty Images\n\nFighting caused heavy damage to this house to the east of Idlib. Photo: Omar Haj Kadour/Agence France-Presse/Getty Images\n\nWhile the HTS rebels—and their Turkish patrons—benefited from the Israeli strikes on Hezbollah and sites in Iran and Syria, the timing of the Aleppo offensive was likely tied to the cease-fire just reached in Lebanon.\n\n“The militants have been ready for a while. And my guess is it’s the Turks who have been holding them back,” said Robert Ford, a former U.S. ambassador to Syria and a fellow at the Middle East Institute. “But now, once the Lebanon cease-fire is done, the attack on Aleppo doesn’t look anymore like Turkey fighting an enemy of Israel.”\n\nTurkish President Recep Tayyip Erdogan has been among the most vociferous critics of Israel, hosting leaders of Hamas and curtailing trade and diplomatic ties with Israel after tens of thousands of Palestinians were killed by Israeli forces.\n\nStill, the Aleppo offensive was seen with satisfaction, if not outright gloating, by many in Israel. “It’s a net positive for Israel,” said Nadav Pollak, a former Israeli intelligence official who teaches at Reichman University in Israel. “The Iran-Hezbollah-Syria axis suffered heavy blows in recent months, and this adds another significant blow, which forces all members of the axis to focus on another theater that is not Israel.”\n\nAs for Russia, the rebels entering Aleppo quickly appealed to Moscow to reconsider its role, and its interests, in Syria. “The Syrian revolution has never been directed against any nation or people, including Russia,” said a statement by the HTS-led rebel administration. “It is not a party to what is happening in the Russo-Ukrainian war.”\n\nAt the same time, the rebels—whose ranks include Russian-speaking Islamists from the Caucasus and Central Asia—posted online videos of themselves killing Russian soldiers in the outskirts of Aleppo and tearing down portraits of Putin in Syrian government offices.\n\nWrite to Yaroslav Trofimov at yaroslav.trofimov@wsj.com",
    "published": "2024-12-01"
  },
  {
    "source": "WSJ",
    "title": "Russian and Syrian Regime Forces Strike Rebel-Held Territory as Assad Faces Biggest Threat in Years",
    "summary": "Airstrikes aim to weaken supply lines feeding a resurgent Islamist rebel movement",
    "link": "https://www.wsj.com/world/middle-east/russia-syrian-regime-strike-rebel-held-territory-as-anti-assad-forces-advance-ed84d6ae?mod=Searchresults_pos20&page=129",
    "content": "BEIRUT—Syria’s President Bashar al-Assad is facing the most serious challenge to his grip on power in nearly a decade after rebels captured most of the city of Aleppo in a swift offensive that crumpled his Russian- and Iranian-backed forces and has the potential to alter the balance of power in the Middle East.\n\nRussian and Syrian government planes launched airstrikes in rebel-held territory Sunday in an attempt to disrupt the rapid advances seen in recent days, including the seizure of Aleppo, a strategic prize that, before the war, was Syria’s largest city and a commercial hub for the broader region.\n\nThe rebels’ gains mark a sudden shift in power dynamics in the wider Middle East and a jarring setback for Russia and Iran. For years Moscow and Tehran have helped preserve the Assad regime. But now they find themselves stretched as a result of separate wars in Ukraine and, in Iran’s case, Gaza and Lebanon, where its allies Hamas and Hezbollah have been severely weakened in their conflicts with Israel.\n\nRussian and Syrian aircraft struck the northwestern city of Idlib on Sunday to slow the insurgents’ advance, according to local rescue workers and Russian state news agency TASS. The Russian military said it was intensifying strikes on rebel supply lines. Intense fighting took place across northwestern Syria over the weekend after rebels seized control of key villages and towns.\n\nRebels push further South and East of Aleppo, the biggest offensive in years\n\nForces at work in Syria\n\nAreas under Turkish control Gaziantep TURKEY Antakya Aleppo Raqqa Idlib Latakia Deir ez-Zor CYPRUS IRAQ Hama SYRIA Tartus Homs Khmeimim Air Base (Russian base) Tadmur Abu Kamal U.S. declared exclusion zone Beirut Mediterranean Sea Damascus LEBANON Government and allies (Russia, Iran) al-Tanf (U.S. base) GOLAN HEIGHTS Haifa Kurds Israel control FSA groups in Northern Syria Irbid Rebels Tel Aviv JORDAN 50 miles Amman 50 km Jerusalem Areas under Turkish control TURKEY Aleppo Raqqa Idlib Latakia Deir ez-Zor Hama SYRIA Tartus IRAQ Homs Tadmur Abu Kamal Khmeimim Air Base (Russian base) U.S. declared exclusion zone Med. Sea Damascus LEBANON al-Tanf (U.S. base) GOLAN HEIGHTS Israel control 50 miles 50 km JORDAN Government and allies (Russia, Iran) FSA groups in Northern Syria Kurds Rebels Areas under Turkish control TURKEY Aleppo Raqqa Idlib Latakia Deir ez-Zor Hama SYRIA Tartus IRAQ Homs Tadmur Abu Kamal Khmeimim Air Base (Russian base) U.S. declared exclusion zone Med. Sea Damascus LEBANON al-Tanf (U.S. base) GOLAN HEIGHTS Israel control 50 miles 50 km JORDAN Government and allies (Russia, Iran) FSA groups in Northern Syria Kurds Rebels\n\nThe insurgents, led by Hayat Tahrir al-Sham, which was previously known as the Nusra Front and broke away from al Qaeda in 2016, meanwhile began consolidating control over Aleppo as they moved south toward the Assad government’s chief power centers.\n\nThe city had been the rebels’ most important stronghold earlier in Syria’s yearslong civil war, which began with an uprising against Assad and his regime in Damascus. Its recapture carries both symbolic significance and strategic weight, commanding important transport routes across the north of the country. Rebel soldiers fanned out across Aleppo over the weekend, while the opposition government promised to restore public services disrupted by the fighting and deliver vital bread supplies.\n\nRussia, which has navy and air bases in Syria that provide it a foothold in the Mediterranean, has moved weapons and other military assets out of Syria in its globe-spanning effort to source armaments for its invasion of Ukraine. Among the weapons Russia repositioned out of Syria is the S-300 air defense system, according to Ukrainian officials.\n\nAssad traveled to Moscow in recent days pleading for more support, according to several people familiar with the matter. Kremlin spokesman Dmitry Peskov on Friday declined to comment on reports that Assad had been in Moscow. By Sunday, Assad was back in Damascus, where he met the visiting Iranian foreign minister.\n\nIran has long viewed Syria as a lever to expand its influence across the region and apply pressure on its arch-opponent, Israel. But punishing Israeli campaigns against Iranian allies including Hamas and Hezbollah have put Tehran on the back foot, as have Israeli strikes in Iran itself.\n\nIslamist-led insurgents poured into the Syrian city, rebelling against the regime of Bashar al-Assad. The offensive is seen as a setback for the government in Damascus and its allies Russia and Iran. Photo: AP Photo/Ghaith Alsayed\n\nHezbollah, whose fighters also fought in Syria alongside Assad’s forces, accepted a cease-fire with Israel in recent days.\n\nThe rebel offensive also poses questions for the U.S. policy toward Syria, where the U.S. military has hundreds of troops stationed in the country’s far east. White House National Security Council spokesman Sean Savett said Assad’s reliance on Russia and Iran and the regime’s refusal to negotiate an end to the conflict had resulted in a collapse of regime lines. “At the same time, the United States has nothing to do with this offensive” led by Hayat Tahrir al-Sham, which the U.S. designates as a terrorist organization in part because of its past ties to al Qaeda.\n\nThe unraveling of the government presence in Aleppo and across the northwest revealed a brittle regime that has grown increasingly dependent on Russian and Iranian backing for its survival, security analysts said.\n\n“The regime has always been rotten and dysfunctional,” said Aron Lund, a security analyst working on Syria with the Swedish Defense Research Agency, a government think tank. “They’re used to being bailed out by Russia and Iran all the time.”\n\nWhile Assad remains in power, he is facing renewed questions about the viability of his regime. Besides the loss of the area in the northwest, he has also lost another zone in the north held by Turkish-backed militants. A swath of Syria east of the Euphrates River is held by U.S.-backed militias.\n\nA rebel fighter stands on a military vehicle in northwestern Syria. Photo: mahmoud hassano/Reuters\n\nAntigovernment fighters stand under an upside-down image of Syria’s President Bashar al-Assad. Photo: omar haj kadour/Agence France-Presse/Getty Images\n\nAssad still controls the capital Damascus and other cities but the loss of Aleppo deprives him of one of the country’s most important commercial hubs and a key population center. If the rebels push further south, they could attempt to cut off the regime’s access to the Mediterranean coast and strategic air and navy bases there, according to military analysts.\n\nAmerican sanctions and a severe economic crisis in neighboring Lebanon that began in 2019 heaped new economic stresses on the regime, cutting the value of the Syrian pound and undermining the government’s ability to provide services and pay its own soldiers. The government has allowed the demobilization of some soldiers in recent years.\n\n“It has exposed a true weakness to the regime,” said Gregory Waters, a longtime analyst on Syrian military dynamics with Syrian Archive, a research organization.\n\nRebel leaders have spent years reorganizing since a Russian backed offensive in 2020. Insurgent leaders who controlled an enclave in northwest Syria have been reorganizing their forces, sending units for training, and working to improve command and control to avoid the chaos and disorganization that plagued them in the past.\n\nAleppo had long been a specific target. Large protests against Assad broke out there in 2011 and rebels took over a section of the city, which they occupied until Russian airstrikes and a long siege forced them to accept passage out of the city in December 2016.\n\nPeople gathered at a hospital in Idlib, northern Syria. Photo: bilal al hammoud/Shutterstock\n\nJihadist leader Abu Mohammed al-Jolani, commander of Hayat Tahrir al-Sham, has long vowed that rebel forces would return to the city. He has spent years probing the regime for weaknesses in the hope of finding an opportunity to strike, according to people familiar with his thinking.\n\n“The Syrian revolution is in its best shape since 2012,” Jolani said in a speech in May last year. “It won’t be long until we reach Aleppo. As I see you sitting before me now, with God’s will I’ll see you in Aleppo.”\n\nThe speed and success of the assault has breathed new life into the opposition cause after Assad’s forces, backed by Russian air power, reclaimed much of northwest Syria four years ago, displacing hundreds of thousands of people and pushing the rebels into a small enclave along the border with Turkey.\n\nWithin days, the government lines crumbled across the northwest, with insurgents pouring into Aleppo facing little to no resistance. Opposition forces also pushed south toward the city of Hama, another important population center.\n\nIn a symbol of independent Syrian institutions extending their influence, the Syria Civil Defense, a volunteer rescue organization also known as the White Helmets, said Sunday that it was expanding its operations into areas newly retaken by the rebels.\n\nOther Syrians saw the rebels’ advance as an invitation to the homes they had fled years before.\n\n“I wanted to tell the world, remember us. We’re back,” said Abdulkafi Alhamdo, a 39-year-old English teacher from Aleppo who evacuated the city when the rebels were pushed out and returned over the weekend. “When I left Aleppo in 2016 I left some of my soul there, some of my mind, and then I’m reunited.”\n\nSummer Said and Benoit Faucon contributed to this article.\n\nWrite to Jared Malsin at jared.malsin@wsj.com",
    "published": "2024-12-01"
  },
  {
    "source": "WSJ",
    "title": "Donald Dos and Donald Don’ts",
    "summary": "Protect the dollar, close the Education Department and don’t fall for crypto.",
    "link": "https://www.wsj.com/opinion/donald-dos-and-donald-donts-trump-administration-policies-c9bbb0e5?mod=Searchresults_pos12&page=134",
    "content": "In a classic Wall Street bull-market move, I went to Atlantic City, N.J., and sat behind Donald Trump at the Mike Tyson vs. Tyrell Biggs heavyweight fight at Trump Plaza on Oct. 16, 1987. I still have the souvenir: a red hat. The market crashed that Monday. Ominous, right? Here are some Donald Dos and Donald Don’ts to avoid a repeat on his watch.\n\nDonald Do protect the dollar: The Dow Jones dropped about 22% on Black Monday after Ronald Reagan ’s Treasury Secretary James Baker refused to defend the dollar amid growing trade deficits and West Germany raising interest rates over the weekend.\n\nThe souvenir red hat from the Mike Tyson vs. Tyrell Biggs heavyweight fight at Trump Plaza on Oct. 16, 1987. Photo: Andy Kessler\n\nPresidents get the dollar they wish for. Emulate former Treasury Secretary Robert Rubin , who repeated ad nauseam, “A strong dollar is in the best interest of the United States.” It really is. Have your Treasury Secretary Scott Bessent say it—and mean it—or the stock market may receive a Mike Tyson-like knockout blow. A lower dollar won’t bring manufacturing jobs back to the U.S.; productivity and artificial intelligence robot-assisted factories will.\n\nDonald Don’t impose tariffs: I get it, your tariff bluster is a negotiating tactic. Heck, Mr. Bessent even called tariffs a “maximalist negotiating position.” Sure, except you know it, I know it and so does everyone else—including China. Tariffs are an unnecessary sales tax and can be inflationary, which is why long bond yields are rising. Tariffs kill trade and economic booms. Go easy on the Tariff Man shtick, and banish tariff touters Robert Lighthizer and Peter Navarro to the Social Security Administration.\n\nDonald Don’t create migrant camps: The border mess is one reason you were elected. A recent CBS poll found that 57% of Americans approve of deportations. But do it right. Camps on the nightly news will ensure that public opinion destroys you. Do it in phases. Instead of mass deportations, start with the careful screening and removal of criminals. You’ll be hailed.\n\nRemember this? After President Biden referred to Laken Riley ’s killer as an illegal during his State of the Union address, Nancy Pelosi went on CNN and said, “He should have said ‘undocumented,’ but it isn’t a big thing.” Except it was as the press piled on their indignation. It’s all about Orwellian wording.\n\nThe reason you’re deporting is some 10 million migrants were encountered crossing the U.S. border illegally under Mr. Biden. So turn the tables. Say you are returning Mr. Biden’s uninvited guests. Reversing the Joe Flow. Removing illegal “Bigrants.” That even sounds Trumpian. Remind everyone why you are doing this.\n\nDonald Do scrap DEI: Do it across the entire federal government by Executive Order 13985a, word swapping Joe Biden’s “whole-of-government equity agenda” signed on his first day with a “whole-of-government equality agenda.” Simple and effective.\n\nDonald Do close the Education Department (and let DOGE close or clean up many others): Encourage charters. Liberate the curriculum. Encourage AI—what the Khan Academy is doing—which will become our children’s best and most efficient teachers. In the spirit of Grover Norquist , shrink government to the size where it can be drowned in a bathtub.\n\nDonald Do encourage electric vehicles: But don’t mandate or subsidize them. The average price of a new car in October was $48,623. Putting tariffs on Chinese EVs, especially from the world’s largest EV maker BYD, who sells cars for as cheap as $10,000 to $20,000, is stealing from Americans in exchange for a handful of jobs. Dumb.\n\nDonald Do protect Taiwan: A Chinese attack would trigger a world recession. Remind China that it will be hurt worse as equipment-maker ASML added remote-kill switches on their equipment for chip maker Taiwan Semiconductor Manufacturing Company Limited, rendering the equipment worthless after an invasion.\n\nDonald Do let Israel and Ukraine win: Don’t restrict their weapons or how they use them, and the wars will end quickly. Let these countries focus on technology and innovation rather than having to defend their citizens.\n\nDonald Do encourage domestic energy: Boost fracking. Boost nukes via faster permitting. Boost geothermal energy, which will enable our cleanest fuel source.\n\nDonald Don’t continue the CHIPS+ Act or any industrial policy. Do provide advanced orders to chip companies. The National Aeronautics and Space Administration did this in the early days of Silicon Valley. It worked out.\n\nDonald Do encourage digital interstate commerce: Do it for medicine, education and everything. Scrap car mileage standards. Create more national parks. Go to Mars. Don’t kill the North Atlantic Treaty Organization.\n\nFinally, Donald Don’t fall for crypto: You raised money from a bunch of guys who buy and trade worthless puka shells and claim that they have all sorts of magical financial powers (beyond money laundering). They are still securities. Your latest harebrained idea is no capital-gains taxes on U.S.-based crypto. Why? If prices collapse, a lot of your constituents will be hurt. Maybe worse than by tariffs.\n\nWrite to kessler@wsj.com\n\nWonder Land: In 2016 they lay down in the street to stop traffic. In 2024 they had cookies and milk. Photo: Brian Snyder/Reuters/Mark Wilson/Getty Images",
    "published": "2024-12-01"
  },
  {
    "source": "WSJ",
    "title": "Cut, Don’t Share, Our Taxes",
    "summary": "The concept of revenue sharing (later block grants) was perplexing then and now.",
    "link": "https://www.wsj.com/opinion/cut-dont-share-our-taxes-revenue-sharing-f3782d4d?mod=Searchresults_pos2&page=35",
    "content": "John Cogan ’s op-ed “Got Debt? Try Some Fiscal Federalism” (Nov. 27) reminds us that President Richard Nixon initiated “revenue sharing” in 1972 as a federalism program to help states fund local projects. The concept of revenue sharing (later block grants) was perplexing then and now. The real question isn’t why give federal money to the states, but why the federal government should take it from the people in the first place.\n\nLars Peterson",
    "published": "2024-12-01"
  },
  {
    "source": "WSJ",
    "title": "Imports Are the Habit U.S. Small Businesses Can’t Quit",
    "summary": "Trump’s tariff plans rank among the top risks for owners, even those shifting production out of China. ‘Uncertainty is the real killer.’",
    "link": "https://www.wsj.com/business/entrepreneurship/us-small-business-supply-chain-china-tariffs-0cc99d0f?mod=Searchresults_pos1&page=24",
    "content": "Chef’s aprons and biodegradable pillows are just a few of the millions of items that small U.S. businesses still manufacture mostly in China. With existing tariffs adding costs and new levies looming, many owners have been searching for alternatives. The prospect of new tariffs on Mexican imports is making that even more of a challenge.\n\nRoughly one-third of small-business owners cited tariffs as the policy change most likely to affect them under the second Trump administration, according to a survey of nearly 500 entrepreneurs conducted just after the November election. Tariffs were second only to tax policy, according to the survey by Vistage Worldwide, a business-coaching and peer-advisory firm.\n\nTormach, a machine-tool maker in Madison, Wis., has been accelerating plans to shift production from China to a factory in Mexico it purchased last year. Then, this week, it learned about President-elect Donald Trump’s plans to impose 25% tariffs on Mexican imports.\n\n“This is not great news for us, but there are several reasons to stay positive,” Tormach Chief Executive Daniel Rogge emailed the company’s 100 employees the morning after Trump’s announcement. Mexican tariffs are likely to be short-lived, if they happen at all, he said. “I don’t think this will be the last curveball thrown in our direction.”\n\nTormach CEO Daniel Rogge Photo: Tormach\n\nTormach began selling its first Mexican-made milling machines in April, with parts made in Ohio. The products that are made in China use iron casting, a labor-intensive and energy-intensive process. Tormach’s Mexican factory employs mineral casting, a more sophisticated process that pollutes less but is more costly.\n\nMaking tools in the U.S. isn’t currently an option, Rogge said, because of high labor costs and a shortage of skilled workers. “Uncertainty is the real killer,” he said in an interview.\n\nTilit, a maker of aprons, pants and other chef and hospitality workwear, has been working all year to land its first sale to a large national restaurant chain. The company set pricing for the 100,000-unit order of aprons assuming it would make the goods in China. New tariffs could render the order unprofitable.\n\n“We are working on countersourcing it,” said Jenny Goodman , co-founder and CEO of the 16-person company. “What if we produced it in Kenya or Vietnam? How would that change timelines and the quality?”\n\nFor Tilit, one attraction of working in China is that factories there often have minimum order requirements of just 500 units per style and color, well below the 10,000 minimums at many Vietnamese factories.\n\nTilit began working with a factory in Mexico last year; the first deliveries are expected in January, just as new tariffs may hit. “There’s not much we can do to pivot in the short term,” Goodman said, adding that Tilit might have to accept a smaller profit or raise prices while it contemplates its next moves.\n\nTilit employs a few seamstresses at its headquarters in New York City to turn out samples and small custom orders. Photo: Tilit\n\nThe company employs five seamstresses, one cutter and one assistant seamstress at its headquarters in New York City. That team is enough labor to turn out samples and small custom orders, not larger production runs.\n\n“When we have to turn over a seamstress, it can be months before we find someone who wants to work and is trained to work,” Goodman said. Even U.S.-made goods include Chinese-made snaps, buttons, labels and metal hardware.\n\nCompanies of all sizes are confronting similar questions. But the challenges are particularly steep for small businesses, which typically have less-diversified supply chains and thinner profit margins.\n\nTravis Luther , the founder of startup Moso Pillow, said he decided to manufacture his biodegradable pillows in China because of the country’s expertise in producing bamboo textiles and the willingness of factories there to experiment.\n\nLuther doubled his initial pillow order just after Trump’s election. He is now pushing to make sure his four shipping containers arrive in the U.S. before the inauguration and has spent days negotiating with warehouse operators to secure storage. He hasn’t had time yet to focus on longer-term plans.\n\n“What I thought was going to be a relatively easy process six months ago—to find storage and fulfillment—has turned into my biggest nightmare,” said Luther, who previously ran another bedding company.\n\nTravis Luther, the founder of startup Moso Pillow. Photo: Alyson McClaran\n\nDaniel Wright , CEO of Yard Butler, had just sent out a marketing email with the company’s pricing for 2025 Christmas tree stands when Trump announced he would impose tariffs on Mexico, where the company’s lawn and garden tools and seasonal products are made.\n\n“The marketing pitch had been: Buy from us in Mexico and get price stability,” said Wright. “It blew up in my face.”\n\nWright initially thought it would be best to factor in tariffs when setting pricing for next fall, but customers advised him to provide current pricing and to adjust for tariffs later, if they are imposed. “We can’t respond to every threat,” he said. “We will just adjust when the reality hits.”\n\nLED Connection, a provider of lighting solutions, has shifted about 30% of its production to Mexico, the Philippines and Vietnam from China over the past two years.\n\nThis September, the Las Vegas-based company purchased a 30,000-square-foot building in its hometown for assembly and manufacturing. Unlike many small businesses, the 62-person company had enough cash reserves and borrowing power to cover the nearly $1 million cost.\n\n“I just had a hunch that the U.S. market had an appetite to continue to increase these tariffs,” said CEO David Williams , who is hoping that tariffs will help offset labor costs in the U.S. “We took a little bit of a gamble. It looks like it is paying off.”\n\nWrite to Ruth Simon at Ruth.Simon@wsj.com\n\nWe Want to Hear From You Are existing tariffs having an impact on your job or business? Are you concerned about the impact of proposed tariffs? Tell us how. Name Email Where do you live? (City, State) By submitting your response to this questionnaire, you consent to Dow Jones processing your special categories of personal information and are indicating that your answers may be investigated and published by The Wall Street Journal and you are willing to be contacted by a Journal reporter to discuss your answers further. In an article on this subject, the Journal will not attribute your answers to you by name unless a reporter contacts you and you provide that consent.\n\nThe Trump Transition Insights on the outlook for business, policy and the economy under Trump, selected by the editors Who’s Who in Trump’s Cabinet",
    "published": "2024-12-01"
  },
  {
    "source": "WSJ",
    "title": "wsj.com",
    "summary": "",
    "link": "https://www.wsj.com/business/entrepreneurship/us-small-business-supply-chain-china-tariffs-0cc99d0f?mod=Searchresults_pos10&page=144",
    "content": "",
    "published": "2024-12-01"
  }
]