[
  {
    "source": "WSJ",
    "title": "The Post-Biden Foreign Policy",
    "summary": "Public skepticism is rising on both right and left about the U.S.-led world order.",
    "link": "https://www.wsj.com/opinion/the-post-biden-foreign-policy-world-order-national-security-7441dc7c?mod=Searchresults_pos14&page=37",
    "content": "The enthronement of Donald Trump and J.D. Vance at the Republican National Convention, the defenestration of Joe Biden and his anointing of Kamala Harris as the Democratic heir, the attempted assassination of Mr. Trump and a scandal over the Secret Service’s performance all have heads spinning at home and abroad. For Americans caught up in the presidential drama, the news was more about personalities and parties than foreign policy. But for foreign governments struggling to understand the direction of the world’s largest military and economic power, the news was all about uncertainty and risk.\n\nBy selecting Sen. Vance of Ohio, Mr. Trump doubled down on the populist, antiestablishment approach to foreign policy that shocks some and thrills others abroad. Mr. Vance is skeptical of aid to Ukraine, supports protectionist tariffs, and advocates a Jacksonian-inflected MAGA agenda.\n\nVice President Harris’s apparent ascension as the Democratic nominee suggests that Democrats, too, may be moving away from the center. The picture is murky because Ms. Harris hasn’t left deep footprints in important foreign-policy debates and decorum obliged Harris staffers to emphasize their mind meld with Team Biden on all matters. But people familiar with the thinking in both camps believe significant differences on the Middle East and other issues could soon emerge.\n\nWhether Mr. Trump or Ms. Harris takes the oath of office in January, President Biden will likely be remembered as the last of the post-Cold War presidents. While revisionist powers like China, Russia and Iran have been mounting forceful challenges, public skepticism is rising at home on both the left and the right about the American-led world order. Team Biden sought to preserve the order that was established after World War II and then strengthened and extended by Presidents George H.W. Bush and Bill Clinton after the Cold War.\n\nFirst and foremost, this meant cementing ties with allies in Europe, sorely tested during the disruptive Trump presidency, based on the values of international law and democracy at the ideological core of the old world order. Once Russia invaded Ukraine, the current administration’s focus shifted to building a coalition that will, Biden aides hope, ultimately force Vladimir Putin to end the war on terms acceptable to Ukraine and its Western supporters. In Asia, Team Biden successfully transformed the old hub-and-spoke model of U.S. alliances to what officials call a “lattice structure,” in which cooperation among U.S. allies in Asia strengthens the alliance system as a whole. (The U.S. has had treaties with several Asian allies, but there was relatively little integration or cooperation among countries like South Korea and Japan.) In the Middle East, the Bidenites worked on uniting Israel, Saudi Arabia and the U.S. to offset Iran’s relentless drive for hegemony. Complicating Team Biden’s bid to maintain the old international order was the burden that emerging problems placed on a struggling international system. Engineering the transition to a net-zero future means replacing the global energy system with something radically new. Change on that scale is risky and expensive, and it adds considerably to the difficulties of managing an international system already under attack from geopolitical rivals.\n\nSimultaneously, the general retreat of democratic governance in much of the world, along with the increasing prominence of LGBTQ issues in the Western human-rights agenda, made Team Biden’s “democracy vs. autocracy” framing of American strategy a tough sell in much of the Global South.\n\nThe trend toward greater protectionism will likely continue no matter who enters the Oval Office in January. Both Mr. Trump and Ms. Harris will focus on enforcing strict rules of economic engagement with China. Beyond that, Mr. Trump would stress national defense and restoring American manufacturing jobs in his trade policy. A President Harris might organize a restrictive trade agenda around the energy transition and green tariffs.\n\nTime comes for us all, as Mr. Biden discovered last weekend. The question American allies and adversaries alike will be asking amid the race to succeed him is whether Father Time also has come for the policy of global engagement in defense of an American-led world order. A recent Pew Research Center survey found that majorities of under-30 American adults ranked only three foreign-policy goals as top national priorities: dealing with climate change, stopping the spread of weapons of mass destruction, and defending the U.S. against terror attacks.\n\nWe live in dangerous times; old certainties are falling by the wayside. Mr. Biden’s successor will need clear vision and superb leadership skills to surmount America’s challenges abroad.\n\nJournal Editorial Report: How will he fare as Trump's top deputy? Photo: Evan Vucci/Associated Press",
    "published": "2024-07-22"
  },
  {
    "source": "WSJ",
    "title": "Views of Biden’s Economic Record Burden His Successor",
    "summary": "Voters’ deep discontent with inflation means a Democratic candidate should focus on what the future would look like under Trump, not the past under Biden",
    "link": "https://www.wsj.com/economy/biden-is-out-but-his-economic-record-still-burdens-his-replacement-7ddfc7ea?mod=Searchresults_pos10&page=106",
    "content": "President Biden in Arizona in March, as the government announced $8.5 billion in federal funding for Intel to make semiconductors in the state.\n\nPresident Biden wanted to be a transformative president who expanded the state’s role in American life as Lyndon B. Johnson had. To a striking extent, he succeeded, pushing through milestone legislation on infrastructure, semiconductor manufacturing and green energy.\n\nBut when the public thinks of Biden’s economic record, they focus on something else: inflation, which in 2022 hit a 40-year high before receding. Inflation had already endangered Biden’s re-election, even before concerns about his age emerged. Those concerns led him to announce Sunday he would no longer seek re-election, and to endorse Vice President Kamala Harris as the Democratic nominee for president.\n\nThe question now is whether Harris, or any other Democrat, will be similarly burdened by public unhappiness about the economy—or whether they can pivot to focusing on the future, where the candidate stands a better chance against Republican nominee Donald Trump.\n\nThe Democratic nominee will have to contend with Biden’s economic record. The $1.9 trillion American Rescue Plan that Biden signed shortly after he took office embodied both his ambition and overreach. Biden and his staff saw it as a vehicle for progressive goals such as a vastly expanded child tax credit. It was to be followed by “Build Back Better,” which would shower billions more on green energy, universal prekindergarten, expanded healthcare subsidies, paid leave, child care, eldercare and public housing. And because the economy was in crisis, they reasoned, the more they spent, the better.\n\nBut the premise was wrong. The economy wasn’t in crisis. It had been growing rapidly since mid-2020 thanks to stimulus passed under Trump, an end to social distancing, and vaccines. It wasn’t being held back by inadequate demand, but inadequate supply, as the pandemic snarled logistics chains and drove millions from the labor force. The collision of new demand with constricted supply sent inflation soaring.\n\nBuild Back Better eventually foundered on opposition from moderate Democratic senator Joe Manchin of West Virginia. In retrospect, he may have done Biden a favor. His opposition headed off another potentially inflationary surge of spending. Meanwhile, smaller pieces of Biden’s agenda passed separately as the Infrastructure and Investment Act, the Chips and Science Act, and the Inflation Reduction Act, the first two with Republican votes.\n\nA semiconductor manufacturing facility in New York. Photo: Cindy Schultz/Bloomberg News\n\nPresident Biden holds a semiconductor in 2021, before signing an executive order aimed at addressing a global chip shortage. Photo: Jonathan Ernst/Reuters\n\nTheir ultimate legacy remains to be seen. The Chips act is bringing to the U.S. the capacity to make advanced semiconductors that now exists exclusively in Asia. The Inflation Reduction Act has encouraged investment in solar energy, electric vehicles and batteries.\n\nThe legislation represents a major shift by the U.S. into industrial policy—the use of state instruments to allocate capital to favored sectors. The shift seems likely to endure even if Trump, who shares Biden’s skepticism of free trade and fondness for domestic manufacturing, returns to the White House next year.\n\nYet while all three laws were broadly popular, they have barely registered in the public’s consciousness. Instead, poll after poll found abysmal approval of Biden’s handling of the economy, a disconnect that frustrated Biden officials and perplexed outside observers. After all, in terms of growth in economic output and jobs, or the decline in unemployment, his record thus far ranks among the best of any presidential term since 1980.\n\nEven inflation, while still higher than the 2% that prevailed before the pandemic, is now down to about 3%, and getting close enough to 2% that the Federal Reserve should soon lower interest rates.\n\nThat is overshadowed by the cumulative 20% increase in prices since Biden took office, the unaffordability of homes and the failure of wages to keep up with prices. Those factors contribute to a pervasive sense of instability fueled by changes to life and work brought on by the pandemic, high levels of unauthorized immigration, war in Ukraine and Gaza, and intensifying polarization.\n\nHistorians will get to decide Biden’s true economic legacy. For now, the more pressing question is whether public antipathy similarly drags down whoever takes his place as the Democratic nominee for president.\n\nVice President Kamala Harris in 2023, announcing funding to organizations under the American Rescue Plan. Photo: Chip Somodevilla/Getty Images\n\nHarris will find it almost impossible to distance herself from Biden’s record. In a similar way, Vice President Hubert Humphrey, who became the Democratic nominee in 1968 after Johnson declined to run, struggled to distance himself from the deeply unpopular Vietnam War, and went on to lose narrowly to Richard Nixon .\n\nAn outsider such as Pennsylvania Gov. Josh Shapiro or Michigan Gov. Gretchen Whitmer would carry less baggage than Harris but still bear the brunt of anti-incumbent ire. In 2008, Republican John McCain was close to Democrat Barack Obama in the polls until mid-September when Lehman Brothers failed. McCain was running to succeed another Republican, George W. Bush , and voters blamed the ensuing crisis on the party that then held the White House.\n\nStill, while any Democratic nominee has to shoulder Biden’s record, he or she might at least do better defending it, and taking the attack to Trump, than Biden did in his disastrous June debate.\n\nWhile the public remembers Trump’s economy fondly, he has vulnerabilities. His running mate, JD Vance, may sound populist pro-worker notes, but Trump’s own rhetoric still emphasizes tax cuts and tariffs, neither of which are particularly popular. Economists believe his plan to raise tariffs, deport unauthorized immigrants and cut taxes will raise inflation, interest rates and deficits. No one knows if they are right. But the more the Democratic nominee can talk about the future under Trump rather than the past under Biden, the better his or her chances will be.\n\nAfter mounting pressure from Democrats following his debate performance, President Biden has dropped out of the 2024 presidential race. WSJ’s Catherine Lucey explains how Biden lost his party’s support.\n\nWrite to Greg Ip at greg.ip@wsj.com\n\nThe 2024 Election The campaign moves and voter shifts that drove Donald Trump's win Full Election Results",
    "published": "2024-07-22"
  },
  {
    "source": "WSJ",
    "title": "China’s Long Blueprint for Economy Falls Short on Details, Raising Concerns",
    "summary": "Leadership in Beijing signals commitment to near-term growth, but leaves questions on entrenched debt and property problems",
    "link": "https://www.wsj.com/world/china/chinas-long-blueprint-for-economy-falls-short-on-details-raising-concerns-0b965041?mod=Searchresults_pos7&page=41",
    "content": "China is straining under the weight of $7 trillion to $11 trillion in hidden local government debt.\n\nHONG KONG—Chinese leader Xi Jinping and other top Communist Party officials used 22,000 characters in laying out a blueprint for reviving the country’s flagging economy in the coming years and signaling an intention to rev up growth in the coming months.\n\nOn some of the thorniest issues, however, the document had little new to say—fueling concern among some economists about the country’s longer-term prospects.\n\nThe world’s second-largest economy, which saw growth slip markedly in the second quarter, is straining under the weight of $7 trillion to $11 trillion in hidden local government debt. It is also struggling to contend with a prolonged property crisis.\n\nAnticipation was high among economists that Beijing would unveil plans for tackling those problems after party leaders gave a rare nod to both in a communiqué issued Thursday at the conclusion of the Third Plenum, a major policy meeting in Beijing intended to set economic and other policy priorities for the next half decade.\n\nBut those details were missing from the full blueprint, published by state media on Sunday.\n\n“Waiting for the details on the actual reforms that China’s leadership commits to implementing from this Third Plenum, the first impression is that the above measures will probably not be enough to solve China’s economic woes,” said Alicia García-Herrero , chief economist for Asia-Pacific at investment bank Natixis.\n\nChinese leader Xi Jinping last week with members of the Politburo Standing Committee at the Third Plenum, a major policy meeting in Beijing. Photo: Yue Yuewei/Associated Press\n\nA major area of focus ahead of the plenum was the country’s consumption tax system, which some economists say contributed to the local debt crisis and the country’s struggle to stimulate consumption.\n\nFor decades, Beijing has controlled the national purse strings by taking over a large chunk of the local governments’ tax income. It also caps how much local governments can borrow. Yet at the same time, cities are expected to kick-start economic growth and provide services with limited budgets.\n\nCurrently, Chinese local governments turn over 100% of consumption tax income to the central government, giving them little incentive to boost consumption locally. In 2023, consumption tax income nationally was about $220 billion.\n\nEarlier this month, economists at Citi called for the central government to gradually cut its share of consumption tax revenue by as much as 70% to send the proper signal to local governments.\n\nChina’s central and local governments split revenue from value-added taxes and corporate income taxes, giving local officials incentive to boost investment and manufacturing—areas where China’s economy is already overheated.\n\nIn the plenum blueprint, policymakers vowed to increase local governments’ financial resources, expand their sources of tax income and “gradually allow local governments to retain more consumption tax,” but didn’t say how.\n\nThe wording on consumption tax was first used in a 2019 document and then repeated in the existing five-year plan released in 2021.\n\nThe plan was similarly vague on fixes for the property crisis, which was brought on in part by developers’ overreliance on proceeds from sales of unfinished apartments as a source of funding.\n\nMajor American brands like Apple, Starbucks and McDonald’s are rapidly losing market share in China to new domestic rivals. WSJ’s Jonathan Cheng explores how Chinese brands are squeezing out their U.S. rivals. Photo Illustration: Liting Yen\n\nMoney from so-called presales was supposed to go into escrow accounts to pay for the construction, but many developers withdrew cash before they completed the buildings. Local governments, which relied heavily on property-related tax revenues, were loose with issuing permits to developers to start selling homes. The result was a sector with some 20 million unfinished housing units scattered across China.\n\nCleaning those up is crucial for a recovery in the property sector, economists have said. The plenum blueprint vowed to overhaul financing and the presale system, but didn’t say in what way.\n\nOne specific promise officials did make coming out of the plenum was to stick with the government’s 5% growth target for this year, which some economists have said could be hard to reach.\n\nAt least one regulator is already taking action: The People’s Bank of China delivered a series of surprise but small cuts to several benchmark and policy rates on Monday morning. They included a 10-basis point cut to both 1-year and 5-year loan prime rates.\n\nThe central bank said it wanted to “step up financial support for the real economy.” Analysts said the cuts showed a sense of urgency to shore up growth, especially after the economy slowed sharply in the second quarter.\n\nResponse was muted in the Chinese stock market. The benchmark CSI 300 index closed down 0.7%.\n\nWrite to Rebecca Feng at rebecca.feng@wsj.com",
    "published": "2024-07-22"
  },
  {
    "source": "WSJ",
    "title": "CrowdStrike Is Too Big to Fail",
    "summary": "Learn from the 2008 financial crisis and pay attention to systemically important tech companies.",
    "link": "https://www.wsj.com/opinion/crowdstrike-is-too-big-to-fail-77d20f1d?mod=Searchresults_pos12&page=76",
    "content": "If you couldn’t use your laptop last week, you weren’t alone. A computer system disruption swept the globe on Friday, grounding flights, stopping trains, and bringing businesses to a halt. Worse, the outage was traced to a single security update, underscoring the risks of global interconnectivity, particularly among firms critical to public safety, economic stability and national security.\n\nThe blackout came courtesy of CrowdStrike, a cybersecurity company that reportedly serves some 29,000 customers. They weren’t the only ones affected; when a CrowdStrike software update went awry, the computers and tablets of millions of people using Microsoft Windows went kaput.\n\nThis isn’t the first time we’ve experienced a domino effect like this. The enduring lesson of the 2008 banking crisis was that failures in one corner of a market can cascade through the entire economy. That’s why Congress deemed certain banks “too big to fail” and subsequently adopted new regulations and oversight in the financial system. The government has identified “global systemically important banks,” which it consistently monitors through stress tests.\n\nThe CrowdStrike outage makes clear that this problem isn’t unique to finance, and it isn’t the first such warning. Dual cyberattacks in 2017 exploited a Windows vulnerability and unleashed ransomware on thousands of organizations across the world. The attacks brought down businesses, hospitals and schools.\n\nShipping giant Maersk reported up to $300 million in damages as the incident triggered supply-chain disruptions that affected its customers, its customers’ customers and so on. In a 2021 research paper,Aaron Strong and I modeled these losses and estimated that the Maersk disruption alone may have cost more than $10 billion across the global economy. Other cyberatt acks—such as the 2020 SolarWinds breach and 2021 Colonial Pipeline attack—also revealed how strikes on interconnected firms can spark devastating chain reactions.\n\nFortunately the U.S. is alert to the danger. In a 2020 report to Congress, the Cyberspace Solarium Commission, a bipartisan interagency outfit, recommended measures to strengthen U.S. defenses against cyberattack. The government has already implemented several of these, such as establishing a new national cyber director and a collaborative cyberdefense collaborative.\n\nThe Cybersecurity and Infrastructure Security Agency is pursuing another recommendation: developing a list of systemically important entities across the economy. This is essential given our constantly evolving geopolitical and economic environment. Today’s list might include highly concentrated and interconnected firms in technology, communications, energy and finance. Tomorrow’s may focus on an even smaller set behind cutting-edge artificial-intelligence models and systems. As the agency proceeds, it should make its updated list public.\n\nLast year RAND outlined an approach to identifying and prioritizing these entities. We sought firms that are so big, interconnected or hard to replace that one’s failure would create significant, wide-ranging and potentially long-lasting consequences for the U.S. if not the world. Our report highlighted how the government might discern “systemic importance” by measuring a company’s size, role in global supply chains and market share.\n\nThe CrowdStrike outage underscores that the global economy and U.S. national security are vulnerable to attack. Thousands of firms operate across sectors and jurisdictions. Managing their risks will require intragovernmental, and perhaps international, coordination.\n\nThis work will begin with identifying industries of concern, opening channels of communication for information sharing, and requiring disclosures where necessary. Policymakers ought to use tools like stress tests to identify potential sources of failure, plan for disruption, and ensure that any regulation doesn’t distort the market.\n\nThe world has changed since 2008. Washington must be alert not only to banks but a variety of organizations whose collapse would disrupt the economy and threaten our security. Planning for such possibilities today can strengthen our resilience and ensure we aren’t stuck in the dark again.\n\nMr. Welburn is a senior researcher at RAND.\n\nJournal Editorial Report: The week's best and worst from Kim Strassel, James Freeman and Mene Ukueberuwa. Photo: Associated Press",
    "published": "2024-07-22"
  },
  {
    "source": "WSJ",
    "title": "How Kamala Harris Views Policy",
    "summary": "If she leads the Democratic ticket, the vice president would be unlikely to dramatically shift the trajectory of President Biden’s agenda",
    "link": "https://www.wsj.com/politics/policy/kamala-harris-policies-abortion-taxes-climate-d746f220?mod=Searchresults_pos11&page=58",
    "content": "Ahead of a lunch meeting with Vice President Kamala Harris at the White House in March, JPMorgan Chase Chief Executive Jamie Dimon didn’t know what to expect.\n\nDimon wasn’t sure of her political agenda when it came to the economy and business. His previous interactions with Harris had been limited, though the pair had a testy back-and-forth nearly a decade earlier while she was California attorney general during the mortgage foreclosure crisis.\n\nHe came away from the White House meeting thinking that Harris had been reasonable and open to improving how government and corporations can work together, according to people familiar with the discussion.\n\nHarris’s emergence as the likely Democratic nominee since President Biden bowed out of the race Sunday has put the focus on the vice president’s policy views and governing style. Given her brief time in the Senate and early end to her presidential bid, Dimon and others have said they have known little about her positions, which has opened her up to Republicans casting her as a radical liberal over the last four years. She also struggled to craft a consistent campaign message when she ran for president herself, leaving her critics to argue her policy positions are rooted in political expediency.\n\n“There was a little confusion coming out of the 2020 Democratic primary, but I think 3½ years of service in the Biden White House has clarified that,” said Matt Bennett of centrist think tank Third Way. “She has been the kind of pragmatic moderate that we saw when she was in California and in the Senate.”\n\nPresident Biden walking with Vice President Harris in the Rose Garden of the White House in May 2021. Photo: Evan Vucci/Associated Press\n\nIf she wins the party’s nomination, Harris would be unlikely to dramatically alter the policy positions adopted by the Biden-Harris campaign so close to the election, some of her allies say. She has already been traveling the country campaigning on the administration’s policies, centering her message on abortion rights—and the democratic freedoms her party says would be under threat if Republican presidential nominee Donald Trump wins another term this fall.\n\nThe Trump campaign has signaled it will not only attack Harris for her time as vice president, but also her record in California politics, including as attorney general. “Harris will be even WORSE for the people of our Nation than Joe Biden,” Trump senior advisers Chris LaCivita and Susie Wiles said in a Sunday statement. “They own each other’s records, and there is no distance between the two. Harris must defend the failed Biden Administration AND her liberal, weak-on-crime record in CA.”\n\nA representative for Harris didn’t respond to a request for comment.\n\nAdvertisement\n\nUnlike Biden, Harris’s national profile was built based on her legal experience—not on major policy proposals or legislative dealmaking. She first caught the attention of Democratic activists and major donors through her aggressive questioning of Trump administration nominees.\n\nAlso in contrast with the president, who throughout his long political career aligned himself with the center of the Democratic Party, Harris’s views haven’t been as clearly defined on ideological lines.\n\nCould Vice President Kamala Harris beat Donald Trump? WSJ asks a Democratic strategist, a political scientist and a pollster what her potential pros and cons are going up against the former president. Photo: Getty Images\n\nHarris forms her opinions after detailed deliberations, according to people who have worked with her over the years, and has been reluctant to always endorse immediate, sweeping policy changes.\n\n“She really wants to understand what the data and evidence is to support a potential course of action,” said Jill Habig, who worked for Harris in different roles, including policy director for her Senate campaign. “She really wants to understand not just the idea in theory, but how it’s actually going to work in practice. She often says, ‘Talk me through, how is this going to hit the streets?’ How does it actually work for real people in their busy lives?”\n\nNewsletter Sign-up What’s News Catch up on the headlines, understand the news and make better decisions, free in your inbox daily. Enjoy a free article in every edition. Preview Subscribed\n\nDuring the 2020 presidential primary that focused heavily on policy specifics with candidates aligning clearly with either the progressive or moderate wing of the party, Harris pitched herself as the bridge between the two, with an endorsement of liberal ideas but plans that were less far-reaching.\n\nOn Wall Street, however, she earned a reputation as a progressive firebrand in part because of how she prosecuted big banks for their roles while acting as attorney general of California between 2011 and 2017. She sued banks such as JPMorgan Chase, Bank of America and Citigroup as well as major credit ratings firms like Standard & Poor’s, and most of the firms settled the litigation and paid the state hundreds of millions of dollars.\n\nDeanne Millison , the vice president’s former chief economic adviser, said Harris would take on corporations when needed, but also could work with them. “She would always remind us that the problems we’re trying to solve are too big for the government alone,” Millison said. She pointed to the private sector funding Harris raised in the administration’s efforts to invest in Central America and address causes of migration.\n\nAdvertisement\n\nBiden and Harris have had some policy differences in the past. Their divergence has been based in part on the two Democrats’ varying life experiences and overall approach to policymaking.\n\nThose who have worked with her say Harris, the first Black and female vice president and daughter of immigrants, puts an emphasis on the impact of policy decisions through the lens of women, children and minority communities. She has been a major supporter of reproductive rights policy throughout her career. She continued to be a leader on abortion rights in the administration after the Supreme Court in 2022 overturned Roe v. Wade, which had established a constitutional right to an abortion. She has also advocated for policies to address climate change, housing affordability and criminal justice reform.\n\nVice President Harris has already been traveling the country campaigning on the administration’s policies, with abortion rights as a center message. Photo: Sara Stathas for The Wall Street Journal\n\nMigrants walking toward the U.S.-Mexico border in early 2024. Photo: Carlos Lopez/EPA/Shutterstock\n\nBiden, who refers to himself as “Middle-Class Joe,” has been known to tailor his policy views to the middle-class and organized labor. His policies—although at times incremental—have focused on lowering some costs for Americans, including on prescription drugs and canceling some student debt during his presidency. As a foreign policy veteran, Biden in recent years has also put an emphasis on strengthening democracies against autocracies, portraying Trump as a threat to democracy.\n\nThe main policy areas with some daylight between Biden and Harris have been healthcare, trade, climate and taxes.\n\nAs a senator, Harris supported Medicare for All, which would shift the healthcare system from private and employer-based insurance to a government-run program. But in 2020, during her run for the White House, she released a more moderate proposal to expand access to Medicare while keeping private insurance intact. And since joining Biden’s presidential ticket, Harris has backed his plan, which calls for building on the Affordable Care Act.\n\nAdvertisement\n\nOn trade, Harris opposed two recent major trade deals that Biden supported, the U.S.-Mexico-Canada Agreement and the Trans-Pacific Partnership. Harris was one of just 10 senators who voted against the USMCA, a renegotiated version of the North American Free Trade Agreement under the Trump administration, arguing the environmental provisions were insufficient. She also opposed TPP as a Senate candidate, arguing it didn’t do enough to protect the environment and worker regulations.\n\nHarris’s climate record has arguably been the most liberal part of her policy portfolio. She has backed the Green New Deal and supported banning fracking. Biden ran on a fracking ban, but only for oil and gas production from federal lands. As president, Biden did more to address climate change than any of his predecessors spending $1 trillion in tax credits, grants and loans for clean energy.\n\nVice President Harris, seen visiting Lake Mead in Nevada in 2021, has a climate record that has arguably been the most liberal part of her policy portfolio. Photo: Bridget Bennett/Bloomberg News\n\nAs a presidential candidate, Harris proposed a full repeal of the 2017 tax cuts enacted by Trump and congressional Republicans. Biden as a candidate and as president has backed leaving in place the tax cuts for people making under $400,000 and fully paying for those extensions with new taxes on companies and high-income households. During her campaign, she also favored raising estate taxes.\n\nWhile in the Senate, she proposed an expansive tax credit for lower-income and middle-income workers worth up to $3,000 for individuals and $6,000 for married couples. That idea, worth more than $2 trillion over a decade, would have tilted the tax code to be much more progressive. It didn’t make it into the Biden agenda, though it has some similarities to the child tax credit that was in place for 2021.\n\nWrite to Tarini Parti at tarini.parti@wsj.com and Alexander Saeedy at alexander.saeedy@wsj.com\n\nThe 2024 Election The campaign moves and voter shifts that drove Donald Trump's win Full Election Results",
    "published": "2024-07-22"
  },
  {
    "source": "WSJ",
    "title": "Nvidia, Chip Stocks Power Market Rebound",
    "summary": "There was little consensus among investors about what Biden’s exit should mean for markets in the short run",
    "link": "https://www.wsj.com/finance/stocks/global-stocks-markets-dow-news-07-22-2024-b4b362b9?mod=Searchresults_pos5&page=211",
    "content": "A big rebound in technology shares helped lift major stock indexes, restoring some calm to markets after a rough end to the previous week.\n\nPowered in large part by Nvidia and other chip makers, the S&P 500 rose 1.1% to snap a three-day losing streak. The tech-heavy Nasdaq Composite gained 1.6% after dropping 4.2% over the previous three trading sessions. The Dow Jones Industrial Average added 0.3%, or roughly 128 points.\n\nMonday’s gains followed President Biden’s announcement on Sunday that he was ending his presidential run, a move that injected fresh uncertainty into an election that could have wide ranging implications for markets and the economy.\n\nHowever, there was little consensus among investors and analysts about what Biden’s announcement should mean for markets in the short run, and Monday’s moves appeared to be influenced by other factors.\n\nAmong those: the recent declines in stocks that started out largely concentrated in the tech sector but that broadened out by the end of last week.\n\nData released July 11 showing a slowdown in inflation sparked a huge rotation out of large technology shares and into the stocks of small and midsize companies. Those had previously lagged behind larger stocks and are seen as bigger beneficiaries if the Federal Reserve cuts interest rates in the coming months.\n\nBut they, too, had fallen in recent days, setting the stage for Monday’s rebound, which spanned the shares of both big and small companies.\n\nAmong individual movers, Nvidia gained 4.8% after Reuters reported the chip maker is working on a version of its AI chips that would be compatible with U.S. controls on exports to China. Verizon fell 6.1% after the wireless carrier reported weaker-than-expected quarterly revenue.\n\nEvidence of the muted impact of the presidential campaign could be seen in the bond market.\n\nIn previous weeks, yields on longer-term U.S. Treasurys climbed when it looked more likely that Republicans could win control of both Congress and the White House—increasing the chances that they could pass tax cuts that might expand the budget deficit and add to inflation pressures.\n\nOn Monday, longer-term Treasury yields initially edged lower—possibly reflecting worse odds of a Republican sweep—but they reversed that move before lunchtime.\n\nNewsletter Sign-up Markets A.M. Let the WSJ's own Spencer Jakab prepare you for the trading day ahead, with expert insight into the companies and industries set to move markets. Preview Subscribed\n\nBy the end of the session, the yield on the benchmark 10-year U.S. Treasury note settled at 4.259%, up from 4.238% Friday.\n\nSome investors believe recent market moves have less to do with politics, the Fed or even inflation and more to do with what they see as sky-high stock valuations.\n\n“The thing that really worries us is the level of valuations,” said Roger Aliaga-Diaz , global head of portfolio construction and chief Americas economist at Vanguard.\n\nSuch conditions, he added, leave stocks ripe for a correction even if it is hard to know when that could happen.\n\nSome investors said coming earnings results for large technology companies could go far toward determining whether stocks can extend their momentum from Monday.\n\nBoth Google parent Alphabet and Tesla will report their latest results after the market closes Tuesday.\n\nWrite to Sam Goldfarb at sam.goldfarb@wsj.com\n\nNavigating the Markets Coverage and analysis, selected by editors Get WSJ's Markets A.M. Newsletter",
    "published": "2024-07-22"
  },
  {
    "source": "WSJ",
    "title": "Verizon Communications Shares Fall on Second-Quarter Revenue Miss",
    "summary": "Stripping out one-time items, adjusted earnings were $1.15 a share, in line with analysts’ estimates",
    "link": "https://www.wsj.com/business/earnings/verizon-communications-2q-profit-almost-unchanged-as-revenue-rises-1a1336d8?mod=Searchresults_pos11&page=67",
    "content": "Verizon Communications’ VZ 0.46 %increase; green up pointing triangle stock was on track for its biggest percentage decrease in a year after the wireless carrier missed Wall Street estimates on revenue.\n\nShares slid as much as 7.5% to $39.21 in Monday trading. The stock was on pace for its largest percentage decrease since July 2023.\n\nThe company’s total revenue rose about half a percentage point to $32.8 billion, but missed analyst projections for $33.05 billion, according to FactSet.\n\nWireless service and other revenue boosted the company’s top line, offsetting a drop in wireless equipment revenue from lower upgrade volumes. Total wireless service revenue climbed 3.5% year-over-year to $19.8 billion.\n\nEarnings for the quarter came in at $4.59 billion, or $1.09 a share, about flat with $4.65 billion, or $1.10 a share, in the same quarter a year ago. Stripping out one-time items, adjusted earnings were $1.15 a share, in line with the estimates of analysts polled by FactSet.\n\nVerizon had a net gain of 148,000 postpaid phone plans, in which customers pay for service at the end of each month, compared with a gain of 8,000 in the year-ago quarter and ahead of analyst expectations for 94,600 net additions.\n\nThe wireless carrier logged a 624,000 drop in pay-as-you-go plans that typically cater to lower-income consumers. Nearly two-thirds of the losses came from the shuttering of the government’s Covid-19-era Affordable Connectivity Program, which gave eligible households money to put toward the cost of a wireless or home internet plan.\n\nThe program’s expiration on June 1 is expected to weigh on the results of other wireless and cable providers reporting in the coming weeks.\n\nExcluding losses from Verizon’s SafeLink Wireless brand, which offered access to government-sponsored connectivity benefits and programs, the company still recorded a net loss of 12,000 prepaid plans.\n\nThe company reported 391,000 net additions in its broadband business, which included 24,000 Fios Internet net additions.\n\nAT&T reports second-quarter results Wednesday, with T-Mobile’s report to follow next week.\n\nWrite to Dean Seal at dean.seal@wsj.com",
    "published": "2024-07-22"
  },
  {
    "source": "WSJ",
    "title": "CrowdStrike Is Too Big to Fail",
    "summary": "Learn from the 2008 financial crisis and pay attention to systemically important tech companies.",
    "link": "https://www.wsj.com/opinion/crowdstrike-is-too-big-to-fail-77d20f1d?mod=Searchresults_pos13&page=64",
    "content": "If you couldn’t use your laptop last week, you weren’t alone. A computer system disruption swept the globe on Friday, grounding flights, stopping trains, and bringing businesses to a halt. Worse, the outage was traced to a single security update, underscoring the risks of global interconnectivity, particularly among firms critical to public safety, economic stability and national security.\n\nThe blackout came courtesy of CrowdStrike, a cybersecurity company that reportedly serves some 29,000 customers. They weren’t the only ones affected; when a CrowdStrike software update went awry, the computers and tablets of millions of people using Microsoft Windows went kaput.\n\nThis isn’t the first time we’ve experienced a domino effect like this. The enduring lesson of the 2008 banking crisis was that failures in one corner of a market can cascade through the entire economy. That’s why Congress deemed certain banks “too big to fail” and subsequently adopted new regulations and oversight in the financial system. The government has identified “global systemically important banks,” which it consistently monitors through stress tests.\n\nThe CrowdStrike outage makes clear that this problem isn’t unique to finance, and it isn’t the first such warning. Dual cyberattacks in 2017 exploited a Windows vulnerability and unleashed ransomware on thousands of organizations across the world. The attacks brought down businesses, hospitals and schools.\n\nShipping giant Maersk reported up to $300 million in damages as the incident triggered supply-chain disruptions that affected its customers, its customers’ customers and so on. In a 2021 research paper,Aaron Strong and I modeled these losses and estimated that the Maersk disruption alone may have cost more than $10 billion across the global economy. Other cyberatt acks—such as the 2020 SolarWinds breach and 2021 Colonial Pipeline attack—also revealed how strikes on interconnected firms can spark devastating chain reactions.\n\nFortunately the U.S. is alert to the danger. In a 2020 report to Congress, the Cyberspace Solarium Commission, a bipartisan interagency outfit, recommended measures to strengthen U.S. defenses against cyberattack. The government has already implemented several of these, such as establishing a new national cyber director and a collaborative cyberdefense collaborative.\n\nThe Cybersecurity and Infrastructure Security Agency is pursuing another recommendation: developing a list of systemically important entities across the economy. This is essential given our constantly evolving geopolitical and economic environment. Today’s list might include highly concentrated and interconnected firms in technology, communications, energy and finance. Tomorrow’s may focus on an even smaller set behind cutting-edge artificial-intelligence models and systems. As the agency proceeds, it should make its updated list public.\n\nLast year RAND outlined an approach to identifying and prioritizing these entities. We sought firms that are so big, interconnected or hard to replace that one’s failure would create significant, wide-ranging and potentially long-lasting consequences for the U.S. if not the world. Our report highlighted how the government might discern “systemic importance” by measuring a company’s size, role in global supply chains and market share.\n\nThe CrowdStrike outage underscores that the global economy and U.S. national security are vulnerable to attack. Thousands of firms operate across sectors and jurisdictions. Managing their risks will require intragovernmental, and perhaps international, coordination.\n\nThis work will begin with identifying industries of concern, opening channels of communication for information sharing, and requiring disclosures where necessary. Policymakers ought to use tools like stress tests to identify potential sources of failure, plan for disruption, and ensure that any regulation doesn’t distort the market.\n\nThe world has changed since 2008. Washington must be alert not only to banks but a variety of organizations whose collapse would disrupt the economy and threaten our security. Planning for such possibilities today can strengthen our resilience and ensure we aren’t stuck in the dark again.\n\nMr. Welburn is a senior researcher at RAND.\n\nJournal Editorial Report: The week's best and worst from Kim Strassel, James Freeman and Mene Ukueberuwa. Photo: Associated Press",
    "published": "2024-07-22"
  },
  {
    "source": "WSJ",
    "title": "wsj.com",
    "summary": "",
    "link": "https://www.wsj.com/business/crowdstrike-outage-travel-snarl-hacking-threat-cybersecurity-16647177?mod=Searchresults_pos16&page=86",
    "content": "",
    "published": "2024-07-22"
  },
  {
    "source": "WSJ",
    "title": "wsj.com",
    "summary": "",
    "link": "https://www.wsj.com/business/autos/ev-prices-falling-weaker-demand-4be05af6?mod=Searchresults_pos13&page=139",
    "content": "",
    "published": "2024-07-22"
  }
]