[
  {
    "source": "WSJ",
    "title": "Disruption Won’t Work at Treasury",
    "summary": "Musk gives bad advice to Trump on financial policy-making.",
    "link": "https://www.wsj.com/opinion/disruption-wont-work-at-treasury-trump-nomination-musk-63c5b8f9?mod=Searchresults_pos2&page=56",
    "content": "Donald Trump’s cabinet nominees so far reveal a desire to disrupt Washington, and disruption is needed in many places. But as he mulls his choices for Treasury and the economic-policy posts, the question markets will ask is whether he will disrupt the policy mix that was successful in his first term.\n\nThe voter election surveys make clear that Mr. Trump won his second term above all else on the economy. Voters rejected the results of Bidenomics, especially inflation and a decline in real incomes. They recalled the strong investment and job market and rising wages across all income levels of the pre-Covid economy. Mr. Trump’s second term success or failure will depend on restoring those results.\n\nThat’s the hope behind the market’s bullish initial response to Mr. Trump’s re-election. Investors anticipate a return of animal spirits as the pall of Democratic tax increases and regulatory coercion is lifted. But economic and financial risks remain, and they’ll require careful judgment, not blow-it-all-up rhetoric.\n\nThat’s why it’s strange to hear Elon Musk lobby Mr. Trump that the next Treasury secretary shouldn’t be someone who favors “business as usual.” What he means by that isn’t clear beyond favoring one personality over another, and Mr. Musk may not know. Fiscal and monetary policy aren’t his specialty.\n\nOur concern isn’t personalities so much as Mr. Musk’s apparent belief in economic-policy disruption for its own sake. Treasury isn’t the Education Department, or Defense, and financial markets don’t want to trade one form of policy uncertainty for another. Steady and knowledgeable economic policy hands are needed if Mr. Trump wants to succeed.\n\nOne risk ahead is the tax bill that needs to pass next year to extend the 2017 tax reform. With narrow GOP majorities in Congress, that won’t be easy. All the more so because Mr. Trump campaigned on new tax cuts (on tips, overtime, Social Security benefits) that will be impossible to afford unless Republicans want to sign up for an even larger deficit blowout than under President Biden.\n\nExtending the 2017 reform more or less intact might be the best policy. That reform has recouped more tax revenue than the critics and Congressional scorekeepers claimed, and it will continue to do so if the economy keeps growing. But piling on too many tax giveaways that won’t improve the incentive to work and invest could make tax reform difficult to pass and spook the bond markets. The U.S. deficit as a share of GDP in the last fiscal year was 6.4%, which is unheard of in a growing economy without a war or pandemic.\n\nWe assume someone has told Mr. Trump that disinflation seems to have stalled. Long bond rates have climbed since the Federal Reserve cut short-term rates by 50 basis points in September. The 10-year Treasury yield is now above 4.4%, while the average 30-year mortgage rate is nearing 7.5%, higher than on Election Day. This means the Fed’s rate-cutting spree may soon have to end, lest inflation make a comeback on Mr. Trump’s watch.\n\nThe largest uncertainty is the President’s trade policy. There’s no doubt he will impose tariffs of some kind on Chinese goods and seems determined to impose some broader tariff across all imports. Whatever one thinks of tariffs as a policy tool, they add uncertainty to business investment decisions.\n\nCEOs whose companies might be affected will wait on investments until they see the policy. Even then, they have to be wary about retaliation by other countries that might affect their exports or their ability to import components. This will slow the return of animal spirits.\n\n***\n\nUnlike other policy positions, the Treasury Secretary needs an understanding of financial markets, which nowadays are global. A blowup in the foreign-exchange markets somewhere can affect the U.S. economy, and new financial investments like crypto need careful watching. Mr. Trump has promised to ease political control over these markets, but no one should think they are risk free. Blowups somewhere are inevitable, and a Treasury secretary needs the experience to deal with the fallout in a way that reassures markets.\n\nMr. Trump’s first term until Covid was an overall economic success, as his tax reform and deregulation overcame the drag from tariffs. Markets responded well to his victory because they hope for a repeat. But that requires sound policy, not willy-nilly disruption.\n\nJournal Editorial Report: The unpredictable candidate makes unpredictable picks. Photo: Joe Raedle/Getty Images",
    "published": "2024-11-16"
  }
]