[
  {
    "source": "WSJ",
    "title": "Knowns and Unknowns of the Harris-Trump Presidential Debate",
    "summary": "Can you believe everything they say? Obviously not, but that isn’t the point.",
    "link": "https://www.wsj.com/opinion/knowns-and-unknowns-of-the-harris-trump-debate-2024-election-69ecfb6e?mod=Searchresults_pos8&page=110",
    "content": "I don’t know if Tuesday’s presidential debate will matter in November. I do know that watching it was painful.\n\nI don’t know if Haitians are eating cats and geese in the streets of Springfield, Ohio. I do know that whenever ordinary people express concerns about unbridled illegal immigration, the media elite’s first instinct is to laugh at them.\n\nI don’t know if Donald Trump is as thin-skinned as he sometimes seems. I do know that falling for the trap Kamala Harris laid for him on crowd size badly undermines his claim to be a master negotiator.\n\nI don’t know if Ms. Harris’s policy evolutions on fracking and private health insurance are sincere. I do know that flip-flopping so boldly and then refusing to discuss it is an insult to voters’ intelligence.\n\nI don’t know if Mr. Trump is bought and paid for by Vladimir Putin. I do know that someone who can’t bring himself to say that Ukraine should win its war with Russia doesn’t have a clear sense of where America’s global interests lie.\n\nI don’t know if Ms. Harris supports abortion up to the ninth month of pregnancy. I do know that the Democratic Party has grown more radical by the decade, methodically driving from its ranks anyone who supports even the most reasonable limits on abortion.\n\nI don’t know if Mr. Trump’s tariffs will punish countries for ripping America off. I do know that free trade is good for the U.S., and the Republican Party’s embrace of bad economics will reduce our prosperity in the long run.\n\nI don’t know if Ms. Harris is right and there are no U.S. service members currently deployed in combat zones. I do know that earlier this year an Iranian-backed militia killed three American soldiers in a drone attack in Jordan (and the Houthis have been firing rockets continuously at American sailors in the Red Sea).\n\nI don’t know why Mr. Trump thinks Israel will cease to exist if Ms. Harris wins the White House. I do know that if the U.S. abandons its key Middle Eastern ally, Americans will one day fight Hamas and Hezbollah in the streets of our own cities.\n\nI don’t know if the moderators deliberately set out to help Ms. Harris. I do know that if you argue with one candidate and coddle the other, you can’t profess surprise when observers call you biased.\n\nI don’t know if Mr. Trump is a threat to democracy. I do know that most people interpret his inability to accept his 2020 loss as the behavior of a self-absorbed man-child, not a budding fascist.\n\nI don’t know if that was the last presidential debate we’ll ever see. I do know that if it is, we probably won’t miss them.\n\nMr. Hennessey is the Journal’s deputy editorial features editor.\n\nWonder Land: Donald Trump has a communication problem, but Kamala Harris has a character problem. And based on the first debate, a lot could change. Photo: Luis Villegas/The Sacramento Bee via ZUMA Press Wire",
    "published": "2024-09-11"
  },
  {
    "source": "WSJ",
    "title": "VW and Germany Were Great for Each Other. Now They’re Not.",
    "summary": "Both the carmaker and its home country are suffering from high costs, eroding tech leadership and a reliance on China",
    "link": "https://www.wsj.com/business/autos/vw-and-germany-were-great-for-each-other-now-theyre-not-d38dc012?mod=Searchresults_pos11&page=165",
    "content": "Volkswagen VOW3 0.58 %increase; green up pointing triangle is going through its deepest crisis in years. So is Germany. And that’s no coincidence.\n\nWhile the carmaker’s travails are exposing missteps, they also show how Germany’s economic model is struggling to keep up with a changing world. Fixing these problems will require changes both for the carmaker and the world’s third-largest economy.\n\n“VW’s problems mirror to a degree the problems of the German economy, and the problems of the German economy are reflected in VW,” said Moritz Schularick, president of the Kiel Institute for the World Economy, an independent think tank. “Resistance to change is something that hangs over both.”\n\nTepid sales, mounting foreign competition, and an expensive electric-vehicle strategy that hasn’t wowed buyers have left VW’s stock trading around 14-year lows. On Tuesday, the company canceled a 30-year agreement to avoid compulsory redundancies at the VW brand, setting up a battle with workers as it looks to rightsize its cost base.\n\nElectric-vehicle giant BYD overtook Volkswagen last year as China’s bestselling car brand Photo: Cfoto/Zuma Press\n\nMeanwhile, Germany’s economy is stagnating. Its GDP, almost flat since 2019, shrunk 0.3% last year, and some economists expect it to contract again this year.\n\nVW is Germany’s largest employer and car making is the country’s flagship industry, accounting for 5% of gross domestic product, according to several estimates.\n\n“VW is to Germany what Nokia was to Finland or Samsung is to South Korea…There’s a scenario where that sector will shrink significantly and replacing those jobs with equally well-paid jobs will not be easy,” said Dirk Schumacher , Europe economist at Natixis.\n\nGermany’s economic malaise and the crisis at VW have joint roots, according to economists and analysts: Heavy reliance on China, high costs and an eroding technological leadership.\n\nExcessive reliance on China\n\nManufacturing accounts for a fifth of Germany’s gross domestic product, about twice the U.S. level, with a focus on capital goods and cars. For years, this was a good fit for a globalizing world: German companies built factories in emerging markets, dug Chinese subways and made cars for the new middle classes. While the Midwest was ravaged by deindustrialization, Germany’s industrial base grew.\n\nNowhere was the boom clearer than at VW. A decade ago, the company recorded €5.2 billion, equivalent to around $5.7 billion, of operating profit from its Chinese joint ventures, and that doesn’t include income from brand licensing, parts sales or exports of high-end models from Germany.\n\nCovid-19, geopolitics and China’s maturing economy changed that. As tariffs and other trade barriers rose around the world, German exports began falling. China had been Germany’s largest trade partner since 2015, so slowing growth there hit German companies hard, as did the rise of Chinese competitors. “China,” said Schularick, “turned from tailwind to headwind.”\n\nEV giant BYD overtook VW last year as China’s bestselling car brand. VW has relaunched its China strategy and expects its joint ventures there to bring home as little as €1.5 billion in operating profit this year.\n\n“When Western executives returned to China after the pandemic…everybody expected the country to be sitting in a deep Covid hole but they had used the time to invest, become more competitive, cheaper and faster,” said Ulrich Ackermann, head of foreign trade at Germany’s VDMA mechanical engineering industry association.\n\nIn 2020, China overtook Germany as the biggest exporter of machinery and equipment, according to German trade statistics. Today it produces more industrial machines than the U.S., Germany and Japan together.\n\nHigh costs at home\n\nChina isn’t alone to blame. The scale, cost and inflexibility of VW’s operations in Germany mean the company has thinner profit margins than its rivals despite owning a lucrative portfolio of luxury badges including Audi and Porsche. That makes the company vulnerable to macroeconomic or industry challenges. The tepid post-Covid recovery in European car sales, no longer masked by cash flows from China, is just the latest example.\n\nIn the year through July, roughly 17% fewer vehicles were registered in the eurozone and U.K.—key markets for the VW brand—than in 2019. Justifying its call for compulsory redundancies, management said the division had lost two plants’ worth of production.\n\nWhile European peers Stellantis and Renault have trimmed staff in recent years, VW’s head count has grown modestly.\n\nVW finds it hard to let workers go because of its unusual governance. The State of Lower Saxony owns 20% of the company’s voting shares, and a special “Volkswagen law” sets a high bar for significant changes to its operations.\n\n“It is more like a state-owned company than a private one,” said Ferdinand Dudenhöffer , director of Germany’s Center Automotive Research.\n\nVolkswagen’s operational skew toward its high-cost home territory is unusual. Germany accounted for 57% of its assets and 44% of its employees in 2023 but only 19% of revenue. At Toyota, VW’s closest rival in terms of scale, Japan accounted for 23% of revenues, 27% of assets and 18% of employees in the year through March.\n\nAfter years of wage restraint boosted its competitiveness in the early 2000s, Germany briefly became the world’s largest exporter of goods. This advantage has since faded. German labor is now among the most expensive in the West, and labor productivity has been flat since 2019.\n\nIn Germany, Europe’s top car producer, an auto worker cost roughly €62 an hour last year, compared with €29 in second-ranked Spain, according to an analysis by the German Association of the Automotive Industry.\n\nThe Ukraine war and Berlin’s decision to forgo nuclear energy have also left Germany with high energy costs. Natural gas is three to five times more expensive than in China and the U.S., and electricity is 60% to 75% more pricey than before the pandemic, according to the BDI Federation of German Industry.\n\n“German industry is slightly more energy intensive than the average and Germany depends more on industrial production, so that higher energy costs have a strong impact,” said Clemens Fuest , president of the IFO economic institute in Munich.\n\nAn example of Germany’s problems feeding into each other is Thyssenkrupp. The steelmaker has been beset by low demand from carmakers and falling steel prices because of Chinese exports. Meanwhile, a project to switch its fuel from coal to green hydrogen is increasing capital expenditure and threatening to push production prices even higher.\n\nLosing the tech race\n\nVW outspends industry peers—and any other European company—on research and development. Analysts expect it to shell out the equivalent of almost $19 billion on R&D this year, more than double Toyota. Yet it hasn’t had much to show for it lately.\n\nVW’s decades of excellence in combustion engines was little help in developing EVs, whose performance depends largely on batteries and software. With those technologies led by Tesla and China, Volkswagen is struggling to stand out.\n\n“Whereas a decade ago the Golf enjoyed a comfortable premium to all of its competitors, I’m not sure that is true for their electric vehicles. They’ve lost some of the fairy dust,” said HSBC analyst Mike Tyndall.\n\nSome German manufacturers offer cutting-edge products ranging from sophisticated lasers to advanced optics that few foreign rivals can match. But many others have struggled to maintain a technological advantage.\n\nGerman labor is now among the most expensive in the West. Photo: Liesa Johannssen-Koppitz/Bloomberg News\n\nDespite its engineering tradition and research institutions, Germany doesn’t have a sizable tech sector. SAP, the only software company in the DAX-40 blue-chip stock index, was created in 1972. The number of patents filed by German entities has dropped every year since 2018 except in 2023, World Intellectual Property Organization data shows. Corporate investment in the country fell 5% last year, according to the Kiel Institute for the World Economy, with many companies focusing on faster-growing markets.\n\nR&D spending in Germany amounts to about 3% of GDP, more than the European average, said Fuest. “The problem is that a large part of this is concentrated in the automotive sector.”\n\nWhile China tapped German industrial know-how for decades, technology transfers are now flowing in the opposite direction too. Several German companies are building R&D capacity there to take advantage of local know-how, government subsidies or the absence of red tape, according to a German industry lobbyist based in China.\n\nIronically, expensive labor isn’t the only reason VW’s production costs are higher in Germany than in China, analysts say. Another is that its Chinese plants tend to be more automated and digitized.\n\nWrite to Bertrand Benoit at bertrand.benoit@wsj.com and Stephen Wilmot at stephen.wilmot@wsj.com",
    "published": "2024-09-11"
  },
  {
    "source": "WSJ",
    "title": "Welfare Is What’s Eating the Budget",
    "summary": "Means-tested programs, not Medicare and Social Security, are behind today’s massive debt.",
    "link": "https://www.wsj.com/opinion/welfare-is-whats-eating-the-budget-10c9d093?mod=Searchresults_pos8&page=15",
    "content": "Ask any budget expert in Washington to explain the ballooning deficit and debt, and Social Security and Medicare will be high on the list of causes. That’s wrong. The real driver, the elephant in the room, is means-tested social-welfare spending—Medicaid, food stamps, refundable tax credits, Supplemental Security Income, Temporary Assistance for Needy Families, federal housing subsidies and almost 100 other programs whose eligibility is limited to those below an income threshold.\n\nTrue, Social Security and Medicare are a drain on general revenue and will become big fiscal problems if not reformed. But they aren’t the major source of our current fiscal crisis, because both are financed in large part by dedicated payroll taxes. Since its inception, Social Security has produced cash surpluses 60% of the time. In 2023 Social Security payroll taxes funded 88.9% of benefits. The cost of Social Security’s Old-Age, Survivors and Disability Insurance program, net of payroll tax collections, was only $88.1 billion. Medicare payroll taxes and premiums funded 49.7% of Medicare expenditures, producing a net cost of $509 billion.\n\nMeans-tested social-welfare spending totaled $1.6 trillion in 2023. Welfare spending now absorbs an astonishing 72.6% of unobligated general revenue (total revenue net of Social Security and Medicare payroll taxes and premiums and mandatory interest on the public debt) and is larger than the claims against unobligated general revenue by Social Security (4.1%), Medicare (23.5%) and defense (37.2%) combined.\n\nSince funding for the War on Poverty ramped up in 1967, welfare payments received by the average work-age household in the bottom quintile of income recipients has risen from $7,352 in inflation-adjusted 2022 dollars to $64,700 in 2022, the last year with available household income data. This 780% increase was 9.2 times the rise in income earned by the average American household.\n\nSince 1967 defense spending has fallen from 68% of unobligated general revenue to 37.2% in 2023, almost a mirror image of the growth in means-tested welfare benefits. As defense spending plummeted, swords weren’t beaten into plowshares, which would have increased economic growth and wages, but were instead used to fund welfare payments. As a result, the U.S. today redistributes a larger share of its gross domestic product, 29.4%, through transfers and taxes than any developed country in the world except France with 30.1%.\n\nAfter counting all transfer payments as income to the recipients and taxes as income lost by taxpayers, and adjusting for household size, the average households in the bottom, second and middle quintiles all have roughly the same incomes—despite dramatic differences in work effort. With the explosion of means-tested transfer payments, the portion of prime work-age persons in the bottom quintile who actually work has fallen to 36% from 68%. In the second quintile, households with a work-age adult who actually works have declined to 85% from 90%. While work effort fell in the bottom two quintiles, the percentage of middle-income households with a prime work-age person who works has risen to 92% from 86%.\n\nThe injustice of this government-created income equality is palpable. For about the same income, 2.4 times as many work-age persons in the second quintile actually work and on average work 85% more hours than those in the bottom quintile. And 2.5 times as many work-age middle-income persons actually work and work on average 108% more hours.\n\nAmericans overwhelmingly support an effective mandatory work requirement for able-bodied adults receiving welfare benefits. That’s evident in public opinion polls and ballot measures; in purple Wisconsin almost 80% of voters supported this in 2023. The bipartisan effort to reform Aid to Families with Dependent Children during the Clinton administration was a success.\n\nDespite the subsequent granting of numerous waivers of work requirements, according to the Congressional Research Service, the 1996 Clinton welfare reforms reduced the rate of dependency of families on what is now called Temporary Assistance for Needy Families by 80%. Six years after the adoption of the reforms, the number of program beneficiaries had fallen dramatically, the labor-force participation rate of never-married mothers had increased, and child poverty had declined. State-imposed work requirements for food-stamp eligibility in Arkansas, Mississippi, Missouri and Florida have thus far also been successful.\n\nDemand for reform would be even stronger if the public understood how generous social-welfare benefits are. In reporting household income, the Census Bureau doesn’t count 88% of transfer payments made to households that are defined as being poor. The census doesn’t count refundable tax credits (for which the beneficiary receives a check from the Treasury), food-stamp debit cards, free medical care through Medicaid, or benefits from about 100 other federal transfer payments as income to welfare recipients. When those benefits are counted as income, 80% of those who are today counted as being poor are no longer poor, and almost half have incomes equivalent to American middle-income earners.\n\nA mandatory welfare work requirement for able-bodied adults receiving welfare benefits, a requirement that the Census Bureau count all transfer payments as income, and a mandate that all federal agencies use the same income measure when determining eligibility for welfare would be major steps toward righting the nation’s finances.\n\nRequiring all able-bodied Americans to work as a condition for receiving welfare would do more than reduce the deficit. It would bring people back into the economy, the source of prosperity and economic independence. A job is the best nutrition, housing, healthcare, education, child-care and general welfare program. That welfare reform isn’t a major issue in the November elections is a missed opportunity to improve the well-being of low-income families and the overall economic health of the nation.\n\nMr. Gramm, a former chairman of the Senate Banking Committee, is a nonresident senior fellow at the American Enterprise Institute. Mr. Arrington, a Texas Republican, is chairman of the House Budget Committee. John Early and Mike Solon contributed to this article.\n\nReview & Outlook: The SpaceX entrepreneur wants to run a commission on government efficiency. Photo: Frederic J. Brown/AFP/Getty Images/Yuki Iwamura/Bloomberg News",
    "published": "2024-09-11"
  },
  {
    "source": "WSJ",
    "title": "Can India Keep Its Wealthy From Fleeing?",
    "summary": "A suspicion of wealth and embrace of redistribution stymie the nation’s increasingly affluent.",
    "link": "https://www.wsj.com/opinion/can-india-keep-its-wealthy-from-fleeing-bdc4a343?mod=Searchresults_pos9&page=73",
    "content": "India is curiously defying a common law of economics. When foreign investors cool toward an emerging economy’s stock market, share prices usually fall. Not so in the world’s fifth-largest economy.\n\nForeign investors were net sellers of India-listed shares last month, accounting for more than $1 billion in outflows. Foreign inflows of $2.6 billion this year are a fraction of last year’s $22 billion. Yet the Bombay Stock Exchange’s benchmark BSE Sensex has risen 12.8% year to date, buoyed in large part by domestic mutual funds.\n\nThe stock market’s resilience reflects deeper changes in India, with implications beyond investor portfolios. Long a global byword for poverty, India now boasts a significant and rapidly growing cohort of relatively wealthy consumers and investors. Goldman Sachs estimates the country’s “affluent population”—those with an annual income of at least $10,000—will grow from approximately 60 million today to 100 million by 2027. Blume Ventures, an early-stage Indian venture fund, estimates that about 30 million households, or roughly 120 million people, with an annual per capita income equivalent to $15,000 represent “the consuming class.”\n\nThese are the people largely responsible for India’s stock-market boom, as well as for the majority of domestic spending on everything from beauty products and restaurant meals to airline tickets and iPhones. In historical terms they are an anomaly. India has long been characterized by extreme wealth disparities—the old cliché of maharajas and snake charmers—but it has never had a well-off class this large. Goldman Sachs estimates that as recently as 2011 only about 20 million Indians met its criteria for “affluent.”\n\nDespite this progress, the country’s consuming class remains small. Blume estimates it at about 8% of the population. It reports that only about 25 million to 30 million households own a car. Some 30 million homes, according to Blume, have wired broadband. Among all U.S. households in 2021, 90% had a broadband internet subscription.\n\nAt the higher end, India’s market nearly vanishes. According to Mercedes Benz’s 2023 annual report, it sold about 737,000 cars in China and 298,000 in the U.S. In the 2023-24 financial year, it reportedly sold some 18,000 in India. For BMW the Indian market is less than 2% of the Chinese. India houses nearly one-sixth of the world’s population but reportedly accounts for roughly 4.4% of Netflix’s 270 million paid subscribers.\n\nAccording to Blume, only 22 million Indians paid income tax last year. Of them 4.5 million—or 0.3% of the population—accounted for 80% of collected income taxes. By contrast, the top 1% of Americans in 2021 paid 45.8% of total income taxes.\n\nBlume reports that groceries accounted for three-quarters of retail spending in India in 2022, compared with 40% in China and 30% in the U.S. Most Indians lack the disposable income to buy most consumer goods, let alone invest in the stock market. The roughly 40 million Indians invested in mutual funds, according to Blume, represent less than 3% of the country’s population. More than 800 million Indians are entitled to free grains from the government every month, and as many as 900 million have received direct cash benefits in the past decade.\n\nHow India approaches its growing bubbles of affluence will determine its future. For the past century, dating to the final decades of colonial rule, Indian politics and public discourse have been dominated by leftists quick to demonize wealth. Since the demise of the Swatantra Party in 1974 no Indian party has espoused economic liberalism. The economic reforms of the 1990s occurred because India was broke, not because its political class suddenly embraced free enterprise.\n\nBecause nonpoor Indians have almost no ability to affect electoral outcomes, they have largely “seceded” from the public sphere, Sajith Pai , a partner with Blume Ventures, says in an interview. Many of those who can have left: According to Henley & Partners, a firm that helps the wealthy acquire foreign residency, 7,500 millionaires exited India in 2022.\n\nEven today, no Indian politician can bring himself to lament that a tiny part of the population shoulders a disproportionate amount of the tax burden and receives few government services in return. The promise of radical wealth redistribution lies at the heart of opposition leader Rahul Gandhi ’s attempted political comeback. Mr. Modi’s popularity relies largely on a mix of religious chauvinism and handouts for the masses.\n\nFor the U.S., and the West more broadly, India would be a more desirable partner—both as a market and potential counterweight to China—if it could increase the proportion of its population able to afford cars, cappuccinos and international flights. Yet to do so, India must first treat such people as assets to be cultivated, not scorned.\n\nJournal Editorial Report: The week's best and worst from Kim Strassel, Mene Ukueberuwa, Kyle Peterson and Dan Henninger Photo: Derrick Tuskan/AP",
    "published": "2024-09-11"
  },
  {
    "source": "WSJ",
    "title": "Exclusive | PwC Laying Off 1,800 Employees in First Formal Cuts Since 2009",
    "summary": "The cuts will affect 2.5% of the workforce at the Big Four accounting firm’s U.S. unit, people familiar with the matter said",
    "link": "https://www.wsj.com/articles/pwc-laying-off-1-800-employees-plans-restructuring-of-products-business-b5dfe7c1?mod=Searchresults_pos14&page=22",
    "content": "PricewaterhouseCoopers ’s U.S. unit is laying off about 1,800 workers, its first formal layoffs since 2009, and restructuring its technology group as the firm faces slowing demand for some of its advisory business.\n\nThe Big Four accounting firm is in the process of cutting employees in the U.S. and elsewhere, primarily in its U.S. advisory and products and technology operations, according to people familiar with the matter. The cuts, about half of which are offshore, span employees ranging from associates to managing directors and include business services, audit and tax, the people said.\n\nPwC plans to notify those affected, roughly 2.5% of the workforce at the U.S. unit, in October, the people said.\n\nPwC on Wednesday announced its plans for layoffs and the restructuring in a memo to U.S. staff obtained by The Wall Street Journal. “There will be an element of resource action that will impact a relatively small proportion of our people, something that is never easy,” Paul Griggs, PwC’s U.S. leader, said in the memo.\n\nNewsletter Sign-up WSJ | CFO Journal The Morning Ledger provides daily news and insights on corporate finance from the CFO Journal team. Preview Subscribe\n\n“Ultimately, we are positioning our firm for the future, creating capacity to invest, and anticipating and reacting to the market opportunities of today and tomorrow,” Griggs added. The executive said he would be remiss if he didn’t acknowledge the announcement was being made on Sept. 11, a day on which the firm lost five colleagues.\n\nPwC said the last formal layoffs in its U.S. unit occurred in 2009. In 2017, the firm offered employees new roles as part of a restructuring and if employees declined, they left the firm.\n\nThe firm has said that it has been an outlier among the Big Four over the past two years by not laying off anyone in the U.S. and having no plans to do so. EY, KPMG and Deloitte collectively laid off thousands of U.S. workers in that period.\n\nPwC plans to restructure its products and technology teams to further embed them in individual business lines and streamline processes in business services, Griggs said.\n\nThe moves come after Griggs began as U.S. leader in May. In succeeding Tim Ryan in the role, he launched a structural overhaul that took effect in July, shifting the roughly 75,000-person U.S. unit back to three business lines from two. Tax returned to being a separate U.S. business in July. The firm in 2021 combined its tax-reporting and accounting businesses into one unit called trust solutions, with remaining revenue stemming from consulting solutions, which included tax consulting.\n\nSHARE YOUR THOUGHTS What do PwC’s layoffs signify for the company and profession? Join the conversation below.\n\n“To remain competitive and position our business for the future, we are continuing to transform areas of our firm and are aligning our workforce to better support our strategy, including attracting and moving the right talent and skill sets to the areas where we need them most,” Tim Grady, PwC’s U.S. chief operating officer, said in a statement to The Wall Street Journal.\n\nThe firm’s chief products and technology officer, Joe Atkinson, in June became global chief AI officer after seven years in the role. Atkinson, on a 2021 podcast, said it is important to give employees the proper tools to carry out their responsibilities, not just update them on industry trends. That’s largely why PwC often opts to build its own products instead of purchasing them from third-party vendors, he said at the time.\n\nPwC’s products and technologies are aimed at addressing a range of corporate challenges, including managing risks around supply chains, data privacy and regulations. One of PwC’s products, ProEdge, is a digital platform with more than 150 “immersive learning experiences” to help train employees on new skills.\n\nPwC will continue to evaluate whether to stop building certain products, among other investment decisions, the people familiar with the matter said.\n\nMany professional-services firms have experienced weaker demand in certain areas due to higher interest rates and weaker economic conditions. Several firms in the industry stepped up hiring to address pandemic-fueled changes in their corporate clients, but attrition over the last couple of years has been lower than they expected. The firms, some of which focus on individual performance as the basis for cuts, risk losing stature if they slash a sizable chunk of jobs at once.\n\nWrite to Mark Maurer at mark.maurer@wsj.com",
    "published": "2024-09-11"
  },
  {
    "source": "WSJ",
    "title": "A Catastrophic Debate for Trump",
    "summary": "He was angry and fixated on the past, and he failed to define Harris or her policies.",
    "link": "https://www.wsj.com/opinion/a-catastrophic-debate-for-trump-2024-presidential-election-d2e5aa7f?mod=Searchresults_pos19&page=155",
    "content": "Tuesday’s debate between Kamala Harris and Donald Trump was a train wreck for him, far worse than anything Team Trump could have imagined.\n\nMs. Harris was often on offense, leaving Mr. Trump visibly rattled as she launched rocket after rocket at him. A New York Times analysis found she spent 46% of her time on the attack while Mr. Trump devoted 29% of his time to going after her. Debates aren’t won on defense.\n\nMs. Harris pressed Mr. Trump on the economy, the Ukraine war, foreign policy, healthcare, the Jan. 6 attack and especially abortion, leaving him flustered and often incoherent. In return, he criticized her on border security, climate change and the Israel-Hamas war.\n\nMr. Trump had to know the vice president would try to get him to lose his cool. She did. She went after him on his multiple indictments. She called him “weak” and belittled him as a six-time bankrupt, spoiled inheritor of wealth. She said his former national security adviser thought him, in her words, “dangerous and unfit” for the Oval Office.\n\nAs is frequently the case with Mr. Trump, he let his emotions get the better of him. He took the bait almost every time she put it on the hook, offering a pained smile as she did. Rather than dismissing her attacks and launching his strongest counterarguments against her, Mr. Trump got furious. As her attacks continued, his voice rose. He gripped the podium more often and more firmly. He grimaced and shook his head, at times responding with wild and fanciful rhetoric. Short, deft replies and counterpunches would have been effective. He didn’t deliver them.\n\nMr. Trump did a terrible job at his most important task—tying her to President Biden’s failed policies. He did an even worse job prosecuting the argument that she’s a far-left politician out of sync with America’s values. The Trump campaign’s mid-debate fact-check bulletins that flooded email inboxes were far more substantive and effective than his responses at the podium.\n\nMr. Trump’s failure wasn’t for a lack of material. He had plenty in the Biden-Harris administration’s record to work with, especially on inflation and the crisis at the border. In one of his strongest moments, he hit hard on the botched Afghan withdrawal. Even then, he got sucked into an argument about his administration’s negotiations with the Taliban.\n\nThere was no sustained, specific indictment of her record on almost any issue. Mr. Trump offered angry responses, pursed lips and eyes darting mostly down, seldom looking at her. And what was it with his makeup that left white circles around his eyes? This was his most important opportunity to make an impression of strength and relative stability.\n\nBoth candidates made significant misstatements. Ms. Harris said her opponent “left us the worst unemployment since the Great Depression” and Mr. Trump declared inflation under Biden-Harris “probably the worst in our nation’s history.” But his false statements far outnumbered hers by my count.\n\nMr. Trump had a great comeback to Ms. Harris’s agenda for change. She’s had 3½ years as vice president, he said, so “why hasn’t she done it?” But that was in his closing statement. It should have been the attack he started with, continually repeated, and closed with, undercutting every new policy proposal she offered.\n\nIt matters how debating candidates carry themselves. There, it was no contest. Ms. Harris came across as calm, confident, strong and focused on the future. Mr. Trump came across as hot, angry and fixated on the past, especially his own. She mastered the split screen, projecting confidence and wordlessly undercutting him by smiling while shaking her head as he spoke.\n\nMany undecided and swing voters will make up their minds less on any single issue than on their visceral reactions to the candidates. Ms. Harris did herself much good with that crowd Tuesday. Mr. Trump didn’t.\n\nEven more voters wanted to learn something new and reassuring about the candidates in the debate. She provided them plenty, while he didn’t.\n\nTrump enthusiasts will be upset that the ABC interviewers fact-checked the former president far more than they did Ms. Harris. Then again, he gave them plenty of material to work with—such as repeating the bizarre claim that Haitian migrants in Springfield, Ohio, are eating the pets of local residents. That was probably Team Trump’s lowest moment.\n\nWill this debate have an effect? Yes, though perhaps not as much as Team Harris hopes or as much as Team Trump might fear. But there’s no putting lipstick on this pig. Mr. Trump was crushed by a woman he previously dismissed as “dumb as a rock.” Which raises the question: What does that make him?\n\nMr. Rove helped organize the political-action committee American Crossroads and is author of “The Triumph of William McKinley” (Simon & Schuster, 2015).\n\nWonder Land: Donald Trump has a communication problem, but Kamala Harris has a character problem. And based on the first debate, a lot could change. Photo: Luis Villegas/The Sacramento Bee via ZUMA Press Wire",
    "published": "2024-09-11"
  },
  {
    "source": "WSJ",
    "title": "Lululemon Is Seeing a Slowdown in Its Women’s Business. Has It Reached Its Ceiling?",
    "summary": "The athletic apparel maker blames fewer new colors and prints for disappointing growth in women’s clothing. But observers say it faces bigger problems, like competition from other brands.",
    "link": "https://www.wsj.com/articles/lululemon-is-seeing-a-slowdown-in-its-womens-business-has-it-reached-its-ceiling-f99a48a8?mod=Searchresults_pos8&page=168",
    "content": "Lululemon said having fewer new options for female shoppers led to a slowdown in that part of its business.\n\nLululemon's high price point and the shift away from form-fitting silhouettes are also contributing to the slowdown.\n\nThe company is trying to address the issue by increasing product variety, but analysts believe that competition from brands like Alo and Vuori is a bigger challenge.\n\nLululemon's women's business is slowing down due to a lack of product variety, increased competition and changing consumer preferences.\n\nLululemon is trying to stanch a slowdown in its women’s business by dialing up variety in its products. But industry veterans say the company has more to worry about as competition grows and cash-strapped shoppers trade down to cheaper brands.\n\nThe Canadian athleisure pioneer rode double-digit sales growth every year since 2003 to become one of the largest activewear firms in the U.S. and Canada, Morningstar analysts wrote in a note earlier this year.\n\nBut when Lululemon reported second-quarter earnings late last month, executives said they were disappointed in the recent performance of its women’s lineup, despite the segment’s 6% growth in the quarter.\n\nThe company in July pulled a new legging from the market that some shoppers had given poor reviews. However, it said the most significant factor in the weakness of its women’s business was a product plan that didn’t give consumers enough new colors, prints, patterns and silhouettes.\n\n“As we have learned more, it’s become clear to us that this reduced newness, which is below our historical levels and stems from earlier product decisions, has impacted conversion rates given the fewer new options available to our female guests,” Chief Executive Calvin McDonald said on the company’s earnings call.\n\nNewsletter Sign-up WSJ | CMO Today CMO Today delivers the most important news of the day for media and marketing professionals. Preview Subscribe\n\nThe company said a reorganization earlier this year will help its efforts. Its chief merchandising officer, an executive important in the brand’s sales strategy, now reports to its chief brand and product activation officer. Previously, the chief merchandising officer reported to the chief product officer, who left the company and wasn’t replaced.\n\n“We’re seeing a much tighter relationship in the brand/marketing organization with merchandising, which is really the whole sell side of the business being under one leader, where before it was a handoff,” McDonald said.\n\nThe question is whether fixing “newness” in the women’s business will be enough to restore the old momentum.\n\nThe Morningstar analysts said Lululemon’s brand power remains intact despite some challenges. “We think sales will recover when new products hit the shelves,” they wrote.\n\nThe company said in its 2023 annual report that its women’s range represented 64% of net revenue and its men’s represented 23%.\n\nBut the sports and athleisure category has been seeing both heightened competition and a modest slowdown as a result of more cautious consumers, according to Neil Saunders , managing director at data analytics firm GlobalData, in a note about Lululemon.\n\n“There probably needs to be a bit more effort around the core assortment which, while still impressive in terms of quality, lacks some of the oomph with new drops coming across as a bit ‘samey,’” Saunders said.\n\n“Lululemon remains a very good retailer and brand with an impressive track record. However, the miracle it has worked for so long seems to be fading,” he added. Its challenges are leading some to ask whether the brand has reached its ceiling in the U.S. and Canada, he said.\n\nOther challenges\n\nCompeting brands are a deeper problem than a lack of variety in the lineup, Jefferies analysts said in a note last week.\n\n“While we acknowledge that product newness and color are important factors, we believe the bigger challenge lies in heightened competition from brands like Alo and Vuori, which are rapidly gaining market share,” the analysts wrote.\n\nLululemon’s high-end price point has also meant some inflation-strapped consumers are happy to purchase cheaper “dupes” of leggings from other sellers rather than shell out upward of $100 for the real thing.\n\nAnd Lululemon might be contending with a mismatch between some consumers’ perceptions of the brand and contemporary trends.\n\nIn recent years, brands such as American Eagle Outfitters’ Aerie have tried to appeal to consumers by offering more inclusive sizing and featuring a variety of body shapes in their stores and in marketing. Form-fitting silhouettes like those often emphasized by Lululemon have also gone out of style for some shoppers.\n\n“I think we’ve seen a real vibe shift away from skinniness being the look to strength being the look,” said Jen Costello , global chief strategy officer of advertising agency TBWA Worldwide, which operates a cultural intelligence unit.\n\nAdvertisement\n\nWrite to Megan Graham at megan.graham@wsj.com",
    "published": "2024-09-11"
  },
  {
    "source": "WSJ",
    "title": "VW and Germany Were Great for Each Other. Now They’re Not.",
    "summary": "Both the carmaker and its home country are suffering from high costs, eroding tech leadership and a reliance on China",
    "link": "https://www.wsj.com/business/autos/vw-and-germany-were-great-for-each-other-now-theyre-not-d38dc012?mod=Searchresults_pos3&page=144",
    "content": "Volkswagen VOW3 -0.75 %decrease; red down pointing triangle is going through its deepest crisis in years. So is Germany. And that’s no coincidence.\n\nWhile the carmaker’s travails are exposing missteps, they also show how Germany’s economic model is struggling to keep up with a changing world. Fixing these problems will require changes both for the carmaker and the world’s third-largest economy.\n\n“VW’s problems mirror to a degree the problems of the German economy, and the problems of the German economy are reflected in VW,” said Moritz Schularick, president of the Kiel Institute for the World Economy, an independent think tank. “Resistance to change is something that hangs over both.”\n\nTepid sales, mounting foreign competition, and an expensive electric-vehicle strategy that hasn’t wowed buyers have left VW’s stock trading around 14-year lows. On Tuesday, the company canceled a 30-year agreement to avoid compulsory redundancies at the VW brand, setting up a battle with workers as it looks to rightsize its cost base.\n\nElectric-vehicle giant BYD overtook Volkswagen last year as China’s bestselling car brand Photo: Cfoto/Zuma Press\n\nMeanwhile, Germany’s economy is stagnating. Its GDP, almost flat since 2019, shrunk 0.3% last year, and some economists expect it to contract again this year.\n\nVW is Germany’s largest employer and car making is the country’s flagship industry, accounting for 5% of gross domestic product, according to several estimates.\n\n“VW is to Germany what Nokia was to Finland or Samsung is to South Korea…There’s a scenario where that sector will shrink significantly and replacing those jobs with equally well-paid jobs will not be easy,” said Dirk Schumacher , Europe economist at Natixis.\n\nGermany’s economic malaise and the crisis at VW have joint roots, according to economists and analysts: Heavy reliance on China, high costs and an eroding technological leadership.\n\nExcessive reliance on China\n\nManufacturing accounts for a fifth of Germany’s gross domestic product, about twice the U.S. level, with a focus on capital goods and cars. For years, this was a good fit for a globalizing world: German companies built factories in emerging markets, dug Chinese subways and made cars for the new middle classes. While the Midwest was ravaged by deindustrialization, Germany’s industrial base grew.\n\nNowhere was the boom clearer than at VW. A decade ago, the company recorded €5.2 billion, equivalent to around $5.7 billion, of operating profit from its Chinese joint ventures, and that doesn’t include income from brand licensing, parts sales or exports of high-end models from Germany.\n\nCovid-19, geopolitics and China’s maturing economy changed that. As tariffs and other trade barriers rose around the world, German exports began falling. China had been Germany’s largest trade partner since 2015, so slowing growth there hit German companies hard, as did the rise of Chinese competitors. “China,” said Schularick, “turned from tailwind to headwind.”\n\nEV giant BYD overtook VW last year as China’s bestselling car brand. VW has relaunched its China strategy and expects its joint ventures there to bring home as little as €1.5 billion in operating profit this year.\n\n“When Western executives returned to China after the pandemic…everybody expected the country to be sitting in a deep Covid hole but they had used the time to invest, become more competitive, cheaper and faster,” said Ulrich Ackermann, head of foreign trade at Germany’s VDMA mechanical engineering industry association.\n\nIn 2020, China overtook Germany as the biggest exporter of machinery and equipment, according to German trade statistics. Today it produces more industrial machines than the U.S., Germany and Japan together.\n\nHigh costs at home\n\nChina isn’t alone to blame. The scale, cost and inflexibility of VW’s operations in Germany mean the company has thinner profit margins than its rivals despite owning a lucrative portfolio of luxury badges including Audi and Porsche. That makes the company vulnerable to macroeconomic or industry challenges. The tepid post-Covid recovery in European car sales, no longer masked by cash flows from China, is just the latest example.\n\nIn the year through July, roughly 17% fewer vehicles were registered in the eurozone and U.K.—key markets for the VW brand—than in 2019. Justifying its call for compulsory redundancies, management said the division had lost two plants’ worth of production.\n\nWhile European peers Stellantis and Renault have trimmed staff in recent years, VW’s head count has grown modestly.\n\nVW finds it hard to let workers go because of its unusual governance. The State of Lower Saxony owns 20% of the company’s voting shares, and a special “Volkswagen law” sets a high bar for significant changes to its operations.\n\n“It is more like a state-owned company than a private one,” said Ferdinand Dudenhöffer , director of Germany’s Center Automotive Research.\n\nVolkswagen’s operational skew toward its high-cost home territory is unusual. Germany accounted for 57% of its assets and 44% of its employees in 2023 but only 19% of revenue. At Toyota, VW’s closest rival in terms of scale, Japan accounted for 23% of revenues, 27% of assets and 18% of employees in the year through March.\n\nAfter years of wage restraint boosted its competitiveness in the early 2000s, Germany briefly became the world’s largest exporter of goods. This advantage has since faded. German labor is now among the most expensive in the West, and labor productivity has been flat since 2019.\n\nIn Germany, Europe’s top car producer, an auto worker cost roughly €62 an hour last year, compared with €29 in second-ranked Spain, according to an analysis by the German Association of the Automotive Industry.\n\nThe Ukraine war and Berlin’s decision to forgo nuclear energy have also left Germany with high energy costs. Natural gas is three to five times more expensive than in China and the U.S., and electricity is 60% to 75% more pricey than before the pandemic, according to the BDI Federation of German Industry.\n\n“German industry is slightly more energy intensive than the average and Germany depends more on industrial production, so that higher energy costs have a strong impact,” said Clemens Fuest , president of the IFO economic institute in Munich.\n\nAn example of Germany’s problems feeding into each other is Thyssenkrupp. The steelmaker has been beset by low demand from carmakers and falling steel prices because of Chinese exports. Meanwhile, a project to switch its fuel from coal to green hydrogen is increasing capital expenditure and threatening to push production prices even higher.\n\nLosing the tech race\n\nVW outspends industry peers—and any other European company—on research and development. Analysts expect it to shell out the equivalent of almost $19 billion on R&D this year, more than double Toyota. Yet it hasn’t had much to show for it lately.\n\nVW’s decades of excellence in combustion engines was little help in developing EVs, whose performance depends largely on batteries and software. With those technologies led by Tesla and China, Volkswagen is struggling to stand out.\n\n“Whereas a decade ago the Golf enjoyed a comfortable premium to all of its competitors, I’m not sure that is true for their electric vehicles. They’ve lost some of the fairy dust,” said HSBC analyst Mike Tyndall.\n\nSome German manufacturers offer cutting-edge products ranging from sophisticated lasers to advanced optics that few foreign rivals can match. But many others have struggled to maintain a technological advantage.\n\nGerman labor is now among the most expensive in the West. Photo: Liesa Johannssen-Koppitz/Bloomberg News\n\nDespite its engineering tradition and research institutions, Germany doesn’t have a sizable tech sector. SAP, the only software company in the DAX-40 blue-chip stock index, was created in 1972. The number of patents filed by German entities has dropped every year since 2018 except in 2023, World Intellectual Property Organization data shows. Corporate investment in the country fell 5% last year, according to the Kiel Institute for the World Economy, with many companies focusing on faster-growing markets.\n\nR&D spending in Germany amounts to about 3% of GDP, more than the European average, said Fuest. “The problem is that a large part of this is concentrated in the automotive sector.”\n\nWhile China tapped German industrial know-how for decades, technology transfers are now flowing in the opposite direction too. Several German companies are building R&D capacity there to take advantage of local know-how, government subsidies or the absence of red tape, according to a German industry lobbyist based in China.\n\nIronically, expensive labor isn’t the only reason VW’s production costs are higher in Germany than in China, analysts say. Another is that its Chinese plants tend to be more automated and digitized.\n\nWrite to Bertrand Benoit at bertrand.benoit@wsj.com and Stephen Wilmot at stephen.wilmot@wsj.com",
    "published": "2024-09-11"
  },
  {
    "source": "WSJ",
    "title": "wsj.com",
    "summary": "",
    "link": "https://www.wsj.com/finance/green-energy-bankruptcy-enviva-wood-pellets-8a3b71fb?mod=Searchresults_pos9&page=88",
    "content": "",
    "published": "2024-09-11"
  },
  {
    "source": "WSJ",
    "title": "wsj.com",
    "summary": "",
    "link": "https://www.wsj.com/us-news/tyreek-hill-says-officer-who-detained-him-should-be-fired-0652faa8?mod=Searchresults_pos14&page=90",
    "content": "",
    "published": "2024-09-11"
  },
  {
    "source": "WSJ",
    "title": "wsj.com",
    "summary": "",
    "link": "https://www.wsj.com/business/autos/top-jeep-dealers-blame-ceo-for-disastrous-choices-936379c2?mod=Searchresults_pos16&page=78",
    "content": "",
    "published": "2024-09-11"
  }
]