[
  {
    "source": "WSJ",
    "title": "Wall Street Pros Get Into Position to Profit From a Trump Win",
    "summary": "While polling shows a tight race, some investors are putting on wagers that could pay off if Trump beats Harris",
    "link": "https://www.wsj.com/finance/investing/wall-street-pros-get-into-position-to-profit-in-case-trump-wins-623c8b47?mod=Searchresults_pos6&page=62",
    "content": "Some large hedge funds and money managers, sensing a potential shift in momentum, are getting behind trades that could pay out if Donald Trump beats Kamala Harris in the presidential election.\n\nWhile most polling still shows a tight race, that shift has rippled across markets in recent weeks, boosting assets seen as likely to benefit from a Republican victory. For instance, the private-prison operator GEO Group is up 21% in October, on pace for its best month since 2022, while the bitcoin miner Riot Platforms has risen 34%.\n\nThe well-known hedge-fund manager Dan Loeb reckons that a Trump victory has become more likely, he said this month. His $11 billion firm, Third Point, has added to positions that could benefit, by buying stocks and options, and shifted away from companies that won’t.\n\n“We believe the proposed ‘America First’ policy’s tariffs will increase domestic manufacturing, infrastructure spending, and prices of certain materials and commodities,” he wrote in an investor letter. “We also believe that a reduction in regulation generally and especially in the activist antitrust stance of the Biden-Harris administration will unleash productivity and a wave of corporate activity.”\n\nThe hedge-fund manager Dan Loeb’s firm has added to positions that could benefit if Donald Trump wins. Photo: Tasneem Alsultan/Bloomberg\n\nMark Dowding , chief investment officer of RBC BlueBay Fixed Income at RBC BlueBay Asset Management, has stepped up trades tied to a Trump victory since the end of September. Dowding, whose group oversees $130 billion in assets, has concentrated on interest rates and currencies.\n\nDowding is betting the dollar will strengthen and the U.S. yield curve will steepen, meaning long-term rates will go up more than short-term ones. He is wagering that inflation breakevens—essentially, bond-market measures of price pressures—will widen.\n\nAll three bets reflect Dowding’s belief that Trump’s agenda will stoke inflation, owing largely to tariffs. Trump has pledged sweeping tariffs of 10% to 20% on imported goods, and 60%-plus levies on goods from China. Economists say cost increases are usually passed on to consumers.\n\nLast week, Dowding flew from London to the U.S. to meet policymakers and lobbyists, and said he was “struck by the fact that Republicans are feeling more confident than I expected.”\n\n“At the start of the week, I picked up that narrative, and I started thinking ‘This is much more skewed toward Trump than I realized,’” he said.\n\nAdvertisement\n\nThe willingness of some investors to trade the election marks a switch from just weeks ago, when many said the race was too close to call and their focus was instead on interest rates and earnings. Once Trump’s betting odds started improving, the election became more of a priority.\n\n“It’s absolutely fair to say that the election has become a lot bigger of a driver in markets,” said Themos Fiotakis, global head of foreign-exchange and emerging-markets macro strategy at Barclays. He ties recent declines in the Chinese yuan and Mexican peso to Trump’s momentum. Trump recently said he could impose 200% tariffs on vehicles from Mexico.\n\n“The moves are big, and the implied moves” in the options market are big, Fiotakis said. Betting against the currencies, and on the dollar, “is no longer a cheap no-brainer like it was two or three weeks ago.”\n\nWith Election Day nearing, investors say they are on high alert for changes in the competitive dynamic. Many are thinking about possible surprises on or after Nov. 5, particularly if the results are challenged or there are vote-counting delays.\n\n“We don’t have a crystal ball,” said Vineer Bhansali, founder of the California hedge-fund firm LongTail Alpha. “The approach for us is, what’s not priced into the market?” He said a similar stance paid off in 2016.\n\nAdvertisement\n\nBhansali recently bought bullish call options that would pay out if stocks rise. His gains in a Harris victory would be larger because markets currently consider her the underdog.\n\n“The market has an expectation that, generally, a Trump win is good for the market and that a Kamala win would be bad for the market,” he said. “I think there is a possibility that if Kamala wins…markets could rally.”\n\nThrough options, he could also benefit if stocks turn choppy after Election Day—a wager Bhansali said he made in case the result is uncertain.\n\nStill, some managers are playing it safe. Many hedge funds are likely hesitant to make big wagers that could jeopardize this year’s strong gains, said Jon Caplis, chief executive of PivotalPath. An index compiled by his research firm shows hedge funds are up 8.3% through September after fees.\n\nAdvertisement\n\n“The incentive for any of them to make big bets on what still seems pretty uncertain, it just doesn’t behoove them or their investors,” Caplis said.\n\nZachary Kurz, founder of PinnBrook Capital, a New York-based hedge-fund firm that oversees $500 million in assets, said he expects to reduce some positions ahead of the vote. He pointed to how unpredictable the result—and the market reaction—might be.\n\n“The Mexican election surprised people negatively, the Indian election surprised people negatively and the French election surprised people negatively,” Kurz said.\n\nSHARE YOUR THOUGHTS How do you think a Trump victory would affect the markets? Join the conversation below.\n\n—Peter Rudegeair contributed to this article.\n\nWrite to Caitlin McCabe at caitlin.mccabe@wsj.com\n\nNavigating the Markets Coverage and analysis, selected by editors Get WSJ's Markets A.M. Newsletter",
    "published": "2024-10-22"
  },
  {
    "source": "WSJ",
    "title": "Lighthizer Replies on Tariffs and U.S. History",
    "summary": "They were a great success, exactly as President Trump claims.",
    "link": "https://www.wsj.com/opinion/lighthizer-trump-trade-tariffs-us-economic-history-1902e158?mod=Searchresults_pos11&page=2",
    "content": "A worker at an aluminum profile production company in Binzhou, China, June 5. Photo: Cfoto/Zuma Press\n\nThe editorial page continues its jihad against former President Donald Trump’s popular tariff proposal. In “No, Tariffs Don’t Fuel Growth” (op-ed, Oct. 17), Phil Gramm and Donald Boudreaux argue that proponents of using tariffs to stimulate manufacturing and create better jobs for our workers are wrong. They say that the great U.S. economic growth in the second half of the 19th century occurred during times of falling tariffs.\n\nI disagree, but rather than argue against their selective data choices or fanciful views on U.S. economic history, I would like to point out that during this great period of economic growth, when America created the largest economy in the world from the end of the Civil War until 1900, the average tariffs in this country were almost always above 40% on dutiable goods. The tariffs “falling” from time to time, during this period of which they speak, were decreasing from about 50% to about 40%. That’s around 10 times current tariff levels. Also during this period, the U.S. almost always ran giant trade surpluses and large fiscal surpluses. We became wealthier. In short, tariffs were a great success, exactly as Mr. Trump claims.",
    "published": "2024-10-22"
  },
  {
    "source": "WSJ",
    "title": "Trump’s Tariffs and Economic Risk",
    "summary": "How much would his border taxes offset his pro-growth policies?",
    "link": "https://www.wsj.com/opinion/donald-trump-tariffs-economy-2024-election-kamala-harris-robert-lighthizer-29c07e94?mod=Searchresults_pos9&page=8",
    "content": "Donald Trump said recently that “tariff” is the most beautiful word in the dictionary, except “faith” or “love,” and in this belief he seems consistent. So it’s worth taking seriously Mr. Trump’s campaign promise to impose a universal baseline tariff of 10% or 20% on all imports to the U.S., plus 60% on China.\n\nA first question is whether Mr. Trump really would do this, since it would dwarf his last tariffs. The average tariff rate on all U.S. imports is currently about 2%, the Tax Foundation says, and Mr. Trump’s plan could raise it to “highs not seen since the Great Depression.” That was under the infamous 1930 Smoot-Hawley tariff.\n\nMr. Trump started his first term with pro-growth deregulation and tax reform. He began his tariff wave in 2018, with targeted levies on steel, aluminum, washing machines, solar cells, and a variety of goods from China. He held off adding a tax of up to 35% on foreign autos, even as his Commerce Department wrote a report calling them a national-security threat.\n\nThe evidence is clear that the tariffs had real costs and reduced the growth spurred by his other policies. Other countries retaliated, hitting U.S. producers of everything from apples to whiskey. The government paid farmers billions in compensation. Harley-Davidson had to shift production for its overseas customers to Thailand to stay competitive.\n\nThere was no great boom in manufacturing employment. More jobs involve using steel than making it, and one study said higher steel prices led to 75,000 lost manufacturing jobs. Consumers paid more for many products, as companies passed on tariff costs. The economic studies on these points are copious, and it’s worrisome that Mr. Trump and his advisers dismiss them.\n\nThe next question is whether Mr. Trump has the power to impose a universal tariff. The Constitution grants Congress, not the President, authority over trade. It’s unlikely that Congress would pass a new broad-based tariff on all imports, though protectionism has been gaining support in the Trump era.\n\nBut Congress has already ceded considerable power to the President, especially provisions against “unfair” trade practices (Section 301) and “national security” threats (Section 232). Mr. Trump used these powers in his first term, and he was aggressive in exploiting 232 in particular, as he no doubt would be again.\n\nThe bigger danger is that Mr. Trump might use the International Emergency Economic Powers Act (IEEPA). This law gives the President broad authority, after declaring an emergency, “to deal with any unusual and extraordinary threat” from abroad. IEEPA has been used to freeze Venezuelan assets and stop exports to Iran. It has never been used to impose tariffs. Mr. Trump threatened Mexico with it in 2019 but stood down amid a deal to expand the “Remain in Mexico” migrant policy.\n\nYet it’s hard to believe Mr. Trump could legally get away with declaring all imports from everywhere an emergency to impose a tariff. That would transform IEEPA from a sanctions law into a grant of limitless presidential power over trade. Progressives love the idea of a carbon tariff. Could President Biden impose one unilaterally by declaring foreign emissions to be an emergency?\n\nIf Mr. Trump tries it, he may find himself in court, perhaps the Supreme Court. The current Justices have struck down similar efforts to abuse presidential power, such as Mr. Biden’s $400 billion student-loan forgiveness.\n\nMr. Trump sometimes says he sees tariffs merely as a means to gain trade reciprocity: If Japan had zero tariffs on U.S. goods, the U.S. would do the same. But the process of getting to zero is likely to be messy if it is even achievable. Once imposed, tariffs build business and union constituencies that won’t easily give them up. The current 25% U.S. tariff on foreign trucks was imposed in 1964.\n\nYet at other times Mr. Trump sounds like a true believer in high tariff walls for their own sake—as the way to return manufacturing to the U.S. and protect it from foreign competition. This seems to be the view of his chief trade adviser, Robert Lighthizer , and perhaps running mate JD Vance.\n\nKnown as import substitution, this model of economic growth kept India globally uncompetitive for decades. It would guarantee higher consumer prices and the slow erosion of U.S. business competitiveness. Our guess is that financial markets would signal their disapproval if Mr. Trump goes this far.\n\nAnother risk, and a special case, is trade with China. Mr. Trump’s first-term tariffs didn’t change Chinese behavior, but he seems more determined than ever to raise the stakes. China’s mercantilism and IP theft have caused foreign firms to reduce their investment in China, which is the prudent move. Strategic economic decoupling is warranted. But an all-out trade war with China would have significant costs for America too.\n\nMr. Trump’s overall economic agenda is superior to Kamala Harris’s model of tax, spend, mandate and regulate. But his tariff agenda is an anti-growth wild card that poses considerable economic risk in a second term. We’d have to hope financial markets and Congress deter the worst.\n\nJournal Editorial Report: Trump, party are divided on early balloting. Photo: Steve Marcus/AP",
    "published": "2024-10-22"
  },
  {
    "source": "WSJ",
    "title": "Trump and America’s Choice",
    "summary": "Voting for Kamala Harris and a fourth Obama term would bring risks too.",
    "link": "https://www.wsj.com/opinion/trump-and-americas-choice-election-voters-harris-poses-risks-too-election-obama-cfc875b5?mod=Searchresults_pos7&page=133",
    "content": "It isn’t only his personality or his policies, which are a mishmash of those of major party candidates of the past 60 years, that accounts for the establishment reaction against Donald Trump.\n\nMr. Trump likely never would have been elected in 2016 without FBI chief James Comey ’s insubordinate and improper actions, the most important details of which are still hidden in the only part of the scathing 2018 Justice Department inspector general postmortems on Mr. Comey’s tenure to remain sealed under a top-secret classification.\n\nThe public knows only that, internally at the FBI and later in closed hearings of the House and Senate Intelligence committees, Mr. Comey justified his actions by citing false and likely fabricated Russian intelligence. His intervention culminated in his reopening of the email case 11 days before the election, which Hillary Clinton , independent pollsters and Mr. Comey’s own FBI colleagues say caused Mr. Trump’s victory.\n\nI’m reminding you of this for three reasons. It ought to strike you how readily these truths now are omitted from the quasi-official narrative that the press adopts.\n\nIt also tells you something about intelligence leaks. They don’t happen by accident. They aren’t products of journalistic enterprise. They happen because somebody with a high degree of political immunity decides to leak something for a strategic purpose. It’s notable, then, that the extremely newsy findings of the secret inspector general’s report remain unleaked after five years.\n\nFinally, the episode tells you something about the election we’re having—how it got ramped up into an existential crisis, Mr. Trump and his establishment enemies resorting to every kind of demagoguery, conspiracy theorizing and name calling.\n\nIn one way at least Mr. Trump is reminiscent of our most seasoned presidents, his impossible-to-replicate education in high-stakes conflict.\n\nIt would have been almost absurd to talk about an Eisenhower program or policy. Eisenhower had an unstated destination in mind; everything else was a matter of tactics. His stance through crises in Korea, Laos, Vietnam, Quemoy and Matsu, Berlin and Sinai amounted to an absurdity—massive retaliation, as if the U.S. would start World War III over any pile of rocks.\n\nIt was a dodge, one constantly running out of gas, as he knew better than anyone, yet nobody could have done what Eisenhower did, writes Evan Thomas in his account of the Ike presidency.\n\nIt is inevitable that people such as Eisenhower think in something other than the static policy-and-prescriptions terms that dominate media discourse. In his recent meeting with Journal editors, and in his many long-form podcast interviews, Mr. Trump lets on that he knows his proposals for sweeping tariffs, mass deportations and walking away from underpaying NATO allies amount to a loaded gun in the hands of a child. They are impractical except as catalysts and deterrents toward his goal of redistributing the costs and benefits of America’s costly global leadership.\n\n“Trump policies can’t succeed without Trump,” is the assessment preached by Trump supporter Sen. Lindsey Graham and there’s something to it. Mr. Trump is criticized by parrot-imitating pundits for being “transactional.” Huh? The activity of politics every day and every minute consists of transactions—with voters, with interest groups, rivals, allies and institutions.\n\nHis demagoguery, as it’s often accurately characterized, has succeeded where other things haven’t in moving America. Joe Biden’s and Kamala Harris’s positions on the border or China today sound more like Mr. Trump’s than their own of four years ago.\n\nThe right question: Does Mr. Trump have the Eisenhower-like wisdom to know what he’s trying to achieve with the chaos he stokes? It’s possible. I don’t know. History is the price we pay for finding such things out.\n\nHow should we think about the election, then? In terms of variance. If Mr. Trump is high risk, high reward, Ms. Harris, it’s no insult to say, is low risk, low reward—most obviously, her election would obviate the clear and present risk of four years of establishment war against a sitting president.\n\nHers would be a fourth Obama term, albeit in a trajectory where, during the Biden interlude, the Obama approach encountered serious problems in the form of a new and more dangerous war in Ukraine, Iranian-sponsored aggression in the Middle East, and the revolt of a large part of America reacting viscerally against the rule of woke experts. Voters are trying to understand, too, what Ms. Harris brings to the table that might re-establish stability while continuing the Obama dispensation.\n\nWe live in interesting times but are also badly served by a decaying mainstream press, a situation somewhat alleviated by a proliferation of interesting and diverse thinkers on Substack and Twitter.\n\nThis is a factor too as voters go to the polls not quite sure, for the first time since 1860, if the dominant establishment will abide an election outcome that doesn’t turn out its way.\n\nReview & Outlook: Appellate judges say New York Attorney General Letitia James may have exceeded her legal authority. Photo: Jane Rosenberg/Reuters",
    "published": "2024-10-22"
  },
  {
    "source": "WSJ",
    "title": "India-China Ties May See Thaw Four Years After Border Skirmish Froze Relations",
    "summary": "The two nations have reached an agreement on patrolling in disputed border areas, a key stumbling block in talks",
    "link": "https://www.wsj.com/world/asia/india-china-ties-may-see-thaw-four-years-after-border-skirmish-froze-relations-5713a769?mod=Searchresults_pos15&page=140",
    "content": "Indian soldiers on the border with China in 2021. The countries have had a tense relationship since they fought a war in 1962.\n\nNEW DELHI—India and China have reached a breakthrough in discussions over their disputed Himalayan border, signaling room for improved ties after a high-altitude skirmish froze relations between the Asian giants.\n\nThe two countries have arrived at an arrangement to resume patrolling along their de facto border, Indian Foreign Secretary Vikram Misri said Monday. A spokesman for China’s Foreign Ministry on Tuesday confirmed an agreement related to border issues, without elaborating.\n\nPatrols by Indian and Chinese security forces along the border halted following a June 2020 clash between the nuclear-armed neighbors that saw security forces engage in hand-to-hand combat, resulting in the deaths of 20 Indian soldiers and four Chinese personnel.\n\n“Over the last several weeks Indian and Chinese diplomatic and military negotiators have been in close contact with each other in a variety of forums,” Misri said. “We have reached an agreement on the issues that were being discussed.”\n\nMisri said the agreement on patrolling, once implemented, could pave the way for disengagement. China’s Foreign Ministry spokesman said China would work with India to implement the agreements.\n\nIndian Prime Minister Narendra Modi, wearing glasses, talked to Chinese President Xi Jinping at a Brics summit in 2016. Photo: Manish Swarup/Associated Press\n\nMisri was speaking at a briefing on the eve of Indian Prime Minister Narendra Modi ’s arrival in Russia for the Brics summit—a bloc of emerging nations comprising Brazil, Russia, India, China and South Africa—which Chinese President Xi Jinping is also attending.\n\nSpeaking to reporters in Russia on Tuesday, Misri said that Modi and Xi will have a bilateral meeting Wednesday on the sidelines of the summit. He didn’t elaborate on what the two leaders intend to discuss. Modi and Xi haven’t had formal talks since the border clash.\n\nThe standoff severely damaged political and business relations between the two countries.\n\nFollowing the clash, India retaliated by banning dozens of mobile apps, including widely used video-streaming platform TikTok and the messaging app WeChat. It also made it nearly impossible for Chinese companies to bring foreign direct investments into the country by hardening government rules.\n\nWhile China was India’s largest trading partner in the year ended in March, Chinese firms operating in India have faced probes over alleged tax evasion, which the companies deny, and India has levied tariffs on many Chinese products as it seeks to build up its own domestic manufacturing and reduce dependence on its neighbor.\n\nSHARE YOUR THOUGHTS What do you think the future holds for India-China relations? Join the conversation below.\n\nDirect passenger flights between the two countries also haven’t resumed.\n\nAn Indian security official said the scope of future disengagement is unclear, but noted that if military forces are able to resume patrolling after more than four years, it would signal a “big positive move.”\n\nStill, strategic experts note that China has moved to fortify its border with India, including setting up new villages along parts of the disputed boundary, efforts that are unlikely to be dismantled and that will weigh on Indian security concerns.\n\nShared concerns about a more assertive China have cemented closer economic and strategic ties between India and the U.S. in recent years. That includes a more than $3-billion deal for India to purchase 31 armed Guardian drones that it will use in part to track Chinese troop movements on its Himalayan border. Diplomatic experts say that a slight normalization of India’s ties with China isn’t likely to fundamentally change the U.S.-India equation, noting the U.S. has also moved to restart some lines of communication with China to manage the risks of a confrontation.\n\nIndia and China have had a tense relationship since they fought a war in 1962. India also hosts the Dalai Lama, whom Beijing views as a separatist. The Tibetan spiritual leader fled to India in 1959 after China moved to assert its control over the region.\n\nThe two countries are separated along their 2,000-mile border by a vague demarcation line known as the Line of Actual Control.\n\nIndian and Chinese security forces often used to bump into each other during patrolling of their perceived areas of control on the borders, leading to heightened tensions. Since the 2020 clash, both countries have deployed tens of thousands of security forces along the Himalayan border along with advanced artillery, weapons and surveillance devices.\n\n“Given how difficult it has been so far, India will continue to be mobilized and not take things at face value with China,” said Harsh Pant, vice president for foreign policy at the Observer Research Foundation, a New Delhi-based international relations think tank.\n\nIn recent months, however, there have been signals that the two countries were looking to break the deadlock. Indian industrial groups have also lobbied for easing the ability to do business with China, including seeking faster visa clearances for specialized Chinese industrial workers.\n\nThe meeting between Xi and Modi this week on the sidelines of Brics could make clearer whether there is indeed momentum for improving ties.\n\n“We need to wait and watch if there is actually a political agreement between Modi and Xi,” said Pant.\n\nWrite to Rajesh Roy at rajesh.roy@wsj.com",
    "published": "2024-10-22"
  },
  {
    "source": "WSJ",
    "title": "Biden’s Missing Electric-Vehicle Chargers",
    "summary": "Union and equity rules bog down the $5 billion program.",
    "link": "https://www.wsj.com/opinion/bidens-missing-electric-vehicle-chargers-union-and-equity-rules-bog-down-rprogram-1f7eeb0c?mod=Searchresults_pos4&page=11",
    "content": "Photo: Douglas R. Clifford/Zuma Press\n\nThe White House claims that “President Biden’s leadership and record federal investment” have caused a boom in charging stations for electric vehicles. Yet overwrought regulations and lavish handouts to favored groups have turned the EV charger program into another ineffective part of Mr. Biden’s equity and social-services agenda.\n\nIn 2021, under the so-called Bipartisan Infrastructure Law, Congress provided $5 billion over five years to fund a national network of EV charging ports. Almost three years later, the program has created 69 ports, fewer than the rest of the EV sector produces every day. There have been widespread complaints about what one Washington Post article calls the program’s “painfully slow rollout.” The delays are due in part to regulations encouraging unionization, as well as the administration’s goal that at least 40% of clean-energy investments benefit “disadvantaged communities,” the areas that need EV chargers the least.",
    "published": "2024-10-22"
  },
  {
    "source": "WSJ",
    "title": "Lighthizer Replies on Tariffs and U.S. History",
    "summary": "They were a great success, exactly as President Trump claims.",
    "link": "https://www.wsj.com/opinion/lighthizer-trump-trade-tariffs-us-economic-history-1902e158?mod=Searchresults_pos13&page=45",
    "content": "A worker at an aluminum profile production company in Binzhou, China, June 5. Photo: Cfoto/Zuma Press\n\nThe editorial page continues its jihad against former President Donald Trump’s popular tariff proposal. In “No, Tariffs Don’t Fuel Growth” (op-ed, Oct. 17), Phil Gramm and Donald Boudreaux argue that proponents of using tariffs to stimulate manufacturing and create better jobs for our workers are wrong. They say that the great U.S. economic growth in the second half of the 19th century occurred during times of falling tariffs.\n\nI disagree, but rather than argue against their selective data choices or fanciful views on U.S. economic history, I would like to point out that during this great period of economic growth, when America created the largest economy in the world from the end of the Civil War until 1900, the average tariffs in this country were almost always above 40% on dutiable goods. The tariffs “falling” from time to time, during this period of which they speak, were decreasing from about 50% to about 40%. That’s around 10 times current tariff levels. Also during this period, the U.S. almost always ran giant trade surpluses and large fiscal surpluses. We became wealthier. In short, tariffs were a great success, exactly as Mr. Trump claims.",
    "published": "2024-10-22"
  },
  {
    "source": "WSJ",
    "title": "Who Gets to Say When the Gaza War Is Over?",
    "summary": "It will be finished when Palestinians tell Hamas they have suffered enough.",
    "link": "https://www.wsj.com/opinion/who-gets-to-say-when-the-gaza-war-is-over-4b238578?mod=Searchresults_pos1&page=43",
    "content": "A billboard of Hamas's slain leader Yahya Sinwar at Palestine Square in Tehran, Iran, Oct. 19. Photo: abedin taherkenareh/Shutterstock\n\nRegarding Michael Doran ’s op-ed “Israel Kills Sinwar, Biden Wants to ‘Move On’” (Oct. 19): It is the loser, not the winner, who says a war is over. In World War II, Japan made that determination. Britain decided the American Revolutionary War was done, and that it wasn’t worth fighting to keep the colonies in tow. In reverse, the U.S. decided the Vietnam War was finished.\n\nThe war in Gaza will follow the same pattern. It will be finished when Palestinians tell Hamas they have suffered enough, and it is then time to make peace with Israel.",
    "published": "2024-10-22"
  },
  {
    "source": "WSJ",
    "title": "It Must Be October in Britain Because the Beans Taste Like Christmas",
    "summary": "Decorations are already up, sparking debate over whether the Brits have gone too far; ‘a sign of national moral decline’",
    "link": "https://www.wsj.com/lifestyle/london-christmas-decorations-holiday-shopping-england-brits-468e69a6?mod=Searchresults_pos15&page=116",
    "content": "LONDON—There’s nothing like fall. The chill in the air. The leaves start to change. Pumpkin spice lattes. Christmas.\n\nWait, what? Throughout Britain, Christmas decorations are already going up, raising questions about whether this time the Brits really have gone too far.\n\nLiberty’s, one of London’s iconic department stores, opened up its Christmas store—an entire floor of trees, lights, baubles, stockings, Nativity scenes and stuffed reindeer—on Aug. 23. The temperature outside that day: 77 degrees.\n\n‘Tis the season?\n\n“It’s never too early to prepare for the most wonderful time of the year,” the store wrote on its Instagram account. Another big retailer, John Lewis, promotes Christmas decorations by warning shoppers: “Only 11 weeks to go!”\n\nA U.K. radio company, Heart, launched its digital channel of 24/7 Christmas music on Sept. 24. Food giant Heinz put out a new line of baked beans, with “pigs in a blanket”—small hot dogs wrapped in bacon—sprinkled with “Christmas seasoning.” At Tesco supermarkets, you can buy seasonal mince pies that will be well past their sell-by date come Christmas.\n\nBritain is a bit short of showcase holidays. It has no equivalent to Thanksgiving and certainly doesn’t do July 4th, the day those “tax dodgers” in America got their independence. Halloween is a thing, but nowhere near as much as in the U.S.\n\nSo that really just leaves Christmas, a day that is synonymous with family get-togethers, plenty of turkey and booze, a speech by the monarch and perhaps a trip to church. And the Brits really do like to get ready for it early.\n\nBrits like to get ready for Christmas early. Photo: Eamonn M. McCormack/Getty Images for Hamleys\n\nA John Lewis store. The big retailer sees people shopping earlier than ever this year. Photo: John Lewis Partnership\n\n“People come back from summer and the next big thing is Christmas,” says John Stevenson, a retail analyst at Peel Hunt. One of the companies he covers, home-furnishings provider Dunelm, told him it received tens of thousands of searches for “Christmas” on its website—in July, before it launched this year’s line of festive products. Lisa Cherry, Head of Buying for Christmas at John Lewis, said she was “surprised to see that customers are shopping earlier than ever this year.”\n\n‘Christmas Creep’\n\nShops in Britain have adjusted their offerings earlier and earlier in what has become known as “Christmas Creep.” This has spawned another British tradition: eye-rolling at how early shops are selling things for Christmas.\n\nAdvertisement\n\nBeans with Christmas seasoning. Photo: The Kraft Heinz Company\n\nWhen Liberty announced it was kicking off Christmas in August, things got a bit spicy on its Instagram account. “It’s August?! This is how retail has utterly wrecked the magic of the Holiday Season. How can it be special when it drags on for months?” wrote one commenter. She was quickly accused by another commenter of being a grinch.\n\nAnother accused the store of going “American” in search of profits. “There’s nothing British about this,” she fumed.\n\nExcept there is. In the U.S., the unofficial rule is no Christmas lights or decorations until after Thanksgiving. The tree in Rockefeller Center in New York City usually gets lit up the Wednesday after Thanksgiving, which this year falls on Dec. 4. But since the U.K. doesn’t celebrate Thanksgiving, there is no unwritten rule about when to begin Christmas.\n\n“I feel like right after Halloween, it’s OK to say the word Christmas,” says Siobhan Murphy, an interior designer from Castleford in northern England. She admits it’s tempting to do it earlier: She once put up her tree on Oct. 1.\n\nAdvertisement\n\nSiobhan Murphy with her decorations. Photo: Siobhan Murphy\n\nPaul Boyd, who runs the Morningside School of Music in Edinburgh, recently bought musical-themed Christmas decorations to put in his shop. Boyd, 43, says he adores Christmas, has fairy lights in the house year-round, and reasoned that buying more decorations in October would be cheaper than waiting until December. At work he is already immersed in Christmas prep, with two choirs practicing for yuletide concerts.\n\n“You know, it does feel a little bit strange singing Christmas songs in late October, but this isn’t necessarily a bad thing is it?” he says.\n\nLondon’s Oxford Street, Europe’s busiest shopping street, will flip the switch on Christmas lights on Nov. 5. Nearby Regent Street will turn on 300,000 LED lights two days later.\n\nAlison Pearson, a newspaper columnist for Britain’s The Telegraph, feels the Brits have lost their stiff upper lip in wanting to indulge in the season for so long. She wrote a column last year titled: “Starting Christmas early is a sign of national moral decline—I can’t help feeling appalled.”\n\nAdvertisement\n\nOne factor that used to limit the quest to push Christmas ever earlier: You can’t keep a real tree indoors for more than a month before it sheds needles and looks bad, says Rory Young, who runs Scottish Christmas Trees, which grows around 50,000 such trees a year. But as fake trees look more realistic, more Brits are buying them. In fact, according to John Lewis, over a quarter of British households now buy two Christmas trees, a main one for presents, alongside a secondary “show tree.”\n\nEnglish Heritage, a charity that manages stately homes, is now urging people to leave up decorations until Feb. 2, or Candlemass, 40 days after Christmas. That used to be the case in medieval England, the charity says. Then again, in medieval times, homes would put up evergreen wreaths on Christmas Eve, not August.\n\nFor much of British history, Christmas wasn’t a particularly lavish celebration. Not that things weren’t fun: One popular medieval game was “Hot Cockles,” where blindfolded victims had to guess who’d smacked them from behind.\n\n‘Merry monarch’\n\nIn the 17th century, Britain’s parliament, backed by Puritans who took a dim view of often rowdy Christmas celebrations, briefly banned the holiday. Christmas was officially reintroduced with the restoration of the monarchy under Charles II, known as the “merry monarch.”\n\nAdvertisement\n\nSome yuletide inspiration was imported: Christmas trees didn’t become a thing in Britain until the mid to late 19th Century, after Queen Victoria’s German husband popularized the concept. In the 20th Century, Uncle Sam delivered much of the inspiration for the gaudy festive displays that now bedeck shops around the country.\n\nThere are limits, though, to how many foreign habits Britain will tolerate. The National Trust, another charity which manages stately homes, made clear a few years ago that on no account should Father Christmas be referred to as Santa Claus at its properties. And many Brits continue to say “Happy Christmas” not “Merry Christmas.”\n\nFor much of British history, Christmas wasn’t a particularly lavish celebration. Now festive displays bedeck shops around the country. Photo: SOPA Images/LightRocket via Getty Images\n\nWrite to David Luhnow at david.luhnow@wsj.com and Max Colchester at Max.Colchester@wsj.com\n\nThe quirkier side of life The A-Hed, named for a headline shaped like a capital A, has run on the front page of The Wall Street Journal since 1941. SEE MORE A-HEDS",
    "published": "2024-10-22"
  },
  {
    "source": "WSJ",
    "title": "Retailers Grasp for Holiday Magic Amid Raucous U.S. Elections and Shorter Season",
    "summary": "Chains like Skechers and Lululemon are working to hold shoppers’ attention as the Harris-Trump showdown and fewer shopping days make that harder",
    "link": "https://www.wsj.com/articles/retailers-grasp-for-holiday-magic-amid-raucous-u-s-elections-and-shorter-season-76feb57d?mod=Searchresults_pos11&page=193",
    "content": "Holiday shoppers last year outside Macy’s in Midtown Manhattan. This year, the chain is adding to its mix of holiday gift options with wrapped beauty and fragrance sets and festive apparel.\n\nDespite efforts to entice consumers, some companies have already lowered their sales expectations for the holiday season.\n\nSome retailers are implementing strategies such as earlier sales, additional promotions, and new product offerings to attract shoppers.\n\nRetailers are facing a challenging holiday season due to the upcoming U.S. presidential election and a shorter shopping period.\n\nRetailers are moving to protect their all-important holiday sales season from the double downer of this year’s U.S. presidential election and a compressed shopping period.\n\nAdvertisement\n\nThe dead-heat election is injecting hesitation into some already-stretched consumers’ willingness to spend. And a quirk in the calendar means there are five fewer shopping days than usual between Thanksgiving and Christmas, eating into the time retailers have to attract shoppers and convince them to splurge.\n\n“The number of days is lower, so the importance on those days is greater,” said Chuck Grom , a senior retail analyst at Gordon Haskett .\n\nRetailers including Macy’s, Lululemon Athletica, Skechers and Academy Sports & Outdoors are working to resist the undertow. Some are rolling sales out earlier, or plan to run additional promotions and showcase more new wares. Others, despite planned efforts to woo shoppers, are cutting their expectations for sales this year.\n\nU.S. shoppers’ spending was strong in September, rising 0.4% from a month earlier, but consumer confidence declined unexpectedly in mid-October. American consumers’ retail spending this November and December is anticipated to grow between 2.5% and 3.5% from the holiday period last year, totaling between $979.5 billion and $989 billion, according to a forecast from the National Retail Federation. That growth rate would be down from 3.9% last year and 4.7% in 2022, according to the NRF.\n\nShoppers in the U.S. will be looking for bargains this winter. Sixty-two percent of Americans anticipate feeling financial strain this holiday season, down from 67% in 2023, according to a holiday shopping consumer survey from Bank of America. As a result of rising prices, nearly six in 10 survey respondents plan to do more of their winter shopping at discount stores than they did last year.\n\nAcademy is focusing on value to entice its customers, who tend to be middle-income and are increasingly using credit cards or buy now/pay later options for purchases, said Chief Financial Officer Carl Ford .\n\n“They’ve been budget-conscious for a while,” he said. “I don’t think that that’s going to magically get better.”\n\nThe sporting goods and outdoor recreation retailer is offering sales earlier this year, in November, to maximize the number of holiday shopping days, he said. Academy is also keeping its inventory tight, while carrying trendy brands and products, such as certain Nike footwear, in more stores, he added.\n\nAdvertisement\n\nThe chain is additionally planning to be more promotional this winter where it makes sense, Ford said. In recent years, the company narrowed its promotion strategy to focus on specific occasions, such as back-to-school, Fourth of July and Memorial Day. Promotions will pick up for the winter holiday period, according to the finance chief.\n\nOthers are relying on fresh merchandise.\n\nA Skechers in Times Square, New York. CFO John Vandemore doesn’t expect a robust holiday season, but ‘we’d like to see measured growth,’ he said. Photo: Richard B. Levine/Zuma Press\n\nFootwear and apparel brand Skechers is counting on new items, some in collaboration with farm-equipment maker John Deere, new golf shoes and expanded hands-free slip-in footwear offerings, to appeal to consumers, said CFO John Vandemore .\n\n“You could argue that we over-innovate to test a lot of things to see what works,” he said. “But the current environment tells us that we can’t stop.” Skechers doesn’t disclose how much it invests in product innovation.\n\nVandemore says he is watching for signs that consumers are meaningfully cutting back—both online and in stores—as the holidays approach. That would spur him to look at a range of options, including increased promotions to clear out inventory.\n\nAt midyear, however, Skechers shoppers were spending, with second-quarter sales up 7.2%, to $2.16 billion, compared with a year earlier. Skechers reports third-quarter results on Thursday.\n\n“I don’t expect it to be robust holiday growth,” Vandemore said. “But we’d like to see measured growth.”\n\nNewsletter Sign-up WSJ | CFO Journal The Morning Ledger provides daily news and insights on corporate finance from the CFO Journal team. Preview Subscribe\n\nMacy’s, the company behind the namesake department-store chain as well as Bloomingdale’s and Bluemercury, is adding to its mix of holiday gift options with wrapped beauty and fragrance sets and festive apparel. Shoppers will find 40% new products across categories this holiday season.\n\nThe retail giant isn’t planning more promotions, but the deals will apply to a wider assortment of goods, according to Macy’s executives at the Goldman Sachs Global Retailing Conference last month.\n\nDespite plans to lure in shoppers, some companies have already factored a muted holiday season into their financials for the year.\n\nLululemon is expecting a roughly 3-percentage-point hit because of the shorter shopping period. In August, the athleisure company cut its 2024 outlook to roughly $10.38 billion to $10.48 billion in net revenues, down from the $10.7 billion to $10.8 billion it forecast in June.\n\nThe company is trying to halt a slowdown in its women’s business through steps such as adding more seasonal colors and styles to its lineup and fast-tracking new styles, executives have said. But these efforts aren’t anticipated to fully counter the effects of the more compact holiday shopping period.\n\n“We feel optimistic with the work our teams are doing to improve the newness we offer within our U.S. women’s assortment,” Lululemon Chief Financial Officer Meghan Frank told analysts at the end of August. “But we continue to acknowledge the uncertainties in the macro environment and plan the business prudently.”\n\nRetailers may report slower sales with fourth-quarter results early next year. But a tricky holiday season might not be the only culprit, said John Kernan , a managing director at investment bank TD Cowen.\n\n“There will at times be companies that plead the macro,” he said. “To us, that could be code for the competitive environment is too difficult for us right now, and the lower-income consumer is pulling back.”\n\nAdvertisement\n\nWrite to Jennifer Williams at jennifer.williams@wsj.com",
    "published": "2024-10-22"
  },
  {
    "source": "WSJ",
    "title": "Retailers Grasp for Holiday Magic Amid Raucous U.S. Elections and Shorter Season",
    "summary": "Chains like Skechers and Lululemon are working to hold shoppers’ attention as the Harris-Trump showdown and fewer shopping days make that harder",
    "link": "https://www.wsj.com/articles/retailers-grasp-for-holiday-magic-amid-raucous-u-s-elections-and-shorter-season-76feb57d?mod=Searchresults_pos20&page=192",
    "content": "Holiday shoppers last year outside Macy’s in Midtown Manhattan. This year, the chain is adding to its mix of holiday gift options with wrapped beauty and fragrance sets and festive apparel.\n\nDespite efforts to entice consumers, some companies have already lowered their sales expectations for the holiday season.\n\nSome retailers are implementing strategies such as earlier sales, additional promotions, and new product offerings to attract shoppers.\n\nRetailers are facing a challenging holiday season due to the upcoming U.S. presidential election and a shorter shopping period.\n\nRetailers are moving to protect their all-important holiday sales season from the double downer of this year’s U.S. presidential election and a compressed shopping period.\n\nThe dead-heat election is injecting hesitation into some already-stretched consumers’ willingness to spend. And a quirk in the calendar means there are five fewer shopping days than usual between Thanksgiving and Christmas, eating into the time retailers have to attract shoppers and convince them to splurge.\n\n“The number of days is lower, so the importance on those days is greater,” said Chuck Grom , a senior retail analyst at Gordon Haskett .\n\nRetailers including Macy’s, Lululemon Athletica, Skechers and Academy Sports & Outdoors are working to resist the undertow. Some are rolling sales out earlier, or plan to run additional promotions and showcase more new wares. Others, despite planned efforts to woo shoppers, are cutting their expectations for sales this year.\n\nU.S. shoppers’ spending was strong in September, rising 0.4% from a month earlier, but consumer confidence declined unexpectedly in mid-October. American consumers’ retail spending this November and December is anticipated to grow between 2.5% and 3.5% from the holiday period last year, totaling between $979.5 billion and $989 billion, according to a forecast from the National Retail Federation. That growth rate would be down from 3.9% last year and 4.7% in 2022, according to the NRF.\n\nShoppers in the U.S. will be looking for bargains this winter. Sixty-two percent of Americans anticipate feeling financial strain this holiday season, down from 67% in 2023, according to a holiday shopping consumer survey from Bank of America. As a result of rising prices, nearly six in 10 survey respondents plan to do more of their winter shopping at discount stores than they did last year.\n\nAcademy is focusing on value to entice its customers, who tend to be middle-income and are increasingly using credit cards or buy now/pay later options for purchases, said Chief Financial Officer Carl Ford .\n\n“They’ve been budget-conscious for a while,” he said. “I don’t think that that’s going to magically get better.”\n\nThe sporting goods and outdoor recreation retailer is offering sales earlier this year, in November, to maximize the number of holiday shopping days, he said. Academy is also keeping its inventory tight, while carrying trendy brands and products, such as certain Nike footwear, in more stores, he added.\n\nThe chain is additionally planning to be more promotional this winter where it makes sense, Ford said. In recent years, the company narrowed its promotion strategy to focus on specific occasions, such as back-to-school, Fourth of July and Memorial Day. Promotions will pick up for the winter holiday period, according to the finance chief.\n\nOthers are relying on fresh merchandise.\n\nA Skechers in Times Square, New York. CFO John Vandemore doesn’t expect a robust holiday season, but ‘we’d like to see measured growth,’ he said. Photo: Richard B. Levine/Zuma Press\n\nFootwear and apparel brand Skechers is counting on new items, some in collaboration with farm-equipment maker John Deere, new golf shoes and expanded hands-free slip-in footwear offerings, to appeal to consumers, said CFO John Vandemore .\n\n“You could argue that we over-innovate to test a lot of things to see what works,” he said. “But the current environment tells us that we can’t stop.” Skechers doesn’t disclose how much it invests in product innovation.\n\nVandemore says he is watching for signs that consumers are meaningfully cutting back—both online and in stores—as the holidays approach. That would spur him to look at a range of options, including increased promotions to clear out inventory.\n\nAt midyear, however, Skechers shoppers were spending, with second-quarter sales up 7.2%, to $2.16 billion, compared with a year earlier. Skechers reports third-quarter results on Thursday.\n\n“I don’t expect it to be robust holiday growth,” Vandemore said. “But we’d like to see measured growth.”\n\nNewsletter Sign-up WSJ | CFO Journal The Morning Ledger provides daily news and insights on corporate finance from the CFO Journal team. Preview Subscribe\n\nMacy’s, the company behind the namesake department-store chain as well as Bloomingdale’s and Bluemercury, is adding to its mix of holiday gift options with wrapped beauty and fragrance sets and festive apparel. Shoppers will find 40% new products across categories this holiday season.\n\nThe retail giant isn’t planning more promotions, but the deals will apply to a wider assortment of goods, according to Macy’s executives at the Goldman Sachs Global Retailing Conference last month.\n\nDespite plans to lure in shoppers, some companies have already factored a muted holiday season into their financials for the year.\n\nLululemon is expecting a roughly 3-percentage-point hit because of the shorter shopping period. In August, the athleisure company cut its 2024 outlook to roughly $10.38 billion to $10.48 billion in net revenues, down from the $10.7 billion to $10.8 billion it forecast in June.\n\nThe company is trying to halt a slowdown in its women’s business through steps such as adding more seasonal colors and styles to its lineup and fast-tracking new styles, executives have said. But these efforts aren’t anticipated to fully counter the effects of the more compact holiday shopping period.\n\n“We feel optimistic with the work our teams are doing to improve the newness we offer within our U.S. women’s assortment,” Lululemon Chief Financial Officer Meghan Frank told analysts at the end of August. “But we continue to acknowledge the uncertainties in the macro environment and plan the business prudently.”\n\nRetailers may report slower sales with fourth-quarter results early next year. But a tricky holiday season might not be the only culprit, said John Kernan , a managing director at investment bank TD Cowen.\n\n“There will at times be companies that plead the macro,” he said. “To us, that could be code for the competitive environment is too difficult for us right now, and the lower-income consumer is pulling back.”\n\nAdvertisement\n\nWrite to Jennifer Williams at jennifer.williams@wsj.com",
    "published": "2024-10-22"
  },
  {
    "source": "WSJ",
    "title": "Retailers Grasp for Holiday Magic Amid Raucous U.S. Elections and Shorter Season",
    "summary": "Chains like Skechers and Lululemon are working to hold shoppers’ attention as the Harris-Trump showdown and fewer shopping days make that harder",
    "link": "https://www.wsj.com/articles/retailers-grasp-for-holiday-magic-amid-raucous-u-s-elections-and-shorter-season-76feb57d?mod=Searchresults_pos8&page=191",
    "content": "Holiday shoppers last year outside Macy’s in Midtown Manhattan. This year, the chain is adding to its mix of holiday gift options with wrapped beauty and fragrance sets and festive apparel.\n\nDespite efforts to entice consumers, some companies have already lowered their sales expectations for the holiday season.\n\nSome retailers are implementing strategies such as earlier sales, additional promotions, and new product offerings to attract shoppers.\n\nRetailers are facing a challenging holiday season due to the upcoming U.S. presidential election and a shorter shopping period.\n\nRetailers are moving to protect their all-important holiday sales season from the double downer of this year’s U.S. presidential election and a compressed shopping period.\n\nThe dead-heat election is injecting hesitation into some already-stretched consumers’ willingness to spend. And a quirk in the calendar means there are five fewer shopping days than usual between Thanksgiving and Christmas, eating into the time retailers have to attract shoppers and convince them to splurge.\n\n“The number of days is lower, so the importance on those days is greater,” said Chuck Grom , a senior retail analyst at Gordon Haskett .\n\nRetailers including Macy’s, Lululemon Athletica, Skechers and Academy Sports & Outdoors are working to resist the undertow. Some are rolling sales out earlier, or plan to run additional promotions and showcase more new wares. Others, despite planned efforts to woo shoppers, are cutting their expectations for sales this year.\n\nU.S. shoppers’ spending was strong in September, rising 0.4% from a month earlier, but consumer confidence declined unexpectedly in mid-October. American consumers’ retail spending this November and December is anticipated to grow between 2.5% and 3.5% from the holiday period last year, totaling between $979.5 billion and $989 billion, according to a forecast from the National Retail Federation. That growth rate would be down from 3.9% last year and 4.7% in 2022, according to the NRF.\n\nShoppers in the U.S. will be looking for bargains this winter. Sixty-two percent of Americans anticipate feeling financial strain this holiday season, down from 67% in 2023, according to a holiday shopping consumer survey from Bank of America. As a result of rising prices, nearly six in 10 survey respondents plan to do more of their winter shopping at discount stores than they did last year.\n\nAcademy is focusing on value to entice its customers, who tend to be middle-income and are increasingly using credit cards or buy now/pay later options for purchases, said Chief Financial Officer Carl Ford .\n\n“They’ve been budget-conscious for a while,” he said. “I don’t think that that’s going to magically get better.”\n\nThe sporting goods and outdoor recreation retailer is offering sales earlier this year, in November, to maximize the number of holiday shopping days, he said. Academy is also keeping its inventory tight, while carrying trendy brands and products, such as certain Nike footwear, in more stores, he added.\n\nThe chain is additionally planning to be more promotional this winter where it makes sense, Ford said. In recent years, the company narrowed its promotion strategy to focus on specific occasions, such as back-to-school, Fourth of July and Memorial Day. Promotions will pick up for the winter holiday period, according to the finance chief.\n\nOthers are relying on fresh merchandise.\n\nA Skechers in Times Square, New York. CFO John Vandemore doesn’t expect a robust holiday season, but ‘we’d like to see measured growth,’ he said. Photo: Richard B. Levine/Zuma Press\n\nFootwear and apparel brand Skechers is counting on new items, some in collaboration with farm-equipment maker John Deere, new golf shoes and expanded hands-free slip-in footwear offerings, to appeal to consumers, said CFO John Vandemore .\n\n“You could argue that we over-innovate to test a lot of things to see what works,” he said. “But the current environment tells us that we can’t stop.” Skechers doesn’t disclose how much it invests in product innovation.\n\nVandemore says he is watching for signs that consumers are meaningfully cutting back—both online and in stores—as the holidays approach. That would spur him to look at a range of options, including increased promotions to clear out inventory.\n\nAt midyear, however, Skechers shoppers were spending, with second-quarter sales up 7.2%, to $2.16 billion, compared with a year earlier. Skechers reports third-quarter results on Thursday.\n\n“I don’t expect it to be robust holiday growth,” Vandemore said. “But we’d like to see measured growth.”\n\nNewsletter Sign-up WSJ | CFO Journal The Morning Ledger provides daily news and insights on corporate finance from the CFO Journal team. Preview Subscribe\n\nMacy’s, the company behind the namesake department-store chain as well as Bloomingdale’s and Bluemercury, is adding to its mix of holiday gift options with wrapped beauty and fragrance sets and festive apparel. Shoppers will find 40% new products across categories this holiday season.\n\nThe retail giant isn’t planning more promotions, but the deals will apply to a wider assortment of goods, according to Macy’s executives at the Goldman Sachs Global Retailing Conference last month.\n\nDespite plans to lure in shoppers, some companies have already factored a muted holiday season into their financials for the year.\n\nLululemon is expecting a roughly 3-percentage-point hit because of the shorter shopping period. In August, the athleisure company cut its 2024 outlook to roughly $10.38 billion to $10.48 billion in net revenues, down from the $10.7 billion to $10.8 billion it forecast in June.\n\nThe company is trying to halt a slowdown in its women’s business through steps such as adding more seasonal colors and styles to its lineup and fast-tracking new styles, executives have said. But these efforts aren’t anticipated to fully counter the effects of the more compact holiday shopping period.\n\n“We feel optimistic with the work our teams are doing to improve the newness we offer within our U.S. women’s assortment,” Lululemon Chief Financial Officer Meghan Frank told analysts at the end of August. “But we continue to acknowledge the uncertainties in the macro environment and plan the business prudently.”\n\nRetailers may report slower sales with fourth-quarter results early next year. But a tricky holiday season might not be the only culprit, said John Kernan , a managing director at investment bank TD Cowen.\n\n“There will at times be companies that plead the macro,” he said. “To us, that could be code for the competitive environment is too difficult for us right now, and the lower-income consumer is pulling back.”\n\nAdvertisement\n\nWrite to Jennifer Williams at jennifer.williams@wsj.com",
    "published": "2024-10-22"
  },
  {
    "source": "WSJ",
    "title": "Trump Fights to Protect Razor-Thin Lead in North Carolina",
    "summary": "Some Republicans say storm damage, scandal surrounding party’s nominee for governor cause concern",
    "link": "https://www.wsj.com/politics/elections/donald-trump-north-carolina-campaign-2024-d1f64d77?mod=Searchresults_pos4&page=213",
    "content": "SWANNANOA, N.C.—Republican-leaning North Carolina appears headed toward a photo-finish in the presidential election, prompting former President Donald Trump to spend extra time to find an edge against Vice President Kamala Harris in a state he narrowly won four years ago.\n\nHarris and Trump have been deadlocked in North Carolina for months, with practically no separation between the two in the closing weeks of the campaign. Trump is crisscrossing the state this week with rallies, a press conference and a dinner with faith leaders as he tries to build an advantage. Some Republicans and political observers say that the devastation brought by Hurricane Helene could make it harder for Trump supporters to vote and that the state’s gubernatorial nominee could be a drag on the Republican ticket.\n\nSpeaking in Buncombe County, Trump said that while voting is important, people are focused on getting by day-to-day. North Carolina officials have placed the statewide death toll at 95 people.\n\n“Voting is the least of it right now,” Trump said Monday. “They got to vote. They want to vote because it’s very important, but they have to survive.” During the first of his four-stop, two-day tour of the state, he urged people to vote early if they could.\n\nMany homes and vehicles in Swannanoa, N.C., were wrecked in flooding from Hurricane Helene. Photo: Mike Stewart/Associated Press\n\nThe Swannanoa River, which runs through western sections of North Carolina, remains largely emptied out. On Monday, it was reduced to a series of puddles. Carpet City of the Swannanoa, a business along the town’s main highway, was gutted in the storm, as were many other businesses and homes, which sat in ruins near where Trump made his appearance.\n\n“Hopefully, I’ll be the one that helps them rebuild,” Trump said.\n\nHelene forced the closure of county election offices, led to the potential loss of hundreds of absentee ballots, destroyed some early voting and Election Day polling sites and brought into question the availability of county poll workers. A bipartisan State Board of Elections this month adopted a resolution to help the voters and election officials in 13 western North Carolina counties. Two days later, it expanded the measures to 12 more counties.\n\nVicky Gilkeyson , a 62-year-old Trump supporter from hard-hit Old Fort, N.C., said her nearest best early-voting option is the McDowell County Board of Elections, which is about 12 miles away in Marion, N.C. “That’s not realistic,” said Gilkeyson, who is among the fortunate ones whose loved ones, home and vehicle were spared. “A lot of people lost vehicles and they lost homes. They can’t drive all that way.”\n\nFormer President Donald Trump has devoted a lot of time and resources to woo voters in North Carolina, including last month in Mint Hill. Photo: Brandon Bell/Getty Images\n\nTrump and many of his Republican allies have slammed President Biden and Harris for what they describe as a slow emergency response, an allegation the administration rejects. Trump used his visit to North Carolina to double down on baseless conspiracy theories that the Federal Emergency Management Agency spent money on “illegal migrants” in areas ravaged by Helene. A spokeswoman for Harris’s campaign dismissed such claims as disinformation and said it would “continue talking to voters down the final stretch.”\n\nThe Harris-Walz campaign launched voter-education and mobilization efforts across hard-hit areas in the western part of the state, including in Burke, Jackson, Buncombe, Henderson and Watauga counties, according to the campaign. The campaign’s door-knocking efforts in those counties include a “wellness check” to assess residents’ needs after the hurricane. Those conversations happen before the campaign talks about the election and how to vote, the campaign said.\n\nHarris isn’t scheduled to visit the state this week but she was here Oct. 5 to survey the damage from Helene, and came back the following weekend. This week, she has put more focus on the “blue-wall” states of Michigan, Wisconsin and Pennsylvania that make up her likeliest path to capturing the White House.\n\nDemocratic vice-presidential nominee Tim Walz and former President Bill Clinton appeared on stage last week during a rally in Durham, N.C. Photo: logan cyrus/Agence France-Presse/Getty Images\n\nHarris could potentially clinch the presidency without North Carolina, as Biden did in 2020, but political observers say the state is a must-win for Trump. According to an analysis by Christopher Cooper , director of the Public Policy Institute at Western Carolina University, Trump won about 55% of the vote in 2020 in the 13 counties hardest hit by Helene. Biden won 45%. He said the findings indicate that much of Trump’s support is likely to be from people whose ability to vote is affected by the hurricane.\n\nNorth Carolina’s GOP chairman Jason Simmons pushed back on the assessment, saying that hurricane-ravaged counties largely “are turning out in margins above where they would typically be.” North Carolina voters last week set a first-day early voting record despite continuing hurricane-recovery efforts across the state.\n\nCooper said Trump might be polling so closely with Harris because of the scandal surrounding Mark Robinson , the Republican candidate in the governor’s race. A CNN report last month detailed Robinson’s alleged antigay and racist comments a decade ago on an online pornography forum. It was latest scandal involving Robinson, an antiabortion candidate who has acknowledged that he had paid for his now-wife’s abortion.\n\nSome Republicans in the state worry that Trump’s fate could be tied to Robinson, which Cooper said was a possibility.\n\n“The best case scenario for the Republican Party is split ticket voting,” said Cooper. “The bad news scenario for Republicans is if [Robinson] takes some of these low-propensity voters and makes them stay at home on the couch.”\n\nSHARE YOUR THOUGHTS What do you think will be the outcome of the race in North Carolina? Join the conversation below.\n\nA recent Wall Street Journal poll found Trump ahead in North Carolina by 1 percentage point (within the survey’s margin of error) on a ballot that includes any third-party or independent candidates. The FiveThirtyEight average of North Carolina polls shows Trump leading by 0.8 percentage points. North Carolina is the swing state that Trump won the most narrowly in 2020.\n\nRepublican National Committee chairman Michael Whatley , a North Carolina native, said the GOP is confident Trump will win the state, adding that “voter registration and early vote counts are extremely favorable.”\n\nWrite to Vivian Salama at vivian.salama@wsj.com\n\nCorrections & Amplifications\n\nThe board of elections in Marion, N.C., is the McDowell County Board of Elections. An earlier version of this article incorrectly said it was the Marion County Board of Elections. Also, North Carolina officials have said 95 people are confirmed dead statewide from Hurricane Helene. The earlier version incorrectly said 95 people died in Buncombe County, N.C. (Corrected on Oct. 24)\n\nThe 2024 Election The campaign moves and voter shifts that drove Donald Trump's win Full Election Results",
    "published": "2024-10-22"
  },
  {
    "source": "WSJ",
    "title": "Government Should Leave Diesel Trucks Alone",
    "summary": "Older heavy-duty trucks are much more reliable than today’s.",
    "link": "https://www.wsj.com/opinion/government-should-leave-diesel-trucks-alone-0c1aa922?mod=Searchresults_pos10&page=1",
    "content": "Photo: Bloomberg\n\nYour editorial “You Can’t Buy That Diesel Truck” (Oct. 4) underscores the escalating socialism of the auto industry, especially when rules are made by people with no knowledge of the subject. It becomes more consequential with diesel Class 8 heavy-duty trucks because their specifications are ordered by customers mostly based on functionality rather than wants, especially compared with a regular vehicle.\n\nThe diesel engine remains the most efficient way of converting a unit of energy to power. After working in the automotive industry, including with heavy trucks for more than 24 years, I have seen the decline in owner-operators of heavy trucks as arbitrary government rules began in the early 2000s. They killed the reliability and functionality of Class 8 trucks while making the vehicles more expensive. Ask any trucker: Older trucks from before the government’s manipulation of the diesel engine are much more reliable than those today. Hence why many keep them on the road well beyond a million miles.",
    "published": "2024-10-22"
  },
  {
    "source": "WSJ",
    "title": "Earlier Drone Attack From Lebanon Hit Israeli Leader’s Home",
    "summary": "Disclosure comes as Blinken visits Tel Aviv in fresh push for cease-fire",
    "link": "https://www.wsj.com/world/middle-east/hezbollah-targets-tel-aviv-as-blinken-visits-in-fresh-push-for-cease-fire-b8438708?mod=Searchresults_pos12&page=127",
    "content": "TEL AVIV—A drone attack from Lebanon that targeted the Israeli seaside town of Caesarea struck the private residence of Israeli Prime Minister Benjamin Netanyahu , people familiar with the matter said Tuesday.\n\nHezbollah has claimed responsibility for the Saturday drone strike, the first time a building associated with the Israeli leader has been hit since the start of the war in Gaza last year. Netanyahu and his family weren’t at the residence at the time.\n\nOn Saturday, Israel’s military initially said that two of the three drones involved were intercepted while the other bypassed Israeli aerial-defense systems and hit a structure in Caesarea.\n\nThe Israeli air force is investigating the incident, which highlighted a weakness in Israeli aerial-defense systems. Drones that are difficult to detect are a rising concern for Israel. Earlier this month, a Hezbollah drone hit a military base in central Israel while soldiers were eating dinner, killing four soldiers and wounding 61 others. Israel’s security establishment, which for years considered drones a side issue, and private companies are now scrambling for ways to improve counter measures.\n\nThe disclosure came as Hezbollah launched rockets at Tel Aviv on Tuesday, hours before Secretary of State Antony Blinken arrived in Israel for his first visit since last week’s killing of Hamas’s leader, Yahya Sinwar . The U.S. is searching for an opening to end the war in Gaza, which has sparked a wider conflict in the region.\n\nIsrael’s Iron Dome antimissile system intercepted rockets launched from Lebanon into Tel Aviv. Photo: violeta santos moura/Reuters\n\nFive projectiles were fired at the Israeli business capital just before 8 a.m. local time, setting off warning sirens. Tel Aviv residents heard several explosions. The Israeli military said it intercepted most of the projectiles, with one falling in an open area, and said no injuries were reported. Hezbollah claimed responsibility for the attack, saying it targeted an intelligence base in Glilot, near Tel Aviv, belonging to the elite Unit 8200.\n\nIsrael continues to battle Hamas in Gaza and Hezbollah in Lebanon, and questions persist about what might bring an end to the fighting and what will happen after the conflict. The region is also on edge over an expected Israeli response to an Iranian attack earlier this month that targeted Israel with about 180 ballistic missiles.\n\nThe Biden administration believes Israel’s killing of Sinwar provides one of the last chances to broker a cease-fire and hostage-release deal and to develop a day-after plan for Gaza. U.S. officials contend that there is a growing realization within the Israeli government that the best chance for an agreement is while President Biden remains in office.\n\nSenior State Department officials said Blinken was swiftly dispatched to the Middle East to see if Sinwar’s death provided a real opening to improve the spiraling situation in the region.\n\nHigh on the list was pressuring Israel to boost the amount of humanitarian aid into Gaza. Blinken and Defense Secretary Lloyd Austin last week wrote in a letter that the assistance had to increase within 30 days. One of the State officials said “the steps they [Israel] have taken thus far have not been sufficient, and we made that clear today that we do need to see more.”\n\nRescue workers at buildings in Beirut following airstrikes. Photo: Hussein Malla/AP\n\nNetanyahu and his team promised to do more, the official continued. “We take those commitments seriously, but it’s the results that matter.”\n\nDuring the 2 1/2 hour meeting in Jerusalem, Netanyahu and his team denied allegations that they were purposefully starving Palestinians in northern Gaza under the theory that those who stay behind would only endure such pain because they are fighting for Hamas, U.S. officials said.\n\n“If that is not your policy, then you should make that clear,” was the message Blinken relayed in the meeting, said the senior State official.\n\nNetanyahu said after Sinwar’s death that the war wasn’t over, indicating that Israel wants to continue pursuing Hamas.\n\nBlinken and Netanyahu discussed day-after plans for the Gaza Strip and humanitarian assistance for the Palestinian enclave, as well as the search for a diplomatic solution to the fighting in Lebanon. They discussed the need to deter further regional aggression from Iran and its proxies.\n\nIsrael has had success in killing top leaders of Hamas and Hezbollah in recent weeks, including Sinwar and Hezbollah’s Hassan Nasrallah. On Tuesday, Israel’s military also confirmed that Nasrallah’s likely successor, Hashim Safieddine , was killed following its heavy airstrikes on Beirut’s southern suburbs earlier this month. Neither group has indicated that it would stop the fighting.\n\nPalestinians evacuate Beit Lahia in the northern Gaza Strip. Photo: Reuters\n\nSome 100 hostages remain in Gaza, including many who are dead, according to Israel. The families of the hostages are concerned about their chances of survival after more than a year since they were taken, and argue that Netanyahu isn’t doing enough to free their relatives.\n\nThe conflict has devastated swaths of Gaza and led to more than 42,000 deaths in the enclave, according to Palestinian health authorities, whose figures don’t say how many were combatants.\n\nNetanyahu has vowed to destroy Hamas but hasn’t spelled out a vision for how Gaza could be governed after the fighting. He has previously ruled out replacing Hamas with the Palestinian Authority, which governs parts of the West Bank, though that notion has drawn support from Israel’s security establishment.\n\nNetanyahu has said that re-establishing Israeli settlements in Gaza isn’t an Israeli aim, but the cause is gaining support within his Likud party. Several lawmakers from his party took part in a conference calling to rebuild Jewish settlements in the enclave on Monday.\n\nHezbollah has said it is launching attacks on Israel in solidarity with Palestinians in Gaza and indicated that it will continue until there is a cease-fire there. The attacks have forced tens of thousands of residents of northern Israel to evacuate the area, and Israel says the goal of its military campaign in Lebanon is to make it safe for them to return.\n\nSeveral explosions were seen near Beirut airport and elsewhere in the city after Israel said it was preparing to strike banks linked to Hezbollah. Photo: Mohammed Yassin/Reuters\n\nThat campaign, which Israel initially described as limited in scope, expanded in recent days when Israel struck branches of a Hezbollah-linked bank, in what it said was an attempt to weaken the ties between the militant group and members of the country’s Shiite community. Israel’s bombardment and invasion has forced hundreds of thousands of people to flee southern Lebanon.\n\nThe Israeli air force struck additional targets in Beirut overnight Monday that it said were weapons-storage facilities and command centers belonging to Hezbollah’s naval unit. The Biden administration has indicated that it wants Israel to scale back bombing in and around Beirut.\n\nWhite House envoy Amos Hochstein met with Lebanon’s prime minister, Parliament speaker and other officials on Monday. He told reporters in Beirut that a solution to the current fighting would have to go beyond implementation of United Nations Security Council resolution 1701, which ended the last full-scale war Israel fought with Hezbollah in 2006.\n\n“The situation has escalated out of control as we feared that it could,” Hochstein said. “Tying Lebanon’s future to other conflicts in the region was not and is not in the interest of the Lebanese people.”\n\nJared Malsin contributed to this article.\n\nWrite to Anat Peled at anat.peled@wsj.com and Alexander Ward at alex.ward@wsj.com\n\nConflict in the Middle East Latest news and key analysis, selected by editors",
    "published": "2024-10-22"
  },
  {
    "source": "WSJ",
    "title": "McDonald’s Quarter Pounders Linked to Deadly E. Coli Outbreak",
    "summary": "At least one person has died and 49 were sickened in connection with the outbreak, according to the CDC",
    "link": "https://www.wsj.com/business/mcdonalds-quarter-pounders-linked-to-deadly-e-coli-outbreak-4477bde8?mod=Searchresults_pos2&page=117",
    "content": "McDonald’s MCD -0.31 %decrease; red down pointing triangle Quarter Pounder hamburgers have been linked to an E. coli outbreak that has sickened at least 49 people and killed one, according to the Centers for Disease Control and Prevention.\n\nIllnesses have been reported in 10 states, with the most cases in Colorado and Nebraska, the federal public-health agency said Tuesday. Ten people have been hospitalized. The first reported case came in late September.\n\nMcDonald’s said a subset of illnesses may be linked to slivered onions used in the Quarter Pounder. Those onions appear to have been sourced by a single supplier that serves three distribution centers, the company said.\n\nLocal restaurants have been instructed to remove the onions and distribution of slivered onions in the affected area has been paused, McDonald’s said. The company is temporarily pulling the Quarter Pounder from restaurants in Colorado, Kansas, Utah and Wyoming.\n\nIt is also removing the Quarter Pounder from some restaurants in Idaho, Iowa, Missouri, Montana, Nebraska, Nevada, New Mexico and Oklahoma.\n\n“At McDonald’s, you can count on us to do the right thing,” Joe Erlinger , president of McDonald’s USA, said in a video statement.\n\nOther menu items, including cheeseburgers and Big Macs, aren’t affected and will still be available, the company said.\n\nMcDonald’s is temporarily pulling the Quarter Pounder from restaurants in several states. Photo: Mario Tama/Getty Images\n\nThe outbreak is a relatively rare occurrence for McDonald’s, which has long prided itself on its robust supply chain and food-safety practices. Other chains, including Wendy’s and Chipotle Mexican Grill, have struggled in recent years with outbreaks of foodborne illnesses that overall sickened hundreds of people.\n\nMcDonald’s U.S. business started to slow down this year, with the chain reporting in July its first drop in quarterly same-store sales since the Covid-19 pandemic in 2020. The company said it would offer more value options to help bring back inflation-weary customers, and recently extended a $5 meal deal into December.\n\nThe deal and other new offerings, including a Chicken Big Mac sandwich introduced this month, have helped increase domestic sales, according to market-research firms. McDonald’s is set to report quarterly earnings next Tuesday.\n\nThe person who died in the latest E. coli outbreak was an older adult in Colorado who had underlying conditions, state and federal health authorities said Tuesday. The sick people ranged in age from 13 to 88, with a median age of 26.\n\nThe CDC said the true number of sickened people is likely higher, as many recover from E. coli without medical treatment.\n\nMcDonald’s shares fell around 6% in premarket trading Wednesday.\n\nE. coli symptoms can include stomach cramps, diarrhea and vomiting. Some people develop serious kidney problems. At least one person connected with the outbreak has developed hemolytic uremic syndrome, a condition that can cause kidney failure, the CDC said.\n\nAn estimated 266,000 people in the U.S. are sickened by Shiga toxin-producing E. coli, the type involved in this outbreak, each year, leading to about 3,700 hospitalizations and 30 deaths, according to the CDC.\n\nFood-safety missteps can cast a long shadow over restaurant chains’ sales. Chipotle took years in winning back customers after foodborne illness outbreaks between 2015 and 2018, which led the chain to revamp its food-safety practices. The company also agreed to pay $25 million to resolve criminal charges stemming from the outbreaks.\n\nHeather Haddon contributed to this article.\n\nWrite to Victoria Albert at victoria.albert@wsj.com",
    "published": "2024-10-22"
  },
  {
    "source": "WSJ",
    "title": "wsj.com",
    "summary": "",
    "link": "https://www.wsj.com/arts-culture/books/into-unknown-skies-review-how-the-u-s-achieved-liftoff-fd045917?mod=Searchresults_pos1&page=113",
    "content": "",
    "published": "2024-10-22"
  },
  {
    "source": "WSJ",
    "title": "wsj.com",
    "summary": "",
    "link": "https://www.wsj.com/finance/banking/goldman-sachs-faces-cfpb-fine-over-credit-card-business-270dd953?mod=Searchresults_pos2&page=72",
    "content": "",
    "published": "2024-10-22"
  },
  {
    "source": "WSJ",
    "title": "wsj.com",
    "summary": "",
    "link": "https://www.wsj.com/business/media/netflix-backs-out-of-plan-to-develop-blockbuster-videogame-9e9b75ce?mod=Searchresults_pos10&page=80",
    "content": "",
    "published": "2024-10-22"
  }
]