[
  {
    "source": "WSJ",
    "title": "The Best Things in Life—and Presidential Campaigns—Are Free",
    "summary": "You get a tax break! And so do you! Candidates, particularly Trump, pile on the promises.",
    "link": "https://www.wsj.com/politics/policy/harris-trump-campaign-promises-free-taxes-cc46bc1a?mod=Searchresults_pos18&page=92",
    "content": "WASHINGTON—Supposedly, there’s no such thing as a free lunch. But there might soon be tax-free overtime pay, tax-free Social Security benefits, free home healthcare and free assistance with newborn expenses.\n\nThis year’s presidential campaign is bringing a whole new meaning to free-market economics. Republican nominee former President Donald Trump, in particular, layers tax giveaway on top of tax giveaway, promising voters everything but the kitchen sink. (So far, there’s no deduction for kitchen sinks, but the campaign isn’t over yet.)\n\nMany of the ideas are more slogans than proposals—concepts of a plan, to borrow a Trump phrase. They are accompanied by no details, fact sheets, white papers or experts. Still, if Republicans sweep November’s election, some of them might be the law of the land in six months. Some might be forgotten except by beleaguered policy analysts who have spent the campaign season trying to figure out, again and again, what Trump is actually suggesting.\n\n“We seem to be having an arms race,” said Alan Auerbach, an economist at the University of California, Berkeley. “It’s emblematic of the complete breakdown of any kind of responsibility about the budget.”\n\nIt wasn’t always this way. Weeks of the 2012 presidential campaign were consumed by a debate over whether Republican nominee Mitt Romney ’s tax proposals added up. The 2020 Democratic primary featured campaigns topping each other with 14-point Medicare-for-All plans and multitrillion-dollar tax increases to pay for them. None of the ideas had any chance of making it through Congress but they were intended to at least suggest the awareness of trade-offs.\n\nIn 2024, Trump and Vice President Kamala Harris are piling on the promises, though with contrasting approaches. His pitch: You can pay less, and there aren’t really costs, but even if there are, you won’t pay them. Her pitch: You will get something, and someone else will pay.\n\nFormer President Donald Trump has outlined a number of tax breaks, but without providing supporting economic rationales. Photo: Sarah Rice/Bloomberg News\n\nTrump favors tax breaks, and he tends to announce them based on where he is speaking—tax-free tips in Nevada, tax-deductible car-loan interest in Detroit, tax-free generators after a hurricane. He typically doesn’t pair the giveaways with any way to pay for them. Instead, he promises that economic growth, cutting government waste or collecting revenue from tariffs can make up the difference, while claiming that tariffs will be paid by foreign countries rather than the American consumers who would feel the burden.\n\n“To me, the most beautiful word in the dictionary is ‘tariff,’” Trump said Tuesday in an interview with Bloomberg News at the Economic Club of Chicago.\n\nHarris, meanwhile, tends to pull proposals—largely spending programs and refundable tax credits—from the long established Democratic agenda. This week, she said she wanted to offer one million forgivable business loans for Black entrepreneurs.\n\nAdvertisement\n\nHarris typically does identify a way to pay for her proposals, and those also come from Democrats’ wishlist of tax increases on corporations and high-earning households. She has offered enough tax increases to cover the cost of many of her proposals, though she might have trouble getting everything through Congress.\n\nTrump’s policy plans would widen budget deficits by an estimated $7.5 trillion over the next decade, according to the Committee for a Responsible Federal Budget, a nonpartisan group that favors lower deficits. Meanwhile, Harris’s plans would increase deficits by $3.5 trillion, the group said.\n\nTrump’s tax-cut promises get reliable applause, and voters don’t seem to be punishing candidates who offer free stuff.\n\nKamala Harris and Donald Trump both say they want to eliminate taxes on tips. We break down this idea, explain what it would mean for employees and employers and why it worries many economists. Photo: Getty Images\n\n“The reward for rigor—internal rigor, almost, a clear demonstration of a policy process, a grappling with trade-offs—like a dam, burst at some point,” said Gordon Gray , who helped develop policy for Republican Sen. John McCain ’s presidential campaign in 2008. “There’s just not an apparent reward for that.”\n\nTrump’s plan to end income taxes on Social Security benefits was his most popular idea tested in a recent Wall Street Journal survey. The plan had support from 83% of voters; that fell by 15 percentage points when voters were asked if they backed the plan even if it added to the national debt.\n\nTrump “delivered on his promises to cut taxes in his first term. He can be trusted to deliver again in his second term,” said Trump spokeswoman Karoline Leavitt.\n\nAdvertisement\n\nTrump, in particular, is drawing on his promise-heavy playbook from 2020. Unlike today, economists and lawmakers in both parties agreed then that higher budget deficits were worth the future costs because of the urgency of preventing the pandemic from wrecking the economy.\n\nHeading into the 2020 election, the Trump-era stimulus checks were seen as helpful in winning over some swing voters. In border districts in Texas, voters still talked about the money from “Papa Trump” years later. At a recent stop at a grocery store in Pennsylvania, Trump handed $100 to a customer in the checkout line. “We’ll do that for you from the White House, all right?” he said.\n\nThe Journal reported earlier this year that Trump was aware of the political power of giving people money when he was president and told his advisers that he thought having his name on the checks would boost his chances, according to people who worked with him.\n\nSam DiObilda of Coatesville, Pa., a Republican who said he voted for President Biden in 2020 but plans to vote for Trump this year, is concerned about the budgetary implications of some of the Republican’s proposed tax cuts. Nonetheless, he hopes the policies will go hand-in-hand with ones designed to boost the economy and make up for the lost revenue.\n\nAdvertisement\n\nDonald Trump has proposed to removed federal income taxes on tips. Photo: david swanson/Reuters\n\n“Donald Trump cuts regulations and, when you cut regulations, you stimulate business,” said DiObilda, a 61-year-old retired teacher. “When you stimulate business, you stimulate the tax base.”\n\nNathalie Morales of Comstock Park, Mich., has worked as a server for more than six years and says the no-tax-on-tips promise has caused a stir among her co-workers.\n\n“It feels like a lot of empty promises,” said Morales, 26, a Democrat who plans to back Harris. “I just think it’s a ploy to get the people to come to his side.”\n\nRepublicans for years have charged Democrats with courting voters with handouts, with Romney accusing them in 2012 of buying off voters with “financial gifts.” Republicans say there is a difference between government spending programs and tax cuts. The latter, many argue, just let people keep their own money and can encourage economic growth.\n\nIn addition, the line between tax cuts and spending programs can get blurry. For example, Congress could cut Social Security benefits using a formula that relied on recipients’ annual income and that would be exactly the same thing as the tax exemption for Social Security benefits.\n\nAdvertisement\n\nDemocrats, too, are increasingly arguing that the benefits of alleviating childhood poverty can make social-spending increases a good decision for the government, even if official scorekeepers don’t show it paying for itself.\n\nSHARE YOUR THOUGHTS What is your outlook on Donald Trump’s promises of free stuff? Join the conversation below.\n\nHarris, when asked in August about how she would pay for some of her expansions of the child tax credit and earned-income tax credit, talked about the return on investment.\n\n\n\n“Strengthening communities, and in particular, the economy of those communities, and investing in a broad-based economy, everybody benefits, and it pays for itself in that way,” she said. (Her campaign later pointed to tax increases as well.)\n\nIf anything, economists say, the U.S. fiscal situation should be driving candidates to grapple even more with trade-offs. The budget deficit hit $1.8 trillion, or more than 6% of gross domestic product, last fiscal year, and the country is approaching record public debt levels.\n\nThat raises the risk of economic problems, said Gray, who now runs the Pinpoint Policy Institute focused on maintaining prosperity. The clear doctor’s advice, he added, would be prudence. That might go unheeded.\n\n“They’d rather eat junk food and not exercise,” Gray said.\n\nNatalie Andrews, Elizabeth Findell and Andrew Restuccia contributed to this article.\n\nWrite to Richard Rubin at richard.rubin@wsj.com and Xavier Martinez at xavier.martinez@wsj.com",
    "published": "2024-10-15"
  },
  {
    "source": "WSJ",
    "title": "The Best Things in Life—and Presidential Campaigns—Are Free",
    "summary": "You get a tax break! And so do you! Candidates, particularly Trump, pile on the promises.",
    "link": "https://www.wsj.com/politics/policy/harris-trump-campaign-promises-free-taxes-cc46bc1a?mod=Searchresults_pos10&page=93",
    "content": "WASHINGTON—Supposedly, there’s no such thing as a free lunch. But there might soon be tax-free overtime pay, tax-free Social Security benefits, free home healthcare and free assistance with newborn expenses.\n\nThis year’s presidential campaign is bringing a whole new meaning to free-market economics. Republican nominee former President Donald Trump, in particular, layers tax giveaway on top of tax giveaway, promising voters everything but the kitchen sink. (So far, there’s no deduction for kitchen sinks, but the campaign isn’t over yet.)\n\nMany of the ideas are more slogans than proposals—concepts of a plan, to borrow a Trump phrase. They are accompanied by no details, fact sheets, white papers or experts. Still, if Republicans sweep November’s election, some of them might be the law of the land in six months. Some might be forgotten except by beleaguered policy analysts who have spent the campaign season trying to figure out, again and again, what Trump is actually suggesting.\n\n“We seem to be having an arms race,” said Alan Auerbach, an economist at the University of California, Berkeley. “It’s emblematic of the complete breakdown of any kind of responsibility about the budget.”\n\nIt wasn’t always this way. Weeks of the 2012 presidential campaign were consumed by a debate over whether Republican nominee Mitt Romney ’s tax proposals added up. The 2020 Democratic primary featured campaigns topping each other with 14-point Medicare-for-All plans and multitrillion-dollar tax increases to pay for them. None of the ideas had any chance of making it through Congress but they were intended to at least suggest the awareness of trade-offs.\n\nIn 2024, Trump and Vice President Kamala Harris are piling on the promises, though with contrasting approaches. His pitch: You can pay less, and there aren’t really costs, but even if there are, you won’t pay them. Her pitch: You will get something, and someone else will pay.\n\nFormer President Donald Trump has outlined a number of tax breaks, but without providing supporting economic rationales. Photo: Sarah Rice/Bloomberg News\n\nTrump favors tax breaks, and he tends to announce them based on where he is speaking—tax-free tips in Nevada, tax-deductible car-loan interest in Detroit, tax-free generators after a hurricane. He typically doesn’t pair the giveaways with any way to pay for them. Instead, he promises that economic growth, cutting government waste or collecting revenue from tariffs can make up the difference, while claiming that tariffs will be paid by foreign countries rather than the American consumers who would feel the burden.\n\n“To me, the most beautiful word in the dictionary is ‘tariff,’” Trump said Tuesday in an interview with Bloomberg News at the Economic Club of Chicago.\n\nHarris, meanwhile, tends to pull proposals—largely spending programs and refundable tax credits—from the long established Democratic agenda. This week, she said she wanted to offer one million forgivable business loans for Black entrepreneurs.\n\nAdvertisement\n\nHarris typically does identify a way to pay for her proposals, and those also come from Democrats’ wishlist of tax increases on corporations and high-earning households. She has offered enough tax increases to cover the cost of many of her proposals, though she might have trouble getting everything through Congress.\n\nTrump’s policy plans would widen budget deficits by an estimated $7.5 trillion over the next decade, according to the Committee for a Responsible Federal Budget, a nonpartisan group that favors lower deficits. Meanwhile, Harris’s plans would increase deficits by $3.5 trillion, the group said.\n\nTrump’s tax-cut promises get reliable applause, and voters don’t seem to be punishing candidates who offer free stuff.\n\nKamala Harris and Donald Trump both say they want to eliminate taxes on tips. We break down this idea, explain what it would mean for employees and employers and why it worries many economists. Photo: Getty Images\n\n“The reward for rigor—internal rigor, almost, a clear demonstration of a policy process, a grappling with trade-offs—like a dam, burst at some point,” said Gordon Gray , who helped develop policy for Republican Sen. John McCain ’s presidential campaign in 2008. “There’s just not an apparent reward for that.”\n\nTrump’s plan to end income taxes on Social Security benefits was his most popular idea tested in a recent Wall Street Journal survey. The plan had support from 83% of voters; that fell by 15 percentage points when voters were asked if they backed the plan even if it added to the national debt.\n\nTrump “delivered on his promises to cut taxes in his first term. He can be trusted to deliver again in his second term,” said Trump spokeswoman Karoline Leavitt.\n\nAdvertisement\n\nTrump, in particular, is drawing on his promise-heavy playbook from 2020. Unlike today, economists and lawmakers in both parties agreed then that higher budget deficits were worth the future costs because of the urgency of preventing the pandemic from wrecking the economy.\n\nHeading into the 2020 election, the Trump-era stimulus checks were seen as helpful in winning over some swing voters. In border districts in Texas, voters still talked about the money from “Papa Trump” years later. At a recent stop at a grocery store in Pennsylvania, Trump handed $100 to a customer in the checkout line. “We’ll do that for you from the White House, all right?” he said.\n\nThe Journal reported earlier this year that Trump was aware of the political power of giving people money when he was president and told his advisers that he thought having his name on the checks would boost his chances, according to people who worked with him.\n\nSam DiObilda of Coatesville, Pa., a Republican who said he voted for President Biden in 2020 but plans to vote for Trump this year, is concerned about the budgetary implications of some of the Republican’s proposed tax cuts. Nonetheless, he hopes the policies will go hand-in-hand with ones designed to boost the economy and make up for the lost revenue.\n\nAdvertisement\n\nDonald Trump has proposed to removed federal income taxes on tips. Photo: david swanson/Reuters\n\n“Donald Trump cuts regulations and, when you cut regulations, you stimulate business,” said DiObilda, a 61-year-old retired teacher. “When you stimulate business, you stimulate the tax base.”\n\nNathalie Morales of Comstock Park, Mich., has worked as a server for more than six years and says the no-tax-on-tips promise has caused a stir among her co-workers.\n\n“It feels like a lot of empty promises,” said Morales, 26, a Democrat who plans to back Harris. “I just think it’s a ploy to get the people to come to his side.”\n\nRepublicans for years have charged Democrats with courting voters with handouts, with Romney accusing them in 2012 of buying off voters with “financial gifts.” Republicans say there is a difference between government spending programs and tax cuts. The latter, many argue, just let people keep their own money and can encourage economic growth.\n\nIn addition, the line between tax cuts and spending programs can get blurry. For example, Congress could cut Social Security benefits using a formula that relied on recipients’ annual income and that would be exactly the same thing as the tax exemption for Social Security benefits.\n\nAdvertisement\n\nDemocrats, too, are increasingly arguing that the benefits of alleviating childhood poverty can make social-spending increases a good decision for the government, even if official scorekeepers don’t show it paying for itself.\n\nSHARE YOUR THOUGHTS What is your outlook on Donald Trump’s promises of free stuff? Join the conversation below.\n\nHarris, when asked in August about how she would pay for some of her expansions of the child tax credit and earned-income tax credit, talked about the return on investment.\n\n\n\n“Strengthening communities, and in particular, the economy of those communities, and investing in a broad-based economy, everybody benefits, and it pays for itself in that way,” she said. (Her campaign later pointed to tax increases as well.)\n\nIf anything, economists say, the U.S. fiscal situation should be driving candidates to grapple even more with trade-offs. The budget deficit hit $1.8 trillion, or more than 6% of gross domestic product, last fiscal year, and the country is approaching record public debt levels.\n\nThat raises the risk of economic problems, said Gray, who now runs the Pinpoint Policy Institute focused on maintaining prosperity. The clear doctor’s advice, he added, would be prudence. That might go unheeded.\n\n“They’d rather eat junk food and not exercise,” Gray said.\n\nNatalie Andrews, Elizabeth Findell and Andrew Restuccia contributed to this article.\n\nWrite to Richard Rubin at richard.rubin@wsj.com and Xavier Martinez at xavier.martinez@wsj.com",
    "published": "2024-10-15"
  },
  {
    "source": "WSJ",
    "title": "Election 2024: The Salesman vs. the HR Exec",
    "summary": "A business analogy helps explain why neither Trump nor Harris is ideally suited to run the ‘company.’",
    "link": "https://www.wsj.com/opinion/election-2024-the-salesman-vs-the-hr-executive-politics-f859cf3c?mod=Searchresults_pos13&page=115",
    "content": "America isn’t a company, but the 2024 presidential election is reminiscent of one. The race between Kamala Harris and Donald Trump boils down to a choice between human resources and sales.\n\nMs. Harris’s manner is that of a typical head of human resources, the corporate department responsible for many administrative duties: hiring and firing, personnel-related regulatory compliance, performance reviews and countless other thankless tasks necessary to an organization’s functioning. A well-run HR team secures talent and gives employees important feedback.\n\nNotwithstanding HR’s contributions, employees often perceive it as officious and hectoring. They associate the department with the delivery of bad news. Given its regulatory responsibilities, HR often plays a surveillance and reporting role, breeding employee resentment. HR departments can be inscrutable, fostering mistrust.\n\nMs. Harris, to borrow a term from her campaign, gives off HR “vibes.” Her airy, nonspecific statements sound high-minded but empty: “My values haven’t changed,” she’s replied when asked about her flip-flops on policy. Her association with the administrative state—obscured from view yet powerful—mirrors how HR is often seen. She is viewed as detracting from the administration and perhaps having attained her status without earning it.\n\nMr. Trump, meantime, is the archetypal head of sales. His department brings in revenue and ensures a company can sell its products. An effective and well-managed sales team drives growth.\n\nThe office is essential but frequently seen as bombastic. Sometimes it lacks sufficient attention to detail and can be undisciplined with respect to profitability. A sales team’s single-minded focus on the “top line”—ignoring such considerations as profit and product quality—can run a company into a ditch.\n\nMr. Trump’s rallies often seem like corporate retreats led by an overcaffeinated sales manager. The messages are aspirational. He deploys the shoot-for-the-moon rhetoric of a promoter: “You’ll get tired of winning” and “Biden is the worst president in history.” As with revenue targets, his promises are typically general. When he offers specifics, it is usually without full consideration of their broader consequences—as with sweeping tariffs or new tax deductions.\n\nVoters can appreciate that HR and sales add value, but we aren’t sure we want either of them running the place. Too much HR influence and a company may lose sight of its reason for being, which is to sell products and generate profits. Sales is closer to the core mission, but a sales-first mindset detached from operational and profit considerations also imperils the enterprise. Without competitive products and services sold profitably, a company will fail.\n\nWhat to do given this less-than-ideal choice? One can certainly make the case for HR. Our government is run badly, and an HR sensibility could restore accountability. It’s unclear, though, whether Ms. Harris is up to this task—especially given her widely reported challenges with high staff turnover since 2019. And the American public may not tolerate the tone of an HR presidency, which can come across as scolding: Barack Obama ’s recent dressing-down of black male voters, accusing them of not supporting Ms. Harris due to sexism, is one example of how that might backfire. It’s difficult to make an affirmative case for the HR department.\n\nI’d go with sales. Like Ronald Reagan ’s “Morning in America,” “Make America Great Again” is an inspirational objective. It’s a banner behind which one can rally, provided that the details—to come from operations, finance, accounting, information technology and, yes, HR—can be appropriately filled in.\n\nMr. Shinder is founder and managing partner of Theatine Partners, a financial consultancy.\n\nJournal Editorial Report: Paul Gigot interviews political analyst Ruy Teixeira. Photo: Evelyn Hockstein/Reuters",
    "published": "2024-10-15"
  },
  {
    "source": "WSJ",
    "title": "Exclusive | Stellantis Expands Mexico Factory to Build More Ram Pickups Outside the U.S.",
    "summary": "Move by  automaker threatens its already-frayed relationship with UAW",
    "link": "https://www.wsj.com/business/autos/stellantis-planning-to-make-ram-pickups-in-mexico-5f8b84ef?mod=Searchresults_pos13&page=102",
    "content": "Ram’s parent company is taking steps to build its bestselling truck in Mexico, a move that threatens to inflame the automaker’s frayed relationship with its workers’ union.\n\nStellantis STLA -3.15 %decrease; red down pointing triangle , which also houses Jeep, Dodge and Chrysler brands, is expanding its factory complex in northern Mexico to build Ram 1500 pickup trucks, according to people familiar with the matter. The company in recent years has made nearly all of its light-duty Ram pickups at a factory near Detroit.\n\nThe company said Tuesday that the Ram trucks would continue to be made at its Sterling Heights assembly plant north of Detroit, and that “no other announcements have been made about production of the Ram 1500.”\n\nThe automaker added that it recently disclosed plans to invest $235 million at the Michigan factory to build future electric versions of the pickup. “The investment will bring innovations to the plant to support a multi-energy approach that is laser-focused on meeting customer demand,” it said.\n\nThe Mexico plans come about a year after Stellantis signed a landmark labor agreement with the United Auto Workers, granting union members a substantial pay hike and promising billions in U.S.-based investment. Analysts have said the contract, which the union called the richest in its history, would increase labor costs for Stellantis and its rivals, and could compel the companies to shift some factory work outside the country.\n\nA UAW spokeswoman didn’t immediately reply to a request for comment on the company’s Mexico plans.\n\nProduction at the Sterling Heights, Mich., plant outside Detroit in 2018. Photo: rebecca cook/Reuters\n\nStellantis has been building additional factory space next to its existing plant in Saltillo, Mexico, the people said. Satellite images viewed by The Wall Street Journal show that two roughly half-kilometer-long buildings have been constructed in the past several months.\n\nThe plans to produce Ram pickups in the space could still change, the people said.\n\nIt couldn’t be learned whether the planned factory space in Saltillo would be used to make battery- or gas-powered versions of Ram trucks. Electric Ram trucks are set to hit dealer lots before the end of the year, among other new battery-powered offerings.\n\nFormer President Donald Trump has criticized U.S.-based automakers for producing vehicles in Mexico. Locked in a tight race with Vice President Kamala Harris in the swing state of Michigan, Trump has promised to save American auto manufacturing jobs with harsh penalties on companies making cars south of the border.\n\nTrump, in a recent visit to Detroit, the historic center of the American auto industry, threatened tariffs of 100% or more on all vehicles made in Mexico.\n\nThe expansion around the northern Mexico city of Saltillo risks ratcheting up tensions with the UAW and its president, Shawn Fain. The union in recent weeks threatened to strike at Stellantis’s U.S. plants over planned factory investments that Fain claims the company is slow-walking. The automaker has denied this characterization, arguing it has flexibility in the timing of its plans.\n\nUAW members picketing last year at the Sterling Heights plant. Photo: Jim West/Zuma Press\n\nStellantis Chief Executive Carlos Tavares has been under pressure to reverse a steep slide in U.S. market share this year, which in part triggered a recent profit warning. Shares have fallen 45% this year, among the worst performances for automotive stocks.\n\nStellantis has been making vehicles in Saltillo since the mid-1990s, including a heavy-duty version of the Ram pickup. At a separate plant in the area, the company makes Ram ProMaster vans. Ram trucks are Stellantis’s bestselling vehicles in the U.S. and have been a major contributor to the trans-Atlantic carmaker’s surging profits in years past.\n\nThe UAW has pushed Stellantis and other carmakers to safeguard manufacturing jobs in the U.S. As part of a historic contract with the UAW, Stellantis agreed to max out its truck-building capacity in Sterling Heights before making Ram pickups in Mexico—meaning the additions in Mexico aren’t meant to result in a decline at the U.S. factory.\n\nThe UAW has raised concerns that the company would move Ram pickup-truck production out of the U.S. at the expense of union workers.\n\n“There’s fear across the board,” said Kevin Gotinsky, UAW’s lead bargainer for Stellantis, at a recent union rally in suburban Detroit. “The shift is everything out of this country.”\n\nStellantis said in a statement that it would continue to abide by last year’s union contract as it manages the transition to electric vehicles.\n\nAutomakers have shifted manufacturing to Mexico for decades in a push to lower costs, helped by free-trade agreements established between Mexico and the U.S. More recently Tesla has said it would invest in a new facility in Mexico, though some manufacturers’ plans have been put on pause until after the U.S. election.\n\nSome Chinese car manufacturers have set their sights on production in Mexico, which could allow them to circumvent tariffs on future shipments to the U.S.\n\nStellantis in recent years has grown increasingly reliant on Mexican facilities to make vehicles sold in North America.\n\nAbout 27% of Stellantis vehicles made in the region this year were built in Mexico, according to Wards Intelligence data through August. In the same period last year, 23.8% of vehicles made in the region were produced in Mexican plants.\n\nWrite to Ben Glickman at ben.glickman@wsj.com\n\nHow the Biggest Companies Are Performing WSJ coverage and analysis of the latest corporate earnings",
    "published": "2024-10-15"
  },
  {
    "source": "WSJ",
    "title": "Election 2024: The Salesman vs. the HR Exec",
    "summary": "A business analogy helps explain why neither Trump nor Harris is ideally suited to run the ‘company.’",
    "link": "https://www.wsj.com/opinion/election-2024-the-salesman-vs-the-hr-executive-politics-f859cf3c?mod=Searchresults_pos10&page=116",
    "content": "America isn’t a company, but the 2024 presidential election is reminiscent of one. The race between Kamala Harris and Donald Trump boils down to a choice between human resources and sales.\n\nMs. Harris’s manner is that of a typical head of human resources, the corporate department responsible for many administrative duties: hiring and firing, personnel-related regulatory compliance, performance reviews and countless other thankless tasks necessary to an organization’s functioning. A well-run HR team secures talent and gives employees important feedback.\n\nYour browser does not support the audio tag. Opinion: Free Expression The Economy At and After the Election The economy, stupid? Or maybe not? As Americans cast their votes for President they will be in part both passing judgment on the economic record of the last four years and signaling the type of policies they want for the next four. Donald Trump is promising solutions through tariffs and a range of tax cuts, while Kamala Harris says she will offer handouts for first-time homebuyers, middle-class tax cuts and what she calls “the opportunity economy.” More importantly Republicans point to inflation and interest rates higher than they were four years ago and say Bidenomics has failed while Democrats claim continuing growth and low unemployment vindicate their policies. On this episode of the Free Expression podcast, economist and head of global research at the Carlyle Group Jason Thomas tells Wall Street Journal editor at large Gerry Baker about how it would take “an outside shock” for the economy to fall into recession, where interest rates might move next and why Donald Trump’s proposed tariffs on China could be a successful strategy. Read Transcript 33:47 1x Add to Queue Explore Audio Center\n\nNotwithstanding HR’s contributions, employees often perceive it as officious and hectoring. They associate the department with the delivery of bad news. Given its regulatory responsibilities, HR often plays a surveillance and reporting role, breeding employee resentment. HR departments can be inscrutable, fostering mistrust.\n\nMs. Harris, to borrow a term from her campaign, gives off HR “vibes.” Her airy, nonspecific statements sound high-minded but empty: “My values haven’t changed,” she’s replied when asked about her flip-flops on policy. Her association with the administrative state—obscured from view yet powerful—mirrors how HR is often seen. She is viewed as detracting from the administration and perhaps having attained her status without earning it.\n\nMr. Trump, meantime, is the archetypal head of sales. His department brings in revenue and ensures a company can sell its products. An effective and well-managed sales team drives growth.\n\nThe office is essential but frequently seen as bombastic. Sometimes it lacks sufficient attention to detail and can be undisciplined with respect to profitability. A sales team’s single-minded focus on the “top line”—ignoring such considerations as profit and product quality—can run a company into a ditch.\n\nMr. Trump’s rallies often seem like corporate retreats led by an overcaffeinated sales manager. The messages are aspirational. He deploys the shoot-for-the-moon rhetoric of a promoter: “You’ll get tired of winning” and “Biden is the worst president in history.” As with revenue targets, his promises are typically general. When he offers specifics, it is usually without full consideration of their broader consequences—as with sweeping tariffs or new tax deductions.\n\nVoters can appreciate that HR and sales add value, but we aren’t sure we want either of them running the place. Too much HR influence and a company may lose sight of its reason for being, which is to sell products and generate profits. Sales is closer to the core mission, but a sales-first mindset detached from operational and profit considerations also imperils the enterprise. Without competitive products and services sold profitably, a company will fail.\n\nWhat to do given this less-than-ideal choice? One can certainly make the case for HR. Our government is run badly, and an HR sensibility could restore accountability. It’s unclear, though, whether Ms. Harris is up to this task—especially given her widely reported challenges with high staff turnover since 2019. And the American public may not tolerate the tone of an HR presidency, which can come across as scolding: Barack Obama ’s recent dressing-down of black male voters, accusing them of not supporting Ms. Harris due to sexism, is one example of how that might backfire. It’s difficult to make an affirmative case for the HR department.\n\nI’d go with sales. Like Ronald Reagan ’s “Morning in America,” “Make America Great Again” is an inspirational objective. It’s a banner behind which one can rally, provided that the details—to come from operations, finance, accounting, information technology and, yes, HR—can be appropriately filled in.\n\nMr. Shinder is founder and managing partner of Theatine Partners, a financial consultancy.\n\nJournal Editorial Report: Paul Gigot interviews political analyst Ruy Teixeira. Photo: Evelyn Hockstein/Reuters",
    "published": "2024-10-15"
  },
  {
    "source": "WSJ",
    "title": "High Stakes and Small Fries",
    "summary": "The story of the 2024 election.",
    "link": "https://www.wsj.com/opinion/trump-harris-high-stakes-small-fries-world-order-10f40ec0?mod=Searchresults_pos13&page=88",
    "content": "Former President Donald Trump in New York, May 30, and Vice President Kamala Harris in Washington, July 22. Photo: eduardo munoz/Reuters\n\nDaniel Henninger is right: The world order is in peril, and all the U.S. voting public reads or hears is that the candidates want to give more breaks to this or that interest group (“Election 2024: The Big Meh,” Wonder Land, Oct. 10). If we, as a nation, can’t maintain our status as a strong leader, we will have more to worry about than providing an extra $3,000 refundable child tax credit.\n\nAll we now know is that one candidate has nothing to say about our future in world affairs, and the other says only to look at his past record as president. The voting public should be clamoring for this information.",
    "published": "2024-10-15"
  },
  {
    "source": "WSJ",
    "title": "The Best Things in Life—and Presidential Campaigns—Are Free",
    "summary": "You get a tax break! And so do you! Candidates, particularly Trump, pile on the promises.",
    "link": "https://www.wsj.com/politics/policy/harris-trump-campaign-promises-free-taxes-cc46bc1a?mod=Searchresults_pos16&page=33",
    "content": "WASHINGTON—Supposedly, there’s no such thing as a free lunch. But there might soon be tax-free overtime pay, tax-free Social Security benefits, free home healthcare and free assistance with newborn expenses.\n\nThis year’s presidential campaign is bringing a whole new meaning to free-market economics. Republican nominee former President Donald Trump, in particular, layers tax giveaway on top of tax giveaway, promising voters everything but the kitchen sink. (So far, there’s no deduction for kitchen sinks, but the campaign isn’t over yet.)\n\nMany of the ideas are more slogans than proposals—concepts of a plan, to borrow a Trump phrase. They are accompanied by no details, fact sheets, white papers or experts. Still, if Republicans sweep November’s election, some of them might be the law of the land in six months. Some might be forgotten except by beleaguered policy analysts who have spent the campaign season trying to figure out, again and again, what Trump is actually suggesting.\n\n“We seem to be having an arms race,” said Alan Auerbach, an economist at the University of California, Berkeley. “It’s emblematic of the complete breakdown of any kind of responsibility about the budget.”\n\nIt wasn’t always this way. Weeks of the 2012 presidential campaign were consumed by a debate over whether Republican nominee Mitt Romney ’s tax proposals added up. The 2020 Democratic primary featured campaigns topping each other with 14-point Medicare-for-All plans and multitrillion-dollar tax increases to pay for them. None of the ideas had any chance of making it through Congress but they were intended to at least suggest the awareness of trade-offs.\n\nIn 2024, Trump and Vice President Kamala Harris are piling on the promises, though with contrasting approaches. His pitch: You can pay less, and there aren’t really costs, but even if there are, you won’t pay them. Her pitch: You will get something, and someone else will pay.\n\nFormer President Donald Trump has outlined a number of tax breaks, but without providing supporting economic rationales. Photo: Sarah Rice/Bloomberg News\n\nTrump favors tax breaks, and he tends to announce them based on where he is speaking—tax-free tips in Nevada, tax-deductible car-loan interest in Detroit, tax-free generators after a hurricane. He typically doesn’t pair the giveaways with any way to pay for them. Instead, he promises that economic growth, cutting government waste or collecting revenue from tariffs can make up the difference, while claiming that tariffs will be paid by foreign countries rather than the American consumers who would feel the burden.\n\n“To me, the most beautiful word in the dictionary is ‘tariff,’” Trump said Tuesday in an interview with Bloomberg News at the Economic Club of Chicago.\n\nHarris, meanwhile, tends to pull proposals—largely spending programs and refundable tax credits—from the long established Democratic agenda. This week, she said she wanted to offer one million forgivable business loans for Black entrepreneurs.\n\nAdvertisement\n\nHarris typically does identify a way to pay for her proposals, and those also come from Democrats’ wishlist of tax increases on corporations and high-earning households. She has offered enough tax increases to cover the cost of many of her proposals, though she might have trouble getting everything through Congress.\n\nTrump’s policy plans would widen budget deficits by an estimated $7.5 trillion over the next decade, according to the Committee for a Responsible Federal Budget, a nonpartisan group that favors lower deficits. Meanwhile, Harris’s plans would increase deficits by $3.5 trillion, the group said.\n\nTrump’s tax-cut promises get reliable applause, and voters don’t seem to be punishing candidates who offer free stuff.\n\nKamala Harris and Donald Trump both say they want to eliminate taxes on tips. We break down this idea, explain what it would mean for employees and employers and why it worries many economists. Photo: Getty Images\n\n“The reward for rigor—internal rigor, almost, a clear demonstration of a policy process, a grappling with trade-offs—like a dam, burst at some point,” said Gordon Gray , who helped develop policy for Republican Sen. John McCain ’s presidential campaign in 2008. “There’s just not an apparent reward for that.”\n\nTrump’s plan to end income taxes on Social Security benefits was his most popular idea tested in a recent Wall Street Journal survey. The plan had support from 83% of voters; that fell by 15 percentage points when voters were asked if they backed the plan even if it added to the national debt.\n\nTrump “delivered on his promises to cut taxes in his first term. He can be trusted to deliver again in his second term,” said Trump spokeswoman Karoline Leavitt.\n\nAdvertisement\n\nTrump, in particular, is drawing on his promise-heavy playbook from 2020. Unlike today, economists and lawmakers in both parties agreed then that higher budget deficits were worth the future costs because of the urgency of preventing the pandemic from wrecking the economy.\n\nHeading into the 2020 election, the Trump-era stimulus checks were seen as helpful in winning over some swing voters. In border districts in Texas, voters still talked about the money from “Papa Trump” years later. At a recent stop at a grocery store in Pennsylvania, Trump handed $100 to a customer in the checkout line. “We’ll do that for you from the White House, all right?” he said.\n\nThe Journal reported earlier this year that Trump was aware of the political power of giving people money when he was president and told his advisers that he thought having his name on the checks would boost his chances, according to people who worked with him.\n\nSam DiObilda of Coatesville, Pa., a Republican who said he voted for President Biden in 2020 but plans to vote for Trump this year, is concerned about the budgetary implications of some of the Republican’s proposed tax cuts. Nonetheless, he hopes the policies will go hand-in-hand with ones designed to boost the economy and make up for the lost revenue.\n\nAdvertisement\n\nDonald Trump has proposed to removed federal income taxes on tips. Photo: david swanson/Reuters\n\n“Donald Trump cuts regulations and, when you cut regulations, you stimulate business,” said DiObilda, a 61-year-old retired teacher. “When you stimulate business, you stimulate the tax base.”\n\nNathalie Morales of Comstock Park, Mich., has worked as a server for more than six years and says the no-tax-on-tips promise has caused a stir among her co-workers.\n\n“It feels like a lot of empty promises,” said Morales, 26, a Democrat who plans to back Harris. “I just think it’s a ploy to get the people to come to his side.”\n\nRepublicans for years have charged Democrats with courting voters with handouts, with Romney accusing them in 2012 of buying off voters with “financial gifts.” Republicans say there is a difference between government spending programs and tax cuts. The latter, many argue, just let people keep their own money and can encourage economic growth.\n\nIn addition, the line between tax cuts and spending programs can get blurry. For example, Congress could cut Social Security benefits using a formula that relied on recipients’ annual income and that would be exactly the same thing as the tax exemption for Social Security benefits.\n\nAdvertisement\n\nDemocrats, too, are increasingly arguing that the benefits of alleviating childhood poverty can make social-spending increases a good decision for the government, even if official scorekeepers don’t show it paying for itself.\n\nSHARE YOUR THOUGHTS What is your outlook on Donald Trump’s promises of free stuff? Join the conversation below.\n\nHarris, when asked in August about how she would pay for some of her expansions of the child tax credit and earned-income tax credit, talked about the return on investment.\n\n\n\n“Strengthening communities, and in particular, the economy of those communities, and investing in a broad-based economy, everybody benefits, and it pays for itself in that way,” she said. (Her campaign later pointed to tax increases as well.)\n\nIf anything, economists say, the U.S. fiscal situation should be driving candidates to grapple even more with trade-offs. The budget deficit hit $1.8 trillion, or more than 6% of gross domestic product, last fiscal year, and the country is approaching record public debt levels.\n\nThat raises the risk of economic problems, said Gray, who now runs the Pinpoint Policy Institute focused on maintaining prosperity. The clear doctor’s advice, he added, would be prudence. That might go unheeded.\n\n“They’d rather eat junk food and not exercise,” Gray said.\n\nNatalie Andrews, Elizabeth Findell and Andrew Restuccia contributed to this article.\n\nWrite to Richard Rubin at richard.rubin@wsj.com and Xavier Martinez at xavier.martinez@wsj.com",
    "published": "2024-10-15"
  },
  {
    "source": "WSJ",
    "title": "Election 2024: The Salesman vs. the HR Exec",
    "summary": "A business analogy helps explain why neither Trump nor Harris is ideally suited to run the ‘company.’",
    "link": "https://www.wsj.com/opinion/election-2024-the-salesman-vs-the-hr-executive-politics-f859cf3c?mod=Searchresults_pos3&page=52",
    "content": "America isn’t a company, but the 2024 presidential election is reminiscent of one. The race between Kamala Harris and Donald Trump boils down to a choice between human resources and sales.\n\nMs. Harris’s manner is that of a typical head of human resources, the corporate department responsible for many administrative duties: hiring and firing, personnel-related regulatory compliance, performance reviews and countless other thankless tasks necessary to an organization’s functioning. A well-run HR team secures talent and gives employees important feedback.\n\nNotwithstanding HR’s contributions, employees often perceive it as officious and hectoring. They associate the department with the delivery of bad news. Given its regulatory responsibilities, HR often plays a surveillance and reporting role, breeding employee resentment. HR departments can be inscrutable, fostering mistrust.\n\nMs. Harris, to borrow a term from her campaign, gives off HR “vibes.” Her airy, nonspecific statements sound high-minded but empty: “My values haven’t changed,” she’s replied when asked about her flip-flops on policy. Her association with the administrative state—obscured from view yet powerful—mirrors how HR is often seen. She is viewed as detracting from the administration and perhaps having attained her status without earning it.\n\nMr. Trump, meantime, is the archetypal head of sales. His department brings in revenue and ensures a company can sell its products. An effective and well-managed sales team drives growth.\n\nThe office is essential but frequently seen as bombastic. Sometimes it lacks sufficient attention to detail and can be undisciplined with respect to profitability. A sales team’s single-minded focus on the “top line”—ignoring such considerations as profit and product quality—can run a company into a ditch.\n\nMr. Trump’s rallies often seem like corporate retreats led by an overcaffeinated sales manager. The messages are aspirational. He deploys the shoot-for-the-moon rhetoric of a promoter: “You’ll get tired of winning” and “Biden is the worst president in history.” As with revenue targets, his promises are typically general. When he offers specifics, it is usually without full consideration of their broader consequences—as with sweeping tariffs or new tax deductions.\n\nVoters can appreciate that HR and sales add value, but we aren’t sure we want either of them running the place. Too much HR influence and a company may lose sight of its reason for being, which is to sell products and generate profits. Sales is closer to the core mission, but a sales-first mindset detached from operational and profit considerations also imperils the enterprise. Without competitive products and services sold profitably, a company will fail.\n\nWhat to do given this less-than-ideal choice? One can certainly make the case for HR. Our government is run badly, and an HR sensibility could restore accountability. It’s unclear, though, whether Ms. Harris is up to this task—especially given her widely reported challenges with high staff turnover since 2019. And the American public may not tolerate the tone of an HR presidency, which can come across as scolding: Barack Obama ’s recent dressing-down of black male voters, accusing them of not supporting Ms. Harris due to sexism, is one example of how that might backfire. It’s difficult to make an affirmative case for the HR department.\n\nI’d go with sales. Like Ronald Reagan ’s “Morning in America,” “Make America Great Again” is an inspirational objective. It’s a banner behind which one can rally, provided that the details—to come from operations, finance, accounting, information technology and, yes, HR—can be appropriately filled in.\n\nMr. Shinder is founder and managing partner of Theatine Partners, a financial consultancy.\n\nJournal Editorial Report: Paul Gigot interviews political analyst Ruy Teixeira. Photo: Evelyn Hockstein/Reuters",
    "published": "2024-10-15"
  },
  {
    "source": "WSJ",
    "title": "IMF Warns Rise in Government Debt Could Be Sharper Than Anticipated",
    "summary": "If budget policies are unchanged, the IMF estimates that large increases in borrowing by the U.S., China and others will drive a rise in government debt to $100 trillion this year",
    "link": "https://www.wsj.com/economy/global/imf-warns-rise-in-government-debt-could-be-sharper-than-anticipated-61a83594?mod=Searchresults_pos7&page=50",
    "content": "The IMF said spending cuts and tax rises of an unprecedented size would be needed over the coming five to seven years to stabilize or reduce debt.\n\nPolitical resistance to taxation and uncertainty about U.S. budget policy could hinder efforts to reduce debt and limit governments' ability to address future challenges.\n\nTo stabilize or reduce debt, unprecedented spending cuts and tax increases of 3-4.5% of GDP will be needed over the next 5-7 years.\n\nGovernment debt could reach 115% of global output by 2026, driven by large increases in borrowing by the U.S., China, and others.\n\nGovernment debts are set to match the annual output of the global economy by the end of this decade, and could cross that threshold much sooner if economic growth is weaker or interest payments are higher than expected, the International Monetary Fund said Tuesday.\n\nIn its twice-yearly report on government finances, the Fund said spending cuts and tax rises of an unprecedented size would be needed over the coming five to seven years to stabilize or reduce debt.\n\n“It’s time for governments to get their house in order,” said Era Dabla-Norris, deputy director for fiscal affairs at the IMF. “For all countries, a strategic pivot is needed to reduce debt risks.”\n\nIf budget policies are unchanged, the IMF estimates that large increases in borrowing by the U.S., China and others will drive a rise in government debt to $100 trillion this year, equivalent to roughly 93% of the world’s annual production of goods and services. The Fund expects government debt to rise further, and almost match annual world output by the end of the decade.\n\nBut that could happen sooner if government projections underestimate the rise in debt, as they have done in the past. The IMF said government debts tend to be six percentage points of economic output higher than anticipated after three years.\n\n“There are sizable upside risks,” said Dabla-Norris. “Debt could be higher than we expect.”\n\nIn an extreme scenario, government debt could hit 115% of global output in 2026, while U.S. government debt could reach 150% of the country’s gross domestic product. According to the Fund’s calculations, U.S. government debt started the century at less than 60% of GDP, a proportion that has more than doubled already.\n\nBorrowing surged during the Covid-19 pandemic, while Russia’s invasion of Ukraine spurred a further rise in debt as many European helped households and businesses pay sharply higher energy bills.\n\nBut debt is set to continue rising in a number of large economies. In addition to the U.S. and China, the IMF expects to see increases in government debt in Brazil, France, Italy, South Africa and the U.K.. It said delaying action in those countries will make the cuts in spending and tax rises needed to stabilize borrowing even larger.\n\nThe new French government Thursday unveiled a budget that aims at narrowing France’s deficit to 5% of economic output by the end of 2025, and 3% by 2029 from 5.5% in 2023.\n\nAs it is, the IMF estimates that average cuts in spending and tax rises of between 3% and 4.5% of gross domestic product will be needed to stop the rise in debt at “high probability.” Those adjustments are larger than planned, and also larger than previous adjustments.\n\nThe Fund’s call for action to reduce borrowing comes ahead of U.S. elections that appear unlikely to produce a move in that direction. According to the Committee for a Responsible Federal Budget, former president Donald Trump’s economic policy proposals would widen budget deficits by an estimated $7.5 trillion over the next decade, while vice president Kamala Harris’s plans would add $3.5 trillion.\n\nUncertainty about the future path of U.S. budget policy is likely to have a big impact on other governments, the IMF said. Increasingly, changes in the interest rates that governments pay are driven not by changes in their own circumstances, but by changes to the outlook for U.S. budget policy and the interest rates set by the Federal Reserve.\n\n“This type of uncertainty can raise the volatility of borrowing costs and debt risks for other countries,” said Dabla-Norris.\n\nThe Fund said action to steady and lower debt was needed to create room for governments to support the transition from fossil fuels, increase military spending and care for an aging population. But while spending pressures are on the rise, the Fund noted that “political redlines on taxation have become more entrenched.”\n\nAccording to the Fund, there is scope to increase tax revenues in both the U.S. and the U.K., where they are at a relatively low level as a proportion of economic output compared to rich-country peers. In the U.S., the IMF sees room to raise revenues from sales taxes, as well as taxes on higher incomes.\n\nIn poorer countries, the IMF said governments have greater scope to increase tax revenues by making collection more efficient and shrinking the size of the untaxed economy.\n\nAdvertisement\n\nWrite to Paul Hannon at paul.hannon@wsj.com",
    "published": "2024-10-15"
  },
  {
    "source": "WSJ",
    "title": "Biden Administration Issues Warning to Israel on Gaza Aid",
    "summary": "Letter signed by Austin and Blinken says if Israel doesn’t improve aid delivery within 30 days, U.S. arms sales could be jeopardized",
    "link": "https://www.wsj.com/world/middle-east/biden-administration-issues-warning-to-israel-on-gaza-aid-0d4b5eea?mod=Searchresults_pos19&page=70",
    "content": "The Biden administration is urging Israel to improve the humanitarian situation in Gaza or risk a cut to arms sales, the starkest threat by the U.S. since the war began last year.\n\nIn a letter to senior Israeli officials, dated Oct. 13 and signed by Secretary of State Antony Blinken and Defense Secretary Lloyd Austin , the U.S. blamed Israel for a drastic drop in humanitarian aid into Gaza that contributed to starvation and widespread suffering, particularly in the enclave’s north where Israel launched a renewed ground operation nearly two weeks ago. The top American officials gave Israel 30 days to “reverse the downward humanitarian trajectory” or else it “may have implications” for future weapons transfers and funding under U.S. law.\n\nBlinken and Austin specifically cite a part of Foreign Assistance Act that bars the U.S. from providing security aid to any nation that “prohibits or otherwise restricts, directly or indirectly, the transport or delivery of United States humanitarian assistance.”\n\nState Department officials said they want Israel to enable dramatic increases in humanitarian aid getting into Gaza.\n\n“We have seen Israel make changes before, and when they make changes, humanitarian assistance can increase,” State Department spokesman Matthew Miller said Tuesday after the letter’s release. “We know it can be done, we know that the various logistical, bureaucratic obstacles can be surmounted, and so it is incumbent upon the government of Israel to surmount those challenges, and get the assistance in.”\n\nThe letter signed by Defense Secretary Lloyd Austin, above, and Secretary of State Antony Blinken blamed Israel for a drastic drop in humanitarian aid into Gaza. Photo: tom brenner/Reuters\n\nThe letter is an implicit admission that the U.S. assesses Israel’s actions in Gaza violate American law, analysts and former officials say. It also notes that an Israeli failure to improve Gaza’s spiraling situation could impact some future weapons sales under an arms-transfer policy which requires the recipient country to provide “credible and reliable” written assurances that it will use U.S.-provided arms in line with international humanitarian law.\n\n“The letter has been received and is being thoroughly reviewed by Israeli security officials,” an Israeli official said. “Israel takes this matter seriously and intends to address the concerns raised in this letter with our American counterparts.”\n\nA senior administration official said Monday that Israel in September severely restricted aid into Gaza but that “U.S. pressure led to the restart” of assistance deliveries. The official didn’t mention the existence of Blinken and Austin’s missive to Israeli Defense Minister Yoav Gallant and Minister of Strategic Affairs Ron Dermer.\n\nThe letter gives Israel a month to increase humanitarian assistance before any U.S. action, a recognition that while some of the American demands can be addressed quickly, others may take time, officials said. “We believe it’s appropriate to give them a chance to cure the problem,” Miller said.\n\nMichael DiMino, a former CIA official who worked on the Middle East, argued such threats weren’t necessary to shape Israel’s policy in Gaza. “If the Biden administration wants to stop providing weapons, they could do just that. They don’t need to wind up some massive legal pretext to do so,” he said. “President Biden’s policy has been to support Israel in conducting the war, so I’m not sure I believe an arms embargo is right around the corner.”\n\nWitnesses said a large fire broke out by a tent encampment near the area of the strike. At least four Palestinians were killed in the attack that Israel said targeted militants inside a hospital. Photo: Ramadan Abed/Reuters\n\nThe Israeli military released a statement Tuesday insisting “humanitarian efforts in northern Gaza continue,” such as the accompaniment of 33 patients to working hospitals and fuel deliveries.\n\nSince Hamas’s attack on Israel last October, the U.S. has mostly avoided withholding weapons for Israel, which Biden believes helps Israel defend itself against Iran and its proxies, stopping only one shipment of 2,000-pound bombs ahead of Israel’s military operation in Rafah. In several instances, the U.S. has rushed shipments of bombs, ammunition and other munitions.\n\nThe politics of an election year have made such a move even harder, especially as Vice President Kamala Harris aims to prove her pro-Israel bona fides, while also trying to avoid alienating voters sympathetic to Palestinians.\n\nAnnelle Sheline, who resigned from the State Department this year over the administration’s Israel policy, said she suspects the letter was written to persuade Muslim and Arab-American voters in swing states like Michigan to side with the Democrats in three weeks. “It’s very convenient that the deadline is after the election,” she said.\n\nThere is no language in the Foreign Assistance Act that has a specific time element like 30 days for a policy change noted in the letter. However, the law says the U.S. can continue providing military aid “if the President determines that to do so is in the national security interest of the United States.”\n\n“The letter was not meant as a threat,” National Security Council spokesman John Kirby told reporters. “The letter was simply meant to reiterate the sense of urgency we feel and the seriousness with which we feel it about the need for an increase, a dramatic increase, in humanitarian assistance.”\n\nSome U.S. officials said they fear that without more humanitarian aid there could be a growing number of deaths from starvation in northern Gaza as soon as early as next week.\n\nThe U.S. in recent weeks has tried to balance supporting Israel’s ability to defend itself from attack with attempts to rein in Israeli Prime Minister Benjamin Netanyahu ’s increasingly go-it-alone military strategy.\n\nOn Sunday, Austin announced the U.S. was sending a missile-defense system designed to shoot down ballistic missiles to Israel. The decision marked a significant step in American efforts to bolster Israel’s defenses, putting U.S. soldiers on its territory for the first time since the war began.\n\nWrite to Alexander Ward at alex.ward@wsj.com and Nancy A. Youssef at nancy.youssef@wsj.com\n\nConflict in the Middle East Latest news and key analysis, selected by editors",
    "published": "2024-10-15"
  },
  {
    "source": "WSJ",
    "title": "Tim Walz Talks Moderate, Acts Radical on Climate",
    "summary": "Voters should look more closely at his deeds than his words.",
    "link": "https://www.wsj.com/opinion/tim-walz-talks-moderate-acts-radical-on-climate-7c82b502?mod=Searchresults_pos5&page=139",
    "content": "New Tesla vehicles parked at a logistics drop zone in Seattle, Aug. 22. Photo: M. Scott Brauer/Bloomberg News\n\nHolman Jenkins , Jr. may be right that “The Veeps Were Sane on Climate” (Business World, Oct. 9) at their debate, but actions speak louder than words. While Tim Walz sounded the notes of a soft-spoken moderate, his record as Minnesota’s governor shows that he’s actually a climate radical.\n\nAs governor, Mr. Walz took the “bold action” of imposing California’s electric-vehicle mandate and carbon-emissions rules on Minnesota. While Vice President Kamala Harris and Senate Democrats are now trying to run away from these policies, Mr. Walz is staying the course. Minnesota’s electric-vehicle mandate remains in force. His goal is to eliminate gas-powered cars and “decrease vehicle miles traveled by 20% per capita by 2050.” Drive up costs, so the plebs must ride the bus.",
    "published": "2024-10-15"
  },
  {
    "source": "WSJ",
    "title": "Exhausted Gazans Defy Evacuation Orders as Israel Presses New Offensive",
    "summary": "Israel’s military renews effort to suppress Hamas in northern Gaza while aid groups warn of food shortages",
    "link": "https://www.wsj.com/world/middle-east/exhausted-gazans-defy-evacuation-orders-as-israel-presses-new-offensive-3cd689a1?mod=Searchresults_pos18&page=122",
    "content": "Israel’s military is ordering civilians to leave large parts of northern Gaza as it conducts an offensive against Hamas militants in Jabalia refugee camp.\n\nBut many Palestinians are staying put, because they are trapped by fighting around them, exhausted by a year of repeated evacuations or fearful that nowhere in the Gaza Strip is safe.\n\nThe evacuation demands, affecting parts of Gaza City, Jabalia camp and the northernmost swath of the strip, are the most sweeping since Israel’s operation in May to take the Rafah area in southern Gaza.\n\nThe orders come as the Israeli military says it is aiming to stop Hamas from regrouping in the north of the enclave, particularly in Gaza City and the densely built Jabalia camp.\n\nSamah Al-Haddad, a 30-year-old English teacher from Gaza City, said she is determined to stay in her family home despite the intensity of airstrikes and ground fire. She said she has heard of people being killed while trying to flee south. Some of her relatives made it but haven’t found shelter or safety, she said.\n\n“I could never consider evacuating to the south,” she said. “They’re living in tents, and the situation there isn’t any better” than in the north.\n\nSurvivors of an overnight Israeli airstrike on the Jabalia refugee camp in northern Gaza on Saturday. OMAR AL-QATTAA / AFP/ GETTY IMAGES\n\nWhile Israel expands its campaign against Hezbollah in Lebanon, its war on Hamas in Gaza rumbles on with little indication that Israel is close to its declared goal of destroying the militant Palestinian group.\n\nWith political plans for Gaza still on the drawing board, the continued lack of clarity over who should govern Gaza after Hamas has left a vacuum that the U.S.-designated terrorist group has sought to exploit, seeking to reassert its authority and recruit new members in areas that Israeli forces have left.\n\nIsrael’s military “is operating with great force against the terrorist organizations and will continue to do so for a long time,” Israel’s Arabic-language spokesman said in a social-media post over the weekend, urging civilians in the north to head south.\n\nAdvertisement\n\nThe latest Israeli offensive in Gaza is raising alarm bells among humanitarian organizations, who say it has become significantly harder to feed and treat the population remaining in the north.\n\nEvacuation orders for northern Gaza\n\nBlocks for evacuation orders* Zikim Evacuation orders: Oct. 8 Oct. 12 Erez Gaza City GAZA Mediterranean Sea Gate 96 Designated displacement zone Salah al-Din Road ISRAEL Khan Younis West Bank Gaza EGYPT Rafah Israel Jord. Egypt 5 miles 5 km Blocks for evacuation orders* Zikim Evacuation orders: Oct. 8 Oct. 12 Erez Gaza City GAZA Mediterranean Sea Gate 96 Designated displacement zone Salah al-Din Road ISRAEL Khan Younis West Bank Gaza EGYPT Rafah Israel Jord. 5 miles Egypt 5 km\n\nAbout 50,000 people have moved from the areas under Israeli evacuation orders to other parts of Gaza City, according to the United Nations. Only about 100 people have headed south so far, crossing the Israeli military road that divides the strip south of Gaza City, said Sam Rose, a senior official at the U.N. Relief and Works Agency.\n\n“There have been evacuation orders for places that people just evacuated to,” said Rose. The recent intensification of the war has made humanitarian-aid operations considerably more difficult, he said.\n\nFor the past two weeks Israel kept closed the crossings used by aid trucks to reach northern Gaza, humanitarian groups say. On Monday, a World Food Program delivery of 30 trucks containing food was permitted to enter northern Gaza.\n\nAdvertisement\n\nLt. Col. Elad Goren, the Israeli officer in charge of civil affairs in Gaza, said the military had closed the crossings to facilitate troop movement in and out of the enclave during the new operation. He said Israel is allowing more aid deliveries to use the crossings this week.\n\nThe U.S. has been pressing Israel to reopen the crossings and increase the flow of aid to northern Gaza, according to people familiar with the matter.\n\nMahmoud Basal, spokesman for Gaza’s first-responder agency, said that Israeli forces have besieged the Jabalia camp for over a week, and that a large number of dead are in the streets while many wounded remain trapped under rubble, with first responders unable to reach them amid the fighting.\n\nDisplaced Palestinians in Gaza City on Saturday. Photo: dawoud abu alkas/Reuters\n\nDoctors at hospitals in the north say they have received calls from the Israeli military ordering them to leave and that fuel deliveries have been blocked from entering medical centers.\n\n“We believe that Israel wants to empty hospitals in the north to force everyone here to leave to the south,” said Hussam Abu Safiya, director of the Kamal Adwan Hospital in the north. “We are not leaving, as long as people here need us.”\n\nIsraeli officials deny that the military is seeking to forcefully evacuate the whole of northern Gaza or shut down its hospitals. The military says its latest operation against Hamas in the area, including the accompanying evacuation effort, is in keeping with other raids this year.\n\nAdvertisement\n\nIsrael’s military said Tuesday that it helped oversee the transfer of some patients and staff from the Kamal Adwan Hospital to other hospitals in the strip. The army also said that fuel and blood supplies donated by Unicef were delivered to hospitals in northern Gaza so they could keep working while the military operation continued.\n\nDisplaced women from the northern Gaza Strip bake bread to sell in Khan Younis; A child receives polio vaccine drops in central Gaza. SAHER ALGHORRA/ ZUMA; HAITHAM IMAD/EPA-EFE/SHUTTERSTOCK\n\nIsrael’s invasion of Gaza, which followed Hamas’s attack on southern Israel on Oct. 7 last year, began in the north of the strip. Israeli forces conducted major offensives in Jabalia last winter and again in May. Their third effort to clear the area highlights Hamas’s ability to recuperate despite being outgunned and taking heavy casualties.\n\nIsrael’s military says it has killed more than 15,000 Hamas militants in the past year of fighting. Intelligence officials from Arab countries say Israel’s estimate is overly optimistic and Hamas’s losses, while severe, are closer to 10,000.\n\nHamas, which had an armed force of around 25,000 to 30,000 fighters before the war, has for months been recruiting new members, although Israeli military analysts say they are less effective than the thousands of experienced fighters and commanders Hamas has lost.\n\nAdvertisement\n\nOver 42,000 Palestinians have been killed in Israel’s invasion of Gaza, according to Palestinian health authorities, whose numbers don’t distinguish between civilians and combatants.\n\nDisplaced Palestinians take shelter in Gaza City. Photo: dawoud abu alkas/Reuters\n\nReda Kaik, a 27-year-old mother in Gaza City, said the Israeli military operations this month have been the most intense since the heavy bombardment of northern Gaza when the war began. “We constantly hear the sounds of bombing and drones,” she said. “It is terrifying.”\n\nThe U.N. says southern Gaza is already inundated with refugees from around the strip and that aid groups can’t cope with another large influx of displaced civilians.\n\nKaik said she is hearing the same from family members sheltering in the south, and that it isn’t safe from Israeli airstrikes or ground fighting either.\n\n“The people in the south advise us not to come,” Kaik said. Her immediate family has decided to stay in Gaza City even as the fighting inches closer. “I just hope that if we die, my son and I die together.”\n\nSummer Said and Alexander Ward contributed to this article.\n\nWrite to Omar Abdel-Baqui at omar.abdel-baqui@wsj.com and Dov Lieber at dov.lieber@wsj.com\n\nConflict in the Middle East Latest news and key analysis, selected by editors",
    "published": "2024-10-15"
  },
  {
    "source": "WSJ",
    "title": "The Silly Rhetoric Cancels Out",
    "summary": "If the latest charges of ‘collusion’ were real, they wouldn’t wait till October.",
    "link": "https://www.wsj.com/opinion/the-silly-rhetoric-cancels-out-latest-russia-collusion-narrative-trump-election-b161edbf?mod=Searchresults_pos15&page=147",
    "content": "Bob Woodward ’s claim, in a forthcoming book, that Donald Trump may have engaged in “as many as” seven phone calls with Vladimir Putin since leaving office is so thinly based as to command little confidence.\n\nAn aide to Mr. Trump who goes unnamed is apparently the source of such speculation, based on a single instance of having been shooed from Mr. Trump’s presence so Mr. Trump could—or so he claimed—take a call from the Russian president.\n\nBut if Mr. Trump is talking to Mr. Putin, hooray.\n\nIf U.S. intelligence is listening in on the Trump calls to deepen its own understanding of Mr. Putin’s motives and thinking, hooray.\n\nAs Mr. Trump would have appreciated, if the U.S. wasn’t listening, it was an oversight. The Mike Flynn and “unmasking” controversies early in his presidency would have left him in no doubt that U.S. agencies embrace carte blanche to monitor calls that terminate outside the U.S.\n\nIn his own highly analytical book about U.S. dealings with Saddam Hussein , reporter Steve Coll quotes Bill Clinton cursing the domestic politics that stopped him from phoning up the Iraqi dictator to hash out their standoff over weapons inspections.\n\nMr. Coll returns to the subject in his epilogue, calling it a missed opportunity to resolve crossed signals that left Saddam believing that the U.S. knew he had disposed of his banned weapons. A private phone call might have clarified what certain acts of Iraqi noncooperation were meant to hide. It wasn’t WMD but elaborate arrangements by his staff directed at maintaining Saddam’s personal security.\n\nOK, I understand: An all-of-establishment effort is under way to prevent Mr. Trump’s return to the White House. Leon Panetta , last seen lying about the Hunter Biden laptop, is back telling a podcaster, not with captivating diction, that “Trump has turned into a source for Putin, and somebody who can help him manipulate what he wants to get done.”\n\nRetired Gen. Mark Milley , living down his service in the Trump administration, exclaims to Mr. Woodward that Mr. Trump is “fascist to the core,” never mind that he and Mr. Trump likely have in common an inability to define the term except as a synonym for “bad.”\n\nChristopher Steele is back too. His new book is accorded respect in the press because his famous dossier said Russia was meddling in the 2016 election. The problem: Everybody knew Russia was meddling in 2016 (I’ve pointed to my own email to colleagues in August 2015). Mr. Steele was a Joe McCarthy of his time, embellishing what everybody knew about Russia with invented facts about certain Americans.\n\nBy now, you would be unwise to assume any action out of the Labor Department or Federal Reserve, much less the Justice Department or FBI, is uninflected with the priority to stop Mr. Trump. Millions of voters might even agree in this case that abuse of office is warranted. California has blocked SpaceX launches from Vandenberg Air Force Base because Elon Musk supports Mr. Trump.\n\nYet if Mr. Trump is as bad as his enemies say, isn’t a come-to-Jesus realization due concerning how much their own lying has empowered and legitimized him? And shouldn’t Democrats be giving us somebody to vote for? I mean, instead of using Mr. Trump to shove down America’s throat a senile Joe Biden and now a last-minute stand-in whom the White House previously leaked wasn’t presidential material?\n\nThe lying propensities of Mr. Trump are now weighed against the lying propensities of the entire establishment. What an election. I have confidence at least in the federal establishment under Jill Biden to contain any MAGA revolt if Mr. Trump loses. But what if Democrats lose? If riots ensue, will James Carville return to MSNBC and eat his recent words claiming, among other things, that a Trump speech planned for Madison Square Garden is a sequel to a pro-Hitler German American Bund rally in 1939 (rather than, say, 150 Billy Joel concerts or the 1992 Democratic convention)?\n\nWe can anticipate Mr. Carville’s likely rejoinder: Professional partisans are entitled to say over-the-top things in the final days of a close election. (An irony of democracy: If a race isn’t close, both sides pay more attention to their dignity.)\n\nThen there’s this year’s most important issue. Still missing is any cogent argument (apart from attempts to revive the collusion canard) that Kamala Harris would be any more successful at facing down the free world’s global enemies than Mr. Trump would be.\n\nMs. Harris has insisted on being a cipher for purposes of the present campaign because she sees no positives in the Trump phenomenon and figures voters don’t either. (She’s wrong about this.) Call it one more maddening aspect of a race whose many maddening aspects can be laid at the feet of Joe Biden for his selfish prioritizing of a second term.\n\nWonder Land: Historical parallels are never perfect. But given Donald Trump's isolationist rhetoric and increasingly threatening actions from Iran, Russia and China, the former President could learn much from the Munich Agreement of 1938. Images: Reuters/CTK via ZUMA Press Composite: Mark Kelly",
    "published": "2024-10-15"
  },
  {
    "source": "WSJ",
    "title": "Exhausted Gazans Defy Evacuation Orders as Israel Presses New Offensive",
    "summary": "Israel’s military renews effort to suppress Hamas in northern Gaza while aid groups warn of food shortages",
    "link": "https://www.wsj.com/world/middle-east/exhausted-gazans-defy-evacuation-orders-as-israel-presses-new-offensive-3cd689a1?mod=Searchresults_pos1&page=123",
    "content": "Israel’s military is ordering civilians to leave large parts of northern Gaza as it conducts an offensive against Hamas militants in Jabalia refugee camp.\n\nBut many Palestinians are staying put, because they are trapped by fighting around them, exhausted by a year of repeated evacuations or fearful that nowhere in the Gaza Strip is safe.\n\nThe evacuation demands, affecting parts of Gaza City, Jabalia camp and the northernmost swath of the strip, are the most sweeping since Israel’s operation in May to take the Rafah area in southern Gaza.\n\nThe orders come as the Israeli military says it is aiming to stop Hamas from regrouping in the north of the enclave, particularly in Gaza City and the densely built Jabalia camp.\n\nSamah Al-Haddad, a 30-year-old English teacher from Gaza City, said she is determined to stay in her family home despite the intensity of airstrikes and ground fire. She said she has heard of people being killed while trying to flee south. Some of her relatives made it but haven’t found shelter or safety, she said.\n\n“I could never consider evacuating to the south,” she said. “They’re living in tents, and the situation there isn’t any better” than in the north.\n\nSurvivors of an overnight Israeli airstrike on the Jabalia refugee camp in northern Gaza on Saturday. OMAR AL-QATTAA / AFP/ GETTY IMAGES\n\nWhile Israel expands its campaign against Hezbollah in Lebanon, its war on Hamas in Gaza rumbles on with little indication that Israel is close to its declared goal of destroying the militant Palestinian group.\n\nWith political plans for Gaza still on the drawing board, the continued lack of clarity over who should govern Gaza after Hamas has left a vacuum that the U.S.-designated terrorist group has sought to exploit, seeking to reassert its authority and recruit new members in areas that Israeli forces have left.\n\nIsrael’s military “is operating with great force against the terrorist organizations and will continue to do so for a long time,” Israel’s Arabic-language spokesman said in a social-media post over the weekend, urging civilians in the north to head south.\n\nAdvertisement\n\nThe latest Israeli offensive in Gaza is raising alarm bells among humanitarian organizations, who say it has become significantly harder to feed and treat the population remaining in the north.\n\nEvacuation orders for northern Gaza\n\nBlocks for evacuation orders* Zikim Evacuation orders: Oct. 8 Oct. 12 Erez Gaza City GAZA Mediterranean Sea Gate 96 Designated displacement zone Salah al-Din Road ISRAEL Khan Younis West Bank Gaza EGYPT Rafah Israel Jord. Egypt 5 miles 5 km Blocks for evacuation orders* Zikim Evacuation orders: Oct. 8 Oct. 12 Erez Gaza City GAZA Mediterranean Sea Gate 96 Designated displacement zone Salah al-Din Road ISRAEL Khan Younis West Bank Gaza EGYPT Rafah Israel Jord. 5 miles Egypt 5 km\n\nAbout 50,000 people have moved from the areas under Israeli evacuation orders to other parts of Gaza City, according to the United Nations. Only about 100 people have headed south so far, crossing the Israeli military road that divides the strip south of Gaza City, said Sam Rose, a senior official at the U.N. Relief and Works Agency.\n\n“There have been evacuation orders for places that people just evacuated to,” said Rose. The recent intensification of the war has made humanitarian-aid operations considerably more difficult, he said.\n\nFor the past two weeks Israel kept closed the crossings used by aid trucks to reach northern Gaza, humanitarian groups say. On Monday, a World Food Program delivery of 30 trucks containing food was permitted to enter northern Gaza.\n\nAdvertisement\n\nLt. Col. Elad Goren, the Israeli officer in charge of civil affairs in Gaza, said the military had closed the crossings to facilitate troop movement in and out of the enclave during the new operation. He said Israel is allowing more aid deliveries to use the crossings this week.\n\nThe U.S. has been pressing Israel to reopen the crossings and increase the flow of aid to northern Gaza, according to people familiar with the matter.\n\nMahmoud Basal, spokesman for Gaza’s first-responder agency, said that Israeli forces have besieged the Jabalia camp for over a week, and that a large number of dead are in the streets while many wounded remain trapped under rubble, with first responders unable to reach them amid the fighting.\n\nDisplaced Palestinians in Gaza City on Saturday. Photo: dawoud abu alkas/Reuters\n\nDoctors at hospitals in the north say they have received calls from the Israeli military ordering them to leave and that fuel deliveries have been blocked from entering medical centers.\n\n“We believe that Israel wants to empty hospitals in the north to force everyone here to leave to the south,” said Hussam Abu Safiya, director of the Kamal Adwan Hospital in the north. “We are not leaving, as long as people here need us.”\n\nIsraeli officials deny that the military is seeking to forcefully evacuate the whole of northern Gaza or shut down its hospitals. The military says its latest operation against Hamas in the area, including the accompanying evacuation effort, is in keeping with other raids this year.\n\nAdvertisement\n\nIsrael’s military said Tuesday that it helped oversee the transfer of some patients and staff from the Kamal Adwan Hospital to other hospitals in the strip. The army also said that fuel and blood supplies donated by Unicef were delivered to hospitals in northern Gaza so they could keep working while the military operation continued.\n\nDisplaced women from the northern Gaza Strip bake bread to sell in Khan Younis; A child receives polio vaccine drops in central Gaza. SAHER ALGHORRA/ ZUMA; HAITHAM IMAD/EPA-EFE/SHUTTERSTOCK\n\nIsrael’s invasion of Gaza, which followed Hamas’s attack on southern Israel on Oct. 7 last year, began in the north of the strip. Israeli forces conducted major offensives in Jabalia last winter and again in May. Their third effort to clear the area highlights Hamas’s ability to recuperate despite being outgunned and taking heavy casualties.\n\nIsrael’s military says it has killed more than 15,000 Hamas militants in the past year of fighting. Intelligence officials from Arab countries say Israel’s estimate is overly optimistic and Hamas’s losses, while severe, are closer to 10,000.\n\nHamas, which had an armed force of around 25,000 to 30,000 fighters before the war, has for months been recruiting new members, although Israeli military analysts say they are less effective than the thousands of experienced fighters and commanders Hamas has lost.\n\nAdvertisement\n\nOver 42,000 Palestinians have been killed in Israel’s invasion of Gaza, according to Palestinian health authorities, whose numbers don’t distinguish between civilians and combatants.\n\nDisplaced Palestinians take shelter in Gaza City. Photo: dawoud abu alkas/Reuters\n\nReda Kaik, a 27-year-old mother in Gaza City, said the Israeli military operations this month have been the most intense since the heavy bombardment of northern Gaza when the war began. “We constantly hear the sounds of bombing and drones,” she said. “It is terrifying.”\n\nThe U.N. says southern Gaza is already inundated with refugees from around the strip and that aid groups can’t cope with another large influx of displaced civilians.\n\nKaik said she is hearing the same from family members sheltering in the south, and that it isn’t safe from Israeli airstrikes or ground fighting either.\n\n“The people in the south advise us not to come,” Kaik said. Her immediate family has decided to stay in Gaza City even as the fighting inches closer. “I just hope that if we die, my son and I die together.”\n\nSummer Said and Alexander Ward contributed to this article.\n\nWrite to Omar Abdel-Baqui at omar.abdel-baqui@wsj.com and Dov Lieber at dov.lieber@wsj.com\n\nConflict in the Middle East Latest news and key analysis, selected by editors",
    "published": "2024-10-15"
  },
  {
    "source": "WSJ",
    "title": "wsj.com",
    "summary": "",
    "link": "https://www.wsj.com/tech/asml-orders-undershoot-forecasts-weighing-on-chip-stocks-4b5b3c2b?mod=Searchresults_pos16&page=111",
    "content": "",
    "published": "2024-10-15"
  },
  {
    "source": "WSJ",
    "title": "wsj.com",
    "summary": "",
    "link": "https://www.wsj.com/us-news/law/monk-billionaire-5hourenergy-irs-573c764b?mod=Searchresults_pos14&page=83",
    "content": "",
    "published": "2024-10-15"
  }
]