[
  {
    "source": "WSJ",
    "title": "How a $12.98 T-Shirt Is Made in America—at a Profit",
    "summary": "American Giant invested in machinery and made design changes to produce inexpensive T-shirts for Walmart",
    "link": "https://www.wsj.com/business/retail/america-made-shirts-american-giant-6fb4ae70?mod=Searchresults_pos4&page=63",
    "content": "Walmart WMT -0.35 %decrease; red down pointing triangle aisles are piled high with goods this holiday season, but one item sticks out: cotton T-shirts that were made in America and cost $12.98.\n\nThe U.S. is awash in a sea of cheap imports that has destroyed much of the domestic apparel industry. In 2023, less than 4% of the apparel purchased in America was made here.\n\nSeeking to turn the tide, Donald Trump imposed tariffs in 2018 on Chinese imports during his first term as president and has proposed additional tariffs on all imports in his second term, including items from neighboring Canada and Mexico.\n\nBut it wasn’t tariffs that made the $12.98 shirt economically feasible, says Bayard Winthrop , the chief executive and founder of American Giant, the U.S. apparel company producing them. It was Walmart’s heft—and guaranteed orders.\n\nThe country’s biggest retailer—and importer of consumer goods—pledged in 2013 to buy more items that were made, grown or assembled in the U.S. In 2021, Walmart increased its goal and promised to spend billions more each year through 2030. More than half of Walmart’s sales come from groceries, most of which are produced domestically.\n\nReady-to-harvest cotton at Bissette Farms in North Carolina, which supplies American Giant.\n\nWinthrop said that without Walmart acting as a backstop by committing to buy a predetermined number of shirts over time, American Giant’s suppliers wouldn’t have had the confidence to make the investments in automation and other upgrades that drove down production costs. A Walmart spokesman confirmed that the retailer essentially signed noncancelable purchase orders.\n\nThe T-shirt project brought together what Winthrop has called “strange bedfellows.”\n\nkeeping costs down Photo: American Giant The Walmart T-Shirt To save money on sewing, the shirts are knit in a tubular shape with no side seam.\n\nThe shirts are made from cotton yarn with shorter fibers, which gives them a more rugged feel but costs less.\n\nThe American flag embroidered patches near the hem are affixed by machines.\n\nAutomated printing machines imprint the words “American Made” across the chest. See more...\n\nBorn in Greenwich, Conn. and a descendant of the first governor of the Massachusetts Bay Colony, Winthrop started out on Wall Street as an investment banker before moving to San Francisco and the apparel industry. He started American Giant in 2011 to re-create the soft, thick Champion sweatshirts and flannels of his youth.\n\n“There are a million things that I disagree with Walmart about,” Winthrop said. “American Giant is premium and made in America. They are mass market and global.”\n\nBut on a 2023 podcast, Winthrop praised Walmart’s American-made program, telling the host, “You might think on the face of it that I’d be an anti-Walmart person, but boy do I value a company like that that is taking a stand.”\n\nThe podcast made the rounds of Walmart executives, who invited Winthrop to the company’s Bentonville, Ark., headquarters for what would be the first in a series of discussions that would last around six months.\n\n“If you had asked me a year ago if I could make a T-shirt in the U.S. for $20, I’d say no way,” Winthrop said. American Giant sells T-shirts on its website and in a handful of retail stores for $40 to $60.\n\nThe company buys yarn that is grown, spun, dyed and sewn in the U.S., contracting with suppliers mainly in the Southeast. It also owns a cutting and sewing facility in Middlesex, N.C., and is part owner in another sewing facility in Los Angeles, which was opened specifically to make the Walmart T-shirts.\n\nHarvesting cotton in Middlesex, N.C. Less than 4% of the apparel purchased in the U.S. in 2023 was made in America.\n\nHow did it get the price down? By automating parts of the process to keep labor costs low, American Giant was able to compete with countries such as Vietnam and China where workers are paid a fraction of the U.S. minimum wage.\n\n“You can make almost anything here, as long as it doesn’t require lots of labor,” Winthrop said.\n\nUnlike some other industries that have become highly mechanized, there are limits to automation in apparel. For the most part, fabric is still sewn by humans.\n\nTo fulfill Walmart’s order for hundreds of thousands of shirts, American Giant and its partners hired 75 people to staff the Los Angeles sewing facility. The company and its suppliers also spent $1 million on machinery designed to make production faster and more efficient. It also tweaked the design.\n\nTo arrive at the $12.98 price, American Giant sifted through data provided by Walmart that forecast how many shirts it could expect to sell at various prices. “We could then go to our partners and say, ‘Depending on pricing, we’re either going to sell 10 T-shirts or 10,000 or a million,’” Winthrop said.\n\nThe T-shirts arrived in 1,700 Walmart stores in time for the July 4 holiday. They were up against other 100% cotton T-shirts selling for half as much. Those shirts didn’t have any American emblems. Walmart bars suppliers from using the term “American Made” or the American flag on products that aren’t made in the U.S.\n\nA worker grades the cotton off a freshly ginned and pressed bale at Enfield Cotton Ginnery in North Carolina.\n\nNow, American Giant is making 100% cotton sweatshirts for Walmart that will arrive in stores in January and sell for $38.98. A similar-looking pullover hoodie with a front pocket that American Giant sells to its own customers retails for $148.\n\nSHARE YOUR THOUGHTS What lessons can be learned from American Giant’s success? Join the conversation below.\n\nDespite the success of American Giant and a handful of other apparel companies that have figured out how to produce domestically without losing their shirts, it is unclear how much Americans care about buying products made in the U.S.\n\nThe opening of borders ushered in a golden era of ever-lower prices for American consumers and fatter profits for manufacturers who chased cheaper labor in offshore locations. With the uptick of inflation in recent years, budget-minded shoppers have become even more price conscious.\n\n“People say they prefer American made but they often don’t put their money where their mouth is,” said Neil Saunders , who tracks the retail industry as managing director of research firm GlobalData.\n\nAn American Giant label is sewn to a hoodie. For the Walmart shirts, machines automate more of the process.\n\nDespite tariffs and other efforts by the Trump and Biden administrations to bring back manufacturing, 23 U.S. textile plants have closed in the past 18 months, according to the National Council of Textile Organizations.\n\nWinthrop said he is starting to get more inquiries from big brands—that are drawing up battle plans in case the new round of tariffs goes into effect—asking, “Can you make this for us?”\n\nStill, he has plenty of meetings like his recent one with an executive for a large American retailer, who couldn’t name a single U.S. factory or vendor.\n\n“If little old me can spin up a big program for Walmart,” he said, “a big brand with all of its muscle should be able to do something similar.”\n\nAmerican Giant‘s operations in Middlesex, N.C. It is also making clothes at a sewing facility in Los Angeles.\n\nWrite to Suzanne Kapner at suzanne.kapner@wsj.com",
    "published": "2024-12-30"
  },
  {
    "source": "WSJ",
    "title": "Modelo Brewer Constellation Brands Awaits Fateful Decision on Tariffs",
    "summary": "Trump’s trade warning poses threat to company’s Mexican beer labels",
    "link": "https://www.wsj.com/finance/stocks/modelo-brewer-constellation-brands-awaits-fateful-decision-on-tariffs-7a7513e8?mod=Searchresults_pos12&page=12",
    "content": "Despite the potential impact of tariffs, Constellation's stock is still trading at a premium to its rivals, suggesting that investors may be underestimating the risks.\n\nConstellation's stock has underperformed the broader market this year due to concerns about tariffs and weak beer consumption in the U.S.\n\nConstellation Brands, which sells imported Mexican beer brands in the U.S., could see a significant impact if President-elect Trump imposes 25% tariffs on Mexico.\n\nFew major U.S. corporations would be as clearly affected by tariffs on Mexico as Constellation Brands STZ -2.33 %decrease; red down pointing triangle , which sells the imported Modelo, Corona and Pacifico beer brands in the U.S.\n\nNo wonder its shares are down about 8% this year compared with a nearly 25% rise for the broader market.\n\nIt is tempting to think then that the stock could be in for quite a bounce if President-elect Donald Trump doesn’t ultimately make good on his threat of 25% tariffs for Mexico and Canada. But the shares still aren’t cheap enough to justify what is a huge risk.\n\nAfter all, the Mexican brands that make up Constellation’s beer business accounted for 82% of the company’s net sales in its fiscal year ended in February 2024. They were also its growth driver, rising 9%, compared with a 9% decline in wine and spirits sales.\n\nEven absent tariffs, Constellation has problems that justify at least some of its share-price decline. Namely, weak U.S. beer consumption in general. Rival brewers Molson Coors TAP -1.51 %decrease; red down pointing triangle and Anheuser-Busch InBev ABI 0.06 %increase; green up pointing triangle are down about 6% and 22% over the same period, respectively.\n\nMost important, Constellation’s own beer sales have been slowing. Depletions—an industry measure monitored by analysts that refers to sales by distributors to retailers—rose just 2.4% from a year earlier in the quarter through August.\n\nFor the quarter ended in November, which Constellation reports in January, analysts expect depletion growth to rebound to 4.2%, according to Visible Alpha’s consensus estimates. But that is still down from 7.5% in Constellation’s prior two fiscal years.\n\nThe company has attributed this slowdown to “macroeconomic headwinds” such as inflation. It says conditions are now improving.\n\nAgainst this backdrop, a 25% tariff would hit extremely hard, making what are already premium beers much less affordable, especially relative to domestic brands.\n\nAsked about the tariff threat at a Morgan Stanley investor conference on Dec. 4, Constellation finance chief Garth Hankinson pointed to possible offsets including cost cuts and price increases. He said that any price hikes would have to be balanced against the impact on demand.\n\nTariffs are at the center of former President Donald Trump’s economic plan. It would be a dramatic shift in trade policy, but how would they work? WSJ explains what the proposals would look like and how they’d affect consumers. Photo illustration: Madeline Marshall\n\nHankinson also made a political case for the imported beer business, saying it helps American distributors and retailers. He also argued that tariffs would hurt U.S. farmers who provide inputs for the beer, which “cross the border into Mexico for conversion into finished goods and then cross the border back for U.S. consumption.”\n\nArguments like that seem unlikely to make a large dent in the Trump administration’s enthusiasm for tariffs.\n\nMeanwhile, Constellation’s stock is trading at roughly 15 times forward earnings, according to FactSet. That compares with a five-year average of 19.6 times. But AB InBev and Molson Coors are also trading at discounts to their historic averages. And they are even cheaper at 13.9 and 9.7 times forward earnings, respectively.\n\nThe risk is that Constellation’s multiple converges not with its historic average, but with those of its rivals. In that case, its stock isn’t that much of a bargain.\n\nWrite to Aaron Back at aaron.back@wsj.com\n\nAdvertisement",
    "published": "2024-12-30"
  },
  {
    "source": "WSJ",
    "title": "Stocks Cap Best Two Years in a Quarter-Century",
    "summary": "Some investors caution against thinking that the rapid pace of gains can continue because interest rates may remain higher than anticipated",
    "link": "https://www.wsj.com/finance/stocks/stocks-on-pace-for-best-two-years-in-a-quarter-century-c5b5f9b3?mod=Searchresults_pos8&page=122",
    "content": "Small-cap stocks, which have underperformed the broader market, may be poised for a rebound as the Fed lowers interest rates, benefiting from their higher exposure to floating-rate debt.\n\nWhile many investors anticipate further gains in 2025, they caution that the rapid pace of the past two years is unlikely to repeat due to higher-than-anticipated interest rates and expensive valuations.\n\nThe S&P 500 capped its best two-year performance since 1997-1998, driven by a healthy economy, lower inflation, and a rally in tech stocks.\n\nU.S. stocks roared to another blockbuster showing in 2024. Few expect such a torrid advance in the year to come.\n\nThe S&P 500 climbed 23%, notching 57 record closes as the economy remained healthy, inflation ticked lower and an AI-fueled rally in big tech stocks powered on. Even with a stumble in the last few trading days, the broad U.S. stock index wrapped up its best consecutive years since 1997 and 1998, according to Dow Jones Market Data, during the lead-up to the bursting of the dot-com bubble.\n\nThe rally has created millionaires and turned professional investors increasingly bullish: In December, the Bank of America Global Fund Manager Survey found record enthusiasm for U.S. stocks, as measured by the net share of respondents favoring the group. The payoffs haven’t been limited to the equity market: Gold had its best year since 2010, while bitcoin more than doubled, vaulting above $100,000 for the first time before slipping below that mark.\n\nMany investors anticipate that a resilient U.S. economy and a Federal Reserve that has switched to cutting interest rates—even if not as deeply as some had hoped—will allow stocks to push higher. But they caution against thinking that the rapid pace of gains in the past two years will repeat in 2025.\n\nFor one thing, interest rates may remain higher than anticipated, affecting borrowing costs and potentially giving investors lower-risk alternatives to the stock market. The Fed recently signaled doubt over how much more it will cut rates. Benchmark Treasury yields had been rising even before that.\n\nFor another: The powerful rally has left stocks looking increasingly expensive.\n\nThe S&P 500 traded late last week at 21.9 times its projected earnings over the next 12 months, according to FactSet, above a 10-year average of 18.5 times. Some investors argue that the hefty presence of fast-growing tech stocks in today’s market justifies a richer multiple than in the past. But many still worry the market looks pricey.\n\nBy itself, a lofty price tag is unlikely to stop the rally. But it will weigh on the returns that investors can expect over the long term and heighten the importance of corporate profit growth to stock performance.\n\n“The market has sort of topped out in terms of multiple and can really only grow through earnings,” said Brad Conger , chief investment officer at Hirtle Callaghan & Co. “It puts a high burden on companies to actually deliver.”\n\nThey could be up against a high bar: Wall Street analysts expect profits from companies in the S&P 500 to grow 15% in 2025, up from a projected 9.5% for 2024, according to FactSet. Traders look ready to punish companies that give reason to worry. Adobe shares recently dropped 14% in a day after the software maker offered weak sales guidance.\n\nOver the past year, investors began to turn a more skeptical eye to the question of when companies’ spending on artificial intelligence will turn into profits. Shares of Google parent Alphabet and Amazon.com stumbled when investors looked askance at a pairing of heavy spending with signs of disappointing sales growth.\n\nEven so, the biggest tech stocks continued to do much of the work of powering the S&P 500 higher. Through Dec. 24, the Magnificent Seven—Alphabet, Amazon, Apple, Meta Platforms, Microsoft, Nvidia and Tesla—accounted for more than 53% of the stock index’s total return, including dividends, according to S&P Dow Jones Indices. Nvidia alone made up 21% of the return, as the maker of artificial-intelligence chips saw its market value leap past $3 trillion.\n\nAt the same time, stocks in many industries contributed to the rally. The financial sector climbed 28% for the year, while the utilities and industrials segments gained 20% and 16%, respectively. In the year to come, many investors expect the market will continue to broaden.\n\n“With the economy doing well, with the Fed cutting interest rates, with continued investment in infrastructure and the economy, we see scope for other sectors to play some catch-up with tech,” said Holly MacDonald , chief investment officer at Bessemer Trust.\n\nStocks outside of big tech also boast more attractive valuations, MacDonald noted. Bessemer Trust is favoring stocks in the industrial, utility, healthcare and technology sectors, but has reduced its tech position since the start of 2024, she said.\n\nOne beaten-down corner of the market that many investors are talking about: small-capitalization stocks. The Russell 2000 benchmark is 8.7% off its record close from November 2021, while the S&P 500 has risen 25% over that time. The disparity has money managers thinking the market’s smaller stocks may be due for another look.\n\n“They’ve underperformed by such a degree,” said Marc Pinto , head of Americas equities at Janus Henderson Investors. “We think that potentially sets us up for some mean reversion where small-caps will catch up.”\n\nAnalysts expect small-caps to benefit as the Fed lowers interest rates. The group tends to issue more floating-rate debt than do larger companies, so its borrowing costs should fall if the central bank eases monetary policy.\n\nStill, there are reasons for concern. The Fed jolted markets in December when it reduced rates but signaled just two additional cuts next year, suggesting borrowing costs may settle at a higher level than investors expected.\n\nThe Russell 2000 slumped 4.4% on the news in its worst day in 2½ years, while the Dow Jones Industrial Average dropped more than 1,100 points, its 10th consecutive day lower. The blue chip average’s losing streak was its longest since 1974.\n\nSHARE YOUR THOUGHTS What is your outlook for the stock market? Join the conversation below.\n\nEven as the Fed began cutting rates, the yield on the 10-year U.S. Treasury note has ticked higher. The yield on the benchmark government bond settled Tuesday at 4.577%, up from 3.860% at the end of last year and 3.685% on the day the central bank announced its first rate cut in September.\n\nUncertainty abounds on the political front. Stocks rallied when Republicans swept the November elections, raising hopes that business will benefit from tax cuts and looser regulation. But President-elect Donald Trump has also proposed sweeping tariffs as well as mass deportations, policies that could add to inflation if enacted.\n\n“What happens to all this excitement when we start to get all the details?” said Anna Rathbun , chief investment officer at CBIZ Investment Advisory Services. “We don’t know what the tariffs are going to look like. We don’t know what deregulation is going to look like.”\n\nAt the very least, many investors expect, markets could be in for a bumpy ride in 2025.\n\nAdvertisement\n\nWrite to Karen Langley at karen.langley@wsj.com",
    "published": "2024-12-30"
  },
  {
    "source": "WSJ",
    "title": "Credit Spreads Haven’t Looked This Good Since the 2000s. Can They Get Better?",
    "summary": "Corporate bond issuance surged in 2024, fueled by spreads that hit historically low levels",
    "link": "https://www.wsj.com/articles/credit-spreads-havent-looked-this-good-since-the-2000s-can-they-get-better-bfcf6094?mod=Searchresults_pos11&page=160",
    "content": "Whether debt issuance remains strong in 2025 depends on factors such as spread attractiveness, acquisition activity, and the Federal Reserve's interest rate decisions.\n\nCompanies took advantage of favorable financing conditions to issue debt, with investment-grade companies raising $1.662 trillion and speculative-grade companies seeing record-low spreads.\n\nCredit spreads, a key metric for corporate bond issuance, tightened significantly in 2024, reaching levels not seen since the mid-2000s.\n\nCompanies took advantage of favorable financing conditions this year to issue debt at levels not seen since the pandemic, adding cash to the balance sheet to pay for future refinancing needs and other projects.\n\nUnderpinning the surge in debt issuance: credit spreads, a metric that finance chiefs watch when deciding when to pull the trigger on a bond sale. That metric—the additional amount that companies pay above a Treasury of a similar maturity—tightened throughout 2024, ending the year at levels not seen since at least the mid-2000s.\n\nWhether debt issuance remains as strong in 2025 will depend in part on whether spreads remain attractive, advisers said. If companies issue more debt to fund acquisitions or capital investments, that could bolster issuance, as well.\n\nAs the Federal Reserve trims interest rates, total borrowing costs in the corporate bond market are expected to decline, though that could change if the central bank moves slower or faster than investors expect, causing spreads to widen. Borrowing costs in the bond market don’t always move in sync with the Fed. The central bank said this month that it will be cautious about further rate cuts.\n\nThe improvement in spreads in 2024, alongside strong debt issuance throughout the year, surprised some bankers, advisers and analysts, given earlier uncertainty about the potential for a U.S. recession, as well as a contentious presidential election. But the year also featured strong economic data, solid corporate earnings and a surge in demand from investors.\n\nSpreads on 10-year, investment-grade corporate bonds, which make up the core of the market, stood at 86 basis points as of Thursday, down from 116 basis points a year earlier, according to S&P Global. Before this year, investment-grade spreads hadn’t been that low since 2005.\n\nSpreads on five-year bonds issued by speculative-grade companies fell to 234 basis points from 296 basis points over the same period, according to S&P. Spreads on speculative-grade bonds have hovered over the past two months around their lowest point on record, going back to at least 2003, S&P said.\n\nCompanies have taken advantage. Investment-grade companies, in particular, have issued debt to address both near-term and future refinancing, as well as strategic projects, analysts said. Companies have been able to earn high yields on the cash they put on their balance sheet, providing an additional incentive.\n\nThe professional-services company Accenture, for example, sold an inaugural $5 billion bond issuance in October, while Meta’s $10.5 billion offering in August was the company’s largest bond sale on record.\n\nInvestment-grade companies issued $1.662 trillion in debt this year through Dec. 10, up 27% from the same period a year earlier and the most since 2020, according to financial data provider Dealogic. Excluding financial institutions, companies issued $917.7 billion in debt, up 27% from a year earlier.\n\n“We consider this an opportunistic type of new-issue year, where it’s management teams and companies saying: ‘We’ll figure out what to do with the cash later, but we’re going be able to get really strong execution, and that’s good enough for us,’” said Winnie Cisar , global head of strategy at the credit research firm CreditSights.\n\nNewsletter Sign-up WSJ | CFO Journal The Morning Ledger provides daily news and insights on corporate finance from the CFO Journal team. Preview Subscribe\n\n“The market kind of defied gravity this year,” even before rate cuts began, said Dylan Walsh , global head of corporate and institutional banking at the advisory firm Oliver Wyman, referring to corporate bond issuance.\n\nAmong the other notable corporate bond sales: biopharmaceutical company AbbVie had the year’s biggest deal with a $15 billion bond issuance in February, according to Dealogic. AbbVie used the proceeds in part to fund its acquisitions of drugmakers Cerevel Therapeutics and ImmunoGen.\n\nBankers and advisers expected 2024 to at least be a big year for refinancing. Investment-grade companies had $1.26 trillion in bonds maturing within the next five years as of August 2023, a 12% increase from the prior year, according to Moody’s, the credit ratings firm.\n\nCompanies throughout the year felt a sense of urgency to issue when they had the right conditions to do so, expecting volatility in the second half of the year, bankers said. But such volatility never materialized. “The good windows never really stopped,” said Stephen Philipson , head of wealth, corporate, commercial and institutional banking at U.S. Bank.\n\nAs of September 2024, investment-grade companies had $1.303 trillion in bonds maturing within the next five years, a 4% increase from the prior year, Moody’s said.\n\nFinancing for acquisitions and capital investments could play a bigger role in corporate issuance next year, particularly if regulators present fewer challenges to mergers under President-elect Donald Trump and the Federal Reserve continues to cut rates, advisers said. The total value of mergers and acquisitions globally is expected to end 2024 at about $3.5 trillion, up 15% compared with last year when M&A was at its lowest level in a decade, according to Bain, the corporate advisory firm.\n\n“That will be something that we’ll be looking at closely next year,” said Matt Toole , director of deals intelligence at the London Stock Exchange Group, referring to event-driven bond issuance, such as for M&A and capital spending.\n\nOne wrinkle in an otherwise strong year for corporate issuance: Treasury yields have marched higher since September, making some companies hesitant to issue, bankers said.\n\nOverall, though, finance chiefs in 2024 grew more comfortable with the idea that borrowing costs are likely going to remain higher than they were in recent years, said U.S. Bank’s Philipson. “I think one of the key elements of 2024 is it feels like we psychologically transitioned out of that period,” he said.\n\nWhether spreads tighten further in 2025 remains to be seen. JPMorgan Chase projects that a JPMorgan index of investment-grade corporate-bond spreads will end 2025 at 80 basis points, down from 90 basis points as of mid-December.\n\nBut macroeconomic risks, such the potential for inflation to reaccelerate, concerns about tariffs or the increasing U.S. deficit, could also cause spreads to widen. CreditSights forecasts investment-grade credit spreads will widen to 110 basis points by the end of 2025 and experience more volatility compared with this year. It bases its forecast on an ICE BofA index of corporate bond spreads.\n\n“It feels like a lot of good news is being priced into credit spreads, and perhaps some of the less constructive things are not being as factored in,” CreditSights’s Cisar said.\n\nWrite to Kristin Broughton at Kristin.Broughton@wsj.com\n\nAdvertisement",
    "published": "2024-12-30"
  },
  {
    "source": "WSJ",
    "title": "Trump’s Tax Cuts Were Good. A Flat Tax Would Be Better",
    "summary": "Congress should scrap itemized deductions and enact a flat personal and corporate rate of 15%.",
    "link": "https://www.wsj.com/opinion/trumps-tax-cuts-were-good-a-flat-tax-would-be-better-434c1d8d?mod=Searchresults_pos13&page=5",
    "content": "Making the Tax Cuts and Jobs Act permanent would be a good start for Congress in 2025. But it’s time to take an even bigger step: creating a simplified flat tax for all. The TCJA got us close to this goal, and a few additional reforms would get it done.\n\nCollapsing the personal-income and corporate tax rates to 15% would have huge economic benefits. America would suddenly have one of the lowest tax rates in the world, resulting in trillions of dollars of new capital flow and a spike in take-home pay.\n\nThe simplicity of a flat tax would reduce the deadweight costs associated with tax compliance—and the headaches. The White House Office of Information and Regulatory Affairs calculates that Americans spent almost eight billion hours filling out tax forms in 2024. The Tax Foundation estimates that this cost the economy $413 billion in lost productivity, and the Internal Revenue Service estimates that we spent $133 billion on out-of-pocket compliance costs. That adds up to a burden of $546 billion.\n\nDonald Trump’s 2017 reforms already simplified tax filing by doubling the standard deduction from $12,500 to $25,000 for married couples filing jointly. Prior to 2017, almost 40% of tax filers itemized deductions on their tax returns. Today, only 9% do. Almost all low- and middle-income tax filers now check the box for the standard deduction.\n\nGetting rid of what remains of these itemized deductions and special credits—except for those dedicated to supporting families with children and dependents, a worthy investment—would unleash the economy.\n\nConsider the mortgage interest deduction. Most homeowners don’t take it anymore, and those who do are effectively subsidized by lower-income taxpayers who don’t have a large mortgage. Any revenue losses resulting from this deduction’s elimination would be easily offset by the higher incomes created by the new flat tax rate. This would also help housing affordability: When people are earning and saving more they have more cash to spend on homes.\n\nThen there is the state and local tax deduction, or SALT, which effectively allows higher-income Americans to deduct more than lower-income taxpayers. The TCJA capped this deduction at $10,000. The Tax Foundation calculates that eliminating this deduction would raise $2 trillion over 10 years . Almost all of that revenue would come from the wealthiest Americans, who would still come out ahead thanks to the lowered tax rate.\n\nSome Republicans have recently proposed raising the SALT cap. But why should lower-income Americans be subsidizing the wealthy’s local taxes at all? The deduction encourages states and cities to raise their taxes, which chases out businesses and workers.\n\nWe can even safely eliminate the deduction for charitable contributions. When Americans have more take-home pay, they give more. They don’t need a deduction to encourage them to do so. In the 1980s, charities feared that donations would decline when the top income-tax rate went from 70% to 28%. Instead, giving reached record levels.\n\nMr. Trump has already proposed a flat 15% corporate tax rate. There are plenty of wasteful business deductions we can get rid of to help pay for the lower rate. We should start with green-energy subsidies, which are smashing Germany’s once-mighty industrial machine by sending energy costs sky-high. The corporate SALT deduction can disappear too. It’s unfair: Why should Walmart get to deduct its local taxes while a local hardware store can’t?\n\nUnder the flat tax, companies would need only to deduct the normal costs of doing business, such as those resulting from labor and raw-material sourcing. The beauty here is that capital spending could be expensed—no more worrying about depreciation schedules.\n\nInterest groups such as the housing lobby and officials from high-tax states say middle-income Americans benefit from itemized deductions. But almost all the revenue loss to the Treasury comes from the tax returns of millionaires and billionaires. In other words, the most regressive feature of our tax code is the availability of special deductions and loopholes. When no one is getting any special-interest breaks, a progressive tax rate won’t be needed to make sure the super-rich pay their “fair share.” The low rate will so supercharge the economy it’s likely the rich will end up paying more—as typically happens when rates have been cut, including in 2017.\n\nMr. Trump has a rare window of opportunity to transform America’s economy into a fast-growing colossus by enacting a simplified flat tax. And we can’t think of a better way to drain the swamp of special-interest lobbyists, IRS agents and tax lawyers.\n\nMr. Forbes is chairman and editor in chief of Forbes Media and a co-author of “Inflation: What It Is, Why It’s Bad, and How to Fix It.” He was a candidate for the Republican presidential nomination in 1996 and 2000. Mr. Moore is an economist with the Heritage Foundation. They are co-founders of the Committee to Unleash Prosperity.",
    "published": "2024-12-30"
  },
  {
    "source": "WSJ",
    "title": "Help Wanted: U.S. Factories Seek Workers for the Nearshoring Boom",
    "summary": "Manufacturers say hiring is one of their big challenges as they try to meet demand for American-made products",
    "link": "https://www.wsj.com/articles/help-wanted-u-s-factories-seek-workers-for-the-nearshoring-boom-ef0209aa?mod=Searchresults_pos19&page=34",
    "content": "A Jones Plastic & Engineering assembly plant in Louisville, Ky., where the plastic parts supplier uses a robotic arm as part of its manufacturing operations.\n\nCompanies are investing in apprenticeship programs and other initiatives to address the labor shortage and meet the growing demand for skilled workers in the manufacturing sector.\n\nManufacturers are struggling to fill positions despite a recent recovery in other sectors of the economy, with over 100,000 manufacturing job openings remaining unfilled each month.\n\nU.S. factories are facing a labor shortage as companies increasingly source more of their parts and products domestically due to geopolitical and economic uncertainty.\n\nCraig Jones’s biggest problem for years was winning new business for his family-run plastics company headquartered in Louisville, Ky.\n\nToday, the challenge is finding workers to meet the company’s growing orderbook as companies increasingly source more of their parts and products from the U.S.\n\n“My biggest concern as we continue to reshore business is, who’s going to do the work?” said Jones, the chief executive of Jones Plastic & Engineering.\n\nJones Plastic has five factories in the U.S. and three plants in Mexico churning out door handles for refrigerators, spray arms for dishwashers, and washing machine doors for companies like Whirlpool and GE Appliances. The business is among many U.S. manufacturers who say they are struggling to find skilled workers to put a Made in America label on their goods.\n\nNewsletter Sign-up The Logistics Report Top news and in-depth analysis on the world of logistics, from supply chain to transport and technology. Preview Subscribe\n\nU.S. factories employ about 13 million people. Plant owners are struggling to fill positions even as other sectors of the economy, such as transportation and warehousing, have recovered from pandemic-era labor shortages.\n\nFor most of this year, the gap each month between manufacturing job openings and hirings has hovered at about 100,000 positions. More than 60% of employers in a recent survey by the National Association of Manufacturers said attracting and retaining talent is a top concern. The trade group forecasts the sector will need to fill 3.8 million roles over the next decade because of retirees leaving the industry and growing manufacturing demand.\n\nManufacturers are scrambling to fill positions as more companies are rethinking their supply chains and moving production out of Asia. A KPMG survey earlier this year found 73% of U.S.-based executives said their companies have brought or are bringing back more of their supply chains to the Americas because of geopolitical and economic uncertainty.\n\nInstead of relying on a single country, such as China, to produce most of their goods, multinational companies are moving toward regional models in which factories in Europe or North America supply a greater share of products for those markets. The strategy shortens global supply chains and, in theory, reduces the risk of shocks such as trade wars, geopolitical conflicts and sudden price spikes or bottlenecks in supply chains.\n\nJapanese machinery maker Kubota Tractor is expanding its U.S. factories and distribution center networks as part of ”a strategic blueprint of onshoring,“ said Robert Davy, the company’s director of supply-chain operations in the U.S.\n\nSusanne Waidzunas, global supply manager at Inter IKEA Group, the company that manages IKEA’s supply chain, said the furniture retailer is seeking out more North American suppliers to reduce the region’s dependence on shipping from other parts of the world. Lego is spending more than $1 billion to open a factory in Virginia in 2027 that will supplement its Mexico plant to feed the Americas.\n\nThe investments are happening as a slew of new semiconductor and electric-vehicle battery plants are expected to open in the next few years, boosted by U.S. government grants, across states such as Ohio, Nevada, Georgia, Idaho, Arizona and Texas.\n\nKubota Tractor is expanding its U.S. factories and distribution center networks. Photo: Patrick T. Fallon/Bloomberg News\n\n“It’s boom time,” said Carolyn Lee , president of the Manufacturing Institute, a workforce development and education affiliate of the National Association of Manufacturers. Lee said the industry usually advertises about 500,000 job openings each month. “When those facilities open in 2025 and 2026 that need is going to go up even higher,” she said.\n\nLabor demand across manufacturing is uneven. Some factory employers are cutting jobs as they respond to shifts in the economy and a slowdown in spending on farm equipment and big-ticket items like cars and major appliances. But the overall trend is toward a shortage of workers.\n\nThe problem is exacerbated by an exodus of Baby Boomers from factory work that began with a surge of retirements during the Covid pandemic, Lee said.\n\nManufacturers say factory work has an image problem. They say teenagers think of jobs in plants as dirty and unskilled, even though factories have become cleaner and more reliant on skilled workers operating high-tech machinery.\n\nOutlook 2025 Here's a look at the trends and issues businesses face heading into the new year\n\n“Everyone wants to understand how to attract young people because it’s a struggle,” said Stacy McCoy, vice president of research at industrial staffing firm, Employbridge.\n\nMcCoy said younger workers aren’t as amenable as older generations to shift work that can involve 12-hour days. They are also more likely to want a job that offers some remote work or a better work-life balance. She said some automakers are so desperate for workers they are bringing back retirees to work temporary, part-time jobs. “Once they’re gone those skills are gone,” she said.\n\nCraig Jones’s son Ryan, Jones Plastic’s chief operating officer, says finding younger workers to replenish the company’s graying ranks can be frustrating because of the high number of “lower quality candidates.”\n\nSHARE YOUR THOUGHTS How can manufacturers attract young workers? Join the conversation below.\n\n“They’re shaky, they’re flaky,” said Jones, who is 39 years old. “There’s not a lot of high percentage chances that they’re going to stick around.”\n\nSome manufacturers say high schools push too many students toward four-year bachelor’s degrees while neglecting associate degrees that can be more appropriate, as well as more lucrative, for some students.\n\n“It seems like high school counselors are really pushing everyone that if you don’t have a four-year degree you’re not going to be successful,” said Shannon Lafferty, general manager of Blum USA, which makes hinges and drawer systems used in furniture and cabinetry at its factory outside Charlotte, N.C. “Where are the skilled individuals going to be developed to support the onshoring efforts of manufacturing in the U.S.?”\n\nIkea is seeking out more North American suppliers to reduce the region’s dependence on shipping from other parts of the world. Photo: Michael Nagle/Bloomberg News\n\nSome companies like Jones Plastic are turning to apprenticeship programs overseen by the Manufacturing Institute to provide a pipeline of workers. Blum USA runs a program modeled after a similar initiative at its parent company in Austria. Students enter the program from high school and are paid to spend one day a week in the classroom and four days in the factory.\n\nThey graduate after four years with a journeyman’s certificate in a trade, an associate degree in mechatronics—which combines mechanical engineering, electronics and computer science—no debt, and a salary of about $50,000 per year.\n\nBlum Group imports about 35% of its Americas merchandise from Europe. Lafferty said the company wants to expand the North Carolina plant, which would mean hiring about 100 more people.\n\nHe said that if schools keep sending him students, he can meet Blum’s domestic manufacturing demand. “There’s capable people,” he said. “It’s just, they need to be trained.”\n\nAdvertisement\n\nWrite to Paul Berger at paul.berger@wsj.com",
    "published": "2024-12-30"
  },
  {
    "source": "WSJ",
    "title": "Africa Has Entered a New Era of War",
    "summary": "A surge in conflicts has gone largely unnoticed amid higher-profile wars in Ukraine and the Middle East",
    "link": "https://www.wsj.com/world/africa/africa-has-entered-a-new-era-of-war-c6171d8e?mod=Searchresults_pos7&page=59",
    "content": "An unprecedented explosion of conflicts has carved a trail of death and destruction across the breadth of Africa—from Mali near the continent’s western edge all the way to Somalia on its eastern Horn.\n\nOlder wars, such as the Islamist uprisings in northern Nigeria and Somalia and the militia warfare in eastern Congo, have intensified dramatically. New power contests between militarized elites in Ethiopia and Sudan are convulsing two of Africa’s largest and most populous nations. The countries of the western Sahel are now the heart of global jihadism, where regional offshoots of al Qaeda and Islamic State are battling both each other and a group of wobbly military governments.\n\nThis corridor of conflict stretches across approximately 4,000 miles and encompasses about 10% of the total land mass of sub-Saharan Africa, an area that has doubled in just three years and today is about 10 times the size of the U.K., according to an analysis by political risk consulting firm Verisk Maplecroft. In its wake lies incalculable human suffering—mass displacement, atrocities against civilians and extreme hunger—on a continent that is already by far the poorest on the planet.\n\nYet, these extraordinary geopolitical shifts in sub-Saharan Africa have been overshadowed by higher-profile conflicts in Ukraine and the Middle East. That has led to less attention from global policymakers—especially in the West—grossly underfunded humanitarian-aid programs and fundamental questions over the futures of hundreds of millions of people.\n\nConflicts in Africa have surged dramatically since 2010\n\nAfrica is now experiencing more conflicts than at any point since at least 1946, according to data collected by Uppsala University in Sweden and analyzed by Norway’s Peace Research Institute Oslo. This year alone, experts at the two institutes have identified 28 state-based conflicts across 16 of the continent’s 54 countries, more than in any other region in the world and double the count just a decade and a half ago. That tally doesn’t include conflicts that don’t involve government forces, for instance between different communities, and whose number has also doubled since 2010.\n\nThere is no single driver for the emergence and escalation of so many different conflicts across a huge and diverse geography. But, experts say, many of the most-affected states were left vulnerable after failing to settle on a strong mode of governance after independence—whether as functioning democracies or established authoritarian systems—or were destabilized during moments of once-in-a-generation political transitions.\n\nThe former French colonies in the Sahel—Mali, Burkina Faso and Niger—for decades were democracies in name only, regularly disrupted by military coups. Congo’s central government in Kinshasa, like Nigeria’s in Abuja, never managed to exert control over vast territories, opening the door for local and foreign leaders to compete for resources and power, often through violence.\n\nIn Ethiopia, Prime Minister Abiy Ahmed ’s efforts to centralize power after ending decades of dominance by the Tigray People’s Liberation Front in 2018 have sparked a series of rebellions and clashes between regional militias. In Sudan, two powerful generals turned into rivals after ousting longtime strongman Omar al-Bashir in 2019 and, two years later, a civilian government that was supposed to move the country to democracy.\n\nSmoke rises following an attack that targeted a fuel station in Khartoum, Sudan. Photo: South Khartoum Emergency Room/Zuma Press\n\nOne inflection point was the year 2011, when, amid the pro-democracy uprisings of the Arab Spring, militaries from the North Atlantic Treaty Organization intervened in Libya to support rebel forces fighting the country’s dictator Moammar Gadhafi. With Gadhafi’s death and Libya’s descent into chaos, thousands of armed men moved south into Mali, reigniting a Tuareg rebellion against the government in Bamako that coincided with the global expansion of extremist ideologies promoted by al Qaeda and Islamic State.\n\n“With the Sahel, it’s clearly a problem of Libya’s collapse and the highway of arms and ideology that that creates,” says Ken Opalo, a Kenyan academic and associate professor at Georgetown University’s School of Foreign Service. “So you get weak states, lots of guns and young men leaving Libya and ideologies coming all the way from Pakistan. Then everything is on fire.”\n\nFrom Mali, the jihadist insurgency spread across porous borders into Burkina Faso and Niger, where new military juntas frustrated with the failure to defeat the militants have kicked out French and other Western troops. It now threatens coastal West African states such as Benin and Ghana. Today, 86% of the territory of Burkina Faso is affected by fighting between jihadists and state forces, according to Verisk Maplecroft’s analysis of incidents collected by the U.S.-based nonprofit monitoring service Armed Conflict Location and Event Data. For Nigeria, that number is 44%.\n\nCivilians are coming under fire\n\nCounting the dead in African conflicts is notoriously difficult. Access to the front lines for journalists and aid groups is often restricted. Phone-service and internet shutdowns that accompanied the wars in Sudan and Ethiopia’s Tigray region complicate efforts to track specific events and their death tolls. Many people don’t die in the fighting itself but from hunger and the breakdown of medical services.\n\nFor Ethiopia, for instance, experts at the University of Ghent in Belgium have estimated that the two-year war between the government and the Tigray People’s Liberation Front caused the deaths of between 162,000 and 378,000 civilians. Acled, whose analysts scour local news sources and contacts for real-time conflict data, counted fewer than 20,000 war fatalities from the fighting itself.\n\nWhat is clear from the data is that civilians are much more likely to be deliberately targeted in conflicts in Africa than in many wars elsewhere. In Ukraine, for instance, fewer than 7% of violent events Acled has recorded since February 2024 targeted civilians—compared with more than a third for African conflicts.\n\n“More people are living with violence than ever before, and more people are continuously exposed to armed groups than ever before,” says Clionadh Raleigh, the founder of Acled and a professor of Political Violence and Geography at the University of Sussex in the U.K.\n\nThe consequences go beyond the immediate loss of life. Stalled development, delayed elections and a broader sense of impunity are all reinforced by protracted conflict, Raleigh says.\n\nMass displacement\n\nThe intensifying conflicts have displaced a record number of Africans—most of them inside their own countries. The continent is now home to nearly half of the world’s internally displaced people, some 32.5 million at the end of 2023. That figure has tripled in just 15 years.\n\nDisplacement makes civilians, especially women and children, more vulnerable to the collateral effects of war. In the east of the Democratic Republic of Congo, local officials and health workers estimate that 80% of the women in displacement camps around Goma have been raped—many of them multiple times. In Sudan, home to the world’s first confirmed famine since 2017, the most hungry are people who have been ripped from their home communities and the jobs or fields that sustained their livelihoods.\n\nNot a priority\n\nAfrica’s current conflicts haven’t prompted the outpouring of sympathy in the West that accompanied Russia’s invasion of Ukraine or the outrage ignited by Israel’s war in Gaza. There has been no equivalent to the Live Aid concerts motivated by the Ethiopian famine in the 1980s, the protest marches over the genocide in Darfur in the early 2000s or even the #BringBackOurGirls campaign linked to the abduction of 276 schoolgirls from the Nigerian town of Chibok 10 years ago.\n\nThat lack of popular attention has translated into a dearth of political action to resolve wars in Africa or alleviate the suffering. Africa’s share of official development aid from rich, mostly Western countries in the Organization for Economic Cooperation and Development is at its lowest level since at least 2000, according to an analysis by the nonprofit One Campaign.\n\nAnd while funding for humanitarian aid, which makes up just a small slice of overall development aid, has increased, it hasn’t kept pace with expanding needs. The United Nations received just half of the $2.6 billion it said it needed in 2024 to provide humanitarian aid in Congo. Its appeals for Sudan were 64% funded, while Nigeria has received just 57% of its target.\n\nIt has also meant that diplomatic pressure on the United Arab Emirates, which, according to Wall Street Journal reporting, is supplying weapons and fighters to one of Sudan’s rival generals, has consistently taken a back seat to America’s desire to maintain the country’s support in the Middle East. U.S. Secretary of State Antony Blinken has visited Africa just four times since 2021—compared with 43 trips to Europe and 22 to the Middle East.\n\nOther powers move in\n\nIn the absence of the U.S. and other Western governments, other powers have doubled down—and often to the detriment of local populations.\n\nRussia has sent mercenaries to fight in Mali and the Central African Republic, deployments that, according to rights groups, have resulted in more violence against civilians. While the U.A.E. is supporting Sudan’s Rapid Support Forces, the country’s military is backed by Egypt, Iran and, most recently, Russia, allowing each side to keep on fighting. In Congo, Rwanda’s military is fighting alongside the insurgent March 23 Movement in a campaign that has displaced more than two million people.\n\nData from Uppsala University shows a sharp surge in internationalized civil wars in Africa and that those wars with foreign meddling are deadlier than civil conflicts without outside interference.\n\nWhat next?\n\nThe U.S. remains the leading funder of humanitarian aid in Africa despite the distractions in Europe and the Middle East. Washington contributed 47% to the U.N.’s Sudan emergency response plan in 2024 and nearly 70% of that for Congo.\n\nOther traditionally large donors, including Germany and the U.K., have already cut their aid budgets amid the crisis in Ukraine and economic problems at home. And many experts expect substantial changes to U.S. foreign and aid policy under the incoming Trump administration, especially toward U.N. agencies—and a further waning of American influence.\n\nThe U.S. and the U.N. “were able to hold a line about what would be considered beyond acceptable for some cases,” says Acled’s Raleigh. “With the Trump administration coming in, that line will disappear. And so the self-interested conflicts that we’re seeing and the people creating violence across the continent will not be checked.”\n\nDisplaced people, local residents and a Congolese soldier set off on a handmade wooden boat in the eastern Democratic Republic of Congo. Photo: Alexis Huguet/Agence France-Presse/Getty Images\n\nWrite to Gabriele Steinhauser at Gabriele.Steinhauser@wsj.com, Andrew Barnett at andrew.barnett@wsj.com and Emma Brown at Emma.Brown@wsj.com",
    "published": "2024-12-30"
  },
  {
    "source": "WSJ",
    "title": "Trump’s Tax Cuts Were Good. A Flat Tax Would Be Better",
    "summary": "Congress should scrap itemized deductions and enact a flat personal and corporate rate of 15%.",
    "link": "https://www.wsj.com/opinion/trumps-tax-cuts-were-good-a-flat-tax-would-be-better-434c1d8d?mod=Searchresults_pos8&page=20",
    "content": "Making the Tax Cuts and Jobs Act permanent would be a good start for Congress in 2025. But it’s time to take an even bigger step: creating a simplified flat tax for all. The TCJA got us close to this goal, and a few additional reforms would get it done.\n\nCollapsing the personal-income and corporate tax rates to 15% would have huge economic benefits. America would suddenly have one of the lowest tax rates in the world, resulting in trillions of dollars of new capital flow and a spike in take-home pay.\n\nThe simplicity of a flat tax would reduce the deadweight costs associated with tax compliance—and the headaches. The White House Office of Information and Regulatory Affairs calculates that Americans spent almost eight billion hours filling out tax forms in 2024. The Tax Foundation estimates that this cost the economy $413 billion in lost productivity, and the Internal Revenue Service estimates that we spent $133 billion on out-of-pocket compliance costs. That adds up to a burden of $546 billion.\n\nDonald Trump’s 2017 reforms already simplified tax filing by doubling the standard deduction from $12,500 to $25,000 for married couples filing jointly. Prior to 2017, almost 40% of tax filers itemized deductions on their tax returns. Today, only 9% do. Almost all low- and middle-income tax filers now check the box for the standard deduction.\n\nGetting rid of what remains of these itemized deductions and special credits—except for those dedicated to supporting families with children and dependents, a worthy investment—would unleash the economy.\n\nConsider the mortgage interest deduction. Most homeowners don’t take it anymore, and those who do are effectively subsidized by lower-income taxpayers who don’t have a large mortgage. Any revenue losses resulting from this deduction’s elimination would be easily offset by the higher incomes created by the new flat tax rate. This would also help housing affordability: When people are earning and saving more they have more cash to spend on homes.\n\nThen there is the state and local tax deduction, or SALT, which effectively allows higher-income Americans to deduct more than lower-income taxpayers. The TCJA capped this deduction at $10,000. The Tax Foundation calculates that eliminating this deduction would raise $2 trillion over 10 years . Almost all of that revenue would come from the wealthiest Americans, who would still come out ahead thanks to the lowered tax rate.\n\nSome Republicans have recently proposed raising the SALT cap. But why should lower-income Americans be subsidizing the wealthy’s local taxes at all? The deduction encourages states and cities to raise their taxes, which chases out businesses and workers.\n\nWe can even safely eliminate the deduction for charitable contributions. When Americans have more take-home pay, they give more. They don’t need a deduction to encourage them to do so. In the 1980s, charities feared that donations would decline when the top income-tax rate went from 70% to 28%. Instead, giving reached record levels.\n\nMr. Trump has already proposed a flat 15% corporate tax rate. There are plenty of wasteful business deductions we can get rid of to help pay for the lower rate. We should start with green-energy subsidies, which are smashing Germany’s once-mighty industrial machine by sending energy costs sky-high. The corporate SALT deduction can disappear too. It’s unfair: Why should Walmart get to deduct its local taxes while a local hardware store can’t?\n\nUnder the flat tax, companies would need only to deduct the normal costs of doing business, such as those resulting from labor and raw-material sourcing. The beauty here is that capital spending could be expensed—no more worrying about depreciation schedules.\n\nInterest groups such as the housing lobby and officials from high-tax states say middle-income Americans benefit from itemized deductions. But almost all the revenue loss to the Treasury comes from the tax returns of millionaires and billionaires. In other words, the most regressive feature of our tax code is the availability of special deductions and loopholes. When no one is getting any special-interest breaks, a progressive tax rate won’t be needed to make sure the super-rich pay their “fair share.” The low rate will so supercharge the economy it’s likely the rich will end up paying more—as typically happens when rates have been cut, including in 2017.\n\nMr. Trump has a rare window of opportunity to transform America’s economy into a fast-growing colossus by enacting a simplified flat tax. And we can’t think of a better way to drain the swamp of special-interest lobbyists, IRS agents and tax lawyers.\n\nMr. Forbes is chairman and editor in chief of Forbes Media and a co-author of “Inflation: What It Is, Why It’s Bad, and How to Fix It.” He was a candidate for the Republican presidential nomination in 1996 and 2000. Mr. Moore is an economist with the Heritage Foundation. They are co-founders of the Committee to Unleash Prosperity.",
    "published": "2024-12-30"
  },
  {
    "source": "WSJ",
    "title": "Jimmy Carter Was a Great Citizen",
    "summary": "His presidency fell short in important ways, but his life can serve as an example to all Americans.",
    "link": "https://www.wsj.com/opinion/an-exemplary-citizens-imperfect-presidency-jimmy-carter-georgia-inflation-peanut-shah-iran-soviets-salt-habitat-5170f99f?mod=Searchresults_pos8&page=111",
    "content": "Jimmy Carter wasn’t an exemplary president, but he lived an exemplary life. Even his modest beginnings were a tribute to his spirit: Before going to Washington in 1977, he was a naval officer, a peanut farmer on the Georgia plains, a community-affairs activist and deacon at his Baptist church, a born-again Christian and Georgia’s governor.\n\nIt is up to history to sort out where he belongs in the pantheon of presidents. Was he a one-term failure, as some historians think? Or was he the most successful one-term president in history, which would place him in the ranks above such formidable figures as John Adams , John Quincy Adams , James K. Polk and George H.W. Bush ?\n\nHe shrewdly sensed the disillusionment of Americans in the wake of the Watergate scandal and portrayed himself as a new kind of Democrat: an “outsider,” the man who would “never tell a lie.” Yet behind his toothy grin and folksy style was a cold stare. He was stubborn, self-righteous and aloof.\n\nLocked in the Cold War abroad and domestic disaffection at home, Carter was less comfortable with big themes and bold rhetoric than with administrative minutiae. Ill at ease with the give-and-take of politics, he had frosty relations with Congress. In a 1979 article titled “The Passionless Presidency,” former speechwriter James Fallows memorably revealed in the Atlantic that Carter personally signed off on who could use the White House tennis court.\n\nThe nation’s economic woes mounted and Carter floundered, wrestling with an energy crisis, long gasoline lines, rising inflation and high unemployment. In foreign affairs, he had some successes. He helped foster two treaties with Panama and reopened diplomatic relations with Beijing. He advocated human rights. And the crown jewel of his presidency was his tireless personal diplomacy between Israeli Prime Minister Menachem Begin and Egyptian President Anwar Sadat . In brokering the Camp David Accords, Carter helped end the state of perpetual war between Israel and what was then the most powerful Arab nation. That eased the way to later Israeli peace with Jordan and, still later, with several other Arab states.\n\nHis stewardship of American foreign policy fell shortest on the central issue of the time, the Cold War. He signed a faulty nuclear arms agreement with the Soviets, the SALT II accord, which President Reagan promptly scrapped in favor of a more ambitious Strategic Arms Reduction Treaty. Carter snubbed allied authoritarian regimes. As a result, Nicaragua became a Soviet client and the shah of Iran was forced out of power by an Islamic revolutionary government that took U.S. Embassy staff hostage and that endures to this day. The Soviets marched into Afghanistan, dangerously tipping the global balance of power.\n\nOne of the most important things a president can do is inspire the American people. Carter fell short. In July 1979, after convening a special summit with national leaders at Camp David, he delivered his most famous speech, in which he diagnosed a “crisis of confidence.” It became known as the “malaise” speech. Sixteen months later, voters resoundingly rejected him at the polls.\n\nIt is hard not to be moved by Carter’s tireless efforts as a former president to improve his community, his nation and the world. His Habitat for Humanity galvanized legions of volunteers. He wrote poetry and best-selling books. He wore the mantle of diplomat and humanitarian and relentlessly pursued peace around the globe. In doing so, he had an iconoclastic touch of Donald Trump in him; unbound by convention, he was always willing to experiment with the personal touch and talk to rogue leaders. Nor did he hesitate to criticize his own party for drifting too far to the left.\n\nDiagnosed with metastatic cancer in 2015, when he was 90, he courageously soldiered on, becoming the first U.S. president to reach his 95th birthday, then his 96th, 97th, 98th, 99th and 100th. As he redefined the meaning of the postpresidency, Citizen Carter remained a tribute to American democracy.\n\nMr. Winik was the inaugural historian-in-residence at the Council of Foreign Relations and is author of “1944” and “April 1865.”\n\nJimmy Carter lost the 1980 general election by a landslide to Ronald Reagan, so it's difficult to understand why Joe Biden continues to follow the Carter 'malaise' playbook today. Bettman via Getty Images/Shutterstock Composite: Mark Kelly",
    "published": "2024-12-30"
  },
  {
    "source": "WSJ",
    "title": "A Record-Shattering $1 Trillion Poured Into ETFs This Year",
    "summary": "Assets in U.S. exchange-traded funds grew by more than 30% in 2024",
    "link": "https://www.wsj.com/finance/investing/investing-exchange-traded-funds-2024-4e047e8b?mod=Searchresults_pos6&page=163",
    "content": "Active management strategies and bitcoin funds also saw strong growth, as investors sought performance and exposure to alternative asset classes.\n\nThe biggest S&P 500 funds led the inflow leaderboard, with Invesco's QQQ attracting over $27 billion of fresh cash through mid-December.\n\nInvestors poured a record-shattering $1 trillion into U.S.-based ETFs in 2024, driven by a rebound from last year's lackluster flows and a broad embrace of U.S. assets.\n\nInvestors plowed more than $1 trillion into U.S.-based exchange-traded funds in 2024, shattering the previous record set three years ago and raising Wall Street hopes for an even bigger year ahead.\n\nThe rebound from last year’s lackluster flows marked a broad embrace of U.S. assets in a year in which the S&P 500 gained around 25%, analysts said. Longer-term trends also played a role as investors extended a yearslong practice of swapping their mutual funds for the greater tax advantages and easy trading of ETFs.\n\nTotal assets in U.S.-based ETFs reached a record $10.6 trillion at the end of November, according to monthly ETFGI data, an increase of more than 30% from the start of 2024.\n\n“Investors clearly had their confidence back this year,” said Brian Hartigan , Invesco’s head of ETFs and index investments. “The mood was risk-on.”\n\nSwelling ETF assets were a windfall for Wall Street giants including BlackRock, which reported record management fees this year. Its stock reached record highs. It was also a big year for smaller asset managers that specialize in actively managed ETF strategies.\n\nThe biggest S&P 500 funds led the inflow leaderboard as usual. Invesco’s QQQ, which tracks the tech-heavy Nasdaq-100 Index, followed, attracting more than $27 billion of fresh cash through mid-December. It was an eye-popping figure after QQQ brought in $7.3 billion in 2023, said Hartigan.\n\nNewsletter Sign-up Markets A.M. Let the WSJ's own Spencer Jakab prepare you for the trading day ahead, with expert insight into the companies and industries set to move markets. Preview Subscribed\n\nInvestors looked especially optimistic in the weeks after Donald Trump was elected president, putting a monthly record of $164 billion into ETFs in November. Many are hoping lower taxes and fewer regulations can stoke an already-hot stock market during Trump’s second term.\n\nFixed-income ETFs, which make up a smaller share of the market than equity funds, also had a strong year. They benefited as investors tried to lock in elevated yields as the Federal Reserve began to cut short-term rates.\n\nWhile flows to stock funds were well over double those to their fixed-income counterparts through the end of November, bond funds grew at a faster pace relative to their starting assets. This year’s influx represented almost 20% of total assets under management at the start of the year.\n\nBut as the fourth quarter rolled on, it was clear that U.S. equities remained king. The rolling three-month differential between flows to U.S. stock funds and all other types of ETFs reached a record high in November, according to the research team at SPDR, State Street’s ETF business.\n\nFunds that buy U.S. stocks dominated, dwarfing the fund flows to international stocks. In November, 97% of net inflows to stock funds went to the U.S.\n\n“There’s a lot of exuberance and excitement over this idea of U.S. exceptionalism in terms of economic growth and profit and performance,” said Matthew Bartolini , head of SPDR Americas research.\n\nInvestors chased performance with their money this year, and there is a growing risk that they have become overly concentrated in such areas as big tech and U.S. large-caps, Bartolini said.\n\nAnother growth area: active management. While ETFs have long been associated with passive, index-tracking stock investing, more-complex, options-based strategies exploded this year, as did bitcoin funds.\n\nWhen more than a dozen asset managers got the regulatory go-ahead in January 2024 to launch the first U.S. funds that could buy and offer direct exposure to bitcoin, the cryptocurrency began a sharp rally. Investors plowed billions into the funds, minting several of the most successful ETF launches in history.\n\nAt the other end of the risk spectrum, retirees looking to maintain stock exposure while cutting some of their risk flocked to a class of funds that the industry is colloquially calling “boomer candy.” The actively managed funds typically use an options-based strategy to damp volatility and generate income for shareholders.\n\nETFs are also no longer a predominantly passive vehicle: Active funds took in roughly 30% of all fund flows this year through November. That is welcome news for fund managers, who have watched assets swell in recent years but have had to contend with a race to the bottom on management fees.\n\n“Our average fee has gone up actually because of the assets in active,” said David Mann , head of ETF product and capital markets at Franklin Templeton.\n\nSHARE YOUR THOUGHTS What is your current approach to ETFs? Join the conversation below.\n\nWrite to Jack Pitcher at jack.pitcher@wsj.com\n\nAdvertisement",
    "published": "2024-12-30"
  },
  {
    "source": "WSJ",
    "title": "wsj.com",
    "summary": "",
    "link": "https://www.wsj.com/opinion/when-customer-service-is-insincere-da27f2b4?mod=Searchresults_pos2&page=83",
    "content": "",
    "published": "2024-12-30"
  }
]