[
  {
    "source": "WSJ",
    "title": "How Democrats Blew It on Inflation",
    "summary": "In avoiding the missteps that followed the 2008-09 financial crisis, officials made new mistakes that led to political defeat",
    "link": "https://www.wsj.com/economy/inflation-joe-biden-mistakes-aa77b9cf?mod=Searchresults_pos3&page=69",
    "content": "Critics say that the White House's reluctance to reduce tariffs, cut deficits, or curb demand left the Federal Reserve with the primary responsibility for combating inflation.\n\nThe Biden administration's belief that inflation was transitory led to a delay in addressing the issue.\n\nBiden's $1.9 trillion stimulus package in 2021 was intended to avoid the mistakes of the 2009 recovery.\n\nPresident Biden hadn’t even been inaugurated when he and his senior advisers made a monumental gamble in January 2021 that would reverberate through his presidency. Fresh on the heels of a $900 billion Covid-relief bill that Congress had approved weeks earlier, Biden proposed a $1.9 trillion stimulus bill.\n\nBiden and many of those advisers had been part of the Obama administration. Barack Obama took office under similarly gloomy circumstances in January 2009, during the low point of the global financial crisis. Years of high unemployment followed, with much of the world mired in a trap of low growth and very low—even negative—interest rates.\n\nOne lesson Democrats took from that episode: Spend aggressively when interest rates are low. It is better to overfill the cup than underfill it.\n\nThe result was the American Rescue Plan, a package that boosted a child tax credit, sent $1,400-per-person direct payments to households, and directed $350 billion to state and local governments.\n\nPolitically, those choices backfired. Billions of dollars in Covid-19 aid were already coursing through the economy, the aftereffect of bipartisan spending measures under Donald Trump. Strong demand from Biden’s additional fiscal stimulus, ultralow interest rates and a successful vaccine rollout ran headlong into crippled supply chains and discombobulated labor markets.\n\nA sign identifies a bridge expansion project near Warsaw, Ky., as funded by the American Recovery and Reinvestment Act in 2009. Photo: Ed Reinke/Associated Press\n\nBad luck piled on. New Covid variants, Russia’s invasion of Ukraine and China’s Covid-related lockdowns continued to upend global supply chains and commodity markets. Inflation soared in most of the world’s richest economies—across Europe, Canada, and Australia.\n\nDemocrats had bet voters would reward them for a strong labor market recovery with tangible gains for workers. Instead, those voters recoiled at the sudden cost-of-living increases. Consumer prices during Biden’s term have risen 20%, compared with 8% in Trump’s term.\n\nAdvertisement\n\n“If inflation had been less severe in that first year, if it had peaked at a lower level, could Vice President Harris have survived that? My intuition is yes,” said Michael Strain , head of economic-policy studies at the right-leaning American Enterprise Institute.\n\nOn Election Day, roughly 40% of voters said the economy was their top issue, far outstripping any other. Those voters backed Trump by a 22-percentage-point margin. Inflation has declined without a recession, but many were thinking instead about how prices are still high.\n\nWhite House officials interviewed for this story defended their record by pointing to how the ARP was designed at a time when it wasn’t at all clear the country was about to escape the pandemic. Virus counts and deaths were rising as Biden took office. And after a swift rebound in hiring through the second half of 2020, the number of people working fell in December 2020.\n\n“Any scenario that envisions less inflation from a reduced ARP also has to wrestle with slower growth, higher unemployment and more child poverty,” said Jared Bernstein , the chair of the White House Council of Economic Advisers.\n\nAdvertisement\n\nWhite House and Democratic officials have argued that overall U.S. economic outcomes were better than those achieved in nearly every other advanced economy. But politically, those arguments fell flat and gave Trump his opening.\n\n“It comes off as cold comfort to say that people have it worse in Germany, the U.K., France,” said Rep. Brendan Boyle (D., Pa.). “People naturally compare their experiences today to what things were like prepandemic.”\n\n‘17 educated idiots’\n\nRepublicans were opposed to another stimulus package in early 2021. So Democrats had to maneuver with a razor-thin one-vote majority in the Senate, with Vice President Kamala Harris able to break a 50-50 tie.\n\nSen. Joe Manchin , the most conservative Democrat in the chamber, was stunned when colleagues told him the $1.9 trillion price tag and warned them it was a massive overreach, he said in a recent interview.\n\nAdvertisement\n\nLawmakers were seeking to extend temporary unemployment benefits of an extra $400 a week. “A lot of hardworking people aren’t making that kind of money in my state,” Manchin told his colleagues.\n\nWithin hours of speaking up, he found himself face-to-face in the Oval Office with Biden. Manchin begged the president to pump the brakes. The country hadn’t even digested the stimulus approved weeks earlier. It didn’t make sense to throw another $2 trillion on top.\n\nBiden was unmoved. “I’ve got to do it, Joe,” he said.\n\nPresident Biden with Sen. Joe Manchin (D., W.Va.) and Senate Majority Leader Chuck Schumer of New York in 2022. Photo: Susan Walsh/Associated Press\n\nManchin ultimately swallowed his reservations and gave his support. The package passed in March 2021.\n\nThe loudest criticism came from Larry Summers , who had been a top Obama adviser but wasn’t part of Biden’s team. Many Democrats faulted Summers for insufficient stimulus in 2009 and were in no mood to listen to him by 2021.\n\nAdvertisement\n\nHe pointed to how Democrats had lost badly at the ballot box during other bouts of inflation in 1968 and 1980. “The sense of serenity and complacency being projected by the economic policymakers, that this is all something that can easily be managed, is misplaced,” he said that spring.\n\nInflation jumped that April, driven by used cars, airfares and other items that could be traced to reopening the economy. Officials at the White House and Federal Reserve highlighted the temporary nature of price readings by describing high prices as likely to be “transitory.” And for the first few months, the story held. Price growth initially eased through the summer.\n\nA used car dealership. Photo: Jim Watson/Agence France-Presse/Getty Images\n\nWhite House advisers kept telling Manchin not to worry. One pointed to how 17 Nobel laureates said inflation would be transitory. Manchin shot back: “You’ve got 17 educated idiots telling you what you want to hear.”\n\nWhen price growth broadened and reaccelerated that fall, the Fed threw “transitory” into the ash heap and sped up plans to withdraw stimulus. By December 2021, inflation hit 7%.\n\nAdvertisement\n\nFiscal stimulus, approved by both Trump and Biden, accounted for about 3 percentage points of the rise in inflation through 2021, according to the San Francisco Fed. A separate analysis by the bank’s economists estimated the ARP boosted inflation, excluding food and energy items, by 0.3 percentage point a year in 2021 and 2022.\n\nRaw politics, and not just economics or health concerns, were at work. The administration had faced heavy pressure from progressives, including in the House of Representatives, to make $1.9 trillion the floor, not the ceiling, for any spending on the ARP.\n\nFocus shifted to passing Build Back Better, a separate $3.5 trillion spending bill that Democrats envisioned as Biden’s signature economic initiative. A meaningful acknowledgment that inflation was a problem would raise alarm bells over further spending. That, in turn, could kill the sprawling healthcare, education and climate package.\n\nBuild Back Better, a $3.5 trillion spending bill that Democrats envisioned as Biden’s signature economic initiative, never passed. Photo: brendan smialowski/Agence France-Presse/Getty Images\n\nMany economists, inside and outside the White House, genuinely believed inflation would be transitory. Still, Democratic-affiliated analysts and economists outside the administration faced pressure to play down inflation risks to avoid imperiling the administration’s broader agenda, said Strain, the economist at the American Enterprise Institute.\n\n“They kept insisting it was transitory because they were trying to shove BBB down my throat,” said Manchin, who ended negotiations over the package at the end of 2021.\n\nWhat went wrong\n\nAdvertisement\n\nThe postpandemic economic response will be heavily debated for decades. Outside analysts fault the White House for a tepid response that compounded misfortunes on Election Day.\n\nFirst, officials treated inflation as a communications problem that could be improved with better messaging.\n\nIn the summer of 2022, after a mild inflation reading followed a string of hot prints, one of the president’s top political advisers argued that officials should make a big show of declaring that the battle on inflation had turned, according to people familiar with the matter.\n\nBiden’s economic advisers flinched. What would they say if inflation was bad next month?\n\n“That’s a problem for 30 days from now,” the political adviser responded.\n\nSecond, economic advisers were overruled at times when it came to proposing measures that might have lowered consumer prices.\n\nFiscal stimulus accounted for about 3 percentage points of the rise in inflation through 2021, according to the San Francisco Fed. Photo: Brandon Bell/Getty Images\n\nIn April 2022, for example, some of the president’s economic team pushed for rolling back tariffs on certain Chinese imports that had been imposed by the Trump administration. Even if it might not make a noticeable dent in consumer price gauges, they argued it was better for the White House to be viewed as throwing its back into bringing down prices. Tariffs are often passed on to customers in the form of higher prices.\n\nFor nonstrategic goods, “there’s not much of a case for those tariffs being in place,” economic adviser Daleep Singh said during remarks in Washington at the time. “Why do we have tariffs on bicycles or apparel or underwear?”\n\nAdvertisement\n\nPolitical advisers sympathetic to concerns from labor groups and foreign-policy advisers who wanted to maintain leverage against Beijing argued against the move. Biden sided with them when his economic advisers said removing tariffs wouldn’t move the needle on inflation.\n\nSHARE YOUR THOUGHTS What steps could the Biden administration have taken to better address inflation? Join the conversation below.\n\n“President Biden said inflation was his No. 1 priority, and I don’t think he acted like it was his No. 1 priority,” said Strain.\n\nBernstein, the senior White House economist, said that the White House was “always balancing trade-offs.” Other officials said the political hit from removing tariffs would have overwhelmed any marginal benefit in the form of lower prices.\n\nGene Sperling, a former senior economic adviser to Biden and Harris, said cross-country comparisons show that the U.S. outperformed its peers economically and that Democrats fared better than other incumbent governments politically. He faulted analyses that presume there were “silver bullets on inflation we just chose not to fire.”\n\nAdvertisement\n\nWhite House officials pointed to a raft of measures they took to lower costs as it became clear inflation might take longer to decline. That included releasing oil from the U.S. strategic reserve, capping the cost of insulin and prescription drugs for seniors and taking steps to ban junk and other hidden fees.\n\nThe Biden administration did less to tamp down aggregate demand, leaving the Fed to shoulder much of the burden of cooling down the economy. The Fed raised rates at the fastest pace in 40 years to a two-decade high, and Biden mostly avoided commenting on rates. He pledged not to publicly challenge the Fed as it tried to slow the economy.\n\nCritics say the White House could have done more to cut deficits that were unprecedented for a peacetime economy with low unemployment. Instead, the administration passed several pieces of legislation that boosted spending on infrastructure and clean-energy investments, including the Inflation Reduction Act in 2022.\n\n“The whole job of fighting inflation shouldn’t just be up to the Fed. I’d prefer a whole-of-government approach,” said Robert Kaplan , a former Dallas Fed president, in a June interview. Kaplan at the time argued for hitting the pause button on some of the spending from the IRA out of concern that subsidies to encourage new factory construction were working against efforts to lower inflation.\n\nThe spending blitz of 2020-21 revealed that “these things have a momentum of their own,” said Raghuram Rajan , a former governor of India’s central bank. “It is hard to reverse on a dime, and then it goes further than you want.”\n\nPresident Biden met with President-elect Donald Trump earlier this month. Photo: Al Drago/Press Pool\n\nWrite to Nick Timiraos at Nick.Timiraos@wsj.com",
    "published": "2024-11-18"
  },
  {
    "source": "WSJ",
    "title": "Financial Services Roundup: Market Talk",
    "summary": "",
    "link": "https://www.wsj.com/finance/banking/financial-services-roundup-market-talk-73451733?mod=Searchresults_pos3&page=72",
    "content": "The latest Market Talks covering Financial Services. Exclusively on Dow Jones Newswires at 4:20 ET, 12:20 ET and 16:50 ET.\n\n1647 ET – Canada could consider removing impediments that dissuade the country’s largest pension funds from deploying more of their cash here at home, says former Bank of Canada governor Stephen Poloz . Canada Finance Minister Chrystia Freeland appointed Poloz this year to examine ways to encourage more pension-fund investment in Canada amid pressure on the Liberal government to compel more domestic investing by pension plans, such as CPP Investment Board and Ontario Teachers’. In a podcast produced by CIBC Capital Markets, Poloz says pension plans have identified barriers to investment in Canada. “There’s a lot of other things that they can’t really invest in. And there may be ways of interpreting rules or finding ways to modify rules to help them find different avenues to invest here in Canada,” Poloz says. (paul.vieira@wsj.com; @paulvieira)\n\n1608 ET – Uninsured deposits at banks are back down to levels last seen in 2019, the Fed’s vice chair for supervision, Michael Barr, says in congressional testimony. Deposits above the FDIC’s insured threshold climbed amid the rise in savings during the pandemic—which turned into a problem last year as depositors raced to pull money from a handful of failing regional banks when they became concerned about uninsured losses. “Liquidity conditions overall are stable,” Barr says in testimony prepared for a Wednesday House Financial Services Committee hearing. “Notably, deposits and liquid assets on bank balance sheets remained steady in the first half of the year.” (matt.grossman@wsj.com; @mattgrossman)\n\n1434 ET – Walmart has focused on lowering prices across its portfolio of products over the past few quarters, but a potential increase in tariffs could change current efforts. Walmart had price rollbacks on about 6,000 items in 3Q, including around 3,000 items in grocery, CFO John David Rainey says on a call with analysts. Still, Walmart might have to raise prices if Trump implements tariff hikes. In an interview with CNBC, Rainey says “there probably will be cases where prices will go up for consumers.” Shares rise 4%. (sabela.ojea@wsj.com; @sabelaojeaguix)\n\n1050 ET – Homes sales are sinking in Florida amid hurricane recovery and rising HOA fees. Florida is home to the five U.S. metropolitan areas where pending home sales are falling fastest, according to Redfin. In Fort Lauderdale, pending sales dropped 15.2% year over year during the four weeks ending Nov. 10. Next came Miami, down 14%, and West Palm Beach at 13.8%. Nationwide, pending sales rose 4.7% over the same period. Florida’s housing market has been slowing for months as residents grapple with hurricanes, a surge in home insurance costs and higher HOA fees. The state also has a housing affordability crisis, with higher home prices and property taxes. There’s still some demand for vacation homes, but in general, the market is very slow. (chris.wack@wsj.com)\n\n1020 ET – U.S. home prices grew 0.5% from a month earlier in October, matching September’s increase, Redfin says. On a year-over-year basis, home prices rose 5.9%, the lowest annual increase since December. Home prices maintained steady growth over the past year, with month-over-month gains ranging between 0.2% and 0.7% each month since November 2023—including seven months where growth was between 0.4% and 0.6%. That’s consistent with the pace of growth between 2015-2020. The pandemic buying spree saw home prices spike up to nearly 2% month-over-month in June 2021, before falling all the way to negative 0.1% growth in August 2022. Elevated mortgage rates have kept a lot of buyers on the sidelines in 2024, essentially putting a cap on how much prices could rise. (chris.wack@wsj.com)\n\n0845 ET – Credit conditions are worsening for farmers in the Great Plains, a survey by the Kansas City Fed finds. In the reserve bank’s regional district, 60% of respondents report that farm income is less than a year ago, while 10% say it was greater: the worst result since 2020. Lower crop prices are pressuring incomes despite higher cattle prices. Industry lenders reported a slight increase in problem-loan rates across the region. About 60% of banks say that at least some of their lenders plan to sell assets in the months ahead to free up cash or make loan payments. The KC Fed’s district covers Colorado, Kansas, Nebraska, Oklahoma, Wyoming, northern New Mexico and western Missouri. (matt.grossman@wsj.com; @mattgrossman)\n\n0730 ET – News that Manulife Financial CEO Roy Gori will retire, to be succeeded by Manulife Asia head Phil Witherington , comes as a surprise. RBC Capital Markets’ Darko Mihelic says it wasn’t clear that Gori would be stepping down so soon, particularly as he has served as CEO for seven years versus the typical tenure for financial-services CEOs of 10-plus years. Gori, in his mid-50s, also is relatively young to be retiring and his passion hasn’t waned in recent years, the analyst says. Still, the investment thesis is unchanged and RBC retains an outperform call on the shares and C$49 target. (robb.stewart@wsj.com; @RobbMStewart)\n\n0512 ET – Donald Trump’s victory in the U.S. presidential election is set to have a limited impact on Spain, CaixaBank’s CEO, Gonzalo Gortazar , said in response to an analyst question at the company’s investor day. In terms of tariffs, given that only 5% of Spain’s exports go to the U.S. and that exports make up around 40% of gross domestic product, around 1.25% of Spain’s GDP is exposed to the U.S. in a direct way, Gortazar notes. “I think we need to look at it as something that generally in terms of impact on Spain is going to be limited, but obviously we’re part of the world and we’ll have to see,” he said. (elena.vardon@wsj.com)\n\n0443 ET – Barclays and UBS are well positioned to benefit from the pockets of opportunity brought about by a second Trump administration, Keefe, Bruyette & Woods says in a research note. European investment banks with more exposure to U.S. capital markets, a stronger U.S. dollar and less exposure to tariffs are naturally the way to go, analysts Thomas Hallett and Andrew Stimpson write. Deutsche Bank and German banks in general aren’t well placed on potential tariffs given the country’s large foreign trade surplus, they add. A stronger dollar tends to favor the Swiss more—such as UBS and Julius Baer—and the Germans the least, they note. Likely reduced financial regulation from the Republican sweep with greater prospects from M&A activity should also support European and U.S. banks, they add. (elena.vardon@wsj.com)\n\n0243 ET – CaixaBank’s new midterm plan seems more focused on growth than before, Keefe, Bruyette & Woods says in a research note after the Spanish lender outlined its 2025-27 targets. The plan confirms that CaixaBank is a high-return-on-tangible-equity bank with low rates sensitivity, analysts Hugo Cruz and Ben Maher write. Growth is a key focus with around 4% target for volumes and a higher-than-expected increase in costs due to investments, they add. “For us the big picture is still unchanged,” they write. The group raised its CET1 ratio and the capital distribution targets are now less clear, which could take time for the market to digest as no firm returns figure was given unlike its previous plan, they note. (elena.vardon@wsj.com)\n\n2058 ET – Singapore stocks are expected to benefit from the country’s market reforms, four members of Morgan Stanley’s Research team say in a note. “New measures to strengthen Singapore’s equities market will be announced in phases through 2025, likely delivering a much needed boost to trading liquidity and valuation multiples,” they note. The U.S. investment bank’s December 2025 target for MSCI Singapore Index target of 1900 implies a total return of 16% over the next 12 months. Morgan Stanley’s ‘Singapore Focus List’ includes Singapore Exchange, UOB, Singtel, Sembcorp Industries, and CapitaLand Investment, and has overweight ratings for all four names. Morgan Stanley’s target prices for Singapore exchange is S$14.31, UOB is S$36.80, Singtel is S$3.90, Sembcorp Industries is S$7.20 and CapitaLand Investment is S$3.95. (ronnie.harui@wsj.com)\n\n2010 ET – Computershare’s outlook commentary is sufficiently bullish to ease worries at Morgans over risks to the share-registry provider’s earnings guidance. The Australia-listed company reaffirmed its expectation of 7.5% annual EPS growth and said it has increased confidence in the guidance. Analyst Richard Coles reckons his previous view that risks are skewed to the downside was too conservative, telling clients in a note that he had been concerned about the potential for larger-than-expected interest-rate cuts. Morgans raises its target price 13% to A$33.37 and keeps an add rating on the stock, which is up 1.8% at A$30.99. (stuart.condie@wsj.com)",
    "published": "2024-11-18"
  },
  {
    "source": "WSJ",
    "title": "Milei Looks for Trump’s Help to ‘Make Argentina Great Again’",
    "summary": "Argentine leader hopes the U.S. president-elect will help unlock billions of dollars in new loans to finance a capitalist makeover",
    "link": "https://www.wsj.com/world/americas/javier-milei-argentina-trump-visit-048b5178?mod=Searchresults_pos6&page=113",
    "content": "Argentine President Javier Milei is a star among President-elect Donald Trump’s closest aides, a self-described anarcho-capitalist with wild hair and a bromance with Elon Musk. Now, Milei has a big ask—billions of dollars in loans to jump-start a capitalist makeover of his country.\n\nAt a black-tie gala last week at Mar-a-Lago, Milei praised Trump as he posed for pictures with conservative figures, including actor Sylvester Stallone , Trump’s selection for attorney general, Matt Gaetz , and the pro-Trump podcaster Charlie Kirk . Milei danced to “Y.M.C.A.” and received a standing ovation after giving a speech.\n\n“Make Argentina Great Again,” Trump joked with Milei at the event Thursday. “You know, MAGA, he’s a MAGA person.”\n\nIn Milei’s view, what Argentina needs to be great again is a new International Monetary Fund loan to help him complete the fiscal transformation he has launched that includes, as he says, taking a chain saw to rampant state spending and squelching runaway inflation. The request comes at a critical moment as Milei’s austerity program hits Argentines hard, with poverty and unemployment on the rise.\n\nA new IMF program could help solidify Argentina’s finances and allow the government to lift currency controls that stifle business and discourage foreign investments. With Trump back in power, the U.S., which is the largest shareholder of the IMF, could accelerate the approval of a new program for Milei, economists say.\n\nBefore Milei left for Florida, he said he had spoken by phone with Trump, who had called him “his favorite president.”\n\nArgentina’s President Javier Milei met with Donald Trump, becoming the first foreign leader to meet with the president-elect since his victory last week. Photo: Joe Raedle/Getty Images\n\n“The government-elect feels much more comfortable working with me than with other governments,” Milei said about Trump in comments on Argentine radio recently. “And that has commercial and financial implications.”\n\nBut the IMF has been hesitant to provide fresh capital to Argentina, a serial defaulter that has been locked out of international markets since 2018. The country still owes the fund about $40 billion from a 2018 loan, the largest IMF bailout in the multilateral’s history. A new program would likely entail rescheduling payments of a current IMF loan and possibly additional funds of $10 billion to $15 billion, economists say.\n\n“They want to support a reform program that is very ambitious for the standards of the IMF, but I think they are also concerned about the obligations,” said Pablo Guidotti, an economist at the Torcuato Di Tella University in Buenos Aires, referring to the IMF.\n\nAdvertisement\n\nSHARE YOUR THOUGHTS What support do you think President-elect Trump should provide to Argentina? Join the conversation below.\n\nThe Biden administration and IMF have backed Argentina’s efforts to balance its budget, as Milei implements a tough austerity program that has included devaluing the peso currency, closing state agencies, cutting subsidies, halting public construction and ending price controls. Inflation fell from 25% a month in December, when he took office, to 2.7% in October. His government has posted the first quarterly fiscal surplus in over 15 years.\n\nBut Milei has feuded with some of the fund’s top officials. In September, the IMF removed its director of Western Hemisphere affairs, Rodrigo Valdés, from negotiations with Argentina after Milei called him a leftist with “bad intentions” for his government.\n\nA point of contention that has held up a new program is a disagreement over Argentina’s exchange-rate policy. The fund supports a more flexible foreign-exchange rate since economists say the peso is now overvalued, creating a gap with the black market rate. A weaker currency, however, could drive inflation back up, hurting Milei’s support at home.\n\nAdvertisement\n\nPolice detained a protester during a recent demonstration in Buenos Aires against Milei’s veto of a pension raise. Photo: Rodrigo Abd/Associated Press\n\nMilei is hoping some ideological affinities with Trump and his world will help push the loan through anyway.\n\nMilei’s contempt for left-wing politics and his promises to slash state spending to fix runaway inflation in his country of 47 million has won him accolades among Trump’s closest aides, including SpaceX founder Musk, and Trump himself.\n\n“You’ve done a fantastic job in a very short period of time, it’s an honor to have you here,” Trump said Thursday night.\n\nThe first foreign president to meet Trump since his re-election, Milei was a special guest at the gala held by America First Policy Institute, a conservative group that is helping the Trump transition team craft policy.\n\nMilei, speaking in broken English before switching to Spanish, said he was happy to share “the same love for liberty” with the incoming administration.\n\n“First, congratulations to President-elect Donald Trump for his resounding victory—the biggest political comeback in history,” Milei said to applause. He said Trump was “confronting the whole political establishment, even putting his life at risk.”\n\nAdvertisement\n\n“The world is much better because the winds of liberty are blowing much stronger,” he added. “Long live freedom, damn it!”\n\nIn Argentina, Milei is constrained by a dearth of Central Bank reserves, which leaves Argentina unable to cope with capital flight because of a pent-up demand for dollars, economists say.\n\n“Foreign investors are saying, ‘I don’t want to bring money in if I don’t have a guarantee that I can get the money out,’” said Claudio Loser, an Argentine economist and a former high IMF official. Loser predicted that Trump would help Argentina.\n\nWithout an IMF loan, the government would be forced to devalue the peso by at least 53% to lift capital controls, according to Oxford Economics. Capital controls hamstring companies from repatriating profits and force ordinary Argentines to stash away dollars.\n\nA good relationship between Milei and Trump may not be enough for U.S. companies concerned about Argentina’s decades of economic turmoil.\n\nArgentines protested outside Buenos Aires in June against the closure of soup kitchens. Photo: luis robayo/Agence France-Presse/Getty Images\n\n“There’s a pretty high threshold for U.S. companies to have confidence in Argentina,” said Benjamin Gedan , director of the Latin America program at the Wilson Center. “And a friendship between the Argentine and U.S. presidents is not nearly enough to move the needle on investment decisions.”\n\nMilei, a libertarian economist elected in 2023, has called the U.S. his top foreign ally, said Trump’s defeat to President Biden in 2020 threatened Western civilization, and was quick to celebrate Trump’s victory over Kamala Harris.\n\nMilei is also a supporter of Musk, whom he met this year during a visit to Tesla’s office in Texas in which the Argentine leader test drove a Cybertruck. Musk’s purchase of X “saved humanity” by protecting free speech, Milei said this week.\n\nAdvertisement\n\nMilei says Musk has sought advice on cutting regulations from Argentina during talks with Federico Sturzenegger , the Argentine minister of deregulation. Trump chose Musk and Vivek Ramaswamy , a former Republican candidate for president and pharmaceutical entrepreneur, to head a new government-efficiency department.\n\nStill, Milei and Trump diverge on important policies. Milei has been Latin America’s strongest supporter of Ukraine since Russia’s invasion, and Ukrainian President Volodymyr Zelensky traveled to Buenos Aires for Milei’s inauguration. Trump, on the other hand, has blamed Zelensky for the invasion, and Vice President-Elect JD Vance has opposed continued American military assistance to Kyiv.\n\nMilei is also a staunch capitalist who supports free trade and opposes tariffs, while Trump has pledged higher tariffs that could spark a trade war with China. That could undermine the economies of emerging markets, including Argentina, economists say.\n\n“He thinks that he’s going to benefit with Trump’s victory,” said Sergio Berensztein, a political analyst in Buenos Aires. “But a more closed global economy won’t benefit Argentina.”\n\nMilei, though, has said he would try to convince Trump to sign a free trade deal with Argentina after taking office.\n\n“I believe we must unite to face this barbarism and form an alliance of nations, establishing new political ties,” Milei said at Mar-a-Lago.\n\nWrite to Ryan Dubé at ryan.dube@wsj.com\n\nThe Trump Transition Insights on the outlook for business, policy and the economy under Trump, selected by the editors Who’s Who in Trump’s Cabinet",
    "published": "2024-11-18"
  },
  {
    "source": "WSJ",
    "title": "Japan Exports Rebound But Outlook Remains Cloudy After Trump Re-Election",
    "summary": "A slowdown in free trade globally could slow the pace of rate hikes by the BOJ",
    "link": "https://www.wsj.com/economy/trade/japan-exports-rebounded-in-october-on-china-shipment-recovery-90eaa927?mod=Searchresults_pos1&page=105",
    "content": "Containers on a container ship at the Honmoku pier in Yokohama, Japan. Japan posted a trade deficit of 461.2 billion yen, marking the fourth consecutive monthly shortfall.\n\nTOKYO—Japan’s exports rebounded in October as shipments to China recovered but there are doubts if exports will keep strengthening amid uncertainties surrounding the global economy and U.S. trade policy.\n\n“Looking ahead, exports are unlikely to play the role of an engine for the [Japanese] economy anytime soon as the slowdown in overseas economies is expected to continue,” said NLI Research Institute economist Taro Saito.\n\nExports rose 3.1% in October from a year earlier thanks to demand for chip-making machines and pharmaceuticals, Ministry of Finance data showed Wednesday. That compared with a 1.7% drop in September. Economists polled by data provider FactSet had forecast a 3.9% increase.\n\nAlthough overall exports recovered, there were mixed signals in the details.\n\nShipments to China rose 1.5% on year after September’s 7.3% decline. However, exports to the U.S. fell 6.2%, and those to Europe dropped 11.3%.\n\nThough exports were supported by the weak yen, which boosts their value, the trade balance was pressured lower as import costs rose. Japan posted its fourth-straight monthly trade deficit with an October gap of 461.2 billion yen, equivalent to $2.98 billion, the finance ministry data showed.\n\nThe currency depreciated to near 156.75 yen against the dollar last week, compared with an average of 145.87 yen in October.\n\n“Although exports will eventually recover, aided by a weak yen, global political uncertainty constrains the outlook in the medium term,” said Moody’s Analytics economist Stefan Angrick.\n\n“Donald Trump’s re-election as U.S. president suggests a tumultuous period ahead, as higher U.S. tariffs and fresh U.S.-China trade frictions could impair the smooth flow of goods and the functioning of supply chains,” he warned.\n\nAny slowdown in free trade globally could slow the pace of rate increases by the Japanese central bank.\n\nBank of Japan Gov. Kazuo Ueda in his speech earlier this week said that one of the keys to the bank’s outlook was whether other economies managed to grow moderately. The governor has promised to keep raising interest rates if the central bank’s economic forecasts are realized.\n\nEconomists widely expect the BOJ to lift its policy rate again in December or January.\n\nWrite to Megumi Fujikawa at megumi.fujikawa@wsj.com",
    "published": "2024-11-18"
  },
  {
    "source": "WSJ",
    "title": "Can Trump’s Hardball Tactics on China Ease America’s Fentanyl Crisis?",
    "summary": "President-elect says he will punish China if it doesn’t choke off the flow of ingredients, but Beijing could balk if relations sour",
    "link": "https://www.wsj.com/world/china/china-trump-fentanyl-drug-crackdown-4eb4e058?mod=Searchresults_pos6&page=43",
    "content": "More than 107,000 people were estimated to have died from drug overdoses in the U.S. last year, most from fentanyl or similar drugs.\n\nBEIJING—Three days after Donald Trump won the presidency, China announced that, working with intelligence provided by the U.S., it had arrested a suspected longtime producer of chemicals used to make fentanyl. It was a modest gesture of goodwill by Beijing after intense pressure from Washington to crack down.\n\nFor the incoming administration, it was likely too little, too late.\n\nWhen Trump takes office in January, he promises to take a combative position with China over its role in the fentanyl crisis, ditching the Biden administration’s efforts at diplomacy and compromise. On the campaign trail, Trump vowed “to tariff the hell out of” China unless it helps to stop the flow of illicit drugs into the U.S.\n\nThe threat raises the stakes for China to shut down a supply chain that is enabling the underground production of fentanyl and other narcotics. But it also risks backfiring for the U.S. if China’s leader Xi Jinping concludes he can’t be seen as caving to pressure from Washington.\n\nBeijing’s thinking: “If we give in to the Americans on this, what will Donald Trump threaten us over with tariffs next?” said Scott Harold, a senior political scientist at the think tank Rand. “Xi Jinping doesn’t want to be shown to be weak.”\n\nThe Biden administration got Beijing to impose restrictions over the production and sale of three key chemicals used to make fentanyl. Photo: Cliff Owen/Associated Press\n\nGetting the strategy right carries big consequences for the new administration. More than 107,000 people were estimated to have died from drug overdoses in the U.S. last year, most from fentanyl or similar drugs known as synthetic opioids. That number has started to come down recently, and U.S. officials say that moves by China to more strictly regulate chemicals used to make such drugs would help further drive down fatalities.\n\nUnder Biden, U.S. officials have routinely fed intelligence to China about suspected precursor producers. As Biden and Xi sought warmer ties, U.S. officials urged Beijing to use the intelligence to go out and make arrests as a way to prove it was serious about cooperating.\n\nU.S. and Chinese officials have been using this nascent diplomatic channel focused on counternarcotics as a way to try to build more political trust between the two global powers.\n\nThe Biden administration’s diplomatic approach has achieved some success through its efforts to engage China, including getting Beijing to impose restrictions over the production and sale of three key chemicals used to make fentanyl this year after pushing hard for China to do so.\n\nTrump’s election will force Beijing to adjust to a sharper-edged posture. In this view, almost any action by China is part of an effort to undermine the U.S., and China’s role as one of the biggest producers of chemicals used to produce fentanyl is an act of sabotage, rather than the result of shoddy regulation.\n\n“Our biggest adversaries—China, Iran, even ISIS—are working with the cartels to infiltrate the U.S.,” Rep. Mike Waltz (R., Fla.), Trump’s incoming national security adviser, wrote on X in October.\n\nPresident Biden with China’s leader Xi Jinping in California last year. Photo: Associated Press\n\nThe recent announcement of arrests is one way Beijing is preparing for the fight ahead with Trump, sending a signal that it takes its counternarcotics responsibilities seriously. But Beijing has said American politicians want to make China a scapegoat for the U.S.’s own failings to treat the root causes of the drug crisis, and the threat of tariffs is unlikely to change that position.\n\nChina’s Foreign Ministry declined to comment on Trump’s threat of tariffs. But it said bilateral cooperation to date on counternarcotics hadn’t come easily, and that it hoped the U.S. would be willing to continue working with China to maintain momentum on the issue.\n\nThe Trump transition team didn’t respond to a request for comment.\n\nIn a meeting between Xi and Biden over the weekend, Xi said China wanted to cooperate with the U.S., including on counternarcotics, but that it would also stand firm in defending its interests.\n\nIn many ways, Trump’s strategy of linking fentanyl to tariffs seeks to replicate some of the success he achieved on the issue in his first term.\n\nWhen Donald Trump takes office in January, he promises to take a combative position with China over its role in the fentanyl crisis. Photo: Alex Brandon/Associated Press\n\nIn 2018, while negotiating over the countries’ trade battle, Trump got Xi to agree to impose stricter domestic regulations on fentanyl. Since then, Chinese-made fentanyl has largely dropped out of the illicit drug market, with production shifting to Mexico and other countries.\n\nThe problem has been that Chinese companies have continued producing the chemicals used to make the drug. Many such precursor chemicals haven’t been well regulated in China, with Beijing reluctant to impose onerous restrictions on domestic firms, especially when the country doesn’t have anywhere near the levels of fentanyl abuse seen in the U.S.\n\nChinese companies such as Hubei Aoks Bio-Tech began openly advertising online the chemicals to make fentanyl, U.S. prosecutors said in an indictment, selling their goods to customers in the U.S., Mexico and elsewhere.\n\nOne of the customers turned out to be an undercover U.S. agent.\n\nThe Justice Department said this month that the company’s founder Gao Xuening and several others working with it had been arrested in China. Chinese state media reported on Nov. 8 that intelligence sharing with the U.S. had helped crack the case.\n\nChina’s Ministry of Public Security didn’t respond to a request for comment and Gao couldn’t be reached for comment.\n\nChina was likely sending a signal to the U.S. that “we could do more of these if you play ball with us,” said Harold, the Rand expert. “We could do more of what you care about if you don’t start us off on the wrong foot and make it a hostile relationship.”\n\nNegotiations on the drug issue could prove trickier for Trump this time than in 2018. If China concludes that the new president intends to levy tariffs regardless of whether it helps the U.S. on fentanyl, Beijing will be less likely to help the U.S. by tightening precursor restrictions.\n\nSHARE YOUR THOUGHTS How should the U.S. address China’s role in the production of fentanyl? Join the conversation below.\n\nAn early test of Trump’s approach will come from how his administration handles a pending petition to the Office of the U.S. Trade Representative by families of fentanyl victims. They propose to collect $50 billion of new revenues for the U.S. from tariffs on Chinese imports, in addition to other measures that respond to China’s role in the crisis.\n\n“The Chinese government will do what is in its best interests,” said Nazak Nikakhtar, a former assistant secretary in the Commerce Department during the first Trump administration who is representing the families. “Asking them to change behavior is not going to work unless we have economic countermeasures.”\n\nThe Office of the U.S. Trade Representative said the petition is under review. If it moves ahead, a final determination would come during the Trump administration, potentially crossing the desk of Robert Lighthizer , an advocate of limiting China’s access to the U.S. market. Trump allies say he wants Lighthizer to serve as trade czar, an appointment that would advance Trump’s strategy of using tariffs against China and other countries.\n\nAdding fuel to the fire: Some prominent Democrats have signed on in support of the families’ petition, getting on board with linking fentanyl cooperation to tariffs against China.\n\n“Despite the U.S. government’s best efforts through diplomatic channels, it has become obvious that the PRC will not voluntarily crack down on its fentanyl producers and exports,” Tammy Baldwin (D., Wis.) wrote in a recent letter.\n\nWrite to Brian Spegele at Brian.Spegele@wsj.com",
    "published": "2024-11-18"
  },
  {
    "source": "WSJ",
    "title": "Four More Years of Trump May Make America Normal Again",
    "summary": "Our age of bizarre ideological conceits—climate-change alarmism, transgender ideology, immigration extremism—is reminiscent of ‘The Emperor’s New Clothes.’",
    "link": "https://www.wsj.com/opinion/four-more-years-of-trump-may-make-america-normal-again-border-climate-change-transgender-925d3ed2?mod=Searchresults_pos4&page=128",
    "content": "Donald Trump’s supporters and critics alike have called his election victory a revolution. He himself once promised it would mark a retribution. To me it has more the feeling of a revelation.\n\nIt’s an “Emperor’s New Clothes” event for America and perhaps for the rest of the West too, an overdue recognition and repudiation of the regime of oppressive insanities we have been subjected to for a decade or more.\n\nWe’re all familiar with the details of Hans Christian Andersen ’s moral parable: the unscrupulous tailors who trick a vain monarch into believing their empty work is a fashion innovation, the ambitious courtiers who go along with the fiction and vie with each other for the king’s favor, the crowds who silence their shock at the emperor’s nudity for fear of standing out from the rest, and the small boy who alone calls out the truth in the charade.\n\nFor a decade or more—yes, even when Republicans have been nominally in control—we have been led by peddlers of a set of ideas that have clothed our institutions and the country in social and political doctrines, fake claims and strictures that have inflicted untold harms.\n\nThe fancy new items of invisible attire that our nation’s rulers have made us wear for too long include these:\n\nThe idea that people who have stolen into this country illegally should be showered with all the rights and benefits of citizens, that it is immoral to deny them those rights, and that they should instead be treated as victims of persecution and given “sanctuary” in our crowded and fiscally strained cities.\n\nThe idea that a nation that sits atop one of the greatest reservoirs of natural energy resources on Earth should forcibly restrain itself from exploiting them to “save the planet” on the basis of politicized science, while other countries are free to do much more damage to the global environment.\n\nThe idea that after a century and a half of progress in expiating America’s original sin of racism and making the country more equal, we are suddenly obliged to believe that America is as oppressive as it was in 1619, and that the best way to right the past wrong of treating people based on the color of their skin is to treat people based on the color of their skin.\n\nThe idea that children should, without parental consultation or consent, be free to choose their “gender,” be assisted by the state in committing acts of self-mutilation to do so, and all on the understanding that we have repealed millennia of science and just discovered that there is no such thing as biological sex.\n\nThe idea that democracy and freedom are best protected by denying people the right to express certain views that the authorities deem “misinformation” and by weaponizing the law against political opponents lest they weaponize the law for political purposes.\n\nAmbitious elites in business and civil society went along with the fictions. Politicians on all sides, including Republicans, declined to dissent for fear of being called out. It took a man with some of the instincts of a child, a political ingénue lacking the sophistication to participate in the sham, to call the whole thing out for what it was.\n\nMuch of what Mr. Trump promises for his second term leaves me cold. I doubt, despite a shiny new Department of Government Efficiency, that we are on the brink of eliminating waste. I doubt that imposing tariffs on trillions of dollars of imports will do anything but depress domestic productivity and lower living standards for Americans. I doubt that installing oddballs in high office will result in anything other than mayhem and mischief.\n\nBut here’s what I am optimistic about: Four years from now, there’s a good chance that the nonsense we have had to endure will be buried, that important things will have become normal again.\n\nIt will have become normal to tell people who have no right to be here that they must leave, and that in the process people around the world will have been made to understand that they don’t have an automatic right to live in the freest and most prosperous country on earth.\n\nIt will have become normal for the nation to exploit its enormous energy advantages for its own economic benefit and know that the planet won’t explode as a result. It will have become normal again for children to be helped to respond to the inevitable strains and traumas of growing up not by having their genitals cut out, but by receiving loving guidance and care from family and society; that people will be judged on the basis of their talents and ability, not on their claims of oppression by ancestors six generations in the past, and it will not be automatically assumed that because you are white you should be punished for your supposed persecution of others. It will have become normal to be able to say what you think—on university campuses, in the media, on technology platforms—however unpalatable some people may find it.\n\nAnd that, to my mind, is progress.\n\nFree Expression: If punishing the Democratic Party means rewarding Donald Trump, that’s a bargain the voters may prove willing to strike. Photo: AP Photo/Evan Vucci",
    "published": "2024-11-18"
  },
  {
    "source": "WSJ",
    "title": "A Wistful Biden Says Goodbye in a Closing Appearance on the World Stage",
    "summary": "His valedictory visit to G-20 summit in South America marks an end to an era as other leaders look ahead to a Trump presidency",
    "link": "https://www.wsj.com/politics/policy/a-wistful-biden-says-goodbye-in-a-closing-appearance-on-the-world-stage-1ea9483f?mod=Searchresults_pos15&page=142",
    "content": "RIO DE JANEIRO—After defeating Donald Trump four years ago, President Biden declared at his first summit “America is back.” Now as he attends a final pair of gatherings with world leaders in South America, Trump is back and Biden is fading into the background.\n\nWith just over two months left in his administration, Biden’s six-day trip has featured wistful reminiscences and attempts to highlight accomplishments that White House officials fear are in danger of being forgotten or erased.\n\n“It is no secret that I’m leaving office in January,” he said Sunday in a stop deep in the sweltering Brazilian rainforest as his security officers swatted away bugs. “I will leave my successor and my country a strong foundation to build on, if they choose to do so.”\n\nThe president attended the summit of the Group of 20 advanced and developing economies in Rio de Janeiro on Monday after starting the trip last week at the Asia-Pacific Economic Cooperation summit in Lima, Peru. He is scheduled to go to Angola in early December, his final planned foreign trip.\n\nBiden noted that he was addressing other G-20 leaders for the last time. “We’ve made progress together but I urge you to keep going and I’m sure you will, regardless of my urging or not,” he said Monday morning.\n\nNewsletter Sign-up WSJ Politics & Policy Scoops, analysis and insights driving Washington from the WSJ's D.C. bureau. Preview Subscribed\n\nThe meetings are a chance for Biden to say goodbye to leaders from about 30 foreign countries, some he has known for half a century, starting in 1975 when he secured a seat on the Senate Foreign Relations Committee.\n\nWhite House officials declined to reveal much about the president’s mood, other than to acknowledge that Trump’s victory over Vice President Kamala Harris was “disappointing” to him. Joining him was his daughter, Ashley, and granddaughter, Natalie, as well as former Connecticut Sen. Chris Dodd , a longtime friend, who joined parts of the trip.\n\nThe end of Biden’s term marks a larger shift for U.S. foreign policy, away from American leadership over a rules-based international order to the more transactional approach to relations that is favored by the incoming president, analysts said. Trump campaigned on increasing import tariffs and on shrinking America’s overseas role.\n\n“His leaving the scene is really the end of an era,” said Ivo H. Daalder , a former U.S. ambassador to the North Atlantic Treaty Organization under the Obama administration. “The core essence of America’s post-1945 foreign policy is over. It is gone. Biden was the end of it.”\n\nOn Sunday, Biden flew by helicopter over the Amazon rainforest, viewing areas damaged by wildfires and erosion. Amid swarms of bugs, termite nests and macaws calling overhead, he walked through the Museu da Amazônia, an expansive area of trails flanked by towering native trees and a pond with six-foot-wide lily pads.\n\nPresident Biden met with world leaders at the Asia-Pacific Economic Cooperation summit in Lima, Peru, last week. Photo: leah millis/Reuters\n\n“The fight against climate change has been a defining cause of my presidency,” Biden said to reporters.\n\nBut the visit also highlighted Biden’s unfinished agenda. Early in his administration, the White House promised to provide $500 million over five years for Brazil’s Amazon Fund, which seeks to protect millions of acres of forest. But the U.S. has only given $100 million, including $50 million announced Sunday.\n\n“Who knows,” a senior White House official said Sunday when asked whether Trump would provide the remaining $400 million. “Maybe he’ll come down here and see the forest and see the damage being done and change his mind about climate change.”\n\nBiden touched down in Manaus, the same Amazon city that Theodore Roosevelt visited in a canoe expedition after an electoral defeat in the 1912 presidential election. His third-party run left him unpopular in his former Republican Party, paralleling criticism Biden has faced from Democrats for not stepping aside earlier.\n\nBiden made few direct references to Trump or potential policy shifts. He ignored questions about his successor shouted by reporters.\n\n“Not only is he a lame duck, but a super lame duck because his successor is going to have very different policies than he is,” said Erin Murphy, of the Center for Strategic and International Studies.\n\nSHARE YOUR THOUGHTS What do you think will be President Biden’s most important foreign-policy legacy? Join the conversation below.\n\nWhen Biden met Friday with South Korean President Yoon Suk Yeol and Japanese Prime Minister Shigeru Ishiba , he referred to his administration’s effort to build stronger ties between Seoul and Tokyo. “This is likely to be my last trilateral meeting with this important group,” Biden said. “I think it is built to last.”\n\nSecretary of State Antony Blinken , who joined Biden in Lima, assured his Japanese counterparts that Sen. Marco Rubio (R., Fla.), Trump’s choice to replace him at the State Department, is a “good guy” whom the Japanese can rely on, according to a Japanese official. A spokesman for Blinken declined to comment.\n\nWhen Biden sat across a conference room table from China’s Xi Jinping Saturday—likely the last time the two are to meet as leaders—Biden twice said “let me close with this” before shifting to a reminiscence about their decadelong relationship, now nearing its end.\n\nWrite to Annie Linskey at annie.linskey@wsj.com and Samantha Pearson at samantha.pearson@wsj.com",
    "published": "2024-11-18"
  },
  {
    "source": "WSJ",
    "title": "Eurozone Trade Surplus Rises on Jump in Exports to U.S.",
    "summary": "Exports climbed 8.9% on year in September for the EU as a whole, but the threat of U.S. tariffs looms",
    "link": "https://www.wsj.com/economy/trade/eurozone-trade-surplus-rises-on-jump-in-exports-to-u-s-9f3d5673?mod=Searchresults_pos10&page=13",
    "content": "The Duisburg Intermodal Terminal in Germany. The eurozone’s trade surplus climbed in September on year.\n\nEconomists predict that tariffs could lead to increased inflation, which the European Central Bank may address with higher interest rates.\n\nExports from the eurozone to the U.S. rose 8.9% in September, potentially driven by firms seeking to secure orders before tariffs take effect.\n\nThe eurozone's trade surplus increased in September due to higher exports to the U.S., despite concerns over potential tariffs.\n\nThe eurozone’s trade surplus climbed in September on year, with exports to the U.S. growing as the threat of tariffs proposed by U.S. President-elect Donald Trump looms large.\n\nThe eurozone trade surplus in goods with the rest of the world increased to 12.5 billion euros ($13.18 billion) in September, up from the 9.8 billion euros in September 2023, unadjusted figures from the European Union’s data agency said Monday.\n\nOn a seasonally adjusted basis, exports increased by 0.4%, and imports decreased by 0.8% compared with August this year, Eurostat said. Exports of machinery and vehicles rose, while energy imports edged lower.\n\nFor the European Union as a whole, exports to the U.S. jumped 8.9% on year in September, much of which could be threatened should Trump stamp 10% or 20% tariffs on goods imports, as he proposed during his presidential campaign.\n\nHowever, some economists expect an uptick in imports to the U.S. from the EU ahead of implementation of any proposed tariffs as firms look to guarantee orders before they come into effect.\n\nThe president of Germany’s central bank, Joachim Nagel , said earlier Monday that tariffs would mark a turning point in global trade and lead to increased inflation, which could be dealt with using higher European Central Bank interest rates.\n\nAdvertisement\n\nWrite to Ed Frankl at edward.frankl@wsj.com",
    "published": "2024-11-18"
  },
  {
    "source": "WSJ",
    "title": "Maybe Europe Needs Trump",
    "summary": "Tough love from the U.S. could spur the Continent to deal with problems on its own.",
    "link": "https://www.wsj.com/opinion/maybe-europe-needs-trump-tough-love-from-the-us-could-spur-the-continent-to-deal-with-its-problems-5d597a8a?mod=Searchresults_pos18&page=14",
    "content": "It’s been another tough year for our European friends. As mobs stormed through the streets of Amsterdam baying for Jewish blood in one of the most shocking European pogroms since the Nazi era, French statisticians reported that 2023 saw the fewest live births in France in any year since World War II. Economies have stagnated across the eurozone, India is poised to leapfrog Germany and become the world’s third-largest economy, China’s surging exports threaten key European industries, and Europe’s struggling tech companies are falling further behind their American, Chinese, Indian and Israeli competitors.\n\nThe Continent’s security situation is equally dire. As North Korean forces gear up for battle in Ukraine, the fragile Western consensus over Ukraine policy has collapsed. German Chancellor Olaf Scholz , presumably fishing for votes in the coming election, broke ranks with his European colleagues to make a phone call to Russian President Vladimir Putin. The response wasn’t propitious. Since the chancellor and the president ended their chat, Russia has dramatically escalated its missile attacks on Ukraine. Isolating Germany further, on the other side of the Atlantic the Biden administration relaxed restrictions on Ukraine’s use of long-range missiles to attack targets deep inside Russia.\n\nTo make matters worse, Europe will be the biggest loser from Donald Trump’s return to the White House. Whether the topic is security, trade, tech or climate change, Mr. Trump’s approach is almost diametrically opposed to European hopes and plans. The president-elect’s planned tariffs will hit important European companies in the bottom line. European diplomats at this week’s Group of 20 summit in Rio de Janeiro are grieving the likely demise of the global taxation regime designed to allow governments to collect more revenue from multinational corporations. At the COP29 climate-change conference in Azerbaijan, European diplomats (and their lame-duck counterparts from Team Biden) could only wring their hands as they contemplated what will become of the Paris Agreement when President-elect Trump returns to power. Any attempts by the European Union to impose “green tariffs” on U.S. goods are likely to elicit a strong reaction, and while Mr. Trump has had his problems with Silicon Valley tech lords, he is unlikely to sympathize with European efforts to collect multibillion-dollar fines against U.S.-based companies.\n\nEuropeans will blame Mr. Trump’s brashness, his embrace of protectionism and his climate denialism for the troubles about to hit the trans-Atlantic relationship. They won’t be entirely wrong. But the root cause is deeper. The EU has failed to build an economy, tech industry, political system or security strategy that is adequate to the demands of the 21st century. It’s not only Mr. Trump’s America that is less deferential to European wishes these days. Turkey, China, India, Russia, Israel, Saudi Arabia—nobody cares as much about European interests as they used to. To much of the world, Europe seems less a model to emulate than an example of what not to do. As the Indo-Pacific emerges as the critical theater in world politics and economics, neither the European Union nor any single European country plays a significant role in the region’s affairs.\n\nAlthough many Americans, especially on the right, enjoy gloating over Europe’s problems, we need to understand that Europe’s decline is a problem for the U.S. It’s in America’s interest for Europe to succeed. When George Marshall , Dean Acheson and Harry Truman promoted European recovery and integration after World War II, they hoped that their work would result in a strong Europe that could stand on its own two feet. They wanted a rich and dynamic Europe that would be a growing market for American goods, a strong partner in the defense of international peace, and a compelling example of peaceful, democratic success.\n\nThat’s not where the Continent is headed today, and European fragility is a significant factor in the developing world crisis. It’s easy to blame Europeans for these failures, and most of the responsibility for Europe’s choices rests on the policymakers who made them. But Americans too need to reflect. Is the fecklessness of most countries’ security policy a consequence of an American security blanket that spared them the necessity of making hard choices? Have we been too much of a helicopter parent—for example, by intervening in Kosovo in 1999 rather than forcing Europeans to deal with major issues in their region on their own?\n\nIn France particularly, there are Europeans who are almost looking forward to tense trans-Atlantic relations under President Trump. They say Europe will never grow up to be a serious actor in international affairs unless the Americans stand back. The coming Trump presidency will, they hope, be the kind of wake-up call that finally makes even the Germans think realistically about the dangers Europe faces.\n\nThe French could be right. Some Trumpian tough love may be exactly what Europe needs.\n\nFree Expression: By exaggerating our woes for partisan reasons, politicians on both sides of the aisle threaten to squander America's enduring global superiority. Photo: Shen Hong/Xinhua via ZUMA Press/AFP via Getty Images",
    "published": "2024-11-18"
  },
  {
    "source": "WSJ",
    "title": "Now That Harris Has Lost, Let Israel Win",
    "summary": "Biden’s decision to block weapons shipments to the Jewish state was a military and political failure.",
    "link": "https://www.wsj.com/opinion/now-that-harris-has-lost-let-israel-win-hamas-hezbollah-weapons-biden-blocks-shipments-0fd7c482?mod=Searchresults_pos6&page=97",
    "content": "For months the Biden-Harris administration has sought to restrain Israeli military operations by blocking or delaying the delivery of weapons—far more weapons than has been reported. This policy has failed, and with the election over, it’s time to reverse it.\n\nIt is widely known that the White House has blocked the delivery of 2,000-pound MK-84 bombs to Israel, despite Congress’s approving their transfer. But Israeli officials have told us that the list of affected weapons is far more extensive. They told us that the Defense Department is slowing the delivery of thousands of 1,000-pound MK-83 bombs, 500-pound MK-82 bombs, and the Joint Direct Attack Munition kits that convert those bombs into precision-guided munitions. The State Department’s slow approval process has also stalled thousands of Hellfire missiles, tank and mortar shells and more than 100 armored bulldozers. Israel has requested expedited purchase of Apache helicopters, which the Defense Department has yet to approve.\n\nSome of these delays may be for legitimate reasons—such as U.S. shortages—but others are intentional. The Biden administration has drawn from the Obama playbook, using bureaucratic processes to avoid or slow delivery of weapons without technically blocking them. During the 2014 war in Gaza, President Obama delayed but didn’t block the transfer of Hellfire missiles and other munitions to Israel to restrain its military operations.\n\nAlthough President Biden has helped Israel defend itself—deploying U.S. military assets, which have helped shoot down Iranian projectiles—he has held back from helping Israel win. Israel seeks to dismantle Hamas, degrade Hezbollah and defang Tehran’s nuclear program. The Biden administration by contrast has sought to end the war immediately, for political expedience and out of strategic shortsightedness.\n\nThe politics of withholding weapons has failed. Mr. Biden and Kamala Harris seemed to think they could win Michigan, with its ample Arab-American population, by being tough on Israel. Ms. Harris lost Michigan to Donald Trump and did especially badly in the Arab-majority city of Dearborn, a hotbed of anti-Israel sentiment. The administration’s policy toward Israel may have contributed to Ms. Harris’s loss in Pennsylvania, where far more Jews voted for Mr. Trump than in 2020.\n\nThe policy also backfired on the war front. Delaying weapons to Israel has dragged out the war, worsening humanitarian conditions and undercutting U.S. interests.\n\nIn its inevitable confrontation with Hezbollah, the Israeli air force planned to hit 3,000 targets a day to degrade the Iranian proxy’s capabilities within a week. Instead, Israel’s lightning successes against Hezbollah in September slowed by the first week of October partly owing to insufficient U.S. weapons deliveries. Israel is conducting roughly 1,000 strikes a week, and its operations in Lebanon are entering their ninth week. Fewer airstrikes forced Israel to conduct more ground operations than planned to destroy Hezbollah’s infrastructure. In Gaza, targets that might have been hit by artillery or from the air now require ground troops to clear. The result is more casualties among Israelis, Lebanese and Gazans.\n\nA well-armed Israel could press Hezbollah to agree to proper cease-fire terms. And even though major operations have mostly ended in Gaza, Israel still needs American weapons in case that theater reignites.\n\nIsrael also needs to be fully armed to take the fight to Iran—to retaliate if the regime strikes again, or to attack its increasingly dangerous nuclear program. If Israel crushes the Iranian axis, it would be a boon for U.S. interests. Iran and its proxies kill America’s troops, plot to assassinate its politicians and civilians, and meddle in its elections. Tehran’s nuclear program remains one of America’s greatest strategic threats.\n\nMr. Trump seems to understand this. In October he criticized Mr. Biden for dissuading Israel from retaliating for an Iranian attack by hitting Iranian nuclear facilities: “The answer should have been to hit the nuclear first and worry about the rest later.” The new administration will likely unblock the delivery of weapons if Mr. Biden doesn’t.\n\nPerhaps the expiration date of Mr. Biden’s policy is already dawning on the president. The State Department last week determined that it won’t carry out its threat made in a letter to Jerusalem last month to improve humanitarian conditions in the Gaza Strip or else be subject to an arms embargo. The administration should now go a step further: providing Israel with the weapons it needs to defeat the Iranian axis that threatens the free world.\n\nMessrs. Makovsky and Misztal are, respectively, president and vice president of policy for the Jewish Institute for National Security of America.\n\nWSJ Opinion Docs: This 20 minute film sheds light on the worst antisemitic riot in American history, which occurred in Crown Heights, Brooklyn, in 1991. The current wave of antisemitism makes these events newly relevant and worthy of reconsideration. Photo: John Roca/NY Daily News Archive via Getty Images",
    "published": "2024-11-18"
  },
  {
    "source": "WSJ",
    "title": "It Takes Two to Find Inefficiency in Government",
    "summary": "How long will it take before Elon Musk’s DOGE gets big enough to replace whatever bloated agency it gets rid of?",
    "link": "https://www.wsj.com/opinion/elon-musk-doge-vivek-takes-two-inefficiency-government-ca9e7efd?mod=Searchresults_pos14&page=165",
    "content": "Entrepreneur Vivek Ramaswamy speaks during the fourth Republican presidential primary debate in Tuscaloosa, Ala., Dec. 6, 2023. Photo: jim watson/Agence France-Presse/Getty Images\n\nPresident-elect Donald Trump appointed Elon Musk and Vivek Ramaswamy , two self-made, private-sector billionaires, as co-heads of his Department of Government Efficiency. But why do we need both of them? (“Elon and Vivek Can Make Government Work Again” by Philip Howard , op-ed, Nov. 14).\n\nSince Mr. Trump apparently believes that neither Mr. Musk nor Mr. Ramaswamy should lead the project alone, perhaps he should have looked for a more suitable leader to take the entirety of this one job, and not on a part-time basis. If the rest of the federal government followed Mr. Trump’s lead, every job would be staffed by two people and we’d have to hire another three million federal employees.",
    "published": "2024-11-18"
  },
  {
    "source": "WSJ",
    "title": "Exclusive | Charlesbank Acquires Economic Analysis Software Provider Implan",
    "summary": "The more than $100 million deal marks an exit for private-equity firm Boathouse Capital, which backed Implan in 2013",
    "link": "https://www.wsj.com/articles/charlesbank-acquires-economic-analysis-software-provider-implan-539f51c3?mod=Searchresults_pos14&page=67",
    "content": "Employees of software maker Implan Group helped with hurricane relief efforts during the company’s annual retreat.\n\nCharlesbank Capital Partners has acquired software maker Implan Group, whose data analytics applications power research and impact models on a variety of issues, from the economic toll of California wildfires to the boom in small breweries.\n\nThe Boston firm’s more than $100 million investment to buy a controlling stake in Implan came from its nearly $1.28 billion tech-focused fund, used to back companies valued at as much as about $400 million, including debt, said Mayur Desai , the Charlesbank managing director who led the Implan deal.\n\nMore than a quarter of the fund’s money has been deployed including in the Implan investment, according to a person familiar with the matter.\n\nInvestment firm Boathouse Capital exited its 2013 investment in Implan through the deal.\n\nThe Implan deal is one of the auction sales that accelerated over the summer. In Implan’s case, the first bids for the Huntersville, N.C., company came in after Labor Day and the deal was wrapped up over the following few months.\n\nImplan works as a nonpartisan, behind-the-scenes partner with customers to help inform their actions with quantitative and objective data points, said Chief Executive Justin Helmig.\n\n“We want to provide our clients, whether they’re private sector or government, with the intelligence they need to make the best decisions,” he said.\n\nMayur Desai, managing director at Charlesbank Capital Partners Photo: Charlesbank Capital Partners\n\nImplan’s profitable subscription-based business has expanded revenue at a rate of more than 35% annually for the past three years, according to Helmig and Desai.\n\nFrom simplifying tax-credit applications to measuring the impact that tourism has on a local economy or that climate change has on a specific region or industry, part of Implan’s pitch is that its software makes customized analysis broadly accessible.\n\nDemand for data and analytics applications has increased with companies and government organizations trying to navigate fast-moving markets and rapidly evolving policy, Desai said. Implan’s applications and data sets help its clients evaluate options and communicate what they are doing and why, he added.\n\nWhile government agencies, from local to the federal level, have been early adopters of Implan’s impact modeling software, corporate customers that often don’t have economists on staff account for one of the company’s biggest market opportunities, Desai and Helmig said.\n\nImplan traces its roots to a computer model—also called Implan, short for impact analysis for planning—developed by the U.S. Forest Service and updated for many years by researchers connected to the University of Minnesota. Founders Scott Lindall and Doug Olson launched Minnesota Implan Group, which was an outgrowth of their work at the school, in 1993 as a private company.\n\nNewsletter Sign-up Private Equity Private Equity news, analysis and insights from WSJ's global team of reporters and editors. SUBSCRIBE\n\nToday, Implan’s customers range from large publicly traded companies such as financial services firm Bank of America and short-term rental company Airbnb to government agencies including the Interior Department and schools such as Purdue University and Michigan State University.\n\nDuring Boathouse’s investment period, Implan relocated to its current suburban Charlotte, N.C., location and added application programming interfaces, or APIs, that let third-party developers access Implan data sets securely for re-use.\n\nIn addition, the company started building out international data sets primarily responding to the needs of U.S.-based multinational companies, Helmig said.\n\nWith Charlesbank’s acquisition, Implan is pursuing international expansion, including through acquisitions, Helmig said.\n\nEven before the investment, the company had been increasing its sales team over the past several years, which now numbers 14, up from three, he said.\n\n“There was just…too few people with too much opportunity,” he said. Even with 14, he added, “I still think there’s too few people with too much opportunity.”\n\nWrite to Maria Armental at maria.armental@wsj.com",
    "published": "2024-11-18"
  },
  {
    "source": "WSJ",
    "title": "wsj.com",
    "summary": "",
    "link": "https://www.wsj.com/opinion/tulsi-gabbard-director-of-national-intelligence-donald-trump-foreign-policy-iran-russia-d64085dc?mod=Searchresults_pos2&page=111",
    "content": "",
    "published": "2024-11-18"
  },
  {
    "source": "WSJ",
    "title": "wsj.com",
    "summary": "",
    "link": "https://www.wsj.com/business/autos/trump-auto-business-car-sales-126eb40c?mod=Searchresults_pos15&page=143",
    "content": "",
    "published": "2024-11-18"
  }
]