[
  {
    "source": "WSJ",
    "title": "Bob Casey Plays the Trump Card",
    "summary": "The Democrat from Pennsylvania finds himself in the fight of his political life.",
    "link": "https://www.wsj.com/opinion/bob-casey-plays-the-trump-card-pennsylvania-senate-race-presidential-campaign-bd0593f8?mod=Searchresults_pos6&page=127",
    "content": "A week from the election, we have bipartisan consensus on two points regarding Pennsylvania.\n\nThe first is that the presidential contest is way too close to call. The second is that only one contender has coattails. Both candidates for Senate—Republican challenger Dave McCormick and Democratic incumbent Bob Casey—agree on who that is: Donald Trump.\n\nThat Mr. McCormick would hitch his wagon to Mr. Trump is no surprise. But Mr. Casey is also wrapping his arms around the former president as a means of boosting his credibility. He’s doing this even as Kamala Harris is denouncing Mr. Trump as a “fascist” and Hillary Clinton is likening his Sunday rally at Madison Square Garden to a 1939 gathering sponsored by the pro-Nazi German American Bund.\n\nNor is Mr. Casey the only Democrat running for Senate who’s decided that the winning strategy is to distance himself from Ms. Harris and embrace his inner Trump. Wisconsin’s Tammy Baldwin and Michigan’s Elissa Slotkin are among those who have made similar moves.\n\nIn a post on Truth Social, the former president accepted the “great compliment” but called their alleged support fake: “Kamala Harris’ sinking Campaign has become so TOXIC, that Democrat Senators in four different States are using me in their advertisements, and stating that they are with President Trump on Tariffs, and numerous other things. While it is a great compliment, it is not fair to those Republican Senate Candidates, Bernie Moreno , Dave McCormick, Eric Hovde , and Sam Brown , who are with me all the time. These Democrats have voted with Crooked Joe Biden almost 100% of the time. They only pretend to be on my side when Elections roll around.”\n\nThe Biden presidency’s unpopular record—the rise of inflation, the insecure southern border, the humiliation in Afghanistan—means that to win, Ms. Harris has to distance herself from the administration she continues to serve as vice president. At this she has been awful.\n\nThe result is that down-ballot Democrats in tight races are now disassociating themselves from her. For the three-term Sen. Casey, this translates into contradictory messaging. On the one hand, he runs an ad touting his support for Mr. Trump on some policies to boost his credibility. On the other, he does so while calling Mr. Trump a “threat to our democracy.”\n\nOn top of this there’s the Biden factor. Forcing the president off the ticket may have been an overall plus for the Democrats’ chances on Nov. 5. But probably not in Pennsylvania, where Ms. Harris’s San Francisco progressivism is a harder sell to blue-collar Catholics. That’s one reason Mr. Biden, with his Scranton roots, eked out a win in 2020.\n\nThese developments have proved a boon for the McCormick campaign. Two months ago, he was down 8 or 9 points. Today he trails Mr. Casey by only 1.4 points in the RealClearPolitics polling average. The better Mr. Trump does, the better for Mr. McCormick. To put it another way, Pennsylvania in the final week of the 2024 election has upset what was a common assumption at the beginning of the year: that Republicans would have to distance themselves from Mr. Trump to have any hope of winning.\n\nThis campaign also marks a big change on the Republican side from 2022, when Mr. Trump passed over Mr. McCormick to endorse TV personality Mehmet Oz for the GOP nomination. The Oz campaign was a train wreck, and John Fetterman flipped the Senate seat from red to blue. This time Mr. Trump, who prefers winners, has been supportive of Mr. McCormick. In a Sunday New York Times story headlined “John Fetterman Fears Trump Is Stronger Than Ever,” Sen. Fetterman says that the level and intensity of support for Mr. Trump is “astonishing.”\n\nIf Ms. Harris wins Pennsylvania, it will be because Mr. Casey retained enough popularity to drag her across the finish line. But Mr. McCormick’s campaign against him—as another weak, out-of-touch career politician—is giving Mr. Casey a real fight. At the outset of the race, a member of the McCormick campaign says, Mr. Casey was a blank slate with no real negatives.\n\nMr. McCormick has used this campaign to define Mr. Casey, pointing to his flip-flops on issues such as abortion and guns. Ms. Harris has her flip-flops too. But whereas she flips to the right, Mr. Casey (like Mr. Biden) flops to the left—while painting himself as independent.\n\nIn his successful run for Senate in 2006, Mr. Casey attacked incumbent Sen. Rick Santorum for voting with President Bush 98% of the time. Today it’s Mr. McCormick driving home the point that Mr. Casey has voted with President Biden 98% of the time. The irony is that Mr. Casey’s answer to this attack is to grab onto Hitler’s—er, Donald Trump’s—coattails.\n\nWrite to mcgurn@wsj.com.\n\nWonder Land: Democratic Senate candidates, including Bob Casey, Tammy Baldwin, Jon Tester, Elissa Slotkin and Sherrod Brown are drifting into Trumpian MAGA land. Photo: Composite: Mark Kelly",
    "published": "2024-10-28"
  },
  {
    "source": "WSJ",
    "title": "Will Free Trade Bring Peace and Prosperity?",
    "summary": "History affords us many counterexamples to the “capitalist peace” hypothesis.",
    "link": "https://www.wsj.com/opinion/will-free-trade-bring-peace-and-prosperity-rand-paul-trump-tariffs-f17b1fa4?mod=Searchresults_pos2&page=40",
    "content": "Port activity in Shanghai, Oct. 18. Photo: Cfoto/Zuma Press\n\nSen. Rand Paul rightly extols the wealth-creating effects of free trade (“Trump’s Tariffs Won’t Bring Us Peace and Prosperity,” op-ed, Oct. 24). Yet he exaggerates its ability to promote harmony among nations. At best, international commerce is a marginal deterrent to hostilities. At worst, it can exacerbate them.\n\nHistory affords us many counterexamples to the “capitalist peace” hypothesis. Anyone who’s read Thucydides knows political and commercial power reinforced the imperial ambitions of ancient Athens. Europe’s economic integration didn’t stop the cataclysm of World War I, and America’s reliance on Chinese imports makes the Beijing more belligerent, not less.",
    "published": "2024-10-28"
  },
  {
    "source": "WSJ",
    "title": "The Battle for Red Nebraska’s ‘Blue Dot’",
    "summary": "Moderate Republican Rep. Don Bacon defends his seat in a district Kamala Harris is likely to carry.",
    "link": "https://www.wsj.com/opinion/the-battle-for-red-nebraskas-blue-dot-republican-tight-house-race-bipartisan-moderate-e665faa1?mod=Searchresults_pos2&page=11",
    "content": "Omaha, Neb.\n\nWho says bipartisanship is dead? Democrat Ann Ashford recently endorsed Republican Rep. Don Bacon , who in 2016 beat her late husband, Brad Ashford, in Nebraska’s Second Congressional District. “The reason I’ve endorsed Don is because character is more important than party,” Ms. Ashford said in a radio interview. “I will be a proud Harris-Bacon voter.”\n\nMr. Bacon will need a lot of ticket splitters to hold on to his seat in a district that handed Joe Biden its electoral vote in 2020. (Since 1992 Nebraska has allocated three of its electors by congressional district. A measure to revert to winner-take-all died last month in the state Legislature.) Polls show Kamala Harris 5 to 11 points ahead in the district, which was redrawn for 2022 to make it more Republican.\n\nMr. Bacon, 61, is a retired Air Force brigadier general with a moderate-to-conservative voting record. He faces Democrat Tony Vargas, 40, who narrowly lost in 2022. Mr. Vargas is a former public-school teacher who has been a member of the nation’s only one-chamber state legislature since 2017. With the U.S. House closely divided, every race counts.\n\nNebraska is solidly Republican statewide, largely rural and politically red, but the Second District swings: Barack Obama also carried it in 2008. It includes Nebraska’s most populous city, Omaha. Here as elsewhere, voters are most concerned about the economy, immigration and abortion.\n\nMr. Bacon wants to extend the 2017 Tax Cuts and Jobs Act, create a bipartisan debt commission, and rein in government spending. “I opposed a lot of the spending that triggered the inflation,” he says. Mr. Vargas says he’ll “put more money back in people’s pockets” by cutting taxes for the middle class, lowering the cost of prescription drugs and requiring companies to offer employees paid family leave. “There is no more important topic than the economy,” said Julian Young, 39, a North Omaha entrepreneur who says he is politically independent. “It’s not political. It’s that I know Don Bacon’s track record and experience. I think Vargas is nice, but Don is more equipped.”\n\nDemocratic House candidate Tony Vargas speaks at a canvassing event in Omaha, Neb., Oct. 20. Photo: Sierra McClain\n\nMr. Bacon wants to secure the border, hire more border-patrol officers and reinstate Remain in Mexico, the Trump administration policy that required asylum seekers to wait in Mexico for their U.S. hearings. He supports a pathway to citizenship for aliens who were brought to the U.S. illegally as children but not for those who entered the country illegally as adults. Mr. Vargas said in an interview that he supports “an earned pathway to citizenship” for law-abiding aliens who pay their taxes. He also says “we have to address border security” and he would have supported the Senate border bill that Republicans dropped earlier this year after Mr. Trump came out against it.\n\nTwo competing abortion measures will be on the ballot next week: Initiative 439 would establish a right to abortion until fetal viability, while Initiative 434 would prohibit abortions after the first trimester (with exceptions for rape, incest and medical emergencies). Mr. Vargas supports the former, Mr. Bacon the latter. The congressman says he’d vote for a federal ban on most late-term abortions, but considers it a moot point since it wouldn’t get 60 votes in the Senate. Mr. Vargas wants to codify Roe v. Wade in a federal statute. Voters, unsurprisingly, are split: “I’m team Bacon for sure. Vargas is too pro-abortion for me,” said Sara Vogltanz, 57, of Omaha. Emily Madden, 24, also of Omaha, said: “It’s really scary to be in a time when access is denied.”\n\nMr. Bacon has opposed allowing transgender-identifying boys to compete in girls’ sports. “Biological men should not play women’s sports,” he says. “It’s not fair.” He also opposes transgender surgery for minors. Mr. Vargas voted against advancing a state bill that would have barred transgender students from opposite-sex rest rooms and sports teams in public schools. He also voted against a bill banning “gender-altering procedures” for minors.\n\nMr. Vargas has voted to increase funding and benefits for law enforcement. “This is a priority for me,” he says. But he also backed legislation that would have allowed early parole for prison inmates and voted to advance a proposal that would have eliminated mandatory minimum sentences for some drug offenses. Mr. Bacon has introduced legislation to increase penalties for criminals who attack law-enforcement officers and supports qualified immunity—legal protection from civil liability for police officers carrying out their duties.\n\nOn foreign policy, both candidates say they’re committed to American allies, including Israel and Ukraine. Mr. Vargas condemns Hamas and says the war must end on Israel’s terms. House Minority Leader Hakeem Jeffries says in an interview that Mr. Vargas is “a mainstream Democrat” who will “stand with our friends and allies throughout the world.” Mr. Bacon has similar views and experience to boot. “I bring a lot to the table on national security,” Mr. Bacon says, pointing to his nearly three decades of active-duty military service and work on the House Armed Services Committee.\n\nThe battle for the seat intensifies as Nov. 5 approaches. As of Oct. 21, according to AdImpact, Republicans had spent $12.3 million and Democrats $11 million on ads. Both teams are running massive door-knocking campaigns. Mr. Jeffries and Speaker Mike Johnson have visited the district to campaign.\n\nOmaha residents, meantime, are waging a lawn-sign war. A white sign with a blue dot representing the district is a symbol of pride for Democrats. A Republican sign shows an all-red map of the state; another shows a red Pac-Man figure with a Donald Trump hairdo eating a small blue dot.\n\nCook Political Report rates the race as a tossup, while Larry Sabato ’s Crystal Ball rates it as leaning Democratic. Mr. Bacon acknowledges that he’s up against “headwinds” with strong turnout expected for the presidential election and Kamala Harris running strong.\n\nEven so, he’s within striking distance of a win. I spoke with plenty of independents, closet Trump voters, anti-Trump Republicans and moderate Democrats who said they’re for Mr. Bacon. “Even among Democrats, there’s a certain likability about him,” says University of Nebraska-Omaha political scientist Greg Petrow. That’s partially because of his willingness to work across the aisle. Government transparency site GovTrack ranks him as one of the most effective and bipartisan members of Congress.\n\n“I’m a Christian first, an American second and then a Republican,” Mr. Bacon says. He’ll find out next week if that’s enough.\n\nMs. McClain is an assistant editorial features editor at the Journal.\n\nWonder Land: Democratic Senate candidates, including Bob Casey, Tammy Baldwin, Jon Tester, Elissa Slotkin and Sherrod Brown are drifting into Trumpian MAGA land. Photo: Composite: Mark Kelly",
    "published": "2024-10-28"
  },
  {
    "source": "WSJ",
    "title": "The Battle for Red Nebraska’s ‘Blue Dot’",
    "summary": "Moderate Republican Rep. Don Bacon defends his seat in a district Kamala Harris is likely to carry.",
    "link": "https://www.wsj.com/opinion/the-battle-for-red-nebraskas-blue-dot-republican-tight-house-race-bipartisan-moderate-e665faa1?mod=Searchresults_pos19&page=10",
    "content": "Omaha, Neb.\n\nWho says bipartisanship is dead? Democrat Ann Ashford recently endorsed Republican Rep. Don Bacon , who in 2016 beat her late husband, Brad Ashford, in Nebraska’s Second Congressional District. “The reason I’ve endorsed Don is because character is more important than party,” Ms. Ashford said in a radio interview. “I will be a proud Harris-Bacon voter.”\n\nMr. Bacon will need a lot of ticket splitters to hold on to his seat in a district that handed Joe Biden its electoral vote in 2020. (Since 1992 Nebraska has allocated three of its electors by congressional district. A measure to revert to winner-take-all died last month in the state Legislature.) Polls show Kamala Harris 5 to 11 points ahead in the district, which was redrawn for 2022 to make it more Republican.\n\nMr. Bacon, 61, is a retired Air Force brigadier general with a moderate-to-conservative voting record. He faces Democrat Tony Vargas, 40, who narrowly lost in 2022. Mr. Vargas is a former public-school teacher who has been a member of the nation’s only one-chamber state legislature since 2017. With the U.S. House closely divided, every race counts.\n\nNebraska is solidly Republican statewide, largely rural and politically red, but the Second District swings: Barack Obama also carried it in 2008. It includes Nebraska’s most populous city, Omaha. Here as elsewhere, voters are most concerned about the economy, immigration and abortion.\n\nMr. Bacon wants to extend the 2017 Tax Cuts and Jobs Act, create a bipartisan debt commission, and rein in government spending. “I opposed a lot of the spending that triggered the inflation,” he says. Mr. Vargas says he’ll “put more money back in people’s pockets” by cutting taxes for the middle class, lowering the cost of prescription drugs and requiring companies to offer employees paid family leave. “There is no more important topic than the economy,” said Julian Young, 39, a North Omaha entrepreneur who says he is politically independent. “It’s not political. It’s that I know Don Bacon’s track record and experience. I think Vargas is nice, but Don is more equipped.”\n\nDemocratic House candidate Tony Vargas speaks at a canvassing event in Omaha, Neb., Oct. 20. Photo: Sierra McClain\n\nMr. Bacon wants to secure the border, hire more border-patrol officers and reinstate Remain in Mexico, the Trump administration policy that required asylum seekers to wait in Mexico for their U.S. hearings. He supports a pathway to citizenship for aliens who were brought to the U.S. illegally as children but not for those who entered the country illegally as adults. Mr. Vargas said in an interview that he supports “an earned pathway to citizenship” for law-abiding aliens who pay their taxes. He also says “we have to address border security” and he would have supported the Senate border bill that Republicans dropped earlier this year after Mr. Trump came out against it.\n\nTwo competing abortion measures will be on the ballot next week: Initiative 439 would establish a right to abortion until fetal viability, while Initiative 434 would prohibit abortions after the first trimester (with exceptions for rape, incest and medical emergencies). Mr. Vargas supports the former, Mr. Bacon the latter. The congressman says he’d vote for a federal ban on most late-term abortions, but considers it a moot point since it wouldn’t get 60 votes in the Senate. Mr. Vargas wants to codify Roe v. Wade in a federal statute. Voters, unsurprisingly, are split: “I’m team Bacon for sure. Vargas is too pro-abortion for me,” said Sara Vogltanz, 57, of Omaha. Emily Madden, 24, also of Omaha, said: “It’s really scary to be in a time when access is denied.”\n\nMr. Bacon has opposed allowing transgender-identifying boys to compete in girls’ sports. “Biological men should not play women’s sports,” he says. “It’s not fair.” He also opposes transgender surgery for minors. Mr. Vargas voted against advancing a state bill that would have barred transgender students from opposite-sex rest rooms and sports teams in public schools. He also voted against a bill banning “gender-altering procedures” for minors.\n\nMr. Vargas has voted to increase funding and benefits for law enforcement. “This is a priority for me,” he says. But he also backed legislation that would have allowed early parole for prison inmates and voted to advance a proposal that would have eliminated mandatory minimum sentences for some drug offenses. Mr. Bacon has introduced legislation to increase penalties for criminals who attack law-enforcement officers and supports qualified immunity—legal protection from civil liability for police officers carrying out their duties.\n\nOn foreign policy, both candidates say they’re committed to American allies, including Israel and Ukraine. Mr. Vargas condemns Hamas and says the war must end on Israel’s terms. House Minority Leader Hakeem Jeffries says in an interview that Mr. Vargas is “a mainstream Democrat” who will “stand with our friends and allies throughout the world.” Mr. Bacon has similar views and experience to boot. “I bring a lot to the table on national security,” Mr. Bacon says, pointing to his nearly three decades of active-duty military service and work on the House Armed Services Committee.\n\nThe battle for the seat intensifies as Nov. 5 approaches. As of Oct. 21, according to AdImpact, Republicans had spent $12.3 million and Democrats $11 million on ads. Both teams are running massive door-knocking campaigns. Mr. Jeffries and Speaker Mike Johnson have visited the district to campaign.\n\nOmaha residents, meantime, are waging a lawn-sign war. A white sign with a blue dot representing the district is a symbol of pride for Democrats. A Republican sign shows an all-red map of the state; another shows a red Pac-Man figure with a Donald Trump hairdo eating a small blue dot.\n\nCook Political Report rates the race as a tossup, while Larry Sabato ’s Crystal Ball rates it as leaning Democratic. Mr. Bacon acknowledges that he’s up against “headwinds” with strong turnout expected for the presidential election and Kamala Harris running strong.\n\nEven so, he’s within striking distance of a win. I spoke with plenty of independents, closet Trump voters, anti-Trump Republicans and moderate Democrats who said they’re for Mr. Bacon. “Even among Democrats, there’s a certain likability about him,” says University of Nebraska-Omaha political scientist Greg Petrow. That’s partially because of his willingness to work across the aisle. Government transparency site GovTrack ranks him as one of the most effective and bipartisan members of Congress.\n\n“I’m a Christian first, an American second and then a Republican,” Mr. Bacon says. He’ll find out next week if that’s enough.\n\nMs. McClain is an assistant editorial features editor at the Journal.\n\nWonder Land: Democratic Senate candidates, including Bob Casey, Tammy Baldwin, Jon Tester, Elissa Slotkin and Sherrod Brown are drifting into Trumpian MAGA land. Photo: Composite: Mark Kelly",
    "published": "2024-10-28"
  },
  {
    "source": "WSJ",
    "title": "The Education Terminator Tries to Kill a School Choice Program in Nebraska",
    "summary": "Teachers unions won’t stop until any alternative to their education monopoly is killed.",
    "link": "https://www.wsj.com/opinion/the-education-terminator-is-back-nebraska-school-choice-tax-credit-920da89b?mod=Searchresults_pos3&page=5",
    "content": "Regarding school choice for children, teachers unions are best understood as Terminators, as in the movie series. They are relentless, and they won’t stop until any alternative to their education monopoly is killed. The latest example is Nebraska, where unions are pushing a ballot measure to repeal a modest K-12 scholarship program.\n\nIn April the state Legislature passed a $10 million a year scholarship program to help students who attend private school with education expenses. More than 5,000 students applied for the program in the roughly one month that applications were open, according to Jeremy Ekeler , executive director of Opportunity Scholarships of Nebraska, the nonprofit that administers the scholarships.\n\nEven this is too much competition for the union monopoly. The union-backed Support Our Schools Nebraska managed to put Referendum 435 on the ballot, and voters next week can choose to “repeal” or “retain” the program.\n\nThe group is trying to scare voters into believing the scholarships will drain money from public schools. That ignores the principle that parents should be able to send their tax dollars to the school they’d prefer. But it’s also silly given the small cost.\n\n“K-12 schools received about $4.7 billion in taxpayer funds,” state Sen. Dave Murman noted in a statement this spring. Since 2023, “we have additionally appropriated over $1.6 billion for our public schools.” The $10 million program is about 0.2% of education funding.\n\nMeanwhile, another state scholarship program is about to expire, thanks to a similar union attack. In 2023 lawmakers created a $25 million tax-credit scholarship, the state’s first for K-12 students. After Support Our Schools collected signatures to put a repeal measure on the November ballot, the Legislature passed the April bill to replace the tax credits with the smaller $10 million program.\n\nThe new law sunsets the tax-credit program at the end of this month, but the sunset provision isn’t on the ballot for repeal—meaning that if the new law is repealed, the tax-credit scholarships still expire.\n\nAbout 1,500 students currently use the tax-credit program, and no doubt many would like to use the new scholarships. Mr. Ekeler testified in a public hearing last week that about half of these recipients have household income below 213% of the federal poverty level, the measure used to determine eligibility for the Children’s Health Insurance Program. Some 40% are nonwhite and 11.5% have special needs. The average scholarship is $1,700.\n\nFor Sierra Shouse, a single mother in Nebraska, the scholarship program has “positively impacted my son’s education and character and his confidence” and “been a weight off of my shoulders,” she testified at the state Capitol. “I do not have the financial resources to be able to send my children to the school I think they deserve to be at.”\n\nSorry, Ms. Shouse. The union says your choice for your son must be terminated.\n\nPress shift question mark to access a list of keyboard shortcuts Keyboard Shortcuts Enabled Disabled Shortcuts Open/Close / or ? Play/Pause SPACE Increase Volume ↑ Decrease Volume ↓ Seek Forward → Seek Backward ← Captions On/Off c Fullscreen/Exit Fullscreen f Mute/Unmute m Decrease Caption Size - Increase Caption Size + or = Seek % 0-9 Subtitle Settings Off English Font Color White Font Opacity 100% Font Size 100% Font Family 'Retina' Character Edge None Edge Color Black Background Color Black Background Opacity 50% Window Color Black Window Opacity 0% Reset White Black Red Green Blue Yellow Magenta Cyan 100% 75% 50% 25% 200% 175% 150% 125% 100% 75% 50% Arial Courier Georgia Impact Lucida Console Tahoma Times New Roman Trebuchet MS Verdana None Raised Depressed Uniform Drop Shadow White Black Red Green Blue Yellow Magenta Cyan White Black Red Green Blue Yellow Magenta Cyan 100% 75% 50% 25% 0% White Black Red Green Blue Yellow Magenta Cyan 100% 75% 50% 25% 0% facebook x Link https://www.wsj.com/video/series/journal-editorial-report/wsj-opinion-hits-and-missesof-the-week/CCEB5E86-FF24-4861-B405-FF5D410229B0 Copied Embed https://video-api.wsj.com/api-video/player/v3/iframe.html?guid=CCEB5E86-FF24-4861-B405-FF5D410229B0 Copied Auto 540p (3226 kbps) 720p (8169 kbps) 720p (4384 kbps) 540p (3226 kbps) 360p (2205 kbps) 360p (1187 kbps) 234p (775 kbps) 234p (384 kbps) 234p (228 kbps) Live 00:00 02:01 02:00 WSJ Opinion: Hits and Misses of the Week Play video: WSJ Opinion: Hits and Misses of the Week Keep hovering to play Journal Editorial Report: The week's best and worst from Kim Strassel, Kyle Peterson and Dan Henninger. Photo: Nathan Howard/Getty Images/Paul Sancya/AP/Mike Segar/Reuters",
    "published": "2024-10-28"
  },
  {
    "source": "WSJ",
    "title": "Nobelists for Harris Are Unburdened by Proof",
    "summary": "Economists who sign letters of support for the Democrat should be ready to present their evidence.",
    "link": "https://www.wsj.com/opinion/nobelists-for-harris-are-unburdened-by-proof-9b33ac0f?mod=Searchresults_pos2&page=10",
    "content": "When the Biden-Harris administration was pushing its Build Back Better plan in 2021, 17 winners of the Nobel Memorial Prize in Economic Sciences signed a letter supporting the program, arguing that it would “ease longer-term inflationary pressures.” More recently, a slightly larger group including most of the same Nobel economists signed a letter saying Kamala Harris’s agenda was “vastly superior to the counterproductive agenda of President Trump.” A broader group of Nobel laureates in various disciplines, celebrating the value of science in shaping public policy, embraced Ms. Harris. Not to be outdone, the journal Nature endorsed her because “the world needs a US president who respects evidence.”\n\nDonald Trump drew thousands of supporters to Madison Square Garden in deep-blue New York City, but questionable comedians and speakers make remarks that may have done more harm than good. Plus, Donald Trump praises Xi Jinping on Joe Rogan’s podcast, and Kamala Harris goes for style over substance by bringing celebrities like Bruce Springsteen and Beyonce to the campaign trail. Read Transcript\n\nWhat’s lacking from all the political posturing is precisely that: evidence. A scientific approach to policy debate requires a theoretical model showing how the candidates’ policies might affect the economy. The model’s quantitative predictions could be falsified or validated.\n\nFor Mr. Trump, there is ample evidence that his tax cuts and deregulatory efforts had salutary effects. In their recent paper reviewing the academic research on those policies, economists Michael Faulkender and Aaron Hedlund concluded that “pro growth tax reform works.”\n\nWhile the Nobels have yet to conduct a quantitative analysis of the Biden-Harris agenda, there is plenty of fodder for scientific inquiry. To advance equality, environmental protection and other social goals, Mr. Biden and Ms. Harris in 2020 proposed an ambitious lineup, particularly in taxes, health insurance, regulation and energy policy. They mostly got their way in all these areas but taxes.\n\nFour years ago, consistent with the scientific method, we published a study with Tim Fitzgerald and Cody Kallen comparing the economic effects of Mr. Biden’s agenda with Mr. Trump’s. Knowing that campaign promises don’t necessarily turn into policy, we analyzed several policy scenarios. The scenario closest to the policy changes made over the past four years we called “capital taxation constant” because it focused on expanded health-insurance benefits, a range of green energy policies and a return of the other regulatory policies to what they were under Barack Obama . We assumed Mr. Biden and Ms. Harris would roll back half of Mr. Trump’s trade policy and keep the other half.\n\nThe redistribution elements, including redistribution to favored interest groups, would primarily discourage work, we found. The green energy and other productivity-reducing regulations would reduce real wages. Altogether, we expected the U.S. economy to be put on a path with 5% less inflation-adjusted per capita income from work by 2025 relative to the Trump-policy baseline. Half of this would come from a failure of employment and work hours to keep up with the population of people 16 or older. The other half would come from reduced real hourly wages.\n\nThe nearby chart shows what actually happened to inflation-adjusted real employee compensation per person 16 or older. It is an index taking the value of 100 for the first quarter of 2017. Although we don’t know for sure what would have happened if Mr. Trump had begun a second term in 2021, our chart shows a linear trend from the first quarter of 2017 through the fourth quarter of 2019. The trend is a good model of what happened after the second full quarter of the pandemic into late 2021.\n\nThen inflation hit and employee compensation—and national income more broadly, which isn’t shown in the chart—couldn’t keep up. That’s when we began to see the deleterious effects of Mr. Biden’s policies. By the second quarter of 2024 (the most recent national accounts), real per capita income from work remained 4.6% below the trend. That’s remarkably close to the 5% we predicted.\n\nAlso as we predicted, the 4.6% shortfall is due to both low employment and low real wages. But the real-wage part accounts for three-fourths of the shortfall, whereas we expected it to be half.\n\nProponents of the position that Ms. Harris’s economy would outperform Mr. Trump’s should show their work. If other macroeconomists quibble with aspects of our approach, we welcome scientific debate about it. Such debates are more consistent with the values that animate scientific discovery than ham-handed declarations, regardless of how many Nobel laureates sign on.\n\nAs of now, looking back at our modeling and the evidence, we don’t see anything we would have done differently. That much we have in common with Ms. Harris.\n\nMr. Hassett is a distinguished fellow in economics at the Hoover Institution. Mr. Mulligan is a professor of economics at the University of Chicago and senior fellow with the Committee to Unleash Prosperity. They served, respectively, as chairman (2017-19) and chief economist (2018-19) of the White House Council of Economic Advisers.\n\nSubmit a Letter to the Editor Write a response to the article above. Letters must be exclusive to the Journal, not published elsewhere. They are also concise, and shorter is better. Keep it under 272 words, the length of the Gettysburg Address, and please include a reference to the article and its publication date. Your email and phone number will not be published. Full Name Email Phone number City, State By submitting your response, you consent to Dow Jones processing your special categories of information and are indicating that your letter may be edited and published by The Wall Street Journal editorial page. You are providing your email address and phone number so that the Journal may contact you to confirm facts, if necessary. We receive many more letters than we can publish, but we give them all due consideration. The Opinion department operates independently of the News department.\n\nWonder Land: After 2016's disruption and 2020's normalcy, what do voters want in 2024? Photo: Justin Franzelijah Nouvelage/AFP/Getty Images",
    "published": "2024-10-28"
  },
  {
    "source": "WSJ",
    "title": "The Middle East Drug Fueling War, Crime and All-Night Parties",
    "summary": "Captagon is bringing big profits to Syria’s Assad regime and Hezbollah—and it’s triggering a health crisis",
    "link": "https://www.wsj.com/world/middle-east/captagon-drug-syria-assad-hezbollah-f1588132?mod=Searchresults_pos10&page=31",
    "content": "AMMAN, Jordan—Another urgent conflict in the Middle East is playing out on the border between Syria and Jordan: a war against captagon, an amphetamine-like drug that’s taken off across the region.\n\nThe drug cuts across social class and borders. It’s used by taxi drivers handling late-night shifts, militia fighters looking to induce courage, students studying for exams, and high-powered executives wanting to work, or party, long hours.\n\nIt’s all added up to a multibillion-dollar drug trade that is fueling more conflict in the region. Money from drug smuggling has lined the pockets of Iran-backed militias, including Hezbollah, which has spent vast amounts of its proceeds on weapons to fight Israel. The drug props up Syrian President Bashar al-Assad , whose regime has become one of the world’s biggest drug syndicates, helping it offset years of punishing Western economic sanctions.\n\nSyria has denied any involvement in the drug trade.\n\nU.S. officials are increasingly worried that the captagon trade is undermining decades of relative stability in Jordan and Saudi Arabia, crucial American allies. Jordan has deployed about a third of its army to help curb the flow of drugs across its border with Syria, as well as weapons trafficked by the same networks, a senior Jordanian security official said.\n\nMuch of the production takes place in Syria, officials and researchers say, with some in Lebanon. Smugglers might move the drugs from Syria through the official crossing to Jordan by stashing them in trucks, or by hiring women and children to stuff the pills in their tops or their shoes. In the desert, smugglers use catapults to throw the drug over border walls or drones. Or they simply go by foot, particularly in winter when fog and dust reduce visibility at night to about a yard.\n\nFighters affiliated with a Syrian rebel group showed drugs seized at a checkpoint under its control in April 2022. Seized captagon and other items in Marea, Syria, in May 2022. OMAR HAJ KADOUR/AFP/GETTY IMAGES (TOP), AFP/GETTY IMAGES (BOTTOM)\n\nThe New Lines Institute, a Washington think tank, estimates that the global captagon market is worth about $5.7 billion, more than half as much as the cocaine market in Europe. Of that, the Assad regime fetched an annual average of about $2.4 billion between 2020 to 2022—roughly one-fourth of Syria’s GDP—according to the Observatory of Political and Economic Networks, a Syrian and Arab research organization that tracks the captagon trade.\n\nIn mid-October, the U.S. Treasury sanctioned three people it said were involved in the illegal production and trafficking of captagon to the benefit of the Assad regime and Hezbollah. One was the owner of a factory in Syria that the Treasury said has served as a front compan​y, sending pills worth over $1.5 billion to Europe concealed in industrial paper rolls. Europe has become a key transshipment hub for captagon destined for the Arabian Peninsula, according to drug-trafficking agencies.\n\nSince Israel launched its war on Gaza, the number of captagon seizures on the Jordanian-Syrian border have increased fourfold, often accompanied by illicit arms shipments, according to the New Lines Institute. U.S. officials say they worry that drug smuggling will lead to increased Iranian weapons smuggling to Palestinian factions in the West Bank.\n\nAdvertisement\n\nGOLAN HEIGHTS SYRIA Daraa Jaber Border Crossing Irbid Orman JORDAN LEBanon SYRIA Amman Area of detail JORDAN GOLAN HEIGHTS SYRIA Daraa Jaber Border Crossing Irbid Orman JORDAN LEBanon SYRIA Amman Area of detail JORDAN\n\nIn what appears to be one of the deadliest incidents in the war against the drug so far, in January, two explosions destroyed a home in the tiny village of Orman, a Syrian desert outpost about 15 miles north of the Jordanian border. Ten people were killed, including five women and two children.\n\nSyria blamed the blast on Jordanian airstrikes—a rare Jordanian military action on foreign soil. Jordan is suspected of carrying out at least four other attacks in southern Syria. Jordan declined to comment on the airstrikes, but in a statement after the January strike said it would continue to confront dangers from drug and weapons smugglers.\n\n“The Syrian regime is creating an example for states that are weathered and under sanctions and are looking to make a buck, a very good buck,” said Caroline Rose, an expert on the captagon trade at the New Lines Institute.\n\nAdvertisement\n\nThe drug’s origins\n\nAmphetamines historically have been the drug of choice in the Gulf, partly due to the scarcity of most of the drugs that are prevalent in the West, said Oscar D’Agnone, medical director of the OAD Clinic in London, which treats people from the Middle East for drug addiction.\n\n“Captagon is their cocaine,” D’Agnone said.\n\nCaptagon was the brand name of a drug originally manufactured in Germany in the 1960s to treat narcolepsy, depression and attention-deficit disorder, then was banned in most countries in 1986. Bulgarian criminal groups moved production into Lebanon’s Bekaa Valley, a stronghold of Hezbollah, in the 1990s.\n\nThe Syrian war in 2011, paired with a collapse of the political and economic order in Lebanon, allowed the captagon trade to grow across embattled borders and ungoverned spaces into Mediterranean ports and international shipping lanes.\n\nAs the Assad regime reimposed its grip on the country, it seized facilities and industrialized the drug’s production. It has ramped up production over the past decade, desperate for cash amid a civil war and international sanctions.\n\nAdvertisement\n\nIn one video from a Syrian production facility, shared with The Wall Street Journal by the Syrian Emergency Task Force, a Washington-based Syrian antiregime advocacy group, several machines spat hundreds of beige-colored pills from metal spouts into plastic baskets. Another showed bags of captagon pills in piles, emblazoned with the logo of the Lexus luxury-car manufacturer, commonly used for higher-quality captagon.\n\nVideos from the Syrian Emergency Task Force show smugglers accompanied by men in fatigues and bags of captagon. SETF (2)\n\nCaptagon’s main ingredient is pseudoephedrine, commonly found in cold and flu medication. According to the United Nations, Syria in 2020 reported anticipated imports of 110,000 pounds of pseudoephedrine, more than the U.K. and nearly half the amount reported by global pharma hub Switzerland. Syria, which has seen the collapse of its health sector and pharmaceutical industry after a decade of war, didn’t explain why it needed such large quantities.\n\nSyria’s elite military Fourth Armored Division, commanded by the president’s brother Maher al-Assad, oversees most of the captagon production and distribution, said U.S., European and Arab officials. The Treasury’s recent sanctions also targeted a man it said was involved in trafficking, and had sold weapons to the Fourth Armored Division and donated more than $1 million to Hezbollah.\n\n“The regime continues to fully rely on captagon,” said Col. Farid al-Qassem, a Syrian defector who fought in the civil war against Assad and now works with U.S. troops based in eastern Syria. “They can’t operate without these drugs.”\n\nAdvertisement\n\nShoot to kill\n\nTraffickers carry other types of drugs through Syria, too, in particular crystal meth. The Jordanian security official estimated that drugs worth $8 billion to $10 billion cross the border from Syria each year, ferried by impoverished Syrians who make up to $10,000 a run. Hezbollah assists the Syrian regime in facilitating trafficking in areas under their control, and secures houses of drug dealers in southern Syria, the official said.\n\nClashes with armed infiltrators have turned so violent that Jordanian soldiers have adopted a shoot-to-kill policy.\n\nAt an army base, Jordanian intelligence agents showed the Journal grainy surveillance footage of three people inside a Syrian regime military base launching a drone that the officials believed to be carrying drugs toward the Jordanian border.\n\nIn another surveillance video, children walked with pack donkeys at night to drop drugs at the side of the Yarmouk River separating the two countries for pick up later. In a third video, a row of presumed smugglers carrying backpacks walked past a Syrian army outpost, with no interference from the soldiers a stone’s throw away.\n\nVideos supplied separately by SETF showed what the activists said was a drone carrying presumed drugs from southern Syria toward the Jordanian border, and smugglers hauling sacks of captagon on their backs, escorted by men in fatigues, presumably Syrian regime soldiers.\n\nAdvertisement\n\nSmugglers even use homing pigeons that have been trained to carry up to 2½ ounces of crystal meth. The Jordanian intelligence agents showed the Journal photos of a captured bird, caught on its way from Syria to Jordan with a small bag of white powder tied behind each of its legs.\n\nA pigeon caught at a Jordanian army base had drugs attached to its legs. Video recovered from a smuggler shows a drone carrying drugs from Syria toward the Jordanian border. Jordanian Armed Forces, SETF\n\nWashington’s worry\n\nIn December 2022, President Biden signed the Captagon Act, requiring the U.S. to develop a strategy to disrupt captagon smuggling networks and build law-enforcement partnerships in the Middle East. A bipartisan bill passed the House in April requiring new sanctions against manufacturers and traffickers of captagon.\n\nThe U.S. hasn’t deployed troops to assist the Jordanians in the fight against captagon, but it does supply Jordan with satellite-guided bombs that Human Rights Watch has identified as being used to target alleged drug kingpins on Syrian soil. The U.S. also advises Jordanian security forces on how to use airborne surveillance sensors, drones and intercept communications, U.S. officials said.\n\nAdvertisement\n\nDespite U.S. opposition, Jordan alongside Saudi Arabia, Iraq and other Arab nations normalized relations with the Syrian government last year in return for Assad pledging to crack down on captagon.\n\nAt first, the bargain appeared to work. In May 2023, Syria was readmitted into the Arab League after 12 years of exclusion. The next day, a presumed Jordanian airstrike killed Merhi al-Ramthan, a well-known cartel boss in southern Syria, with his wife and six children. Hours later, Jordan said it had formed a joint security force with Syria to combat drug trafficking, and Syrian state media said security forces had seized a million captagon pills. By the end of the month, Assad received red-carpet treatment at the Arab League summit in Jeddah, Saudi Arabia.\n\nSyria’s President Bashar al-Assad arrived in Jeddah for the Arab League summit in 2023. Photo: SANA/REUTERS\n\nSince then, the captagon trade has continued unabated. Jordanian officials said Syria’s initial cooperation was mostly for show. Jordanian Deputy Prime Minister Ayman Safadi met with Assad earlier this month to discuss the threat of drug smuggling, according to Jordan’s foreign ministry.\n\nJordan’s antidrug department last year arrested about 35,000 people on drug charges, a 24% increase from the year before. In June, Jordanian authorities foiled two smuggling operations involving nearly 10 million illicit pills, worth up to $200 million, destined for Saudi Arabia.\n\n‘Unfulfilled life’\n\nThe torrent of drugs amounts to a societal crisis in the Arab world.\n\nAdvertisement\n\nSyrian-produced captagon is often mixed with unknown quantities of substances such as caffeine, various anesthetics and sedatives, and even toxic levels of zinc and nickel. Pills destined for Saudi Arabia often contain Viagra. Users often pair captagon with other drugs that in recent years have become more available in the region, such as crystal meth and ketamine.\n\n“As far as I can tell, the use of captagon has doubled in recent years,” said Abdullah Boulad, chief executive and founder of The Balance healthcare group, which runs luxury drug rehab clinics in Europe.\n\nA Saudi customs officer opened imported pomegranates filled with captagon in 2021. Photo: SAUDI PRESS AGENCY/AP\n\nHe said many of his patients are affluent Gulf Arabs who, after returning from study or work in the West, struggle to adjust to their home countries’ more restrictive social and legal environment. “It creates this unfulfilled life, and this is where captagon comes in,” Boulad said.\n\nIn Saudi Arabia, authorities have erected checkpoints in cities to catch captagon smugglers and users. This month, Saudi authorities confiscated 1.3 million captagon pills hidden inside a shipment of marble mixing material near the border with Jordan, and dismantled a drug trafficking ring in Riyadh that included more than a dozen government employees. Iraqi Prime Minister Mohammad al-Sudani has warned about the link between drug trafficking and terrorism financing, and this month security forces confiscated one million captagon pills from a drug network in western Iraq.\n\nCaptagon’s reach is widening. Ports in Italy and Greece have made large seizures, and Dutch and German authorities have busted captagon labs in their own countries. A German court in August began the trial against four men arrested after a record bust in the country of hundreds of kilos of captagon tablets worth an estimated $60 million.\n\n“It’s becoming extremely clear that these illicit networks are trying to create a foothold in Europe,” said Rose, of the New Lines Institute. “Captagon is likely going to trickle into Europe and potentially also American markets. This is something that I would not have said about a year or two ago.”\n\nItalian police seized 84 million captagon pills in 2020. Photo: Napoli/ROPI/Zuma Press\n\nWrite to Sune Engel Rasmussen at sune.rasmussen@wsj.com",
    "published": "2024-10-28"
  },
  {
    "source": "WSJ",
    "title": "Churches Look Skyward for Energy Savings",
    "summary": "Big federal subsidies drive a surge in solar installations on church rooftops",
    "link": "https://www.wsj.com/business/energy-oil/churches-look-skyward-for-energy-savings-f00f677a?mod=Searchresults_pos19&page=62",
    "content": "Churches often tower over their surroundings, their steeples glistening in the sunlight. Now a growing number of them are tapping that natural resource by adding solar panels to their roofs, spurred by generous federal subsidies.\n\nSolomon’s United Church of Christ in rural Chambersburg, Pa., recently installed 30 solar panels, which will cover its electricity consumption and save it roughly $70,000 over 25 years.\n\nIn downtown Lawrence, Kan., solar panels are being installed at Plymouth Congregational Church. The church expects the panels to pay for themselves in about eight years, aided by federal and state tax credits.\n\n“The number of nonprofits wanting to go solar right now has just been incredible,” said Aron Cromwell , owner of Cromwell Solar, which is installing the project and works in Kansas, Missouri and Nebraska. He is working on a dozen projects for nonprofits, mostly churches.\n\nThe federal subsidies come from the 2022 climate law, which included programs designed to funnel tens of billions of dollars to poorer, rural communities that haven’t had much access to wind or solar power. A provision in the law lets nonprofits essentially get refunded for a large chunk of the cost of clean-energy installations.\n\nJulia Brown , the 31-year-old pastor at the 80-member Solomon’s United Church of Christ, said the savings from the solar panels can be used to provide meals for school children, support the county’s homeless shelter and maintain the community garden that surrounds the church.\n\nPastor Julia Brown said savings from solar will let Solomon’s invest more in its mission.\n\nSolomon’s makes food donations to the local food bank and provides meals for schoolchildren.\n\n“I’m hoping it will get some people’s attention and let them know we’re here, we’re active and we’re still a vibrant church,” Brown said.\n\nAcross the country at Watts-Willowbrook Church of Christ in Compton, Calif., the high cost of power meant limiting air conditioning. Churchgoers used hand fans to stay cool, but attendance was declining, part of a national trend.\n\nThe church looked at getting solar several years ago but decided against it when a company requested that the church building be used as collateral for the loan, church secretary Linda Cleveland said.\n\nAdvertisement\n\nThe new climate-law provision made it easier to put panels on the white church building’s roof early this year, a move that is expected to save more than $180,000 over 25 years. Now the church is able to make repairs to its building and run the AC more often. “It makes a big difference,” Cleveland said. “Now you’re able to sit in comfort.”\n\nThe solar panels are expected to save Solomon’s about $70,000 over 25 years.\n\nThe funding for the solar panels is one of many programs from the climate law that are just getting going. More than 3.4 million households claimed about $8.4 billion in two main tax credits last year. The government hopes to expand those figures and reach more nonprofits and businesses.\n\nOne challenge historically was that nonprofits that generally don’t pay income taxes couldn’t take advantage of tax credits for solar and other renewables. That made it difficult to finance installations.\n\nThe climate law aimed to remove that barrier by letting nonprofits and some eligible companies get paid by the government the amount equivalent to their clean-energy tax credits.\n\nAdvertisement\n\nSolomon’s in Pennsylvania expects 40% of the cost of its solar project to be covered by the subsidies. RE-volv, a grant-funded organization that helps nonprofits get clean energy, lent the church the money to cover the full cost.\n\nThe government will reimburse RE-volv for the portion covered by subsidies, and Solomon’s will pay back the balance of the cost over time. The savings come from the expected difference between those payments and the church’s projected utility bills if it didn’t have solar.\n\nBrown said many churchgoers are socially liberal for the area and that some members who were concerned about the solar project got on board when they found out about the cost savings.\n\nThe solar panels are conspicuous in a Republican area where more than 70% of the county voted for former President Trump in 2020. Chambersburg, in southern Pennsylvania, is known for family farms and warehouses that line a major highway nearby.\n\nAdvertisement\n\nChambersburg is in a Republican county known for family farms.\n\nThe energy transition has been a big issue in Pennsylvania, a crucial battleground state in the presidential election. Trump has been critical of many climate spending programs and could try to unwind or block many of them if re-elected.\n\nHe has tried to portray Democratic Vice President Kamala Harris as anti-fracking because of her past comments on limiting oil and gas production. Harris has walked those comments back in a bid to win Pennsylvania, a big fossil-fuel producer.\n\nAnother challenge for Harris is that many voters haven’t heard of the law known as the Inflation Reduction Act or haven’t seen progress from it. Many projects were just installed or are still being built.\n\nWrite to Amrith Ramkumar at amrith.ramkumar@wsj.com\n\nSHARE YOUR THOUGHTS Should nonprofits receive federal subsidies for clean-energy projects? Why or why not? Join the conversation below.",
    "published": "2024-10-28"
  },
  {
    "source": "WSJ",
    "title": "Pentagon Runs Low on Air-Defense Missiles as Demand Surges",
    "summary": "Large number of interceptors used to strike missiles, drones in Middle East raises concerns about U.S. military readiness in Pacific",
    "link": "https://www.wsj.com/politics/national-security/pentagon-runs-low-on-air-defense-missiles-as-demand-surges-7fc9370c?mod=Searchresults_pos9&page=87",
    "content": "A Standard Missile is launched from the USS McCampbell during a flight test off the coast of the Pacific Missile Range Facility in Hawaii.\n\nWASHINGTON—The U.S. is running low on some types of air-defense missiles, raising questions about the Pentagon’s readiness to respond to the continuing wars in the Middle East and Europe and a potential conflict in the Pacific.\n\nInterceptors are fast becoming the most sought-after ordnance during the widening crisis in the Middle East, as Israel and other U.S. allies face an increasing threat from missiles and drones fired by Iran and the militias it supports. The shortfall could become even more urgent after Israel’s Friday night strikes on Iran, which U.S. officials fear might spark another wave of attacks by Tehran.\n\nStandard Missiles, which are usually ship-launched and come in various types, are among the most common interceptors the U.S. has used to defend Israeli territory from Iranian missile attacks, and are critical for stopping Houthi attacks on Western ships in the Red Sea. The U.S. has launched more than 100 Standard Missiles since Hamas’s October 2023 attack on Israel, the U.S. officials said.\n\nThe oil tanker Sounion in August after it was attacked in the Red Sea by Houthi rebels. Photo: Eunavfor Aspides/Reuters\n\nThe Defense Department says it doesn’t publicly disclose its stockpiles because the information is classified and could be leveraged by Iran and its proxies.\n\n“Over the course of the last year, the Department of Defense has augmented our force posture in the region to protect U.S. forces and support the defense of Israel, while always taking into account U.S. readiness and stockpiles,” Pentagon spokeswoman Sabrina Singh said.\n\nThe heavy use of the Pentagon’s limited stockpile of missile interceptors is raising concerns about the ability of the U.S. and its allies to keep pace with unexpected, high demand created by the wars in the Middle East and Ukraine. The Pentagon worries it could run through its inventory faster than it can replace them, leaving the U.S. vulnerable in a potential conflict in the Pacific, analysts and officials said.\n\n“The U.S. has not developed a defense industrial base intended for a large-scale war of attrition in both Europe and the Middle East, while meeting its own readiness standards,” said Elias Yousif , a fellow and deputy director of the Conventional Defense Program at the Stimson Center in Washington. “And both of those wars are extended conflicts, which was not part of the U.S. defense planning.”\n\nIncreasing production of weapons has proved difficult for the Pentagon, since it often requires that companies open new production lines, expand facilities and hire additional workers. Companies are often reluctant to invest in that expansion without knowing that the Pentagon is committing to buying at increased levels over the long term.\n\nNavy Secretary Carlos Del Toro. Photo: Andrew Harnik/AP\n\nNavy Secretary Carlos Del Toro told lawmakers in May testimony that he was pressing industry to increase production of Standard Missiles because the U.S. had deployed so many interceptors in the Middle East. There are “some increases” in two variants of Standard Missiles, he said, but acknowledged the difficulty of ramping up production.\n\n“The more sophisticated the missile, the harder it is to produce them,” he said.\n\nThe concerns over a shortage of interceptors have prompted senior Pentagon officials, including Del Toro, and Air Force Gen. CQ Brown Jr., chairman of Joint Chiefs of Staff, to look at alternate technology, including drawing on newer companies to help increase production of new types of air-defense missiles.\n\nThe U.S. had built up interceptor stocks over recent years, but the U.S. in any one month of the conflict in the Middle East has launched dozens of missiles, and production capacity can’t keep up, according to analysts and defense officials.\n\nRTX, producer of the Standard Missiles, can make a maximum of a few hundred a year, a U.S. defense official said. That production, however, isn’t all for the Pentagon, since at least 14 allies also buy Standard Missiles, according to RTX.\n\nThe company declined to comment on its production capacity, but RTX spokesman Chris Johnson said, “We work closely with the Department of Defense to meet their production needs for Standard Missiles.”\n\nSince the war between Hamas and Israel began last year, U.S. ships have launched more than $1.8 billion worth of interceptors to stop Iran and its proxies from attacking Israel and ships traveling through the Red Sea, according to the Navy.\n\nThe Navy often launches two interceptors for every one missile when responding to attacks, essentially as an insurance policy to ensure the target is hit. A single Standard Missile can cost millions of dollars, making it an expensive way to defend against Iranian-made weapons, which cost much less.\n\n“Those are really expensive munitions to shoot down crappy Houthi targets,” one congressional official said, “and every one they expend takes months to replace—and at high, high cost.”\n\nThe U.S. launched a dozen Standard Missiles during Iran’s Oct. 1 missile attack on Israel, in addition to employing other air-defense systems, but American and Israeli forces let through some of the 180 Iranian missiles that they knew wouldn’t strike valuable sites to preserve its stock of interceptors, U.S. officials said.\n\nA Terminal High Altitude Area Defense, or Thaad system, launching station in Israel in 2019. Photo: US Army/AFP/Getty Images\n\nEarlier this month, in the run-up to Israel’s retaliatory strike on Iran, the Pentagon deployed the Terminal High Altitude Area Defense, or Thaad system, to Israel, a move that allows the U.S. to use interceptors other than Standard Missiles to bolster Israel’s defenses. The Pentagon has also moved additional Patriot missile-defense systems to the Middle East, which required shuffling around the limited number of batteries it has in inventory to also meet the demand in Ukraine.\n\nPentagon officials said the plan is to maintain the current overall production levels of the Standard Missiles, though there will be cuts to some of the older variants to fund newer ones.\n\nThe heavy use of weapons such as interceptors in the Middle East is also putting at risk the Pentagon’s ability to fight in the Pacific, said Mark Montgomery , a retired rear admiral and now a senior director at the Foundation for Defense of Democracies, a conservative think tank in Washington.\n\n“We’re spending a year’s worth of Standard Missiles—those are standard missiles that are supposed to be part of rearming ourselves for China,” he said. “So, 100%, we have, once again in the Middle East, set back Navy readiness to execute operations in the Pacific.”\n\nIsrael’s military has some of the most advanced air defense systems in the world in its arsenal. Here’s how the U.S.-deployed Thaad will bolster it even further. Photo: U.S. Department of Defense\n\nWrite to Nancy A. Youssef at nancy.youssef@wsj.com and Gordon Lubold at gordon.lubold@wsj.com\n\nConflict in the Middle East Latest news and key analysis, selected by editors",
    "published": "2024-10-28"
  },
  {
    "source": "WSJ",
    "title": "Ukraine Resorts to Shaking Down Nightlife Spots for Recruits as Troop Numbers Fall",
    "summary": "Manpower is the decisive factor in a drawn-out war of attrition—with Russia’s population four times the size of Ukraine’s",
    "link": "https://www.wsj.com/world/ukraine-resorts-to-shaking-down-nightlife-spots-for-recruits-as-troop-numbers-fall-b62646b7?mod=Searchresults_pos17&page=79",
    "content": "KYIV, Ukraine—Ukraine is widening its dragnet in the search for troops to shore up its creaking front lines, conducting spot checks of men at upscale venues including a concert and a wine store in Kyiv and a street of hip eateries in Odesa.\n\nThe stepped-up efforts show the difficulties Ukraine faces in raising new soldiers to backfill front-line losses as the war approaches the three-year mark. Tensions are rising in society over how some prominent figures, including state prosecutors, evade the draft through medical exemptions, leading President Volodymyr Zelensky ’s attorney general to resign last week.\n\nOn the front line in the east, Russians are using superior firepower and manpower to squeeze forward against Ukrainian forces that were already overextended before they invaded Russia’s Kursk region in August.\n\nZelensky has been trying to secure more weapons and security guarantees from the U.S. to turn the tide against Moscow. But at home his biggest immediate problem is getting enough troops to hold the line. Most men who wanted to join the armed forces have already done so and enlisting more is only getting harder. Many are in hiding or have fled the country illegally to escape the draft.\n\nUkrainian conscription patrols have widened to upscale nightlife venues as authorities in Kyiv struggle with depleted forces and falling recruitment numbers. Photo: Efrem Lukatsky/Associated Press\n\n“There is no easy solution,” said Mathieu Boulègue, a nonresident senior fellow with the Transatlantic Defense and Security Program at the Center for European Policy Analysis, a think tank based in Washington. “That is unfortunately a critical issue that you cannot solve by sending stuff over, short of sending Western troops,” which isn’t likely, he said.\n\nRussia, too, is losing men more quickly than it can replace them, according to Western estimates. Moscow has turned to North Korea for additional troops. Still, Russia has a population four times the size of Ukraine’s and an authoritarian system that allows it to strong-arm citizens into service.\n\nUkraine has struggled to replenish its ranks since a summer offensive last year in which thousands of troops were sacrificed for minimal gains. Despite a growing shortage of infantry, Kyiv dithered until spring of this year before lowering the age of compulsory military service to 25 and imposing additional penalties for those dodging the draft. Recruitment numbers initially tripled, according to military analysts, but have since fallen back.\n\nAdvertisement\n\nMilitary official Vasyl Rumak said the number of soldiers-in-training had lately fallen to 20,000 a month compared with 35,000 after the mobilization law was passed in the spring. Recruitment numbers are secret and might be different, a spokesman for Ukraine’s general staff said of the figures.\n\nAuthorities have ramped up checks in public places. Draft officers had previously targeted smaller cities and villages in an apparent effort to avoid inflaming social tensions or causing political problems for the government. But their recent presence at upscale venues in the capital and other big cities suggests a shift.\n\nAs fans of Okean Elzy, one of Ukraine’s most popular bands, poured out of a concert hall in the capital this month, draft officers were waiting by the exits. Some bystanders yelled “shame” at the officers, who were checking compliance with a law passed in the spring that obliged all men eligible for military service to register with the authorities. Police were filmed apprehending a young man who was shouting, “Why are you grabbing me?”\n\nA recruitment poster is displayed across the street from Kyiv’s city hall.\n\nDays earlier, authorities conducted checks outside a luxury grocery store, Goodwine. In the port city of Odesa, officers entered restaurants along a street where they rarely ventured before.\n\nOthers saw justice in checks at popular hangouts, where relatively normal life continues despite the difficult situation at the front.\n\n“This is what a fair mobilization looks like—when people are not only taken from villages and small towns, but also from large cities where people calmly go to concerts and restaurants,” said the deputy commander of Ukraine’s 3rd Assault Brigade, Maksym Zhorin.\n\nAdvertisement\n\nAlong the front line, Ukrainian forces say they are desperately short of men despite the mobilization drive. Defending territory requires fewer soldiers than offensive operations, but the incursion into Russia’s Kursk region stretched depleted units in the east even further. Under pressure, the number of troops abandoning their positions or deserting the military has increased, according to the prosecutor’s office.\n\nWith the supply of men dwindling, Kyiv has faced pressure from Western allies to lower the age of conscription further.\n\nSeveral members of Ukraine’s Parliament have also called for the minimum draft age to be lowered, but Kyiv says that would compound a demographic crisis that threatens the country’s future. The country has already lost more than a quarter of its 40 million prewar population due to Russian occupation, war deaths and millions fleeing abroad. The cohort of men age 18 to 25 is particularly sparse due to a baby bust following Ukraine’s independence in 1991.\n\nYoung men on public transit and an injured soldier being taken to a hospital in Dnipro, Ukraine.\n\nUkrainian officials say they have enough new recruits to replace losses and build up some reserves. The French military recently began training and equipping soldiers from a Ukrainian brigade in France.\n\nBut officials in Kyiv also say that expanding mobilization isn’t effective without more Western supplies to arm new recruits properly. Of the 14 fully equipped brigades Zelensky has said are needed to turn the tide, Ukraine hasn’t been able to outfit even four, he told CNN in an interview last month.\n\n“Although there is evidence that Ukraine is building additional operational reserves and forming new brigades, the key question is whether it can successfully do both: create new brigades while addressing the manpower shortages at the front line,” said Vienna-based military analyst Franz-Stefan Gady.\n\nAdvertisement\n\nFor Ukraine, mobilization is not only a military problem, but also a growing social and political issue.\n\nAmong soldiers who have been serving on the front line for nearly three years, resentment is building against men avoiding military service. Zelensky is under pressure to show that the burden of the war is being shared evenly across society after many scandals involving officials alleged to have taken bribes in exchange for draft exemptions.\n\nLaw enforcement this month found nearly $6 million in cash at the home of the head of a medical commission for the Khmelnytskiy region. Ukrainian Prosecutor General Andriy Kostin resigned after dozens of officials were found to have abused their position to receive disability status, allowing them to avoid conscription.\n\n“This is truly an internal enemy,” said Zelensky in a video address before he issued a decree dissolving medical examination commissions by the end of the year.\n\nPhotos of fallen soldiers on display at a church in Lviv. At right, Ukrainian officers operating in Pavlohrad.\n\nUkraine is also due to conduct an audit of companies that have won exemptions from the draft for employees designated essential.\n\nAt the same time, Ukraine is seeking to address issues with recruitment and training that have deterred some men from enlisting in the army. Allowing individual battalions to enlist volunteers directly has given new recruits more agency in the process. Billboards for the country’s most famous units line the streets, advertising effective training and the ability to choose positions.\n\nThere are plans to revamp and extend training from one month to six weeks and create a school to prepare instructors.\n\nAdvertisement\n\nAt a training center near the eastern front, most of the recruits have been mobilized and don’t want to go to war, said an instructor who asked to be identified by his call sign, Fury, in line with military protocol. “The biggest challenge is to change their mindset.”\n\nThe shortage of men willing to fight means those serving have little prospect of being demobilized except through injury or death.\n\nA soldier who publicly quit his unit to draw attention to the issue last month was recently detained on charges of desertion.\n\n“When all citizens feel that the same responsibility for the country rests on their shoulders, maybe then something will change,” Serhiy Hnezdilov said in an interview with a Ukrainian channel before his detention.\n\nWrite to Isabel Coles at isabel.coles@wsj.com\n\nThe War in Ukraine News and insights, selected by the editors",
    "published": "2024-10-28"
  },
  {
    "source": "WSJ",
    "title": "Apple iPhone 16 Sales Banned in Indonesia Over Investment Issue",
    "summary": "Other Apple products aren’t subject to the ban",
    "link": "https://www.wsj.com/tech/apple-iphone-16-sales-banned-in-indonesia-over-investment-issue-d5322615?mod=Searchresults_pos14&page=186",
    "content": "Indonesia has blocked sales of Apple’s AAPL -0.14 %decrease; red down pointing triangle latest iPhone 16 handsets over what officials say is the company’s non-fulfillment of local investment requirements.\n\nApple’s local unit, PT Apple Indonesia, “has not fulfilled its investment commitment” as required to be able to sell the new iPhone model in the Southeast Asian country, the Ministry of Industry said in a statement Friday.\n\nApple’s other products aren’t subject to the ban.\n\nState media Antara reported that Indonesia’s industry minister, Agus Gumiwang Kartasasmita , said Apple’s investment is 240 billion rupiah short of the 1.71 trillion rupiah, or around $108.9 million, needed to obtain the license to sell the iPhone 16s.\n\nApple didn’t immediately respond to a request for comment.\n\nUnder an Indonesian policy aimed at supporting domestic industries and reducing dependence on imported products, companies have to meet set requirements for using goods or services sourced from within the country. This can be done via various means, including investments or hiring local workers.\n\nThe ban applies to sales of iPhone 16s transacted within the country, with a ministry spokesperson, Febri Hendri Antoni Arief, saying that handsets purchased abroad can be brought into the country as long as they are strictly for personal use, and not traded or sold.\n\nThe ministry estimates that so far, about 9,000 units of the iPhone 16 series have been legally brought into Indonesia.\n\nThe cellphone market in Southeast Asia’s largest economy is a lucrative one, benefiting from a large, growing population and rising disposable incomes.\n\nThere are an estimated 354 million devices in active use in Indonesia, according to the ministry. That compares with a national population of about 270 million, according to World Bank estimates.\n\nApple’s chief executive, Tim Cook, had said in April after meeting Indonesian President Joko Widodo in Jakarta that the company will consider making some of its products in the country, but didn’t offer a timeline for investment or say what form it could take.\n\nWrite to Kimberley Kao at kimberley.kao@wsj.com",
    "published": "2024-10-28"
  },
  {
    "source": "WSJ",
    "title": "Volvo and Daimler Truck Move Ahead With Vehicle Software Joint Venture",
    "summary": "Both companies will use the platform to produce their own software-led trucks and buses, and the venture will also offer the service to other manufacturers",
    "link": "https://www.wsj.com/business/autos/volvo-and-daimler-truck-move-ahead-with-vehicle-software-joint-venture-767062c5?mod=Searchresults_pos13&page=1",
    "content": "Volvo and Daimler Truck confirmed they are moving ahead with a new joint venture.\n\nThe joint venture is expected to be completed in the first half of 2025, subject to regulatory approvals.\n\nThe platform will be used by both companies to produce their own software-led trucks and buses, and will also be offered to other manufacturers.\n\nVolvo and Daimler Truck have formed a joint venture to develop a software-based manufacturing platform for heavy-duty vehicles.\n\nVolvo and Daimler Truck DTG 0.37 %increase; green up pointing triangle confirmed they are moving ahead with a new joint venture that will develop a software-based manufacturing platform to build digitized heavy-duty vehicles.\n\nThe announcement follows proposals outlined earlier this year and will see the two truck makers form a jointly-owned company headquartered in Gothenburg, Sweden.\n\nDigital architecture is crucial for making vehicles that rely on software. The auto industry is transitioning to so-called software-defined vehicles, which can be adapted to new technology and individual needs more easily than conventional cars, buses and trucks.\n\nBoth companies will use the platform to produce their own software-led trucks and buses, and the venture will also offer the service to other manufacturers.\n\n“The software and hardware from this joint venture will be crucial for achieving unprecedented levels of safety, comfort, and efficiency for our customers,” said Daimler Truck Chief Executive Karin Radstrom .\n\nThe new company will develop an operating system and tools that vehicle manufacturers can use as a basis to develop their own digital features, they said.\n\nVolvo and Daimler Truck will remain competitors in all other business areas.\n\nThe joint venture transaction is expected to be completed in the first half of 2025, subject to regulatory approvals.\n\nAdvertisement\n\nWrite to Dominic Chopping at dominic.chopping@wsj.com",
    "published": "2024-10-28"
  },
  {
    "source": "WSJ",
    "title": "Trump Fails George Washington’s Civility Test",
    "summary": "‘Speak not injurious words, neither in jest nor earnest; scoff at none though they give occasion.’",
    "link": "https://www.wsj.com/opinion/trump-fails-george-washingtons-civility-test-american-history-2024-presidential-election-6e206b4e?mod=Searchresults_pos18&page=34",
    "content": "When George Washington was 12, he began copying by hand “Rules of Civility & Decent Behavior in Company and Conversation.” The first rule states: “Every action done in company ought to be with some sign of respect to those that are present.” Rule No. 65 says: “Speak not injurious words, neither in jest nor earnest; scoff at none though they give occasion.”\n\nA 1949 U.S. Army pamphlet, “Personal Conduct for the Soldier,” offers similar prescriptions. In the foreword, Gen. Omar Bradley noted that good conduct was as applicable to the civilian as the soldier. Under the section titled “Self Control”: “You make a fool of yourself every time you let the old mind and body get out of control. . . . If you lose self-control, you’re like a ship without a rudder.” The section on “The Courteous Leader”: “Most great leaders are kind and courteous. . . . The leader who treats his men badly will find that his men behave badly. . . . A courteous attitude toward all races, nationalities, and religious faiths helps a man get along with people.”\n\nThose of us who have spent time in the military know that these maxims aren’t mere words. These qualities define good leaders and reflect their followers. Character, honesty, integrity, honor and a sense of duty all matter. These aren’t just platitudes but tangible qualities that make a difference in every organization, from the neighborhood coffee shop to the White House.\n\nThe White House is the home of American leadership, where Republican leaders like Thomas Jefferson , Abraham Lincoln , Ulysses S. Grant , Teddy Roosevelt , Ronald Reagan and George W. Bush resided. While each of these leaders had his shortcomings and foibles, none of them consistently violated every principle of good leadership like Donald Trump does. Mr. Trump has no self-control. He lashes out at immigrants, religious groups and military heroes. He lies with reckless abandon. In August, in what was outlandish even by Mr. Trump’s standards, he reposted on Truth Social a picture of Kamala Harris and Hillary Clinton above a crude sexual joke. Just last week he was regaling a crowd about Arnold Palmer ’s anatomy. These are things a disturbed 15-year-old boy would do, not the commander in chief, not the man who holds the nuclear codes, not the leader of the free world.\n\nMore recently, Mr. Trump called Ms. Harris “mentally impaired” and a “s— vice president.” This is a former president of the United States, a man who might represent the nation again. And for those of you who dismiss this kind of language or, worse, defend it, if Mr. Trump is re-elected you shouldn’t be surprised if this kind of aberrant behavior continues. And everything about it will affect the future of the nation.\n\nBeing a person of good character matters. Doing what is right matters because when a leader exhibits honor, integrity and decency, it instills those qualities in the culture of the institution and in the next generation of leaders. What will the culture of America look like if Donald Trump is re-elected? What will the next generation of leaders look like if they are followers of Donald Trump?\n\nYou will, no doubt, ask the same question about Ms. Harris, but you will get a different answer. You may not like her policies, her followers or her vision for America, but Ms. Harris won’t threaten the press, demean immigrants, mock those who have died for the country, break with our allies, or undermine the Constitution. And in four years, if we are past the era of Trump, the Republican Party can rise again and provide the kind of principled leadership and followership that this nation needs.\n\nI am pro-life. I believe in a small government, big business, a strong military and a secure border, and I always stand for the American flag. I am a conservative, and I would love to be part of a Republican Party I can be proud of, one that stands for the values, the decency, the sense of duty and honor and country which so many previous Republican presidents strived for.\n\nWashington’s final rule of decent behavior says: “Labor to keep alive in your breast that little celestial fire called conscience.” My little celestial fire won’t allow me to vote for Donald Trump. I think George Washington and Omar Bradley would agree.\n\nMr. McRaven is a retired U.S. Navy admiral.\n\nJournal Editorial Report: The week's best and worst from Kim Strassel, Kyle Peterson and Dan Henninger. Photo: Nathan Howard/Getty Images/Paul Sancya/AP/Mike Segar/Reuters",
    "published": "2024-10-28"
  },
  {
    "source": "WSJ",
    "title": "Corrections & Amplifications",
    "summary": "",
    "link": "https://www.wsj.com/articles/corrections-amplifications-fd04ea78?mod=Searchresults_pos6&page=27",
    "content": "GE Appliances, maker of GE Monogram, is based in Louisville, Ky., and is a subsidiary of China-based Haier. An Off Duty article on Saturday about remodeled kitchens incorrectly said the appliances are built by GE, an American company.\n\nReaders can alert The Wall Street Journal to any errors in news articles by emailing wsjcontact@wsj.com or by calling 888-410-2667.",
    "published": "2024-10-28"
  },
  {
    "source": "WSJ",
    "title": "Ford’s Third-Quarter Profit Falls as EV Losses Persist",
    "summary": "Automaker projects full-year profit at the bottom end of its guidance",
    "link": "https://www.wsj.com/business/earnings/ford-earnings-q3-2024-f-d3c18468?mod=Searchresults_pos4&page=79",
    "content": "Ford Motor F 0.49 %increase; green up pointing triangle said its adjusted profit for the full year would come in at the low end of its guidance, disappointing investors after rivals General Motors and Tesla posted surprisingly strong results.\n\nThe automaker has been struggling with deep losses on its electric-car business and higher warranty costs, putting it behind its crosstown competitor in profitability.\n\nFord Chief Financial Officer John Lawler said Monday that higher-than-expected warranty expenses were a primary reason the company’s full-year profit would come in at the light end of its range.\n\nFord shares were down 5% in aftermarket trading. The stock has been beaten down since July, when lackluster second-quarter results sent the stock price down 18% in one day, the largest drop in more than 15 years.\n\nFord’s shares have fallen 7% this year through Monday, compared with GM’s 47% rise.\n\nThe results\n\n• Third-quarter net income fell about 25% to around $900 million, hurt by a previously disclosed $1 billion charge related to a scrapped electric-vehicle investment.\n\n• Pretax earnings per share adjusted for one-time items was 49 cents, higher than analysts’ expectations of 46 cents, according to FactSet.\n\n• Revenue rose 5% to $46.2 billion, driven by strong sales of Ford’s largest pickup trucks.\n\n• Losses from electric vehicles totaled $1.2 billion, a slight improvement over a year earlier.\n\n• Ford said its full-year pretax profit would come in around $10 billion, at the low end of its $10 billion-to-$12 billion forecast.\n\nKey takeaways\n\n• EV losses weigh: Ford said it eliminated about $500 million of EV-related costs in the third quarter compared with a year earlier, but that was offset by weaker pricing on its battery-powered cars. Ford Chief Executive Jim Farley has said that whittling down EV losses—on track for more than $5 billion this year—is a top priority for the company.\n\n•Warranty expenses linger: Expenses related to safety recalls and other fixes have weighed on Ford’s bottom line for several years. Costs improved slightly in the July-through-September period but remained higher than Ford had expected.\n\n• Ford Pro shines again: Ford’s commercial-vehicle unit, which sells big pickups and cargo vans to contractors, landscapers and other businesses, posted pretax profit of $1.8 billion, up 10%. The company said a recent redesign of its heavy-duty pickup trucks has juiced sales.\n\n• Profit gap: The Dearborn, Mich., automaker has been unable to match rival GM on profitability in recent years. GM last week posted an 8.4% pretax adjusted profit margin for the third quarter, better than Ford’s 5.5% margin for the period.\n\n\n\nWrite to Mike Colias at mike.colias@wsj.com\n\nHow the Biggest Companies Are Performing WSJ coverage and analysis of the latest corporate earnings",
    "published": "2024-10-28"
  },
  {
    "source": "WSJ",
    "title": "wsj.com",
    "summary": "",
    "link": "https://www.wsj.com/tech/why-apples-ai-success-hinges-on-the-iphone-a0fc26c4?mod=Searchresults_pos20&page=138",
    "content": "",
    "published": "2024-10-28"
  }
]