[
  {
    "source": "WSJ",
    "title": "Trump’s Return Sparks Hope for 2025 Deals Revival",
    "summary": "Dealmakers say less regulation, lower interest rates and rising stock markets could fuel activity. But ‘people really don’t know,’ one banker says.",
    "link": "https://www.wsj.com/business/deals/trump-regulations-deal-market-activity-3de24def?mod=Searchresults_pos4&page=59",
    "content": "President-elect Donald Trump rang the opening bell at the New York Stock Exchange in mid-December.\n\nWall Street is optimistic that a buoyant stock market, declining interest rates and Donald Trump’s lighter-regulation agenda will prompt a dealmaking rebound in 2025. But jitters remain thanks to the president-elect’s unpredictability.\n\nDeal volume has been muted for the past few years following record volumes coming out of the pandemic. While total global deal volume is up roughly 12% in 2024 through Dec. 26 compared with the same period in 2023, the number of transactions is lower and volume remains well below the 2021 high, according to Dealogic data.\n\nDealmakers were encouraged when Trump in December picked Andrew Ferguson, the Republican Federal Trade Commission member, to succeed FTC Chair Lina Khan. Ferguson and Republicans are expected to dismantle Khan’s guidelines that gave the agency new legal powers to try to block deals.\n\nStill, Jay Novak, global co-head of corporate finance at the investment bank Houlihan Lokey, said it remains to be seen exactly where the new Trump’s administration’s antitrust policy will land.\n\n“Sentiment is certainly more positive. People don’t really know the answer, but they’re more positive about the direction,” he said.\n\nThe year featured a handful of blockbuster tie-ups, including Capital One ’s $35 billion agreement to buy Discover Financial Services and Mars’s roughly $30 billion deal for the maker of Cheez-It, Kellanova. But the pace of sizable deals, especially in typically busy sectors such as technology and healthcare, has been noticeably slower.\n\nBoth Ferguson and Trump’s administration are expected to keep the pressure on large technology companies. That could include such giants as Apple and Meta Platforms, which have shied away from deals while under increased regulatory scrutiny.\n\nDeclining interest rates and frothy markets should help bring corporate CEOs and private-equity firms, which drive a large portion of merger activity, back to the table. Lower rates make it more affordable to finance deals with debt while rising stock prices embolden corporate chiefs to use their shares as currency to fund deals.\n\n“Financing markets are way open such that you can do jumbo deals again,” said Dominic Lester, Jefferies’s head of investment banking for Europe, the Middle East and Africa.\n\nIn mid-December, the Federal Reserve reduced interest rates for the third time in 2024, while signaling another two cuts in the year ahead. If the Fed moves fall short of investor expectations, it could trigger stock-market volatility. That risks weighing on M&A by making it harder for buyers and sellers to agree on price.\n\nThe S&P 500 index has gained roughly 25% so far in 2024.\n\nThe $13 billion deal between the advertising giants Omnicom Group and Interpublic Group IPG -0.61 %decrease; red down pointing triangle headlined a flurry of announcements since the election, which some interpreted as a sign that activity is already heating up. Omnicom took advantage of the elevated level of its share price to fund its deal with only stock.\n\nNewsletter Sign-up Markets A.M. Let the WSJ's own Spencer Jakab prepare you for the trading day ahead, with expert insight into the companies and industries set to move markets. Preview Subscribed\n\nDialogue with companies globally on possible big deals is up meaningfully, suggesting potential growth of 10% to 15% in activity in 2025, said Mark Sorrell, co-head of global M&A at Goldman Sachs.\n\nMeanwhile, pressure has continued to rise on private-equity firms to sell long-held assets and reinvest newly raised funds to generate returns for impatient investors.\n\n“If private equity could afford to wait to sell assets, they did,” said Mahvesh Qureshi, a corporate finance partner at the law firm Hogan Lovells. “Those dynamics have shifted.”\n\nStill, dealmakers are still trying to parse Trump’s likely moves. He has pledged to impose 25% tariffs on products coming into the U.S. from Mexico and Canada. He has also threatened to impose an additional 10% levy on products from China.\n\nBut Trump’s pick for Treasury secretary, Scott Bessent, has suggested that tariffs are a negotiating tool. Before he was selected, Bessent told investors that the “tariff gun will always be loaded and on the table but rarely discharged.”\n\nIf steep tariffs do come to fruition, they could encourage foreign companies to acquire businesses in the U.S. as a way of circumventing the levies. They could just as well force American importers to pass on the added costs to consumers, making it harder for the Fed to lower rates, some bankers caution.\n\nThe levies could also dent companies’ bottom lines by raising costs, making deals less attractive and stymieing demand. Despite the uncertainty, bankers report a mounting backlog of deals that could happen under the right conditions.\n\nWrite to Ben Dummett at ben.dummett@wsj.com and Ben Glickman at ben.glickman@wsj.com\n\nSHARE YOUR THOUGHTS Do you think we will see a dealmaking revival in 2025? Why or why not? Join the conversation below.\n\nNavigating the Markets Coverage and analysis, selected by editors Get WSJ's Markets A.M. Newsletter",
    "published": "2024-12-29"
  },
  {
    "source": "WSJ",
    "title": "After Another Bad Year for Bonds, Investors Lose Faith in a Turnaround",
    "summary": "Many worry that a tough environment for bonds could get even worse",
    "link": "https://www.wsj.com/finance/investing/after-another-bad-year-for-bonds-investors-lose-faith-in-a-turnaround-ea60f320?mod=Searchresults_pos8&page=98",
    "content": "Wall Street investors entered each of the past two years brimming with optimism about U.S. Treasurys and other types of high-quality debt. Each time, they were disappointed.\n\nNow, they are far more guarded. In recent weeks, money managers have been dumping Treasurys, while savers have been rushing out of longer-term bond funds.\n\nAll that selling has pushed Treasury yields to the upper end of their two-year range. Still, investors remain worried that a tough environment for bonds could get even worse if President-elect Donald Trump pursues inflationary policies such as new tariffs. Many are debating whether hiding out in short-term T-bills could again be the smarter play.\n\n“Cash is yielding 4-plus percent,” said Ed Al-Hussainy, global interest-rate strategist at Columbia Threadneedle Investments. “That’s a pretty tough bogey to beat.”\n\nSuch doubts represent a big shift on Wall Street.\n\nJust a few years ago, bonds were enjoying a decadeslong bull run and investors hardly feared higher rates. They generally assumed rates couldn’t rise much above zero without triggering a recession.\n\nWhen the Federal Reserve raised rates aggressively in 2022, most investors still believed it was only a passing phase. Through 2023, they consistently bet on a quicker and sharper turn to lower rates than the Fed itself was forecasting.\n\nNow, though, more investors have come to believe that the economy can handle higher rates and that inflation will persist as a threat.\n\nStarting in November, investors were ahead of the Fed in betting that the central bank would reduce rates just twice next year, rather than the four times officials signaled in September. When most Fed officials also forecast two cuts in their Dec. 18 economic projections, traders immediately stepped up bets that the central bank would cut once, or not at all.\n\nThose wagers have taken a toll on bond returns.\n\nAs of Dec. 26, an ICE BofA index of U.S. Treasurys was poised to deliver worse returns than T-bills for the fourth straight year, having returned 0.4% compared with T-bills’ 5.2%. The widely tracked Bloomberg U.S. Aggregate Index, which includes investment-grade corporate bonds and mortgage-backed securities as well as Treasurys, has returned 1.1%, after barely outperforming T-bills in 2023 and falling short the previous two years.\n\nIn the past, bonds would usually follow a bad year with a good year. That hasn’t happened recently, prompting “this reluctance to deal with the asset class,” said Brian Nick, head of portfolio strategy at NewEdge Wealth.\n\nInvestors have pulled $5.3 billion out of BlackRock’s iShares 20+ Year Treasury Bond ETF this month, according to FactSet. If that number holds to the end of December, it would be the largest monthly outflow in the fund’s 22-year history.\n\nTumbling bond prices pushed the yield on the benchmark 10-year U.S. Treasury note up to 4.619% as of Friday, according to Tradeweb. That was up from 4.192% at the end of November and 3.860% at the end of 2023.\n\nNot everyone is so pessimistic. Economists at Goldman Sachs have forecast that inflation will resume its downward trajectory next year, allowing the Fed to cut rates three times. Rates strategists at the bank predicted that 10-year Treasurys would outperform bills in 2025, arguing that the market has already priced in strong U.S. growth and hefty federal budget deficits.\n\nRising yields create their own headwinds for the economy because Treasury yields set a floor on an array of borrowing costs. Their recent uptick has already driven average 30-year mortgage rates back up near 7%, extending a deep slump in home buying.\n\nPressure on bonds can also squeeze riskier assets. Stock valuations are currently lofty by most measures, but particularly so when weighed against the risk-free return investors can get by holding a 10-year Treasury note to maturity. Historically, that has meant that stocks have struggled to outperform bonds over the next 10 years, according to data compiled by the economist Robert Shiller .\n\nInvestors should own “at least as many bonds in your portfolio as you normally would, and maybe even more if you are sort of setting this and forgetting it for a very long period of time,” said Nick of NewEdge Wealth. “Bonds are offering you more value than the broad equity market is.”\n\nStill, many others are hesitant. The 10-year yield could easily climb above 5% if Trump adds to inflation by raising tariffs and can’t curb increases in the supply of Treasurys by reducing the budget deficit, said Yung-Yu Ma, chief investment officer at BMO Wealth Management.\n\nIn hindsight, it is the low-rate world of the 2010s that is starting to look as though it was “a complete bubble” for bonds, he added.\n\nSHARE YOUR THOUGHTS What is your outlook on bonds right now? Join the conversation below.\n\nWrite to Sam Goldfarb at sam.goldfarb@wsj.com\n\nNavigating the Markets Coverage and analysis, selected by editors Get WSJ's Markets A.M. Newsletter",
    "published": "2024-12-29"
  },
  {
    "source": "WSJ",
    "title": "Discounts on the Dealership Lot Lift Car Sales",
    "summary": "Some automakers have seen inventory jump to prepandemic levels, prompting them to spend more on promotions",
    "link": "https://www.wsj.com/business/autos/auto-industry-sales-tariff-outlook-25bfc816?mod=Searchresults_pos20&page=96",
    "content": "New-vehicle prices are expected to ease further in 2025, with discounts continuing to flow.\n\nCar shopping in 2024 started to get back to normal for the first time this decade, with ample choice on the dealership lot and even some bargains for shoppers.\n\nAfter years of depressed inventory stemming from pandemic-era supply chain problems, U.S. dealers’ stock levels have largely recovered. That has put pressure on retailers and automakers to more aggressively price their unsold vehicles.\n\nCar buyers received about $3,400 in discounts and other incentives on average during the busy December shopping season, up more than 25% from a year earlier, according to research firm J.D. Power. The offers have included low- and zero-percent interest rates, cash-back offers and cheap leases, especially on electric vehicles.\n\nThe increase in promotions in recent months has offered inflation-weary car shoppers some relief after several years of having to shell out sums near or even above the sticker price. The stronger promotions have helped boost overall U.S. vehicles sales.\n\nIndustrywide U.S. sales rose by about 7% in December, according to a J.D. Power forecast. Most automakers are scheduled to report their latest sales tallies Friday.\n\n“There are good deals to be had out there,” said Geoffrey Pohanka , a Maryland-based dealer who sells Chevrolet, Jeep, Nissan and other brands.\n\nFor the year, U.S. vehicle sales are expected to rise 3%, to about 16 million vehicles sold, decelerating from 12% growth in 2023. Industry forecasters expect sales to edge slightly higher again next year.\n\nA few carmakers, including Toyota, are still operating with thin inventory, offering fewer deals and discounts than other makers. Photo: David Paul Morris/Bloomberg News\n\n“The current business is solid from a historical perspective,” Tom Donnelly , chief executive of Mazda’s North American operations, said of the auto industry. “I mean, years ago, 15 million, we’d be high-fiving.”\n\nPressures on carmakers are building though, Donnelly said, citing tightening tailpipe-emissions regulations and the need to invest in electric cars.\n\n“You’re trying to balance the decent environment that the industry is in with this once-in-a-century transition that the industry is having to undergo,” he said.\n\nThe U.S. car market hasn’t returned to the 17-million-vehicle annual sales mark that held steady for several years before the pandemic disruptions. Analysts and car executives say that is partly because many shoppers remain priced out of the market, despite the recent return of promotions and discounts.\n\nHigher interest rates have kept monthly payments elevated relative to prepandemic levels. Also, a dwindling number of smaller, cheaper cars for entry-level buyers has curbed overall sales.\n\nAverage discounts are currently about 8% of the sticker price, according to research firm Cox Automotive, up sharply from recent years but still below the 10% industry prepandemic norm.\n\nThe affordability problem is one of several factors clouding the outlook for the car industry heading into the new year, despite the steady pace of vehicle sales and a stable economic picture.\n\nLighter-than-expected demand for electric vehicles has prompted automakers to backtrack on some plans to open EV-related factories and roll out battery-powered models.\n\nMeanwhile, President-elect Donald Trump’s administration has also floated the possibility of steep tariffs on all products imported from Mexico and Canada, threatening a major import pipeline for the industry.\n\nElectric-vehicle shoppers have a good shot at finding leasing deals now, industry executives say. Photo: Cole Burston/Reuters\n\nMexico has emerged in recent years as a bigger source of lower-priced U.S. models. Mary Barra , General Motors’ chief executive, in December said that Trump’s proposed tariffs could have a “very substantial impact” on the carmaker.\n\nSome automakers have laid off workers in recent months, including GM and Stellantis, whose CEO abruptly resigned in early December.\n\nCarmakers will need to work harder in 2025 to attract customers because the pent-up demand from several years of vehicle shortages has largely been filled, analysts say. Many car owners also face elevated interest rates, repair bills and insurance premiums.\n\nSHARE YOUR THOUGHTS What is your outlook on the auto industry heading into 2025? Join the conversation below.\n\nNew-vehicle prices are expected to continue easing in 2025, a benefit to car shoppers but a potential profit hit for automakers. Morgan Stanley analysts predict that car buyers on average will pay 2% to 3% less for new wheels in the coming year.\n\nThe discounts should continue to flow because of improved vehicle availability. There were about 2.7 million vehicles on U.S. dealer lots or en route to stores at the end of December, up 17% from a year earlier, according to research firm Wards Intelligence.\n\nSupply is uneven across manufacturers, though, and some carmakers are still operating with thin inventory, meaning consumers loyal to a particular brand may not get the sweetest deal. Toyota’s inventory remains tight, and the Japanese car brand has discounted less than rivals, according to Cox Automotive.\n\nElectric-vehicle shoppers have the best shot at finding a good offer right now, particularly for those willing to lease a vehicle instead of buying it outright.\n\nEV sales leader Tesla recently sweetened its offers, including 0% financing on the Model 3 sedan and Model Y SUV and leases for $299 a month.\n\nIn November, consumers financed the purchase of an electric Kia EV6 with an average monthly payment of $816, according to Edmunds’ data. A lease, meanwhile, went for $471 a month on average.\n\n“Our message to consumers is: If you want an EV, now is the time to buy,” Pohanka said.\n\nWrite to Ryan Felton at ryan.felton@wsj.com",
    "published": "2024-12-29"
  },
  {
    "source": "WSJ",
    "title": "What I Got Right About Markets in 2024—and Very Wrong",
    "summary": "The economy, AI and Donald Trump all threw our columnist some curveballs",
    "link": "https://www.wsj.com/finance/stocks/what-i-got-right-about-markets-in-2024and-very-wrong-94b56f95?mod=Searchresults_pos6&page=132",
    "content": "I started out the year arguing that there’s no bubble in artificial-intelligence stocks. I’ve ended it concerned about froth after anything AI-related soared in price and the market as a whole reached dizzying heights.\n\nThe easiest excuse for a columnist is that yesterday’s articles are, as Brits say, today’s fish-and-chip wrappers. But smart investors keep a diary of why they bought or sold so they can avoid rationalizing the outcome later. And writers, too, should learn from their mistakes.\n\nThis year markets cared about three things: the booming economy and inflation, artificial intelligence and Donald Trump’s re-election. Streetwise had a fairly simple take on each.\n\nThe economy was too strong, which meant the Federal Reserve was likely to have to keep rates higher than expected. As the year went on, the economy stayed far stronger than expected; third-quarter growth was raised to 3.1% at an annual rate.\n\nThen the Fed at its December meeting finally acknowledged that the strong economy meant core inflation—excluding volatile food and energy—would be higher next year than it started out forecasting for this year. Stocks plummeted.\n\nAs it turned out, I was wrong. True, 2024 core inflation came in higher than the median Fed policymaker predicted at the end of 2023. True, the economy grew almost twice as fast as predicted. Yet, contrary to what I expected, the Fed cut rates more than it predicted at the outset of the year. My excuse: If the Fed itself doesn’t understand what economists call its “reaction function,” what chance is there for the rest of us?\n\nFor the first half of the year, though, the Fed was keeping rates higher than the markets expected, and that held back the market—so long as you ignore the biggest stocks. The equal-weighted S&P 500 was up just 4% by the end of June, exactly the same as the (normally-weighted) MSCI index of the rest of the world. Meanwhile the ordinary S&P, where the top 10 stocks now account for more than a third of the weight, was up 14%.\n\nAI didn’t start out the year as a bubble, but it was the growing excitement about it that drove those big stocks to such outperformance that they lifted the entire market.\n\nTrump’s big win drove great excitement in stocks and bitcoin, as investors focused on his plans to cut taxes and reduce regulations. I looked both at the inconsistency in what counted as a Trump Trade, as stocks and sectors were briefly focused on then discarded, and at the risks from tariffs and overstimulating a hot economy.\n\nThe risks have come back into focus, with the S&P equal-weight and Russell 2000 index of smaller companies—which suffer more from higher rates—both giving up all their postelection gains. Even bitcoin has fallen back below $100,000, though it remains enormously higher on hopes that anti-crypto regulations will be ditched.\n\nMy biggest mistake this year was thinking that the summer selloff marked a switch of market narrative. I thought investors were moving from worrying about overheating to thinking again about recession, and the story would last given some weak economic data. But a monster half-percentage-point rate cut by the Fed combined with upward revisions to the data to calm everyone down. In the end, the selloff merely cleared out some of the excess speculation, especially in the weak-yen trade.\n\nStill, at least I wasn’t taken in by the bears’ belief that the 10-year Treasury yield once again being higher than the 2-year yield presaged imminent recession. Recession might happen, but the Fed wasn’t cutting rates because it thought we were on the cusp of one. This is the usual reason such a “disinversion” of the yield curve happens.\n\nThe big lesson for the outlook now is to remember that a big drop in stocks can be purely temporary when driven by sentiment and positioning. Back in 2020, I got this right. But in the summer I thought the drop was about fundamentals; it turned out to be mostly the unwind of a crowded trade.\n\nSHARE YOUR THOUGHTS What are your markets predictions for 2025? Join the conversation below.\n\nThe plunge in share prices shortly before Christmas could be either fundamentals or crowding. Investors were wildly optimistic both about AI and American exceptionalism. Next year might give us answers on both. Will AI be able to overcome hallucinations and high energy requirements to deliver profitable, useful applications that boost productivity? Will the U.S. economy maintain its extraordinary lead?\n\nMy guess continues to be that AI hype has run ahead of reality, but the scale of research spending means breakthroughs are plausible, if unpredictable. My worries about the economy focus on the risk of a trade war and the danger that growth has been a mere figment of huge government deficits. Both depend in large part on whether Trump does what he said. If he both starts a trade war and, with the help of billionaire Elon Musk, cuts spending so much that the deficit falls, a sharp slowdown would be in the cards next year.\n\nWrite to James Mackintosh at james.mackintosh@wsj.com",
    "published": "2024-12-29"
  },
  {
    "source": "WSJ",
    "title": "China Has Limited Firepower to Counter U.S. Tariffs",
    "summary": "While Beijing has already brandished the ways it could hit back at Trump’s levies, such retaliation risks boomeranging",
    "link": "https://www.wsj.com/economy/trade/china-has-limited-firepower-to-counter-u-s-tariffs-108df7e9?mod=Searchresults_pos7&page=44",
    "content": "China’s need to keep goods flowing to the West from its ports would be a weakness in a trade war with the U.S.\n\nSINGAPORE—In the weeks since the election, China has flaunted the ways in which it could hit back at the U.S. in the event of a new trade war with the U.S., including everything from choking off the metals needed for everyday products to punishing American companies that do business in China.\n\nBut using such tools too aggressively risks backfiring on Beijing.\n\nThe big danger is that taking shots at Western companies and restricting exports of critical minerals and other essentials will only encourage the U.S. and its allies to double down on their efforts to untangle their economies from China’s.\n\nThat would spell trouble for Beijing as long as it remains wedded to an economic model that relies so heavily on selling its goods to Western consumers.\n\nWhile China can inflict pain on the U.S. with the economic tools at its disposal, it is more likely to wield them sparingly, according to analysts. Instead, Beijing could use the measures to force talks to negotiate a truce with Donald Trump should he follow through on his promise to impose 60% tariffs on Chinese imports.\n\nTariffs are at the center of former President Donald Trump’s economic plan. It would be a dramatic shift in trade policy, but how would they work? WSJ explains what the proposals would look like and how they’d affect consumers. Photo illustration: Madeline Marshall\n\n“Just using these tools willy-nilly doesn’t make sense. You have to be driving towards an outcome, which is some sort of negotiation,” said Logan Wright, head of China markets research at Rhodium Group, a New York-based think tank.\n\nWhen Trump began hitting Chinese imports with tariffs in 2018, Beijing responded by raising tariffs of its own on imports of U.S. products such as food, chemicals and textiles.\n\nWith a more intense trade skirmish looming, Beijing has been showcasing the tools it has refined since the trade war during Trump’s first administration—tools it believes are more effective than a tit-for-tat escalation in tariffs.\n\nIn December, Beijing tightened controls on exports of raw materials used in the manufacture of advanced electronics and batteries and in other high-tech fields. That move was in response to the Biden administration’s decision to cut China’s access to certain memory chips used in artificial intelligence. Beijing has also extended controls over parts used in the manufacture of drones, which have proved vital to Ukraine’s defense against Russia’s full-scale invasion.\n\nNvidia, which has offices in Chinese cities including Shanghai, is being investigated by Beijing authorities. Photo: Qilai Shen/Bloomberg\n\nChina also has announced an antitrust investigation of Nvidia, the U.S. chip juggernaut, saying it might have violated the terms of a conditional approval it received from Beijing in 2020 for its acquisition of an Israeli networking company.\n\nBeijing also maintains an “unreliable entity list” of companies that face extra hurdles in doing business in China. In September, it said it was considering placing PVH, the owner of Calvin Klein and Tommy Hilfiger, on the list because of reports that the U.S. company had boycotted cotton products from China’s Xinjiang region, where China is accused of using forced labor in its factories. Beijing denies the forced-labor allegations.\n\nYet analysts said this mix of export restrictions and the targeting of U.S. companies isn’t such a potent set of countermeasures.\n\nAlthough China dominates the production and refining of critical minerals, it isn’t the sole supplier worldwide. Last year the U.S. imported more raw gallium from Canada than it did from China, and its top supplier of processed germanium was Germany, according to Census Bureau data. Both minerals are critical to the production of semiconductors, missile systems and solar cells.\n\nChina’s dominance of critical minerals relies in part on its ability to supply global markets at low prices, making it uneconomic for rivals to invest in alternative production. But export controls risk pushing up the market price, changing that calculus.\n\n“The more of a strain it is to get these things, the more investment goes into processing,” said Matthew Gertken, chief geopolitical strategist at BCA Research.\n\nSHARE YOUR THOUGHTS How do you think a trade war between the U.S. and China would play out? Join the conversation below.\n\nMoreover, as Russia’s ability to evade Western sanctions has shown, third countries are usually prepared to act as middlemen in global trade, allowing eager buyers to sidestep efforts by sellers to impose restrictions on sales to a particular country. If China got tough on exports of minerals to the U.S., American companies could potentially secure what they need through re-exports by third countries, Gertken said.\n\nNor is punishing U.S. companies that do business in China the potent threat it once was. China’s sluggish economy and its push to edge out Western brands in favor of domestic rivals mean many U.S. companies are struggling there. As a result, China has become less important to American corporations than it was.\n\nGeneral Motors said in December that it expects to take more than $5 billion in noncash charges in the fourth quarter. Weakness in its China business will force the automaker to close plants and offer fewer models there.\n\nRows of vehicles stretch across a lot at a General Motors factory in Shanghai. Photo: Qilai Shen/Bloomberg\n\nIf Beijing were to squeeze U.S. companies operating in China, such a move could give the second Trump administration pause, particularly if it spooked the stock market. But it also might persuade U.S. companies to dial back their presence in China and dissuade new ones from investing.\n\n“Every aggressive move by China accelerates U.S. companies’ diversification and decoupling efforts,” said Craig Singleton, senior China fellow at the nonpartisan Foundation for Defense of Democracies. “It’s a self-reinforcing cycle, much like China’s own economic spiral—Beijing’s actions ultimately weaken its hand further.”\n\nBeijing has other options. There are many ways that China could retaliate using low-value and low-tech products, said Martin Lynge Rasmussen , senior strategist at Exante Data, a research firm. Such is China’s dominance of everyday manufactured goods—think screws, bolts, charging cables—that it has the potential to be downright annoying for American consumers. That could be politically costly for Trump.\n\n“There are a lot of things that China could just choke off at little domestic cost,” he said.\n\nChina could also let its currency weaken against the dollar, giving its exports a leg up in world markets and in the U.S. and helping to offset higher tariffs. But such a move could drive capital flight from China, something Beijing is anxious to avoid. Most economists think Beijing might tolerate a limited and controlled devaluation, but not a steep slide in the yuan.\n\nA cargo vessel on the Huangpu River in Shanghai. Photo: Alex Plavevski/Shutterstock\n\nFinally, there is the nuclear option for Beijing of a fire sale of its vast holdings of U.S. Treasurys. China is the second-largest foreign holder of U.S. Treasurys after Japan, with $760 billion in holdings as of October, though some experts think the true size of its portfolio of Treasurys and other U.S. assets is much higher, perhaps as much as half of its $3.6 trillion in official reserves. Some said Beijing could consider such an extreme scenario if a trade conflict spiraled dramatically and it sought to cause financial chaos in response.\n\nYet economists point out that the Federal Reserve could step in to stabilize the bond market with open-ended purchases, just as it did in 2020. It then bought $1 trillion of Treasurys offloaded by foreign central banks and private-sector investors desperate for cash at the start of the pandemic. A fire sale would also leave Beijing with a lot of dollars that it would have to recycle into some other asset. Selling them and buying yuan would drive up the value of its own currency.\n\nOverall, according to analysts, Beijing must be mindful of how its efforts to hit back at the U.S. will be viewed by the rest of the world. Just as some countries voice unease over their dependence on the dollar and the U.S. financial system, others might look askance at their dependence on China for manufactured goods.\n\n“Ultimately, these are your customers. You have to keep them buying from you,” said Rhodium’s Wright. “One way or the other, Beijing has incentives to slow escalation.”\n\nWrite to Jason Douglas at jason.douglas@wsj.com\n\nU.S.-China Tensions Tracking the complicated relationship of the world’s two largest economies Podcast series: China Builds Influence With Infrastructure",
    "published": "2024-12-29"
  },
  {
    "source": "WSJ",
    "title": "He Lost 35% Ignoring 2024’s Biggest Trades: ‘I Am Not Good at What I Am Doing’",
    "summary": "Richard Toh’s raw mea culpa details how he ignored Nvidia and bitcoin and misread tariffs",
    "link": "https://www.wsj.com/finance/investing/richard-toh-kenrich-partners-hedge-fund-losses-07807134?mod=Searchresults_pos1&page=42",
    "content": "Hedge-fund manager Richard Toh wrote, ‘Nvidia did not fit any of the criterion based on our value way of looking at companies.’\n\nIn early December, Richard Toh , the chief executive and investment officer for the Singapore-based hedge-fund firm Kenrich Partners, sent a four-page letter to investors.\n\nThe news was bad.\n\nKenrich’s Ocular Asia fund, which managed around $50 million, lost 7.9% in November. The bigger picture was worse—it had lost 35.4% so far in 2024. By comparison, its benchmark of Asian stocks outside of Japan was up 8.6% for the year.\n\nFor a page and a half, Toh discussed tariffs, investments and missed opportunities while weaving in mentions of Donald Trump, Elon Musk and Taylor Swift . Then he got to the point.\n\n“I have come to the realization that I am not good at what I am doing but I guess some of you may have sensed that already,” he wrote. “I am sorry I have let you down.”\n\nHedge funds come and go, but few have done so with the kind of pathos and self-flagellation that Toh heaped upon his investors. (The letter was unsigned, but an employee at the fund confirmed Toh was the author. He declined, through this employee, to comment further.)\n\n“I pretty much missed all the major themes in the last two years,” Toh wrote. “I was hopelessly out of sync with the market, buying when I should be selling and selling when I should be buying. We got whipsawed several times this year even as we got some facts correct.”\n\nSome investments in artificial intelligence and video-streaming companies did well in November. But he explained how Asian companies were caught off guard by President-elect Trump’s plans to place tariffs on imports from Mexico, where many of them assemble AI servers.\n\nThen, he told a story about questioning one of his young software engineers’ personal holdings, and why he owned a single stock.\n\n“After consulting him for his reasons, which were not much, I told him that we did not invest in the US markets and that Nvidia NVDA -0.51 %decrease; red down pointing triangle did not fit any of the criterion based on our value way of looking at companies,” Toh wrote. Shares of Nvidia—which makes graphic processing unit chips that are integral to AI software—rose over 180% so far in 2024, putting its market value above $3 trillion.\n\nSHARE YOUR THOUGHTS What do you make of Richard Toh’s letter to investors? Join the conversation below.\n\nThe software engineer’s only other holding? Bitcoin. In response, Toh started mining Ethereum, which hasn’t risen as stratospherically as the original cryptocurrency.\n\n“I learned from that episode that sometimes the best investments are precisely the ones you cannot explain and probably made no sense. It also told me I am getting too old,” he wrote.\n\nToh isn’t a well-known name in capital markets, but he has been in the investing business for nearly 40 years. According to an archived bio on his company’s website, he founded Kenrich in 1998 after working at Morgan Stanley Asset Management in Singapore.\n\nIt isn’t clear from the letter what dragged on the fund’s portfolio. The second-largest holding by the end of November was Taiwan Semiconductor Manufacturing, which has roughly doubled so far in 2024. Its two other largest holdings were Naver, the South Korean owner of a search engine, and Sunny Optical Technology, a lens supplier for Chinese smartphones. Neither had fallen as much as the broader portfolio by the end of the month.\n\nToh informed his investors that the fund was shutting down by the end of 2024. As of the end of November, about a third of its assets were already in cash.\n\nIt wasn’t clear if Kenrich as a whole was closing, or just the Ocular fund, which started in 2018. After distributing the remainder of the capital, Toh said he planned to take a year to rest and “change the way I look at things.”\n\nWrite to Kevin T. Dugan at kevin.dugan@wsj.com\n\nNavigating the Markets Coverage and analysis, selected by editors Get WSJ's Markets A.M. Newsletter",
    "published": "2024-12-29"
  },
  {
    "source": "WSJ",
    "title": "China Has Limited Firepower to Counter U.S. Tariffs",
    "summary": "While Beijing has already brandished the ways it could hit back at Trump’s levies, such retaliation risks boomeranging",
    "link": "https://www.wsj.com/economy/trade/china-has-limited-firepower-to-counter-u-s-tariffs-108df7e9?mod=Searchresults_pos8&page=45",
    "content": "China’s need to keep goods flowing to the West from its ports would be a weakness in a trade war with the U.S.\n\nSINGAPORE—In the weeks since the election, China has flaunted the ways in which it could hit back at the U.S. in the event of a new trade war with the U.S., including everything from choking off the metals needed for everyday products to punishing American companies that do business in China.\n\nBut using such tools too aggressively risks backfiring on Beijing.\n\nThe big danger is that taking shots at Western companies and restricting exports of critical minerals and other essentials will only encourage the U.S. and its allies to double down on their efforts to untangle their economies from China’s.\n\nThat would spell trouble for Beijing as long as it remains wedded to an economic model that relies so heavily on selling its goods to Western consumers.\n\nWhile China can inflict pain on the U.S. with the economic tools at its disposal, it is more likely to wield them sparingly, according to analysts. Instead, Beijing could use the measures to force talks to negotiate a truce with Donald Trump should he follow through on his promise to impose 60% tariffs on Chinese imports.\n\nTariffs are at the center of former President Donald Trump’s economic plan. It would be a dramatic shift in trade policy, but how would they work? WSJ explains what the proposals would look like and how they’d affect consumers. Photo illustration: Madeline Marshall\n\n“Just using these tools willy-nilly doesn’t make sense. You have to be driving towards an outcome, which is some sort of negotiation,” said Logan Wright, head of China markets research at Rhodium Group, a New York-based think tank.\n\nWhen Trump began hitting Chinese imports with tariffs in 2018, Beijing responded by raising tariffs of its own on imports of U.S. products such as food, chemicals and textiles.\n\nWith a more intense trade skirmish looming, Beijing has been showcasing the tools it has refined since the trade war during Trump’s first administration—tools it believes are more effective than a tit-for-tat escalation in tariffs.\n\nIn December, Beijing tightened controls on exports of raw materials used in the manufacture of advanced electronics and batteries and in other high-tech fields. That move was in response to the Biden administration’s decision to cut China’s access to certain memory chips used in artificial intelligence. Beijing has also extended controls over parts used in the manufacture of drones, which have proved vital to Ukraine’s defense against Russia’s full-scale invasion.\n\nNvidia, which has offices in Chinese cities including Shanghai, is being investigated by Beijing authorities. Photo: Qilai Shen/Bloomberg\n\nChina also has announced an antitrust investigation of Nvidia, the U.S. chip juggernaut, saying it might have violated the terms of a conditional approval it received from Beijing in 2020 for its acquisition of an Israeli networking company.\n\nBeijing also maintains an “unreliable entity list” of companies that face extra hurdles in doing business in China. In September, it said it was considering placing PVH, the owner of Calvin Klein and Tommy Hilfiger, on the list because of reports that the U.S. company had boycotted cotton products from China’s Xinjiang region, where China is accused of using forced labor in its factories. Beijing denies the forced-labor allegations.\n\nYet analysts said this mix of export restrictions and the targeting of U.S. companies isn’t such a potent set of countermeasures.\n\nAlthough China dominates the production and refining of critical minerals, it isn’t the sole supplier worldwide. Last year the U.S. imported more raw gallium from Canada than it did from China, and its top supplier of processed germanium was Germany, according to Census Bureau data. Both minerals are critical to the production of semiconductors, missile systems and solar cells.\n\nChina’s dominance of critical minerals relies in part on its ability to supply global markets at low prices, making it uneconomic for rivals to invest in alternative production. But export controls risk pushing up the market price, changing that calculus.\n\n“The more of a strain it is to get these things, the more investment goes into processing,” said Matthew Gertken, chief geopolitical strategist at BCA Research.\n\nSHARE YOUR THOUGHTS How do you think a trade war between the U.S. and China would play out? Join the conversation below.\n\nMoreover, as Russia’s ability to evade Western sanctions has shown, third countries are usually prepared to act as middlemen in global trade, allowing eager buyers to sidestep efforts by sellers to impose restrictions on sales to a particular country. If China got tough on exports of minerals to the U.S., American companies could potentially secure what they need through re-exports by third countries, Gertken said.\n\nNor is punishing U.S. companies that do business in China the potent threat it once was. China’s sluggish economy and its push to edge out Western brands in favor of domestic rivals mean many U.S. companies are struggling there. As a result, China has become less important to American corporations than it was.\n\nGeneral Motors said in December that it expects to take more than $5 billion in noncash charges in the fourth quarter. Weakness in its China business will force the automaker to close plants and offer fewer models there.\n\nRows of vehicles stretch across a lot at a General Motors factory in Shanghai. Photo: Qilai Shen/Bloomberg\n\nIf Beijing were to squeeze U.S. companies operating in China, such a move could give the second Trump administration pause, particularly if it spooked the stock market. But it also might persuade U.S. companies to dial back their presence in China and dissuade new ones from investing.\n\n“Every aggressive move by China accelerates U.S. companies’ diversification and decoupling efforts,” said Craig Singleton, senior China fellow at the nonpartisan Foundation for Defense of Democracies. “It’s a self-reinforcing cycle, much like China’s own economic spiral—Beijing’s actions ultimately weaken its hand further.”\n\nBeijing has other options. There are many ways that China could retaliate using low-value and low-tech products, said Martin Lynge Rasmussen , senior strategist at Exante Data, a research firm. Such is China’s dominance of everyday manufactured goods—think screws, bolts, charging cables—that it has the potential to be downright annoying for American consumers. That could be politically costly for Trump.\n\n“There are a lot of things that China could just choke off at little domestic cost,” he said.\n\nChina could also let its currency weaken against the dollar, giving its exports a leg up in world markets and in the U.S. and helping to offset higher tariffs. But such a move could drive capital flight from China, something Beijing is anxious to avoid. Most economists think Beijing might tolerate a limited and controlled devaluation, but not a steep slide in the yuan.\n\nA cargo vessel on the Huangpu River in Shanghai. Photo: Alex Plavevski/Shutterstock\n\nFinally, there is the nuclear option for Beijing of a fire sale of its vast holdings of U.S. Treasurys. China is the second-largest foreign holder of U.S. Treasurys after Japan, with $760 billion in holdings as of October, though some experts think the true size of its portfolio of Treasurys and other U.S. assets is much higher, perhaps as much as half of its $3.6 trillion in official reserves. Some said Beijing could consider such an extreme scenario if a trade conflict spiraled dramatically and it sought to cause financial chaos in response.\n\nYet economists point out that the Federal Reserve could step in to stabilize the bond market with open-ended purchases, just as it did in 2020. It then bought $1 trillion of Treasurys offloaded by foreign central banks and private-sector investors desperate for cash at the start of the pandemic. A fire sale would also leave Beijing with a lot of dollars that it would have to recycle into some other asset. Selling them and buying yuan would drive up the value of its own currency.\n\nOverall, according to analysts, Beijing must be mindful of how its efforts to hit back at the U.S. will be viewed by the rest of the world. Just as some countries voice unease over their dependence on the dollar and the U.S. financial system, others might look askance at their dependence on China for manufactured goods.\n\n“Ultimately, these are your customers. You have to keep them buying from you,” said Rhodium’s Wright. “One way or the other, Beijing has incentives to slow escalation.”\n\nWrite to Jason Douglas at jason.douglas@wsj.com\n\nU.S.-China Tensions Tracking the complicated relationship of the world’s two largest economies Podcast series: China Builds Influence With Infrastructure",
    "published": "2024-12-29"
  },
  {
    "source": "WSJ",
    "title": "The Authorities Shrug at Bank Fraud",
    "summary": "My check was among the hundreds stolen daily. Nobody wants to do anything.",
    "link": "https://www.wsj.com/opinion/the-authorities-shrug-at-bank-fraud-5efe5368?mod=Searchresults_pos10&page=5",
    "content": "For the second time in three years, my wife and I have been the victims of banking fraud—more specifically, check tampering, sometimes called check washing.\n\nSome months ago, we made a tax payment to the District of Columbia, where we live. We sent a check for tens of thousands of dollars to the D.C. Treasurer, in compliance with applicable rules. As required, we noted on the face of the check that it was a payment for taxes and deposited it in a U.S. Postal Service mailbox.\n\nAfter filing a required tax return, we received an ominous notice from the D.C. Treasurer’s office that we were delinquent in paying our taxes. We sought and obtained a copy of our cashed check from our bank to prove that a mistake had been made.\n\nWe were shocked to discover that the check, which we had made payable to the D.C. Treasurer, had been visibly altered to make it be payable to an individual and had nonetheless been cashed by our bank.\n\nWe immediately filed a claim with our bank, providing meticulous details and documentation. We contacted the bank where the money from the check was deposited. We reached out to the office of the chief financial officer of the District of Columbia and met with officials in the D.C. Treasurer’s office. We filed a report with the D.C. Metropolitan Police. We sought the assistance of the U.S. Attorney for D.C., and we filed a complaint with the USPS.\n\nEveryone we contacted expressed regret that we had been victimized by this fraud. All indicated that they would be happy to help us.\n\nWe foolishly assumed there would be quick action. In particular, we thought that the offender, whose identity is apparent on the face and endorsement of the altered check, would be promptly arrested and charged. We were wrong.\n\nMore than five months later, to our knowledge, no one has been charged. The Postal Service is investigating but thus far has only warned us not to send checks through the mail because, as they informed us, hundreds of checks are stolen each day. The Metropolitan Police has yet to respond. The D.C. Treasurer’s office waived penalties and interest on our “tax delinquency” but has made only modest efforts to find the perpetrator. Our bank agreed to investigate the matter, but only after months of demands and the threat of a lawsuit did it finally return our stolen money.\n\nFraud has become so common that it seems no longer to engender concern, anger or urgency. Law-enforcement agencies seem too overwhelmed by the sheer volume of scams to act. But a continuing failure to pursue the perpetrators of scams and frauds can only be the prelude to society’s moral decay. Our institutions must acknowledge and promptly rectify this abdication of duty.\n\nMr. Leval is a Washington lawyer and author of “Lobbying for Equality: Jacques Godard and the Struggle for Jewish Civil Rights during the French Revolution.”",
    "published": "2024-12-29"
  },
  {
    "source": "WSJ",
    "title": "Fear That China Rules the Waves Jolts U.S. to Pursue Maritime Revival",
    "summary": "Collapse of U.S. commercial shipping and shipbuilding poses national-security risk, says growing chorus in Washington",
    "link": "https://www.wsj.com/politics/national-security/fear-that-china-rules-the-waves-jolts-u-s-to-pursue-maritime-revival-2c4bd8ab?mod=Searchresults_pos13&page=37",
    "content": "Rising tensions with China are prompting Washington to revisit America’s roots as a trading nation of the seas.\n\nProtecting merchant sailors and their cargo was what compelled Congress to commission the U.S. Navy’s first new warships. That was in 1794, targeting North African Barbary pirates. The young republic’s seaborne traders, a linchpin of economic growth, were vital to national security.\n\nThe Navy became a mighty global fighting force. America’s commercial cargo fleet has withered almost to nonexistence.\n\nNow politicians are once again linking national security to a vibrant maritime sector—nonmilitary aspects of the seas—and the benefits it brings to everything from shipbuilding to logistics chains. Washington is seeking ways to reverse its collapse by tapping examples from other industries, encouraging links with shipbuilding allies and plumbing the writings of America’s greatest sea strategist.\n\nThe Philly Shipyard, a rare U.S. producer of commercial ships, recently passed into South Korean ownership. Photo: Heather Khalifa/Bloomberg News\n\nNo nation has ever successfully ranked as a world naval power without also being a global maritime power. Countries that tried but failed to project seaborne might without robust commercial sea networks include the Soviet Union, Nazi Germany and Spain before the Spanish-American War.\n\nNot long ago, America led the world in sea freight. At the end of World War II, the U.S. commercial marine fleet accounted for about half of the world’s cargo-shipping capacity. An American entrepreneur in the 1950s pioneered the shipping container, which revolutionized international commerce.\n\nThe Navy today expends vast resources from the Red Sea to the South China Sea defending the freedom of navigation, but few ships being protected fly the American flag.\n\nU.S. commercial ships today account for less than 1% of the world fleet. U.S. ports are racked by strikes and battles over the type of automation that has supercharged expansion of container terminals across the globe. The Navy struggles to find commercial vessels to support its far-flung operations.\n\nChina, meanwhile, dominates both shipping and shipbuilding. Beijing heavily subsidizes its maritime sector, in turn boosting the efficiency of its breakneck naval shipbuilding campaign. President-elect Donald Trump recently expressed a desire to regain control of the Panama Canal, pointing to China—a top user of the waterway—as part of his thinking.\n\nU.S. private shippers succumbed to economic forces of globalization after the Cold War, when government support shrank. Now calls are increasing for Washington to help resurrect U.S. commercial shipbuilding and freight hauling.\n\nSecretary of the Navy Carlos Del Toro has advocated a focus on “maritime statecraft,” stressing commercial shipping’s importance to the Navy in tasks including refueling ships and carrying vital military supplies. He has pushed to support American shipyards that build not just warships but also commercial vessels.\n\nAdvertisement\n\nAnd he has championed expanding the U.S. Merchant Marine, a corps of commercial sailors who can assist the Navy in wartime and whose ranks have plunged over recent decades. Government and industry officials estimate the U.S. now has fewer than 10,000 merchant mariners, compared with roughly 50,000 in 1960.\n\nSHARE YOUR THOUGHTS How should the U.S. address China’s sea power? Join the conversation below.\n\n“I’m not foolish enough to think it’s going to be easy,” said Del Toro in an interview aboard a Navy cargo ship. “But we’ve got to start somewhere.”\n\nThat start, Navy and industry officials hope, is a piece of legislation recently introduced by Sens. Mark Kelly (D., Ariz.) and Todd Young (R., Ind.) and two House members, the Shipbuilding and Harbor Infrastructure for Prosperity and Security for America Act. If passed, it would be the first major piece of maritime legislation since 1936.\n\nThe SHIPS Act, as it is known, aims to revitalize shipbuilding and shipping over more than a decade while rebuilding the merchant marine. It calls for resources and White House-level involvement comparable to policies on energy, semiconductors and aviation. Del Toro, whose term ends with the Biden administration, and his advisers helped shape the legislation. Dozens of other government offices and trade groups also weighed in.\n\nAdvertisement\n\nTrump’s choice for Navy secretary, John Phelan, a newcomer to naval issues, hasn’t commented on the bill.\n\nThe USS Connecticut set off from Virginia in 1907 and returned in 1909 as part of the Great White Fleet that traveled the world to showcase American naval might. Bettmann Archive, Naval History and Heritage Command\n\nKelly, a Navy veteran and the first graduate of the U.S. Merchant Marine Academy to serve in Congress, said he was motivated by what he sees as a dangerous imbalance: China has more than 5,500 oceangoing merchant vessels in international trade while the U.S. has 80.\n\n“It’s a major problem for us, especially if we wound up in a conflict or we wind up in a situation where China decides for whatever reason that they want to, you know, stop our economy and put brakes on it in a big way,” Kelly said in an interview. “They have the ability to do that.”\n\nThe bill’s prospects in a fractious Congress are uncertain. Supporters say its sponsorship from both parties and both houses is a positive. A sign that it may win favor from the incoming Trump administration is that Kelly’s early partner in drafting the bill was Rep. Mike Waltz (R., Fla.), whom Trump has nominated as his national security adviser.\n\nAdvertisement\n\nWaltz, in a September discussion of maritime strategy alongside Kelly, said that China is expanding its navy on the back of massive investment in commercial shipbuilding. “So a shipyard that can produce one of the world’s largest containerships can then pretty easily flip and produce an aircraft carrier, and do it at scale with the workforce, the steel, the aluminum, and the know-how that has been invested and paid for by their commercial shipbuilding industry,” he said.\n\nSince the Cold War, most official U.S. thinking about presence on the seas focused on warships and what military strategists call “force projection,” or the ability to act militarily far from home. During the wars in Iraq and Afghanistan and smaller conflicts, Navy ships played a critical role.\n\nChina’s rise as a military rival to the U.S. prompted a push to modernize and expand the Navy. In late 2020, at the end of Trump’s first term, his administration called for a surge in Navy shipbuilding.\n\nThe Biden administration has followed its own plans toward similar objectives. Del Toro, while working to improve the Navy’s fighting capacity, has encouraged South Korea and Japan to invest in the U.S. maritime sector. South Korean conglomerate Hanwha on Dec. 19 closed a $100 million takeover of the Philly Shipyard, one of the country’s last producers of commercial ships, from Norwegian investors.\n\nAdvertisement\n\nCommercial shipping’s importance to national security gained renewed attention during the Covid-19 pandemic, when the U.S. and allies faced shortages of necessities as basic as surgical masks. Alarm grew in Western capitals about China’s domination of the sea-freight business, ports and obscure specialties such as tracking cargo data.\n\nNavy Secretary Del Toro, in a 2023 speech at Harvard University’s Kennedy School of Government, presented his vision of maritime statecraft, which he said should be based on more than a strong Navy and Marine Corps.\n\nSecretary of the Navy Carlos Del Toro. Photo: Stefani Reynolds/AFP/Getty Images\n\n“It should also be equally strong on engagement in areas of economic development, trade and climate diplomacy to enable us to compete more successfully on a global scale,” he said.\n\nDel Toro cited the writings of Alfred Thayer Mahan, a naval strategist who died in 1914 and whose work is drawing fresh attention. Mahan “argued that naval power begets maritime commercial power, and control of maritime commerce begets greater naval power,” Del Toro said.\n\nChina’s leadership, he said, “has read and studied Mahan’s theory, and their actions show it.”\n\nAdvertisement\n\nMahan died just as the U.S. was becoming a great naval power. President Theodore Roosevelt in 1907 had sent 16 battleships, dubbed the Great White Fleet, on a two-year, round-the-world show of force.\n\nAmerica was then already a great maritime power. In the 1830s, East Coast shipwrights had developed clippers, speedy ships that let their users grab business by delivering cargo faster than rivals could.\n\nTo showcase U.S. shipbuilding prowess in 1851, the newly formed New York Yacht Club entered an English race attended by Queen Victoria, the Hundred Guinea Cup. The club’s innovation-packed yacht, America, blew past competitors from the era’s greatest naval power. The America’s owners took their trophy home and renamed it the America’s Cup.\n\nNearly a century later, during World War II, shipyards sprouted around the U.S. to make not just warships but also cargo carriers, known as Liberty Ships, designed to be built quickly. Rivalry among yards slashed production time from over seven months per ship to around six weeks.\n\nAdvertisement\n\nLiberty Ships were among the vessels that Allied forces deliberately sank to create breakwaters to aid the D-Day landings. Photo: Agence France-Presse/Getty Images\n\nAt war’s end, the U.S. had roughly 4,500 commercial cargo ships and 75,000 merchant mariners. Those numbers shrank as ships grew in size and efficiency while international competition increased. Decisions by the Reagan administration in the 1980s to end subsidies for shipping and shipbuilding, in part to focus shipyards on a Navy expansion, accelerated the domestic industry’s decline.\n\nToday the U.S. is the world’s leading exporter of liquefied natural gas, but doesn’t have a single LNG ship in its fleet, notes Carleen Lyden Walker, who leads a maritime trade group and this year helped draft a plan to support the sector, titled Zero Point Four, referring to the percentage of the world fleet of oceangoing cargo ships in U.S. hands.\n\n“Our nation suffers from sea blindness,” said Lyden Walker, who works to promote high-paying but unfilled marine jobs. She said audiences she addresses have no idea that clothes, cellphones, fuel and fruit move by ship.\n\nAdvertisement\n\nAdvocates of maritime-industry support say quick action is vital because progress would be slow.\n\n“One of the hardest things to do in this country is recreate a heavy industry,” said James Watson, a retired U.S. Coast Guard rear admiral who works with Lyden Walker and sees renewed attention to the sector as past due.\n\n“Not thinking of the maritime industry as an important part of your economy, that’s kind of crazy,” he said.\n\nWrite to Daniel Michaels at Dan.Michaels@wsj.com\n\nCorrections & Amplifications\n\nPresident Theodore Roosevelt in 1907 sent 16 battleships, dubbed the Great White Fleet, on a two-year, round-the-world show of force. An earlier version of this article incorrectly described the 16 vessels as destroyers. (Corrected on Dec. 29.)",
    "published": "2024-12-29"
  },
  {
    "source": "WSJ",
    "title": "China Has Limited Firepower to Counter U.S. Tariffs",
    "summary": "While Beijing has already brandished the ways it could hit back at Trump’s levies, such retaliation risks boomeranging",
    "link": "https://www.wsj.com/economy/trade/china-has-limited-firepower-to-counter-u-s-tariffs-108df7e9?mod=Searchresults_pos3&page=110",
    "content": "China’s need to keep goods flowing to the West from its ports would be a weakness in a trade war with the U.S.\n\nSINGAPORE—In the weeks since the election, China has flaunted the ways in which it could hit back at the U.S. in the event of a new trade war with the U.S., including everything from choking off the metals needed for everyday products to punishing American companies that do business in China.\n\nBut using such tools too aggressively risks backfiring on Beijing.\n\nThe big danger is that taking shots at Western companies and restricting exports of critical minerals and other essentials will only encourage the U.S. and its allies to double down on their efforts to untangle their economies from China’s.\n\nThat would spell trouble for Beijing as long as it remains wedded to an economic model that relies so heavily on selling its goods to Western consumers.\n\nWhile China can inflict pain on the U.S. with the economic tools at its disposal, it is more likely to wield them sparingly, according to analysts. Instead, Beijing could use the measures to force talks to negotiate a truce with Donald Trump should he follow through on his promise to impose 60% tariffs on Chinese imports.\n\nTariffs are at the center of former President Donald Trump’s economic plan. It would be a dramatic shift in trade policy, but how would they work? WSJ explains what the proposals would look like and how they’d affect consumers. Photo illustration: Madeline Marshall\n\n“Just using these tools willy-nilly doesn’t make sense. You have to be driving towards an outcome, which is some sort of negotiation,” said Logan Wright, head of China markets research at Rhodium Group, a New York-based think tank.\n\nWhen Trump began hitting Chinese imports with tariffs in 2018, Beijing responded by raising tariffs of its own on imports of U.S. products such as food, chemicals and textiles.\n\nWith a more intense trade skirmish looming, Beijing has been showcasing the tools it has refined since the trade war during Trump’s first administration—tools it believes are more effective than a tit-for-tat escalation in tariffs.\n\nIn December, Beijing tightened controls on exports of raw materials used in the manufacture of advanced electronics and batteries and in other high-tech fields. That move was in response to the Biden administration’s decision to cut China’s access to certain memory chips used in artificial intelligence. Beijing has also extended controls over parts used in the manufacture of drones, which have proved vital to Ukraine’s defense against Russia’s full-scale invasion.\n\nNvidia, which has offices in Chinese cities including Shanghai, is being investigated by Beijing authorities. Photo: Qilai Shen/Bloomberg\n\nChina also has announced an antitrust investigation of Nvidia, the U.S. chip juggernaut, saying it might have violated the terms of a conditional approval it received from Beijing in 2020 for its acquisition of an Israeli networking company.\n\nBeijing also maintains an “unreliable entity list” of companies that face extra hurdles in doing business in China. In September, it said it was considering placing PVH, the owner of Calvin Klein and Tommy Hilfiger, on the list because of reports that the U.S. company had boycotted cotton products from China’s Xinjiang region, where China is accused of using forced labor in its factories. Beijing denies the forced-labor allegations.\n\nYet analysts said this mix of export restrictions and the targeting of U.S. companies isn’t such a potent set of countermeasures.\n\nAlthough China dominates the production and refining of critical minerals, it isn’t the sole supplier worldwide. Last year the U.S. imported more raw gallium from Canada than it did from China, and its top supplier of processed germanium was Germany, according to Census Bureau data. Both minerals are critical to the production of semiconductors, missile systems and solar cells.\n\nChina’s dominance of critical minerals relies in part on its ability to supply global markets at low prices, making it uneconomic for rivals to invest in alternative production. But export controls risk pushing up the market price, changing that calculus.\n\n“The more of a strain it is to get these things, the more investment goes into processing,” said Matthew Gertken, chief geopolitical strategist at BCA Research.\n\nSHARE YOUR THOUGHTS How do you think a trade war between the U.S. and China would play out? Join the conversation below.\n\nMoreover, as Russia’s ability to evade Western sanctions has shown, third countries are usually prepared to act as middlemen in global trade, allowing eager buyers to sidestep efforts by sellers to impose restrictions on sales to a particular country. If China got tough on exports of minerals to the U.S., American companies could potentially secure what they need through re-exports by third countries, Gertken said.\n\nNor is punishing U.S. companies that do business in China the potent threat it once was. China’s sluggish economy and its push to edge out Western brands in favor of domestic rivals mean many U.S. companies are struggling there. As a result, China has become less important to American corporations than it was.\n\nGeneral Motors said in December that it expects to take more than $5 billion in noncash charges in the fourth quarter. Weakness in its China business will force the automaker to close plants and offer fewer models there.\n\nRows of vehicles stretch across a lot at a General Motors factory in Shanghai. Photo: Qilai Shen/Bloomberg\n\nIf Beijing were to squeeze U.S. companies operating in China, such a move could give the second Trump administration pause, particularly if it spooked the stock market. But it also might persuade U.S. companies to dial back their presence in China and dissuade new ones from investing.\n\n“Every aggressive move by China accelerates U.S. companies’ diversification and decoupling efforts,” said Craig Singleton, senior China fellow at the nonpartisan Foundation for Defense of Democracies. “It’s a self-reinforcing cycle, much like China’s own economic spiral—Beijing’s actions ultimately weaken its hand further.”\n\nBeijing has other options. There are many ways that China could retaliate using low-value and low-tech products, said Martin Lynge Rasmussen , senior strategist at Exante Data, a research firm. Such is China’s dominance of everyday manufactured goods—think screws, bolts, charging cables—that it has the potential to be downright annoying for American consumers. That could be politically costly for Trump.\n\n“There are a lot of things that China could just choke off at little domestic cost,” he said.\n\nChina could also let its currency weaken against the dollar, giving its exports a leg up in world markets and in the U.S. and helping to offset higher tariffs. But such a move could drive capital flight from China, something Beijing is anxious to avoid. Most economists think Beijing might tolerate a limited and controlled devaluation, but not a steep slide in the yuan.\n\nA cargo vessel on the Huangpu River in Shanghai. Photo: Alex Plavevski/Shutterstock\n\nFinally, there is the nuclear option for Beijing of a fire sale of its vast holdings of U.S. Treasurys. China is the second-largest foreign holder of U.S. Treasurys after Japan, with $760 billion in holdings as of October, though some experts think the true size of its portfolio of Treasurys and other U.S. assets is much higher, perhaps as much as half of its $3.6 trillion in official reserves. Some said Beijing could consider such an extreme scenario if a trade conflict spiraled dramatically and it sought to cause financial chaos in response.\n\nYet economists point out that the Federal Reserve could step in to stabilize the bond market with open-ended purchases, just as it did in 2020. It then bought $1 trillion of Treasurys offloaded by foreign central banks and private-sector investors desperate for cash at the start of the pandemic. A fire sale would also leave Beijing with a lot of dollars that it would have to recycle into some other asset. Selling them and buying yuan would drive up the value of its own currency.\n\nOverall, according to analysts, Beijing must be mindful of how its efforts to hit back at the U.S. will be viewed by the rest of the world. Just as some countries voice unease over their dependence on the dollar and the U.S. financial system, others might look askance at their dependence on China for manufactured goods.\n\n“Ultimately, these are your customers. You have to keep them buying from you,” said Rhodium’s Wright. “One way or the other, Beijing has incentives to slow escalation.”\n\nWrite to Jason Douglas at jason.douglas@wsj.com\n\nU.S.-China Tensions Tracking the complicated relationship of the world’s two largest economies Podcast series: China Builds Influence With Infrastructure",
    "published": "2024-12-29"
  },
  {
    "source": "WSJ",
    "title": "wsj.com",
    "summary": "",
    "link": "https://www.wsj.com/business/corporate-dei-policy-changes-pull-back-33fdab87?mod=Searchresults_pos1&page=134",
    "content": "",
    "published": "2024-12-29"
  }
]