[
  {
    "source": "WSJ",
    "title": "Asia Watching China’s Policy Push Closely as Economies Brace for Spillover",
    "summary": "China’s been an engine of regional growth for the past three decades, but its mounting economic woes have cast a shadow over its neighbors",
    "link": "https://www.wsj.com/world/asia/asia-watching-chinas-policy-push-closely-as-economies-brace-for-spillover-0d7adf0d?mod=Searchresults_pos18&page=94",
    "content": "The CCTV Tower and other buildings at dusk in Beijing. China’s been an engine of regional growth for the past three decades.\n\nAsia is scrutinizing China’s unprecedented efforts to keep its economy humming. If Beijing doesn’t succeed, the fallout will ripple across the region, just as economies there get onto firmer ground.\n\nChina’s been an engine of regional growth for the past three decades, but its mounting economic woes have cast a shadow over its neighbors. As China’s top leaders get serious about reviving the economy, Beijing’s next policy steps could determine if it will again be a regional tailwind.\n\nFor regional economies, it’s not about whether China manages to hit its growth target but whether it stabilizes or veers toward a further slowdown, analysts say.\n\n“The type of China stimulus matters,” Nomura analysts said in a note.\n\nRather than splashy stimulus that delivers a “sugar hit” to get to 5% annual growth, what the rest of Asia really wants is support that targets structural challenges in China’s economy, said Harry Murphy Cruise, economist at Moody’s Analytics.\n\nChina’s policy blitz is viewed as a positive step, particularly as officials have made the right noises about sagging domestic demand and long-brewing problems like youth unemployment. Saturday’s finance ministry meeting stoked hopes for more fiscal stimulus but a lack of details continues to feed doubt about what Chinese recovery efforts mean for the region.\n\n“The package fell short of bold policies to prop up consumption, the property and private sectors,” CreditSights analysts Zerlina Zeng and Karen Wu said in a note.\n\nAsia’s wish list includes: striking a better balance of budget responsibilities between local and central governments, putting a floor under property prices, and ensuring households have the confidence to spend, Cruise said.\n\nThat sort of demand-side stimulus can ensure China will continue to keep buying from the region, and lower risks of something knocking China’s economy off course, such as tariffs or a global shock, he added.\n\nBut it’s not just trade that affects the rest of Asia.\n\n“China is the major source of tourism for most of APAC. If we’re seeing households lose confidence…well, then they’re going to travel less. They’re going to spend less,” said Cruise.\n\nSluggish demand at home prompts Chinese manufacturers to sell abroad, bringing unwelcome competition to the region.\n\nChinese firms’ efforts to sell excess inventories at thin margins overseas have posed intense competition for Southeast Asian manufacturers on their home turfs, said Erica Tay, an economist at Maybank Investment Banking Group. Manufacturers in Thailand have complained about the influx of cheaper Chinese imports, she said.\n\nBut trade flows both ways and Nomura says Asia’s exports to China are influenced by its property construction investment and retail consumption.\n\nAsia may reap fewer benefits if Beijing ramps up infrastructure projects but fiscal stimulus for the property sector, such as direct funding for pre-sold and delayed residential projects that sparks investment, could broaden Asia’s exports recovery and lift commodity prices, Nomura said.\n\nAnother way China’s policy wins and misses are felt in Asia are via financial markets. Wild swings in equities over the past weeks tied to policy announcements show how high-strung markets are, and how easily sentiment can spill over across geographies.\n\nA downturn in financial markets could permeate pretty quickly, “and that hurts most places, very quickly, particularly Hong Kong, Taiwan and Singapore,” Cruise said.\n\nWhile it’s clear China’s policymaking has consequences beyond its borders, regional players can and have managed to cushion the impact of its slowdown.\n\nRegional growth is at or near prepandemic levels and inflation has been largely wrestled into submission.\n\nCountries like Indonesia, Malaysia, the Philippines and Singapore have confounded expectations and posted stellar economic growth, despite a slowing China, Maybank’s Tay said.\n\nRobust domestic demand in Indonesia, and a tech-driven export boom for countries like Singapore and Malaysia, helped blunt the impact of China’s slowdown, she said. An upturn in foreign direct investment in several markets also lent a hand.\n\nStill, the region will welcome forceful fiscal stimulus from Beijing, Tay said.\n\n“We want to see good growth in China’s economy and to get good growth, it’s not about building more. It’s addressing structural concerns,” said Cruise at Moody’s Analytics.\n\nHe sees some cause for optimism.\n\n“China has to change. Previously, yes, you could manufacture your way out of trouble…but when the outlook is for an economy facing more tariffs, where geopolitical tensions are rising, you can’t rely on that growth driver anymore” and the domestic economy needs to shore up growth.\n\nWrite to Fabiana Negrin Ochoa at fabiana.negrinochoa@wsj.com, Kimberley Kao at kimberley.kao@wsj.com, Amanda Lee at amanda.lee@wsj.com",
    "published": "2024-10-14"
  },
  {
    "source": "WSJ",
    "title": "Asia Watching China’s Policy Push Closely as Economies Brace for Spillover",
    "summary": "China’s been an engine of regional growth for the past three decades, but its mounting economic woes have cast a shadow over its neighbors",
    "link": "https://www.wsj.com/world/asia/asia-watching-chinas-policy-push-closely-as-economies-brace-for-spillover-0d7adf0d?mod=Searchresults_pos20&page=93",
    "content": "The CCTV Tower and other buildings at dusk in Beijing. China’s been an engine of regional growth for the past three decades.\n\nAsia is scrutinizing China’s unprecedented efforts to keep its economy humming. If Beijing doesn’t succeed, the fallout will ripple across the region, just as economies there get onto firmer ground.\n\nChina’s been an engine of regional growth for the past three decades, but its mounting economic woes have cast a shadow over its neighbors. As China’s top leaders get serious about reviving the economy, Beijing’s next policy steps could determine if it will again be a regional tailwind.\n\nFor regional economies, it’s not about whether China manages to hit its growth target but whether it stabilizes or veers toward a further slowdown, analysts say.\n\n“The type of China stimulus matters,” Nomura analysts said in a note.\n\nRather than splashy stimulus that delivers a “sugar hit” to get to 5% annual growth, what the rest of Asia really wants is support that targets structural challenges in China’s economy, said Harry Murphy Cruise, economist at Moody’s Analytics.\n\nChina’s policy blitz is viewed as a positive step, particularly as officials have made the right noises about sagging domestic demand and long-brewing problems like youth unemployment. Saturday’s finance ministry meeting stoked hopes for more fiscal stimulus but a lack of details continues to feed doubt about what Chinese recovery efforts mean for the region.\n\n“The package fell short of bold policies to prop up consumption, the property and private sectors,” CreditSights analysts Zerlina Zeng and Karen Wu said in a note.\n\nAsia’s wish list includes: striking a better balance of budget responsibilities between local and central governments, putting a floor under property prices, and ensuring households have the confidence to spend, Cruise said.\n\nThat sort of demand-side stimulus can ensure China will continue to keep buying from the region, and lower risks of something knocking China’s economy off course, such as tariffs or a global shock, he added.\n\nBut it’s not just trade that affects the rest of Asia.\n\n“China is the major source of tourism for most of APAC. If we’re seeing households lose confidence…well, then they’re going to travel less. They’re going to spend less,” said Cruise.\n\nSluggish demand at home prompts Chinese manufacturers to sell abroad, bringing unwelcome competition to the region.\n\nChinese firms’ efforts to sell excess inventories at thin margins overseas have posed intense competition for Southeast Asian manufacturers on their home turfs, said Erica Tay, an economist at Maybank Investment Banking Group. Manufacturers in Thailand have complained about the influx of cheaper Chinese imports, she said.\n\nBut trade flows both ways and Nomura says Asia’s exports to China are influenced by its property construction investment and retail consumption.\n\nAsia may reap fewer benefits if Beijing ramps up infrastructure projects but fiscal stimulus for the property sector, such as direct funding for pre-sold and delayed residential projects that sparks investment, could broaden Asia’s exports recovery and lift commodity prices, Nomura said.\n\nAnother way China’s policy wins and misses are felt in Asia are via financial markets. Wild swings in equities over the past weeks tied to policy announcements show how high-strung markets are, and how easily sentiment can spill over across geographies.\n\nA downturn in financial markets could permeate pretty quickly, “and that hurts most places, very quickly, particularly Hong Kong, Taiwan and Singapore,” Cruise said.\n\nWhile it’s clear China’s policymaking has consequences beyond its borders, regional players can and have managed to cushion the impact of its slowdown.\n\nRegional growth is at or near prepandemic levels and inflation has been largely wrestled into submission.\n\nCountries like Indonesia, Malaysia, the Philippines and Singapore have confounded expectations and posted stellar economic growth, despite a slowing China, Maybank’s Tay said.\n\nRobust domestic demand in Indonesia, and a tech-driven export boom for countries like Singapore and Malaysia, helped blunt the impact of China’s slowdown, she said. An upturn in foreign direct investment in several markets also lent a hand.\n\nStill, the region will welcome forceful fiscal stimulus from Beijing, Tay said.\n\n“We want to see good growth in China’s economy and to get good growth, it’s not about building more. It’s addressing structural concerns,” said Cruise at Moody’s Analytics.\n\nHe sees some cause for optimism.\n\n“China has to change. Previously, yes, you could manufacture your way out of trouble…but when the outlook is for an economy facing more tariffs, where geopolitical tensions are rising, you can’t rely on that growth driver anymore” and the domestic economy needs to shore up growth.\n\nWrite to Fabiana Negrin Ochoa at fabiana.negrinochoa@wsj.com, Kimberley Kao at kimberley.kao@wsj.com, Amanda Lee at amanda.lee@wsj.com",
    "published": "2024-10-14"
  },
  {
    "source": "WSJ",
    "title": "China’s Exports Slow But Continue Run of Growth",
    "summary": "Outbound shipments rose 2.4% from a year earlier in September",
    "link": "https://www.wsj.com/world/china/chinas-exports-slow-but-continue-run-of-growth-60a05622?mod=Searchresults_pos9&page=92",
    "content": "Despite rising trade restrictions, China's exports are expected to remain strong in the near term, supported by gains in export competitiveness and recent fiscal stimulus measures.\n\nExports to major trading partners slowed, with shipments to ASEAN rising 5.5%, the EU rising 1.3%, and the US rising 2.2%.\n\nChina's exports grew 2.4% in September, slower than the 8.7% growth in August, due to bad weather and typhoons.\n\nChina’s exports grew at a slower pace in September, but extended their streak to a sixth consecutive month, driven by Beijing’s efforts to cement its dominance in global manufacturing.\n\nOutbound shipments rose 2.4% from a year earlier in September, down from an 8.7% increase in August, according to data released Monday by the General Administration of Customs.\n\nEconomists surveyed by The Wall Street Journal had expected exports to have grown 6.0% last month.\n\nLv Daliang, a spokesman for China’s customs bureau, said in a briefing Monday that the deceleration in September was mainly due to bad weather, including two typhoons that hit China’s Yangtze River Delta, an export hub.\n\nChina’s shipments to its major trading partners slowed in September, according to calculations by The Wall Street Journal based on the official data. Exports to the Association of Southeast Asian Nations, the country’s top trading partner, rose 5.5% on the year in September, cooling from a 9.0% jump in August. Shipment to the European Union and the U.S., the No. 2 and No. 3 trade partners, rose 1.3% and 2.2% in September, down from 13.4% and 5.0% respectively in August.\n\n“We think shipments will stay strong in the near term, supported by gains in export competitiveness,” said Zichun Huang, an economist at Capital Economics.\n\nHuang estimated that after accounting for changes in prices and seasonality, China’s export volumes softened slightly in September but still rose more than 10% from a year ago.\n\nHowever, that strength comes amid rising trade restrictions from other countries, which threaten to dampen China’s export growth in the long run, she said.\n\nEarlier this month, the EU said it would move ahead with tariffs of up to 45% on electric vehicles made in China. That was followed by Beijing slapping tariffs on European brandy products, reversing its earlier decision to not impose the duties.\n\nMonday’s trade data showed that imports rose 0.3% on the year in September, slowing from August’s 0.5% rise and undershooting the 1.0% growth expected by economists in the WSJ poll.\n\nThat put China’s trade surplus at $81.71 billion in September, down from $91.02 billion in August and the $89.8 billion projected in the WSJ survey.\n\nSluggish domestic demand continues to drag on import demand, and the narrowed surplus is likely to contribute less to third-quarter gross domestic product growth, which will be reported later this week, said Lynn Song, chief economist for Greater China at ING.\n\nBut China’s recent barrage of stimulus to boost the economy could soon start to be felt.\n\nHuang at Capital Economics said China’s imports may recover soon due to the fiscal measures announced over the weekend by the nation’s finance ministry.\n\n“We think this increase in fiscal expenditure will boost construction activity and drive higher demand for industrial commodities, at least for a quarter or two,” she said in a note.\n\nAs trade tensions escalate, it will be tough to sustain the remarkably strong pace of Chinese export growth seen so far this year, which has helped offset weak demand at home, said Zhiwei Zhang , president and chief economist at Pinpoint Asset Management. But the change of fiscal policy stance indicated by the finance ministry over the weekend could shape up to be a critical pillar of growth next year, Zhang added.\n\nThough the process of stepping-up other areas of the economy as some growth engines stall may take longer than what many would hope for, ING’s Song expects a solid fiscal stimulus push to facilitate stabilization and boost the domestic demand side of growth.\n\nAdvertisement\n\nWrite to Singapore editors at singaporeeditors@dowjones.com",
    "published": "2024-10-14"
  },
  {
    "source": "WSJ",
    "title": "China Falls Into Its Own Trap",
    "summary": "Its economic model is unsustainable, but reform is too risky for the Communist Party.",
    "link": "https://www.wsj.com/opinion/china-falls-into-its-own-trap-economic-model-unstable-but-reform-politically-risky-eeebeab6?mod=Searchresults_pos2&page=128",
    "content": "Wars in the Middle East and Ukraine dominate the headlines, but the Indo-Pacific remains the fulcrum of world politics and where the 21st century will take shape. While bombs fall and missiles fly elsewhere, the Chinese Communist Party is wrestling with its greatest challenges since Deng Xiaoping’s reforms fueled a generation of blistering growth in the 1980s. Unfortunately, the economic choices China is making look set to promote greater repression at home and increased tension with neighbors and trading partners around the world.\n\nAccording to recent Wall Street Journal reports, up to 90 million housing units across China stand empty in a country whose population is falling. Real-estate developers cannot service their loans. Local governments, which have long funded their programs by land sales to developers, are drowning in debt. With government encouragement, Chinese households invested nearly 80% of their total savings in real estate. Now that house prices have fallen about 30% since 2021 in some markets, shocked consumers are reining in their spending. Industrial profits are down 17.8% in the past year. Youth unemployment continues to rise. Europe and the U.S. are planning new tariffs against an expected flood of cut-price Chinese exports. Banks don’t want to lend, and foreigners don’t want to invest.\n\nFaced with these problems, China is dodging the difficult task of structural reform. Policies designed to deflate the real-estate bubble are being replaced with measures to strengthen housing demand. Banks will be subsidized to make more loans to flailing factories and overindebted local governments. Efforts to rein in make-work infrastructure spending by local governments (like unneeded highways and bridges to nowhere) will likely yield to a renewed emphasis on creating jobs, even as subsidies encourage unemployed youngsters to get more degrees to qualify for nonexistent jobs.\n\nThe People’s Republic of China is caught in a trap of its own making. The success of China’s one-child policy spawned a demographic crisis. The relentless focus on housing created the biggest real-estate bubble since the dawn of time—and locked local governments and hundreds of millions of ordinary Chinese into an unsustainable Ponzi scheme. The success of China’s market reforms created wealthy entrepreneurs and an educated, ambitious middle class that must be suppressed and controlled if Communist rule is to survive. Tenacious support for an export-oriented manufacturing strategy and the infrastructure it needs committed China to a development path that offers diminishing returns at home and increasing hostility from abroad.\n\nGlobally, Beijing’s overreliance on export-driven economic growth and nationalist chest-thumping to lend communist rule an air of legitimacy impaled China’s communists on the horns of a dilemma. China’s massive industrial economy depends on raw materials and energy from abroad, as well as on access to foreign markets. But the geopolitical ambitions of a rising China and the export avalanche from its titanic industrial base combine to alienate foreign partners and undermine the free-trade consensus that allowed the country to flourish for so long.\n\nXi Jinping and his aides are not stupid. They know that overdependence on housing, exports and big infrastructure is an economic dead end. They know that world markets won’t absorb continuing Chinese export growth. They know that saber-rattling over Taiwan and the Philippines alienates their closest neighbors and alarms the U.S. But shifting China’s economic model onto a more sustainable path is, they fear, too economically expensive and politically risky.\n\nFor Mr. Xi and his colleagues, the supreme goal of statecraft is the maintenance of Communist Party control. This partly represents the personal interests of a red aristocracy determined to defend its privileges, and partly a sincere conviction that a country of China’s size and complexity requires centralized government control to survive. Unable to address its structural economic problems, the Communist Party is returning to its comfort zone: its abilities to repress and to play the nationalism card. It cannot reform China’s economy, but it can force churches to replace images of Jesus with portraits of Mr. Xi. It cannot wean itself from export-dependent growth, but it can accelerate the implementation of high-tech totalitarianism, monitoring citizens at almost every moment of their lives. It cannot return to the era of double-digit economic growth, but it can rally public opinion by whipping up nationalist sentiment.\n\nMeanwhile, Beijing is looking to green tech and information technology for another round of export-led economic development. It already dominates the global solar-panel market and is well on its way to similar success in electric vehicles. Replacing Taiwan as the producer of the world’s most advanced semiconductors would, Beijing hopes, cement China’s position as a global military and economic superpower.\n\nOther countries are bound to resent and resist China’s ambitions in these fields. Trade friction will increase even as nationalist public opinion drives Beijing toward ever more assertive and aggressive policies in its neighborhood.\n\nTwenty twenty-five is going to be an interesting year.\n\nJournal Editorial Report: The week's best and worst from Kim Strassel, Allysia Finley and Dan Henninger. Photo: Imago/Zuma Press",
    "published": "2024-10-14"
  },
  {
    "source": "WSJ",
    "title": "China’s Top Carmaker Dominates Foreign Rivals With $14,000 Plug-In Hybrid",
    "summary": "BYD exploits price edge to hit sales record, while GM, Volkswagen suffer as market shifts away from gasoline",
    "link": "https://www.wsj.com/business/autos/chinas-top-carmaker-dominates-foreign-rivals-with-14-000-plug-in-hybrid-79f93bf5?mod=Searchresults_pos2&page=39",
    "content": "Lowering costs by making its batteries and chips in-house, BYD is one of the few profitable EV makers in China.\n\nBEIJING—From tariffs to technology restrictions, global challenges are mounting for Chinese carmakers. Yet BYD, China’s biggest automaker, has been unstoppable.\n\nLast month, BYD posted its fourth straight month of record global sales with 419,430 vehicles sold. Earlier this year, it seized the position as No. 1 carmaker by sales in China ahead of the Volkswagen VOW3 0.37 %increase; green up pointing triangle group, which reigned for decades.\n\nBYD makes only fully electric vehicles and plug-in hybrids, which together accounted for 53% of the Chinese market in September, according to figures released Saturday by the China Passenger Car Association.\n\nWestern and Japanese automakers specializing in gasoline-powered vehicles, now fighting for a minority of the market, are getting hammered. GM’s September sales with joint venture partner SAIC Motor, with which it produces Buick, Chevrolet and Cadillac cars, declined by more than three-quarters from a year earlier to 22,050 vehicles. Honda dropped 43%.\n\nTesla’s sales in China rose 66% from a year earlier to 72,200 vehicles, data from CPCA showed.\n\nGlobally, GM, Ford and some other Western carmakers have been retreating from their electric ambitions, making it hard to compete in China. Meanwhile, Honda recently opened a new plant in China dedicated to producing electric vehicles and plug-in hybrids.\n\nBYD, or Build Your Dreams, is taking advantage of Chinese consumers’ turn toward frugality. Its Qin L plug-in hybrid, released in May, is similar in size to the Toyota Camry but starts at the equivalent of $14,100, according to BYD’s website, versus a starting suggested retail price of about $24,250 for the Camry.\n\nBYD says the Qin L can run up to roughly 1,300 miles with one charge and a full tank. It comes with the features popular in smartcars such as a front display and voice commands to control the air conditioner and music system.\n\nThe company has been working for years to build its own batteries, improve fuel efficiency and develop plug-in hybrid technology. That has given it a lead in the new-energy vehicle, or NEV, category that includes full EVs and plug-ins, said Yale Zhang, managing director of Shanghai-based market research firm AutoForesight.\n\n“Together with a much-improved vehicle exterior and interior styling from five years ago, it finally seized the opportunity of NEVs starting to enter average families,” he said.\n\nFor much of this year, BYD’s plug-in hybrids have outperformed its full EVs. In September, about 60% of the cars it sold globally were plug-ins.\n\nThe company’s hopes for global expansion have been tempered by a backlash against Chinese cars. In the U.S., the Biden administration imposed a 100% tariff on Chinese EVs and the Commerce Department has proposed banning Chinese components inside connected vehicles. This month, European Union member states voted to impose tariffs of up to 45% on electric cars made in China.\n\nBYD’s overseas sales are still growing year-over-year but at a slower pace, and more than nine in 10 of its vehicles are sold in China. BYD sells in markets including Europe and Central Asia.\n\nBYD is one of the few profitable EV makers in China. Photo: chalinee thirasupa/Reuters\n\nAt home, the Chinese carmakers are riding high, helped by a government cash-for-clunkers program that has brought some consumers back into showrooms. Last year, sales of local brands in China surpassed foreign brands for the first time in decades on an annual basis.\n\nIn April, the BYD group’s sales volume in China surpassed that of the Volkswagen group, said Automobility, a Shanghai-based strategy firm. For the first nine months of the year, BYD’s market share stood at about 16%, while the Volkswagen group—including brands such as Volkswagen, Audi and Skoda but not imported vehicles such as Porsche—was at around 13%, data from Automobility showed. Volkswagen’s China head said in April that it is focused on profitability.\n\nLowering costs by making its batteries and chips in-house, BYD is one of the few profitable EV makers in China.\n\nThis year, BYD intensified a price war by slashing prices. Still, the company reported a 24% increase in net profit in the first half of the year from the same period a year earlier, the latest figure available.\n\nClarence Leong contributed to this article.\n\nWrite to Yoko Kubota at yoko.kubota@wsj.com\n\nCorrections & Amplifications\n\nBYD makes only fully electric vehicles and plug-in hybrids, which together accounted for 53% of the Chinese market in September. A photo caption in an earlier version of this article incorrectly said BYD’s vehicles accounted for 53% of the Chinese market in September. (Corrected on Oct. 15)\n\nThe EV Transition More coverage of the auto industry's challenging shift, selected by the editors",
    "published": "2024-10-14"
  },
  {
    "source": "WSJ",
    "title": "Scale of Chinese Spying Overwhelms Western Governments",
    "summary": "Fears of escalation as China’s intelligence-gathering operation looks to consolidate Xi Jinping’s grip on power",
    "link": "https://www.wsj.com/politics/national-security/scale-of-chinese-spying-overwhelms-western-governments-6ae644d2?mod=Searchresults_pos1&page=169",
    "content": "LONDON—Beijing is conducting espionage activities on what Western governments say is an unprecedented scale, mobilizing security agencies, private companies and Chinese civilians in its quest to undermine rival states and bolster the country’s economy.\n\nRarely does a week go by without a warning from a Western intelligence agency about the threat that China presents.\n\nLast month alone, the Federal Bureau of Investigation said a Chinese state-linked firm hacked 260,000 internet-connected devices, including cameras and routers, in the U.S., Britain, France, Romania and elsewhere. A Congressional probe said Chinese cargo cranes used at U.S. seaports had embedded technology that could allow Beijing to secretly control them. The U.S. government alleged that a former top aide to New York Gov. Kathy Hochul was a Chinese agent.\n\nU.S. officials last week launched an effort to understand the consequences of the latest Chinese hack, which compromised systems the federal government uses for court-authorized network wiretapping requests.\n\nWestern spy agencies, unable to contain Beijing’s activity, are raising the alarm publicly, urging businesses and individuals to be on alert in their interactions with China. But given the country is deeply entwined in the global economy, it is proving a Sisyphean task, said Calder Walton , a national-security expert at Harvard’s Kennedy School of Government. Western governments “are coming to terms with events, in many ways, after the events,” he said.\n\nNewsletter Sign-up WSJ China Exclusive insights on the contest between the U.S. and China, brought to you by the WSJ’s top China correspondent. Preview Subscribed\n\nThe Chinese government’s press office, as well as the ministries of state security, public security and defense, didn’t respond to requests for comment. Beijing has previously denied allegations of espionage targeting Western countries while portraying China as a frequent target of foreign hacking and intelligence-gathering operations.\n\nChinese leader Xi Jinping since taking power in 2012 has increasingly emphasized the importance of national security, calling on officials and ordinary citizens alike to ward off threats to China’s interests. The result is a sweeping information-gathering effort whose scale and perseverance dwarfs that of Kremlin espionage during the Cold War and has jolted Western spy agencies.\n\nChina-backed hackers outnumber all of the FBI’s cyber personnel at least 50 to 1, according to the U.S. agency. One European agency estimates China’s intelligence-gathering and security operations might comprise up to 600,000 people. “China’s hacking program is larger than that of every other major nation, combined,” FBI Director Christopher Wray said earlier this year.\n\nAdvertisement\n\nComplicating the West’s response: Unlike with autocracies such as Iran or Russia, trade with China has for decades supported Western economic growth, which in turn underpins the West’s long-term security. Most countries simply can’t afford to slap China with sanctions and throw out its diplomats. “China is different,” said Ken McCallum , the head of the U.K.’s domestic-intelligence agency, MI5.\n\nKen McCallum, the U.K.’s MI5 spy chief, says compared with other autocracies, ‘China is different.’ Photo: Yui Mok/Associated Press\n\nThe malign-activity risks intensifying as China’s economic growth slows under Xi’s increasingly authoritarian leadership. Beijing’s intelligence apparatus will come under pressure to pilfer the innovation needed to bolster the economy and silence critics at home and abroad, officials said. “It all boils down to the security of the regime,” said Nigel Inkster , a former director of operations at the British foreign-intelligence agency MI6.\n\nChinese activity ranges from the absurd to the hair-raising. In September, U.S. prosecutors alleged that five Chinese University of Michigan graduates were found in the middle of the night taking photos just feet away from military vehicles in a U.S. National Guard training exercise that included Taiwan military personnel. The men claimed to be stargazing.\n\nEarlier this year, the U.K. government said Chinese-linked hackers had accessed the nation’s voter-registration records, which include around 40 million people’s home addresses. The U.S. government is currently probing whether a Chinese state-linked hacking group burrowed into major U.S. broadband providers, potentially accessing U.S. law-enforcement wiretaps. Intelligence officials fret China is stealing swaths of private data to train advanced artificial-intelligence models.\n\nAdvertisement\n\nSHARE YOUR THOUGHTS How should Western governments respond to Chinese spying? Join the conversation below.\n\nAs China becomes more assertive militarily, including increasing support for Russia in its war in Ukraine, its covert action also poses greater threats. Xi has ordered his military to be ready to invade Taiwan by 2027, the centenary of the founding of the People’s Liberation Army, according to Western officials. A war over Taiwan could draw China into conflict with the U.S., which is committed to ensuring the democratically self-ruled island can defend itself.\n\nThe FBI earlier this year said China had hijacked hundreds of routers and used them to infiltrate American water and energy networks, raising concern of a pre-emptive attack on U.S. infrastructure if Washington were to intervene in a Chinese attempt to claim Taiwan. Congress in December banned the Pentagon from using any seaport worldwide that deploys the Chinese cargo-data platform Logink, out of fear classified information could be disclosed.\n\nChina also prepositioned malware on Indian power grids amid a border dispute in 2021 and on telecommunication networks in Guam, home to a large U.S. air base, according to analysts and officials.\n\nAdvertisement\n\nChina’s Xi Jinping has called on officials and citizens to ward off threats to the country’s interests, leading to a sweeping information-gathering effort. Photo: adek berry/Agence France-Presse/Getty Images\n\nCentral Intelligence Agency Director William Burns recently said he had visited China twice in the past year “to avoid unnecessary misunderstandings and inadvertent collisions.”\n\nThere is worry of a dangerous mishap. Spy agencies in authoritarian states often tailor information to meet their bosses’ world views. For instance, Russia’s intelligence services told Russian President Vladimir Putin that Ukraine would fold quickly after he invaded. If Xi similarly received faulty information, or didn’t believe the information he was given, China could pre-emptively strike at vital foreign infrastructure.\n\nChina doesn’t play by the old-school spy rulebooks, intelligence officials say. It doesn’t seem to care if it is caught red-handed and, unlike Russia, it rarely makes efforts to swap its spies when they are arrested.\n\nAnother factor hampers a Western intelligence response: It is hard to spy on China. Beijing’s intelligence operations are decentralized, stretching across myriad agencies and private-sector companies. They operate largely autonomously, making the system difficult to penetrate, and their methods appear haphazard, with a mix of private and state actors seemingly loosely guided by overarching aims laid out by senior officials. China also purged a whole cadre of officials working as U.S. spies a decade ago.\n\nAdvertisement\n\nUnderpinning China’s activity is Xi’s desire to consolidate his grip on power. He has cited the Soviet Union’s sudden collapse in 1991 as a warning of what could befall communist rule in China if ideological controls are loosened. He created a national-security commission, which first convened in 2014, to centralize control over security work, and set an expansive definition of national security that spans the party’s political dominance as well as China’s economic strength and food sufficiency.\n\nThis emphasis morphed into a fixation in recent years as Beijing clashed with Washington over territorial disputes, technological dominance and the causes of Covid-19. Further fueling paranoia were allegations by former U.S. intelligence contractor Edward Snowden that the U.S. had extensively hacked Chinese infrastructure including mobile phone networks.\n\n“Security is the prerequisite for development, and development is the guarantee of security,” Xi told officials. “Security and development must be promoted simultaneously.”\n\nThe U.S. in 2014 accused Chinese military officers of plundering American corporate secrets through hacking—and said it was outside the bounds of traditional espionage.\n\nThe U.S. responded with tariffs and a campaign to stop its European allies from using China’s Huawei to build its next generation of telecom infrastructure.\n\nWestern democracies are trying to strike a balance now by continuing to do business with China while calling out Beijing’s spying. In May, Canadian intelligence officials said China likely tried to interfere in two past federal elections, including by busing in Chinese students to vote to secure the nomination of a preferred candidate.\n\nCentral Intelligence Agency Director William Burns has visited China over the past year to help avoid ‘inadvertent collisions.’ Photo: tom brenner/Reuters\n\nAround the same time, Australian authorities sentenced a businessman with links to the Chinese Communist Party for trying to curry favor with a government minister by donating $25,000 to a local hospital. This spring, seven alleged Chinese spies were arrested during separate operations in Germany and Britain for acquiring a special laser and shipping it to China without authorization, spying on the European Parliament and targeting dissidents, respectively.\n\nMuch of China’s information-gathering activity isn’t illegal. Most of China’s researchers and businesses aren’t involved in espionage, and many are credited with contributing to important advances in innovation that benefit Western economies.\n\nBut European security officials say Chinese students and guest scientists also have become a prime conduit for Chinese espionage in the West. In the past, security officials kept a close eye on Chinese researchers who had studied at one of the “Seven Sons of National Defense,” a nickname for top Chinese universities with strong links to the military. Recently, the officials say, spies masquerading as researchers have grown better at hiding their tracks. One example is students who initially enroll in language or literature courses and then switch to quantum computing or other sensitive areas.\n\nAdvertisement\n\nMore than 20,000 people in the U.K. alone have been approached by Chinese agents on LinkedIn since 2022 in attempts to get them to hand over sensitive information, according to MI5, the U.K.’s domestic spy agency.\n\nMI5 has been touring universities warning them about collaborations with Chinese-backed consultancies or universities, which could inadvertently hand over valuable intellectual property. Spy agencies can’t “disrupt our way out of that challenge,” McCallum, the head of MI5, said recently.\n\nChun Han Wong and Bertrand Benoit contributed to this article.\n\nWrite to Max Colchester at Max.Colchester@wsj.com and Daniel Michaels at Dan.Michaels@wsj.com\n\nU.S.-China Tensions Tracking the complicated relationship of the world’s two largest economies Podcast series: China Builds Influence With Infrastructure",
    "published": "2024-10-14"
  },
  {
    "source": "WSJ",
    "title": "Ukraine Faces Bleak Winter as Russia Ramps Up Assaults, U.S. Support Trickles In",
    "summary": "President Zelensky pleads for more arms and other assistance to help end the war on favorable terms, but Biden administration is skeptical",
    "link": "https://www.wsj.com/world/ukraine-faces-bleak-winter-as-russia-ramps-up-assaults-u-s-support-trickles-in-91f209ae?mod=Searchresults_pos17&page=58",
    "content": "KYIV, Ukraine—The war in Ukraine is barreling toward the end of its third year, with Russia pursuing relentless offensives despite heavy losses and Western leaders groping for a strategy to end the conflict.\n\nWith Western weapons deliveries limited and slow, Ukraine is facing a bleak winter. Its outnumbered and outgunned military is slowly but steadily losing ground on the main eastern front, trying to exact a heavy toll on Russia while minimizing its own losses.\n\nRussian missile-and-drone attacks targeting Ukraine’s energy infrastructure are overwhelming the country’s air defenses, forcing rolling blackouts across the country that could worsen in winter.\n\nUkrainian troops are clinging to important strategic locations in the east, such as the high-lying city of Chasiv Yar, facing waves of Russian infantry and massive glide bombs that pulverize buildings. But in recent weeks, Russia has claimed the city of Vuhledar, advanced toward the logistics hub of Pokrovsk and prodded forward in other towns.\n\nThe roadside fire just outside Pokrovsk, Ukraine, following a missile strike by Russia. Photo: anton shynkarenko/Reuters\n\nParamedics prepare to take a Ukrainian soldier wounded in fighting in the Donetsk region to a hospital. Photo: roman pilipey/Agence France-Presse/Getty Images\n\nPresident Biden and other Western leaders have repeatedly said they want Ukraine to prevail, but are providing insufficient support to stop Russia and turn the tide, say Ukrainian officials and soldiers.\n\nMore worrying for Kyiv, former President Donald Trump has said that if he wins the November presidential election he would seek a quick peace deal with Russian President Vladimir Putin, who has made clear he wants Ukraine’s capitulation. Russia, meanwhile, is planning to increase military spending by one-quarter next year, signaling its long-term commitment to overpowering its smaller neighbor.\n\nOn visits to European capitals and the U.S. in recent weeks, Ukrainian President Volodymyr Zelensky requested more weapons and security guarantees as part of what he has dubbed a “victory plan” aimed at ending the war on terms favorable to Ukraine.\n\nAdvertisement\n\nThe Biden administration, which has drip-fed weapons to Ukraine for fear of provoking Russia, has given a tepid response.\n\nU.S. officials have said that Zelensky’s plan repackages some earlier requests, and noted that members of the U.S.-led North Atlantic Treaty Organization are divided about whether to offer Ukraine a formal invitation to join.\n\nZelensky had intended to discuss his plan with Biden and other allies at a scheduled meeting in Germany last week, but the U.S. president canceled his trip because of Hurricane Milton in Florida.\n\n“We’re going to have to sit down with the Ukrainians and kind of work through what can you actually do, versus what do you have on this list,” Air Force Gen. CQ Brown Jr., chairman of the Joint Chiefs of Staff, said on Wednesday.\n\nUkrainian front-line units are struggling with a lack of basic equipment and shortages of troops. Photo: Libkos/Getty Images\n\nA residential building damaged by shelling in the town of Kurakhove, near the front line, in the eastern Donetsk region, Ukraine. Photo: roman pilipey/Agence France-Presse/Getty Images\n\nMykhailo Podolyak , a Ukrainian presidential adviser, said the plan was a detailed strategy encompassing military, economic, political and diplomatic steps necessary to compel Russia to end its war.\n\nAmong them is a request for more long-range missiles, known as ATACMS and Storm Shadow, and permission to fire them at military targets deep inside Russia. Podolyak said that could change Putin’s calculus by increasing domestic pressure, as well as weakening Russia’s front-line forces.\n\nThe U.S. has so far declined to grant permission, fearing Russia would view it as a major escalation.\n\nAdvertisement\n\nWithout more support for Ukraine, Podolyak said, the war could drag on for years and end up eroding Western nations’ global standing. Forcing Ukraine to negotiate from a position of weakness wouldn’t end the conflict, he said, but embolden Putin to press on with his main goal of total control over Ukraine.\n\n“Why should he stop? He can compete with the West only with fear—that you will be afraid and he will get what he wants,” Podolyak said.\n\nHow far ATACMS and Storm Shadow missiles could reach into Russian territory\n\nUkrainian forces in Russia Air bases Russian forces in Ukraine and Kursk region Other potential military targets LATVIA Baltic Sea RUSSIA ATACMS Max range: 186.4 miles Moscow LITHUANIA Storm Shadow Max range: 155 miles BELARUS POLAND Kyiv Kharkiv UKRAINE SLOV. Dnipro HUN. MOL. Odesa ROMANIA 100 miles 100 km Black Sea Ukrainian forces in Russia Air bases Russian forces in Ukraine and Kursk region Other potential military targets LAT. Baltic Sea RUSSIA ATACMS Max range: 186.4 miles Moscow LITHUANIA Storm Shadow Max range: 155 miles BELARUS POLAND Kyiv Kharkiv UKRAINE Dnipro HUN. MOL. ROMANIA Odesa 100 miles 100 km Black Sea Ukrainian forces in Russia Air bases Russian forces in Ukraine and Kursk region Other potential military targets LAT. Baltic Sea RUSSIA ATACMS Max range: 186.4 miles Moscow LITH. Storm Shadow Max range: 155 miles BELARUS POLAND Kyiv UKRAINE Kharkiv Dnipro HUN. MOL. ROMANIA Odesa 100 miles 100 km Black Sea Ukrainian forces in Russia Russian forces in Ukraine and Kursk region Air bases Other potential military targets ATACMS Max range: 186.4 miles RUSSIA LAT. Moscow Storm Shadow Max range: 155 miles BELARUS Kyiv Kharkiv UKRAINE ROM. Odesa 100 miles 100 km Black Sea Ukrainian forces in Russia Russian forces in Ukraine and Kursk region Air bases Other potential military targets ATACMS Max range: 186.4 miles RUSSIA LAT. Moscow Storm Shadow Max range: 155 miles BELARUS Kyiv Kharkiv UKRAINE ROM. Odesa 100 miles 100 km Black Sea\n\nKyiv has been striving to show it would put more support to good use. In August, Ukraine’s army launched a surprise assault on Russia’s Kursk region, quickly seizing around 100 towns and villages that it has largely held on to since.\n\nUkraine also has launched a series of long-range strikes in Russia and occupied Ukraine, destroying ammunition and fuel stores.\n\nUkrainian front-line units are struggling with a lack of basic equipment, including armored vehicles and artillery, and shortages of troops. Ukraine’s government isn’t mobilizing anyone under age 25 to prevent demographic collapse, and more social turmoil, while military draft officers have been checking papers and handing summonses on the street, including outside a recent concert in Kyiv by one of Ukraine’s most popular bands.\n\nAdvertisement\n\nPodolyak said the situation is improving and Ukraine is managing to carry out some troop rotations and to increase the size of its reserves. The French government said last week it is training and equipping a Ukrainian brigade, with around 2,300 soldiers exercising in France since the start of September.\n\nOn the home front, Ukrainians are increasingly exhausted by the war, and polls show an incremental increase in the number prepared for negotiations. But that doesn’t mean they are ready for concessions. Fewer than one in 10 would be prepared to surrender any territory to Moscow to end the war, according to an August survey by the Democratic Initiatives Foundation, a Kyiv-based think tank.\n\nUkrainian drone pilot “Darwin” has destroyed hundreds of Russian targets in a brutal survival of the fittest. But the 20-year-old grapples with the mounting toll of deaths as the war grows more challenging. Photo: Ben C. Solomon\n\nThe war has touched most families in Ukraine, hardening attitudes. “They are not ready to turn the page,” said Kostyantyn Batozsky, an independent political analyst in Kyiv.\n\nUkrainian officials and military analysts note that Russia is also struggling. Moscow’s forces haven’t achieved a significant breakthrough, despite massive efforts.\n\nRussian forces endured the deadliest month of the war in September, according to U.S. analysts. Western intelligence assessments put losses at 1,200 dead and injured a day. Military advances are achieved mainly through costly ground assaults by infantry units that are packed with convicts drawn from jails by the offer of a pardon and a salary of the equivalent of more than $2,000 a month. Russia is filling its ranks by measures including constantly raising bonuses and recruiting foreigners.\n\nAdvertisement\n\n“Ukraine is continuing to inflict casualties on Russia that would be unsustainable in any country that is not an absolute autocracy,” said John Nagl, a retired U.S. Army lieutenant colonel who is now a professor of warfighting at the U.S. Army War College.\n\nSHARE YOUR THOUGHTS Is the West doing enough to help Ukraine defend itself from Russia? Join the conversation below.\n\nNagl said that, given Trump’s pledge to resolve the conflict, “Putin’s hope for a relatively easy victory hinges on a Trump win.” Until then, he said, “Russia continues to be willing to absorb casualties that make no operational or strategic sense.”\n\nCpl. Oleksandr Solonko, a Ukrainian drone pilot fighting on the eastern front, said that any peace deal other than one achieved by defeating the Russians on the battlefield would only briefly freeze the conflict, allowing them to rearm.\n\n“They will attack again,” he said, “and it will continue like that until our country disappears from the world map.”\n\nA burning field near Pokrovsk, a mining town close to Ukraine’s front line. Photo: oleksii filippov/Agence France-Presse/Getty Images\n\nDaniel Michaels, Ievgeniia Sivorka, Nancy A. Youssef contributed to this article.\n\nWrite to James Marson at james.marson@wsj.com\n\nThe War in Ukraine News and insights, selected by the editors",
    "published": "2024-10-14"
  },
  {
    "source": "WSJ",
    "title": "A Nobel Prize in Economics for the ‘Inclusive’ Free Market",
    "summary": "The three laureates’ research demonstrates the importance of property rights and the rule of law.",
    "link": "https://www.wsj.com/opinion/a-nobel-prize-in-economics-for-the-inclusive-free-market-b8e70e1e?mod=Searchresults_pos1&page=105",
    "content": "The Royal Swedish Academy of Sciences awarded the Nobel Memorial Prize in Economic Sciences to three economists. The recipients are Turkish-born Daron Acemoglu and British-born Simon Johnson , both of the Massachusetts Institute of Technology, and British-born James A. Robinson , an economist and political scientist at the University of Chicago. They received the award “for studies of how institutions are formed and affect prosperity.”\n\nThis field has a long and noble history in economics. The Nobelists’ contribution is to lay out empirical data on the specific economic institutions that helped or hindered economic growth and then to examine the factors that led to those institutions. They point out, as Adam Smith did, that property rights and the rule of law are key. Governments respect these two pillars, they argue, because the political elites share the benefits of economic growth with the “masses” rather than extract the masses’ wealth.\n\nIn their 2012 book, “Why Nations Fail,” Messrs. Acemoglu and Robinson divide countries into two types: extractive and inclusive. In extractive countries, a small elite extracts wealth from the masses, whereas in inclusive countries, political power is shared. When governments are extractive, people have little incentive to produce. But the opposite is true when governments are inclusive, as people have property rights and can accumulate wealth.\n\nWhy do political elites sometimes favor property rights and the rule of law and sometimes oppose them? The three Nobelists’ research examines European colonization of other continents. They show that where there was a relative absence of diseases, such as malaria, there were more colonizers. These colonizers were too numerous to get rich by exploiting the natives, so they created wealth-building institutions. But where colonizer mortality was high, the colonizers who survived simply extracted wealth from the natives. This explains why Canada and the U.S. did relatively well as colonies and many countries in Africa and Latin America did poorly.\n\nAs I noted in my 2013 review of “Why Nations Fail,” Adam Smith observed that natural resources were less plentiful in the future Canada and the U.S. than in Latin America. But the economic institutions that Spain’s government set up in Latin America were less geared toward the free market and property rights than those that the British set up in the northern part of North America. It’s a pity that Messrs. Acemoglu and Robinson didn’t cite Smith’s insight. Nor did they cite economist Mancur Olson ’s 1982 book, “The Rise and Decline of Nations,” which anticipates the Nobelists’ hypothesis.\n\nYou might think that Messrs. Acemoglu and Robinson would be strong believers in economic freedom. Their work is consistent with the findings in the Fraser Institute’s annual Economic Freedom of the World report, which finds a strong positive correlation between economic freedom and real gross domestic product per capita. While the two authors do favor private property rights, Mr. Acemoglu advocates a high minimum wage that adjusts for inflation. He also favors strong antitrust laws.\n\nBehind Mr. Acemoglu’s belief in antitrust is his mistaken interpretation of the era of the so-called robber barons. In “Why Nations Fail,” Messrs. Acemoglu and Robinson claim that the robber barons “aimed at consolidating monopolies and preventing any potential competitor from entering the market or doing business on an equal footing.” Ironically, they single out Cornelius Vanderbilt as a notorious robber baron. But as a young man, Vanderbilt helped his employer, Thomas Gibbons , break Aaron Ogden ’s interstate monopoly on ferry travel. The Supreme Court ruled against the monopoly in Gibbons v. Ogden (1824). As historian Burton W. Folsom Jr. noted in his 1991 book, “The Myth of the Robber Barons ,” the breakdown of the monopoly increased steamboat traffic.\n\nIt’s good to see a Nobel Prize awarded to economists who understand the importance of private property and the rule of law. Unfortunately, Mr. Acemoglu’s understanding is incomplete. He recently signed a statement supporting the Brazilian government’s move to rein in freedom of speech for Brazilians who want to communicate using X. Only time will tell whether Mr. Acemoglu will favor further undercutting of the rule of law. Let’s hope he doesn’t.\n\nMr. Henderson is a research fellow with Stanford University’s Hoover Institution and editor of the Concise Encyclopedia of Economics.\n\nJournal Editorial Report: The week's best and worst from Kim Strassel, Allysia Finley and Dan Henninger. Photo: Imago/Zuma Press",
    "published": "2024-10-14"
  },
  {
    "source": "WSJ",
    "title": "‘Second Act’ Review: Better Late Than Never",
    "summary": "Some of the greatest triumphs in art, business and politics have been accomplished by those who might have been seen as past their prime.",
    "link": "https://www.wsj.com/arts-culture/books/second-act-review-better-late-than-never-2daaed2d?mod=Searchresults_pos16&page=91",
    "content": "One of the ancient rabbis quoted in the compendium of wisdom known as “Chapters of the Fathers” offered a rule of thumb for thinking about the ages of life. One’s 20s, he wrote, were for the pursuit of livelihood, then: “at thirty the peak of strength; at forty wisdom; at fifty able to give counsel; at sixty old age; at seventy fullness of years.” Even if by the age of 90 one can expect “a bent body,” this outline suggests that the first chapters of one’s personal story are by no means the most significant.\n\nBut this rabbi is a bit ambiguous when it comes to one’s creative contributions and worldly success: At what point are those best accomplished? Early on in life? Or are they more likely the product of decades of preparation? In his wide-ranging book, “Second Act,” the writer Henry Oliver explores the potential of those later years for something more than reflective wisdom or the giving of hard-earned advice. It is a celebration of late bloomers, a type he defines simply as those who succeed “when no one expects them to.”\n\nCombining biographical portraits—some brief, though a select few take up entire chapters—with scientific research, Mr. Oliver tries to understand the nature of the late bloomer and the potential for achievement, or reinvention, or simply continued success, later in life. We learn about Katharine Graham, who took over The Washington Post in her mid-40s and oversaw a fruitful period that included publishing the Pentagon Papers and exposing the Watergate scandal.\n\nWe find out how the architect Frank Lloyd Wright overcame a seemingly fallow period in his career and embarked on his great late-in-life accomplishments, beginning with the Pennsylvania house known as Fallingwater (designed when Wright was in his late 60s) and culminating in the Guggenheim Museum in New York City and the Annunciation Greek Orthodox Church in Wauwatosa, Wis. And there’s Ray Kroc, who, beginning in his 50s, took McDonald’s from a single California burger joint to a globe-spanning empire.\n\nThese stories are detailed and carefully researched. Mr. Oliver buttresses them with a dive into scholarly literature relevant to late bloomers, academic work that points to larger shapes and trends. For example, he examines studies on aging and its impact on various aspects of cognition. “Second Act” also explores the importance of social connections, and even the ages at which people start successful businesses.\n\nMr. Oliver’s appealing profiles of individuals flesh out such data-driven studies: Taken together they form a collective illustration of how late-in-life periods of creative flowering are generated. One important factor: The subjects here have certainly not been idle before their successes. There is often a long period of experimentation and learning before success is achieved, or before it is recognized. This is all part of what is—in retrospect—a laying of the groundwork for later achievements. Of course, when it comes to the research and stories Mr. Oliver highlights, there might be selection bias or a tendency to draw too many wide-ranging implications about late-breaking creativity. Nevertheless, Mr. Oliver gratifyingly caveats this and is unwilling to draw too much from anything specific.\n\nThe most valuable thing these portraits provide is a set of what we might call existence proofs of second acts. This tangible evidence of late-career greatness feels all the more relevant in a moment in which the speed of technological change can easily foster the illusion that those of us who are no longer young have already been permanently surpassed in the race to develop new ideas. But it is indeed an illusion.\n\nThe title of “Second Act” itself proves to be underselling what the book has to offer: Mr. Oliver is really assembling a guide to the broader principles that make a strong career. There is an importance to slow and steady progress, to showing up and doing the work. A chapter on aging explores how an important requirement of a successful career is simply to be consistent: to improve, to try new things, and to keep creating output. Similarly, Mr. Oliver demonstrates that fears about the inevitable cognitive decline that comes with getting older are likely overblown and our capacity for innovation and wisdom later in life is undervalued. Achievement, he suggests, “isn’t reliant just on our mental ability staying high but on whether we choose to keep using and adapting the capacity we have.”\n\nSo too, when we think about our careers—and our lives more broadly—we must imbibe humility: We cannot predict the shape and trajectory of our careers, so we must make space in our lives for chance encounters, various kinds of luck, and nonlinearity to work for us, rather than against us. This embodies the idea of the “chaos theory of careers,” formulated by the psychologists Jim Bright and Robert Pryor, according to which small influences can have an outsize and unexpected impact, and so we must be ready and primed to exploit them.\n\nFor there is far more unexpectedness in one’s career than one might intend. Ray Kroc was an “experimental artist”—to use the term from the economist David Galenson that Mr. Oliver discusses—trying many different businesses and ideas over his career. This served him well when, as a middle-aged milkshake mixer salesman, he undertook to transform a hamburger stand into a nation-spanning business.\n\nPerhaps it is this balance between consistency and a willingness to adapt that is the key to a successful second act: Taking a longer perspective can be a powerful antidote to viewing a career as some kind of binary success or failure. Contemplating a passage by Samuel Johnson on the importance of avoiding indolence and the need to make the most of one’s time, Mr. Oliver writes: “Our lives, if they are well lived, are long works.” Don’t stop writing your story too early.\n\nMr. Arbesman is the author of “The Half-Life of Facts” and “Overcomplicated.”",
    "published": "2024-10-14"
  },
  {
    "source": "WSJ",
    "title": "China Falls Into Its Own Trap",
    "summary": "Its economic model is unsustainable, but reform is too risky for the Communist Party.",
    "link": "https://www.wsj.com/opinion/china-falls-into-its-own-trap-economic-model-unstable-but-reform-politically-risky-eeebeab6?mod=Searchresults_pos1&page=108",
    "content": "Wars in the Middle East and Ukraine dominate the headlines, but the Indo-Pacific remains the fulcrum of world politics and where the 21st century will take shape. While bombs fall and missiles fly elsewhere, the Chinese Communist Party is wrestling with its greatest challenges since Deng Xiaoping’s reforms fueled a generation of blistering growth in the 1980s. Unfortunately, the economic choices China is making look set to promote greater repression at home and increased tension with neighbors and trading partners around the world.\n\nAccording to recent Wall Street Journal reports, up to 90 million housing units across China stand empty in a country whose population is falling. Real-estate developers cannot service their loans. Local governments, which have long funded their programs by land sales to developers, are drowning in debt. With government encouragement, Chinese households invested nearly 80% of their total savings in real estate. Now that house prices have fallen about 30% since 2021 in some markets, shocked consumers are reining in their spending. Industrial profits are down 17.8% in the past year. Youth unemployment continues to rise. Europe and the U.S. are planning new tariffs against an expected flood of cut-price Chinese exports. Banks don’t want to lend, and foreigners don’t want to invest.\n\nFaced with these problems, China is dodging the difficult task of structural reform. Policies designed to deflate the real-estate bubble are being replaced with measures to strengthen housing demand. Banks will be subsidized to make more loans to flailing factories and overindebted local governments. Efforts to rein in make-work infrastructure spending by local governments (like unneeded highways and bridges to nowhere) will likely yield to a renewed emphasis on creating jobs, even as subsidies encourage unemployed youngsters to get more degrees to qualify for nonexistent jobs.\n\nThe People’s Republic of China is caught in a trap of its own making. The success of China’s one-child policy spawned a demographic crisis. The relentless focus on housing created the biggest real-estate bubble since the dawn of time—and locked local governments and hundreds of millions of ordinary Chinese into an unsustainable Ponzi scheme. The success of China’s market reforms created wealthy entrepreneurs and an educated, ambitious middle class that must be suppressed and controlled if Communist rule is to survive. Tenacious support for an export-oriented manufacturing strategy and the infrastructure it needs committed China to a development path that offers diminishing returns at home and increasing hostility from abroad.\n\nGlobally, Beijing’s overreliance on export-driven economic growth and nationalist chest-thumping to lend communist rule an air of legitimacy impaled China’s communists on the horns of a dilemma. China’s massive industrial economy depends on raw materials and energy from abroad, as well as on access to foreign markets. But the geopolitical ambitions of a rising China and the export avalanche from its titanic industrial base combine to alienate foreign partners and undermine the free-trade consensus that allowed the country to flourish for so long.\n\nXi Jinping and his aides are not stupid. They know that overdependence on housing, exports and big infrastructure is an economic dead end. They know that world markets won’t absorb continuing Chinese export growth. They know that saber-rattling over Taiwan and the Philippines alienates their closest neighbors and alarms the U.S. But shifting China’s economic model onto a more sustainable path is, they fear, too economically expensive and politically risky.\n\nFor Mr. Xi and his colleagues, the supreme goal of statecraft is the maintenance of Communist Party control. This partly represents the personal interests of a red aristocracy determined to defend its privileges, and partly a sincere conviction that a country of China’s size and complexity requires centralized government control to survive. Unable to address its structural economic problems, the Communist Party is returning to its comfort zone: its abilities to repress and to play the nationalism card. It cannot reform China’s economy, but it can force churches to replace images of Jesus with portraits of Mr. Xi. It cannot wean itself from export-dependent growth, but it can accelerate the implementation of high-tech totalitarianism, monitoring citizens at almost every moment of their lives. It cannot return to the era of double-digit economic growth, but it can rally public opinion by whipping up nationalist sentiment.\n\nMeanwhile, Beijing is looking to green tech and information technology for another round of export-led economic development. It already dominates the global solar-panel market and is well on its way to similar success in electric vehicles. Replacing Taiwan as the producer of the world’s most advanced semiconductors would, Beijing hopes, cement China’s position as a global military and economic superpower.\n\nOther countries are bound to resent and resist China’s ambitions in these fields. Trade friction will increase even as nationalist public opinion drives Beijing toward ever more assertive and aggressive policies in its neighborhood.\n\nTwenty twenty-five is going to be an interesting year.\n\nJournal Editorial Report: The week's best and worst from Kim Strassel, Allysia Finley and Dan Henninger. Photo: Imago/Zuma Press",
    "published": "2024-10-14"
  },
  {
    "source": "WSJ",
    "title": "Trump Loyalists Push for a Combative Slate of New Judges",
    "summary": "Ascendant faction of Trump allies wants bolder brand of conservatism",
    "link": "https://www.wsj.com/politics/elections/trump-loyalists-push-for-a-combative-slate-of-new-judges-a3a007e9?mod=Searchresults_pos13&page=148",
    "content": "Former President Donald Trump gravitates toward lawyers who have said they want to concentrate power in the White House.\n\nWASHINGTON—A rising faction within the conservative legal movement is laying the groundwork for Donald Trump to appoint judges who prioritize loyalty to him and aggressively advocate for dismantling the federal government should he win a second term.\n\nThe movement’s old guard, including lawyers who helped found the Federalist Society in the 1980s, is pushing back, fearful of discrediting the conservative principles they worked for decades to legitimize within a legal profession that leaned left.\n\nSince losing the 2020 election, Trump has broken with Federalist Society leaders who had eagerly boosted his blitz of judicial appointments during his first term but later balked at his efforts to thwart President Biden’s victory and didn’t openly support him as he faced dozens of criminal charges.\n\nTrump has gravitated to more-combative lawyers outside the conservative legal establishment who have said they want to hobble regulatory agencies and concentrate power in the White House. The shift has sidelined the old guard in favor of groups like America First Legal, run by former Trump adviser Stephen Miller , who isn’t a lawyer but said he set up the group to fight what it called “an unholy alliance of corrupt special interests, big tech titans, the fake news media and liberal Washington politicians.”\n\nNewsletter Sign-up WSJ Politics & Policy Scoops, analysis and insights driving Washington from the WSJ's D.C. bureau. Preview Subscribed\n\nThis ascendant faction wants more judges like U.S. District Judge Aileen Cannon , the controversial Trump-appointed Florida jurist who dismissed one of the criminal cases against Trump, and fewer like U.S. appeals court Judge Stephanos Bibas of the Third Circuit, another Trump appointee, who in 2020 rejected the former president’s bid to overturn his election loss that year.\n\nFuture Trump judicial nominees must be “even more bold and more conservative and more fearless,” than those appointed in the first administration, said Republican legal activist Mike Davis , one of the conservative lawyers pushing for a harder line in a potential second Trump administration.\n\nTrump has spoken admiringly of Davis as “tough as hell.”\n\n“We want him in a very high capacity,” the former president said at a recent rally.\n\nLongtime Federalist Society members said the group was designed not to advocate for specific positions but to promote conservative and libertarian thought more broadly—and provide a career network for right-leaning lawyers interested in government and the judiciary.\n\n“I’m one of the traditionalists who believe the strength of the Federalist Society is that it doesn’t take positions, it allows its members to take positions,” said former Solicitor General Ted Olson , who took part in the 1982 conference at Yale Law School where the group was founded.\n\nThe fight among conservative lawyers mirrors the one playing out among conservatives more broadly. Old guard conservatives who back lower taxes and a muscular foreign policy have been losing some sway to a pro-Trump policy movement, embodied in the rise of vice-presidential nominee JD Vance, a freshman senator from Ohio who supports more government intervention at home and a smaller role for the U.S. abroad.\n\nFormer Trump adviser Stephen Miller set up America First Legal to fight ‘liberal Washington politicians.’ Photo: Justin Merriman/Bloomberg News\n\nAs a model for the federal judiciary, Davis and other conservative lawyers point to the Fifth U.S. Circuit Court of Appeals in New Orleans, which has emerged as a hothouse of conservative jurisprudence under the influence of some of the brashest and most aggressive first-term Trump appointees.\n\nThat court has at times gone further even than the conservative-dominated Supreme Court, which has overturned Fifth Circuit decisions that curtailed access to medical abortions, allowed domestic abusers to retain firearms and restricted social-media platforms from policing content including disinformation and hate speech.\n\nSarah Isgur , who was a spokeswoman for the Trump Justice Department and considers herself more of a traditional conservative, said that while the Federalist Society historically sought to associate its movement with the most prestigious law schools and professional accomplishments, the upstarts have other criteria.\n\nThey don’t care if nominees were Supreme Court clerks, she said, they want revolutionaries ready to wage war on their ideological enemies.\n\nLawyers on the left are watching with concern.\n\n“There are lots of different strains of conservatism, but one of them is now on its way to total domination—and it is not the libertarian, economic, business version,” said University of Oregon law professor Garrett Epps , who sits on the board of the liberal American Constitution Society.\n\nSome of the divisions within the movement are more of style than substance, and both the traditionalists and upstarts are likely to be represented in a future Trump administration.\n\n“They are all in the same church, even if they sometimes sit at different pews,” said Leonard Leo , the longtime Federalist Society leader who advised Trump on judicial nominations during his first term.\n\nMoreover, Trump’s ability to appoint judges will depend on control of the Senate; even if Republicans capture a narrow majority, some relative moderates such as Sens. Lisa Murkowski (R., Alaska) and Susan Collins (R., Maine) could balk at confirming the most hard-line nominees.\n\nStill, which faction is ascendant will likely influence how aggressive the White House is in asserting executive powers and the kind of nominees selected for the federal bench.\n\nA Trump campaign spokesman didn’t respond to requests for comment.\n\nConservatives were delighted with Trump’s judicial appointments, including three Supreme Court justices: Neil Gorsuch , Brett Kavanaugh and Amy Coney Barrett . Still, said Ben Flowers , a former Ohio solicitor general, some in the movement were at times frustrated.\n\nBoth the traditionalists and upstarts are likely to be represented in a future Trump administration. Photo: Zuma Press\n\nSome were shocked in 2020, for instance, when Gorsuch, the most libertarian of the Trump three, joined with liberal justices and Chief Justice John Roberts to extend federal civil-rights protections to LGBT employees. Others have expressed exasperation at Kavanaugh’s practice of filing concurring opinions that credit the concerns of liberal dissenters even when he votes with the conservative majority—something he did in the 2022 decision eliminating women’s federal right to abortion before fetal viability.\n\n“There are probably some people who get irritated at any sort of concurrence suggesting disappointment in the result,” Flowers said.\n\nIn the months leading up to the election, conservative lawyers have raised names of potential Supreme Court picks and other judges to elevate in the event Trump wins.\n\nDuring a September conference at Washington’s posh Hay-Adams hotel, Donald McGahn , the former White House counsel who oversaw Trump’s first wave of court appointments, basked in the imprint they have made on the federal judiciary.\n\n“Judicial appointments are as close as we can say to forever,” he said. He ticked through a list of favorite appeals-court appointees, starting with Judge Andrew Oldham of the Fifth Circuit, a former clerk for Justice Samuel Alito who could make the shortlist for the Supreme Court if a seat opens in a second Trump term.\n\nOthers included were Judges Patrick Bumatay of the Ninth Circuit; Greg Katsas and Neomi Rao , former Trump administration officials now on the District of Columbia Circuit; and Eric Murphy , John Nalbandian and Amul Thapar of the Sixth Circuit.\n\n“The list goes on and on,” McGahn said.\n\nThe names were received as potential nominees who would pass muster with both the MAGA and establishment wings of the conservative legal community, according to people familiar with the remarks.\n\nSHARE YOUR THOUGHTS Should the conservative legal movement tie itself more closely to Donald Trump? Why or why not? Join the conversation below.\n\nLeft unnamed were appointees who have disappointed some in the Trump circle, such as the Third Circuit’s Bibas and Kevin Newsom of the 11th Circuit, who has criticized the Supreme Court’s reliance on legal tradition, beyond the text and history which originalists argue should be definitive, to justify decisions eliminating abortion rights and expanding access to guns.\n\nMcGahn then named “up-and-comers to watch,” including Cannon, who dismissed the criminal case accusing Trump of improperly keeping classified documents, and has come under criticism for her slow pace in making rulings and other moves legal experts viewed as unduly favorable to Trump. Prosecutors have appealed her dismissal.\n\n“There’s a whole other generation potentially coming,” McGahn said.\n\nWrite to Jess Bravin at Jess.Bravin@wsj.com and C. Ryan Barber at ryan.barber@wsj.com\n\nThe 2024 Election The campaign moves and voter shifts that drove Donald Trump's win Full Election Results",
    "published": "2024-10-14"
  },
  {
    "source": "WSJ",
    "title": "New Starbucks Strategy: Ditch Discounts - WSJ",
    "summary": "Brian Niccol aims to improve cafe operations and focus more on selling premium coffee while promoting seasonal drinks",
    "link": "https://www.wsj.com/business/hospitality/starbucks-coffee-discounts-strategy-ceo-dcbde38b?mod=Searchresults_pos20&page=51",
    "content": "Starbucks long championed itself as a premium brand that did little discounting.\n\nGet ready to resume paying the regular price for your Starbucks SBUX -2.27 %decrease; red down pointing triangle fix.\n\nStarbucks is pulling back on promotions and discounts, an early move by Brian Niccol , the new chief executive officer, to reposition the coffee chain after a turbulent year. Since Niccol was tapped in August to take the helm, Starbucks has quietly reduced the frenzy of discounts it had offered for long stretches of the past year, according to company executives and baristas.\n\nStarbucks and other restaurant chains have increasingly leaned on discounts this year to woo back customers after years of raising menu prices. Executives said the increases were necessary to cover higher costs and wages, but inflation-fatigued diners—especially lower-income consumers—have pulled back on eating out, prompting chains to promote their value and unfurl deals.\n\nStarbucks is pivoting away from discounts as Niccol emphasizes the company’s hallmarks of selling handcrafted, premium coffee. Starbucks for years eschewed discounting and promotions, but recently stepped up offers through its app as its cafe traffic sagged and customers complained of high prices and long wait times.\n\nThe company in September offered extra loyalty points on Tuesdays and deals on several drink purchases on Saturdays, downshifting from buy one get one, 50% off and other deals that spanned many months earlier this year.\n\nStarbucks isn’t planning to run broad offers during the holiday season, and instead aims to promote seasonal drinks through advertising, the company said during an early-October strategy update for store leaders.\n\nBrian Niccol joined Starbucks as CEO after leading a turnaround at Chipotle. Photo: Rozette Rago for WSJ\n\nNiccol, who took over at Starbucks about a month ago, is looking to reset the chain after a rocky year. Starbucks has experienced reduced business in the U.S. and China, and the company has lowered its sales expectations twice this year. Activist shareholders piled into Starbucks stock, and the company’s board terminated Laxman Narasimhan , the previous CEO, in August. He was succeeded by Niccol, the former CEO of Chipotle Mexican Grill, who ushered in a turnaround there.\n\nNiccol is quickly making his mark at Starbucks, presiding over a series of leadership changes and seeking to improve the in-cafe experience for customers. Since his tenure began, at least three Starbucks executives have exited from the company, including leaders of the company’s North America and coffee divisions. A global chief merchant and product officer—a position that Narasimhan recently created and filled—also departed, with Starbucks declining to backfill the role.\n\n“The strategy is, simply put, just making a couple powerful choices, and then we’ve got to execute like crazy,” Niccol said in September during an internal company forum, a replay of which was viewed by The Wall Street Journal. The changes must make the brand better, and leaders will evaluate the impact on customers and workers, he said.\n\nNiccol said operations at a company can go haywire without a well thought out process communicated to employees, drawing applause from Starbucks employees in attendance.\n\nStarbucks long championed itself as a premium brand that did little discounting. Howard Schultz , the former CEO who built Starbucks into a global company, previously said the chain needed to be careful with promotions.\n\nNewsletter Sign-up What’s News Catch up on the headlines, understand the news and make better decisions, free in your inbox daily. Enjoy a free article in every edition. Preview Subscribed\n\nThese days a grande pumpkin spice latte in Chicago can cost $6.25, and nearly $10 with extra syrups and flavors.\n\nLate last year, as the company’s cafe traffic slowed, Starbucks stepped up its offers and deals, directed at loyalty-program members. The company ran BOGOs, 50% offers, increased loyalty points and other offers for about half the month of May, according to documents viewed by The Wall Street Journal. In June, Starbucks began offering bundles of coffee and breakfast food starting at $5.\n\nThe company’s U.S. same-store sales improved slightly in the quarter ended in June compared with the previous quarter, but remained down versus the prior-year period. Narasimhan and other executives said the promotions had helped bring back some lapsed customers, though Starbucks needed to do more.\n\nSome baristas and store managers said the flood of promotions at times made it hard to predict customer traffic and allocate enough staff. In the strategy update this month, Starbucks North America President Sara Trilling said the chain had scaled back offers and wanted baristas to have more time to deliver prompt service and craft orders accurately.\n\n“We know the broad Starbucks rewards offers that we’ve been doing previously had been hard,” Trilling said.\n\nNiccol told employees at the internal forum in September that he had spent recent weeks visiting U.S. stores and talking to workers and customers about the Starbucks brand, and is focusing on serving quality coffee in a welcoming environment.\n\n“We will be the community coffeehouse known for great coffee,” he said.\n\nWrite to Heather Haddon at heather.haddon@wsj.com\n\nWe Want to Hear From You What's your go-to fast-food restaurant? Have you changed how frequently you get fast food, or what you order? Why? Have any promotions enticed you to visit a fast-food restaurant and if so, which ones? Name Email City, state By submitting your response to this questionnaire, you consent to Dow Jones processing your special categories of personal information and are indicating that your answers may be investigated and published by The Wall Street Journal and you are willing to be contacted by a Journal reporter to discuss your answers further. In an article on this subject, the Journal will not attribute your answers to you by name unless a reporter contacts you and you provide that consent.\n\nHow the Biggest Companies Are Performing WSJ coverage and analysis of the latest corporate earnings",
    "published": "2024-10-14"
  },
  {
    "source": "WSJ",
    "title": "Scale of Chinese Spying Overwhelms Western Governments",
    "summary": "Fears of escalation as China’s intelligence-gathering operation looks to consolidate Xi Jinping’s grip on power",
    "link": "https://www.wsj.com/politics/national-security/scale-of-chinese-spying-overwhelms-western-governments-6ae644d2?mod=Searchresults_pos7&page=138",
    "content": "LONDON—Beijing is conducting espionage activities on what Western governments say is an unprecedented scale, mobilizing security agencies, private companies and Chinese civilians in its quest to undermine rival states and bolster the country’s economy.\n\nRarely does a week go by without a warning from a Western intelligence agency about the threat that China presents.\n\nLast month alone, the Federal Bureau of Investigation said a Chinese state-linked firm hacked 260,000 internet-connected devices, including cameras and routers, in the U.S., Britain, France, Romania and elsewhere. A Congressional probe said Chinese cargo cranes used at U.S. seaports had embedded technology that could allow Beijing to secretly control them. The U.S. government alleged that a former top aide to New York Gov. Kathy Hochul was a Chinese agent.\n\nU.S. officials last week launched an effort to understand the consequences of the latest Chinese hack, which compromised systems the federal government uses for court-authorized network wiretapping requests.\n\nWestern spy agencies, unable to contain Beijing’s activity, are raising the alarm publicly, urging businesses and individuals to be on alert in their interactions with China. But given the country is deeply entwined in the global economy, it is proving a Sisyphean task, said Calder Walton , a national-security expert at Harvard’s Kennedy School of Government. Western governments “are coming to terms with events, in many ways, after the events,” he said.\n\nNewsletter Sign-up WSJ China Exclusive insights on the contest between the U.S. and China, brought to you by the WSJ’s top China correspondent. Preview Subscribed\n\nThe Chinese government’s press office, as well as the ministries of state security, public security and defense, didn’t respond to requests for comment. Beijing has previously denied allegations of espionage targeting Western countries while portraying China as a frequent target of foreign hacking and intelligence-gathering operations.\n\nChinese leader Xi Jinping since taking power in 2012 has increasingly emphasized the importance of national security, calling on officials and ordinary citizens alike to ward off threats to China’s interests. The result is a sweeping information-gathering effort whose scale and perseverance dwarfs that of Kremlin espionage during the Cold War and has jolted Western spy agencies.\n\nChina-backed hackers outnumber all of the FBI’s cyber personnel at least 50 to 1, according to the U.S. agency. One European agency estimates China’s intelligence-gathering and security operations might comprise up to 600,000 people. “China’s hacking program is larger than that of every other major nation, combined,” FBI Director Christopher Wray said earlier this year.\n\nAdvertisement\n\nComplicating the West’s response: Unlike with autocracies such as Iran or Russia, trade with China has for decades supported Western economic growth, which in turn underpins the West’s long-term security. Most countries simply can’t afford to slap China with sanctions and throw out its diplomats. “China is different,” said Ken McCallum , the head of the U.K.’s domestic-intelligence agency, MI5.\n\nKen McCallum, the U.K.’s MI5 spy chief, says compared with other autocracies, ‘China is different.’ Photo: Yui Mok/Associated Press\n\nThe malign-activity risks intensifying as China’s economic growth slows under Xi’s increasingly authoritarian leadership. Beijing’s intelligence apparatus will come under pressure to pilfer the innovation needed to bolster the economy and silence critics at home and abroad, officials said. “It all boils down to the security of the regime,” said Nigel Inkster , a former director of operations at the British foreign-intelligence agency MI6.\n\nChinese activity ranges from the absurd to the hair-raising. In September, U.S. prosecutors alleged that five Chinese University of Michigan graduates were found in the middle of the night taking photos just feet away from military vehicles in a U.S. National Guard training exercise that included Taiwan military personnel. The men claimed to be stargazing.\n\nEarlier this year, the U.K. government said Chinese-linked hackers had accessed the nation’s voter-registration records, which include around 40 million people’s home addresses. The U.S. government is currently probing whether a Chinese state-linked hacking group burrowed into major U.S. broadband providers, potentially accessing U.S. law-enforcement wiretaps. Intelligence officials fret China is stealing swaths of private data to train advanced artificial-intelligence models.\n\nAdvertisement\n\nSHARE YOUR THOUGHTS How should Western governments respond to Chinese spying? Join the conversation below.\n\nAs China becomes more assertive militarily, including increasing support for Russia in its war in Ukraine, its covert action also poses greater threats. Xi has ordered his military to be ready to invade Taiwan by 2027, the centenary of the founding of the People’s Liberation Army, according to Western officials. A war over Taiwan could draw China into conflict with the U.S., which is committed to ensuring the democratically self-ruled island can defend itself.\n\nThe FBI earlier this year said China had hijacked hundreds of routers and used them to infiltrate American water and energy networks, raising concern of a pre-emptive attack on U.S. infrastructure if Washington were to intervene in a Chinese attempt to claim Taiwan. Congress in December banned the Pentagon from using any seaport worldwide that deploys the Chinese cargo-data platform Logink, out of fear classified information could be disclosed.\n\nChina also prepositioned malware on Indian power grids amid a border dispute in 2021 and on telecommunication networks in Guam, home to a large U.S. air base, according to analysts and officials.\n\nAdvertisement\n\nChina’s Xi Jinping has called on officials and citizens to ward off threats to the country’s interests, leading to a sweeping information-gathering effort. Photo: adek berry/Agence France-Presse/Getty Images\n\nCentral Intelligence Agency Director William Burns recently said he had visited China twice in the past year “to avoid unnecessary misunderstandings and inadvertent collisions.”\n\nThere is worry of a dangerous mishap. Spy agencies in authoritarian states often tailor information to meet their bosses’ world views. For instance, Russia’s intelligence services told Russian President Vladimir Putin that Ukraine would fold quickly after he invaded. If Xi similarly received faulty information, or didn’t believe the information he was given, China could pre-emptively strike at vital foreign infrastructure.\n\nChina doesn’t play by the old-school spy rulebooks, intelligence officials say. It doesn’t seem to care if it is caught red-handed and, unlike Russia, it rarely makes efforts to swap its spies when they are arrested.\n\nAnother factor hampers a Western intelligence response: It is hard to spy on China. Beijing’s intelligence operations are decentralized, stretching across myriad agencies and private-sector companies. They operate largely autonomously, making the system difficult to penetrate, and their methods appear haphazard, with a mix of private and state actors seemingly loosely guided by overarching aims laid out by senior officials. China also purged a whole cadre of officials working as U.S. spies a decade ago.\n\nAdvertisement\n\nUnderpinning China’s activity is Xi’s desire to consolidate his grip on power. He has cited the Soviet Union’s sudden collapse in 1991 as a warning of what could befall communist rule in China if ideological controls are loosened. He created a national-security commission, which first convened in 2014, to centralize control over security work, and set an expansive definition of national security that spans the party’s political dominance as well as China’s economic strength and food sufficiency.\n\nThis emphasis morphed into a fixation in recent years as Beijing clashed with Washington over territorial disputes, technological dominance and the causes of Covid-19. Further fueling paranoia were allegations by former U.S. intelligence contractor Edward Snowden that the U.S. had extensively hacked Chinese infrastructure including mobile phone networks.\n\n“Security is the prerequisite for development, and development is the guarantee of security,” Xi told officials. “Security and development must be promoted simultaneously.”\n\nThe U.S. in 2014 accused Chinese military officers of plundering American corporate secrets through hacking—and said it was outside the bounds of traditional espionage.\n\nThe U.S. responded with tariffs and a campaign to stop its European allies from using China’s Huawei to build its next generation of telecom infrastructure.\n\nWestern democracies are trying to strike a balance now by continuing to do business with China while calling out Beijing’s spying. In May, Canadian intelligence officials said China likely tried to interfere in two past federal elections, including by busing in Chinese students to vote to secure the nomination of a preferred candidate.\n\nCentral Intelligence Agency Director William Burns has visited China over the past year to help avoid ‘inadvertent collisions.’ Photo: tom brenner/Reuters\n\nAround the same time, Australian authorities sentenced a businessman with links to the Chinese Communist Party for trying to curry favor with a government minister by donating $25,000 to a local hospital. This spring, seven alleged Chinese spies were arrested during separate operations in Germany and Britain for acquiring a special laser and shipping it to China without authorization, spying on the European Parliament and targeting dissidents, respectively.\n\nMuch of China’s information-gathering activity isn’t illegal. Most of China’s researchers and businesses aren’t involved in espionage, and many are credited with contributing to important advances in innovation that benefit Western economies.\n\nBut European security officials say Chinese students and guest scientists also have become a prime conduit for Chinese espionage in the West. In the past, security officials kept a close eye on Chinese researchers who had studied at one of the “Seven Sons of National Defense,” a nickname for top Chinese universities with strong links to the military. Recently, the officials say, spies masquerading as researchers have grown better at hiding their tracks. One example is students who initially enroll in language or literature courses and then switch to quantum computing or other sensitive areas.\n\nAdvertisement\n\nMore than 20,000 people in the U.K. alone have been approached by Chinese agents on LinkedIn since 2022 in attempts to get them to hand over sensitive information, according to MI5, the U.K.’s domestic spy agency.\n\nMI5 has been touring universities warning them about collaborations with Chinese-backed consultancies or universities, which could inadvertently hand over valuable intellectual property. Spy agencies can’t “disrupt our way out of that challenge,” McCallum, the head of MI5, said recently.\n\nChun Han Wong and Bertrand Benoit contributed to this article.\n\nWrite to Max Colchester at Max.Colchester@wsj.com and Daniel Michaels at Dan.Michaels@wsj.com\n\nU.S.-China Tensions Tracking the complicated relationship of the world’s two largest economies Podcast series: China Builds Influence With Infrastructure",
    "published": "2024-10-14"
  },
  {
    "source": "WSJ",
    "title": "wsj.com",
    "summary": "",
    "link": "https://www.wsj.com/world/birthrate-children-fertility-europe-perks-family-04aa13a0?mod=Searchresults_pos3&page=108",
    "content": "",
    "published": "2024-10-14"
  },
  {
    "source": "WSJ",
    "title": "wsj.com",
    "summary": "",
    "link": "https://www.wsj.com/business/energy-oil/google-nuclear-power-artificial-intelligence-87966624?mod=Searchresults_pos9&page=131",
    "content": "",
    "published": "2024-10-14"
  }
]