[
  {
    "source": "WSJ",
    "title": "Venezuela Takes Americans Hostage",
    "summary": "Yet Biden still lets Chevron sell oil that enriches the Maduro dictatorship.",
    "link": "https://www.wsj.com/opinion/venezuela-takes-americans-hostage-df2516ab?mod=Searchresults_pos3&page=6",
    "content": "That didn’t take long. Nine months ago the U.S. returned alleged money launderer Alex Saab to Venezuela in exchange for 10 detained Americans, a fugitive from U.S. justice, and a virtual pinky-swear from Nicolás Maduro not to take any more American hostages. Last week the Venezuelan dictator went back on his word.\n\nVenezuela’s arrest of three Americans—including an active-duty U.S. serviceman—is a sobering development for the Biden administration. U.S. officials expressed hope in December that the exchange of Mr. Saab for the American hostages was a step toward restoring Venezuelan normalcy. But the Maduro regime has picked a new fight, alleging without evidence that the three Americans were part of a U.S. plot to overthrow it. Venezuela also nabbed two Spaniards and a Czech and claims to have discovered a cache of rifles.\n\nThe latest detentions come on the heels of the July 28 presidential election that Mr. Maduro lost badly (67% to 30%) to opposition candidate Edmundo González Urrutia . The regime refuses to accept defeat. It has unleashed a crackdown that even a U.N. human-rights fact-finding mission has condemned. The police state exiled Mr. González to Spain last week with the help of the Socialist Spanish government. The Venezuelan nongovernmental organization Foro Penal says Caracas holds 1,834 political prisoners.\n\nThis is predictable in a military dictatorship allied with Russia, Cuba, China and Iran. It’s also humiliating for the Biden administration, which has repeatedly trusted the criminal government on the delusional premise that Mr. Maduro and his friends are interested in a return to democratic capitalism.\n\nIt’s not too late for the administration to recover its dignity. Mr. Maduro benefits from the fact that the U.S. president is checked out and his underlings prefer to lay low during his final months in office. But Vice President Kamala Harris has skin in the game. More than 40% of Venezuelans polled in August reported their intentions to flee the country if Mr. Maduro isn’t removed from power, and those migration flows are destabilizing the entire region. Failure to combat the “roots” of the crisis is part of her legacy.\n\nOne big Biden mistake has been failing to deny the regime the hard currency it needs for the military by applying U.S. oil sanctions where they could make a difference. Instead, by the end of this year, Chevron is expected to be exporting from Venezuela some 200,000 barrels a day, or some 25% of Venezuelan output. That’s a drop in the global oil-supply bucket of 103 million barrels a day, so it won’t affect fuel prices in the U.S. But according to Luis Pacheco , a nonresident fellow at the Baker Institute in Houston, over the next 15 months, at present prices, Chevron’s exports could provide some $1.7 billion to the dictatorship.\n\nOther big American players like Conoco and ExxonMobil left Venezuela around 2006 after the government raised royalties and later forced foreign companies to become minority owners in joint ventures with the state-owned oil company, PdVSA. Chevron stayed and has become an important partner of the regime.\n\nWhen oil prices collapsed in 2014, PdVSA had trouble keeping up its majority-partner obligations for operations in the joint ventures. It turned to Chevron for help and the American company accepted the request, eventually lending PdVSA billions of dollars.\n\nThis wasn’t a gift. Chevron intends to recover the money by producing and exporting Venezuelan oil. President Trump put the kibosh on that with sanctions prohibiting American investment in Venezuela and the U.S. import of Venezuelan oil.\n\nChevron’s lobbyists have done better with Team Biden. In 2022 the Treasury issued General License 41 to allow Chevron to ramp up operations in the South American country and sell to the U.S. Treasury also issued General License 8, allowing several oil-service companies to operate in Venezuela. The administration said it was rewarding the regime for its part in negotiations—held in Mexico—aimed at restoring Venezuelan democracy.\n\nIn October 2023, after Venezuela signed an agreement with members of the opposition to hold a presidential election in 2024, Treasury rushed to issue General License 44, available to any oil company, to do business with PdVSA.\n\nMr. Biden got burned again within months, when Mr. Maduro banned the presidential candidacy of the popular Maria Corina Machado , who had won the opposition primary. Washington allowed General License 44 to expire in April. But General Licenses 41 and 8 remain in place.\n\nMr. Maduro says Russia or China can replace Chevron. He’s blowing smoke. For Russia, an oil producer, the less global supply the better. China is focused on getting repaid billions in loans it made to Caracas, not investing more.\n\nChevron makes no bones about its priorities: Money is above the suffering Venezuelans. The Biden administration’s motives are difficult to divine.\n\nWrite to O’Grady@wsj.com.\n\nJournal Editorial Report: The week's best and worst from Kim Strassel, Kyle Peterson & Dan Henninger. Photo: Michael Brochstein/ZUMA Press Wire/AP Photo/Courtesy Taschen, Copyright Alfred Wertheimer",
    "published": "2024-09-21"
  },
  {
    "source": "WSJ",
    "title": "Israel’s War Makes Gazans Less Radical",
    "summary": "Palestinian surveys show a decline in support for Hamas and for terrorist tactics.",
    "link": "https://www.wsj.com/opinion/israels-war-makes-gazans-less-radical-survey-declining-support-for-hamas-terrorism-06353685?mod=Searchresults_pos2&page=50",
    "content": "Benjamin Netanyahu ’s government has been criticized for not giving Gazans a political alternative to Hamas. But recent polling suggests that the war itself is teaching Gazans that terrorism is both futile and costly. Stabilizing Gaza for a more fruitful “day after” will be difficult. But Gazans are being deradicalized even now.\n\nIsrael's defense minister says the country's war is entering a new phase and turning north, after thousands of Hezbollah pagers suddenly detonate in Lebanon. Plus, the Teamsters union declines to endorse a presidential candidate, for the first time in nearly three decades, despite polling showing that a strong majority of its rank-and-file members support Donald Trump. Read Transcript\n\nEvery few months, the Ramallah-based Palestinian Center for Policy and Survey Research polls Gazans and West Bank Palestinians about their politics. The first post-Oct. 7 poll was published in December 2023. Two months into Israel’s military operation, Hamas was still an intact force and only northern Gaza was heavily damaged. Over half of Gazans were satisfied with Hamas and its chief, Yahya Sinwar . Nearly 60% approved of armed struggle against Israel and the Oct. 7 massacres in particular.\n\nNine months later, Gaza is a wreck and Hamas is a shell. Gaza is highly urban, so Hamas’s practice of hiding among civilians ensures that even the most precise bombings and demolitions will be generally destructive. The United Nations Satellite Center’s July analysis estimated that more than 100,000 of Gaza’s buildings had been moderately damaged, including 46,000 that were totally destroyed. According to the Israeli military, most of Hamas’s battalions are disabled and 17,000 of its fighters are dead.\n\nGazans resent Israel for the carnage, but they also resent Hamas for inviting it. According to this month’s poll from the Palestinian Center for Policy and Survey Research, satisfaction with Hamas has declined to 39%, and satisfaction with Mr. Sinwar to 29%. As important, Hamas’s methods are losing popularity. Only 39% of Gazans think perpetrating the Oct. 7 massacres was a “correct” decision on Hamas’s part. Just over a third now favor armed struggle to advance Palestinian goals—the rest prefer negotiations or peaceful resistance.\n\nEven these numbers are likely too bullish on Hamas. Two other local polling services, Arab World for Research and Development and the Institute for Social and Economic Progress, put Gazan support for Hamas’s postwar governance at single digits early in the summer, when Israel had only begun its operations in the southern city of Rafah.\n\nTwo novelties of Israel’s current campaign likely account for Hamas’s diminished popularity in Gaza. This is Israel’s first ever war of Palestinian regime change. In the years since Hamas conquered Gaza after Israel’s 2005 withdrawal, Israel conducted several operations to impair the terror group. Israel’s current campaign in the northern West Bank, like 2002’s Operation Defense Shield there, is likewise meant to reduce terrorism, rather than to evict the Palestinian Authority. But since Oct. 7 the Netanyahu government has aimed to eliminate Hamas entirely. Gazans are learning that Hamas is a losing cause, because the group is no match for the Israel Defense Forces.\n\nThe war’s second novel aspect is its sheer destructiveness. Israel’s most ambitious Gaza operation prior to this campaign was in 2014. That operation lasted only six weeks and fewer than 7,000 buildings were destroyed. In contrast, between October 2023 and July 2024, nearly half of Gaza’s buildings were damaged or destroyed; by August, roughly two-thirds of its roads and cropland had been damaged, too. Most Gazans have been out of their homes for months. Nonstop media coverage captures the strip’s desolate mood. Polling in war zones isn’t fully reliable, but the best evidence suggests Hamas is suffering politically among the Gazans it has led to disaster.\n\nBut Hamas remains politically strong in the West Bank, where Palestinians have never endured the terror group’s rule or the costs of its wars. Hamas, Mr. Sinwar, the Oct. 7 massacres and armed resistance all have West Bank approval ratings of at least 50%, according to the Palestinian Center for Policy and Survey Research’s September poll. Extremist beliefs among West Bank Palestinians are a luxury afforded by relative calm. Israel’s longstanding military presence in the West Bank keeps terrorism milder than in Gaza, and Israel’s operations are consequently less damaging.\n\nBombing may not induce Gazans to rebel openly against Hamas, but it may lead them to prefer the peace of an Israeli victory to the bloodshed of a Hamas insurgency. Something similar happened in World War II Japan and Germany. The postwar Strategic Bombing Surveys found that the percentage of Japanese unwilling to continue the war climbed from less than 20% in early 1945 to more than 60% at the time of surrender, an interval that coincided with the worst period of American bombing. The bombardment persuaded the Japanese to forsake a regime that by 1945 was already in terrible shape militarily.\n\nThe surveys also found that, had the Nazis permitted it, Germans would “vote themselves out of the war” long before the unconditional surrender in May 1945. No less an authority on wartime German public opinion than Joseph Goebbels wrote in his diary in March 1945 that German civilians who welcomed Allied troops should be excused: “These people have been totally worn down by the air war.”\n\nThere are limits to comparisons between the Axis countries and Gaza. The fruitful occupations of Germany and Japan benefited from the countries’ prewar experience with peaceful, competitive politics. Palestinians lack such experience entirely, and are further debilitated by international support for their worst tendencies. But for now Hamas is severely degraded and Gazans are every day getting new reasons to prefer a peaceful alternative.\n\nMr. Aronson is a Jerusalem writer.\n\nWonder Land: World opinion should impose more pressure on Hamas military leader Yahya Sinwar. (05/05/24) Image: Mohammed Abed/AFP via Getty Images",
    "published": "2024-09-21"
  }
]