[
  {
    "source": "WSJ",
    "title": "Biden May Sabotage the Steel Industry",
    "summary": "Nippon Steel wants to save U.S. Steel. The only thing that may stop it is politics.",
    "link": "https://www.wsj.com/opinion/biden-may-sabotage-the-steel-industry-nippon-deal-cf2cd4aa?mod=Searchresults_pos2&page=121",
    "content": "My late father spent his entire 30-year professional career at Bethlehem Steel, a once-iconic American industrial giant. The company bore the name of the eastern Pennsylvania city where it was headquartered. Only cross-state rival and competitor U.S. Steel of Pittsburgh was larger. Sadly, Bethlehem Steel closed down in 2003, and its former headquarters were demolished in spectacular fashion in 2019.\n\nAs a U.S. congressman and state legislator for nearly 28 years, I spent much of my time working to create a better environment for investment so my constituents could find meaningful economic opportunities after the loss of Bethlehem Steel. My family, friends and neighbors personally experienced the pain of the company’s closure. That’s why I’m so dismayed by the Biden administration’s jingoistic, mindless opposition to Nippon Steel’s proposed acquisition of U.S. Steel.\n\nThe American steel industry has faced significant challenges for decades. Global competition has intensified, and despite various efforts to revitalize the industry, many companies are struggling to stay afloat. The U.S. government continues to intervene with domestic subsidies, job-killing tariffs and “buy America” policies to protect the declining industry. But these interventions often come at a high cost to taxpayers, workers and consumers, and they ultimately cause more harm by discouraging innovation and competitiveness.\n\nJapan-based Nippon Steel is one of the world’s leading steel producers. It’s offering a different path forward for U.S. Steel. We share deep military, economic and cultural ties with Japan, whose companies have a proven history of responsible investment in the U.S. They have been employing thousands of Americans, contributing to local economies, and bringing innovative practices to our industries for decades. If all goes well, Nippon Steel, with its financial stability and commitment to sustainable development, will bring those same benefits to the steel industry.\n\nOn Aug. 29, Nippon Steel announced that as part of its planned acquisition, it would invest an additional $1.3 billion in U.S. Steel to turn around two of its largest facilities—the Gary Works in Indiana and the Mon Valley Works in Pennsylvania. Particularly for Pennsylvania, where steel has been and still is vital to so many communities, this could be a turning point. Nippon Steel has already shared its commitment to keeping American plants open and U.S. Steel’s name on the door, which will save thousands of jobs and continue the legacy of one of America’s oldest companies.\n\nEarly last week, reports suggested that the Biden administration was preparing to block Nippon Steel from acquiring U.S. Steel. The Biden administration has claimed the deal threatens national security and the preservation of American manufacturing jobs. This reasoning reflects a dated mindset that ignores the strategic benefits of partnership with a trusted ally like Japan. Rejecting this deal would undermine our relationship with a key economic partner and weaken Japan’s ability to compete with China, the global leader in steelmaking.\n\nAfter significant outcry from just about every corner of the political and economic spectrum, by Friday the White House backtracked, indicating it was delaying any decision until after the election. If that’s not a clear indication this straightforward private-sector deal has become a political pawn, I don’t know what is.\n\nThe reality remains that if the deal falls through, U.S. Steel has warned that plant closures could be on the horizon. This news should be a wake-up call for American taxpayers, steelworkers, consumers and policymakers. It would also send a chilling signal to international investors that America is no longer open for business.\n\nOur national debt is soaring. Why should the U.S. government continue to pour billions of taxpayer dollars into subsidizing an industry that a reputable, financially sound investor is willing to sustain and revitalize? This isn’t about selling out American interests; it’s about taking advantage of the strengths of a friendly ally to build a more resilient American steel industry.\n\nTaxpayers shouldn’t be on the hook for rescuing U.S. Steel, especially when an alternative path would reaffirm America’s commitment to open markets, fair trade and shared prosperity. The choice is clear—we need to work with our allies, not against them, to rebuild the American steel industry.\n\nMr. Dent, a Republican, served as a U.S. representative from Pennsylvania, 2005-18.\n\nJournal Editorial Report: Paul Gigot interviews economist Douglas Hotlz-Eakin. Photo: Al Drago/Bloomberg",
    "published": "2024-09-15"
  },
  {
    "source": "WSJ",
    "title": "Interest Rates Are Too High. The Fed Should Cut by a Half Point.",
    "summary": "With rates so far from ‘neutral’ and the labor market cooling, it’s better to start big",
    "link": "https://www.wsj.com/economy/central-banking/interest-rates-are-too-high-the-fed-should-cut-by-a-half-point-e7855ea8?mod=Searchresults_pos15&page=148",
    "content": "The Federal Reserve’s interest-rate decision this week looks more difficult than it should be. The real question isn’t how much to cut, but where rates ought to be. The answer is much lower. That argues for a half-point cut.\n\nThe case for a bigger cut starts by examining why the Fed’s short-term rate target is now 5.25% to 5.5%, the highest since 2001. The Fed pushed it there last summer because underlying inflation was well above 3% and, with the labor market overheated, the Fed was afraid it would get stuck there. It was willing to cause a recession to prevent that.\n\nFast forward to today, and some key underlying measures of inflation are below 3%, some within range of the Fed’s 2% target. The labor market is cool, if not actually cold. A recession now serves no useful purpose.\n\nTrue, there isn’t much evidence a recession is in the offing. But waiting for that evidence is tempting fate.\n\nInflation victory is in view\n\nA year ago inflation as measured by the consumer-price index was 3.2%. In August, it was 2.5%. In that time, core inflation, which excludes food and energy, has fallen from 4.2% to an estimated 2.7%, using the Fed’s preferred gauge, the price index of personal-consumption expenditures, or PCE.\n\nThe gap between 2.7% and the Fed’s 2% target largely reflects the lagged effects of higher housing, auto and other prices from a few years ago. Some alternative indexes attempt to exclude such idiosyncratic factors. Harvard University economist Jason Furman averages several over different time horizons to yield a single, PCE-equivalent underlying inflation rate. It was 2.2% in August, the lowest since early 2021.\n\nInflation is likely to keep falling. Oil has plunged from $83 a barrel in early July to below $70 on Friday. This will directly lower headline inflation and, indirectly, core inflation because oil is an input into almost every business. A study by Robert Minton, now at the Fed, and Brian Wheaton at the University of California, Los Angeles, found oil can explain 16% of fluctuations in core inflation, and it takes two years for 80% of the effect to show up.\n\nInflation-indexed bonds and derivatives now project CPI inflation at just 1.8% in the coming year and an average of 2.2% in the following five years, according to the Intercontinental Exchange.\n\nThis matters for two reasons. First, it means investors are confident the Fed will hit its 2% target. In fact, it implies some chance inflation falls below target, something the Fed shouldn’t welcome.\n\nSecond, the real cost of borrowing equals the nominal interest rate minus inflation. As expected inflation falls, the real short-term interest rate has risen, to between 3.2% and 3.5%.\n\nThat is restrictive by any measure. Fed officials think the “neutral” real rate, one that pushes employment and inflation neither up or down, is 0.5% to 1.5%—at least 1.75 percentage points from here. In 2022, the Fed raised rates in half- and three-quarter-point increments because its starting place, deeply negative real rates, was so far from neutral. The same logic should apply now, in the opposite direction.\n\nThe labor market is plenty cool\n\nHigh real rates could be justified to weaken economic activity and bring inflation down. But with inflation already headed lower, that need has passed. Meanwhile, the labor market is cooling rapidly. The unemployment rate rose from 3.5% in July 2023 to 4.3% a year later, touching off a panic because in the past, such an increase meant the U.S. was in recession.\n\nFalse alarm. Nothing about consumer spending, unemployment insurance claims or the stock market points to an economy in trouble, and unemployment ticked down to 4.2% in August. Yet the data give no reason to worry about inflation pressure, either. Just the opposite: The number of vacant jobs per unemployed person has slid from two in early 2022 to 1.1 now, below the prepandemic norm. Monthly private-sector job growth averaged just 96,000 in the last three months, also below the prepandemic norm. This suggests wages, still growing faster than before the pandemic, are bound to slow.\n\nFederal Reserve Chair Jerome Powell issued his strongest signal yet that the central bank will soon begin cutting interest rates during a speech at the Jackson Hole Economic Symposium. Photo: Natalie Behring/Bloomberg News\n\nWhat mistake would you rather make?\n\nThe Fed doesn’t get to wait for perfect knowledge before acting. It always risks doing too much, or too little. The question is, which is worse? Cutting rates half a point isn’t riskless. Long-term Treasury bond yields are already lower than short-term rates—a relationship called an inverted yield curve—and could fall even further, pulling down mortgage rates. Stocks could turn frothy. That would stimulate spending.\n\nInflation could also prove stickier or even edge higher, especially if oil rebounds or tariffs are raised. If that happens, the response should be straightforward: Don’t cut again. Rates would still be relatively high.\n\nSHARE YOUR THOUGHTS Where do you think the interest rate should be right now? Join the conversation below.\n\nCutting only a quarter point looks riskier, though. One reason oil and other commodity prices such as copper have fallen is because the global economy, in particular China and Europe, looks sickly. Mounting auto loan and credit card delinquencies show higher rates are biting. The yield curve is inverted because markets think interest rates ought to be lower.\n\nThe Fed has already erred on the side of moving slowly. In hindsight it should have cut in July given the weak employment and generally tame inflation data that followed. If the Fed only cuts a quarter point now and more weak data arrive, it would be even further behind the curve.\n\nSome analysts suggest that in a close call, the Fed should cut by just a quarter to avoid the appearance of helping Vice President Kamala Harris so close to the election. But that would amount to helping former President Donald Trump.\n\nFed Chair Jerome Powell has insisted he would never allow political considerations to sway what should be an economic judgment. Don’t bet on him starting now.\n\nWrite to Greg Ip at greg.ip@wsj.com\n\nInflation and the Economy Analysis from The Wall Street Journal, selected by the editors",
    "published": "2024-09-15"
  },
  {
    "source": "WSJ",
    "title": "Treasury’s Springtime for Accountants",
    "summary": "New corporate minimum tax rules mean a boom for loophole hunters.",
    "link": "https://www.wsj.com/opinion/treasurys-springtime-for-accountants-loopholes-minimum-corporate-rate-44d6b13a?mod=Searchresults_pos6&page=5",
    "content": "Accountants and lobbyists—on your mark, get set, go. The Biden Treasury Department on Thursday proposed a 603-page rule advising companies how to calculate their tax liability under the Inflation Reduction Act’s new 15% corporate alternative minimum tax. Let the race to find tax loopholes begin.\n\nDonald Trump says he won't debate Kamala Harris a second time, yet the two candidates' foreign policy ideas are far from clear as the November election nears. So what should voters know about Trump's and Harris's respective positions on three major questions: Israel's war against Hamas, Ukraine's defense from Russia, and China's looming ambitions for Taiwan? Read Transcript\n\nPricewaterhouseCoopers last week announced 1,800 layoffs, its first major workforce reduction since 2009. Never fear, auditors. The Administration’s new tax on corporate “book income” will provide an effective job guarantee because companies will need to hire armies of accountants to crack this second corporate tax code.\n\nThe U.S. corporate tax rate is 21%, but Democrats established the new 15% minimum tax on “book income” of corporations that average more than $1 billion in financial-statement profits over three years. Democrats claimed companies were exploiting loopholes to pay little or no tax even as Democrats added sundry new tax breaks for green-energy investment.\n\nNow many large companies have to pay a 15% tax on their “adjusted” financial income—emphasis on the adjusted. Democrats who wrote the partisan law exempted credits for investment in green energy, research and low-income housing from the new tax. Ditto deductions for losses and accelerated depreciation. As a result, many companies may still pay less than 15%.\n\nThey must calculate their tax liability under both the normal corporate code and their adjusted financial income, then pay whichever is more. The tax took effect last year. But because Congress left many blanks, companies must use their best judgment to calculate their liability until Treasury fleshes out the details. Underpay, and the IRS could dun you later.\n\nAt least companies will be able to use their financial-statement tax bill to offset future tax liability under the regular code. So the new “minimum” tax could ironically reduce corporate tax payments down the road. Rest assured, when this happens Democrats will lambaste corporations as tax dodgers and call for raising taxes again.\n\nTo illustrate the tax’s complexity, consider this provision from Treasury’s rule-making:\n\n“Proposed §1.56A-22(d)(1) generally would provide that (i) the ceding company in a ‘covered reinsurance agreement’, as defined in proposed §1.56A22(b)(4), excludes from [adjusted financial statement income] any changes in the amount of the payable to the reinsurer that correspond to the unrealized gains and losses in the withheld assets to the extent the unrealized gains and losses are not included in AFSI, and (ii) the reinsurer in a covered reinsurance agreement excludes from AFSI any changes in the amount of the receivable from the ceding company that correspond to the unrealized gains and losses in the assets withheld by the ceding company.”\n\nAs the IRS tries to interpret what this soup means, look for many backroom accounting brawls ahead.\n\nThe Administration estimates the book tax will raise $250 billion over 10 years. Don’t bet your mother’s heirlooms on it. Companies will exploit the rules to minimize their payments, as they legally can.\n\nBut the new tax will distort investment decisions—and even more so if Democrats raise the corporate tax rate to 28% and alternative tax to 21%, as Kamala Harris wants to do. Raising taxes makes the carve-outs for green-energy and low-income housing investment more valuable. Maybe that’s the political goal.\n\nJournal Editorial Report: Paul Gigot interviews economist Douglas Hotlz-Eakin. Photo: Al Drago/Bloomberg",
    "published": "2024-09-15"
  },
  {
    "source": "WSJ",
    "title": "If Taylor Swift Had Endorsed Donald Trump",
    "summary": "Democrats would scorn her business savvy, cap her ticket prices, and fret over her huge carbon footprint.",
    "link": "https://www.wsj.com/opinion/if-taylor-swift-had-endorsed-donald-trump-business-savvy-billionaire-tax-carbon-footprint-b4714a9d?mod=Searchresults_pos12&page=9",
    "content": "Forbes estimates Taylor Swift ’s net worth at $1.3 billion. Despite her liberal leanings, the singer-songwriter has amassed her wealth the old-fashioned way: through hard work, talent and business savvy. Her endorsement of Kamala Harris last week is rich considering she owes her success to the capitalist system the vice president wants to tear down.\n\n“The way I see it, fans view music the way they view their relationships,” Ms. Swift wrote in a 2014 piece for the Journal. “Some music is just for fun, a passing fling. . . . Some songs and albums represent seasons of our lives, like relationships that we hold dear in our memories but had their time and place in the past. However, some artists will be like finding ‘the one.’ ” She has become “the one” for hundreds of millions of fans worldwide with lyrics that chronicle relationship woes women commonly experience.\n\nMs. Swift took advantage of her ardent fan base in 2014 by removing her catalog from Spotify in a bid for higher royalties. “Valuable things should be paid for. It’s my opinion that music should not be free,” she explained. “My hope for the future, not just in the music industry, but in every young girl I meet, . . . is that they all realize their worth and ask for it.”\n\nShe also criticized Apple Music for not paying artists during the streaming service’s free trial, prompting the company to change its policy. As she jeers in a hit song, “Who’s afraid of little old me?” Apparently, Big Tech companies.\n\nLast year she reportedly raked in $200 million from streaming royalties on top of the estimated $15.8 million she grossed per performance during her recent “Eras” tour. Some fans have shelled out thousands of dollars on the resale market to see Ms. Swift perform. Americans have even traveled to Europe when they couldn’t get tickets in the U.S.\n\nHer fan base may be more loyal and enthusiastic than Donald Trump’s. JD Vance scoffed at the idea that the star’s endorsement of Ms. Harris could influence the outcome of the election. The “billionaire celebrity,” he said, is “fundamentally disconnected from the interests and the problems of most Americans.” Maybe, but she certainly taps into the problems of young women.\n\nDemocrats hope to use Ms. Swift’s endorsement to drive them to the polls. But it isn’t difficult to imagine what the left would be saying about her had she endorsed the Republican antihero. It might go something like this:\n\nThe billionaire has gotten rich by ripping off fans, avoiding taxes and harming competitors. Time for the government to break her up. Unlike rival artists, Ms. Swift writes, performs and owns her compositions. This vertical integration allows her to charge exorbitant royalties and ticket prices.\n\nTickets for her “Eras” tour on average cost about $240. That’s merely the price for admission—not including food, drink or Swiftie swag. VIP passes that include memorabilia go for $899. How dare she make young women choose between paying for groceries or rent and going to a concert.\n\nThe Federal Trade Commission must cap Ms. Swift’s ticket prices at a reasonable price—say, $20—and ban her junk fees. Concertgoers shouldn’t have to pay $65 for an “I Love You It’s Ruining My Life” sweatshirt.\n\nHer romance with Kansas City Chiefs tight end Travis Kelce also unfairly boosts their star power, letting them charge more for endorsements. As Ms. Swift writes in one song, “two is better than one.” Mr. Kelce reportedly signed a $100 million podcast deal with Amazon’s Wonderly. By breaking up the couple, the government could reduce their royalties and ticket prices.\n\nMs. Swift, the self-described “mastermind,” also dodges taxes on her “full income,” which includes some $125 million in real estate and a music catalog worth an estimated $600 million. “They said I was a cheat, I guess it must be true,” Ms. Swift acknowledges in her song “Florida!!!”\n\nUnder the Biden-Harris administration’s proposed billionaire’s tax, she would have to pay a 25% levy on the $1 billion increase in her fortune since 2017. But that isn’t enough. Ms. Swift should also have to pay taxes on the appreciating value of her “name, image and likeness,” which the Internal Revenue Service considers an asset.\n\nHow much is her brand worth? Easily billions. She might say, as she does in a song, that her “reputation has never been worse.” True, Miss Americana’s image took a hit after reports that her private-jet travel in 2022 emitted 576 times as much CO2 as the average American in a year. When Ms. Swift sings, “It’s me, hi, I’m the problem, it’s me,” she’s correct. She and her fat-cat friends are what’s wrong with America.\n\nWonder Land: In Kamala Harris, the Democrats have created the biggest soap bubble American politics has ever seen. The question is, can they stop Donald Trump popping it until Nov. 5? Photo: Erin Hooley/Associated Press",
    "published": "2024-09-15"
  },
  {
    "source": "WSJ",
    "title": "Progressives Against Progressive Taxation",
    "summary": "Those on the left should celebrate redistribution of money from rich blue states to poorer red ones.",
    "link": "https://www.wsj.com/opinion/progressives-against-progressive-taxation-redistribution-red-blue-0650549b?mod=Searchresults_pos10&page=6",
    "content": "It has been almost 50 years since New York City sought a federal bailout as a cure for its irresponsible spending. President Gerald Ford said no, as the Daily News reported under the headline “Ford to City: Drop Dead.” In response, Daniel Patrick Moynihan , soon to be a U.S. senator, calculated a netting of federal expenditures minus tax receipts for every state, which he called a “balance of payments.” New York eventually made reforms, only possible by Ford’s tough love, that resolved the city’s financial crisis. Yet Moynihan’s balance of payments measure lives on, calculated annually by the Rockefeller Institute of Government of the State University of New York.\n\nIn its most recent report, the Rockefeller Institute shows that while a majority of states “receive” more than they pay (because the U.S. runs a large federal deficit), the most disfavored states by this measure tend to be Democratic-leaning while the net-receivers tilt Republican. The point of the study, and the reason New York pays to produce it, is to argue—as Moynihan did for decades—that net-payer states deserve more federal largess.\n\nWhile we won’t argue the right of any state to ask for more, Moynihan’s interpretation has largely faded from public debate. Today, the blue-red disparity in the balance of payments is more commonly used by the left to argue that red-state voters are hypocrites claiming to support small government while skimming off the taxpayers of the Northeast and West Coast. The point is that while liberals and conservatives want more government, only the right wants the left to foot the bill.\n\nDoes this blue-red balance of payments demonstrate a character flaw of conservative voters? No, the imbalance actually belies the false claims of how we tax (or don’t tax) high-income people in America.\n\nIf we consider the two components of the state-by-state balances—federal tax receipts and expenditures—first we find that the expenditures tend to be related to the number of older people in each state because of Social Security and Medicare. That includes many people who paid taxes while they were younger and earning money in blue states before they moved to red states to retire. There’s additional variation due to the number of highly paid federal workers in the District of Columbia, Maryland and Virginia.\n\nOther, more lightly populated states often have large federal facilities, including those for the military. Working in New York and retiring to Florida doesn’t demonstrate a federal policy to subsidize Florida, but rather that older New Yorkers like milder winters. Even so, the federal government spends more per capita in the 17 solid blue states (those with Democrats controlling both legislative houses and serving as governor, attorney general and secretary of state), $16,493, than in the 23 solid red states, $15,514. The 10 swing states make out at $19,040.\n\nSo it isn’t the spending side that drives the overall blue-red divide. It’s the other variable in the equation: personal and corporate income taxes. Here is where the blue states take pride of place. The highest-income places tend to be coastal blue states like Massachusetts, Connecticut, New Jersey, California, New York and Washington. They pay the highest federal taxes, $16,562 per resident in the 17 solid blue states, compared with $11,846 in the 23 solid red states.\n\nHigher incomes usually mean higher tax rates, and extremes of income usually generate disproportionately high tax bills. Since there are more high-income taxpayers in Manhattan, Bel Air and Silicon Valley, individuals there subsidize the federal expenditures for those who pay less, whether they live in a red state 1,000 miles away or nearby in an even bluer but much less affluent neighborhood.\n\nWhat many assume to be hinterland hypocrisy reveals the most consequential lie of the June 27 Biden-Trump debate. The billionaire class doesn’t pay income tax at the 8.2% rate Mr. Biden cited—it pays far more. The top 1% of earners pay 46% of total federal income tax while earning only 26% of total income. Those big-city Democrats (and the well-off Republicans living among them) are paying a big chunk of federal spending on healthcare, the military and school lunches. As long as we have a progressive tax code and lots of social spending, tax money is going to keep flowing from Park Avenue and Sand Hill Road to conservative Appalachia and rural Mississippi, as well as to left-leaning Detroit and Hartford. That is, from the Warren Buffetts of the world to their secretaries, not vice versa.\n\nIf those on the left really believe in progressive taxation, they should celebrate the redistribution of money from rich blue states to poorer red ones. They shouldn’t use it as a cudgel against middle-income red-state citizens who still believe in limited government but aren’t wealthy enough to turn away their Social Security checks.\n\nThese balance-of-payment arguments may one day be used to justify massive bailouts for blue-state fiscal crises created by their own reliance on the volatile incomes of their wealthiest citizens. Instead, we could bridge much of this blue-red divide by other means. These include a flat income tax, dispersal of the federal bureaucracy throughout the country, and a more significant military presence in blue states. Or maybe we could accept that the blue-red divide is an intended consequence of our demographics and basic taxation and spending policies.\n\nMr. Brown is author of “The Poker Face of Wall Street” and “Red-Blooded Risk.” Mr. Mendelson is a principal at AQR Capital Management.\n\nJournal Editorial Report: Trump and Harris campaigns chase undecideds. Photo: Imago/Zuma Press",
    "published": "2024-09-15"
  },
  {
    "source": "WSJ",
    "title": "Harris Is the Safer Economic Choice",
    "summary": "Both candidates have bad ideas, but Trump’s are worse—and likelier to find support in Congress.",
    "link": "https://www.wsj.com/opinion/harris-is-the-safer-economic-choice-2024-presidential-election-ea06b8bf?mod=Searchresults_pos1&page=7",
    "content": "The first modern presidential race between two candidates with undergraduate degrees in economics hasn’t thrilled economists. Both Donald Trump and Kamala Harris have floated bad ideas, including that Nippon Steel’s proposed acquisition of U.S. Steel is a national-security risk, that tip income shouldn’t be taxed, and that grocery prices are currently elevated because of price gouging.\n\nFor the second time in two months, Donald Trump was the target of an assassination attempt, this time by a gunman who was hiding near the former president’s Florida golf course. Plus, leaks from the Supreme Court paint Chief Justice John Roberts as an ally of Donald Trump, but is that accurate? And why are insiders leaking details about internal Court discussions? Read Transcript\n\nYet economists are obliged to compare and quantify. In this race, the evaluation is clear: Mr. Trump’s ideas on tariffs, the budget and the Federal Reserve pose a much greater risk to the economy than Ms. Harris’s.\n\nLet’s start with tariffs. The Biden administration was wrong to keep and add to the tariffs Mr. Trump placed on China. Fortunately Ms. Harris doesn’t seem enthusiastic about pursuing this route much further. Mr. Trump, meanwhile, has proposed 10% tariffs on all U.S. imports, as well as 60% on Chinese goods. Whereas President Biden’s tariffs covered $18 billion of imports, Mr. Trump’s would cover $4 trillion, more than 200 times as much.\n\nThat proposal isn’t merely election-year bluster. While Mr. Trump’s views on many topics have evolved, his enthusiasm for tariffs hasn’t. He says international trade is zero sum and has even floated up to 20% tariffs “on foreign countries that have been ripping us off for years.”\n\nSome of his supporters have described this policy merely as a negotiating tactic. But he appears committed, and his running mate, JD Vance, has suggested the money raised would help pay for tax cuts. Why would they want to backtrack? Worse yet, as in his first term, Mr. Trump would likely pursue this policy without congressional approval, citing national-security imperatives.\n\nNext consider the budget. The deficit is too large and unsustainable. No one is proposing a plan commensurate with the problem. Mr. Biden’s fiscal 2025 budget offered more than $3 trillion in deficit reduction. Ms. Harris has embraced this as a starting point while sensibly backing off some ill-advised ideas—such as raising the capital-gains rate to about 45%—and suggesting new ones, such as expanding the Child Tax Credit. I estimate this leaves her with about $1.5 trillion of deficit reduction. She has, however, committed to extending the expiring tax cuts below $400,000 without explaining how she would pay for it. If these tax cuts are extended without pay-fors, along with the rest of her agenda, she would face a $1.5 trillion deficit increase.\n\nMr. Trump is vaguer about his budget numbers than most candidates. I estimate his combination of making the 2017 tax cuts permanent, cutting the corporate rate, and eliminating taxes on tips, overtime and Social Security would add more than $5 trillion to the deficit. That is after accounting for the revenue from his proposed tariffs.\n\nMr. Trump’s deficit increases are more likely than Ms. Harris’s to materialize. Betting markets suggest that if he wins, there is a two-thirds chance he will have a Republican House and Senate—a combination that typically results in substantial tax cuts. If Ms. Harris wins, she would have only about a one-third chance of a unified Democratic Congress, with the best case being 50 Democratic senators. Even with unified Democratic control, there is more precedent for deficit reduction and paying for proposals, outside major recessions and emergencies.\n\nFinally, the Federal Reserve. Mr. Biden reappointed Chairman Jerome Powell, the Republican Mr. Trump tapped to lead the central bank. Ms. Harris has affirmed her support for the Fed’s independence, and I have no doubt she would continue a half-century tradition of appointing mainstream, nonpartisan candidates to the central bank.\n\nMr. Trump’s Fed appointments were generally excellent, with some exceptions near the end of his term that Republican senators helped stop. Yet he often fiercely criticized the central bank. He is now arguing that the president should have a say in setting interest rates, and at least one of Mr. Trump’s top advisers has suggested he would fire Mr. Powell in the first 100 days. It is likely but not certain that he would back off these ideas as soon as the stock market caught wind of them. Regardless, the possibility that he follows through on them is perhaps the largest threat the economy faces.\n\nThere are other issues. I have publicly criticized Mr. Biden’s rent-control scheme and Ms. Harris’s anti-price-gouging proposals. Yet both of these would require legislative approval, which neither is likely to get. Those policies, moreover, aren’t nearly as important as where the two candidates stand on tariffs, the deficit and the central bank—and the likelihood they would follow through on their promises.\n\nMr. Trump often listened to sensible advisers and walked away from some terrible economic policies as president. Some of his defenders believe he will do so again—and I hope they’re right. For my money, though, I recommend taking him at his word and voting accordingly.\n\nMr. Furman, a professor of the practice of economic policy at Harvard, was chairman of the White House Council of Economic Advisers, 2013-17.\n\nWonder Land: Donald Trump has a communication problem, but Kamala Harris has a character problem. And based on the first debate, a lot could change. Photo: Luis Villegas/The Sacramento Bee via ZUMA Press Wire",
    "published": "2024-09-15"
  },
  {
    "source": "WSJ",
    "title": "Progressives Against Progressive Taxation",
    "summary": "Those on the left should celebrate redistribution of money from rich blue states to poorer red ones.",
    "link": "https://www.wsj.com/opinion/progressives-against-progressive-taxation-redistribution-red-blue-0650549b?mod=Searchresults_pos20&page=39",
    "content": "It has been almost 50 years since New York City sought a federal bailout as a cure for its irresponsible spending. President Gerald Ford said no, as the Daily News reported under the headline “Ford to City: Drop Dead.” In response, Daniel Patrick Moynihan , soon to be a U.S. senator, calculated a netting of federal expenditures minus tax receipts for every state, which he called a “balance of payments.” New York eventually made reforms, only possible by Ford’s tough love, that resolved the city’s financial crisis. Yet Moynihan’s balance of payments measure lives on, calculated annually by the Rockefeller Institute of Government of the State University of New York.\n\nIn its most recent report, the Rockefeller Institute shows that while a majority of states “receive” more than they pay (because the U.S. runs a large federal deficit), the most disfavored states by this measure tend to be Democratic-leaning while the net-receivers tilt Republican. The point of the study, and the reason New York pays to produce it, is to argue—as Moynihan did for decades—that net-payer states deserve more federal largess.\n\nWhile we won’t argue the right of any state to ask for more, Moynihan’s interpretation has largely faded from public debate. Today, the blue-red disparity in the balance of payments is more commonly used by the left to argue that red-state voters are hypocrites claiming to support small government while skimming off the taxpayers of the Northeast and West Coast. The point is that while liberals and conservatives want more government, only the right wants the left to foot the bill.\n\nDoes this blue-red balance of payments demonstrate a character flaw of conservative voters? No, the imbalance actually belies the false claims of how we tax (or don’t tax) high-income people in America.\n\nIf we consider the two components of the state-by-state balances—federal tax receipts and expenditures—first we find that the expenditures tend to be related to the number of older people in each state because of Social Security and Medicare. That includes many people who paid taxes while they were younger and earning money in blue states before they moved to red states to retire. There’s additional variation due to the number of highly paid federal workers in the District of Columbia, Maryland and Virginia.\n\nOther, more lightly populated states often have large federal facilities, including those for the military. Working in New York and retiring to Florida doesn’t demonstrate a federal policy to subsidize Florida, but rather that older New Yorkers like milder winters. Even so, the federal government spends more per capita in the 17 solid blue states (those with Democrats controlling both legislative houses and serving as governor, attorney general and secretary of state), $16,493, than in the 23 solid red states, $15,514. The 10 swing states make out at $19,040.\n\nSo it isn’t the spending side that drives the overall blue-red divide. It’s the other variable in the equation: personal and corporate income taxes. Here is where the blue states take pride of place. The highest-income places tend to be coastal blue states like Massachusetts, Connecticut, New Jersey, California, New York and Washington. They pay the highest federal taxes, $16,562 per resident in the 17 solid blue states, compared with $11,846 in the 23 solid red states.\n\nHigher incomes usually mean higher tax rates, and extremes of income usually generate disproportionately high tax bills. Since there are more high-income taxpayers in Manhattan, Bel Air and Silicon Valley, individuals there subsidize the federal expenditures for those who pay less, whether they live in a red state 1,000 miles away or nearby in an even bluer but much less affluent neighborhood.\n\nWhat many assume to be hinterland hypocrisy reveals the most consequential lie of the June 27 Biden-Trump debate. The billionaire class doesn’t pay income tax at the 8.2% rate Mr. Biden cited—it pays far more. The top 1% of earners pay 46% of total federal income tax while earning only 26% of total income. Those big-city Democrats (and the well-off Republicans living among them) are paying a big chunk of federal spending on healthcare, the military and school lunches. As long as we have a progressive tax code and lots of social spending, tax money is going to keep flowing from Park Avenue and Sand Hill Road to conservative Appalachia and rural Mississippi, as well as to left-leaning Detroit and Hartford. That is, from the Warren Buffetts of the world to their secretaries, not vice versa.\n\nIf those on the left really believe in progressive taxation, they should celebrate the redistribution of money from rich blue states to poorer red ones. They shouldn’t use it as a cudgel against middle-income red-state citizens who still believe in limited government but aren’t wealthy enough to turn away their Social Security checks.\n\nThese balance-of-payment arguments may one day be used to justify massive bailouts for blue-state fiscal crises created by their own reliance on the volatile incomes of their wealthiest citizens. Instead, we could bridge much of this blue-red divide by other means. These include a flat income tax, dispersal of the federal bureaucracy throughout the country, and a more significant military presence in blue states. Or maybe we could accept that the blue-red divide is an intended consequence of our demographics and basic taxation and spending policies.\n\nMr. Brown is author of “The Poker Face of Wall Street” and “Red-Blooded Risk.” Mr. Mendelson is a principal at AQR Capital Management.\n\nJournal Editorial Report: Trump and Harris campaigns chase undecideds. Photo: Imago/Zuma Press",
    "published": "2024-09-15"
  },
  {
    "source": "WSJ",
    "title": "Treasury’s Springtime for Accountants",
    "summary": "New corporate minimum tax rules mean a boom for loophole hunters.",
    "link": "https://www.wsj.com/opinion/treasurys-springtime-for-accountants-loopholes-minimum-corporate-rate-44d6b13a?mod=Searchresults_pos9&page=24",
    "content": "Accountants and lobbyists—on your mark, get set, go. The Biden Treasury Department on Thursday proposed a 603-page rule advising companies how to calculate their tax liability under the Inflation Reduction Act’s new 15% corporate alternative minimum tax. Let the race to find tax loopholes begin.\n\nPricewaterhouseCoopers last week announced 1,800 layoffs, its first major workforce reduction since 2009. Never fear, auditors. The Administration’s new tax on corporate “book income” will provide an effective job guarantee because companies will need to hire armies of accountants to crack this second corporate tax code.\n\nThe U.S. corporate tax rate is 21%, but Democrats established the new 15% minimum tax on “book income” of corporations that average more than $1 billion in financial-statement profits over three years. Democrats claimed companies were exploiting loopholes to pay little or no tax even as Democrats added sundry new tax breaks for green-energy investment.\n\nNow many large companies have to pay a 15% tax on their “adjusted” financial income—emphasis on the adjusted. Democrats who wrote the partisan law exempted credits for investment in green energy, research and low-income housing from the new tax. Ditto deductions for losses and accelerated depreciation. As a result, many companies may still pay less than 15%.\n\nThey must calculate their tax liability under both the normal corporate code and their adjusted financial income, then pay whichever is more. The tax took effect last year. But because Congress left many blanks, companies must use their best judgment to calculate their liability until Treasury fleshes out the details. Underpay, and the IRS could dun you later.\n\nAt least companies will be able to use their financial-statement tax bill to offset future tax liability under the regular code. So the new “minimum” tax could ironically reduce corporate tax payments down the road. Rest assured, when this happens Democrats will lambaste corporations as tax dodgers and call for raising taxes again.\n\nTo illustrate the tax’s complexity, consider this provision from Treasury’s rule-making:\n\n“Proposed §1.56A-22(d)(1) generally would provide that (i) the ceding company in a ‘covered reinsurance agreement’, as defined in proposed §1.56A22(b)(4), excludes from [adjusted financial statement income] any changes in the amount of the payable to the reinsurer that correspond to the unrealized gains and losses in the withheld assets to the extent the unrealized gains and losses are not included in AFSI, and (ii) the reinsurer in a covered reinsurance agreement excludes from AFSI any changes in the amount of the receivable from the ceding company that correspond to the unrealized gains and losses in the assets withheld by the ceding company.”\n\nAs the IRS tries to interpret what this soup means, look for many backroom accounting brawls ahead.\n\nThe Administration estimates the book tax will raise $250 billion over 10 years. Don’t bet your mother’s heirlooms on it. Companies will exploit the rules to minimize their payments, as they legally can.\n\nBut the new tax will distort investment decisions—and even more so if Democrats raise the corporate tax rate to 28% and alternative tax to 21%, as Kamala Harris wants to do. Raising taxes makes the carve-outs for green-energy and low-income housing investment more valuable. Maybe that’s the political goal.\n\nJournal Editorial Report: Paul Gigot interviews economist Douglas Hotlz-Eakin. Photo: Al Drago/Bloomberg",
    "published": "2024-09-15"
  },
  {
    "source": "WSJ",
    "title": "China Is Risking a Deflationary Spiral",
    "summary": "Pressures are building amid excess capacity and insufficient stimulus from Beijing",
    "link": "https://www.wsj.com/economy/china-is-risking-a-deflationary-spiral-75702b5b?mod=Searchresults_pos4&page=61",
    "content": "As China sits on the precipice of deflation, Wall Street economists are calling for more fiscal stimulus in the country. But Beijing may still not act boldly enough.\n\nWhile much of the West has been combating inflation over the past couple of years, China is facing the opposite. Deflationary pressure is building up in the country. China’s consumer prices rose 0.6% from a year earlier in August, but that was largely driven by food prices, which were affected by extreme weather. Stripping out food and energy, China’s core CPI actually only rose 0.3%.\n\nAnother way to look at this is the GDP deflator, which is the difference between China’s nominal and real GDP growth, representing broad changes in prices. By that measure, China has already been in deflation for five straight quarters.\n\nThe implosion of the housing market has put a drag on the whole economy. Property developers, and related sectors such as materials, have scaled back their investments. Households, for whom property has long been the most important wealth-building asset, have tightened their purse strings. Lower consumer spending has pushed prices down, which puts pressure on corporate profits and, in turn, wages. That risks creating a vicious cycle, making deflation more entrenched. In a recent note, Morgan Stanley’s analysts went as far as saying deflation is now China’s “public enemy #1.”\n\nInstead of directly providing stimulus to households to boost consumption, Beijing has opted to support the manufacturing sector. That has led to excess capacity in many sectors, which eventually finds its way into overseas markets. While that has helped China boost exports—they grew 8.7% year-over-year in August—excess capacity is putting further pressure on prices. China’s producer-price index, a measure of factory-gate prices received by producers, has been falling for nearly two years.\n\nChina’s export surge has already caused concerns in many countries, triggering trade barriers in sectors like electric vehicles. This means it could soon become more challenging to rely on exports alone to continue to drive growth.\n\nWhat is more, further investments in manufacturing and exports don’t address the root cause of the problem: the sluggish housing market. The policy announced in May of buying unsold apartments to be used as affordable housing is in the right direction of reducing housing inventories. But the local governments tasked with the purchases have been hit hard by dwindling land sales and tax revenue, giving them little firepower to work with.\n\nSHARE YOUR THOUGHTS How should China address the prospect of deflation? Join the conversation below.\n\nStill, Beijing seems unlikely to move away from its existing playbook—at least for now. China has been reluctant to splash money on boosting consumption directly, seeing this as more of a temporary solution while supporting industries has the advantage of building up long-run capacity. Supporting production especially in strategic, high-end industries like electric vehicles and new energy technology has also helped create national champions, another key goal of Beijing’s industrial policies.\n\nAt some point, Beijing is likely to hit a pain threshold in the economy that forces it to take more-decisive action. One possibility would be to transfer more funds to local governments, assisting them in cleaning up property overhangs.\n\nEven that, however, would fail to reorient China’s economy toward more-sustainable growth drivers such as domestic consumption. Foreign analysts and investment bank economists have been loudly calling for this for well over a decade now. But doing so would require structural overhauls, and a fundamental mindset shift in Beijing.\n\nThings will have to get a lot worse in China before real change can come.\n\nWrite to Jacky Wong at jacky.wong@wsj.com",
    "published": "2024-09-15"
  },
  {
    "source": "WSJ",
    "title": "If Taylor Swift Had Endorsed Donald Trump",
    "summary": "Democrats would scorn her business savvy, cap her ticket prices, and fret over her huge carbon footprint.",
    "link": "https://www.wsj.com/opinion/if-taylor-swift-had-endorsed-donald-trump-business-savvy-billionaire-tax-carbon-footprint-b4714a9d?mod=Searchresults_pos7&page=77",
    "content": "Forbes estimates Taylor Swift ’s net worth at $1.3 billion. Despite her liberal leanings, the singer-songwriter has amassed her wealth the old-fashioned way: through hard work, talent and business savvy. Her endorsement of Kamala Harris last week is rich considering she owes her success to the capitalist system the vice president wants to tear down.\n\n“The way I see it, fans view music the way they view their relationships,” Ms. Swift wrote in a 2014 piece for the Journal. “Some music is just for fun, a passing fling. . . . Some songs and albums represent seasons of our lives, like relationships that we hold dear in our memories but had their time and place in the past. However, some artists will be like finding ‘the one.’ ” She has become “the one” for hundreds of millions of fans worldwide with lyrics that chronicle relationship woes women commonly experience.\n\nMs. Swift took advantage of her ardent fan base in 2014 by removing her catalog from Spotify in a bid for higher royalties. “Valuable things should be paid for. It’s my opinion that music should not be free,” she explained. “My hope for the future, not just in the music industry, but in every young girl I meet, . . . is that they all realize their worth and ask for it.”\n\nShe also criticized Apple Music for not paying artists during the streaming service’s free trial, prompting the company to change its policy. As she jeers in a hit song, “Who’s afraid of little old me?” Apparently, Big Tech companies.\n\nLast year she reportedly raked in $200 million from streaming royalties on top of the estimated $15.8 million she grossed per performance during her recent “Eras” tour. Some fans have shelled out thousands of dollars on the resale market to see Ms. Swift perform. Americans have even traveled to Europe when they couldn’t get tickets in the U.S.\n\nHer fan base may be more loyal and enthusiastic than Donald Trump’s. JD Vance scoffed at the idea that the star’s endorsement of Ms. Harris could influence the outcome of the election. The “billionaire celebrity,” he said, is “fundamentally disconnected from the interests and the problems of most Americans.” Maybe, but she certainly taps into the problems of young women.\n\nDemocrats hope to use Ms. Swift’s endorsement to drive them to the polls. But it isn’t difficult to imagine what the left would be saying about her had she endorsed the Republican antihero. It might go something like this:\n\nThe billionaire has gotten rich by ripping off fans, avoiding taxes and harming competitors. Time for the government to break her up. Unlike rival artists, Ms. Swift writes, performs and owns her compositions. This vertical integration allows her to charge exorbitant royalties and ticket prices.\n\nTickets for her “Eras” tour on average cost about $240. That’s merely the price for admission—not including food, drink or Swiftie swag. VIP passes that include memorabilia go for $899. How dare she make young women choose between paying for groceries or rent and going to a concert.\n\nThe Federal Trade Commission must cap Ms. Swift’s ticket prices at a reasonable price—say, $20—and ban her junk fees. Concertgoers shouldn’t have to pay $65 for an “I Love You It’s Ruining My Life” sweatshirt.\n\nHer romance with Kansas City Chiefs tight end Travis Kelce also unfairly boosts their star power, letting them charge more for endorsements. As Ms. Swift writes in one song, “two is better than one.” Mr. Kelce reportedly signed a $100 million podcast deal with Amazon’s Wonderly. By breaking up the couple, the government could reduce their royalties and ticket prices.\n\nMs. Swift, the self-described “mastermind,” also dodges taxes on her “full income,” which includes some $125 million in real estate and a music catalog worth an estimated $600 million. “They said I was a cheat, I guess it must be true,” Ms. Swift acknowledges in her song “Florida!!!”\n\nUnder the Biden-Harris administration’s proposed billionaire’s tax, she would have to pay a 25% levy on the $1 billion increase in her fortune since 2017. But that isn’t enough. Ms. Swift should also have to pay taxes on the appreciating value of her “name, image and likeness,” which the Internal Revenue Service considers an asset.\n\nHow much is her brand worth? Easily billions. She might say, as she does in a song, that her “reputation has never been worse.” True, Miss Americana’s image took a hit after reports that her private-jet travel in 2022 emitted 576 times as much CO2 as the average American in a year. When Ms. Swift sings, “It’s me, hi, I’m the problem, it’s me,” she’s correct. She and her fat-cat friends are what’s wrong with America.\n\nWonder Land: In Kamala Harris, the Democrats have created the biggest soap bubble American politics has ever seen. The question is, can they stop Donald Trump popping it until Nov. 5? Photo: Erin Hooley/Associated Press",
    "published": "2024-09-15"
  },
  {
    "source": "WSJ",
    "title": "Crimea Shows What Ukraine Can Do",
    "summary": "Imagine what it would accomplish if given the freedom to strike inside Russia itself.",
    "link": "https://www.wsj.com/opinion/crimea-shows-what-ukraine-can-do-russia-war-d2b24810?mod=Searchresults_pos6&page=72",
    "content": "The success of Ukraine’s counterattacks into Crimea may be the strongest argument for allowing Kyiv to fire long-range weapons into Russia. What Ukraine has accomplished in the occupied peninsula proves that strikes into Russian territory could save many Ukrainian lives and put Vladimir Putin on his heels.\n\nThe U.S., Britain and France currently provide Kyiv long-range weapons with the caveat that Ukrainian forces not fire them onto Russian soil. While Moscow considers Crimea—the first piece of Ukrainian territory it occupied in 2014—a part of Russia, the West correctly doesn’t. The fighting in Crimea proves that when given the tools and the freedom to use them, Ukraine can counterattack in a way that diminishes Mr. Putin’s war machine.\n\nUkrainian forces wrought impressive damage on the peninsula with domestically produced weapons as early as April 2022. After Western allies gave Ukraine long-range weapons last year and indicated Ukraine had permission to use them on Russian occupied territory, Kyiv’s efforts became especially efficient.\n\nLast September, Ukraine used Storm Shadow missiles to hit Russia’s Black Sea Fleet headquarters in Sevastopol. This May, Ukrainian forces hit the airfield in Belbek with Army Tactical Missile Systems, or ATACMs, taking out two of Russia’s valuable MiG-31 fighter jets. That month Ukraine also struck a Russian Air Forces communications center in Alushta with ATACMs. In June, Ukraine successfully launched ATACMs at Russian air defense systems in Yevpatoria and Chornomorske, both in western Crimea, and at a surface-to-air system in Dzhankoi, in the north. Crimea, which Mr. Putin has called the “unsinkable aircraft carrier,” started taking on water.\n\nThese attacks—and those Ukraine carried out with its own weapons—forced Russia away from positions from which it had been easily pounding Ukraine, killing people and destroying hospitals, schools and power plants. Last October, Russia hurried its Black Sea fleet from Crimean Sevastopol to Novorossiysk, inside its legal borders. This move and the general downgrade of Russia’s might on the peninsula allowed Ukraine to resume maritime exports of grain from its southern ports in May. For much of the war, Russian positions in Crimea allowed Moscow to hit civilian centers in Odesa, Mykolaiv and Zaporizhzhia. This summer these towns suffered far fewer attacks.\n\nUkraine achieved all of this by attacking Crimea, which is close to its territory unoccupied by Russia. If the U.S. greenlit Ukraine using ATACMs to strike at airfields deep in Russia, Moscow’s reach could shorten dramatically. More planes now carrying bombs to kill Ukrainians would have to move farther away. Russia’s air force would be able to fly fewer sorties, and those that reached Ukrainian cities would take longer to get there, giving civilians vital time to seek shelter.\n\nIf Ukraine could launch long-range weapons at targets in Russia, the costs of the war would rise for Moscow. Ukraine’s ability to hit ammunition depots, fuel-storage facilities, training bases, logistics hubs and manufacturing sites that support Russia’s war machine would leave Mr. Putin short on supplies to carry out his war of aggression.\n\nPerhaps most important, it would scare the Kremlin. Moscow would always have to wonder where Ukraine might hit next. A fearful Mr. Putin would be a weaker Mr. Putin, perhaps a less beastly Mr. Putin. He’d have to consider whether he was leaving Russia vulnerable and worry that his own people might start noticing the disaster of a war he brought upon their country.\n\nUkraine—respectfully but impatiently—awaits consent from its Western allies to use the long-range weapons they have supplied to defend itself to the fullest. Legally, Kyiv has every right to use them on Russian soil. The United Nations Charter affirms “the inherent right of individual or collective self-defense if an armed attack occurs against a member” of the U.N.\n\nThe longer Washington waits to give Ukraine permission, the more civilians will die, towns will be obliterated, and Ukrainian ranks will be depleted. It’s past time for President Biden to stop this needless bloodshed.\n\nMs. Husarska is a journalist who writes regularly from Ukraine.\n\nJournal Editorial Report: The week's best and worst from Jason Riley, Bill McGurn and Dan Henninger. Photo: Agence France-Presse/Getty Image",
    "published": "2024-09-15"
  },
  {
    "source": "WSJ",
    "title": "The Crude System of Coded Messages Keeping Hamas’s Leader Alive",
    "summary": "Yahya Sinwar’s use of low-tech communications has vexed Israel’s efforts to kill him",
    "link": "https://www.wsj.com/world/middle-east/the-crude-system-of-coded-messages-keeping-hamass-leader-alive-c387b580?mod=Searchresults_pos17&page=98",
    "content": "Hamas’s top leader Yahya Sinwar could well be dead today if not for a low-tech communications system honed in prison that shields him from Israel’s intelligence-gathering dragnet.\n\nSinwar has largely shunned phone calls, text messages and other electronic communications that Israel can track and that have led to the demise of other militants. Instead, he is using a complex system of couriers, codes and handwritten notes that allows him to direct Hamas’s operations even while hiding in underground tunnels, according to Arab cease-fire mediators.\n\nThe communication method has vexed an Israeli military intent on finding the architect of the Oct. 7 attack on Israel that killed 1,200 people and sparked the war in Gaza. Killing or capturing Sinwar would mark a substantial victory for Israel that could bring the 11-month war closer to an end, but even with military control of the Gaza Strip, Israeli intelligence has come up empty.\n\nSinwar hasn’t been seen in public since the war started last fall. Israeli officials have said they believe he is in hiding in Gaza.\n\nA glimpse into how Sinwar stays alive comes from Arab mediators who have ferried messages back and forth during cease-fire talks between Hamas and Israel, which don’t talk directly to each other.\n\nA typical message from Sinwar will now be handwritten and first passed to a trusted Hamas member who moves it along a chain of couriers, some of whom might be civilians, the mediators said. The messages are often coded, with different codes for different recipients, circumstances and times, building on a system that Sinwar and other inmates had developed while in Israeli prisons.\n\nThe note might then reach an Arab mediator who has entered Gaza or another Hamas operative who uses a phone or other method to send it to the U.S.-designated terrorist group’s members abroad, the mediators said.\n\nSinwar’s communications methods have become more guarded and complex as Israel has managed to find and kill his high-ranking compatriots, in particular the Beirut attack that killed Saleh al-Arouri, Hamas’s deputy political leader and a founder of the group’s military wing.\n\nAdvertisement\n\n“I’m quite sure this is one of the prominent reasons that the IDF didn’t find him,” said Michael Milshtein, a former head of Palestinian affairs for Israeli military intelligence, referring to the Israel Defense Forces. “He really keeps all his basic personal patterns of behavior very strict.”\n\nThe Israeli military declined to comment. Hamas declined to answer questions about how Sinwar communicates.\n\nSinwar has recently been firing off official messages to Arab and militant leaders, including thanks for their support and praise for the Yemen-based Houthi militants for their missile attack Sunday on Israel.\n\nIsrael’s military intelligence has some of the world’s most sophisticated abilities to intercept electronic communications, often called signals intelligence. It was after Arouri’s death that Sinwar almost entirely shifted to handwritten notes and oral communication, sometimes circulating voice recordings via a small circle of aides, according to Arab mediators.\n\nDamage to a building from a suspected Israeli strike earlier this year in Beirut. Photo: Marwan Naamani/Zuma Press\n\nArouri’s death was followed by a number of other killings of top officials in Hamas and Hezbollah, heightening the sense of vulnerability. In July, Israel launched a massive airstrike that it has said killed Hamas’s top military leader, Mohammed Deif . That month, Israel also purportedly killed Ismail Haniyeh , Hamas’s political leader at the time, in Tehran and launched a strike on a Beirut residential building that took out Fuad Shukr , a core Hezbollah leader who had eluded the U.S. for decades. The Hezbollah commander was directed to an apartment after receiving a phone call that was likely from someone who had breached Hezbollah’s internal communications network, The Wall Street Journal has reported.\n\n“They know if they use any electronic devices, it will be spotted,” said Azmi Keshawi, a researcher at International Crisis Group who lived in Gaza. So Sinwar has reverted to Hamas’s old ways, he said.\n\nSHARE YOUR THOUGHTS What does Sinwar’s leadership mean for the future of the conflict in Gaza? Join the conversation below.\n\nSinwar’s rudimentary approach to communications harks back to a system that Hamas used in its early years and that the Hamas leader took up when he was detained in 1988 and later imprisoned in an Israeli jail, according to experts on the group.\n\nBefore being incarcerated, Sinwar founded Hamas’s internal security police, called Majd, which hunted down suspected collaborators and was active in Israeli prisons. Majd recruited agents inside prison called “sawa’ed” who distributed encoded messages from one section to another, according to the book Son of Hamas by a former Hamas operative-turned-Israeli spy.\n\nThe sawa’ed, a nickname derived from the Arabic word for forearms, would wrap handwritten letters in white bread, roll them into balls, then let them dry and harden, according to the book. Like baseball players, the agents pitched the balls from one section of the prison to the next, shouting “mail from the freedom fighters!”\n\nAdvertisement\n\nIsrael estimates that Sinwar spent years planning for a major war with Israel, including building a vast tunnel network. Milshtein, the former Israeli military intelligence official, said his preparations likely included setting up a communications system that would get around modern intelligence gathering.\n\nThe methods are so effective that his pursuers can’t rule out that he isn’t in Gaza.\n\nA woman is reflected in a window with a poster of Sinwar, at a Palestinian refugee camp in Beirut. Photo: alkis konstantinidis/Reuters\n\nAccess to Sinwar is now more important than ever. While he has long been Hamas’s driving force, the group relied on officials outside Gaza in places such as Qatar to represent its interests. That changed after the assassination of Haniyeh in Tehran—an attack attributed to Israel—led the group to formally anoint Sinwar as the boss.\n\nThe changeover came just as the U.S. stepped up its efforts to secure a cease-fire in Gaza in hopes of de-escalating regional tensions. The negotiations are complex, with Israeli Prime Minister Benjamin Netanyahu raising a number of demands on controversial points that will be difficult to resolve. U.S. officials are skeptical that Sinwar himself wants to end the fighting, either.\n\nSinwar’s cautious approach has at times slowed negotiations to end the war, which has now caused the deaths of more than 41,000 Palestinians, according to Palestinian health officials, who don’t say how many were combatants. Hamas-led fighters took about 250 people hostage in the Oct. 7 attacks that sparked the war, with 97 still remaining in Gaza, many of them believed dead.\n\nAdvertisement\n\nAt crucial points in cease-fire negotiations, Sinwar has become unreachable. Other times, he’s relayed messages in near real time. Whether communication delays are a negotiating tactic or a reflection of Sinwar’s strict protocols is unclear.\n\nSinwar has managed to communicate quickly when necessary. “We extend to you and your esteemed family our heartfelt condolences and blessings for your sacred sacrifice,” he wrote in a letter to Haniyeh in April after three of his sons were killed by an Israeli airstrike.\n\nThat letter, according to Arab officials, made it to Haniyeh via couriers just hours after the deaths.\n\nIn June, top U.S. officials including Central Intelligence Agency Director William Burns flew to the Middle East to push Israel and Hamas toward a cease-fire. Burns held talks with the Qatari prime minister and Egypt’s intelligence chief in Doha, who then met with Haniyeh to force Hamas officials into a deal with the threat of sanctions and arrest.\n\nDuring that meeting, Sinwar relayed messages in real time, and Hamas refused to agree to a halt in fighting unless Israel made a written commitment to a permanent cease-fire, according Arab mediators. It isn’t clear how Sinwar was transmitting his orders.\n\nAdvertisement\n\nAn Israeli soldier exits a tunnel in December in the northern Gaza Strip. Photo: Amir levy/Getty Images\n\nIsrael has known for at least a decade that Hamas created a landline phone system in its subterranean tunnels. A failed Israeli commando operation in 2018 that sparked exchanges of fire between Israel and Hamas for a few days was an attempt by the Israeli military to tap Hamas’s phone network, according to a later public statement by Hamas. The Israeli military declined to comment on the operation.\n\nAt the start of the current war, mediators were seeking to broker a hostage deal between Israel and Hamas that would head off an Israeli military invasion of the Gaza Strip and sent couriers inside Gaza to meet members of Hamas’s armed wing and pass on coded messages.\n\nSinwar also organized phone calls with mediators on Hamas’s landline network in the tunnels, using codes to determine the day and time as well as aliases in messages setting up the calls, mediators said. Sinwar at times used the names of people who were with him in prison to disguise his true identity, mediators said.\n\nAs careful as he has been, the Hamas leader only has to make one mistake to give Israel a window of opportunity, said Thomas Withington, an expert on electronic warfare and an associate research fellow at London’s Royal United Services Institute think tank.\n\n“That split second where you forget discipline,” Withington said, “that can sign your death warrant.”\n\nWrite to Summer Said at summer.said@wsj.com and Rory Jones at Rory.Jones@wsj.com\n\nConflict in the Middle East Latest news and key analysis, selected by editors",
    "published": "2024-09-15"
  },
  {
    "source": "WSJ",
    "title": "The Hottest New Recruit in College Football Sits Behind a Desk",
    "summary": "In the past couple of years, dozens of programs have hired a GM to oversee the construction of their rosters",
    "link": "https://www.wsj.com/sports/football/college-football-general-managers-recruiting-36211f5b?mod=Searchresults_pos13&page=119",
    "content": "The most significant move of the college football offseason wasn’t a big-name coaching hire or a star quarterback transferring to another school. It was a contract given to a largely unknown member of Alabama’s support staff who doesn’t devise any schemes, doesn’t call any plays and has no direct role in what actually happens during games.\n\nCourtney Morgan, the Crimson Tide’s general manager, signed a three-year extension in August that will pay him an average annual salary of $825,000, more than some of the program’s on-field assistants. The deal is unprecedented for somebody in Morgan’s position—mainly because, until recently, Morgan’s position barely even existed.\n\nAlabama’s investment in Morgan sent a shock wave across the sport and raised eyebrows among many fans who had no idea who Morgan was, why he was so valuable and what a general manager even does. It is also the clearest sign yet of where college football is headed—and it’s somewhere that looks suspiciously like pro football.\n\nIn the past couple of years, dozens of programs have hired a GM to oversee the construction of their rosters, a task that once belonged primarily to the head coach. In most cases, it was the first time the school had ever used that title.\n\nThe GM’s duties include scouting and evaluating players both inside and outside their organizations, scouring the open market to attract the best free agents and managing an increasingly complicated payroll. In other words: a lot of what their counterparts in the NFL do.\n\n“The administrators in the room don’t want to hear it,” Ohio State GM Mark Pantoni said, “but the professionalization of the sport is pretty much here.”\n\nOhio State players following a 56-0 victory over Western Michigan. Photo: barbara j. perenic//Reuters\n\nMaintaining a roster in college football used to be straightforward. A coach would know exactly how many of his players were departing, so he would simply go out and recruit a comparable number of high-schoolers to replace them.\n\nThat model now seems downright quaint. Relaxed transfer rules mean every player in the country can become a free agent every year, resulting in more roster churn than ever before.\n\nPerhaps more important, players can now be paid for endorsements, a development that has completely upended the very concept of recruiting. No longer can a coach walk into a player’s living room and charm his way to a commitment. It’s now about how much money a school’s donors can offer.\n\nIn this new paradigm, programs have come to recognize that relying on coaches alone isn’t enough and have begun assembling full-scale front offices at a scale never before seen in the college game.\n\n“Everybody’s going to the NFL model,” said Duke GM John Garrett, who previously spent 19 years as a coach and scout in the NFL. “And rightly so, because it’s no longer amateur sports.”\n\nDuke wide receiver Eli Pancol celebrates on the sideline after scoring a touchdown against Northwestern. Photo: Matt Marton/Associated Press\n\nThe idea of having an employee dedicated to personnel isn’t entirely new to college football. Nick Saban, arguably the greatest coach of all time, began popularizing the concept nearly two decades ago.\n\nAfter a failed stint with the Miami Dolphins, Saban returned to the college game at Alabama in 2007 determined to bring some of what he had learned to Tuscaloosa. His experience in the NFL led to the realization that college teams were lagging behind in how they went about constructing their rosters.\n\nSaban concluded that he could gain a significant advantage by creating an NFL-style personnel department and supplying it with meaningful resources. Considering the six national championships Saban won with the Crimson Tide, it’s safe to say the experiment worked.\n\nUnsurprisingly, the rest of the country quickly caught on, resulting in the rise of a position known as “director of player personnel” to help manage recruiting efforts. The job was smaller then and far less renowned, often consisting of a lowly employee in a dingy office watching video of prospects for 12 hours a day.\n\nBut as the college football landscape evolved, so did the importance of the front office. In 2016, Arizona made Matt Dudek the first official GM in college football. Iowa GM Tyler Barnes said that at the time, he “was not a fan of the title, just because of how different college football was at that point.” He doesn’t feel that way anymore—and the title has spread like wildfire.\n\n“The more this job becomes exactly like an NFL GM job, that’s where you see the shift in the name,” said North Carolina GM Patrick Suddes, who served as Saban’s associate director of football operations from 2007-2013.\n\nThe number of jobs like the one Suddes occupies has grown exponentially. In 2018, he helped create a symposium at a hotel in Nashville, Tenn., for personnel and recruiting staffers across college football. About 100 people showed up. By last year, that number grew to over 300. This year, attendance climbed to more than 700 people.\n\nWhile the scope of the job differs at each program, some schools have elevated the position to the point where the GM is effectively the second-most important person behind the head coach. Suddes went as far as to predict that at some point in the future, the GM could become responsible for hiring the head coach, as is standard in the NFL.\n\n“I handle everything,” West Virginia GM Drew Fabianich said, “but the coaching.”\n\nThe assignment for GMs is about to become even more complex, as schools prepare for a new system that involves paying players directly. Pantoni said he spent this past offseason consulting with NFL salary cap experts to prepare for what’s to come.\n\nAt that point, college football programs will have to lean on their front offices even more. In some places, it’s already happening.\n\nLast January, Alabama hired Kalen DeBoer for the seemingly impossible task of replacing Saban. DeBoer had just brought Washington to the national championship game with a roster Courtney Morgan helped build as the Huskies’ GM.\n\nWhen DeBoer stepped off the plane in Tuscaloosa, Morgan—the man who would become the highest-paid GM in college football—was right behind him.\n\nWrite to Jared Diamond at jared.diamond@wsj.com",
    "published": "2024-09-15"
  },
  {
    "source": "WSJ",
    "title": "wsj.com",
    "summary": "",
    "link": "https://www.wsj.com/business/prologis-employee-engagement-70e9cead?mod=Searchresults_pos18&page=83",
    "content": "",
    "published": "2024-09-15"
  },
  {
    "source": "WSJ",
    "title": "‘She-Wolves’ Review: Striving to Join the Pack",
    "summary": "Traders hired strippers to pop out of cakes. At the stock exchange, sex toys were sent via pneumatic tubes. Change had to happen and did.",
    "link": "https://www.wsj.com/arts-culture/books/she-wolves-review-striving-to-join-the-pack-f61f2164?mod=Searchresults_pos12&page=139",
    "content": "Alice Jarcho had no interest in bulls and bears or puts and calls—no knowledge of them either—when, in the late 1960s, she began working as a receptionist at Hirsch & Co., a small Wall Street brokerage house. A college dropout, the 19-year-old Ms. Jarcho had but a single goal: earning enough to cover her rent. Put in charge of office operations, she started working with clients and eventually asked the firm to help her become a broker. Ignoring custom, the partners refused to shell out the $300 for the qualifying exam. Their reasoning was simple: Ms. Jarcho was a woman.\n\nOffered a job at the investment bank Smith Barney in the early 1960s, Roberta Lasley expressed bewilderment that the previous day a male classmate from Harvard Business School with a lower grade-point average had been hired at a higher salary. The recruiter was baffled by her bafflement: “You don’t understand. . . . You are a woman.”\n\nIn 1972, Helen O’Bannon, an honors graduate of Wellesley with a master’s degree in economics from Stanford and job experience with the Treasury department, applied for the broker trainee program at Merrill Lynch but was felled by the qualifying exam. It contained the questions “When you fight with your wife, which of you usually wins?” and “When you meet a woman, what interests you the most about her?”\n\nO’Bannon, Lasley and Ms. Jarcho are among the strivers who figure in Paulina Bren’s “She-Wolves: The Untold History of Women on Wall Street,” a well-researched if draggy account of workplace tribulation and occasional triumph. He-wolves, like Alan “Ace” Greenberg, Ivan Boesky and Laurence Tisch, also put in appearances, at times as champions but mostly as exemplars of swaggering macho entitlement.\n\nPart potted social history, part very good financial-district portraiture, “She-Wolves” tracks the dogged, often futile efforts of women to breach what had long been a male preserve. It’s telling that readers will likely recognize the name of only one of the she-wolves: Muriel (Mickie) Siebert, who, in 1967, became the first woman to buy a seat on the New York Stock Exchange and, later, the first to found a brokerage. She also led the crusade, eventually successful, for a well-situated women’s bathroom at the NYSE.\n\nNearly a century before Siebert became the “first lady of finance,” the spiritualist Tennessee Claflin and her better-known sister, the suffragist and free-love advocate Victoria Woodhull, were upending the status quo on the Street. In 1870 the sisters opened a brokerage at 44 Broad St. with the backing of Cornelius Vanderbilt, who, as Ms. Bren writes, “had a soft spot for both women as well as for clairvoyance.” There was a backdoor entrance for customers, particularly females, eager to conduct business in private. Not that the firm was much of a secret: The press was all over it. Walt Whitman visited, calling Woodhull, Claflin & Co. “a prophecy of the future.”\n\nAs “She-Wolves” makes clear, that future was distant. By 1958, Ms. Bren says, American women held more than $100 billion in securities. But that financial muscle didn’t translate into jobs in the industry. The pioneering women at Harvard Business School in the 1960s tell of professors who discounted them, male classmates who mocked them, and recruiters who snubbed them. One creditable workaround—the route taken by Siebert—was employment in a security firm’s research department. Research, “even when done by men,” writes Ms. Bren, “was considered the most feminized area of work on Wall Street.”\n\nHumiliation and harassment were the price of ambition. Alice Jarcho, who eventually became the first full-time female broker on the floor of the NYSE, was often sent sex toys (and worse) via the exchange’s pneumatic tubes. Jolyne Caruso, hired as a sales associate at Bear Stearns in 1981, loved it there, but it was also, she acknowledged, “the worst place for women.” For birthdays, the traders combined their resources and hired strippers to pop out of cakes. When Priscilla Rabb (HBS, ’69) was only meagerly compensated for bringing in new business as an associate at the brokerage Loeb, Rhoades & Co., she pressed the issue, first with her immediate boss and then with John Loeb himself. He fired her.\n\nRacism was insult added to injury. Marianne Spraggins, a black lawyer who decided on a career pivot in the late 1970s, joined a trainee class at Salomon Brothers and watched as everyone else in the program was tapped for a place at the firm. She was first ignored, then sent to interview in a department that dealt in money markets and municipal bonds. Ms. Spraggins quickly took in the scene: Here (and pretty much only here) were the people of color. “It didn’t take having an MBA to work it out,” writes Ms. Bren. “Money markets were the sector in which you made the least money.” Ms. Spraggins persevered and later, by dint of her hiring at Smith Barney, became the first black female managing director on Wall Street.\n\nThe she-wolves under discussion constitute an awfully large pack. Ms. Bren, the author of “The Barbizon: The Hotel That Set Women Free” (2021), makes a valiant effort to refresh readers’ memories by reintroducing characters who’ve gone missing for a few chapters—we’re reminded, for example, that one of them has a fondness for Welsh rarebit—but there’s lots of biographical detail to absorb. And there are far too many women who turn up briefly, illustrate a point that has been made before, then disappear.\n\nUnfortunately, the prose isn’t always on the money. Ms. Bren tells of one woman who left her abusive husband and began working in the municipal-bond department of Reynolds Securities (later Dean Witter Reynolds). “She set about putting that house in order even as hers had crumbled. Instead of painting walls and making curtains, she spent her time finding the mismatches between what a trader had written and what the . . . teletype machine had spat out.” A postscript brings readers up-to-date on the she-wolves. They did well. They made it possible for the next generation to do better.\n\nMs. Kaufman writes on culture and arts for the Journal.",
    "published": "2024-09-15"
  }
]