[
  {
    "source": "WSJ",
    "title": "Exclusive | Tax Firm Carrying On Arthur Andersen Brand Explores IPO",
    "summary": "Andersen Global is considering taking Andersen, its U.S. unit, public",
    "link": "https://www.wsj.com/articles/tax-firm-carrying-on-arthur-andersen-brand-explores-ipo-e35c4136?mod=Searchresults_pos8&page=41",
    "content": "Andersen is targeting late 2025 for a potential public offering, Mark Vorsatz, the U.S. unit’s chief executive and chairman of Andersen Global (pictured above), has told partners, people familiar with the matter said.\n\nAndersen Global, the tax and legal services firm that emerged from the remnants of the defunct accounting giant rocked by the Enron scandal, is exploring taking its U.S. business public.\n\nThe San Francisco-based firm is advancing efforts to pursue an initial public offering of the U.S. unit, Andersen, with the support of nearly all of its U.S. partners, according to internal memos reviewed by The Wall Street Journal.\n\nNinety-nine percent of 264 participating U.S. partners voted in favor of continuing to consider an IPO earlier this month, an email showed. The U.S. unit, which offers tax, valuation and financial-advisory services, had more than 280 U.S. partners as of the start of the year.\n\n“This will enable me to advance discussions for key positions and put us in a place where we can pull the trigger when we are ready,” Andersen Chief Executive Mark Vorsatz said in a July 31 email to partners before the vote, referring to the hiring of executives and other personnel.\n\nVorsatz, who also is chairman of Andersen Global, has told partners Andersen is targeting late 2025 for the potential IPO, people familiar with the matter said. Later, the firm could acquire dozens of the global firm’s international units, one person said.\n\nVorsatz has set up several committees of partners focused on the IPO, including one tasked with determining how to spend its proceeds, emails showed. The firm still is evaluating the IPO plan and may decide against going public, emails showed. Andersen didn’t respond to a request for comment.\n\nNot many public companies provide tax services. H&R Block and CBIZ are among the few that do. Last month, CBIZ agreed to acquire Marcum in a $2.3 billion deal that would turn the accounting firm’s tax and consulting practices public.\n\nAndersen also is considering an investment from a private-equity firm or a private family-owned company, Vorsatz said in an email to partners last week. Those moves wouldn’t necessarily be in place of an IPO, people familiar with the matter said.\n\n“While I recognize the need in the professions (and that includes us) for capital to enable us to be competitive, we should not foreclose the options,” Vorsatz told partners.\n\nNewsletter Sign-up WSJ | CFO Journal The Morning Ledger provides daily news and insights on corporate finance from the CFO Journal team. Preview Subscribe\n\nU.S. partners, known as managing directors and who own equity in the firm, would collectively receive compensation equal to 25% of firm revenue after an IPO, an email showed. Stock price appreciation of public shares would be in addition to that.\n\nIn 2023, partners received compensation equal to 25.7% of revenue along with residuals of 18.9%, according to an internal financial document. The residual amount must be distributed based on current partner agreements, but isn’t typically required for a public entity.\n\nRestricted stock units would also be available to partners following an IPO, according to Vorsatz.\n\nArthur Andersen was convicted in 2002 for obstructing the U.S. government’s investigation into Enron. After that the storied accounting firm stopped auditing public companies. Its demise turned the Big Five into the Big Four. In 2005, the Supreme Court unanimously overturned the firm’s criminal conviction.\n\nThe Andersen name has lived on in an association of consulting firms offering tax and legal services. Vorsatz, who worked at Arthur Andersen from 1979 to 2002, including as a partner, and several other former partners bought the rights to the name in 2014.\n\nThe association, now called Andersen Global, employs more than 17,000 people in more than 170 countries, according to its website. Its U.S. unit has more than 2,000 people across 25 cities.\n\nAndersen Global last fall said it expected to book roughly $1.9 billion in revenue in 2023, compared with $1.6 billion it reported in 2022. The U.S. unit placed 11th among U.S. tax-services providers, at $630 million in revenue, in an Accounting Today ranking from March. Revenue increased 17% from the March 2023 ranking.\n\nAndersen’s potential IPO wouldn’t be the first one tied to the Arthur Andersen brand. In 2001, Andersen Consulting separated from Arthur Andersen and rebranded as Accenture, which today is a prominent consulting firm offering technology consulting and other corporate services.\n\nWrite to Mark Maurer at mark.maurer@wsj.com and Corrie Driebusch at corrie.driebusch@wsj.com",
    "published": "2024-08-19"
  },
  {
    "source": "WSJ",
    "title": "The Democratic Party’s Project 2025",
    "summary": "Its platform offers a vision where the answer is always government.",
    "link": "https://www.wsj.com/opinion/dnc-platform-2024-kamala-harris-government-democrats-joe-biden-2e16e695?mod=Searchresults_pos14&page=77",
    "content": "Attendees wait in line ahead of the Democratic National Convention (DNC) at the United Center in Chicago on Monday.\n\nWhat Kamala Harris will do if she wins the White House in 77 days is still mostly an open question, since she leapfrogged the primaries and didn’t have to argue over policy with any Democratic competitors. But for one clue as to Ms. Harris’s direction, look at what the Democratic base believes, since she has a history of following her party instead of leading it.\n\nThe Democratic National Convention began Monday in Chicago, and this week delegates will vote on the party’s final 2024 platform. The draft version was passed by the platform committee on July 16, before President Biden quit the November election, which is another reminder of how quickly and abruptly Ms. Harris has been thrust into center stage.\n\nThe 92-page document is filled with political rhetoric and exaggerations that present Mr. Biden as a working-class hero and Donald Trump as a richy-rich villain. But the platform is also a peek into an economic worldview in which the government is the answer, almost no matter the question. While private businesses are always “gouging” or adding “junk fees,” or otherwise trying to rip somebody off, Washington’s wise men are capable of providing for the American people, if only they have the power to pass the laws and regulations.\n\nHere are only some of the promises:\n\n• “Health care should be a right in America, not a privilege,” the platform says. “We’ll never quit fighting to protect and expand the Affordable Care Act.”\n\n• “We support Medicaid expansion, encouraging states to provide health coverage to low-income Americans on the federal government’s tab.”\n\n• “We’ll look to expand traditional Medicare coverage to include dental, vision, and hearing services.”\n\n• “Democrats will provide free, universal preschool for four-year olds.”\n\n• They will “guarantee affordable, quality child care to millions of working families for less than $10-a-day per child.”\n\n• They’ll pass “America’s first, full, national paid family and medical leave program.”\n\n• “We’ll work to finally raise the federal minimum wage to at least $15-an-hour.”\n\n• “We’ll keep pushing to restore the expanded Child Tax Credit and Earned Income Tax Credit.”\n\n• “We’ll work to pass the Public Service Freedom to Negotiate Act, guaranteeing public sector bargaining rights.”\n\n• “We’ll double funding to repair and expand active transportation and public transit.”\n\n• “We’ll no longer permit companies to deduct the cost of paying executives more than $1 million a year.”\n\nThere’s plenty else in the platform, including turning Washington into the 51st state, codifying national abortion protections, spending more on “environmental justice” and climate change, and passing a series of enormous tax increases on Americans and businesses that probably still couldn’t begin to pay for all of these promises and many more.\n\nMs. Harris isn’t committed to every jot of this document, and the rap on party platforms is that they’re quickly forgotten. But is Ms. Harris really going to steer a different direction if Democrats send her to the White House after she won zero primary votes? In her debut speech as the presumptive nominee, she said she wants a country where “every person has affordable healthcare, affordable child care, and paid family leave.” Mr. Biden fancied himself as FDR, and perhaps Ms. Harris wants to be LBJ.\n\nJournal Editorial Report: Protesters say the convention is all about them. Photo: Eva Marie Uzcategui/Bloomberg News",
    "published": "2024-08-19"
  },
  {
    "source": "WSJ",
    "title": "What Superfans Know That the Rest of Us Should Learn",
    "summary": "The Taylor Swift and ‘Star Wars’ obsessives have unlocked a key to happiness",
    "link": "https://www.wsj.com/lifestyle/are-superfans-happier-than-the-rest-of-us-4fa0023d?mod=Searchresults_pos9&page=68",
    "content": "Joe Blake kicked off his first dating-app chat with Missy Gosbee by inquiring about her favorite “Star Wars” movie. “Episode V,” she instantly told him. (Nonfan translation: “The Empire Strikes Back.”)\n\nSoon they were spending her birthdays watching 13-hour “Star Wars” marathons, munching on “Star Wars”-themed food from her collection of “Star Wars”-themed cookbooks. Between the two of them, they have 12 lightsabers. So to pick a date for their wedding this year, only one felt right.\n\nOn May the Fourth, they wed near Detroit, exiting the ceremony to music from the original 1977 film, under an arch of glowing lightsabers held aloft by their guests.\n\n“Once I finally truly let myself go to it,” the now Mrs. Blake says of embracing her passion for “Star Wars,” “I met this world of other people.”\n\nThe new Mr. and Mrs. Blake included lots of ‘Star Wars’ touches at their May 4 wedding. Photo: Kirsty Miller/Eclypse Media\n\nFrom the outside, it’s easy to roll our eyes at devotees of everything from Taylor Swift to “Star Trek.” We deem them nerdy or frivolous, judge their costumes, the time they waste on Reddit, the money they spend on concert tickets.\n\nWhat if they’ve figured out something the rest of us haven’t?\n\nAfter all, so many of us lack community. Data from Cigna finds 58% of Americans are lonely. Religion is fading. Work doesn’t love us back. Maybe letting ourselves be obsessed with that highly specific and possibly weird thing we love is the answer.\n\nWhile reporting this column, I heard stories of childlike wonder, deep meaning and bonds forged with people around the globe. May Naidoo, a British Ph.D. student and content creator, traveled to Japan, Paris and Chicago as part of his quest to see real-life versions of famed artworks featured in his favorite Nintendo game, “Animal Crossing.” Kathryn Chung —crowned the “U.K.’s Biggest Disney Fan” after winning a two-week-long competition—told me about the comfort Disney gives her and the sense of always having a magical escape if she needs it.\n\nMay Naidoo with some friends from 'Animal Crossing' at a London Nintendo event. May Naidoo Where else would a Disney fan get engaged? Kathryn Chung’s now husband, Richard Smith, proposed at Walt Disney World. Kathryn Chung May Naidoo, left, at a Nintendo event in London. Kathryn Chung, right, at Walt Disney World, saying yes. May Naidoo, Kathryn Chung\n\n“If it brings you joy, why not do more of it?” the 33-year-old architect asked, clad in an “Aladdin”-print dress. A photo of her and her husband wearing mouse ears hung on the wall behind her on our Zoom call.\n\nHobbies overtake religion\n\nMore than six in 10 Americans said hobbies or recreational activities were extremely or very important to them, according to a 2023 poll from Gallup. That’s up from 48% in 2001 and 2002. Meanwhile, the share of people who said the same about religion dropped 7 percentage points, to 58%.\n\nAdvertisement\n\nThe passion that James Isaac has found in the Grateful Dead community reminds him of the church his family attended growing up, a group of people fervent in faith.\n\n“I know what it means to have something crawl up inside of you and almost take you over,” says Isaac, a 45-year-old lawyer in Madison, Wis.\n\nJames Isaac loves that his daughters, JoJo, left, and CeCe, right, love music too—even if they prefer Taylor Swift to the Grateful Dead. Photo: James Isaac\n\nIn his youth, he amassed about 2,500 hours of live Dead tapes. These days, his 600-some CDs are mostly relegated to the basement. When he presses play on “Touch of Grey” in his 2012 Volvo, his elementary school-age daughters initially groan from the back seat. Then, in the rearview mirror, he’ll see them mouthing along.\n\nHe loves that his children might think of him, years from now, when they hear the song, an invisible string connecting them.\n\n‘Collective effervescence’\n\nPicture a crowd swaying in unison to a beloved song. Everyone assembled feels the same emotion simultaneously, says Paul Booth , a professor of media and pop culture at DePaul University. The euphoria catches and builds.\n\nThe experience, known as “collective effervescence,” can feel transcendent, he says, almost telepathic.\n\n“I think it has to do with wanting something in our lives that we can lose ourselves in,” he says. At a time of increasing polarization and cynicism—not to mention that coming election—it’s an especially wondrous connection, he adds.\n\nAdvertisement\n\nLoneliness, meanwhile, is like thirst, says Julianne Holt-Lunstad , a professor of psychology and neuroscience who directs the Social Connection & Health Lab at Brigham Young University. We’re social beings, biologically wired to crave being part of a group. If that’s gone, our mental and physical health can suffer, she says, leading to depression, Type 2 diabetes, even early death.\n\nThe risk of caring\n\nAnd yet joining in requires vulnerability. Fandom asks us to latch ourselves to something outside of us, to allow a person or object we don’t have control over to become part of our identities. How much easier to stay cool and removed, rather than risk having our enthusiasm batted down or betrayed.\n\n“That’s the heart of a fandom,” says Tara Block , who fell in love with the “Harry Potter” books after graduating college. “You care a lot.”\n\nShe has a “Harry Potter” tattoo, attended a fan convention called LeakyCon and took broomstick “flying” lessons at a castle in England. (“My husband was literally mortified,” she says.)\n\nTara Block tried her hand at broomstick-riding in England. Photo: Lensharp Visual Art\n\nThen author J.K. Rowling made public comments on gender and sex that critics saw as attacks on transgender rights. Block felt disappointed, sad and torn. Could she still enjoy Rowling’s art? The ink on her tattoo began to bleed. Should she get it redone? She’s still not sure.\n\n“Part of it too is just getting older and realizing that anything you love, maybe it’s just not perfect,” says the 39-year-old, who works for a cosmetics company in the San Francisco area.\n\nMeeting the star\n\nGrowing up gay in a small New Jersey town, Alex Goldschmidt imagined being friends with the celebrities he idolized. Then he met Taylor Swift.\n\nAdvertisement\n\nA random tweet from Goldschmidt led to a backstage meetup and a chance to be in the pop star’s “Shake it Off” video in 2014.\n\n“Like what ayahuasca have I taken? What’s going on?” he thought at the time. A few years later, she sang at his engagement party.\n\nShe’s kind and generous, the 36-year-old says. He’s realized, though, that celebrities lead different, wild lives. He’s happy with his, living in Los Angeles with his husband and baby daughter.\n\nHe’ll always be grateful for the escape that pop culture brought to his life, how counting down to a new album from Swift sparked excitement and momentum.\n\n“These are the markers of time passing,” he says, “the thing that kept life feeling like it was moving.”\n\nSHARE YOUR THOUGHTS What impact has being a fan had on you? Join the conversation below.\n\nWrite to Rachel Feintzeig at Rachel.Feintzeig@wsj.com\n\nRead More From Rachel Feintzeig",
    "published": "2024-08-19"
  },
  {
    "source": "WSJ",
    "title": "The Harley-Davidson Tariff Backfire",
    "summary": "The U.S. motorcycle maker moves more production overseas.",
    "link": "https://www.wsj.com/opinion/harley-davidson-thailand-tariffs-manufacturing-donald-trump-joe-biden-kamala-harris-ae86c850?mod=Searchresults_pos6&page=24",
    "content": "Donald Trump and Kamala Harris are vying for votes in the Midwest, and both seem to think tariffs on foreign imports are political winners. Too bad the losers will be American workers, businesses and consumers, as the tale of Harley-Davidson demonstrates.\n\nThe Milwaukee Journal Sentinel recently reported that the U.S. motorcycle manufacturer plans to shift more production to Thailand. Calling the move “a kick in the teeth to American workers,” International Association of Machinists and Aerospace Workers President Brian Bryant has importuned Congress and the White House to intervene.\n\nHow about calling for a reversal of the Trump-Biden tariffs that are partly to blame? Recall how President Trump’s steel and aluminum tariffs in 2018 prompted foreign governments to retaliate. The European Union slapped 31% tariffs on Harley motorcycles made in the U.S. China imposed 55% duties on U.S.-made motorcycles.\n\nBecause such tariffs would have rendered Harley less globally competitive, it shifted production intended for foreign customers to a new factory in Thailand. In 2019 it closed a factory in Kansas City and consolidated manufacturing in Wisconsin and York, Pa. Mr. Trump then kicked Harley by encouraging a boycott. Its U.S. sales fell 15% between 2017 and 2019.\n\nEnter President Biden, who has maintained his predecessor’s tariffs. Meantime, inflation fueled by his spending has increased Harley’s production costs and dented U.S. sales, which have fallen another 20% since 2019. Asian markets make up a growing share of its sales. To stay globally competitive, Harley is shifting more production to Thailand.\n\nHarley illustrates how the Trump tariffs and Mr. Biden inflationary policies are harming American manufacturing. U.S. manufacturing output declined in 2019 amid Mr. Trump’s trade fusillade and is now lower than a decade ago.\n\nThe Biden Administration is trying to mitigate the damage at Harley with an $89 million grant to retrain its union workers in Pennsylvania to manufacture electric motorcycles with “sustainable materials, energy efficient assembly equipment and waste reducing paint technologies.”\n\nAccording to the Energy Department, Harley will “hire construction workers at prevailing wages,” retain its “longstanding, skilled and unionized workforce at wages exceeding the 95th percentile for the area and industry” and provide “meaningful investments in supplemental transportation, daycare and mental wellbeing resources.”\n\nThat’s nice, but such government “commitments” will make it harder to turn a profit. Harley’s LiveWire electric division lost $177,273 on each Hog it sold last year. So now Pennsylvania Sen. Bob Casey and Wisconsin’s Tammy Baldwin —both up for re-election this year—are pushing to enact $7,500 tax credits for electric motorcycles.\n\nTrade protectionism and industrial policy inevitably lead to calls for more government intervention to mitigate the economic damage. Ms. Harris is trying to contrast her brand of protectionism with Mr. Trump’s by calling for “targeted” tariffs. But these, too, will spur foreign reprisals, and the ultimate targets will be U.S. businesses.\n\nJournal Editorial Report: She proposes an economy of price controls and tax credits. Photo: Charly Triballeau/AFP/Getty Images",
    "published": "2024-08-19"
  },
  {
    "source": "WSJ",
    "title": "wsj.com",
    "summary": "",
    "link": "https://www.wsj.com/economy/trade/donald-trump-tariff-trade-policy-election-2024-80907f85?mod=Searchresults_pos17&page=126",
    "content": "",
    "published": "2024-08-19"
  },
  {
    "source": "WSJ",
    "title": "wsj.com",
    "summary": "",
    "link": "https://www.wsj.com/tech/ai/amd-buys-ai-equipment-maker-for-nearly-5-billion-escalating-battle-with-nvidia-e1106142?mod=Searchresults_pos9&page=86",
    "content": "",
    "published": "2024-08-19"
  },
  {
    "source": "WSJ",
    "title": "wsj.com",
    "summary": "",
    "link": "https://www.wsj.com/articles/maersk-to-limit-canada-bound-cargo-ahead-of-possible-rail-work-stoppage-6b7e1351?mod=Searchresults_pos13&page=102",
    "content": "",
    "published": "2024-08-19"
  },
  {
    "source": "WSJ",
    "title": "wsj.com",
    "summary": "",
    "link": "https://www.wsj.com/tech/ai/amd-deal-shows-ai-chip-business-isnt-just-about-chips-81fb46d9?mod=Searchresults_pos5&page=115",
    "content": "",
    "published": "2024-08-19"
  },
  {
    "source": "WSJ",
    "title": "wsj.com",
    "summary": "",
    "link": "https://www.wsj.com/style/fashion/target-birds-halloween-decorations-collectors-0171442b?mod=Searchresults_pos5&page=144",
    "content": "",
    "published": "2024-08-19"
  },
  {
    "source": "WSJ",
    "title": "wsj.com",
    "summary": "",
    "link": "https://www.wsj.com/business/media/edgar-bronfman-submits-4-3-billion-bid-for-redstones-national-amusements-paramount-stake-b7704a11?mod=Searchresults_pos13&page=137",
    "content": "",
    "published": "2024-08-19"
  }
]