[
  {
    "source": "WSJ",
    "title": "Israel’s ‘War Between the Wars’ Heats Up in Syria",
    "summary": "The military is conducting more airstrikes and killing more people, but that hasn’t stopped the pipeline of supplies that is bolstering Hezbollah in Lebanon",
    "link": "https://www.wsj.com/world/middle-east/israels-war-between-the-wars-heats-up-in-syria-da6dd4fe?mod=Searchresults_pos17&page=29",
    "content": "Israel has expanded its air campaign against enemy targets in Syria since the start of the war in Gaza, stepping up a pounding that has killed a number of militants and blown up supplies of fuel and arms.\n\nBut the steady attacks ultimately haven’t thwarted the buildup of Hezbollah into a major military force on Israel’s border with Lebanon, showing how Iran continues to be able to use the weak states between it and Israel as a pipeline to build up a potent threat that now risks triggering a wider war.\n\nThis week, Israel said it killed a senior Palestinian Islamic Jihad operative and other Iran-backed militants in a strike near the Syrian-Lebanese border. The attack was one of more than 180 in Syria attributed to Israel since October, an uptick compared with recent years, according to Armed Conflict Location & Event Data, a nonprofit, and Tel Aviv-based think tank the Institute for National Security Studies.\n\nThe strike was part of a more aggressive pattern of attacks in which Israel has been more willing to kill operatives while aiming to disrupt supply lines.\n\nIsraeli strikes in Syria since Oct. 7. 2023\n\nTurkey Reported strikes Aleppo Deir ez-Zor Syria Leb. Beirut Damascus Iraq Mediterranean Sea golan heights West Bank Tel Aviv jordan Gaza saudi arabia Turkey Reported strikes Aleppo Deir ez-Zor Syria Leb. Beirut Damascus Mediterranean Sea Iraq golan heights West Bank Tel Aviv jordan Gaza saudi arabia Turkey Reported strikes Aleppo Deir ez-Zor Syria Leb. Beirut Damascus Iraq Mediterranean Sea golan heights West Bank Tel Aviv jordan saudi arabia Gaza Reported strikes Turkey Aleppo Deir ez-Zor Syria Leb. Beirut Damascus golan heights Iraq Tel Aviv West Bank saudi arabia Isr. jordan Reported strikes Aleppo Deir ez-Zor Syria Leb. Beirut Iraq Damascus golan heights Isr. West Bank jordan saudi arabia\n\n“Israel’s stepping up of its attacks on Iran-backed proxies in Syria like Hezbollah and the Islamic Jihad is a response to those groups’ forming an increased threat,” said Lina Khatib, an associate fellow at London’s Chatham House. “Israel is gradually losing its tolerance of Iran’s influence in Syria.”\n\nIsrael said the Islamic Jihad operative was responsible for the group’s military capabilities in Lebanon and Syria and was working to mount attacks against Israel alongside Hezbollah, which confirmed the strike.\n\nThe Syrian government also accused Israel of launching strikes on sites in the eastern part of the country on Aug. 23, injuring seven civilians.\n\nIsrael began a campaign of airstrikes in Syria about a decade ago, as the civil war in the Arab country left a security vacuum that was filled by Iran and its allied militias, which backed Syrian President Bashar al-Assad . For a half-decade beginning in 2017, Israel launched more than 400 airstrikes to limit the entrenchment of Iran and its allies in Syria, an acceleration of a decadelong strategy that became known as the “war between the wars.”\n\nAdvertisement\n\nSmoke rises following an Israeli attack in Damascus in July. Photo: Ammar Safarjalani/Zuma Press\n\nTo limit the fallout of any particular airstrike, Israel avoided publicly admitting responsibility and largely tried to avoid killing Hezbollah operatives, instead focusing on shipments of weapons or the buildup of military infrastructure or arms production, former Israeli officials said. The Syrian regime, weakened by the country’s civil war, didn’t respond militarily, and both it and Iran played down the efficacy of the Israeli air campaign.\n\nThe rules of engagement changed on Oct. 7, however, when Hamas and its smaller partner, Islamic Jihad, launched an attack on Israel that sparked the war in Gaza, and Hezbollah began firing projectiles at Israel in support of its Palestinian allies.\n\nIran and Hezbollah held back from joining Hamas in a full-blown conflict with Israel but accelerated planning for one, using Syria as a transit point for weapons.\n\n“Over the past decade, the rules of the game were that Israel is permitted to attack these shipments in Syria as long as it doesn’t kill Hezbollah operatives,” said Daniel Sobelman, an Israel-based research fellow with the Middle East Initiative at Harvard Kennedy School. “What has changed is that Israel has been attacking those shipments and killing Hezbollah operatives.”\n\nAdvertisement\n\nThe aggressive new posture, confirmed by former Israeli officials, has at times threatened to broaden the conflict. In April, a strike on a gathering of Iranian military leaders at a diplomatic building in Damascus, attributed to Israel, killed Gen. Mohammad Reza Zahedi, who, according to Iranian state media and U.S. officials, managed Iranian paramilitary operations in Syria and Lebanon.\n\nPeople gather near the damaged site in Damascus in April. Photo: firas makdesi/Reuters\n\nTehran responded nearly two weeks later by launching a volley of more than 300 missiles and drones in a rare direct attack on Israeli soil, a bigger response than Israeli officials had expected. Israel fended off the assault with the help of a U.S.-led coalition and later launched its own limited response in Iran but hasn’t repeated an attack of that magnitude.\n\n“Israel is thinking twice about repeating the same target killing of senior officers,” said Carmit Valensi, a research fellow at the Institute for National Security Studies. “But the war between the wars continues.”\n\nThe effectiveness of Israel’s campaign in Syria is mixed, according to former Israeli officials and military experts.\n\nAdvertisement\n\nThe strikes have successfully deterred Syria from joining in the attacks against Israel that Iran-linked groups including Hezbollah and Yemen’s Houthis have launched against Israel, said Ronen Solomon, an independent Israeli intelligence analyst.\n\nSyria’s Assad, still engaged in fighting Kurdish opposition and Islamic State, has refrained from joining his allies in launching attacks on Israel during the Gaza war. Iran-backed militias in Syrian territory have also largely respected that position.\n\nIsrael’s campaign also has slowed the flow of arms to Hezbollah. But despite hundreds of strikes, enough weaponry has reached Hezbollah that any full-scale war could be devastating for Israel.\n\nIsrael’s military hit dozens of targets in Lebanon last weekend after it detected the militant group Hezbollah was preparing for an attack. Here’s a look back at how the tensions in the region have escalated since July. Photo: Kawnat Haju/AFP/Getty\n\nHezbollah is now widely considered the world’s largest and best-armed militant group, with what analysts estimate to be around 150,000 powerful missiles and rockets that can target the whole of Israel.\n\n“The enemy in recent years has fought a battle named the ‘war between the wars’ in which it targeted Hezbollah and its allies in Syria,” Hezbollah’s leader, Hassan Nasrallah , said in a June 19 speech. “Everything that was supposed to get to Lebanon, got to Lebanon.”\n\nFormer Israeli officials and regional analysts say that Israel’s tactical efforts don’t amount to a strategy sufficient to end Hezbollah’s supply lines or Iran’s presence in Syria, both more urgent concerns given Israel’s war in Gaza and conflict with Hezbollah.\n\nAdvertisement\n\n“We are now in a war. We are not in a campaign between the war. And the modus operandi in Syria still belongs to the campaign between the war,” said Amos Yadlin, a former head of Israeli military intelligence and president of MIND Israel, a national-security consulting firm.\n\nIsrael is exchanging near-daily fire with Hezbollah as it fights the war against Hamas in Gaza. The militant group began firing rockets across the border on Oct. 8, a day after the Hamas-led attacks on southern Israel that left 1,200 dead and set off the war in the Gaza Strip.\n\nSHARE YOUR THOUGHTS Do you think Israeli airstrikes in Syria will succeed in disrupting the military operations of Hezbollah and other militant groups? Why or why not? Join the conversation below.\n\nSince then, both sides have occasionally pushed the envelope with aggressive strikes but generally have followed rough rules of engagement that have kept the conflict on a simmer below the level of an all-out war.\n\nHezbollah’s limited response to the killing in Beirut of Fuad Shukr, a top commander for the group, and days of relative quiet along the Lebanese border since Israel launched a heavy bombardment Sunday have Israeli military officials thinking they may now have the upper hand in such exchanges. But they acknowledge that the situation can quickly change with any miscalculation or mistake by either party.\n\nDespite the risks, a number of current and former security officials including former military intelligence chief Yadlin, think Israel will need to decide whether to expand its operations in Syria if it is to effectively diminish Hezbollah’s ability to build up and resupply its armaments.\n\n“Syria is an essential part of the axis,” he said. “Most of the supply to Hezbollah is coming through Syria,” he said.\n\nAdam Chamseddine contributed to this article.\n\nWrite to Rory Jones at Rory.Jones@wsj.com\n\nConflict in the Middle East Latest news and key analysis, selected by editors",
    "published": "2024-08-30"
  },
  {
    "source": "WSJ",
    "title": "‘A Day in September’ Review: The Future Antietam Made",
    "summary": "The Battle of Antietam was the bloodiest day in American military history. It also helped transform the Civil War into a fight to abolish slavery.",
    "link": "https://www.wsj.com/arts-culture/books/a-day-in-september-review-the-future-antietam-made-eb36c4f8?mod=Searchresults_pos19&page=59",
    "content": "“From the moment the guns fell silent,” Stephen Budiansky writes of the deadliest day in American military history—the furious fighting between Union and Confederate forces at the Battle of Antietam in Maryland on Sept. 17, 1862—the encounter “was seen as an event that had cleaved the war, if not indeed the nineteenth century.”\n\nIt was not merely a matter of the staggering casualty numbers exceeded on no other single day, on no other field, in American history: 3,675 Union and Confederate soldiers killed in a matter of hours, more than the number of Americans who fell on D-Day some four score years later. To this total, Mr. Budiansky’s account in “A Day in September” adds some 3,000 mortally wounded in battle.\n\nAntietam also inspired the first intensive photographic coverage of a Civil War engagement—or, at least, of its horrific aftermath. A New York exhibition of Mathew Brady battlefield photographs hypnotized and horrified the public, even if it was later proven that some of the ghastliest scenes—including bloated corpses—had been manipulated for artistic effect. Said a contemporary: “If [Brady] has not brought bodies and laid them in our dooryards and along the street, he has done something very like it.” After Antietam, the romance of warfare evaporated, to be replaced by its “terrible reality.”\n\n18 Books We Read This Week The life and death of political parties, Antietam’s legacy, the return of Jackson Brodie and more.\n\nThe fighting also intensified the Northern commitment to effective nursing of the wounded (and there were some 16,000 Union and Confederate soldiers injured at Antietam). Yet the most famous “angel” of that battlefield, Clara Barton, emerges in this book as an image-conscious self-promoter who, Mr. Budiansky writes, “could not share the limelight with anyone” and once brazenly modified an adjective meant to describe her from “homely” to “holy.”\n\nAntietam was in a sense a tactical draw but a strategic and diplomatic victory for the Union. France and England could no longer consider diplomatic recognition of the Confederacy, a possibility that had loomed as a threat to Abraham Lincoln’s government. Most important of all, the Union’s success at Antietam—even if its army could have done far more damage, perhaps even ended the war entirely, had its commander proven more aggressive—was sufficient to trigger the preliminary Emancipation Proclamation five days later. Lincoln, who had been awaiting any kind of military success to buoy his controversial order, told his cabinet after Antietam: “I made the promise to myself and to my Maker” that if Gen. Robert E. Lee were repulsed in Maryland, the administration would strike against slavery. “The rebel army is now driven out and I am going to fulfill that promise.”\n\nThe battle has been amply covered by major Civil War historians over the last 40 years. Stephen Sears wrote a definitive account, “Landscape Turned Red,” in 1983, and James McPherson, in a landmark study in 2002, termed it “the battle that changed the course of the Civil War,” emphasizing its role in shifting the focus of the conflict from reunion to black freedom. Is there more to say about Antietam? Emphatically, yes.\n\nMr. Budiansky, who earlier produced a sterling biography of the severely wounded Antietam survivor Oliver Wendell Holmes (he reappears in “A Day in September”), reanalyzes the encounter as a clash of leadership command styles and a case study in military strategy, organizational preparation, engineering, communication (and lack of it), operations, medical care and even the physics of battlefield maneuvers. Ostensibly viewing the encounter through the eyes of nine principal characters (including Lincoln, Barton, several generals and a pioneering physician), he opens up new perspectives on the monumental event. This penetrating work, though more a series of essays than a military history, deserves to be read alongside Sears and McPherson by all students of the Civil War.\n\nNot surprisingly, Mr. Budiansky spares neither Lee nor George B. McClellan, the generals in command on that bloody day. Lee, the so-called marble man who escaped historical censure for generations, is faulted here for reasons that conveniently escaped 20th-century writers—above all, his proslavery racism. (The author is less convincing when he accuses Lee of “solitary self-pity.”)\n\nLee is castigated as well for undertaking the Maryland invasion in the first place. Mr. Budiansky is right that the Confederacy might have survived longer had not Lee decided twice (he would do so again in 1863) to abandon defensive fighting in Virginia and instead take the war to the North. The author scores a particularly amusing point when he reminds us that Karl Marx, then a journalist, observed before the battle that: “For the South everything depended on a swift, bold, almost foolhardy offensive.” As Mr. Budiansky observes: “Lee decisively agreed.” In at least this one instance, Lee proved himself a Marxist.\n\nAs for McClellan, Mr. Budiansky is willing to acknowledge that his “fatal combination of hubris and insecurity” was at least characteristic “of his place and time.” Otherwise, the author unleashes a withering assault on McClellan’s overcautious generalship, failure to issue cogent orders, disdain for superiors and treacherous attempts to undermine abolition. At Antietam, McClellan stands accused of withholding fresh troops at the moment his forces might have completely overrun Lee’s. In the moment, after all the bloodshed, no one on the battlefield but McClellan felt victorious. One appalled Union surgeon, tending to the injuries of 64 soldiers in a single day, observed: “To the feeling man this war is truly a tragedy but to the thinking man it must appear a madness.”\n\nFor all the carnage, Antietam was the first battlefield to become a major tourist attraction—as the urge to erase trauma yielded to curiosity and, later, nostalgia. Vulture-like visitors quickly swarmed the scene in search of relics, while others arrived to collect the remains of loved ones or help tend the grievously wounded. Even Lincoln visited Antietam (two weeks after the fighting), mainly to prod McClellan into renewed fighting. There, the president allegedly asked a traveling companion to sing comic songs to allay the gloom of devastation and death.\n\nBy the time this calumny hit the press two years later, the president was long accustomed to personal attacks, but this particular charge infuriated and worried him because he was in the midst of his re-election campaign—against none other than McClellan. Mr. Budiansky reports on the accusation but inexplicably neglects to mention the letter Lincoln drafted hotly denying the allegation—perhaps because the president never sent it.\n\nTwenty-three years after the battle, McClellan himself at last returned to the scene for a conciliatory reunion event, telling surviving veterans of both sides that the war had been started by “fanatics.” Yet McClellan himself might have had an opportunity to end the conflict three years before Lee ultimately surrendered, saving hundreds of thousands more from death. At least everyone can acknowledge the force of Antietam survivor Ezra Carman’s observation that, thanks to Lincoln, “on this field died human slavery.”\n\nMr. Holzer, director of Hunter College’s Roosevelt House, is the author, most recently, of “Brought Forth on This Continent: Abraham Lincoln and American Immigration.”",
    "published": "2024-08-30"
  },
  {
    "source": "WSJ",
    "title": "Threat of Strike This Fall Hangs Over U.S. Ports",
    "summary": "Officials at the dockworkers’ union will meet next week to discuss walkout plans at ports from Maine to Texas if demands for a 77% wage increase aren’t met",
    "link": "https://www.wsj.com/articles/threat-of-strike-this-fall-hangs-over-u-s-ports-bc9126ec?mod=Searchresults_pos5&page=136",
    "content": "A walkout would hit major ports on the U.S. East and Gulf Coasts, including the Port of Savannah, shown above.\n\nA strike would disrupt major ports at a crucial time for retailers and could pose a challenge to the Biden administration.\n\nThe union is demanding a 77% wage increase over six years, while employers have offered about half that.\n\nNegotiations between dockworkers and employers have reached an impasse, with a strike possible on Oct. 1.\n\nEfforts to avoid a walkout by dockworkers at some of the nation’s busiest seaports are entering a crucial phase.\n\nUnion officials representing 45,000 workers at ports from Maine to Texas will meet for two days in New Jersey starting Wednesday to discuss wage demands and prepare to strike on Oct. 1.\n\nHarold Daggett , the head of the union that represents dockworkers at U.S. East and Gulf Coast ports, this month said the International Longshoremen’s Association and employers are “at an impasse” over wages and that his members will walk out if the union doesn’t reach a new labor deal before the current multiyear contract expires on Sept. 30.\n\nThe union and the United States Maritime Alliance, which represents ocean shipping companies and port employers, have been talking informally for months, but still haven’t begun formal talks that will include thorny issues such as the use of automated machinery on the docks.\n\nNewsletter Sign-up The Logistics Report Top news and in-depth analysis on the world of logistics, from supply chain to transport and technology. Preview Subscribe\n\nThe ILA is pushing for a 77% increase for workers over six years, according to a person familiar with the talks, far more than the 32% increase the International Longshore and Warehouse Union won for dockworkers at West Coast ports last year. The person said employers have offered about half that, but the ILA is holding out for more. A spokesman for the union declined to comment.\n\nVincent Clerc , head of Danish carrier A.P. Møller-Maersk, said on an earnings call earlier this month that an East Coast strike “would be a really big bottleneck in a very traveled trading route,” but that he didn’t believe a strike was likely.\n\nOther shipping industry officials as well as business groups representing major importers are more concerned. Rolf Habben Jansen , CEO of German shipping line Hapag-Lloyd, said on a recent earnings call that the risk of a strike “has really gone up.”\n\nAn ILA walkout would hit major ports at New Jersey, Virginia, Savannah, Ga., and Houston at the busiest time of year for retailers bringing in holiday-season goods. It would also come just a few weeks before the presidential election, presenting a challenge to the Biden administration as Vice President Kamala Harris faces former President Donald Trump.\n\nGroups such as the Retail Industry Leaders Association, which represents importers like Target, Home Depot and Best Buy, are calling on the Biden administration to intervene to broker a deal.\n\nLast year, Acting Labor Secretary Julie Su helped shepherd an agreement between West Coast dockworkers and employers. Daggett, however, has said he doesn’t want the administration “to interfere in our negotiations.” The union this month filed paperwork with the Federal Mediation and Conciliation Service that effectively clears the way for workers to walk out on Oct. 1.\n\nGroups representing major U.S. importers are calling on the Biden administration to broker a deal. Photo: Hannah Beier/Bloomberg News\n\nA spokesman for the Department of Labor said officials are monitoring the negotiations.\n\nFears of a strike have prompted importers this year to pull forward orders for goods ahead of the fall retail shopping season, causing an earlier-than-usual flood of cargo, and pushing up shipping rates. “The prospect of an East Coast shutdown comes up in every client meeting,” said Nathan Strang , director of ocean freight at freight forwarder Flexport.\n\nThe early surge of cargo is exacerbating strains on ocean shipping networks caused by attacks by Yemen’s Houthi rebels on commercial vessels in the Red Sea. Diversions of containerships away from the Suez Canal that opens into the Red Sea are adding 10 days or more to sailing times from Asia to the U.S. and Europe, eating up cargo capacity as ships take longer routes around the Horn of Africa.\n\nAlmost 1.4 million containers, measured in 20-foot equivalent units, were shipped from Asia to North America in June, a record for that month, according to transportation data firm Xeneta. The average short-term contract rate to ship a 40-foot container from Asia to the U.S. East Coast at the end of August was $9,518, the firm said, more than double the cost in April.\n\nPort tensions are mounting at a time when dockworkers from Germany to Australia have slowed and stopped operations in disputes over pay and working conditions. Last year, U.S. West Coast dockworkers sporadically disrupted cargo flows from Washington state to California during tense talks.\n\nUnionized dockworkers in the U.S. enjoy some of the nation’s best-paying, blue-collar jobs.\n\nThe hourly base pay for an ILA dockworker at the start of 2022 was $38, according to collective bargaining agreements which also show the base pay for a West Coast ILWU dockworker in January that year was $46. Because of work rules and overtime opportunities, unionized workers such as crane operators on both coasts can earn annual salaries totaling hundreds of thousands of dollars.\n\nDenmark-based marine consulting firm Sea-Intelligence warned that it would take ports a long time to untangle the cargo pile-up of even a brief strike. It would take about five days to clear cargo after just a one-day stoppage, the firm estimated, while a one-week strike during the first week of October wouldn’t clear until about mid-November.\n\nAdvertisement\n\nWrite to Paul Berger at paul.berger@wsj.com",
    "published": "2024-08-30"
  },
  {
    "source": "WSJ",
    "title": "A Key Western Ally Is Buckling Under Russian Pressure",
    "summary": "As Georgia’s government draws closer to Moscow, national elections mark a flashpoint for the entire region",
    "link": "https://www.wsj.com/world/georgia-russian-pressure-democracy-bcd4c65e?mod=Searchresults_pos19&page=67",
    "content": "TKVIAVI, Georgia—Georgian defenses collapsed within days of Russia’s invasion in 2008. Moscow-backed militias killed and rampaged in the countryside as Russian tanks roared unopposed on the highway to capital Tbilisi.\n\nA pharmacist from this leafy village, Fatima Papiashvili, and her daughter Diana, aged nine at the time, witnessed the murders of their neighbors, and were fortunate to escape to safety with the help of a Wall Street Journal reporter.\n\nToday, the legacy of that catastrophic military defeat still drives Georgian politics. In recent months, as Russia regained momentum in Ukraine, the government in Tbilisi has hewed closer and closer to Moscow, moving away from the Caucasus nation’s longstanding pro-Western aspirations.\n\nWeeks of often violent mass protests and clashes with police have already rocked Tbilisi, and the U.S. has imposed sanctions on leaders of Georgia’s ruling party. In a country that experienced a bloody civil war, three conflicts with Russia and a revolution since independence in 1991, national elections set for October loom as a major flashpoint—and a possible pivot for the entire region.\n\nThe divide runs right across the Papiashvili family.\n\nLike many Georgians, especially in the older generation, Fatima says she intends to vote for the ruling Georgian Dream party, led by reclusive billionaire Bidzina Ivanishvili . The main reason: She wants peace with nearby Russia at any cost, especially after watching the horrors unfolding in Ukraine. Now 65 years old, Fatima said she agreed with Ivanishvili’s key message: that a vote for the pro-Western opposition is essentially a vote for renewed conflict.\n\n“The protesters in Tbilisi, they are shouting and screaming because they haven’t seen what war is really like,” Fatima said in Tkviavi, recalling how the village was cut off, without any food, electricity or phone connections, back in 2008. “I like America, I like Europe, but there is no chance that Russia will let us go that way.”\n\nDiana shook her head in disagreement as she cradled her dog, Vivian. Now 25, she has recently graduated from university in Tbilisi and wants to be a graphic designer.\n\nFatima Papiashvili, right, and her daughter Diana are divided over whether Georgia should resist Russian inroads.\n\nThough she hadn’t personally participated in protests because of health issues, Diana said she supported her classmates who had flooded the capital’s streets as the Georgian Dream pushed through legislation limiting civil society. The unprecedented outpouring of Georgian youth, many of them waving European Union flags, initially forced the government to pull the law—just to ram it through on a second attempt in June, overruling a veto by the country’s largely ceremonial president.\n\n“We have to fight for our freedom. If we don’t fight, we will be slaves,” said Diana, who traveled across Europe in recent years, a freedom enjoyed by the country’s citizens after the EU abolished visa requirements for them in 2017.\n\nOnce praised as a pioneer in adopting good governance, Georgia used to be seen as one of the most solidly pro-Western parts of the former Soviet Union, and opinion polls still show overwhelming support for joining the EU and NATO.\n\nAdvertisement\n\nAlongside Ukraine, it was promised an eventual membership in the NATO alliance at the Bucharest summit all the way back in 2008, and officially became an EU candidate last December. With 20% of the country occupied by Russian forces, Georgia technically doesn’t maintain diplomatic relations with Russia—though the border is open and direct flights disgorge thousands of Russian tourists every day.\n\nSouth Ossetia, a part of Georgia occupied by Russia, can be seen in the distance in the foothills of the Caucasus Mountains.\n\nTourists visit the Joseph Stalin museum in Gori, Georgia, where the late dictator’s personal train is on display.\n\nGeorgia’s unfolding break with the West was catalyzed by this summer’s strict restrictions on foreign funding for nongovernment organizations, media and civil society. Dubbed “the Russian law” by the opposition, the new legislation mirrors similar “foreign agent” curbs enacted by Russian President Vladimir Putin in 2012 as he eviscerated political freedoms there.\n\nIn another borrowing from Putin’s political playbook, the Georgian government now is moving ahead with a law that would ban LGBT “propaganda” such as Pride events, and uphold “traditional values.” In recent months, many antigovernment activists have been assaulted by thugs believed to be connected with the authorities.\n\n“We are now in the same situation where Russia was in 2012. If the Georgian Dream begins to enforce this Russian law, they will basically get rid of international organizations, of donor organizations, kill the civil society, and then the independent media and the opposition parties, as it has already happened in Russia,” said Zurab Japaridze, founder of the opposition Girchi party who said he had to use his sidearm to fire in the air as he was being attacked near his home earlier this year.\n\nAdvertisement\n\nGeorgian Dream leaders deny the government is connected to such assaults on opposition leaders, and say the new legislation, which requires media and NGOs receiving more than 20% of their funding from abroad to register as agents of a foreign power and undergo stringent audits, isn’t all that different from similar laws in the West.\n\nPeople gather for a charity concert in June as part of a continuing protest against strict restrictions on foreign funding for nongovernment organizations, media and civil society, dubbed the ‘Russian law’ by critics.\n\nProtesters also fear another law that would ban LGBT ‘propaganda’ such as Pride events, and uphold ‘traditional values.’\n\nStill, they are open about their intentions to further crack down on dissent. Prime Minister Irakli Kobakhidze said this month that Georgian Dream, if it wins an overwhelming majority in the October election, will use its new constitutional powers to ban all the main opposition parties and to unseat opposition lawmakers, whom he described as “criminals.”\n\nThe geopolitical stakes in Georgia are hard to overstate. The mostly Christian country of 3.7 million provides the only alternative route besides Russia for Central Asian and Azerbaijani trade with the West, be it in oil, gas or other goods. One of only three former Soviet republics—alongside Ukraine and Moldova—with EU candidate status, it has historically been the most consistent outpost for pro-Western feeling in the region, sitting between authoritarian Russia, Turkey and Iran.\n\n“We have had political differences in Georgia, sometimes they were very harsh, but no matter these differences, all the governments that were here were clearly pro-Western,” said former Georgian President Giorgi Margvelashvili , a onetime ally of Ivanishvili. “Now this is the first time that the government is changing the geopolitical orientation of the nation,” he added. “For Russia ideologically this is a huge, huge win.”\n\nAdvertisement\n\nRecognizing Georgia’s drift away from the West, last month’s annual NATO summit declaration didn’t mention the country’s prospects for membership, the first such omission since 2008. Contacts on joining the EU have also been frozen. The U.S., which earlier this year imposed visa sanctions on leading members of Georgian Dream, in July suspended $95 million in aid that benefits the Georgian government and is mulling curbs on longstanding defense cooperation.\n\nIvanishvili’s landmark speech at a Tbilisi pro-government demonstration in late April, a rare public appearance for the country’s most powerful man, marked a clear shift in rhetoric. Ivanishvili—who had lived in Moscow for decades and once held a Russian passport—accused the “global war party” in the West of trying to overthrow his government. The main reason, according to him: Georgia’s refusal to become “cannon fodder” and open “a second front” against Russia.\n\nThe Georgian government, which has refused to impose its own economic sanctions on Russia or to assist Ukraine with weapons, must be careful in its relations with the Kremlin as a matter of national survival, said Nikoloz Samkharadze, the head of the parliament’s foreign-relations committee and a leading member of Georgian Dream.\n\nNikoloz Samkharadze, a member of Parliament from the ruling party Georgian Dream. Photo: Justyna Mielnikiewicz/MAPS for WSJ\n\nIn past wars against Russia, the U.S. and allies did next to nothing to assist Georgia, and Russian occupation troops are currently stationed only 500 meters from the main highway linking Tbilisi to the Black Sea coast, he said.\n\n“I can tell you very frankly and openly, we are afraid of Russia…Imagine a scenario where the Russians just turn on the engine of an armored vehicle—not even a tank—and put it on that highway. What do you do as a state? If you shoot, then it’s a war with Russia. And if you don’t shoot, then you’re not a state,” Samkharadze said. “We have learned our lessons, and we know that if there is another war between Russia and Georgia, we will again be all alone.”\n\nWestern—and opposition—accusations that Georgia is siding with Russia in the war in Ukraine are misplaced, added Maka Botchorishvili, a senior member of Georgian Dream and chair of the parliament’s EU integration committee.\n\nAdvertisement\n\n“Georgia has never shied away from supporting Ukraine in the international arena,” she said. “But what kind of sanctions can Georgia impose on Russia to influence Russia? Zero. We cannot impact the Russian economy but they can impact the Georgian economy heavily, and they can impact Georgian security heavily.”\n\nSuch arguments resonate in places that bore the brunt of the Russian invasion in 2008—an invasion that many Georgians blame on the reckless policies of then-president Mikheil Saakashvili , currently in a Georgian prison on charges of abuse of power that his supporters say are politically motivated. Ivanishvili this month promised to hold a “Nuremberg trial” for Saakashvili after the election.\n\n“How many wars have we survived here!” exclaimed Larisa Miruashvili, as she played with her granddaughter in a park in the city of Gori, which was occupied by Russian troops in 2008. “The current government is trying its best to have peace and stability, and for this I am really thankful.”\n\nLarisa Miruashvili, shown with her granddaughter, says she supports the current government because it is trying to maintain peace with Russia.\n\nMerab Merabishvili’s mother, Zhuzhuna Gotsiridze, plays piano in an apartment that was hit by a Russian cluster munition during 2008 war.\n\nMerab Merabishvili’s apartment in Gori burned down when a Russian cluster munition hit nearby in August that year, killing a Dutch journalist. “Everybody was running away from the city at the time. Nobody was left here, and I don’t want this to happen again,” said Merabishvili, a 65-year-old former driver who also said he will vote for Georgian Dream. “We now want to be friends with Russia.” The Stalin museum in Gori, the former Soviet leader’s hometown, was packed with Russian tourists buying fridge magnets with the dictator’s likeness.\n\nIn Tkviavi, which was raided by South Ossetian militiamen allied with Russia in 2008, Fatima Papiashvili recounted how one of these men threatened to shoot her, just to have another militiaman overrule him by saying that they only kill Georgian men. When this reporter visited Tkviavi in August 2008, the stench of rotting corpses of several male villagers wafted from courtyards, mixing with the smell of overripe peaches on trees. At the time, Fatima asked for help in getting her and her daughter across the front line, to reunite with her sister in the Georgian capital.\n\nAs Fatima drove in a Journal car through several checkpoints, including one where Chechen irregulars joked about on-the-spot executions, she instinctively pushed Diana into the footwell, so that the girl wouldn’t be seen. Curious, the child kept perking up all the way until she arrived in a Tbilisi hotel for an ice-cream treat.\n\nAdvertisement\n\nDiana, who said she remembers all the details of that journey despite the passage of time, listened impatiently as her mother recounted the terrifying events of 2008. She disagreed vigorously once Fatima said she would vote for Ivanishvili’s Georgian Dream because the current government has brought peace to the country.\n\n“We must have hope,” Diana said quietly but sternly, in English. “Don’t give up.”\n\nTbilisi, Georgia, in June.\n\nTo many Georgians, the crisis in the country reminds of events in Ukraine in the final months of the rule of President Viktor Yanukovych, who triggered mass protests, known as the Maidan revolution, after suddenly aborting an association agreement with the EU and embarking on an alternative trade alliance with Russia in late 2013. Ivanishvili, too, alluded to that parallel—warning in the April speech that, unlike Yanukovych, he won’t allow his party’s government to be overthrown. He declined an interview request.\n\nGeorgia’s antigovernment protests have died down for now, as students left Tbilisi for their hometowns, but are widely expected to resume next month, as the campaign for the Oct. 26 elections gets into full swing. That’s the time when the government is likely to highlight the anti-LGBT legislation, which is popular in the conservative countryside and has the blessing of the Georgian Orthodox Church.\n\nFor the fragmented Georgian opposition, unseating the government wouldn’t be easy. Georgia’s president, Salome Zourabichvili , who has limited powers under the new constitution and who tried and failed to block the foreign-agent law, is trying to coordinate between various opposition parties. Under Georgia’s electoral law, a party or union of parties must cross the 5% threshold to gain parliament seats.\n\nAdvertisement\n\nTina Bokuchava, chair of the opposition United National Movement, sees the coming election as a referendum between Russia and Europe.\n\nA charity concert in June raised money to cover legal fees for people arrested or fined during protests.\n\n“We believe that the unification of all pro-Western opposition forces is a public demand at this point, and we have to rise to the challenge,” said Tina Bokuchava, chair of the largest of these parties, the United National Movement, which was founded by Saakashvili. “Ivanishvili is essentially turning these elections into a referendum between Russia and Europe.”\n\nTo others in the opposition, however, embracing the UNM is a poisoned chalice because Saakashvili’s second term was marred by widespread human-rights abuses and arbitrary detentions. If forced to choose between Ivanishvili and a return of Saakashvili to power, many Georgians would rather pick the country’s current rulers “because at least they are promising peace,” said Mamuka Khazaradze , chairman of the Lelo opposition party and co-founder of one of the nation’s main banks.\n\nJust as in Ukraine during Maidan, there is also widespread mistrust between organized political parties and the new, informal protest movement that has coalesced around street protests.\n\nStill, a sense that Georgia approaches an existential moment is in the air. Tina Khidasheli, chair of the Civic Idea NGO, said the country faces the strong risk of becoming a dictatorship and a satellite of Russia if Ivanishvili’s Georgian Dream wins re-election in October.\n\n“We will do everything so it will not happen. Literally everything. Whatever it takes to get this country back,” said Khidasheli, a former minister of defense. “Bidzina [Ivanishvili] is not going to end this country’s history as an independent state. No way.”\n\nTina Khidasheli, a former defense minister, worries that the country risks becoming a dictatorship.\n\nWrite to Yaroslav Trofimov at yaroslav.trofimov@wsj.com",
    "published": "2024-08-30"
  },
  {
    "source": "WSJ",
    "title": "Exclusive | Ukraine General’s Plan Surprised the Russians—and His Own Troops",
    "summary": "Gen. Oleksandr Syrskiy learned from Ukraine’s previous counteroffensive and kept its Russian incursion a secret",
    "link": "https://www.wsj.com/world/europe/ukraine-general-oleksandr-syrskiy-russia-kursk-incursion-32965fb9?mod=Searchresults_pos3&page=65",
    "content": "SUMY, Ukraine—Ukraine’s top military commander gathered senior officers for a secret meeting in late July where he disclosed an audacious plan to revive the country’s flagging war effort.\n\nUkraine’s army, Gen. Oleksandr Syrskiy told them, would turn the tables on Moscow by launching the first large-scale invasion of Russia since World War II.\n\nOne attendee, a senior officer from the 61st Mechanized Brigade, said his initial reaction was shock.\n\n“Where are we going?” Lt. Col. Artem Kholodkevych recalled thinking.\n\nThe brazen operation also stunned Russia when it launched on Aug. 6, overrunning weak border defenses and quickly seizing around 100 towns and villages in Russia’s Kursk region. The invasion embarrassed Russian President Vladimir Putin, raised Ukrainians’ morale after a year of grinding defensive war, and showed the U.S. and other backers that Ukraine still has plenty of fight in it.\n\n“We exploded the myth that Russia is an invincible country,” Kholodkevych said in an interview. “We did something that no one has done for 80 years.”\n\nLt. Col. Artem Kholodkevych, a senior officer from the 61st Mechanized Brigade, was initially shocked by the plan to invade Russia. Photo: Emanuele Satolli for WSJ\n\nThe operation has brought a brighter spotlight on its architect, Syrskiy. The 59-year-old career military officer faced a challenging proposition when he took over in February. He was replacing a popular predecessor, Gen. Valeriy Zaluzhniy, and since then has sought largely to manage a war of attrition against a much larger foe.\n\nUkrainian incursion into Russia\n\nUkrainian advances near Kursk region Russian forces KURSK REGION Kyiv Kursk Rylsk RUSSIA Sudzha Sumy UKRAINE 20 miles 20 km Ukrainian advances near Kursk region Russian forces KURSK REGION Kyiv Kursk Rylsk RUSSIA Sudzha Sumy UKRAINE 20 miles 20 km Ukrainian advances near Kursk region Russian forces KURSK REGION Kyiv Kursk Rylsk RUSSIA Sudzha Sumy UKRAINE 20 miles 20 km Ukrainian advances near Kursk region Russian forces Kyiv KURSK REGION Kursk Rylsk RUSSIA Sudzha Sumy UKRAINE 20 miles 20 km Ukrainian advances near Kursk region Russian forces Kyiv KURSK REGION Kursk Rylsk RUSSIA Sudzha Sumy UKRAINE 20 miles 20 km\n\nThe incursion has, for now, upended the narrative of the war, putting Ukraine back on the offensive. But the success of the operation will ultimately be determined by whether it leads to lasting gains, or greater losses, on the battlefield—or yields political dividends that bring more military support from the U.S. and its allies or strengthen Ukraine’s position in any future peace negotiations.\n\nNow in its fourth week, the incursion is continuing to make gains even as Russia has sent reinforcements. At least 2,000 Russian troops are hemmed in against a river, where repeated attempts to relieve them using pontoon bridges have failed, according to Ukrainian soldiers.\n\nSome military strategists and soldiers have questioned the Kursk operation, saying Syrskiy is committing precious reserves of manpower and equipment to a new front while Russia is taking advantage of Ukraine’s threadbare defensive lines on the eastern front to press forward. Russia has withdrawn several thousand troops from Ukraine in response to the incursion, but has intensified assaults on its main target, Pokrovsk, a critical logistics hub for Ukrainian operations in the east.\n\nAdvertisement\n\nOthers have praised the move, saying that Ukraine needed to play a joker to change the momentum of a war.\n\nUkraine couldn’t afford simply to keep trying to buy time by throwing more men into defensive lines, said retired Lt. Gen. Ben Hodges, a former commander of the U.S. Army in Europe. “Nobody has enough resources to do everything,” he said. “You are constantly having to make decisions about priorities, where to accept risk.”\n\nA vehicle-recovery team from Ukraine’s 22nd Mechanized Brigade, which took part in the surprise incursion this month into Russia. Photo: Emanuele Satolli for WSJ (2)\n\nThe operation is also a bold gambit for Ukrainian President Volodymyr Zelensky , who was trapped between a slow but relentless advance by Russia, which wants to take control of Ukraine, and the West’s unwillingness to provide sufficient weaponry to reverse Russian gains.\n\n“He saw that only one actor can change the status quo,” said Mick Ryan, a military strategist and retired major general in the Australian Army. “It’s risky but audacious.”\n\nZelensky said Tuesday he is planning to travel to the U.S. in September to present a peace plan that has been spurred, in part, by the positive dynamic of the invasion.\n\nAdvertisement\n\nA general who can act ‘unusually, suddenly’\n\nSyrskiy, a fitness buff with a passion for military history, had an ambiguous reputation among Ukrainian soldiers. His stern, clipped style contrasts with his predecessor, who would pose for selfies and flash V signs for victory.\n\nSyrskiy led the defense of Kyiv that repelled Russia’s assault in early 2022, and a successful counteroffensive in the northeastern Kharkiv region that autumn. But some blamed him for heavy losses in the defense of the eastern city of Bakhmut, which Russia captured in May 2023 after months of brutal fighting.\n\nThe Kursk operation has won the general plaudits for its planning, secrecy and speed. Analysts and Ukrainian officers said Syrskiy had evidently drawn conclusions from Ukraine’s failed counteroffensive during the summer of 2023, when Ukraine consulted with the U.S. and other Western partners, deployed newly formed brigades and telegraphed its plans with videos and public comments.\n\nUkrainian President Volodymyr Zelensky and Gen. Oleksandr Syrskiy during a trip to the Kharkiv region in November. Photo: Efrem Lukatsky/Associated Press\n\nOnly a small number of senior officers took part in the meetings, led by Syrskiy, to thrash out detailed plans for the incursion. Syrskiy tapped battle-hardened units, such as the 80th and 82nd Air Assault Brigades, to lead the incursion and didn’t inform the U.S. of plans.\n\nWhile last year’s counteroffensive assaulted Russia’s strongest fortifications in the south, this time Syrskiy picked a target that Moscow had assumed was untouchable and left weakly defended primarily by conscripts.\n\n“The strong point of Syrskiy is that he is a general who can act unusually, suddenly, unexpectedly for the enemy,” said Serhiy Cherevatiy, Syrskiy’s former communications adviser. “He knows we don’t have parity and can’t go head-to-head, so he uses cunning and any advantage we have.”\n\nAdvertisement\n\nPhoto: Svet Jacqueline for WSJ\n\nDaily life goes on in Sumy, Ukraine, despite the increased threat from Russia after Ukraine invaded the nearby Kursk region. Photo: Emanuele Satolli for WSJ\n\nBreaking through Russian lines, cutting off troops\n\nBefore Syrskiy’s July meeting with senior officers from units selected for the operation, troops from the 61st Brigade had spent months training in the east for what officers assumed would be another defensive engagement. Even after the general’s disclosure that they would be going into Russia, Kholodkevych, a senior officer in the brigade, thought it might simply be a bluff, meant to deceive the Russians.\n\nThe transfer of the 61st Brigade from the east was accompanied by a disinformation campaign indicating they were headed for Vovchansk, a northern city under assault since May, when Russia launched its own cross-border incursion.\n\nAdvertisement\n\nInstead, the brigade was in the second wave of Ukrainian troops into Kursk on Aug. 7. As assault troops on fast-moving armored vehicles drove deeper into Russia avoiding head-on assaults in towns and villages, the 61st mopped up pockets of soldiers cut off by the quick advance.\n\nUkraine’s unprecedented invasion of Russia was a gamble for Kyiv. But as Moscow intensifies its push on the strategic eastern Ukrainian city of Pokrovsk, strategies on both sides are starting to emerge. Photo: Louisa Naks\n\nThe rapid operation bears similarities to Syrskiy’s Kharkiv offensive, which took advantage of Russian weak points to break through their lines, cut off troops and take back swaths of territory.\n\nNow, Ukraine is taking advantage of Russian unpreparedness to strike deeper into the rear, creating what Zelensky has called a buffer zone to impede Russian military operations against Ukraine. Kyiv’s forces are still taking more prisoners to add to a pool that Ukraine hopes to trade for its own people detained in Russia.\n\nUkraine is using new tactics and equipment to gain an upper hand where Russian defenses are weaker, including using small explosive drones to strike down helicopters and Russian surveillance drones.\n\nAdvertisement\n\nUkrainian soldiers heading to Russia from Sumy earlier this month. Photo: Svet Jacqueline for WSJ\n\nThe commander of a drone unit, call sign Aristarkh, said that was allowing Ukrainian artillery to move more freely and hit more targets as the threat of discovery is lower. Aristarkh’s teams operate strike drones with a range of 30 miles that can drop aerial bombs on high-value targets such as artillery guns.\n\nRussia has a total of 30,000 troops in the area to counter the offensive, Syrskiy said Tuesday, some of them transferred from Ukraine.\n\nSHARE YOUR THOUGHTS What will be the long-term effects of Ukraine’s Kursk operation? Join the conversation below.\n\nStill, Syrskiy said Russia wasn’t redeploying troops from the Pokrovsk front to Kursk, as Ukraine had hoped it would, and is instead not strengthening its forces there.\n\nThat has provoked complaints from soldiers in the east that their defensive efforts have been starved in favor of the Kursk offensive.\n\nHodges, the retired U.S. Army Europe commander, said that is a risk that Syrskiy and his advisers will have foreseen and decided it was worth taking.\n\n“This is not about a popularity contest,” he said. “It’s about achieving strategic effect, which means you have to accept risk in other areas.”\n\nUkraine is using new tactics to gain an upper hand where Russian defenses are weaker. Photo: Emanuele Satolli for WSJ\n\nOksana Grytsenko and Ievgeniia Sivorka contributed to this article.\n\nWrite to James Marson at james.marson@wsj.com\n\nThe War in Ukraine News and insights, selected by the editors",
    "published": "2024-08-30"
  },
  {
    "source": "WSJ",
    "title": "‘The Third Man’: Film-Noir Style With Moral Substance",
    "summary": "Released 75 years ago, Carol Reed’s classic stars Joseph Cotten and Orson Welles in a profound, ravishingly shot story of human depravity in postwar Vienna.",
    "link": "https://www.wsj.com/arts-culture/film/the-third-man-film-noir-style-orson-welles-carol-reed-joseph-cotten-75-years-anniversary-1f17a5e4?mod=Searchresults_pos9&page=103",
    "content": "Few films are as striking to look at or listen to as the British film noir “The Third Man.” Its shadow-soaked black-and-white palette, artfully askew camera angles and elaborately expressive editing offer constant visual stimulation, and its iconic score, featuring the distinctive sound of the zither, provides exotic accompaniment.\n\nYet the film’s ravishing surface is in service of a story of real substance: Released 75 years ago, “The Third Man” is a study of the human capacity for depravity, exploitation and avarice. In screenwriter Graham Greene ’s unsparing vision, these vices are so intrinsic to our nature that they persisted even after the Allied victory of World War II, which is the film’s historical context. Director Carol Reed tells the tale with copious cinematic imagination, but his stylistic flourishes never overwhelm the underlying theme.\n\nIn a documentary-like prologue, Reed himself reads narration that initiates the viewer into the crumbling, corrupt condition of postwar Vienna, which, in his telling, is ostensibly overseen by various governmental powers but is actually a lawless free-for-all. “I never knew the old Vienna before the war with its Strauss music, its glamour and easy charm,” Reed dryly says. “I really got to know it in the classic period of the black market. We’d run anything if people wanted it enough—had the money to pay.”\n\nInto this anarchic environment enters undistinguished, penurious American novelist Holly Martins ( Joseph Cotten ), who has been beckoned to Vienna with the prospect of a job by a longstanding friend, Harry Lime ( Orson Welles ). But no reunion is in the offing: Instead, Holly attends a funeral service for Lime, who, in a murkily recounted episode, is said to have recently lost his life in an accident.\n\nAfter the funeral, Holly shares a drink with Maj. Calloway ( Trevor Howard ), a calm but tenacious Royal Armoured Corps officer who starts to provide an education in the activities of the supposedly deceased. We come to learn that Lime was a prodigious racketeer whose stock-in-trade was sought-after penicillin, which—to extend available doses and maximize his own profits—he diluted, with disastrous consequences for those in need. Meanwhile, Holly becomes familiar with several of Lime’s associates and grows attached to a woman who once loved and now mourns Lime, Anna Schmidt (Alida Valli).\n\nThroughout this long stretch, Reed seems to confirm Lime’s purported death by famously withholding any glimpse of Welles, whose inarguable influence on the movie is nonetheless felt in the presence of his longtime collaborator Cotten and in the ornate, stylized camerawork of Robert Krasker , whose photography earned him an Academy Award and owes a debt to Welles’s own films. Welles’s extended absence intensifies audience curiosity about the character’s alleged criminality.\n\nNothing that is said about Lime, however, can prepare the audience for the shock of catching sight of him—one of the most notable surprise appearances in any movie. In a series of shots perfectly timed to sustain suspense, Holly is seen sauntering through nighttime Vienna. Detecting a presence in a shadow-obscured doorway, Holly taunts the nameless, faceless figure: “Come on out—come out, come out, whoever you are!” But before the man can, a nearby light is switched on and exposes his identity: It is Lime—a ghost shown to be flesh and blood. Anton Karas ’s zither score is cued, and the camera dollies into a close-up of Welles, who, playing the moment for maximum ambiguity, cocks an eyebrow and beams with devilish delight.\n\nHere Reed taps his directorial arsenal to make a serious point: Yes, evil can appear banal, but it can also be charming and appealingly sphinxlike—as Welles himself is. We can comprehend Holly’s fascination with Lime, and Anna’s love for him, but the more we hear from the man himself, the less we are seduced. In a famous speech delivered while he peers down at the world from a Ferris wheel, Lime suggests that the people below are, to him, an abstract concept—“dots” that can be dispensed with for the right price. Then, in lines contributed by Welles himself, Lime insists that free societies are incapable of greatness: In Switzerland, Lime says, “They had 500 years of democracy and peace, and what did that produce? The cuckoo clock.”\n\nYet, despite the clever dialogue and the undeniable grandeur of Welles’s persona, Reed succeeds in retaining the film’s moral perspective. In a shattering scene that humanizes those “dots” of which Lime speaks, Maj. Calloway ushers Holly through a children’s hospital whose inhabitants include those injured by Lime’s diluted penicillin.\n\nNear the end is a breathless chase in which Lime attempts to outrun the authorities in the Vienna sewer system—a sequence brilliant for its use of screen geography and sound, but also for its rich suggestion that it is only fitting for a man who operated in the “underground” of society to be cornered underground. “The Third Man” is not an exercise in style but a profound journey into a heart of darkness.\n\n—Mr. Tonguette is a contributing writer at the Washington Examiner.",
    "published": "2024-08-30"
  },
  {
    "source": "WSJ",
    "title": "‘The Hollow Parties’ Review: Fractured Factions",
    "summary": "America’s political parties have long been in a state of decline. They struggle both to engage citizens and to create durable governing coalitions.",
    "link": "https://www.wsj.com/arts-culture/books/the-hollow-parties-fractured-factions-d5edbad3?mod=Searchresults_pos4&page=159",
    "content": "In May 1981, with Ronald Reagan freshly installed as America’s 40th president, Richard Richards joined a Capitol Hill breakfast meeting with a group of feisty conservative operatives invigorated by Reagan’s recent triumph. Richards, the chairman of the Republican National Committee, complained that the operatives were running off in too many directions, undermining the coherence of leadership that should come from the party he headed. He likened the independent groups to “loose cannonballs on the deck of a ship.”\n\nThe operatives rejected the complaint and hailed themselves as the vanguard of the new Reagan era. The Republican Party, they declared, needed to get in line with their aggressive, scattershot brand of political activism.\n\nThat confrontation serves as the opening scene in “The Hollow Parties: The Many Pasts and Disordered Present of American Party Politics,” a thought-provoking historical survey by Daniel Schlozman and Sam Rosenfeld tracking the decline of the American party system. The authors describe today’s parties as “hard shells” with cores “devoid of concerted action and positive loyalties.”\n\n18 Books We Read This Week The life and death of political parties, Antietam’s legacy, the return of Jackson Brodie and more.\n\nMessrs. Schlozman and Rosenfeld, professors of political science at Johns Hopkins and Colgate respectively, elaborate: “The parties are dominated by satellite groups and command little respect in the eyes of voters and activists alike.” Further, the parties seem incapable of linking citizens with their governments or building governing coalitions. All this matters, because when the parties falter, “so does the political system.”\n\nThis lament isn’t new. In 1972, the Washington Post’s David Broder produced a book titled “The Party’s Over,” in which he declared: “The governmental system is not working because the political parties are not working.” Eight years later, with Democrats split over Sen. Edward Kennedy’s challenge to President Jimmy Carter for the Democratic presidential nomination, John Herbers of the New York Times described the nation’s parties as “little more than hollow shells.”\n\nHowever accurate such claims were at the time, there is little doubt that the parties have declined even further since those troublesome days. Messrs. Schlozman and Rosenfeld, along with their modern-day critique, offer a sweeping and often trenchant history of American party dynamics that helps us to see how much things have changed. Though enlightening, their survey suffers at times from a slashing, partisan portrayal of the American right as the country’s premier political pollutant since its emergence as a civic force in the 1970s.\n\nAs a kind of analytical framework, the authors present six “strands,” or currents of thought and activity, guiding the parties through history. The positions they outline are: accommodationist (relying on backroom dealing and compromise); anti-party (favoring alliances based on principle, not party affiliation); pro-capital (supporting business and, generally, alliances between business and politics); policy reform (valuing good-government strategies and expertise); radical (committed to an egalitarian society and thus to strong parties as agents of change); and populist (displaying an “us vs. them” mentality).\n\nIn the beginning, write the authors, the Constitution was viewed as an anti-party document ushering in what was an “avowedly anti-party age,” during which Hamilton and Jefferson advanced very different ideas about federal authority. Soon Jefferson’s adherents began creating party clubs around the country, and George Washington denounced “certain self-created societies.” Write Messrs. Schlozman and Rosenfeld: “The First Party System had arrived.”\n\nIt didn’t last. In 1828, the Second Party System emerged, the handiwork of New York’s Martin Van Buren. Known as “the Little Magician” for his political wiles and dexterity, Van Buren ushered in the two-decade-long Jacksonian era with a strong Democratic Party that was, as the authors put it, “locally rooted, highly participatory, affirmatively pro-party, and dedicated to the principle of the party over the man.”\n\nTo counter the Jacksonians’ populist and accommodationist ethos, Henry Clay and a few allies founded the Whig Party in 1833, combining anti-party, pro-capital and policy-reform strands. The Whigs couldn’t quite overcome an inherent ambivalence: They were dedicated to thwarting the despised Jacksonians but never fully devoted themselves to the party-building efforts needed for success. The party faded quickly after the 1852 elections as the slavery issue increasingly gripped the nation.\n\nThe gap was filled by the emergent Republican Party, which embraced the policy-reform strand by opposing all territorial expansion of slavery and the pro-capital strand by promoting Northern industry and continental expansion. Then the Republicans added the radical strand during the Civil War and its aftermath by overthrowing “an entire economic order”—that is, the order grounded in slavery—“in the name of human freedom,” Messrs. Schlozman and Rosenfeld write. The Republicans dominated the American political landscape for some 72 years, until Franklin Roosevelt’s Democratic New Deal.\n\nThe authors present the 40-year New Deal era through the prism of three distinct periods. The “midcentury pragmatists” enhanced the power of organized labor, created the federal bureaucracy and bolstered presidential power. Soon tensions arose between these pragmatists and “programmatic liberals” (from the policy-reform strand), whose issue-driven activism yielded the far-reaching civil-rights initiatives of the mid-1960s and Lyndon Johnson’s Great Society.\n\nBut the high-voltage debates over the Vietnam War and vexing social conflicts soon split the party and led to efforts to democratize it. It was in the early 1970s, for instance, that the Democrats adopted a series of procedural reforms designed to foster direct primaries over conventions or caucuses in selecting national convention delegates; to reduce the role of party bosses in the selection process; and to ensure that more women and members of minority groups became convention delegates. The authors spot three intertwined strands here: anti-party, policy-reform and radical.\n\nThe now-riven Democratic Party lost much of its force and then its governing mandate with the arrival of hyperinflation mixed with economic stagnation in the mid-1970s. The Keynesian growth model that had informed the party’s economic policies and helped it justify its spending “seemed to have reached the end of the line,” the authors write. And then the force dubbed by the authors as the Long New Right “seized the moment,” under the imprimatur of the pro-capital and populist strands.\n\nHere the tone of “The Hollow Parties” changes abruptly. The previously measured and neutral descriptive language becomes suffused with harsh value-charged words: “take-no-prisoners exploitation,” “smashmouth politics,” “gonzo feverishness,” “party brawlers,” “shock troops.” The authors draw a direct line through seven decades of American history, from Joseph McCarthy and the John Birch Society’s Robert Welch to Donald Trump and Jan. 6, 2021, noting along the way Barry Goldwater, William F. Buckley Jr., Ronald Reagan, Newt Gingrich and many others, with hardly a nuance of distinction among them. “Modern conservatism,” declare the authors, “hollowed out the American party system.” It did this, supposedly, by exploiting the sense of grievance unleashed with the end of the New Deal era and by fusing “class, racial, and often gender politics” into what the authors consider a distinctly malign brand of civic contention.\n\nMessrs. Schlozman and Rosenfeld view the nation’s current political predicament in Manichaean terms. They write of the “rising threats to American democracy” posed by the political right and add: “The Republican Party as it now stands must be defeated electorally.” Indeed, they maintain, it will take “repeated and substantial electoral losses, in national elections,” to repudiate and subdue the GOP’s smashmouth corner.\n\nBut is that likely? American politics resides today on a knife’s edge of political parity. And while Mr. Trump’s political base is a minority base and he doesn’t seem to know how to build on it, it encompasses tens of millions of Americans who harbor what they consider to be real grievances, beyond what might be claimed by the Fox News commentators or talk-radio hosts so earnestly denounced by the authors.\n\nTheir effort to delegitimize a vast segment of political sentiment is unfortunate. But “The Hollow Parties” contains plenty of engaging history and provides a helpful template for assessing party identity and performance through the decades. Messrs. Schlozman and Rosenfeld propose various reforms: e.g., greater organizational efforts during off-years; an emphasis on the recruitment of top political talent; a more highly trained and motivated volunteer corps. Whether such efforts could actually reverse the parties’ decline may be debatable. But the call for party renewal certainly stands out as a worthy goal. “Political parties,” write the authors, “have within them the possibility to serve as democracy’s savior or its saboteur.”\n\nMr. Merry’s latest book is “Decade of Disunion: How Massachusetts and South Carolina Led the Way to Civil War, 1849-1861.”",
    "published": "2024-08-30"
  },
  {
    "source": "WSJ",
    "title": "Kamala Harris Soars Above CNN",
    "summary": "The Vice President embraces Bidenomics, if Trump can exploit it.",
    "link": "https://www.wsj.com/opinion/kamala-harris-soars-above-cnn-d1b2a9a2?mod=Searchresults_pos7&page=202",
    "content": "Kamala Harris’s campaign handlers were no doubt giving each other high-fives on Thursday night watching their candidate’s interview on CNN. The Vice President got away for the most part with repeating her campaign’s platitudes about “the middle class” and “a new way forward” and was never seriously challenged on anything.\n\nThat’s a shame because the voters still haven’t received a straight answer about whether, and how, she has changed her views from the far-left positions she espoused in 2019 as a presidential candidate. “My values have not changed,” she said more than once, in a practiced answer that can be read any way you want. We take it as a studied wink to her left flank that she’s on their side but can’t say so clearly until she’s elected.\n\nThe closest CNN’s Dana Bash came to pinning the Veep down was on whether she now favors a ban on fracking for oil and gas as she did in 2019. Ms. Harris said she had changed her position by 2020 and hasn’t changed since, which is news to most of America.\n\nThe Vice President said she is now convinced that the U.S. can meet all of its climate goals without a fracking ban, which would play poorly in Pennsylvania. But she notably didn’t disavow any of the Biden Administrations’s green mandates and regulations. And she said the country needs to stick by timetables to reach targets for carbon emissions and other green demands. Ms. Bash didn’t follow up, so Ms. Harris escaped again on costs or feasibility.\n\nMs. Bash did at least ask if the Veep believes Bidenomics has been successful. Ms. Harris slid around that one with a talking-point list of dubious achievements, including a boast that inflation is under 3%. Again, no follow-up on how inflation reached 9.1% and whether the Biden-Harris spending boom of 2021 was a leading cause.\n\nNo follow-up either on her recent proposal to impose housing price controls. No follow-up on her both-sidesism about the Israel-Hamas conflict. And nothing on her tax increases. But there were several heartwarming minutes about Gov. Tim Walz’s son and Ms. Harris’s grandniece.\n\nIt’s too much to expect much from a single interview, except that this is the first the Vice President has done as a presidential candidate and she is the least-known candidate in modern history. It’s possible her campaign will figure this is the last interview she needs to do from here to November.\n\nMs. Harris remains vulnerable on her past political views, her recent flip-flops, the Biden-Harris record in office, and what appears to be her implicit endorsement of the Biden economic and national-security policies.\n\nThese are openings for Donald Trump, assuming he can prosecute the case. But that’s far from a sure thing. The Harris campaign’s bet, and it’s not a crazy one, is that the Vice President can soar to victory on a cloud of general promises, platitudes and “joy.”\n\nThe campaign is betting the press won’t care. And they’re betting that Mr. Trump won’t do the homework and doesn’t have the discipline and focus to expose any of this in debate or consistently on the stump. So far it’s been a winning wager.\n\nWonder Land: In Kamala Harris, the Democrats have created the biggest soap bubble American politics has ever seen. The question is, can they stop Donald Trump popping it until Nov. 5? Photo: Erin Hooley/Associated Press",
    "published": "2024-08-30"
  },
  {
    "source": "WSJ",
    "title": "‘Heavy Perfume Is So Obvious.’ Why the New Status Fragrance Is Watered Down.",
    "summary": "Intense, lingering scents used to signify power and wealth. Now subtle is in.",
    "link": "https://www.wsj.com/style/beauty/new-status-fragrance-is-watered-down-body-mists-2ae40da4?mod=Searchresults_pos4&page=22",
    "content": "For centuries, heavy perfume was an invisible trumpet for the ruling classes, heralding one’s arrival and departure and, as its blast lingered, signifying one’s power. Legend has it, Cleopatra even scented the sails of her ship with her fragrance so Marc Anthony could smell her coming from leagues away.\n\nToday, the tides have turned. After decades of designer fragrances so heavy they sometimes clung to skin and clothes with obnoxious persistence, lighter scents now telegraph refined taste. These less-conspicuous perfumes reflect women’s new desire to be more modest, or in TikTok parlance, “very demure.” But certainly no less luxe.\n\nCall it the fragrance equivalent of “quiet luxury,” the fashion philosophy encouraging wannabe moguls to swap flashy logos for anonymous-looking $1,000 sneakers. “Heavier scents can get obvious,” said Jenna Jaeger, 35, the membership director of Twenty Two New York, a new private club and hotel whose London outpost hosts quiet-luxury avatars like Sofia Richie Grainge and Idris Elba. Jaeger says a water-based fragrance conveys the complex notes of a traditional, alcohol-based eau de parfum without being overpowering. She often mists with Byredo’s water-based Mojave Ghost, which debuted this spring.\n\nByredo Mojave Ghost Water-Based Perfume, $320\n\nFragrance houses are quenching the thirst for lighter scents. This month, Dior released its second water-based elixir, Sauvage Eau Forte, which translates to “strong, wild water.” Their first, an alcohol-free version of J’adore, debuted in 2022. Sephora added water-based perfumes like Clean Reserve’s H2Eau to its shelves in 2023.\n\nDior J’adore Parfum D’eau, $165\n\nKalu Gebreyohannes-Groyster, 44, has found lighter fragrance formulas easier on her skin—and on the senses of those with whom she shares a crowded elevator. “When I use water-based fragrance, it’s not overbearing,” said the plant and home goods store owner in Oakland, Calif. “There’s no skin irritation, no headaches.” She prefers rosewater scents from Remembrance Apothecary.\n\nBody mists from luxury regulars like Chanel and cult indie brands like Phlur promise a sophisticated scent, but with a less clobbery delivery. From 2022 to 2023, body mist revenues grew over 5%, according to Allied Market Research, a consumer analytics company. Tom Ford, Jo Malone and Diptyque have each released body mists—called eau fraîche, or “fresh water” in perfume-speak—this year.\n\nDiptyque Do Son Body Mist, $68\n\nBecause of their lower prices, these sprays have some Gen Zers especially smitten. Madison Waxman Miller, 23, a kindergarten teacher in North Reading, Mass., says she built “an entire wardrobe” of body mists by Phlur, a Los Angeles brand helmed by former fashion stylist Chriselle Lim. “I keep them in my car, my bag, everywhere,” she said. Her generation doesn’t have a monopoly on the obsession: Miller said her millennial mother and boomer grandmother “have definitely stolen” her mini-bottles.\n\nPhlur Heavy Cream Fragrance Mist, $38 at Anthropologie\n\nWant to spritz yourself in one of these formulas? First, decide whether a water-based perfume or a body mist best suits your “make ’em notice” needs and skin’s sensitivity level. According to Robin Mason, president of fine fragrance at New Jersey-based consumer goods lab DSM-Firmenich, water-based formulas “contain the same concentration of fragrance molecules as traditional perfumes.” But traditional scents are made with an alcohol base that can provoke sensitive skin and leave “scent stains” on clothes for days or even weeks. (Yes, even their lighter eau de toilette forms.) Water-based ones are gentler and less drying, Mason says, and they won’t embed in fabric—though most last on the body at least up to eight hours.\n\nBody mists often do contain alcohol, which lets them “stick” a little better to the skin and helps their scents, though soft, linger longer. The fragrance concentration of a body mist is low enough that the scent isn’t likely to hover in tight spaces like elevators or last forever on a T-shirt. But if your complexion is supersensitive, they might cause slight irritation.\n\nLess intense fragrances can also be formulated with plant-derived alcohol, which can create a more-subtle aroma. For example, California brand Maison Louis Marie employs geraniol, an alcohol derived from roses that can promote a milder, more delicate scent.\n\nAdvertisement\n\nMaison Louis Marie No. 14 Icila, $93\n\nWhen choosing a new perfume, “pay attention to what fragrance speaks to you right away,” advised Jérôme Epinette, a master perfumer and vice president of fine fragrance at Robertet, a New York fragrance manufacturer. The scent, he said, “will evolve on your skin,” so it’s best to test one directly on your wrist or forearm, then wait several hours as it transforms.\n\nRemember, too, that softer scents still make a statement. “People definitely notice,” said Jaeger, the hospitality director. “It’s just that they notice you more than the smell.”\n\nProp styling by Abby Walton for Lalaland\n\nThe Wall Street Journal is not compensated by retailers listed in its articles as outlets for products. Listed retailers frequently are not the sole retail outlets.\n\nSHARE YOUR THOUGHTS Are water-based scents part of your fragrance collection? Join the conversation below.",
    "published": "2024-08-30"
  },
  {
    "source": "WSJ",
    "title": "The Secret to Finding Great Meals While Traveling (Hint: It Doesn’t Involve the Internet)",
    "summary": "Far too often, when on the road, we start googling as soon as mealtime approaches. As these seasoned travelers and enthusiastic eaters show, sniffing out dinner the old-fashioned way can reap greater rewards.",
    "link": "https://www.wsj.com/lifestyle/travel/the-secret-to-finding-great-meals-while-traveling-hint-it-doesnt-involve-the-internet-28c0972e?mod=Searchresults_pos6&page=9",
    "content": "In Madrid earlier this summer, I visited a food market I’d read about on a “must-eat” list online. I settled on a busy stall and ordered the tortilla española. Bad idea: The gloppy, bland dish and rushed service left me bereft—and hungry. Unwilling to return to my hotel defeated, I wandered around until I came across a small cerveceria.\n\nIts anchovies-on-toast, deliciously salty and a little oily, paired well with the house white. Before long, I had joined a table of Madrileños who insisted I stay for one more drink. Slightly buzzed, I felt emboldened to put my rusty Spanish to use, asking my new friends to build out the rest of my itinerary in their town.\n\nNewsletter Sign-up WSJ Travel Inspiration and advice for navigating your vacations and business trips, along with the latest travel news. Preview Subscribe\n\nWhat became the most memorable meal of the trip reminded me of other times I’d ditched online restaurant lists and reviews, and found my meals the old-fashioned way.\n\nThe temptation to pull out your phone and start googling can be overwhelming—but can also lead to the same place every other tourist goes. To learn alternative strategies, I reached out to a few seasoned travelers who are passionate about eating well. Here, their top tips.\n\nDon’t Overplan\n\nNathan Thornburgh, co-founder of Roads & Kingdoms, a food-and-travel publication that hosts food-focused group trips, considers planning overrated. “Allow yourself the possibility of having a bad meal,” Thornburgh said. “It’s like anything in life—the risk and reward go together.”\n\nA dumpling stop on a Chinese food crawl hosted by UnTour Food Tours. Photo: Linfeng Li\n\nRelying on chance opens up opportunities for dining experiences like the one I had in Madrid—or the one Jamie Barys, who lives in Shanghai and Singapore, had in Osaka. Amid a sudden downpour, Barys and her friends took cover under an awning on a small street. Turns out, they’d parked themselves in front of an “amazing izakaya.” Experiences like that one inform the ethos of Barys’s company, UnTour Food Tours, which works with what Barys calls “expert eaters” to show visitors the places in China they won’t find on best-of lists.\n\nBecome a Regular\n\nFor Elizabeth Hays, a life coach in Buffalo, N.Y., tethering yourself to technology can shatter the illusion of living like a local. Instead, on a recent trip to Paris with her family, Hays, 43, went to the same bakery in the 2nd arrondissement every morning—initially out of convenience, but then for the convivial atmosphere and delicious pastries.\n\nIn Novello, a small village in Piedmont, Italy, Thornburgh fell hard for a wine bar he initially assumed would be mediocre. He kept going back, night after night. “The food was incredible,” Thornburgh said, but beyond that, coming back made him feel like a part of the community.\n\nAsk Smart Questions\n\nOf course, nothing compares to asking a local for recommendations. But it helps to be specific, said Barys. Ask: “’What is your favorite everyday place to go for lunch or dinner, somewhere you eat at regularly but don’t see many tourists at?’” If you’re looking for something on the fancier side, ask a local where they go to celebrate special occasions. Remember to solicit tips on specific dishes to order, Barys says.\n\nFor the best recommendations, strategize whom you’re asking. In China, Barys always pays attention to where her sources are from: “Don’t ask a Shanghainese person for the best Sichuan restaurant in town,” said Barys. It also pays to be aware of your source’s intentions or professional obligations. While a hotel’s concierge might offer more obvious tourist-friendly recs, asking the bartender or the housekeeper instead might lead you to a more rewarding, less predictable local experience.\n\nTacos at Los Cocuyos, one of Roads and Kingdoms co-founder Nathan Thornburgh’s favorite stops in Mexico City for late-night eats. Photo: Nathan Thornburgh\n\nGo With the Flow\n\nEven savvy travelers often overlook the dining customs of the destination. Don’t just go where the locals go—find out when they go. “Save your meals for when you know the good meals are happening,” Thornburgh said. In Mexico City, for example, where Thornburgh was traveling when we spoke, “it’s not midday tacos; it’s late-night tacos.”\n\nIf you can’t access that information, follow the crowd—the real, physical one, that is, not the one generating hype on social media. Colleen Newvine, a life-and-career coach living in Brooklyn, says she and her husband, who wrote a guidebook to New York’s bars, follow a simple piece of advice from Newvine’s father: Never eat at a place that’s empty. “If it’s lunchtime and a place is dead, there’s probably a reason, and we’ll keep moving,” said Newvine.\n\nThe Wall Street Journal is not compensated by retailers listed in its articles as outlets for products. Listed retailers frequently are not the sole retail outlets.\n\nSign up for the WSJ Travel newsletter for more tips and insights from the Journal’s travel team.\n\nSHARE YOUR THOUGHTS What are your tips for finding a good meal while traveling? Join the conversation below.",
    "published": "2024-08-30"
  },
  {
    "source": "WSJ",
    "title": "The Most Impressive Cake You Can Make Without Turning On Your Oven",
    "summary": "Ice cream cake delights in a way no other dessert does. And yet this no-bake strawberry-chocolate-pretzel recipe is incredibly easy to whip up.",
    "link": "https://www.wsj.com/arts-culture/food-cooking/the-most-impressive-cake-you-can-make-without-turning-on-your-oven-55b7636b?mod=Searchresults_pos8&page=69",
    "content": "You should make this no-bake strawberry-chocolate-pretzel ice cream cake, and you should do it this weekend. As a lawyer-turned-baker, I can’t help constructing a case for a recipe as smart as this one.\n\nIt’s easy to assemble. Using store-bought ice cream, this cake is built, not baked. The back of a spoon is the only tool you’ll need to press the ice cream into the pan. Just be sure to really pack it in so the cake will pop out intact.\n\nIt’s a mini master class in chocolate. The key to a firm yet creamy chocolate layer is ganache, a classic pastry building block used in everything from fillings to glazes. To make this emulsion of equal parts cream and chocolate, simply pour hot cream onto chocolate chips to melt them, and stir.\n\nFor this recipe, leave the ganache on the countertop between freezes. It will firm up as it sits, but the ganache will still be spreadable.\n\nIt’s adaptable. A strawberry ice cream with bits of jammy strawberries adds even more texture. You decide how finely to crush the pretzels—I prefer a mix of fine powder and ½-inch to 1-inch pieces.\n\nYou do you. For the ice cream layers, caramel or coffee ice cream would pair nicely with the ganache. The pretzels can be swapped out for any crisp cookie or even graham crackers, crushed finely enough so the ganache and ice cream layers can soften them a bit and the layers won’t separate when you slice.\n\nWith the garnishes and toppings, you can really go wild. Whipped cream makes a nice, airy contrast to the dense ice cream and ganache. Why not other traditional sundae toppings? Crushed peanuts, sliced bananas, chocolate or caramel syrup, and maraschino cherries would be a classic combo. I like to use some variation of the fillings in the toppings—a preview of what you have to look forward to inside.\n\nOnly you will know how easy it is to produce. An ice cream cake reliably elicits childish delight and even a little awe. Indeed, the effort-to-awe ratio for this recipe is outstanding.\n\nConstruct a Better Ice Cream Cake\n\n1. Be sure to pack the ice cream layers in firmly. An offset spatula is handy for this, but the back of a spoon works fine.\n\nAdvertisement\n\n2. Ganache works better than chocolate syrup here because it firms up into a layer that will help keep the cake intact.\n\n3. The pretzels add texture and salty contrast. How finely (or not) you crush them depends on how much crunch you want.\n\n4. Up your garnish game, with chocolate-covered pretzels, piped whipped cream or even a drizzle of caramel.\n\nIce Cream Cake This is more of a construction job than a baking project. Store-bought strawberry ice cream provides the foundation here, and layers of chocolate ganache and pretzels provide flavor and texture contrasts. But feel free to riff on this recipe with other ice cream flavors and crunchy, contrasting layers such as crushed cookies, nuts, caramel or whatever sounds delicious to you. Total Time: 10 hours (includes freezing) Active Time: 30 minutes serves: 8 Ingredients For the cake: 1½ quarts (6 cups) strawberry ice cream\n\n1⅓ cups semisweet chocolate chips\n\n1 cup heavy cream\n\n2 cups pretzels\n\nFor the garnish: 1 cup heavy cream\n\n2 tablespoons confectioner’s sugar\n\n1 cup sliced strawberries\n\nWhole pretzels Directions Set ice cream out to soften. Prepare loaf pan by lightly coating with cooking spray. Place a large piece of plastic wrap in loaf pan, leaving a slight overhang, pressing plastic to pan as smoothly as possible. Use a food processor or sturdy zip-top bag and rolling pin to crush pretzels. Prepare the ganache: Place chocolate chips in a medium heatproof bowl. Add heavy cream to a small saucepan over medium heat. Once cream starts to boil and bubbles form along edge of pot, turn off heat and immediately pour hot cream over chocolate chips. Let sit 3 minutes. Stir with a rubber spatula in quick, small circles in center of bowl to make a smooth emulsion. Then make larger and larger circles until ganache has a smooth consistency throughout. Spread enough softened ice cream in loaf pan to fill it ⅓ of the way. Use the back of a spoon to press ice cream into pan in an even layer. Add ⅓ of crushed pretzels and lightly press into ice cream. Spread ⅓ of ganache over top in an even layer. Freeze until ice cream is firm, at least 60 minutes. Repeat this process twice more, then cover with plastic and freeze at least 6 hours. Remove ice cream cake from freezer. Briefly run warm water over sides and bottom of pan. Invert onto a serving platter or cutting board and release cake. Place cake back in freezer until it’s frozen solid, 20-30 minutes. Use an electric mixer to beat heavy cream and confectioner’s sugar to stiff peaks. Remove cake from freezer and dollop whipped cream on top. Add sliced strawberries and pretzels. Slice and serve immediately. Store any remaining cake in freezer until ready to eat. Click here to view this recipe in our recipes section.\n\nFood Styling by Mieko Takahashi; Prop Styling by Sean Dooley",
    "published": "2024-08-30"
  },
  {
    "source": "WSJ",
    "title": "Biden Administration Rejects Plan to Send Americans to Ukraine to Maintain F-16s",
    "summary": "European countries are expected to step in to pay for maintenance and personnel to support the American-made aircraft and other weapons",
    "link": "https://www.wsj.com/politics/national-security/white-house-rejects-plan-to-send-americans-to-ukraine-to-maintain-f-16s-34fa1967?mod=Searchresults_pos6&page=124",
    "content": "Ukrainian Defense Minister Rustem Umerov, left, and Oleksandr Lytvynenko, the secretary of Ukraine’s National Security and Defense Council, next to an F-16 in an undisclosed location in Ukraine in August.\n\nWASHINGTON—The Biden administration has rejected a military proposal to send American contractors to Ukraine to maintain Western military equipment, including F-16 jet fighters, over concerns about safety, U.S. officials say.\n\nThe debate over sending American civilians to a country battling Russian forces to help maintain Western equipment has been ongoing since the early days of the war, but has recently become more critical with the long-awaited arrival of F-16s in Ukraine. The first six of a promised 80 F-16s jets arrived in Ukraine at the end of July.\n\nThe National Security Council looked at the proposal for sending civilian contractors into Ukraine to maintain F-16 jet fighters and other military weaponry, but the intelligence community and others deemed it too risky for now, officials familiar with the discussion said. Instead, the hope is that European countries will take on more—and perhaps all—of the responsibility for maintaining the F-16s.\n\n“The intelligence community raised concerns over the prospect of Russia targeting American contractors in Ukraine,” according to a U.S. official.\n\nA Ukrainian tank crew performing maintenance on a U.S. Abrams tank in eastern Ukraine. Photo: Joseph Sywenkyj for WSJ\n\nThe administration hasn’t ruled out sending American contractors to Ukraine in the future, but they aren’t expected to go there soon.\n\n“This is something we are considering but have made no decisions,” said Sean Savett, principal spokesman for the National Security Council, said in a statement, regarding a proposal to send American contractors into Ukraine.\n\nOn Monday, Ukraine lost its first F-16 during a Russian missile barrage. Ukrainian and U.S. officials haven’t disclosed the cause of the crash, which killed a prominent pilot, and an investigation is under way.\n\nThe American-designed aircraft remains one of the U.S. Air Force’s most iconic jet fighters and requires highly skilled maintenance and other support, including hours of service for every hour of flight time. Dozens of support personnel typically work on each fighter.\n\nWhile the Pentagon has said that it hopes that the Ukrainians can maintain the F-16s, all countries, including the U.S., rely to some extent on private companies and their personnel to help service the complex jet fighters.\n\nPresident Biden, led by his national security adviser, Jake Sullivan, was concerned the Defense Department lacked adequate plans to respond should American contractors come under attack. Photo: Chip Somodevilla/Getty Images\n\nMaintenance of the warplanes could prove crucial for Ukraine’s defense of its territory. Kyiv hopes the F-16s can prevent Russia from owning the skies and shoot down missiles launched at military and civilian infrastructure. Without civilian contractors servicing the planes—such as repairing and replacing parts—Ukraine will struggle to keep the Western-provided planes operational.\n\nBut the U.S. has been loath to send personnel into Ukraine over safety concerns. A small contingent of diplomats, military service members and other government contractors are assigned to the U.S. Embassy in Kyiv.\n\nThe Biden administration’s reluctance to send U.S. contractors to Ukraine to service American and other Western equipment reflects the larger debate over U.S. involvement in the war there. Since Russia’s full-scale invasion in February 2022, the White House has held off on sending specific weapons to Ukraine over concerns of Russian escalation, only to allow those systems to go later.\n\nIt appears, however, that having the Defense Department send civilians to maintain U.S.-made equipment is still a red line.\n\nThe son of Ukrainian F-16 pilot Oleksiy Mes, who died in an air crash this week, holds a photo of his father at a farewell ceremony in Shepetivka, western Ukraine, on Thursday. Photo: Libkos/Getty Images\n\nWhile some officials inside the Pentagon had expressed support for sending American contractors to do maintenance, President Biden, led by his national security adviser, Jake Sullivan, was concerned the Defense Department lacked adequate plans to respond should those people come under attack.\n\n“We haven’t made any decisions and we’ve been clear that we are not sending any U.S. troops into the fight into Ukraine, but there are no Defense Department contractors performing work in Ukraine,” a Pentagon official said.\n\nSHARE YOUR THOUGHTS Should the U.S. send contractors to support the war effort in Ukraine? Why or why not? Join the conversation below.\n\nUkraine is expected to receive a mix of older and upgraded F-16s from the Netherlands, Norway, Denmark and Belgium.\n\nA senior Dutch military officer confirmed that the Netherlands will pay for a private contract between a civilian maintenance company and the Ukrainian Air Force to support the F-16s.\n\n“We support the Ukrainian government financially to make those contracts with private partners to see if they can hold the aircraft up and running in the future,” said Gen. Onno Eichelsheim, the chief of defense for the Netherlands, speaking to reporters in Washington on Wednesday.\n\nThe Ukrainians have struggled to maintain other U.S.-provided weapons, such as the Abrams tank. Much of the maintenance is done either with Ukrainians video-teleconferencing with repair experts abroad, or the equipment is shipped out of the country for repair, contributing to delays in getting the weapons back in operation.\n\nDaniel Michaels and Lara Seligman contributed to this article.\n\nThe War in Ukraine News and insights, selected by the editors",
    "published": "2024-08-30"
  },
  {
    "source": "WSJ",
    "title": "wsj.com",
    "summary": "",
    "link": "https://www.wsj.com/style/fashion/luxury-handbags-auction-christies-sothebys-hermes-chanel-90945184?mod=Searchresults_pos19&page=95",
    "content": "",
    "published": "2024-08-30"
  },
  {
    "source": "WSJ",
    "title": "wsj.com",
    "summary": "",
    "link": "https://www.wsj.com/business/retail/mike-ullman-jcpenney-macys-corporate-fixer-dies-fc5923a2?mod=Searchresults_pos20&page=87",
    "content": "",
    "published": "2024-08-30"
  },
  {
    "source": "WSJ",
    "title": "wsj.com",
    "summary": "",
    "link": "https://www.wsj.com/finance/stocks/the-score-nvidia-super-micro-computer-dollar-general-and-more-stocks-that-defined-the-week-bef9e006?mod=Searchresults_pos5&page=87",
    "content": "",
    "published": "2024-08-30"
  },
  {
    "source": "WSJ",
    "title": "wsj.com",
    "summary": "",
    "link": "https://www.wsj.com/arts-culture/food-cooking/an-irresistible-way-to-celebrate-peak-tomato-season-this-easy-recipe-7af6bc21?mod=Searchresults_pos17&page=114",
    "content": "",
    "published": "2024-08-30"
  },
  {
    "source": "WSJ",
    "title": "wsj.com",
    "summary": "",
    "link": "https://www.wsj.com/opinion/a-federal-judge-rules-against-sports-fansand-tv-innovation-9f890e9b?mod=Searchresults_pos20&page=72",
    "content": "",
    "published": "2024-08-30"
  },
  {
    "source": "WSJ",
    "title": "wsj.com",
    "summary": "",
    "link": "https://www.wsj.com/tech/ai/ai-chatgpt-nvidia-apple-facebook-383943d1?mod=Searchresults_pos9&page=73",
    "content": "",
    "published": "2024-08-30"
  },
  {
    "source": "WSJ",
    "title": "wsj.com",
    "summary": "",
    "link": "https://www.wsj.com/arts-culture/food-cooking/this-chefs-freezer-secret-will-make-your-cooking-so-much-more-efficient-c387a891?mod=Searchresults_pos19&page=131",
    "content": "",
    "published": "2024-08-30"
  }
]