[
  {
    "source": "WSJ",
    "title": "Kamala Harris Rises, but She Could Fall",
    "summary": "Democrats hope she can re-create the 2020 coalition. But she has weaknesses.",
    "link": "https://www.wsj.com/opinion/kamala-harris-rises-but-she-could-fall-2024-election-trump-5d22694b?mod=Searchresults_pos19&page=80",
    "content": "When President Biden abandoned his quest for re-election, he was trailing Donald Trump in national polls and in every swing state. His low poll numbers stemmed from disapproval of his administration’s performance—especially on inflation and immigration—and doubts about his physical and mental capacity.\n\nDemocrats hoped replacing Mr. Biden with Kamala Harris would re-create the coalition that propelled him to victory in 2020. Republicans hoped disapproval of the Biden-Harris administration’s performance would predominate and the public would hold Ms. Harris responsible.\n\nSurveys since Mr. Biden’s withdrawal suggest that neither side’s hopes have been fulfilled. Ms. Harris has drawn even with Mr. Trump nationally and in most swing states, but she’s still well short of the sizable majority that enabled Mr. Biden to win in 2020. Although he outpolled Mr. Trump nationally by 4.5 percentage points, he won Wisconsin, Georgia, and Arizona by less than 1 point. If the popular margin had been 3.5 rather than 4.5, Mr. Biden’s electoral-vote majority probably would have evaporated.\n\nMr. Biden’s popular vote included sweeping victories in California, New York and Illinois, whose combined margins represented about one million votes more than Mr. Biden’s entire seven-million national popular-vote margin. Even if Mr. Trump “wastes” votes by doing better in unattainable Democratic states such as New York, a tie in the national popular vote won’t be enough for Ms. Harris to reproduce Mr. Biden’s Electoral College victory. She’s at least 3 points away from where she will need to be in November.\n\nMs. Harris has closed the gap that yawned between Messrs. Biden and Trump not because support for Mr. Trump declined—it didn’t—but because she brought home portions of the 2020 coalition that had deserted Mr. Biden. She has energized her party and improved prospects for a strong Democratic turnout in November. She’s doing somewhat better than Mr. Biden was among blacks, Hispanics and women, but not as well as he did in 2020. And she’s still struggling to win the support of white working-class voters, which make up a large portion of the electorate in Wisconsin, Michigan and Pennsylvania.\n\nGender politics will be front and center in this election. The Republican National Convention featured images of working-class masculinity, and vice-presidential nominee J.D. Vance has focused attention on the traditional family. By contrast, Ms. Harris has made abortion a central theme of her campaign and has promised to push for expanded child tax credits and affordable child care.\n\nWhile this contrast is likely to help Ms. Harris among young women who feel threatened by the prospect of Mr. Trump’s return to the White House, it will probably do the reverse among young men. Even before Ms. Harris replaced Mr. Biden as the nominee, young men were trending away from the Democratic Party. A Journal analysis of surveys conducted in February and July showed that young men, who backed Mr. Biden by 15 points in 2020, have reversed course and now favor Mr. Trump by 14 points. Young women, meantime, backed Mr. Biden by 30 points, almost unchanged from 2020.\n\nThis dynamic holds true among black voters, with more black men trending toward the Republican Party. This may help explain why Ms. Harris is trailing Mr. Biden’s 2020 showing among black voters, who went 92% for Mr. Biden and 8% for Mr. Trump. In head-to-head surveys conducted in the past three weeks, Mr. Trump’s support among blacks has averaged 21%. His support from black voters may erode between now and November—especially if he continues to attack Ms. Harris as not really being black—but he seems likely to do better than he did four years ago.\n\nIf the Trump campaign can regain its balance and refocus on the issues, it may be able to halt Ms. Harris’s rise. The American people continue to believe that Mr. Trump can better manage inflation, the economy and the border. An economic downturn before November would further improve his chances.\n\nMs. Harris is also vulnerable because positions she took during her Senate years and 2020 presidential campaign—against fracking, for the Green New Deal and Medicare for all, likening Immigration and Customs Enforcement to the Ku Klux Klan—won’t play well in swing states. It remains to be seen whether her strategy of repudiating these stances will be enough to blunt the attack ads.\n\nMs. Harris had an opportunity to signal a move to the center by selecting Pennsylvania’s Josh Shapiro , governor of the most important swing state, as her running mate. Instead, she chose Minnesota’s Gov. Tim Walz, who has enacted a down-the-line progressive agenda in a safely Democratic state. Ms. Harris had reasons for her choice, likely including Mr. Walz’s reputation for loyalty and Mr. Shapiro’s strong pro-Israel stance, which progressives dislike. But if she loses Pennsylvania by a small margin and loses to Donald Trump, she’ll have no one to blame but herself.\n\nSubmit a Question to William Galston\n\nAs the Democratic National Convention approaches, what would you like to know? We invite you to submit your questions about the DNC, Harris campaign, policy discussions, and the broader implications for the political landscape: Name City/State By submitting your response, you consent to Dow Jones processing your special categories of information and are indicating that your letter may be edited and published by The Wall Street Journal editorial page. You are providing your email address and phone number so that the Journal may contact you to confirm facts, if necessary. We receive many more letters than we can publish, but we give them all due consideration. The Opinion department operates independently of the News department.\n\nThe ex-president's campaign adjusts to a new opponent. Photo: /Associated Press",
    "published": "2024-08-06"
  },
  {
    "source": "WSJ",
    "title": "What to Do With Your Money if You’re Worried About the Market",
    "summary": "The standard advice is to do nothing, but there are some exceptions",
    "link": "https://www.wsj.com/personal-finance/stock-market-selloff-portfolio-d47d4c59?mod=Searchresults_pos12&page=36",
    "content": "A global market rout like the one on Monday is enough to make even the most Zen investors a little anxious about their money.\n\n​​The Dow Jones Industrial Average dropped more than 1,000 points Monday, rattling investors after several months of relative calm. Some of the year’s biggest winners led the declines in stocks, with Nvidia, Amazon and other technology companies among the day’s losers.\n\nSuch a broad decline makes the standard advice from your portfolio manager and financial adviser—do absolutely nothing—awfully unsatisfying. It is also hard to do. There are reasons to be anxious about the economy, including a job market that shows signs of cooling, sluggish consumer spending and rising geopolitical instability.\n\nStill, keep in mind that our portfolios are, ideally, set up to weather ups and downs. Better to stick to a plan than act impulsively.\n\n“If you’re tweaking based on today’s decline, you’re doing it all wrong,” said Noah Damsky , a financial adviser in Los Angeles.\n\nThough doing nothing is often the right move when markets drop, there are some exceptions. Investors can use a market selloff as an opportunity to lower their future tax bills or to invest extra cash parked in savings.\n\nRoth conversion\n\nA steep drop in stock prices can boost the tax advantages of financial moves that you may already have in the works.\n\nOne is a lighter tax hit when converting a traditional retirement account into a Roth IRA or Roth 401(k). With a Roth, investors get spared having to pay taxes on future investment gains, but the upfront tax bill can be steep because the converted balance counts as taxable income that year.\n\nWhen stock prices fall, the tax bill for the conversion often falls too. If one day you had a $50,000 portfolio in a pretax retirement account, turning it into a Roth would require paying taxes on that money now at your regular income-tax rate. But if, a couple of days later, the value of those investments dropped to $45,000, it would now be cheaper to convert it to a Roth.\n\nInvestors should be careful about converting an amount of money that would push them into a higher tax bracket, which would make the move more costly, said Kelley Long , a financial planner in Tucson, Ariz.\n\nThe Dow Jones Industrial Average dropped more than 1,000 points Monday, rattling investors after several months of relative calm. Photo: Michael Nagle/Bloomberg\n\nTax-loss harvesting\n\nAnother tax move: Use the selloff to dump lackluster investments in taxable accounts and harvest those losses.\n\nIf you sell stocks you bought for $10,000 for $9,000, that $1,000 loss can offset other capital gains. If you then sold another stock at a $1,000 gain, the two would cancel each other out and you wouldn’t owe any taxes.\n\nThese losses can help offset taxable gains in the same year or be banked for later. In fact, the losses can be used at any point during your lifetime.\n\n“When you have these extraordinary circumstances, you don’t want to waste the opportunity,” said Jude Boudreaux , a financial planner in New Orleans.\n\nIf you have underperforming investments that you don’t expect will improve much, you should be selling anyway—the tax benefit is a sweetener, said Timothy Wyman , a financial planner and lawyer in Southfield, Mich. “It gives you an excuse to do the right thing and get out of an underperforming area,” he said.\n\nIn addition to using losses to offset gains, you might be able to save on taxes by using any extra losses, up to $3,000, to offset ordinary income on your tax return.\n\nTaking cash off the sidelines\n\nThe selloff could also let you put some cash to better use.\n\nRetail investors have about $2.5 trillion parked in money-market funds, according to the Investment Company Institute. If there is money they won’t need until years in the future, they would be wise to consider deploying it into longer-term investments in stocks or bonds. Though not necessarily all at once.\n\nOne strategy is to invest in smaller amounts at regular intervals, said Francisco Ayala , a financial planner in Phoenix. He suggested investing 10% of the cash a week for 10 weeks rather than in one chunk.\n\nPeople also leave cash uninvested in retirement accounts. Savers lose out on more than $172 billion a year in retirement wealth as a result, according to estimates from a recent study by Vanguard Group.\n\n“Right now is a great time to make sure you don’t have extra cash laying around in your 401(k),” said Matt Fizell , a financial planner in Madison, Wis. “If you’re five or more years out from retirement, it’s unlikely you’ll need liquidity in this type of account,” he said.\n\nThis explanatory article may be periodically updated.\n\nWrite to Joe Pinsker at joe.pinsker@wsj.com, Ashlea Ebeling at ashlea.ebeling@wsj.com and Veronica Dagher at Veronica.Dagher@wsj.com",
    "published": "2024-08-06"
  },
  {
    "source": "WSJ",
    "title": "KKR Founders Sued for Allegedly Getting Giant Payday for No Work",
    "summary": "Lawsuit adds to legal scrutiny of arcane tax deals benefiting private-equity heavyweights",
    "link": "https://www.wsj.com/finance/kkr-founders-face-suit-alleging-they-got-giant-payday-for-no-work-97ab72d8?mod=Searchresults_pos20&page=45",
    "content": "The suit names Henry Kravis, left, and George Roberts as defendants, along with current KKR co-CEOs, other board members, and the company itself.\n\nWhen Henry Kravis and George Roberts handed off the day-to-day management of private-equity firm KKR KKR 0.64 %increase; green up pointing triangle to their successors in 2021, the two billionaires netted shares now worth more than $650 million.\n\nA new lawsuit is accusing the company of paying Kravis and Roberts but getting nothing in return. Their windfalls came from a complicated financial structure that has netted billions of dollars for other company founders and dealmakers in similar transactions.\n\nAdvertisement\n\nA spokeswoman for KKR said the deal offered substantial benefits to shareholders. The firm said the lawsuit is legally deficient and mischaracterizes the transaction. KKR expects to move to dismiss the suit, she said.\n\nThe shareholder suit filed by a Steamfitters union local pension fund is one of a string of legal actions that are steadily gaining momentum in Delaware courts that could force many private-equity executives to hand back the payouts. Already, a healthcare company has agreed to pay $71 million to settle a similar lawsuit and judges have issued decisions in other cases that have largely been favorable to plaintiffs.\n\nThe KKR suit takes aim at a payment allegedly tied to a tax receivable agreement, or TRA. TRAs are typically combined with specific corporate structures to create and share potentially valuable tax assets between the company and their early investors.\n\nWhile TRAs are increasingly common, they have also become controversial and prompted a raft of lawsuits against private-equity firms and some of their portfolio companies. Instead of the deals resulting in the tax benefits for the public companies, plaintiffs allege, boards have sometimes used the agreements to largely benefit the early investors, regardless of whether they create anything of value.\n\nPrivate-equity firm KKR expects to move to dismiss the suit, a spokeswoman said. Photo: Sarah Blesener for WSJ\n\n“This case is about two Wall Street titans who wanted to enrich themselves and their fellow private unitholders because their peers had done so,” the complaint, filed in the Delaware Court of Chancery and made public Tuesday, alleges.\n\nThe union pension fund’s suit names Kravis and Roberts as defendants alongside current KKR co-Chief Executives Scott Nuttall and Joseph Bae , other board members and the company itself. The suit is similar to other litigation undertaken against rivals Apollo Global Management and Carlyle Group, as well as website host GoDaddy.\n\nThe cases are at various stages progressing through the Chancery courts, though judges have issued several decisions favoring plaintiffs in other cases.\n\nHealthcare company Premier agreed to settle a TRA-related suit brought by the same group of plaintiffs’ lawyers for $71 million earlier this year. A judge ruled another case involving a $344 million payment made to Carlyle founders and employees could proceed earlier this year. A case challenging a decision by GoDaddy’s board to pay $850 million to early investors, including KKR, for obligations the company valued on its own books at $175 million, was allowed to proceed last year.\n\nSpokeswomen for Carlyle and GoDaddy declined to comment on ongoing litigation.\n\nThe cases do have distinctions between them, however, prompting pushback from some of the firms.\n\nApollo, for example, said in a filing that payments to its founders reflected that the firm had made significant TRA payments to rights holders in prior years and that some rights holders were relinquishing their control of the firm. Apollo’s lawyers also said the transaction had been negotiated at length by a conflicts committee of independent directors that concluded the payments were appropriate, and negotiated down from what the co-founders had initially requested.\n\nTRAs are deals between companies and early investors that help companies save on their corporate income taxes. The savings are generated when early, pre-IPO investors sell their stakes on the public markets.\n\nA case challenging the decision by GoDaddy’s board to pay $850 million to early investors was allowed to proceed last year. Photo: Tiffany Hagler-Geard/Bloomberg News\n\nMost of the recent controversies around TRAs involve instances where company boards decided to pay early investors large amounts of money even in cases where the investors didn’t make the sales that create the tax assets, or didn’t make an amount commensurate with the payments from the companies. In many of these cases, several board members themselves stood to benefit from the payments the board authorized.\n\nThe suit against KKR alleges that Kravis and Roberts initially sought 8.5 million new shares worth over $500 million at the time as payment for themselves and other TRA rights holders as part of a 2021 corporate reorganization of the firm. They got the shares despite the fact that neither man had ever sold a share that would generate a tax asset for the company.\n\nInstead, KKR’s advisers determined the payment could be treated as compensation for Kravis and Roberts potentially giving up special shares controlling the company in future years.\n\nThe lawsuit alleges that the shift was little more than a “rebranding” of the TRA payout. References to “TRA termination payments” were struck through at several points in board materials, though the payment itself was unchanged, the lawsuit alleges.\n\nThe pivot during the reorganization also opened up another avenue for Kravis, Roberts, Bae and Nuttall to receive more stock at the expense of other shareholders, the plaintiffs allege.\n\nDuring the reorganization, the four men received an additional 3.3 million shares in unowned stock that had been forfeited by employees who left the firm before their benefits vested. The shares were worth more than $200 million at the time.\n\nWrite to Ben Foldy at ben.foldy@wsj.com",
    "published": "2024-08-06"
  },
  {
    "source": "WSJ",
    "title": "Microcredit Pioneer Muhammad Yunus to Lead Caretaker Bangladesh Government",
    "summary": "Role marks a change in fortunes for the economist, who faced legal proceedings under the government of Sheikh Hasina",
    "link": "https://www.wsj.com/world/asia/microcredit-pioneer-muhammad-yunus-to-lead-caretaker-bangladesh-government-f7afa348?mod=Searchresults_pos11&page=194",
    "content": "The Nobel Peace Prize winner Muhammad Yunus , a widely respected microcredit pioneer, was chosen Tuesday to lead Bangladesh’s caretaker government after Prime Minister Sheikh Hasina resigned following weeks of violent protests and fled the country.\n\nThe appointment was decided Tuesday in talks between the president, armed-forces chiefs and more than a dozen student protest leaders, said Bangladesh’s news agency, citing the president’s press secretary. The executive director of the Yunus Center, Yunus’s Dhaka-based development think tank, and a student leader confirmed the appointment.\n\nPolitical experts said Yunus will be a widely accepted choice within Bangladesh. He was awarded the Nobel Peace Prize in 2006 jointly with Grameen Bank, the microlender he founded in 1976 to make small loans to impoverished people. He was the choice put forward by student leaders, who said they wouldn’t agree to a military-led interim government.\n\nThe role marks a remarkable change in fortunes for the Bangladeshi economist, who fell afoul of Hasina more than a decade ago. She once called him a “bloodsucker.” He was ousted in 2011 as head of Grameen Bank. In recent months, he has faced legal proceedings under Hasina’s government.\n\n“He is the best choice,” said Ali Riaz, a professor of politics at Illinois State University. “Despite his persecution, in terms of his integrity, he didn’t compromise, he didn’t bow down, and he didn’t leave the country…. His dedication to the country cannot be questioned.”\n\nMosammat Taslima Begum, representing Grameen Bank, and Muhammad Yunus at a Nobel ceremony in 2006. Photo: John McConnico/AP\n\nThe army chief announced Monday that Hasina had resigned and that a temporary government would be formed until new elections could be held. India’s foreign minister said Tuesday that the country had received a request from Hasina to allow her to come to India “at very short notice.” She remains in India for now.\n\nIn public comments to news outlets, Yunus called the resignation a “second liberation day” for his country.\n\nYunus, 84 years old, was convicted of labor-related civil violations in January but was granted bail. In recent weeks, he was set to face fresh charges of embezzlement. Yunus has maintained he has committed no wrongdoing and was the target of a political vendetta.\n\nRights groups have said that an increasingly autocratic Hasina, the daughter of Sheikh Mujibur Rahman, the leader of Bangladesh’s independence movement, frequently targeted political opponents such as Yunus with legal proceedings.\n\nSome political experts trace Hasina’s animosity regarding Yunus to a perception that he could be a formidable political challenger. He moved briefly to set up a political party in 2007 in a public bid to clean up Bangladesh’s politics after winning the Nobel Prize.\n\n“He is a very important figure politically and internationally,” said Lamia Karim, professor of anthropology at the University of Oregon, Eugene. “That did not sit well with her.”\n\nTroops in Dhaka clearing an entrance to the prime minister’s residence on Tuesday. Photo: Mohammad Ponir Hossain/Reuters\n\nHasina had ruled continuously since 2009. She lost her grip on power as security forces became uncomfortable with a crackdown on protests against government job quotas that had turned violent.\n\nYoung people in Bangladesh are contending with a double-digit unemployment rate. They were angered by a court decision in June to reinstate a system to reserve a large number of civil-service jobs for family members of freedom fighters in the country’s independence struggle in 1971, a measure seen as favoring Hasina’s followers.\n\nGovernment officials, including Hasina, referred to the protesters as “terrorists” and “traitors.” In one instance that helped galvanized public anger against her, Hasina used the word “razakar,” a reference to people who collaborated with Pakistan during the independence struggle.\n\nNewsletter Sign-up What’s News Catch up on the headlines, understand the news and make better decisions, free in your inbox daily. Enjoy a free article in every edition. Preview Subscribed\n\nFormer army generals on Sunday spoke out against the deployment of armed forces in city streets. More than 300 people have died in the protests since mid-July, and many more have been injured.\n\nRiaz said Yunus faces many challenges, in particular meeting the aspirations of a young people’s political movement that formed largely independently of the major political parties. In addition, he will have to repair the damage done to many of Bangladesh’s administrative institutions during Hasina’s rule, the Illinois State professor said.\n\n“In the past 15 years, the Hasina regime has decimated all the institutions in such a manner and put in her loyalists in such a way that the integrity of most of the institutions is gone,” Riaz said.\n\nYunus’s challenges will be economic as much as political once he returns from Paris, where he has been promoting the concept of social business at the Olympics.\n\nLarge crowds in Bangladesh stormed the residence of Prime Minister Sheikh Hasina, after she resigned following weeks of violent protests. Photo: Piyas Biswas/Zuma Press\n\nBangladesh has been regarded as an economic success story thanks in part to its global apparel exports. But the country has been struggling with a dearth of jobs for its young people, as well as inflation and diminishing foreign reserves.\n\nGlobal political and business leaders’ admiration for Yunus and his work could help in his efforts to shore up the economy.\n\nA crucial step to stabilizing the economy will be restoring law and order and depoliticizing law enforcement, said Karim, the University of Oregon professor.\n\n“The police were brought out to shoot at the protesters, and they did shoot—and there were counterattacks,” she said. “You have to be able to provide security to people so they can go to work, go to school, so that businesses can operate, so that our garment factories can go back to manufacturing. That’s the most important thing.”\n\nKrishna Pokharel contributed to this article.\n\nWrite to Tripti Lahiri at tripti.lahiri@wsj.com",
    "published": "2024-08-06"
  },
  {
    "source": "WSJ",
    "title": "wsj.com",
    "summary": "",
    "link": "https://www.wsj.com/business/energy-oil/why-californians-have-some-of-the-highest-power-bills-in-the-u-s-a831b60e?mod=Searchresults_pos10&page=130",
    "content": "",
    "published": "2024-08-06"
  },
  {
    "source": "WSJ",
    "title": "wsj.com",
    "summary": "",
    "link": "https://www.wsj.com/tech/ai/ai-is-coming-for-indias-famous-tech-hub-97261085?mod=Searchresults_pos11&page=93",
    "content": "",
    "published": "2024-08-06"
  },
  {
    "source": "WSJ",
    "title": "wsj.com",
    "summary": "",
    "link": "https://www.wsj.com/business/media/how-going-to-the-movies-is-changing-in-charts-745e7e78?mod=Searchresults_pos17&page=88",
    "content": "",
    "published": "2024-08-06"
  },
  {
    "source": "WSJ",
    "title": "wsj.com",
    "summary": "",
    "link": "https://www.wsj.com/business/its-getting-harder-for-companies-to-keep-politics-out-of-the-workplace-5e34a14e?mod=Searchresults_pos17&page=113",
    "content": "",
    "published": "2024-08-06"
  }
]