[
  {
    "source": "WSJ",
    "title": "An Alliance to Counter China’s Aggression",
    "summary": "The U.S. and its allies can isolate Beijing economically by forming a new trade-defense coalition.",
    "link": "https://www.wsj.com/opinion/an-alliance-to-counter-beijings-aggression-isolate-economically-trade-defense-coalition-371e2aa9?mod=Searchresults_pos9&page=126",
    "content": "China’s operating principle—power and might equals right—is evident in its combative diplomacy, military aggression against its Indo-Pacific neighbors, and economic coercion. These strategies, however, have backfired. China’s attempts to undermine its neighbors’ sovereignty have had the opposite effect. Over the past three years, the U.S. and its allies in the region have strengthened their partnerships and transformed the security landscape, isolating China.\n\nThe Biden administration has upgraded its arrangement of individual security partnerships, often called the “hub and spoke” alliance system, with an Indo-Pacific latticework of multilateral security, political and diplomatic partnerships. In the past year alone, two key partnerships have been formed: one between the U.S., Japan and South Korea, and another between the U.S., Japan and the Philippines.\n\nWe can further isolate China by confronting Beijing’s economic tactics, the area in which its determination to dominate is most apparent. It uses coercion, mercantilism and debt-trap diplomacy to crush competition and control countries. To punish neighboring nations for adopting stances that go against its wishes, China has boycotted them, imposed regulatory measures and created export restrictions. But China’s economic strategy provides the same opportunity for deterrence that its wolf-warrior diplomacy does on the political front.\n\nAustralia offers a valuable lesson in how to counter Beijing. After Canberra called for an independent inquiry into Covid’s origins in 2020, China imposed tariffs and trade restrictions on Australian coal, beef, barley, wine and other goods. By taking advantage of its network of allies, Australia expanded its markets and reduced its dependence on China. Refusing to capitulate, Australia ultimately forced Beijing to back down.\n\nLithuania rallied similar support from partners in 2021 when China used trade as a weapon against the Baltic state after Taiwan opened a trade office there. The incident prompted the European Union to adopt an Anti-Coercion Instrument, a toolbox of economic countermeasures. Australia’s and Lithuania’s responses provide a blueprint for the way forward.\n\nChina’s mercantilist strategy is as pernicious and persistent as its economic coercion. The country’s dumping of subsidized steel has triggered protests from the EU and even from nations friendlier to China like Brazil, Mexico and South Africa. Chile’s largest steelmaker, unable to compete with cheap Chinese imports, closed its plant in September, affecting some 20,000 people directly and indirectly. As China continues to export its domestic economic woes to the world, electric vehicles and critical minerals represent the next major battles.\n\nBeijing also uses debt-trap diplomacy to ensnare countries in its web. According to the Wilson Center, around 80% of Chinese government loans to developing countries have gone to nations in debt distress. Many nations that have borrowed from China to fund infrastructure projects have faced a Hobson’s choice of cutting domestic spending to repay loans or losing control of ports and rail networks. Sri Lanka experienced this in 2017, when it was forced to hand over control of a port to China after being unable to repay loans. The Kenyan president’s chief economic adviser highlighted in a tweet last year the African nation’s dilemma of having to choose between repaying loans and paying government employees: “Salaries or default? Take your pick.”\n\nPrinceton political scientist Aaron Friedberg argues a trade-defense coalition could reduce its members’ exposure to China. To be effective, such a coalition would need the economic equivalent of the North Atlantic Treaty Organization’s Article 5—an attack on one is an attack on all—at its core. Countries would support allies under economic assault with a unified response.\n\nCountermeasures would be critical. For example, updating the U.S.’s 1977 International Emergency Economic Powers Act for the digital economy and the Chinese challenges would provide a tool for deterring coercion and mercantilism.\n\nFurther, individual nations and institutions like the International Monetary Fund need to revamp and streamline their loan programs to assist recipient countries better. We should also proactively educate the public about the true costs of borrowing from China to prevent nations from signing away their sovereignty.\n\nChina has provided the free world with an opening. The U.S. must now further integrate economic statecraft into its wider strategic latticework architecture. This is what it did during the Cold War in its successful containment of the Soviet Union. Its “strong resistance” to Soviet expansionism, as U.S. diplomat George F. Kennan advocated in his famous 1946 Long Telegram, was accomplished through integrated political, security and economic policies.\n\nThe U.S. has started to turn the tables on China’s regional belligerence by exploiting the inherent weakness of its actions. By employing President Biden’s multilateral approach and adding new economic countermeasures, we can curtail China’s aggression. Most important, we can provide allies and friends in the developing world with the economic leadership necessary for these times.\n\nMr. Emanuel is U.S. ambassador to Japan.\n\nReview and Outlook: Mississippi Sen. Roger Wicker, the ranking Republican on the Senate Armed Services Committee, is pushing much higher defense spending to meet the growing threats from China, Russia, Iran and North Korea. Image: Mc2 Evan Mueller/US Navy/Zuma Press",
    "published": "2024-10-08"
  },
  {
    "source": "WSJ",
    "title": "Federal Deficit Hit $1.8 Trillion for 2024, CBO Says",
    "summary": "U.S. budget shortfalls fueled by interest costs, Social Security, Medicare",
    "link": "https://www.wsj.com/politics/policy/budget-deficit-national-debt-2024-079d8d13?mod=Searchresults_pos14&page=151",
    "content": "WASHINGTON—The U.S. budget deficit topped $1.8 trillion in the latest fiscal year, driven by higher spending on interest and programs for older Americans, as the government faces a persistent gap between federal outlays and tax collections.\n\nThe new data comes as Republican presidential nominee Donald Trump and Democratic pick Kamala Harris are both proposing new tax and spending plans that are estimated to add trillions more to the deficit over the next decade.\n\nWhoever wins the election will face immediate decisions next year about agencies’ spending levels, the federal debt limit and expiring tax cuts. That debate will be pulled one way by a future filled with projections of red ink and pulled the other by Americans who enjoy federal benefits and lower taxes.\n\nIn all, the government collected $4.92 trillion in revenue and spent $6.75 trillion, putting the deficit at $1.83 trillion for the year that ended Sept. 30, according to the Congressional Budget Office, which issued its estimates ahead of the official administration tallies expected later this month.\n\nThe deficit in 2023 was officially $1.7 trillion, but it was actually larger than that. That is because the government recorded more than $300 billion in spending for student-debt cancellation in 2022 and recorded a similar-size spending cut in 2023 when the Supreme Court blocked President Biden’s program.\n\nAfter making that adjustment, the deficit was slightly smaller in 2024 than in 2023. Overall, the deficit was 4% smaller than CBO had projected in June.\n\nThe largest federal entitlement programs—Social Security and Medicare—cost 6% more than they did in fiscal 2023, or even more when adjusting for the timing of some payments, according to CBO. The U.S. spent $950 billion on interest, up 34% from the prior year, mostly because of higher interest rates. Interest costs surpassed military spending.\n\nRevenue climbed 11%, driven in part by taxes that were pushed from fiscal 2023 to 2024 because of disasters in California and by the Internal Revenue Service pausing payments of the employee retention tax credit, a troubled pandemic-era program.\n\n“While the deficit is lower than it was last year, President Biden believes we need to reduce the deficit further by making the wealthy and large corporations pay their fair share, and by reducing wasteful spending on special interests like Big Pharma,” said White House spokesman Jeremy Edwards.\n\nHouse Budget Committee Chairman Jodey Arrington (R., Texas) said the “Biden-Harris agenda of unbridled spending and record inflation has pushed our nation further along a completely unsustainable path.”\n\nThe latest deficit reading is about 6.4% of gross domestic product. The U.S. has run larger budget deficits before, both in dollars and as a share of GDP. But the country set those records during wars, economic crises and the coronavirus pandemic, not during a period like today’s low unemployment and solid growth.\n\nFormer President Donald Trump has proposed roughly $6.5 trillion in tax cuts, while Vice President Kamala Harris has proposed $4.2 trillion in cuts. WSJ’s Richard Rubin breaks down the very different tax plans from the two candidates. Photo Illustration: Xingpei Shen\n\nProjections show continued deficits for the foreseeable future and accumulated debt reaching record levels within a few years. That isn’t a crisis, economists say, but the U.S. fiscal situation is riskier now.\n\nCongress has missed opportunities to act and should move soon to make Medicare more efficient and make Social Security benefits less generous than projected, said Romina Boccia, director of budget and entitlement policy at the Cato Institute, which favors smaller government.\n\n“Any fiscal plan that doesn’t address these programs is basically not addressing the root cause of higher spending,” she said.\n\nSHARE YOUR THOUGHTS Should policymakers be doing more to address the amount of federal debt? If so, what? Join the conversation below.\n\nPolicymakers in both parties often talk about reducing budget deficits, but they disagree sharply on how to do so. They have in recent years agreed to limit spending by federal agencies. Those bipartisan deals haven’t touched Social Security and Medicare, though healthcare costs have grown more slowly than expected\n\nIndeed, both major-party candidates have promised to avoid benefit cuts in Social Security and Medicare. Harris is now proposing to expand Medicare to cover long-term home care, which would add to spending.\n\nTrump has called for some budget cuts and higher tariffs, but his proposed tax cuts far outweigh them. All estimates carry uncertainty, but Trump’s fiscal proposals would increase budget deficits by $7.5 trillion beyond what would happen if Congress does nothing, according to an analysis from the Committee for a Responsible Federal Budget, or CRFB, which favors deficit reduction.\n\nIn addition to extending expiring tax cuts, Trump has proposed eliminating taxes on tips, overtime pay and Social Security benefits. Although he has called for closing the Education Department and rescinding some clean-energy tax credits, his missile-defense and mass-deportation programs would add costs.\n\nDemocrats, including Harris, say they will use tax increases on top earners and corporations to pay for new programs and reduce deficits. But the CRFB estimated that Harris’s proposals would increase deficits by $3.5 trillion.\n\nProgressives are focused on the expiration of many of Trump’s 2017 tax cuts next year as a crucial moment for fiscal policy changes, and they are advocating finding new taxes to pay for any extensions.\n\n“The first real opportunity right now to make progress on this front is not digging this hole deeper,” said David Kamin, who was a White House aide to President Biden and former President Barack Obama . “Next year looks like a good year to move toward a more sustainable trajectory and to pay for extension of the tax cuts.”\n\nHarris has called for extending the tax cuts for households making below $400,000, and she has endorsed a larger child tax credit and new affordable-housing and healthcare initiatives. Paying for those programs—and getting Congress on board—would be challenging if she wins, particularly if Democrats don’t hold the House and Senate. She supports many of President Biden’s proposed tax increases, which would raise levies on corporations and high-income households; Republicans oppose them and warn that they would constrict economic growth.\n\nWrite to Richard Rubin at richard.rubin@wsj.com",
    "published": "2024-10-08"
  },
  {
    "source": "WSJ",
    "title": "Exclusive | Mexico Wants to Curb Chinese Imports With Help From U.S. Companies",
    "summary": "Government seeks to strengthen domestic supply chains amid rising trade tension between Washington and Beijing",
    "link": "https://www.wsj.com/economy/trade/mexico-wants-to-curb-chinese-imports-with-help-from-u-s-companies-bf169302?mod=Searchresults_pos10&page=26",
    "content": "Mexico’s government initiative also aims to reduce the risk of supply-chain disruptions and take advantage of Mexico’s proximity to U.S. markets.\n\nThe proposed measures will be focused primarily on China, Mexico’s longstanding rival in the global race to attract investment in manufacturing.\n\nMexico wants to reduce its dependence on imports from China and is asking some of the world’s biggest manufacturers and tech firms operating in the country to identify Chinese products and parts that could be made locally.\n\nMEXICO CITY—Mexico wants to reduce its dependence on imports from China and is asking some of the world’s biggest manufacturers and tech firms operating in the country to identify Chinese products and parts that could be made locally.\n\nThe administration of leftist President Claudia Sheinbaum , who took office last week, wants U.S. carmakers and semiconductor manufacturers as well as global giants in the aerospace and electronics sectors to substitute some goods and components manufactured in China, Malaysia, Vietnam and Taiwan, said Deputy Trade Minister Luis Rosendo Gutiérrez.\n\n“We want to focus on supporting our domestic supply chains,” Gutiérrez said in an interview. Talks with foreign companies have been informal, he said.\n\nA cargo ship at Mexico’s Pacific port of Manzanillo. Photo: Fernando Llano/Associated Press\n\nThe proposed measures will be focused primarily on China, Mexico’s longstanding rival in the global race to attract investment in manufacturing, Mexican consulting firm Empra said in a note to investors on Friday.\n\n“The atmosphere in the U.S. has changed, there is a new consensus regarding greater protectionism,” said a government presentation seen by The Wall Street Journal that outlines some of Mexico’s trade and industrial priorities. “We are facing a trade war between the U.S. and China.”\n\nChina’s Foreign Ministry said in a statement to The Wall Street Journal: “Bilateral trade and cooperation between Mexico and China have brought tangible benefits to the people of both countries…Both sides should create favorable conditions for normal economic and trade interactions, as well as jointly maintain the stability of the global supply chain.”\n\nThe initiative comes as the Sheinbaum administration gears up for a review of the U.S.-Mexico-Canada Agreement in 2026. Consultations on the trade pact are set to begin in the second half of 2025, according to the document.\n\nThe talks among the three North American trading partners are expected to be more complex than in 2018 when the USMCA was signed to replace its forerunner Nafta, according to the presentation. Subjects to be discussed are expected to include trade with China and requirements for increased North American content in goods imported tariff-free into the U.S.\n\nU.S. legislators and industry groups have raised concerns about China using Mexico as a back door to circumvent U.S. import tariffs. Mexican officials say that there is no evidence supporting such claims. “Mexico isn’t a springboard from Asia to the U.S.,” Gutiérrez said.\n\nChinese high-tech goods have flooded the global economy this year. The U.S. and Canada imposed tariffs on imports of Chinese electric vehicles, steel and aluminum to protect domestic manufacturing. Chinese officials have said that the country’s electric vehicles, solar panels and other products are simply better and cheaper than those made in the West.\n\n“This isn’t an issue about China, but rather about the evolution of the Mexican economy,” said César Fragozo , executive vice president of China Chamber Mexico, a binational industry group that represents Chinese companies in Mexico and Mexican exporters to China.\n\nWhereas 15 years ago, Mexico imported cheap finished goods from China such as toys, now it brings in billions of dollars of sophisticated components for various industries, he said.\n\n“We believe that it’s positive for Chinese firms to establish themselves in Mexico or to have co-investments with Mexican companies, and we agree that more domestic products should be purchased,” Fragozo said.\n\nMexico continued to expand its exports to the U.S. under the USMCA, and in 2023 it overtook China as the biggest foreign supplier of goods to the U.S., largely as trade disputes caused China to lose market share. But Mexico has struggled to attract new foreign investment from companies aiming to move production out of China in a process known as nearshoring.\n\nChina’s exports to Mexico have also risen steadily in recent years to reach 20% of total imports, according to Mexican government data. About 70% of Mexico’s imports from Asia, primarily Chinese goods and components, are brought in by about 50 foreign companies operating in Mexico, Gutiérrez said. Half of them are U.S. firms in the automotive, semiconductor and aerospace industries.\n\nClaudia Sheinbaum took office last week as president of Mexico. Photo: Sashenka Gutierrez/Shutterstock\n\nMexico’s government initiative also aims to reduce the risk of supply-chain disruptions and take advantage of Mexico’s proximity to U.S. markets, he said.\n\n“While this needs to make sense case by case, substituting Chinese imports with Mexican inputs strengthens a more integrated North American trade network,” said Pedro Casas Alatriste, general director of AmCham Mexico, the industry group that represents more than 1,400 U.S. firms operating in Mexico. The initiative can also boost competitiveness by ensuring a reliable supply chain for U.S. manufacturers and enhance North America’s position in the global economy, he said.\n\nOne person familiar with the government’s plan said that some companies haven’t agreed to any specific goal around import substitution and that discussions are part of the Economy Ministry’s aspirations to strengthen domestic supply chains in key sectors such as the semiconductors industry.\n\nAnother executive at one of the firms approached by Mexican authorities said there is one big challenge: Mexico lacks basic infrastructure to substitute some high-end Chinese goods and components. That includes securing enough water and electricity to power up industrial parks.\n\nTaiwan’s Foxconn is building a plant in Ciudad Juárez, northern Mexico. Photo: Jose Luis Gonzalez/Reuters\n\nIt can also take decades for Mexico to develop local supply chains, said Jorge González Henrichsen, co-chief executive of the Nearshore Company, which helps foreign manufacturing firms operate in Mexico through its network of 16 industrial plants.\n\n“On paper, import substitution sounds great. But execution is a big question mark, given the vast resources and specialized skill sets needed and the time it would take,” he said.\n\nSince the signing of Nafta three decades ago, Mexico’s industrial sector has been radically transformed. Its low-wage assembly plants known as maquiladoras paved the way for the emergence of manufacturing hubs that made the country one of the world’s top exporters of vehicles, beer and flat-panel televisions.\n\nBut in the manufacturing of high-definition TV sets, for example, Mexico makes the low-value packaging and molded plastic or metal casings, while the priciest parts such as the thin glass panels are made in Asia.\n\n“Mexico, like North America, needs to produce more than it consumes, as we are relying too much on basic products from China for our homes,” Mexico’s Finance Minister Rogelio Ramírez de la O said earlier this year. He was recently ratified in his post by Sheinbaum.\n\n“Mexico has to do its own review because we buy $119 billion of goods a year from China and sell $11 billion to them,” he said.\n\nJosé de Córdoba contributed to this article.\n\nAdvertisement\n\nWrite to Santiago Pérez at santiago.perez@wsj.com",
    "published": "2024-10-08"
  },
  {
    "source": "WSJ",
    "title": "Application error: a client-side exception has occurred",
    "summary": "",
    "link": "https://www.wsj.com/articles/cost-of-producing-green-hydrogen-makes-it-prohibitive-says-study-e6397da4?mod=Searchresults_pos12&page=123",
    "content": "Application error: a client-side exception has occurred (see the browser console for more information).",
    "published": "2024-10-08"
  },
  {
    "source": "WSJ",
    "title": "What’s Going On With the Unemployment Rate?",
    "summary": "Social Security Disability Insurance has become a supplemental unemployment fund over the past few decades.",
    "link": "https://www.wsj.com/opinion/jobs-report-bls-unemployment-rate-disability-6a36f24c?mod=Searchresults_pos5&page=87",
    "content": "A hiring sign outside a Chipotle restaurant in New York, Aug. 8. Photo: Yuki Iwamura/Bloomberg News\n\nWilliam Beach and Erica Groshen ’s op-ed “Can We Still Trust the Unemployment Rate?” (Oct. 4) is informative and important. Another important but overlooked issue is how Social Security Disability Insurance has become a supplemental unemployment fund over the past few decades, as a way to assist people who lose work in economically disadvantaged areas.\n\nFurther, the unemployment number has been distorted for years by the practice of striking people off the list after a set amount of time. If we really want to know how many people are unemployed, we should count for however long a person capable of working and wishing to work is unemployed, even if he or she is no longer receiving benefits.",
    "published": "2024-10-08"
  },
  {
    "source": "WSJ",
    "title": "China Slaps Provisional Tariffs on EU Brandy Imports, Hurting Drinks Stocks",
    "summary": "Remy Cointreau fell as much as 9%, while Pernod Ricard was down more than 4%. LVMH dropped almost 7%",
    "link": "https://www.wsj.com/world/asia/china-imposes-tariffs-on-eu-brandy-imports-cd0da0a0?mod=Searchresults_pos1&page=59",
    "content": "The move marks the latest tit-for-tat in a trade relationship between China and the European Union that has become increasingly confrontational.\n\nEuropean distillers such as Remy Cointreau, Pernod Ricard, and LVMH have seen their shares decline due to the tariff announcement.\n\nThe move comes in retaliation to the EU's decision to impose duties on China-made electric vehicles.\n\nChina said it would impose provisional tariffs on brandy imports from the European Union, deepening tensions between the two trading powers and sending shares in European distillers sharply lower.\n\nThe move reverses China’s previous stance just days after the European Union decided to impose duties on China-made electric vehicles and marks the latest tit-for-tat in a trade relationship that has become increasingly confrontational.\n\nThe Chinese commerce ministry said Tuesday that the tariffs would range from 30.6% to 39.0% and take effect on Friday, a U-turn on its decision in August to temporarily hold back the measures despite saying it found evidence of dumping.\n\nIn a separate statement Tuesday, the ministry also said it is continuing to look at raising import duties on large-engine gasoline vehicles from the EU, many of which are made in Germany. China is a major market for many European carmakers, several of which have come out publicly against the EV tariffs.\n\nThe ministry’s announcements come after EU member states voted Friday to impose tariffs of up to 45% on EVs made in China for the next five years, in a move aimed at protecting European carmakers amid rising competition with their Chinese counterparts.\n\nChina’s plans for brandy tariffs hurt shares in European distillers, which have been under pressure this year as the industry navigates a demand slowdown.\n\nShares in Remy Cointreau RCO 0.76 %increase; green up pointing triangle —maker of Remy Martin cognac—fell as much as 9%, while French peer Pernod Ricard RI -0.35 %decrease; red down pointing triangle —which houses Martell liquor—dropped more than 4%. Luxury conglomerate LVMH—home to Hennessy cognac—shed nearly 7% and later recovered. Meanwhile, British spirits group Diageo and Italian Aperol maker Davide Campari-Milano traded down more than 1%.\n\nThe threat of levies has been a source of concern for investors in European liquor makers since the Chinese government launched an antidumping investigation in January. Analysts consider Remy Cointreau and Pernod Ricard as particularly exposed, given that brandy accounts for a larger share of their sales compared with peers Diageo or Campari.\n\nThe European spirits sector is a collateral victim of a broader trade conflict, as China’s decision is a reaction to the EU’s vote on EV tariffs, industry association spiritsEurope said.\n\nChina is a major destination for European spirits and the decision means exporters will face a significant financial burden when selling to the country, the industry group said. The association called on the European Commission—the EU’s executive arm—to make efforts to find a negotiated solution with Chinese authorities, it added.\n\nAn industry body that represents France’s cognac industry, known as BNIC, separately said the impact of the tariffs would be catastrophic.\n\nNews of the tariffs comes at a time liquor makers are trying to boost sales in China after a boom during the pandemic ended, with demand weakening amid a sluggish property market and subdued consumer sentiment.\n\n“The measure puts a lot of pressure on the cognac industry,” Stifel consumer analyst Cedric Lecasble said. “In the current economic context, Chinese consumers are more careful with their spending and prefer to save money,” he said.\n\nEditors in Singapore contributed to this article.\n\nAdvertisement\n\nWrite to Andrea Figueras at andrea.figueras@wsj.com",
    "published": "2024-10-08"
  },
  {
    "source": "WSJ",
    "title": "New Book Reveals Trump’s Putin Calls and Russian Nuclear Threats",
    "summary": "Journalist Bob Woodward’s ‘War’ sheds new light on global leaders and high-stakes conflicts",
    "link": "https://www.wsj.com/business/media/bob-woodward-book-war-trump-putin-3411d928?mod=Searchresults_pos2&page=61",
    "content": "President Biden described Israeli Prime Minister Benjamin Netanyahu as a “son of a bitch.” There was a real threat of Russia using nuclear weapons in its war with Ukraine. Former President Donald Trump had as many as seven phone calls with Russian President Vladimir Putin after Trump left the White House.\n\nJournalist Bob Woodward ’s new book “War,” is loaded with such revelations about some of the most powerful political figures in the world. The book, which Simon & Schuster plans to publish on Oct. 15, offers a window into Biden and Trump’s thoughts and actions on the global stage and includes new details on global conflicts.\n\nThe White House declined to comment on specific anecdotes listed in the Woodward book, including the details about Trump’s post-presidency calls with Putin. “It’s very common for books to be written about this administration and others so I’ll leave others to speak to that,” White House spokeswoman Emilie Simons told reporters aboard Air Force One Tuesday.\n\nSimon & Schuster plans to publish the book on Oct. 15. Photo: Simon & Schuster/AP\n\nIn a statement, Trump spokesman Steven Cheung said, “None of these made up stories by Bob Woodward are true.” He added, “President Trump gave him absolutely no access for this trash book that either belongs in the bargain bin of the fiction section of a discount bookstore or used as toilet tissue.”\n\nWoodward, in a note to readers at the end of the book, said that President Biden and former President Trump “declined to be interviewed.” Hundreds of hours of interviews with “firsthand participants and witnesses to these events” had shaped the book, he wrote.\n\nWoodward has written 22 previous bestsellers, including “Fear” in 2018, “Rage” in 2020 and “Peril” with Robert Costa in 2021, according to Simon & Schuster. Woodward dedicated the new book to Carl Bernstein, whom the author describes as “my lifelong friend and reporting partner.”\n\nSimon & Schuster describes the coming book as a “revelatory, behind-the-scenes story of three wars: Ukraine, the Middle East, and the struggle for the American Presidency.” The Wall Street Journal obtained a copy of “War” on Monday after CNN published a lengthy account of the book and hasn’t independently verified the claims.\n\n‘I’ll put a tweet out or something’\n\n“War” opens with rioters attacking the Capitol on Jan. 6, 2021. When then-President Trump was asked by Republican House Minority Leader Kevin McCarthy to take action as the crisis unfolded, Trump responded, “I’ll put a tweet out or something.”\n\nAfter McCarthy persisted, Trump said, “Well, Kevin, I guess these people are more upset about the election than you are.” Woodward reports it took Trump 187 minutes to send a tweet asking his supporters to “go home.”\n\nWoodward offers a frosty portrait of Biden’s regard for Trump. After winning the presidency, Biden “barely mentioned” Trump’s name, reports Woodward, preferring to describe him in public as “my predecessor. ” When speaking privately, Biden often referred to Trump as “that f—ing asshole.”\n\nBiden also had hard words for Benjamin Netanyahu , according to the book. The president’s frustrations with Israel’s prime minister were heightened in the spring of 2024, when Biden expressed his anger to one of his closest associates.\n\n“That son of a bitch, Bibi Netanyahu, he’s a bad guy. He’s a bad f—ing guy!” Biden said.\n\nWoodward reports that one former intelligence analyst specializing in Russian affairs believed that Trump idolized Putin, making him open to manipulation. During the outbreak of Covid-19 in Russia, Trump secretly sent Putin some Abbott Point of Care Covid test machines for Putin’s personal use.\n\nPutin then asked Trump never to mention it to anyone else, Woodward reports. “I don’t care,” Trump replied. “Fine.”\n\n“No, no,” Putin said. “I don’t want you to tell anybody because people will get mad at you, not me. They don’t care about me.”\n\nNuclear threat\n\nIn October 2021, the U.S. knew that Putin had a plan to invade Ukraine with 175,000 troops, Woodward reports. The author describes it as “an astonishing intelligence coup from the crown jewels of U.S. intelligence, including a human source inside the Kremlin.”\n\nWoodward also shares details from September 2022, when intelligence agencies reported that Putin was considering the use of tactical nuclear weapons as it struggled in its war with Ukraine. An intelligence assessment referenced in the book found that the chance of Putin deploying a nuclear weapon if troops were encircled by Ukrainian forces had gone from 5% to 50%.\n\nIn early October 2022, Biden said at a private fundraiser at the house of James Murdoch , son of media titan Rupert Murdoch , that “We have not faced the prospect of Armageddon since Kennedy and the Cuban Missile Crisis.” Murdoch controls a trust that holds the family’s substantial stake in News Corp, parent of the Journal.\n\nPutin “is not joking when he talks about the potential use of tactical and nuclear weapons or biological or chemical weapons,” Biden said.\n\nWoodward also describes conversations Defense Secretary Lloyd Austin had with Sergei Shoigu , Russia’s defense minister, in which he warned that should Russia use a nuclear weapon, “all the restraints that we have been operating under in Ukraine would be reconsidered.”\n\nBiden called on Chinese President Xi Jinping to speak out against the use of nuclear weapons. He did so publicly on Nov. 4, 2022.\n\nWoodward concludes that Xi’s comments, along with no catastrophic break in Russia’s forces in Ukraine, were enough to dial down the threat of a nuclear attack.\n\nKen Thomas and Vivian Salama contributed to this article.\n\nWrite to Jeffrey A. Trachtenberg at Jeffrey.Trachtenberg@wsj.com, Isabella Simonetti at isabella.simonetti@wsj.com and Robert Barba at robert.barba@wsj.com",
    "published": "2024-10-08"
  },
  {
    "source": "WSJ",
    "title": "Harris’s Fiscal ‘Sandwich’ Plan",
    "summary": "She pitches another new entitlement, this one for home healthcare.",
    "link": "https://www.wsj.com/opinion/kamala-harris-home-healthcare-entitlement-a1eb7102?mod=Searchresults_pos9&page=140",
    "content": "Kamala Harris in Washington, Oct. 7. Photo: nathan howard/Reuters\n\nCongratulations to Bill Whitaker of CBS for trying to pin down Kamala Harris on “60 Minutes” Monday on how she would pay for her many political promises. He couldn’t get a straight answer, but that was still revealing. Meanwhile, the Vice President raised the ante by pitching a new entitlement for home healthcare.\n\nThe Veep on Tuesday used a friendly interview on “The View” to lay out her plan to require Medicare to cover long-term home care for all seniors who can’t live independently. She said the new benefit would help the “sandwich generation” of Americans who take care of children and aging parents. She put no cost estimate on this new taxpayer obligation, but home care on average costs $288,000 a year, so you get the idea.",
    "published": "2024-10-08"
  },
  {
    "source": "WSJ",
    "title": "A Less Glamorous Group of Stocks Steps Into the Spotlight",
    "summary": "Earnings from the utilities, materials and industrials sectors could offer more signs of a broadening market rally",
    "link": "https://www.wsj.com/finance/stocks/a-less-glamorous-group-of-stocks-steps-into-the-spotlight-384f07b3?mod=Searchresults_pos8&page=154",
    "content": "Several low-key sectors have been leading the stock market higher in recent weeks. Their gains will soon be put to the test.\n\nThe S&P 500 has advanced 21% this year, driven higher in the first half of 2024 by tech titans and their artificial-intelligence ambitions. Since the start of the third quarter, a less glitzy group of sectors—including utilities, materials and industrials—has picked up the baton to broaden the market’s rally.\n\nThe coming earnings season could offer evidence of whether the widening advance is sustainable.\n\nWall Street expects earnings for the Magnificent Seven group of tech giants to rise 17.5% in the third quarter from a year earlier, compared with a 1.1% climb in profits for the rest of the S&P 500, according to John Butters , senior earnings analyst at FactSet. That would be the smallest earnings gap between the two groups since the first quarter of 2023.\n\n“The Magnificent Seven and their profits are decelerating from a pretty high base. The rest of the market, their earnings are accelerating,” said Lauren Sanfilippo , senior investment strategist at Bank of America’s Chief Investment Office. “So we’re looking for further confirmation on that point—that there’s more to this earnings durability than just tech.”\n\nOptimism about the economy has been helping fuel share gains across industries. Then last week, data showed gangbusters hiring in September, with the unemployment rate ticking down to 4.1%. Inflation, meanwhile, has been easing, and the port strike that threatened to disrupt supply chains and push prices higher is over.\n\nThe Federal Reserve’s supersize rate cut in September could also help keep powering the economy.\n\nFor the third quarter, companies in the S&P 500 overall are expected to report a fifth straight quarter of earnings growth, with profits projected to have climbed 4% from a year earlier, according to FactSet.\n\nSome of the country’s biggest banks and asset managers are due to report results this week, including JPMorgan Chase, Wells Fargo and BlackRock. Investors will also get fresh inflation data, which could influence the Fed’s path on interest rates.\n\nTech stocks overall are still expected to be top earnings contributors for the third quarter. The information-technology sector, home to Nvidia and Apple, is expected to report earnings growth of 15% from a year earlier. The communication services sector, which includes Meta and Alphabet, is forecast to post a 10% rise.\n\nHealthcare is expected to report earnings growth of 11%, while the real-estate and utilities sectors are forecast to report increases of 5% and 3.8%, respectively. The energy sector, which benefited from higher oil prices in the year-earlier quarter, is expected to log the biggest profit decline, down 24%.\n\nInvestors will be focused on what executives have to say about the escalating war in the Middle East and the presidential election in the U.S. Those are among the big variables that could influence how much of the rally’s broadening is at risk, said Lauren Goodwin , economist and chief market strategist at New York Life Investments.\n\nEarly reports suggest that companies are struggling with lower demand. FedEx shares fell 15% on Sept. 20, a day after it posted lower revenue and profit and cut its outlook. Nike shares tumbled 6.8% the day after it reported that revenue and profits fell, partly because it is getting too easy to score a pair of limited-edition sneakers.\n\nDisappointing results overall could make stocks look pricier. Companies in the S&P 500 are trading at 21.4 times their projected earnings over the next 12 months, compared with the 10-year average of 18.3, according to FactSet.\n\nWall Street appears upbeat for the year and is expecting S&P 500 companies’ profits to rise 10.2%, according to FactSet.\n\nMichael Arone , chief investment strategist at State Street Global Advisors, said he would be looking to see if other sectors are able to punch above their weight in the third quarter.\n\n“That would indicate to me perhaps that that expectation for the earnings growth gap narrowing will be the reality going forward,” Arone said.\n\nWrite to Hardika Singh at hardika.singh@wsj.com\n\nNavigating the Markets Coverage and analysis, selected by editors Get WSJ's Markets A.M. Newsletter",
    "published": "2024-10-08"
  }
]