[
  {
    "source": "WSJ",
    "title": "Kamala’s Economy Will Be Biden’s Economy",
    "summary": "Trump should ask her if she ever disagreed with the president’s economic policy.",
    "link": "https://www.wsj.com/opinion/kamalas-economy-will-be-bidens-economy-a6b5e632?mod=Searchresults_pos7&page=64",
    "content": "We take it as a self-evident truth that Joe Biden isn’t running again because his economic plan, Bidenomics, failed politically. Most Americans gave Mr. Biden little credit for his economic policies, blamed him for inflation, and still think Donald Trump will better manage the economy. Facing a loss, the Democrats dumped Mr. Biden for Kamala Harris. But what, really, has changed?\n\nOn economic policy, now and in the future, there is only one difference between Mr. Biden and Kamala Harris—22 years of age. Vice President Harris’s plan to solve what most voters identify as the country’s No. 1 issue is more of what Mr. Biden has done. Electing Ms. Harris will be re-electing Mr. Biden, with a daily dose of “joy.”\n\nA gripe among Republicans is that other than price controls on food, Ms. Harris is hiding her intentions behind a smile. That isn’t true. There is nothing hidden about her plan to govern as a familiar spend-and-tax Democrat.\n\nMs. Harris brags that she cast the tie-breaking vote for the Inflation Reduction Act, whose climate-related spending totaled some $370 billion. Much of that bill’s spending consists of tax credits, whose ultimate cost is unknowable but surely will push the price tag higher.\n\nDemocrats like Ms. Harris recognize growing public dissatisfaction with annual federal spending, so her own list of spending proposals has been rerouted into tax credits and subsidies, on the assumption that some voters think such tax benefits arrive from beyond the rainbow.\n\nHer best-known piece of backdoor spending is a $25,000 tax credit to cover the down payment costs for “first-time home buyers” (wait until the scammers get hold of that one).\n\nShe would make the existing child tax credit fully refundable and increase it for a child’s first year to $6,000 and to $3,600 for kids 1 to 6. She’d also expand the earned-income tax credit.\n\nThe housing plan she campaigned for last week features an array of federal subsidies. For housing developers, she’d expand the current low-income housing tax credit and create a new tax credit for building starter homes.\n\nThe Beltway term of art for measures like this is “tax expenditure.” A tax expenditure is a euphemism for an intended revenue loss to the U.S. Treasury. If enacted, Ms. Harris’s tax expenditures would effectively become mandatory federal spending, outside political control. The $25,000 home-buying credit would push prices higher.\n\nOne other Harris-Biden mirror image: Mr. Biden’s proposed spending plan for fiscal 2025 totals $7.3 trillion, nearly 25% of gross domestic product. One may assume Ms. Harris wouldn’t reduce that staggering outlay by one nickel.\n\nJust as the Biden spending blowout would slide seamlessly forward into a Harris presidency, the Harris campaign has been telling reporters recently that many of her ideas on taxes are discoverable in Mr. Biden’s 2025 budget proposal, which includes some $5 trillion in tax increases over 10 years.\n\nShe would push up the top rate on personal income to 39% and the net investment income tax, or Medicare surcharge, to 5%. Add that atop the typically high top marginal rates in blue states (13.3% in Ms. Harris’s California, 9.85% in Gov. Tim Walz’s Minnesota), and the total top rate would capture more than half of taxable income for many.\n\nSpeaking Wednesday in New Hampshire, Ms. Harris addressed capital-gains taxes in a way typical of her magic-trick rhetoric. While her campaign said she was stepping away from Mr. Biden’s plan to tax capgains at ordinary income rates, her proposed 33% rate—28% on capital gains, plus a 5% investment income-tax—is well above current levels. It would erode incentives to invest.\n\nMs. Harris also appears willing to pursue a longtime goal of the Democratic left that makes Project 2025 look like a preschool exercise: taxing unrealized capital gains. That is, if a 12-month gain existed only on paper, as with long-held stocks in a good year, wealthier individuals would still pay taxes on that figment.\n\nAnd of course, Ms. Harris would increase the corporate rate to 28% from 21%, beyond the European average of 21.3%.\n\nRepublicans of late have joined the tax-expenditure game. Trump running mate Sen. JD Vance said on “Face the Nation” that he and Mr. Trump would “love to see a child tax credit that’s $5,000 per child.” Mr. Trump himself has proposed eliminating taxes on Social Security benefits.\n\nMs. Harris is describing Mr. Trump’s intention to impose broad tariffs as a “national sales tax,” which takes some brass, considering her boss levied tariffs on Chinese goods, not least a 100% tariff on China’s electric vehicles. Mr. Biden imposed these tariffs in May, when Gallup reported that public confidence in his handling of the economy was 38%.\n\nMr. Trump has complained that ABC’s moderators won’t be fair to him in Tuesday’s presidential debate. One solution: Become his own moderator and put direct questions to Ms. Harris. The most relevant one out there couldn’t be simpler:\n\n“Ms. Harris, you are Joe Biden’s vice president. Can you tell me one way in which you disagreed with Mr. Biden on spending and taxes the past 3½ years? Why shouldn’t anyone believe your presidency would simply be more of the same?”\n\nWrite henninger@wsj.com.\n\nWrite to at Daniel Henninger",
    "published": "2024-09-04"
  },
  {
    "source": "WSJ",
    "title": "China Shores Up Ties With Africa Despite Slowing Economy and Friction Over Debt",
    "summary": "Xi Jinping rolls out the red carpet and promises of investment at a summit with his African counterparts",
    "link": "https://www.wsj.com/world/china-shores-up-ties-with-africa-despite-slowing-economy-and-friction-over-debt-94079613?mod=Searchresults_pos5&page=156",
    "content": "Chinese leader Xi Jinping is using a three-day summit with African leaders this week to solidify political and economic ties with the continent despite tensions over debt, several years of declining financing and broader concerns over China’s economy.\n\nXi’s call for solidarity and cooperation between developing countries is familiar, but he made it with greater urgency this week. “We stand shoulder to shoulder with each other to firmly defend our legitimate rights and interests as once-in-a-century changes sweep across the world,” he said, using a favored catchphrase signaling the rise of a multipolar world in which the U.S.-led West no longer dominates.\n\nHis remarks were made on Thursday at the Forum on China-Africa Cooperation, a regular summit that represents the first high level, in-person meeting between China and Africa since the pandemic. More than two dozen African leaders have made the trip to Beijing.\n\nChina has cast itself as a champion of developing countries, emphasizing the stability of its commitment and promoting its ideas of modernization, security and international relations. It has also sought African nations’ support for internationally contentious issues such as the status of Taiwan.\n\nA U.S.-backed railway connecting Angola to the Democratic Republic of Congo is part of a pushback against China’s Belt and Road initiative in Africa. The $1.7 billion Lobito Corridor project aims to secure vital mineral supply chains. Photo illustration: Kevin Gong\n\nThe African continent represents 54 votes at the United Nations and China recognizes that having the backing of so many countries looks good on the international stage, said Hannah Ryder, chief executive of Development Reimagined, an Africa-focused consulting firm.\n\nMany African leaders and citizens have been receptive to Beijing’s messaging and see China as a role model for its economic development and lifting hundreds of millions of people out of poverty. A Pew survey in 2024 found that the majority of respondents in Ghana, Kenya, Nigeria and South Africa thought China and its companies had a positive impact on their economy.\n\nAt the same time, high global interest rates and a longer-term decline in Western development aid have left many African countries with few alternatives to more Chinese funding. African leaders “want more engagement, not less,” said Ryder.\n\nSouth African President Cyril Ramaphosa , whose country has little Chinese debt but is Beijing’s largest trading partner in Africa, expressed admiration for Shenzhen’s transformation into a global technology hub during a visit to the Chinese city on Tuesday ahead of the summit.\n\n“As South Africa, we have important lessons to learn from Shenzhen,” Ramaphosa told local business leaders. “As we work to develop our economy, we value advice, support and technical assistance in planning, infrastructure and skills development.”\n\nA train en route to Luau, Angola. Chinese loans have transformed Africa’s infrastructure. Photo: Michael M. Phillips/The Wall Street Journal\n\nChina is Africa’s largest bilateral trade partner, with trade volumes reaching a historic high of $282 billion in 2023, up from $12 billion at the turn of the millennium.\n\nBut the balance is skewed toward China, for whom Africa makes up less than 5% of its global trade. While manufactured goods dominate China’s $173 billion in exports to Africa, the majority of Africa’s $109 billion in exports to China are commodities, including the minerals and metals needed for clean energy technologies such as batteries.\n\nAnalysts say that the trade deficit could grow in the short term, as Chinese manufacturers—now faced with a slowing economy at home and Western tariffs on electric vehicles, steel and other products—are looking to expand exports to middle-income and emerging countries.\n\nSome fear that efforts to unload some of China’s excess capacity could undermine African nations’ bid to move up the value chain from exporting raw materials to making finished goods. Some governments on the continent are exploring steps to keep more processing at home.\n\nIn a meeting with Xi on Monday, Ramaphosa said South Africa, a major exporter of gold, platinum and manganese, wanted to narrow its trade deficit with China and change the structure of the two countries’ commerce. “We urge for more sustainable manufacturing and job-creating investments,” he said.\n\nSouth Africa’s neighbor Zimbabwe last year imposed export bans on unprocessed lithium, effectively forcing Chinese companies to refine lithium there.\n\nXi said China is heeding these demands, pledging $51 billion in support over the next three years. He said China would invest more in the value-added sector, a reference to manufacturing and industrial processing. He also said China aimed to create at least one million jobs and accelerate training and education programs for people on the continent. China is already the second-most popular higher education destination for Africans after France and ahead of the U.S.\n\nIn recent years Chinese officials have rejected claims by Western governments that infrastructure loans under the Belt and Road Initiative pushed African nations into a “debt trap,” pointing to the debts the same countries took on by selling bonds to Wall Street investors. Nevertheless, Chinese state banks have cut back on lending to governments on the continent amid worries about the risk to their balance sheets from more African governments defaulting on their debts.\n\nXi Jinping, center, applauds the leaders of Tanzania and Zambia after the signing of a memorandum of understanding. Photo: Zhai Jianlan/Zuma Press\n\nBoston University’s Global Development Policy Center says Chinese loans to African nations ticked up to around $4.6 billion in 2023, the first increase since 2016. But lending remains at less than a third of where it was in 2017 and 2018 after Beijing called for smaller, more strategic projects.\n\nOver the past year, Chinese banks have agreed with other international creditors to restructure loans to Zambia, Ghana and Ethiopia under a new debt-relief process set up by the Group of 20 nations. The so-called Common Framework requires governments to first negotiate debt write-downs with their government creditors and then seek comparable concessions from private creditors—including international banks and bondholders.\n\nThose deals came after years of delays that analysts say have likely put off other countries with high debts, including Kenya and Angola, from defaulting on their loans.\n\nA test case for China’s new engagement in Africa could be the continent’s energy transition, including investments in large solar farms and other renewable energy projects. In addition to reducing the use of fossil fuels, they could help bring electricity to millions of people who are currently off the grid.\n\nMost of those projects would be headed by private companies that could compensate for a fall in public financing, said Tang Xiaoyang, an international relations professor and member of the China Forum at Tsinghua University.\n\nThe Biden administration has sought to step up its involvement in Africa, including by pledging billions of dollars in investments in infrastructure projects, such as the Lobito Corridor, a railway line that traverses Angola from the Atlantic Ocean to the border of the Democratic Republic of Congo.\n\nSo far, however, efforts to increase America’s presence have been mixed. In 2023, the U.S. said it had closed deals worth an estimated $14.2 billion in trade and investment with African countries. But between 2021 and 2024, Washington also suspended a record eight African countries from the U.S. trade preference program, the African Growth and Opportunity Act, citing violations of human rights and democratic principles.\n\nThe U.S. is currently lagging behind China and India as the continent’s third trading partner, with the value of goods exchanged amounting to $67.5 billion in 2023, down more than half since 2008, according to the U.S. Census Bureau.\n\nRyder from Development Re-Imagined argues that Africa’s need for development is so big that it shouldn’t have to pick between joining with China and the U.S. Both countries could, for example, team up as financiers and developers of renewable energy projects, she said.\n\n“African leaders don’t want to choose between two superpowers,” she said. “They want to develop.”\n\nWrite to Sha Hua at sha.hua@wsj.com and Gabriele Steinhauser at Gabriele.Steinhauser@wsj.com\n\nU.S.-China Tensions Tracking the complicated relationship of the world’s two largest economies Podcast series: China Builds Influence With Infrastructure",
    "published": "2024-09-04"
  },
  {
    "source": "WSJ",
    "title": "For Volkswagen, the Bumpy Road to Electric Vehicles Starts to Hit Home",
    "summary": "Auto giant is considering cuts it has long avoided in Germany as it contends with tepid interest in a higher-cost technology",
    "link": "https://www.wsj.com/business/autos/for-volkswagen-the-bumpy-road-to-electric-vehicles-starts-to-hit-home-1e7f4a66?mod=Searchresults_pos13&page=151",
    "content": "Volkswagen had bet big on all-electric models such as the ID.4.\n\nVolkswagen’s VOW 0.56 %increase; green up pointing triangle suggestion that it might have to close a plant in Germany for the first time ever sets up a battle with its powerful union and highlights the mounting pressures on its namesake brand.\n\nThe carmaker’s bosses raised the prospect of a plant closure on Monday as it navigates an increasingly bumpy transition toward electric vehicles. The company said a “performance program” at its core Volkswagen brand that was agreed upon with union leaders last December would no longer be sufficient to hit profit targets, following a disappointing first half of the year.\n\n“The economic environment became even tougher, and new competitors are entering the European market,” said Chief Executive Oliver Blume in a statement.\n\nThe Volkswagen brand, the group’s largest in terms of sales, contributed less than 1/10th of total operating profit in the first half. Its margin was just 2.3%, or 3.6% excluding the costs of a severance program.\n\nOn Wednesday, Volkswagen management held a high-stakes meeting with employees at a vast hall within its Wolfsburg headquarters to give further details of the new savings plan.\n\nGroup Chief Financial Officer Arno Antlitz blamed the poor result squarely on the poor postpandemic recovery. “In Europe, two million fewer vehicles are currently sold than before Covid,” he said.\n\nHowever, a big bet on electric vehicles under former CEO Herbert Diess with products such as the ID.3 and ID.4 is another reason for today’s weak profitability, according to analysts.\n\n“There are plants dedicated to EVs that aren’t producing at the levels expected and costs are out of whack,” said Bernstein analyst Stephen Reitman.\n\nA few days before Volkswagen announced its December deal with the union, the German government unexpectedly canceled EV subsidies. The technology has struggled to win over fresh cohorts of buyers who may be wary of patchy public charging infrastructure and higher prices.\n\nEV sales in Germany, where Volkswagen is the market leader, fell by a fifth in the year through July, compared with the same period of 2023.\n\nWorkers at a Volkswagen plant in Zwickau, eastern Germany, assembling an EV in 2020. Photo: ronny hartmann/Agence France-Presse/Getty Images\n\nTo get the Volkswagen brand’s finances back on track, managers want to take more radical steps than were possible under the previous union deal, notably ending an agreement to rule out compulsory redundancies that has been in place since 1994.\n\nDaniela Cavallo , the union leader who heads Volkswagen’s works council, has vowed to fight the move, which is a prerequisite for any potential plant closure in Germany\n\n“Volkswagen’s ailment isn’t German plants or staffing costs; it is that management isn’t doing its job,” Cavallo told Wednesday’s employee meeting, according to prepared remarks of a speech streamed live by local media.\n\nIn an earlier interview with the company’s union newspaper, Cavallo blamed the brand’s poor performance on management missteps such as Diess’s dismissal of hybrids as a niche technology. Car buyers this year have gravitated toward hybrids as a way to get better fuel economy without the charging hassle and expense of an EV.\n\nUnderscoring the trend, Sweden’s Volvo Car separately Wednesday abandoned its target of having a fully electric lineup by the end of the decade, saying it was still likely to sell some hybrid models.\n\nThe face-off at Volkswagen is already attracting scrutiny in Berlin. On Tuesday, Germany’s economy and climate-protection minister, Robert Habeck , called for long-term thinking and “close coordination with social partners” at Volkswagen. He said the government was preparing tax relief for EVs as part of a new growth plan.\n\nVolkswagen can’t easily dial back its profit-sapping EV investments or production because its cars need to meet much stricter European emissions standards starting next year. Its fleet carbon emissions last year were 24.2% higher than they will need to be in 2025, according to data collated by Bernstein, compared with 19.6% for Mercedes-Benz and 9.7% for BMW.\n\nVolkswagen CEO Oliver Blume says Germany is falling further behind in manufacturing competitiveness. Photo: Johannes Neudecker/Zuma Press\n\nThe company also needs to compete with lower-cost, faster-moving Chinese EV makers, not just in China but increasingly in Europe too. Chinese manufacturers have a cost advantage of as much as 30%, according to industry estimates.\n\nIn the first half of this year, Volvo Car’s made-in-China EX30 overtook Volkswagen’s ID.3 and ID.4 in Europe’s EV sales rankings, according to data provider JATO Dynamics.\n\nBYD, the Chinese brand that last year overtook Volkswagen in China, is still a marginal player in Europe, but it is growing fast and spending lavishly. This summer it sponsored the high-profile Euro 2024 soccer tournament and last week agreed to buy its German distributor.\n\nWhile Volkswagen’s profitability in the first half was particularly weak, its performance has long been a drag on the group, which also includes lucrative luxury marques such as Porsche and Audi.\n\nOther mass-market brands owned by the group, such as Skoda and SEAT, based in the Czech Republic and Spain, respectively, have reported higher margins than Volkswagen itself in recent years.\n\nIn his statement, Blume noted that “Germany in particular as a manufacturing location is falling further behind in terms of competitiveness.”\n\nLabor costs in Germany are the highest in Europe, according to an analysis by the German Association of the Automotive Industry. A German auto worker cost roughly €62 an hour last year—equivalent to roughly $68.50—compared with €23 for a Czech worker and €29 for a Spanish one. In Hungary, where BYD is building a factory to avoid European Union tariffs, auto workers are paid only €16 an hour.\n\nGermany’s energy costs also have risen since the country lost access to cheap Russian pipeline gas as a result of the war in Ukraine.\n\nVolkswagen has a long history of resisting redundancies. In 1993, when the company was losing money in an economic slump, its management and union agreed to a four-day week as an alternative to a plan involving 30,000 job cuts.\n\nVeteran German stock analyst Jürgen Pieper expects the latest war of words that has broken out between Volkswagen’s management and union to end in some kind of compromise that again avoids closing plants. One option could be the sale of components businesses, he said.\n\n“The challenge for management is that this isn’t a full-scale crisis. Volkswagen just gets a little weaker every year.”\n\nVolkswagen has a long history of avoiding job cuts. Photo: Krisztian Bocsi/Bloomberg News\n\nWrite to Stephen Wilmot at stephen.wilmot@wsj.com",
    "published": "2024-09-04"
  },
  {
    "source": "WSJ",
    "title": "Kamala’s Economy Will Be Biden’s Economy",
    "summary": "Trump should ask her if she ever disagreed with the president’s economic policy.",
    "link": "https://www.wsj.com/opinion/kamalas-economy-will-be-bidens-economy-a6b5e632?mod=Searchresults_pos13&page=4",
    "content": "We take it as a self-evident truth that Joe Biden isn’t running again because his economic plan, Bidenomics, failed politically. Most Americans gave Mr. Biden little credit for his economic policies, blamed him for inflation, and still think Donald Trump will better manage the economy. Facing a loss, the Democrats dumped Mr. Biden for Kamala Harris. But what, really, has changed?\n\nOn economic policy, now and in the future, there is only one difference between Mr. Biden and Kamala Harris—22 years of age. Vice President Harris’s plan to solve what most voters identify as the country’s No. 1 issue is more of what Mr. Biden has done. Electing Ms. Harris will be re-electing Mr. Biden, with a daily dose of “joy.”\n\nYour browser does not support the audio tag. Opinion: Potomac Watch Analyzing Kamala Harris's 'Moderate' Tax Increase The Vice President is trying to put some political distance between her ideas and the Biden economy. But is her proposal for a nearly 40% increase in the capital gains tax rate really moderate? Plus, Joe Biden is set to block Nippon Steel's proposed takeover of U.S. Steel, and layoffs at the U.S. company are a likely result. Read Transcript 23:00 1x Add to Queue Explore Audio Center\n\nA gripe among Republicans is that other than price controls on food, Ms. Harris is hiding her intentions behind a smile. That isn’t true. There is nothing hidden about her plan to govern as a familiar spend-and-tax Democrat.\n\nMs. Harris brags that she cast the tie-breaking vote for the Inflation Reduction Act, whose climate-related spending totaled some $370 billion. Much of that bill’s spending consists of tax credits, whose ultimate cost is unknowable but surely will push the price tag higher.\n\nDemocrats like Ms. Harris recognize growing public dissatisfaction with annual federal spending, so her own list of spending proposals has been rerouted into tax credits and subsidies, on the assumption that some voters think such tax benefits arrive from beyond the rainbow.\n\nHer best-known piece of backdoor spending is a $25,000 tax credit to cover the down payment costs for “first-time home buyers” (wait until the scammers get hold of that one).\n\nShe would make the existing child tax credit fully refundable and increase it for a child’s first year to $6,000 and to $3,600 for kids 1 to 6. She’d also expand the earned-income tax credit.\n\nThe housing plan she campaigned for last week features an array of federal subsidies. For housing developers, she’d expand the current low-income housing tax credit and create a new tax credit for building starter homes.\n\nThe Beltway term of art for measures like this is “tax expenditure.” A tax expenditure is a euphemism for an intended revenue loss to the U.S. Treasury. If enacted, Ms. Harris’s tax expenditures would effectively become mandatory federal spending, outside political control. The $25,000 home-buying credit would push prices higher.\n\nOne other Harris-Biden mirror image: Mr. Biden’s proposed spending plan for fiscal 2025 totals $7.3 trillion, nearly 25% of gross domestic product. One may assume Ms. Harris wouldn’t reduce that staggering outlay by one nickel.\n\nJust as the Biden spending blowout would slide seamlessly forward into a Harris presidency, the Harris campaign has been telling reporters recently that many of her ideas on taxes are discoverable in Mr. Biden’s 2025 budget proposal, which includes some $5 trillion in tax increases over 10 years.\n\nShe would push up the top rate on personal income to 39% and the net investment income tax, or Medicare surcharge, to 5%. Add that atop the typically high top marginal rates in blue states (13.3% in Ms. Harris’s California, 9.85% in Gov. Tim Walz’s Minnesota), and the total top rate would capture more than half of taxable income for many.\n\nSpeaking Wednesday in New Hampshire, Ms. Harris addressed capital-gains taxes in a way typical of her magic-trick rhetoric. While her campaign said she was stepping away from Mr. Biden’s plan to tax capgains at ordinary income rates, her proposed 33% rate—28% on capital gains, plus a 5% investment income-tax—is well above current levels. It would erode incentives to invest.\n\nMs. Harris also appears willing to pursue a longtime goal of the Democratic left that makes Project 2025 look like a preschool exercise: taxing unrealized capital gains. That is, if a 12-month gain existed only on paper, as with long-held stocks in a good year, wealthier individuals would still pay taxes on that figment.\n\nAnd of course, Ms. Harris would increase the corporate rate to 28% from 21%, beyond the European average of 21.3%.\n\nRepublicans of late have joined the tax-expenditure game. Trump running mate Sen. JD Vance said on “Face the Nation” that he and Mr. Trump would “love to see a child tax credit that’s $5,000 per child.” Mr. Trump himself has proposed eliminating taxes on Social Security benefits.\n\nMs. Harris is describing Mr. Trump’s intention to impose broad tariffs as a “national sales tax,” which takes some brass, considering her boss levied tariffs on Chinese goods, not least a 100% tariff on China’s electric vehicles. Mr. Biden imposed these tariffs in May, when Gallup reported that public confidence in his handling of the economy was 38%.\n\nMr. Trump has complained that ABC’s moderators won’t be fair to him in Tuesday’s presidential debate. One solution: Become his own moderator and put direct questions to Ms. Harris. The most relevant one out there couldn’t be simpler:\n\n“Ms. Harris, you are Joe Biden’s vice president. Can you tell me one way in which you disagreed with Mr. Biden on spending and taxes the past 3½ years? Why shouldn’t anyone believe your presidency would simply be more of the same?”\n\nWrite henninger@wsj.com.\n\nWrite to at Daniel Henninger",
    "published": "2024-09-04"
  },
  {
    "source": "WSJ",
    "title": "Republican Liz Cheney Endorses Kamala Harris for President",
    "summary": "Former Wyoming representative cites the ‘danger that Donald Trump poses’ in backing Harris",
    "link": "https://www.wsj.com/politics/elections/republican-liz-cheney-endorses-kamala-harris-for-president-f30a5fda?mod=Searchresults_pos4&page=47",
    "content": "Liz Cheney co-chaired the House investigation into the 2021 Capitol riots while she was in Congress.\n\nLiz Cheney , a former congresswoman from Wyoming, broke from the Republican party on Wednesday by saying she plans to vote for Democratic nominee Kamala Harris in the 2024 presidential election.\n\nCheney, once a top-ranking Republican who co-chaired the House investigation into the Jan. 6, 2021, Capitol riots, was speaking Wednesday at a Duke University event. She cited “the danger that Donald Trump poses” in her decision to endorse Harris.\n\n“As a conservative, as someone who believes in and cares about the Constitution, I have thought deeply about this—and because of the danger that Donald Trump poses, not only am I not voting for Donald Trump, but I will be voting for Kamala Harris,” Cheney said, according to a video of her remarks posted on the social-media platform X. Her comments prompted applause in the crowd.\n\nCheney, whose father is former Vice President Dick Cheney , was one of Trump’s staunchest Republican critics. She was one of 10 Republicans who voted to impeach the former president for his actions related to the Capitol riots. Trump was later acquitted in the Senate.\n\nBut the decision proved detrimental to her political career. In 2022, Cheney lost the Republican primary in her state to water and natural-resources attorney Harriet Hageman, who had Trump’s support, ending her three-term run in Congress. Only two of the Republicans who voted to impeach the former president won their races against Trump-backed challengers.\n\nKamala Harris has established herself as a candidate who voters view largely in positive terms. Photo: John Tully/Getty Images\n\nCheney’s support for Harris is a sharp about-face from four years ago, when Cheney described then-vice presidential candidate in a tweet as “a radical liberal who would raise taxes, take away guns & health insurance, and explode the size and power of the federal [government].”\n\nFormer Illinois Rep. Adam Kinzinger , who was a Republican in Congress from 2011 to 2023 and was the only other Republican on the select committee investigating the Capitol attack, has also spoken in support of Harris.\n\n“I know Kamala Harris shares my allegiance to the rule of law, the Constitution, and democracy,” Kinzinger said at the Democratic National Convention last month. “And she is dedicated to upholding all three in service to our country.”\n\nIn the most recent Wall Street Journal poll, Harris had taken a narrow lead over Trump and established herself as a candidate who voters view largely in positive terms. Harris had 48% support to Trump’s 47% in a head-to-head test of the two candidates, according to the poll, which was conducted after the Democratic convention.\n\nCheney’s comments came in North Carolina, one of the battleground states that could hold outsize sway in the election outcome.\n\n“Because we are here in North Carolina, I think it is crucially important for people to recognize not only is what I’ve just said about the danger that Trump poses, something that should prevent people from voting for him,” Cheney said. “But I don’t believe that we have the luxury of writing in candidates’ names, particularly in swing states.”\n\nWrite to Victoria Albert at victoria.albert@wsj.com",
    "published": "2024-09-04"
  },
  {
    "source": "WSJ",
    "title": "Israel’s Ultra-Orthodox Jews Are at a Crossroads as Military-Draft Orders Arrive",
    "summary": "Push to enlist Israel’s Haredi Jews comes as the military struggles to boost its ranks while fighting a multifront battle",
    "link": "https://www.wsj.com/world/middle-east/israel-ultra-orthodox-jews-haredi-military-service-b74faaeb?mod=Searchresults_pos11&page=118",
    "content": "RAMAT GAN, Israel—Yechiel Wais was so excited to join the Israeli military that he couldn’t sleep the night before he went to a military enlistment site this week. The 19-year-old from an ultra-Orthodox family hoped to join an Air Force unit that loads munitions onto planes.\n\nAt a military recruitment center a few miles away, Shlomo Roth, also 19 and ultra-Orthodox, said he burned the last draft letter he received as he stood with a group protesting against the military’s enlistment of men from this self-secluding corner of Israeli society.\n\n“For us, being in the army is worse than death,” Roth said.\n\nIsrael’s ultra-Orthodox Jews, or Haredim as they prefer to be called, are at a critical juncture. So is the Israeli military, which, after a June Supreme Court ruling, is now aiming to draft some 3,000 Haredi men who had previously been exempted if they studied Jewish holy texts in religious seminaries full-time.\n\nDespite the interest shown by young men like Wais, most Haredi leaders fear the military is a melting pot that will pull ultra-Orthodox men into mainstream Israeli culture. The military might soon have to decide how to handle large-scale draft dodging at a time when its struggle for additional manpower has been exacerbated by the nearly yearlong war in Gaza.\n\nHaredi protesters shouted 'traitor' and tried to block soldiers from entering a military base in Ramat Gan.\n\nAbout 300 men from Haredi and religious backgrounds enlisted alongside Wais on Monday, a special day the military arranged for religious recruits. But most Haredim are still resisting draft, even with the deadline for their conscription expected by year’s end.\n\nIn mid-August, Israel’s military said only 48 of the first 900 ultra-Orthodox youths who received the court-mandated draft orders appeared at an induction center to complete their initial evaluations. In the past, most Haredi men would appear and receive an exemption, said Israel Cohen, a political commentator for a Haredi radio station. But the community is now hardening its position. Before the June court ruling only extremist fringes of Haredi society pushed men to avoid contact with the military, he said.\n\n“Today all of the Haredi mainstream says this,” he said, referring to rabbinical leadership that leads Israel’s various Haredi communities. “It is a de facto extreme step.”\n\nAdvertisement\n\nThe debate around Haredi enlistment comes as the military struggles to boost its ranks, stretched by fighting in Gaza, on Israel’s northern border with Lebanon and in an expanding front in the West Bank. Last month the military said it was recalling thousands of discharged reservists back into service, and the Defense Ministry is pushing legislation to increase mandatory-service minimums and reserve-duty commitments.\n\nThe push is also igniting long-simmering tensions between ultra-Orthodox society and the largely secular Israeli state. Haredi communities argue they contribute to Israel’s Jewish soul and provide protection through prayer. Mainstream Israelis feel resentful that they leave the burden for building Israel’s economy and security to others.\n\n“There is a huge chunk of society for which nothing’s changed, Oct. 7 never happened,” said Uri Keidar, who served as a reservist for five months in Gaza after the Hamas-led attack on Israel that day. He heads an Israeli civil-society organization that seeks to reduce religious sway over the state. “The contrast is so stark at the moment,” he said.\n\nMothers crying as they send their sons off to begin their conscription process in the Israeli army.\n\nYechiel Wais, 19, headed off to a bus this week to begin his conscription process in the Israeli army.\n\nHaredi participation in broader Israeli society is an increasingly urgent matter. The group is one of the population’s fastest-growing. Out of the 1.3 million ultra-Orthodox Jews living in Israel today, about 80,000 are men of draft age. By 2050, experts say ultra-Orthodox men will represent 41% of Israel’s potential draft base, putting further pressure on the issue for a solution.\n\nMoti Kaminshtein, 27 and Haredi himself, is working to persuade his coreligionists to join the military.\n\n“I don’t say that every Haredi has to enlist,” he said. “I say that enlisting in the army doesn’t hurt being Haredi.”\n\nAdvertisement\n\nTo avoid running afoul of rabbinical leadership, Kaminshtein and the program he works with don’t push men still engaged in religious study. But he said he believes it is possible to remain Haredi while serving. “We show them that there is a good way to do something good for Israel,” he said.\n\nKaminshtein said he escorted about 150 men from ultra-Orthodox Jewish backgrounds to their enlistment on Monday with a group he runs called Tahles, which translates to bottom line.\n\nShortly before midnight on Sunday, the military told the conscripts to report the next morning to a park ground outside Tel Aviv to begin their enlistment procedures to head off harassment. The few who did walk through the base’s gates were greeted by groups of Haredi protesters screaming “traitor” and demanding they remove their kipot—or skull caps—markers for observant Jews.\n\nA Haredi boy held a sign in protest against military service outside a military base, where a religious man was sprayed with water for good luck as he boarded the bus to begin his conscription process in the Israeli military.\n\nThe military has made some efforts over the years to attract ultra-Orthodox recruits, from creating special units for religious soldiers with support infrastructure to launching campaigns to entice men in under the premise it would help them build a career. But experts say that fewer than 2,000 soldiers today are from an ultra-Orthodox background, many of whom have subsequently become less religious.\n\n“They didn’t really come,” said Yossi Klar, who formerly served as a member of the military’s Haredi recruitment unit.\n\nThe war changed the military’s approach toward ultra-Orthodox recruits, which weren’t previously seen as a priority. Directives from the top pushed the Israel Defense Forces to redouble efforts to bring in Haredim, and made it more willing to put in the investment to accommodate their lifestyle. “We got to the point that the IDF needs them and wants them,” said a defense official involved with Haredi enlistment.\n\nAdvertisement\n\nThe official said that the military just opened two new programs for Haredi recruits, including the Air Force unit that Wais is joining. She said efforts to personally call Haredi youth and explain their options have boosted interest, but protests and social pressure remain obstacles. “There is a will, but there is doubt,” the official said.\n\nIt is still unclear how both Haredi youth and the military will handle widespread draft dodging. The military’s general process is to send about three appearance orders before beginning a legal procedure, and if someone is declared a deserter, they can be blocked from leaving Israel or arrested.\n\nThe tension, among Haredim and in the country at large, is unmistakable.\n\n“We are a state in war, in an existential war,” said Wais, moments before boarding a bus to join the military.\n\nCarrying placards decrying attempts to draw Haredi society into Israel’s mainstream, Roth and his fellow protesters said the same.\n\nConflict in the Middle East Latest news and key analysis, selected by editors",
    "published": "2024-09-04"
  },
  {
    "source": "WSJ",
    "title": "Topgolf Callaway Brands Intends to Split Into Two Companies",
    "summary": "Company says the Callaway golf equipment and fitness apparel business will continue to operate as an independent company separate from Topgolf",
    "link": "https://www.wsj.com/business/topgolf-callaway-brands-intends-to-split-into-two-companies-fe4933cd?mod=Searchresults_pos9&page=172",
    "content": "The board is still exploring its options for separating the Topgolf business, though a spinoff to shareholders seems like the most likely course for now, the company said.\n\nThe board of Topgolf Callaway Brands MODG 0.65 %increase; green up pointing triangle is splitting the company into two businesses, unwinding after less than four years a tie-up between the golf-club maker and driving-range operator.\n\nThe Carlsbad, Calif.-based company said on Wednesday that the Callaway golf equipment and fitness apparel business, with about $2.5 billion in annual sales, will continue to operate as an independent company separate from Topgolf, which generated about $1.8 billion in revenue over the past year.\n\nThe board is still exploring its options for separating the Topgolf business, though a spinoff to shareholders seems like the most likely course for now, the company said.\n\nTopgolf Callaway, whose shares rose 8.2% to $11.65 in after-hours trading, expects to complete the separation in the second half of 2025.\n\nCallaway first invested in Topgolf in 2006 and bought the remaining stake in the company in March 2021 in a deal that valued the chain at around $2 billion. At the time, golf had experienced a boost during the pandemic, first helped as an appropriate social-distancing activity, and later as hybrid work schedules allowed golfers to fit in more rounds.\n\nThe union was seen as a way to further attract younger and casual golfers to the game, due to Topgolf’s its high-tech, arcade-like driving ranges. It was also the high-growth part of the business, compared with the traditional Callaway banner that sold clubs, balls and apparel. In 2022, the company changed its name to its current moniker, putting the Topgolf name at the forefront.\n\nHowever, the company’s stock price has fallen 38% in the past 12 months and Topgolf’s sales growth has slowed as consumers tighten their spending, prompting the launch of a strategic review last month.\n\nChief Executive Chip Brewer said the company has made significant investments in Topgolf to expand its scale and profitability, helping the well-known sports-entertainment business outperform initial growth expectations. But the difference in operating model and capital structure pushed the board to uncouple the businesses, Brewer said.\n\nThe company will spin off at least 80.1% of Topgolf to secure a tax-free treatment and will also consider retaining a limited ownership for a period of time. Callaway, which will be led by Brewer, will retain all existing debt for the company, while Top Golf, led by Artie Starrs, will retain its venue financing obligations but will otherwise have no financial debt.\n\nThe two companies will also plan to maintain ongoing commercial agreements with each other, including having Callaway as the exclusive golf equipment partner of Topgolf.\n\nWrite to Dean Seal at dean.seal@wsj.com",
    "published": "2024-09-04"
  },
  {
    "source": "WSJ",
    "title": "U.S. Accuses Russia of Spending Millions to Influence American Voters",
    "summary": "Vladimir Putin’s inner circle has been directly involved in covert propaganda efforts, Justice Department says",
    "link": "https://www.wsj.com/politics/national-security/u-s-accuses-russia-of-spending-millions-to-influence-u-s-voters-be531b99?mod=Searchresults_pos5&page=196",
    "content": "Top U.S. officials shared evidence to support their claims that the Kremlin is actively trying to influence the November vote in favor of former President Donald Trump.\n\nWASHINGTON—The Biden administration accused Russian President Vladimir Putin of orchestrating a covert campaign to influence the coming U.S. presidential election and erode international support for Ukraine, blaming the Kremlin for targeting American voters with political propaganda and disinformation.\n\nThe influence campaign, which American spy agencies have concluded is aiming to help Republican nominee Donald Trump reclaim the White House, involved Putin’s inner circle and included a scheme to surreptitiously bankroll an American media startup and direct Russian public-relations companies to promote state-sponsored narratives to influence the presidential race.\n\nThe Justice Department announced the seizure of more than 30 internet domains it said were being weaponized by the Russian government to direct malign influence efforts against the U.S. It identified Sergei Kiriyenko , a longtime senior aide to Putin, as overseeing the internet websites, which were designed to appear to readers as leading U.S. news sites but were, in fact, filled with Russian propaganda.\n\nA new Wall Street Journal poll shows Vice President Kamala Harris is one point ahead of former President Donald Trump, while he still leads on key issues. Here’s what the numbers say. Photo Illustration: Cam Pollack\n\nThe department also announced charges against two Russian nationals employed at the Russian state-media organization RT. Kostiantyn Kalashnikov and Elena Afanasyeva are accused of conspiring to illegally and secretly send nearly $10 million to a Tennessee-based online media company to inject hidden Russian government messaging across social media to target American audiences. The Treasury Department also levied sanctions on 10 individuals, including RT’s editor in chief, and two entities in conjunction with the alleged election-meddling conspiracy.\n\nWednesday’s coordinated announcement amounts to the most aggressive effort by the Biden administration to call out foreign election influence activities in the 2024 cycle. Officials in both the Trump and Biden administrations have sought at times to warn the public about attempts to meddle in elections since the 2016 race, which was marred by revelations—many of which came after Election Day—of Russia’s multipronged cyber-interference operation, which also sought to aid Trump.\n\nRussia is seen by U.S. intelligence agencies as the most capable foreign threat to the election. But Iran has also been aggressive this cycle as it has tried to harm Trump’s re-election prospects due to his perceived aggression against Tehran during his term in office, which included withdrawing from the Iran nuclear deal and assassinating a popular military leader. The Trump campaign revealed last month it had been hacked by what the Federal Bureau of Investigation determined were Iran-linked actors.\n\nNewsletter Sign-up What’s News Catch up on the headlines, understand the news and make better decisions, free in your inbox daily. Enjoy a free article in every edition. Preview Subscribed\n\n“We have never interfered in the internal affairs of the United States and do not intend to do so in the future,” said Russian Ambassador to the U.S. Anatoly Antonov in comments posted to the Telegram messaging app. “We categorically reject the false accusations against Russian information structures and demand the lifting of the administrative restrictions imposed on the work of our journalists in America.”\n\nU.S. officials say Russia’s tactics have evolved since 2016, even as its intentions remain largely the same. Speaking at a press briefing Wednesday, Attorney General Merrick Garland said Kalashnikov and Afanasyeva directed the Tennessee company to contract with U.S.-based social-media influencers to share its content on their platforms.\n\n“The company never disclosed to the influencers or to their millions of followers its ties to RT and the Russian government,” Garland said.\n\nSince launching in 2023, the company has posted nearly 2,000 videos that have received more than 16 million views on YouTube alone, according to an indictment filed in Manhattan federal court.\n\nThe indictment refers to the outlet as “U.S. Company-1,” which describes itself as a “network of heterodox commentators that focus on Western political and cultural issues.” That language is a verbatim match of the description used by Tenet Media, which didn’t respond to a request for comment.\n\nRussian President Vladimir Putin Photo: Sofya Sandurskaya/Zuma Press\n\nChina is also engaging in covert influence campaigns touching on the election and seeking to amplify divisions around hot-button issues, officials and disinformation experts say, but not favoring a particular candidate in the presidential race.\n\nTop U.S. officials shared a batch of evidence to support their claims that the Kremlin is engaged in an active and aggressive push to influence the vote in favor of Trump. In a rare move, the Justice Department disclosed internal Russian strategy meeting notes that U.S. intelligence agencies had obtained, which reveal granular details about the Kremlin’s strategy.\n\nOne Russian document listed “target audiences” including residents of swing states, such as Arizona and Pennsylvania, Hispanic and Jewish Americans, gamers, and users of the social-media site Reddit. It also detailed efforts to create online communities to unite voters who shared perceived Republican values.\n\nRT has been in the crosshairs of the U.S. government for several years amid deteriorating relations between Washington and Moscow. The Justice Department required the network to register as a foreign agent in 2017 after U.S. spy agencies linked it to Russia’s interference ambitions in the 2016 presidential contest. Its American broadcaster was banned in the U.S. and elsewhere following Russia’s invasion of Ukraine.\n\nResponding to the Biden administration actions, RT said Wednesday in a mocking email that “2016 called and it wants its clichés back,” and “Three things are certain in life: death, taxes and RT’s interference in the U.S. elections.”\n\n“For us, this is not funny,” Garland said in response. He added that advances in generative artificial intelligence and other evolving tradecraft had made Russia increasingly sophisticated in its election-influence operations.\n\n“Therefore, it is a bigger threat than it ever was before,” Garland said.\n\nSeveral government reviews, including a multiyear bipartisan investigation by the Republican-led Senate Intelligence Committee, concluded Russia interfered in the 2016 election to denigrate then-Democratic nominee Hillary Clinton and boost Trump.\n\nRussia is intent on again supporting Trump’s bid to re-enter the White House—as it also was assessed to have done in 2020—and has sought to undermine the Democratic campaigns of both President Biden and Vice President Kamala Harris, senior U.S. intelligence officials disclosed in July. The Kremlin-backed influence efforts were described at the time as a “whole of government” operation that relied on covert social-media use and other online propaganda efforts, as well as attempts to target specific voting groups, including swing state voters.\n\nOfficials at the time made clear that Russia was the “pre-eminent” threat to the election, as it was seen in past election cycles, due to its decades-old expertise in covert propaganda and its deep desire to undermine politicians—including Biden and Harris—whom it believes will continue to provide vital support to Ukraine’s war effort.\n\nWednesday’s countermeasures are the second tranche of steps taken by the Justice Department seeking to publicize and undercut the Kremlin’s alleged influence operations. In July, officials announced a takedown of a Russia-linked disinformation bot farm that had been operating on X, formerly Twitter. The bots, numbering nearly a thousand accounts, relied on AI to create bogus user profiles and spammed posts in support of Russia’s invasion of Ukraine.\n\nU.S. officials said the operation was financed by the Kremlin and organized by an employee of RT who is a member of a Russian intelligence service. It was the first time the U.S. had publicly accused a foreign government of using generative AI technology in support of a foreign-influence operation against Americans, officials said.\n\nWrite to Dustin Volz at dustin.volz@wsj.com and C. Ryan Barber at ryan.barber@wsj.com",
    "published": "2024-09-04"
  },
  {
    "source": "WSJ",
    "title": "Hong Kong Responds on Stand News and Freedom of the Press",
    "summary": "‘In Hong Kong, like all other places, such rights and freedoms are not absolute.’",
    "link": "https://www.wsj.com/opinion/hong-kong-responds-on-stand-news-and-freedom-of-the-press-1c2782cd?mod=Searchresults_pos6&page=38",
    "content": "A Hong Kong flag on a vessel at Victoria Harbour, Aug. 30. Photo: tyrone siu/Reuters\n\nWe strongly oppose your editorial “Hong Kong Convicts Two Editors” (Sept. 3). Hong Kong citizens enjoy freedom of the press and speech, as protected under the Basic Law and Hong Kong Bill of Rights. In Hong Kong, like all other places, such rights and freedoms are not absolute.\n\nThe International Covenant on Civil and Political Rights stipulates that media and relevant personnel must observe and discharge “special duties and responsibilities,” including protecting national security. No responsible government would tolerate dissemination of disinformation, incitement of hatred and glorification of violence. Recent examples include a British journalist reportedly arrested for violating the Terrorism Act. The disparagement of the Hong Kong Special Administrative Region (HKSAR) cases only exposes the double standard.",
    "published": "2024-09-04"
  },
  {
    "source": "WSJ",
    "title": "Companies’ AI Bets Are Reaching Astronomical Heights. Why the C-Suite Likes Its Odds Anyway.",
    "summary": "The costs of adopting artificial intelligence are soaring, but so are some executives’ expectations",
    "link": "https://www.wsj.com/articles/companies-ai-bets-are-reaching-astronomical-heights-why-the-c-suite-likes-its-odds-anyway-2bb73585?mod=Searchresults_pos19&page=68",
    "content": "Companies are spending enormous sums on AI systems. Nobody knows whether the gamble will pay off.\n\nA few months ago, it might have seemed that the stakes of the artificial-intelligence investment wave couldn’t have gotten much higher. Well, they have.\n\nSequoia Capital last September published a report arguing that Nvidia infrastructure would have to collectively generate $200 billion in lifetime revenue to justify companies’ spending on those advanced AI systems over the course of just one year—and the revenue wasn’t anywhere near on track to hit that mark soon.\n\nGiven the torrid growth since then at Nvidia, whose dominant role in AI infrastructure makes it a good proxy for how much companies are spending on AI chips and systems, I asked Sequoia Partner David Cahn to update his research.\n\n“AI’s $200 billion question is now AI’s $600 billion question,” Cahn answered.\n\nFor those who want to run the numbers, Cahn arrived at his original $200 billion figure by taking investor estimates for Nvidia’s data-center revenue in the final quarter of 2023 and multiplying it by four to arrive at a run rate of $50 billion. He calculated that Nvidia customers would spend an additional $50 billion on energy, buildings, backup generators and the like. Finally, he assumed that Nvidia users would seek a 50% gross margin on these investments, which would require the infrastructure to drive $200 billion in revenue.\n\nBut some investors are now forecasting that Nvidia’s run rate for data-center revenue will reach $150 billion by the end of its fourth-quarter, according to Cahn.\n\nThat would imply the infrastructure will need to generate $600 billion in lifetime AI-related revenue.\n\nSHARE YOUR THOUGHTS Do you think your company will find a reason to expand its use of AI beyond experiments? Join the conversation below.\n\nAI is also driving enormous spending on data centers to house the clusters of Nvidia AI systems, which the company describes as robot-assembled supercomputers that weigh 70 pounds and contain 35,000 parts.\n\nThe clusters of systems needed to train the new AI models until now could fit into existing data centers. But the coming generation of models are aiming for a 10-fold increase in model size, Cahn said in a blog post, and “to house one of these models, you need to build an entire new data center.”\n\nConstruction of new data centers costs time as well as money, so the expected return on these investments won’t appear until late 2025 or early 2026. No wonder investors are nervous. (Nvidia shares fell 9.5% Tuesday amid a broader selloff in chip stocks. Investors continued to chew on last week’s earnings report which, while robust, showed Nvidia’s supercharged growth beginning to slow.)\n\nThe bull case\n\nCEOs believe they can make AI pay off despite the staggering costs.\n\nThe network equipment company Nokia is collaborating with Nvidia on projects including developing ways for AI to play a bigger role in the evolution of networks.\n\nAI is helping complex 5G radios become continuously self-learning and self-adjusting in the realm of power consumption management, for example, optimizing for current and expected traffic, Nokia Chief Executive Officer Pekka Lundmark told me.\n\n“This is the first application of AI in the radio network and this is already in production, but there is a lot more to come,” Lundmark said.\n\nNewsletter Sign-up WSJ | CIO Journal The Morning Download delivers daily insights and news on business technology from the CIO Journal team. Preview Subscribe\n\nIntuit embraced AI shortly after the appointment of CEO Sasan K. Goodarzi in 2019. The financial software company, known for products including TurboTax and QuickBooks proclaimed its strategy to be the creation of an AI-driven “expert platform.”\n\n“We’ve transformed our platform from a place where our customers do the work, to an AI-driven expert platform where AI does the work for them,” Goodarzi said.\n\nAI was a driving force behind Intuit’s plan, announced in July, to cut 10% of its workforce, or 1,800 jobs. It said the goal was to accelerate innovation in critical growth areas such as generative AI, and that it also planned to hire about 1,800 new people primarily in engineering, product and customer-facing roles.\n\nTo justify a sufficient return on the world’s total AI investment, AI must drive revenue on a comparable scale, transforming not just companies but entire industries and ultimately the economy in its wake.\n\nBut the extraordinary scale of AI investments already under way across many industries isn’t without precedent.\n\n“As a nation—forget about the world—we pumped trillions of dollars into modernizing the electrical infrastructure, the energy infrastructure in order to create the economy we have today,” said Intuit Chief Data Officer Ashok Srivastava , an adjunct professor in the engineering department at Stanford University and a former chief data scientist at Verizon.\n\n“If AI is a parallel to that, I do envision a lot of money going into revolutionizing the way systems operate. And the companies that really build those new applications are the ones that are going to succeed in the future,” Srivastava said.\n\nCahn said he believes the $600 billion AI spending challenge will be met, but that it will take time. Ultimately, the value in AI will accrue to companies that connect the underlying technology to end-customer value, according to Cahn.\n\n“The best products will require as much intuition about how customers want to interact with AI as they’ll require technical expertise,” he said.\n\nWrite to Steven Rosenbush at steven.rosenbush@wsj.com",
    "published": "2024-09-04"
  },
  {
    "source": "WSJ",
    "title": "wsj.com",
    "summary": "",
    "link": "https://www.wsj.com/business/deals/blackstone-buys-australian-data-center-operator-for-16-1-billion-55cdb48b?mod=Searchresults_pos7&page=95",
    "content": "",
    "published": "2024-09-04"
  },
  {
    "source": "WSJ",
    "title": "wsj.com",
    "summary": "",
    "link": "https://www.wsj.com/business/telecom/spacex-brazil-elon-musk-supreme-court-2acb87e3?mod=Searchresults_pos14&page=103",
    "content": "",
    "published": "2024-09-04"
  },
  {
    "source": "WSJ",
    "title": "wsj.com",
    "summary": "",
    "link": "https://www.wsj.com/business/deals/verizon-nearing-deal-for-frontier-communications-9e402bb4?mod=Searchresults_pos18&page=76",
    "content": "",
    "published": "2024-09-04"
  }
]