[
  {
    "source": "WSJ",
    "title": "Week Ahead for FX, Bonds: All Eyes on U.S. Election; Fed Expected to Cut Rates",
    "summary": "",
    "link": "https://www.wsj.com/economy/week-ahead-for-fx-bonds-all-eyes-on-u-s-election-fed-expected-to-cut-rates-da3a3db2?mod=Searchresults_pos2&page=175",
    "content": "The U.S. presidential election is likely to have a significant impact on global financial markets.\n\nBelow are the most important global events likely to affect FX and bond markets in the coming week starting Nov. 4.\n\nTuesday’s U.S. presidential election will dominate the coming week and is likely to have a significant impact on global financial markets.\n\nLater in the week, the Federal Reserve is expected to cut interest rates again, though it is unlikely to deliver another jumbo-sized reduction. Central bank decisions are due in the U.K. and Australia, while the prospect of more fiscal stimulus in China will be closely watched.\n\nU.S.\n\nTuesday’s U.S. presidential election is expected to be a very tight race between Democrat Kamala Harris and Republican Donald Trump. Opinion polls show both candidates are neck and neck, but betting odds show a greater chance of victory for Trump.\n\nTrump has pledged to implement significant trade tariffs. These are expected to boost inflation and could mean that U.S. interest rates fall by less than previously anticipated. The dollar and U.S. Treasury yields have risen recently due to the possibility of a Trump victory. Trump’s support for cryptocurrencies has also lifted the price of bitcoin.\n\nThe other key event of the week will be Thursday’s interest-rate decision by the U.S. Federal Reserve.\n\n“Although the outcome of the election will have no bearing on the Fed’s decision on Thursday, the winning candidate and subsequent path for fiscal policy could have implications for Fed policy next year,” Investec economist Lottie Gosling said in a note.\n\nThe Fed is expected to cut interest rates again by a more usual 25 basis points, following on from the central bank’s jumbo half-point reduction in September.\n\nMoney markets had previously priced a high risk of another half-point reduction either in November or December, but rate-cut expectations have been significantly trimmed back following recent solid U.S. economic data.\n\nThey will be looking for clues in the Fed’s forecasts and comments as to whether rates will fall again in December.\n\nElsewhere, U.S. survey data will provide an up-to-date picture of how the U.S. economy is faring currently. These include Tuesday’s ISM index on services activity for October and Friday’s University of Michigan provisional consumer sentiment indicator for November.\n\nU.S. factory orders data for September are due Monday, September trade figures Tuesday and weekly jobless claims Thursday.\n\nWeak payrolls data for October reflect one-off factors related to the hurricanes that are unlikely to affect the Fed’s decision, analysts said.\n\nThe Treasury will auction $58 billion in three-year notes on Monday, $42 billion in 10-year notes on Tuesday and $25 billion in 30-year bonds on Wednesday.\n\nCANADA\n\nCanadian jobs data for October are due Friday and could help gauge whether the Bank of Canada is likely to opt for another large half-point interest-rate cut at its next meeting. Data continue to suggest Canada’s economy is struggling.\n\nCanadian trade data for September are due Tuesday.\n\nBRAZIL\n\nBrazil’s central bank announces a rate decision on Wednesday, where it is expected to raise the Selic rate by half a point. Citi analysts said Brazil’s tight labor market and inflationary pressures from recent currency depreciation will likely push the central bank to accelerate the pace of rate increases.\n\nEUROZONE\n\nGerman manufacturing orders data Wednesday along with industrial production data Thursday, both for September, could give further insights into the severity of the economic slump in Europe’s largest economy, even if it avoided recession in the third quarter.\n\n“Leading indicators dash hopes for a strong revival in September,” as indicated in the recent slump in the purchasing managers’ data on manufacturing activity and the fall in Ifo business sentiment indicator, analysts at HSBC said in a note. “Reports of many major orders have been scarce for September,” they said.\n\nFinal French, German and eurozone manufacturing purchasing manager surveys are due Monday, followed by final services PMI data Wednesday. French industrial production data for September are released Tuesday.\n\nAn Ecofin meeting of EU finance ministers is scheduled for Tuesday.\n\nAustria will hold a bond auction on Tuesday, Germany on Wednesday and Spain and France on Thursday. Germany’s offer includes May 2041- and August 2046-dated bunds.\n\nU.K.\n\nThe Bank of England is expected to cut interest rates by 25 basis points to 4.75% in a decision Thursday.\n\n“We expect a second 25 basis-point rate cut from the BOE [in 2024], signaling the need for ongoing gradual easing,” Nomura Research analysts said in a note.\n\nMarkets price in an 85% probability of a 25 basis-point cut, LSEG Refinitiv data show.\n\nSome analysts say the BOE could slow the pace of interest rate cuts following the announcement of increased borrowing and investment at the recent budget. The Office for Budget Responsibility revised up its inflation forecast for 2025 as a result.\n\nThis could put pressure on the BOE to keep interest rates higher, AJ Bell’s Laith Khalaf said in a note.\n\nFinal purchasing managers’ data on services activity in October are due Tuesday.\n\nThe U.K. Debt Management Office will auction the July 2034 gilt Tuesday.\n\nSCANDINAVIA\n\nSweden’s Riksbank and Norway’s Norges Bank both announce interest-rate decisions on Thursday.\n\nThe Riksbank is expected to cut interest rates. Most analysts expect a reduction by a large 50 basis points, taking the key rate down to 2.75%, due to continued evidence of a weak Swedish economy. A smaller 25 basis-point cut is possible, however.\n\nAnalysts at ING expect a half-point rate cut but said the Riksbank “will probably try to avoid sending the signal that 50 basis-point moves are the new normal.”\n\nIn contrast, Norges Bank is expected to continue to keep its key rate on hold at 4.50%. However, it could open the door to a possible interest-rate cut in December, analysts said.\n\nPOLAND\n\nPoland’s central bank announces an interest-rate decision on Wednesday and is expected to keep the base rate on hold at 5.75% as inflation in the country remains elevated.\n\nCZECH REPUBLIC\n\nThe Czech central bank announces an interest-rate decision on Thursday, where a 25 basis-point rate cut is likely in order to prop up the economy.\n\nAUSTRALIA & NEW ZEALAND\n\nThe Reserve Bank of Australia is widely expected to keep the official cash rate on hold at 4.35% on Tuesday — marking a full year that the rate has been at this level — with recent third-quarter inflation data lacking the necessary trigger for a cut.\n\nThe strength of services inflation and the fact that core inflation remains stubbornly above the RBA’s 2% to 3% target means that most economists are looking well into next year for the start of an easing cycle.\n\nRBA Gov. Michele Bullock will give a press conference after the policy meeting, with interest focused on whether the board of the central bank discussed the possibility of a further interest rate rise.\n\nBullock’s use of language will be the main talking point after she said last month that the board didn’t explicitly talk about an interest rate increase, something that some economists took as a dovish pivot.\n\nMeanwhile, Australia’s job market is roaring as hiring for government positions continues to boom, keeping the unemployment rate low, and the RBA away from rate cuts.\n\nThe RBA will also publish new economic forecasts on Tuesday that are likely to show the central bank still expects inflation to remain a concern.\n\nFinancial market pricing now implies the RBA won’t start cutting interest rates until May, well behind other major central banks.\n\nJAPAN\n\nDespite growing expectations for an imminent rate increase by the Bank of Japan, economic indicators might send mixed signals for the formation of a positive cycle of growth in incomes and consumption.\n\nMonthly wage data, scheduled for Thursday, could show a recovery in real wages for September as inflation slowed during the month thanks to energy subsidies.\n\nBut another key component of the virtuous circle may keep struggling. Household spending due Friday is expected to have declined 2.1% in September from a year earlier, according to a poll of economists by data provider Quick. That would be weaker than a 1.9% drop in August, indicating that Japanese consumers remain hesitant to spend due to higher prices.\n\nInvestors will also seek hints for the Bank of Japan’s next move in the minutes of its Sept. 19-20 meeting scheduled to be released Wednesday. At that meeting, the central bank maintained its policy interest rate at 0.25%, as widely expected.\n\nThe Ministry of Finance is scheduled to auction 2.6 trillion yen ($17 billion) of 10-year Japanese government bonds on Thursday. Market participants will likely monitor the auction’s outcome for any signs of interest from domestic investors following the BOJ’s latest monetary-policy meeting in October.\n\nCHINA\n\nChina’s top legislative body will gather for a five-day meeting this week. Markets hope for a blockbuster fiscal package aimed at the economy’s weak spots. But optimists have been burned before and there is a higher degree of skepticism this time around.\n\nThe Standing Committee of the National People’s Congress meets Monday and state media will likely report its decisions Friday.\n\nThere will be data to digest too, with trade and inflation figures for October due on Thursday and Saturday, Nov. 9, respectively.\n\nAfter some glimmers of positive momentum appeared in housing sales data and PMI surveys, markets will want to see further evidence that China’s torrent of stimulus is finally jolting the economy awake.\n\nHSBC economists expect China’s trade surplus to have fallen sharply as external demand weighed on exports. Growth in outbound shipments likely stayed relatively robust nonetheless, flattered in part by a low base. The economists think stimulus has boosted market confidence, which may provide some improvement in domestic demand. They predict imports growth to have edged up as a result.\n\nInflation data too could show some signs of stronger demand.\n\nThe HSBC economists expect CPI inflation to be up in October from September, as the stimulus package may have slightly driven up nonfood demand and related prices. Producer price deflation may have eased.\n\nMALAYSIA\n\nMalaysia’s central bank holds a policy meeting on Wednesday, where it is all but certain to continue keeping rates steady.\n\nThe country’s economy continues to be a beacon of stability, with growth ticking along nicely and inflation well in hand. This benign domestic backdrop suggests there is no reason for Bank Negara Malaysia to change policy settings soon.\n\nUOB economist Julia Goh said upside risks to inflation and a challenging global outlook further back the case for the bank to maintain the status quo on policy rates for a prolonged period.\n\nASIA PMI DATA\n\nMore manufacturing PMI prints are due Monday, including from Hong Kong, Singapore, and the Philippines.\n\nAfter the latest round of October PMIs signaled that manufacturing conditions weakened across much of Asia at the start of the fourth quarter, the next batch of S&P survey data will be looked at to see which other economies show signs of softer industrial activity.\n\nRecent PMI signals back Capital Economics’ view that manufacturers in Asia will continue to struggle near term. Economist Shivaan Tandon expects global economic growth to weigh on Asia’s export-based manufacturing sectors.\n\nASIA INFLATION DATA\n\nSouth Korea, Thailand and the Philippines will release inflation prints for October on Tuesday. Taiwan follows on Wednesday.\n\nA WSJ-compiled forecast puts South Korea’s headline inflation at a new multiyear low last month, largely due to a high comparison base. CPI likely rose 1.4% on year, which would be the slowest pace since early 2021. The index likely ticked up 0.2% on a monthly basis in October, according to the poll.\n\nUOB economists expect Thailand’s inflation to have surged from a year earlier, driven by supply-side factors and a low base effect. On-month, price pressures were likely benign, but HSBC economists think inflation will return to the central bank’s target by November. This could give the Bank of Thailand room to keep policy steady to help guide the economy’s deleveraging cycle.\n\nPhilippines inflation is likely to have risen in October but Citi economists continue to expect it will stay relatively low for the rest of the year, and much of the first half of the next, keeping the path for another rate cut intact.\n\nTaiwan’s headline inflation probably softened last month, but resilience in private consumption and high housing prices will continue to limit the pace of disinflation for the core measure, HSBC economists said. The risk of an overheated property market has been a point of concern for Taiwan’s central bank, which has rolled out some measures to cool activity.\n\nPHILIPPINES\n\nPhilippines watchers will be looking at third-quarter economic growth data on Thursday.\n\nANZ Research analysts project growth at 5.7% on year versus 6.3% in the second quarter, citing softer private consumption and slower government spending.\n\nThough the central bank began its easing cycle during the quarter, HSBC economists don’t think the change in monetary stance has affected growth. Monetary policy remains restrictive, but growth should still be roughly intact, they said. That would help give the central bank confidence to ease policy rates gradually.\n\nINDONESIA\n\nIndonesia’s third-quarter growth data will likely show that economic momentum has held steady in the populous country.\n\nIn the wake of the new government taking office, UOB economists think that new policy along with the continuation of capital-intensive projects will keep the economic growth trajectory tilted slightly higher.\n\nThey expect GDP growth to come in at 5.10%, roughly on par with the prior quarter.\n\n—Any references to days are in local times.\n\nKimberley Kao, James Glynn, Megumi Fujikawa, Amanda Lee, Kwanwoo Jun, Ronnie Harui, Xiao Xiao, Jiahui Huang, Emese Bartha and Miriam Mukuru contributed to this article.\n\nWrite to Jessica Fleetham at jessica.fleetham@wsj.com and Fabiana Negrin Ochoa at fabiana.negrinochoa@wsj.com",
    "published": "2024-11-02"
  },
  {
    "source": "WSJ",
    "title": "China Faces a Dilemma With North Korean Troops Pouring Into Russia",
    "summary": "Beijing, with waning influence and limited options to rein in unpredictable allies, may stick with status quo",
    "link": "https://www.wsj.com/world/china-faces-a-dilemma-with-north-korean-troops-pouring-into-russia-34f0532f?mod=Searchresults_pos4&page=46",
    "content": "The swift militarization of ties between North Korea and Russia makes one country particularly uncomfortable: China.\n\nBeijing often aligns with Moscow and Pyongyang on global politics, including a mutual disdain for the U.S.-led world order. But North Korea’s deployment of thousands of troops to the Russian front lines with Ukraine poses fresh risks for China and tests the limits of its ability to influence its nuclear-armed neighbors.\n\nIt could be just a matter of days before as many as 8,000 North Korean troops deployed to Russia’s western Kursk region enter into combat, U.S. officials say.\n\nA chief concern for Beijing is how a combat role for the North Koreans could invite even greater military partnerships between the U.S., Western Europe and its Asia-Pacific allies. China has long been critical of what it sees as mission creep by the North Atlantic Treaty Organization, which has expanded ties in recent years with Australia, Japan, New Zealand and South Korea. Beijing sees those moves as harming its interests and regional stability.\n\nImages of North Korean soldiers during a South Korean TV news segment airing in Seoul Station last month. Photo: Ahn Young-joon/Associated Press\n\nChina has long viewed such defense groupings as a Western tool to constrain its rise as a global power. Such partnerships could help the U.S. muster allies in any potential conflict with China over Taiwan. And Beijing points to the 1999 bombing of its embassy in Belgrade by NATO forces as an example of the dangers posed by such military alliances.\n\nThe North Korean troop deployment to Russia—estimated at roughly 10,000 overall by U.S. officials—is unacceptable for China because it wants to see fighting stop, said Zhu Feng, director of the Institute of International Studies at Nanjing University.\n\nSHARE YOUR THOUGHTS How do you think China will respond to the rise in Russia-North Korea collaboration? Join the conversation below.\n\n“It not only brings a new strategic entanglement to the Ukraine war, it also signals an expansion of the war,” Zhu said. Beijing may fear the conflict “will now become an intercontinental engagement,” he added.\n\nChina may see direct Russian support of North Korea’s strategic weapons as a red line—though even so, options to clamp down on either country would be limited and might look less appealing than maintaining the status quo, said Eric Ballbach, the Korea Foundation fellow at the German Institute for International and Security Affairs.\n\n“China is clearly confronted with the reality that it is losing influence over Pyongyang, while Russia is gaining influence,” Ballbach said.\n\nAdvertisement\n\n‘Bespoke Swiss Army knife’\n\nNorth Korea relies on China to be its main economic benefactor. Beijing has also helped prop up Moscow’s finances by becoming a bulk purchaser of Russian energy.\n\nBut Russia’s president, Vladimir Putin, can offer things to North Korean leader Kim Jong Un —and vice versa—that Beijing cannot: Russia needs manpower and munitions to win the war with Ukraine; Pyongyang needs weaponry know-how.\n\n“For Russia and North Korea, it’s like each has become the other’s bespoke Swiss Army knife,” said John Park, a nonresident senior fellow at the Atlantic Council, who focuses on Indo-Pacific security and economic statecraft.\n\nRussia’s Vladimir Putin and North Korea’s Kim Jong Un at a June signing ceremony in Pyongyang to mark their partnership. Photo: Kristina Kormilitsyna/Associated Press\n\nChina has avoided criticism of Russia’s invasion of Ukraine, calling it a “crisis” instead of a war. Beijing’s only publicly-aired concerns have followed Moscow’s suggestion of nuclear threats, although they have been phrased so as to not direct criticism specifically at Putin.\n\nBeijing has said little about the North Korean troops. When asked Friday about the reported deployment, China’s Foreign Ministry spokesman Lin Jian said the bilateral relations of North Korea and Russia were “a matter for themselves.” He reiterated China’s call for all parties to de-escalate the situation and strive for a political solution.\n\nThe U.S. has spoken recently with China about the North Korean soldiers in Russia, asking Beijing to use its clout to curb such activities, Secretary of State Antony Blinken said on Thursday. “We’ll see if they take action,” Blinken said after a meeting with his South Korean counterpart in Washington.\n\nAdvertisement\n\nIn recent days, Seoul’s intelligence has become more integrated with Kyiv and key allies. Ukrainian President Volodymyr Zelensky spoke by phone on Tuesday with South Korean President Yoon Suk Yeol , leading to Kyiv appointing a special envoy to Seoul who is expected to arrive later this month.\n\nThe Russian shift\n\nKim has made a dramatic shift by showering more attention on Russia than China over the past year or so.\n\nNorth Korea and Russia have sent more than 40 diplomatic, economic or military delegations to each other’s country in 2024—more than four times the number of Pyongyang’s interactions with Beijing, according to a database operated by NK Pro, a website that focuses on North Korea.\n\nOn a visit to Moscow on Friday, North Korean Foreign Minister Choe Son Hui agreed with her Russian counterpart that the “root cause” for tensions regionally and globally sat with the “provocations of the U.S. and its vassal countries,” Pyongyang’s state media reported.\n\nRussia’s Foreign Minister Sergei Lavrov and his North Korean counterpart, Choe Son Hui, at a ceremony in Pyongyang last year, in a North Korean state news agency photo. Photo: Agence France-Presse/Getty Images\n\nKim has sent Putin more than 10 leader-to-leader letters this year, triple the volume of his correspondence with Xi Jinping. Russians can vacation in North Korea; Chinese, so far, cannot.\n\nChina is bound to frustrate Russia and North Korea on some levels, since Beijing is unwilling to give public declarations of alliance to its two neighbors, said Miles M. Yu, a former Trump administration policy adviser on China. Unlike Moscow and Pyongyang, Beijing won’t misbehave too openly since it wants to create a facade to remain interconnected with the free-trade system and maintain its global standing, he added.\n\n“But in the meantime, China would never abandon clandestine—or at least oblique—assistance to Russia and North Korea,” said Yu, who is now director of the China Center at the Hudson Institute. “As a result, China has to be double-faced.”\n\nUkraine, South Korea and the U.S. all confirm that North Korean troops are in Russia, training to possibly fight for Moscow. The Wall Street Journal unpacks the evidence. Photo: str/Agence France-Presse/Getty Images\n\nSoobin Kim contributed to this article.\n\nWrite to Timothy W. Martin at Timothy.Martin@wsj.com and Austin Ramzy at austin.ramzy@wsj.com\n\nThe War in Ukraine News and insights, selected by the editors",
    "published": "2024-11-02"
  }
]