[
  {
    "source": "WSJ",
    "title": "What’s News: Business & Finance",
    "summary": "",
    "link": "https://www.wsj.com/articles/whats-news-business-finance-993b27a4?mod=Searchresults_pos13&page=78",
    "content": "This copy is for your personal, non-commercial use only. Distribution and use of this material are governed by our Subscriber Agreement and by copyright law. For non-personal use or to order multiple copies, please contact Dow Jones Reprints at 1-800-843-0008 or visit www.djreprints.com.\n\nhttps://www.wsj.com/articles/whats-news-business-finance-993b27a4",
    "published": "2025-02-06"
  },
  {
    "source": "WSJ",
    "title": "Volvo Car Warns of Challenging Year Ahead as Competition Heats Up",
    "summary": "The company is preparing for a weak market with lower growth",
    "link": "https://www.wsj.com/business/earnings/volvo-car-warns-of-challenging-year-ahead-as-competition-heats-up-cb4bac9f?mod=Searchresults_pos4&page=37",
    "content": "Volvo Car said it faces a challenge to reach the volumes and profitability level it achieved in 2024.\n\nDespite the gloomy industry outlook, Volvo Car maintains its 2026 guidance to outgrow the market, deliver a core earnings margin of 7%-8%, and generate strong positive free cash flow.\n\nThe company is focusing on internal cost efficiencies and protecting cash to prepare for a weak market with lower growth.\n\nVolvo Car warns of challenging year ahead due to intense competition and lower demand, making it difficult to reach 2024 sales and profitability levels.\n\nSTOCKHOLM–Volvo Car VOLCAR.B 1.17 %increase; green up pointing triangle cautioned that intense competition and lower demand will make it a challenge to reach its 2024 sales and profitability level this year.\n\nThe Swedish car maker–which is majority owned by China’s Zhejiang Geely Holding Group–said Thursday that it doesn’t expect the market to grow at the same rate of previous years, while rising competition will likely see car manufacturers cut their prices.\n\n“The industry will be severely tested this year,” Chief Executive Jim Rowan said.\n\nThe company said it is doubling down on internal cost efficiencies and focusing on protecting cash as it prepares for a weak market with lower growth.\n\nThe auto industry is entering 2025 facing continued challenges from weaker demand for electric vehicles and increasing competition from lower-cost Chinese EV makers. Rowan said on a call Thursday that he expects the “hyper competition” in China to continue to play out.\n\nTrade tensions are creating headwinds as U.S. President Trump weighs new tariffs on car imports.\n\nRowan said the company’s sprawling manufacturing footprint could help it avoid tariffs though, as it can shuffle production between its factories in Asia, Europe and North America.\n\nIt is already working to shift production of its EX30 small electric SUV from China to Belgium to circumvent tariffs the EU has placed on Chinese imports. The move will take a little bit of time and the company will have to absorb the cost of that in the first half though, as there isn’t the option to push it onto customers based on today’s landscape, it said.\n\nFull production of the EX30 in Belgium will begin in the second half.\n\nPresident Trump’s potential tariffs on Canada and Mexico wouldn’t effect Volvo Car as it has doesn’t manufacture cars in either country, but the bigger question remains if there are tariffs placed on European imports.\n\n“Having said that, we actually have capacity at our Charleston facility [in the U.S.],” Rowan said on the call. “So, we have enough capacity there that’s available right now. We would just need to put in production lines and we could have that up and running reasonably quickly.”\n\nDespite the gloomy industry outlook, the company maintained its 2026 guidance to outgrow the market from a 2023 base, deliver a core earnings before interest and tax margin of 7%-8% and generate strong positive free cash flow.\n\nIt now expects to report positive free cash flow in 2025, from neutral previously.\n\nNet profit attributable to shareholders fell to 2.5 billion Swedish kronor ($229.2 million) in the fourth quarter from 3.11 billion kronor the prior year, as sales rose 2.4% to 112.12 billion kronor.\n\nA FactSet forecast had seen net profit at 4.1 billion kronor on revenue of 106.91 billion kronor.\n\nIt sold 202,500 cars in the quarter, up from 199,600 cars. However, the strong order book it has seen over the last two years has now returned to prepandemic levels, it said.\n\nEarnings before interest, taxes, and excluding its share of income in JVs and associates—a company preferred metric—was 6.3 billion kronor compared with 6.7 billion kronor.\n\nAdvertisement\n\nWrite to Dominic Chopping at dominic.chopping@wsj.com",
    "published": "2025-02-06"
  },
  {
    "source": "WSJ",
    "title": "Venezuela’s Citgo Is Proving a Tough Sell for Bidders",
    "summary": "Bidders for the refiner risk its shares could be devalued by creditor lawsuits",
    "link": "https://www.wsj.com/articles/venezuelas-citgo-is-for-saleat-a-discount-c14ec163?mod=Searchresults_pos9&page=132",
    "content": "Citgo Petroleum, among the largest U.S.-based oil refiners, is being auctioned to cover debts owed by its owner, the bankrupt Venezuelan government.\n\nThe coming auction for Venezuela’s Citgo Petroleum could leave its buyer on the hook to other creditors of the South American country, a stumbling block for the court-ordered sale.\n\nCitgo, among the largest U.S.-based oil refiners, is being auctioned to cover debts owed by its owner, the bankrupt Venezuelan government. Bidders are contending with the risk that U.S. courts could hold Citgo responsible for judgments held by Venezuela’s bondholders and other creditors, according to court records and people close to the sale process.\n\nA federal judge has declined to shield buyers from that risk, which could devalue Citgo’s shares after its sale. Bidders now must weigh whether to participate in the auction and how much they could offer for Citgo without buyer protections typically present in a distressed sale out of chapter 11 bankruptcy.\n\n“Any time you have complexity, it does have the ability to erode value,” said John Auers, managing director at RBN Analytics, an energy market research firm. “It makes it tougher when you have worries about whether your bid will stand. You also have other lawsuits by creditors. That adds complexity and uncertainty.”\n\nThe U.S. government in 2019 placed Citgo under control of Venezuela’s U.S.-backed opposition leaders and in 2023 cleared the way for a forced sale of the shares of its parent company, PDV Holding. Lawyers for PDVH have fought to delay the sale at every step.\n\nThe shares will be sold in an auction overseen by Judge Leonard P. Stark of the U.S. District Court in Wilmington, Del. A spokesperson for Citgo didn’t respond to a request for comment.\n\nIn September, Elliott Investment Management-backed Amber Energy emerged as the lead bidder, offering nearly $7.3 billion. But there was a catch: Elliott wanted to buy Citgo free and clear of legal claims against it, as a bidder would normally do through a bankruptcy sale.\n\nAfter Citgo was placed in the Venezuelan opposition’s control, it considered bankruptcy, The Wall Street Journal reported. A chapter 11 filing could ease a sale and potentially garner a higher purchase price, but seal Venezuela’s loss of control.\n\nLawsuits filed by Gramercy Funds Management seek to put PDVH on the hook for debts owed by Venezuela, a legal route other creditors could pursue. In court papers, Elliott has said creditor lawsuits claiming that PDVH is inseparable from Venezuela could render Citgo shares worthless.\n\nNewsletter Sign-up Bankruptcy Bankruptcy news, analysis and insights from WSJ's global team of reporters and editors. SUBSCRIBE\n\nThe special master overseeing the sale, Robert Pincus, has said the “cloud of uncertainty” over the shares has chilled bidding. Nonetheless, Stark ruled in November he wouldn’t issue free-and-clear protections Pincus had requested, effectively restarting the sale process.\n\nSince then, Stark in orders has clarified how the sale process will play out. Last week, he said if legal claims involving PDVH were resolved after a buyer for Citgo was chosen but before the sale closed, the buyer couldn’t back out. Stark also set a $30 million termination fee for a stalking horse bidder if the special master overseeing the sale chooses another bidder as the auction’s winner.\n\nIn December, judgment creditor Red Tree Investments said in court papers it plans to submit a bid higher than Elliott’s prior $7.3 billion offer. Canadian miner Gold Reserve also previously bid on Citgo’s assets and could re-enter the auction, according to people familiar with the situation. Representatives for Red Tree and Gold Reserve didn’t respond to requests for comment.\n\nCitgo could be worth between $11 billion and $13 billion, according to analysts, although one 2023 estimate by its parent company placed its valuation between $32 billion and $40 billion. The refiner is likelier to sell for much less and somewhere closer to Elliott’s opening bid, according to people familiar with the situation.\n\nCitgo’s refineries have been performing well, Auers said, posting strong third-quarter results in 2024, and are expected to do the same for the fourth quarter of last year.\n\n“One thing is clear, that they are valuable assets,” he said. “That by itself should lead to interest and a number of bidders for the assets.”\n\nCitgo is facing uncertainty beyond its sale that could affect its value. The Trump administration has floated tariffs on Canada and Mexico, which could impact refinery operations. There are also questions about whether Trump’s approach to Venezuela will be markedly different from the Biden administration’s—and how that could affect Citgo’s sale.\n\nSome of these changes are expected to become clearer ahead of the March 7 stalking-horse bidder deadline. A hearing to approve the sale is scheduled for July 22.\n\n“We’re going to still see another dragged-on process with anything but certainty for success,” said Jay Auslander, partner at law firm Wilk Auslander who focuses on complex cross-border litigation.\n\nWrite to Alicia McElhaney at alicia.mcelhaney@wsj.com",
    "published": "2025-02-06"
  },
  {
    "source": "WSJ",
    "title": "Volvo Car Warns of Challenging Year Ahead as Competition Heats Up",
    "summary": "The company is preparing for a weak market with lower growth",
    "link": "https://www.wsj.com/business/earnings/volvo-car-warns-of-challenging-year-ahead-as-competition-heats-up-cb4bac9f?mod=Searchresults_pos7&page=38",
    "content": "Volvo Car said it faces a challenge to reach the volumes and profitability level it achieved in 2024.\n\nDespite the gloomy industry outlook, Volvo Car maintains its 2026 guidance to outgrow the market, deliver a core earnings margin of 7%-8%, and generate strong positive free cash flow.\n\nThe company is focusing on internal cost efficiencies and protecting cash to prepare for a weak market with lower growth.\n\nVolvo Car warns of challenging year ahead due to intense competition and lower demand, making it difficult to reach 2024 sales and profitability levels.\n\nSTOCKHOLM–Volvo Car VOLCAR.B 1.17 %increase; green up pointing triangle cautioned that intense competition and lower demand will make it a challenge to reach its 2024 sales and profitability level this year.\n\nThe Swedish car maker–which is majority owned by China’s Zhejiang Geely Holding Group–said Thursday that it doesn’t expect the market to grow at the same rate of previous years, while rising competition will likely see car manufacturers cut their prices.\n\n“The industry will be severely tested this year,” Chief Executive Jim Rowan said.\n\nThe company said it is doubling down on internal cost efficiencies and focusing on protecting cash as it prepares for a weak market with lower growth.\n\nThe auto industry is entering 2025 facing continued challenges from weaker demand for electric vehicles and increasing competition from lower-cost Chinese EV makers. Rowan said on a call Thursday that he expects the “hyper competition” in China to continue to play out.\n\nTrade tensions are creating headwinds as U.S. President Trump weighs new tariffs on car imports.\n\nRowan said the company’s sprawling manufacturing footprint could help it avoid tariffs though, as it can shuffle production between its factories in Asia, Europe and North America.\n\nIt is already working to shift production of its EX30 small electric SUV from China to Belgium to circumvent tariffs the EU has placed on Chinese imports. The move will take a little bit of time and the company will have to absorb the cost of that in the first half though, as there isn’t the option to push it onto customers based on today’s landscape, it said.\n\nFull production of the EX30 in Belgium will begin in the second half.\n\nPresident Trump’s potential tariffs on Canada and Mexico wouldn’t effect Volvo Car as it has doesn’t manufacture cars in either country, but the bigger question remains if there are tariffs placed on European imports.\n\n“Having said that, we actually have capacity at our Charleston facility [in the U.S.],” Rowan said on the call. “So, we have enough capacity there that’s available right now. We would just need to put in production lines and we could have that up and running reasonably quickly.”\n\nDespite the gloomy industry outlook, the company maintained its 2026 guidance to outgrow the market from a 2023 base, deliver a core earnings before interest and tax margin of 7%-8% and generate strong positive free cash flow.\n\nIt now expects to report positive free cash flow in 2025, from neutral previously.\n\nNet profit attributable to shareholders fell to 2.5 billion Swedish kronor ($229.2 million) in the fourth quarter from 3.11 billion kronor the prior year, as sales rose 2.4% to 112.12 billion kronor.\n\nA FactSet forecast had seen net profit at 4.1 billion kronor on revenue of 106.91 billion kronor.\n\nIt sold 202,500 cars in the quarter, up from 199,600 cars. However, the strong order book it has seen over the last two years has now returned to prepandemic levels, it said.\n\nEarnings before interest, taxes, and excluding its share of income in JVs and associates—a company preferred metric—was 6.3 billion kronor compared with 6.7 billion kronor.\n\nAdvertisement\n\nWrite to Dominic Chopping at dominic.chopping@wsj.com",
    "published": "2025-02-06"
  },
  {
    "source": "WSJ",
    "title": "China’s Firms Are Bleeding Cash—and Vulnerable to Trump’s Trade War",
    "summary": "Overcapacity and weak demand hit profits at more Chinese companies",
    "link": "https://www.wsj.com/business/chinas-firms-are-bleeding-cashand-vulnerable-to-trumps-trade-war-4af0d374?mod=Searchresults_pos19&page=50",
    "content": "Xinte Energy, a Chinese green-energy firm, says on its website that it is “delivering light and warmth to every corner of the world.” It is also losing tons of money.\n\nThe maker of polysilicon, a building block for solar panels, recently told shareholders it expects to report losses of around 4 billion yuan, equivalent to more than $500 million, for 2024. Intense pressure by the government to build up key industries has led to fierce competition and price wars while demand has stalled, hitting the company’s bottom line.\n\nUnfortunately for China, it isn’t just the solar power industry. Companies across the country are bleeding cash as they struggle with overcapacity and weak spending in a slumping economy.\n\nThose problems are leaving China unusually vulnerable as President Trump tightens the screws with a new 10% tariff on Chinese goods, and threats of more to come. Exports have been a rare bright spot for China’s economy as companies unload excess supply abroad, but that becomes much harder as tariffs climb and costs rise for U.S. buyers.\n\nNearly a quarter of companies listed in mainland China reported a net loss for the third quarter, the most recent quarter for which data is available. That share has more than doubled from before the Covid pandemic, according to a Wall Street Journal analysis of Chinese A-share company filings.\n\nProfit margins among public companies in China recently reached their lowest levels since 2009, according to a FactSet index of roughly 5,000 mainland-listed firms. Profits at China’s major industrial firms declined around 3.3% in 2024, a third straight year of lower earnings, according to official data. Many smaller, family-owned firms are also struggling.\n\nWith profits squeezed, many Chinese companies are in cost-cutting mode, putting off investments, shedding workers and keeping wages in check. But less spending by companies and consumers leads to more of the same problem for China: weak demand when consumption is sorely needed.\n\nThe world’s second-largest economy is reeling from numerous challenges, including an epic property-market bust and rising debt loads. Construction activity has slowed and Chinese people, who largely hold their net worth in real estate, are saving money as worries about their future mount. Protests over unpaid wages and other compensation-related grievances have ticked up, according to social-media posts tracked by Hong Kong-based nonprofit China Labour Bulletin.\n\nChina’s leaders have turned to manufacturing and exports as an answer to stimulate growth. But ramped-up capacity, fueled partly by state subsidies, has exacerbated gluts in some industries. Many companies have cut prices to try to unload their products, but that just pinches profits further—which leads to even more cost cutting.\n\n“It’s basically a race to the bottom,” said Khoon Goh, head of Asia research for ANZ bank.\n\nThe Trump administration’s new tariffs stand to further squeeze Chinese companies that sell products to the U.S., with some manufacturers saying they will have to lower prices to stay competitive for American customers.\n\nLicking wounds\n\nAngang Steel, based in Liaoning province and one of China’s largest steelmakers, said recently it had “made every effort to mitigate and control losses,” including trying to become more efficient and expanding exports. But steel prices kept falling and demand has remained weak. It expects 2024 losses to more than double from the year before to around 7 billion yuan, equivalent to nearly $1 billion. Angang didn’t respond to a request for comment.\n\nTianqi Lithium, which sells materials used to make batteries for electric vehicles, also warned investors that it was set to report a net loss equivalent to roughly $1 billion for 2024 after prices for its products fell. The Sichuan province-based company said in a filing that it would stop all work on a plant in Australia, a project under way since 2017, because it was no longer economically viable. When asked for comment, Tianqi referred the Journal to its official announcements.\n\nOther companies warning of net losses or shrinking profits include solar power glassmakers Flat Glass and Irico Group New Energy; building-materials company Tianshan Material; and chip maker Shanghai Fudan Microelectronics. Those companies didn’t respond to comment requests.\n\nThe ups and downs of the solar power market help illustrate why it is so hard for some Chinese companies to stay profitable. Beijing identified solar energy as a key sector, spurring local governments and financial institutions to offer subsidies and loans to companies. With new entrants jumping in, supply ballooned and companies slashed prices to fight for customers. Companies risked losing market share to others if they resisted price cuts or curbed production.\n\nXinte, the green-energy manufacturer, said its polysilicon prices were about 60% lower on average in 2024 than the year before, and at times were below the cost of production. Yet the company, based in the Xinjiang region in western China, said it produced slightly more polysilicon in 2024 than the year before.\n\n“The price of polysilicon has dropped irrationally,” Xinte said in a filing, noting an imbalance between demand and supply. The company didn’t respond to a request for comment.\n\nA group of 33 solar companies, including Xinte, convened in December to discuss how to prevent “vicious competition,” according to a statement from the China Photovoltaic Industry Association. Two of China’s largest polysilicon makers announced at the end of the year that they would cut production.\n\nSome Chinese companies remain highly profitable. Social-media and videogame giant Tencent Holdings recently reported a 47% rise in profits for the third quarter, in part due to the strong performance of some of its gaming titles. E-commerce giant JD.com recorded its own jump in profits, boosting hopes that consumer sentiment in China might be improving.\n\nIt is also true that many U.S. and European companies lose money. Still, the outlook for China is especially cloudy as it deals with an aging population, ballooning local-government debt and persistent deflation.\n\nIn the past, China has taken painful measures to rein in overcapacity, such as reforms in the 1990s that closed companies and put millions of people out of work. That hasn’t happened this time.\n\nSlow-motion response\n\nMeasures introduced last year by Chinese leaders have mostly focused on fending off immediate financial risks, letting down investors who hoped for more stimulus to spark spending. Investors pulled a net $4.4 billion out of Chinese A-share equity funds in 2024, after a net $2.6 billion of outflows in 2023, according to Morningstar.\n\nSome companies are hoping Chinese leaders will roll out more consumption-focused stimulus this year, with the National People’s Congress, China’s top legislative body, set to convene in March.\n\nSHARE YOUR THOUGHTS What is your outlook on China’s economy? Join the conversation below.\n\nRed Star Macalline, a Shanghai-based furniture and home decor retailer, said it expects to post a loss equivalent to around $400 million in 2024. But it expects policy measures supporting consumption to lead to a rebound in demand, according to a filing. The company didn’t respond to a request for comment.\n\nThe State Council Information Office, which handles inquiries for China’s leadership, didn’t respond to questions.\n\nWhile new U.S. tariffs add to the headaches for China, some investors and analysts say problems at home are more pressing. Most of the revenue of public companies listed in mainland China is derived domestically.\n\n“People might be overly worried about tariffs,” said Nicholas Yeo, head of China equities at abrdn, a U.K.-based investment company. “It is the domestic economy that needs to be fired up.”\n\n—Rebecca Feng contributed to this article.\n\nWrite to Hannah Miao at hannah.miao@wsj.com\n\nTrump’s Tariffs News and analysis on the tariffs and their impact, selected by the editors WSJ Answers Tariff Questions",
    "published": "2025-02-06"
  },
  {
    "source": "WSJ",
    "title": "AstraZeneca Expects Revenue, Earnings Growth Despite Sales Drop in China",
    "summary": "Fourth-quarter results beat expectations despite weak sales in China, where it faces a potential fine from a drug-import probe",
    "link": "https://www.wsj.com/business/earnings/astrazeneca-expects-further-sales-earnings-growth-after-results-beat-market-views-af27699b?mod=Searchresults_pos13&page=1",
    "content": "AstraZeneca said it could face a fine of up to $4.5 million if it is found liable in a probe into illegal drug-import allegations in China.\n\nAstraZeneca AZN 0.31 %increase; green up pointing triangle said it forecasts sales and earnings growth this year after fourth-quarter results beat expectations, as strength in its oncology business offset weak China sales, but warned of a potential fine from a drug-import probe in the country.\n\nThe results lifted AstraZeneca’s shares, which rose as much as 5% in European morning trade.\n\nAstraZeneca said it could face a fine of up to $4.5 million if it is found liable in a probe into illegal drug-import allegations in China. The company had previously said current and former employees in China were under investigation and vowed to cooperate with authorities.\n\nThe company said Shenzhen’s customs office notified it of suspected unpaid import taxes of $900,000 and that it might get a fine of between one and five times that amount. AstraZeneca said it believes the taxes relate to its Imfinzi and Imjudo cancer drugs, but Chief Executive Pascal Soriot said in a conference call the probe could possibly involve more drugs.\n\nLooking ahead, AstraZeneca forecasts revenue would increase by a high single-digit percentage in 2025, with core earnings per share rising at a low double-digit percentage, when excluding currency movements.\n\nAstraZeneca said core earnings per share–its preferred metric, which strips out exceptional and other one-off items–were $2.09 for the three months ended Dec. 31, up from $1.45 for the comparable period a year earlier. This compared with estimates of $2.07 taken from a company-compiled consensus.\n\nAfter-tax profit rose to $1.50 billion from $959 million.\n\nTotal revenue for the quarter was $14.89 billion, ahead of expectations of $14.2 billion, and up from $12.02 billion the year before.\n\nAstraZeneca’s sales in China fell 1% to $1.36 billion. The company attributed the decline to low rates of seasonal respiratory viral infections and year-end hospital dynamics.\n\nChief Financial Officer Aradhana Sarin in January warned the company’s China business could suffer a revenue impact in the last quarter of the year and going into this year amid the probe.\n\nInvestors’ greatest concern had been the impact of the China investigation on the business, which seems manageable so far and appears to be progressing toward an eventual resolution, Barclays analysts said in a note to clients.\n\nWrite to Helena Smolak at helena.smolak@wsj.com",
    "published": "2025-02-06"
  },
  {
    "source": "WSJ",
    "title": "Bank of England Cuts Interest Rates to 4.5%, Warns of Trump Tariff Impact",
    "summary": "U.K. central bank trims growth forecasts as threat of U.S. tariffs clouds global outlook",
    "link": "https://www.wsj.com/economy/global/bank-of-england-cuts-rates-warns-of-tariff-impact-c5d2783b?mod=Searchresults_pos1&page=128",
    "content": "The BOE indicated that it would support further rate cuts this year, but at a gradual pace, due to concerns about inflation and the weakness of the pound.\n\nThe BOE lowered its forecast for UK economic growth to 0.75% this year, down from 1.5% in November.\n\nThe Bank of England cut interest rates to 4.5%, citing concerns about economic growth and the potential impact of U.S. tariffs.\n\nThe Bank of England cut its key interest rate Thursday, a response to a troubling mix of stuttering economic growth, stubborn inflation and President Trump’s tariff threats.\n\nThe key point\n\nThe BOE cut rates, by a quarter percentage point to 4.5%, for the third time since August and lowered its forecasts for U.K. economic growth, which is already trailing far behind the U.S. Britain faces a slew of uncertainties, including the possibility that trade conflicts initiated by the U.S. will chill global growth and demand for U.K. exports—even if the country escapes direct tariffs itself.\n\n“We’ll be monitoring the U.K. economy and global developments very closely and taking a gradual and careful approach to reducing rates further,” said BOE Gov. Andrew Bailey.\n\nThe British pound slumped more than 1% against the dollar, the U.K.’s benchmark FTSE 100 stock index rose 1.6% and yields on shorter-term government bonds edged lower. Two of the bank’s nine rate-setters voted for larger half-percentage-point cuts, a move that surprised investors and signaled support for more-aggressive cutting ahead.\n\nThe context\n\nThe BOE reduced its forecast for U.K. growth, taking into account a recent rise in government-bond yields and weakened confidence. The bank now sees gross domestic product rising 0.75% this year, compared with 1.5% in November. It expects the U.S. economy to grow 2.25%.\n\nSHARE YOUR THOUGHTS Is the Bank of England taking the right steps with its key interest rate? Join the conversation below.\n\nThe BOE warned that growth could be even slower if U.S. tariffs on imports rise, or even if there are high levels of uncertainty about U.S. trade policy following Trump’s recent announcements of new tariffs on imports from Canada, Mexico and China.\n\nThe Federal Reserve last week left its key rate unchanged and said it was in no hurry to lower borrowing costs. By contrast, the European Central Bank cut for the fifth time this cycle, with investors expecting further reductions at each of its next three policy meetings.\n\nWhat’s next\n\nPolicymakers indicated they would support further reductions this year, but at a gradual pace given persistent worries over rapid rises in wages and services prices. Derivatives markets suggest rates will fall to 3.75% by year-end, implying three more quarter-point cuts, according to LSEG.\n\nComplicating the BOE’s task is the weakness of the pound against the dollar. A weak pound has pushed prices of energy and other imports higher. The currency could weaken further the more the BOE cuts rates, especially if the Fed keeps rates where they are, as many analysts expect. Investors tend to flock to currencies with higher-yielding returns.\n\nThe BOE and other central banks appear more concerned by signs of weak growth, which could push inflation rates below their targets over the coming years.\n\nWhile Trump this week said the U.S. would “definitely” raise tariffs on goods from the European Union, he has also said trade with the U.K., although out of line, can be worked out.\n\nTariffs that “fragmented” the global economy would weaken growth but their impact on inflation would be unclear, Bailey told reporters Thursday.\n\n“We’re going to have to give the administration time to form the policies it wants to form,” Bailey said. “We don’t know what the policies are, they change from day to day. We will judge it when it happens.”\n\nThe U.K.’s ruling Labour Party, which took over last year, has promised a major increase in spending to recharge growth. However, the BOE left its estimate for the U.K. economy’s potential growth rate over the next three years broadly unchanged, concluding that it will take time for new investments to have an impact. It also raised its inflation forecast for this year to take into account a rise in energy prices, and sees it peaking at 3.7% by the end of the summer, before falling back toward its target at the end of 2027.\n\nChelsey Dulaney contributed to this article.\n\nAdvertisement\n\nWrite to Paul Hannon at paul.hannon@wsj.com and Ed Frankl at edward.frankl@wsj.com",
    "published": "2025-02-06"
  },
  {
    "source": "WSJ",
    "title": "A.P. Moller-Maersk Swings to Profit as Red Sea Disruptions Boost Freight Rates",
    "summary": "The company reported a 49% increase in freight revenue in its ocean segment",
    "link": "https://www.wsj.com/business/earnings/a-p-moller-maersk-swings-to-profit-as-red-sea-disruptions-boost-freight-rates-eaf183a2?mod=Searchresults_pos14&page=89",
    "content": "Maersk added that it expects 4% growth in global container volumes in 2025.\n\nThe company said it would propose a 1,120 Danish kroner ($156) dividend after separately announcing Wednesday evening the start of a share buyback program of up to around $2 billion.\n\nA.P. Moller-Maersk reported a better-than-expected fourth-quarter swing to profit, with results boosted by higher shipping rates due to Red Sea trade disruption.\n\nA.P. Moeller-Maersk hiked its dividend after posting a better-than-expected fourth-quarter swing to profit, with results boosted by higher shipping rates due to Red Sea trade disruption.\n\nThe Danish shipping company on Thursday said that 2024 was its third-best financial year, and added that its earnings reflected a significant increase in freight rates.\n\nDisruption to shipping lanes in the Red Sea pushed up shipping rates by 38% in the quarter, driving 49% higher freight revenue at Maersk’s ocean segment, its container shipping business and the company’s largest division.\n\n“Not only did demand keep surprising shippers and carriers to the upside, but the Red Sea disruption meant additional capacity was needed to cope with the re-routing of key services around the Cape of Good Hope. Consequently, freight rates rose substantially,” the company said.\n\nStrikes by Houthi militants in Yemen against ships traversing the Red Sea, especially since the October 2023 attack by Hamas on Israel, forced many container operators to divert their cargo ships to longer routes around the Cape of Good Hope at the southern tip of Africa.\n\nDespite a ceasefire between Hamas and Israel, and a pledge by Houthis not to attack U.S. and British shipping while it holds, unease remains.\n\nMaersk was among several companies, also including CMA CGM and MSC Mediterranean Shipping, to say last month that they would keep diverting ships from the region, one of the world’s busiest trade lanes connecting Asia and Europe.\n\nThe tensions meant Maersk’s ocean business fourth-quarter earnings before interest and taxes soared to $1.6 billion from a $920 million loss a year prior.\n\nThe company said it would propose a 1,120 Danish kroner ($156) dividend after separately announcing Wednesday evening the start of a share buyback program of up to around $2 billion. It had proposed a dividend of 515 Danish kroner for 2023.\n\nFor 2025, Maersk said it is targeting between $6 billion and $9 billion in underlying earnings before interest, taxes, depreciation and amortization, and up to $3 billion in underlying earnings before interest and taxes. It assumes the Red Sea re-opens mid-year for the low end of the guidance, and re-opens at year-end for the high-end.\n\nThe company said it expects a $3 billion cash outflow in 2025, and $10 billion to $11 billion in capital expenditures in 2025-26.\n\nMaersk added that it expects 4% growth in global container volumes in 2025.\n\nIt reported $2.085 billion in net profit for the last quarter of last year, compared with a net loss of $436 million a year earlier, when an oversupply of cargo capacity weighed on freight rates.\n\nQuarterly revenue came to $14.59 billion, a 24% on-year increase.\n\nThe result compares with analysts’ expectations of $1.31 billion in net profit on $13.89 billion in revenue, according to a Visible Alpha consensus.\n\nAdvertisement\n\nWrite to Pierre Bertrand at pierre.bertrand@wsj.com",
    "published": "2025-02-06"
  },
  {
    "source": "WSJ",
    "title": "Amazon Earnings: Shares Fall After Sales Outlook Is Weaker Than Expected",
    "summary": "Company to allocate record amount to capital expenditures for AI",
    "link": "https://www.wsj.com/business/earnings/amazon-com-amzn-q4-earnings-report-2024-d62970e8?mod=Searchresults_pos17&page=177",
    "content": "An Amazon shipping facility in Mexico. The company is contending with new e-commerce rivals.\n\nAmazon.com AMZN 0.59 %increase; green up pointing triangle shares slipped Thursday after the company projected lower-than-expected sales and operating income and said it plans to allocate a record amount to capital expenditure this year to build artificial-intelligence infrastructure.\n\nAmazon is the latest large tech company to unveil big spending plans for AI, even as some investors are starting to question whether the spending spree is prudent.\n\n“Virtually every application that we know of today is going to be reinvented with AI inside of it,” Amazon Chief Executive Andy Jassy said on a call with analysts Thursday.\n\nAmazon projected net sales for the first quarter of between $151 billion and $155.5 billion, as well as operating income of between $14 billion and $18 billion. The high end of each outlook came in below Wall Street’s expectations.\n\nThe company’s net sales last quarter rose 10% from a year earlier to $187.79 billion, in line with analysts’ expectations. Net income rose 88% to $20 billion, higher than predicted.\n\nRevenue from Amazon’s cloud-computing unit, Amazon Web Services, increased 19% to $28.79 billion, slightly lower than expected. Analysts said they were closely monitoring this number after disappointing cloud-computing results from Alphabet and Microsoft.\n\nAmazon stock—which has climbed roughly 40% in the past 12 months—fell 4% in after-hours trading.\n\nThe company said it planned more than $100 billion in capital expenditure this year as part of a push to build generative AI services. The company spent about $78 billion on capex last year.\n\nOn Tuesday, Alphabet unveiled plans to invest $75 billion in capital expenditures this year. Microsoft’s total capital bill is expected to top $90 billion this calendar year, and Meta Platforms has said it plans to bump up its spending more than 60% to as much as $65 billion this year.\n\nU.S. tech stocks tumbled last week after the surprise success of a new generative artificial-intelligence model from China. The free-to-use model from DeepSeek was built at a fraction of the cost of leading AI technology from the U.S. and has comparable performance.\n\nAmazon CEO Jassy wants to make Amazon an AI leader. As the world’s largest cloud-service provider, the company is in a good position to profit from AI. Amazon has created special teams to drive generative AI innovation and has released a flurry of services, including an AI shopping assistant.\n\nAI represents “probably the biggest technology shift and opportunity in business since the internet,” Jassy said Thursday.\n\nPresident Trump moved to close a loophole that has fueled a boom in cheap goods being shipped from China to the U.S. WSJ’s Jonathan Cheng traveled to the world’s largest wholesale market to see how these products are making their way into U.S. markets. Photo: CCTV+\n\nIn its e-commerce business, Amazon has had to contend with new rivals such as Temu and Shein. Both of those companies offer low prices and source products extensively from China.\n\nPresident Trump suspended a trade exemption known as the de minimis provision that Shein, Temu and other Amazon competitors have used to avoid import duties on low-value packages from China.\n\nWhile Amazon might benefit from the change to the trade provision, the company isn’t immune to it. Many of Amazon’s sellers source their inventory from overseas—and in November the company launched Amazon Haul, a service that mails inexpensive products to customers from warehouses in China.\n\nSeparately, during the important holiday quarter, Amazon grappled with threats from one of the largest U.S. labor unions. The International Brotherhood of Teamsters tried to disrupt holiday deliveries to pressure Amazon to negotiate with its warehouse workers. At the time, the company said those attempts had little effect on its holiday deliveries.\n\nThis year, Amazon told its corporate staff to return to working in the office five days a week. Employees say the company’s strict return-to-office policy has been logistically challenging and has prompted some backlash.\n\nWrite to Preetika Rana at preetika.rana@wsj.com\n\nHow the Biggest Companies Are Performing WSJ coverage and analysis of the latest corporate earnings",
    "published": "2025-02-06"
  },
  {
    "source": "WSJ",
    "title": "The Left Didn’t Always Love USAID",
    "summary": "Until recently, the agency received criticism not only from conservatives but from leftists and centrists.",
    "link": "https://www.wsj.com/opinion/the-left-didnt-always-love-usaid-us-agency-for-international-development-c7888341?mod=Searchresults_pos19&page=164",
    "content": "Employees and supporters gather to protest outside of the U.S. Agency for International Development headquarters in Washington, Feb. 3.\n\nThe U.S. Agency for International Development is making headlines, and there seems to be a standard partisan divide on the issue. But the history of political support for or opposition to the agency is complex.\n\nUSAID today may look like a cherished agency of political progressives, but it has long faced skepticism and outright opposition from leftists and some centrist liberals. Many of the vocal left-leaning groups that today behave as though USAID is a selfless and apolitical agency would have employed a more thoughtful, multifaceted assessment in decades past.\n\nA primary complaint has been the failure of aid dollars to reach their stated beneficiaries. Critics note that a substantial portion of “foreign aid” never leaves the U.S., instead staying within USAID or circulating among well-heeled USAID subcontractors. Many of these subcontractors later work for USAID and sustain the revolving door of self-interest. Some dollars do reach intended recipients around the world, but plenty of the funding goes to local affiliates of those same USAID subcontractors. By most assessments, less than 10% of U.S. nonmilitary foreign aid ends up with locally based organizations.\n\nCritics on the left made these charges for decades, insisting that USAID primarily served Washington’s interests and rarely delivered on its promises. By contrast, a more-targeted program—the President’s Emergency Plan for AIDS Relief, a global health initiative created by President George W. Bush—is widely celebrated because it is mindfully administered by the executive branch rather than run entirely through USAID’s opaque and byzantine processes.\n\nMany critics in the New Left movement of the 1960s and ’70s also criticized USAID for some of its more nefarious actions, deeming them politically subversive and manipulative. In 1965 the New York Times reported that the level of USAID funding to India was contingent on India’s importing certain products, such as fertilizer, from U.S. companies. This was an example of so-called tied aid. Later that decade, USAID gave a Laotian general funding to start a private airline, which was involved in regional opium and heroin trades that funded Laos’s war against its communist foes.\n\nUSAID’s support for dictators has also attracted opposition. The agency generously supported many authoritarian figures and regimes—including Mobutu Sese Seko of Zaire (now Congo), the Duvaliers in Haiti, the Somoza regime in Nicaragua and the military junta in Brazil that took power in 1964.\n\nSome economists and aid practitioners argued that USAID’s economic assistance to these countries was often paternalistic at best and destructive at worst. They accused the agency of undercutting farmers by dumping free grain in local markets in Haiti, impoverishing rural communities that were critical constituencies resisting dictatorial rule. While USAID fed hungry people, critics argued, it also sometimes fatally compromised a society’s ability to produce its own food, weakening popular resistance to authoritarian rulers.\n\nIn 2006 the U.S. spent millions of dollars through USAID to boost the popularity of the Palestinian Authority before its election against Hamas in Gaza. This was likely counterproductive. The appearance of foreign money flowing toward the Palestinian Authority may have damaged its credibility, and Hamas won the election.\n\nIn post-Soviet states, organizers of “color revolutions,” or political uprisings, have openly received hundreds of millions from USAID. Closer to home, USAID developed a social-media app in 2010 designed to encourage young Cubans to revolt against the government.\n\nAs recently as 2009, there was still an interest in improving transparency. President Obama said “the American people’s money must be spent to advance their priorities, not to line the pockets of contractors or to maintain projects that don’t work.” Today, these kinds of critiques have all but disappeared in liberal circles as the political winds have shifted.\n\nBut it isn’t only liberals. Until recently, although conservatives often criticized USAID for its lack of effectiveness and accountability, they generally considered it an effective tool for growing American soft power. They supported its efforts to stabilize regions of interest, strengthen U.S. businesses’ entry into foreign markets, and maintain foreign market share through budgetary leverage. USAID’s close working relationship with U.S. intelligence agencies and U.S.-funded armed groups was also seen as necessary to achieve these goals.\n\nViews of the agency have changed drastically in recent years. USAID lost face with conservatives after it was revealed that the agency’s Center on Democracy, Human Rights and Governance had turned some of its focus inward and was meddling in domestic politics. In 2021 this USAID bureau published a 100-page “disinformation primer” for USAID staff and partners on how private tech and media companies can better “manage” inconvenient political speech online. This censorship makes it more palatable for civil libertarians and conservatives to shrug at GOP proposals to defund the agency and its grantees completely.\n\nThe current conservative and the older liberal critiques of USAID are both valid. This moment presents a chance to change foreign aid radically. Aid should be maintained for assisting other countries when and where needed, for maximum benefit of recipients, with a plan to hand activities over to capable local partners. Subcontractors should be properly vetted and their windfall revenues from public coffers made public. Domestic political manipulation should be forbidden.\n\nCongress should lead the way in improving the foreign aid model, lest the deeply flawed USAID simply be reinstalled when the White House changes hands. We don’t want to end up back where we started.\n\nMr. Nicholson is director of Advance Access and Delivery, a global health nonprofit.\n\nReview and Outlook: With the pushback over potential reform of the U.S. Agency for International Development, Elon Musk gets a flavor of what his Department of Government Efficiency faces. Photo: Drew Angerer/AFP/Getty Images/Kevin Lamarque/AP",
    "published": "2025-02-06"
  },
  {
    "source": "WSJ",
    "title": "Anglo American Warns of De Beers Impairment Amid Subdued Diamond Demand",
    "summary": "Demand for De Beers diamonds has fallen as cheaper manufactured gemstones rise in popularity",
    "link": "https://www.wsj.com/business/anglo-american-warns-of-de-beers-impairment-amid-subdued-diamond-demand-51c6294b?mod=Searchresults_pos17&page=202",
    "content": "Anglo American said it continues to prepare the De Beers business for separation.\n\nAnglo American has reduced its 2025 diamond production guidance and reported a 26% decline in fourth-quarter output due to low demand and high inventory levels.\n\nDe Beers' earnings are projected to be slightly negative in 2024, with demand impacted by synthetic gemstones and sluggish economic growth, particularly in China.\n\nAnglo American anticipates an impairment charge for its De Beers diamond business due to ongoing weak demand, leading to a review of its value.\n\nAnglo American AAL 0.94 %increase; green up pointing triangle expects its De Beers diamond business to book an impairment as the mining giant reviews the value of the unit it hopes to offload.\n\nThe London-listed miner said Thursday that the review would examine De Beers’s value in light of continued subdued demand for diamonds as it seeks to exit the business. Last year, Anglo wrote down the book value of De Beers by $1.6 billion to $7.6 billion.\n\nAfter a failed takeover approach by rival BHP last year, Anglo has simplified its business to focus on copper, premium iron ore and crop nutrients. It has so far disposed of its steelmaking coal business and is the process of offloading its shares in Anglo American Platinum before an expected demerger by the middle of this year. While the company said Thursday that it is making progress in exiting its nickel business, the diamond business is proving harder to dispose of.\n\nDemand for De Beers’s diamonds has fallen significantly as cheaper manufactured gemstones have risen in popularity and global economic growth has remained weak. While the decline in demand has been universal, Anglo on Thursday highlighted waning Chinese sales.\n\nThe company said it expects De Beers’s full-year earnings before interest, taxes, depreciation and amortization to be marginally negative in 2024. The division booked $72 million in underlying Ebitda in 2023.\n\nWhile the company said Thursday that it continues to prepare the business for separation, its timeline for selling continues to slip. The division has the potential to be a significant cash drag on the miner for the next couple of years, RBC Capital Markets analysts wrote last month.\n\nDe Beers and its partners produce around one-third of the world’s rough diamonds by value, according to its website. Anglo owns 85% of De Beers, with the remaining 15% owned by the government of Botswana.\n\nAnglo on Thursday cut its 2025 diamond production guidance to between 20 million to 23 million carats from previous expectations of 30 million to 33 million carats\n\nIn its production update, Anglo said fourth-quarter diamond output fell 26% on year to 5.8 million carats as it cut production in response to low demand and higher-than-normal levels of inventory.\n\nIn early morning European trade, shares were trading up 3.8% at 2,420 pence. They are currently up 2.4% in the year to date and 3.1% higher over the month.\n\nAnglo said Thursday that it dug out 198,000 tons of copper, 14% less than in the fourth quarter of 2023, due to the planned shutdown of its smaller Los Bronces plant.\n\nMeanwhile, across the business, all divisions met their full-year production guidance, it said.\n\nThe company kept its full-year guidance for copper production for 2025 and 2026 unchanged.\n\nAdvertisement\n\nWrite to Adam Whittaker at adam.whittaker@wsj.com",
    "published": "2025-02-06"
  },
  {
    "source": "WSJ",
    "title": "America Is Abandoning DEI. The NFL Remains All-In.",
    "summary": "Everyone from the federal government to Fortune 500 companies is dialing back their diversity efforts. But America’s most popular sport is standing its ground.",
    "link": "https://www.wsj.com/sports/football/nfl-super-bowl-dei-end-racism-b78a3495?mod=Searchresults_pos12&page=203",
    "content": "The NFL is facing skepticism about the effectiveness of its Rooney Rule, which requires teams to interview minority candidates for important jobs.\n\nNFL commissioner Roger Goodell has stated that the league's DEI efforts are not influenced by political climate and will continue.\n\nThe NFL remains committed to diversity, equity, and inclusion (DEI) initiatives despite a national shift away from such efforts.\n\nNew Orleans\n\nIn 2020, as protests over racial inequities and police brutality swept across the country, NFL commissioner Roger Goodell ordered the league to embark on an all-out blitz in support of social-justice issues.\n\n“End Racism” was stenciled into the back of end zones. A song known as the Black national anthem was played before games. The league committed hundreds of millions of dollars to back equality initiatives.\n\nBut five years later, as the Kansas City Chiefs and Philadelphia Eagles prepare to square off in Sunday’s Super Bowl, the NFL finds itself in a very different position. Even as the rest of America is running away from diversity efforts, America’s most popular sport is digging in.\n\nNewly re-elected President Trump, who plans to attend Sunday’s game, has quickly moved to unravel diversity, equity and inclusion plans in the federal government. Fortune 500 companies have taken steps to roll back their own diversity practices. Firms that haven’t followed suit have faced criticism from activists and agitators.\n\nAt the same time, the NFL has come under fire over accusations that its own diversity practices aren’t tough enough. The league is coming off a hiring cycle that raised questions about whether policies designed to ensure a diverse pool of candidates gets considered for jobs such as head coach are actually working.\n\nIn the new national reckoning over DEI, the NFL is somehow feeling the squeeze from both sides.\n\nUnlike many business leaders, though, Goodell wasn’t shy this week about taking a clear stance on the issue—even if it’s one that won’t find favor among many of the 100 million viewers who tune in for the Super Bowl. He firmly stood by the NFL’s diversity initiatives and said they won’t change just because the political climate has shifted, adding that they’re both positive for the league and a “reflection of our fan base and our communities and our players.”\n\n“We got into diversity efforts because we felt it was the right thing for the National Football League, and we’re going to continue to do those efforts,” Goodell said. “We’re not in this because it’s a trend to get into it or a trend to get out of it.”\n\nThat attitude, people familiar with the matter say, is shared by NFL owners, who have pushed for the league to stick with its policies—even though many of them have publicly supported Trump. They point out that the league has never had hiring quotas, but has stuck by the idea that the NFL is at its best when its teams select from a wide array of candidates.\n\nPresident Trump attended a Pittsburgh Steelers game at Acrisure Stadium during his campaign in October. Photo: Evan Vucci/Associated Press\n\nIt helps that unlike public companies, which have to answer to shareholders and boards, the dynamics of pro football are quite different, allowing the league to stay on its desired path.\n\n“The policies that the league has instituted over the last decade plus make a lot of sense,” Chiefs owner Clark Hunt said. “I really don’t see the league taking a step back from that, and I’ve not felt any owner suggesting that.”\n\nStill, the NFL has traditionally been sensitive to the way that the cultural winds are blowing. It also knows better than any other league how Trump can weaponize politics against a sport.\n\nDuring Trump’s first term, he assailed player protests against racial injustice as unpatriotic and decried the NFL and its owners for allowing them to persist. When the league allowed them to continue, it placed America’s most popular sport in a direct feud with the sitting president.\n\nThat dispute left a mark on the league. In the months after the 2017 season, the NFL implemented a policy allowing teams to punish players for protesting. Team owners privately acknowledged that Trump’s influence had directly shifted their thinking on player protests, though the rule was ultimately abandoned before any games were played.\n\nJust a few years later, cultural trends shifted once more. In the wake of George Floyd’s killing, racial inequality became a flashpoint. Once again, the NFL pivoted. Goodell endorsed the idea that players had a right to peaceful protest and the league put even more weight behind a host of initiatives meant to amplify the causes that mattered most to players and the pipeline of diverse candidates for high-profile jobs.\n\nThis time, however, NFL decision makers say the new administration’s stance won’t influence their approach. Goodell says the diversity committee has met several times in recent months, and the league is confident that its policies are designed to be “well within the law” and “consistent with the current administration, as well as the last one.”\n\n“This is about opening that funnel and bringing the best talent into the NFL,” Goodell said.\n\nYet the NFL is also facing a fresh bout of skepticism about the effectiveness of its own diversity efforts, including the Rooney Rule, a policy established in 2003 that now requires teams to interview at least two minority candidates for important jobs such as coach.\n\nDuring this latest hiring season, questions were raised about a spate of seemingly token interviews with minority candidates that appeared designed simply to satisfy the Rooney Rule.\n\nThe league closely tracks teams’ interview processes, from the length of interviews to who is conducting them, and hasn’t found any instances of candidates brought in simply to check a box, according to people familiar with the NFL’s thinking. They added that most teams exceeded Rooney Rule requirements this year.\n\nFor the first time in several years, Sunday’s Super Bowl won’t display ‘End Racism’ slogans in the end zone. Photo: kirby lee/Reuters\n\nStill, with Super Bowl LIX just days away, fans wondering if the league is poised to change tack on this issue once again won’t have to look too hard to find an example. For the first time in several years, Sunday’s Super Bowl will be the first that won’t display “End Racism” slogans in the end zone.\n\nInstead, the lettering will say “Choose Love,” which NFL spokesman Brian McCarthy noted was also used in Kansas City for the AFC Championship. He said the message was appropriate given recent national tragedies, including the wild fires in California and the New Year’s terrorist attack in New Orleans.\n\n“The Super Bowl is often a snapshot in time,” McCarthy said, “and the NFL is in a unique position to capture and lift the imagination of the country.”\n\nWrite to Andrew Beaton at andrew.beaton@wsj.com\n\nSheryl Lee Ralph performs ‘Lift Every Voice and Sing’ before Super Bowl LVII between the Kansas City Chiefs and the Philadelphia Eagles. Photo: Rob Carr/Getty Images",
    "published": "2025-02-06"
  },
  {
    "source": "WSJ",
    "title": "America Is Abandoning DEI. The NFL Remains All-In.",
    "summary": "Everyone from the federal government to Fortune 500 companies is dialing back their diversity efforts. But America’s most popular sport is standing its ground.",
    "link": "https://www.wsj.com/sports/football/nfl-super-bowl-dei-end-racism-b78a3495?mod=Searchresults_pos15&page=204",
    "content": "The NFL is facing skepticism about the effectiveness of its Rooney Rule, which requires teams to interview minority candidates for important jobs.\n\nNFL commissioner Roger Goodell has stated that the league's DEI efforts are not influenced by political climate and will continue.\n\nThe NFL remains committed to diversity, equity, and inclusion (DEI) initiatives despite a national shift away from such efforts.\n\nNew Orleans\n\nIn 2020, as protests over racial inequities and police brutality swept across the country, NFL commissioner Roger Goodell ordered the league to embark on an all-out blitz in support of social-justice issues.\n\n“End Racism” was stenciled into the back of end zones. A song known as the Black national anthem was played before games. The league committed hundreds of millions of dollars to back equality initiatives.\n\nBut five years later, as the Kansas City Chiefs and Philadelphia Eagles prepare to square off in Sunday’s Super Bowl, the NFL finds itself in a very different position. Even as the rest of America is running away from diversity efforts, America’s most popular sport is digging in.\n\nNewly re-elected President Trump, who plans to attend Sunday’s game, has quickly moved to unravel diversity, equity and inclusion plans in the federal government. Fortune 500 companies have taken steps to roll back their own diversity practices. Firms that haven’t followed suit have faced criticism from activists and agitators.\n\nAt the same time, the NFL has come under fire over accusations that its own diversity practices aren’t tough enough. The league is coming off a hiring cycle that raised questions about whether policies designed to ensure a diverse pool of candidates gets considered for jobs such as head coach are actually working.\n\nIn the new national reckoning over DEI, the NFL is somehow feeling the squeeze from both sides.\n\nUnlike many business leaders, though, Goodell wasn’t shy this week about taking a clear stance on the issue—even if it’s one that won’t find favor among many of the 100 million viewers who tune in for the Super Bowl. He firmly stood by the NFL’s diversity initiatives and said they won’t change just because the political climate has shifted, adding that they’re both positive for the league and a “reflection of our fan base and our communities and our players.”\n\n“We got into diversity efforts because we felt it was the right thing for the National Football League, and we’re going to continue to do those efforts,” Goodell said. “We’re not in this because it’s a trend to get into it or a trend to get out of it.”\n\nThat attitude, people familiar with the matter say, is shared by NFL owners, who have pushed for the league to stick with its policies—even though many of them have publicly supported Trump. They point out that the league has never had hiring quotas, but has stuck by the idea that the NFL is at its best when its teams select from a wide array of candidates.\n\nPresident Trump attended a Pittsburgh Steelers game at Acrisure Stadium during his campaign in October. Photo: Evan Vucci/Associated Press\n\nIt helps that unlike public companies, which have to answer to shareholders and boards, the dynamics of pro football are quite different, allowing the league to stay on its desired path.\n\n“The policies that the league has instituted over the last decade plus make a lot of sense,” Chiefs owner Clark Hunt said. “I really don’t see the league taking a step back from that, and I’ve not felt any owner suggesting that.”\n\nStill, the NFL has traditionally been sensitive to the way that the cultural winds are blowing. It also knows better than any other league how Trump can weaponize politics against a sport.\n\nDuring Trump’s first term, he assailed player protests against racial injustice as unpatriotic and decried the NFL and its owners for allowing them to persist. When the league allowed them to continue, it placed America’s most popular sport in a direct feud with the sitting president.\n\nThat dispute left a mark on the league. In the months after the 2017 season, the NFL implemented a policy allowing teams to punish players for protesting. Team owners privately acknowledged that Trump’s influence had directly shifted their thinking on player protests, though the rule was ultimately abandoned before any games were played.\n\nJust a few years later, cultural trends shifted once more. In the wake of George Floyd’s killing, racial inequality became a flashpoint. Once again, the NFL pivoted. Goodell endorsed the idea that players had a right to peaceful protest and the league put even more weight behind a host of initiatives meant to amplify the causes that mattered most to players and the pipeline of diverse candidates for high-profile jobs.\n\nThis time, however, NFL decision makers say the new administration’s stance won’t influence their approach. Goodell says the diversity committee has met several times in recent months, and the league is confident that its policies are designed to be “well within the law” and “consistent with the current administration, as well as the last one.”\n\n“This is about opening that funnel and bringing the best talent into the NFL,” Goodell said.\n\nYet the NFL is also facing a fresh bout of skepticism about the effectiveness of its own diversity efforts, including the Rooney Rule, a policy established in 2003 that now requires teams to interview at least two minority candidates for important jobs such as coach.\n\nDuring this latest hiring season, questions were raised about a spate of seemingly token interviews with minority candidates that appeared designed simply to satisfy the Rooney Rule.\n\nThe league closely tracks teams’ interview processes, from the length of interviews to who is conducting them, and hasn’t found any instances of candidates brought in simply to check a box, according to people familiar with the NFL’s thinking. They added that most teams exceeded Rooney Rule requirements this year.\n\nFor the first time in several years, Sunday’s Super Bowl won’t display ‘End Racism’ slogans in the end zone. Photo: kirby lee/Reuters\n\nStill, with Super Bowl LIX just days away, fans wondering if the league is poised to change tack on this issue once again won’t have to look too hard to find an example. For the first time in several years, Sunday’s Super Bowl will be the first that won’t display “End Racism” slogans in the end zone.\n\nInstead, the lettering will say “Choose Love,” which NFL spokesman Brian McCarthy noted was also used in Kansas City for the AFC Championship. He said the message was appropriate given recent national tragedies, including the wild fires in California and the New Year’s terrorist attack in New Orleans.\n\n“The Super Bowl is often a snapshot in time,” McCarthy said, “and the NFL is in a unique position to capture and lift the imagination of the country.”\n\nWrite to Andrew Beaton at andrew.beaton@wsj.com\n\nSheryl Lee Ralph performs ‘Lift Every Voice and Sing’ before Super Bowl LVII between the Kansas City Chiefs and the Philadelphia Eagles. Photo: Rob Carr/Getty Images",
    "published": "2025-02-06"
  },
  {
    "source": "WSJ",
    "title": "Donald Trump’s Two Minds on Tariffs",
    "summary": "For him, massive duties on foreign goods may be good policy, but threatening them is more useful.",
    "link": "https://www.wsj.com/opinion/donald-trumps-two-minds-on-tariffs-policy-trade-92578d8c?mod=Searchresults_pos17&page=26",
    "content": "Donald Trump contains multitudes. Trying to understand his thinking or divine his motives can drive you insane—which is maybe the point.\n\nThe uproar over Mr. Trump’s decision to impose and then postpone tariffs on Mexico and Canada offers competing interpretations. But I am partial to one that doesn’t seek coherence. Mr. Trump, as a variety of writers have long noted in these pages, holds two contradictory views on tariffs. First, he believes they are capable of raising enormous revenue. Second, he believes the threat of their use can persuade other nations to behave in ways that align with U.S. interests. The problem is that success in one precludes success in the other: Either you raise revenue by imposing tariffs, or you push other nations around by merely threatening to use them.\n\nIf the test of a first-rate intelligence, as F. Scott Fitzgerald observed, is the ability to hold two opposed ideas in the mind at the same time and still retain the ability to function, Mr. Trump has a lot going on upstairs. He states the first view with conviction. He often compares himself to President William McKinley , who “made our country very rich through tariffs and through talent,” as Mr. Trump put it in his Second Inaugural Address. “My message to every business in the world is very simple,” he said at last month’s World Economic Forum: “Come make your product in America, and we will give you among the lowest taxes of any nation on Earth. . . . But if you don’t make your product in America, which is your prerogative, then, very simply, you will have to pay a tariff . . . which will direct hundreds of billions of dollars and even trillions of dollars into our Treasury to strengthen our economy and pay down debt.”\n\nPut aside questions of the wisdom and practicability of such a policy (there is little of either) and consider the reality that imposing it would require uncommon patience and a determined inactivity. The president would need to enact the levies on foreign goods and do nothing when levied nations cried foul, begged for exemptions and, receiving none, retaliated. Mr. Trump isn’t famous for patience and inactivity. In his first term, he placed tariffs on steel and aluminum from many countries, then rescinded them on Canada and Mexico. And he imposed much broader tariffs on China, which remained in place and expanded in this last round of duties. But these are negligible compared with the universal 20% tariff, and the 60% duty on all Chinese goods, he proposed during the campaign.\n\nMr. Trump’s second view of tariffs accords much more with his disposition. He plainly enjoys using American economic power to effect changes in other nations’ behavior, and he isn’t keen on distinguishing between allies and enemies. Much has been said about his use of tariffs as leverage, but the important fact about any single point of leverage is that it can be used only once. If the president imposes, say, a 10% tariff on a certain country, he can add to it later (and increase the pain for both parties), but the original threat is spent. For Mr. Trump, the threat is more useful—and I think it’s fair to say more fun—than its use.\n\nBut an important point is often overlooked here. The second view of tariffs only works if the first is credible. Foreign officials are far more likely to bend to the threat of tariffs if they believe Mr. Trump wants to impose them not simply as some remedial measure but for the purpose of enriching his nation.\n\nHe often sounds such notes. Canada and Mexico “have treated us very unfairly on trade,” Mr. Trump said in the Oval Office last week. “And we will be able to make that up very quickly, because we don’t need the products that they have.”\n\nWe don’t? Readers with any understanding of economics will recognize a terrible argument when they see one. The idea that the U.S. can or should make automobiles without any foreign-made parts is preposterous. But Mr. Trump isn’t stupid. I doubt he believes his words with self-conscious certitude.\n\nThe upshot of last weekend’s frenzied negotiations is unclear. Mexico has evidently agreed to send 10,000 troops to its northern border to prevent narcotics and illegal aliens from entering the U.S., and Canada has agreed to some similar measure. Mr. Trump has postponed the tariffs, but only for 30 days. He may express other demands soon.\n\nListen carefully, though, and you will note that Mr. Trump’s language on tariffs is usually pragmatic rather than dogmatic. He doesn’t defend his protectionist policies in the high-minded rhetoric of his economic-nationalist boosters. He doesn’t speak of America’s manufacturing base having been “hollowed out” by free trade or “neoliberal” policies. Mainly he says we’ve been “taken advantage of” and “ripped off” by other countries. The latter terms suggest the need to right wrongs or readjust the balance; they don’t suggest an urge to remake an entire economic system. Mr. Trump is still a real-estate magnate from Queens, and not an ideologue.\n\nMr. Swaim is an editorial page writer at the Journal.\n\nFree Expression: After the tariff threat, Canada follows Mexico’s lead and gives him a deal to trumpet and a story to tell. Photo: Michael Nagle/Mauricio Palos/David Kawai/Bloomberg News",
    "published": "2025-02-06"
  }
]