[
  {
    "source": "WSJ",
    "title": "Tech, Media & Telecom Roundup: Market Talk",
    "summary": "The latest Market Talks covering Technology, Media and Telecom. Published exclusively on Dow Jones Newswires at 4:20 ET, 12:20 ET and 16:50 ET.",
    "link": "https://www.wsj.com/business/tech-media-telecom-roundup-market-talk-ac6040ae?mod=Searchresults_pos3&page=55",
    "content": "Photo: florence lo/Reuters\n\nThe latest Market Talks covering Technology, Media and Telecom. Published exclusively on Dow Jones Newswires at 4:20 ET, 12:20 ET and 16:50 ET.\n\n0452 GMT – WiseTech’s increased debt leverage is likely to be the market’s only concern about the Australian logistics-software provider’s acquisition of e2open, E&P analyst Paul Mason says. He points out in a note to clients that leverage will climb to 3.5 times fiscal 2025 Ebitda as a result of the US$2.1 billion acquisition. However, Mason says that this was well flagged by WiseTech, adding that the company expects the level to fall to 2 times Ebitda over three years. E&P has a positive rating and a A$139.00 target price on the stock, which is up 5.7% A$105.76. (stuart.condie@wsj.com)",
    "published": "2025-05-25"
  },
  {
    "source": "WSJ",
    "title": "Auto & Transport Roundup: Market Talk",
    "summary": "Samsung Heavy Industries’ profit margin is likely to improve from 3Q with its floating liquefied natural gas project still on track in Canada, Daiwa Capital analysts Mike Oh and Daeho Son write in a note. ",
    "link": "https://www.wsj.com/business/auto-transport-roundup-market-talk-4503e59b?mod=Searchresults_pos4&page=117",
    "content": "Photo: jens schlueter/Agence France-Presse/Getty Images\n\nThe latest Market Talks covering the Auto and Transport sector. Published exclusively on Dow Jones Newswires at 4:20 ET, 12:20 ET and 16:50 ET.\n\n0547 GMT – Yangzijiang Shipbuilding seems more cautious over its 2025 new order-win outlook, CGS International analysts say in a research report. At its 1Q results call, management said it believes ship owners prefer to place new orders at Korean yards this year, the analysts note. Management highlighted uncertainty surrounding U.S. Trade Representative Section 301 actions against Chinese shipbuilders and global trade tariffs. According to management, however, there have been no delays or cancellation talks for its current order book, although inquiry levels are low and some options for large containership orders may not be exercised. The brokerage lowers the stock’s target price to S$2.72 from S$3.62 to partly reflect weaker shipping revenue assumptions, while maintaining an add rating. Shares are 0.5% lower at S$2.05. (ronnie.harui@wsj.com)",
    "published": "2025-05-25"
  },
  {
    "source": "WSJ",
    "title": "Trump’s Tariffs: Where Things Stand",
    "summary": "The basics on the president’s far-reaching protectionist agenda",
    "link": "https://www.wsj.com/economy/trade/trump-tariffs-list-products-canada-mexico-china-b41351df?mod=Searchresults_pos17&page=1",
    "content": "President Trump launched new broadsides in his tariff campaign on May 23, threatening a 50% rate on the European Union and at least 25% tariffs on foreign-made iPhones.\n\nThe latest salvo came a few weeks after he backed away from the biggest tariffs of his trade war, agreeing on May 12 to temporarily lower his new levies on Chinese imports to 30% from 145% while the two countries negotiate.\n\nMany of Trump’s other new tariffs remain, raising costs for importers and manufacturers.\n\nHere’s where his actions and proposals stand:\n\nEuropean Union\n\nOn May 23 Trump threatened to impose a 50% rate on the European Union starting June 1, arguing that trade negotiations with the bloc aren’t making progress. Two days later, he pushed back the tariff’s start date to July 9.\n\nTrump initially imposed a 20% “reciprocal” tariff on EU imports, which he later paused for 90 days to allow for negotiations. A 10% baseline levy remains, and some specific EU products, including cars, are subject to higher tariff rates. The EU didn’t immediately comment on Trump’s threat Friday.\n\nPresident Trump said the European Union would face a 50% tariff, and he threatened other companies like Apple and Samsung with tariffs for products made overseas. Photo: Kent Nishimura/Reuters\n\nApple Phones\n\nTrump on May 23 warned Apple that foreign-made iPhones could face tariffs of up to 25%, saying phones for U.S. customers must be made domestically and not in India “or anywhere else.”\n\nReciprocal tariffs\n\nOn April 5, Trump imposed a 10% “reciprocal” tariff on imports entering the U.S. from nearly every country, saying they were necessary to rebalance trade. On April 9, he imposed even higher tariffs on countries and regions that he said engaged in unfair trade, including the EU and Japan, but hours later he paused them for 90 days. Trump didn’t give China this reprieve, instead ratcheting up tariffs on the nation to a total of 145%.\n\nThe White House said some countries and goods already hit by separate Trump tariffs in recent weeks were excluded from these reciprocal levies, including steel and aluminum imports; autos and auto parts; and Canada and Mexico (see details of those levies below). On April 11 the administration exempted smartphones and other electronics from the reciprocal tariffs.\n\nChina\n\nOn May 12, after talks in Geneva, the U.S. and China announced they were temporarily rolling back the tariffs they had imposed in recent months. The cuts will last for 90 days while the two sides continue negotiations.\n\nThe U.S. will cut its new 145% tariffs on Chinese goods to 30%. Levies that predate Trump’s second term will continue.\n\nChina will cut its new levies on U.S. goods to 10% from 125%. It has also agreed to suspend or cancel retaliatory, nontariff measures.\n\nThe U.K.\n\nOn May 8, Trump announced the outlines of a new trade deal with the U.K. Under the deal, which is still being negotiated, most U.K. goods will still be subject to the global 10% tariff the U.S. imposed on all countries in April. But U.K. steel and aluminum will be exempt from the U.S.’s 25% levy, and U.K. car tariffs will be lowered to 10% from 25% for the first 100,000 vehicles.\n\nThe U.K. committed to import more U.S. goods, including Boeing planes.\n\nAutos\n\nOn April 3, the U.S. imposed a 25% tariff on imported autos. On May 3, it imposed 25% tariffs on imported auto parts, but said automakers can get a lower rate on those duties if the car is American-made.\n\nCanada retaliated by imposing 25% import tariffs on vehicles that don’t comply with the U.S.-Mexico-Canada Agreement, or USMCA, starting April 9.\n\nFentanyl and immigration tariffs on Canada and Mexico\n\nA 25% import tariff on goods from Mexico and Canada took effect March 4. Energy products and potash received a lower 10% tariff. Trump said this was to punish the countries for allowing fentanyl and unauthorized migrants to cross into the U.S.\n\nThe Trump administration later suspended those tariffs on goods that are eligible for duty-free trade under USMCA. Many goods entering the U.S. don’t comply with USMCA and are therefore subject to the new tariffs.\n\nCanada responded by placing tariffs on $21 billion in U.S. imports, including fruits and vegetables, appliances and liquor.\n\nMexico initially planned retaliatory measures but didn’t enact them.\n\nSteel and aluminum\n\nThe Trump administration imposed 25% tariffs on all steel and aluminum imports on March 12.\n\nCanada retaliated by imposing tariffs on an additional $20.6 billion in U.S. imported goods.\n\nOn April 9, the EU retaliated against the steel and aluminum tariffs by approving duties on about $23 billion of U.S. goods, to begin April 15. But the bloc suspended the duties after Trump paused his reciprocal tariffs.\n\nBuyers of Venezuelan oil\n\nOn March 24, Trump said the U.S. would impose a 25% tariff on goods from any country that buys oil or gas from Venezuela.\n\nDrugs and microchips\n\nOn April 14, the administration said it had opened new investigations that could result in tariffs on pharmaceutical products and semiconductors.\n\nThis explanatory article may be updated periodically.\n\nWrite to Jeanne Whalen at Jeanne.Whalen@wsj.com\n\nCorrections & Amplifications\n\nCanada plans to impose tariffs on an additional $20.6 billion of imported U.S. goods. An earlier version of this article incorrectly said the tariffs would apply to $20.7 billion of goods. (Corrected on March 12)\n\nTrump’s Tariffs News and analysis on the tariffs and their impact, selected by the editors WSJ Answers Tariff Questions",
    "published": "2025-05-25"
  },
  {
    "source": "WSJ",
    "title": "China Turns to Consumers to Boost Growth, but Households Are Wary",
    "summary": "Beijing has offered incentives to prod shoppers to spend more, but is reluctant to push a bigger shift away from manufacturing",
    "link": "https://www.wsj.com/world/china/china-turns-to-consumers-to-boost-growth-but-households-are-wary-e94be62a?mod=Searchresults_pos3&page=9",
    "content": "Government subsidies for trade-ins of old appliances and vehicles have boosted short-term sales.\n\nChina aims to boost domestic consumption amid trade tensions with the U.S. by encouraging household spending.\n\nHAIKOU, China—To weather a trade war with the U.S., China is looking to its own consumers to keep the economy churning.\n\nBeijing has made bolstering domestic consumption a top policy priority for the first time, promising efforts to boost household spending. In one initiative this year, the government allocated 300 billion yuan, equivalent to around $42 billion, to expand a program that pays shoppers to trade in old vehicles or electronics for new ones.\n\nBut while the program has boosted short-term economic activity, economists say it does little to rebalance a Chinese economy that has long favored manufacturing as a driver of growth. Economists and policy advisers have called on Beijing to address the deep-rooted impediments to consumption, including a threadbare social-welfare system that incentivizes households to save and a financial system geared toward channeling investment to manufacturing.\n\nMeanwhile, an epic property bust, slowing growth, deflation and high youth unemployment are all weighing on the economy and curtailing consumers’ inclination to spend.\n\nThe bid to rebalance the economy toward consumption is all the more urgent as a trade war with the U.S. pressures China’s ability to export its way to strong growth.\n\n“In the past, our finances mainly supported investing in projects. Now, we need to shift to investing in people,” said Peng Sen, president of the China Society of Economic Reform, a state-affiliated think tank, at a recent economic forum.\n\nPress shift question mark to access a list of keyboard shortcuts Keyboard Shortcuts Enabled Disabled Shortcuts Open/Close / or ? Play/Pause SPACE Increase Volume ↑ Decrease Volume ↓ Seek Forward → Seek Backward ← Captions On/Off c Fullscreen/Exit Fullscreen f Mute/Unmute m Decrease Caption Size - Increase Caption Size + or = Seek % 0-9 Subtitle Settings Off English Font Color White Font Opacity 100% Font Size 100% Font Family 'Retina' Character Edge None Edge Color Black Background Color Black Background Opacity 50% Window Color Black Window Opacity 0% Reset White Black Red Green Blue Yellow Magenta Cyan 100% 75% 50% 25% 200% 175% 150% 125% 100% 75% 50% Arial Courier Georgia Impact Lucida Console Tahoma Times New Roman Trebuchet MS Verdana None Raised Depressed Uniform Drop Shadow White Black Red Green Blue Yellow Magenta Cyan White Black Red Green Blue Yellow Magenta Cyan 100% 75% 50% 25% 0% White Black Red Green Blue Yellow Magenta Cyan 100% 75% 50% 25% 0% facebook x Link https://www.wsj.com/video/series/on-the-news/chinese-exporter-livestreams-to-offload-goods-stranded-by-us-tariffs/BC3B5827-1D86-49AC-BDE6-F7E4C9A27F0C Copied Embed https://video-api.wsj.com/api-video/player/v3/iframe.html?guid=BC3B5827-1D86-49AC-BDE6-F7E4C9A27F0C Copied Auto 540p (3486 kbps) 1080p (9144 kbps) 720p (4735 kbps) 540p (3486 kbps) 360p (2314 kbps) 360p (1182 kbps) 234p (826 kbps) 234p (425 kbps) 234p (262 kbps) Live 00:00 02:10 02:09 Chinese Exporter Livestreams to Offload Goods Stranded by U.S. Tariffs Play video: Chinese Exporter Livestreams to Offload Goods Stranded by U.S. Tariffs Keep hovering to play WSJ’s Rebecca Feng explains how President Trump’s tariffs on China have left containers of Chinese goods stranded in the country’s ports, forcing firms to come up with creative ways to sell their products. Photo: Qilai Shen/Bloomberg News\n\nAt Meidu Home Appliances, a multistory retail store in the center of the southern city of Haikou, a red billboard, banners and colorful streamers outside its entrance recently advertised deals on everything from TVs to air conditioners to refrigerators—all products eligible for the government incentives.\n\nMa Dejun, a driver for ride-hailing app Didi, shopped for a new washing machine. He isn’t earning much money from Didi these days, so the government subsidies are helping him make big-ticket purchases, he said. He also planned to buy a new electric scooter for around 3,000 yuan to take advantage of a subsidy for trading in his current three-year-old scooter.\n\n“It motivates me to spend more,” said Ma.\n\nThe incentives helped push retail sales of household electric and video appliances up more than 40% year over year in recent months, while sales of communication appliances have jumped around 30%, according to government data. Retail sales of consumer goods have risen overall, though growth dipped in April.\n\nHousehold nominal consumption in the first quarter grew 5.2% year over year, compared with 4.5% in the fourth quarter. From January to April, more than 34 million consumers participated in the household appliances trade-in program, generating sales of 174.5 billion yuan, according to China’s Commerce Ministry.\n\n“Since the beginning of this year, policy initiatives have continued to yield results, with sales continuing to rebound, but the internal driving force for consumption needs to be strengthened further,” a spokesperson for China’s National Bureau of Statistics said last Monday.\n\nThe subsidies only go so far. At Meidu, a shopper with the surname Ou said working-class Chinese like herself are hesitant to spend money because wages are low and income hasn’t increased. She welcomed the incentives, but said that “if your TV isn’t broken, you won’t buy a TV just because of the subsidy.” She left the store without buying anything.\n\nEven in Haikou, which sits on the tropical island of Hainan known for its leisurely pace of life, parents were worried about their children’s futures and others expressed concern about whether their adult children would get married. Local shopkeepers noted a slowdown in tourist activity.\n\nWu Shansheng, a father of two who produces and sells surveillance equipment, said sales are down from last year, as customers seek cheaper alternatives online. Government departments, formerly major customers, are also in cost-cutting mode. Wu’s products aren’t eligible for subsidies, like those offered for electric vehicles and smartphones.\n\nIn response, Wu has slashed prices, even if it cuts into his profits. Better to sell a little bit and make less, than get stuck with too much inventory, he said.\n\n“Everyone feels like they don’t have much money,” said Wu.\n\nChina earlier this year released a plan to expand domestic consumption, including raising wages, increasing pensions, creating incentives for childbirth and stabilizing the stock and property markets. But policymakers have provided few specifics on how the initiatives would be carried out.\n\nIn the long run, transforming China into a consumption-focused economy would require far-reaching and costly reforms to build out its social safety net, boost incomes and restructure China’s financial system to focus more on consumer finances and less on industrial investment, economists say.\n\nThin social programs, such as health insurance, have driven Chinese people to save for rainy days. China’s gross domestic savings were 44% of GDP in 2023, compared with 19% for the U.S. and 27% for the world, according to World Bank data.\n\nBut rebalancing the economy toward consumption has been met with a lukewarm reception from Chinese leader Xi Jinping. Though he has made comments supporting efforts to boost consumption, Xi has given priority to manufacturing, especially in cutting-edge industries, and has resisted handouts to consumers, fearing they would lead to what he describes as “welfarism.”\n\nXi during a recent visit to a factory in Henan province emphasized the importance of manufacturing and self-reliance to China’s development, according to state news agency Xinhua.\n\n“China has always adhered to the path of developing the real economy…which has proven to be the right path,” Xinhua quoted Xi as saying.\n\nGrace Zhu contributed to this article.\n\nWrite to Hannah Miao at hannah.miao@wsj.com\n\nAdvertisement",
    "published": "2025-05-25"
  },
  {
    "source": "WSJ",
    "title": "",
    "summary": "",
    "link": "https://www.wsj.com/buyside/personal-finance/banking/cd-rates-today-5-26-2025?mod=Searchresults_pos4&page=133",
    "content": "U.S. Tariffs Stay in Place as Appeals Court Puts On Hold Earlier Ruling",
    "published": "2025-05-25"
  }
]