[
  {
    "source": "WSJ",
    "title": "Trump Warned U.S. Automakers Not to Raise Prices in Response to Tariffs",
    "summary": "Threat came in a call earlier this month, in which carmakers feared punishment if prices go up",
    "link": "https://www.wsj.com/business/autos/trump-tariffs-automaker-prices-warning-928bc7a9?mod=Searchresults_pos13&page=228",
    "content": "Trump's administration is aware of inflation concerns, but it remains unclear what actions it may take if automakers increased prices.\n\nPresident Trump warned automakers not to raise prices due to tariffs, despite the increased costs they face.\n\nWhen President Trump convened CEOs of some of the country’s top automakers for a call earlier this month, he issued a warning: They better not raise car prices because of tariffs.\n\nTrump told the executives that the White House would look unfavorably on such a move, leaving some of them rattled and worried they would face punishment if they increased prices, people with knowledge of the call said.\n\nInstead, Trump said, they should be grateful for his elimination of what he called former President Joe Biden’s electric-vehicle mandate, which involved subsidies and emissions requirements to encourage electric-car production. He made a lengthy pitch for how they would actually benefit from tariffs, two people on the call said, adding that he was bringing manufacturing back to the U.S. and was better for their industry than previous presidents.\n\nThe tariffs would be “great,” Trump said, according to one of the people.\n\nOn Wednesday, Trump announced a 25% tariff on all imported vehicles and parts starting April 2, a move almost certain to force American carmakers to raise prices on customers. Most automakers depend on parts and materials from other countries to make cars, including vehicles assembled in the U.S.\n\n“You’re going to see prices going down, but going to go down specifically because they’re going to buy what we’re doing, incentivizing companies to—and even countries—companies to come into America,” he said at the event.\n\nTrump’s relationship with automakers since taking office has been a rocky one, illustrating one of the challenges so far to his economic orthodoxy. The president is trying to curb inflation—voters’ cost-of-living concerns helped fuel his 2024 victory and are now one of his top vulnerabilities, experts say—while imposing tariffs on industries such as auto manufacturing that he says will remake the U.S. trade order.\n\nPresident Trump’s tariffs could further pressure car and truck prices. Photo: Emily Elconin/Bloomberg News\n\nDetroit’s automakers and industry suppliers in particular have made clear there is little they can do but raise prices in the face of tariffs. Bringing more factories back to the U.S.—a tenet of Trump’s tariff strategy—can take years for car companies to make happen.\n\n“Tariffs, at any level, cannot be offset or absorbed,” Ray Scott , chief executive of parts supplier Lear, wrote in an email Tuesday to employees that was viewed by The Wall Street Journal. “A holistic, industrywide approach will be necessary to mitigate the impact.”\n\nFor now, dealers have stockpiled a two- to three-month supply of new cars, meaning the impact of the tariffs might not start to be felt until May. At that point, vehicle prices could rise 11% to 12% to offset the tariffs, Morgan Stanley analysts said Thursday in a note.\n\nIt is unclear what the Trump administration could do if automakers raise their prices. Trump has targeted disfavored law firms with executive orders, and automakers rely on federal regulators for critical approvals.\n\nInside the Trump administration, inflation has been a concern among Trump’s economic team, even if he rarely addresses it publicly, according to three people familiar with the matter.\n\n“It is difficult to see how imposed tariffs over time would not have some impact on prices,” said Matt Blunt , president of the American Automotive Policy Council, which represents General Motors, Jeep-parent Stellantis and Ford Motor.\n\nKush Desai, a Trump spokesman, said “restoring Main Street, re-establishing American manufacturing dominance and putting the American people first are the only interests guiding President Trump’s decisions.” The existence of the call between Trump and the auto CEOs was earlier reported by the New York Times.\n\nPresident Trump is likely to impose few, if any, tariffs on the energy sector due to concerns gasoline prices could jump, people familiar with his thinking say. Photo: Mandel Ngan/Agence France-Presse/Getty Images\n\nConcerns about rising prices have been a constant refrain from other executives who have met with Trump as they try to dissuade him from major tariffs. Oil-and-gas executives from the American Petroleum Institute have argued that tariffs could cause the price of gasoline to go up, particularly in the Midwest. Gasoline prices have dropped slightly since Trump took office, according to AAA.\n\nPeople familiar with Trump’s thinking say he is likely to impose few, if any, tariffs on the energy sector, in large part because of those concerns.\n\nFood companies also have argued that prices would go up on products Americans love if his tariffs go forward, White House officials said.\n\n“Trump is obviously very fond of tariffs, but the American public dislikes higher prices as the 2024 election results clearly demonstrated,” said Clark Packard, a tariff expert at the Cato Institute, a libertarian think tank in Washington.\n\nFor several weeks, major car companies to mom-and-pop suppliers across the industry have been working feverishly to prepare for any fallout of Trump’s new tariffs.\n\nSome dealers have stockpiled new vehicles, so the impact of tariffs might not be felt immediately. Photo: Scott Olson/Getty Images\n\nAn executive at one of the automakers said they were baffled by the desire to both impose tariffs—but also tell car companies they couldn’t raise prices.\n\n“The math would tell you, that’s going to cost us multibillions of dollars,” the executive said. “So who pays for that?”\n\nAutomakers have signaled to their retailers the enormous pressure they were under. Stellantis earlier this month said the 25% tariffs on goods from Canada and Mexico favor Asian and European rivals and sent U.S. dealers an email with talking points to share with lawmakers.\n\n“We encourage you to contact your federal and state representatives to share your opinion on a matter that threatens to disrupt our business,” read the email, which was viewed by the Journal.\n\nWrite to Josh Dawsey at Joshua.Dawsey@WSJ.com and Ryan Felton at ryan.felton@wsj.com\n\nIf you want to provide news tips or documents on any subject to reporters at The Wall Street Journal, you can do so using the instructions below. How to Submit\n\nTrump’s Tariffs News and analysis on the tariffs and their impact, selected by the editors WSJ Answers Tariff Questions",
    "published": "2025-03-27"
  },
  {
    "source": "WSJ",
    "title": "Trump Warned U.S. Automakers Not to Raise Prices in Response to Tariffs",
    "summary": "Threat came in a call earlier this month, in which carmakers feared punishment if prices go up",
    "link": "https://www.wsj.com/business/autos/trump-tariffs-automaker-prices-warning-928bc7a9?mod=Searchresults_pos20&page=229",
    "content": "Trump's administration is aware of inflation concerns, but it remains unclear what actions it may take if automakers increased prices.\n\nPresident Trump warned automakers not to raise prices due to tariffs, despite the increased costs they face.\n\nWhen President Trump convened CEOs of some of the country’s top automakers for a call earlier this month, he issued a warning: They better not raise car prices because of tariffs.\n\nTrump told the executives that the White House would look unfavorably on such a move, leaving some of them rattled and worried they would face punishment if they increased prices, people with knowledge of the call said.\n\nInstead, Trump said, they should be grateful for his elimination of what he called former President Joe Biden’s electric-vehicle mandate, which involved subsidies and emissions requirements to encourage electric-car production. He made a lengthy pitch for how they would actually benefit from tariffs, two people on the call said, adding that he was bringing manufacturing back to the U.S. and was better for their industry than previous presidents.\n\nThe tariffs would be “great,” Trump said, according to one of the people.\n\nOn Wednesday, Trump announced a 25% tariff on all imported vehicles and parts starting April 2, a move almost certain to force American carmakers to raise prices on customers. Most automakers depend on parts and materials from other countries to make cars, including vehicles assembled in the U.S.\n\n“You’re going to see prices going down, but going to go down specifically because they’re going to buy what we’re doing, incentivizing companies to—and even countries—companies to come into America,” he said at the event.\n\nTrump’s relationship with automakers since taking office has been a rocky one, illustrating one of the challenges so far to his economic orthodoxy. The president is trying to curb inflation—voters’ cost-of-living concerns helped fuel his 2024 victory and are now one of his top vulnerabilities, experts say—while imposing tariffs on industries such as auto manufacturing that he says will remake the U.S. trade order.\n\nPresident Trump’s tariffs could further pressure car and truck prices. Photo: Emily Elconin/Bloomberg News\n\nDetroit’s automakers and industry suppliers in particular have made clear there is little they can do but raise prices in the face of tariffs. Bringing more factories back to the U.S.—a tenet of Trump’s tariff strategy—can take years for car companies to make happen.\n\n“Tariffs, at any level, cannot be offset or absorbed,” Ray Scott , chief executive of parts supplier Lear, wrote in an email Tuesday to employees that was viewed by The Wall Street Journal. “A holistic, industrywide approach will be necessary to mitigate the impact.”\n\nFor now, dealers have stockpiled a two- to three-month supply of new cars, meaning the impact of the tariffs might not start to be felt until May. At that point, vehicle prices could rise 11% to 12% to offset the tariffs, Morgan Stanley analysts said Thursday in a note.\n\nIt is unclear what the Trump administration could do if automakers raise their prices. Trump has targeted disfavored law firms with executive orders, and automakers rely on federal regulators for critical approvals.\n\nInside the Trump administration, inflation has been a concern among Trump’s economic team, even if he rarely addresses it publicly, according to three people familiar with the matter.\n\n“It is difficult to see how imposed tariffs over time would not have some impact on prices,” said Matt Blunt , president of the American Automotive Policy Council, which represents General Motors, Jeep-parent Stellantis and Ford Motor.\n\nKush Desai, a Trump spokesman, said “restoring Main Street, re-establishing American manufacturing dominance and putting the American people first are the only interests guiding President Trump’s decisions.” The existence of the call between Trump and the auto CEOs was earlier reported by the New York Times.\n\nPresident Trump is likely to impose few, if any, tariffs on the energy sector due to concerns gasoline prices could jump, people familiar with his thinking say. Photo: Mandel Ngan/Agence France-Presse/Getty Images\n\nConcerns about rising prices have been a constant refrain from other executives who have met with Trump as they try to dissuade him from major tariffs. Oil-and-gas executives from the American Petroleum Institute have argued that tariffs could cause the price of gasoline to go up, particularly in the Midwest. Gasoline prices have dropped slightly since Trump took office, according to AAA.\n\nPeople familiar with Trump’s thinking say he is likely to impose few, if any, tariffs on the energy sector, in large part because of those concerns.\n\nFood companies also have argued that prices would go up on products Americans love if his tariffs go forward, White House officials said.\n\n“Trump is obviously very fond of tariffs, but the American public dislikes higher prices as the 2024 election results clearly demonstrated,” said Clark Packard, a tariff expert at the Cato Institute, a libertarian think tank in Washington.\n\nFor several weeks, major car companies to mom-and-pop suppliers across the industry have been working feverishly to prepare for any fallout of Trump’s new tariffs.\n\nSome dealers have stockpiled new vehicles, so the impact of tariffs might not be felt immediately. Photo: Scott Olson/Getty Images\n\nAn executive at one of the automakers said they were baffled by the desire to both impose tariffs—but also tell car companies they couldn’t raise prices.\n\n“The math would tell you, that’s going to cost us multibillions of dollars,” the executive said. “So who pays for that?”\n\nAutomakers have signaled to their retailers the enormous pressure they were under. Stellantis earlier this month said the 25% tariffs on goods from Canada and Mexico favor Asian and European rivals and sent U.S. dealers an email with talking points to share with lawmakers.\n\n“We encourage you to contact your federal and state representatives to share your opinion on a matter that threatens to disrupt our business,” read the email, which was viewed by the Journal.\n\nWrite to Josh Dawsey at Joshua.Dawsey@WSJ.com and Ryan Felton at ryan.felton@wsj.com\n\nIf you want to provide news tips or documents on any subject to reporters at The Wall Street Journal, you can do so using the instructions below. How to Submit\n\nTrump’s Tariffs News and analysis on the tariffs and their impact, selected by the editors WSJ Answers Tariff Questions",
    "published": "2025-03-27"
  },
  {
    "source": "WSJ",
    "title": "Trump’s Giant New Car and Truck Tax",
    "summary": "He’s dead set on remaking the economy on his import substitution model.",
    "link": "https://www.wsj.com/opinion/donald-trump-auto-tariffs-general-motors-usmca-e7d72e04?mod=Searchresults_pos2&page=242",
    "content": "So much for the idea that President Trump views tariffs as a negotiating tool to reduce everyone else’s tariffs. That was always implausible, and the illusion went poof Wednesday with Mr. Trump’s executive order imposing 25% tariffs on all imported cars and trucks. He wants border taxes for their own sake, so get used to it.\n\n“We’re going to charge countries for doing business in our country and taking our jobs, taking our wealth,” the President said in unveiling the tariffs. It’s pointless trying to persuade him that nobody is stealing Americans’ lunch and that trade can be good for both parties. But readers should know they are about to pay more for their cars and have less choice to boot.\n\nMr. Trump justifies his car tariffs as a “national security” threat under Section 232 of the 1962 Trade Expansion Act. As we wrote in 2019 when he tried this gambit, he apparently fears the attack of the killer Toyotas.\n\nCanada and Mexico, those global menaces, account for about half of U.S. auto imports. U.S. allies in South Korea, Japan and Europe account for almost all the rest. Imports give Americans more choices, and at lower prices, than they would otherwise have if all cars sold in the U.S. had to be made domestically. Americans as a result can afford more and better cars than they could a few decades ago. This is a security threat to whom exactly?\n\nMr. Trump’s order laments that “only about half of the vehicles sold in the United States are manufactured domestically, a decline that jeopardizes our domestic industrial base and national security.” While sales of U.S.-made cars are lower than before the pandemic, that’s because inflation made many unaffordable to middle-class Americans.\n\nTariffs will raise car prices even more—as much as $10,000 per car according to Wedbush Securities. This will reduce sales and hurt domestic auto dealers and workers. U.S. manufacturers will suffer most because a relatively larger share of their sales are in the U.S. Thinner margins will dent auto-worker profit-sharing.\n\nThat’s one reason GM shares fell 7.4% on Thursday. The exception is Tesla, by the way, which makes the cars it sells here in the U.S. Count this as one more government-aided Tesla advantage over competitors.\n\nMr. Trump backed off auto tariffs in his first term after being warned about this damage. Instead he negotiated the USMCA trade deal with Mexico and Canada, which includes provisions designed to increase domestic auto production—e.g., at least 45% of auto content must be made by workers earning at least $16 an hour.\n\nNow Mr. Trump’s tariffs seem designed to blow up the USMCA and other trade agreements. His Administration says it plans to renegotiate USMCA, but why would Canada and Mexico go along if Mr. Trump can renege on its commitments willy-nilly? By the way, other U.S. businesses will be whacked like innocent bystanders when our trading partners inevitably retaliate.\n\nSome Trump advisers and friends have peddled the line that he merely wants a level tariff playing field. But the average U.S. tariff rate (2.7%) on foreign goods is higher than the average rate in Canada (1.8%), Japan (2%) and Europe (2%), and roughly the same as in Mexico, according to the World Bank. While other countries impose non-tariff barriers, so does the U.S.\n\nAndy Laperriere of Piper Sandler estimates that Mr. Trump’s auto tariffs, when combined with his levies on China, steel and aluminum, will raise the effective U.S. tariff rate to nearly 8%, the highest in 75 years. See the Tax Foundation data nearby. And this is before Mr. Trump unveils his long-touted “reciprocal” tariffs next week, which won’t be reciprocal at all. Mr. Trump said this week they’ll be whatever he decides, which could change at any moment based on presidential whim.\n\nMr. Trump was asked Wednesday if his tariffs would be permanent, and he said “100%.” There will also be no exemptions (save for U.S. content in foreign-made cars to avoid punishing U.S. parts manufacturers, at least for now). Mr. Trump wants every car sold in America to be made in America, all 16 million a year. Even if this goal were economically rational, it would take many years and hundreds of billions of dollars in new investment.\n\nCar makers have already invested countless billions in efficient supply chains to make cars that middle-class Americans can afford. They will now have to spend hundreds of billions more that could be invested in more productive ways. And all because Mr. Trump has an economic development model based on the fantasy of “import substitution.” That model kept India poor for decades.\n\nPresident Biden sought to transform the U.S. economy based on his vision of government industrial policy. Mr. Trump is also trying to transform the economy according to his industrial vision. He’d better hope his deregulation and tax policies offset the harm from his tariffs, or he could suffer Mr. Biden’s fate.\n\nWith on-off trade tariffs targeting Canada, Mexico, China and Europe, the Trump administration's effort to boost domestic capability may have the reverse effect. Photo: Jim Watson/AFP/Getty Images/Christopher Katsarov Luna/Bloomberg News/Yuri Gripas/Zuma Press",
    "published": "2025-03-27"
  },
  {
    "source": "WSJ",
    "title": "Ferrari to Raise Prices on Some Models in Response to U.S. Tariffs",
    "summary": "Models such as the Purosangue or the 12Cilindri will see a maximum 10% price increase, Ferrari said",
    "link": "https://www.wsj.com/business/autos/ferrari-to-raise-prices-on-some-models-in-response-to-u-s-tariffs-6fe702e3?mod=Searchresults_pos4&page=244",
    "content": "Ferrari said some of its models will face a price hike due to U.S. auto tariffs.\n\nFerrari maintained its financial targets for 2025 but warned of a potential 50 basis-point reduction to its earnings margins.\n\nThe price increases will affect models such as the Purosangue and 12Cilindri, while the 296, SF90, and Roma models will be unaffected.\n\nFerrari will raise prices on some models by up to 10% due to U.S. tariffs, but will absorb the cost on certain models.\n\nFerrari plans price increases of up to 10% on some of its models after the introduction of U.S. auto tariffs, as the sports-car maker races to mitigate a hit from the duties.\n\nU.S. President Trump said he will impose 25% tariffs on all vehicles imported to the country from April 2, a move that will hit Ferrari more than most European manufacturers as it only produces its cars in Italy.\n\nThe Maranello, Italy-based company said it will shield customers from the brunt of U.S. tariffs by absorbing the cost of higher import duties on certain models, while passing on only some of the impact through higher pricing on others.\n\nFerrari said commercial terms relating to orders of all models imported into the U.S. before April 2 remain unchanged.\n\nCanadian Prime Minister Mark Carney outlined plans to respond after President Trump announced a 25% tariff on cars made outside the U.S. Photo: Blair Gable/Reuters\n\nCommercial terms for orders of its 296, SF90 and Roma models will remain unchanged regardless of the import date, it noted. This implies that Ferrari will cover the cost of any duties due on such models imported to the U.S. after the April 2 deadline.\n\nFor the Italian sports-car maker’s remaining models, the cost of duties will be partially added to sales prices, up to a maximum 10% increase, in coordination with its dealer network, the company said. This affects models such as the Purosangue or the 12Cilindri.\n\nFerrari maintained its financial targets for 2025, but warned of a potential 50 basis-point reduction to its earnings before interest and tax, and earnings before interest, tax, depreciation and amortization margins.\n\nThe company is targeting an 2025 adjusted Ebitda margin of at least 38.3% and an EBIT margin target of at least 29.0%.\n\nThe update sent Ferrari shares up about 1% in late European trade, bucking a selloff in global auto stocks. The shares were trading lower before the announcement.\n\nFerrari last month said it had an order book covering the entirety of 2026 fueled by order intake for its 12Cilindri models. The company has its biggest market in the U.S., which accounted for a quarter of shipments last year.\n\nAdvertisement\n\nWrite to Dominic Chopping at dominic.chopping@wsj.com",
    "published": "2025-03-27"
  }
]