[
  {
    "source": "WSJ",
    "title": "The Democrats’ Trump Concussion",
    "summary": "He’s riding high, but don’t think they’ll stay in a daze for long.",
    "link": "https://www.wsj.com/opinion/the-democrats-trump-concussion-political-comeback-president-8c380abc?mod=Searchresults_pos12&page=107",
    "content": "Donald Trump is riding high in the saddle. He’s a man on a mission, doing what he promised—executing his immigration agenda, flexing his tariff muscles and telling deep-state bureaucrats, “You’re fired.” There’s energy in the executive again. It’s something to behold.\n\nNobody predicted this. The official story for most of the Biden years was that Mr. Trump was finished, disgraced, maybe even on his way to prison. Yet here we are. An unprecedented political comeback. Nixon, Napoleon, de Gaulle—we’ve rarely seen the like.\n\nMr. Trump went to California this week with his tie off and his shirt open low. At Los Angeles International Airport he matched macho with Gov. Gavin Newsom . Later, at a meeting with residents, he calmly and completely took Los Angeles Mayor Karen Bass to the woodshed. This is a new Trump—competent, effective, triumphant.\n\nSuccess breeds confidence, and vice versa. How long will it last? The danger of riding high is that the air gets thin. You get lost in the clouds. You lose sight of the ground. Pride goeth before the fall. That day will surely come.\n\nMeantime, Democrats have never been so disoriented and demoralized. Listen to them talk. Watch them on TV. They’re dazed, moaning and babbling. Someone should escort them to the locker room. They need the concussion protocol.\n\nThe New York Times describes “a mix of fear, fury and confusion” at federal agencies. Rep. Alexandria Ocasio-Cortez rages on Twitter about Mr. Trump’s every order and decision. She and her Democratic colleagues are gearing up to . . . do what exactly? Resistance is futile. They don’t have the votes.\n\nUnderstand this in context. Democrats on the back foot and progressives in retreat is a shocking development. For decades, the American left banked on a certain power to bend political reality. With the media’s help, they had a free hand to introduce topics for discussion—and a freer hand to rule topics out. Whether it was guns, healthcare, same-sex marriage, race relations or transgenderism, the left policed the boundaries of acceptable discourse. Their priorities, amplified through the mainstream outlets, became the nation’s crucial issues.\n\nNow here they are, struck dumb, impotent, cowering. They are behaving with the frantic confusion of the great and powerful Oz after Toto pulls back the curtain. They are smacking at the buttons on the console and trying desperately to remember their lines. Trump deleted Medicaid! Trump insulted Colombia! Pathetic.\n\nIt isn’t polite or kind to take enjoyment from the suffering of others. But Republicans—even those who aren’t all in for Mr. Trump—can be forgiven a moment’s delight. Still, remember how it ended for Nixon, Napoleon and de Gaulle. Nobody rides high forever.\n\nMr. Hennessey is the Journal’s deputy editorial features editor.\n\nWonder Land: With Donald Trump's executive orders affecting every facet of our lives, we may be heading to the outer limits of America’s system of checks and balances. Photo: Jim LoScalzo - Pool via CNP/Zuma Press",
    "published": "2025-01-29"
  },
  {
    "source": "WSJ",
    "title": "The Democrats’ Trump Concussion",
    "summary": "He’s riding high, but don’t think they’ll stay in a daze for long.",
    "link": "https://www.wsj.com/opinion/the-democrats-trump-concussion-political-comeback-president-8c380abc?mod=Searchresults_pos7&page=108",
    "content": "Donald Trump is riding high in the saddle. He’s a man on a mission, doing what he promised—executing his immigration agenda, flexing his tariff muscles and telling deep-state bureaucrats, “You’re fired.” There’s energy in the executive again. It’s something to behold.\n\nNobody predicted this. The official story for most of the Biden years was that Mr. Trump was finished, disgraced, maybe even on his way to prison. Yet here we are. An unprecedented political comeback. Nixon, Napoleon, de Gaulle—we’ve rarely seen the like.\n\nMr. Trump went to California this week with his tie off and his shirt open low. At Los Angeles International Airport he matched macho with Gov. Gavin Newsom . Later, at a meeting with residents, he calmly and completely took Los Angeles Mayor Karen Bass to the woodshed. This is a new Trump—competent, effective, triumphant.\n\nSuccess breeds confidence, and vice versa. How long will it last? The danger of riding high is that the air gets thin. You get lost in the clouds. You lose sight of the ground. Pride goeth before the fall. That day will surely come.\n\nMeantime, Democrats have never been so disoriented and demoralized. Listen to them talk. Watch them on TV. They’re dazed, moaning and babbling. Someone should escort them to the locker room. They need the concussion protocol.\n\nThe New York Times describes “a mix of fear, fury and confusion” at federal agencies. Rep. Alexandria Ocasio-Cortez rages on Twitter about Mr. Trump’s every order and decision. She and her Democratic colleagues are gearing up to . . . do what exactly? Resistance is futile. They don’t have the votes.\n\nUnderstand this in context. Democrats on the back foot and progressives in retreat is a shocking development. For decades, the American left banked on a certain power to bend political reality. With the media’s help, they had a free hand to introduce topics for discussion—and a freer hand to rule topics out. Whether it was guns, healthcare, same-sex marriage, race relations or transgenderism, the left policed the boundaries of acceptable discourse. Their priorities, amplified through the mainstream outlets, became the nation’s crucial issues.\n\nNow here they are, struck dumb, impotent, cowering. They are behaving with the frantic confusion of the great and powerful Oz after Toto pulls back the curtain. They are smacking at the buttons on the console and trying desperately to remember their lines. Trump deleted Medicaid! Trump insulted Colombia! Pathetic.\n\nIt isn’t polite or kind to take enjoyment from the suffering of others. But Republicans—even those who aren’t all in for Mr. Trump—can be forgiven a moment’s delight. Still, remember how it ended for Nixon, Napoleon and de Gaulle. Nobody rides high forever.\n\nMr. Hennessey is the Journal’s deputy editorial features editor.\n\nWonder Land: With Donald Trump's executive orders affecting every facet of our lives, we may be heading to the outer limits of America’s system of checks and balances. Photo: Jim LoScalzo - Pool via CNP/Zuma Press",
    "published": "2025-01-29"
  },
  {
    "source": "WSJ",
    "title": "Trump’s Executive Orders Were the Easy Part",
    "summary": "He has gotten off to a running start, but he can get only so far without Congress.",
    "link": "https://www.wsj.com/opinion/now-comes-the-hard-part-for-trump-congress-agenda-966682e0?mod=Searchresults_pos10&page=131",
    "content": "In his first week in office, President Trump has moved fast and hard, filling every day with action.\n\nHe has removed criminal illegal aliens from America and toughened border defenses. He has named trusted lieutenants as acting cabinet secretaries and agency heads. In turn, they’re preparing withdrawals of Biden-era regulations wherever possible on everything from the economy to climate and abortion.\n\nHe visited victims of Hurricane Helene in North Carolina and the Los Angeles fires in California, spoke at a Nevada rally, and hosted House Republicans at his Trump National Doral Golf Club. He fired at least 17 departmental inspectors general, froze all federal grants and offered buyouts for all federal civil-service workers.\n\nHe has issued dozens of executive orders, including creating an “Iron Dome” missile defense, barring transgender troops from serving in the military, reinstating service members discharged for refusing the Covid vaccine, and killing diversity, equity and inclusion programs throughout the government. He has moved to withdraw the U.S. from the World Health Organization and the Paris Climate Agreement, to end birthright citizenship, and to declassify all records on the assassinations of John F. Kennedy , Robert F. Kennedy and Martin Luther King Jr.\n\nHe was strengthened by Colombian President Gustavo Petro ’s refusal to allow U.S. military aircraft to land and repatriate his countrymen. Mr. Trump’s instantaneous response—a threat to slap tariffs on Colombian exports to the U.S. (namely oil, coffee and cut flowers)—caused Mr. Petro to fold, leaving Mr. Trump looking powerful and effective.\n\nHis furious activity has contributed to the image of a purposeful leader pressing his agenda. This resulted in his best job-approval numbers ever: 50% as of Sunday approved of his performance and 41.7% disapproved in the 538 average of recent polls. He never got that high in his first term. But it’s also the lowest starting approval number for any president since polling began in the 1930s—except for Mr. Trump in 2017.\n\nAnd his dusk-to-dawn, flood-the-zone approach could give the impression that he cares about culture-war issues and symbolism more than inflation and the economy, issues critical to his November triumph. In the flurry of orders, it’s the hot-button cultural ones that the media jump on. Add his efforts to acquire Greenland, take back the Panama Canal, rename the Gulf of Mexico and make Canada a state (or states), and swing voters might ask if he’s serious about killing inflation and spurring economic growth.\n\nSpeed can also lead to mistakes, such as pardoning at least 170 Jan. 6 rioters who were accused of attacking police with deadly weapons. The blanket pardons were an attempt “to move past the issue quickly,” according to Axios. Rather than spend the time to identify violent criminals, “Trump just said: ‘F— it: release ’em all,’ ” an anonymous adviser told Axios’s Marc Caputo .\n\nMr. Trump might also want to rethink linking presidential actions to partisanship and political favors. Visiting North Carolina victims of Hurricane Helene, he led with how the region “supported us in record numbers, and I’m supporting them in record numbers, too.” But when it came to California, he said he had “a condition” for approving wildfire disaster relief: The state must pass a voter identification law. The 1988 Stafford Act, which modernized federal disaster emergency response, clearly outlines the criteria for a disaster declaration. It doesn’t include such quid pro quos. Can you imagine the MAGA world rage if a Democratic president conditioned aid to red states on weaker voting laws?\n\nIf Mr. Trump keeps making disaster relief all about taking care of politics, voters might object. Americans want their president to act for the good of all the people, not just reward supporters while punishing states that went blue.\n\nA bigger challenge awaits Mr. Trump. Every president has a mandate, no matter how narrow his winning margin. But it can’t all be done by executive orders. A future president can easily undo them. To give his agenda some permanence, Mr. Trump must pass it into law.\n\nWhich brings us to Congress. It has a role to play, especially on the budget and taxes. And little can be done on a party-line vote. Against Mr. Trump’s urging, 38 House Republicans chose not to vote to raise the debt ceiling last December. That points to the necessity of at least some bipartisanship.\n\nMr. Trump is off to a good start, but acting only by executive order is over. Hard, serious work must begin. Those who champion disrupting the “Deep State” must now show they can unite the country and govern.\n\nMr. Rove helped organize the political-action committee American Crossroads and is author of “The Triumph of William McKinley” (Simon & Schuster, 2015).\n\nWonder Land: With Donald Trump's executive orders affecting every facet of our lives, we may be heading to the outer limits of America’s system of checks and balances. Photo: Jim LoScalzo - Pool via CNP/Zuma Press",
    "published": "2025-01-29"
  },
  {
    "source": "WSJ",
    "title": "EU Floats Simplification Plan for Companies’ Regulatory Compliance",
    "summary": "Commission seeking  how to simplify and streamline its laws, weigh costs and benefits of new rules",
    "link": "https://www.wsj.com/world/europe/eu-tables-simplification-plan-for-companies-regulatory-compliance-0b1f8988?mod=Searchresults_pos13&page=56",
    "content": "The plan includes streamlining laws, providing more information on costs and benefits of new rules, and working closely with member states on implementation.\n\nThe European Commission is preparing measures to simplify regulatory compliance for companies in the bloc, amid competitive threats from the US and China.\n\nBRUSSELS–The European Commission is preparing a stack of measures aimed at making it easier for companies in the bloc to comply with its knot of regulations.\n\nThe effort, months in the making, has gained new urgency amid the second Trump administration, which has threatened Europe and much of the rest of the world with tariffs for goods manufactured outside the U.S. At the same time, China has emerged as another big competitive threat – not just in manufacturing but now in a range of technology-related industries.\n\nAccording to a draft communication to European Union lawmakers, diplomats and other officials, dated Wednesday and reviewed by Dow Jones Newswires, the commission is strategizing how to simplify and streamline its laws as well as provide more information on the costs and benefits of new rules as part of a so-called omnibus proposal set to be unveiled next month.\n\n“We must free people and businesses from unnecessary burdens and overly complex rules to unleash more opportunities, innovation and growth, for a more prosperous and resilient EU,” the draft document reads. “This is why the Commission wants to rally all efforts to deliver a faster, simpler and more effective Union, where rules are clearer and easier to understand, implementation is swifter and more efficient, and shared responsibility drives better results.”\n\nThe communication comes just as the EU executive formally unveiled its Competitiveness Compass: a 26-page document outlining what officials want to achieve in the next five years to make sure European companies can compete with rivals in China and the U.S. A core part of that plan involves cutting back red tape that the bloc’s policymakers previously created by introducing rules to push companies into more sustainable business practices and reach net-zero emissions targets.\n\nThe draft communication calls for EU-level policymakers to work more closely with member states to find better ways to implement the bloc’s rules. “Often the focus is placed on creating new laws, bringing new burdens, while effectively implementing existing ones could lead to better results,” it says.\n\nAccording to the omnibus communication, the EU’s commissioners – officials from one of every 27 member states in charge of specific areas such as energy or health – are tasked with helping to streamline rules in their own jurisdictions. Each one will present an annual progress report on implementation and law enforcement, it says, and will host implementation dialogues each year with businesses, industry bodies and civil society groups to identify key areas that need attention from policymakers. Several of those meetings are expected to take place in the first half of this year, it says.\n\n“The commission will reach out to practitioners in companies, including SMEs, to identify and solve practical issues, such as those linked to authorizations, permitting or compliance burdens,” it says.\n\nAdvertisement\n\nWrite to Edith Hancock at edith.hancock@wsj.com",
    "published": "2025-01-29"
  },
  {
    "source": "WSJ",
    "title": "A List of Trump’s Key Executive Orders—So Far",
    "summary": "President’s actions have ranged from challenging birthright citizenship to ending DEI programs",
    "link": "https://www.wsj.com/politics/policy/trump-executive-orders-c9fa1138?mod=Searchresults_pos13&page=69",
    "content": "President Trump has signed several executive orders at the start of his second term.\n\nPresident Trump announced sweeping executive orders and other actions since he took office on Jan. 20. Here’s a look at his some of his most significant actions:\n\nPausing federal spending: Trump ordered federal agencies to pause federal grants, loans and other financial-assistance programs pending a 90-day review by the Trump administration. The order was temporarily blocked by a federal judge, and then the Trump administration rescinded the order.\n\nEnding birthright citizenship: Trump enacted several immigration-related executive orders, including one that would move to end recognition of automatic birthright citizenship. In response, attorneys general from more than a dozen states filed a lawsuit asserting that the order violates the 14th Amendment of the Constitution.\n\nJan. 6 pardons: Trump granted full pardons to nearly all defendants involved in the Jan. 6, 2021, attack on the Capitol and commuted the sentences of 14.\n\nServicemembers discharged during the Covid-19 pandemic: Trump signed an order requiring military members who were discharged for refusing the Covid-19 vaccine be reinstated to their former ranks. Those members would also receive back pay and benefits under the order.\n\nHalting federal government DEI programs: The president has signed an order to end diversity, equity and inclusion programs across the federal government. Trump also ordered the military and Department of Homeland Security to abolish DEI efforts.\n\nPresident Trump signed several executive orders in front of his supporters. The orders included withdrawing from the Paris climate accord and requiring federal employees to work from the office. Photo: Angela Weiss/Agence France-Presse/Getty Images\n\nGender identity: The president instituted a policy recognizing individuals’ biological sex rather than their expressed gender identity. Trump signed an order stating that those with gender dysphoria or “shifting pronoun usage” are unfit to serve in the military, and signed another order that aimed to block people under the age of 19 from accessing treatment for gender dysphoria.\n\nTrade and tariffs: Trump said he was aiming to place 25% tariffs on imports from Canada and Mexico on Feb. 1. He made the comment even as he planned to direct federal agencies to analyze federal trade practices and policies with China and North American allies, saying he isn’t ready to move ahead with universal tariffs on goods from around the world.\n\nPausing the TikTok ban: Trump signed an executive order giving more time for TikTok to work out a deal to prevent a ban in the U.S.\n\nWithdrawing from the Paris climate accord: The president signed orders withdrawing from the Paris climate accord and revoked several executive orders related to the previous administration’s efforts to fight climate change. Trump also declared a national energy emergency, an action that will enable the federal government to slash permitting requirements for energy projects, fast-track power-plant construction and loosen curbs on fossil-fuel exports.\n\nWithdrawing from the World Health Organization: The president followed through on a pandemic-era pledge to withdraw the U.S. from the WHO. In his first term, Trump moved to pull the U.S. out of the WHO in July 2020, after calling the United Nations agency “a puppet of China.” President Joe Biden reversed it early in his administration in January 2021.\n\nArtificial intelligence: The president revoked many of Biden’s rules and orders on artificial intelligence, which he said act as barriers to AI development. Trump kept a provision that designates more federal land for data centers.\n\nEmpowering Musk’s DOGE: The president signed an executive order creating the Elon Musk-led Department of Government Efficiency. He also moved to freeze federal civilian hiring, and to require workers within the executive branch to return to in-person work.\n\nRenaming landmarks: The president moved to rename the Gulf of Mexico and Denali. The Gulf of Mexico is to be renamed the Gulf of America, and Denali is once again to be called Mount McKinley.\n\nClassified assassination files: Trump signed an order requiring the release of classified files regarding the assassinations of President John F. Kennedy , Robert F. Kennedy and Martin Luther King Jr. See the full list of presidential actions here.\n\nThis explanatory article may be periodically updated.",
    "published": "2025-01-29"
  },
  {
    "source": "WSJ",
    "title": "Fed Stands Pat on Rates, Entering New Wait-and-See Phase",
    "summary": "Chair Jerome Powell says ‘We do not need to be in a hurry to adjust our policy stance’",
    "link": "https://www.wsj.com/economy/central-banking/fed-stands-pat-on-rates-entering-new-wait-and-see-phase-0bb33cc7?mod=Searchresults_pos11&page=159",
    "content": "The Federal Reserve hit the pause button on recent interest rate cuts, entering a new wait-and-see phase and drawing a rebuke from President Trump, as it tries to determine whether and how much more to lower rates from a recent two-decade high.\n\nThe decision on Wednesday to leave the benchmark federal-funds rate at its current range around 4.3% followed three consecutive rate cuts beginning in September, when the rate stood around 5.3%.\n\nWith interest rates now “significantly less restrictive” than they were before last year’s cuts, “we do not need to be in a hurry to adjust our policy stance,” said Fed Chair Jerome Powell at a news conference after the meeting.\n\nThose comments suggested the central bank was likely to stay on hold at its next meeting in mid-March. Powell said the Fed would need to see “real progress on inflation” or unexpected weakness in the labor market before considering further rate reductions.\n\nAfter Powell spoke, President Trump slammed the Fed and its leader for allowing inflation to accelerate four years ago and promised to put a lid on price increases. “I will do it by unleashing American Energy, slashing Regulation, rebalancing International Trade, and reigniting American manufacturing,” he said in a post on his social-media site.\n\nPowell declined to respond to comments Trump made last week, when the president said he would demand lower rates once inflation was under control. Powell said the central bank would base its decisions only on impartial analysis of the economic data.\n\n“As I’ve said countless times over the years, this is who we are, this is what we do,” Powell said. “Don’t look for us to do anything else.”\n\nStocks were down throughout the day on Wednesday, and they remained lower after the Fed announcement. The yield on the 10-year Treasury was little changed, rising slightly to 4.554%, from Tuesday’s 4.548%.\n\nThe central bank leader indicated he remained optimistic that inflation would continue to slow in the months ahead, but said officials wanted to see their forecast for a continued cooling of price pressures come true before moving rates down. “We seem to be set up for further progress” on inflation, he said. Being set up for progress is one thing, “but having it is another.”\n\nIn projections released at last month’s meeting, most officials signaled they expected the Fed to lower rates in the year ahead, but they were less certain over how many times the central bank would cut. Most of them penciled in two rate cuts this year, down from four cuts in projections released last September, assuming progress in lowering inflation continued.\n\n“The goal of the December meeting was to get optionality to do very little or nothing in 2025, and they accomplished that,” said Richard Clarida , who served as Powell’s second-in-command from 2018 until 2022.\n\nFed officials face two broad questions in the weeks and months to come. First, is price growth slowing in a way that will reach the Fed’s goal of 2% inflation in the next year or two, as officials anticipate?\n\nSecond, to what degree are interest rates and broader financial conditions restraining economic activity? Minutes from the Fed’s previous meeting, released earlier this month, said a substantial majority of officials still judged their policy stance at the time to be “meaningfully restrictive.”\n\nFed Chair Jerome Powell says he remains optimistic that inflation will continue to slow, but adds officials will want to see continued cooling before moving rates down. Photo: Jacquelyn Martin/Associated Press\n\nClarida, who is now a senior adviser at bond giant Pimco, sees two plausible scenarios for the Fed this year provided that economic activity remains sturdy. Under one, the Fed could cut rates as soon as the spring because inflation continues to move closer to its 2% goal. Under the other, the Fed doesn’t change interest rates at all because inflation appears to be stickier than anticipated.\n\n“They’re feeling their way,” said Nathan Sheets , chief economist at Citigroup.\n\nGetting to target\n\nA widely watched gauge of so-called core inflation, which excludes volatile food and energy prices, was 2.8% in November from a year earlier and is likely to sit at the same level for the 12 months ended December.\n\nWhile a rate cut at the Fed’s next meeting in March seems unlikely, a reduction in May is plausible if inflation continues to improve and economic activity is mild enough to suggest interest rates are, in fact, cooling growth, said Sheets.\n\nOfficials have been trying to pull off a balancing act. They want to prevent aggressive rate increases from two and three years ago from unnecessarily slowing down economic activity now that price and wage growth has cooled, but they don’t want to undo recent progress on inflation.\n\nThe Fed cut rates to near zero when the Covid-19 pandemic hit nearly five years ago and held them there until 2022. After that, they lifted rates at the fastest pace in 40 years to combat inflation that also soared to a four-decade high. They stopped hiking in mid-2023 and held rates steady for more than a year as inflation cooled. They cut last September amid concerns of an unwelcome slowdown in the labor market.\n\nExplore Buy Side From WSJ Buy Side is independent of The Wall Street Journal newsroom. The Fed Holds Rates Steady. Here’s How to Use That to Your Advantage\n\nShort-term interest rates are very sensitive to what the Fed does. But broader market forces, including investors’ expectations for growth and inflation, influence long-term rates such as mortgages.\n\nThe market reaction to the Fed’s cuts last year powerfully illustrated this dynamic. Long-term yields rose even as the central bank cut rates—with the 30-year mortgage rate briefly rising above 7% this month—because brighter growth prospects led investors to dial back their expectations for rate cuts.\n\nWhile the spread between government debt and many types of private credit narrowed after the Fed cut rates, investors in real estate and other rate-sensitive markets haven’t enjoyed nearly the benefits they would have anticipated because of the run-up in yields on the 10-year Treasury note.\n\nFor many investments, “rates are uncomfortably high right now,” said Marcus Frampton , chief investment officer for the Alaska Permanent Fund, a state-controlled investment vehicle with assets of $78 billion. “There will be real pain if [long-term] rates don’t come down from here.”\n\nFrampton said he is also nervous about stocks that are valued at historically high multiples compared with their earnings, sales or net worth. “I think there are so many concerns about tariffs, about unconventional policy out of D.C., and what that could mean to a very expensive stock market,” he said.\n\nThe economic impact of President Trump’s threatened tariffs remains unclear. Trucks line up at the World Trade International Bridge in Laredo, Texas. Photo: Christopher Lee for WSJ\n\nSHARE YOUR THOUGHTS Is the Fed taking the right steps with rates? Join the conversation below.\n\nWrite to Nick Timiraos at Nick.Timiraos@wsj.com",
    "published": "2025-01-29"
  },
  {
    "source": "WSJ",
    "title": "Howard Lutnick’s Rebirth as One of Trump’s Tariff Men",
    "summary": "Wall Street executive and incoming Commerce secretary has emerged as a hawkish protectionist",
    "link": "https://www.wsj.com/politics/policy/howard-lutnicks-rebirth-as-one-of-trumps-tariff-men-7d2adab0?mod=Searchresults_pos1&page=8",
    "content": "WASHINGTON— Howard Lutnick’s journey from Wall Street veteran to one of President Trump’s most hawkish trade advisers began with a speech at an October campaign rally at Madison Square Garden.\n\nLutnick extolled the virtues of tariffs and argued that the duties could at least in part replace the U.S. income tax, a line that Trump has regularly used as a talking point. Since then, Lutnick has privately built an alliance with two of Trump’s most vital first-term trade advisers and proponents of punitive tariffs: Peter Navarro and Jamieson Greer , according to people familiar with the matter.\n\nLutnick became a student of Navarro and Greer’s on the intricacies and history of trade deals, with all three Trump advisers staying in regular touch about policies and how they could be implemented throughout Trump’s second term, the people said. The two have offered Lutnick guidance as he tries to promote Trump’s trade agenda.\n\nThis is how Lutnick, the incoming Commerce secretary and chief executive of financial-services firm Cantor Fitzgerald, positioned himself at the center of the bellicose, punitive tariff threats that have defined the early days of Trump’s second term. Once known as a more moderate Republican-aligned donor and a supporter of Hillary Clinton during the 2016 election, Lutnick has spent the week since Trump’s inauguration positioning himself as one of the advisers in the president’s ear arguing in favor of maximalist pressure on allies and foes alike, people close to Trump and Lutnick said.\n\nLutnick and deputy chief of staff Stephen Miller have been advocating for a tariff-first, talk-second approach when it comes to targeting Mexico and Canada as soon as this weekend with a 25% levy, The Wall Street Journal previously reported.\n\nOn Wednesday, Lutnick offered Mexico and Canada an offramp, saying during his Senate confirmation hearing that if those countries halt the flow of fentanyl into the U.S., “there will be no tariff.”\n\nThe point of the tariff threat on Canada and Mexico, Lutnick added, isn’t about the duties themselves. Rather, it is “an act of domestic policy” aimed at stopping the flow of drugs and ingredients to produce those drugs into the country. U.S. Customs and Border Protection reported that last fiscal year 21,148 pounds of fentanyl was seized at the southwest border while 43 pounds was seized from people crossing the northern border.\n\nThe rest of the tariff agenda, he said, is “going to be studied” by the Commerce Department and others as part of a trade policy review ordered by Trump on his first day in office.\n\nThe Commerce nominee, however, did offer some hints at the ultimate trade policy. He argued that tariffs should be applied across-the-board on all products from targeted countries, rather than singling out certain products for duties. That, he argued, would help prevent tit-for-tat tariff wars while rebalancing U.S. trade relationships.\n\nThe level of those tariffs may vary country by country, he added, with China and other adversaries getting the highest levies. But he told senators that allies wouldn’t be spared, reiterating his complaint that U.S. automakers cannot sell into the European market, and pledging to use tariffs as a remedy.\n\nTariffs may also be used for other new and novel ends, Lutnick said, like reinforcing export controls on computer chips and other technologies put in place by the Commerce Department’s Bureau of Industry and Security.\n\nSecuring carve-outs from those tariffs may be more difficult than in Trump’s first term, Lutnick added. Under Trump’s original steel and aluminum tariffs, there were 556,000 applications for exemptions, Lutnick said, which he considers “just too many.”\n\nAnd Lutnick batted away any concerns from some economists that tariffs would increase prices for U.S. consumers, calling the idea that duties would stoke inflation “nonsense.” Nevertheless, he committed to Sen. John Curtis (R.-Utah) that he would study how tariffs could increase costs for small businesses as part of the broad trade review.\n\nFollowing the hearing, Lutnick appeared to be poised for confirmation with broad support. He sought to quell any tensions about how his own financial positions could present conflicts of interest, committing to divest from all of his businesses and stockholdings within 90 days of confirmation.\n\nHoward Lutnick is trying to promote President Trump’s trade agenda. Photo: Andrew Harnik/Getty Images\n\nThose commitments came amid a wave of questions about the administration’s trade agenda from senators on both sides of the aisle. While Trump’s tariff agenda enjoys broad support among Washington Republicans, some GOP senators expressed concern about Lutnick and Trump’s maximalist trade approach, particularly the impacts that a trade war could have on their constituents.\n\nSen. Jerry Moran (R., Kan.), in a closed-door meeting with Lutnick last month, expressed concern over how a trade war would affect farmers in his state. He said that Lutnick listened to his concerns, but offered him no assurances.\n\nSen. Bill Cassidy (R., La.) said he disagreed with Trump’s weekend move to invoke an emergency economic law to threaten Colombia with tariffs. The same law could be used as soon as Saturday to hit Mexico and Canada with 25%, across-the-board tariffs, a hardball tactic Lutnick has pushed.\n\nAnd Sen. Todd Young (R., Ind.), a member of the Commerce Committee, said he would prefer to see a comprehensive approach to tariffs and sanctions rather than episodic threats at trading partners. He hasn’t said whether he will support Lutnick’s confirmation to lead Commerce, a role Trump has put at the epicenter of his trade agenda.\n\nLutnick has positioned himself as a point of contact for Canadian trade officials in the buildup to his confirmation hearing, as Canada prepares to authorize their own trade barriers against the U.S. if Trump moves ahead with his tariff plans. Lutnick has been in close contact with Canada’s finance minister, Dominic LeBlanc , according to the Canadian official’s spokeswoman.\n\nLutnick and LeBlanc were pictured at a late November dinner with Trump, Canadian Prime Minister Justin Trudeau and others at the president’s private Florida club, Mar-a-Lago. At the dinner, Trudeau warned that any tariffs on Canadian goods would hurt the country’s economy, and Trump later joked that maybe Canada should consider becoming a 51st U.S. state.\n\nSHARE YOUR THOUGHTS What do you think Howard Lutnick would bring to the role of Commerce secretary? Join the conversation below.\n\nLutnick’s conversations with Navarro and Greer also helped prepare him for his meetings with senators, according to a person familiar with the matter. Some Republicans and Democrats have pressed Lutnick on his knowledge of the history of trade deals, this person said.\n\nWrite to Brian Schwartz at brian.schwartz@wsj.com and Gavin Bade at gavin.bade@wsj.com",
    "published": "2025-01-29"
  },
  {
    "source": "WSJ",
    "title": "Is Now the Time to Buy Bonds? Watch the White House, Not the Fed",
    "summary": "Benchmark Treasury yields have been climbing toward 5%, despite the central bank’s recent rate cutting",
    "link": "https://www.wsj.com/personal-finance/when-buy-bonds-white-house-fed-fdd01b84?mod=Searchresults_pos19&page=134",
    "content": "Yields could keep climbing if the U.S. Treasury Department has to accelerate its borrowing to cover bigger deficits.\n\nThose who are bearish on Treasurys at their current yields might choose to wait for a better moment to buy.\n\nThe rise in yields has kept borrowing costs high for everything from mortgages to corporate debt.\n\nInvestors should watch the White House more than the Federal Reserve to determine when to buy bonds.\n\nIf you are trying to figure out whether now is the time to buy bonds, watch the White House more than the Federal Reserve.\n\nThe benchmark 10-year Treasury yield has been rising toward 5%, Fed interest-rate cuts be damned. The central bank held its own rates steady Wednesday after trimming by a full percentage point since last fall.\n\nLong-term U.S. government-bond yields have been taking their cue less from the Fed than from President Trump. He took office last week promising to cut taxes, enact tariffs and deport immigrants. Many investors believe these policies will grow the federal deficit and stoke inflation, fueling the latest push toward higher yields.\n\nThe state of play\n\nRight now, uncertainty is at an extreme. A measure of all the unknowable factors baked into Treasury yields beyond baseline rate expectations, called the term premium, has recently been at its highest level in years, according to some estimates.\n\nThe rise in yields has kept borrowing costs high for everything from mortgages to corporate debt. Higher rates tend to weigh on stocks, too. Meanwhile, the rise in yields has handed paper losses to many bond investors, because rising yields are the result of falling bond prices.\n\nThat might not matter if you are planning to buy and hold the bonds until they mature, collecting interest along the way and finally getting back your full principal. If you are buying Treasurys because their yield looks attractive now and you don’t have a longer-term plan, there are some factors you should consider:\n\nBuying Treasurys that mature in two years or more amounts to a bet that yields will stabilize or fall as Trump’s agenda takes shape and the uncertainty dissipates.\n\nYou might want to avoid long-term Treasurys, such as those maturing in 10 years, if you are of the mind that rates will rise further because of higher inflation and ballooning deficits.\n\nPlenty of people disagree on what happens next. BlackRock Chief Executive Larry Fink said recently that 10-year Treasury yields could rise to as much as 5.5%. Morgan Stanley researchers say yields will fall to 3.55% by the end of the year.\n\nThe bull case\n\nThe 10-year Treasury note on Tuesday had a yield of 4.55%. This month it went as high as 4.8%. The Fed’s short-term rates are currently lower, at a range between 4.25% and 4.5%.\n\nSHARE YOUR THOUGHTS Do you think now is a good time to buy bonds? Join the conversation below.\n\nIt stands to reason that long-term Treasury rates shouldn’t drift too far above short-term rates. The biggest influence on 10-year yields is typically what investors expect short-term rates to average over the next 10 years, and the Fed is still in a period of cutting rates, not raising them.\n\nOnce Trump’s policies come into focus, their effect on the Treasury market may fade, shrinking the term premium. Already, some predict that Trump’s bark is worse than his bite. Goldman Sachs, for example, recently predicted tariffs won’t be as extensive and all-encompassing as initially expected.\n\nThe bear case\n\nTrump already threatened 25% tariffs and economic sanctions on Colombia over the weekend because the South American country didn’t accept demands to repatriate migrants. He backed off after Colombia agreed to his terms, the White House said. Still, there is now momentum behind an effort to place tariffs on Canada and Mexico.\n\nGiven these developments, it is easy to imagine that some of the fear baked into that term premium becomes reality. Some hypotheticals:\n\nThe promised tariffs lift inflation, forcing the Fed to keep rates at current high levels or raise them.\n\nThe mass deportation of immigrants leads to labor shortages that drive up the cost of construction and restaurant meals.\n\nTax cuts lower the federal government’s revenue, increasing deficits that prompt the U.S. government to borrow more. Investors, faced with a larger supply of Treasurys, demand higher yields to own them.\n\nNo one knows whether any of this will happen. Higher yields could also be self-limiting if the Trump administration responds by changing course. BlackRock’s Fink, for example, said in his interview that yields above 5% could start a conversation about shrinking the deficit.\n\nThose who are bearish on Treasurys at their current yields might choose to wait for a better moment to buy. Or they might buy short-term Treasurys such as bills that mature in a few months but offer almost as much yield. Inflation-protected Treasurys, whose face value rises with inflation, are another option.\n\nWrite to Ben Eisen at ben.eisen@wsj.com and Sam Goldfarb at sam.goldfarb@wsj.com\n\nAdvertisement",
    "published": "2025-01-29"
  },
  {
    "source": "WSJ",
    "title": "Tesla Caps Roller-Coaster Year With Mixed Fourth-Quarter Earnings",
    "summary": "The electric-car maker’s energy business lifted earnings but revenue generated by its core automotive business fell 8% for the quarter",
    "link": "https://www.wsj.com/business/autos/tesla-earnings-q4-tsla-9f69fc2b?mod=Searchresults_pos9&page=50",
    "content": "Tesla’s market value skyrocketed to a record $1.5 trillion in December, powered by a postelection rally.\n\nTesla TSLA 1.29 %increase; green up pointing triangle Chief Executive Elon Musk talked about full self-driving cars hitting U.S. roads this year and the production of thousands of Optimus humanoid robots, after the automaker delivered mixed results in the fourth quarter.\n\nThe company reported declines in operating margin and automotive revenue for the period, with much of the growth coming from stronger demand for its energy-storage products and rising sales of regulatory credits.\n\nShares of Tesla rose 4% in after-hours trading Wednesday evening as Musk repeated his vision about Tesla becoming the world’s most valuable company because of its efforts now on robotics and self-driving vehicles.\n\nThe billionaire entrepreneur opened the electric-car maker’s earnings call with a focus on its future businesses, including its rollout of unsupervised autonomous vehicles in Austin in June, and an internal goal to build 10,000 Optimus humanoid robots by the end of the year.\n\n“We’re setting up for what I think will be an epic 2026 and a ridiculous ‘27 and ‘28—ridiculously good,” Musk said.\n\nRevenue was up 2% for the period, lifted by stronger demand for its energy-storage products and rising sales of regulatory credits. These credits, essentially pure profit for Tesla, are sold to other automakers that buy them to meet tailpipe-emissions requirements set by the U.S. government.\n\nBut for its core automotive business, revenue was down 8%, in part because Tesla leaned heavily on promotional deals in the fourth quarter to drive a rebound in sales in the last three months. Overall, Tesla’s closely watched operating margin was 6.2%, down from 8.2% a year earlier.\n\nTesla is facing an array of challenges in the year ahead, including a chief executive whose attention is divided by his other companies and work as an adviser to President Trump.\n\nIts core auto business is under pressure with demand weakening for its vehicles, including its new Cybertruck pickup, and intensifying competition in China, where a price war in the electric-car market has broken out among foreign and homegrown automakers.\n\nMusk’s close relationship with Trump only came up once on the call with Wall Street, when an analyst asked Musk what the right policy is to support sustainable transportation in the U.S. Musk largely avoided the question.\n\n“At this point, I think that sustainable transport is inevitable,” he said.\n\nWith growth stalled, investors are hopeful that more affordable electric-car options promised by Musk will help revive consumer interest in the brand.\n\nTesla Chief Financial Officer Vaibhav Taneja reiterated on Wednesday that the company plans to release new products this year, including a new low-cost model in the first half, though he didn’t provide specifics.\n\nThe fully autonomous Tesla Cybercab on display earlier this month at the Brussels Motor Show. Photo: Jonas Roosens/Zuma Press\n\nIn October, Tesla showed off prototypes for two fully autonomous vehicles—the Cybercab, a gold two-seater with butterfly wing doors, and the Robovan, a 20-seater, art-deco style bus. Musk said the Cybercab could be available to customers for less than $30,000 with production starting by 2026.\n\nTesla’s market value skyrocketed to an all-time high of $1.5 trillion in December, powered by a postelection rally. The surge reflects optimism on Wall Street that Musk’s proximity to Trump will yield benefits for his businesses and help support Tesla’s ambitions in self-driving cars.\n\nAlong with advising Trump, Musk is leading the president’s new Department of Government Efficiency, a task force focused on reducing federal spending.\n\nTrump’s policy objectives, while backed by Musk, present some obstacles for Tesla’s car business. The president has pledged to roll back Biden-era subsidies for EVs, including a $7,500 tax consumer tax credit that has helped boost Tesla’s sales over the years.\n\nTrump is also threatening to impose a 25% tariff on Mexican and Canadian imports as soon as Saturday. While Tesla builds most cars it sells in the U.S. in Texas and California, it is reliant on suppliers in the two neighboring countries for parts. For instance, 20% to 25% of parts that are used in U.S.-built cars come from Mexico, according to federal data.\n\nOn Wednesday, Taneja said the tariffs are likely to impact Tesla’s profitability.\n\nSHARE YOUR THOUGHTS What is your outlook on Tesla? Join the conversation below.\n\nTesla has fared better than some tech companies this week in a market selloff stoked by news from DeepSeek that it had released a powerful new AI model. The Chinese startup said its technology is particularly good at problem solving and can perform on par with OpenAI at a fraction of the cost.\n\nIn the near term, Tesla’s core automotive business is still critical to generating the profits behind Musk’s future AI and robotics bets. In its earnings release, Tesla said it plans to return to growth and increase production 60% in 2025.\n\nThe company last week unveiled a new updated version of its Model Y, one of the bestselling cars in the world. Consumer deliveries of the refreshed model are scheduled to begin in March.\n\nWrite to Becky Peterson at becky.peterson@wsj.com\n\nHow the Biggest Companies Are Performing WSJ coverage and analysis of the latest corporate earnings",
    "published": "2025-01-29"
  },
  {
    "source": "WSJ",
    "title": "Farewell to Thursdays",
    "summary": "There is no greater adrenaline rush than meeting a daily newspaper’s deadline.",
    "link": "https://www.wsj.com/opinion/farewell-to-thursdays-there-is-no-greater-rush-than-meeting-a-daily-newspaper-deadline-873fb7b3?mod=Searchresults_pos13&page=95",
    "content": "The Twin Towers on the morning of Sept. 11, 2001, after the attack on the World Trade Center.\n\nWhen in the summer of 2001 I was offered the opportunity to write a weekly column, the expectation was that it would begin later that year. There was no rush. I was busy as deputy editor of the editorial page, and newly elected President George W. Bush was still unfolding his first year in office.\n\nThen 9/11 happened.\n\nThe phrase heard everywhere after that clear but catastrophic September morning was, “This changes everything.” And it did, including for me.\n\nThe Journal’s offices then were across the street from the World Trade Center’s two towers, the twin towers. I was outside on my way into the office when the first plane hit the north tower. The police herded us to a nearby park, where we heard a second plane hit the south tower. Eventually we watched the north building collapse.\n\nAs we started up the West Side Highway to escape the smoke and debris, I noticed a picnic table in a children’s park and said to myself: You know the other building is going to fall. It’s your job as a journalist to stop here and witness the event.\n\nAll this was recorded in a piece I wrote several hours later for the editorial page, “I Saw It All. Then I Saw Nothing.” My colleagues at the Journal got out a newspaper that afternoon, most of them relocating to makeshift offices in central New Jersey, and for that the paper won a Pulitzer Prize. My column started that week.\n\nBefore then, the most compelling event in my journalistic career had been the end of the Cold War, specifically the fall of the Berlin Wall on Nov. 9, 1989. Now this one event, 9/11, had begun a long war with the reality of global Islamic terror.\n\nI am recalling the anecdote about sitting down at a picnic table to watch the south tower fall because it sums up what the people in my line of work do, or are supposed to do. First, we watch. And then we write about what we see so that others can know and understand.\n\nThis longish, operatic prelude is of a piece with my penchant for putting the news in historical context. That includes my own personal history: This will be my final Wonder Land column.\n\nNota bene: It is not the last piece I will do for the Journal. After this week, I will write for the paper when I want to, rather than under a deadline.\n\nSo instead of opinion this week, some reflection.\n\nI got into the business of daily newspapering during Ronald Reagan ’s first term. The weekly column came in 2001 after having written hundreds of daily editorials, nearly always on a late-afternoon deadline.\n\nWhen young people would come to see me about working for a daily newspaper, I tried to warn them about what they were getting into. You need to understand, I said, that if you are given an assignment that needs to go to press that day, you can’t walk into the editor’s office at 4 p.m. and say, I just can’t do this. Do that more than once, and they will suggest you might be better suited for academia.\n\nBut if you can meet deadlines, there’s no greater adrenaline rush. Especially in my lifelong game, opinion-writing. It has been exhilarating.\n\nI usually began with a basic opinion or thought about any event. We need a news peg to get the juices running, now more than ever. But the road to the article’s end—the process and craft of elaborating an opinion and giving it support—can be an exciting, often unpredictable, adventure. Composing a column under deadline is somewhat like improvising on a mighty organ, with the hope that all the notes and chords end in clarity.\n\nI had a few rules of thumb. One was trying to avoid the word “must.” I don’t like the idea of telling people what they “must” think. Smart readers hate it when you try to push them around. At the risk of flattering my audience, the Journal’s readership is a writer’s treasure of informed intelligence.\n\nRelated to that is the importance for an opinion writer to remain a skeptic, rather than a cynic, which isn’t easy. The distinction matters. Skepticism implies a residual measure of hope. One can’t write constant editorials or columns on a limited universe of issues without being, at bottom, an optimist about the future.\n\nFor a while after the column began, people would ask, “Why do you call it Wonder Land?” No one asks me that anymore. Our politics passed through Alice’s looking-glass a long time ago. The Queen of Hearts, an expert in upside-down logic—“Sentence first, verdict afterwards”—could be a gerrymandered member of Congress.\n\nAfter innumerable editorials and columns, I’ve concluded that nearly anything worthwhile can be said in about 825 words. Pushing beyond that limit risks committing the deadliest sin—boring one’s readers. So I’ll stop there.\n\nWrite henninger@wsj.com\n\nWonder Land: The debacle of President Biden's final year in office was his conscious choice. Photo: Will Oliver - Pool via CNP/Zuma Press",
    "published": "2025-01-29"
  },
  {
    "source": "WSJ",
    "title": "My High-Stakes Gamble on a $99 a Night Last-Minute Cruise",
    "summary": "Cruising discounts are harder to find, so I tried one tiny hack to the affordable last-minute cruise of your dreams: standby",
    "link": "https://www.wsj.com/lifestyle/travel/my-high-stakes-gamble-on-a-99-a-night-last-minute-cruise-ec7e84a7?mod=Searchresults_pos11&page=185",
    "content": "ABOARD THE NIEUW STATENDAM—“BINGO!” I shouted in the crowded B.B. King’s Blues Club lounge.\n\nI was playing on a tablet Sunday morning, when the screen flashed the magic word. It was a $140 win and a poetic start to a cruise I was only on because I gambled on a deal.\n\nCruising is having a moment and deep discounts are harder to find even with peak-season promotions. But there is a tiny hack on one cruise line: standby.\n\nI took a flier on Holland America’s standby program in a bid to score a cheap, spontaneous deal to sun and fun. It tested my nerves, patience and backup-plan skills, but I would do it again for the price (even without the Bingo win).\n\nFair warning if you are a type A vacation planner who already has next year’s winter-break trip booked: This column will stress you out.\n\nNewsletter Sign-up WSJ Travel Inspiration and advice for navigating your vacations and business trips, along with the latest travel news. Preview Subscribe\n\nHow do you stand by on a cruise?\n\nHolland America publishes a list of eligible standby cruises from several U.S. ports on dates over the next few months. The prices are fixed: $99 a day for an inside or oceanview cabin and $129 for a room with a balcony, including port charges and taxes. Until last year you could sign up for $49 a day but couldn’t pick your cabin type, and taxes weren’t included.\n\nThe best part of this deal for solo travelers: You don’t pay double for having only one person in the room like you do on most cruise lines.\n\nOnce you pick a date(s), you or your travel adviser have to call Holland America reservations to get on the standby list. You immediately have skin in the game as the cruise must be prepaid. It is refunded only if you don’t get on.\n\nI was a latecomer to the standby list for Saturday’s sailing on the Nieuw Statendam out of Fort Lauderdale. I paid $693 a person on Jan. 16, less than 10 days before departure. Most weeklong cruises out of Florida were starting at more than $1,000 for that week at that time. The starting last-minute rates on Royal Caribbean’s splashy new Icon of the Seas topped $2,200 a person. (Holland America wasn’t notified of my plans or booking.)\n\nMy Holland America ship, the Nieuw Statendam, was built in 2018. Oprah Winfrey is the ship’s godmother. Photo: Horacio Villalobos/Corbis/Getty Images\n\nI invited my 82-year-old mom so she could escape the Connecticut cold, and she texted me this as standby reality set in: “Do you get advance notice you can go on the cruise or is it like a flight, and you have to be there?”\n\nTherein lies the rub. You don’t find out if you have a room until seven to two days before sailing, and you don’t get your money back if you have a spot and don’t show up.\n\nThat’s no sweat if you live near a port, but my mom and I don’t. I used points to book round-trip flights for my mom as I could get them back if the trip didn’t happen. For me, I booked a refundable one-way ticket from Phoenix to Fort Lauderdale.\n\nSold-out ship\n\nOne thing definitely not in my favor in addition to my late arrival on the standby list: The Jan. 25 sailing of the 2,666-passenger ship was sold out online.\n\nFrom the moment I booked, I obsessively checked my email like a helicopter parent waiting to see if their kid got into that Ivy League school.\n\nNothing, nothing and more nothing.\n\nI was able to check in for my cruise even though I was on standby, giving a false sense of hope. Photo: Dawn Gilbertson/WSJ\n\nThere was some false hope when Holland America let me check in for the cruise shortly after booking, passport, flight information and all. I thought that meant it was a go until I scrolled through Reddit comments on the standby program and found that it means nothing.\n\nFive days before the cruise I finally caved and called Holland’s reservation line and got nowhere.\n\n“Are you calling to see if the cruise is still going?” the agent asked.\n\nNo, I want to know if I’m going to be on it. She couldn’t tell me how many people are on the wait list or when I would know except that it would be no later than two days before sailing.\n\nI was in cruise limbo and it was frustrating. If I was rejected by Wednesday, I was just going to cancel the entire trip. If I didn’t find out until Thursday, we had to fly to Fort Lauderdale that morning on our prearranged flights, in case we got a yes that night.\n\nI furiously started searching for affordable backup cruises because we were already going to be in Florida and a resort stay would be over the cruise budget. Few were in my price range. And I couldn’t book another deal until I heard from Holland America.\n\nMy Google Doc on this standby sitch now stretched 17 pages.\n\nSHARE YOUR THOUGHTS Have you ever booked a standby cruise? Join the conversation below.\n\nOn Wednesday night, all checked in for our Thursday flights to Florida, I found what I thought was an encouraging sign on the cruise line’s app. Under stateroom on our booking, it no longer said WAITL for wait list. It said GUAR. That is the lingo on any cruise when you pick a room category where the cruise line selects your stateroom, not you. (It’s a money-saving strategy.)\n\nI texted my mom and my boss that I thought this trip was a go and booked an airport hotel with free cancellation.\n\nI was giddy.\n\nTwo days before the cruise, the deadline for finding out, confirmation finally arrived. But not in the promised email. The Holland America app showed an assigned stateroom number.\n\nMy lucky streak continued on board with a $140 win at bingo on the first sea day. Photo: Dawn Gilbertson/WSJ\n\nWas it a fluke? I called the cruise line and they said I made it on. (Only three of seven standby passengers did, I found out later.) I didn’t receive an email because they sent it to a very old one on file instead of the one I used in my booking.\n\n“I’m really sorry about that and hope you have a nice cruise,” the agent said.\n\nAll was forgotten on Saturday morning when we boarded. The inside cabin was nicer and bigger than expected in a prime midship location (though I could do without the noise from restaurants above). The price was more than right for a week of lodging, food, ocean views and transportation between islands. The only passengers I met with a better deal was a couple from Boston.\n\nThey won the cruise in a raffle on a Holland America cruise last year.\n\nSign up for the WSJ Travel newsletter for more tips and insights from Dawn Gilbertson and the rest of the Journal’s travel team.\n\nWrite to Dawn Gilbertson at dawn.gilbertson@wsj.com\n\nRead More From Dawn Gilbertson Get WSJ's Travel Newsletter",
    "published": "2025-01-29"
  }
]