[
  {
    "source": "WSJ",
    "title": "Budget Cuts Can Solve Trump’s Trade Deficit Problem",
    "summary": "Steep cuts to federal spending could pull down interest rates, the dollar and trade deficit, without the messiness of tariffs",
    "link": "https://www.wsj.com/economy/trade/budget-cuts-can-solve-trumps-trade-deficit-problem-60365d8c?mod=Searchresults_pos4&page=25",
    "content": "The World Trade International Bridge, which sits on U.S.-Mexico border in Laredo, Texas, is one of the busiest ports in the U.S.\n\nThe trade deficit has been an obsession of Donald Trump throughout his public life.\n\nAnd yet as president, his policies have often been at odds with narrowing it.\n\nBusiness-friendly deregulation and tax cuts boost private investment and widen the budget deficit. That pulls in imports and pushes interest rates and the dollar higher, depressing exports. Tariffs, meanwhile, may reduce imports, but also exports, by hurting others’ economies and provoking retaliation.\n\nSo is there a policy that can reconcile these otherwise irreconcilable goals? Yes, and Republicans have a golden opportunity to enact it: steep, swift cuts to federal spending. By tamping down demand and inflation, budget cuts would pull down interest rates and the dollar, reducing imports and boosting exports, while preserving the conditions for more private investment.\n\nTwin deficits\n\nAt its root, a trade deficit results from a country consuming more than it produces. A budget deficit contributes to this imbalance by injecting more demand into the economy via spending than it subtracts via taxes. This linkage is why the two gaps are sometimes called twin deficits.\n\nThe link isn’t fixed. Recessions reduce tax revenue and imports, while private investment booms (like in the late 1990s) increase them. In either case, the trade and budget deficits move in opposite directions.\n\nBut deliberately shrinking the budget deficit, via fiscal austerity, or expanding it, via fiscal stimulus, usually spills over to trade. A 2021 study of 33 countries from 1978 to 2019 by the International Monetary Fund found that for a big country like the U.S., one dollar of fiscal consolidation subtracted 30 to 50 cents from the current account balance (a broad measure of trade that includes goods, services and investment income).\n\nLast year, the U.S. ran a federal deficit of $1.8 trillion, or 6.4% of gross domestic product. Treasury Secretary Scott Bessent has proposed reducing that to 3% by the end of Trump’s term. Run that through the IMF’s math, and you knock $300 billion to $500 billion off the trade deficit in goods and services, which was more than $900 billion last year.\n\nBetter than tariffs\n\nTrade deficits aren’t intrinsically bad, but if, like this administration, you happen to disagree, you should address them in the least harmful way possible. Fiscal austerity does the job with much less collateral damage than tariffs. Inflation goes down instead of up. Trading partners don’t retaliate. There’s no special-interest lobbying or corrosive uncertainty over who gets hit with tariffs for how long.\n\nAusterity’s main drawback is that it slows growth. Countries that undertook austerity after the 2007-09 financial crisis aggravated high unemployment that central banks couldn’t offset with lower interest rates, which were already around zero.\n\nSHARE YOUR THOUGHTS Do you think Trump will succeed in lowering the trade deficit? Why or why not? Join the conversation below.\n\nThe U.S. is in the opposite place today. Unemployment is low and inflation is above the Federal Reserve’s 2% target. Ambitious deficit reduction would nudge inflation lower. The Fed could then cut interest rates, offsetting the drag from austerity, and weakening the dollar. Meanwhile, less federal borrowing would lower Treasury bond yields. In this way a smaller deficit “crowds in” private investment and exports, just as a bigger deficit crowds them out.\n\nBy contrast, experience and theory show that tariffs don’t reduce the trade deficit. After Trump imposed tariffs on China in his first term, importers shifted sourcing to Mexico and Vietnam while a lower yuan helped Chinese exporters absorb the tariff. The 25% tariffs on Mexico and Canada scheduled to take effect Tuesday have already weakened their currencies and provoked promises of retaliation. All that will sap demand for U.S. exports.\n\nFormidable math\n\nThe publicly-held federal debt, the sum of all annual deficits, is about to shoot past 100% of GDP. So budget deficits have to come down. Done right, that can also reduce the trade deficit.\n\nWhile higher taxes could do the job, in practice spending cuts are more effective. In the short run, a dollar reduction in, say, government benefits would reduce consumption and imports more than a dollar increase in taxes because households would respond to the latter by dipping into savings to sustain their lifestyle.\n\nIn the long run, higher tax rates discourage work and investment, leaving GDP smaller. That’s why a Congressional Budget Office study in 2022 found that benefit cuts achieve a lower debt to GDP ratio than higher income-tax rates.\n\nThis happens to align with the priorities of Republicans, who want to extend their 2017 tax cuts while adding new ones. But this creates some formidable math.\n\nHouse Republicans recently passed a budget resolution that envisions $1.5 trillion to $2 trillion in spending cuts. Photo: Bing Guan for WSJ\n\nExtending the tax cut would leave the budget deficit at 7% of GDP in fiscal year 2029, based on CBO and Joint Committee on Taxation estimates. To get it to 3% and then keep it there would require $12 trillion of spending cuts over the next decade relative to the status quo, by my calculations. But House Republicans, in their recently passed budget resolution, envision only $1.5 trillion to $2 trillion of spending cuts. (They penciled in additional deficit reduction via a growth dividend from their plans, which my estimates exclude.)\n\nTrump has made the job especially difficult by ruling out any cuts to Social Security or Medicare. Throw in interest on the debt, and half of spending is now off limits. To hit a 3% deficit in 2029 would require cutting 40% from everything else—defense, homeland security, veterans benefits, Medicaid, food stamps, welfare, and countless other federal programs. Zeroing out Medicaid and food stamps and firing every federal employee won’t be enough. And Republicans are already balking at cuts to Medicaid.\n\nSo either Republicans put Social Security, Medicare and taxes on the table, await a growth miracle, or accept a much less ambitious deficit target.\n\nAnother caveat applies to using fiscal austerity to reduce the trade deficit. As with tariffs, it doesn’t work if other countries all do the same. Indeed, the U.S. runs a trade deficit not just because it consumes so much, but because others consume so little. The economies of Germany and China are structurally biased against consumption and in favor of exports.\n\nThat might be changing. The parties likely to form Germany’s next government want to cut taxes and spend more on defense, power generation and infrastructure. China’s leaders are under pressure to enact fiscal stimulus in response to slumping consumption and weak employment. Both worry that Trump’s tariffs will kneecap their exports.\n\nSo how about this: Germany and China agree to stimulate their economies and import more, and the U.S. agrees to shrink its own budget deficit and not impose more tariffs.\n\nVoilà: a lower trade deficit without the trade war.\n\nWrite to Greg Ip at greg.ip@wsj.com",
    "published": "2025-03-01"
  },
  {
    "source": "WSJ",
    "title": "Trump Is No Bobby Fischer",
    "summary": "The president isn’t playing 3-D chess in the war in Ukraine.",
    "link": "https://www.wsj.com/opinion/trump-is-no-bobby-fischer-war-russia-ukraine-chess-71dd3d46?mod=Searchresults_pos4&page=40",
    "content": "Donald Trump at the White House, Feb. 28. Photo: shawn thew/Shutterstock\n\nIn his Feb. 25 column “Trump’s Russia Policy Isn’t All That New” (Global View), Walter Russell Mead suggests that President Trump’s foreign policy is consistent with many of his predecessors’ and European counterparts’, but acknowledges the risk he is taking. The efforts will likely end as they always have: “Mr. Putin may well pocket all the concessions Washington offers him and then double down on both his alliance with China and his aggression with Ukraine.” Some MAGA supporters suggest that Mr. Trump is playing 3-D chess that we simply don’t understand. If he is successful, it’s more likely akin to the old saying: “Even a blind squirrel can find a nut every now and again.”\n\nRon Moore",
    "published": "2025-03-01"
  }
]