[
  {
    "source": "WSJ",
    "title": "A Bond Selloff Is Rocking the World. You Might Want to Take the Other Side.",
    "summary": "A rare ‘bear steepening’ trade is pressuring governments and worrying investors",
    "link": "https://www.wsj.com/finance/investing/a-bond-selloff-is-rocking-the-world-you-might-want-to-take-the-other-side-ab1356c3?mod=Searchresults_pos20&page=94",
    "content": "Wall Street is really worried about bonds. It might be time to buy some.\n\nOn Friday, a jobs report that blew past expectations pushed yields on 10-year Treasurys to 4.772%, the highest close since Nov. 1, 2023, and those on 30-year paper to 4.962%.\n\nWhat is spooking markets, however, is that much of the recent rise in yields doesn’t appear to reflect expectations of stronger economic growth. Rather, it might be the result of investors applying a higher discount or “term premium” to hold long-term bonds, estimates by the Federal Reserve suggest. Some analysts attribute this to the possibility of Donald Trump’s promised tariffs derailing the global economy and leading to a jump in inflation, while his tax cuts bloat budget deficits further.\n\nMovements in term premiums are usually strongly correlated across the globe, and the consequences are being felt more starkly in weaker economies overseas, especially in Britain. There, 30-year yields are trading around 5.4%, a 27-year high. U.K. Treasury chief Rachel Reeves , who has made a public pledge to appease bond markets while also attempting to set out some moderate growth ambitions in her latest budget, is under strong pressure.\n\nFrance is also in the hot seat: The government is shackled by a parliamentary deadlock, and now has borrowing costs firmly above those of Greece.\n\nIn a further sign of trouble, the pound and the euro are falling, with the latter sliding close to parity with the U.S. dollar. The S&P 500 and the Stoxx Europe 600 ended Friday down 1.5%, and 0.8%, respectively.\n\nBut counterintuitively, bonds may ultimately prove to be the safest place amid the storm.\n\nFor one, the fiscal doomsayers are probably wrong: Countries that print their own currency can’t truly be pushed to default. More important, inflation-linked Treasurys have sold off too, belying the idea that markets see a hot economy and tariffs as a serious inflationary problem.\n\nIt might all have to do with interest rates after all. Since December, the Fed has squashed expectations of a prolonged rate-cutting cycle. As a result, the whole middle part of the Treasury yield curve—from two to five-year maturities—has become positively sloped for the first time since 2022. Only the very short end, from three months to one year, remains inverted, reflecting the one or two cuts that markets suggest might still happen this year.\n\nThe reason alarm bells are ringing is that longer-term bonds have sold off even more—a “bear steepening” trade, in Wall Street lingo. Three out of four times, yield curves steepen for the opposite reason, historical data shows: A fall in short-term yields driven by central banks cutting rates very fast. Bear steepenings following a period of inverted yield curves are rare, and mostly are reminiscent of the “stagflation” periods of the 1970s and 1980s.\n\nSHARE YOUR THOUGHTS Are you buying or selling bonds right now? Join the conversation below.\n\nBut this gets to the core of the matter. Today’s situation, in which central banks have been able to aggressively raise rates without harming the economy, then slowly cut them while launching hawkish messages, is nearly unprecedented.\n\nKeeping this in mind, what is happening to bonds makes sense. Fixed-income investors have ruled out a “hard landing” for the economy, and have been persuaded by officials that returns on cash probably won’t dip below 3.5% for the foreseeable future. They have thus started demanding a larger reward to lock up their money for longer.\n\nThis term premium still isn’t huge: It is reportedly adding 0.6 percentage point to 10-year yields, when the historical average is 1.5 percentage points. The steepness of most of the yield curve remains mild by historical standards.\n\nSo why did stock markets react so negatively on Friday? One key factor might be stretched valuations. After years of technology-led rallies, the S&P 500 has become so expensive that, even if analysts’ optimistic outlook for 2025 is realized, its one-year forward earnings yield has fallen to 4.6%—the same as the yield of a 5-year Treasury. This explains why equity holders are increasingly seeing bonds as competition, especially for medium-term investment horizons.\n\nTo be sure, this doesn’t rule out the possibility that yields could rise further, or that high yields themselves could have a negative impact on economic growth, especially abroad.\n\nWere growth and corporate earnings to truly suffer, though, central banks would need to change course and go into stimulus mode. Guess which asset class gains in that scenario: Bonds.\n\nWrite to Jon Sindreu at jon.sindreu@wsj.com\n\nNavigating the Markets Coverage and analysis, selected by editors Get WSJ's Markets A.M. Newsletter",
    "published": "2025-01-12"
  },
  {
    "source": "WSJ",
    "title": "Trudeau Promises ‘Robust’ Response After Trump’s Tariff Pledge",
    "summary": "Canadian prime minister reiterates willingness to retaliate forcefully against U.S. tariffs",
    "link": "https://www.wsj.com/world/americas/canadas-trudeau-promises-robust-response-after-trumps-feb-1-tariff-pledge-2218ca3c?mod=Searchresults_pos12&page=1",
    "content": "Canadian Prime Minister Justin Trudeau warns President Trump that his proposed 25% tariff on Canadian imports could harm the close trading relationship between the two countries.\n\nOTTAWA—Canadian Prime Minister Justin Trudeau warned President Trump that his renewed pledge to impose a 25% tariff on all Canadian imports, starting as early as Feb. 1, risks derailing his effort to usher in a “golden age” for America, given the close trading ties between the neighboring countries.\n\nTrudeau reiterated on Tuesday his willingness to retaliate forcefully against U.S. tariffs— perhaps matching with dollar-for-dollar Canadian tariffs—and to provide financial support to households and businesses to deal with the consequences from a trade row.\n\n“Our focus is remaining calm, remaining strong and responding as necessary to actions by the U.S.,” he told reporters Tuesday at a cabinet retreat in western Quebec. “Our response will be robust, and rapid, and measured, and very strong.”\n\nCanadian officials and business leaders were initially relieved early Monday when it became clear the Trump administration wasn’t going to impose 25% tariffs on Canadian goods on Day One of its term. On Monday evening, anxiety returned after Trump said from the Oval Office that the U.S. could slap 25% duties on imports from Canada and Mexico starting Feb. 1, citing inadequate border security to limit the flow of illegal drugs and migrants into the U.S.\n\nNewsletter Sign-up What’s News Catch up on the headlines, understand the news and make better decisions, free in your inbox daily. Enjoy a free article in every edition. Preview Subscribed\n\nThe threat of tariffs has stirred widespread uncertainty among Canadian business leaders, the Bank of Canada said this week, based on responses to a survey last month. Executives fear a pickup in inflation from U.S. tariffs, and some companies have cut their sales forecast, and scaled back hiring and investment plans, due to the tariff threat from Washington, the survey said.\n\nThe Canadian dollar retreated relative to the U.S. dollar in response, and some economists warn of further weakness ahead for the currency so long as trade uncertainty prevails. Inflation data out on Tuesday indicated a pickup in underlying prices—however, economists are leaning toward another Bank of Canada rate cut next week because central-bank policymakers may want to take out insurance in the event of tariffs.\n\nCanada is one of America’s largest trading partners, with annual two-way trade approaching $1 trillion. About three-quarters of all Canadian exports are U.S.-bound, and Canada accounts for about half of all imported crude oil into the U.S.\n\nCanadian officials are eyeing potential tariffs on up to $150 billion of U.S. products as a possible response in a trade row with Washington. Trudeau said tariffs on U.S. goods and services entering Canada would likely hurt consumers and businesses, and the government is ready to alleviate that stress with financial support. Trudeau said officials also would consider a dollar-for-dollar approach on tariffs.\n\n“Trump is, as always, a skilled negotiator and will do what he can to keep his negotiating partners a little bit off balance,” said Trudeau, with several cabinet ministers standing behind him.\n\n“President Trump said that he wants to usher in a golden age for the United States. That will require more steel and aluminum, more critical minerals, more reliable and affordable energy, more of every resource to run the U.S. economy full steam ahead,” Trudeau said. “Canada has all those resources, and we stand at the ready to work with the United States.”\n\nTariffs are at the center of former President Donald Trump’s economic plan. It would be a dramatic shift in trade policy, but how would they work? WSJ explains what the proposals would look like and how they’d affect consumers. Photo illustration: Madeline Marshall\n\nIn an executive order, Trump directed federal agencies to evaluate trade policies and economic relationships with China and North American neighbors, and prepare reports by April 1. He also directed federal agencies to alleviate persistent U.S. trade deficits and confront what he calls unfair trade and currency policies by other nations. He is focused on China, Canada and Mexico, asking agencies to assess compliance with the U.S.-Mexico-Canada Agreement and a 2020 trade deal with China.\n\nFixed-income strategists at CIBC Capital Markets said Tuesday they doubted Trump would follow through on a broad 25% tariff on Canada, as that threatened Trump’s promise for cheaper energy and risked disruption for the closely integrated auto sector. Instead, the firm said U.S. tariffs on Canadian imports ranging from 10% to 20% are possible, with commodities and automotives excluded. Under this scenario, CIBC expects a hit to Canada’s gross domestic product of between 1.3% to 3.25%.\n\nIn response to Trump’s border concerns, Canada unveiled last month new spending to purchase drones and helicopters, and deploy additional border agents. On Monday, Trump declared a national emergency at the U.S.-Mexico border. “They don’t seem to consider that there is any emergency on the northern border,” Trudeau said. He said the amount of fentanyl and the level of illegal immigrants entering the U.S. from Canada are negligible compared with Mexico and the rest of the world.\n\nAdvertisement\n\nWrite to Paul Vieira at Paul.Vieira@wsj.com",
    "published": "2025-01-21"
  },
  {
    "source": "WSJ",
    "title": "Investors Hope Earnings Season Can Revive Faltering Stock Rally",
    "summary": "With the Fed unlikely to cut interest rates as quickly as hoped, corporate earnings growth becomes even more critical",
    "link": "https://www.wsj.com/finance/stocks/bank-earnings-q4-2024-preview-0e5f701e?mod=Searchresults_pos9&page=144",
    "content": "Large banks are concerned about the effects of positive U.S. economic data.\n\nAnalysts still expect earnings growth to leap in the year ahead, but some strategists say that blockbuster growth could be hard to achieve, given the political and economic wild cards that investors could face in the coming months.\n\nAnalysts expect companies in the S&P 500 to report a roughly 12% jump in profits from the prior year, but this is down from the 14.5% growth analysts had expected in late September.\n\nThe postelection stock rally has sputtered, and investors are looking to the coming earnings season to revive it.\n\nThe postelection stock rally has sputtered. Investors are looking to the coming earnings season to revive it.\n\nThe Dow Jones Industrial Average has given up all of its gains since the presidential election, down 0.7% from Nov. 5. The Russell 2000 index of smaller stocks, thought to be one of the biggest potential beneficiaries of a second Donald Trump presidency, has fallen 10% from its recent high in late November.\n\nA spate of hotter-than-expected economic data, including Friday’s blockbuster jobs report, has spurred growing doubts about whether the Federal Reserve will cut interest rates this year. Government-bond yields have soared in response, putting pressure on stocks.\n\nThe central bank began bringing down interest rates from a two-decade high last fall but has signaled a more cautious approach going forward. Rate cuts tend to be a tailwind for stock prices because they stimulate economic growth and reduce the appeal of bonds.\n\nStocks won’t be able to maintain their torrid rise of the past two years and are likely to face greater pressure ahead if yields keep rising, analysts warn.\n\nThe Dow industrials and broader S&P 500 are down about 1% in the early days of 2025, while the yield on the benchmark 10-year Treasury note settled Friday at 4.772%, its highest mark since November 2023.\n\nWith the Fed unlikely to cut rates as quickly as investors hoped, analysts say corporate earnings growth—historically one of the biggest drivers of stock gains—becomes even more critical to keeping the market afloat.\n\n“This fourth-quarter earnings season is probably one of the most consequential earnings seasons that we’re going to see in a long time,” said Larry Adam, chief investment officer at Raymond James.\n\nWells Fargo is among the banks that will report quarterly results in the next few days. Photo: Marissa Alper for WSJ\n\nInvestors will parse results from big banks including JPMorgan Chase, Wells Fargo and Citigroup in the coming days, along with those of BlackRock, the world’s largest asset manager. Fresh consumer inflation numbers are on tap Wednesday.\n\nAnalysts expect companies in the S&P 500 to report a roughly 12% jump in profits from the prior year, according to FactSet. That would mark the biggest year-over-year gain since the fourth quarter of 2021, but is down from the 14.5% growth analysts had expected in late September.\n\nJust as important for investors, the coming earnings season, the first since Trump’s electoral win, puts corporate leaders in the hot seat to explain how they plan to navigate the president-elect’s populist agenda.\n\nSome worry that Trump’s proposed tariffs could raise prices for U.S. companies that import overseas products and pass those costs to customers. There are also concerns that Trump’s trade policies and plans for mass deportations could reignite inflation if implemented, and in turn further keep interest-rate cuts at bay.\n\nStrong consumer spending helped keep the economy chugging along in 2024. But consumers, particularly lower-income Americans, began reeling in their spending. Holiday shopping data revealed that wealthier consumers splurged on gifts while lower-income shoppers struggled to pay for necessities such as groceries and child care.\n\nEarly quarterly results suggest that consumers are still tightening their purse strings. Nike last month reported a drop in quarterly sales from the prior year. FedEx lowered its earnings and sales guidance for the fiscal year.\n\nConagra Brands, which produces Swiss Miss hot-chocolate mix and Pam cooking spray, reported a decline in sales and warned that sticky inflation and a strong U.S. dollar could weigh on its business this year.\n\n“Economic pressures continue to shape consumer purchasing decisions,” Conagra Chief Executive Sean Connolly said on last month’s earnings call.\n\nAnalysts still expect earnings growth to leap in the year ahead. They are projecting a 15% jump in corporate profits from 2024. Some strategists say that blockbuster growth could be hard to achieve, given the political and economic wild cards that investors could face in the coming months.\n\nStocks are also looking increasingly pricey, putting more pressure on companies to report financial results that justify their towering valuations. The S&P 500 was recently trading at about 22 times its projected earnings over the next 12 months, above its 10-year average of 18.5 times, according to FactSet.\n\nSome strategists say earnings growth will need to broaden beyond big tech titans to support the next leg of the stock rally.\n\nSHARE YOUR THOUGHTS What are your expectations for this earnings season? Join the conversation below.\n\nTheir staggering size has made their ability to deliver profits and positive guidance hugely influential over the market’s direction. The Magnificent Seven—Alphabet, Amazon.com, Apple, Meta Platforms, Microsoft, Nvidia and Tesla—are expected to post a 22% jump in fourth-quarter earnings. That compares with a 8.7% rise from the other 493 companies in the S&P 500, according to FactSet data as of Thursday.\n\nAnalysts expect financial companies to see the highest year-over-year earnings growth among the S&P 500 sectors, at about 40%, followed by a 21% jump from communication-services companies, according to FactSet. The energy sector is expected to report the biggest profit decline, at 26%.\n\n“The healthy next step for this market is for everything, the earnings growth but also valuation, to spread,” said Keith Buchanan, senior portfolio manager at Globalt Investments.\n\nWrite to Krystal Hur at krystal.hur@wsj.com\n\nAdvertisement",
    "published": "2025-01-12"
  },
  {
    "source": "WSJ",
    "title": "Investors Hope Earnings Season Can Revive Faltering Stock Rally",
    "summary": "With the Fed unlikely to cut interest rates as quickly as hoped, corporate earnings growth becomes even more critical",
    "link": "https://www.wsj.com/finance/stocks/bank-earnings-q4-2024-preview-0e5f701e?mod=Searchresults_pos4&page=145",
    "content": "Large banks are concerned about the effects of positive U.S. economic data.\n\nAnalysts still expect earnings growth to leap in the year ahead, but some strategists say that blockbuster growth could be hard to achieve, given the political and economic wild cards that investors could face in the coming months.\n\nAnalysts expect companies in the S&P 500 to report a roughly 12% jump in profits from the prior year, but this is down from the 14.5% growth analysts had expected in late September.\n\nThe postelection stock rally has sputtered, and investors are looking to the coming earnings season to revive it.\n\nThe postelection stock rally has sputtered. Investors are looking to the coming earnings season to revive it.\n\nThe Dow Jones Industrial Average has given up all of its gains since the presidential election, down 0.7% from Nov. 5. The Russell 2000 index of smaller stocks, thought to be one of the biggest potential beneficiaries of a second Donald Trump presidency, has fallen 10% from its recent high in late November.\n\nA spate of hotter-than-expected economic data, including Friday’s blockbuster jobs report, has spurred growing doubts about whether the Federal Reserve will cut interest rates this year. Government-bond yields have soared in response, putting pressure on stocks.\n\nThe central bank began bringing down interest rates from a two-decade high last fall but has signaled a more cautious approach going forward. Rate cuts tend to be a tailwind for stock prices because they stimulate economic growth and reduce the appeal of bonds.\n\nStocks won’t be able to maintain their torrid rise of the past two years and are likely to face greater pressure ahead if yields keep rising, analysts warn.\n\nThe Dow industrials and broader S&P 500 are down about 1% in the early days of 2025, while the yield on the benchmark 10-year Treasury note settled Friday at 4.772%, its highest mark since November 2023.\n\nWith the Fed unlikely to cut rates as quickly as investors hoped, analysts say corporate earnings growth—historically one of the biggest drivers of stock gains—becomes even more critical to keeping the market afloat.\n\n“This fourth-quarter earnings season is probably one of the most consequential earnings seasons that we’re going to see in a long time,” said Larry Adam, chief investment officer at Raymond James.\n\nWells Fargo is among the banks that will report quarterly results in the next few days. Photo: Marissa Alper for WSJ\n\nInvestors will parse results from big banks including JPMorgan Chase, Wells Fargo and Citigroup in the coming days, along with those of BlackRock, the world’s largest asset manager. Fresh consumer inflation numbers are on tap Wednesday.\n\nAnalysts expect companies in the S&P 500 to report a roughly 12% jump in profits from the prior year, according to FactSet. That would mark the biggest year-over-year gain since the fourth quarter of 2021, but is down from the 14.5% growth analysts had expected in late September.\n\nJust as important for investors, the coming earnings season, the first since Trump’s electoral win, puts corporate leaders in the hot seat to explain how they plan to navigate the president-elect’s populist agenda.\n\nSome worry that Trump’s proposed tariffs could raise prices for U.S. companies that import overseas products and pass those costs to customers. There are also concerns that Trump’s trade policies and plans for mass deportations could reignite inflation if implemented, and in turn further keep interest-rate cuts at bay.\n\nStrong consumer spending helped keep the economy chugging along in 2024. But consumers, particularly lower-income Americans, began reeling in their spending. Holiday shopping data revealed that wealthier consumers splurged on gifts while lower-income shoppers struggled to pay for necessities such as groceries and child care.\n\nEarly quarterly results suggest that consumers are still tightening their purse strings. Nike last month reported a drop in quarterly sales from the prior year. FedEx lowered its earnings and sales guidance for the fiscal year.\n\nConagra Brands, which produces Swiss Miss hot-chocolate mix and Pam cooking spray, reported a decline in sales and warned that sticky inflation and a strong U.S. dollar could weigh on its business this year.\n\n“Economic pressures continue to shape consumer purchasing decisions,” Conagra Chief Executive Sean Connolly said on last month’s earnings call.\n\nAnalysts still expect earnings growth to leap in the year ahead. They are projecting a 15% jump in corporate profits from 2024. Some strategists say that blockbuster growth could be hard to achieve, given the political and economic wild cards that investors could face in the coming months.\n\nStocks are also looking increasingly pricey, putting more pressure on companies to report financial results that justify their towering valuations. The S&P 500 was recently trading at about 22 times its projected earnings over the next 12 months, above its 10-year average of 18.5 times, according to FactSet.\n\nSome strategists say earnings growth will need to broaden beyond big tech titans to support the next leg of the stock rally.\n\nSHARE YOUR THOUGHTS What are your expectations for this earnings season? Join the conversation below.\n\nTheir staggering size has made their ability to deliver profits and positive guidance hugely influential over the market’s direction. The Magnificent Seven—Alphabet, Amazon.com, Apple, Meta Platforms, Microsoft, Nvidia and Tesla—are expected to post a 22% jump in fourth-quarter earnings. That compares with a 8.7% rise from the other 493 companies in the S&P 500, according to FactSet data as of Thursday.\n\nAnalysts expect financial companies to see the highest year-over-year earnings growth among the S&P 500 sectors, at about 40%, followed by a 21% jump from communication-services companies, according to FactSet. The energy sector is expected to report the biggest profit decline, at 26%.\n\n“The healthy next step for this market is for everything, the earnings growth but also valuation, to spread,” said Keith Buchanan, senior portfolio manager at Globalt Investments.\n\nWrite to Krystal Hur at krystal.hur@wsj.com\n\nAdvertisement",
    "published": "2025-01-12"
  },
  {
    "source": "WSJ",
    "title": "‘Power Metal’ Review: The Dirty Work of Clean Energy",
    "summary": "The scale of global mining required as part of the ‘energy transition’ has staggering environmental implications.",
    "link": "https://www.wsj.com/arts-culture/books/power-metal-review-the-dirty-work-of-clean-energy-4b8683c5?mod=Searchresults_pos7&page=108",
    "content": "Mining is having a moment. Pundits and politicians have rediscovered the reality that extracting minerals from the earth is both critical for a modern economy and an inherently dirty business. Journalists writing about the industry often invoke both its strategic importance and William Blake’s “dark satanic mills.”\n\nRhenium, for instance—the last of all naturally occurring stable elements to be discovered, some 100 years ago—is what makes possible today’s superconductors and high-temperature alloys for jet engines. We use minerals to create all sorts of magical devices, from lasers and MRI machines to computer chips and, of course, lithium batteries, which power everything from our smartphones to our electric vehicles.\n\nIn “Power Metal: The Race for the Resources That Will Shape the Future,” Vince Beiser, a journalist and author whose previous book explored the role of sand in our economy, now turns to the mining implications of an “energy transition”—the push to replace conventional fuels and cars with batteries energized by wind and solar machinery.\n\nCivilization as we know it would not exist without the earth’s minerals. Anthropologists use the terms Bronze Age and Iron Age for a reason. Meanwhile, observers have long raised concerns about mining’s effects on our health and the environment. Writing about land that has been polluted from mining in “On Airs, Waters and Places” more than 2,500 years ago, the Greek physician Hippocrates warned that “good waters cannot proceed from such a soil.”\n\nOur modern strategic worries began shortly after World War I, when military planners realized that the nation and its war machinery were dependent upon imports for many essential minerals. In 1922 Congress established a military board to stockpile 42 strategic metals, including tungsten, vanadium and chromium. The 1939 Strategic and Critical Materials Stock Piling Act, updated in 1979, 1987, 1994 and 2023, was intended to encourage domestic mining and reduce import dependencies.\n\nThe past century has seen countless government studies about America’s reliance on imported minerals. In 1980 President Jimmy Carter signed the bipartisan National Materials and Minerals Policy, Research and Development Act calling for the coequal pursuit of mineral production and environmental protection. In the years since, the latter has crushed the former, stifling the American mining industry. Today the world mines more stuff than ever before—just not in the U.S.\n\nAs I’ve written before on these pages, “global mining today involves excavating and moving a quantity of rock each year equivalent to the tonnage of 7,000 Great Pyramids. Transition aspirations would require a tonnage north of 50,000 pyramids annually.” Clearly such scale isn’t only difficult—it’s near impossible. The mere attempt has staggering environmental implications. Mr. Beiser wastes no time uncovering that truth. The title to his introduction: “There’s No Such Thing as Clean Energy.”\n\nMr. Beiser tells us he wants “to make clear the extent of the damage” that mining inflicts. He concludes his introduction by teasing that “we need a whole new approach.” Spoiler alert: It’s about all of us using far less stuff and especially having far fewer cars of any kind.\n\nThe book mostly chronicles the author’s fascinating visits to people at myriad global mine sites. We learn about urban mining and the complex choreography of metal scavengers. On the subject of recycling, the author correctly concludes: “Recycling helps. But as a solution, utterly inadequate.”\n\nHe discovers the reality that people who make a living “dealing only with dematerialized abstractions, intellectual ‘products’ that exist mainly on computers” in fact depend on all manner of machines “made with metals.” Echoing the poet Blake, Mr. Beiser calls this a “Faustian bargain.” Here I disagree. Humans are, to use the French philosopher Henri Bergson’s term, homo faber—makers of tools and machines that create near magical productivity and value. It’s a great bargain.\n\nThe book’s dénouement and final chapter is devoted to the Netherlands’ love of the bicycle, which Mr. Beiser holds as “the single best way we can reduce the damage done by our consumption of both minerals and energy.” That conviction is shared by many transitionists and the International Energy Agency, which hopes the share of global households without a car will nearly double by 2050. California has similar aspirations.\n\nMr. Beiser marches through the car prohibitionists’ standard fare, from accidents to land use, offering the usual palliatives for taking away your car, such as the benefits of exercise. “We need, in short, to redesign our cities, to orient them around human beings rather than automobiles.” Never mind those humans who want or need cars.\n\nThe author revisits a widely repeated trope that there’s a generational shift away from cars to “micromobility,” the techie term for peddled and battery-propelled bicycles, but he ignores the recent data that shows otherwise. One MIT study found that millennials exhibit “little difference in preferences for vehicle ownership” and “in contrast to anecdotes, we find higher usage in terms of vehicle miles traveled.” Meanwhile, a 14-country survey released last year found that people under 30 “love cars and are neither ready nor willing to live without them.” In the U.S., 75% of respondents expressed an attachment to their cars; across Europe the average was 83% of respondents, while in China the proportion ballooned to 97%.\n\nIt’s true, as Mr. Beiser notes, that many cities are embracing the means for making cycling convenient and driving inconvenient. New York City has added nearly 600 miles of bicycle lanes to its roadways in the past decade. And now it has introduced a congestion toll, to further raise the cost of driving in Manhattan. Who benefits? In the U.S. we have data on that too: 0.5% of all commuters use a bicycle. The average age of those who commute by bike is 20 to 30, 70% male, 70% white and 80% with a college degree. Universal and diverse this is not.\n\nOne can conclude from Mr. Beiser’s chronicle that we face serious challenges in meeting humanity’s minerals needs. The single best way to help that? Don’t subsidize and mandate energy machines that exponentially increase the demand for minerals. If you’re already in a hole, stop digging.\n\nMr. Mills is the executive director of the National Center for Energy Analytics and the author of “The Cloud Revolution.”",
    "published": "2025-01-12"
  },
  {
    "source": "WSJ",
    "title": "Trump Speaks Truth to Wind Power",
    "summary": "He says wind farms only work because of subsidies. He’s right.",
    "link": "https://www.wsj.com/opinion/donald-trump-wind-power-subsidies-green-energy-biden-energy-department-ea648bf0?mod=Searchresults_pos17&page=54",
    "content": "Every once in a while Donald Trump says something that shocks Washington with its blunt truth. So it was during last week’s discursive press conference when he observed that wind power isn’t economic without subsidies.\n\nWind farms “only work if you get a subsidy,” Mr. Trump mused. “The only people that want them are the people that are getting rich off windmills, getting massive subsidies from the U.S. government. And it’s the most expensive energy there is. It’s many, many times more expensive than clean natural gas. . . . You don’t want energy that needs subsidy.”\n\nThe media’s fact-checkers pounced and proclaimed that wind energy is among the cheapest and fastest-growing power sources. But that’s only because of rich subsidies, which were sweetened by the Inflation Reduction Act. Federal tax credits can cover 50% of the cost of building an offshore wind farm and more than 80% of the cost onshore.\n\nEven the Biden Energy Department, in a 2023 report, estimates that power from new onshore wind farms costs more than from gas-fired plants on a per-megawatt-hour basis if you exclude subsidies. Wind with tax credits is about 25% less expensive. On the other hand, offshore wind costs two to three times more than gas power even with subsidies.\n\nThese estimates notably don’t account for the cost of backing up wind generation. Power from so-called peaker plants and batteries costs three to four times more than from baseload generators. It’s far cheaper to run gas, coal and nuclear plants around the clock than to use wind (and solar) some of the time and have to back them up with other forms of energy.\n\nIn any case, rising interest rates and inflation have rendered offshore wind uneconomic even with fat subsidies, which is why developers are canceling projects and begging for more largesse. Orsted in 2023 announced $4 billion in write-downs after walking away from two projects off the New Jersey coast.\n\nThe reality is that most wind projects wouldn’t be built without federal subsidies and state renewable mandates. The wind production tax credit was established in 1992 to boost an “infant” industry, but Republicans from wind states like Iowa, Kansas and Wyoming have joined Democrats to extend it every time it comes close to lapsing.\n\nDemocrats used a budget reconciliation trick to ensure that the wind and solar tax credits never expire by sunsetting them when U.S. emissions decline by 75% from 2022 levels. But that won’t happen before 2050 under the Energy Department forecast—if ever. Perhaps Republicans should use the same nebulous sunset when they extend the 2017 tax cuts.\n\nIt’s encouraging that Mr. Trump says he wants to end the renewable subsidies, which would reduce power-market distortions that are driving up electric rates. Perhaps he can persuade Republicans from wind states that, after 33 years of subsidies, wind power should be able to stand on its own as an adult.\n\nWhy is the U.S. giving welfare to wealthy wind developers when gas power plants don’t need taxpayer dollars?\n\nJournal Editorial Report: The new president promotes a new manifest destiny. Photo: Patrick Pleul/Zuma Press",
    "published": "2025-01-12"
  },
  {
    "source": "WSJ",
    "title": "The Uncertain Future of Two U.S. Border Towns That Thrived Off Trade",
    "summary": "The experiences of Detroit and Laredo, Texas, show how interconnected trade is between the U.S., Canada and Mexico. Tariffs could represent a blow to both cities.",
    "link": "https://www.wsj.com/economy/trade/these-border-cities-thrived-under-trump-1-0-his-policies-now-threaten-to-undo-them-41299fad?mod=Searchresults_pos14&page=19",
    "content": "The economies of both cities could be significantly affected by potential tariffs, raising concerns among businesses and workers.\n\nNorth of Laredo, hundreds of trucks move daily through a single 480,000 square foot warehouse. In Detroit, bustling trade traffic required building a second bridge over the Detroit River.\n\nLaredo and Detroit, cities on the U.S.-Mexico and U.S.-Canada borders, have increasingly thriving economies driven largely by cross-border trade.\n\nAt the country’s busiest border crossing for trade, in Laredo, Texas, the lines of semitrucks stretch for miles. The vehicles, which ferry goods and materials across international bridges between Mexican factories and U.S. consumers, drive nearly the entire economy in this southern border city of 257,000.\n\nSome 1,400 miles north, similar dynamics are at play in Detroit, at the nation’s busiest trade crossing with Canada, where the auto parts that drive Motor City travel back and forth between U.S. and Canadian plants.\n\nLaredo and Detroit, perched on the borders of the U.S.’s biggest trading partners, are on the front lines of the nation’s post-Covid-19 trade economy. That economic order is likely to be disrupted by President-elect Donald Trump, who has pledged to place 25% tariffs on Canada and Mexico on the first day he takes office. This week, Trump ratcheted up the rhetoric, suggesting that steep tariffs on Canada would force it to submit to annexation by the U.S.\n\nTrump, partly because of his own efforts to remake trade in his first term, enters a vastly different trade economy from the one he left in 2021.\n\nIn the past two years, Mexico has become the largest exporter of goods to the U.S., sending merchandise worth roughly $480 billion in 2023. China, which was the top exporter during Trump’s first term, has fallen from providing some 21% of the nation’s imported goods in 2018 to around 13% now.\n\nTrucks ferry goods across the World Trade International Bridge in Laredo, Texas. Below, a shipment to a downtown store is unpacked. Christopher Lee for WSJ (2)\n\nThe post-Covid uptick in nearshoring, alongside other factors, has helped transform Laredo, long a major South Texas port, into a heavyweight in global trade. Detroit, meanwhile, is expanding its already brisk automotive trade with Canada as new electric-vehicle and battery plants crop up on both sides of the Detroit River.\n\nHundreds of trucks move daily through a single 480,000-square-foot warehouse north of Laredo. Glass and aluminum go into Mexico; bottles of Modelo and Corona come back. Car batteries and other automotive parts go south; cars come north. Clothing, construction, railroad and medical supplies fill shipments.\n\nAdvertisement\n\n“It’s everything you can think of: toothpaste, mops, dryers, TVs,” said Ermilo Richer , owner of the Richer logistics, warehousing and customs business.\n\nRicher, who voted for Trump, said he sees Trump’s tariff threats as a kind of negotiating tactic. He said Trump is too smart to take a hatchet to the economy of Laredo, let alone consumers across the country, who would almost certainly see prices jump as a result of tariffs.\n\nValue of U.S. trade of goods in 2023, by trade partner IMPORTS EXPORTS Mexico $323B Mexico $485B China $149B U.S. goods imports $3.11T Canada $355B China $428B Germany Japan Canada $427B S. Korea Goods exports $2.05T U.K. Germany Japan S. Korea Vietnam All others Taiwan India Goods trade deficit $1.06T Ireland Italy U.K. France Switzerland Malaysia Singapore All others Source: Commerce Department Peter Santilli/WSJ Value of U.S. trade of goods in 2023, by trade partner IMPORTS EXPORTS Mexico $323B Mexico $485B China $149B U.S. goods imports $3.11T Canada $355B China $428B Germany Japan Canada $427B S. Korea Goods exports $2.05T U.K. Germany Japan S. Korea Vietnam All others Taiwan India Goods trade deficit $1.06T Ireland Italy U.K. France Switzerland Malaysia Singapore All others Source: Commerce Department Peter Santilli/WSJ Value of U.S. trade of goods in 2023, by trade partner IMPORTS EXPORTS Mexico $323B Mexico $485B China $149B U.S. goods imports $3.11T Canada $355B China $428B Germany Japan Canada $427B S. Korea Goods exports $2.05T U.K. Germany Japan S. Korea Vietnam All others Taiwan India Goods trade deficit $1.06T Ireland Italy U.K. France Switzerland Malaysia Singapore All others Source: Commerce Department Peter Santilli/WSJ Value of U.S. trade of goods in 2023, by trade partner IMPORTS EXPORTS Mexico $323B Mexico $485B U.S. goods imports $3.11T China $149B Canada $355B China $428B Germany Japan Canada $427B S. Korea Exports $2.05T U.K. Germany Japan S. Korea Vietnam All others Taiwan India Goods trade deficit $1.06T Ireland Italy U.K. France Switz. Malaysia Singapore All others Source: Commerce Department Peter Santilli/WSJ Value of U.S. trade of goods in 2023, by trade partner IMPORTS $3.11T EXPORTS $2.05T Mexico $323B Mexico $485B China $149B Canada $355B China $428B Germany Japan U.S. Canada $427B S. Korea U.K. Germany Japan S. Korea Vietnam All others Taiwan India Goods trade deficit $1.06T Ireland Italy U.K. France Switz. Malaysia Singapore All others Source: Commerce Department Peter Santilli/WSJ\n\nStill, he and others who work in trade are doing what they can to prepare. They are checking to see if they have the cash flow to make it through an initial period with tariffs, which would likely cause a drop in demand for imports. “A 2% tax is one thing, a 20% tax is just—that’s hard to put out there,” he said.\n\nGoods have flowed through the U.S., Mexico and Canada mostly tariff-free since passage of the North American Free Trade Agreement was ratified in 1994, which was replaced during Trump’s first term with a similar U.S.-Mexico-Canada agreement.\n\nAdvertisement\n\nTrump’s 2018 tariffs on Chinese imports helped propel the shift to Mexico. So did the Covid-19 pandemic, as shutdowns among Asian factories prompted hundreds of U.S. companies to move manufacturing closer to home.\n\nErmilo Richer, owner of a logistics company, and trucks outside its warehouse. Richer says he and others are doing what they can to prepare for Trump's tariffs. Christopher Lee for WSJ (2)\n\nSince then, many U.S. companies have followed suit. BBVA, Mexico’s largest bank, started a unit in 2023 aimed at helping U.S.-based companies move part of their overseas operations to Mexico. The effort brought in some 270 new customers, said Victor Rojas , who heads the bank’s Houston office. But many have put plans on hold with news of the potential tariffs.\n\nIn 2023, Laredo surpassed Los Angeles and Chicago as the biggest port in the country by trade value, crossing nearly $320 billion in goods. About $173 billion in goods crossed through the Detroit port that year.\n\nAdvertisement\n\nAt least five land ports with Canada or Mexico have been approved for new construction or expansion, including two in Laredo, and several others are at various stages of construction, including in Detroit.\n\nIn Laredo, the boom in trade that has accompanied the nearshoring is felt on nearly every corner, where tens of thousands of trucks line roadways daily. With them have come new restaurants and stores and expanded infrastructure for many importers.\n\nWith those facilities have come new people—working, spending money and buying houses, said David Stedman , local economic-development coordinator, who said there has been a “multiplier effect” from nearshoring.\n\nAn employee of logistics company Richer inspects steel that crosses the border at Laredo, Texas. Photo: Christopher Lee for WSJ\n\nValue of U.S. trade of goods, select partners\n\n$900 billion Mexico Canada 600 China 300 0 2000 ’05 ’10 ’15 ’20 $900 billion Mexico Canada 600 China 300 0 2000 ’05 ’10 ’15 ’20 $900 billion Mexico Canada 600 China 300 0 2000 ’05 ’10 ’15 ’20 $900 billion Mexico Canada 600 China 300 0 2000 ’05 ’10 ’15 ’20 $900 billion Mexico Canada 600 China 300 0 2000 ’05 ’10 ’15 ’20\n\n“All the cities on the border have benefited from that, but no one has benefited more than Laredo,” he said.\n\nAlvilda Ligenza and Fernando Hernandez opened Borderland Espresso & Gifts three years ago amid Laredo’s boom. The shop, which features lime-green walls and tables decorated with Lotería cards, has gained a strong following, from neighbors and truckers alike, and last year was voted best coffee by readers of the local paper.\n\nAdvertisement\n\nThe shop’s owners worry that tariffs will force them to raise prices on the coffee they import from Mexico—and could otherwise hurt Laredo’s economy.\n\n“A business like ours is a luxury,” Ligenza said of specialty coffee. “When people need to dial back costs, we always seem to be first on the chopping block.”\n\nNafta opened the door to Americans’ year-round obsession with avocados. Per capita avocado consumption is now six times what it was in the ’90s, and the share that is imported has gone from 10% to 90%. More than 80% of U.S. avocados come from Mexico, according to the U.S. Agriculture Department. Mission Produce, one of the country’s top avocado importers, built a 265,000-square-foot cold-storage facility through which nearly half a billion avocados pass annually.\n\nWhen it was constructed three years ago in a swath of land northwest of Laredo, nothing was nearby, said Jake Rice , the facility’s local manager. Now it is part of a sprawling industrial park, surrounded by facilities that each bring in hundreds of trucks a day. So heavy is the truck traffic that it can take Rice an hour and a half to drive the 10 miles home. He also has had to adjust employee work schedules.\n\nAlvilda Ligenza and Fernando Hernandez, owners of Borderland Espresso & Gifts, worry that tariffs will force them to raise prices on their coffee from Mexico. Christopher Lee for WSJ (2)\n\nAlong the U.S.’s northern border, few places have more at stake in a possible trade battle than Detroit. The city is home to the industry most likely to get slammed by tariffs—the auto sector—and to a 100-year-old bridge that is the nation’s busiest trade crossing with Canada.\n\nTrade traffic over the Detroit River has been so brisk that a second bridge is nearing completion about 2 miles south, named after Canadian hockey star Gordie Howe .\n\nAdvertisement\n\nIn the years since Nafta, Detroit’s Big Three automakers—Ford, General Motors and Stellantis—established a complex web of manufacturing on both sides of the border. That trend has accelerated in recent years as Canada offers EV manufacturers hefty incentives to locate operations there.\n\nJohn A. Evans runs a logistics company, Evans Distribution Systems , near the riverfront, where seagulls circle over miles of warehouses. The family-owned business mostly handled Canadian whisky and cigarettes when Evans was a child, but these days auto parts dominate his warehouse shelves.\n\nSHARE YOUR THOUGHTS How should the U.S. approach its economic relationships with Canada and Mexico? Join the conversation below.\n\nAs EV production ramps up, Evans’s warehouses will process battery components several times as they cross the border before finally being installed in vehicles in Ontario—vehicles that often will return to the U.S. for sale, Evans said. Hitting those goods with a 25% tariff at each crossing would wallop automakers, he said.\n\n“You worry a lot about these auto companies because they’ve now made big investments in batteries—billions and billions of dollars—and more shifts are going to be tough financially,” he said, adding that the damage would likely trickle down to his business.\n\nAdvertisement\n\nIn the short term, Evans said, there could be some benefits to his business if new tariffs increase companies’ demand for foreign-trade-zone warehousing, a kind of U.S.-based storage used before tariffs are imposed. For example, the last time Trump hit Chinese goods with new tariffs, one importer used Evans’s FTZ space to sort through components and discard any broken parts before paying tariffs on them, Evans said. Other importers might use the FTZ to assemble food and beverage items into gift bags that would carry a lower tariff rate than the individual items alone, he added.\n\nJohn A. Evans, standing before a mural of a Detroit River bridge nearing completion, hopes it will expand his business. Below are EV battery modules at an Evans Distribution Systems warehouse. Sarah Rice for WSJ (2) John A. Evans, standing before a mural of a Detroit River bridge nearing completion, hopes it will expand his business. Below are EV battery modules and a forklift operator at Evans Distribution Systems warehouses. Sarah Rice for WSJ (3)\n\nDown the street at Ideal Group, a family-owned manufacturing and construction company that helps build auto factories, top executives grimaced when asked about import tariffs from Trump’s first term. The levies caused steel prices to rise, making it hard to plan big construction projects and to deliver them on budget, said Jesse Venegas , vice president and son of the company’s founder.\n\n“Nobody likes to see prices go up. But not being able to predict them and the volatility associated, that’s what drives the biggest concern for me,” Venegas said.\n\nFrom his office windows, Venegas can see the new bridge, which he hopes will spark development of more warehouses and other facilities in the area after it opens later this year. “I think as long as we value not having a tariff war with Canada, I think it’s going to work out well,” he said.\n\nSome workers say they would welcome more tariffs if it meant bringing manufacturing jobs back to the U.S. At a truck stop on the outskirts of Detroit, where drivers rest and refuel before heading into Canada, mechanic Dean Schwartz said he supports Trump’s tariff threats.\n\n“He wants all of them jobs back here,” said Schwartz, who spent 26 years as a truck driver before getting into repairs. “It’s the way it should be.”\n\nThe Ambassador Bridge between Detroit and Windsor, Ontario, is the U.S.’s busiest trade crossing with Canada. Sarah Rice for WSJ\n\nWrite to Elizabeth Findell at elizabeth.findell@wsj.com and Jeanne Whalen at Jeanne.Whalen@wsj.com\n\nAdvertisement",
    "published": "2025-01-12"
  },
  {
    "source": "WSJ",
    "title": "Trump’s New Economist Makes the Case for 20% Tariffs",
    "summary": "Stephen Miran, nominated to advise Trump, has suggested high tariffs could be the price allies pay for U.S.’s defense umbrella",
    "link": "https://www.wsj.com/economy/trade/trump-tariffs-economost-stephen-miran-1d8f31f2?mod=Searchresults_pos18&page=114",
    "content": "To serve as an economic adviser to Donald Trump, it helps to share his belief that tariffs make the U.S. richer. Not many economists meet that criterion.\n\nStephen Miran has made just that case. Miran, the president-elect’s choice to chair his Council of Economic Advisers, has written that the U.S. could be better off with average tariffs of around 20% and as high as 50%, compared with the current 2%.\n\nMiran’s views are worth studying, and not just because he’s going to advise Trump. He has described tariffs as a tool, and international intervention to weaken the dollar as another, that could address a longstanding global tension: the U.S.’s economic and military support for other countries have contributed to an overvalued dollar, wide trade deficit and hollowed-out industrial base.\n\n“Sweeping tariffs and a shift away from strong dollar policy can have some of the broadest ramifications of any policies in decades, fundamentally reshaping the global trade and financial systems,” Miran wrote in a November report for Hudson Bay Capital, where he is senior strategist.\n\nMiran wrote the report “A User’s Guide to Restructuring the Global Trading System” before he was named in late December as Trump’s choice to chair the CEA, the White House’s in-house economic think tank.\n\nTariffs are at the center of former President Donald Trump’s economic plan. It would be a dramatic shift in trade policy, but how would they work? WSJ explains what the proposals would look like and how they’d affect consumers. Photo illustration: Madeline Marshall\n\nThe report, Miran wrote, reflected his views, not Trump’s, and is intended not as policy advocacy but to “understand the range of possible policies that might be implemented.”\n\nMiran, 41, earned his Ph.D. in economics from Harvard University in 2010 and he has since worked in financial markets and is a fellow at the conservative Manhattan Institute.\n\nWhile novel, his arguments—including for tariffs—are grounded in orthodox economics. Miran is not a contrarian who assumes “all academics must be wrong,” said David Cutler, a Harvard economist who served in the Clinton administration and was one of Miran’s Ph.D. advisers. He’s “guided by the theory and evidence.”\n\nThat doesn’t mean his proposals would work. His report acknowledges a high risk that they won’t: “There is a path by which these policies can be implemented without material adverse consequences, but it is narrow.”\n\nEconomists agree that trade enables a country to both consume and produce more, and tariffs leave it worse off. Yet in the decades after Adam Smith made the definitive case for free trade in 1776, economists identified conditions under which a country might be better off imposing a tariff.\n\nSuppose an importer is a monopsonist—a dominant enough buyer to influence the price it pays (just as a monopolist influences the price at which it sells). It could impose a $10 tariff on an imported widget, and its price, instead of rising $10, would stay the same because the exporter lowered its own price by $10 to avoid losing market share.\n\nSo consumers are unscathed. Even if they pay a bit more, that might be more than offset by tariff revenue. The rate that maximizes this net benefit is called the “optimal tariff.” Miran cites research by Arnaud Costinot of the Massachusetts Institute of Technology and Andrés Rodríguez-Clare of the University of California, Berkeley, that a tariff of around 20% is optimal, and up to 50% could still leave the U.S. better off.\n\nStephen Miran earned his Ph.D. in economics from Harvard University in 2010 and he has since worked in financial markets. Photo: Hudson Bay Capital\n\nThis represents an argument for higher tariffs as a goal in and of themselves, in contrast to some Trump allies’ defense of tariffs as a negotiating tactic.\n\nAn optimal tariff policy is explicitly “beggar-thy-neighbor”: one country benefits only by hurting another. Since World War II, as the world pursued reciprocal tariff reductions, “it’s hard to find real life examples of countries motivated to pursue it in a systematic, and deliberate, way,” said Doug Irwin , a trade historian at Dartmouth College.\n\nOptimal tariff theory has some real-world drawbacks. It doesn’t seem borne out by Trump’s tariffs on China. In an interview, Costinot noted that studies found the tariffs were mostly passed through to American importers. (Miran’s report disputed those studies.)\n\nIf other countries retaliate, as China, the European Union, Mexico and Canada did in 2018, the tariff is no longer optimal: Both sides lose. “Retaliatory tariffs by other nations can nullify the welfare benefits of tariffs for the U.S.,” Miran acknowledged.\n\nTo deter retaliation, he wrote that the Trump administration could “declare that it views joint defense obligations and the American defense umbrella as less binding or reliable for nations which implement retaliatory tariffs.” In other words, the U.S. might not defend Japan, South Korea or a fellow NATO member that retaliated.\n\nAnother problem: Tariffs only leave the U.S. better off if import prices barely rise. But in that case, consumers have no incentive to switch from imported to domestic goods, which nullifies Trump’s aim of boosting American manufacturing.\n\nOn Tuesday, Donald Trump declined to rule out military force to pry Greenland from Denmark, and that he would use “economic force” to annex Canada. Photo: Scott Olson/Getty Images\n\nYet another caveat is that tariffs might not reduce the trade deficit because the dollar rises in response, which makes imports cheaper and exports less competitive.\n\nAs an alternative to tariffs, Miran said the U.S. could weaken the dollar through a “Mar-a-Lago Accord,” modeled on the 1985 Plaza Accord in which the U.S. and its allies jointly acted to drive down the dollar. “After a series of punitive tariffs, trading partners such as Europe and China become more receptive to some manner of currency accord in exchange for a reduction of tariffs,” he wrote. Or, the U.S. could impose a user fee on buyers of Treasury debt.\n\nIf this triggers selling of long-term bonds, the Federal Reserve might have to buy them to limit upward pressure on long-term interest rates, Miran wrote. The Fed is more likely to cooperate with the Treasury on currency and bond interventions in return for independence on monetary policy, he wrote. (Trump has demanded more say on monetary policy. Miran has elsewhere proposed the president and state governors have more control over the Fed’s governance.)\n\nSHARE YOUR THOUGHTS What impact do you think higher tariffs might have on the U.S. economy? Join the conversation below.\n\nA major question is whether a threat to withhold the defense umbrella from countries that don’t cooperate would be effective. The U.S. has no defense alliance with Mexico, Vietnam or China which account for half the U.S. trade deficit.\n\nOn Tuesday, Trump declined to rule out military force to pry Greenland from Denmark, and that he would use “economic force” to annex Canada. Both are fellow NATO members. Allies may conclude from Trump’s repeated threats against them that the U.S. defense guarantee no longer exists. Russia and China may draw the same conclusion, and seize the opportunity to increase aggression against their neighbors.\n\nMiran himself dryly acknowledged “potentially volatile…consequences.”\n\nWrite to Greg Ip at greg.ip@wsj.com",
    "published": "2025-01-12"
  },
  {
    "source": "WSJ",
    "title": "Tulsi Gabbard’s Confirmation Conversion on Section 702",
    "summary": "She flips on the crucial intelligence-collection tool to win Senate GOP support. Is she believable?",
    "link": "https://www.wsj.com/opinion/tulsi-gabbards-confirmation-conversion-on-section-702-intel-gathering-6d90ef53?mod=Searchresults_pos8&page=198",
    "content": "Does Tulsi Gabbard suddenly believe in gathering intelligence against America’s enemies? That’s presumably what she wants the U.S. Senate to believe with her come-lately conversion to support Section 702 data gathering.\n\nThe 702 provision of the Foreign Intelligence Surveillance Act lets the U.S. spy without a court warrant on the electronic communications of non-Americans located outside the country. Ms. Gabbard voted against 702 when she was in Congress, though everyone serious about national security understands the tool’s vital importance.\n\nOklahoma Sen. James Lankford told our Kimberley Strassel on her podcast last week that Ms. Gabbard’s views on 702 is crucial to whether defense-minded Republicans would support her nomination by President-elect Trump to be director of national intelligence (DNI). “If she comes out and says, ‘No, I want to oppose all 702 authority’—that literally shuts down all of our national defense gathering,” Mr. Lankford said.\n\nHe added that “she’s going to get a fair hearing to be able to put those things out there and to say, ‘This is what I believe about these issues.’” Voila, Ms. Gabbard suddenly saw the intelligence light.\n\nThe question is whether Senators should believe her. Ms. Gabbard’s explanation is hardly persuasive. She now says Congress has added enough protections for civil liberties that she is comfortable supporting 702. But her previous criticisms were largely specious and demonstrated her lack of understanding about the threats against the U.S. and the few defensive tools the country has against terrorists and malign states. Data collection to detect patterns that can prevent attacks is essential.\n\nMr. Trump deserves some, but not total, deference on his nominees. He promised Ms. Gabbard a cabinet position in return for her endorsement during the campaign, and his nomination fulfills that pledge. But that doesn’t mean the Senate must accept that political transaction, especially on national security.\n\nThe DNI operates largely in secret, coordinating intelligence from the 18 U.S. spy agencies and presenting the best estimate of threats for the President and his policy advisers. Ms. Gabbard’s statements across her career have demonstrated a knee-jerk instinct to underestimate threats. She was an apologist for Syria’s Bashar al-Assad on chemical weapons and she blamed Vladimir Putin’s aggression on NATO expansion. A confirmation conversion doesn’t erase that dangerous record.\n\nReview and Outlook: Meta CEO Mark Zuckerberg and Chief Global Affairs Officer Joel Kaplan address the company’s decision to abandon its censorship regime, by walking back most of the platform’s speech controls. Photo: Leigh Vogel - Pool via CNP/Zuma Press/David Zalubowski/AP",
    "published": "2025-01-12"
  },
  {
    "source": "WSJ",
    "title": "Publisher Almar Latour: A Report to Our Readers",
    "summary": "At The Wall Street Journal and Dow Jones, we remain undeterred from our mission: To provide the world’s most trusted journalism, data and analysis to help people make decisions.",
    "link": "https://www.wsj.com/opinion/a-report-to-our-readers-bd3565b4?mod=Searchresults_pos7&page=27",
    "content": "As he prepares to leave his post, it was only natural for me to check in with Amb. Roger Carstens. After all, the Special Presidential Envoy for Hostage Affairs and I had shared many ups and downs together in the year past, culminating in his Aug. 1 call to me to confirm that our colleague was finally safe. It was his confirmation that set in motion one of the most gratifying headlines in our institution’s history: “Evan Gershkovich Is Free.”\n\nWhen Amb. Carstens replied quickly with his well wishes for the year ahead, he casually mentioned that he was in Syria, focused on the next phase of an old mission: The search for U.S. reporter Austin Tice, who has been missing for 12 years.\n\nHis message hit me hard. It underscored in a visceral sense that, while the WSJ’s crisis had ultimately resulted in a positive outcome, the fight for reporters’ safety is far from over. So, too, is the fight to release unjust hostages kept by evil actors—and both issues desperately need continued support and attention. More on that later.\n\nAmb. Carstens’s message also highlighted his stoic sense of duty. It’s something that in an era of increasing hysteria, hyperbole and a voracious competition for attention, many of us would do well to embrace: To stay focused on the task at hand, undistracted by the ups and downs of the day, real or imagined.\n\nThe stack of papers next to Mr. Latour’s desk for each day our reporter was a Russian hostage. Photo: Landon Speers/The Wall Street Journal\n\nAt The Wall Street Journal and Dow Jones, we remain undeterred from our mission: To provide the world’s most trusted journalism, data and analysis to help people make decisions. That focus helped us to finish last year strong, recording the best year in our company’s history. We are helping our customers navigate the path ahead by building a sustainable, thriving information business for the modern era that will allow us to continue to invest in world-class journalism, data and analytics.\n\nUnder the leadership of editor in chief Emma Tucker , our journalists are as focused as ever on reporting the news. Leading by example is Mr. Gershkovich himself, who remarkably is back to reporting and writing. His return to the Journal’s pages came on Dec. 12 in a gripping byline shared with Drew Hinshaw, Joe Parkinson and Thomas Grove that offered a deep dive into the Kremlin spy unit responsible for his captivity.\n\nFor her priorities, Ms. Tucker, like any true journalist, cares greatly about remaining unbiased during this time of seismic change domestically and around the world. Stateside, she has redistributed her economics and politics teams across the nation, not just concentrating them in coastal cities. She has brought on top-talent journalists who are committed to reporting the essential news that our readers expect from us. She tells me “we live in a fractured news environment where adherence to truth and objectivity is fragile. I want our readers to rely on us to provide fair, balanced, well-written, factually correct journalism.”\n\nMs. Tucker’s strategy is to focus on reporting stories of consequence, in the areas that really matter to readers. Expect to continue to see that in these pages.\n\nMs. Tucker’s commitment from the newsroom is very much echoed by our colleagues at WSJ Opinion, which serves as a forum for intelligent, thought-provoking commentary on the most influential and impactful issues of the day.\n\nOn his newsroom’s priorities, editorial page editor Paul Gigot tells me the focus is on remaining broadly consistent in its take on world news, yet agile enough to make adjustments as facts and events change. “We’re journalists and our goal is to keep readers informed,” Mr. Gigot says, adding “we have the luxury of doing it from a point of view.”\n\nAs Mr. Trump and his incoming administration take office next week, Mr. Gigot tells me readers can expect his team to report and provide commentary on the impact of their policies on the nation’s economy and deregulation, rebuilding American military strength and restoring deterrence, and more. The Opinion pages will treat the new Trump administration like it has the current one, examining its policies based on whether they are in the best interests of free individuals and a prosperous America.\n\nWhile much of what lies ahead is unknown, one thing is certain: The role of leadership is as important as ever. To that end, later this week we will launch the WSJ Leadership Institute which we hope to grow into the world’s premier business leadership institute—one that provides insights, coaching and communities to meet the demands of our time. We exist to inform the business community, and this increased investment in meeting the needs of today’s leaders and helping to support and nurture tomorrow’s is another output of that work.\n\nAt the center of everything we do is our commitment to gathering facts. Our reporters span the globe—each and every one resolute in their mission to inform with fact-based, reliable information. However, as we know all too well, this reach and impact doesn’t come without risk.\n\nI’m reminded often of the fight for reporters’ safety and the need to support journalism. Today, 533 journalists remain in prisons worldwide. Upon returning to my office to start the year, I found on my desk a card from Jimmy Lai, founder and publisher of the now-defunct Apple Daily, who, through an intermediary, sent his own well wishes—and a prayer—from a Hong Kong prison where he’s been since 2020.\n\nMeanwhile, Amb. Carstens will move on from his position, to which he was appointed during the first Trump administration, after Inauguration Day—though his sense of duty and focus keep him undeterred in his final days in the role. His department will no doubt continue to fight.\n\nSimilarly, we will continue our fight to protect journalists worldwide—and to deliver reliable information, skipping both the tilt of bias and lens of doom that is so prevalent in media land, and never losing track of whom we serve: You, the business reader, finding your way through a world reshaping.\n\nAlmar Latour\n\nPublisher",
    "published": "2025-01-12"
  },
  {
    "source": "WSJ",
    "title": "Diary of a Dead North Korean Soldier Reveals Grisly Battlefield Tactics",
    "summary": "The troops are exposed, green, loyal—and dying by the thousands in front-line combat against Ukraine",
    "link": "https://www.wsj.com/world/diary-of-a-dead-north-korean-soldier-reveals-grisly-battlefield-tactics-fafbede7?mod=Searchresults_pos7&page=122",
    "content": "The crude stick-figure diagram, sketched in blue ink, details how North Korean soldiers deployed to support Russia in the Ukraine war should respond to the approach of a Ukrainian drone. One soldier—referred to as “bait” in the drawing—should stand still to lure the drone so that a pair of comrades can attempt to shoot it down.\n\nThe grisly tactics were divulged in a diary taken off a slain North Korean soldier on Dec. 21, with passages containing mundane details of life at the front, descriptions of combat tactics and expressions of love for North Korean leader Kim Jong Un , according to excerpts recently made public by Ukraine’s special-operations forces. Independent experts say the diary entries appear genuine, with penmanship, word choice and expressions of ideological fervor all common in North Korea.\n\nThe young soldier who penned the passage about the drone died in a firefight alongside two other compatriots, according to Ukraine’s special forces.\n\n“Even at the cost of my life, I will carry out the Supreme Commander’s orders without hesitation,” reads one entry from the diary. “I will show the world the bravery and sacrifice of Kim Jong Un’s special forces.”\n\nNotes left in the diary of North Korean soldier Jong Kyong Hong, who was killed fighting Ukrainian forces\n\nLonging for my homeland, having left the warm embrace of my dear father and mother here on Russian land. I celebrate the birthday of my closest comrade Song Ji Myong. If a UAV is spotted, gather in groups of three. One person must act as bait to lure the drone while the other two take aim and neutralize it with precision shooting. The bait must maintain a distance of 7 meters from the drone. The other two should prepare to shoot down the drone from a distance of 10–12 meters. When the bait stands still, the drone will stop and it can be shot down. Even at the cost of my life, I will carry out the Supreme Commander’s orders without hesitation. I will show the world the bravery and sacrifice of Kim Jong Un’s special forces. Stick figure illustration Longing for my homeland, having left the warm embrace of my dear father and mother here on Russian land. I celebrate the birthday of my closest comrade Song Ji Myong. Even at the cost of my life, I will carry out the Supreme Commander’s orders without hesitation. If a UAV is spotted, gather in groups of three. One person must act as bait to lure the drone while the other two take aim and neutralize it with precision shooting. The bait must maintain a distance of 7 meters from the drone. The other two should prepare to shoot down the drone from a distance of 10–12 meters. When the bait stands still, the drone will stop and it can be shot down. I will show the world the bravery and sacrifice of Kim Jong Un’s special forces. Stick figure illustration Longing for my homeland, having left the warm embrace of my dear father and mother here on Russian land. I celebrate the birthday of my closest comrade Song Ji Myong. If a UAV is spotted, gather in groups of three. One person must act as bait to lure the drone while the other two take aim and neutralize it with precision shooting. The bait must maintain a distance of 7 meters from the drone. The other two should prepare to shoot down the drone from a distance of 10–12 meters. When the bait stands still, the drone will stop and it can be shot down. Even at the cost of my life, I will carry out the Supreme Commander’s orders without hesitation. I will show the world the bravery and sacrifice of Kim Jong Un’s special forces. Stick figure illustration Longing for my homeland, having left the warm embrace of my dear father and mother here on Russian land. I celebrate the birthday of my closest comrade Song Ji Myong. If a UAV is spotted, gather in groups of three. One person must act as bait to lure the drone while the other two take aim and neutralize it with precision shooting. The bait must maintain a distance of 7 meters from the drone. The other two should prepare to shoot down the drone from a distance of 10-12 meters. When the bait stands still, the drone will stop and it can be shot down. Stick figure illustration Even at the cost of my life, I will carry out the Supreme Commander’s orders without hesitation. I will show the world the bravery and sacrifice of Kim Jong Un’s special forces. Longing for my homeland, having left the warm embrace of my dear father and mother here on Russian land. I celebrate the birthday of my closest comrade Song Ji Myong. If a UAV is spotted, gather in groups of three. One person must act as bait to lure the drone while the other two take aim and neutralize it with precision shooting. The bait must maintain a distance of 7 meters from the drone. The other two should prepare to shoot down the drone from a distance of 10-12 meters. When the bait stands still, the drone will stop and it can be shot down. Stick figure illustration Even at the cost of my life, I will carry out the Supreme Commander’s orders without hesitation. I will show the world the bravery and sacrifice of Kim Jong Un’s special forces.\n\nThe roughly 12,000 North Korean soldiers who arrived in Russia’s Kursk region last October were kept from the front lines for months, digging trenches and offering logistical support. Now they have been deployed into combat—and are being killed at a high rate as they fight another country’s war far away from home.\n\nNeither Moscow nor Pyongyang has publicly confirmed the presence of North Korean soldiers in Russia, which came just months after the two countries signed a mutual defense pact in Pyongyang. Neither government responded to requests for comment.\n\nSHARE YOUR THOUGHTS Why do you think North Korean soldiers are prepared to die for Russia? Join the conversation below.\n\nRussia has deployed its own soldiers with little regard for their lives, sending waves of men to almost certain death to advance just yards, say Kyiv and Washington officials, as well as Ukrainian troops and captured Russian soldiers.\n\nIn their first weeks of combat, the North Korean soldiers have been deployed recklessly, according to Ukrainian special-forces drone footage and military experts. They cut across open fields on foot and without armored vehicles or artillery backup, their dark camouflage uniforms highly visible against the white snow. Their training and integration with Russian forces look inadequate.\n\nMany North Koreans are refusing to be captured, opting to kill themselves first or being finished off by their own side when injured, according to Ukrainian officials. “Due to their ideological mindset and indoctrination, they simply lack the concept of surrendering,” said Col. Oleksandr Kindratenko , spokesman for Ukraine’s Special Operations Forces.\n\nAdvertisement\n\nSome 12,000 North Korean soldiers have been deployed to Russia’s Kursk region. Photo: 95TH BRIGADE UKRAINIAN MILITARY VIA STORYFUL\n\nSome 4,000 North Koreans have died or been injured since last month, said Ukrainian President Volodymyr Zelensky on Thursday. U.S. officials say more than 1,000 North Koreans died in the last week of December alone.\n\nZelensky said Saturday that Ukrainian forces had captured two injured North Korean soldiers in the Kursk region. He said they were being treated for their injuries and that Ukraine’s security service was questioning them.\n\nThe diary entries are likely motivated by North Korean military lore that celebrates the tale of a young hero from the 1950-53 Korean War. The soldier penned a letter expressing a willingness to give up his life for the motherland just moments before thrusting himself in front of an enemy machine gun.\n\nAdvertisement\n\n“Letters expressing your loyalty to the regime are an attempt to leave a legacy that allows you to be glorified in case you die in battle,” said Ryu Seong-hyeon, a former North Korean soldier who defected in 2019.\n\n‘Human waves’ tactics\n\nThe heavy North Korean losses come in Kursk, a region in southern Russia on the border with Ukraine. Kursk has been hotly contested ever since Ukraine seized roughly 100 Russian towns and villages there last summer. As the only Russian territory under Ukrainian control, Kursk is seen as a potential bargaining chip in any talks that would halt fighting.\n\nUkrainian incursion into Russia\n\nUkrainian advances in Russia Russian forces Front-line areas Kyiv Area of detail Rylsk RUSSIA Sudzha KURSK REGION Sumy UKRAINE 20 miles 20 km Ukrainian advances in Russia Russian forces Front-line areas Kyiv Area of detail Rylsk RUSSIA Sudzha KURSK REGION Sumy UKRAINE 20 miles 20 km Ukrainian advances in Russia Russian forces Front-line areas Kyiv Area of detail Rylsk RUSSIA Sudzha KURSK REGION Sumy UKRAINE 20 miles 20 km Ukrainian advances in Russia Russian forces Front-line areas Kyiv Rylsk RUSSIA Sudzha KURSK REGION Sumy UKRAINE 20 miles 20 km Ukrainian advances in Russia Russian forces Front-line areas Kyiv Rylsk RUSSIA Sudzha KURSK REGION Sumy UKRAINE 20 miles 20 km\n\nRussia has taken back about half of the lost territory, according to the Institute for the Study of War, a Washington, D.C.-based think tank. But in recent days, Ukraine has kicked off a new counteroffensive in Kursk.\n\nThe early glimpses of the North Koreans in action depict them under duress, frightened or confused, according to a video compilation released by Ukraine’s military and verified by Storyful, which is owned by News Corp, the parent company of The Wall Street Journal.\n\nIn the compilation, clusters of North Korean troops cower in place or try to outrun Ukrainian drones chasing them. They often lack any cover as they run across fields between trenches.\n\nAdvertisement\n\n“These North Korean soldiers appear to be highly indoctrinated, pushing attacks even when it is clear that those attacks are futile,” said National Security Council spokesman John Kirby late last month.\n\nUkrainian soldiers at a command center in the Sumy region of Ukraine. Photo: Serhii Korovayny for WSJ\n\nUkrainian soldiers in the country’s Sumy region, which is next to the Russian border. Photo: Serhii Korovayny for WSJ\n\nAbout 30% of North Korea’s dispatched troops appear to have already been deployed for front-line fighting, with the rest undergoing training or waiting to be rotated in, according to Doo Jin-ho, a senior analyst at the Korea Institute for Defense Analyses in Seoul.\n\n“The North Koreans are contributing so that the border isn’t breached and freeing up Russian soldiers to search for breakthroughs in other regions,” Doo said.\n\nZelensky has suggested that tens of thousands of North Korean soldiers could eventually be deployed to Russia. Last month, South Korea’s spy agency said it had spotted indications of a second deployment in the works.\n\nAdvertisement\n\n‘Brainwashed North Korean’\n\nThe new North Korean arrivals might have been given fake IDs, issued Russian uniforms and taught a few basic Russian phrases, according to South Korea’s spy agency. Many of them looked barely out of their teens, relatively short and slightly built.\n\nKim Jong Un often observes North Korean military training. Soldiers must memorize the leader’s speeches. Photo: KCNA/KNS/AFP/Getty Images\n\nLittle was known about the North Koreans’ activities in Kursk until recently, when Ukraine first started sharing details of their fighting losses. Letters and notes have been found on various fallen troops. In the past several weeks, Ukraine’s special-operations unit has uploaded five handwritten diary entries that it says are from the same North Korean soldier, which include the stick-figure diagram.\n\nThe author of the diary is named Jong Kyong Hong, according to the passport Ukrainian officials found. He and two fellow troops were killed in a shootout on Dec. 21 with Ukraine’s special-operations forces near the village of Pogrebki in the southwest tip of Kursk. They were also found with fake identification documents.\n\nDNA tests by Ukrainian authorities on the three soldiers suggested they had East Asian origins—Chinese, Korean or Japanese, according to Kindratenko, the Ukrainian military spokesman.\n\nAdvertisement\n\nThe Korean-language handwriting in the diary is “distinctly North Korean,” down to different spellings for Russia than in the South, said Ryu, the former North Korean soldier.\n\nRyu Seong-hyeon is a former North Korean soldier. Photo: Tim Franco for WSJ\n\nThe phrasing also appeared authentic. For instance, in describing the drone strike, the diary used the word “so-myol” as a translation for “destroy.” In South Korea, “so-myol” describes the extinction of an animal species.\n\nOn Dec. 9, Jong jotted down a celebration of a friend’s birthday, whom he called “my closest comrade.” He wrote that he longed for his homeland, having “left the warm embrace of my dear father and mother.”\n\nIn the description of the drone tactics—which was undated—Jong wrote that the soldier acting as a lure should maintain a distance of about 7 meters, or 23 feet, from the drone. Soldiers under artillery fire should run toward a previously hit location, since the odds of the same spot getting hit twice is minimal.\n\nAdvertisement\n\nElsewhere, Jong listed some ideological tenets of the Kim regime. He says he grew up in the “benevolent embrace” of the country’s ruling Workers’ Party and that his mission as a soldier is to protect Kim. He wrote that he needed to atone for unspecified sins of the past.\n\n“The contents of the diary are typical of a brainwashed North Korean soldier,” said Bang Jong-kwan, a former South Korean army major general.\n\nIn a different entry, Jong had penned the words from a speech that Kim gave to battalion commanders last November in Pyongyang. That speech may have been conveyed to front-line troops by the North Korean commanders, experts say.\n\nSoldiers like Jong are required to memorize Kim’s speeches word by word. The diary passage quotes Kim’s goal for the North Korean army of “engaging in battle immediately” after receiving an order.\n\nBased on the wording found in the North Korean state media report of Kim’s speech, it appears that Jong had it memorized verbatim.\n\nNorth Korea has one of the world’s largest standing militaries at more than one million strong. Photo: KCNA/KNS/AFP/Getty Images\n\nSoobin Kim contributed to this article.\n\nWrite to Dasl Yoon at dasl.yoon@wsj.com",
    "published": "2025-01-12"
  }
]