[
  {
    "source": "WSJ",
    "title": "The List of Trump’s Reciprocal Tariffs by Country And Where They Stand",
    "summary": "Trump has paused the higher tariffs for most countries but still imposed a 10% baseline",
    "link": "https://www.wsj.com/economy/trade/trump-reciprocal-tariffs-visualized-5d5a8093?mod=Searchresults_pos1&page=200",
    "content": "The U.S. goods trade deficit was $1.2 trillion in 2024, leading President Trump to announce a broad 10% tariff on nearly every nation and higher “reciprocal tariffs” on countries he cited as “bad actors” as a strategy to narrow the gap. The reciprocal tariffs went into effect just after midnight Wednesday. Hours later, however, Trump announced a 90-day pause on the higher rates for bad actors—except China. He raised duties on Chinese imports to 145% in total — 125% for the reciprocal rate and an additional 20% for their role in the fentanyl crisis.\n\nHe maintained a 10% universal rate on all trading partners except for Canada and Mexico, which have been spared from the baseline rate.",
    "published": "2025-04-09"
  },
  {
    "source": "WSJ",
    "title": "The Math Behind Trump’s 125% Tariffs on China",
    "summary": "President Trump has put a 125% tariff on Chinese imports . Here’s how the figure got so high:\nTrump this year already imposed 20% duties on Chinese imports over the nation’s role in the fentanyl trade (a 10% tariff in February, followed by an additional 10% in March).\nThen, Trump last week said",
    "link": "https://www.wsj.com/livecoverage/stock-market-trump-tariffs-trade-war-04-10-25/card/the-math-behind-trump-s-125-tariffs-on-china-RxL1oDJgYyk6LLHE8kRj?mod=Searchresults_pos5&page=199",
    "content": "President Trump has put a 125% tariff on Chinese imports . Here’s how the figure got so high:\n\nTrump this year already imposed 20% duties on Chinese imports over the nation’s role in the fentanyl trade (a 10% tariff in February, followed by an additional 10% in March).\n\nThen, Trump last week said he would impose an additional 34% tariff on China in his reciprocal tariff action, which would have brought the second-term total to 54%.\n\nWhen China said it would retaliate against his actions, Trump doubled down this week, saying he would impose an additional 50% tariff when his so-called reciprocal tariff regime took effect early Wednesday. Altogether, that brought the total tariff imposed on all Chinese imports to 104%.\n\nThen China announced it would retaliate with an 84% tariff on U.S. goods, effective Thursday. Trump hit back in response, raising tariffs to 125% on China while cutting them to 10% for the rest of the world.",
    "published": "2025-04-09"
  },
  {
    "source": "WSJ",
    "title": "Trump Blinks on Tariffs, Again, for Now",
    "summary": "The President pauses on some tariffs amid a bond rout and recession fears.",
    "link": "https://www.wsj.com/opinion/donald-trump-tariffs-markets-investors-bonds-scott-bessent-trade-0d271750?mod=Searchresults_pos12&page=210",
    "content": "President Trump says trade wars are easy to win. Investors think otherwise, and on Wednesday Mr. Trump decided maybe investors are right. After a flight from U.S. assets and a rout in the bond market, Mr. Trump announced a pause for 90 days on the worst of his “liberation” tariffs on most countries, China excepted.\n\nDonald Trump's trade wars are roiling global business and financial markets, with China and the EU moving to retaliate. Yet only a handful of Republicans in Congress are pushing back, despite the GOP's past support for an open economy. Plus, the disruption raises pressure on Capitol Hill to pass a tax bill, and listeners write in with questions about the president's tariff strategy. Read Transcript\n\nMarkets celebrated with a stock-market rally on hope that perhaps Mr. Trump isn’t entirely oblivious to the damage he’s causing. The rout in dollar assets reversed, at least somewhat, and the rise in the benchmark 10-year Treasury yield eased. It would be hard to find better evidence that markets believe the biggest threat to the world economy is Mr. Trump’s tariffs.\n\n***\n\nThe bond rout was scary, with the 10-year yield hitting 4.47% at one point Wednesday, capping the steepest three-day yield climb since 2001. This was accompanied by a decline in the dollar against a basket of currencies. The fire sale on Treasurys and the dollar sent a warning about a loss of confidence in Washington. Investors are demanding higher yields to hold even safe Treasurys, which is the opposite of what usually happens in financial panics.\n\nThe pause is a partial reprieve, but hardly an end to the tariff mayhem. For one thing the Administration can’t get its story straight. Mr. Trump’s pause came not long after Treasury Secretary Scott Bessent told bankers the economy is “in pretty good shape.” He dismissed the bond rout as normal trading. But then why the tariff pause?\n\nMr. Trump is also escalating his trade war with China, the world’s second largest economy. He started the latest row with a 34% tariff on top of tariffs already in place, and China responded Tuesday with the same. Mr. Trump then added 50% more, for a total U.S. tariff of 104% on Chinese goods. Beijing hit back again with 50% more, or 84% on all American exports to China, plus multiple regulatory barriers set to hit U.S. companies. Mr. Trump then lifted his China tariffs to 125%.\n\nThis is the closest the two economies have come to a full economic decoupling since China began to rejoin the global trading system in the 1980s. Chinese mercantilism poses unique trade challenges, but rapid decoupling isn’t possible without considerable economic harm.\n\nU.S. importers from China will have to raise prices or find other suppliers, if they exist. Beijing has some scope to mitigate the damage to its economy via hefty subsidies to households and producers, but such measures will be costly and can’t last forever. Washington can’t rule out the danger that Beijing will attempt to use a political or military threat—perhaps a blockade of Taiwan or seizure of islands under Taiwan’s control—to force Mr. Trump to the table on trade.\n\nIf decoupling from China is Mr. Trump’s goal, one way to mitigate the damage is by expanding trade with allies. But Mr. Trump’s tariffs slam friend and foe alike. Mr. Trump’s pause could give the Administration time to negotiate trade deals with many of his targets. But he’s not pausing his 10% base tariff on most countries.\n\nWho knows what Mr. Trump really intends, and it isn’t clear he even knows. He’s still fixated on erasing the U.S. trade deficit with nearly every individual nation, which makes no sense given the differences in economies. His 90-day pause means the tariffs could come back with a vengeance if he doesn’t like the concessions countries offer.\n\nFor businesses, this means more uncertainty, which means continuing delays in capital investment crucial for growth. Consumers will still feel pain because companies price inventory on replacement cost, not average cost, so tariffs are already hitting prices.\n\nDelta Air Lines on Wednesday announced a reduction in its capital spending as it said consumers are flying less (see nearby). Walmart and other companies have withdrawn previous earnings guidance on consumer uncertainty. JPMorgan CEO Jamie Dimon said he now expects a recession. Oh, and the European Union imposed retaliatory tariffs on American exports worth €22 billion, and Brussels may go further. You can see why this is causing investors to rethink their confidence in the U.S. economy.\n\n***\n\nThere will always be a market for Treasurys, but the question is at what price? Mr. Trump’s reckless trade policies risk raising the cost of borrowing, inevitably triggering concerns about liquidity and the potential for nasty surprises in capital markets from companies caught by sharp moves in currencies or bonds. Other governments are worried enough that Tokyo is talking about a global effort to bolster financial stability. The U.S. would normally lead this effort, but this time the turmoil is caused by the U.S.\n\nNever bet against America, it’s said, and normally global investors don’t want to. It’s a sign of the magnitude of Mr. Trump’s tariff mistake that he’s goading them into doing so. He needs a policy reversal, not a pause.\n\nReview and Outlook: The fight between Elon Musk and Peter Navarro reflects the competing factions in Trump’s coalition. Photo: Jordan Strauss/Associated Press/Brian Snyder/Reuters",
    "published": "2025-04-09"
  },
  {
    "source": "WSJ",
    "title": "Trump Tariffs on China Actually 145%, Says White House",
    "summary": "The tariffs imposed on China by President Trump in his second term add up to 145%, the White House said on Thursday—not 125%, as it previously indicated.\nThe 125% tariff that President Trump announced on Wednesday afternoon referred only to reciprocal tariff levels, a White House official said, and",
    "link": "https://www.wsj.com/livecoverage/stock-market-trump-tariffs-trade-war-04-10-25/card/trump-tariffs-on-china-actually-145-says-white-house-3vTUxU4R2ZHKFMcEsoW6?mod=Searchresults_pos2&page=195",
    "content": "The tariffs imposed on China by President Trump in his second term add up to 145%, the White House said on Thursday—not 125%, as it previously indicated.\n\nThe 125% tariff that President Trump announced on Wednesday afternoon referred only to reciprocal tariff levels, a White House official said, and did not take into account the 20% tariffs Trump had previously levied on China over its role in the fentanyl trade.\n\nWhen the fentanyl-based tariffs are added, the second-term tariffs are 145%, which are also stacked on top of product-specific tariffs on China that Trump imposed in his first term and then-President Joe Biden expanded.\n\nThe news comes after nearly a full day where the world believed that the total second-term tariffs were 125%, based on guidance the White House distributed to reporters after Trump said that he would be “raising the Tariff charged to China by the United States of America to 125%.”",
    "published": "2025-04-09"
  },
  {
    "source": "WSJ",
    "title": "Fed Officials Flagged Risks of ‘More Persistent’ Inflation From Tariffs",
    "summary": "Some policymakers warned of difficult trade-offs that loom if inflation rises and hiring deteriorates",
    "link": "https://www.wsj.com/economy/central-banking/federal-reserve-minutes-risks-more-persistent-inflation-tariffs-4da46485?mod=Searchresults_pos20&page=206",
    "content": "Federal Reserve officials highlighted the risks of longer-lasting inflationary pressures from tariffs when they agreed to hold interest rates steady at their meeting last month.\n\n“A majority of participants noted the potential for inflationary effects arising from various factors to be more persistent than they projected,” said minutes of the March 18-19 policy meeting, which were released Wednesday.\n\nSince that meeting, President Trump has imposed broad and sudden tariff hikes that initially exceeded the high end of estimates from most private-sector economists and Fed officials. Trump said Wednesday he would pause for 90 days many of the largest tariff increases while imposing a steeper 125% tariff on China.\n\nFed officials face an increasingly thorny task because tariffs are expected to raise prices of imported goods in the short run, but the uncertainty created by the tariffs could also chill business investment and hiring more broadly. In addition, inflation-weary consumers and businesses could simply pull back on purchases, leading to weaker economic activity.\n\nOfficials at last month’s meeting thought their interest-rate setting was “well positioned” to address potential risks, the minutes said. The Fed could cut rates if labor-market conditions deteriorated, and the central bank could leave rates where they are if inflation worsened, the minutes said.\n\nBut several policymakers observed that they could “face difficult tradeoffs if inflation proved to be more persistent while the outlook for growth and employment weakened.”\n\nPress shift question mark to access a list of keyboard shortcuts Keyboard Shortcuts Enabled Disabled Shortcuts Open/Close / or ? Play/Pause SPACE Increase Volume ↑ Decrease Volume ↓ Seek Forward → Seek Backward ← Captions On/Off c Fullscreen/Exit Fullscreen f Mute/Unmute m Decrease Caption Size - Increase Caption Size + or = Seek % 0-9 Subtitle Settings Off English Font Color White Font Opacity 100% Font Size 100% Font Family 'Retina' Character Edge None Edge Color Black Background Color Black Background Opacity 50% Window Color Black Window Opacity 0% Reset White Black Red Green Blue Yellow Magenta Cyan 100% 75% 50% 25% 200% 175% 150% 125% 100% 75% 50% Arial Courier Georgia Impact Lucida Console Tahoma Times New Roman Trebuchet MS Verdana None Raised Depressed Uniform Drop Shadow White Black Red Green Blue Yellow Magenta Cyan White Black Red Green Blue Yellow Magenta Cyan 100% 75% 50% 25% 0% White Black Red Green Blue Yellow Magenta Cyan 100% 75% 50% 25% 0% facebook x Link https://www.wsj.com/video/trump-says-90-day-tariff-pause-was-because-of-yippy-reaction/8DD24F61-BBB0-426D-8AD6-0DF94050E8C2.html Copied Embed https://video-api.wsj.com/api-video/player/v3/iframe.html?guid=8DD24F61-BBB0-426D-8AD6-0DF94050E8C2 Copied Auto 540p (2484 kbps) 1080p (6507 kbps) 720p (3253 kbps) 540p (2484 kbps) 360p (1675 kbps) 360p (910 kbps) 234p (590 kbps) 234p (318 kbps) 234p (206 kbps) Live 00:00 04:05 04:04 Trump Says 90-Day Tariff Pause Was Because of ‘Yippy’ Reaction Play video: Trump Says 90-Day Tariff Pause Was Because of ‘Yippy’ Reaction Keep hovering to play President Trump said in a social media post that he had authorized a 90-day pause on certain tariffs to most countries. Photo: Saul Loeb/AFP/Getty Images\n\nIn recent public comments, policymakers have suggested they will pay close attention to consumers’ and businesses’ expectations of future inflation in a scenario that would otherwise call for cutting rates to address rising job losses.\n\nOfficials believe that those expectations can be self-fulfilling, and some have said that their ability to respond to economic weakness will rest on their confidence that inflation will return to their 2% goal after any tariff-related price increases.\n\nWrite to Nick Timiraos at Nick.Timiraos@wsj.com",
    "published": "2025-04-09"
  },
  {
    "source": "WSJ",
    "title": "Trump Blinks on Tariffs, Again, for Now",
    "summary": "The President pauses on some tariffs amid a bond rout and recession fears.",
    "link": "https://www.wsj.com/opinion/donald-trump-tariffs-markets-investors-bonds-scott-bessent-trade-0d271750?mod=Searchresults_pos13&page=209",
    "content": "President Trump says trade wars are easy to win. Investors think otherwise, and on Wednesday Mr. Trump decided maybe investors are right. After a flight from U.S. assets and a rout in the bond market, Mr. Trump announced a pause for 90 days on the worst of his “liberation” tariffs on most countries, China excepted.\n\nMarkets celebrated with a stock-market rally on hope that perhaps Mr. Trump isn’t entirely oblivious to the damage he’s causing. The rout in dollar assets reversed, at least somewhat, and the rise in the benchmark 10-year Treasury yield eased. It would be hard to find better evidence that markets believe the biggest threat to the world economy is Mr. Trump’s tariffs.\n\n***\n\nThe bond rout was scary, with the 10-year yield hitting 4.47% at one point Wednesday, capping the steepest three-day yield climb since 2001. This was accompanied by a decline in the dollar against a basket of currencies. The fire sale on Treasurys and the dollar sent a warning about a loss of confidence in Washington. Investors are demanding higher yields to hold even safe Treasurys, which is the opposite of what usually happens in financial panics.\n\nThe pause is a partial reprieve, but hardly an end to the tariff mayhem. For one thing the Administration can’t get its story straight. Mr. Trump’s pause came not long after Treasury Secretary Scott Bessent told bankers the economy is “in pretty good shape.” He dismissed the bond rout as normal trading. But then why the tariff pause?\n\nMr. Trump is also escalating his trade war with China, the world’s second largest economy. He started the latest row with a 34% tariff on top of tariffs already in place, and China responded Tuesday with the same. Mr. Trump then added 50% more, for a total U.S. tariff of 104% on Chinese goods. Beijing hit back again with 50% more, or 84% on all American exports to China, plus multiple regulatory barriers set to hit U.S. companies. Mr. Trump then lifted his China tariffs to 125%.\n\nThis is the closest the two economies have come to a full economic decoupling since China began to rejoin the global trading system in the 1980s. Chinese mercantilism poses unique trade challenges, but rapid decoupling isn’t possible without considerable economic harm.\n\nU.S. importers from China will have to raise prices or find other suppliers, if they exist. Beijing has some scope to mitigate the damage to its economy via hefty subsidies to households and producers, but such measures will be costly and can’t last forever. Washington can’t rule out the danger that Beijing will attempt to use a political or military threat—perhaps a blockade of Taiwan or seizure of islands under Taiwan’s control—to force Mr. Trump to the table on trade.\n\nIf decoupling from China is Mr. Trump’s goal, one way to mitigate the damage is by expanding trade with allies. But Mr. Trump’s tariffs slam friend and foe alike. Mr. Trump’s pause could give the Administration time to negotiate trade deals with many of his targets. But he’s not pausing his 10% base tariff on most countries.\n\nWho knows what Mr. Trump really intends, and it isn’t clear he even knows. He’s still fixated on erasing the U.S. trade deficit with nearly every individual nation, which makes no sense given the differences in economies. His 90-day pause means the tariffs could come back with a vengeance if he doesn’t like the concessions countries offer.\n\nFor businesses, this means more uncertainty, which means continuing delays in capital investment crucial for growth. Consumers will still feel pain because companies price inventory on replacement cost, not average cost, so tariffs are already hitting prices.\n\nDelta Air Lines on Wednesday announced a reduction in its capital spending as it said consumers are flying less (see nearby). Walmart and other companies have withdrawn previous earnings guidance on consumer uncertainty. JPMorgan CEO Jamie Dimon said he now expects a recession. Oh, and the European Union imposed retaliatory tariffs on American exports worth €22 billion, and Brussels may go further. You can see why this is causing investors to rethink their confidence in the U.S. economy.\n\n***\n\nThere will always be a market for Treasurys, but the question is at what price? Mr. Trump’s reckless trade policies risk raising the cost of borrowing, inevitably triggering concerns about liquidity and the potential for nasty surprises in capital markets from companies caught by sharp moves in currencies or bonds. Other governments are worried enough that Tokyo is talking about a global effort to bolster financial stability. The U.S. would normally lead this effort, but this time the turmoil is caused by the U.S.\n\nNever bet against America, it’s said, and normally global investors don’t want to. It’s a sign of the magnitude of Mr. Trump’s tariff mistake that he’s goading them into doing so. He needs a policy reversal, not a pause.\n\nReview and Outlook: The fight between Elon Musk and Peter Navarro reflects the competing factions in Trump’s coalition. Photo: Jordan Strauss/Associated Press/Brian Snyder/Reuters",
    "published": "2025-04-09"
  },
  {
    "source": "WSJ",
    "title": "Tariff Tensions: Trump’s Whipsawing Trade War",
    "summary": "President’s tariffs have ignited a back-and-forth showdown with top U.S. partners",
    "link": "https://www.wsj.com/politics/policy/how-trumps-trade-war-played-out-at-breakneck-speed-d9c147b8?mod=Searchresults_pos4&page=24",
    "content": "President Trump has filled the first months of his second term with a flurry of tariff announcements—and reversals. The moves have targeted nearly every country—including all of the European Union member states.\n\nHis “Liberation Day” tariff announcement was April 2.\n\n\n\nKey dates for tariffs U.S. action Reaction to U.S. Both First day of month Last Jan. Feb. March April May June July Aug. Sept. Oct. Nov. Dec. Show rest of year\n\nTrump has so far targeted nations with persistent trade imbalances with the U.S., including China, Canada and Mexico, as well as the European Union. On April 2, Trump announced a 10%, across-the-board tariff on imports from all countries, and even higher rates for other nations the White House considers bad actors on trade.\n\nThis explanatory article may be periodically updated.\n\nPhoto illustration: WSJ, Roberto Schmidt/AFP/Getty Images\n\nSource: Tax Foundation\n\nWrite to Kara Dapena at kara.dapena@wsj.com and Gavin Bade at gavin.bade@wsj.com\n\nTrump’s Tariffs News and analysis on the tariffs and their impact, selected by the editors WSJ Answers Tariff Questions",
    "published": "2025-04-09"
  }
]