[
  {
    "source": "WSJ",
    "title": "Trump Should Try Operation Warp Speed 2.0",
    "summary": "Tariffs alone won’t spark a manufacturing boom.",
    "link": "https://www.wsj.com/opinion/trump-should-try-operation-warp-speed-2-0-manufacturing-boom-tariffs-8d15e295?mod=Searchresults_pos4&page=173",
    "content": "Photo: Jeff Chiu/Associated Press\n\nThe current administration’s tariff strategy underscores President Trump’s bold intent to revive American manufacturing. But without an equally aggressive industrial mobilization, tariffs alone won’t reverse decades of offshoring or catalyze the comprehensive reshoring and onshoring required for true supply-chain resilience and sustainable economic growth (“Companies Tear Up Outlooks Over Trade-War Uncertainty,” Page One, April 25).\n\nWhat is conspicuously missing is the kind of aggressive government intervention and capacity stimulation witnessed during the height of the Covid-19 pandemic. In the early days of the pandemic, the U.S. government orchestrated one of the most successful public-private manufacturing mobilizations in recent memory. Through initiatives such as Operation Warp Speed and strategic invocation of the Defense Production Act, the government took risk out of domestic production through substantial direct investment, guaranteed purchase agreements, prioritized allocation of critical materials and equipment and streamlined regulatory processes. This decisive, mission-driven approach enabled the rapid development, approval and manufacturing scale-up of essential goods on a timeline previously thought impossible.",
    "published": "2025-05-03"
  },
  {
    "source": "WSJ",
    "title": "Stock Funds Showed Some Fight in April",
    "summary": "After a rough first quarter, large-cap growth funds were up 1.7% and gold funds soared. Plus: A Financial Flashback to the ‘flash crash’ in 2010.",
    "link": "https://www.wsj.com/finance/investing/stock-funds-showed-fight-april-0a372e52?mod=Searchresults_pos4&page=180",
    "content": "Gold-oriented funds were up 7% in April and are up 40.3% for the year to date.\n\nCan fund investors exhale a bit?\n\nAfter slogging to a 5.1% decline in the first quarter, April was a better month for U.S.-stock funds. The average U.S.-stock mutual fund or exchange-traded fund was down 1.1%, according to LSEG data, but that relatively modest decline calmed some investors’ nerves. (See funds-data tables including Mutual-Fund Yardsticks.)\n\nAnd funds that invest in the market’s leaders—large-cap growth stocks—had a positive month, with an average total return of 1.7%.\n\nWhile markets continue to be touchy—prone to more of the sudden drops that investors have weathered all year—they rebounded in the last part of April after the Trump administration softened its stance on tariffs and appeared to make progress on some trade deals.\n\nU.S.-stock funds are now sitting on a 6.3% decline for the year to date, after having rallied 17.4% for all of 2024. The large-cap growth funds are down 7.7%.\n\nScoreboard\n\nApril 2025 fund performance, total return by fund type\n\nU.S. stocks* Intl. stocks* Bonds (intmd.) 3.5% 0.3% –1.1% U.S. stocks* Intl. stocks* Bonds (intmd.) 3.5% 0.3% –1.1%\n\n“A mood of cautious optimism is hovering around markets,” said Susannah Streeter , head of money and markets at U.K.-based investment company Hargreaves Lansdown, after what she calls the “financial market mayhem” in the first 100 days of Trump’s presidency. The tariff pauses have helped, though only to a point: She noted that U.S. markets have still been hammered into a trailing position behind international stocks.\n\nIndeed, international-stock funds were up 3.5% in April, continuing to assert themselves after the robust 6.4% total return in the first quarter. The 10.1% year-to-date gain is, so far, a rare win for international-stock funds over their U.S. counterparts—as many investors have increased their overseas-stock exposure. For all of last year, international-stock funds trailed U.S. funds with a rise of just 4.8%.\n\nGold continues to have the Midas touch for investors. As investors have winced at stocks’ overall swings and looked for comfort, funds that invest in gold miners and other precious-metals companies are up an average 40.3% for the year to date—dominating all other categories tracked by LSEG. That total return for gold-oriented funds includes a 7% rise for April, after the first quarter’s nearly 31% advance.\n\nBond funds have also risen as investors look for safety from tariff turmoil. The total return of funds focused on investment-grade debt (the most common type of fixed-income fund) was 0.3% in April, after having risen 2.7% in the first quarter. Bond funds are now up 3% for the year to date.\n\nFINANCIAL FLASHBACK\n\nA look back at Wall Street Journal headlines from this month in history\n\n• 15 YEARS AGO: The ‘Flash Crash’\n\nThe Wall Street Journal, May 7, 2010\n\nOn May 6, 2010, something so strange happened in the stock market that it puzzled exceptionally experienced traders. Without warning, stock prices went into free fall at 2:42 p.m. Eastern time. Within minutes, the Dow had fallen 998.50 points, at the time its biggest intraday point drop in history. Much of the drop reversed but the market was still down by 3.2% at the close.\n\n\n\nSome stocks, such as Accenture ACN 0.18 %increase; green up pointing triangle and Boston Beer SAM -3.00 %decrease; red down pointing triangle , fell by as much as 100% for just a moment before rebounding. The normally ultrasteady Procter & Gamble PG -0.24 %decrease; red down pointing triangle fell by 35% in two minutes.\n\n\n\nThe plunge quickly became known as the “flash crash.” The questions started before the closing bell. The central puzzle: What caused this?\n\n\n\nThere’s the fat-finger theory—someone accidentally making a huge stock order, triggering computer-operated algorithms to sell. “The algos didn’t precipitate it, but they contributed,” says Sam Stovall , managing director of U.S. equity strategy at CFRA.\n\n\n\nAnother factor could have been the halt in trading by some algo companies. This reduced trading volume and exacerbated the plunge.\n\n\n\nPolitical tension on the streets of Greece, following the European Central Bank’s refusal to calm that country’s debt market, was yet another idea. “Televisions showed images of standoffs between Greek police and protesters,” The Wall Street Journal reported. That may have sent floor traders, yet jumpier.\n\n\n\nThe overall loss from the flash crash? Not much. Stock exchanges canceled trades from the debacle, and it was as if it didn’t happen. At least financially.\n\n• 50 YEARS AGO: Back in the Game: Many Small Investors, Lured by Bull Market, Resume Stock Buying\n\n• 90 YEARS AGO: Public Must Be Educated in True Character and Purpose of Markets—on a front-page article about NYSE President Charles R. Gay’s speech to an exchange group\n\nBy Simon Constable\n\nWilliam Power is deputy section editor of Journal Reports in South Brunswick, N.J. Email him at william.power@wsj.com.\n\nInvesting Monthly Read the full report",
    "published": "2025-05-03"
  }
]