[
  {
    "source": "WSJ",
    "title": "Where to Invest Your Money in 2025",
    "summary": "We asked 10 investing and economic experts for their outlook for bonds and stocks as Donald Trump returns to power. Here’s what they said.",
    "link": "https://www.wsj.com/finance/investing/stock-bond-market-investor-trump-presidency-2025-957af003?mod=Searchresults_pos1&page=112",
    "content": "The beginning of every new year always poses challenges to investors as they take the opportunity to reassess their strategies and portfolios.\n\nBut 2025 is especially challenging. As Donald Trump gets set to return to the White House on Jan. 20, investors anticipate a host of policy changes. Among them: tougher restrictions on immigration, fewer regulations for businesses, an extension of the 2017 tax cuts and more tariffs.\n\nWhat’s more, the Federal Reserve is expected to continue to cut short-term rates, and stock valuations are looking stretched, especially in faster-growing sectors like technology and communication services.\n\nIn short, there is a lot for investors to keep track of. For some perspective on this and guidance for investors, we asked 10 financial professionals to weigh in on their outlook for markets and the economy, and their recommendations for investors.\n\n1. Beyond the Magnificent Seven\n\nDavid Kostin , chief U.S. equity strategist at Goldman Sachs, expects the market gainers to broaden in 2025 after several years of dominance by the Magnificent Seven stocks—Google parent Alphabet GOOGL -0.31 %decrease; red down pointing triangle , Amazon.com AMZN -0.63 %decrease; red down pointing triangle , Apple AAPL 0.10 %increase; green up pointing triangle , Facebook parent Meta Platforms META 0.20 %increase; green up pointing triangle , Microsoft MSFT -0.72 %decrease; red down pointing triangle , Nvidia NVDA -0.51 %decrease; red down pointing triangle and Tesla TSLA -1.65 %decrease; red down pointing triangle .\n\nThe Magnificent Seven’s performance in 2024 surpassed that of the rest of the S&P 500 by 34 percentage points, but Kostin is forecasting a much smaller difference of 7 points in 2025. The gap in earnings growth between the Magnificent Seven and the rest of the market is “compressing dramatically,” he says.\n\nWhile investors should still allocate some money to the Magnificent Seven stocks, Kostin says, they should be taking a look at other parts of the stock market, notably midcaps.\n\nMidcap stocks, whose market capitalizations range from $5 billion to $20 billion, should benefit from further rate cuts, he says, given that roughly 25% of their debt is floating rate.\n\nHe also suggests owning stocks that are mergers-and-acquisitions candidates as Goldman expects dealmaking to pick up in 2025. Among the companies he mentions as possible beneficiaries: small-caps Agios Pharmaceuticals AGIO 2.09 %increase; green up pointing triangle , CG Oncology CGON -0.94 %decrease; red down pointing triangle and Kosmos Energy KOS -1.74 %decrease; red down pointing triangle .\n\nKostin also says that artificial intelligence is evolving from the initial infrastructure build-out—which benefited semiconductor companies, data-center real-estate investment trusts and security-software firms, among others—to a phase involving “companies whose revenues will be enhanced by a widespread adoption of AI.”\n\nThose in that phase include Apple, Adobe ADBE -0.21 %decrease; red down pointing triangle , Salesforce CRM -0.42 %decrease; red down pointing triangle , ServiceNow NOW -0.59 %decrease; red down pointing triangle and Snowflake SNOW -0.94 %decrease; red down pointing triangle , according to Kostin. They are among the 30 companies in a Goldman Sachs basket of stocks that are expected to benefit as AI becomes entrenched.\n\n2. Stick to large-cap growth stocks\n\nAnkur Crawford , executive vice president and portfolio manager at Alger, continues to be all-in on large-cap growth stocks, particularly those tied to AI. She maintains that the innovation and seismic influence of these companies won’t be deterred by factors such as policy changes imposed by the Trump administration.\n\n“You want exposure to the most innovative companies that are driving forward this AI paradigm, which is truly kind of a generational shift for our society,” Crawford says.\n\nWhat about the concern that these stocks are expensive?\n\nShe doesn’t buy that, asserting that having exposure to AI-related stocks “is going to be essential to outperform over the next five years.”\n\nCrawford points out that Meta Platforms, for example, recently traded at roughly a 10% premium to the S&P 500 based on forward earnings, a reasonable valuation in her view given the company’s strong growth prospects. That is only slightly above the stock’s 7% average premium over the past five years.\n\n3. Don’t expect big stock-market gains\n\nSaira Malik , chief investment officer, head of equities and fixed income at Nuveen, is more cautious about stock returns after two straight years of 20%-plus gains for the S&P 500. Her 2025 year-end target for the S&P 500 is 6400, about 9% above where the index traded in late December.\n\n“There’s a lot of positivity out there about tax cuts and deregulation and all of that, but one question for investors to ask themselves is: How much of this is already priced in?” Malik says.\n\nStill, Malik does see some opportunities in stocks and bonds.\n\nOne place for the former is real estate, which she and her colleagues think is primed to do better in 2025 after a relatively weak year. A popular way for individual investors to get exposure to the sector is through REITs, which throw off a lot of income.\n\nSmall-cap stocks also make sense to Malik, partly because they are cheaper relative to larger-cap names and because of the expected tailwinds of extending tax cuts and rolling back regulations under the second Trump administration.\n\nSmall-caps Malik points to include Addus HomeCare ADUS -2.04 %decrease; red down pointing triangle , a home-care and medical-staffing firm; Lumentum Holdings LITE -0.60 %decrease; red down pointing triangle , which makes lasers; and Enpro NPO -0.78 %decrease; red down pointing triangle , which makes industrial products for semiconductor makers, aerospace companies, life-sciences firms and others.\n\nAs for bonds, Malik favors securities that include stronger-quality high-yield bonds, mortgage-backed securities and senior loans, which look increasingly attractive given that it looks like rates will stay higher for longer. Those loans reset regularly based on prevailing interest rate levels.\n\n4. Not-so-fast on large-caps\n\nDavid Kelly , chief global strategist at J.P. Morgan Asset Management, says investors should be wary of pricey stock valuations, especially among large-cap issues.\n\n“There is a certain amount of risk in the S&P 500 overall, and it’s particularly concentrated in large-cap growth stocks,” he says. “The problem is that for a lot of investors, they are now overweight in that very sector.”\n\nIf a hypothetical investor had 60% in the S&P 500 and 40% in the Bloomberg U.S. Aggregate Bond Index at the start of 2019 and hasn’t rebalanced since then, that asset mix was recently 79% stocks and 21% bonds, Kelly says.\n\nBesides being overweight large-cap growth stocks, that leaves many investors underweight bonds, which can help smooth a portfolio’s volatility. Some investors, he says, might not be aware of how much risk they are taking and should consider rebalancing.\n\nKelly is also keeping a close eye on inflation, fearing a resurgence thanks to the policies of incoming President Trump. “If you tighten immigration significantly, and if you raise tariffs significantly in 2025, it gives you more inflation,” he says.\n\n5. Prepare for bumpy weather\n\nChris Senyek , chief investment strategist at Wolfe Research, sees considerable policy uncertainty as 2025 kicks off. “The market has taken a very rosy view of Trumpenomics, but it’s going to be a bit more of a bumpy road.” he says.\n\nAs such, he favors starting 2025 with a position in the Magnificent Seven stocks, communication services and other large-cap tech stocks that can weather most storms thanks to their strong and reliable earnings growth.\n\n“The tech fundamentals are already really strong with AI spending and everything else,” he says. “They don’t need a policy jolt to keep the fundamentals strong.”\n\nUltimately, Senyek envisions the stock market going through three phases in 2025:\n\nThe first, which began on the heels of the presidential election in November, saw stocks rally “over the enthusiasm for positive policy changes” in the new Trump administration.\n\nThe next act, which will begin in early 2025, is the implementation phase “where we hear more details on specific policies such as tariffs, tax cuts or deregulation.”\n\nFinally, the market will have to digest these policies, leading to the third market phase later in the year.\n\nUntil this last phase, Senyek believes it is best for investors to stick with the tried and true and wait for a clearer picture of President Trump’s policies and what they will mean for other sectors and industries.\n\n6. It’s time for value\n\nJohn Rogers , founder of Ariel Investments and portfolio manager, who is a longtime value-stock-focused manager, enters 2025 with a lot of conviction, even though value stocks have been an afterthought for much of the past two decades.\n\n“Large-cap growth stocks have gotten extraordinarily expensive versus small-cap value,” says Rogers. “So the theme I have is: Buy smaller companies and buy value companies within the small-cap universe.”\n\nThe Russell 1000 Growth Index had returned 35% in 2024, more than double the 14% result for the corresponding value index.\n\nRogers also says he expects the new administration’s rollback of regulations for businesses offers an opportunity for some companies. “Boardrooms and many people have delayed deals, scuttled deals or didn’t get involved with deals because of the regulatory environment,” he says. “The biggest change is going to be less regulation.”\n\nIf those themes dovetail as Rogers expects, he says that should help smaller-cap financial firms such as Lazard LAZ -1.01 %decrease; red down pointing triangle and private-equity firm Carlyle Group CG -0.85 %decrease; red down pointing triangle . “Private equity is going to do really well in this environment,” Rogers says. “You’re already seeing it in the number of deals that are being talked about.”\n\n7. Bonds over stocks\n\nMike Cudzil , senior bond portfolio manager at Pimco, says he believes bonds will be attractive relative to stocks in 2025.\n\nIf the Fed cuts rates further this year, as expected, that would give bondholders a boost in price. Bond yields and prices move inversely. Yet if rates do climb, Cudzil says there is still a cushion to have a positive return as yields are high enough to offset a modest decline in price.\n\nAmong the types of bonds he says he is overweighting are asset-backed securities, including credit cards and auto loans; agency mortgages; triple-A-rated commercial mortgage-backed securities; and triple-A-rated collateralized loan obligations.\n\n8. Prepare for more volatility\n\nYung-Yu Ma , chief investment officer at BMO Wealth Management, says investors should brace for more volatility in the stock market this year as the Trump administration rolls out its trade policies.\n\n“That’s just going to be more disruptive than people imagine right now,” Ma says, adding that he doesn’t expect the U.S. economy to be derailed by trade issues. “We’re still overall favorable on staying invested in U.S. stocks, but we also think that it behooves investors to prepare for pullbacks,” he says.\n\nHe recommends focusing on a broad portfolio of U.S. stocks, including a sprinkling of small-cap issues—not just the megacap tech stocks that worked in 2024. “We expect more spreading out of the economic and technological benefits to other companies in the economy,” he says.\n\n9. Watch out for inflation\n\nJason De Sena Trennert , chairman and CEO of Strategas, says that although markets will benefit from Trump administration policies such as less regulation, he is wary of a pickup in inflation amid pent-up demand for wage increases, heavy deficit spending and deglobalization. He’s also concerned that mass deportations could pressure prices.\n\nAt the same time, Trennert sees investment opportunities, including in investment-grade corporate debt with maturities of up to five years as shorter-term bonds are less vulnerable to factors such as additional government debt due to more tax cuts.\n\nAs for stocks, he doesn’t expect a third straight year of 20%-plus returns as market valuations are elevated and not sustainable “without the earnings growth to support it.”\n\n“I think the bull market continues, but the pace of the ascent is going to slow,” says Trennert, who says he has had discussions about serving in the new administration.\n\nAmong the themes investors should consider are securities linked to AI, AI infrastructure such as data centers and the companies that supply the power for the AI revolution.\n\n“Your average CEO is more likely to be fired by not spending enough on artificial intelligence, rather than too much,” he says. “If you’re going to make those investments, you need massive amounts of power.”\n\n10. Interest-rate uncertainty\n\nAditya Bhave , senior U.S. economist at BofA Global Research, says interest rates could stay higher than what was considered normal in previous economic cycles.\n\nOne scenario where that could happen: The Fed can’t get inflation back down to its long-term target of 2%. “The higher rate environment is probably likely to last, and that is something that investors need to factor in,” Bhave says.\n\nThe upshot is that higher rates, combined with more tax cuts, could push up government deficits and long-term bond yields.\n\nStill, he expects the incoming administration to be business-friendly from a regulatory and tax perspective—a favorable backdrop for investors overall.\n\nLawrence Strauss is a writer in Millburn, N.J. He can be reached at reports@wsj.com.\n\nInvesting Monthly Read the full report",
    "published": "2025-01-05"
  },
  {
    "source": "WSJ",
    "title": "Basic Materials Roundup: Market Talk",
    "summary": "",
    "link": "https://www.wsj.com/finance/commodities-futures/basic-materials-roundup-market-talk-5e531d93?mod=Searchresults_pos5&page=120",
    "content": "The latest Market Talks covering Basic Materials. Published exclusively on Dow Jones Newswires at 4:20 ET, 12:20 ET and 16:50 ET.\n\n1430 ET – Front-month gold finished lower for the second straight session, with investors seen as directing more of their resources towards Treasury notes than gold. “Safe haven flows are gravitating to yield and with the situation likely to accelerate as the 5.0000% level comes into focus,” says Robert Yawger of Mizuho Securities USA in a note. The U.S. dollar index pared losses this morning after President-elect Trump denied reports that his administration is considering a watered-down tariff policy. Even so, the dollar index remained lower for the day, down 0.6%. Front-month gold finished down 0.3% to $2,638.40 an ounce. (kirk.maltais@wsj.com)\n\n1229 ET – A Conservative agenda is likely to materially affect the outlook for Canada’s economy in 2025 and beyond, through the devil will be in the detail should Canadians vote out the incumbent Liberals, Oxford Economics’ Tony Stillo says. Prime Minister Trudeau has decided to step down, and asked Governor General Mary Simons to prorogue parliament so the Liberals can choose a new leader. An election is likely in May, Still says, noting polls suggest Canadians will vote in a Conservative majority likely to be focused on balancing the budget and paying down the national debt. Still, Stillo says plans to repeal the federal carbon tax would be neutral for the economy as it would immediately lower gasoline prices but also mean an end to the carbon rebates.’ (robb.stewart@wsj.com)\n\n2113 ET – Glencore, Anglo American, Teck, and Alcoa are Jefferies’ top picks among mining stocks this year. While we have recently become more cautious on the near-term outlook for the sector due to cyclical factors, and we believe the risk to consensus estimates is to the downside, it is too late to make downgrades to our ratings, in our view,” analysts at the bank write. “All things considered, our bias is to buy our preferred miners and steel producers following the recent significant weakness,” they add. Jefferies also prefer Freeport-McMoRan and Lundin Mining, citing a longer run exposure to copper. (rhiannon.hoyle@wsj.com; @RhiannonHoyle)\n\n2103 ET – There are likely to be limited gains in most mined commodity prices this year, with possible exceptions for copper, aluminum and steelmaking coal, Jefferies analysts say in a note. “We do not expect a significant acceleration in demand growth for the major metals and mined commodities in 2025,” they write. Naming a stronger U.S. dollar for now, the property market downturn in China, a potentially slowing U.S. economy and an escalation of trade wars as macro headwinds, the analysts note “at least offset the tailwinds,” pointing to lower corporate tax rates and deregulation in the U.S., easier monetary policy in major economies, a possible end to the war in the Ukraine, and a modest China stimulus. (rhiannon.hoyle@wsj.com; @RhiannonHoyle)\n\n2005 ET – Bellevue Gold’s 2Q operational update is significantly weaker than expected due to low grades, Moelis Australia analyst Paul Hissey says in a note. Access to higher grade ore—to support an uplift in production rates—has been delayed, resulting in an even stronger 2H weighting to production forecasts for the year, he says. There is “some abstruse disclosure in the result which a skeptic may choose to infer additional underperformance for the quarter,” says Hissey. The update provides 2Q sales numbers but then refers to FY production guidance, which could mean that 2Q production was even lower than sales, he says. Bellevue is down 9.4% at A$1.0375/share. (rhiannon.hoyle@wsj.com; @RhiannonHoyle)",
    "published": "2025-01-05"
  },
  {
    "source": "WSJ",
    "title": "House and Senate Split on How to Deliver for Trump",
    "summary": "President-elect backs House late Sunday with call for ‘one powerful bill’",
    "link": "https://www.wsj.com/politics/policy/house-and-senate-split-on-how-to-deliver-for-trump-6e1ba1de?mod=Searchresults_pos19&page=151",
    "content": "WASHINGTON—Republicans are wrestling over how quickly they can deliver President-elect Donald Trump some legislative wins on his agenda, with House and Senate leaders divided over the speed and scope of any early action and Trump supporting the House late Sunday with a call for “one powerful bill.”\n\nHouse Speaker Mike Johnson (R., La.) on Sunday laid out a plan for combining all of Trump’s legislative priorities into a single package that could be brought up for a House vote as soon as the first week in April. But Senate Majority Leader John Thune (R., S.D.) sounded more cautious on the pace of legislation, saying Republicans would “work through” the drafting process.\n\nTrump, who hadn’t weighed in publicly, said in a social-media post Sunday night that the measure should include border security, energy-policy changes and tax cuts, including extensions of his expiring 2017 tax cuts and the “no tax on tips” pledge from his 2024 campaign. Trump claimed that “it will all be made up with tariffs,” not mentioning the spending cuts to programs such as Medicaid and food stamps that congressional Republicans have been considering—and that some may insist on including.\n\n“Republicans must unite, and quickly deliver these Historic Victories for the American People,” Trump wrote. “Get smart, tough, and send the Bill to my desk to sign as soon as possible.”\n\nThere is no bill yet. Lawmakers still have to agree on the fiscal parameters for the bill to unlock fast-track procedures that can avoid the Senate filibuster, and then they have to write and agree on the bill itself.\n\nIn the House, a legislative package would fold in tax cuts, spending cuts, energy measures and funding for border security, as well as an increase in the debt ceiling, Johnson said on Fox News’s “Sunday Morning Futures.”\n\n“At the end of the day, President Trump is going to prefer, as he likes to say, one big beautiful bill,” Johnson said in remarks that intensified a debate with Senate Republicans. The newly re-elected speaker went on to say that passing the bill in one fell swoop would help keep Republicans unified, “because no one’s going to love every element of a large package like that, but there’ll be enough elements in there to pull everyone along.”\n\nRep. Mike Johnson was re-elected House speaker following a last-minute scramble to secure the 218 votes he needed. Photo: Marko Djurica/Reuters\n\nTheoretically, that strategy can work to unite a disparate coalition that can coalesce behind something that Trump deems important. But the challenge is that some lawmakers might object to pieces that others view as essential. And complicated legislative debates have a tendency to consume time until there is a real deadline—in this case the midyear need to raise the debt limit or the tax-cut expiration looming on Dec. 31.\n\nLawmakers have said they’ll take their cues from Trump, and his apparent backing of the House’s one-bill approach likely sets the tone for the next phase of the work. The president-elect plans to host assorted groups of Republicans at his Mar-a-Lago Club next weekend, according to people familiar with the matter.\n\nCongress will hold a joint session Monday to certify Trump’s electoral victory.\n\nNewsletter Sign-up WSJ Politics & Policy Scoops, analysis and insights driving Washington from the WSJ's D.C. bureau. Preview Subscribed\n\nThe aggressive House plans—Johnson proposed a vote as soon as April 3 and projected enactment by May—will pose a major test for the all-Republican-majority Congress, whose members are divided into factions that don’t see eye to eye on their top priorities and must separately vote to keep the government open before then. Military hawks, backed by Thune, want to lock in defense-spending increases as part of an initial package that also wraps in border spending.\n\nSpending hawks are focused on cutting U.S. deficits, and are wary about raising the debt ceiling without significant changes to safety-net programs. Some Republicans have more parochial interests, such as raising the cap on state and local tax deductions that was imposed in the 2017 tax law and that hit residents of high-tax states like New York.\n\n“You have to build the plane while it’s in the air,” Rep. Byron Donalds (R., Fla.) said on the same Fox program. “That’s what you’re about to see.”\n\nSenate Republicans balked at some parts of the House plan, which among other things runs counter to their push for a two-bill strategy. That approach would prioritize border spending in a quick bill that could reach Trump’s desk shortly after his inauguration and delay legislation that would extend expiring 2017 tax cuts and incorporate at least some of Trump’s plans to eliminate taxes on overtime pay, tips and Social Security benefits.\n\n“I’m very worried that if we don’t put border first and get it done, it’s going to be a nightmare for our national security,” Sen. Lindsey Graham (R., S.C.) said on Fox.\n\nSen. Ron Johnson (R., Wis.), who will have a prime seat in the tax-cut fight as a member of the Senate Finance Committee, also said he supported a two-step process. He sounded a note of caution on increasing the debt ceiling as part of a single, sprawling bill. The U.S. currently has more than $36 trillion in debt outstanding, including obligations under programs such as Social Security. That is up more than $16 trillion since the start of Trump’s first presidency, fueled in part by pandemic-related spending under both Trump and President Biden.\n\n“Very few Americans really do specifically understand how out of control government spending is,” Sen. Johnson said on Fox. He ruled out eliminating the debt ceiling, and said that he wanted a plan to return to prepandemic spending levels.\n\nAny hastily written plans could crash down quickly given the GOP’s narrow House majority and limited maneuvering room in the Senate, where Republicans will hold a 53-47 majority. Republicans are planning to drive through their agenda using a procedural tool that gives them a limited opportunity to circumvent the Senate’s 60-vote filibuster. Little will be easy, in part because the many moving parts of sweeping legislation can draw opponents across the spectrum.\n\nThe past decade alone is full of fast out-of-the-gate ambitions for unified one-party governments that ended with narrower goals. Republicans spent months in 2017 trying to repeal at least some parts of the Affordable Care Act, only to have the plan collapse shortly before an August recess with nothing to show for their work. That failure gave GOP lawmakers new resolve to finish a tax bill that December.\n\nDemocrats in 2021 passed a $1.9 trillion package early in Biden’s term. But his ambitious education, healthcare and climate agenda, under the banner of Build Back Better, faltered in 2021 before Democrats salvaged major components by breaking the agenda into pieces, shrinking its size and jettisoning pieces such as the expanded child tax credit before they passed the Inflation Reduction Act in 2022 that focused on climate, tax enforcement and healthcare.\n\nAlex Leary contributed to this article.\n\nWrite to Siobhan Hughes at Siobhan.hughes@wsj.com and Richard Rubin at richard.rubin@wsj.com\n\nThe Trump Transition Insights on the outlook for business, policy and the economy under Trump, selected by the editors Who’s Who in Trump’s Cabinet",
    "published": "2025-01-05"
  },
  {
    "source": "WSJ",
    "title": "A Tax-Cutting New Year in the States",
    "summary": "After Jan. 1 changes, 22 states now have a flat or zero income-tax rate.",
    "link": "https://www.wsj.com/opinion/a-tax-cutting-new-year-in-the-states-iowa-mass-new-hampshire-1df4a19e?mod=Searchresults_pos9&page=3",
    "content": "New Hampshire Governor Chris Sununu Photo: Associated Press\n\nRepublicans in Congress may struggle this year to extend the expiring 2017 national tax rates, but states run by Republicans are way ahead of them. Tax changes that took effect on Jan. 1 are widening the tax divide between these states and high-tax progressive states.\n\nYour browser does not support the audio tag. Opinion: Potomac Watch Speaker Mike Johnson Keeps His Gavel, After Two Flipped GOP Votes The House GOP avoids an embarrassing crackup, after two Republicans who initially opposed Speaker Mike Johnson switch their votes to him at the last minute. But the leaders of the Freedom Caucus post a letter afterward with a list of demands, suggesting that Republican disunity could return as soon as the House tries to pass a significant bill on spending or the debt. Read Transcript 23:50 1x Add to Queue Explore Audio Center\n\nStart with New Hampshire, which eliminated its 5% tax on dividends and interest income, thanks to Gov. Chris Sununu and the GOP Legislature. The Live Free or Die State already had no income tax on wages. The lack of a levy on investment income will make the state even more of tax refuge in the Northeast. Look for more migration from Massachusetts, which abandoned its flat tax in 2022 to enact a 9% top income-tax rate and is Taxachusetts again.",
    "published": "2025-01-05"
  },
  {
    "source": "WSJ",
    "title": "‘America First’ Review: The President and the Pilot",
    "summary": "Lindbergh said war was unlikely. When he was proved wrong, he argued that deploying U.S. forces to Europe wouldn’t make a difference.",
    "link": "https://www.wsj.com/arts-culture/books/america-first-review-the-president-and-the-pilot-06f83969?mod=Searchresults_pos9&page=56",
    "content": "U.S. participation in World War II is generally seen as morally righteous. H.W. Brands, a prolific writer of popular histories, argues in “America First” that the country was “cemented” into this view only after the discovery of the Nazi death camps, and he is keen to remind us that, before Pearl Harbor, Charles Lindbergh’s isolationist movement had a large following. Given that Donald Trump’s slogans have “echoed” those of Lindbergh’s era—and that the world is again menaced by aggressors—Mr. Brands believes the time is ripe for reappraising the original America First.\n\nMr. Brands goes about this project—really a revisionist study—by offering twin profiles of Lindbergh and Franklin D. Roosevelt, the president who, he says, practiced a “deceptive incrementalism” to lure America into the fight. He aims to show that FDR “knew” the country was headed for war and that Lindbergh’s point—that America was perfectly safe as long as Germany and Japan remained outside North America—was technically and militarily accurate.\n\nLindbergh, the son of a Minnesota congressman who had opposed U.S. entry into World War I, was 25 when, in 1927, he flew solo to Paris and became a hero. Mr. Brands begins five years later, when the 20-month-old son of Charles and Anne Morrow Lindbergh was kidnapped and slain. The devastated couple were subjected to merciless hounding by photographers as well as physical threats. The family fled to England, returning in the late 1930s as Roosevelt was turning his attention to rising militarism overseas.\n\nLindbergh parlayed his fame to become a sort of roving consultant on war preparedness. He was invited to tour air forces across Europe; he chatted with heads of state; the U.S. ambassador to Britain, Joseph P. Kennedy, received as gospel the pilot’s awestruck admiration of German strength.\n\nMeanwhile, Roosevelt was cajoling Congress to remove a series of restrictions on arms supplies to allies and to beef up American forces. He was also preparing the public to play a part. Lindbergh countered with radio addresses and speeches against the president, whom he likened to a dictator.\n\nAs foreign policy became a hot domestic issue, Lindbergh was courted by Roosevelt’s enemies in Congress and by wizened isolationists such as Henry Ford. Lindbergh told them war in 1939 was unlikely; when he was proved wrong and after England had endured the Blitz, he said it was “obvious” that England was losing. Bringing his defeatism home, he argued that deploying U.S. forces to Europe wouldn’t make a difference. The America First Committee was formed in 1940, and Lindbergh became its marquee voice.\n\nMr. Brands portrays both Roosevelt and Lindbergh in their own words. But he uncritically reports Lindbergh’s not-small misstatements, including his claim, in his House testimony on Lend-Lease in January 1941 and elsewhere, that England was just as responsible as Nazi Germany for the war and that it was “the interventionist in America” who gives “comfort to the enemy.” (Actually, the German foreign ministry responded “Hats off!” to Lindbergh’s avowal of neutrality.) Mr. Brands is similarly silent on the aviator’s misjudgments, such as his expression of confidence in the “sanity” of Nazi leadership soon after the Kristallnacht terror against German Jews. At points, Mr. Brands’s sympathies lead him to ahistorical conclusions. He credits Lindbergh for predicting that “communism was a more abiding danger than fascism”—which ignores the fact that, had Roosevelt heeded Lindbergh, the fascist powers might be abiding still.\n\nIn contrast to his forgiving treatment of Lindbergh, Mr. Brands repeatedly calls out Roosevelt for disguising his aims and manipulating publicity to accentuate the German threat. It is hardly news that Roosevelt was a master dissembler. But in 1937—four years before Pearl Harbor—Roosevelt said: “Let no one imagine that America will escape . . . that this Western hemisphere will not be attacked.” On Independence Day, 1941, he warned that America could not remain an “oasis” among hostile dictators; in October, responding to critics who made points similar to the author’s, Roosevelt said: “Every school child knows what our foreign policy is . . . destruction of the Hitler menace.”\n\nMr. Brands observes a symmetry in their life trajectories, early success interrupted by tragedy. But he misses a crucial distinction. Roosevelt’s paralysis tested his courage and opened a vein of empathy. Lindbergh, after his awful ordeal, came to distrust the disorderly clamor of democratic societies. Harold Nicolson, a contemporary writer whom the author quotes at length, says Lindbergh began to “loathe democracy.” The journalist Dorothy Thompson saw in Lindbergh “a passion for mechanics and a tendency to judge the world and society purely from a technical and mechanical standpoint,” as well as “the utmost contempt for physical weakness,” a prejudice that enamored him to the Nazi cult of virility.\n\nLindbergh ruined his reputation before Pearl Harbor by attacking American Jews as war mongers. He was widely condemned as antisemitic. The author defends him: “Lindbergh’s enemies weren’t looking for evidence. They wanted a weapon to beat him with.” He gave them one, repeatedly condemning alleged Jewish control of the media and Jews for exercising undue influence over ordinary Americans. As even a rival antiwar group noted after a rant in Des Moines, Iowa, Lindbergh plainly judged Americans Jews “a separate group, apart from the rest of the American people.”\n\nMr. Brands is so intent on discrediting FDR that he blames him even for Hitler’s declaration of war on the U.S. following Pearl Harbor. As if the Führer were the reasonable one, the author says: “Likely Hitler had concluded that Roosevelt wouldn’t rest until he got the war he wanted.” Readers are more likely to be impressed with Roosevelt’s early recognition of the threat to democracy and independence at home as well as abroad.\n\nMr. Lowenstein is the author of “Ways and Means: Lincoln and His Cabinet and the Financing of the Civil War.”",
    "published": "2025-01-05"
  },
  {
    "source": "WSJ",
    "title": "Immigration Needs Reform, but What Kind?",
    "summary": "America’s strength lies in its meritocratic system.",
    "link": "https://www.wsj.com/opinion/immigration-needs-reform-but-what-kind-h1b-bd0e36eb?mod=Searchresults_pos8&page=186",
    "content": "Photo: Getty Images/iStockphoto\n\nYour editorial on intelligent nationalism and the need for talent (“Trump is Right on H-1B Visas,” Dec. 30) is correct. I came to the U.S. legally on a student visa after completing a bachelor’s degree in China at no cost to U.S. taxpayers. After earning two master’s degrees in the U.S. and navigating a rigorous interview process, I was offered a job at Citibank under the H-1B visa program. But that was only the beginning of a challenging process.\n\nMy employment hinged on the Labor Department’s approval through a certification process, which required Citibank to provide detailed job description, my qualifications and the proof that my wage met or exceeded the prevailing rate for similar positions. Citibank also had to advertise the position it had already offered me for three more months, allowing for objections or applications from Americans. I eventually secured the role only because I was the best candidate. I didn’t “steal” a job from a fellow American, and I wasn’t “cheap” foreign labor either.",
    "published": "2025-01-05"
  },
  {
    "source": "WSJ",
    "title": "The One Day a Year I Spend a Lot of Money",
    "summary": "I keep a tight rein on my spending throughout the year. But for my birthday, I focus on what I want, not just what I need.",
    "link": "https://www.wsj.com/personal-finance/savings/budget-tips-how-to-splurge-special-occasions-c7d1b207?mod=Searchresults_pos18&page=183",
    "content": "I was afraid to ask for things I wanted growing up because I knew the answer would always be “No.” Wants were things you could live without, according to my Nigerian immigrant parents, so you might as well live without them.\n\nWhen I brought this up to my dad recently, he doubled down, eagerly listing the kinds of things he wouldn’t have gotten me even if I’d found the courage to ask. Nail polish? Trendy sneakers? Forget about it!\n\nThat message of frugality has stuck with me into young adulthood. Except for one day a year—my birthday. That’s the time when I allow myself to let loose financially.\n\nWhen you’re trying to meet basic economic needs like rent, car payments and student loans, it can be difficult to make room in the budget for things that you don’t need and yet make you happy. But amid the frugal lifestyle I learned from my parents, I’ve also come to believe in the importance of having a cheat day, be it a birthday, anniversary or some other event. Much like allowing yourself a cheat meal once in a while helps you stick to a diet, allowing yourself the opportunity to spend money on something you can live without will help you stay on track financially.\n\nA day of indulgence\n\nTreating myself on my birthday started a few years ago, when I joked with friends about taking a trip to Mexico to celebrate. They took me seriously—and it didn’t take long for me to come around. On that trip, we rode Jet Skis and had a birthday dinner that began with fireworks bursting over the Caribbean. I saw it as my reward for saying “No” to myself throughout the year. Forgoing a bunch of small, frivolous purchases for a select few opportunities that were more memorable seemed like a pretty good trade-off.\n\nSince then, I’ve made it a habit of going big on my birthday—including reserving a bar in Brooklyn for 75 of my friends and booking a private studio for makeovers.\n\nIf you’re looking to splurge on something that will maximize your happiness, experiences with others are a great way to do it, says Wendy De La Rosa, an assistant professor at the University of Pennsylvania’s Wharton School who focuses on behavioral science to improve consumers’ financial well-being. Whether it’s a grand excursion or an intimate dining experience with a friend, she adds, moments like these stick in our memory and give us more lasting joy compared to material things.\n\nFor people who aren’t used to spending money on themselves, it isn’t always easy to make the adjustment.\n\nBefore the Mexico trip, it was hard for me to justify putting large sums of money toward my interests. The money my dad’s family had was just enough to meet his basic needs, so as an adult he taught me the importance of spending conservatively.\n\nThere was this feeling that any leftover money I had should go toward something “responsible.” Spending it on an experience felt frivolous, and would inevitably lead to regret. At one point, I considered sticking to a canned goods-only diet so I could pay off my student loans in a fraction of the expected amount of time.\n\nI asked a colleague who grew up with a similar attitude if there were any big purchases she would like to reward herself with and she couldn’t think of any. Splurging—even occasionally—just seemed unnecessary.\n\nTo be sure, such feelings of guilt aren’t always a bad thing. If you’re spending impulsively, racking up credit-card debt or missing your savings goals, you should take it as a sign that something needs to change. And if the No. 1 priority is to pay off my student loans, maybe eating those canned goods isn’t all that bad.\n\nSHARE YOUR THOUGHTS What are your tips for balancing saving and spending goals? Join the conversation below.\n\nBut you can take this mindset too far. If you can afford it, putting some of that money toward things you want can be good for your well-being. My thinking started to shift after hearing friends describe some of their favorite memories and the lessons and skills that came with them.\n\nDuring a recent conversation with my dad, he was still extolling the importance of “delayed gratification.” But when I asked him, “To what end?” he stumbled. In the past 15 years, he could count on one hand how many times he had treated himself to a vacation, despite having a deep love for travel and the money to do so.\n\nSo I now give myself permission to not feel guilty for spending on my day of indulgence. I ask myself what experience would make me happy, then I get creative. For last year’s birthday, for instance, I wanted to share my love of drag with my friends, so I told 40 of them to put on a wig and head to a private studio in Brooklyn. There were drag-queen makeovers. Runway walks. A lip-sync performance choreographed by yours truly.\n\nIt was a night to remember—and the happiest I had felt all year. Several guests reached out to me after to tell me how empowered they felt, with it being a memory they hoped to cherish for a long time.\n\nA spending plan\n\nI’ve learned that my limited-indulgence strategy works best when you set reasonable expectations and have a spending plan. That way, I know what trade-offs are available to me—and I can make spending decisions rationally.\n\nWhen I was first starting to save for my day of indulgence, I worried about also spending money on smaller things, such as an Uber ride home on a rainy day. I didn’t know how much it would undo all of the sacrifices I had been making to fulfill my goal. Or if all of my rigorous saving was even enough to finance my day of indulgence.\n\n“If you don’t have a plan for your money, any dollar in theory could go to the really responsible stuff,” says Dani Pascarella , founder and CEO at OneEleven Financial Wellness, a mobile app for employees and students. “By default, you’re putting yourself in a position where you’re going to feel guilty.”\n\nExperts I spoke with say that breaking up disposable income into buckets—rather than leaving it up for grabs—can help you feel more organized and alleviate some of that guilt. One common option is the 50-30-20 rule, where you put 50% of your income toward your needs, 30% toward your wants, and 20% toward your savings or debt repayment. That way you’re making room for things you want without falling behind on your goals for the longer term.\n\nIf you can’t hit the recommended percentages, don’t get discouraged. You can tweak the portions to work for you, and understand that it can change over time. Give yourself grace.\n\nA few friends mentioned following a strict budget to get through the weekends—including eating at home before going out, eating the same home-cooked meal all week and limiting the number of drinks they have—to help them meet their savings goals to support wants like concerts and travel.\n\nGetting more specific about the goals you want to hit in the “wants” bucket also can help you stay focused. “If you’re spreading your money around to too many different goals, it sometimes feels like, ‘Oh I’m not making enough progress,’ especially if funds are limited,” Pascarella says. She suggests working your way up to saving for multiple goals at once.\n\nThat’s the part I now have to work on. Even though I carefully saved up for my birthday shindig, there were some other pricey opportunities last year that I didn’t want to miss, including a family trip to Nigeria and a friend’s birthday trip to Puerto Rico. (Two trips that will have me living even more frugally for the next few months.)\n\nAs for my dad, he has told me about his hopes to visit Tokyo and Venice, though he hasn’t booked those trips yet. Meanwhile, he said he recently purchased an expensive electric toothbrush though he usually buys the cheaper one. It’s a good start.\n\nCordilia James is a reporting assistant for The Wall Street Journal in New York. Email her at cordilia.james@wsj.com.\n\nInvesting Monthly Read the full report",
    "published": "2025-01-05"
  },
  {
    "source": "WSJ",
    "title": "How Uber and Lyft Are Gearing Up for the Robotaxi Revolution",
    "summary": "After ending their own driverless plans, the ride-sharing companies are embracing autonomous-vehicle operators and offering new app features",
    "link": "https://www.wsj.com/tech/uber-lyft-self-driving-taxis-a3659c9c?mod=Searchresults_pos1&page=62",
    "content": "While driverless taxis are gaining popularity, human-driven cabs are expected to remain a significant part of the transportation landscape, with the future likely to be a mix of both options.\n\nThe ride-hailing giants are investing in infrastructure and training staff to support driverless taxis, including maintenance facilities and remote access features for customers.\n\nUber and Lyft are partnering with driverless taxi companies to offer the service through their apps, preparing for the potential widespread adoption of the technology.\n\nUber Technologies UBER -4.49 %decrease; red down pointing triangle and Lyft LYFT -3.94 %decrease; red down pointing triangle gave up on big plans to develop their own driverless taxis years ago. Now, they are revamping their businesses to accommodate competitors who may have figured it out.\n\nThe ride-hailing leaders are preparing to bring driverless taxis to your door with new app features that allow customers to use their phones to open trunks and honk horns. They are building infrastructure to maintain the high-tech taxis and training human support staff to handle riders without drivers.\n\nBoth companies will have driverless cars—from Alphabet’s GOOGL -0.29 %decrease; red down pointing triangle Waymo and others—on their apps this year. In the coming months, riders in Austin, Texas, and Atlanta will be able to hail a Waymo through the Uber app. Lyft plans to offer May Mobility ’s driverless taxis in Atlanta.\n\nUber and Lyft have agreed to maintain these driverless fleets. They are finding locations to store the cars, equipping them with chargers and high-speed internet, and training workers to maintain the cameras, lidar and other gadgets that driverless vehicles depend on.\n\n“This level of nitty-gritty, it takes years to build,” said Andrew Macdonald , Uber’s senior vice president of mobility. “It’s not something you can do by flipping a switch.”\n\nThe ride-hailing giants are reacting to growing signs that driverless technology may finally be ready to spread beyond a few experimental markets.\n\nWaymo, which made its own app available to the general public in San Francisco last year, is challenging Uber and Lyft’s stronghold in parts of the city, according to market-research firm YipitData. And the swift adoption of driverless cars has some gig drivers worried.\n\nDriverless U-turns\n\nUber and Lyft once invested billions of dollars in developing their own self-driving cars. Uber co-founder Travis Kalanick used to say the company needed to lead the pivot to driverless technology or risk becoming irrelevant.\n\nBoth companies gave up on the costly endeavor during the pandemic, selling their self-driving units. Now they are competing to be the platforms on which the robotaxi technology developed by others will operate.\n\nUber had invested heavily in self-driving technology but sold the unit during the pandemic. Photo: Jeff Swensen/Getty Images\n\nUber announced more than five U.S. robotaxi partnerships in the past five months, covering Los Angeles, Dallas and other cities. Uber struck a deal with Waymo that will allow customers in Austin and Atlanta to hail the company’s driverless taxis only through the Uber app, a move that will prevent the driverless carmaker from taking market share in those cities. Waymo will continue to operate its own app in other cities.\n\nUber and Lyft will get a cut of the driverless taxi bookings. The robotaxi companies get access to the ride-sharing giants’ tens of millions of customers without having to advertise or build the expensive technology needed to efficiently connect cars to customers.\n\nSHARE YOUR THOUGHTS What features would be most important to you in a robotaxi? Join the conversation below.\n\nSelf-driving taxis have yet to prove they can be a viable business. But the ride-hailing leaders are betting robotaxi companies will prefer to join with already popular, established platforms to avoid downtime for their vehicles.\n\nHuman-driven cabs aren’t going away anytime soon. The future will be a combination of regular taxis and driverless cars. Uber Chief Executive Dara Khosrowshahi has said it might take a decade before half of Uber’s U.S. trips are on self-driving cars.\n\nEven then, the technology might not work in densely populated cities like New York or under some weather conditions, said Robert Mollins , analyst at Gordon Haskett Research Advisors.\n\n“No one’s saying ‘let’s go send some of these cars to Boston in the middle of winter,’” he said. “What happens when all of these sensors get covered in snow?”\n\nGeneral Motors recently pulled the plug on developing its Cruise self-driving cars. Tesla plans to start producing its Cybercab before 2027. Amazon.com is testing its Zoox autonomous vehicles.\n\nRiders hail the new tech\n\nStill, customers seem to be warming up to the technology. In August, Waymos picked up close to 500,000 passengers in California, up from fewer than 20,000 a year earlier.\n\nConsumer receipts analyzed by YipitData within Waymo’s operating zone in San Francisco found that the company had taken a 22% share in November. Lyft’s share in the area fell to 22% the same month, from 34% in August 2023. Uber’s share in the area slipped 10 percentage points to 55% over the same period.\n\nUber and Lyft said they haven’t lost riders to Waymo, and their bookings continue to grow in the city.\n\nLyft CEO David Risher said self-driving cars have expanded the overall ride-hailing market by giving people new reasons to ride.\n\nHe said tourists in San Francisco are ordering driverless taxis for their novelty and because Waymo uses high-end Jaguars—a luxury that won’t be the norm as automated-vehicle technology gets installed in less-luxurious cars.\n\n“Tomorrow’s AV experience will be quite different,” he said on an earnings call.\n\nDaniel Garcia was among a small group of San Franciscans who tested Waymos free of charge from 2023. He loved that he could avoid small talk with another human while controlling the temperature and music. He stopped using Uber and Lyft.\n\nAfter Waymo started charging and allowing everyone on the app, the wait times started getting longer and fares climbed. “It really was a dream until it was harder to get it,” Garcia said.\n\nHe has started using Uber and Lyft again, but not as much as he used to because he will still wait for a Waymo when he has time.\n\nA screenshot of new features Uber has built for the app, which will let customers honk horns and open car trunks from their phones. Photo: Uber\n\nUber won’t say how much it is investing in driverless-taxi infrastructure. It is still a small amount, said analyst Mollins. “All they are doing right now is learning—everything is in test and learn mode.”\n\nUber created a feature on its app that will allow customers to remotely honk the horn of a driverless taxi to help them locate their ride. It is scouting for locations for autonomous-vehicle depots that will store and service the cars in areas that aren’t too far from rider traffic.\n\nThe company is working with existing fleet partners—the ones that operate the premium Uber Black service—to transform their facilities into hubs for autonomous vehicles. That means equipping them with hundreds of electric charging stations and raising the internet speed to 10 times that of a typical office to handle all the data the driverless taxis need.\n\nLyft is transforming its Flexdrive car-rental locations into depots for driverless taxis and adding new features to its app. Riders will be able to adjust the temperature inside a driverless car through their phones.\n\nThe company has trained artificial intelligence on its app to answer riders’ basic questions about unlocking cars and starting rides. It is teaching staff “to do some of the more thornier things” like helping customers retrieve lost items from driverless cars, said Jeremy Bird , an executive vice president at Lyft.\n\nThe company is also building technology to let individuals list their personal autonomous vehicles on its app. “You can have your own fleet of 10 AVs, which you can put on our platform and manage,” Bird said.\n\nSome human drivers are feeling squeezed out.\n\nSan Francisco Bay Area Lyft driver Ghulam Sakhi said it was already tough to make money after companies cut back on bonuses a few years ago. Then, last year, finding some of the high-paying trips became tougher.\n\nWith competition from Waymo weighing on fares in tourist hot spots and downtown, Sakhi is ferrying passengers to and from the airport, where driverless taxis aren’t allowed to go.\n\n“Waymo isn’t the only problem,” he said. “Maybe next year the Tesla robotaxi will come. What about those?”\n\nWaymo’s driverless cars have become a tourist attraction in San Francisco. Photo: Poppy Lynch for WSJ\n\nAdvertisement\n\nWrite to Preetika Rana at preetika.rana@wsj.com",
    "published": "2025-01-05"
  }
]