[
  {
    "source": "WSJ",
    "title": "Trump Tariffs Are a Wealth Killer",
    "summary": "Two centuries of experience proves the economic foolishness of taxing imports.",
    "link": "https://www.wsj.com/opinion/trump-tariffs-are-a-wealth-killer-imports-protectionism-483f8517?mod=Searchresults_pos9&page=1",
    "content": "“We will tariff and tax foreign countries to enrich our citizens,” President Trump declared in his inauguration speech. Adam Smith is turning in his grave. Tariffs destroy wealth. No matter, Mr. Trump said he may slap 25% tariffs on Canada and Mexico starting Feb. 1 and 10% on China. An executive memorandum demanded his administration study trade deficits and tariffs. Here’s a study guide:\n\nIn 1815, as the Napoleonic Wars ended and a fear of cheap grain imports arose, the landowner-protecting British Parliament passed the Corn Laws, imposing tariffs on foreign wheat and maize. This helped some farmers, but the Industrial Revolution was just starting, and workers who had flooded into cities faced shortages and high bread prices. There were many riots. Worse, reduced trade deprived the French and other countries of gold to pay for England’s new industrial output. The laws were self-defeating, yet they weren’t repealed until 1846.\n\nSound familiar? In a populist bid to protect our dwindling manufacturing workforce, economically clueless Trump whisperers push tariffs. A select few workers may be helped, but most Americans will be worse off—though I doubt we’ll see riots protesting higher prices on made-in-China Gap clothes, Barbie dolls or Hush Puppies shoes. But new Trump tariffs will raise prices and restrict other countries from affording our high-margin exports—drugs, phones, planes and many software and artificial-intelligence services. That’s dumb.\n\nWhy do presidents have the power to tariff anyway? Article I, Section 8 of the Constitution plainly states: “The Congress shall have Power To lay and collect Taxes, Duties, Imposts and Excises. . . . To regulate Commerce with foreign Nations.” In June 1930, Herbert Hoover signed the disastrous Smoot-Hawley Tariff Act, imposing almost 900 duties. After that mistake, in 1934 during the avoidable depression, Franklin D. Roosevelt signed the Reciprocal Trade Agreement Act, enabling presidents to negotiate trade agreements and apply tariffs themselves. FDR enabled DJT.\n\nThe General Agreement on Tariffs and Trade was created in 1947 and drove massive postwar trade and growth. But, worried about the Soviets, Congress passed the Trade Expansion Act of 1962 and specifically Section 232, which allowed presidents to restrict imports they deemed a threat to national security. Section 301 of the Trade Act of 1974 authorized presidents to impose tariffs on countries that violate agreements or burden U.S. commerce. The International Emergency Economic Powers Act 1977 allows presidents to regulate trade during national emergencies. Congress sure loves giving its power away. No wonder Mr. Trump has a crush on the word “tariff.”\n\nNotice how everything is now either a national-security concern or an emergency. Tariffs on Canadian bacon for national defense? A national emergency? Hardly. But par for the course—we’ve had sugar tariffs since 1789. And a 25% “chicken tax,” a tariff on imported pickup trucks in retaliation for (long gone) European tariffs on American chicken.\n\nIs the U.S. playing chicken? Apologists try to rationalize tariffs as a negotiating tactic, violating the first rule of negotiating by even mentioning it. Tariffs are coming. Expect retaliation and inflation—precisely why tariffs don’t work.\n\nIn 2022 there were around 278,000 steel- and iron-manufacturing jobs in the U.S., with an average salary of about $75,000. There are an estimated 12 million jobs in industries that use steel. Two million of those are intensive users of steel, more than 5% of their input. Tariffs might theoretically create 100,000 new steel jobs, at best, but they would raise prices and probably destroy a million other jobs. This is the opposite of “the revolution of common sense” Mr. Trump mentioned in his inaugural address.\n\nA 2021 study by Oxford Economics and the U.S.-China Business Council showed the first-term Mr. Trump’s tariffs and trade policies destroyed 245,000 jobs. The Tax Foundation estimates Trump-Biden tariffs reduced long-run gross domestic product by 0.2%—roughly $58 billion annually. On the flip side, the Peterson Institute for International Economics estimates that free trade since 1950 has cumulatively boosted the U.S. economy by $2.6 trillion, or $19,500 a household. Why go backward? Congress should reclaim its tariff power.\n\nInstead, the backroom begging will start for tariff exemptions—machinery, certain pharmaceuticals, school pencils, cobalt for electric-car batteries, Nike Kobe 5 Protro “Year of the Mamba” sneakers—a lobbyist’s paradise. Free trade, not politicians, is best at allocating resources. Protectionism and mercantilism in the form of tariffs and subsidies, like the British Corn Laws, are inefficient, unproductive, corruption-inducing and wealth-destroying. That won’t make America great again.\n\nWrite to kessler@wsj.com.\n\nInside View: Columnist Andy Kessler speculates on issues including earnings at Apple, AI at Google, weight loss drugs including Ozempic, the rise of the humanoid robots like Tesla's Optimus, and arguably the biggest question of all: Is Snoop Dogg overexposed? Photo: Cfoto/Zuma Press/Chris Pizzello/AP",
    "published": "2025-01-26"
  },
  {
    "source": "WSJ",
    "title": "What’s News: World-Wide",
    "summary": "This copy is for your personal, non-commercial use only. Distribution and use of this material are governed by our Subscriber Agreement and by copyright law. ",
    "link": "https://www.wsj.com/articles/whats-news-world-wide-9fab8945?mod=Searchresults_pos16&page=52",
    "content": "This copy is for your personal, non-commercial use only. Distribution and use of this material are governed by our Subscriber Agreement and by copyright law. For non-personal use or to order multiple copies, please contact Dow Jones Reprints at 1-800-843-0008 or visit www.djreprints.com.\n\nhttps://www.wsj.com/articles/whats-news-world-wide-9fab8945",
    "published": "2025-01-26"
  },
  {
    "source": "WSJ",
    "title": "Energy & Utilities Roundup: Market Talk",
    "summary": "The latest Market Talks covering Energy and Utilities. Published exclusively on Dow Jones Newswires at 4:20 ET, 12:20 ET and 16:50 ET.",
    "link": "https://www.wsj.com/business/energy-oil/energy-utilities-roundup-market-talk-ea445007?mod=Searchresults_pos3&page=53",
    "content": "The latest Market Talks covering Energy and Utilities. Published exclusively on Dow Jones Newswires at 4:20 ET, 12:20 ET and 16:50 ET.\n\n1632 ET – Genesis Energy is headed for its second-best 1H earnings result, reckons Forsyth Barr. The New Zealand power generator and retailer took advantage of low wholesale electricity prices to minimize generation operating costs in 2Q and replenish its coal stockpile ahead of winter, analyst Andrew Harvey-Green says. Forsyth Barr expects 1H Ebitdaf of NZ$242 million, and thinks Genesis is well-positioned for 2H as well. So, its FY 2025 Ebitdaf forecast moves up 5% to NZ$472 million, putting Forsyth Barr some NZ$12 million ahead of Genesis’s guidance. The upgrade reflects “the strong 2Q outcome, but also rising wholesale electricity prices (which has had a flow on effect to later year forecasts),” says Forsyth Barr, which rates Genesis at neutral. (david.winning@wsj.com; @dwinningWSJ)\n\n1528 ET – Oil futures add to recent losses as the week starts with a stock market selloff over the development of a cheaper and less energy-intensive Chinese AI model, and heating fuel prices fall following last week’s deep freeze across much of the U.S. President Trump’s weekend tariff threats against Colombia, which were suspended after the South American country agreed to take back deported immigrants, had a brief impact on the market. ING strategists Warren Patterson and Ewa Manthey said in a note that Colombia sends the U.S. around 200,000 b/d of heavier crude grades used by Gulf Coast refiners which would have to find alternatives or face higher costs in the event of tariffs. WTI settles down 2% at $73.17, and Brent falls 1.8% to $77.08. (anthony.harrup@wsj.com)\n\n1227 ET – ConocoPhillips will likely have solid production in the fourth quarter, Truist Securities analysts say in a research note. The oil giant’s results are expected to be mainly driven by the addition of the Marathon Oil assets following the close of the acquisition in November, the analysts say. “Previously completed plans in Canada and Lower 48 [its largest business segment] turnarounds should also provide a solid tailwind pushing activity even higher,” the analysts say. Overall, the analysts expect shareholder return remaining strong including material continued stock repurchases and dividends likely higher than the prior quarter’s $2.1 billion. Shares rise 0.5% to $102.39. (sabela.ojea@wsj.com; @sabelaojeaguix)\n\n1151 ET – Demand for U.S. nuclear energy could be decimated by China’s AI breakthrough with DeepSeek, but it’s too early to know for sure, BMO analyst Subash Chandra tells WSJ. Demand for nuclear power is expected to have a compound annual growth rate of 2% to 5% over the next 10 years, as data center projects to fuel AI growth in the U.S. look to cleaner energy sources, Chandra says. DeepSeek’s reported energy efficiency could drag down demand to as low as 1% to 2% CAGR if its success is replicated and verified, Chandra says. S&P 500 tech sector index down 5.5%. (katherine.hamilton@wsj.com)\n\n1144 ET – Oil futures extend losses in broad risk-off trade led by a slump in technology stocks in response to the development of a Chinese AI model that’s less energy-intensive. “Until the market gets a handle on this, it could change the long-term outlook for the demand for a lot of commodities,” Phil Flynn of the Price Futures Group says in a note. “If we continue this major meltdown we could see some risk-off buying in the crude oil.” WTI is down 1.8% at $73.31 a barrel, and Brent is 1.6% lower at $77.24 a barrel. (anthony.harrup@wsj.com)\n\n1032 ET – If Canada’s energy industry is swept up in a broad 25% U.S. tariff it would be another blow to oil and gas producers who have long suffered transportation constraints, but companies should be able to weather the blow, argues BMO Economics’ Art Woo. He notes that roughly 70% of the crude Canada exported to the U.S. in the first 10 months of last year was to refiners in the Midwest and Rocky Mountain regions, which have limited access to alternative overseas supplies. That suggests Canadian oil producers wouldn’t have to absorb the full tariff. And Woo says the Trans Mountain pipeline expansion now provides Canada with more capacity to export overseas to other markets. (robb.stewart@wsj.com; @RobbMStewart)\n\n0941 ET – Crude futures are lower as the participants consider the potential impact of U.S. trade tariffs on different countries, a report that sanctions are having limited effect on Russian oil exports and a weak Chinese manufacturing reading for January. The lower-than-expected Chinese PMI “has most traders back in the camp that Asian demand will be slower to come back,” Dennis Kissler of BOK Financial says in a note. WTI is off 0.5% at $74.30 a barrel, and Brent is down 0.4% at $78.20 a barrel. (anthony.harrup@wsj.com)",
    "published": "2025-01-26"
  },
  {
    "source": "WSJ",
    "title": "Justin Trudeau Puts Canada on Ice",
    "summary": "Conservative Pierre Poilievre has a plan for revival but needs an election first.",
    "link": "https://www.wsj.com/opinion/justin-trudeau-puts-canada-on-ice-pierre-poilievre-election-politics-b56fa10c?mod=Searchresults_pos2&page=127",
    "content": "Both sides of the political aisle in Ottawa were relieved when Prime Minister Justin Trudeau finally resigned on Jan. 6. But the timing and the way he did it couldn’t be worse for Canada. It’s one of many reasons why Conservative Party leader Pierre Poilievre is the heavy favorite to win the next federal election.\n\nMr. Trudeau’s decision to call it quits—but not to leave office immediately—puts the Canadian government under the command of a lame duck for the next few months. It’s not a good look for Canada while Donald Trump is threatening to abrogate the U.S.-Mexico-Canada Agreement and put 25% tariffs on Canadian goods.\n\nCanadians who complain that Mr. Trudeau’s choices are always about his own interests seem vindicated. He’s been losing altitude in polls for months. Had he asked the governor general to dissolve Parliament last year, he would have triggered the start of the federal election process and Canada probably would have a newly elected prime minister by now. But Mr. Trudeau’s Liberal Party would almost certainly have lost. By choosing to wait and now to suspend Parliament instead, he’s bought time for the party to find a new leader. But he’s delayed the transition to a new government that the country urgently needs. With the legislature on ice until March 24, the federal election can’t happen before May.\n\nThis is bad news for Canadians who want to avoid a trade war with the U.S. through negotiations. Mr. Trump wants Canada to spend more on its national defense and to do more to stop the flow of fentanyl and illegal migrants into the U.S. But Parliament can’t act now, which means new spending can’t be passed. Canada is paralyzed.\n\nLooking on the bright side, Canadians are finally almost rid of Mr. Trudeau. Mr. Poilievre is waiting in the wings. He’s a politically incorrect opponent of big government and wokeism and an advocate for growth. The Conservatives are the odds-on favorite to win a majority of seats in the next parliament, making the 45-year-old Alberta native, who represents an Ontario riding, the likely next prime minister.\n\nVoters registered with the Liberal Party—who amazingly don’t need to be citizens, only residents of Canada—will choose a new party leader on March 9. Among the front-runners is Chrystia Freeland , who until December was Mr. Trudeau’s deputy prime minister and finance minister. Her legacy is out-of-control spending, a weak Canadian dollar and sluggish growth. Die-hard Liberals blame her December resignation for the pickle they’re now in.\n\nA mid-January poll suggests that former central banker Mark Carney is more popular among the party’s voters. But it’s hard to see how he could lead Liberals to victory in the general election. He calls himself an outsider because he has never been an elected member of Mr. Trudeau’s government. But the green activist was a United Nations special climate envoy and is the founder of the Glasgow Financial Alliance for Net Zero. More recently he served as an adviser to Mr. Trudeau. His fingerprints are all over the moribund Canadian economy.\n\nMany Canadians are tired of Mr. Trudeau’s habit of handing down elite diktats and hammering cultural dissidents. Many more are fed up with getting poorer every year. In April Statistics Canada reported real gross domestic product per capita “has now declined in five of the past six quarters and is currently near levels observed in 2017.” Tegan Hill and Joel Emes of Vancouver’s Fraser Institute note that “business investment per worker in Canada (adjusted for inflation) declined by 20.0 percent” between 2014 and 2021. Over the same period “business investment per worker in the US (adjusted for inflation, in Canadian dollars) increased by 14.6 percent.”\n\nMr. Poilievre thinks tax, regulation and energy policies are behind decisions by investors to steer clear of Canada. He wants entrepreneurs to push back—for once. In a May 2024 National Post op-ed he blasted big business for going along with the government’s antidevelopment agenda. Mr. Trudeau, he wrote, “killed TransCanada’s Energy East pipeline by changing the rules, adding delays and complicating the process.” The prime minister also “killed the proposed $20-billion Teck Frontier Mine by signalling to the company that its application would likely be rejected at cabinet, despite it having the support of the affected First Nations and the independent environmental review body.” He added: “In both cases, the companies’ gutless executives agreed to take the fall.”\n\nPlenty can go wrong between now and election day. Mr. Poileivre’s pit-bull style has risks. But as long as he campaigns on affordability, energy, rebuilding the military and reviving the economy, he’s got the best chance of capturing the flag in Ottawa.\n\nWrite to O’Grady@wsj.com.\n\nJournal Editorial Report: The week's best and worst from Kim Strassel, Kyle Peterson, and Dan Henninger. Photo: J. Scott Applewhite/AP/Angela Weiss/AFP/Getty Images/Martin Schutt/AP",
    "published": "2025-01-26"
  },
  {
    "source": "WSJ",
    "title": "Trump 47 Brings a Long Awaited Spring for Businesses",
    "summary": "The economic sun shines from Davos to Main Street. But there are a few clouds on the horizon.",
    "link": "https://www.wsj.com/opinion/why-business-leaders-are-bullish-on-trump-47-optimism-economy-deregulation-policy-b105761f?mod=Searchresults_pos14&page=131",
    "content": "A Donald Trump 2024 campaign hat on the floor of the New York Stock Exchange in New York, Jan. 21.\n\nDespite last week’s Arctic blast, a buoyancy filled the air as if spring had arrived after a four-year freeze. U.S. businesses have emerged from a great depression. They are excited to invest and see better days ahead.\n\nAt the World Economic Forum in Davos, Switzerland, last week, business leaders hailed a revival of animal spirits. “There is a tremendous amount of optimism,” said New York Stock Exchange President Lynn Martin . The pipeline of initial public offerings that froze under Joe Biden’s regulatory onslaught has thawed.\n\nLiquefied natural gas exporter Venture Global, whose projects were stuck in Mr. Biden’s permit freeze, went public on Friday. “The Trump administration has made very clear they support growing LNG exports,” CEO Mike Sabel said.\n\nMore broadly, President Trump has made clear that he supports American businesses and economic growth, a stark contrast to the Biden administration. “I’ve been here as many times before, and I’m really struck by the level of optimism about the U.S.,” Katie Koch , CEO of asset manager TCW Group, said in a Davos interview. “It is around deregulation.”\n\nAutomaker Stellantis last week announced plans to reopen an Illinois plant it closed in February 2023 and increase investment at three other U.S. factories. It will also revive its popular Jeep Cherokee SUV and Dodge Charger, which it scrapped while ramping up electric vehicles to meet government mandates. Hurrah! Automakers will be free to focus on making cars that consumers want rather than those progressives want them to buy.\n\nSmall businesses are especially celebrating the prospect of deregulation. According to the National Federation of Small Business Optimism survey, the net percent of owners expecting the economy to improve rose in December to its highest level since the fourth quarter of 1983. The share who believe it is a good time to expand their business was the highest since February 2020. “Expectations for economic growth, lower inflation, and positive business conditions have increased in anticipation of pro-business policies and legislation in the new year,” said NFIB chief economist Bill Dunkelberg .\n\nBank executives are chirping on earnings calls about a surge in business investment. “There’s no question that there’s a significant amount of increase of optimism in the overall environment,” JPMorgan Chase finance chief Jeremy Barnum said recently. Goldman Sachs CEO David Solomon echoed: “There has been a meaningful shift in CEO confidence, particularly following the results of the U.S. election” and “increased appetite to deal making supported by an improving regulatory backdrop.”\n\nAt last, Lina Khan ’s reign of terror is over. Businesses are optimistic that they will face fewer regulatory hurdles to deals and projects. No more “you can’t build that.” Instead, “how can we help you build that?”\n\nDrugmakers are hopeful the new administration will ease the Biden Medicare price controls, stop threats to confiscate their patents, and green-light acquisition of biotech startups, which could accelerate new medications. The Trump administration has “a very deep belief, across the board, that to make America great again, they need business to be great. They need the private sector to be great. They need entrepreneurship to be great,” Pfizer CEO Albert Bourla observed this month.\n\nHe added that the “extreme left,” which dominated the Biden administration, “not only hate business, they particularly hate us. . . . That, to me, is more dangerous than people that think ‘we are going to create a business environment that would [have] incentives to create innovation, that would [have] incentives to beat China in the race.’ ”\n\nDoubtless CEOs are trying to curry favor with Mr. Trump to help their business interests, but an open line of communication between the White House and business would be a positive development. Executives often kvetched to me that the Biden administration gave them the cold shoulder and didn’t understand how business and markets worked.\n\nThat’s because most Biden officials spent their careers in politics and government, which bred disdain for people in business. By contrast, Trump nominees have run successful businesses— Scott Bessent (Treasury), Doug Burgum (interior), Chris Wright (energy) Linda McMahon (education) and Elon Musk (government efficiency).\n\nDespite a mostly sunny forecast for businesses, a chance of storms remains. Some Trump nominees share the political left’s hostility toward U.S. businesses, especially Robert F. Kennedy Jr. (health and human services) and Lori Chavez DeRemer (labor). Tariffs could instigate a trade war that boomerangs on U.S. businesses and slows investment.\n\nFailure to deliver on his promises of renewing American prosperity and lifting wages could set Democrats up to take control of Washington in 2028. They might then jam through an even more left-wing agenda, including a restructuring of the Supreme Court that would remove a crucial check on their overreaching policies. Pray that Mr. Trump doesn’t steal his own sunshine.\n\nJournal Editorial Report: The week's best and worst from Kim Strassel, Kyle Peterson, and Dan Henninger. Photo: J. Scott Applewhite/AP/Angela Weiss/AFP/Getty Images/Martin Schutt/AP",
    "published": "2025-01-26"
  },
  {
    "source": "WSJ",
    "title": "Scott Bessent Can Walk the Trade Tightrope",
    "summary": "Take a page from the playbook of Reagan and Treasury Secretary James Baker, who managed to douse the ‘prairie fire’ of protectionism.",
    "link": "https://www.wsj.com/opinion/scott-bessent-can-walk-the-trade-tightrope-policy-economy-treasury-dfa140df?mod=Searchresults_pos6&page=52",
    "content": "Treasury Secretary-designate Scott Bessent has warned of the dangers of “imbalances” deriving from the complex interactions of current account and budget deficits, spending and savings, and interest and exchange rates. Adding to the complications, everything needs to adjust globally as well as here in the U.S. With his interest in economic history, Mr. Bessent recalled the experience of Treasury Secretary James Baker ’s Plaza Accord and Group of Seven coordination in 1985-87. The episode serves as both a lesson and a cautionary tale. It’s a smart place for Mr. Bessent to start.\n\nThe Plaza Accord encouraged the dollar to decline in relation to other currencies, especially Japan’s and West Germany’s. Mr. Baker used the accord to fight off calls for protectionism, which had surged because an overvalued dollar was driving U.S. trade deficits. As Congress demanded higher general tariffs, Mr. Baker conceded, “There’s a prairie fire burning out there.” He needed to damp it and point toward a positive direction.\n\nThe day after the announcement of the Plaza Accord in September 1985, the White House released its Trade Policy Action Plan. The Reagan administration sought congressional authorization to negotiate a new global trade round and a free-trade agreement with Canada. Mr. Baker’s strategy, including the reduction of the trade deficit through exchange rates, produced the 1988 Trade Act, the successful Uruguay Round of the General Agreement on Tariffs and Trade, and a pact with Canada that was a precursor to the North American Free Trade Agreement.\n\nMr. Bessent will have to decide whether he can use tariff threats to negotiate freer and more-balanced trade. Otherwise, expensive tariffs will likely lead to a stronger dollar and retaliations that will increase costs, slow growth and upset markets.\n\nMr. Baker also sought a cooperative rebalancing with the other principal economies. As Federal Reserve Chairman Paul Volcker stressed, the dollar adjustment had to be “orderly” to avoid rattling financial markets. If Washington could reduce its budget deficit, more-balanced global growth depended on expansionary policies by others, especially Japan and West Germany. Both cut taxes and global growth continued, but Japan relied too heavily on monetary expansion.\n\nMr. Bessent’s principal target today is China, which has limited consumption, relied heavily on wasteful investments and exports, and added to its current-account surplus. Hitting China with enormous tariffs will compel Beijing to dig in, not change its economic model, but Mr. Bessent might use the threat to urge China to recognize its self-interest in rebalancing. Mr. Baker’s approach employed impartial assessments by the International Monetary Fund. Mr. Bessent could offer to work out terms with Beijing in a face-saving manner through the neutral forum of the IMF.\n\nBy contrast, a mercantilist purchasing deal would fail to address China’s fundamental problem. The Trump administration would be better positioned to rebalance with China if it weren’t simultaneously declaring economic war on the rest of the world. As Mr. Baker would say, “Pick your shots.”\n\nThe Reagan administration backed the Gramm-Rudman-Hollings Act of 1985, including provisions for spending sequestration, to limit budget deficits. Those deficits—at 4.9% of gross domestic product in 1985—were lower than today’s figure of more than 6%. By 1987-88, the deficit was down to about 3%. In 1990 President George H.W. Bush paid a political price to add spending caps. An analysis by economist Jason Furman , who served in Democratic administrations, credited Bush with savings of another 2% of GDP. The Clinton administration’s continued efforts, supported by the Republican Congress of 1995, led to a booming economy and even a budget surplus.\n\nAs Mr. Bessent must recognize, a federal government running a $1.8 trillion deficit in fiscal 2024 won’t help rebalancing. If the bond markets fear the trend, higher interest rates will make his challenge even harder.\n\nIn 1985 Mr. Baker also had his eye on the problems of developing economies. His plan to help them grow to overcome debts depended on structural reforms, an expanding global economy, trade and lower interest rates. I hope Mr. Bessent recognizes that the U.S. has an interest in the rest of the world—in part because calamities, including mass emigration and drugs, cross borders. Argentina’s success might offer Mr. Bessent an opening to include more markets in his mission of growth and rebalancing.\n\nEconomists still debate whether the Plaza Accord worked. The dollar declined about 50% against the deutschemark and yen, but some maintain the dollar would have fallen anyway. In any event, the U.S. current-account deficit improved from 3.3% in 1987 to 1.3% in 1990. The protectionist fever eased, enabling the U.S. to open markets, reduce inflation and interest rates, slash the budget deficit, and boost growth, employment and wages.\n\nConditions today are different. But there are ways for Mr. Bessent and his colleagues to strike deals that address President Trump’s complaints. The main thing to recall is Mr. Baker’s approach of shaping events constructively instead of perpetuating problems.\n\nMr. Zoellick served as counselor to Treasury Secretary Baker and later as World Bank president, U.S. trade representative and deputy secretary of state.\n\nWonder Land: With Donald Trump's executive orders affecting every facet of our lives, we may be heading to the outer limits of America’s system of checks and balances. Photo: Jim LoScalzo - Pool via CNP/Zuma Press",
    "published": "2025-01-26"
  },
  {
    "source": "WSJ",
    "title": "Scott Bessent Can Walk the Trade Tightrope",
    "summary": "Take a page from the playbook of Reagan and Treasury Secretary James Baker, who managed to douse the ‘prairie fire’ of protectionism.",
    "link": "https://www.wsj.com/opinion/scott-bessent-can-walk-the-trade-tightrope-policy-economy-treasury-dfa140df?mod=Searchresults_pos16&page=51",
    "content": "Treasury Secretary-designate Scott Bessent has warned of the dangers of “imbalances” deriving from the complex interactions of current account and budget deficits, spending and savings, and interest and exchange rates. Adding to the complications, everything needs to adjust globally as well as here in the U.S. With his interest in economic history, Mr. Bessent recalled the experience of Treasury Secretary James Baker ’s Plaza Accord and Group of Seven coordination in 1985-87. The episode serves as both a lesson and a cautionary tale. It’s a smart place for Mr. Bessent to start.\n\nThe Plaza Accord encouraged the dollar to decline in relation to other currencies, especially Japan’s and West Germany’s. Mr. Baker used the accord to fight off calls for protectionism, which had surged because an overvalued dollar was driving U.S. trade deficits. As Congress demanded higher general tariffs, Mr. Baker conceded, “There’s a prairie fire burning out there.” He needed to damp it and point toward a positive direction.\n\nThe day after the announcement of the Plaza Accord in September 1985, the White House released its Trade Policy Action Plan. The Reagan administration sought congressional authorization to negotiate a new global trade round and a free-trade agreement with Canada. Mr. Baker’s strategy, including the reduction of the trade deficit through exchange rates, produced the 1988 Trade Act, the successful Uruguay Round of the General Agreement on Tariffs and Trade, and a pact with Canada that was a precursor to the North American Free Trade Agreement.\n\nMr. Bessent will have to decide whether he can use tariff threats to negotiate freer and more-balanced trade. Otherwise, expensive tariffs will likely lead to a stronger dollar and retaliations that will increase costs, slow growth and upset markets.\n\nMr. Baker also sought a cooperative rebalancing with the other principal economies. As Federal Reserve Chairman Paul Volcker stressed, the dollar adjustment had to be “orderly” to avoid rattling financial markets. If Washington could reduce its budget deficit, more-balanced global growth depended on expansionary policies by others, especially Japan and West Germany. Both cut taxes and global growth continued, but Japan relied too heavily on monetary expansion.\n\nMr. Bessent’s principal target today is China, which has limited consumption, relied heavily on wasteful investments and exports, and added to its current-account surplus. Hitting China with enormous tariffs will compel Beijing to dig in, not change its economic model, but Mr. Bessent might use the threat to urge China to recognize its self-interest in rebalancing. Mr. Baker’s approach employed impartial assessments by the International Monetary Fund. Mr. Bessent could offer to work out terms with Beijing in a face-saving manner through the neutral forum of the IMF.\n\nBy contrast, a mercantilist purchasing deal would fail to address China’s fundamental problem. The Trump administration would be better positioned to rebalance with China if it weren’t simultaneously declaring economic war on the rest of the world. As Mr. Baker would say, “Pick your shots.”\n\nThe Reagan administration backed the Gramm-Rudman-Hollings Act of 1985, including provisions for spending sequestration, to limit budget deficits. Those deficits—at 4.9% of gross domestic product in 1985—were lower than today’s figure of more than 6%. By 1987-88, the deficit was down to about 3%. In 1990 President George H.W. Bush paid a political price to add spending caps. An analysis by economist Jason Furman , who served in Democratic administrations, credited Bush with savings of another 2% of GDP. The Clinton administration’s continued efforts, supported by the Republican Congress of 1995, led to a booming economy and even a budget surplus.\n\nAs Mr. Bessent must recognize, a federal government running a $1.8 trillion deficit in fiscal 2024 won’t help rebalancing. If the bond markets fear the trend, higher interest rates will make his challenge even harder.\n\nIn 1985 Mr. Baker also had his eye on the problems of developing economies. His plan to help them grow to overcome debts depended on structural reforms, an expanding global economy, trade and lower interest rates. I hope Mr. Bessent recognizes that the U.S. has an interest in the rest of the world—in part because calamities, including mass emigration and drugs, cross borders. Argentina’s success might offer Mr. Bessent an opening to include more markets in his mission of growth and rebalancing.\n\nEconomists still debate whether the Plaza Accord worked. The dollar declined about 50% against the deutschemark and yen, but some maintain the dollar would have fallen anyway. In any event, the U.S. current-account deficit improved from 3.3% in 1987 to 1.3% in 1990. The protectionist fever eased, enabling the U.S. to open markets, reduce inflation and interest rates, slash the budget deficit, and boost growth, employment and wages.\n\nConditions today are different. But there are ways for Mr. Bessent and his colleagues to strike deals that address President Trump’s complaints. The main thing to recall is Mr. Baker’s approach of shaping events constructively instead of perpetuating problems.\n\nMr. Zoellick served as counselor to Treasury Secretary Baker and later as World Bank president, U.S. trade representative and deputy secretary of state.\n\nWonder Land: With Donald Trump's executive orders affecting every facet of our lives, we may be heading to the outer limits of America’s system of checks and balances. Photo: Jim LoScalzo - Pool via CNP/Zuma Press",
    "published": "2025-01-26"
  },
  {
    "source": "WSJ",
    "title": "The Extra Reward for Owning Stocks Over Bonds Has Disappeared",
    "summary": "There is little sign of crimped demand for equities among individual investors, who remain bullish after two years of blockbuster gains",
    "link": "https://www.wsj.com/finance/stocks/the-extra-reward-for-owning-stocks-over-bonds-has-disappeared-c3f9c223?mod=Searchresults_pos10&page=159",
    "content": "Some investors are betting on big tech stocks, such as Apple, Amazon, and Nvidia, which have outperformed the broader market in recent years.\n\nDespite the negative equity risk premium, individual investors remain bullish on stocks, with inflows into U.S. equity mutual and exchange-traded funds reaching a record high in December.\n\nThe equity risk premium, a measure of the extra return investors demand for owning stocks over bonds, has turned negative for the first time since 2002, indicating that stocks are relatively unattractive compared to bonds.\n\nStocks haven’t looked this unattractive, by at least one measure, since the aftermath of the dot-com era. Plenty of investors are piling in anyway.\n\nThe equity risk premium, often defined as the gap between the S&P 500’s earnings yield and that of 10-year Treasurys, turned negative in late December for the first time since 2002 and sat last week at negative 0.15 percentage point.\n\nThe metric is based on a calculation of how much stocks yield, which is derived by dividing the stock market’s expected earnings by its price. The earnings yield is then compared with the yield on government debt.\n\nThe difference between stock and bond earnings yields shows how much investors are compensated for the additional risk of owning stocks over relatively risk-free government bonds. Over the long term, stocks need to promise a higher reward than bonds. If not, the safety of Treasurys would outweigh the risks of stocks losing some, if not all, of investors’ money.\n\nIn recent weeks, a combination of higher Treasury yields and soaring equity valuations pushed the equity risk premium into the red. That could pose a threat to the recently rekindled stock rally.\n\nIn reality, though, there has been little sign of crimped demand for equities among individual investors, who remain bullish after two years of blockbuster gains.\n\nMike Ugino, a retired surgeon, is attracted to what he says are proven winners in the stock market. Photo: Mike Ugino\n\n“I think you get what you pay for,” said Mike Ugino, a 73-year-old retired surgeon in Columbia, S.C. High valuations haven’t deterred him from scooping up more shares of Robinhood Markets, Nvidia and Intuitive Surgical in recent weeks.\n\nDespite his age, Ugino keeps more than 80% of his portfolio in equities and said he believes tech stocks including Tesla and Meta Platforms can keep powering double-digit-percentage gains in major stock-market indexes in 2025.\n\n“I don’t think you can sit back and have a 60-40 portfolio. I think that’s the stone age,” he said, referring to the traditional mix of stocks and bonds that was for years considered a safe and steady way to expand one’s nest egg.\n\n“You want to make sure you’re invested with these companies that are proven winners,” he added. “You don’t want to bet against these guys. You don’t want to bet against Elon Musk.”\n\nIn the coming days, investors are awaiting the Federal Reserve’s next interest-rate decision and a spate of corporate earnings from the likes of Tesla, Microsoft and Starbucks as they weigh whether stocks look pricey.\n\nUgino is far from alone in his optimism. Investors poured $62.5 billion into U.S. equity mutual and exchange-traded funds in December, according to Morningstar Direct data, the highest monthly inflow on record.\n\nThe postelection stock rally found its second wind earlier this month after a round of reassuring inflation data brightened investors’ economic outlook. The S&P 500 set its first record of 2025 on Thursday and is up 3.7% this month.\n\nOptimism among investors swelled. The percentage who are bullish and expect stock prices to rise over the next six months jumped to a seven-week high of 43.4% for the period ended Wednesday, up from 25.4% a week before, according to survey data from the American Association of Individual Investors.\n\nSome factors that helped fuel last year’s blockbuster gains—such as the promise of artificial intelligence—are driving confidence.\n\nRobin Davis Wilson, a small-business owner, is willing to endure some stock-market volatility. Photo: Robin Davis Wilson\n\nDespite being a former bond trader, Robin Davis Wilson keeps the entirety of her $1.7 million portfolio in the stock market. Big tech stocks including Apple, Amazon.com, Microsoft and Nvidia comprise about 60% of her investments.\n\n“That’s almost an anomaly, for someone my age to be that aggressive,” the 61-year-old small-business owner said. “I’m a big believer in these big stocks.”\n\nWilson has firsthand experience with how a bet on big tech can pay off. She purchased $100,000 of Nvidia shares in 2021, before the stock soared. That investment, which she still holds, is now valued at seven times that amount.\n\nShe is monitoring potential risks to equity prices, such as the threat of another interest- rate increase or the impact of President Trump’s economic policies. But those headlines are unlikely to shift her strategy.\n\n“There’s going to be some volatility, but it’s not going to change my course of action,” she said.\n\nU.S. investors’ affinity for equities has been shaped by a series of challenging years for the bond market. In 2022, the classic 60-40 strategy fell apart when both stocks and bonds sank in tandem, shrinking many households’ savings. For the first time in decades, fixed income didn’t act as a hedge against a stock-market downturn.\n\nNow, bond investors are worrying that a tough market could get worse if the Trump administration raises the federal deficit or enacts inflationary policies such as tariffs.\n\n“The majority of advisers that we’re working with, they’re buying bonds for protection,” said Tim Urbanowicz, chief investment strategist at Innovator Capital Management. “I think 2022 really woke a lot of people up to the fact that it doesn’t always work that way.”\n\nThe yield on 10-year Treasurys peaked above 4.8% two weeks ago and settled Friday at 4.624%.\n\nPersistently high yields could pressure the equity risk premium and threaten stocks’ rise. Market watchers are monitoring those odds. In a recent Bank of America Global Research survey of fund managers, 36% said they see a disorderly rise in bond yields as the most bearish potential development this year. That number ticked higher from December.\n\nThe postelection stock rally found its second wind earlier this month after encouraging inflation data. Photo: John Taggart for WSJ\n\nSHARE YOUR THOUGHTS Are you more inclined to invest in stocks or bonds right now? Join the conversation below.\n\nWrite to Hannah Erin Lang at HannahErin.lang@wsj.com\n\nAdvertisement",
    "published": "2025-01-26"
  },
  {
    "source": "WSJ",
    "title": "Dollar, Bitcoin, Treasury Yields Ease as Investors Weigh Trump’s Approach to Tariffs",
    "summary": "Market direction for some currencies was volatile, as investors adjusted their response to the new administration",
    "link": "https://www.wsj.com/finance/dollar-bitcoin-treasury-yields-ease-as-investors-weigh-trumps-approach-to-tariffs-c1812ec6?mod=Searchresults_pos2&page=20",
    "content": "The dollar fell against a basket of currencies, the yield on the 10-year Treasury eased and bitcoin pulled back from recent record highs in the wake of President Donald Trump’s inaugural speech, with the absence of any immediate imposition of broad tariffs providing some relief to equities.\n\nMarket direction for some currencies was volatile, as investors adjusted their response to the new administration. Earlier, the dollar rose against the Canadian dollar and Mexican peso after President Trump said he would place 25% tariffs on imports from those countries on Feb. 1.\n\nBy early morning in Europe, however, the DXY U.S. dollar index was down 0.8% to 108.545. Still, “the U.S. dollar could see some swings before policy on trade is confirmed by the U.S. administration,” Schroders said in a note. Market watchers expect the dollar to be supported in the long term by the Federal Reserve’s cautious approach to cutting rates compared with other central banks.\n\nU.S. Treasury yields fell in the absence of immediate, broad tariff announcements, with the 10-year recently down six basis points from Friday to 4.55%, after Monday’s market holiday, according to LSEG.\n\nInitial market reaction suggested that “considerable fear was embedded across the different asset classes,” DBS Group Research senior rates strategist Eugene Leow said in a note. “Some of this fear has now been unwound.”\n\nTrump’s series of executive orders didn’t include immediate changes to U.S. trade policy and held off on unveiling “day-one” tariffs, suggesting a shift to bilateral negotiations, CIMB analyst Michelle Chia said in a note.\n\nBitcoin fell back from Monday’s record highs on initial disappointment that President Trump didn’t announce more plans to boost the crypto market at his inauguration, said CMC Markets’ Jochen Stanzl in a note. However, it would only take “a positive word” from Trump and bitcoin could rise significantly again, he said. Bitcoin was last down 0.3% to $102,291, off the record high of $109,072.\n\nEarly in Europe, U.S. stock futures were up around 0.3%, while the Stoxx Europe 600 index started pretty much unchanged with slight falls in France’s CAC 40 and Germany’s DAX. The FTSE 100 added 0.1%.\n\nMeanwhile, stock markets in Japan, China and Hong Kong ended mostly higher. The Shanghai Composite Index closed flat and the Shenzhen Composite Index rose 0.25%. Hong Kong’s Hang Seng gained 0.9% and the Nikkei Stock Average rose 0.3%. South Korea’s benchmark Kospi edged down 0.1%.\n\nElsewhere, benchmark crude oil prices fell on Trump’s plans to boost U.S. oil-and-gas production, including rolling back Arctic drilling restrictions and lifting a freeze on liquefied natural gas export permitting. Brent crude was recently down 0.5% to $79.73 a barrel and WTI down 1.4% at $76.30 a barrel. In his speech, Trump declared a national energy emergency and said he intends to fill strategic reserves “right to the top.”\n\n–Jessica Fleetham, Emese Bartha and Ronnie Harui contributed to this article.\n\nWrite to Adrian Kerr at adrian.kerr@wsj.com\n\nThe Latest on Crypto Coverage of bitcoin and other cryptocurrencies, selected by the editors Get WSJ's Markets A.M. Newsletter",
    "published": "2025-01-26"
  },
  {
    "source": "WSJ",
    "title": "Trump Says Colombia Will Accept Deportees, Ending Tariff Standoff",
    "summary": "President has made immigration early priority in second term, with ICE making more than 900 arrests Sunday",
    "link": "https://www.wsj.com/world/americas/trump-says-colombia-will-face-25-tariffs-amid-fight-over-deportation-flights-e32dc497?mod=Searchresults_pos10&page=57",
    "content": "President Trump on Sunday night backed off a threat he had made earlier in the day to impose 25% tariffs and economic sanctions on Colombia, which the White House said had met its demands to repatriate migrants into the South American country.\n\nTrump had issued the threat Sunday afternoon in retaliation for the Colombian government refusing to allow two military planes with migrants to land in the country. But after behind-the-scenes negotiations between the two countries, the White House said Colombia had “agreed to all of President Trump’s terms, including the unrestricted acceptance of all illegal aliens from Colombia returned from the United States.”\n\nThe tariff plans would be “held in reserve” unless the Colombian government didn’t honor the agreement, the White House said.\n\nThe move calls off what would have been Trump’s first use of tariffs since his inauguration last week, a decision that risked a trade war with a country that had enjoyed close economic relations with the U.S. for decades. Earlier in the day, Colombian President Gustavo Petro said he would hit back with his own tariffs on U.S. goods, promising to be uncowed by Trump’s duties and economic penalties and visa sanctions.\n\nLuis Gilberto Murillo, the Colombian foreign minister, said: “We will continue to receive Colombians who are deported, guaranteeing them dignified conditions.”\n\nThe threat of tariffs against Colombia coincided with stepped-up deportation efforts around the country Sunday, dual events that marked a desire by the Trump administration to make early progress on one of his core campaign promises: cracking down on illegal immigration.\n\nAuthorities in several cities confirmed immigration actions Sunday, including Chicago, Los Angeles, Houston and Denver. U.S. Immigration and Customs Enforcement said authorities made 956 arrests on Sunday, a figure that appeared to be the highest daily tally ICE had announced since Trump began his second term.\n\nColombian President Gustavo Petro Photo: Sebastian Barros/LongVisual/Zuma Press\n\nThe ordeal with Colombia began early Sunday morning, when Petro said on his X account that the “U.S. cannot treat Colombian migrants like criminals,” adding: “I disallow the entry of American planes with Colombian migrants to our territory.”\n\nTwo U.S. military C-17s had diplomatic permission to land in Colombia when they left San Diego carrying roughly 80 migrants each, a defense official said, but that authority was revoked Sunday en route. The planes then returned to the U.S., the official said.\n\nTrump responded in a post on his Truth Social platform that the 25% tariffs would be raised to 50% in a week. Trump also said he was issuing a travel ban for Colombian government officials and visa sanctions on people connected to the country’s government.\n\n“These measures are just the beginning,” Trump wrote. “We will not allow the Colombian Government to violate its legal obligations with regard to the acceptance and return of the Criminals they forced into the United States!”\n\nPetro shot back defiantly in a long missive on X, threatening to respond in kind to Trump’s tariffs. “I am informed that you’ve imposed a 50% tariff on the fruits of our labor to enter the United States. I’ll do the same.”\n\nDespite Petro’s statement, the Colombian government said there were “active conversations with the U.S. government, looking for agreements that assure minimum conditions of respect” for deported Colombians.\n\nThe tariffs and sanctions on Colombia were to be imposed under the International Emergency Economic Powers Act, a senior administration official said. That law grants the president broad authority to impose duties and penalties on other countries when he declares an economic emergency. The act hasn’t previously been used to impose tariffs, though President Richard Nixon used a precursor to the law to impose 10% tariffs on all imports in 1971.\n\nThe U.S. Embassy in Bogotá, Colombia. Photo: Pablo Vera/AFP/Getty Images\n\nThe U.S. imported $16.1 billion in goods from Colombia in 2023, ranking it 26th, behind Sweden and ahead of Australia, among import partners, according to Census Bureau data. Crude oil accounted for roughly a third of that dollar value. Other top commodities the U.S. receives from Colombia include gold, coffee, bananas and fresh-cut roses.\n\nIn 2023, the U.S. accounted for 28% of the value of Colombia’s exports, more than any other trading partner, according to United Nations data. The U.S. sent $17.7 billion of goods to Colombia in 2023, giving the U.S. a slight trade surplus, with top commodities including light oils, corn, and civilian aircraft and parts, according to the Census Bureau.\n\nDocuments viewed by The Wall Street Journal showed that the Petro government had approved the arrival of the two military flights. Petro also said on X, before the flights, that two planes with deported Colombians would be arriving at 6:45 a.m. and 10 a.m. and his government would “receive them with flags and flowers.”\n\nLater in the morning, Petro said on X that he had ordered the return of the planes, suggesting that he had done so because they were military aircraft and criticizing the use of handcuffs on the deported Colombians. “We will receive our countrymen on commercial planes, without them being treated like criminals,” he wrote. Just minutes after Trump said he would impose tariffs, Petro’s office said the government would make the presidential plane available to ferry back the Colombians who were to have been deported Sunday.\n\nThe White House statement said Colombia had agreed to accept the transport of migrants in military aircraft. Despite holding fire on the tariffs, the White House added that visa restrictions would “remain in effect until the first planeload of Colombian deportees is successfully returned.”\n\nThe U.S. had been deporting migrants to Colombia and other Latin American countries under the Biden administration, usually using commercial flights, the senior State Department official said. So far in January, there have been 90 deportation flights, with 48 to Guatemala and Honduras, 14 to Mexico and eight to Colombia, said Witness at the Border, a U.S. immigration advocacy group that tracks flight data.\n\nPetro on X sought to cast Trump’s tariff threat as an affront to his country’s freedom. “You don’t like our freedom—fine. I do not shake hands with white slaveholders,” Petro said, adding later: “You will never dominate us.”\n\nThe dust-up with Colombia reflects the discontent in some Latin American capitals, many of them run by leftist presidents, with the new administration in Washington. Brazil’s foreign ministry issued a statement Sunday protesting what it said was “degrading treatment” of Brazilians deported from the U.S., some of whom it said were handcuffed around their hands and feet on a plane heading for the country Friday.\n\nMigrants boarding a plane in Texas for a deportation flight to Venezuela in 2023. Photo: veronica g. cardenas/AFP/Getty Images\n\nTrump has vowed to carry out the largest mass deportation in U.S. history, with his team targeting immigrants in the country illegally with criminal backgrounds, including some minor offenses.\n\nTrump’s planned raids have caused fear among migrants, including in progressive sanctuary cities such as Chicago. Some migrants who haven’t fled those cities have said they have been scared to go to work or send their children to school. Trump border czar Tom Homan and acting Deputy Attorney General Emil Bove were in Chicago on Sunday to oversee migrant arrests.\n\nFederal agents from across the Justice Department were working with Homeland Security officers on an immigration crackdown in Chicago that Bove called “a critical mission to take back our communities.”\n\nIn an unusual move for a senior Justice Department official, Bove personally observed the operation in Chicago. He watched the first arrest, of “an illegal immigrant who remained in the country despite having killed a 19-year-old woman while driving under the influence,” a Justice Department official said, without providing the person’s name.\n\nAgents from the U.S. Bureau of Alcohol, Tobacco, Firearms and Explosives, the Federal Bureau of Investigation, the Drug Enforcement Administration and U.S. Marshals Service, whose work rarely includes immigration enforcement, were involved in the operation after Trump gave them power last week to help carry out deportations.\n\nJon Kamp, Shelby Holliday, Nancy A. Youssef and Anthony DeBarros contributed to this article.\n\nWrite to Alyssa Lukpat at alyssa.lukpat@wsj.com, Juan Forero at juan.forero@wsj.com and Sadie Gurman at sadie.gurman@wsj.com",
    "published": "2025-01-26"
  },
  {
    "source": "WSJ",
    "title": "Trump Aides Want to Hit Mexico, Canada With Tariffs Before Talks",
    "summary": "The 25% import levy could go into place as soon as Feb. 1",
    "link": "https://www.wsj.com/world/americas/trump-aides-want-to-hit-mexico-canada-with-tariffs-before-talks-3ff27f14?mod=Searchresults_pos14&page=18",
    "content": "Momentum is growing among President Trump ’s advisers to place 25% tariffs on Mexico and Canada as soon as Saturday, bucking conventional wisdom in Washington and on Wall Street that he would back off the threatened levies as he has in the past in exchange for concessions.\n\nTrump has shown a willingness to move swiftly on tariffs in recent days without allowing for drawn-out talks. On Sunday, Trump announced—and then backed off—a threat to impose 25% tariffs on Colombia, citing its initial refusal to accept repatriation flights from the U.S. A senior administration official said the decision, despite the pullback, proves that Trump views tariffs as an “effective negotiating tool” and “effective punishment” for nations that don’t hew to his agenda.\n\nThe president remains “very serious” about his threats to Mexico and Canada and expects them to cooperate, the official added.\n\nPress shift question mark to access a list of keyboard shortcuts Keyboard Shortcuts Enabled Disabled Shortcuts Open/Close / or ? Play/Pause SPACE Increase Volume ↑ Decrease Volume ↓ Seek Forward → Seek Backward ← Captions On/Off c Fullscreen/Exit Fullscreen f Mute/Unmute m Decrease Caption Size - Increase Caption Size + or = Seek % 0-9 Subtitle Settings Off English Font Color White Font Opacity 100% Font Size 100% Font Family 'Retina' Character Edge None Edge Color Black Background Color Black Background Opacity 50% Window Color Black Window Opacity 0% Reset White Black Red Green Blue Yellow Magenta Cyan 100% 75% 50% 25% 200% 175% 150% 125% 100% 75% 50% Arial Courier Georgia Impact Lucida Console Tahoma Times New Roman Trebuchet MS Verdana None Raised Depressed Uniform Drop Shadow White Black Red Green Blue Yellow Magenta Cyan White Black Red Green Blue Yellow Magenta Cyan 100% 75% 50% 25% 0% White Black Red Green Blue Yellow Magenta Cyan 100% 75% 50% 25% 0% facebook x Link https://www.wsj.com/video/trump-message-at-davos-make-your-product-in-the-us-or-pay-a-tariff/BBE8CF6D-0F57-4B07-8950-552DB5EC583D.html Copied Embed https://video-api.wsj.com/api-video/player/v3/iframe.html?guid=BBE8CF6D-0F57-4B07-8950-552DB5EC583D Copied Auto 1080p (8448 kbps) 720p (4387 kbps) 540p (3154 kbps) 360p (2042 kbps) 360p (1062 kbps) 234p (713 kbps) 234p (362 kbps) 234p (227 kbps) Live 00:00 01:44 01:44 Trump's Message at Davos: Make Your Product in the U.S. or Pay a Tariff Play video: Trump's Message at Davos: Make Your Product in the U.S. or Pay a Tariff Keep hovering to play President Trump virtually addressed the audience at the World Economic Forum in Davos, Switzerland. Photo: Fabrice Coffrini/AFP/Getty Images\n\nThis could be a wake-up call for investors and businesses. Goldman Sachs told clients last week that there was a 20% chance that Trump would impose tariffs on Saturday, noting that he had made similar threats in the first term but didn’t always follow through. But Trump was amenable to the tariffs-before-negotiations strategy even before the tariff showdown with Colombia, according to people familiar with the discussions, though no final decisions on Canada and Mexico have been made.\n\nTariffs against Mexico and Canada would be the first salvos in a multifront trade war that Trump looked ready to start unexpectedly on Sunday with his Colombia duties, before that country hewed to his demands to accept repatriation flights for migrants. He has also threatened to hit China, Denmark and a range of other European countries with tariffs, but he appears intent to turn his aim next on the U.S.’s North American neighbors.\n\nIn a sign of how this approach might be sinking in, there is growing alarm in Mexico and Canada that their overtures to the new administration are falling flat, even as they move to comply with Trump’s demands.\n\nTrucks entering Canada from Ambassador Bridge in Windsor, Ontario. Photo: Nic Antaya for WSJ\n\nMexico has made strides to cooperate with Trump’s repatriation flights, the senior administration official said, accepting four flights in one day, and has reinstated the remain-in-Mexico policy for migrants while deploying its own national guard.\n\nStill, the official insisted that the Mexican government hasn’t yet done enough to avoid tariffs, and wouldn’t specify which other steps it or the Canadian government would need to take to avoid new duties.\n\nThe tariff threats risk setting off a continental trade war. Canada has been prepping a list of what it considers would be retaliatory trade moves if Trump acts first. Some in Canada believe such a skirmish could tip their country into a recession if tariffs stay in place too long.\n\n“He’s as serious as a heart attack,” said Sen. Kevin Cramer , (R., N.D.), a close Trump ally in the Senate.\n\nThe president has tangled with both countries before and doesn’t feel that Canada and Mexico are taking his threats seriously, some advisers said. He wants to hit them with tariffs first to prove he isn’t bluffing, these people said, and to drive them to the negotiating table on a number of issues, from migration to drug smuggling and reforms to the U.S.-Mexico-Canada Free Trade Agreement to encourage more manufacturing in the U.S.\n\nTrump on Friday reiterated his desire to make Canada the “51st state”—saying that would save them from any tariffs—and waved away any potential trade disruptions that could arise from increasing duties in February.\n\nSHARE YOUR THOUGHTS What impact do you think higher tariffs might have on the U.S. economy? Join the conversation below.\n\n“We don’t need their cars. We don’t need their lumber,” Trump said of Canada. “We don’t need their food products because we make the same products right on the other side of the border.”\n\nThe U.S. imports billions of dollars worth of crude oil, lumber, passenger cars and bakery products from Canada. Economists say that adding tariffs to those items will cause prices on many basic items to rise for U.S. consumers. Trump and his advisers believe it will bring in more revenue to the U.S. and motivate more domestic manufacturing as well.\n\nThe U.S. had a $64 billion trade deficit in goods with Canada in 2023, according to the Census Bureau, far below Trump’s claim, repeated on Friday, of a $200 billion deficit.\n\nProtectionist advisers such as Commerce Secretary nominee Howard Lutnick and deputy chief of staff for policy Stephen Miller are advocating the tariff-first-talk-second approach, according to people familiar with the discussions. Tariffs on China, which Trump has threatened with additional 10% levies, are likely to come after the initial action on Canada and Mexico, said the people familiar with the issue, emphasizing that the situation remains fluid. Other options are also in play, including announcing tariffs on Feb. 1 but giving a grace period before they are implemented.\n\nThe tariffs-first approach may help explain why Canadian and Mexican officials have been frustrated in their attempts to reach out to Trump’s economic team—most of whom aren’t in office yet because they haven’t been confirmed by the Senate. The trading partners are quietly expressing confusion and bewilderment, saying they aren’t even sure what Trump wants, particularly since they argue that Canada has taken action to address border security and Mexico has worked to stem migration into the U.S., two of Trump’s main irritants.\n\nThe Canadian government has been trying to reach out to the Trump administration, a Canadian official said, but feels frustrated by the fact that many of the top points of contact, such as Lutnick, haven’t been confirmed and aren’t in their seats. Canada was ready with retaliation measures on Inauguration Day, the official added, when many feared Trump would impose tariffs, and is ready to “press play” if there is a move on Feb. 1.\n\nCanada’s economy leans heavily on trade with the U.S., as exports to its southern neighbor account for about 20% of the country’s gross domestic product. Canada is the U.S.’s second-largest trading partner and the most important market for American goods and services sold abroad.\n\nTrump’s rationale for tariffs focuses partly on what he views as inadequate security at the northern border to stem the flow of illegal drugs and migrants. Canada responded in December with a pledge to spend $900 million to acquire drones, helicopters and surveillance towers, and deploy additional agents along the 5,525-mile border.\n\nDeparting Canadian Prime Minister Justin Trudeau faces pushback from provincial leaders about how hard to hit the U.S. in a trade row. The leader of Canada’s most populous province, Ontario, has pushed Trudeau to shut off or limit the supply of energy and electricity to the U.S.\n\n“You can’t bring a knife to a gunfight,” said Ontario Premier Doug Ford . “We need to target where it will impact Americans the most.”\n\nMexican officials are similarly frustrated with their inability to negotiate on trade with the Trump administration. President Claudia Sheinbaum has already delivered a sharp drop in migration numbers, said a Mexican official, along with more drug and lab seizures, and is ready to work with the U.S. Mexico’s foreign minister, Juan Ramón de la Fuente, had a call this past week with Secretary of State Marco Rubio that touched on migration and security but didn’t feature much conversation about trade, the official added.\n\nMexico’s President Claudia Sheinbaum says her government intends to have close communication with the U.S. government. Photo: luis cortes/Agence France-Presse/Getty Images\n\n“I think our position has been a good one, to take it calmly and have close communication with the U.S. government,” Sheinbaum said Friday.\n\nIn 2018, Mexico responded to U.S. tariffs on steel and aluminum with tariffs of its own, which targeted U.S. products ranging from steel to pork, cheeses, apples and bourbon, focusing on Republican strongholds. More recently, Sheinbaum’s government has also announced ambitious plans to substitute Chinese imports and halted big investment projects by Chinese firms to prevent potential disputes with Trump.\n\nFor North American industries, any of Trump’s tariffs risk major disruption. A 25% tariff could grind the auto industry to a halt across the continent, depending on how it is imposed, because vehicles and auto parts cross borders several times before a final car is completed—a supply chain made possible by decades of free trade between the nations.\n\n“We don’t have clarity on if each time it crosses the border, would it be tariffed each time?” said Chris Desmond , a principal at PwC who works with large companies on trade. “That’s scary from a multinational corporation perspective.”\n\nAnthony Harrup contributed to this article.\n\nWrite to Gavin Bade at gavin.bade@wsj.com, Vipal Monga at vipal.monga@wsj.com and Paul Vieira at Paul.Vieira@wsj.com",
    "published": "2025-01-26"
  },
  {
    "source": "WSJ",
    "title": "Senate Confirms Scott Bessent as Treasury Secretary",
    "summary": "The veteran investor will oversee Trump’s economic agenda",
    "link": "https://www.wsj.com/politics/scott-bessent-confirmed-treasury-secretary-senate-vote-0d84218e?mod=Searchresults_pos3&page=16",
    "content": "WASHINGTON—The Senate confirmed Scott Bessent as Treasury secretary on Monday, putting the longtime investor at the center of President Trump’s efforts to cut taxes, fight inflation and impose stiff tariffs on imports.\n\nThe Senate approved Bessent’s nomination in a 68-29 vote.\n\nThe Treasury Department is the premier economic policymaking agency in the federal government. It implements tax policy, manages the nation’s debt, leads financial regulators, controls sanctions and conducts economic diplomacy.\n\nBessent is expected to oversee Trump’s push to extend the tax cuts that Republicans enacted in 2017; many are set to expire at year’s end. Failing to extend the tax cuts would have devastating consequences for small businesses and many households, Bessent argued at his confirmation hearing earlier this month\n\nWhile the U.S. trade representative and the commerce secretary will take the lead on tariffs, Bessent is also expected to be a player in the discussions about how aggressive the levies should be. Since taking office, Trump has threatened to impose tariffs on Canada, Mexico, China and Russia.\n\nAs Treasury secretary, Bessent will be involved in discussions over raising the nation’s debt ceiling, which must be adjusted regularly to allow the U.S. to continue paying its creditors and avoid default. He will also oversee the Internal Revenue Service.\n\nBessent is the founder of the investment firm Key Square Capital Management. He was the chief investment officer at George Soros’s Soros Fund Management from 2011 to 2015. The 62-year-old South Carolina native will become the country’s highest ranking openly gay federal-government official.\n\nThe context\n\nBessent is part of a nascent second-term economic team made up of wealthy businessmen, Wall Street veterans and hard-line advocates of aggressive trade policies, whose differing worldviews could lead to disagreements over how Trump implements his agenda.\n\nBessent’s path to becoming Treasury secretary wasn’t easy. He clashed with Howard Lutnick , the longtime chief executive of financial-services firm Cantor Fitzgerald, who made a play for the job.\n\nBessent ended up winning the battle, with Trump telling allies that he trusted him to execute the administration’s policies more than any of the other contenders. Trump chose Lutnick to be his commerce secretary.\n\nThe big picture\n\nTrump has moved to implement his economic agenda even before Bessent was confirmed.\n\nThe president has said he would impose 25% tariffs on Canada and Mexico as soon as Saturday. The tariffs could set off a continental trade war with the U.S.’s leading trading partners.\n\nOn Sunday, Trump threatened 25% tariffs on Colombia after the country refused to allow two U.S. military planes with migrants to land in the country. By Sunday evening, the White House announced that Colombia’s government had agreed to Trump’s terms and the tariffs would be put on hold.\n\nWrite to Brian Schwartz at brian.schwartz@wsj.com",
    "published": "2025-01-26"
  },
  {
    "source": "WSJ",
    "title": "‘This One’s Mine.’ Ukraine Says Russia Is Executing More POWs and Capturing It on Video.",
    "summary": "Killings are part of a pattern of abuse that violates international laws, Ukrainian officials say",
    "link": "https://www.wsj.com/world/europe/ukraine-says-graphic-video-adds-to-evidence-of-russians-executing-pows-087f9a97?mod=Searchresults_pos11&page=78",
    "content": "Ukrainian prosecutors say a graphic video circulating online shows Russian troops executing six prisoners of war, the latest in what they say is a spate of killings by Moscow’s forces.\n\nIn the video, a cowering soldier wearing a yellow armband, similar to ones worn by Ukrainian troops, scrambles toward a pile of logs. He kneels as one of his captors, brandishing an automatic rifle, yells in Russian. The gunman cocks his weapon and fires several rounds into the back of the man, who slumps to the earth.\n\nShortly after, another captive soldier stumbles forward. “This one’s mine,” a voice says, before shots ring out.\n\nUkrainian prosecutors said they are investigating the killings shown in the video as potential war crimes. Based on a preliminary investigation, they said the video appeared to show an incident that occurred after a Ukrainian position was overrun in eastern Donetsk province.\n\nThe Russian Defense Ministry didn’t respond to a request for comment. Russian officials have called earlier accusations that their troops carry out executions disinformation aimed at smearing Russia.\n\nThe video, which lasts more than three minutes, was shared widely on the social-media network Telegram this week. The Wall Street Journal couldn’t independently establish the date and location of the video, but the uniforms, identifying markings, presence of at least one drone and the language spoken all point to its authenticity.\n\nSince the start of November, Ukraine’s Prosecutor General’s Office has launched at least 10 criminal investigations into alleged executions of more than 40 surrendering Ukrainian soldiers. A top Ukrainian human-rights official, Dmytro Lubinets , said in December that Ukraine had tallied 177 executions of Ukrainian soldiers since the start of the war in February 2022, most of which occurred last year.\n\nUkrainian officials say the killings are part of a pattern of abuses by Russian armed forces, including the torture of prisoners of war and of civilians seized on occupied territory, that violates international laws, including the Geneva Conventions.\n\nUkrainian defense lines in the eastern part of the country. Photo: Serhii Korovayny for WSJ\n\nRussian officials deny mistreatment of Ukrainian prisoners. But several Telegram channels affiliated with Russian units, including the Wagner paramilitary group, have shared, encouraged and celebrated the graphic execution videos. Ukrainian officials frequently report that they learn of executions after video footage of the killings surfaces online.\n\nLubinets said in December that Russian forces were executing Ukrainian prisoners and publishing videos of the executions online to deter their own soldiers from surrendering as well as to strike fear into the West and Ukrainians.\n\n“The Russians do it to show the whole democratic world that ‘we are doing this and you can’t do anything about it,’ that there won’t be any punishment,” Lubinets told Ukrainska Pravda, a Ukrainian online publication.\n\nSome captured Russian soldiers have acknowledged in video interrogations published by Ukraine’s military that their forces are executing Ukrainian soldiers who have surrendered, citing orders from some commanders to execute captives.\n\nThe video shared on Telegram this week opens with several men with yellow tape on their arms, used by Ukrainian troops to identify themselves, lying on the ground in a forest outside an entrance to a dugout with their hands on their head. Armed soldiers shouting orders in Russian prowl around the men, who are stripped of their helmets and body armor.\n\n“Take the f—ing phone,” a soldier yells in Russian, passing his handset to a comrade. The soldier appears in the picture wearing dark fatigues and a hood, his face largely covered.\n\nAfter loading a fresh magazine into his rifle, he orders two unarmed captives to move toward a pile of logs. They clamber there unsteadily and kneel as the hooded soldier cocks his rifle then appears to fire into the head and back of one of them, who slumps forward. Further gunshots sound. The shaky footage shows both captives lying prone and motionless after a total of 15 shots were fired.\n\nUkrainian POW executions by Russian forces\n\nBELARUS RUSSIA Detail UKRAINE Zaporizhzhia Kherson ROMANIA Black Sea BELARUS RUSSIA Detail UKRAINE Zaporizhzhia Kherson ROMANIA Black Sea\n\nAnother captive, scrambling past the camera toward the apparent execution spot, is gunned down.\n\n“One is mine,” a voice off camera says.\n\n“Record me on f—ing camera,” the hooded soldier says, gesticulating with his hand.\n\nHe orders a fourth unarmed captive to the spot in front of logs. The man traipses there.\n\n“This one’s mine,” a voice says. Gunshots ring out.\n\nA fifth unarmed man stumbles forward toward four motionless bodies, his arms raised, and the hooded man fires in his direction.\n\nOff camera, the soldier orders a sixth captive to move there, who seems to mumble something unintelligible. In response, the hooded soldier says: “We’ll kill you anyway.”\n\nThe captive trudges to the spot, and gunfire can again be heard.\n\nThe video shows a seventh captive soldier cowering on the ground, then cuts out.\n\nThe Russian neo-Nazi paramilitary unit Rusich praised the video on its Telegram channel. “Well done, guys,” Rusich wrote. The unit often advocates for executing prisoners on its Telegram channel and has shared a meme that promotes killing surrendering soldiers rather than taking them captive.\n\nIn September, Rusich shared a picture of a Ukrainian soldier, his hands bound with tape, who was allegedly executed in Novohrodivka in the Donetsk region. A sword is impaled through the soldier’s chest, inscribed with the words “For Kursk,” a reference to the Russian region partially occupied by Ukrainian troops. Ukraine’s then-prosecutor general called it “a barbaric act” and said his office had opened a war crimes investigation.\n\nThe Center for Information Resilience, a London-based research organization focused on human-rights violations, said it had verified 32 videos depicting 97 killings as showing executions of Ukrainian soldiers by Russian troops. CIR uses details such as uniforms and tape markings to evaluate the videos.\n\nRollo Collins , an investigator at CIR, said the number of executions showed no sign of abating. “There’s been no uproar in Russia about it,” he said.\n\nCollins said that executions are a widespread practice not exclusive to one Russian unit and that many of the videos show small units of Russians executing small groups of unarmed Ukrainians.\n\n“A lot of them are very cruel,” Collins said. “They’ll go in a line shooting one person after the other.”\n\nThe Sumy region of Ukraine, near the border with Russia. Photo: Serhii Korovayny for WSJ\n\nFor Ukrainian officials, the videos are crucial evidence. The Ukrainian Prosecutor General’s Office said in early November that it opened an investigation following the publication of a video on Telegram that appears to show Russian forces capturing an unarmed Ukrainian soldier who is lying on the ground apparently with injured legs.\n\nThe injured man tells an unseen interrogator that he is from Sumy Oblast in northeast Ukraine. The questioner then curses and asks the soldier whether there are other Ukrainian troops nearby. Seconds later, another soldier walks into the frame and shoots the prostrate man several times in the head at close range with an automatic rifle.\n\nOne Russian Telegram channel, which says it cooperates with several Russian combat units and shares calls for donations, praised the video, commenting: “A dog’s death for a dog.”\n\n—Kate Vtorygina contributed to this article.\n\nWrite to James Marson at james.marson@wsj.com",
    "published": "2025-01-26"
  },
  {
    "source": "WSJ",
    "title": "Trump Adds Fuel to Claims That Big Banks Discriminate Against Conservatives",
    "summary": "President tells Bank of America, JPMorgan Chase to stop cutting conservatives off",
    "link": "https://www.wsj.com/finance/banking/trump-big-bank-conservative-bias-accusations-168abb27?mod=Searchresults_pos19&page=46",
    "content": "President Trump spoke by video to the World Economic Forum in Davos, Switzerland, on Thursday.\n\nPresident Trump took the head of Bank of America BAC 0.41 %increase; green up pointing triangle to task in front of his global peers this past week, alleging that the nation’s second-biggest bank was actively discriminating against conservatives.\n\nBank of America Chief Executive Brian Moynihan was on stage with Steve Schwarzman of Blackstone and Ana Botín of Santander when Trump spoke by video to the World Economic Forum in Davos, Switzerland, normally a cordial affair of executive backslapping. Moynihan congratulated Trump and asked how the president’s slate of recent executive orders would affect the U.S. economy.\n\nTrump said he thought his policies would bring inflation down—and then did a weave to a different topic altogether.\n\n“I hope you start opening your bank to conservatives,” Trump said. “Because many conservatives complain that the banks are not allowing them to do business within the bank and that included a place called Bank of America.”\n\nTrump also called out Jamie Dimon, the CEO of JPMorgan Chase JPM 0.33 %increase; green up pointing triangle , who wasn’t on stage but was at the conference.\n\n“What you’re doing is wrong,” Trump said.\n\nJPMorgan, headed by Jamie Dimon, says it has ‘never and would never close an account for political reasons.’ Photo: Kent Nishimura/Bloomberg\n\nWhile the banks said they don’t discriminate against their customers, Trump’s comments threw fuel onto allegations of bias against conservatives and Christians that have been building for years.\n\nOn social media, conservatives posted letters of unexplained account closures and said they believed they were targeted for political beliefs. The Senate Banking Committee is planning a hearing on the topic in February, said Sen. Tim Scott (R., S.C.). He urged businesses and individuals to come forward to report allegations to his committee staff.\n\nNewsletter Sign-up What’s News Catch up on the headlines, understand the news and make better decisions, free in your inbox daily. Enjoy a free article in every edition. Preview Subscribed\n\nThe criticism has been building since banks embraced diversity policies after the murder of George Floyd in 2020. Some of them clamped down on lending to oil-and-gas companies and gun manufacturers. A Republican-led committee in Congress alleged that banks profiled conservative and religious Americans as potential domestic terrorists when they turned over information about thousands of customers after the Jan. 6, 2021, riot at the U.S. Capitol.\n\nBanks said they don’t consider politics or religion when they open or close accounts. But they do have to comply with government inquiries about their customers, including for information about suspicious activity, or risk hefty fines. They also said the examples are cherry-picked and happened because their customers didn’t follow the bank’s policies.\n\nThat is little comfort for customers who have seen their personal and business accounts closed without explanation. Republicans said they have growing evidence that the banks have political motives for closing accounts.\n\nJohn Fleming, Louisiana’s state treasurer, cut off Bank of America last year from providing certain financial services for the state government as allegations of anticonservative bias grew. He said the bank has tried to insist it isn’t discriminating against conservatives, but he is unconvinced.\n\nLouisiana State Treasurer John Fleming says he remains skeptical of Bank of America’s practices. Photo: Patrick Dennis/the Advocate/AP\n\n“They can put lipstick on the pig, but we are skeptical about their practices,” he said. “What they’ve been doing is un-American.”\n\nIn a statement, Bank of America said that with over 70 million customers, it is focused on serving everyone, regardless of political views but cited “extensive government regulations that sometimes result in requirements to exit relationships.” It added: “We never close accounts for political reasons and don’t have a political litmus test.”\n\nJPMorgan said, “We have never and would never close an account for political reasons, full stop.”\n\nBank Secrecy Act\n\nBanks are vulnerable to allegations of political bias because they typically don’t explain why they close customers’ accounts.\n\nBanks are required by federal laws including the Bank Secrecy Act to keep tabs on what their customers are doing with their funds and to ensure that they aren’t facilitating any criminal misconduct.\n\nTransactions that look suspicious are supposed to be flagged in banks’ back offices. After enough red flags go up, banks often close the relevant accounts. The number of these so-called suspicious-activity reports has more than doubled between 2014 and 2023.\n\nRegulators also sometimes raise concerns about industries, which banks tend to take as orders to avoid.\n\nAfter the venture capitalist Marc Andreessen said on Joe Rogan ’s podcast that banks backed away from crypto companies and their founders, the crypto community found that it had common allies with a number of right-leaning groups and companies.\n\nGeo Group, a private prison operator, said it was “debanked” by Bank of America and JPMorgan after it faced protests from left-leaning groups over the work it does for U.S. Immigration and Customs Enforcement.\n\nJan. 6, 2021, riots\n\nOver the past two years, a congressional panel led by Rep. Jim Jordan (R., Ohio) investigated how banks were used by the federal government to help find people that it labeled as “domestic violent extremists” and who were involved in the Jan. 6 riots.\n\nBank of America allegedly turned over the names of more than 200 customers following requests from the Treasury Department and the Federal Bureau of Investigation. Jordan alleged that Bank of America did this “voluntarily and without legal process.” Bank of America has said it followed all applicable laws in its interactions with the Treasury Department and law enforcement.\n\nMore than a dozen attorneys general said Bank of America’s actions were “a serious threat to free speech and religious freedom” in April.\n\n“Americans have a right to participate in our financial system without fear of being debanked or spied on by the federal government,” Jordan said in a statement.\n\nBanks trying to respond\n\nRight-leaning activist groups are now pushing Bank of America and Citigroup to report how much they have discriminated against customers because of their religious or political beliefs.\n\nWith the furor growing, banks have attempted to placate irate Republicans.\n\nBank of America representatives met this month with Louisiana state officials, including Fleming, the state treasurer.\n\nThe bank representatives said they had made a number of changes to its policies, including an end to blanket prohibitions on certain industries, Fleming said. But he said he has no plans to reverse his ban on Bank of America’s providing financial services for the state, where the bank has been trying to expand in recent years.\n\nBank of America says it is focused on serving everyone, regardless of political views. Photo: John Taggart for WSJ\n\n“We have diminished their ability to make inroads here,” Fleming said.\n\nJPMorgan has been working with the Bahnsen Group, a right-leaning shareholder that has been raising questions about whether the bank has ever discriminated against customers on the basis of their political beliefs.\n\nBahnsen said the bank should audit the matter and put the issue up for a vote at the bank’s annual meeting in 2023. The proposal didn’t get sufficient shareholder support to pass. In 2024, the bank changed policies and dropped a requirement that merchants that transact through the bank’s WePay not accept payments from persons that had faced allegations of racism or sexual harassment.\n\nDavid Bahnsen , managing partner of the Bahnsen Group, dropped his planned resolution in 2024 and said he has no plans to bring a new resolution this year.\n\n“We appreciate the engagement we’ve seen from the bank over the past two years,” Bahnsen said.\n\nSHARE YOUR THOUGHTS How should big banks address accusations of political discrimination? Join the conversation below.\n\nAngel Au-Yeung contributed to this article.\n\nWrite to Alexander Saeedy at alexander.saeedy@wsj.com\n\nWhat’s Next for Banks Latest coverage as lenders deal with global instability",
    "published": "2025-01-26"
  },
  {
    "source": "WSJ",
    "title": "Trump Tariffs Are a Wealth Killer",
    "summary": "Two centuries of experience proves the economic foolishness of taxing imports.",
    "link": "https://www.wsj.com/opinion/trump-tariffs-are-a-wealth-killer-imports-protectionism-483f8517?mod=Searchresults_pos15&page=36",
    "content": "“We will tariff and tax foreign countries to enrich our citizens,” President Trump declared in his inauguration speech. Adam Smith is turning in his grave. Tariffs destroy wealth. No matter, Mr. Trump said he may slap 25% tariffs on Canada and Mexico starting Feb. 1 and 10% on China. An executive memorandum demanded his administration study trade deficits and tariffs. Here’s a study guide:\n\nIn 1815, as the Napoleonic Wars ended and a fear of cheap grain imports arose, the landowner-protecting British Parliament passed the Corn Laws, imposing tariffs on foreign wheat and maize. This helped some farmers, but the Industrial Revolution was just starting, and workers who had flooded into cities faced shortages and high bread prices. There were many riots. Worse, reduced trade deprived the French and other countries of gold to pay for England’s new industrial output. The laws were self-defeating, yet they weren’t repealed until 1846.\n\nSound familiar? In a populist bid to protect our dwindling manufacturing workforce, economically clueless Trump whisperers push tariffs. A select few workers may be helped, but most Americans will be worse off—though I doubt we’ll see riots protesting higher prices on made-in-China Gap clothes, Barbie dolls or Hush Puppies shoes. But new Trump tariffs will raise prices and restrict other countries from affording our high-margin exports—drugs, phones, planes and many software and artificial-intelligence services. That’s dumb.\n\nWhy do presidents have the power to tariff anyway? Article I, Section 8 of the Constitution plainly states: “The Congress shall have Power To lay and collect Taxes, Duties, Imposts and Excises. . . . To regulate Commerce with foreign Nations.” In June 1930, Herbert Hoover signed the disastrous Smoot-Hawley Tariff Act, imposing almost 900 duties. After that mistake, in 1934 during the avoidable depression, Franklin D. Roosevelt signed the Reciprocal Trade Agreement Act, enabling presidents to negotiate trade agreements and apply tariffs themselves. FDR enabled DJT.\n\nThe General Agreement on Tariffs and Trade was created in 1947 and drove massive postwar trade and growth. But, worried about the Soviets, Congress passed the Trade Expansion Act of 1962 and specifically Section 232, which allowed presidents to restrict imports they deemed a threat to national security. Section 301 of the Trade Act of 1974 authorized presidents to impose tariffs on countries that violate agreements or burden U.S. commerce. The International Emergency Economic Powers Act 1977 allows presidents to regulate trade during national emergencies. Congress sure loves giving its power away. No wonder Mr. Trump has a crush on the word “tariff.”\n\nNotice how everything is now either a national-security concern or an emergency. Tariffs on Canadian bacon for national defense? A national emergency? Hardly. But par for the course—we’ve had sugar tariffs since 1789. And a 25% “chicken tax,” a tariff on imported pickup trucks in retaliation for (long gone) European tariffs on American chicken.\n\nIs the U.S. playing chicken? Apologists try to rationalize tariffs as a negotiating tactic, violating the first rule of negotiating by even mentioning it. Tariffs are coming. Expect retaliation and inflation—precisely why tariffs don’t work.\n\nIn 2022 there were around 278,000 steel- and iron-manufacturing jobs in the U.S., with an average salary of about $75,000. There are an estimated 12 million jobs in industries that use steel. Two million of those are intensive users of steel, more than 5% of their input. Tariffs might theoretically create 100,000 new steel jobs, at best, but they would raise prices and probably destroy a million other jobs. This is the opposite of “the revolution of common sense” Mr. Trump mentioned in his inaugural address.\n\nA 2021 study by Oxford Economics and the U.S.-China Business Council showed the first-term Mr. Trump’s tariffs and trade policies destroyed 245,000 jobs. The Tax Foundation estimates Trump-Biden tariffs reduced long-run gross domestic product by 0.2%—roughly $58 billion annually. On the flip side, the Peterson Institute for International Economics estimates that free trade since 1950 has cumulatively boosted the U.S. economy by $2.6 trillion, or $19,500 a household. Why go backward? Congress should reclaim its tariff power.\n\nInstead, the backroom begging will start for tariff exemptions—machinery, certain pharmaceuticals, school pencils, cobalt for electric-car batteries, Nike Kobe 5 Protro “Year of the Mamba” sneakers—a lobbyist’s paradise. Free trade, not politicians, is best at allocating resources. Protectionism and mercantilism in the form of tariffs and subsidies, like the British Corn Laws, are inefficient, unproductive, corruption-inducing and wealth-destroying. That won’t make America great again.\n\nWrite to kessler@wsj.com.\n\nInside View: Columnist Andy Kessler speculates on issues including earnings at Apple, AI at Google, weight loss drugs including Ozempic, the rise of the humanoid robots like Tesla's Optimus, and arguably the biggest question of all: Is Snoop Dogg overexposed? Photo: Cfoto/Zuma Press/Chris Pizzello/AP",
    "published": "2025-01-26"
  },
  {
    "source": "WSJ",
    "title": "What’s News: World-Wide",
    "summary": "",
    "link": "https://www.wsj.com/articles/whats-news-world-wide-9fab8945?mod=Searchresults_pos17&page=139",
    "content": "This copy is for your personal, non-commercial use only. Distribution and use of this material are governed by our Subscriber Agreement and by copyright law. For non-personal use or to order multiple copies, please contact Dow Jones Reprints at 1-800-843-0008 or visit www.djreprints.com.\n\nhttps://www.wsj.com/articles/whats-news-world-wide-9fab8945",
    "published": "2025-01-26"
  }
]