[
  {
    "source": "WSJ",
    "title": "Judge Allows Harvard to Keep Enrolling Foreign Students for Now",
    "summary": "The Ivy League school is fighting the Trump administration in court",
    "link": "https://www.wsj.com/us-news/education/harvard-trump-international-student-enrollment-court-361d1d8d?mod=Searchresults_pos14&page=209",
    "content": "Harvard argues that losing international students, who comprise a quarter of its population, harms the university.\n\nBOSTON—A federal judge Thursday said she would continue to let Harvard University enroll international students for now as the school fights the Trump administration in court.\n\nU.S. District Judge Allison Burroughs said that a temporary restraining order would remain in place and that she planned to issue a preliminary injunction blocking the government from barring international enrollment at Harvard. The Trump administration last week said it was revoking the school’s authorization to host foreign students, the latest in a series of attacks against the Ivy League university.\n\nBefore the hearing Thursday, the Trump administration had backed off from immediately revoking Harvard’s right to enroll foreign students, instead giving the university 30 days to respond.\n\n“The first amendment harms we are suffering are real and continuing,” Ian Heath Gershengorn , an attorney for Harvard, said in court. A few miles away on Harvard’s campus, thousands gathered for commencement.\n\nThe court hearing comes as Harvard faces a slew of punitive actions from the Trump administration, which has cited concerns about campus antisemitism and diversity, equity and inclusion practices that it views as discriminatory. Trump has pulled billions of dollars in federal research funds, threatened Harvard’s tax-exempt status and probed its acceptance of foreign donations.\n\nPresident Trump said Harvard should cap the amount of foreign students it admits at 15%, and ensure that those it does accept ‘are people that can love our country.’ Photo: Andrew Harnik/Getty Images\n\n‘Confusion, fear’\n\nAround a quarter of Harvard’s student population comes from abroad, with the proportion even higher in certain graduate schools. Trump on Wednesday suggested Harvard should cap its international enrollment at more like 15%.\n\n“Without its international students, Harvard is not Harvard,” the university said in a lawsuit filed last Friday, which argued that the federal government illegally revoked its certification to host foreign students.\n\nHarvard said in a Wednesday court filing that the loss of its ability to enroll international students had caused confusion, fear and mental anguish among its students and faculty.\n\n“Many international students and scholars are reporting significant emotional distress that is affecting their mental health and making it difficult to focus on their studies,” Maureen Martin , the director of immigration services in Harvard’s International Office, said in a filing.\n\nStudent records\n\nDozens of current and incoming international students have questioned whether they can come to campus in the fall, Martin said, with many exploring transfer options.\n\nThe Department of Homeland Security pulled Harvard’s status May 22 after more than a month of back-and-forth over demands for information from the university. DHS had requested several broad categories of information about all of Harvard’s international students, including whether any had knowingly deprived the rights of other classmates or faculty, and whether any had left Harvard due to dangerous or violent activity.\n\nSHARE YOUR THOUGHTS Should Harvard be able to enroll foreign students? Why or why not? Join the conversation below.\n\nDHS ultimately concluded Harvard didn’t turn over enough materials.\n\nIn its Wednesday letter to Harvard, included in court filings, DHS said in addition to the records lapses, Harvard failed to create a campus free from violence and antisemitism and raised national-security concerns with its ties to foreign entities.\n\nAs evidence of the national-security point, DHS points to $151 million it says Harvard has received from foreign governments since 2020 and research collaborations with China.\n\nAdvertisement\n\nWrite to Sara Randazzo at sara.randazzo@wsj.com and Gretchen Tarrant Gulla at gretchen.tarrant@wsj.com",
    "published": "2025-05-29"
  },
  {
    "source": "WSJ",
    "title": "Best Buy Cuts Guidance as Tariff Question Looms",
    "summary": "The electronics retailer said it now believes comparable sales may decline this year as a result of the global trade war started by President Trump",
    "link": "https://www.wsj.com/business/retail/best-buy-cuts-guidance-as-tariffs-loom-ac5841d3?mod=Searchresults_pos8&page=65",
    "content": "Best Buy cut its sales and profit forecast for the year to account for the global trade war.\n\nBest Buy expects revenue of $41.1 billion to 41.9 billion and adjusted earnings of $6.15-$6.30 a share for the fiscal year.\n\nThe electronics retailer is shifting its supply chain to lower its reliance on China and negotiating costs with its vendors.\n\nBest Buy cut its sales and profit forecast for the year due to potential impact from the global trade war.\n\nBest Buy BBY -7.27 %decrease; red down pointing triangle cut its sales and profit forecast for the year as it works to cushion the blow that looming tariffs could have on customer demand and its margins.\n\nThe electronics retailer on Thursday said it now believes comparable sales may decline this year as a result of the global trade war started by President Trump.\n\nShares fell 8% to $65.77 in early trading.\n\nThe sweeping levies between the U.S. and its trading partners have created economic anxiety for consumers and businesses, and the uncertainty was ratcheted up on Wednesday by a federal trade court ruling that struck down Trump’s tariffs, which the White House will likely appeal.\n\nBest Buy previously warned that its import-reliant vendors would likely pass higher costs onto the retailer, which in turn would likely raise prices to protect its already thin margins, putting pressure on demand.\n\nExecutives said Thursday that the company is shifting its supply chain to lower its reliance on China, a major target of Trump’s levies, and negotiating costs with its vendors. Raising prices is seen as a “last resort,” Chief Executive Corie Barry said, adding that the tariff situation seems liable to change at any moment.\n\n“This is such an incredibly fluid situation,” Barry said on a call with analysts. “Trying to snap the line at any given point in time is almost impossible.”\n\nWhile China remains the top source for products that Best Buy sells, the company has cut its product cost exposure to the country to about 30% to 35% from 55% three months ago, the CEO said. Best Buy has been working with vendors to diversify the countries used in their supply chains.\n\nThe company is also adjusting its product inventory to lessen the potential impact of tariffs, executives said. As a result of mitigation tactics, increases in Best Buy’s product costs have been lower than current tariff rates, according to Barry.\n\nWhile tariffs could change again, Best Buy said its updated guidance is anchored to current rates.\n\nBest Buy now expects $41.1 billion to $41.9 billion in revenue for the fiscal year, down from its prior outlook for $41.4 billion to $42.2 billion, and for comparable sales to rise up to 1% or fall up to 1%, rather than come in flat or up 2% as previously estimated.\n\nFull-year adjusted earnings are now on track to be $6.15 to $6.30 a share, instead of the $6.20 to $6.60 a share that Best Buy previously targeted.\n\nFor the quarter that ended May 3, sales ticked down about 1% to $8.77 billion, missing analyst projections for $8.81 billion, according to FactSet.\n\nThe Minneapolis company recorded a profit of $202 million, or 95 cents a share, compared with $246 million, or $1.13 a share, in the same quarter a year earlier.\n\nStripping out one-time items, adjusted earnings were $1.15 a share. Analysts polled by FactSet had been expecting $1.09 a share.\n\nAdvertisement\n\nWrite to Dean Seal at dean.seal@wsj.com",
    "published": "2025-05-29"
  }
]