[
  {
    "source": "WSJ",
    "title": "Power Is Shifting From Treasury to the Commerce Department",
    "summary": "In an era of economic nationalism, Lutnick’s job may turn out to be more important than Bessent’s.",
    "link": "https://www.wsj.com/opinion/power-is-shifting-from-treasury-to-the-commerce-department-lutnick-bessent-46fa4f41?mod=Searchresults_pos9&page=65",
    "content": "Scott Bessent bested Howard Lutnick in a protracted fight to become Donald Trump’s nominee for Treasury secretary. But Mr. Lutnick’s consolation prize, commerce, may be the real trophy.\n\nFor the private sector, Treasury secretary has historically been the most sought-after and closely watched appointment, and Mr. Trump chose Mr. Bessent to assuage Wall Street’s concerns, at least in part. But neoliberalism is waning, and as neomercantilism rises, so does the commerce secretary’s power. This shift can’t be attributed to partisan politics or Mr. Trump’s return to power. It’s the result of an evolving trend in world economics over the past decade.\n\nIn the early 1990s, at the end of the Cold War, the bipolar geopolitical and economic framework gave way to a pursuit of globalization and the promotion of free markets. When I served in the George W. Bush administration, it was the peak of this neoliberal arc, and the role of the Treasury secretary was paramount. In 2006, when Henry Paulson took over at Treasury and I was working at the U.S. Export-Import Bank, I got to participate in the Strategic Economic Dialogue—the high-profile interagency effort Mr. Paulson led to encourage China to be a responsible stakeholder.\n\nBy the time the most profound financial crisis since the Great Depression hit in 2008, I was on Mr. Paulson’s team at Treasury, and I got to witness firsthand his leadership in averting another depression after Congress initially gave him the unprecedented authority to use up to $700 billion through the Troubled Asset Relief Program. The program was known best for the money that Treasury injected into the nation’s banks, but Mr. Paulson and his successor Timothy Geithner also used TARP funds to rescue General Motors and Chrysler.\n\nAs a result of the adverse consequences, a populist backlash ensued. TARP was stigmatized as simply a bailout, and wide disenchantment grew over the uneven distribution of winners and losers from the past quarter-century of increased globalization. By the mid-2010s, the rising populist tide produced a bipartisan embrace of protectionism and industrial policy.\n\nIn this new neomercantilist era, the commerce secretary was empowered with a broader array of consequential levers to pull than the Treasury secretary. Looking to the Treasury secretary to negotiate commitments to lower investment and trade barriers became an antiquated practice.\n\nInstead, financial markets shifted their focus to which companies’ products were being subjected to the Commerce Department’s export controls (aimed at limiting China’s access to technological advancement) and which countries and what products were subject to tariffs. The commerce secretary took the lead on making American companies’ supply chains more resilient. Congress in 2022 passed the bipartisan Chips and Science Act, which gave Commerce Secretary Gina Raimondo , not Treasury Secretary Janet Yellen , nearly $53 billion to invest in domestic semiconductor manufacturing, enabling her to choose and support national champions in this vital industry.\n\nMr. Trump’s America-first agenda will heighten the power shift between the two departments. Regardless of whether Mr. Trump intends his talk of tariffs as a means to an end or an end in themselves, tariffs will remain central to his policy agenda. Commerce under President Biden sought export controls to limit technological risk from China, and Mr. Trump is expected to pursue a broader decoupling. Messrs. Bessent and Lutnick will both have voices in the debate to sway Mr. Trump on policies, but as commerce secretary, Mr. Lutnick will be the one to implement the policies, which will have a material effect on economic growth and financial markets.\n\nThis isn’t to say that the Treasury Department will be rendered impotent. On the contrary, as Treasury secretary, Mr. Bessent will have significant influence on economic matters, including as the administration’s lead on tax policy as congressional Republicans pursue the most substantial tax-reform effort since 2017. Were another major financial crisis to emerge, Mr. Bessent would inevitably be thrust to the fore to develop programs to foster stability, as Treasury Secretary Steven Mnuchin was during the pandemic in 2020. And in the case of a truly unprecedented crisis, Mr. Bessent remains fifth in line for presidential succession, while Mr. Lutnick is 10th.\n\nBut in an environment where economic nationalism is ascending, so necessarily is the commerce secretary.\n\nMr. Myrow served in senior roles at the Export-Import Bank and the Treasury Department 2006-09. He is managing partner of Beacon Policy Advisors.\n\nJournal Editorial Report: Nippon Steel would have helped U.S. workers Photo: Brendan Smialowski/Agence France-Presse/Getty Images",
    "published": "2025-01-09"
  },
  {
    "source": "WSJ",
    "title": "China Makes More Cars Than It Needs. Now, It’s Shakeout Time.",
    "summary": "‘Elimination round’ is likely to cull weaker players in market dominated by EVs and plug-in hybrids",
    "link": "https://www.wsj.com/business/autos/china-auto-industry-outlook-2025-1afec5a0?mod=Searchresults_pos9&page=79",
    "content": "Chinese carmakers such as BYD are already in the top ranks of global EV producers.\n\nExcess capacity among carmakers in China is driving the world’s largest auto market into a shakeout phase.\n\nOverall, car sales in China rose 5.5% last year to 22.9 million vehicles, the China Passenger Car Association said Thursday. Yet that demand is far short of the capacity companies have built up, leading them to cut prices and push into overseas markets to stay in the game.\n\n“The period from 2025 to 2027 marks the elimination round in the automotive industry,” wrote He Xiaopeng, the chief executive of electric-vehicle maker Xpeng, in an internal letter dated Dec. 31 that was seen by The Wall Street Journal. “Competition in 2025 will be fiercer than ever.”\n\nAmong the early losers are foreign brands. General Motors, Volkswagen and Toyota have been bleeding market share to homegrown rivals. Domestic brands accounted for 61% of the local market last year, up 8.6 percentage points from a year earlier, the China car association said.\n\nChinese car makers are ramping up electric-vehicle production, posing a challenge to U.S. automakers. WSJ’s Yoko Kubota traveled to the city of Hangzhou to see the impact of China’s EV boom. Photo: The Wall Street Journal\n\nBut local brands face a reckoning too.\n\nLast year, 23 EV brands either exited China or were consolidated into other brands, while a dozen new brands came to market, according to Stephen Dyer , managing director at AlixPartners. He said 112 brands sold at least one EV in the first nine months of last year.\n\nDyer estimated carmakers in China last year used only about half their capacity.\n\n“State-owned companies and large privately owned companies can survive, but there’ll be a lot of consolidation and attrition among smaller companies, especially ones that don’t have an export footprint,” said Sam Fiorani , who makes global vehicle production and sales forecasts for AutoForecast Solutions.\n\nThe shakeout is a familiar outcome of Beijing’s industrial policy. Central and regional governments first encourage favored industries with subsidies and policy support, then—once a critical mass is achieved—let loose a Darwinian struggle. Similar dynamics have played out recently in solar panels and wind turbines, as well as steel and electronics in the past.\n\nMore than half the new cars sold in China are either full EVs or plug-in hybrids. Photo: Cfoto/DDP/ZUMA PRESS\n\nThe companies that survive the fight often emerge as global champions and sources of national pride. Already, Chinese carmakers such as BYD are in the top ranks of global EV producers.\n\nMore than half the new cars sold in China are either full EVs or plug-in hybrids. In his New Year’s speech, Chinese leader Xi Jinping highlighted the milestone that production of those types of vehicles hit 10 million in 2024.\n\nThe number of EVs and plug-in hybrids sold in China is now approaching the size of the entire car market in the U.S., where around 15.9 million vehicles were sold last year, according to Wards Intelligence.\n\nIn 2024, as many as 227 car models reduced prices, compared with 148 models the year before, according to Cui Dongshu, the car association’s general secretary. Tesla China has been offering zero interest for five years on its car loans and has discounted the Model Y to the equivalent of less than $33,000.\n\nTesla has been holding up better than many of its Western and Japanese counterparts. It sold about 662,000 cars in China last year, an 8% rise, according to GlobalData. Still, it has fallen behind local rivals led by BYD, which sold almost four million vehicles in China last year.\n\nSales by GM’s joint ventures in China fell by more than half between 2018 and last year. AutoForecast Solutions’ Fiorani said GM’s six plants in China were more than it needed. Last month, the company said it expected to take more than $5 billion in noncash charges because of weakness in its China business. GM didn’t reply to a request for comment.\n\nHaving deep-pocketed backers doesn’t ensure a company’s future. In December, videos surfaced on Chinese social media showing angry staffers at a Chinese EV startup surrounding their boss and expressing concern about whether they would receive their salaries and other payments. The startup’s owners, tech giant Baidu and Geely, said its operations were facing challenges and departing employees would be treated fairly.\n\nWilliam Li , the CEO of premium EV maker NIO, said last month that “car companies cannot afford to have any shortcomings,” adding that the industry has entered “the most fierce and brutal phase of competition.”\n\nIn 2025, China’s auto sales are likely to decline because of weakness in the overall economy, according to Bernstein analyst Eunice Lee. Some incentives offered last year, including a cash-for-clunkers program to subsidize purchases, created one-time demand that isn’t likely to be matched this year, although Beijing extended the subsidy program on Wednesday.\n\nChinese carmakers are looking overseas to absorb their production. That is getting harder because of rising trade barriers.\n\nThe European Union in October imposed tariffs of up to 45% on made-in-China EVs, and the Biden administration last year imposed a 100% tariff on Chinese EVs. Data from the Chinese car association show China’s EV exports are still rising but at a slower pace in recent months.\n\nChinese carmakers have set up factories abroad to avoid tariffs, but one of the most prominent of these efforts—a BYD factory in Brazil—has run into trouble. Brazil’s government said in late December that it has halted construction as it investigates what it said were conditions analogous to slavery for some of the workers. BYD said it has fired a subcontractor at the site and doesn’t tolerate violations of human rights and labor laws.\n\nWrite to Clarence Leong at clarence.leong@wsj.com",
    "published": "2025-01-09"
  },
  {
    "source": "WSJ",
    "title": "Did Someone Say Tight Money?",
    "summary": "The Federal Reserve’s premature rate cuts look worse all the time.",
    "link": "https://www.wsj.com/opinion/december-jobs-report-markets-interest-rates-federal-reserve-jerome-powell-2728240e?mod=Searchresults_pos3&page=103",
    "content": "Federal Reserve Board Building in Washington Photo: Jose Luis Magana/Associated Press\n\nWell, that was good while it lasted—about an hour. We’re referring to the good news in Friday’s Labor Department report that the economy created 256,000 net new jobs in December. Wonderful. More people working. Then financial markets opened, and investors sold off stocks and bonds.\n\nThe markets are behaving as if good jobs news is bad news for interest rates and perhaps inflation. They’re not crazy. The economy is more robust and financial conditions easier than the Federal Reserve has been expecting, which means interest rates won’t be coming down as rapidly as investors (and Donald Trump) have hoped.",
    "published": "2025-01-09"
  },
  {
    "source": "WSJ",
    "title": "U.N. Raises Global Growth Forecast, but Warns of Potential Inflation Threat",
    "summary": "An increase in trade barriers would likely reignite price pressures, the organization says ahead of Trump’s plan to impose new tariffs",
    "link": "https://www.wsj.com/economy/global/un-raises-global-growth-forecast-but-warns-that-tariff-rises-could-revive-inflation-5a4e10ad?mod=Searchresults_pos6&page=40",
    "content": "Cargo ships in eastern China’s Shandong province. The U.N. says rising barriers to trade could stall the drop in inflation and curtail rate cuts.\n\nThe United Nations on Thursday raised its growth forecast for the global economy this year, anticipating a boost to investment as central banks continue to lower their key interest rates.\n\nBut the U.N. warned that growth could be weaker if rising trade barriers stall the decline in inflation, and cause leading central banks to hold back on rate cuts. Donald Trump, who is set to become U.S. president on Jan. 20, has said he intends to impose new tariffs on imports from the rest of the world, although the specifics are unclear.\n\nIn its quarterly report on the outlook for the global economy, the U.N. said it now expects output to rise 2.8% this year, having previously forecast an expansion of 2.7%. That upgrade reflected higher forecasts for growth in the U.S. and China, which more than offset more modest expectations for the eurozone and Japan.\n\nThe U.N. expects the global economy to grow at a slightly faster pace of 2.9% in 2026. But its relatively positive assessment hinges on a continued slowdown in inflation. And economists at the global organization warned that might not happen if governments impose fresh barriers to international trade.\n\n“The possibility of higher tariffs and more trade restrictions could disrupt value chains, undermine manufacturing activities, hinder cross-border investments, affect import prices, and reignite inflationary pressures,” the U.N. said.\n\nWith inflation cooling in 2024, a number of central banks began to remove the restriction they had placed on household spending and business investment in response to the surge in consumer prices that followed the Covid-19 pandemic’s onset and Russia’s full-scale invasion of Ukraine.\n\nNewsletter Sign-up What’s News Catch up on the headlines, understand the news and make better decisions, free in your inbox daily. Enjoy a free article in every edition. Preview Subscribed\n\nAccording to the U.N., out of 108 central banks, 67 had lowered their key interest rates by November and 20 were likely to start cutting soon. The rate cuts announced last year helped boost global investment spending after two years of contraction, and further cuts would support that recovery.\n\nHowever, sticky inflation would limit the room for additional cuts in central-bank interest rates and result in a weaker recovery in investment spending than the U.N. expects. Minutes of the Federal Reserve’s December meeting released Wednesday recorded that officials saw risks of higher-than-expected inflation, in part because of potential tariffs.\n\n“Given the possibility of inflationary pressures returning, central banks, especially in large developed economies, could slow the pace of rate cuts,” the U.N. said.\n\nThe U.N. called on governments to cooperate more closely to avert a slowdown.\n\n“Countries cannot ignore these perils,” said António Guterres , the U.N.’s secretary-general. “In our interconnected economy, shocks on one side of the world push up prices on the other. Every country is affected and must be part of the solution.”\n\nHowever, the U.N. acknowledged that “such cooperation is itself under strain,” citing a long list of recent disappointments, including “insufficient progress” on climate change, rising geopolitical tensions and increased protectionism.\n\nThe U.N. warned that some highly indebted poor countries could be hit hard should borrowing costs not fall as rapidly as expected. Another challenge facing poorer countries is the new emphasis in rich countries on reducing their perceived vulnerability to supply disruptions by making more goods at home, or sourcing them from what are viewed as friendly countries.\n\n“Developing countries will thus face new challenges in attracting foreign direct investment crucial for their growth and development,” the U.N. said.\n\nShould the global economy be spared an increase in trade barriers that reanimates inflation, the U.N. forecast that the U.S. economy would grow 1.9% this year, a slowdown from 2024 but a stronger performance than the 1.7% expansion projected in September.\n\nThe U.N. also raised its 2025 growth forecast for China, to 4.8% from 4.5%. But it lowered its growth forecast for the eurozone economy to 1.1% from 1.3%, and its forecast for the Japanese economy to 1% from 1.1%. It continues to expect India’s economy to grow 6.6%.\n\nWrite to Paul Hannon at paul.hannon@wsj.com",
    "published": "2025-01-09"
  },
  {
    "source": "WSJ",
    "title": "Treasury Yields Slip After Recent Gains; U.S. Stock Market Closed",
    "summary": "Extended climb in bond yields has rippled through global markets",
    "link": "https://www.wsj.com/finance/stocks/global-stocks-markets-dow-news-01-09-2025-01209e50?mod=Searchresults_pos15&page=128",
    "content": "The yield on the 10-year U.S. Treasury note edged lower Thursday, snapping a four-day run of gains that took it to its highest level since April.\n\nTrading in the U.S. bond market ended early, at 2 p.m. New York time, and U.S. stock markets were closed for the entire day to mark former President Jimmy Carter ’s memorial.\n\nWhen markets reopen Friday, the spotlight will shift to the monthly employment report, which is expected to show the U.S. economy added around 155,000 jobs in December. Stock-index futures edged lower in a shortened session, as traders looked ahead to that data.\n\nIn global markets, U.K. assets extended a volatile stretch, with the pound falling further and bond yields briefly spiking from already elevated levels.\n\nU.S. stock indexes have drifted higher this year. Some investors worry, though, that Treasury yields, which have risen sharply since early December, are reaching levels where they could start to destabilize stocks.\n\nYields have been driven up by strong U.S. economic data and concerns that President-elect Donald Trump’s policies might boost inflation. The Federal Reserve, meantime, has signaled it won’t cut interest rates as fast as it did last year. Minutes from its last policy meeting showed Fed officials saw risks of higher-than-expected inflation, owing in part to potential tariffs.\n\nThe yield on the 10-year U.S. Treasury note settled at 4.680%, according to Tradeweb. That was up from around 4.2% a month ago and just down from 4.691% Wednesday—the highest closing level since April 25.\n\nYield fell by a larger amount in early trading, but retraced much of those declines while a series of Fed officials made public comments about the economy and the outlook for interest rates.\n\nThe weekslong rise in yields has rippled through overseas markets, particularly the U.K., where a punishing selloff in government bonds initially extended into Thursday, before abating in choppy trading. Even after falling slightly, yields on 10-year and 30-year bonds were close to their highest level since 2008 and 1998 respectively.\n\nCoupled with a slide in the pound, the selloff carries echoes of the 2022 U.K. market meltdown, according to Deutsche Bank strategist Jim Reid. Sterling fell further against the dollar Thursday, to around $1.23.\n\nThe falling pound gave a leg up to the FTSE 100 index of major U.K.-listed companies, which earn much of their money in dollars. But the FTSE 250—packed with smaller domestic companies—fell.\n\nStill, recent moves in bonds and the pound remain far less violent than those during the crisis sparked by former Prime Minister Liz Truss ’s ill-fated “mini-budget.”\n\nThe broader Stoxx Europe 600 index ticked up, as gains in mining stocks offset losses for retailers. Asian markets were mostly down: Hong Kong’s Hang Seng Index shed 0.2% and Japan’s Nikkei 225 lost 0.9%. The yuan, meanwhile, was steady against the dollar after a rough start to the year for the Chinese currency.\n\nStock indexes have drifted higher this year. Photo: Michael Nagle/Bloomberg News\n\nWrite to Joe Wallace at joe.wallace@wsj.com and Sam Goldfarb at sam.goldfarb@wsj.com.",
    "published": "2025-01-09"
  },
  {
    "source": "WSJ",
    "title": "China’s Central Bank Beefs Up Support as Yuan Nears 16-Month Low",
    "summary": "Beijing plans record yuan notes sale in Hong Kong as Trump’s inauguration nears",
    "link": "https://www.wsj.com/world/china/chinas-central-bank-beefs-up-support-as-yuan-nears-16-month-low-7aba98ad?mod=Searchresults_pos6&page=37",
    "content": "The yuan has depreciated against the dollar in the run-up to Donald Trump’s inauguration.\n\nEconomists predict the yuan will weaken further this year due to tariffs, economic growth concerns, and a reliance on exports.\n\nThe People's Bank of China has intervened to defend the yuan by selling central bank bills and setting a strong daily reference rate.\n\nChina's yuan has fallen 1.3% against the dollar since December, nearing a 16-month low due to concerns over potential tariffs and economic weakness.\n\nChina’s currency has had a rough start to 2025.\n\nSince the beginning of December, the yuan has weakened 1.3% against the dollar and is nearing a 16-month low. A dollar now buys around 7.33 yuan. Many economists predict that the Chinese currency will end the year at around 7.5 per dollar, the weakest in nearly two decades.\n\nThe yuan has faced renewed pressure in the run-up to the inauguration later this month of President-elect Donald Trump, who has threatened to impose 60% tariffs on Chinese imports.\n\nThe weakness is driven in part by speculation that China’s central bank could allow the yuan to depreciate more sharply against the greenback in response to tariffs.\n\nA weaker exchange rate versus the dollar and other major trading partners would be one way for Chinese officials to prop up exports affected by higher tariffs. During Trump’s first term, the yuan shed around 13% against the dollar in 2018 and 2019 as tariffs were imposed on a range of Chinese goods entering the U.S.\n\nHowever, a weak yuan signals for some a lack of confidence in China’s economy. It also discourages foreign investors from using it as an investment currency. Chinese leader Xi Jinping called for a “powerful currency” in November, hinting that Beijing preferred a stable yuan that could become a global reserve and settlement currency.\n\nInvestors’ latest clue as to how Chinese authorities might respond came on Thursday when the People’s Bank of China intervened heavily to defend the sagging currency. It announced plans to sell 60 billion yuan, the equivalent of $8.2 billion, of six-month central bank bills in Hong Kong this month, a record amount. Doing so will drain offshore yuan liquidity in Hong Kong and make it harder for traders to short the currency.\n\nThe purpose is clearly to stem further yuan depreciation in the near term, said Becky Liu, the head of China macro strategy at Standard Chartered.\n\nThe People’s Bank of China has also been reining in the yuan’s fall by setting a strong daily reference rate for the currency. Each morning, a unit of the central bank publishes a reference rate for the yuan against a variety of currencies including the U.S. dollar. The onshore yuan is allowed to trade 2% above or below that level during the day.\n\nMost economists and strategists agree that the yuan is set to weaken further this year. While impending tariffs are depressing the currency’s value, patchy economic growth, record-low government bond yields, and the risk of a deflationary spiral also add to its longer-term woes.\n\nCompared with the last trade war when China’s economy grew more than 6% a year and its currency was stronger against the dollar, the currency is facing more downward pressure this time around.\n\nThe yuan’s weakness is partly driven by speculation that China’s central bank could allow it to depreciate more in response to tariffs. Photo: Bloomberg News\n\nA real-estate crunch has battered investment and pummeled consumer spending, leaving China more reliant on exports to power growth than it has been in years.\n\nThe Chinese government has been funneling cash into China’s factories to counter a property bust and foster high-tech industries such as electric vehicles and renewable-energy infrastructure. The result has been ballooning industrial capacity and an export surge, igniting trade tensions not just with the U.S. and Europe, but with big emerging markets such as India and Brazil too.\n\nBumper exports have been underpinned by a favorable exchange rate for Chinese goods and the absence of inflation in China. Economists expect trade to make a hefty contribution to full-year growth when figures are published next week.\n\nBeijing is unlikely to offset the impact of higher tariffs with a sharp devaluation and will instead extend its stimulus efforts to counter the drag on the broader economy, said Tao Wang, chief China economist at UBS, at a briefing with reporters on Thursday. She expects one dollar to buy 7.6 yuan by the end of the year.\n\nThe Chinese onshore yuan hit its weakest level against the U.S. dollar since September 2023 on Thursday, according to FactSet. The offshore yuan, which trades more freely than the onshore currency, settled at 7.36 a dollar in the early evening.\n\nWrite to Rebecca Feng at rebecca.feng@wsj.com and Jason Douglas at jason.douglas@wsj.com\n\nAdvertisement\n\nCorrections & Amplifications\n\nThe offshore yuan settled at 7.36 a dollar. An earlier version of this article incorrectly said it settled at 7.37 a dollar. (Corrected on Jan. 9)",
    "published": "2025-01-09"
  },
  {
    "source": "WSJ",
    "title": "BOJ Grows More Confident That Firms Will Keep Raising Wages",
    "summary": "Companies’ stance on Japan’s annual wage negotiations holds the key to decoding when the next rate hike might happen",
    "link": "https://www.wsj.com/economy/central-banking/more-japanese-companies-seeing-need-for-continuous-wage-hikes-boj-says-3f4a42c7?mod=Searchresults_pos1&page=59",
    "content": "In its quarterly regional economic report, the bank raised its assessment of two out of nine Japanese regions and maintained the view for the rest.\n\nTOKYO—More Japanese companies are seeing the need to keep offering pay increases, the Bank of Japan said Thursday, in the latest sign that the economy is making progress toward growth backed by higher wages.\n\n“Given structural labor shortages and the minimum wage hike, the view that continuous wage increases are necessary is spreading across companies in a wide range of sectors and of various sizes,” the bank said in a summary of discussions at the BOJ’s meeting of regional branch managers on Thursday.\n\nWith the BOJ seen as close to making an additional interest-rate increase, companies’ stance on Japan’s annual wage negotiations holds the key to decoding when the next hike might happen.\n\nAccording to the central bank’s branch managers, not everyone is on the same page yet. Some companies, especially smaller ones, are cautious about giving pay raises because of severe earnings conditions, according to the BOJ’s summary. Other are waiting to see what their competitors will do and haven’t decided on the size of wage increases, the bank said.\n\nIn its quarterly regional economic report, the bank raised its assessment of two out of nine Japanese regions, and maintained the view for the rest. The economies of all nine regions are recovering, although the pace differs in each, the report said.\n\nDespite the signs of economic improvement, views are split over the timing of the BOJ’s next interest-rate increase.\n\nMizuho Securities economist Yusuke Matsuo said Thursday’s announcement offers fresh evidence that the economy is on track to align with the BOJ’s outlook, but that markets may not be fully ready for a rate increase in January.\n\n“The BOJ may want to avoid an aggressive rate hike that could destabilize financial markets and consider postponing any action until the March meeting,” Matsuo said.\n\nThe central bank left its policy rate unchanged in December. BOJ Gov. Kazuo Ueda said at the time that the bank deemed it necessary to wait for clarity on Japan’s wage trends and U.S. economic policies. The bank is scheduled to hold its next meeting on Jan. 23-24.\n\nWage data released earlier in the day showed mixed signals. Total cash earnings rose 3.0% in November from a year earlier, faster than the 2.2% increase seen in October. Meanwhile, inflation-adjusted wages declined for a fourth straight month, falling 0.3% on the year.\n\nThe BOJ’s regional report also showed growing concerns over the potential impact of higher U.S. tariffs under president-elect Donald Trump.\n\n“With orders from China struggling to recover, we are concerned about the possibility that orders from the U.S., which have been solid, may decline going forward due to the effects of tariff hikes,” the report quoted a metal products maker in Osaka as saying.\n\n“Companies will likely make decisions on capital expenditures after the inauguration” of the new U.S. president when details of his economic policies become clearer, said Kazushige Kamiyama, who is in charge of the BOJ’s Osaka branch.\n\nHe added that not many companies in the western region of Japan are front-loading exports to the U.S. ahead of possible tariff increases by Trump.\n\nOsaka is home to major exporters, including electronics makers such as Panasonic and Sharp.\n\nWrite to Megumi Fujikawa at megumi.fujikawa@wsj.com",
    "published": "2025-01-09"
  },
  {
    "source": "WSJ",
    "title": "AI Chip Curbs Trigger Rare Public Fight: Tech Giants vs. China Hawks",
    "summary": "Silicon Valley battles both Biden and Republicans in clash over chip trade",
    "link": "https://www.wsj.com/politics/policy/ai-chip-curbs-trigger-rare-public-fight-tech-giants-vs-china-hawks-3aebbd9b?mod=Searchresults_pos5&page=155",
    "content": "Commerce Secretary Gina Raimondo has expressed frustration with what she described as industry resistance to export controls.\n\nTension between national-security hawks and the biggest American technology companies over China policy has burst out into the open.\n\nThe trigger: a Biden administration plan to limit the global sale of advanced artificial-intelligence chips. It seeks to ensure the U.S. keeps control over the future of AI by blocking Beijing from accessing AI technology through third countries.\n\nThe plan drops the “mother of all regulations” and “does more to achieve extreme regulatory overreach than protect U.S. interests,” said an Oracle executive vice president, Ken Glueck , in a blog post. On the other side, a Republican-led House committee urged the administration to go through with tough curbs, calling it a “once-in-a-generation moment” to block Beijing’s ambitions.\n\nThe battle lines in this clash—a Democratic president and leading Republicans squaring off together against a major U.S. industry—are unusual enough. Just as unusual is the timing, coming in the final days of the Biden presidency. Opponents of the new restrictions say a lame-duck government shouldn’t be making sweeping policy moves.\n\nBut unlike some other areas such as oil drilling, this isn’t a case of President Biden trying to thwart his successor with last-minute decisions promoting Democratic priorities. Many in the camp of President-elect Donald Trump are just as hawkish on China, and the battle by tech companies to forestall anti-China policies they view as harmful is likely to continue in the new administration.\n\nThe gloves came off this week because of anticipation that the Commerce Department would imminently introduce a global export license regime for graphics processing units—the type of chip critical to AI applications—and set sales caps for certain countries. The goal would be to close off loopholes that otherwise could allow China to access AI chips by tapping data centers in regions such as Southeast Asia and the Middle East.\n\nWhile Commerce hasn’t detailed its plans publicly, drafts of the rule have circulated in Washington, industry officials said.\n\nThe limits would be the capstone of the Biden White House’s strategy over the past four years to stymie China’s progress in technology critical to future weapons development and industrial leadership.\n\nIn October 2022, the Biden administration placed restrictions on the export to China of high-end American chips and some tools used to make them. It also prohibited other countries from selling those goods if they used any U.S. technology to produce them. It followed by expanding the curbs several times, most recently in December when it banned the export to China of certain memory chips essential to the training of AI algorithms.\n\nBoth sides in the current dispute agree the rules were a milestone in American policy and have at least hindered China’s AI ambitions by making it hard for Chinese entities to buy the most advanced chips from AI leader Nvidia and others.\n\nJensen Huang, co-founder and CEO of Nvidia, the U.S.-based leader in advanced chips for AI. It has warned against a ‘last-minute rule restricting exports to most of the world.’ Photo: Bridget Bennett/Bloomberg News\n\nThe hawks say the rules have been well-intentioned, but left backdoor routes for China to access U.S. technology. Some say U.S. officials moved so slowly that Beijing was able to stockpile much of the banned technology.\n\nMany tech companies counter that the regulations so far risk hobbling America’s industry leadership.\n\nEven before the public clash this week, tensions had bubbled beneath the surface. Weeks after the first round of U.S. export controls, Nvidia released new chips for the Chinese market that were modified so they didn’t require a U.S. export license. A year later, the U.S. updated its controls, and Nvidia updated its China chips so they would again avoid the export ban.\n\nSuch moves drew the wrath of U.S. officials, who felt that Nvidia wasn’t aligning itself with the spirit of the law, according to people familiar with the matter. Nvidia says the company complies with all applicable export-control laws and requires its customers to do the same.\n\nIn December 2023, Commerce Secretary Gina Raimondo expressed frustration at dealing with what she described as industry resistance to export controls.\n\n“They’re in the business of making money. Every time I take an action, it denies them revenue,” Raimondo said. “We have to be eyes wide open about the threat from China and work together.”\n\nNow tech companies are openly fighting back against policymakers.\n\nA “last-minute rule restricting exports to most of the world would be a major shift in policy that would not reduce the risk of misuse but would threaten economic growth and U.S. leadership,” Nvidia said.\n\nThe Information Technology Industry Council, a Washington-based group that represents Google, Microsoft, Amazon and other large companies, accused the administration of failing to consult companies.\n\nIndustry officials say if U.S. companies had to go through red tape in Washington every time they tried to sell an advanced chip or server overseas, customers would get fed up and opt for more stable and reliable Chinese alternatives, even if inferior.\n\nThat, they said, would give the Chinese industry the foothold it needs to catch up and dominate the AI business globally, replicating Chinese companies’ lead in high-tech areas such as electric vehicles and solar panels.\n\nLawmakers and former White House staffers under both Trump and Biden say that any time advanced American AI technology is sold abroad, it could end up in China’s hands and needs to be regulated for that reason, just as the U.S. wouldn’t allow an American jet fighter sold to Saudi Arabia to be resold to China.\n\nOn Jan. 2, the House Select Committee on the Chinese Communist Party said China “uses illicit methods and loopholes” to access U.S. technology in third countries and “we strongly believe the United States needs a global answer.”\n\n“In the AI competition, a few years is a lifetime,” said Matt Pottinger , who served as Trump’s deputy national security adviser from 2019 to 2021. “Export controls are one area where Biden’s team expanded on Trump’s original work, and Trump can expand on it again to win the AI race,” said Pottinger, now head of Asia-focused research firm Garnaut Global.\n\nThe Biden administration has indicated that it wants to hear industry views on the coming rules but that ultimately national security comes first.\n\nTrump hasn’t recently detailed his position on export controls, but in his first term he blocked Chinese telecommunications equipment leader Huawei and other Chinese civilian tech companies from accessing U.S. technology.\n\nThe Trump transition team has yet to reach out to Alan Estevez , the top Commerce Department official, to discuss export controls, U.S. officials say. That leaves less than two weeks for the incoming administration to coordinate on AI and China export controls. Raimondo, however, has spoken to Trump’s nominee to succeed her, Howard Lutnick . A Commerce spokesman didn’t immediately respond to a request for comment.\n\nTrump’s personnel picks, including incoming national security adviser Michael Waltz , are known for their tough views on China. Jacob Helberg , Trump’s choice as the State Department’s top economic policy and trade official, is a founder of a consortium of tech investors and lawmakers concerned about the rise of China.\n\n“The American people elected President Trump to stand up to China, enforce tariffs on Chinese goods, and Make America Strong Again. He will deliver,” said Karoline Leavitt , a spokeswoman for the incoming administration, in an email.\n\nStu Woo and Raffaele Huang contributed to this article.\n\nWrite to Liza Lin at liza.lin@wsj.com",
    "published": "2025-01-09"
  },
  {
    "source": "WSJ",
    "title": "The CEOs Who Are Tearing Up the Policies Trump Hates",
    "summary": "Companies seeking to benefit from campaign promises to cut regulations and taxes are ditching diversity and climate initiatives; ‘EVERYBODY WANTS TO BE MY FRIEND!!!’",
    "link": "https://www.wsj.com/politics/elections/trump-ceo-diversity-dei-climate-change-1a7208aa?mod=Searchresults_pos3&page=175",
    "content": "Three years after Donald Trump left the White House, he published a coffee-table photobook of his first term that showed him meeting with Mark Zuckerberg in the Oval Office.\n\nThe photo carried an ominous warning.\n\n“We are watching him closely, and if he does anything illegal this time, he will spend the rest of his life in prison,” Trump said in the caption, accusing the Meta founder of steering Facebook against him during his failed 2020 re-election bid.\n\nIn recent days, Zuckerberg made moves seemingly intended for Trump to watch closely. Zuckerberg installed a veteran of the George W. Bush administration as his head of global policy, and he named Dana White —chief executive of Ultimate Fighting Championship and a friend of Trump’s—to Meta’s board of directors.\n\nZuckerberg’s most talked-about decision was the rollback of social-media fact-checking protocols that were introduced in the wake of Trump’s first election. The elections “feel like a cultural tipping point,” Zuckerberg said in a video announcing the change.\n\nOn Friday, after publication of this article, Meta aired a memo on a company messaging board saying it was eliminating the team assigned to diversity. “The legal and policy landscape surrounding diversity, equity and inclusion efforts in the United States is changing,” Janelle Gale, vice president of human resources, said in the memo. “The term ‘DEI’ has also become charged.” Meta declined to comment.\n\nFrom Meta to McDonald’s to Wall Street, America’s corporate bosses aren’t waiting for the Jan. 20 inauguration to start conforming with views favored in the Trump 2.0 universe. What began as a rush to dine with the president-elect at Mar-a-Lago has snowballed into a series of policy moves that mark a shift in the business world.\n\nMeta CEO Mark Zuckerberg announcing the rollback of fact-checking protocols. Photo: Meta\n\nAlongside the change in the White House, business leaders say the nation’s shifting legal landscape and cooling job market is spurring them to reconsider diversity programs, climate-change efforts and other Trump targets.\n\nCompanies seeking Trump’s favor have plenty to gain. Even business leaders who opposed Trump’s re-election acknowledge privately that his promises to cut regulations and taxes would be good for the bottom line.\n\n“Corporate America is seeing an opportunity,” said Jonathan Johnson , former CEO of the online retailer Overstock and a one-time Republican gubernatorial candidate in Utah. “President-elect Trump views himself as a dealmaker-in-chief more than a politician, and so that resonates well with corporate executives who are dealmakers.”\n\nThe corporate reversal is as striking as Trump’s political comeback. His first term ended with an attack on the U.S. Capitol that many business leaders assumed would banish Trump from polite society. The prospect afforded many CEOs a measure of relief. During Trump’s first round in office, he routinely criticized companies, from Boeing to Nordstrom , over a variety of complaints.\n\nDuring those years, the #MeToo and Black Lives Matter movements helped turn workplaces into proxy battlefields for charged cultural and political issues. Trump’s immigration policies and remarks on racial violence also stirred controversy.\n\nAt companies including Google and Spotify, employees expected their bosses to lean left, and proclaim it loudly. Meta suspended Trump’s Facebook account for inciting the Jan. 6 violence at the Capitol four years ago and lifted it in only 2023.\n\nThis week, McDonald’s, which in 2021 said tying diversity goals to executive pay reflected “what a company’s role is in society,” announced it was dropping some measures.\n\nDisney, which in 2022 became embroiled in a fight with Florida’s Republican Gov. Ron DeSantis over an education bill criticized as antigay, last month settled an unrelated defamation lawsuit from Trump by agreeing to contribute $15 million to the president-elect’s future library.\n\nZuckerberg’s announcements, which followed a thaw in relations with Trump after last summer’s assassination attempt, drew the president-elect’s praise. “Honestly, I think they’ve come a long way,” Trump said at a news conference Tuesday.\n\nThe president-elect was asked if he felt Zuckerberg had made the changes in response to his threats. “Probably,” Trump said.\n\nPresident Trump meeting with Mark Zuckerberg on Sept. 19, 2019, in the Oval Office. Photo: Joiyce N. Boghosian/White House\n\nA Meta spokesman referred to Zuckerberg’s remarks this week about how the CEO looked forward to working with Trump to resist foreign censorship of U.S. companies. “We have the opportunity to restore free expression,” Zuckerberg said, “and I’m excited to take it.”\n\nAt a gathering Thursday night of Republican governors at Mar-a-Lago, Trump told reporters that the change of heart among business leaders could be explained by his popular-vote mandate and a desire to “get something done.”\n\n“Jeff Bezos came. Bill Gates came. Mark Zuckerberg came,” the president-elect said, ticking off the business leaders who have met with him since Election Day. “I haven’t had anybody saying anything bad about me. I’m not used to it.”\n\nTo better understand how to gain Trump’s ear, some business leaders have turned to Nikki Haley, the former South Carolina governor and ambassador to the United Nations who challenged Trump in the GOP presidential primaries.\n\nHaley recommended CEOs follow what she called the Dolly Parton approach. The country music star rarely voices her personal politics, even though she has supported gay rights, Covid-19 vaccine research and other philanthropic efforts.\n\n“Everybody loves Dolly Parton,” Haley said in an interview, “and no one knows what she stands for.”\n\nSome business leaders felt shut out during the Biden administration. Many, especially in the tech industry, chafed under the close antitrust scrutiny of the Federal Trade Commission. Silicon Valley CEOs griped to one another about the lack of access to President Biden or his top aides.\n\nNikki Haley speaking at a March 2024 campaign rally in Fort Worth, Texas. Photo: Emil Lippe/Getty Images\n\nTrump is a different story, said Haley, now vice chair of the public-affairs unit at communications firm Edelman. She has told CEOs they should seek face time with Trump and tout plans to add jobs or build products in the U.S. “Go in with the intent of building a relationship,” Haley said. “Talk about what investing you’re going to do in the U.S.”\n\nTrump has basked in the newfound attention. “EVERYBODY WANTS TO BE MY FRIEND!!!” he posted last month on Truth Social.\n\n‘Unburdened’\n\nTrump’s election provides cover for CEOs to change policies without a public backlash, corporate advisers said.\n\nJPMorgan Chase, Morgan Stanley, Citigroup and Bank of America recently withdrew from an ambitious pandemic-era, U.N.-backed climate coalition designed to help businesses reduce carbon emissions. That followed exits from the coalition by Wells Fargo and Goldman Sachs. BlackRock, the New York-based asset manager, announced Thursday it was quitting a similar U.N.-backed climate group.\n\nSome bank executives privately say they never wanted to be part of the initiative, but felt strong-armed to participate by Democrats. The Trump win offers them an easy out.\n\n“There are a lot of companies that feel—what’s the Kamala Harris word?—‘unburdened’ by the past,” said David Urban , managing director of lobbying firm BGR Group and a Trump friend. “Companies just want to be in business.”\n\nFans greeting President-elect Trump this month at Mar-a-Lago in Palm Beach, Fla. Photo: chandan khanna/Agence France-Presse/Getty Images\n\nIt isn’t unusual for corporate bosses to reach out to a new administration, trying to anticipate how policy changes will affect their bottom line. High-stakes issues slated for Trump’s second term—including immigration restrictions, tariffs and tax rates—could fundamentally change the way their businesses operate.\n\nOne reason executives say they are more willing to embrace Trump is his more decisive victory in the 2024 election compared with the 2016 nail-biter.\n\nTrump’s win also coincided with a softer labor market, which shifts some power away from workers. Corporate bosses say that with jobs tougher to come by, they don’t have to worry as much about losing employees upset over corporate responses—or silence—regarding political matters.\n\nMore similarity\n\nThe 2023 Supreme Court decision to ban affirmative action in college admissions has also prompted policy changes to avoid the risk of litigation or shareholder activism.\n\nMcDonald’s this week said it would end diversity goals for its employees and suppliers. In a memo explaining the changes, executives said the company had “assessed the shifting legal landscape” after the Supreme Court decision. Walmart said a few weeks after the November election that it wouldn’t renew funding for a charity it created to address racial disparities, as well as other changes to its diversity programs.\n\nMeredith Benton , the founder of Whistle Stop Capital, which advocates for progressive social and environmental practices at companies, said both the high-court ruling and Trump’s election win have opened a new chapter in the evolving dynamic between business and politics.\n\nFor one, it has already quieted some investors. “Investors of all stripes are being more cautious about speaking up publicly,” Benton said, unsure what kind of views will draw criticism.\n\nA number of high profile officials picked to serve in the Trump administration have targeted what they cast as “woke” corporations. Stephen Miller , the incoming deputy chief of staff for Trump, headed the conservative group America First Legal, which has filed lawsuits against companies over diversity initiatives.\n\nHarmeet Dhillon, a Trump nominee for assistant Attorney General, speaking in Dana Point, Calif. Photo: PATRICK T. FALLON/AFP via Getty Images\n\nHarmeet Dhillon , Trump’s nominee as assistant Attorney General for Civil Rights, has a history of “suing corporations who use woke policies to discriminate against their workers,” the president-elect said in announcing the nomination. Dhillon’s law firm represented Robby Starbuck , a social-media activist who launched campaigns against corporate diversity policies, during Starbuck’s failed 2022 bid for a congressional seat in Tennessee.\n\nExecutives also say that Trump’s victory in the popular vote reflects a majority view among Americans and that they are acting accordingly. A Pew Research Center survey in the fall found that American workers’ support of corporate diversity efforts has softened.\n\nAmong those polled, 52% said improving diversity at work was mainly a good thing compared with 56% in early 2023. Among Republican and Republican-leaning workers responding to the poll, disapproval rose to 42% from 30% during the same period.\n\nMar-a-Lago meetups\n\nCorporate advisers say they have been struck by the urgency of executives trying to connect with Trump and his circle, in the expectation that the new administration will move swiftly.\n\n“Businesses are looking now and saying there is a lot of change that is on the table, and it’s not small things, it’s big things,” said Tom Leppert , a former Republican mayor of Dallas who also once ran companies such as construction giant Turner and the education company Kaplan.\n\nPrivate jets shuttled a line of CEOs to Mar-a-Lago soon after Election Day. Then came a cascade of $1 million corporate donations to Trump’s inauguration fund from such behemoths as Amazon, Uber and Meta, as well as smaller players, including telehealth brand Hims & Hers.\n\nThe seven-figure donations follow a shrewd political calculus, a relatively small price for a public gesture of goodwill to the new administration, public affairs executives said. Donors who give $1 million receive six tickets to inaugural events, including a reception with cabinet appointees, a “candlelight dinner” with Trump and Melania Trump and a black-tie ball.\n\nPresident-elect Trump and his wife, Melania Trump, speaking to reporters at Mar-a-Lago on Dec. 31, 2024. Photo: Eva Marie Uzcategui/Getty Images\n\nPfizer CEO Albert Bourla and members of his C-suite held a meeting at Mar-a-Lago this week, which the company has done in past years, according to a person familiar with the matter. Bourla was also among pharmaceutical industry officials who met with Trump for dinner at Mar-a-Lago in December.\n\nAmazon’s Prime Video announced in the past week that it would stream a forthcoming documentary on Melania Trump. Amazon won the distribution rights over rival studios, including Disney and Paramount, according to a person familiar with the matter. The competition was driven by the strong sales of her recent memoir, “Melania,” the person said.\n\nAfter trading insults with Trump in the past, Amazon founder Jeff Bezos traveled with his fiancée, Lauren Sánchez, to Mar-a-Lago for dinner with Trump. Bezos also blocked the editorial board at the Washington Post, which he owns, from endorsing a presidential candidate, costing the newspaper around a quarter of a million subscriptions at the time.\n\nIn their meetings at Mar-a-Lago, some corporate leaders have expressed relief to the president and his team that the pressure on diversity programs will ease, according to people familiar with the discussions, and they can go back to core business responsibilities.\n\nBusiness advisers point out that Trump and executives are in a honeymoon phase that might change once he takes office and, for instance, follows through on promises of mass deportations. During Trump’s first term, executives joined in public statements criticizing the administration’s policies on immigration and other heated topics.\n\nThis time, these advisers say, the bar for dissent will likely be much higher. CEOs might speak up if Trump does something to challenge the rule of law or make it impossible for businesses to operate, according to an executive in charge of communications at one multinational company.\n\nOtherwise, he said, he expects businesses to remain largely quiet over the next four years.\n\nThe convoy ferrying President-elect Trump from the Trump International Golf Club in Palm Beach, Fla., on Jan. 1. Photo: Eva Marie Uzcategui/Getty Images\n\nAlex Leary, Gina Heeb, Sarah Nassauer. Jared Hopkins and Meghan Bobrowsky contributed to this article.\n\nWrite to Erich Schwartzel at erich.schwartzel@wsj.com and Chip Cutter at chip.cutter@wsj.com",
    "published": "2025-01-09"
  },
  {
    "source": "WSJ",
    "title": "Power Is Shifting From Treasury to the Commerce Department",
    "summary": "In an era of economic nationalism, Lutnick’s job may turn out to be more important than Bessent’s.",
    "link": "https://www.wsj.com/opinion/power-is-shifting-from-treasury-to-the-commerce-department-lutnick-bessent-46fa4f41?mod=Searchresults_pos18&page=15",
    "content": "Scott Bessent bested Howard Lutnick in a protracted fight to become Donald Trump’s nominee for Treasury secretary. But Mr. Lutnick’s consolation prize, commerce, may be the real trophy.\n\nFor the private sector, Treasury secretary has historically been the most sought-after and closely watched appointment, and Mr. Trump chose Mr. Bessent to assuage Wall Street’s concerns, at least in part. But neoliberalism is waning, and as neomercantilism rises, so does the commerce secretary’s power. This shift can’t be attributed to partisan politics or Mr. Trump’s return to power. It’s the result of an evolving trend in world economics over the past decade.\n\nIn the early 1990s, at the end of the Cold War, the bipolar geopolitical and economic framework gave way to a pursuit of globalization and the promotion of free markets. When I served in the George W. Bush administration, it was the peak of this neoliberal arc, and the role of the Treasury secretary was paramount. In 2006, when Henry Paulson took over at Treasury and I was working at the U.S. Export-Import Bank, I got to participate in the Strategic Economic Dialogue—the high-profile interagency effort Mr. Paulson led to encourage China to be a responsible stakeholder.\n\nBy the time the most profound financial crisis since the Great Depression hit in 2008, I was on Mr. Paulson’s team at Treasury, and I got to witness firsthand his leadership in averting another depression after Congress initially gave him the unprecedented authority to use up to $700 billion through the Troubled Asset Relief Program. The program was known best for the money that Treasury injected into the nation’s banks, but Mr. Paulson and his successor Timothy Geithner also used TARP funds to rescue General Motors and Chrysler.\n\nAs a result of the adverse consequences, a populist backlash ensued. TARP was stigmatized as simply a bailout, and wide disenchantment grew over the uneven distribution of winners and losers from the past quarter-century of increased globalization. By the mid-2010s, the rising populist tide produced a bipartisan embrace of protectionism and industrial policy.\n\nIn this new neomercantilist era, the commerce secretary was empowered with a broader array of consequential levers to pull than the Treasury secretary. Looking to the Treasury secretary to negotiate commitments to lower investment and trade barriers became an antiquated practice.\n\nInstead, financial markets shifted their focus to which companies’ products were being subjected to the Commerce Department’s export controls (aimed at limiting China’s access to technological advancement) and which countries and what products were subject to tariffs. The commerce secretary took the lead on making American companies’ supply chains more resilient. Congress in 2022 passed the bipartisan Chips and Science Act, which gave Commerce Secretary Gina Raimondo , not Treasury Secretary Janet Yellen , nearly $53 billion to invest in domestic semiconductor manufacturing, enabling her to choose and support national champions in this vital industry.\n\nMr. Trump’s America-first agenda will heighten the power shift between the two departments. Regardless of whether Mr. Trump intends his talk of tariffs as a means to an end or an end in themselves, tariffs will remain central to his policy agenda. Commerce under President Biden sought export controls to limit technological risk from China, and Mr. Trump is expected to pursue a broader decoupling. Messrs. Bessent and Lutnick will both have voices in the debate to sway Mr. Trump on policies, but as commerce secretary, Mr. Lutnick will be the one to implement the policies, which will have a material effect on economic growth and financial markets.\n\nThis isn’t to say that the Treasury Department will be rendered impotent. On the contrary, as Treasury secretary, Mr. Bessent will have significant influence on economic matters, including as the administration’s lead on tax policy as congressional Republicans pursue the most substantial tax-reform effort since 2017. Were another major financial crisis to emerge, Mr. Bessent would inevitably be thrust to the fore to develop programs to foster stability, as Treasury Secretary Steven Mnuchin was during the pandemic in 2020. And in the case of a truly unprecedented crisis, Mr. Bessent remains fifth in line for presidential succession, while Mr. Lutnick is 10th.\n\nBut in an environment where economic nationalism is ascending, so necessarily is the commerce secretary.\n\nMr. Myrow served in senior roles at the Export-Import Bank and the Treasury Department 2006-09. He is managing partner of Beacon Policy Advisors.\n\nJournal Editorial Report: Nippon Steel would have helped U.S. workers Photo: Brendan Smialowski/Agence France-Presse/Getty Images",
    "published": "2025-01-09"
  },
  {
    "source": "WSJ",
    "title": "‘The Missing Thread’ Review: Women of War and Empire",
    "summary": "Queen Teuta of Illyria held an audience with two Roman ambassadors. When one of them disrespected her, she had the envoy killed.",
    "link": "https://www.wsj.com/arts-culture/books/the-missing-thread-review-women-of-war-and-empire-1cf6efbb?mod=Searchresults_pos14&page=38",
    "content": "The ancient Greeks named the world’s first created woman not Eve but kalon kakon—“the beautiful-evil thing,” in the words of the poet Hesiod. He came from Cyme, in modern-day Turkey, and flourished around the time of the epic poet Homer (ca. 750-650 B.C.). Elsewhere in his writings, Hesiod gives the kalon kakon another name: Pandora, the giver of all, the progenitor of everything malign on earth—hence the myth of Pandora’s box, which released into the world famine, disease, war and other afflictions.\n\nIn “The Missing Thread,” the historian Daisy Dunn sifts through millennia of misogyny to give us back the names and lives of women normally neglected or censured, to build a foundational understanding of ancient civilizations, and to help us experience antiquity through the lens of the 50% of the human population who occupy a fraction of recorded history.\n\nThere’s the female baker who refused to poison the rich king of Lydia, Croesus, and was rewarded by the grateful monarch with a statue at Delphi. Queen Pheretime, a sixth-century B.C. ruler from Cyrene (in modern-day Libya) took revenge on her son’s killers by having them impaled in public. And we meet Queen Teuta of Illyria, who boldly assassinated a Roman ambassador for disrespecting her.\n\nStarkly apparent from Ms. Dunn’s work is the truth that the ancient world was saturated with brutality. Women were often remembered as the victims of violence. The most notable names from early Roman history are the quasimythical Sabine women and Lucretia, all legendary victims of rape, as was Romulus and Remus’ mother, the Vestal Virgin Rhea Silvia. Yet one of the most prominent deities of antiquity from the Bronze Age onward was Inanna (also known as Ishtar or Astarte), the goddess of war and desire, ancestor to the figure we call Venus or Aphrodite. At Inanna’s festivals in Babylon and elsewhere priestesses would dress as priests and vice versa. The goddess embodied both sex and violence: Sumerian kings imagined sleeping with a behorned Inanna to protect them in battle and the goddess was thought capable of poisoning the world and flattening crops and men merely by raising her voice. Powerful females clearly equaled trouble.\n\nMs. Dunn, whose books include “In the Shadow of Vesuvius: A Life of Pliny” (2019), introduces us to some powerful women indeed. They include the world’s first named author that we know of to date. Enheduanna was an acolyte of Inanna, a poet-priestess-princess who lived 4,300 years ago in the Sumerian city of Ur. In rich and sensuous lyrics praising the goddess, Enheduanna blasts out verses describing the joy of orgasm and female battle cries.\n\nEurydice, the grandmother of the Macedonian conqueror Alexander the Great, taught herself to read and write, and ensured the women of her society managed their own finances and moved about freely without the need for male guardians. Eurydice’s recently restored statue in the fabulous Polycentric Museum of Aigai—in the Greek town of Vergina— shows a strong-jawed woman with an adamantine stare; one can imagine a source of Alexander’s globe-conquering drive.\n\nThere are similar revelations from Etruscan culture. On a bronze mirror from Praeneste in central Italy, an Etruscan woman and a man, both naked from the waist up, are playing an ancient version of backgammon. “I’m going to win,” the woman says in an inscription. “I don’t doubt it,” replies her companion. Etruscan women were said to raise their children communally and to snuggle up together with husbands at dinner “beneath a single blanket”—whereas Greek wives were always absent at symposia, and Roman women had to sit upright while their husbands reclined to eat.\n\nEtruscan, Babylonian, Greek and Roman women all wove, often together. Textile art was a form of expression, community and memory: woven history. The earliest known Greek writing in Italy, from ca. 775 B.C., decorates an urn with the name EYLIN (“Good Spinner”). Today, on the island of Kihnu in the Baltic Sea, members of the female-dominated community still weave their own clothes, stitching their personal histories and emotions into their attire. A skirt with black or blue stripes signifies that the wearer is sorrowful on that day. Ms. Dunn’s book reminds us that a trio of female characters, the mythological Fates, spun the thread believed to determine the form of human lives.\n\nMs. Dunn offers a resonant moment in the story of the clever Carthaginian princess Elissa —known later as Dido, the lover of the Trojan hero Aeneas—who asked for a patch of land the size of an ox-hide from a Tunisian king. The king happily gave Dido this paltry morsel, then watched in horror as she cut the hide into thin strips, marking a perimeter large enough to found a whole city. The myth has an echo in the real story of the modern Greek daughters and wives who were given barren land on coastlines while their brothers inherited the fertile interior—only to cash in from the 1980s onwards as tourism boomed, making these coast-owning heiresses rich.\n\nMore than two decades ago, I was told firmly by the BBC that a proposed program on the “Women Who Ruled the World” would be a mere progression of “king’s mistresses.” Yet the very point was to rescue women’s complex stories from a morass of neglect. Ms. Dunn has done just that, even if dealing with a span of 5,000 years and multiple continents means that “The Missing Thread” passes lightly over some of these powerful figures. She has written a timely book that will illuminate and inspire.\n\nMs. Hughes’s latest book is “The Seven Wonders of the Ancient World.”\n\n.",
    "published": "2025-01-09"
  },
  {
    "source": "WSJ",
    "title": "U.K. Bond Yields Hit Highs Not Seen Since 1998",
    "summary": "Worry over the economy, public finances sends sterling to lowest level since 2023",
    "link": "https://www.wsj.com/finance/u-k-bond-yields-hit-highs-not-seen-since-1998-7f340656?mod=Searchresults_pos10&page=105",
    "content": "Sterling continues to sag against the dollar amid concern over government borrowing levels and a generally lackluster economy.\n\nAnalysts caution that the situation is still a far cry from the crisis caused by former Prime Minister Liz Truss's controversial budget in late 2022, but the gilt selloff has grabbed headlines.\n\nThe surge in yields began after weak demand at an auction of 30-year gilts, and mirrors a recent jump in bond yields globally, particularly among U.S. Treasurys.\n\nU.K. government bond yields hit their highest levels since 1998, while the British pound fell against the dollar amid concerns about government borrowing and a weak economy.\n\nYields on U.K. government debt rose to their highest levels since 1998 while the British pound continued to sag against the dollar, amid investor worries about the increasing levels of government borrowing and a generally lackluster economy.\n\nThe yield on the 30-year gilt, as U.K. government bonds are called, hit 5.455% earlier Thursday, while the yield on the 10-year gilt rose to 4.921%, the highest level since 2008. The pound remained under sustained pressure, falling 0.6% against the dollar to around $1.23.\n\n“The gyrations seen in U.K. gilts have been extreme, with investors particularly concerned over the outlook for Britain’s economy and the state of public finances,” said Ebury head of market strategy Matthew Ryan.\n\nThe surge in yields began Tuesday following weak demand at an auction of 30-year gilts. Bond yields rise when prices fall.\n\nThe gilt market weakness mirrors a recent jump in bond yields globally, particularly among U.S. Treasurys. After expectations of steady interest-rate reductions in recent months, inflation in many places around the world continues to prove sticky, forcing investors to re-evaluate those bets and sell off bonds.\n\nWhat alarms investors about U.K. debt, in particular, is that a continued selloff in gilts could pose problems for government finances, potentially forcing Treasury chief Rachel Reeves to either raise taxes further or cut public spending to ease investor worry.\n\nEither move would risk denting fragile U.K. economic growth even further. Reeves’s autumn budget included tax rises and high borrowing in order to fund investment and stimulate growth.\n\nThe Bank of England said late Thursday that it is keeping a close eye on price moves in the market for U.K. government bonds. They have so far been “orderly,” Deputy Governor Sarah Breeden said in answer to a question following a speech in Scotland.\n\n“Of course we’re monitoring what’s happening in the gilt market,” said Breeden, who is responsible for overseeing financial stability at the U.K.’s central bank. “A lot of the price moves reflect global factors and that’s to be expected as markets react to news about what the outlook is for the fiscal position.”\n\nCooling inflation and signs of weakening growth suggest the Bank of England should continue to lower its key interest rate, but at a gradual pace, Breeden said.\n\nEarlier, Chief Secretary to the Treasury Darren Jones—the country’s deputy Treasury chief—also said it was normal for gilt prices to move around in line with swings in global markets.\n\n“Underlying demand for the U.K.’s debt remains strong, with a generally well-diversified investor base. The Debt Management Office’s gilt sales operations continue to see strong demand,” he said.\n\nStill, the concurrent fall in the pound demonstrates how investors have been taking on an increasingly bearish view of the U.K. economy more generally. Typically, a currency rises when bond yields increase.\n\nSticky inflation, government spending, higher U.S. bond yields and high levels of U.K. government-bond issuance will likely keep gilt yields rising, ING rates strategists Michiel Tukker and Benjamin Schroeder said in a note.\n\nThe bond market action has evoked memories from late 2022 when former Prime Minister Liz Truss ’s controversial budget—including large-scale unfunded tax cuts—caused gilt yields to jump and sterling to slide. The market turmoil forced Truss’s resignation and helped set the stage for Reeves’s Labour party to win decisively in last year’s general election.\n\nSome analysts cautioned that the situation is still a far cry from that crisis.\n\n“This is more likely just an overreaction to gilts hitting key technical levels that were last associated with the bond market turmoil under former Prime Minister Liz Truss,” Monex Europe currency analyst Nick Rees said.\n\nMike Riddell , portfolio manager at Fidelity International, said the gilt selloff has grabbed the headlines but pointing fingers at the government might be misplaced.\n\n“This would miss the point; it is mainly a global fixed income story,” he said.\n\nBy late afternoon in London, 10-year and 30-year gilt yields were trading off daily highs but remained elevated.\n\nPaul Hannon contributed to this article.\n\nAdvertisement\n\nWrite to Emese Bartha at emese.bartha@wsj.com",
    "published": "2025-01-09"
  },
  {
    "source": "WSJ",
    "title": "Exclusive | UBS Close to Large Settlement Over Credit Suisse Tax Case",
    "summary": "Credit Suisse pleaded guilty in 2014 to helping Americans evade taxes but still harbored hidden accounts",
    "link": "https://www.wsj.com/finance/regulation/ubs-close-to-large-settlement-over-credit-suisse-tax-case-078f307e?mod=Searchresults_pos8&page=34",
    "content": "UBS set aside around $4 billion in legal provisions as part of its rescue of Credit Suisse, to go toward unresolved probes and lawsuits that had been brought against Credit Suisse.\n\nThe settlement could come as soon as this week and would be one of the last big actions for the Justice Department under the departing Biden administration.\n\nUBS is close to paying hundreds of millions of dollars to settle violations by Credit Suisse of an earlier agreement with the U.S. Justice Department over American clients who evaded tax.\n\nUBS UBS 0.08 %increase; green up pointing triangle is set to pay at least hundreds of millions of dollars to settle violations by Credit Suisse of an earlier agreement with the U.S. Justice Department over American clients who evaded taxes, people familiar with the matter said.\n\nA settlement could come as soon as this week, one of the people said. Prosecutors have weighed how best to punish Credit Suisse since it came under new ownership via a rescue by UBS in 2023. It could be one of the last big actions for the Justice Department under the departing Biden administration, which promised to crack down on repeat corporate offenders.\n\nCredit Suisse pleaded guilty in 2014 to conspiring to help thousands of Americans cheat on their taxes. It paid $2.6 billion to U.S. authorities and entered a plea agreement requiring it to root out and shut any remaining undeclared American-held accounts. The payout was partly based on a $1.33 billion criminal fine, which was half of the maximum indicated by U.S. guidelines.\n\nThe Swiss bank promised to provide the Justice Department with information on the accounts it shut and where the money went next. Failing to do so left it open to further punishment.\n\nThe bank collapsed after a loss of trust in 2023 by its customers and investors, following years of scandals and billions of dollars in penalties paid to authorities. UBS set aside around $4 billion in legal provisions as part of its rescue of the bank, to go toward unresolved probes and lawsuits that had been brought against Credit Suisse.\n\nUBS has sought to draw a line under Credit Suisse’s outstanding issues, which include allegations it hosted more Nazi-tied clients in World War II than it previously disclosed, and a legal battle with Georgian billionaire Bidzina Ivanishvili , who was recently sanctioned by the U.S. for allegedly undermining democracy in his country and leaving it vulnerable to Russian influence.\n\nThe Wall Street Journal previously reported that Justice Department officials questioned Credit Suisse about hundreds of millions of dollars in accounts belonging to U.S. citizens that the bank closed soon after its guilty plea, but didn’t immediately report. Because of the lack of reporting, some taxpayers were able to move their accounts elsewhere undetected.\n\nThe Senate Finance Committee also studied the matter, and in April 2023 said Credit Suisse failed to report bank transfers tied to what it says may be an ongoing criminal tax conspiracy involving more than $100 million held by a family with dual citizenship in the U.S. and Latin America. It said the bank had identified other undeclared accounts too.\n\nFor years, Swiss banks were a haven for Americans and others to stash untaxed wealth, with little chance their home tax authorities would find out about it. Bankers hand-delivered cash to customers in the U.S., and opened offshore trusts for them to avoid detection by the Internal Revenue Service.\n\nIn the 2000s, U.S. authorities launched multiple probes of Swiss banks, leading to a slew of criminal and civil actions. UBS paid $780 million in 2009. To avoid being shut out of the U.S. financial system, Switzerland agreed its banks could share information on American account holders. Nearly 100 banks entered agreements with the U.S. to come clean about undeclared American accounts.\n\nShortly after Credit Suisse agreed to the 2014 settlement, a former employee alleged to the Justice Department that Credit Suisse was still concealing accounts. In 2016, a University of Rochester professor pleaded guilty to amassing $200 million that wasn’t declared to the IRS.\n\nWrite to Margot Patrick at margot.patrick@wsj.com, Emily Glazer at Emily.Glazer@wsj.com and Dave Michaels at dave.michaels@wsj.com\n\nAdvertisement",
    "published": "2025-01-09"
  },
  {
    "source": "WSJ",
    "title": "Lebanon Elects New President in Sign of Hezbollah’s Waning Influence",
    "summary": "Pummeled by war with Israel, the Iranian-backed group cedes ground domestically",
    "link": "https://www.wsj.com/world/middle-east/lebanon-elects-new-president-in-sign-of-hezbollahs-waning-influence-d60fd7a1?mod=Searchresults_pos18&page=109",
    "content": "Lebanon’s Parliament elected a U.S.-trained general as president, ending a two-year vacancy in a sign of Hezbollah’s waning influence following a bruising war with Israel and the weakening of the group’s Iranian patron.\n\nAfter obstructing the election of any other candidate by withdrawing from a dozen previous sessions and thus depriving Parliament of quorum, Hezbollah and its allies voted in favor of Gen. Joseph Aoun as the country’s next president on Thursday, according to a Hezbollah lawmaker. Ninety-nine out of 128 members of Parliament voted for Aoun in the second round of voting, according to the Parliament speaker. In the first round, Hezbollah didn’t vote for Aoun, which it said was a message that its consent was still needed.\n\nAoun, who has headed the Lebanese military since 2017, takes power as the country looks to pick up the pieces from Israel’s intensive bombardment and invasion of parts of southern Lebanon that it launched in response to Hezbollah’s attacks.\n\n“I pledge to execute my role as the head of the armed forces to insist on the right of the state to have a monopoly over weapons,” Aoun told Parliament upon being elected.\n\nHezbollah’s Lebanese rivals oppose its use of force outside the law and accuse it of undermining or co-opting state institutions. Hezbollah says its weapons are needed to confront Israel and protect Lebanon, whose national military headed by Aoun is relatively weak.\n\nLebanon’s lack of a president has left it with a caretaker government, a vacuum that has worsened the country’s five-year-old economic crisis, which the World Bank says is one of the world’s worst in the past 150 years. Government institutions were already hollowed out by years of corruption and political deadlock. The national army, which receives some aid from the U.S., was weaker than Hezbollah before last year’s war.\n\nLebanon’s main political parties had been unable to agree on a new president since the previous leader left office at the end of his term in 2022. The Biden administration began pushing last year to take advantage of Hezbollah’s weakening from Israeli attacks to break the political impasse, a move that some Arab governments rejected as unrealistic and dangerous.\n\nU.S. special envoy Amos Hochstein , who visited Lebanon this week to support Aoun, called his election “a step toward peace, security and stability.”\n\nHezbollah, a Shiite Muslim militia and political party, and its allies had previously blocked the election of any candidate they didn’t back. The group was founded with Iranian backing in response to a previous Israeli invasion of Lebanon in 1982, eventually becoming the country’s dominant armed force and indispensable political player.\n\nThe peak of Hezbollah’s power inside Lebanon came around 2016, when it imposed its choice as president, Michel Aoun , who is unrelated to the new leader. That was the first time the Shiite group tipped the balance in filling the post, which under longstanding political agreements is always filled by a Maronite Christian, while the prime minister is a Sunni and the Parliament speaker is a Shiite.\n\nLebanese Parliament Speaker Nabih Berri claps as Joseph Aoun stands after being elected as the country’s president in Beirut. Photo: mohamed azakir/Reuters\n\nBut last year, Israel eliminated much of Hezbollah’s senior leadership, deployed booby-trapped pagers that killed and wounded thousands of members, and heavily bombed areas where the group had support and a strong presence, especially in Lebanon’s south and east.\n\nHezbollah’s might has also been diluted by the decline of Iranian influence across the region, including last month’s toppling of Syrian dictator Bashar al-Assad , whom Tehran and Hezbollah had helped prop up for years. Syria’s military intervened in Lebanon’s civil war in 1975 and then occupied the country until 2005, by which point Hezbollah was ascendant.\n\nIsrael, Iran and Saudi Arabia, which has historically used its oil wealth to help shape Lebanon’s political and economic trajectory, congratulated Lebanon on filling the presidential vacancy.\n\nHezbollah’s declining status in Lebanon has been seen in other ways, besides the presidential election, in which the group’s preferred candidate, Suleiman Frangieh, dropped out at the last minute and threw his support behind Joseph Aoun, who is 60.\n\nIn December, three pro-Hezbollah activists were detained following a lawsuit brought against them by a local television channel accusing them of defamation and intimidation. Lawmakers from the group, which has long used its influence to quietly shield members from prosecution by the state, were forced to protest outside state-security agencies to secure the men’s release. A senior lawmaker, Ibrahim Mousawi, was even denied entry to the protest by security forces.\n\nLast week, passengers arriving in Beirut on an Iranian commercial plane were thoroughly inspected after Lebanese authorities suspected the flight was transporting money for Hezbollah, according to Lebanese authorities. Interior Minister Bassam Mawlawi defended the inspection as routine and emphasized that Lebanese airport security would address any attempts to smuggle illicit funds into the country.\n\nThere are also signs of discontent inside Hezbollah’s own support base, with some people complaining on social media about the paltry checks they have received from the group to help rebuild homes destroyed by Israeli bombardment.\n\nIsrael’s campaign killed thousands of people and temporarily displaced more than a million people, according to Lebanese officials. It came in response to Hezbollah firing rockets and missiles at Israel in support of Hamas in Gaza. Israel said it needed to push Hezbollah away from the border so that tens of thousands of people could feel safe returning to their communities in northern Israel.\n\nA cease-fire deal in November that calmed months of cross-border bloodshed has been strained by alleged violations on both sides. Under the terms of the agreement, Israeli forces are supposed to pull out completely in less than three weeks and be replaced by Lebanese army troops under Aoun’s control.\n\nWhile Hezbollah has been diminished, it maintains lethal powers and the ability to intimidate its Lebanese rivals, a senior U.S. diplomat said last week.\n\n“They won’t cede their coercive powers easily, but their avenues of support have been steadily attrited,” the diplomat said. “Iran is not the colossus bestride the region that it appeared to so many people as it was two years ago, and all of that is having a knock-on effect on Hezbollah…And the shift in Syria itself I think is going to just cause a series of waves that rock their diminished boat.”\n\nWhat remains of Hezbollah has lost the veto power that it exercised over Lebanese politics for the last 20 years, said Rym Momtaz, a security analyst at the Carnegie Endowment for International Peace, a think tank in Washington.\n\n“The Lebanese political parties have an historic opportunity to break away from decades of Syrian-Iranian dictates. But in order for them to be successful, they also need to understand that there’s a need for very deep reforms and that things can’t go on the way they had,” said Momtaz.\n\nAoun, who successfully confronted Islamic State and an al Qaeda affiliate in Lebanon a decade ago, takes over at a precarious moment. Anyone seen as taking power as a result of Israel’s attacks on Lebanon could face blowback from the Lebanese public and rival political forces, political analysts and diplomats said.\n\nAnalysts say Aoun gained popularity among many Lebanese for his handling of Islamist militancy at the height of the Syrian civil war next door and later on for permitting protests against the political elite in 2019. He also has good relations with the U.S., France and Saudi Arabia—historically some of Lebanon’s biggest donors.\n\nThere are also fears that efforts by other Lebanese parties to disarm Hezbollah could lead to internecine fighting in a country that suffered a debilitating 15-year war ending in 1990. Many of the country’s political factions are led by former warlords from that conflict.\n\nRenewed civil war is unlikely, according to analysts, but clashes and instability remain a real possibility.\n\n“The fear factor persists, even though they are dramatically weakened,” said David Schenker, who was the State Department’s top Middle East official under the first Trump administration. “There’s also a concern about Hezbollah’s resurgence, that they’re going to come back somehow,” said Schenker, now a fellow at the Washington Institute for Near East Policy.\n\nWrite to Stephen Kalin at stephen.kalin@wsj.com\n\nConflict in the Middle East Latest news and key analysis, selected by editors\n\nCorrections & Amplifications\n\nJoseph Aoun is a general in the Lebanese army. An earlier version of this article incorrectly said he is a brigadier general. (Corrected on Jan. 9)",
    "published": "2025-01-09"
  },
  {
    "source": "WSJ",
    "title": "Notable & Quotable: Voters Want Strength",
    "summary": "‘I’ll not fall for the bait. I watched Trump’s press conference. I will take him seriously, but not literally. He’s negotiating.’",
    "link": "https://www.wsj.com/opinion/notable-quotable-voters-want-strength-trump-negotiation-china-panama-greenland-canada-b334dc0d?mod=Searchresults_pos8&page=148",
    "content": "Joe Klein , a former Time magazine columnist and author of “Primary Colors” (1996), writing on his Substack blog, Jan. 8:\n\nI’ll not fall for the bait. I watched Trump’s press conference. I will take him seriously, but not literally. He’s negotiating. He’s sending messages. And I don’t think the messages are all that terrible. He is haggling for better rates for American ships in the Canal (and perhaps a MAGA project of widening that too-skinny thing). He’s sending a larger message to the Chinese: we’re watching every move you make, especially in the western hemisphere. He is haggling with Denmark: Greenland wants independence, at least a majority of its minuscule (57,000) population does and we’re a more plausible big brother than you. He is poking Canada, provocatively, for better trade deals and more defense spending. He is sending us a message, too: I’m Back and More Vehement Than Ever. All of which conveys three things: confidence, the appearance of strength and a certain crafty craziness.\n\nStrength is important to Americans, according to the polls. Democrats don’t do it well.",
    "published": "2025-01-09"
  }
]