[
  {
    "source": "WSJ",
    "title": "U.K. Wages Accelerated Despite Tariff, Tax Pressures Ahead",
    "summary": "The key measure of weekly average earnings excluding bonuses in the three months to February rose 5.9% from a year earlier",
    "link": "https://www.wsj.com/economy/u-k-wages-accelerated-ahead-of-tariff-turmoil-ef191dbe?mod=Searchresults_pos3&page=232",
    "content": "Trade turmoil from U.S. tariffs may cause firms to hesitate hiring, while businesses also face higher payroll taxes.\n\nUK wage growth increased to 5.9% in the three months to February, exacerbating inflation concerns for the Bank of England.\n\nWage growth in the U.K. picked up in the first few months of the new year, suggesting that continued high inflation will remain a concern for the Bank of England, despite the damping effect on growth likely to come from U.S. trade tariffs.\n\nThe key measure of average weekly earnings excluding bonuses in the three months to February rose 5.9% from a year earlier, up from 5.8% of the three months to January, the Office for National Statistics said Tuesday. Unemployment held at 4.4%.\n\nHowever, the trade turmoil in early April prompted by U.S. President Trump’s announcement of 10% tariffs on all goods imports from the U.K., alongside 25% duties on cars, aluminum and steel, could cause firms to hesitate in taking on new staff. Businesses also face higher payroll taxes on employers from the start of April.\n\n“The U.K.’s jobs market is entering a turbulent period with a troubling mix of escalating global uncertainty and rising cost pressures,” Suren Thiru , economics director at the Institute of Chartered Accountants, said in a note.\n\nThe twin threat of tariff and tax costs will limit hiring plans and are likely to moderately push up unemployment, despite continued challenges over skills shortages, he added.\n\nWhile those concerns might normally push the Bank of England to lower rates to spur economic activity, policymakers will also have to contend with the still-high rate of wage growth, which is one of the drivers of inflation.\n\nAnnual U.K. inflation ticked down in February, but labor-intensive services inflation held at 5.0%, well above the central bank’s 2% target. Investors nevertheless expect the BOE to cut its key rate when it next meets in May.\n\nHiring activity across the U.K. had already fallen in March, according to a monthly KPMG and REC Report on Jobs published last week, amid weaker confidence in the economic outlook.\n\nThat came despite U.K. economic growth surprising to the upside in February, growing 0.5% on month, though the flurry of tariffs and ensuing trade uncertainty is likely to hurt growth ahead.\n\nAs elsewhere, stocks in London fell heavily after President Trump’s tariffs announcement on April 2, but pared some of the losses when he lowered many of the levies a week later.\n\nThe U.K. government this week unlocked around $26 billion in export-finance support to bolster firms affected by the tariff turmoil.\n\nAdvertisement\n\nWrite to Ed Frankl at edward.frankl@wsj.com",
    "published": "2025-04-15"
  },
  {
    "source": "WSJ",
    "title": "Exclusive | U.S. Plans to Use Tariff Negotiations to Isolate China",
    "summary": "Treasury Secretary Scott Bessent wants trading partners to limit China’s involvement in their economies in exchange for concessions on reciprocal tariffs",
    "link": "https://www.wsj.com/politics/policy/u-s-plans-to-use-tariff-negotiations-to-isolate-china-177d1528?mod=Searchresults_pos13&page=233",
    "content": "The Trump administration plans to use ongoing tariff negotiations to pressure U.S. trading partners to limit their dealings with China, according to people with knowledge of the conversations.\n\nThe idea is to extract commitments from U.S. trading partners to isolate China’s economy in exchange for reductions in trade and tariff barriers imposed by the White House. U.S. officials plan to use negotiations with more than 70 nations to ask them to disallow China to ship goods through their countries, prevent Chinese firms from locating in their territories to avoid U.S. tariffs, and not absorb China’s cheap industrial goods into their economies.\n\nThose measures are meant to put a dent in China’s already rickety economy and force Beijing to the negotiating table with less leverage ahead of potential talks between Trump and Chinese President Xi Jinping. The exact demands could vary widely by nation, given their degree of involvement with the Chinese economy.\n\nThe White House and Treasury didn’t respond to requests for comment.\n\nU.S. officials have broached the idea in early talks with some countries, people familiar with the discussions said. Trump himself hinted at the strategy on Tuesday, telling the Spanish-language program “Fox Noticias” he would consider making countries choose between the U.S. and China in response to a question about Panama deciding not to renew its role in the Belt and Road Initiative, China’s global infrastructure program for developing nations.\n\nOne brain behind the strategy is Treasury Secretary Scott Bessent, who has taken a leading role in the trade negotiations since Trump announced a 90-day pause on reciprocal tariffs for most nations—but not China—on April 9.\n\nBessent pitched the idea to Trump during an April 6 meeting at Mar-a-Lago, the president’s club in Florida, said people familiar with the discussion, saying that extracting concessions from U.S. trading partners could prevent Beijing and its companies from avoiding U.S. tariffs, export controls and other economic measures, the people said.\n\nWhite House Press Secretary Karoline Leavitt read a statement from President Trump saying China needs to make a deal with the U.S. Photo: Win McNamee/Getty Images\n\nThe tactic is part of a strategy being pushed by Bessent to isolate the Chinese economy that has gained traction among Trump officials recently. Debates over the scope and severity of U.S. tariffs are ongoing, but officials largely appear to agree with Bessent’s China plan.\n\nIt involves cutting China off from the U.S. economy with tariffs and potentially even cutting Chinese stocks out of U.S. exchanges. Bessent didn’t rule out the administration trying to delist Chinese stocks in a recent interview with Fox Business.\n\nStill, the ultimate goal of the administration’s China policy isn’t yet clear.\n\nBessent has also said there is still room for talks on a potential trade deal between the U.S. and China. Such talks would have to involve Trump and Xi. White House press secretary Karoline Leavitt read a new statement from Trump during Tuesday’s press briefing suggesting a deal with China isn’t imminent.\n\n“The ball is in China’s court,” Leavitt said when reading Trump’s statement. “China needs to make a deal with us. We don’t have to make a deal with them. China wants what we have…the American consumer.”\n\nIt also isn’t clear that the anti-China line has entered into negotiations with all nations. Some countries haven’t heard demands from U.S. negotiators related to China, say people familiar with the talks, though they acknowledge that negotiations remain in early stages. Many expect the Trump administration to raise China-related demands sooner or later.\n\nTreasury Secretary Scott Bessent has laid out a list of nations he thinks could soon reach deals with the U.S. Photo: Anna Moneymaker/Getty Images\n\nBessent has shown his desire for anti-China pledges from U.S. trading partners before. In late February, he said that Mexico had offered to match U.S. tariffs on China as part of negotiations over Trump’s tariffs on Mexico imposed because of the fentanyl trade. Bessent called Mexico’s offer a “nice gesture,” but the idea didn’t find much traction with the administration.\n\nSince then, Bessent has taken a more central role in trade negotiations, assuming a lead in talks over reciprocal tariffs after Trump announced his 90-day pause on April 9. The Treasury secretary is slated to meet with Japan’s economic revitalization minister as soon as Wednesday and has laid out a list of nations he thinks could soon reach deals with the U.S., including Japan, the U.K., Australia, South Korea and India.\n\nChina is conducting its own trade diplomacy. This week, Xi traveled to Vietnam—a major U.S. trading partner hard-hit by Trump’s tariffs—and signed dozens of economic pledges with the Hanoi government.\n\nChina views Trump’s reciprocal trade gambit as an opportunity, Peter Harrell, the former senior director for international economics on former President Joe Biden’s National Security Council, said on a panel discussion Tuesday at Georgetown Law.\n\nBut China’s ability to counteract U.S. trade policies is limited, Harrell said. While the U.S. remains a “massive net importer,” China is reducing its imports from the rest of the world and focusing on self-sufficiency.\n\nChina “isn’t going to replace the U.S. as a source of demand for the products that a bunch of these developing countries…make,” Harrell said. “So the economics of this are going to prove challenging for China, but I think we see them playing the politics of this reasonably savvily.”\n\nWrite to Gavin Bade at gavin.bade@wsj.com and Brian Schwartz at brian.schwartz@wsj.com\n\nTrump’s Tariffs News and analysis on the tariffs and their impact, selected by the editors WSJ Answers Tariff Questions",
    "published": "2025-04-15"
  },
  {
    "source": "WSJ",
    "title": "Tariffs Will Hammer Solo Stove. Its Amish-Made Rival Is Ready.",
    "summary": "Solo Stove’s Chinese-made fire pits face steep tariffs while rival Breeo advertises its ‘tariff proof’ products",
    "link": "https://www.wsj.com/business/retail/solo-stove-breeo-fire-pits-trump-tariffs-8aedca80?mod=Searchresults_pos18&page=245",
    "content": "New U.S. tariffs may bankrupt Solo Stove, maker of Chinese-made fire pits, while boosting Amish rival Breeo.\n\nKINZERS, Pa.—Two stainless steel fire pits look nearly identical. The Solo Stove sells for about $250 and is made mostly in China. Its Amish rival costs $500 and just got a big leg up from President Trump.\n\nThe new U.S. tariffs will drive up costs for the maker of Solo Stove and could push the already-struggling market leader into bankruptcy. The Texas-based company, which propelled its sales with heavy advertising during the pandemic, is now slashing marketing and revisiting its prices.\n\nBreeo, a small manufacturer in Pennsylvania’s Lancaster County, has seized the opening: In recent weeks, the company has run a national television commercial touting its “tariff proof fire pits.” The ad shows a welder in a stars-and-stripes helmet working to an electric-guitar soundtrack. “Built to last. Made in America,” the ad says.\n\nBreeo’s factory is a two-story stucco building the size of two basketball courts, surrounded largely by farmland. Inside, the space is packed with welding and metal-shaping machinery. Most of its workers come from the local Amish community. Amos Stoltzfus , the company’s co-founder and chief executive officer, previously worked nearby in his father’s business, which manufactures stoves and custom metal goods.\n\nBreeo’s executives say the company in 2014 was first to the U.S. market with a smokeless fire pit in the shape of a double-walled steel cylinder. But Solo Stove burned past Breeo with a version that was lighter, cheaper and made in China.\n\nAmos Stoltzfus and Jonathan Miller, co-founders of Breeo, in the company's production warehouse in Kinzers, Pa. Amos Stoltzfus demonstrates how to use a flat top griddle attachment on the Breeo smokeless fire pit. Breeo co-founders Amos Stoltzfus and Jonathan Miller. The company produces smokeless fire pits in Pennsylvania's Lancaster County.\n\nWhen Trump announced new tariffs last week on goods from nearly every corner of the planet, Stoltzfus called David Ellis , his vice president of operations, to discuss contingency plans.\n\n“Don’t worry, this is an opportunity,” Ellis told his boss. Our competitors are completely dependent on offshore products, he said. “We are not.”\n\nA backyard boom\n\nAdvertisement\n\nSolo Stove was founded in 2011 by brothers Spencer and Jeff Jan. Their first product was a small, portable backpacking stove that used sticks and leaves as fuel and could boil water in under 10 minutes. Spencer lived in Shanghai, where he found a manufacturer for the stove, and Jeff lived in Dallas, where he worked out of his garage.\n\nLike many other startup brands, the brothers used digital advertising to build buzz for their invention and sold the camping stove on Amazon.\n\nBreeo was formed in 2014. The company introduced a free-standing steel fire pit but had more success selling metal, ring-shaped inserts that made stone fire pits smokeless. Looking for a reliable U.S. manufacturer, co-founder Jonathan Miller turned to Stoltzfus.\n\nIn 2016, Solo Stove launched a Kickstarter campaign for its first backyard-sized smokeless fire pit. Within six weeks, Breeo rushed out a competitor product, a smaller smokeless fire pit intended for casual backyard use.\n\nMiller and Stoltzfus, who worked together on the fire pit, say they were drawn to the idea of American-made products for different reasons. For Stoltzfus, now 42 years old and a father of five, it was in part because of his Amish heritage’s emphasis on self-sufficiency. For Miller, who grew up in Canada and isn’t Amish, it was because domestic manufacturing gives a company more autonomy to control cost and design and production speed.\n\nAdvertisement\n\nFrom that point forward, Solo Stove and Breeo emerged as the two brands to compare. Solo Stove outran its rival, helped by a flood of marketing and lower prices. “We were able to carve out the niche as the somewhat more expensive, somewhat heavier duty, American-made version,” Miller said.\n\nA Breeo employee welding in the warehouse. A coat and straw hat are seen hanging just outside the production warehouse. Breeo relies on knowledge and labor of the Amish community. In recent weeks, Breeo has run a national television ad touting its ‘tariff proof’ fire pits. ‘Built to last. Made in America,’ the ad says.\n\nSales at both companies boomed early in the pandemic, when shoppers spent big on backyard upgrades. Breeo considered raising money from outside investors to spend more on advertising and pump sales, but chose to stay independent and grow more slowly.\n\nSolo Brands went public in 2021, shortly after acquiring men’s apparel brand Chubbies, Oru foldable kayaks and Isle paddleboards. The company’s total annual sales peaked in 2022 at $518 million, with the bulk of the sales coming from its imported fire pits.\n\nThen the pandemic demand dried up.\n\nSHARE YOUR THOUGHTS Which companies and industries do you think will benefit from the trade wars? Join the conversation below.\n\nSolo Stove, sold at Walmart and Target, remains the top seller of smokeless fire pits. But cheaper copycat products have eroded its market share. Last year, sales of the Solo Stove fell 15% to just under $300 million.\n\nThe company has had three CEOs in the past 18 months, and its stock now hovers around 15 cents a share. In a regulatory filing in March, the heavily-indebted company said it might need to file for bankruptcy protection.\n\nAdvertisement\n\nSolo Brands is reducing its marketing spending, its largest expense, as well as reworking pricing and product selection, the company’s interim CEO, John Larson , said on a March earnings call in which executives didn’t take questions from analysts. On the same call, finance chief Laura Coffey said the company expects the impact of tariffs “to be significant through our operations.”\n\nAt Breeo, the boom wasn’t as big, nor the bust. The company has been profitable since it launched its first product, Miller and Stoltzfus said. Breeo’s sales last year came in at around $40 million, slightly down from pandemic peaks.\n\n“In 2020, 2021, it felt like, ‘Let’s go! We’re going to be a billion-dollar company,’” said Stoltzfus. “That wasn’t reality. We had to right-size, and we did that quickly.”\n\nComponents of the X Airflow air vent for Breeo smokeless fire pits. An employee operates a welding system at Breeo's production warehouse. The exterior of the Breeo production warehouse. Today, about 10% of Breeo’s revenue comes from products made in China. The rest are made in this Pennsylvania factory.\n\nSales at Breeo dropped, but the company stayed profitable, executives said.\n\nIn recent years, Breeo considered moving production outside the U.S. for some of its new and existing products. The company decided that a new wood-burning grill would be best produced in South China, as would accessories such as a spark screen that would become price-prohibitive if Breeo invested in new machinery to produce them in Pennsylvania.\n\nAround 10% of Breeo’s revenue comes from products that are now produced in China.\n\nChina shock\n\nAdvertisement\n\nStoltzfus first felt the impact of offshoring more than two decades ago, while working in his family’s metal-fabrication business. It made displays for companies that sold their goods in Home Depot and other big-box stores. “One day, my dad gets a call from the guys we were working for and they say, ‘Hey, China is now offering a 30% discount,’” Stoltzfus recalled.\n\nThe family business pivoted away from its display-making business, and now primarily makes coal- and wood-burning stoves.\n\nNow, Stoltzfus sees opportunity in the sweeping tariffs aimed at bringing manufacturing back to the U.S.\n\nA roll-forming machine in action. A roll-forming machine in action. Details of metal parts for the fire pits. Details of metal parts for the fire pits. Breeo sees opportunity in the sweeping tariffs aimed at bringing manufacturing back to the U.S.\n\nBreeo executives say they can manage tariff-related cost increases without having to raise prices this year. Like many manufacturers, Breeo is negotiating with offshore suppliers to share the burden of tariffs and re-engineer some products to offset costs, said Ellis, the operations executive. Last week, Breeo executives also started to discuss whether they should produce some of those items in the U.S. instead.\n\nBreeo is fielding calls from more retailers who want its products, in part because its pricing is more likely to stay steady, Stoltzfus said.\n\n“I think you’re going to see the price gap close between American-made products and imported products,” Stoltzfus said. “It’s definitely going to open up some doors for market share.”\n\nBreeo executives say they can manage tariff-related cost increases without having to raise prices this year.\n\nWrite to Sarah Nassauer at Sarah.Nassauer@wsj.com\n\nAdvertisement",
    "published": "2025-04-15"
  },
  {
    "source": "WSJ",
    "title": "China’s Port Cargos Start to Slow as Tariff Tensions Escalate",
    "summary": "The cargo handled by ports across China over the April 7-13 period tumbled 9.7% from the week before",
    "link": "https://www.wsj.com/economy/chinas-port-cargos-start-to-slow-as-tariff-tensions-escalate-e321cf6e?mod=Searchresults_pos4&page=241",
    "content": "Container throughput dropped 6.1%, reversing a 1.9% rise a week earlier, according to data from the transport ministry.\n\nUBS cut China’s growth forecast, anticipating a significant drop in exports to the U.S. due to tariffs.\n\nChinese port activity declined sharply in early April, falling 9.7% over the April 7-13 period from the prior week.\n\nChinese port activity slumped in early April, with data indicating that exports to the U.S. have been hammered by President Trump’s tariffs.\n\nThe cargo handled by ports across China over the April 7-13 period tumbled 9.7% from the week before to 244 million tons. That’s sharply weaker than the 0.88% loss registered during the previous week, when Trump first announced his plan for reciprocal tariffs.\n\nContainer throughput dropped 6.1%, reversing a 1.9% rise a week earlier, according to data from the transport ministry Tuesday.\n\nThe numbers mark a stark reversal from the steady increase in weekly port volumes since the end of the week-long Lunar New Year holidays starting late January.\n\nU.S. tariffs on Chinese goods, currently at 145% with a lower effective level for electronics, are likely to divert trade away from the U.S. to the rest of the world–a shift reflected in shipping costs.\n\nFor the week ended April 11, the Ningbo Container Freight Index reported an 18.0% week-over-week slide in freight rates to the U.S. west coast and a 10.8% decline in the cost of shipping to the east coast, according to data provider Wind.\n\nIn contrast, the cost of freight to Europe increased 1.8% over the same period, with rates to western and eastern Mediterranean rising 15.3% and 13.0%, respectively. Freight costs via South American east routes soared 52.5%.\n\nInvestment bank UBS on Tuesday cut its forecast for Chinese economic growth to 3.4% this year from 4% previously, assuming current tariffs remain in place and Beijing rolls out additional stimulus.\n\nThe investment bank anticipates that China’s exports to the U.S. will fall by two-thirds in the coming quarters and that overall outbound shipments will drop 10% this year in dollar terms.\n\nAdvertisement\n\nWrite to Singapore editors at singaporeeditors@dowjones.com",
    "published": "2025-04-15"
  },
  {
    "source": "WSJ",
    "title": "Trump Gave Automakers a Tariff Break. It’s Causing More Confusion.",
    "summary": "Industry executives are stumped on how to claim U.S.-content deduction, leaving in limbo billions of dollars in potential savings",
    "link": "https://www.wsj.com/business/autos/trump-gave-automakers-a-tariff-break-its-causing-more-confusion-183d7cb1?mod=Searchresults_pos20&page=235",
    "content": "Automakers can pay a lower tariff based on the percentage of U.S.-produced parts and materials used in a foreign-built vehicle.\n\nThe White House sought to give car companies a break on a hefty auto tariff enacted this month by offering a deduction for American-made parts.\n\nThe problem is industry executives are puzzled over how to collect it. And that is in large part because it hinges on a simple yet loosely defined phrase they are struggling to interpret: “U.S. content.”\n\nWhen President Trump enacted the 25% tariff on all vehicle imports, he gave automakers some relief: They would be allowed to pay a lower tariff based on the percentage of U.S.-produced parts and materials used in a foreign-built vehicle.\n\nThe White House, however, has yet to provide many details on what exactly constitutes “U.S. content” or how it might be determined, for now leaving it up to the companies to figure it out on their own. Meanwhile, they have been left to pay the full tariff.\n\n“We’re all waiting to better understand how this is supposed to be done,” said Jennifer Safavian , president and chief executive of Autos Drive America, an industry group representing foreign-based automakers. “It’s not really been clear to us.”\n\nOn Monday, Trump said he was considering some short-term tariff exemptions for car companies looking to relocate parts production to the U.S. from Canada and Mexico. He didn’t offer further specifics, only saying “they need a little bit of time because they’re going to make them here.” New tariffs specifically targeting auto parts go into effect May 3.\n\nThe lack of clarity on the U.S.-content provision has triggered frustration and confusion across the auto industry, which imports about 7.5 million vehicles into the U.S. each year. Automakers will need to trace the origin of a lot of components: Safavian noted that each vehicle typically has 20,000-30,000 parts.\n\nPresident Trump enacted a 25% tariff on all vehicle imports. Photo: Andrew Harnik/Getty Images\n\nOn the line are billions of dollars in potential savings for General Motors, Toyota Motor and other auto manufacturers that are now paying the tariff on foreign-built vehicles, including those made in Mexico and Canada. The 90-day pause on reciprocal tariffs announced last week doesn’t apply to automotive goods.\n\nCompany executives say the U.S. content requirements are critical for shaping longer-term decisions, such as whether to raise prices or reroute production. A study published Thursday by the Center for Automotive Research, an Ann Arbor, Mich.-based nonprofit, said the auto-import tariffs could increase costs for automakers by more than $100 billion.\n\nMisinterpreting the rules carries some risk: The Trump administration has warned that any company found to have provided inaccurate information on their U.S. content levels could be subject to retroactive tariffs.\n\n“The carve-out for U.S. content was a bright spot in the [tariff] order,” said Mark Tallo, an attorney with Sandler, Travis & Rosenberg, who is advising vehicle manufacturers on compliance with the new tariff. But he added “the particular rules as to how this will be implemented are unknown.”\n\nA White House spokesman said the Commerce Department was working on a process for automakers to seek approval and begin taking advantage of the U.S. content deduction. The administration is aiming to get the process in place as soon as possible, the spokesman said, but no timeline was available.\n\nA GM assembly plant in Fort Wayne, Ind., last year. Photo: Emily Elconin/Bloomberg News\n\nAs of now, U.S. content is only vaguely described as the value of a car attributable to parts “wholly obtained, produced entirely or substantially transformed” in the country. Before a vehicle can be considered for a deduction, it must also meet the requirements of the current free-trade pact in North America, called the U.S.-Mexico-Canada Agreement, or USMCA.\n\nFor such a complex industry with manufacturing operations and supply chains that span borders, how the U.S. content definition is worded can leave much up to interpretation, analysts and industry groups say. There are many parts that cross the border multiple times as they are built into larger components and before they are installed into a finished vehicle.\n\nSome car companies are more exposed than others to the tariffs, but nearly all brands import at least some models for sale in the U.S.\n\nGM and Ram make their highly profitable pickup trucks in Mexico, while Toyota builds its popular RAV4 sport-utility vehicle in Canada.\n\nThe Chrysler brand sells only two models, and both are built in Windsor, Canada, across the river from Detroit. In response to the import tariffs, Chrysler parent Stellantis said in early April that it would put that factory on pause for two weeks because of the tariffs.\n\nTrump says cars made in the U.S. will face ‘absolutely no tariff,’ but it isn’t so simple. No vehicle is built from 100% U.S. parts—not even the U.S.-made pickup. WSJ takes a look inside a Ford F-150 to understand how automakers will be affected. Illustration: Annie Zhao\n\nVW has also said it plans to add an “import fee” to the sticker price of vehicles affected by the new import duties. With only one factory in the U.S., the German automaker imports many of its models, including from its factory in Puebla, Mexico.\n\n“We don’t have clear guidance from the government on how to calculate U.S. content,” a VW spokesman said.\n\nThe potential savings generated by the deduction could be significant, analysts and executives say.\n\nTake Toyota’s RAV4. The Canadian-built SUV has a starting price tag of about $30,000, meaning a 25% tariff would cost the company about $7,500 to import it to the U.S.\n\nWith about 60% of its content made in the U.S., a deduction would cut the tariff rate by almost half to about $3,000 a vehicle.\n\nSpread over about 290,000 vehicles—the number of RAV4s Toyota imported last year to the U.S. from Canada—that could be a saving of roughly $1.3 billion a year.\n\nAutomakers including Toyota could save billions in tariff-related costs if they can document the amount of U.S. content in the vehicles they sell. Photo: Brandon Bell/Getty Images\n\nThe scramble to figure out what vehicles have U.S. content has also triggered much back and forth between the car companies and their parts suppliers, many of which are also trying to figure out how to navigate the new tariff rules.\n\nWhile industry manufacturers typically know what is made in North America—information that is essential for meeting free-trade requirements—the task of trying to parse what is specifically U.S.-built is more of a challenge, said Safavian, of the auto-industry lobbying group.\n\n“Automakers don’t necessarily have insight into every component and part that goes into a vehicle, so they would need to get that information from the suppliers,” she said.\n\n“There’s not just one supplier, there’s many layers of suppliers.”\n\nWrite to Ryan Felton at ryan.felton@wsj.com\n\nTrump’s Tariffs News and analysis on the tariffs and their impact, selected by the editors WSJ Answers Tariff Questions",
    "published": "2025-04-15"
  }
]