[
  {
    "source": "WSJ",
    "title": "The Day Trump’s Tariffs Shook Corporate America",
    "summary": "Executives scramble to grasp scope and size of president’s trade barriers",
    "link": "https://www.wsj.com/economy/trade/the-day-trumps-tariff-threats-turned-into-a-harsh-reality-for-ceos-and-investors-f0e58ad3?mod=Searchresults_pos17&page=209",
    "content": "Some businesses, such as Guardian Bikes, welcome the tariffs as an opportunity to expand production in the U.S., while others, such as Pulsar Products, are concerned about the impact on their bottom line and the wallets of American consumers.\n\nThe tariffs, which include a 10% levy on all imports and even higher rates on goods from a swath of countries, have led to a sharp decline in stock prices and a retreat from the U.S. dollar.\n\nPresident Trump's latest tariffs have sent shockwaves through corporate America, with many CEOs expressing concern about the impact on their businesses.\n\nBusiness leaders scrambled Thursday to assess how President Trump’s latest tariffs would affect their companies, with many top CEOs staying silent as the president’s new policies made the cost of doing business in the U.S. much steeper.\n\nRestoration Hardware Chief Executive Gary Friedman was on a call with analysts Wednesday afternoon talking about the furniture retailer’s strategy and how the housing market could slow in this economic environment when news of the tariffs broke. He asked colleagues to get a “live read” of his business to check how the company’s stock was doing.\n\n“Oh, really? Oh, shit, OK,” Friedman said in the moment. “Everybody can see in our 10-K where we’re sourcing from so it’s not a secret.”\n\nMore than 70% of the furniture company’s products come from Asia, according to its annual report, including 35% from Vietnam and 23% from China, where steep new duties were put in place. Shares of Restoration Hardware closed down 40% Thursday.\n\nWall Street bankers and business leaders have spent weeks trying to understand—and shape—Trump’s ever-shifting tariff plans. Many also believed—as they were reassured by some in Trump’s inner circle—that the potential levies were negotiating tactics the businessman-turned-politician would use to extract concessions from trading partners and adversaries.\n\nU.S. stock indexes saw their biggest drop in value since March 2020, one day after President Trump announced a 10% across-the-board tariff for all foreign imports, and higher rates for other countries. Photo: Charly Triballeau/AFP/Getty Images\n\nInstead, Trump unveiled 10% across-the-board tariffs, and even higher levies on Europe and a swath of countries including Japan, South Korea and Vietnam. The new levies on China will push up the costs of many goods from that country—from toothbrushes to televisions—by more than 50%. The 10% tariffs kick in on April 5 and the higher rates on April 9.\n\nThe global market reaction was swift, with stocks tumbling and investors retreating from the U.S. dollar. Jeep-maker Stellantis, which also owns the Chrysler and Dodge brands, said it would immediately halt auto production at some Canadian and Mexican plants.\n\nStill, many CEOs of major publicly traded companies were silent Thursday. The Business Roundtable, which represents 200 heads of U.S. companies across sectors, said in the wake of Trump’s announcement that universal tariffs run the risk of causing major harm to American manufacturers, families, workers and exporters.\n\n“Damage to the U.S. economy will increase the longer the tariffs are in place,” the group said. “We urge the Administration and our top trading partners to swiftly reach agreements that level the playing field for American goods and services and remove these tariffs.”\n\nNews of the tariffs reverberated across Europe and Asia, from German car giants to Swiss watchmakers. Analysts at UBS think prices of luxury goods will go up 6% on average in the U.S., but a wider worry is that a trade war could tamp down demand in China. Together American and Chinese shoppers drive more than half of global luxury sales.\n\nChina called the tariffs “unilateral bullying” and pledged to retaliate, while other countries struck a more cautious tone. Australian Prime Minister Anthony Albanese said his government will try to negotiate to remove the tariffs, but won’t join a “race to the bottom” by retaliating. India’s Trade Ministry, too, said it had no plans to immediately retaliate.\n\nDramatic impact\n\nBrian Riley , CEO of Guardian Bikes, was among the guests at the Rose Garden where Trump unveiled his sweeping new tariff plan, one of the few business leaders sitting alongside auto workers and steelworkers. He said he welcomed the tariffs, even though they will squeeze his business this year.\n\nGuardian moved production of its children’s bicycles in 2022 from China to Seymour, Ind. While 90% of the components are imported from China, Riley had already put in place a plan to reduce that number to about 20% by the end of next year.\n\nBrian Riley, CEO of Guardian Bikes, says he welcomes President Trump’s tariffs. Photo: Michael Swenen for WSJ\n\nThe tariffs provide incentive for Guardian to expand capacity at its Seymour facility and invest in building out the bicycle supply chain in the U.S. Trump’s agenda “is a welcome departure from a trade and economic policy that prioritized offshoring production and cheap consumption,” Riley said.\n\nThe mood was less joyous at Pulsar Products, a Cleveland supplier of stationery, novelty items and souvenirs. Employees held a “watch party” in the company’s boardroom to listen to Trump’s “Liberation Day” announcement on a big-screen TV.\n\n“As I looked around, I sensed a feeling of nausea,” said Pulsar CEO Eric Ludwig .\n\nEmployees are concerned not just with the impact on Pulsar, but also with what tariffs would mean for their own wallets and the American people. “We are thinking our clothes are going to cost more,” he said. “Everything is going to jump.”\n\nPulsar has reduced the share of its supply coming from China to 50% from 80% over the last two years by moving some sourcing to Vietnam. One Pulsar employee is currently in Vietnam checking on production for the busy back-to-school season, set to arrive at U.S. retailers in July. Such shipments from Vietnam now face 46% tariffs.\n\nLudwig said he was hoping to hear the president offer tax credits or some other relief to help small businesses like his 36-person company through the tough adjustment period. The size of the new tariffs is the same for big companies and small businesses, “but the impact on smaller companies is bigger,” he said.\n\n“We knew something would happen, but we didn’t know how dramatic the impact would be,” he said.\n\nComplicated plans\n\nVictor Yarbrough , CEO at Brough Brothers Distillery in Louisville, Ky., was left wondering what retaliatory tariffs would bring. He recently invested in an expansion, with a strategy to send his excess spirits overseas. The tariffs complicate those plans.\n\n“We are certain the EU is going to retaliate,” said Yarbrough. He also wondered how much money U.S. consumers would have to spend on his bourbon or rum if everything else gets more expensive. “It boils down to how much disposable income does one family have?” he said.\n\nFor booze giant Diageo, there was some relief after the White House kept duty-free access to the U.S. for products compliant with the U.S.-Mexico-Canada Agreement. It had feared some of its bestselling brands in the U.S.—like Don Julio tequila from Mexico and Canadian whisky Crown Royal—could be hit by new levies, potentially hitting its operating profit by tens of millions of dollars a month.\n\nCharts show reciprocal tariffs the U.S. is charging other countries. Photo: Alex Wong/Getty Images\n\nWhile Trump wants to encourage foreign manufacturers to beat the tariffs by establishing production in the U.S., many simply can’t. Europe’s giant food and drink industry, for example, trades on its regional heritage and ingredients. Scotch and Irish whisky must be produced in Scotland and Ireland.\n\nThe U.S. is Scotch whisky’s biggest customer, buying over 20% of all exports last year, in a trade worth almost $1.3 billion.\n\nHarry Tayler, co-founder of Scotch brand Wolfburn, watched on YouTube from his vacation in Cape Town as Trump hit British imports with a 10% tariff. He plans for the company and its U.S. distributor to absorb the cost.\n\n“Our profits will end up in the pocket of the U.S. government,” he said.\n\nStill, Tayler sees a potential upside. The higher tariffs placed on imports from Ireland and Japan, at 20% and 24%, respectively, mean that Scotch may become more competitive and eat into the market share of two highly competitive rivals.\n\nUnintended consequences\n\nFor Wisconsin-based Husco, which makes engines and parts for automakers and other manufacturers, the problem was the magnitude of Trump’s tariffs.\n\n“If there had been a 5% tariff, we could have worked through it—maybe absorbing it, maybe sharing some of it with our suppliers,” said Austin Ramirez , the company’s CEO.\n\nSHARE YOUR THOUGHTS How do you think tariffs will impact business demand and consumers? Join the conversation below.\n\nHusco has revenue of about $500 million and three factories in the U.S., as well as plants in India, China and Europe, which mostly produce for those regions.\n\nInstead of boosting U.S. production as the Trump administration hopes, the new tariffs are likely to lead Husco to shift some production out of its U.S. factories. The new tariffs mean it will no longer be cost-effective to import components to make products for export.\n\n“It doesn’t make any sense to do that, I’m going to have to make those products in another part of the world,” Ramirez said.\n\nIt would take years for any domestic alternatives for the components he imports to develop, he added: “To reboot that sort of manufacturing here is going to take huge investment in plants and equipment—but also, we don’t have people who want to do that sort of work.”\n\nWrite to Theo Francis at theo.francis@wsj.com, Krystal Hur at krystal.hur@wsj.com and Alistair MacDonald at Alistair.Macdonald@wsj.com\n\nTrump’s Tariffs News and analysis on the tariffs and their impact, selected by the editors WSJ Answers Tariff Questions\n\nAdvertisement",
    "published": "2025-04-03"
  },
  {
    "source": "WSJ",
    "title": "How Are Trump’s Tariff Rates Calculated?",
    "summary": "It’s a basic formula, and it doesn’t include what countries charge the U.S.",
    "link": "https://www.wsj.com/economy/trade/trump-tariff-math-calculations-explained-ba47bfde?mod=Searchresults_pos8&page=199",
    "content": "For the remaining nations, including all those where the U.S. has a trade surplus, the tariff charged on imports from the U.S. was listed as 10%. In these instances, the U.S. set a 10% reciprocal tariff.\n\nFor at least 71 of the 184 nations, plus the European Union, included in Wednesday's announcement, the U.S. is charging a new tariff of roughly half the rate it calculated.\n\nThe White House's new tariffs are pegged to amounts it says other countries impose on the U.S. In many cases, those amounts appear to match a basic formula: the size of a country's goods-trade imbalance with the U.S., divided by how much America imports from that nation.\n\nThe new U.S. tariffs rattling markets and promising globe-spanning trade barriers reflect a fixation of President Trump ’s: the difference between how much stuff the U.S. buys from and sells to each of its trading partners.\n\nThe White House laid out new tariffs on more than 200 countries in two main ways. For more than half, it imposed a flat reciprocal tariff of 10%. For the rest, it added an additional levy based on a basic formula.\n\nIn these instances, the Trump administration determined costs it said countries imposed by taking the amount of a nation’s 2024 goods-trade imbalance with the U.S., then dividing that by the value of the goods America imports from that nation.\n\nA White House handout called these costs a tariff charged to the U.S., “Including Current Manipulation and Trade Barriers.” From there, in nearly all cases, the Trump administration imposed new “Discounted Reciprocal Tariffs” of roughly half that result.\n\n“Drop your trade barriers…and start buying tens of billions of dollars of American goods,” Trump said Wednesday.\n\nSeveral economists said that basing tariffs off of bilateral goods deficits is confusing and illogical.\n\nValue of U.S. goods trade in 2024, by partner\n\nExports Imports EU GOODS DEFICIT Mexico China Canada Japan Vietnam S. Korea Taiwan 0 200 400 $600 billion Exports Imports EU GOODS DEFICIT Mexico China Canada Japan Vietnam S. Korea Taiwan 0 200 400 $600 billion Exports Imports EU GOODS DEFICIT Mexico China Canada Japan Vietnam S. Korea Taiwan 0 200 400 $600 billion Exports Imports EU GOODS DEFICIT Mexico China Canada Japan Vietnam S. Korea Taiwan 0 200 400 $600 billion Exports Imports EU GOODS DEFICIT Mexico China Canada Japan Vietnam S. Korea Taiwan 0 200 400 $600 billion\n\nLearning of the tariff formula “was like watching a movie, and at the end of it, you’re like, ‘That’s it?’” said David Beckworth , a senior research fellow at George Mason University’s Mercatus Center.\n\nBeckworth said a more holistic approach would have taken services trade into account, too—like tech and education the U.S. sells to foreigners. Unlike with goods, America has run an overall services trade surplus for decades, including with most of the nations receiving reciprocal tariffs.\n\nGoods deficits are a normal feature of healthy trade and “do not imply that anything is wrong,” said Gian Maria Milesi-Ferretti , a senior fellow at the Brookings Institution.\n\nTake a relatively poor country that mostly exports coffee to the U.S. Its citizens might lack the wealth to buy the kinds of high-value goods, such as Boeing aircraft or Tesla SUVs, that American factories specialize in. But that is no reason to discourage that country’s coffee from reaching American consumers—especially because few places in America have the right climate to grow coffee domestically, Milesi-Ferretti said.\n\nThe U.S. added reciprocal tariffs on several less-wealthy coffee exporters such as Guatemala and Honduras.\n\nThe White House figures initially confused economists because they didn’t seem to correspond with what foreign countries actually charge against imports from the U.S.\n\nFor example, Chinese tariffs against the U.S. were about 23% overall as of last month, according to the Peterson Institute for International Economics. The White House chart said China’s tariffs and trade barriers were 67%. In response, the White House added new tariffs of 34% atop levies already charged to that country.\n\nData sleuths on social media soon reverse-engineered the formula behind the White House’s calculations, zeroing in on the trade-related math. Dividing the U.S.’s 2024 goods-trade deficit with China—$295 billion—by the amount the U.S. imported from China resulted in the White House’s 67%.\n\nU.S. goods- trade deficit with China U.S. imports of goods from China U.S. goods- trade deficit with China U.S. imports of goods from China U.S. goods- trade deficit with China U.S. imports of goods from China U.S. goods- trade deficit with China U.S. imports of goods from China U.S. goods- trade deficit with China U.S. imports of goods from China\n\nThe Wall Street Journal followed calculations highlighted in postings on social media, including by journalist James Surowiecki , a former business columnist for the New Yorker. The Journal found the calculations explained the costs attributed to nearly 100 countries, including all of the European Union, which the White House treated as a single bloc.\n\nIn a post on its website Wednesday, the office of the U.S. Trade Representative blamed persistent trade deficits for the loss of manufacturing jobs. It said it calculated the tariff rates that would reduce trade deficits with specific countries to zero, rates it calls “reciprocal and fair.” In justifying its math, the post cites a handful of research papers on tariffs and trade deficits.\n\n“Reciprocal tariffs are calculated as the tariff rate necessary to balance bilateral trade deficits between the U.S. and each of our trading partners,” the USTR said.\n\nSome of the researchers cited by USTR questioned the math and the basic premise that tariffs can reduce the trade deficit to zero, when reached by the Journal. Pau Pujolas , an economist at McMaster University in Canada, said tariffs don’t generally do much to reduce trade deficits.\n\nTrade is complicated, and tariffs can have all sorts of unintended consequences. On the one hand, tariffs are likely to raise prices of imported goods. But if the economies and currencies of exporting countries take a hit as a result of tariffs, that may push the price of their export goods down again. “What the tariffs do is simply impoverish your neighbor and make sure that you can import more cheaply,” he said.\n\nAnother economist cited, Purdue University’s Anson Soderbery , said his paper “was entirely written to combat” arguments like those made by the USTR.\n\nThe USTR didn’t immediately respond to a request for comment.\n\nHis study found that in some cases, the benefits of tariffs can outweigh the costs. But the key is to carefully calculate which tariffs do more good than harm, rather than adding new tariffs in bulk on all countries that run a trade surplus with the U.S., Soderbery said.\n\nHe said it shouldn’t be the goal to get all trade deficits to zero. Imports can be beneficial because they free up U.S. workers to focus on more valuable work, like software engineering.\n\n“Do we want to trade our high-tech, high-skilled-labor service industries for production of avocados?” Soderbery said. “We can do it but I’m not sure why we want to.”\n\nTariffs announced on April 2 *Including 'currency manipulation' and 'trade barriers.' Doesn't include previously announced tariffs.\n\nNote: Canada and Mexico are excluded. Source: the White House\n\nAdvertisement\n\nWrite to Matt Grossman at matt.grossman@wsj.com, Anthony DeBarros at anthony.debarros@wsj.com and Konrad Putzier at konrad.putzier@wsj.com",
    "published": "2025-04-03"
  },
  {
    "source": "WSJ",
    "title": "The Day Trump’s Tariffs Shook Corporate America",
    "summary": "Executives scramble to grasp scope and size of president’s trade barriers",
    "link": "https://www.wsj.com/economy/trade/the-day-trumps-tariff-threats-turned-into-a-harsh-reality-for-ceos-and-investors-f0e58ad3?mod=Searchresults_pos17&page=210",
    "content": "Some businesses, such as Guardian Bikes, welcome the tariffs as an opportunity to expand production in the U.S., while others, such as Pulsar Products, are concerned about the impact on their bottom line and the wallets of American consumers.\n\nThe tariffs, which include a 10% levy on all imports and even higher rates on goods from a swath of countries, have led to a sharp decline in stock prices and a retreat from the U.S. dollar.\n\nPresident Trump's latest tariffs have sent shockwaves through corporate America, with many CEOs expressing concern about the impact on their businesses.\n\nBusiness leaders scrambled Thursday to assess how President Trump’s latest tariffs would affect their companies, with many top CEOs staying silent as the president’s new policies made the cost of doing business in the U.S. much steeper.\n\nRestoration Hardware Chief Executive Gary Friedman was on a call with analysts Wednesday afternoon talking about the furniture retailer’s strategy and how the housing market could slow in this economic environment when news of the tariffs broke. He asked colleagues to get a “live read” of his business to check how the company’s stock was doing.\n\n“Oh, really? Oh, shit, OK,” Friedman said in the moment. “Everybody can see in our 10-K where we’re sourcing from so it’s not a secret.”\n\nMore than 70% of the furniture company’s products come from Asia, according to its annual report, including 35% from Vietnam and 23% from China, where steep new duties were put in place. Shares of Restoration Hardware closed down 40% Thursday.\n\nWall Street bankers and business leaders have spent weeks trying to understand—and shape—Trump’s ever-shifting tariff plans. Many also believed—as they were reassured by some in Trump’s inner circle—that the potential levies were negotiating tactics the businessman-turned-politician would use to extract concessions from trading partners and adversaries.\n\nU.S. stock indexes saw their biggest drop in value since March 2020, one day after President Trump announced a 10% across-the-board tariff for all foreign imports, and higher rates for other countries. Photo: Charly Triballeau/AFP/Getty Images\n\nInstead, Trump unveiled 10% across-the-board tariffs, and even higher levies on Europe and a swath of countries including Japan, South Korea and Vietnam. The new levies on China will push up the costs of many goods from that country—from toothbrushes to televisions—by more than 50%. The 10% tariffs kick in on April 5 and the higher rates on April 9.\n\nThe global market reaction was swift, with stocks tumbling and investors retreating from the U.S. dollar. Jeep-maker Stellantis, which also owns the Chrysler and Dodge brands, said it would immediately halt auto production at some Canadian and Mexican plants.\n\nStill, many CEOs of major publicly traded companies were silent Thursday. The Business Roundtable, which represents 200 heads of U.S. companies across sectors, said in the wake of Trump’s announcement that universal tariffs run the risk of causing major harm to American manufacturers, families, workers and exporters.\n\n“Damage to the U.S. economy will increase the longer the tariffs are in place,” the group said. “We urge the Administration and our top trading partners to swiftly reach agreements that level the playing field for American goods and services and remove these tariffs.”\n\nNews of the tariffs reverberated across Europe and Asia, from German car giants to Swiss watchmakers. Analysts at UBS think prices of luxury goods will go up 6% on average in the U.S., but a wider worry is that a trade war could tamp down demand in China. Together American and Chinese shoppers drive more than half of global luxury sales.\n\nChina called the tariffs “unilateral bullying” and pledged to retaliate, while other countries struck a more cautious tone. Australian Prime Minister Anthony Albanese said his government will try to negotiate to remove the tariffs, but won’t join a “race to the bottom” by retaliating. India’s Trade Ministry, too, said it had no plans to immediately retaliate.\n\nDramatic impact\n\nBrian Riley , CEO of Guardian Bikes, was among the guests at the Rose Garden where Trump unveiled his sweeping new tariff plan, one of the few business leaders sitting alongside auto workers and steelworkers. He said he welcomed the tariffs, even though they will squeeze his business this year.\n\nGuardian moved production of its children’s bicycles in 2022 from China to Seymour, Ind. While 90% of the components are imported from China, Riley had already put in place a plan to reduce that number to about 20% by the end of next year.\n\nBrian Riley, CEO of Guardian Bikes, says he welcomes President Trump’s tariffs. Photo: Michael Swenen for WSJ\n\nThe tariffs provide incentive for Guardian to expand capacity at its Seymour facility and invest in building out the bicycle supply chain in the U.S. Trump’s agenda “is a welcome departure from a trade and economic policy that prioritized offshoring production and cheap consumption,” Riley said.\n\nThe mood was less joyous at Pulsar Products, a Cleveland supplier of stationery, novelty items and souvenirs. Employees held a “watch party” in the company’s boardroom to listen to Trump’s “Liberation Day” announcement on a big-screen TV.\n\n“As I looked around, I sensed a feeling of nausea,” said Pulsar CEO Eric Ludwig .\n\nEmployees are concerned not just with the impact on Pulsar, but also with what tariffs would mean for their own wallets and the American people. “We are thinking our clothes are going to cost more,” he said. “Everything is going to jump.”\n\nPulsar has reduced the share of its supply coming from China to 50% from 80% over the last two years by moving some sourcing to Vietnam. One Pulsar employee is currently in Vietnam checking on production for the busy back-to-school season, set to arrive at U.S. retailers in July. Such shipments from Vietnam now face 46% tariffs.\n\nLudwig said he was hoping to hear the president offer tax credits or some other relief to help small businesses like his 36-person company through the tough adjustment period. The size of the new tariffs is the same for big companies and small businesses, “but the impact on smaller companies is bigger,” he said.\n\n“We knew something would happen, but we didn’t know how dramatic the impact would be,” he said.\n\nComplicated plans\n\nVictor Yarbrough , CEO at Brough Brothers Distillery in Louisville, Ky., was left wondering what retaliatory tariffs would bring. He recently invested in an expansion, with a strategy to send his excess spirits overseas. The tariffs complicate those plans.\n\n“We are certain the EU is going to retaliate,” said Yarbrough. He also wondered how much money U.S. consumers would have to spend on his bourbon or rum if everything else gets more expensive. “It boils down to how much disposable income does one family have?” he said.\n\nFor booze giant Diageo, there was some relief after the White House kept duty-free access to the U.S. for products compliant with the U.S.-Mexico-Canada Agreement. It had feared some of its bestselling brands in the U.S.—like Don Julio tequila from Mexico and Canadian whisky Crown Royal—could be hit by new levies, potentially hitting its operating profit by tens of millions of dollars a month.\n\nCharts show reciprocal tariffs the U.S. is charging other countries. Photo: Alex Wong/Getty Images\n\nWhile Trump wants to encourage foreign manufacturers to beat the tariffs by establishing production in the U.S., many simply can’t. Europe’s giant food and drink industry, for example, trades on its regional heritage and ingredients. Scotch and Irish whisky must be produced in Scotland and Ireland.\n\nThe U.S. is Scotch whisky’s biggest customer, buying over 20% of all exports last year, in a trade worth almost $1.3 billion.\n\nHarry Tayler, co-founder of Scotch brand Wolfburn, watched on YouTube from his vacation in Cape Town as Trump hit British imports with a 10% tariff. He plans for the company and its U.S. distributor to absorb the cost.\n\n“Our profits will end up in the pocket of the U.S. government,” he said.\n\nStill, Tayler sees a potential upside. The higher tariffs placed on imports from Ireland and Japan, at 20% and 24%, respectively, mean that Scotch may become more competitive and eat into the market share of two highly competitive rivals.\n\nUnintended consequences\n\nFor Wisconsin-based Husco, which makes engines and parts for automakers and other manufacturers, the problem was the magnitude of Trump’s tariffs.\n\n“If there had been a 5% tariff, we could have worked through it—maybe absorbing it, maybe sharing some of it with our suppliers,” said Austin Ramirez , the company’s CEO.\n\nSHARE YOUR THOUGHTS How do you think tariffs will impact business demand and consumers? Join the conversation below.\n\nHusco has revenue of about $500 million and three factories in the U.S., as well as plants in India, China and Europe, which mostly produce for those regions.\n\nInstead of boosting U.S. production as the Trump administration hopes, the new tariffs are likely to lead Husco to shift some production out of its U.S. factories. The new tariffs mean it will no longer be cost-effective to import components to make products for export.\n\n“It doesn’t make any sense to do that, I’m going to have to make those products in another part of the world,” Ramirez said.\n\nIt would take years for any domestic alternatives for the components he imports to develop, he added: “To reboot that sort of manufacturing here is going to take huge investment in plants and equipment—but also, we don’t have people who want to do that sort of work.”\n\nWrite to Theo Francis at theo.francis@wsj.com, Krystal Hur at krystal.hur@wsj.com and Alistair MacDonald at Alistair.Macdonald@wsj.com\n\nTrump’s Tariffs News and analysis on the tariffs and their impact, selected by the editors WSJ Answers Tariff Questions\n\nAdvertisement",
    "published": "2025-04-03"
  },
  {
    "source": "WSJ",
    "title": "Resistance Is Futile, Make a Deal: Trump’s Tariff Message to the World",
    "summary": "Administration is trying to head off painful retaliatory measures, forcing big trading partners to decide whether fighting is worth it",
    "link": "https://www.wsj.com/politics/policy/trump-tariffs-world-retaliatory-measures-9094ce24?mod=Searchresults_pos9&page=230",
    "content": "The EU and Canada are walking a tightrope, trying to project strength with countermeasures while still holding out hope for talks with Trump.\n\nEurope is laying the groundwork for a novel response that could target America where it hurts the most: its overwhelming superiority in services exports.\n\nPresident Trump is dangling the prospect of a better deal for those who negotiate with the U.S.\n\nLeaders from Canada, Europe and China are threatening stiff countermeasures against the U.S. in response to President Trump’s surprisingly steep tariffs on nearly all imports. The administration’s response is, don’t even think about it.\n\nTrump is trying to short-circuit the trade war’s cycle of retaliation by threatening massive new tariffs on any country that responds, and by dangling the prospect of a better deal for those who hold their fire and negotiate. The highest tariffs—the so-called reciprocal duties for many countries with goods-trade imbalances with the U.S.—don’t go into effect until Wednesday, giving world leaders time to plead their cases with a president who considers himself a master dealmaker.\n\n“Every country’s called us,” Trump told reporters Thursday. “That’s the beauty of what we do. We’re in the driver’s seat.”\n\nWill he make deals to lower tariffs? “It depends,” Trump said. “As long as they are giving us something good.”\n\nSo far, much of the world is holding out hope for a deal. Anthony Albanese, the prime minister of Australia, which has a free-trade agreement with the U.S. but now faces 10% tariffs, said his government wouldn’t join a “race to the bottom” by retaliating. Japan, which will be subject to 24% tariffs, didn’t immediately announce plans to retaliate. India, facing a 26% tariff, according to Trump’s executive order, indicated it had no plans to retaliate.\n\nEven the two countries that have retaliated—China, which faces tariffs of up to 70% now, and Canada, which went from a no-tariff free-trade agreement to 25% tariffs on many exports—have held back their most potent weapons.\n\nFor Canada, that is in part because Trump threatened to double tariffs on the country when Ontario’s provincial leader began taxing electricity exported to the U.S. at 25%. Similarly, Trump threatened 200% tariffs on European alcoholic beverages, including Champagne, after the European Union said its retaliation against earlier steel and aluminum levies would include a 50% tariff on American whiskey. The EU delayed implementing the first of those duties—which the bloc said would eventually hit up to $28 billion of American products—until mid-April in hopes of striking a deal.\n\nAustralian Prime Minister Anthony Albanese says his government won’t join a ‘race to the bottom’ by retaliating. Photo: lukas coch/Shutterstock\n\nNow European and Canadian leaders are walking a tightrope, trying to project strength with countermeasures while still holding out hope for talks with Trump.\n\nEU Trade Commissioner Maroš Šefčovič , who is scheduled to hold a video call with U.S. trade officials Friday, said he would work “round the clock” in pursuit of a deal with the Trump administration.\n\nRetaliating countries have a dilemma. The U.S. imports more goods from Europe, China and Canada than it exports to them, which has long angered Trump and also limits their abilities to respond with tit-for-tat tariffs. They also want to avoid putting levies on products they need and can’t easily obtain from other trading partners.\n\nCountries that retaliate against the U.S. risk worsening their own economic problems, said Barry Appleton, co-director of New York Law School’s Center for International Law. “It’s like putting your head in a lion’s mouth,” he said. “Don’t do that.”\n\nEurope is laying the groundwork for a novel response that could target America where it hurts the most: its superiority in services exports.\n\nTargeting big American tech companies such as Alphabet or Meta Platforms, or taking other measures to restrict U.S. services, is widely viewed as a last resort for the bloc because doing so could provoke a harsh reaction from the Trump administration and damage the EU’s reputation as an open market. There is also a risk of raising costs for consumers or having unintended consequences for European companies.\n\nProsecco sparkling wine being bottled at an Italian plant in 2019. Photo: miguel medina/AFP/Getty Images\n\n“Sometimes it’s important to have a gun, and sometimes it’s also important to put it on the table, even if you’re not using it,” said Bernd Lange , who chairs the European Parliament’s trade committee.\n\nFrench President Emmanuel Macron said the EU could activate a new law that allows the bloc to respond to a country’s attempt to use economic coercion against it. Options for retaliation under the law are wide-ranging and include the ability to restrict services companies’ access to the market or curb the enforcement of intellectual-property rights.\n\nMacron called on industries “to remain united, to be determined,” rather than making one-off deals or announcing investments in an attempt to negotiate exemptions with Washington.\n\n“What would the message be of having major European actors investing billions of euros in the American economy at a time when they are hitting us?” Macron said. “We need to have solidarity.”\n\nFrench President Emmanuel Macron, speaking before an emergency meeting with ministers and business leaders, said President Trump’s tariffs will leave Americans “weaker and poorer.” Photo: Mohammed Badra/Agence France-Presse/Getty Images\n\nAdministration officials and Trump allies have said such an aggressive posture against Trump is exactly the wrong move.\n\n“I wouldn’t want to be the last country that tries to negotiate a trade deal,” Trump’s son Eric Trump said on X. “The first to negotiate will win—the last will absolutely lose. I have seen this movie my entire life.”\n\nAdministration officials have indicated that Trump isn’t willing to budge on the broad outlines of his trade policies. Almost every import will now be subject to at least a 10% tariff, a level that officials described as a floor. But there is negotiating room regarding the higher tariffs on select countries that have large trade surpluses with the U.S.\n\nCommerce Secretary Howard Lutnick said tariffs on China would come down if it stopped the export of the ingredients used to make the drug fentanyl.\n\n“All they have to have is a phone call from President Xi to President Trump saying I’m going to end fentanyl production that’s killing Americans and it drops 20%,” he told Bloomberg Television.\n\nFrench President Emmanuel Macron has urged industries to remain united and avoid one-off deals. Photo: Mohammed Badra/Press Pool\n\nInstead, China came out swinging Thursday. A Commerce Ministry statement said the tariffs “violate international trade rules, severely infringe the legitimate rights of relevant parties and represent a typical act of unilateral bullying.” But the ministry didn’t specify which further steps were planned.\n\nIn Canada, Prime Minister Mark Carney announced new 25% tariffs on a range of autos imported from the U.S., in response to U.S. tariffs on foreign-made cars. He and Trump have pledged to begin hashing out trade disagreements after Canada’s April 28 election, but he expressed pessimism about striking a good deal with Trump.\n\n“I don’t want to give false hope,” Carney said Thursday. Although the tariff policy “will hurt American families, until that pain becomes impossible to ignore, I do not believe the administration will change direction,” he added.\n\nA container ship at a port in eastern China last month. Photo: AFP/Getty Images\n\nWrite to Kim Mackrael at kim.mackrael@wsj.com, Vipal Monga at vipal.monga@wsj.com and Michael Amon at michael.amon@wsj.com\n\nAdvertisement",
    "published": "2025-04-03"
  },
  {
    "source": "WSJ",
    "title": "The White House Whirlwind That Led to Trump’s All-Out Tariff Strategy",
    "summary": "Aides struggled to satisfy the president’s competing priorities",
    "link": "https://www.wsj.com/politics/policy/trump-tariff-rollout-decisions-46dc0959?mod=Searchresults_pos18&page=212",
    "content": "Despite concerns from industry and labor officials, the White House implemented a 10% universal tariff and avoided stacking new tariffs on existing industry-specific tariffs.\n\nThe decision to implement both universal and reciprocal tariffs was made after a debate within the administration, with Trump ultimately favoring a reciprocal approach.\n\nTrump's tariff strategy aims to raise revenue and encourage domestic investment, while also implementing reciprocity measures against countries with high tariffs.\n\nWASHINGTON—In the final run-up to President Trump’s “Liberation Day” tariff announcement, aides were left with a difficult task.\n\nThey were struggling to square the president’s seemingly contradictory goals for sweeping new duties. He wanted them to raise significant revenue for the government, as well as provide a durable signal for companies to invest in the U.S., according to people with knowledge of the discussions. Those goals would align with a permanent, across-the-board tariff. A universal approach would also help prevent companies from avoiding tariffs by shifting production to other countries—a key issue for Trump’s economic team.\n\nBut the president also liked the idea of reciprocity, the people said—or charging nations “what they charge us,” as Trump has put it publicly. That pointed to individualized tariff rates for nations that could be calibrated according to their tariffs and other economic policies.\n\nA senior administration official described a “ping pong match” between universal tariffs or the reciprocal approach.\n\nOn one hand, Trump viewed the idea for a universal tariff as simple and easy to explain, this person said. On the other hand, advisers such as National Economic Council director Kevin Hassett and Commerce Secretary Howard Lutnick argued the American public would understand the tit-for-tat principle underlying a reciprocal approach.\n\nPresident Trump announced a slate of reciprocal tariffs against certain nations and a 10% across-the-board tariff, at a Rose Garden event he has called ‘Liberation Day.’ Photo: Mark Schiefelbein/AP\n\nIn a Monday afternoon meeting with his trade advisers, Trump asked for numbers on every country, a prelude to the chart of tariff rates he displayed in the Rose Garden on Wednesday, the senior administration official said. The figures didn’t necessarily match what foreign countries charge against imports from the U.S., The Wall Street Journal has reported.\n\nIn the end, they decided to implement both tariff options. On Tuesday afternoon in an Oval Office meeting, Trump wanted to go with the reciprocal approach, the person said, though the plan would also include a universal, 10% tariff for any nation not targeted with higher, reciprocal tariffs. That decision came late in the monthlong lead-up to Trump’s self-imposed April 2 deadline, with the U.S. Trade Representative’s office as late as Tuesday afternoon still working on alternative, less aggressive plans.\n\nThe result is an approach that has shocked the stock market and ignited a scramble for companies and foreign governments ahead of April 9, when the higher, reciprocal tariffs will take effect. White House economic officials have largely taken the chaos in stride, the senior administration official said, adding that despite the magnitude of the announcement, “we are only down 3%,” referring to the stock market.\n\nTrump—who has called himself “a tariff man” and said publicly that tariffs are “the most beautiful word, to me, in the dictionary” after God, religion and maybe love—imposed a plan similar to one he promised on the campaign trail. He did so almost entirely based on his own vision for the U.S. economy, upending decades of U.S. trade policy without keeping some of his advisers in the loop and frustrating some Republicans who have backed his America First message.\n\nIn the aftermath of the tariff decision, Trump’s aides took to TV to defend the president’s action, but not always satisfactorily from the White House’s perspective, people familiar with the matter said. On Thursday morning, there were discussions to make sure everyone was beating the same drum on TV, one of the people said. On Thursday, officials focused on consolidating his message that the tariffs are here to stay, even as aides close to him said some negotiations with other countries are likely.\n\nIf the White House tanks the global economy using tariffs, some allies cautioned, the policy tool could be taboo for years to come. Photo: Justin Sullivan/Getty Images\n\n“I don’t think there’s any chance…that President Trump’s going to back off his tariffs,” Lutnick said Thursday on CNN. “The world should stop exploiting the United States of America.” The administration has said the baseline 10% tariffs aren’t up for negotiation, though higher duties could come down.\n\n“He’ll be in a negotiation with every country,” said Steve Bannon, a former senior White House strategist who remains close with Trump and his aides. “Every day will be like Christmas. At the end of the day, what really excites him is talking about a deal with Canada, having Witkoff update him on Russia—the deals.” Steve Witkoff, Trump’s special envoy, has been leading negotiations on the Middle East and Ukraine.\n\nMany people urged Trump to take a more modest path. Earlier on Tuesday, and in the days leading up to Trump’s Wednesday tariff announcement, the White House fielded calls from industry and labor officials cautioning not to take a maximalist approach. GOP lawmakers and strategists expressed similar concerns about rising prices associated with tariffs.\n\nEven among labor leaders and businesses supportive of tariffs, the warning to Trump was to not overplay his hand. If the White House tanks the global economy using tariffs, some allies cautioned, the policy tool could be taboo for years to come.\n\nThough the overall tariff policy was aggressive, the White House appeared to have heeded those cautions, at least in part. The universal tariff ended up at 10%, not 20% as was discussed at one point. And any new tariffs won’t be stacked on top of existing industry-specific tariffs such as foreign-made automobiles and steel. Existing carve-outs for goods compliant with the U.S.-Mexico-Canada Agreement would persist, leaving those products duty-free.\n\nExisting carve-outs for goods compliant with the U.S.-Mexico-Canada Agreement will persist. Photo: Justin Hamel/Bloomberg News\n\nTrump’s senior staff grew exasperated with the conversations at times, according to people familiar with the matter. There were a lot of people trying to talk Trump out of tariffs despite his having believed in them for decades, the people said.\n\nThe announcement was a surprise to many. Prominent business executives weren’t invited to the Rose Garden, nor were they given information before the event about what was to come, according to people involved in the White House tariff discussions. One of the few chief executives invited to the event, Zekelman Industries CEO Barry Zekelman, said before boarding a flight to Washington that he still didn’t know the details of the announcement he planned to attend.\n\nInside the White House, many aides were ready to finally move on from the weeks of tariff uncertainty. One senior administration official hoped the White House could just “deal with the bloodbath” on Thursday morning and move on. This person said most White House officials, perhaps except for Trump, are tired of talking about tariffs. The goal is to pivot the economic messaging out of the White House to tax cuts, this person said, and begin more in-depth discussions on a congressional package by the weekend.\n\nAfter Trump’s announcement, the atmosphere among the trade leaders in Washington was downcast. At a pre-scheduled dinner hosted by the National Foreign Trade Council on Wednesday, pro-trade speakers from both parties railed against the tariffs, with Rep. Ted Lieu (D., Calif.) calling them crazy, to the delight of the crowd.\n\n“Anyone who suggests a tariff is not a tax needs to go back to school,” former U.S. Trade Representative Susan Schwab, who served under President George W. Bush, said on the stage.\n\nSen. Chuck Grassley (R., Iowa) joined a Democratic senator in introducing a bill that would make tariffs temporary, unless they are approved by Congress. Photo: J. Scott Applewhite/Associated Press\n\nMeanwhile, across town, a handful of Republican senators broke with Trump on his trade policy, joining with Democrats to pass a resolution aiming to undo the president’s 25% tariff on Canadian imports. The next morning another bipartisan moment of pushback to Trump: Sens. Chuck Grassley (R., Iowa) and Maria Cantwell (D., Wash.) introduced a bill that would make tariffs temporary, unless they are approved by Congress.\n\n“For too long, Congress has delegated its clear authority to regulate interstate and foreign commerce to the executive branch,” said Grassley, who has a family farm at home in Iowa.\n\nThe White House was flooded with concerned calls since the announcement, a Trump adviser said. But despite the stock-market selloff, some advisers feared it would have been even worse.\n\nWrite to Gavin Bade at gavin.bade@wsj.com, Josh Dawsey at Joshua.Dawsey@WSJ.com and Meridith McGraw at Meridith.McGraw@WSJ.com\n\nAdvertisement",
    "published": "2025-04-03"
  },
  {
    "source": "WSJ",
    "title": "Resistance Is Futile, Make a Deal: Trump’s Tariff Message to the World",
    "summary": "Administration is trying to head off painful retaliatory measures, forcing big trading partners to decide whether fighting is worth it",
    "link": "https://www.wsj.com/politics/policy/trump-tariffs-world-retaliatory-measures-9094ce24?mod=Searchresults_pos12&page=223",
    "content": "President Trump describing the new tariffs Wednesday at the White House Rose Garden.\n\nThe EU and Canada are walking a tightrope, trying to project strength with countermeasures while still holding out hope for talks with Trump.\n\nEurope is laying the groundwork for a novel response that could target America where it hurts the most: its overwhelming superiority in services exports.\n\nPresident Trump is dangling the prospect of a better deal for those who negotiate with the U.S.\n\nLeaders from Canada, Europe and China are threatening stiff countermeasures against the U.S. in response to President Trump’s surprisingly steep tariffs on nearly all imports. The administration’s response is, don’t even think about it.\n\nTrump is trying to short-circuit the trade war’s cycle of retaliation by threatening massive new tariffs on any country that responds, and by dangling the prospect of a better deal for those who hold their fire and negotiate. The highest tariffs—the so-called reciprocal duties for many countries with goods-trade imbalances with the U.S.—don’t go into effect until Wednesday, giving world leaders time to plead their cases with a president who considers himself a master dealmaker.\n\n“Every country’s called us,” Trump told reporters Thursday. “That’s the beauty of what we do. We’re in the driver’s seat.”\n\nWill he make deals to lower tariffs? “It depends,” Trump said. “As long as they are giving us something good.”\n\nSo far, much of the world is holding out hope for a deal. Anthony Albanese, the prime minister of Australia, which has a free-trade agreement with the U.S. but now faces 10% tariffs, said his government wouldn’t join a “race to the bottom” by retaliating. Japan, which will be subject to 24% tariffs, didn’t immediately announce plans to retaliate. India, facing a 26% tariff, according to Trump’s executive order, indicated it had no plans to retaliate.\n\nEven the two countries that have retaliated—China, which faces tariffs of up to 70% now, and Canada, which went from a no-tariff free-trade agreement to 25% tariffs on many exports—have held back their most potent weapons.\n\nFor Canada, that is in part because Trump threatened to double tariffs on the country when Ontario’s provincial leader began taxing electricity exported to the U.S. at 25%. Similarly, Trump threatened 200% tariffs on European alcoholic beverages, including Champagne, after the European Union said its retaliation against earlier steel and aluminum levies would include a 50% tariff on American whiskey. The EU delayed implementing the first of those duties—which the bloc said would eventually hit up to $28 billion of American products—until mid-April in hopes of striking a deal.\n\nAustralian Prime Minister Anthony Albanese says his government won’t join a ‘race to the bottom’ by retaliating. Photo: lukas coch/Shutterstock\n\nNow European and Canadian leaders are walking a tightrope, trying to project strength with countermeasures while still holding out hope for talks with Trump.\n\nEU Trade Commissioner Maroš Šefčovič , who is scheduled to hold a video call with U.S. trade officials Friday, said he would work “round the clock” in pursuit of a deal with the Trump administration.\n\nRetaliating countries have a dilemma. The U.S. imports more goods from Europe, China and Canada than it exports to them, which has long angered Trump and also limits their abilities to respond with tit-for-tat tariffs. They also want to avoid putting levies on products they need and can’t easily obtain from other trading partners.\n\nCountries that retaliate against the U.S. risk worsening their own economic problems, said Barry Appleton, co-director of New York Law School’s Center for International Law. “It’s like putting your head in a lion’s mouth,” he said. “Don’t do that.”\n\nEurope is laying the groundwork for a novel response that could target America where it hurts the most: its superiority in services exports.\n\nTargeting big American tech companies such as Alphabet or Meta Platforms, or taking other measures to restrict U.S. services, is widely viewed as a last resort for the bloc because doing so could provoke a harsh reaction from the Trump administration and damage the EU’s reputation as an open market. There is also a risk of raising costs for consumers or having unintended consequences for European companies.\n\nProsecco sparkling wine being bottled at an Italian plant in 2019. Photo: miguel medina/AFP/Getty Images\n\n“Sometimes it’s important to have a gun, and sometimes it’s also important to put it on the table, even if you’re not using it,” said Bernd Lange , who chairs the European Parliament’s trade committee.\n\nFrench President Emmanuel Macron said the EU could activate a new law that allows the bloc to respond to a country’s attempt to use economic coercion against it. Options for retaliation under the law are wide-ranging and include the ability to restrict services companies’ access to the market or curb the enforcement of intellectual-property rights.\n\nMacron called on industries “to remain united, to be determined,” rather than making one-off deals or announcing investments in an attempt to negotiate exemptions with Washington.\n\n“What would the message be of having major European actors investing billions of euros in the American economy at a time when they are hitting us?” Macron said. “We need to have solidarity.”\n\nFrench President Emmanuel Macron, speaking before an emergency meeting with ministers and business leaders, said President Trump’s tariffs will leave Americans “weaker and poorer.” Photo: Mohammed Badra/Agence France-Presse/Getty Images\n\nAdministration officials and Trump allies have said such an aggressive posture against Trump is exactly the wrong move.\n\n“I wouldn’t want to be the last country that tries to negotiate a trade deal,” Trump’s son Eric Trump said on X. “The first to negotiate will win—the last will absolutely lose. I have seen this movie my entire life.”\n\nAdministration officials have indicated that Trump isn’t willing to budge on the broad outlines of his trade policies. Almost every import will now be subject to at least a 10% tariff, a level that officials described as a floor. But there is negotiating room regarding the higher tariffs on select countries that have large trade surpluses with the U.S.\n\nCommerce Secretary Howard Lutnick said tariffs on China would come down if it stopped the export of the ingredients used to make the drug fentanyl.\n\n“All they have to have is a phone call from President Xi to President Trump saying I’m going to end fentanyl production that’s killing Americans and it drops 20%,” he told Bloomberg Television.\n\nFrench President Emmanuel Macron has urged industries to remain united and avoid one-off deals. Photo: Mohammed Badra/Press Pool\n\nInstead, China came out swinging Thursday. A Commerce Ministry statement said the tariffs “violate international trade rules, severely infringe the legitimate rights of relevant parties and represent a typical act of unilateral bullying.” But the ministry didn’t specify which further steps were planned.\n\nIn Canada, Prime Minister Mark Carney announced new 25% tariffs on a range of autos imported from the U.S., in response to U.S. tariffs on foreign-made cars. He and Trump have pledged to begin hashing out trade disagreements after Canada’s April 28 election, but he expressed pessimism about striking a good deal with Trump.\n\n“I don’t want to give false hope,” Carney said Thursday. Although the tariff policy “will hurt American families, until that pain becomes impossible to ignore, I do not believe the administration will change direction,” he added.\n\nA container ship at a port in eastern China last month. Photo: AFP/Getty Images\n\nWrite to Kim Mackrael at kim.mackrael@wsj.com, Vipal Monga at vipal.monga@wsj.com and Michael Amon at michael.amon@wsj.com\n\nAdvertisement",
    "published": "2025-04-03"
  },
  {
    "source": "WSJ",
    "title": "Republicans Raise Concerns About Trump’s Tariff Blitz",
    "summary": "One bipartisan proposal would give Congress more power to control trade policy",
    "link": "https://www.wsj.com/politics/policy/republican-gop-trump-tariff-trade-concerns-b1e92171?mod=Searchresults_pos5&page=224",
    "content": "Democrats are planning to introduce more measures to challenge Trump's tariff policies, and some Republicans have indicated that their support for the president's agenda might have a breaking point.\n\nA bill introduced by Sen. Chuck Grassley (R-Iowa) and Sen. Maria Cantwell (D-Wash.) would allow Congress to remove tariffs by a simple majority vote.\n\nSenate Republicans are expressing concerns about President Trump's wide-ranging tariffs, with some calling for Congress to reassert its powers over trade policy.\n\nWASHINGTON—Senate Republicans grew jittery about President Trump’s wide-ranging tariffs, with some saying Congress should reassert its powers to run trade policy and others warning that the administration’s plans carried deep risks.\n\nThe tariffs, central to Trump’s second-term economic agenda, sparked a selloff on Wall Street amid concerns they would drive up prices and tip the economy into a recession. Trump is imposing a 10% baseline tariff worldwide, with higher levies on goods from partners including Japan, Europe, South Korea and Vietnam.\n\nSen. Chuck Grassley (R., Iowa), the only grain farmer in the Senate, joined with Sen. Maria Cantwell (D., Wash.) to introduce a bill Thursday that would allow Congress to remove tariffs put in place by any president.\n\nGrassley’s office said the bill was part of his longstanding work on trade policy and not specifically a response to Trump’s actions. Several other Republicans including Sens. Lisa Murkowski of Alaska, Thom Tillis of North Carolina and Mike Rounds of South Dakota said they would support the measure or were open to it.\n\n“We have to wait and see” on the new tariffs, Grassley told reporters. “I’m not surprised at the impact today, but we’ve got to wait a few days and get a longer-term impact.”\n\nLate Wednesday, four Senate Republicans helped Democrats pass a measure aiming to reverse a previously announced 25% tariff on Canadian imports, and Democrats said they were planning more such measures to challenge Trump’s policies. None of the proposals are likely to become law, but they served to gauge GOP pushback.\n\nSen. Mitch McConnell (R., Ky.), who backed the Canada measure, said on X that tariffs are “bad policy, and trade wars with our partners hurt working people most,” pointing to the expected impact on farmers, bourbon makers and car manufacturers in his state. He said that “at a time when Americans are tightening their belts, we would do well to avoid policies that heap on the pain.”\n\nRepublican Sen. Chuck Grassley at the Capitol in Washington on Thursday. Photo: J. Scott Applewhite/Associated Press\n\nThe other three Republicans to support ending the Canada tariffs were Murkowski, and Sens. Rand Paul of Kentucky and Susan Collins of Maine. Paul has argued that the tariffs amount to a tax, making them a matter for Congress to decide, not the president.\n\n“This isn’t about political party,” he said. “I voted for and supported President Trump. But I don’t support the rule of one person.”\n\nOther GOP lawmakers indicated their support for the president’s agenda might have a breaking point.\n\n“Tariffs are like whiskey,” Sen. John Kennedy (R., La.) said on Fox News. “A little whiskey under the right circumstances can be refreshing. Too much whiskey under the wrong circumstances and you end up drunk as a goat. We just don’t know right now.”\n\nSen. Jerry Moran (R., Kan.) told CNN it was too soon to gauge the impact of the tariffs, but he said he “would have thought they would be less dramatic, less significant, and more targeted. I think we ought to be focused on our economic adversaries, and be less damaging to our economic allies.”\n\nDemocrats said they thought they could win over more Republicans. Sen. Tim Kaine (D., Va.), the lead author of the measure to undo the tariffs on Canadian goods, said he was planning to introduce similar measures aimed at a related suite of tariffs on other countries.\n\n“As the economic reality sets in, we could get more,”’ Kaine said of GOP votes.\n\nSenate GOP leaders were working to keep Republicans on message, highlighting that Trump’s broader goal was to level the playing field, saying unfair trade relationships had cost Americans jobs and sent vital industries overseas. Senate Majority Whip John Barrasso (R., Wyo.), one of Trump’s staunchest Senate GOP allies, told reporters that “long-term, I think this is very important for the country.”\n\nSenate Majority Leader John Thune (R., S.D.) said he was watching to see how countries responded and what the ultimate permanent tariff policy would look like. “But obviously you want to make sure you’re not doing harm to the economy,” he said.\n\nOther Republicans said they weren’t rattled.\n\n“I’ve been investing in the market for years, and the market is run by emotion, and that’s what it is right now—it’s all emotion: ‘Oh, my God, look what’s happened!’ ” said Sen. Tommy Tuberville (R., Ala.). He said he thought Trump’s approach would work. His advice for his constituents: “Go back to your job, do your work, time will heal all wounds.”\n\nSen. Roger Marshall (R., Kan.) said GOP colleagues shouldn’t get wobbly.\n\n“Have some guts, stand up, and think about the long-term gain and not the short-term pain,” he said. “Tariffs is a small, small, small piece of the puzzle.”\n\nTrump’s latest round of tariffs would raise $1.8 trillion in revenue over a decade on top of $1.3 trillion in previously announced tariffs, according to the Tax Foundation, which favors a simpler tax system with lower rates and fewer breaks; that is before counting the negative economic effects of the higher import taxes.\n\nUnder the calculation, the combined tariffs are nearly as large as the $3.8 trillion extension of tax cuts that Trump is trying to push through Congress this year. The tariffs amount to an average tax increase of $2,100 per household, according to the analysis.\n\nTrump’s Tariffs News and analysis on the tariffs and their impact, selected by the editors WSJ Answers Tariff Questions\n\nUnder the proposal from Cantwell and Grassley, any tariffs imposed by the president would expire after 60 days unless Congress voted to approve them. Congress also would have the power to terminate tariffs at any time by voting to pass a resolution of disapproval. If a president vetoed such a resolution, then each chamber would have to override the veto at a two-thirds threshold.\n\n“If President Trump is successful in reducing tariffs in other countries, I’m going to say ‘Amen; praise the Lord.’ But if he’s unsuccessful, I’ll say, ‘I told you so,’ ” Grassley said in a video statement Wednesday as Trump was unveiling his proposal.\n\nAdvertisement\n\nWrite to Lindsay Wise at lindsay.wise@wsj.com, Siobhan Hughes at Siobhan.hughes@wsj.com and Richard Rubin at richard.rubin@wsj.com",
    "published": "2025-04-03"
  },
  {
    "source": "WSJ",
    "title": "The Rest of the World Is Bracing for a Flood of Cheap Chinese Goods",
    "summary": "President Trump’s ‘Liberation Day’ tariffs risk domino effect across the globe as Chinese goods look for new markets",
    "link": "https://www.wsj.com/economy/trade/china-trump-tariffs-global-trade-99f023d8?mod=Searchresults_pos13&page=248",
    "content": "China may need to increase domestic spending and implement additional stimulus measures to offset the effects of the tariffs.\n\nThe U.S. tariffs on Chinese goods would create a surplus that other countries may struggle to absorb.\n\nPresident Trump's tariffs on China could lead to a flood of cheap Chinese goods entering the global market, potentially harming other exporters and escalating trade tensions.\n\nPresident Trump’s jumbo tariffs on China threaten to create a new problem for a global economy already stressed over trade: a $400 billion deluge of Chinese goods looking for new markets.\n\nU.S. consumers and businesses learned Wednesday that, from April 9, Chinese imports will face tariffs of around 70% on average, after Trump walloped China with stiff new duties as part of his “Liberation Day” trade broadside. The new tariffs will likely push up prices in the U.S. for products ranging from consumer electronics and toys to machinery and essential components for manufacturing.\n\nThat towering tariff wall also risks diverting some U.S.-bound Chinese exports into a global market already swimming in China-made goods, worsening what is called a China shock that is facing pushback from countries around the world, according to economists. Other major exporters, such as Vietnam, South Korea and Japan, could also see barriers to their exports proliferate as U.S. spending on imports falls and their exports get shunted to new destinations.\n\nEconomists note that such domino effects underscore how trade wars can quickly escalate, drawing in more countries as retaliatory measures fly and defensive barriers go up.\n\n“The real fireworks are yet to come,” said Michael Pettis, a professor of finance at Peking University in Beijing who has written extensively about global trade.\n\nA worker at a factory in Dongguan, China. Photo: Gilles Sabrié for WSJ\n\nTrump on Wednesday announced plans to levy tariffs on a range of U.S. trading partners that he accuses of taking advantage of the U.S. by boosting exports while keeping their own barriers to imports high.\n\nChina, regarded by many in Trump’s orbit as the U.S.’s chief geopolitical foe, was hit especially hard. Chinese imports will be slapped with a 34% duty. That new tariff rate was stacked on top of a 10% tariff levied in February, another 10% added in March and a range of other tariffs imposed during Joe Biden’s presidency and Trump’s first term in office. That lifts the average rate on Chinese imports to around 70%, according to economists.\n\nAdvertisement\n\nIt will be hard for other countries to absorb Chinese exports that normally went to the huge U.S. market. The U.S. in 2024 imported around $440 billion of goods from China, according to Census Bureau data. China in 2023 was the source of a fifth of iron and steel products imported into the U.S., more than a quarter of its imported electronics, a third of its imported footwear and three-quarters of its imported toys, according to data from the International Trade Centre, an agency of the United Nations and the World Trade Organization. Ninety-one percent of U.S. umbrella imports came from China.\n\nU.S. imports from China are unlikely to drop to zero overnight. Consumers might be able to find alternatives to some Chinese-made products, but not others, and manufacturers outsource big chunks of their production to Chinese factories. Even if they manufacture goods at home, they are often bringing in parts and basic materials from China that can be hard to find elsewhere.\n\nLower U.S. spending on Chinese imports means unsold goods have to go somewhere else. Yet surging Chinese exports are already jacking up tensions between China and the world’s big economies, and could rise further if exporters try to unload what had been U.S.-bound shipments to other countries.\n\nSince Trump launched his trade war in 2018, China has been the subject of almost 500 antidumping rulings and investigations, according to Global Trade Alert, a Switzerland-based nonprofit that tracks global trade policy.\n\nA worker in a clothing workshop in Guangzhou, China. Photo: Agence France-Presse/Getty Image\n\nChinese leader Xi Jinping has poured investment into manufacturing to support advanced technology and pump up growth amid an epic property crunch and tepid consumer spending. The result has been a surge in exports, as companies hunt for overseas buyers to soak up goods they can’t sell at home. China last year posted a trade surplus of $1 trillion. Countries have moved to shield domestic industries from cut-price Chinese competition in response.\n\nLast year alone, Brazil opened antidumping probes into imports from China of hypodermic needles, optical fibers, nebulizers and polyester mesh; Mexico and Canada opened investigations into aluminum, steel and chemicals; the U.K.’s trade protection agency recommended excavators from China be hit with antidumping duties of up to 84% after a rush of imports; and the European Union raised tariffs on Chinese electric vehicles following an investigation that concluded Chinese carmakers received hefty subsidies.\n\nAdvertisement\n\nWith the U.S. raising tariffs, “there just aren’t other big markets that can easily absorb the immense scale of China’s manufacturing capacity,” said Brad Setser, a senior fellow at the Council on Foreign Relations and a former U.S. Treasury official.\n\nA steel machinery factory in Hangzhou, China. Photo: Agence France-Presse/Getty Images\n\nOne way to ease trade tensions would be for China to boost spending at home, economists say, which might help soak up its industrial production and suck in more imports from other countries.\n\nBeijing has announced plans to borrow and spend more to shore up growth and pep up consumer spending. But given the unexpected scale of Trump’s tariff blitz, economists say it will probably need to do more, such as cut interest rates, lift government borrowing further and find ways to rekindle beaten-down consumer confidence, perhaps by drawing a line under its drawn-out real estate bust.\n\nYu Xiangrong, chief China economist at Citi, said that without more stimulus, the additional tariffs will shave between 0.5 and 1 percentage point off Chinese growth this year.\n\nAdvertisement\n\nBeijing said on Thursday that it would deploy “resolute” countermeasures against the latest tariffs on Chinese goods, though it didn’t immediately say what those were. In response to Trump’s earlier tariffs, China retaliated with tariffs of 15% on imports of U.S. chicken, wheat, corn and cotton and 10% duties on soybeans and beef. It added a string of U.S. companies to export control and corporate blacklists.\n\n“History has proved that raising tariffs will not solve the problems of the U.S. itself, and will not only harm the interests of the U.S., but also jeopardize the development of the global economy,” China’s Ministry of Commerce said Thursday.\n\nThe EU, Japan, South Korea, Vietnam and a host of other countries were also hit with hefty new U.S. levies Wednesday. Countries not singled out for “reciprocal” tariffs by Trump weren’t unscathed: A flat 10% tariff rate will be applied to imports from all countries on April 5, he said.\n\nWrite to Jason Douglas at jason.douglas@wsj.com and Rebecca Feng at rebecca.feng@wsj.com\n\nTrump’s Tariffs News and analysis on the tariffs and their impact, selected by the editors WSJ Answers Tariff Questions",
    "published": "2025-04-03"
  },
  {
    "source": "WSJ",
    "title": "What to Know About the U.S. Trade Imbalance, in Charts",
    "summary": "Trump’s new tariffs are calculated partly on U.S. trade deficits. Here’s how they break down with several key trading partners.",
    "link": "https://www.wsj.com/economy/trade/what-to-know-about-the-u-s-trade-imbalance-in-charts-79b25c0b?mod=Searchresults_pos9&page=239",
    "content": "President Trump on Wednesday unveiled the centerpiece of his tariff agenda, saying he will impose sweeping import taxes on goods from all nations. He called the levies necessary to rebuild the U.S. economy and to retaliate against nations he described as engaging in unfair trade practices.\n\nThe levies include a 10%, across-the-board tariff on imports from all countries, and higher rates for other nations the White House considers bad actors on trade. China, for instance, now faces a base tariff rate of 54%.\n\nThe tariffs are pegged to amounts it said other countries impose on the U.S. In many cases, those amounts appear to match a basic formula: the size of a country’s goods-trade imbalance with the U.S., divided by how much America imports from that nation. (Canada and Mexico were excluded from the reciprocal tariff regime, though many of their exports to the U.S. are still subject to the 25% tariffs Trump imposed in March.)\n\nHere is a breakdown of some key U.S. trade relationships:\n\nValue of goods in 2024 by U.S. trading partner, in billions\n\nImports Exports Mexico EurOpean Union CHINA $334.0 Exports $370.2 Exports $143.5 Exports $505.9 Imports $605.8 Imports $438.9 Imports –$171.8 Balance –$235.6 Balance –$295.4 Balance Vehicles Pharmaceutical products Machinery Electronics Vehicles Machinery Machinery Electronics All other imports All other imports All other imports All exports Energy All other exports Vietnam All other exports $13.1 Exports Energy $136.6 Imports –$123.5 Balance CANADA Taiwan $348.5 Exports $42.3 Exports All imports $412.7 Imports $116.3 Imports –$64.2 Balance –$73.9 Balance All exports Machinery Vehicles All imports Energy Japan All exports $79.7 Exports $148.2 Imports –$68.5 Balance Vehicles South Korea $65.5 Exports Vehicles $131.5 Imports –$66.0 Balance All other exports All other imports All other imports Vehicles All exports All exports All other imports Imports Exports Mexico EurOpean Union CHINA $334.0 Exports $370.2 Exports $143.5 Exports $505.9 Imports $605.8 Imports $438.9 Imports –$171.8 Balance –$235.6 Balance –$295.4 Balance Vehicles Pharmaceutical products Machinery Electronics Vehicles Machinery Machinery Electronics All other imports All other imports All other imports All exports Energy All other exports Vietnam All other exports $13.1 Exports Energy $136.6 Imports –$123.5 Balance CANADA Taiwan All imports $348.5 Exports $42.3 Exports $412.7 Imports $116.3 Imports –$64.2 Balance –$73.9 Balance All exports Machinery Vehicles All imports Energy Japan All exports $79.7 Exports $148.2 Imports –$68.5 Balance Vehicles South Korea $65.5 Exports Vehicles $131.5 Imports –$66.0 Balance All other exports All other imports All other imports Vehicles All exports All exports All other imports Imports Exports Mexico EurOpean Union CHINA $334.0 Exports $370.2 Exports $143.5 Exports $505.9 Imports $605.8 Imports $438.9 Imports –$171.8 Balance –$235.6 Balance –$295.4 Balance Machinery Machinery Machinery Vehicles Pharma products Electronics Vehicles Electronics All other imports All other imports All other imports All exports Energy All other exports All other exports Vietnam $13.1 Exports Energy $136.6 Imports –$123.5 Balance CANADA Taiwan $348.5 Exports All imports $42.3 Exports $412.7 Imports $116.3 Imports –$64.2 Balance –$73.9 Balance All exports Machinery All imports Vehicles Energy Japan All exports $79.7 Exports $148.2 Imports Vehicles –$68.5 Balance South Korea $65.5 Exports Vehicles $131.5 Imports All other exports –$66.0 Balance All other imports All other imports Vehicles All exports All exports All other imports Imports Exports EurOpean Union CHINA $370.2 Exports $143.5 Exports $605.8 Imports $438.9 Imports –$235.6 Balance –$295.4 Balance Machinery Machinery Vehicles Pharma products Electronics All other imports All other imports All exports Energy Mexico All other exports $334.0 Exports $505.9 Imports –$171.8 Balance Machinery Vehicles Vietnam $13.1 Exports $136.6 Imports –$123.5 Balance Electronics All imports All other imports All exports Taiwan $42.3 Exports All other exports $116.3 Imports –$73.9 Balance All imports Energy All exports Japan $79.7 Exports $148.2 Imports CANADA –$68.5 Balance $348.5 Exports $412.7 Imports Vehicles –$64.2 Balance Machinery Vehicles All other imports Energy All exports Vehicles South Korea $65.5 Exports $131.5 Imports All other exports All other imports –$66.0 Balance Vehicles All other imports All exports Imports Exports EurOpean Union CHINA $370.2 Exports $143.5 Exports $605.8 Imports $438.9 Imports –$235.6 Balance –$295.4 Balance Machinery Machinery Vehicles Pharma products Electronics All other imports All other imports All exports Energy Mexico All other exports $334.0 Exports $505.9 Imports –$171.8 Balance Vietnam Machinery $13.1 Exports Vehicles $136.6 Imports –$123.5 Balance Electronics All imports All exports All other imports Taiwan $42.3 Exports All other exports $116.3 Imports –$73.9 Balance All imports Energy All exports Japan $79.7 Exports CANADA $148.2 Imports $348.5 Exports –$68.5 Balance $412.7 Imports –$64.2 Balance Vehicles Machinery Vehicles All other imports Energy All exports Vehicles South Korea $65.5 Exports All other exports $131.5 Imports All other imports –$66.0 Balance All imports All exports\n\nWhat is a trade deficit?\n\nA trade deficit is the difference between the value of the goods and services a country imports and the value of goods and services it exports. A deficit means that a country is importing more than it exports. A surplus means the opposite. Economists sometimes examine the total trade balance—goods and services—and sometimes analyze just goods or services trade. Services include transportation, construction and the provision of accounting or legal support. The White House’s tariff analysis appeared to include only goods, not services.\n\nValue of U.S. goods trade in 2024, by partner\n\nExports Imports EU GOODS DEFICIT Mexico China Canada Japan Vietnam S. Korea Taiwan 0 200 400 $600 billion Exports Imports EU GOODS DEFICIT Mexico China Canada Japan Vietnam S. Korea Taiwan 0 200 400 $600 billion Exports Imports EU GOODS DEFICIT Mexico China Canada Japan Vietnam S. Korea Taiwan 0 200 400 $600 billion Exports Imports EU GOODS DEFICIT Mexico China Canada Japan Vietnam S. Korea Taiwan 0 200 400 $600 billion Exports Imports EU GOODS DEFICIT Mexico China Canada Japan Vietnam S. Korea Taiwan 0 200 400 $600 billion\n\nWhat does the trade balance say about the U.S.’s industrial strengths and weaknesses?\n\nThe U.S. excels at exporting services, such as banking, insurance, consulting and legal advice. It is also a major exporter of some goods, including aircraft, soybeans and oil. Over the years it has increasingly turned to other nations for many of the goods it consumes, including electronics, clothing and other items.\n\nU.S. imports and exports of goods, by category, 2024, in billions of dollars\n\nPRODUCE IMPORTS From Mexico 20.7 Other 19.0 EXPORTS To Mexico 2.2 Other 19.0 PHARMACEUTICAL PRODUCTS IMPORTS From the EU 127.0 Other 84.7 EXPORTS Other 55.0 To the EU 39.4 OIL AND OTHER FUELS IMPORTS From Canada 124.9 Other 115.8 EXPORTS Other 293.7 To Canada 26.4 VEHICLES AND PARTS IMPORTS From Mexico 136.6 EU 60.3 Canada 50.4 Japan 50.1 South Korea 44.5 Other 43.7 EXPORTS Note: Bars not in scale from one category to the next. Source: Census Bureau To Canada 53.7 Mexico 28.9 EU 17.1 Other 44.0 PRODUCE IMPORTS From Mexico 20.7 Other 19.0 EXPORTS To Mexico $2.2 Other 20.1 PHARMACEUTICAL PRODUCTS IMPORTS From the EU 127.0 Other 84.7 EXPORTS Other 55.0 To the EU 39.4 OIL AND OTHER FUELS IMPORTS From Canada 124.9 Other 115.8 EXPORTS To Canada 26.4 Other 293.7 VEHICLES AND PARTS IMPORTS From Mexico 136.6 EU 60.3 Canada 50.4 Japan 50.1 South Korea 44.5 Other 43.7 EXPORTS Other 44.0 Note: Bars not in scale from one category to the next. Source: Census Bureau Mexico 28.9 To Canada 53.7 EU 17.1 PRODUCE IMPORTS From Mexico 20.7 Other 19.0 EXPORTS To Mexico 2.2 Other 20.1 PHARMACEUTICAL PRODUCTS IMPORTS From the EU 127.0 Other 84.7 EXPORTS Other 55.0 To the EU 39.4 OIL AND OTHER FUELS IMPORTS From Canada 124.9 Other 115.8 EXPORTS To Canada 26.4 Other 293.7 VEHICLES AND PARTS IMPORTS From Mexico 136.6 EU 60.3 Canada 50.4 Japan 50.1 South Korea 44.5 Other 43.7 EXPORTS Other 44.0 Note: Bars not in scale from one category to the next. Source: Census Bureau To Canada 53.7 Mexico 28.9 EU 17.1 PRODUCE IMPORTS From Mexico 20.7 Other 19.0 EXPORTS To Mexico 2.2 Other 20.1 PHARMACEUTICAL PRODUCTS IMPORTS From the EU 127.0 Other 84.7 EXPORTS To the EU 39.4 Other 55.0 OIL AND OTHER FUELS IMPORTS From Canada 124.9 Other 115.8 EXPORTS To Canada 26.4 Other 293.7 VEHICLES AND PARTS IMPORTS From Mexico 136.6 EU 60.3 Japan 50.1 Other 43.7 South Korea 44.5 Canada 50.4 EXPORTS Other 44.0 EU 17.1 Mexico 28.9 Note: Bars not in scale from one category to the next. Source: Census Bureau To Canada 53.7 PRODUCE IMPORTS From Mexico 20.7 Other 19.0 EXPORTS To Mexico 2.2 Other 20.1 PHARMACEUTICAL PRODUCTS IMPORTS From the EU 127.0 Other 84.7 EXPORTS To the EU 39.4 Other 55.0 OIL AND OTHER FUELS IMPORTS From Canada 124.9 Other 115.8 EXPORTS To Canada 26.4 Other 293.7 VEHICLES AND PARTS IMPORTS From Mexico 136.6 EU 60.3 Japan 50.1 Other 43.7 South Korea 44.5 Canada 50.4 EXPORTS Other 44.0 EU 17.1 Mexico 28.9 Note: Bars not in scale from one category to the next. Source: Census Bureau To Canada 53.7\n\nThis explanatory article may be periodically updated.\n\nWrite to Alana Pipe at alana.pipe@wsj.com, Drew An-Pham at drew.an-pham@wsj.com and Jeanne Whalen at Jeanne.Whalen@wsj.com",
    "published": "2025-04-03"
  }
]