[
  {
    "source": "WSJ",
    "title": "Trump Calls Tariffs ‘Kind’",
    "summary": "“These tariffs are going to give us growth like you’ve never seen before,” Trump said. He noted that the way for companies to not face tariffs was to make their products in the United States.\nTrump said the tariffs are \"kind\" because he is not directly matching the tariffs other countries impose on",
    "link": "https://www.wsj.com/livecoverage/trump-tariffs-trade-war-stock-market-04-02-2025/card/trump-calls-tariffs-kind-reciprocal--p0OUAdUeqMD1HfzgXpzH?mod=Searchresults_pos4&page=209",
    "content": "“These tariffs are going to give us growth like you’ve never seen before,” Trump said. He noted that the way for companies to not face tariffs was to make their products in the United States.",
    "published": "2025-04-01"
  },
  {
    "source": "WSJ",
    "title": "Canada Will Fight Trump’s Tariffs With Countermeasures, PM Carney Says",
    "summary": "Canadian Prime Minister Mark Carney responded to President Trump’s latest round of tariffs, saying the move will negatively impact the U.S. and Canadian economies. Photo: Dave Chan/Agence France-Presse/Getty Images",
    "link": "https://www.wsj.com/video/canada-will-fight-trumps-tariffs-with-countermeasures-pm-carney-says/43D7D8D2-7E37-4DA2-A9D0-58835389EE1D.html?mod=Searchresults_pos3&page=199",
    "content": "How to Know if a Family Member Should Join Your Firm",
    "published": "2025-04-01"
  },
  {
    "source": "WSJ",
    "title": "‘The Case for Tariffs’ Confuses U.S. History",
    "summary": "The Smoot-Hawley Tariff collapsed global trade and helped transform the nascent recession into a decadelong global depression.",
    "link": "https://www.wsj.com/opinion/the-case-for-tariffs-confuses-u-s-history-smoot-hawley-depression-trump-64e73480?mod=Searchresults_pos4&page=208",
    "content": "President Donald Trump holds an executive order about tariff increases in Washington, Feb. 13. Photo: kevin lamarque/Reuters\n\nIn his op-ed “The Case for Tariffs” (March 31), John Michaelson claims that “America thrived with a high-tariff regime in the 19th and early 20th centuries.” He appends a further defense of the Smoot-Hawley Tariff of 1930 by describing it as “high but not exceptional” and unlinked to the Great Depression.\n\nBoth assertions are hoary old myths from the protectionist lobby. On the first claim, economic historians have long documented that the strongest industrial growth in the 19th-century U.S. took place in nontraded and nonprotected sectors such as transportation, utilities and communication. By contrast, tariffs in that era became a magnet for Gilded Age corruption at the behest of “infant industries” that never grew up despite the immense public benefits they received.",
    "published": "2025-04-01"
  },
  {
    "source": "WSJ",
    "title": "Trump Tariff Threat Mobilizes Car Shoppers",
    "summary": "Risk of pending price hikes helped boost March vehicle sales, analysts and dealers say",
    "link": "https://www.wsj.com/business/autos/trump-tariff-threat-mobilizes-car-shoppers-9591f659?mod=Searchresults_pos17&page=208",
    "content": "Automakers and dealers may absorb some or all of the tariff costs to avoid a drop in sales, but price increases are still possible.\n\nAutomakers may have accelerated shipments of imported vehicles to beat the tariff deadline, resulting in higher inventory levels.\n\nConsumers are concerned about potential price increases due to tariffs on imported vehicles, leading to increased inquiries at dealerships.\n\nBusiness was robust over the weekend at Rhett Ricart ’s four auto dealerships around Columbus, Ohio. So was the volume of incoming phone calls, with many customers asking about tariffs.\n\n“One out of four of the people who called in were talking about tariffs—‘Does this car have a tariff on it? A Hyundai? A Kia? A Nissan?’ That’s what they wanted to know about,” Ricart said.\n\nMost automakers are scheduled to report their latest U.S. sales tallies on Tuesday, offering an early look at how President Trump ’s spate of threatened vehicle tariffs has affected car shopping.\n\nSome consumers have accelerated their purchase decisions in recent weeks to avoid higher prices that could stem from tariffs, analysts and dealers say. Research firm J.D. Power said that tariff concerns were behind a forecast 13% surge in new vehicle sales by individual buyers during March.\n\nMost analysts expect the sales bump to be short-lived if tariffs take effect and remain in place. The potential for higher prices would likely disrupt a two-year recovery in U.S. car sales, after pandemic-related supply chain problems snarled sales early this decade, analysts say.\n\nPresident Trump said that he would impose a 25% tariff on all imported vehicles starting on April 2. Photo: Evelyn Hockstein/Reuters\n\nIn March, Hyundai Motor’s U.S. retail sales surged 15%, marking the best performance for the month in the automaker’s history. The Korean automaker, which leans heavily on Mexico and South Korea for its current lineup, in a news release highlighted a recently opened factory in Georgia.\n\nRandy Parker, head of Hyundai’s North America business, told reporters that this past weekend was the busiest he can remember in more than 15 years. “Lots of people I think rushed in, this weekend especially, to try to beat the tariffs.”\n\nFord Motor said Tuesday that its U.S. retail sales jumped 19% in March. Ford assembles nearly 80% of its U.S. lineup domestically, and relies on Mexico for affordable models such as its Maverick compact pickup and Bronco Sport crossover.\n\nGeneral Motors’ first-quarter sales rose 17%. The company imports more than 40% of the vehicles it sells in the U.S., mostly from Mexico, Canada and Korea.\n\nTrump last week announced 25% tariffs on all imported cars, which amounts to more than 7 million vehicles, or nearly half the U.S. industry.\n\nThe duties on finished vehicles are set to be collected starting Thursday, while Trump plans to extend the tariffs to auto parts such as transmissions and engines within a month.\n\nTrump has said the tariffs will lead to a revival of U.S. auto manufacturing. Auto executives and analysts have warned of thousands of dollars of additional costs per vehicle, which will ultimately translate into higher prices.\n\nJ.D. Power pointed to another sign that pending tariffs are beginning to scramble the car market: The inventory of new cars on dealership lots ticked higher, an indication that automakers have accelerated shipments of imported vehicles to beat the tariff deadline.\n\nNormally, well-stocked car lots translate to bigger deals and promotions. But automakers in March reduced their spending on discounts compared with a year earlier, a sign that they anticipate future tariffs will put upward pressure on prices, J.D. Power said.\n\nAny future price increase would worsen an existing affordability problem in the U.S. car market. New vehicle prices rose by about one-third from 2019 to 2024, to the mid-$40,000s, according to J.D. Power.\n\nIf Trump’s tariffs are sustained, new-vehicle prices could inflate another 12%, and the average monthly payment on a new vehicle loan could rise to $840, from the current $750, Morgan Stanley analysts said in a research note last month.\n\nStill, it isn’t clear how soon consumers might see price increases. One reason is that vehicles already in the country aren’t subject to the new costs, and dealers on average have enough stock to last about three months at the current pace of sales, according to Cox Automotive.\n\nAnother reason is that automakers and dealers could choose to partially or fully absorb the additional costs, to avoid a drop in sales that would likely occur if they raise prices.\n\nBMW Group, for example, told dealers last month that it wouldn’t raise prices on its Mexico-made vehicles at least until May 1.\n\nZac Kinch , general manager of Bob Rohrman Toyota in Lafayette, Ind., posted a video on social media Monday in which he races around the car lot highlighting specific models and the countries where they are assembled.\n\nMany consumers assume that because the automaker is Japanese, all its vehicles will be subject to tariffs, when in fact about half are assembled in the U.S., Kinch said.\n\nThe video was an effort to enlighten car shoppers, even if Kinch and his sales team are at a loss when customers ask about the timing and impact of tariffs on vehicle prices.\n\n“This is gonna be, ‘Learn and fly by the seat of our pants,’” Kinch said. “I think the auto industry is going to have to figure it out.”\n\nWrite to Christopher Otts at christopher.otts@wsj.com\n\nWe Want to Hear From You Has the prospect of tariffs changed your car-buying decisions? Name Email Your city, state Your phone number By submitting your response to this questionnaire, you consent to Dow Jones processing your special categories of personal information and are indicating that your answers may be investigated and published by The Wall Street Journal and you are willing to be contacted by a Journal reporter to discuss your answers further. In an article on this subject, the Journal will not attribute your answers to you by name unless a reporter contacts you and you provide that consent.\n\nAdvertisement",
    "published": "2025-04-01"
  },
  {
    "source": "WSJ",
    "title": "Trump Announces Tariffs With a Chart Titled ‘Reciprocal Tariffs’",
    "summary": "Trump is holding a chart with a list of countries, saying it was too windy to put it on an easel. He is reading off of the list, with the tariffs the countries impose on the United States, and then announcing the tariff the U.S. will levy in response.\nHe said that the U.S. was going to be “charging",
    "link": "https://www.wsj.com/livecoverage/trump-tariffs-trade-war-stock-market-04-02-2025/card/trump-announces-tariffs-with-a-chart-titled-reciprocal-tariffs--mabOU74eyM7Peg6zai5Y?mod=Searchresults_pos2&page=210",
    "content": "Trump is holding a chart with a list of countries, saying it was too windy to put it on an easel. He is reading off of the list, with the tariffs the countries impose on the United States, and then announcing the tariff the U.S. will levy in response.\n\nHe said that the U.S. was going to be “charging a discounted reciprocal tariff” because the U.S. is kind. For China, the U.S. is levying a 34% tariff, then for Europe “we’re going to charge them 20%” and Japan 24%. He is going down the list of more than a dozen countries.",
    "published": "2025-04-01"
  },
  {
    "source": "WSJ",
    "title": "Trump Tariff Threat Mobilizes Car Shoppers",
    "summary": "Risk of pending price hikes helped boost March vehicle sales, analysts and dealers say",
    "link": "https://www.wsj.com/business/autos/trump-tariff-threat-mobilizes-car-shoppers-9591f659?mod=Searchresults_pos18&page=209",
    "content": "Automakers and dealers may absorb some or all of the tariff costs to avoid a drop in sales, but price increases are still possible.\n\nAutomakers may have accelerated shipments of imported vehicles to beat the tariff deadline, resulting in higher inventory levels.\n\nConsumers are concerned about potential price increases due to tariffs on imported vehicles, leading to increased inquiries at dealerships.\n\nBusiness was robust over the weekend at Rhett Ricart ’s four auto dealerships around Columbus, Ohio. So was the volume of incoming phone calls, with many customers asking about tariffs.\n\n“One out of four of the people who called in were talking about tariffs—‘Does this car have a tariff on it? A Hyundai? A Kia? A Nissan?’ That’s what they wanted to know about,” Ricart said.\n\nMost automakers are scheduled to report their latest U.S. sales tallies on Tuesday, offering an early look at how President Trump ’s spate of threatened vehicle tariffs has affected car shopping.\n\nSome consumers have accelerated their purchase decisions in recent weeks to avoid higher prices that could stem from tariffs, analysts and dealers say. Research firm J.D. Power said that tariff concerns were behind a forecast 13% surge in new vehicle sales by individual buyers during March.\n\nMost analysts expect the sales bump to be short-lived if tariffs take effect and remain in place. The potential for higher prices would likely disrupt a two-year recovery in U.S. car sales, after pandemic-related supply chain problems snarled sales early this decade, analysts say.\n\nPresident Trump said that he would impose a 25% tariff on all imported vehicles starting on April 2. Photo: Evelyn Hockstein/Reuters\n\nIn March, Hyundai Motor’s U.S. retail sales surged 15%, marking the best performance for the month in the automaker’s history. The Korean automaker, which leans heavily on Mexico and South Korea for its current lineup, in a news release highlighted a recently opened factory in Georgia.\n\nRandy Parker, head of Hyundai’s North America business, told reporters that this past weekend was the busiest he can remember in more than 15 years. “Lots of people I think rushed in, this weekend especially, to try to beat the tariffs.”\n\nFord Motor said Tuesday that its U.S. retail sales jumped 19% in March. Ford assembles nearly 80% of its U.S. lineup domestically, and relies on Mexico for affordable models such as its Maverick compact pickup and Bronco Sport crossover.\n\nGeneral Motors’ first-quarter sales rose 17%. The company imports more than 40% of the vehicles it sells in the U.S., mostly from Mexico, Canada and Korea.\n\nTrump last week announced 25% tariffs on all imported cars, which amounts to more than 7 million vehicles, or nearly half the U.S. industry.\n\nThe duties on finished vehicles are set to be collected starting Thursday, while Trump plans to extend the tariffs to auto parts such as transmissions and engines within a month.\n\nTrump has said the tariffs will lead to a revival of U.S. auto manufacturing. Auto executives and analysts have warned of thousands of dollars of additional costs per vehicle, which will ultimately translate into higher prices.\n\nJ.D. Power pointed to another sign that pending tariffs are beginning to scramble the car market: The inventory of new cars on dealership lots ticked higher, an indication that automakers have accelerated shipments of imported vehicles to beat the tariff deadline.\n\nNormally, well-stocked car lots translate to bigger deals and promotions. But automakers in March reduced their spending on discounts compared with a year earlier, a sign that they anticipate future tariffs will put upward pressure on prices, J.D. Power said.\n\nAny future price increase would worsen an existing affordability problem in the U.S. car market. New vehicle prices rose by about one-third from 2019 to 2024, to the mid-$40,000s, according to J.D. Power.\n\nIf Trump’s tariffs are sustained, new-vehicle prices could inflate another 12%, and the average monthly payment on a new vehicle loan could rise to $840, from the current $750, Morgan Stanley analysts said in a research note last month.\n\nStill, it isn’t clear how soon consumers might see price increases. One reason is that vehicles already in the country aren’t subject to the new costs, and dealers on average have enough stock to last about three months at the current pace of sales, according to Cox Automotive.\n\nAnother reason is that automakers and dealers could choose to partially or fully absorb the additional costs, to avoid a drop in sales that would likely occur if they raise prices.\n\nBMW Group, for example, told dealers last month that it wouldn’t raise prices on its Mexico-made vehicles at least until May 1.\n\nZac Kinch , general manager of Bob Rohrman Toyota in Lafayette, Ind., posted a video on social media Monday in which he races around the car lot highlighting specific models and the countries where they are assembled.\n\nMany consumers assume that because the automaker is Japanese, all its vehicles will be subject to tariffs, when in fact about half are assembled in the U.S., Kinch said.\n\nThe video was an effort to enlighten car shoppers, even if Kinch and his sales team are at a loss when customers ask about the timing and impact of tariffs on vehicle prices.\n\n“This is gonna be, ‘Learn and fly by the seat of our pants,’” Kinch said. “I think the auto industry is going to have to figure it out.”\n\nWrite to Christopher Otts at christopher.otts@wsj.com\n\nWe Want to Hear From You Has the prospect of tariffs changed your car-buying decisions? Name Email Your city, state Your phone number By submitting your response to this questionnaire, you consent to Dow Jones processing your special categories of personal information and are indicating that your answers may be investigated and published by The Wall Street Journal and you are willing to be contacted by a Journal reporter to discuss your answers further. In an article on this subject, the Journal will not attribute your answers to you by name unless a reporter contacts you and you provide that consent.\n\nAdvertisement",
    "published": "2025-04-01"
  },
  {
    "source": "WSJ",
    "title": "How to Find Internet Fame in 2025: Talk Tariffs",
    "summary": "Trump’s tough talk and rapid-fire policy shifts have turned the normally esoteric subject into a ticket to big audiences",
    "link": "https://www.wsj.com/lifestyle/tariffs-explained-tiktok-videos-viral-04b25da7?mod=Searchresults_pos11&page=233",
    "content": "Screenshot of Walter Masterson’s tariff video, which gets a fresh bump every time President Trump mentions the import duties.\n\ndf The TikTok tariff videos gaining the most traction tend to have a skeptical tone, including takes from celebrities like Simu Liu and some trade experts.\n\nPresident Trump's focus on tariffs has boosted their online presence, with hundreds of Reddit threads, Instagram posts, and TikTok videos discussing the subject.\n\nComedian Walter Masterson's street corner debate on tariffs has garnered millions of views on YouTube and TikTok, highlighting the topic's appeal on social media.\n\nNew York comedian Walter Masterson mines much of his material from hot-button political topics like abortion, immigration and the Israel-Hamas conflict. But nothing has captivated his online audience quite like federal import duties on beans and corn.\n\nMasterson waded into the relatively prosaic world of tariffs in January, recording a street corner debate with a man who insisted foreign governments pay the duties. A bystander who said he was an importer-exporter jumped into the conversation, explaining in detail how the levies are paid by companies bringing in the goods.\n\nThe entry-level economics exchange has been viewed seven million times on YouTube and more than 28 million times on TikTok—Masterson’s biggest hit by far. Viewership spikes every time President Trump brings up tariffs.\n\n“I think there are people sending my videos to someone else to try and get them to understand how this works,” said Masterson, whose videos often poke fun at conservatives.\n\nThe TikTok appeal of tariffs might never match that of a trendy dance or an elaborate prank, but they’re proving to be a potent topic for trade experts and social-media personalities alike.\n\nMade famous by the 1930 Smoot-Hawley Tariff Act, import duties have gotten a 21st-century boost from Trump. A self-described “tariff man,” the president during his first term placed levies on solar panels, washing machines, raw materials and hundreds of Chinese goods.\n\nHis second term has brought tariffs on aluminum and steel, heightened duties on Chinese products, and threats of more. The president has cast them as a tool to combat drug smuggling, raise federal revenue and revive U.S. manufacturing.\n\nContainers are loaded onto trucks at the Port of Long Beach in California. President Trump is imposing a slew of new import tariffs. Photo: Eric Thayer/Bloomberg News\n\nTrump’s tough talk and rapid-fire policy shifts have given the tariffs themselves a measure of online celebrity, as American consumers try to figure out what they are and how they might affect their pocketbooks.\n\nHundreds of Reddit threads are now dedicated to the subject, while more than 69,000 Instagram posts include the word as a hashtag. The google search term “What is a tariff,” which barely registered over the past five years, hit peak popularity in February after Trump briefly imposed 25% levies on Mexico and Canada.\n\nWhile Trump’s trade policies have defenders on TikTok, videos with eye-popping viewer counts tend to have a skeptical tone.\n\nDean Indot, a commercial banker in Los Angeles who makes business-themed videos with his wife under the handle Alexis and Dean, has amassed more than 25 million views with tariff-related TikToks. Their biggest success was a passionate defense of free trade as a boon for all.\n\nTariffs have delivered millions of views to Alexis and Dean Indot.\n\nIndot said the facts about import duties are readily available online, but the couple’s audience appears to have little confidence in traditional sources of information.\n\n“It seems like people want to hear from someone they think they can trust,” Indot said. “I think that’s borne from the fact that people don’t trust anything anywhere anymore.”\n\nEven a movie star is chiming in. Canadian actor Simu Liu, who worked as an accountant before battling villains as the Marvel superhero Shang-Chi, posted a 2.5-minute TikTok in which he predicted that levies imposed on his home country and elsewhere would punish the U.S. working class with higher prices. The video has garnered 3.7 million views.\n\n“Leave it to Simu to explain tariffs so well!” one viewer wrote. Liu’s publicist declined to comment further.\n\nAimee Lamb, an American sourcing manager who lives in the international trade hub of Monterrey, Mexico, made a Facebook post about tariffs before the November election. It was so popular among her friends that she decided to broaden her audience, creating dozens of TikToks under the name That Tariff Lady.\n\nShe uses shipping data, import lists and footage from Chinese factories to argue that tariffs cannot force the wholesale return of manufacturing to the U.S. One post was so packed with spreadsheet calculations that Lamb warned her viewers “This is long! Press here for 2x speed” in a message overlaid on the video.\n\nSourcing manager Aimee Lamb has made a name for herself as That Tariff Lady on TikTok. Photo: Aimee Lamb\n\n“There’s a lot of misunderstanding, I think, in the general populace about how manufacturing works and what’s required to make it work,” she said in an interview.\n\nKeeping up with fast-changing tariff news is so wearing that Lamb recently took a weeklong break from posting, even as her videos have routinely garnered tens of thousands of views and hundreds of mostly appreciative comments. She said TikTok appears to direct her videos primarily to people already doubtful of tariffs’ effectiveness, so she’s not sure if she’s persuading anyone.\n\nJoanna Johnson, a private schoolteacher and vice principal in Toronto whose “Unlearn16” TikTok account has more than three million followers, explained tariffs just before the U.S. election, hoping her theatrically exasperated tone would keep uninformed viewers tuned in. “Maybe when I do it with a bit of a smirk on my face, they listen a little longer,” she said.\n\nMasterson, meanwhile, is ready to tune out. Despite all the views he has racked up, the comedian has had enough of tariffs.\n\n“This is very easily verifiable information,” he said. “If people don’t want to learn, I really can’t help.”\n\nWrite to John Keilman at john.keilman@wsj.com\n\nThe quirkier side of life The A-Hed, named for a headline shaped like a capital A, has run on the front page of The Wall Street Journal since 1941. SEE MORE A-HEDS\n\nTrump’s Tariffs News and analysis on the tariffs and their impact, selected by the editors WSJ Answers Tariff Questions",
    "published": "2025-04-01"
  },
  {
    "source": "WSJ",
    "title": "Tariff News, April 2, 2025: Trump Unveils Sweeping Levies in Stark Shift in Trade Policy",
    "summary": "Trading partners face a 10% rate or higher; stock-index futures fell sharply in response",
    "link": "https://www.wsj.com/livecoverage/trump-tariffs-trade-war-stock-market-04-02-2025?mod=Searchresults_pos11&page=247",
    "content": "This live coverage has concluded. Please read our latest blog on Trump's latest tariffs and how markets are reacting .\n\nPresident Trump announced a sweeping new tariff plan at a Rose Garden ceremony, a stark shift in U.S. trade policy. The U.S. will impose a 10% tariff on all imports and much higher rates for some nations, Trump said in unveiling a series of moves he declared “Liberation Day” for U.S. trade policy. The plan combines two concepts debated by aides— a universal tariff and nation-specific duties.\n\nThere is a 10% baseline tariff. These are across-the-board levies on all imports, effective April 5.\n\nOther nations will be hit with what Trump called a “discounted reciprocal tariff.” The higher rates are for nations the White House considers bad actors on trade. For example, duties will be 24% on Japan and 20% on the European Union, in lieu of the universal 10% tariff, effective April 9. The EU said it is preparing fresh countermeasures if negotiations fail.\n\nA new 34% tariff on China will add to previous duties, like the 20% tariff Trump imposed over fentanyl. The base tariff rate on Chinese imports will be 54%, before adding tariffs imposed during Joe Biden’s presidency or Trump’s first term. Beijing said it would take measures in response to the new tariffs.\n\nCanada and Mexico are excluded from the reciprocal tariff regime. They are still subject to plans to impose 25% tariffs on most imports to the U.S. for what Trump says is their role in fueling the fentanyl crisis and illegal immigration. An exemption for these levies on autos and many other goods was in place but due to expire on April 2.\n\nTrump’s 25% tariffs on foreign-made automobiles took effect at 12:01 a.m. ET.\n\nU.S. stock-index futures and Asian equities fell sharply, reflecting fears that the tariffs will slow growth and boost inflation. Popular stocks such as Apple, Amazon and Nike were among the largest retreaters, dropping 6% or more.",
    "published": "2025-04-01"
  }
]