[
  {
    "source": "WSJ",
    "title": "California’s Newsom Proposes New Approach to Homeless Spending",
    "summary": "Democrat’s budget would also expand Medicaid to senior citizens regardless of immigration status",
    "link": "https://www.wsj.com/articles/californias-newsom-proposes-new-approach-to-homeless-spending-11578705423?mod=Searchresults_pos13&page=13",
    "content": "SACRAMENTO—California would take new steps to address homelessness, expand government health care to illegal immigrants 65 and over, and enact a tax on vaping products under a budget proposed by Gov. Gavin Newsom on Friday.\n\nBolstered by a multibillion-dollar surplus amid a booming economy, the Democrat proposed spending $1.4 billion to address homelessness in the fiscal year beginning in July, including $750 million which would be distributed in a manner Mr. Newsom described as a “radical shift.”\n\nInstead of going through cities and counties, as emergency funds for homelessness services have in the past, Mr. Newsom is proposing that the state give it directly to service providers.\n\n“More money is not going to solve this alone,” Mr. Newsom said. “We need real accountability and transparency.” The $750 million in emergency homeless funding would be placed in an account that private companies, philanthropic organizations and cities and counties themselves could also contribute to, the governor added.\n\nPressure is high on political leaders in the nation’s most populous state to address homelessness, which experts say is a result of the high rental and home prices driven by construction not keeping up with population growth. California has more than half of the unsheltered homeless population in the nation, according to the U.S. Department of Housing and Urban Development, a black mark on a state enjoying some of the strongest economic growth in the country.\n\nMr. Newsom’s proposal threatens to spark tension between local and state officials.\n\n“The collaboration between cities and counties is not going to be improved by going directly to service providers,” said Heidi Marsten, interim executive director of the Los Angeles Homeless Services Agency. Her predecessor, Peter Lynn, recently stepped down amid a continuing rise in Los Angeles’ homeless population—12% in the last countywide numbers released, despite tax increases intended to target money at the problem.\n\nTommy Newman, senior director of impact initiatives at United Way of Greater Los Angeles, says he is concerned Mr. Newsom’s proposal could cause confusion and inefficiencies in places like Los Angeles, which over the past decade developed a coordinated system to track and deliver services to the homeless population.\n\nMr. Newsom also expressed support for a housing development bill that was revived this week after stalling last year. The measure, proposed by San Francisco Democratic Sen. Scott Wiener , would encourage more home building near mass transit. To try to address the criticisms from neighborhood groups that it would destroy the character of some communities, Mr. Wiener amended the bill this week to allow cities and counties to come up with alternative plans to boost home construction.\n\nAnother major proposal in Mr. Newsom’s budget is the expansion of the state’s Medicaid program for low-income residents to senior citizens regardless of immigration status. The change would cost about $80.5 million in the 2020-21 fiscal year, according to Mr. Newsom. Last year, California became the first state in the nation to expand Medicaid to undocumented adults under 26.\n\nMr. Newsom is also calling for a tax on vaping—calculated at $2 per 40 mg of nicotine—in addition to the tax the state already levies on e-cigarette. If adopted, California would be the first state in the nation to institute a tax calculated by weight of nicotine, according to Rob Walker, a tobacco tax expert and industry consultant.\n\nCalifornia would also become the first state in the nation to sell prescription drugs under its own proprietary generic drug label under Mr. Newsom’s budget. As part of a set of health-care cost-cutting initiatives, the governor announced a plan to contract with drug manufacturers to produce generic prescription medicines and sell them to Californians, along with creation of a single pricing schedule that hopes to leverage the state’s massive market into lower drug prices.\n\nThe record $222.2 budget proposal, up from last year’s $214.8 billion budget, includes $2 billion transfer for the state’s rainy day fund, bringing its balance to $18 billion. Because California’s tax system relies heavily on the incomes of high-earners, revenue tends to plummet during recessions, causing deficits if the state hasn’t saved enough during boom times.\n\nThe state legislature, which is controlled by Democrats, must pass a state budget that Mr. Newsom signs by June 30, the end of the current fiscal year.",
    "published": "2020-01-11"
  },
  {
    "source": "WSJ",
    "title": "Minimum-Income Ideas Get Widest Airing in 50 Years",
    "summary": "Andrew Yang has drawn support with his proposed  universal basic income; other 2020 Democratic candidates back policies to create financial floor",
    "link": "https://www.wsj.com/articles/minimum-income-ideas-get-widest-airing-in-50-years-11578718860?mod=Searchresults_pos9&page=4",
    "content": "A supporter of Democratic presidential candidate Andrew Yang last year in New York hoisted a sign alluding to his plan for a $1,000 monthly universal basic income.\n\nAs Democrats embrace a more activist government, some are flirting with an idea that hasn’t received serious attention since the 1970s: a minimum guaranteed income for all Americans.\n\nEntrepreneur Andrew Yang ’s presidential candidacy has gained traction with a proposal to give a $1,000 monthly “freedom dividend” to all Americans—from the poorest to the richest, employed and unemployed alike.\n\nNo mainstream officeholder has joined Mr. Yang’s call for a universal basic income. But policies to create a kind of basic income—albeit not universal—in the form of a new financial floor for millions of households have drawn backing from other Democrats seeking the White House and many lawmakers.\n\nParty leaders are embracing a range of federally backed economic rights, including universal access to health care, college, child care, and broadband. The right to a basic income doesn’t get as much attention, but it is seeping into the debate as Democrats hone a message to counter President Trump’s bid for re-election.\n\n“No president has done more to support working families,” says Kayleigh McEnany, the Trump campaign’s national press secretary, citing, saying “the unemployment rate remains at generational lows, as wages continue to grow at the fastest pace in a decade.”\n\nMr. Trump’s would-be Democratic rivals say many families still struggle to cover basic living costs. Democrats also are looking to contrast their plans with the 2017 Trump tax cut, which lowered tax bills for most families but did so most heavily for corporations and affluent households. They would pay for their income plans by reversing much of the tax cut.\n\nAll five senators running for president, including liberal Elizabeth Warren of Massachusetts and moderate Amy Klobuchar of Minnesota, have endorsed proposals to give more people access to the child tax credit in a way that would essentially create a guaranteed payment for parents. They also back ideas to expand the earned-income tax credit, or EITC, an income-support program for lower- and middle-income families.\n\nVermont Sen. Bernie Sanders also backs a separate plan to give all Americans making less than $50,000 a year an annual tax-free check worth up to $3,000, no strings attached. Democrats combine those plans with more conventional policies, such as boosting the minimum wage.\n\nThere are also signs of Republican interest in some form of guaranteed income, at least for families with young children. In December, Utah Sen. Mitt Romney teamed up with Colorado Sen. Michael Bennet , a long-shot candidate for the 2020 Democratic nomination, to propose a guaranteed annual payment of $1,000 for all children under 18, with an additional $500 for children aged 6 or younger.\n\n“One of the big ideas this cycle is that we should guarantee an income floor for every American,” says Natalie Foster, co-chair of the Economic Security Project, a progressive group founded after the 2016 election that has worked with think tanks, members of Congress and state and local governments to develop income-guarantee bills, and has funded experiments in Stockton, Calif., and Jackson, Miss. “We’re trying to figure out how we can get back to some of the big ideas from an earlier era—and get them done within the fiscal constraints and the political realities of today,” she adds.\n\nSome of the proposals unnerve veteran Democrats. They worry the party may be shifting too far left for the broader public. They also fear some of the new ideas, especially those to ease work requirements in income-support programs, risk undermining support for existing policies.\n\n“This might be an ‘OK boomer’ moment for me,” says Jared Bernstein, who was chief economist to former Vice President Joe Biden in the Obama administration. “The EITC has always been conditional on wages, and in my experience, this connection has been one of its political strengths.”\n\nThe belief that Washington should create an income floor last stirred widespread debate half a century ago. In 1962, conservative economist Milton Friedman called for a “negative income tax,” a kind of government salary for the poor. A few years later, President Nixon, a Republican, proposed a guaranteed annual income for families with children that would be worth about $1,600, or $10,000 in today’s dollars. His legislation passed the House twice, before dying in the Senate under attack from both conservatives, who said it went too far, and liberals, who said it didn’t go far enough.\n\nThe politics of federal income support changed in the 1980s, as President Reagan argued that guaranteed government aid to the poor created an unhealthy culture of dependence. The focus became attaching conditions to remaining assistance programs.\n\nIn the 1990s, President Clinton expanded income-support policies, but kept them largely contingent on recipients both holding paying jobs and having children at home, a framework that defines federal policies to this day. The Trump administration is seeking to tighten the work requirements.\n\nBut many Democrats on Capitol Hill and the campaign trail want to loosen those restrictions—or drop them outright—arguing they exclude millions of struggling Americans.\n\nBeyond Mr. Yang, Rep. Rashida Tlaib (D., Mich.) has laid out her BOOST Act, the proposal to give up to $3,000 each year to Americans making less than $50,000. The measure, introduced in June, has 13 co-sponsors.\n\nA bigger group of Democrats, 44 Senate Democrats and two independents, has co-sponsored the Working Families Tax Relief Act, introduced in April by Sen. Sherrod Brown (D., Ohio). It would provide fresh federal income support to 114 million Americans and raise seven million people above the poverty line, according to an analysis by the Center on Budget and Policy Priorities, a left-leaning Washington think tank. Only one Democratic senator, Arizona’s Kyrsten Sinema, hasn’t signed on. No Republicans support it.\n\nThe bill—like the Romney-Bennet proposal—would drop all work and earnings conditions attached to the child tax credit. It also would shed the constraints in the EITC program that allow only minimal benefits for workers without children and expand the definition of “working age” to let more people participate.\n\nSHARE YOUR THOUGHTS Should the government provide a guaranteed income for all Americans—or for those who need it? Why or why not? Join the conversation below.\n\nWhile many Democrats still adhere to the notion that income support should be contingent on work, some want to widen the definition of “work,” allowing more people to qualify.\n\nCurrent rules require recipients to receive a paycheck from an employer. Four bills over the past two years would allow unpaid college students and caregivers—people staying home to care for a young child or elderly parent—to receive government benefits tied to work. Versions of the concept have won endorsements from at least two presidential candidates, former New York Mayor Michael Bloomberg and Sen. Cory Booker (D., N.J.).\n\n“There’s still an understanding in this country that work is important,” says Ms. Foster. “We want to lean into that, by expanding what we mean by work.”\n\nWrite to Jacob M. Schlesinger at jacob.schlesinger@wsj.com",
    "published": "2020-01-11"
  },
  {
    "source": "WSJ",
    "title": "New Jersey Gov. Phil Murphy Renews Quest for Elusive Millionaires Tax",
    "summary": "The governor’s State of State speech will kickoff latest push for higher taxes on the wealthy",
    "link": "https://www.wsj.com/articles/new-jersey-gov-phil-murphy-renews-quest-for-elusive-millionaires-tax-11578744000?mod=Searchresults_pos8&page=7",
    "content": "New Jersey Gov. Phil Murphy, at an event last year in New York City, ran on a pledge to enact a millionaires tax.\n\nThe political winds in New Jersey haven’t shifted much, but that isn’t stopping Gov. Phil Murphy from trying for a third time to raise taxes on millionaires.\n\nMr. Murphy will address lawmakers Tuesday during his annual State of the State speech where he will give a broad outline for his agenda for the year. The speech will include a fresh appeal for higher taxes on the rich, a spokesman for the governor said.\n\n“Governor Murphy is committed to building on the progress the administration has made during our first two years and continuing to build a stronger and fairer New Jersey for every family, not just the wealthy and well-connected,” the spokesman said.\n\nThe Democrat has unsuccessfully pushed for the past two years to enact a millionaires tax, which was one of the central pledges of his gubernatorial campaign. So far, however, there doesn’t appear to be any cracks in the opposition from Senate President Steve Sweeney and Assembly Speaker Craig Coughlin , both Democrats.\n\n“The governor has said for two years that the sky was falling on the state’s economy, but his predictions have been off the mark,” Mr. Sweeney said. “As I have said all along, we can’t tax our way out of this situation. It appears that the repeating refrain of a millionaires tax is a distraction from the real problems of the state.”\n\nDespite the setbacks, the first-term governor’s political allies are counting on him to continue to make the case that raising taxes on the wealthy will help even the playing field for low-income and middle-class families in New Jersey.\n\nNew Jersey Assembly Speaker Craig Coughlin, seen in 2018, doesn’t support Gov. Phil Murphy’s millionaires tax. Photo: Seth Wenig/Associated Press\n\n“Millionaires have done extremely well,” said Hetty Rosenstein , area director of Communications Workers of America New Jersey, the largest public-sector union in the state. “They can afford to pay their fair share.”\n\nRepublicans and some rank-and-file Democrats remain opposed.\n\n“People in New Jersey know that any new income tax will eventually find its way to the middle class,” said Doug Steinhardt, chairman of the New Jersey Republican Party. “Phil Murphy’s spending on policies to promote his radical, progressive agenda is out of control.”\n\nThe Democratic-controlled state Legislature approved a millionaires tax several times under former Republican Gov. Chris Christie . Mr. Christie vetoed it each time.\n\nA millionaires tax remains popular with the public. Seven out of 10 New Jersey residents support it, according to an April poll from Rutgers University’s Eagleton Institute of Politics and Fairleigh Dickinson University. Those numbers remained essentially unchanged from a Rutgers poll in March 2018.\n\nThe governor clashed with Mr. Sweeney over the millionaires tax during his first year in office, in 2018. In a compromise deal, they agreed to lift the top income-tax rate to 10.75% on filers earning more than $5 million a year.\n\nLast year, Mr. Murphy sought to raise income-tax rates from 8.97% to 10.75% for people with income above $1 million. No compromise was reached this time between the governor and lawmakers, and the state passed a budget with no increases to the state income tax.\n\nMessrs. Murphy and Sweeney reignited their dispute over taxes this past December after the Senate president successfully passed legislation that allows some school districts to raise property taxes above a 2% cap. Mr. Murphy said lawmakers should pass the millionaires tax instead. Mr. Sweeney said raising income taxes on the wealthy wouldn’t help these particular school districts.\n\nThe governor hasn’t acted on the legislation yet.\n\nMr. Coughlin, who has been on friendlier terms with the governor, has also consistently rebuffed Mr. Murphy’s push for a millionaires tax. He declined to comment on the governor calling once again for higher taxes on the wealthy in 2020.\n\nWrite to Joseph De Avila at joseph.deavila@wsj.com",
    "published": "2020-01-11"
  },
  {
    "source": "WSJ",
    "title": "Russia and Poland Feud Over Putin Remarks on World War II",
    "summary": "Poland and Russia are locked in an escalating dispute over the war’s outbreak, as President Vladimir Putin exports a historical revisionism",
    "link": "https://www.wsj.com/articles/russia-and-poland-feud-over-putin-remarks-on-world-war-ii-11578756818?mod=Searchresults_pos20&page=11",
    "content": "MOSCOW—Poland and Russia are locked in an escalating dispute over who is to blame for the outbreak of World War II, as President Vladimir Putin exports a historical revisionism that is widening the Kremlin’s rifts with Europe.\n\nA dispute that has simmered for months over the conflict has sharpened in recent weeks. Polish and Russian officials—along with U.S. and German diplomats—have traded barbs over how the conflict began and who should carry historic responsibility.\n\nThis past week, Polish President Andrzej Duda said he would boycott the 75th anniversary commemoration of the liberation of Auschwitz, the Nazi concentration camp located in Poland, after complaining that he won’t be allowed to speak at the event in Israel later this month but Mr. Putin will.\n\nRussian President Vladimir Putin watched a joint fleet exercise in the Black Sea from aboard a missile cruiser on Thursday. Photo: Alexei Druzhinin/TASS/Zuma Press\n\nMr. Duda’s government had pushed for Europe to condemn the Soviet Union’s 1939 invasion of Poland in ways many in Russia felt equated the Soviet Union with Nazi Germany. The latter also invaded Poland that same year. Mr. Putin has responded by criticizing Poland’s role in the years before the war’s outbreak. But his version—widely dismissed by most historians—holds Poland partly responsible for the dual invasions.\n\nMr. Putin has drawn on memory of Russian heroism during World War II to drum up support for his increasingly aggressive foreign policy and to bolster his nationalist credentials amid U.S. and European Union sanctions and a lagging economy.\n\nSome Western officials say the Kremlin is trying to provoke disputes and sow discord among European countries over one of the most important eras of their shared history.\n\nSHARE YOUR THOUGHTS What other disputes over history are dividing people and countries today and how can they be resolved? Join the conversation below.\n\n“Whenever he has a chance to divide Europe, he is using it, to complicate, split and divide us,” said Witold Waszczykowski , a former Polish foreign minister.\n\nPoland is one of America’s staunchest NATO allies in Europe, and is now home to thousands of U.S. and allied troops, stationed along Poland’s border with Russia’s Kaliningrad province. Moscow views that as a hostile American intrusion into the Kremlin’s sphere of influence. Poles see their military partnership with America as the only reliable stopgap against any future attempt by Russia to reclaim its historical empire in Europe’s east.\n\nThe latest spat can be traced to a resolution passed by the European Parliament in September, on the urging of Poland’s nationalist ruling party, Law and Justice, which wants the EU to maintain a hard line against Russia. The resolution blames both Nazi Germany and the Soviet Union for World War II’s 1939 start following Hitler ’s invasion of Poland.\n\nSoviet tanks carrying infantry men during an attack. Photo: Mark Redkin/TASS/Getty Images\n\nBut Mr. Putin rejects that version of events. On Dec. 20, the Kremlin leader criticized Poland’s role in the war, citing historical documents that he said showed that Warsaw was complicit in the Nazi invasion of Czechoslovakia and therefore carried some responsibility for the war that started months later.\n\nWorld War II began in Europe when Hitler’s army crossed the border into Poland in September 1939. The Soviet Union invaded Poland that same month, and the two powers divided the country in half, in accordance with a pact the two had secretly signed weeks earlier. In 1941, the Nazi military turned on the Soviet Union, launching an invasion that claimed the lives of more than 27 million Soviet citizens and soldiers.\n\nRussia’s version of World War II has special meaning this year as Moscow holds the 75th anniversary of what Russians generally call the victory of the Soviet Union over Nazi fascism. President Trump , who has championed better relations with Russia, has said he may attend the May 9 ceremonies.\n\nMr. Putin has made World War II a central part of Russian identity in recent years as he has increasingly emphasized the importance of Russia’s military following efforts to modernize the country’s fighting forces and a bloodless military takeover of Ukraine’s Black Sea peninsula of Crimea in 2014. In the face of sanctions triggered by the takeover and later annexation of the territory, Mr. Putin has increasingly tried to energize his nationalist base.\n\nGerman and Soviet military officials met to discuss the 1939 invasion of Poland. Photo: ullstein bild/Getty Images\n\n“If you look at it from the perspective of a Russian, this is something that touches every family in Russia, so if you’re looking for a consensus building moment, what better than that,” said Michael Burleigh , the Engelsberg Chair in History and Global Affairs at the London School of Economics foreign policy think tank.\n\nMr. Putin’s targeting of Poland muddles the European historical narratives that serve as a source of unity for the EU and its project of ever-closer political and economic ties. It also tries to equate the Nazi-Soviet nonaggression deal, the Molotov-Ribbentrop Pact, with the European appeasement of Hitler that allowed Nazi Germany to annex part of Czechoslovakia, historians say. The same year, Poland seized a disputed swath of land that Czechoslovakia also claimed.\n\nIn reply, several Western governments criticized Mr. Putin for rewriting history at Poland’s expense.\n\nRolf Nikel , the German ambassador to Poland, said the 1939 nonaggression pact between Hitler and Soviet leader Joseph Stalin —which contained secret clauses providing for the division of parts of Europe between Germany and the U.S.S.R.—“served to prepare the criminal invasion of Nazi Germany against Poland.”\n\nA Polish military veteran and a concentration camp survivor attended an international ceremony in September 2019 to commemorate the 80th anniversary of the outbreak of World War II, in Warsaw, Poland. Photo: Sean Gallup/Getty Images\n\n“The U.S.S.R. together with Germany participated in this brutal division of Poland,” Mr. Nikel tweeted in late December.\n\nWhen the U.S. Ambassador to Poland Georgette Mosbacher also spoke out to defend Warsaw on Twitter the same day, the Russian Foreign Ministry shot back: “Dear Ambassador, do you really think that you know about history any more than you do about diplomacy?”\n\nThe Russian president’s comments about Poland being partly to blame for its invasion prompted outcry on Polish state television, which played his statement on a loop over a TV headline “Putin Slanders Poland.”\n\nPolish Prime Minister Mateusz Morawiecki wrote an open, four-page letter on Dec. 29 arguing that Mr. Putin was lying about the war to distract his people from economic hardship.\n\n“The death toll of Nazism, fascism, and communism is obvious for people of our generation,” he wrote. “The Russian leader is well aware that his accusations have nothing to do with reality.”\n\nWrite to Thomas Grove at thomas.grove@wsj.com and Drew Hinshaw at drew.hinshaw@wsj.com",
    "published": "2020-01-11"
  },
  {
    "source": "WSJ",
    "title": "Bank Stocks Had a Bonanza in 2019. Earnings Will Be More Blah.",
    "summary": "Lower rates were a mixed bag for big banks; here’s what to watch for in banks’ quarterly results",
    "link": "https://www.wsj.com/articles/bank-stocks-had-a-bonanza-in-2019-earnings-will-be-more-blah-11578834001?mod=Searchresults_pos3&page=8",
    "content": "JPMorgan Chase, Citigroup and Wells Fargo will kick off this week’s slate of earnings from major banks.\n\nFalling interest rates were a mixed bag for big U.S. banks last year. That should be evident when they report fourth-quarter earnings this week.\n\nThe Federal Reserve cut interest rates three times last year, an about-face after raising rates nine times in the previous three years. Lower rates crimp what banks can charge on loans, reducing the profitability on lending operations. But they can also fuel demand for loans and let banks lower what they pay for deposits.\n\nJPMorgan Chase JPM 0.33 %increase; green up pointing triangle & Co., Citigroup Inc. C 0.67 %increase; green up pointing triangle and Wells Fargo WFC 1.06 %increase; green up pointing triangle & Co. report quarterly results Tuesday, followed by Bank of America Corp. BAC 0.41 %increase; green up pointing triangle and Goldman Sachs Group Inc. on Wednesday. Morgan Stanley MS 0.51 %increase; green up pointing triangle reports Thursday.\n\nBanks are closely watched because their results typically reflect the health of the broader U.S. economy, which has slowed in recent months but generally remained strong.\n\nKBW analysts expect big banks to post roughly 6% growth in fourth-quarter earnings compared with the prior year. But they expect earnings to fall about 6% from the third quarter.\n\nNet interest income, the amount banks make from lending minus what they pay out on deposits, fell quarter over quarter throughout 2019 after a streak of 15 straight gains. That is unlikely to improve much in the new year with rates expected to stay stable.\n\nThat will put a greater focus on the other side of revenue: the fee-generating businesses included in noninterest income. Those revenues have been rising as banks try to expand in areas considered more stable than Wall Street, such as wealth management and consumer lending.\n\nBut lower rates have been a boon for consumer businesses such as housing and car loans. Lenders made $700 billion in mortgages in the third quarter, boosted by customers rushing to refinance. That was the most for a quarter since before the financial crisis, according to industry research group Inside Mortgage Finance.\n\nThat hot streak is expected to remain largely intact, which should boost banks with big mortgage arms like Wells Fargo and JPMorgan. Freddie Mac said last week that the average rate for a 30-year fixed mortgage fell to 3.64%, its lowest level in 13 weeks.\n\nThe business lending environment has been less sanguine, as executives fret over a continued trade war between the U.S. and China. Many companies, flush with debt after years of cheap borrowing, are opting not to take on more, analysts said. The pace of commercial and industrial loan growth slowed throughout 2019, according to Federal Reserve data.\n\nQuarterly investment-banking revenue should look strong, but that will be partly because of an easy comparison: Results were dismal in the fourth quarter of 2018. Zooming out from the quarter, trading revenue has been trending down across the industry. Banks are cutting costs and competing fiercely for clients, driven by a belief that only a few top shops can be profitable.\n\nIn banks’ corporate-advisory businesses, results have been mixed. Global equity sales and mergers and acquisitions were down last year, though big-fee megamergers and debt deals were up, according to Dealogic.\n\nOne factor that has been helping banks’ earnings over the past couple of years: buybacks. In the third quarter, Bank of America, Wells Fargo and JPMorgan were among the top four buyers of their own shares in the S&P 500, according to S&P Dow Jones Indices.\n\nAll told, S&P 500 financial firms bought back almost $48 billion of shares in the third quarter, the most in records going back to 1998. Buybacks pull part of a company’s stock out of the market, so its per-share earnings can improve even if its underlying profits don’t.\n\nPartly because of buybacks, bank stocks had a strong run in 2019. JPMorgan, Bank of America and Citigroup all rose more than 40%, topping the broader market.\n\nFinancials are still cheaper than the broader S&P 500, but they are getting more expensive. The S&P 500 financial sector now trades at around 13 times expected earnings over the next 12 months, versus less than 11 times a year earlier.\n\nWrite to Ben Eisen at ben.eisen@wsj.com and David Benoit at david.benoit@wsj.com",
    "published": "2020-01-11"
  },
  {
    "source": "WSJ",
    "title": "Washington, Beijing Agree to New Dialogue to Pursue Reforms, Address Disputes",
    "summary": "Semiannual talks, to be announced next week with phase-one deal, would be separate from second-phase trade negotiations",
    "link": "https://www.wsj.com/articles/washington-beijing-agree-to-new-dialogue-to-pursue-reforms-address-disputes-11578745800?mod=Searchresults_pos5&page=7",
    "content": "Treasury Secretary Steven Mnuchin is expected to head the American side of semiannual talks between the U.S. and China.\n\nWASHINGTON—The U.S. and China have agreed to semiannual talks to push for economic reform and resolve disputes, borrowing from a format from previous administrations that Trump trade officials had once derided.\n\nThe effort will be headed by Treasury Secretary Steven Mnuchin and Chinese Vice Premier Liu He, among other senior officials, according to a statement by Mr. Mnuchin and U.S. Trade Representative Robert Lighthizer released on Saturday. It is set to be announced on Jan. 15 as part of the signing of a phase-one trade deal between the U.S. and China that includes Chinese purchases of American goods and some reforms to China’s economic system. The deal is the first full pause in the two-year trade war.\n\nThe deal includes a dispute-resolution section that envisions consultations between the two nations to handle any conflicts arising from the agreement. There will be “at least bi-annual meetings” between Messrs. Lighthizer and Liu to resolve conflicts, according to the statement. Mr. Mnuchin will aid Mr. Lighthizer in that process.\n\nSHARE YOUR THOUGHTS How do you expect semiannual talks to affect U.S.-China relations? Join the conversation below.\n\nIn addition, Mr. Mnuchin will also confer “on a regular basis” with Mr. Liu on macroeconomic issues, the statement said. Those sessions are also expected to include Chinese central banker Yi Gang and Federal Reserve Chairman Jerome Powell.\n\nThe new talks will be separate from negotiations over a second phase of the trade deal, which is expected to cover fundamental Chinese economic policies, including corporate subsidies and the activities of Chinese state-owned firms. President Trump recently said those negotiations may not be concluded until after the election.\n\n“It’s a totally different process” from the trade negotiations, said an administration official.\n\nThe two sides are considering naming the process the Comprehensive Economic Dialogue, said people familiar with the discussions. That is the same name the administration used for failed talks in 2017 to get a quick trade deal in 100 days. Led by Commerce Secretary Wilbur Ross , those talks claimed broad progress in agriculture, trade, financial services, investment and energy. But Mr. Trump dismissed the efforts. His top advisers, including Mr. Lighthizer, felt that Chinese negotiators were simply repackaging old offers.\n\nThe president told Mr. Ross “to shut it down” and removed him from running China trade policy, as the U.S. girded for a long trade battle with China. Mr. Ross said some of the deals he negotiated back then will be part of a phase-one deal.\n\n“There are many trade initiatives being worked on by the Administration, and they will be announced when we are ready to announce them,” Mr. Ross said in a statement.\n\nThe new economic talks are closer in concept to what was called the Strategic Economic Dialogue, started in the George W. Bush administration by then-Treasury Secretary Hank Paulson . The SED was a massive annual effort involving many dozens of officials from both nations. The two sides would put out long lists of plans to make changes in economic policy—but had no way of enforcing them.\n\nIn his book “Dealing With China,” Mr. Paulson wrote that the SED led to contracts for U.S. firms, pressure on China to let its currency rise somewhat and the start of negotiations for an investment treaty that was never completed. He said the contacts the two sides made helped the U.S. persuade China not to sell its huge stockpile of U.S. government bonds during the global financial crisis of 2009, a move that could have deepened an already painful downturn.\n\nThe Obama administration continued the dialogue but renamed it the Strategic and Economic Dialogue. Instead of focusing solely on economic issues, the S&ED looked at national security as well. From the U.S. side, it was headed by the secretary of state and the Treasury secretary.\n\nThe Trump administration showed no interest in continuing the dialogue in either format, said administration officials. Trump trade officials, including White House strategist Steve Bannon, and trade adviser Peter Navarro dismissed the SED format as a talkathon that produced no concrete results. Early in the administration, Mr. Paulson met with Trump officials to encourage them to start their own version of SED, but he was turned down. The president’s son-in-law and adviser, Jared Kushner , delivered the news to Mr. Pauslon, according to people familiar with the conversations.\n\nMr. Bannon was dismissive of efforts to revive the dialogue. “This is just window dressing and Chinese tapping along of the West,” he said. “It’s what President Trump shut down after 100 days in 2017. We need action, not dialogue.”\n\nMyron Brilliant, the U.S. Chamber of Commerce’s executive vice president, however, praised the revival of the talks. “There needs to be a structured process to advance address serious issues with China so long as at the end of the day there is accountability, enforceability and concrete action undertaken.”\n\nWrite to Bob Davis at bob.davis@wsj.com and Alex Leary at alex.leary@wsj.com",
    "published": "2020-01-11"
  }
]