[
  {
    "source": "WSJ",
    "title": "What the G-20 Can Do About Coronavirus",
    "summary": "Lift trade restrictions on medical supplies and equipment, prepare for a vaccine, and update the antiquated system of certifying travelers’ immunity.",
    "link": "https://www.wsj.com/articles/what-the-g-20-can-do-about-coronavirus-11585509738?mod=Searchresults_pos3&page=7",
    "content": "The Group of 20 met in an extraordinary virtual summit March 26 to discuss the challenge of Covid-19. Leaders pledged to take necessary health measures, expand medical-supplies manufacturing capacity, increase research and development funding for vaccines and medicines, and inject more than $5 trillion into the global economy. There’s more they can do.\n\nThe G-20, currently chaired by Saudi Arabia, brings together the countries that can make a difference: the U.S., U.K., China, the European Union and its largest member countries, Russia, Australia, Brazil, South Africa, Japan, South Korea, Turkey and South Africa, among others. Here are four specific commitments and actions G-20 countries—in cooperation with other international organizations—could take:\n\n• Commit not to impose restrictions on trade in critical goods for fighting the pandemic. These include surgical masks, face shields, disposable gloves and gowns, ventilators and parts and components of products. Only on March 20 did the U.S. lift its tariffs on such products from China. If all G-20 nations committed to lifting tariffs and quotas on imports, manufacturers would invest in increased production of these critical products.\n\nAs important, G-20 members could make a firm commitment not to impose export restrictions on such products. Germany, South Korea and Taiwan have restricted or banned commercial export contracts for masks and gloves, and perhaps other products. Just as grain embargoes aggravate food scarcity and hunger, such restrictions interfere with life-saving exports.\n\n• Allow production-enhancing subsidies and other measures governments may wish to take to deal with shortfalls. G-20 countries and others will want to ensure that protective devices are available to their citizens. G-20 countries could agree to a temporary suspension of any World Trade Organization rules governing subsidies or government procurement that might preclude such emergency measures. As long as the result of the policies is to increase production and availability of life-saving products, without import and export barriers, the global community would benefit.\n\n• Prepare to deploy a vaccine. G-20 countries could take steps now to prevent international conflict over access to vaccines once they become available, and to maximize access at an affordable cost. That would mean committing that Covid-19 vaccines should be available world-wide and manufactured under compulsory licensing terms. Evidence of their clinical trials and effectiveness should be published. Companies or research centers that invest and find successful vaccine candidates should recover their costs and enjoy a reasonable return, although prices would vary based on local conditions. It is in no one’s interest (including pharmaceutical companies’) to see anything that can be characterized as “profiteering” from the crisis. And setting the licensing terms now could help ensure cooperation among scientists and researchers.\n\n• Upgrade the system of immunization records for travelers. Many now carry dog-eared yellow International Certification of Vaccination cards as specified by the World Health Organization in the era of yellow fever and smallpox. To restart international (and maybe domestic) travel now, countries will need a secure way to establish whether passengers are immune, either from vaccination or past exposure to the virus.\n\nInternational cooperation is easy to pledge, but these initiatives could make a practical difference in the effort to save lives and restart economies.\n\nMr. Ries is vice president, international at the RAND Corp.\n\nWonder Land: Rallying the United States through the coronavirus crisis is President Trump’s best path to success come November. Images: Keystone/Hulton Archive/Getty Images Composite: Mark Kelly",
    "published": "2020-03-29"
  },
  {
    "source": "WSJ",
    "title": "‘The Sum of the People’ Review: Power in Numbers",
    "summary": "Fear that census data might be used against religious minorities—as they were in the 1930s—is not a superstition to be mocked.",
    "link": "https://www.wsj.com/articles/the-sum-of-the-people-review-power-in-numbers-11585509617?mod=Searchresults_pos17&page=9",
    "content": "Andrew Whitby’s “The Sum of the People: How the Census Has Shaped Nations, From the Ancient World to the Modern Age” is an excellent primer on the history of census-taking, achieving the rare combination of offering appealing writing for nonexperts and high-quality research for specialists. From ancient Confucian ideas about governance to the contested identities of the West Bank inhabitants, Mr. Whitby traces a fascinating story of why and how governments have counted their people. But perhaps the most remarkable parts of his book are its two chapters on population registries and administration records. Far from being a staid history of accountancy, the story covers the French resistance, precision airstrikes and Kristallnacht.\n\nMany countries today use population registries and other administrative records—such as databases of drivers’ licenses, tax filings or marriage licenses—to replace much of the work of conducting a census. In the U.S., the debate over the use of these records has been heated, with the constitutional clause requiring an “actual enumeration” of the population being widely understood to require a full count. Progressives, meanwhile, have argued for a centralized population registry, rather than simply asking people about their citizenship. As Mr. Whitby shows us, history raises important questions about this latter approach.\n\nWhen the Nazis tried to identify Jews in their first census, we are told, the result was so unreliable that they soon replaced it with a population register created from member lists of Jewish organizations, which they matched to government records. Eventually, efforts to track the population based on border records, birth and death certificates, tax and employment records, and other government documents became a crucial part of the Nazi apparatus in Germany and especially the Netherlands, which in the 1930s had the world’s most thorough registry.\n\nEfforts to sabotage Nazi statistical projects therefore formed a key element of resistance throughout the occupied territories. It was not a census, but a nascent system of population registration, that enabled the Nazis to verify identities, locate Jews and dissidents, and systematically control the population. And so when the Nazis declared Luxembourg “free” of Jews, they did so without the help of a census, since Luxembourgers had sabotaged the census-taking. Repression comes not in the form of a census enumerator but an identification card.\n\nPhoto: WSJ\n\nThe Sum of the People By Andrew Whitby\n\nBasic, 356 pages, $30\n\nMr. Whitby, an Oxford-trained economist and data scientist, provides a vivid and informative account of modern census-taking, but his book contains a perplexing narrative strand: the laughable view that Christian religious ideas meaningfully prevented the rise of modern censuses. To read this book, one would think that early modern states did not take censuses because of some ominous stories in the Bible about census-taking. The much more plausible explanation is that such states had limited capability and did not see much to gain from population counts not oriented toward taxation or military ends.\n\nWorse than being wrong about the Bible, Mr. Whitby’s account of religion is also wrong about censuses. His central argument, that Christianity retarded the advent of census-taking, is false. The failure of the first proposal for a British census in 1753 is Mr. Whitby’s main example of the supposed opposition of Christianity to census-taking. He describes how the bill passed the House of Commons but faced resistance in the House of Lords, where it was defeated. Mr. Whitby relates how a few members of parliament tried to whip up religious fervor against it. But Mr. Whitby’s source for this story, the book “Antecedents of Censuses From Medieval to Nation States” (2015), says the bill failed primarily because “landed interests were stronger in the House of Lords.” Religious arguments were a rhetorical flourish used by elites to protect themselves from the taxes they feared a census would enable, but these religious arguments failed to persuade enough people. Parliament’s elected house passed the bill, only for the propertied peers ofthe House of Lords to kill it. More to the point, the authors, Rebecca Jean Emigh, Dylan Riley and Patricia Ahmed, say that “dissenting clergy” were part of a “powerful alliance” advocating for a census later in the century. The obstacle to census-taking in Britain was not God but mammon.\n\nMr. Whitby also cites the 20th-century statistician A.B. Wolfe’s discussion of past censuses to assert that census-taking was rare before the 19th century. But Wolfe wrote that citizen lists were “plentiful” around Europe by the 1400s, especially in the city-states of Italy and Germany, with a complete census of Nuremberg conducted in 1449 and an attempt to institute a census covering the entire Holy Roman Empire in 1500. Regular Sicilian censuses stretch back to 1501, allowing for centuries of relatively complete demographic analysis.\n\nNor was the Anglophone world an exception. In 1704, the revolutionary Puritan government of Maryland both conducted a population census and passed a law stripping Catholics of their political liberties: Evidently religious fundamentalism was no inhibition to census-taking. New Jersey took a census in 1726, Rhode Island in 1708 and New York as early as 1698. But besting them all, Virginia, a state that spent most of the 18th century throwing Baptists in prison for their dissent from Anglicanism, took censuses in 1624, 1634, 1699 and 1701. In the New World, the population of which was disproportionately composed of devotedly religious people seeking a religious utopia, regular census-taking arrived early on and was evidently uncontroversial.\n\nThere is an interesting story to tell about religion and censuses, but it isn’t one that features religious people as superstitious villains. Rather, it’s a story of how religious concerns about privacy and freedom of conscience created checks against invasive population registers or lax privacy protections. The legitimate fears among religious minorities that government data might be used against them—as they were against the Jews in the 1930s—is not a superstition to be mocked but a principled and prudential defense of basic liberties against some future overweening state.\n\nMr. Stone is an adjunct fellow at the American Enterprise Institute and a research fellow at the Institute for Family Studies.",
    "published": "2020-03-29"
  },
  {
    "source": "WSJ",
    "title": "These Events Forced the New York Stock Exchange to Close",
    "summary": "The NYSE has been forced to shut its doors only a few times over the past 150 years. Here are some notable examples.",
    "link": "https://www.wsj.com/articles/these-events-forced-the-new-york-stock-exchange-to-close-11585474201?mod=Searchresults_pos11&page=14",
    "content": "These Events Forced the New York Stock Exchange to Close The NYSE has been forced to shut its doors only a few times over the past 150 years. Here are some notable examples.",
    "published": "2020-03-29"
  }
]