[
  {
    "source": "WSJ",
    "title": "U.S. Policy Makers Weigh Next Stage of Stimulus to Cushion Economy",
    "summary": "Congress is working on a broader economic response to coronavirus pandemic that would go beyond package currently being negotiated",
    "link": "https://www.wsj.com/articles/u-s-policy-makers-weigh-next-stage-of-stimulus-to-cushion-economy-11584129729?mod=Searchresults_pos15&page=11",
    "content": "‘We will use whatever tools we need to make sure that the industries that are impacted by this get through this,’ Treasury Secretary Steven Mnuchin said Friday.\n\nWASHINGTON—U.S. policy makers are contemplating a significant fiscal stimulus to protect businesses and consumers from the economic disruptions caused by the coronavirus epidemic, with talks on the size, speed and composition of such an effort in the early stages.\n\nThe steps being considered would follow the sick-leave and unemployment-assistance bill now being negotiated in Congress and set for a vote late Friday.\n\nLawmakers are seeking to achieve two goals: one is to help workers who miss paychecks and companies that lose business, such as restaurants and retailers. Another is to provide broad support for the economy to prevent or soften a recession.\n\nPossibilities for the next round of government assistance include broad tax cuts, cash payments to households, targeted assistance and increased federal spending. Also on the table: suspension of student-loan payments, infrastructure projects and aid to state and local governments.\n\nMore Trump Suspends Interest on Student Loans\n\nBut there will be disagreements over the best ways to accomplish the two goals and over just how large a stimulus may be necessary, as policy makers and economists grapple with how big a shock the virus will cause and how quickly the economy might rebound. And getting anything through a divided Congress will be a challenge. President Trump on Friday criticized the bill that Democrats and his administration have been working on, a sign of how difficult a larger package might be.\n\nMr. Trump has been urging Congress to suspend payroll taxes for workers and employers through the end of the year. That would cut taxes by more than $800 billion, or 4% of gross domestic product. But that idea has gotten little traction in Congress because it wouldn’t help people who aren’t getting paid. Because a payroll tax cut is tied to earnings, it would also have limited benefits for many retail workers and other employees whose hours are cut.\n\nMany Democrats also say they are concerned that companies wouldn’t pass payroll-tax cuts on to workers and that the money wouldn’t get to people quickly enough because it is spread across each paycheck instead of in a lump sum.\n\n“A payroll tax cut can be an effective tool, but it’s not the best answer in this case,” said Sen. Ron Wyden (D., Ore.).\n\nPresident Trump on March 6 signed an $8.3 billion bill funding efforts to develop a vaccine and assist local and state governments’ responses. On Friday night, Democrats and the White House reached an agreement on legislation that would make coronavirus testing free and provide paid sick leave to many of those affected by the pandemic.\n\nTreasury Secretary Steven Mnuchin said on CNBC on Friday morning that the bill being considered by the House now is like the second inning in a nine-inning baseball game, with more to come.\n\n“We will use whatever tools we need to make sure that the industries that are impacted by this get through this,” Mr. Mnuchin said. “We’re going to do whatever we need to support hard-working Americans who are impacted by this.”\n\nMr. Mnuchin acknowledged that payroll tax cuts wouldn’t help people who lose their jobs, and he urged corporations that have benefited from the Trump administration’s tax cuts to accept lower profits and keep workers on payrolls.\n\nOn Friday, House Speaker Nancy Pelosi (D.-Calif.) said House Democrats are prepared to pass a second coronavirus bill, with or without Republican support. Photo: J. Scott Applewhite/Associated Press\n\nMembers of Congress have started offering their own ideas. Sen. Elizabeth Warren (D., Mass.) outlined a $750 billion program that includes larger Social Security benefits, broad student-debt cancellation and low-interest or no-interest loans to companies hit with supply-chain disruptions.\n\nSenate Democrats this week rolled out a number of proposals they would want to see included in the next round of legislation, including offering assistance with mortgage and rent payments and providing disaster grants to small businesses. Senate Minority Leader Chuck Schumer (D., N.Y.) said the legislation lawmakers were negotiating this week was just the first part of Congress’s response.\n\nSen. Steve Daines (R., Mont.) has proposed a temporary suspension of the payroll tax and has called on the administration to waive tariffs on imported goods. Mr. Mnuchin said Friday that U.S. Trade Representative Robert Lighthizer was working on possible tariff exemptions for industries affected by the coronavirus.\n\nMr. Mnuchin said the administration is seeking additional funding for the Small Business Administration to offer emergency loans to firms affected by the virus.\n\nMr. Mnuchin also said he was particularly interested in assistance for the airline industry because of the importance of maintaining a domestic travel network. Such aid could be done by deferring tax payments or through other means, such as loan guarantees. Other affected industries—including hotels and cruise lines—could also be considered.\n\nThose may prove controversial. In a letter to Mr. Trump earlier this week, Senate Democrats said they didn’t necessarily want to boost companies’ returns.\n\n“Our focus should be on helping workers, including hourly workers and those workers at small or retail businesses who often don’t have access to short term savings or paid time off,” they wrote.\n\nCoronavirus Newsletter Get a morning coronavirus briefing each weekday, plus a health-news update on Fridays. Sign up here.\n\nSome economists have argued that sending people cash payments is one of the most effective ways to insulate them—and the economy—in a downturn, even one in its early stages. The payments could be sent to all Americans, not only those who are working, and provide the assistance up front, rather than spreading it out in paychecks throughout the year.\n\n“Getting resources to people sooner means that households can avoid missing payments on mortgages, rent or cars,” Josh Bivens of the left-leaning Economic Policy Institute wrote Friday. “This matters not only in the short run, but also means they will emerge from the near-inevitable economic contraction of the next few months in less-distressed financial straits.”\n\nThe U.S. did a version of that in early 2008 as the economy headed into a downturn. Every taxpayer received up to $600 plus a $300 child tax credit. Those payments were phased out for individuals with incomes above $75,000 and married couples above $150,000.\n\nSome people, particularly high earners, would just save any lump-sum payments instead of spending them, providing little or no economic benefit. But the counterargument is that some inefficiency is acceptable so that money can go quickly to people who need it.\n\nOne such plan is from Reps. Ro Khanna (D., Calif.) and Tim Ryan (D., Ohio), who proposed an emergency earned-income tax credit that would give between $1,000 and $6,000 to people who made less than $65,000 last year. And Greg Mankiw , a former top economic adviser to President George W. Bush , advocated sending $1,000 checks to everyone as soon as possible.\n\nYet sending millions of checks directly to all Americans would present a logistical hurdle and could take weeks or months.\n\nClaudia Sahm, a former Federal Reserve economist who is now the director of macroeconomic policy at the Washington Center for Equitable Growth, recommended policy makers instead consider eliminating the first $500 of withholding for federal income taxes and Social Security payroll taxes for workers in April, May and June, providing a total of $1,500 over three months.\n\n“Employers could change withholding tables tomorrow,” with guidance from the Internal Revenue Service, Ms. Sahm said. “It really could happen in the next paycheck.”\n\nMs. Sahm said such a move would be more effective than a payroll tax cut, but she applauded Mr. Trump’s push for a broader fiscal stimulus. The administration is also planning to let people defer tax payments scheduled for April 15, providing a cushion to some households that owe money.\n\nIt isn’t clear, however, that Democrats or Republicans are ready to embrace the kind of efforts that policy makers deployed during and after the 2008 financial crisis, which threw the country into the deepest recession since the Great Depression and saw millions lose their jobs. The jobless rate in February remained near 50-year lows, and gauges of consumer sentiment were still strong in early March.\n\n“The fundamentals of the economy are still good,” said Paul Winfree , an economist at the right-leaning Heritage Foundation. “We are experiencing an economic shock that has the potential to turn those fundamentals around.”\n\nMr. Winfree said it makes sense to pursue economic measures aimed at mitigating the public-health crisis, such as paid leave and enhanced safety-net programs, but cautioned against a bigger response before one is needed.\n\nAndrew Duehren contributed to this article.\n\nWrite to Richard Rubin at richard.rubin@wsj.com and Kate Davidson at kate.davidson@wsj.com",
    "published": "2020-03-13"
  },
  {
    "source": "WSJ",
    "title": "U.S. Grants Tariff Exemptions for More Medical Goods From China",
    "summary": "Reversal on tariffs comes amid worsening coronavirus crisis",
    "link": "https://www.wsj.com/articles/u-s-grants-tariff-exemptions-for-more-medical-goods-from-china-11584125840?mod=Searchresults_pos15&page=7",
    "content": "WASHINGTON—In an about-face, U.S. trade officials removed tariffs on dozens of medical items imported from China amid the coronavirus crisis—including some protective gowns, exam gloves, patient bags, surgical drapes and medical waste disposal bags.\n\nU.S. trade officials had previously ruled that these items couldn’t get exemptions.\n\nThe move comes even as the Trump administration has resisted calls to provide broad tariff relief during the spreading coronavirus pandemic. Despite the reversals, many medical items remain under tariff.\n\nExecutives from the medical supply industry had testified to the U.S. Trade Representative in a series of public hearings that such items could be essential during a disease epidemic.\n\nEach tranche of USTR tariffs has hit some medical devices. The items for which exclusion decisions were reversed were all items on the third-tranche of tariffs, which covered a total of roughly $200 billion a year of imports from China. The tariffs on these items were first imposed in September of 2018 at 10% and since raised to 25%.\n\nSHARE YOUR THOUGHTS Is the Trump administration doing enough to help people during this health crisis? Why or why not? Join the conversation below.\n\nThe majority of the tariff reversals cover items with a direct medical use. But the USTR also reversed previous denials on more general items such as plastic food bags, trash bags and dog waste litter bags.\n\n“We are grateful that the administration granted these important healthcare exclusion requests,” Medline Industries Inc. of Northfield, Ill., said in a statement. The company had 13 of its previously denied requests for exclusions reversed by the USTR.\n\nIn a statement, the U.S. Trade Representative said its decision was “based on factors set out in the Federal Register and takes into account advice from advisory committees and public comments on the pertinent exclusion requests.”\n\n“As it has throughout the exclusion process, the U.S. Trade Representative will continue to issue decisions on pending requests on a periodic basis,” said the statement from Jeff Emerson, a USTR spokesman.\n\nThe global spread of the novel coronavirus is affecting many aspects of daily life and soon, that could include what's in your medicine cabinet. WSJ’s Charley Grant explains. Photo: Getty Images\n\nThe Journal reported last week that the USTR was granting tariff exemptions for face masks and other products hit by the most recent tranche of tariffs.\n\nWSJ Newsletter Get an early-morning coronavirus briefing each weekday, plus a health-news update Fridays: Sign up here.\n\nThe new exemptions, granted Thursday, are for items that were part of an earlier round of tariffs. Many of the companies that manufacture such devices submitted requests to the USTR last summer and fall, requesting relief from the tariffs for medical items. The USTR denied most of their requests within about a month.\n\nEven with about 60 of those decisions now reversed, tariffs remain on many medical items, including high-tech equipment and components to systems such as ultrasound machines, patient monitors, X-ray devices, defibrillators and electro cardiograms.\n\nThe reversals “effectively acknowledged that trade wars can endanger public health [but] covered only a handful of urgently needed products,” said Chad Bown , a senior fellow and trade policy expert at the Peterson Institute for International Economics.\n\nAn analysis from Mr. Bown, published on Friday, calculated that the Trump administration’s tariffs originally applied to about $5 billion of medical goods imported from China. Data on how much trade was covered by the exclusions granted on Thursday wasn’t immediately available.\n\n“Now that there are potential supply shortages globally, the U.S. health crisis demands that the administration comprehensively and permanently reverse these policies of self-harm,” Mr. Bown said.\n\nContinuing to maintain tariffs on medical supplies during a global pandemic is a poorly timed use of the trade powers, according to industry executives.\n\n“Obviously this is nuts,” said Ken Rogoff , a professor of public policy and economics at Harvard University, and a former chief economist at the International Monetary Fund.\n\n“This just isn’t the moment because we have the coronavirus, which cuts off world communication and trade more than any tariff is going to do,” said Mr. Rogoff. “The last thing on earth we need to do is add frictions to that.”\n\nTariffs on medical supplies right now are “a pressure. It’s a delicate balance and when you increase pressure it’s a risk to the health-care supply chain,” said Khatereh Calleja, the president of the Healthcare Supply Chain Association, in an interview on Thursday. “We would continue to encourage a review of the lit to make sure we’re not adding undue pressure.”\n\nThe USTR also issued exclusions for 11 items under the $120 billion fourth tranche of tariffs. Those included absorbent puppy pads, safety goggles and lens-cleaning wipes.\n\nChad Day contributed to this article.\n\nWrite to Josh Zumbrun at Josh.Zumbrun@wsj.com",
    "published": "2020-03-13"
  },
  {
    "source": "WSJ",
    "title": "Energy Sector Leads Rise in Credit-Default Swap Prices",
    "summary": "As market turmoil intensifies, the CDS market is forecasting a rising number of defaults, particularly among energy companies",
    "link": "https://www.wsj.com/articles/energy-sector-leads-spike-in-credit-default-swap-prices-11584136400?mod=Searchresults_pos3&page=11",
    "content": "As market volatility intensifies, the credit-default swaps market is forecasting a rising number of defaults, particularly among energy companies. Photo: agustin marcarian/Reuters\n\nThe cost of buying insurance against default for the riskiest drillers in the oil patch soared this week as credit investors grapple with the twin shocks of an oil price war and the coronavirus pandemic.\n\nCredit-default swaps, which pay out when a borrower defaults on a bond or loan, have skyrocketed for shale drillers on expectations that the industry will face a steep rise in defaults.",
    "published": "2020-03-13"
  },
  {
    "source": "WSJ",
    "title": "U.S. Policy Makers Weigh Next Stage of Stimulus to Cushion Economy",
    "summary": "Congress is working on a broader economic response to coronavirus pandemic that would go beyond package currently being negotiated",
    "link": "https://www.wsj.com/articles/u-s-policy-makers-weigh-next-stage-of-stimulus-to-cushion-economy-11584129729?mod=Searchresults_pos16&page=11",
    "content": "‘We will use whatever tools we need to make sure that the industries that are impacted by this get through this,’ Treasury Secretary Steven Mnuchin said Friday.\n\nWASHINGTON—U.S. policy makers are contemplating a significant fiscal stimulus to protect businesses and consumers from the economic disruptions caused by the coronavirus epidemic, with talks on the size, speed and composition of such an effort in the early stages.\n\nThe steps being considered would follow the sick-leave and unemployment-assistance bill now being negotiated in Congress and set for a vote late Friday.\n\nLawmakers are seeking to achieve two goals: one is to help workers who miss paychecks and companies that lose business, such as restaurants and retailers. Another is to provide broad support for the economy to prevent or soften a recession.\n\nPossibilities for the next round of government assistance include broad tax cuts, cash payments to households, targeted assistance and increased federal spending. Also on the table: suspension of student-loan payments, infrastructure projects and aid to state and local governments.\n\nMore Trump Suspends Interest on Student Loans\n\nBut there will be disagreements over the best ways to accomplish the two goals and over just how large a stimulus may be necessary, as policy makers and economists grapple with how big a shock the virus will cause and how quickly the economy might rebound. And getting anything through a divided Congress will be a challenge. President Trump on Friday criticized the bill that Democrats and his administration have been working on, a sign of how difficult a larger package might be.\n\nMr. Trump has been urging Congress to suspend payroll taxes for workers and employers through the end of the year. That would cut taxes by more than $800 billion, or 4% of gross domestic product. But that idea has gotten little traction in Congress because it wouldn’t help people who aren’t getting paid. Because a payroll tax cut is tied to earnings, it would also have limited benefits for many retail workers and other employees whose hours are cut.\n\nMany Democrats also say they are concerned that companies wouldn’t pass payroll-tax cuts on to workers and that the money wouldn’t get to people quickly enough because it is spread across each paycheck instead of in a lump sum.\n\n“A payroll tax cut can be an effective tool, but it’s not the best answer in this case,” said Sen. Ron Wyden (D., Ore.).\n\nPresident Trump on March 6 signed an $8.3 billion bill funding efforts to develop a vaccine and assist local and state governments’ responses. On Friday night, Democrats and the White House reached an agreement on legislation that would make coronavirus testing free and provide paid sick leave to many of those affected by the pandemic.\n\nTreasury Secretary Steven Mnuchin said on CNBC on Friday morning that the bill being considered by the House now is like the second inning in a nine-inning baseball game, with more to come.\n\n“We will use whatever tools we need to make sure that the industries that are impacted by this get through this,” Mr. Mnuchin said. “We’re going to do whatever we need to support hard-working Americans who are impacted by this.”\n\nMr. Mnuchin acknowledged that payroll tax cuts wouldn’t help people who lose their jobs, and he urged corporations that have benefited from the Trump administration’s tax cuts to accept lower profits and keep workers on payrolls.\n\nOn Friday, House Speaker Nancy Pelosi (D.-Calif.) said House Democrats are prepared to pass a second coronavirus bill, with or without Republican support. Photo: J. Scott Applewhite/Associated Press\n\nMembers of Congress have started offering their own ideas. Sen. Elizabeth Warren (D., Mass.) outlined a $750 billion program that includes larger Social Security benefits, broad student-debt cancellation and low-interest or no-interest loans to companies hit with supply-chain disruptions.\n\nSenate Democrats this week rolled out a number of proposals they would want to see included in the next round of legislation, including offering assistance with mortgage and rent payments and providing disaster grants to small businesses. Senate Minority Leader Chuck Schumer (D., N.Y.) said the legislation lawmakers were negotiating this week was just the first part of Congress’s response.\n\nSen. Steve Daines (R., Mont.) has proposed a temporary suspension of the payroll tax and has called on the administration to waive tariffs on imported goods. Mr. Mnuchin said Friday that U.S. Trade Representative Robert Lighthizer was working on possible tariff exemptions for industries affected by the coronavirus.\n\nMr. Mnuchin said the administration is seeking additional funding for the Small Business Administration to offer emergency loans to firms affected by the virus.\n\nMr. Mnuchin also said he was particularly interested in assistance for the airline industry because of the importance of maintaining a domestic travel network. Such aid could be done by deferring tax payments or through other means, such as loan guarantees. Other affected industries—including hotels and cruise lines—could also be considered.\n\nThose may prove controversial. In a letter to Mr. Trump earlier this week, Senate Democrats said they didn’t necessarily want to boost companies’ returns.\n\n“Our focus should be on helping workers, including hourly workers and those workers at small or retail businesses who often don’t have access to short term savings or paid time off,” they wrote.\n\nCoronavirus Newsletter Get a morning coronavirus briefing each weekday, plus a health-news update on Fridays. Sign up here.\n\nSome economists have argued that sending people cash payments is one of the most effective ways to insulate them—and the economy—in a downturn, even one in its early stages. The payments could be sent to all Americans, not only those who are working, and provide the assistance up front, rather than spreading it out in paychecks throughout the year.\n\n“Getting resources to people sooner means that households can avoid missing payments on mortgages, rent or cars,” Josh Bivens of the left-leaning Economic Policy Institute wrote Friday. “This matters not only in the short run, but also means they will emerge from the near-inevitable economic contraction of the next few months in less-distressed financial straits.”\n\nThe U.S. did a version of that in early 2008 as the economy headed into a downturn. Every taxpayer received up to $600 plus a $300 child tax credit. Those payments were phased out for individuals with incomes above $75,000 and married couples above $150,000.\n\nSome people, particularly high earners, would just save any lump-sum payments instead of spending them, providing little or no economic benefit. But the counterargument is that some inefficiency is acceptable so that money can go quickly to people who need it.\n\nOne such plan is from Reps. Ro Khanna (D., Calif.) and Tim Ryan (D., Ohio), who proposed an emergency earned-income tax credit that would give between $1,000 and $6,000 to people who made less than $65,000 last year. And Greg Mankiw , a former top economic adviser to President George W. Bush , advocated sending $1,000 checks to everyone as soon as possible.\n\nYet sending millions of checks directly to all Americans would present a logistical hurdle and could take weeks or months.\n\nClaudia Sahm, a former Federal Reserve economist who is now the director of macroeconomic policy at the Washington Center for Equitable Growth, recommended policy makers instead consider eliminating the first $500 of withholding for federal income taxes and Social Security payroll taxes for workers in April, May and June, providing a total of $1,500 over three months.\n\n“Employers could change withholding tables tomorrow,” with guidance from the Internal Revenue Service, Ms. Sahm said. “It really could happen in the next paycheck.”\n\nMs. Sahm said such a move would be more effective than a payroll tax cut, but she applauded Mr. Trump’s push for a broader fiscal stimulus. The administration is also planning to let people defer tax payments scheduled for April 15, providing a cushion to some households that owe money.\n\nIt isn’t clear, however, that Democrats or Republicans are ready to embrace the kind of efforts that policy makers deployed during and after the 2008 financial crisis, which threw the country into the deepest recession since the Great Depression and saw millions lose their jobs. The jobless rate in February remained near 50-year lows, and gauges of consumer sentiment were still strong in early March.\n\n“The fundamentals of the economy are still good,” said Paul Winfree , an economist at the right-leaning Heritage Foundation. “We are experiencing an economic shock that has the potential to turn those fundamentals around.”\n\nMr. Winfree said it makes sense to pursue economic measures aimed at mitigating the public-health crisis, such as paid leave and enhanced safety-net programs, but cautioned against a bigger response before one is needed.\n\nAndrew Duehren contributed to this article.\n\nWrite to Richard Rubin at richard.rubin@wsj.com and Kate Davidson at kate.davidson@wsj.com",
    "published": "2020-03-13"
  },
  {
    "source": "WSJ",
    "title": "Pro Bankruptcy Briefing: Toys “R” Us Ex-Owners Sued; GSO’s Tapstone Seeks Chapter 11 Votes; Buyer Waffles on Alta Mesa Bid",
    "summary": "Good day. Creditors who lost out in the bankruptcy of Toys “R” Us are hoping for some of their money back through a lawsuit against ex-owners and executives. GSO Capital Partners LP will lose its stake in shale driller Tapstone Energy LLC. And a bankruptcy sale of shale driller Alta Mesa Resources Inc. is on the brink of collapse thanks to the turmoil gripping energy markets.",
    "link": "https://www.wsj.com/articles/pro-bankruptcy-briefing-toys-r-us-ex-owners-sued-gsos-tapstone-seeks-chapter-11-votes-buyer-waffles-on-alta-mesa-bid-11584105338?mod=Searchresults_pos8&page=17",
    "content": "Good day. Creditors who lost out in the bankruptcy of Toys “R” Us are hoping for some of their money back through a lawsuit against ex-owners and executives. GSO Capital Partners LP will lose its stake in shale driller Tapstone Energy LLC. And a bankruptcy sale of shale driller Alta Mesa Resources Inc. is on the brink of collapse thanks to the turmoil gripping energy markets.\n\nNow for today’s news...",
    "published": "2020-03-13"
  },
  {
    "source": "WSJ",
    "title": "Covid-19 Infects the American Consciousness",
    "summary": "Consistent policies such as tax breaks for service industries, unemployment benefits for affected employees, along with employing the digital communication tools about quarantines would certainly mitigate some of the effects of this pandemic.",
    "link": "https://www.wsj.com/articles/covid-19-infects-the-american-consciousness-11583960376?mod=Searchresults_pos20&page=18",
    "content": "Because we have no vaccine for Covid-19, the information in “What We Can Learn From the 20th Century’s Deadliest Pandemic” (Review, March 7) about localized quarantines sometimes being as effective as vaccines should be heeded by our public officials. National quarantine guidance applied to metropolitan areas when outbreaks are first detected would go a long way toward quelling public uncertainty. And consistent policies such as tax breaks for service industries, unemployment benefits for affected employees, along with employing the digital communication tools now at our disposal for standardized public information and education about quarantines would certainly mitigate some of the effects of this pandemic.\n\nDaniel Houck\n\nPittsburgh\n\nRegarding Holman Jenkins’s “A Chinese Mystery and Covid-19’s Economic Puzzle” (Business World, March 7): Closing schools and canceling large events to mitigate the spread of Covid-19 is sound public policy. However, just where are the kids going? When schools closed in Texas because of the H1N1 virus in 2009, they went to the mall. They didn’t stay home. This defeated the purpose of the initial measures.\n\nEmployers and schools often require a doctor’s note to return to work or school. This encourages trips to crowded emergency departments and will overwhelm the system, just as it did with H1N1 in 2009. People should not go to the hospital for testing or a doctor’s note, but only for severe symptoms that cannot be managed at home.\n\nFurthermore, how often are we planning on testing people? One could be negative this morning, go to the store and come home an asymptomatic positive carrier tonight. Medical care for viral illnesses is supportive, so the test isn’t helpful to the individual patient with mild to moderate symptoms who doesn’t require hospitalization.\n\nThe best we can do is avoid panic, wash hands, stay home if you have symptoms, avoid large gatherings and stop requiring a doctor’s note for work or school for those who call in sick.\n\nDave Bryant\n\nFort Worth, Texas",
    "published": "2020-03-13"
  },
  {
    "source": "WSJ",
    "title": "U.S. Policy Makers Weigh Next Stage of Stimulus to Cushion Economy",
    "summary": "Congress is working on a broader economic response to coronavirus pandemic that would go beyond package currently being negotiated",
    "link": "https://www.wsj.com/articles/u-s-policy-makers-weigh-next-stage-of-stimulus-to-cushion-economy-11584129729?mod=Searchresults_pos7&page=2",
    "content": "‘We will use whatever tools we need to make sure that the industries that are impacted by this get through this,’ Treasury Secretary Steven Mnuchin said Friday.\n\nWASHINGTON—U.S. policy makers are contemplating a significant fiscal stimulus to protect businesses and consumers from the economic disruptions caused by the coronavirus epidemic, with talks on the size, speed and composition of such an effort in the early stages.\n\nThe steps being considered would follow the sick-leave and unemployment-assistance bill now being negotiated in Congress and set for a vote late Friday.\n\nLawmakers are seeking to achieve two goals: one is to help workers who miss paychecks and companies that lose business, such as restaurants and retailers. Another is to provide broad support for the economy to prevent or soften a recession.\n\nPossibilities for the next round of government assistance include broad tax cuts, cash payments to households, targeted assistance and increased federal spending. Also on the table: suspension of student-loan payments, infrastructure projects and aid to state and local governments.\n\nMore Trump Suspends Interest on Student Loans\n\nBut there will be disagreements over the best ways to accomplish the two goals and over just how large a stimulus may be necessary, as policy makers and economists grapple with how big a shock the virus will cause and how quickly the economy might rebound. And getting anything through a divided Congress will be a challenge. President Trump on Friday criticized the bill that Democrats and his administration have been working on, a sign of how difficult a larger package might be.\n\nMr. Trump has been urging Congress to suspend payroll taxes for workers and employers through the end of the year. That would cut taxes by more than $800 billion, or 4% of gross domestic product. But that idea has gotten little traction in Congress because it wouldn’t help people who aren’t getting paid. Because a payroll tax cut is tied to earnings, it would also have limited benefits for many retail workers and other employees whose hours are cut.\n\nMany Democrats also say they are concerned that companies wouldn’t pass payroll-tax cuts on to workers and that the money wouldn’t get to people quickly enough because it is spread across each paycheck instead of in a lump sum.\n\n“A payroll tax cut can be an effective tool, but it’s not the best answer in this case,” said Sen. Ron Wyden (D., Ore.).\n\nPresident Trump on March 6 signed an $8.3 billion bill funding efforts to develop a vaccine and assist local and state governments’ responses. On Friday night, Democrats and the White House reached an agreement on legislation that would make coronavirus testing free and provide paid sick leave to many of those affected by the pandemic.\n\nTreasury Secretary Steven Mnuchin said on CNBC on Friday morning that the bill being considered by the House now is like the second inning in a nine-inning baseball game, with more to come.\n\n“We will use whatever tools we need to make sure that the industries that are impacted by this get through this,” Mr. Mnuchin said. “We’re going to do whatever we need to support hard-working Americans who are impacted by this.”\n\nMr. Mnuchin acknowledged that payroll tax cuts wouldn’t help people who lose their jobs, and he urged corporations that have benefited from the Trump administration’s tax cuts to accept lower profits and keep workers on payrolls.\n\nOn Friday, House Speaker Nancy Pelosi (D.-Calif.) said House Democrats are prepared to pass a second coronavirus bill, with or without Republican support. Photo: J. Scott Applewhite/Associated Press\n\nMembers of Congress have started offering their own ideas. Sen. Elizabeth Warren (D., Mass.) outlined a $750 billion program that includes larger Social Security benefits, broad student-debt cancellation and low-interest or no-interest loans to companies hit with supply-chain disruptions.\n\nSenate Democrats this week rolled out a number of proposals they would want to see included in the next round of legislation, including offering assistance with mortgage and rent payments and providing disaster grants to small businesses. Senate Minority Leader Chuck Schumer (D., N.Y.) said the legislation lawmakers were negotiating this week was just the first part of Congress’s response.\n\nSen. Steve Daines (R., Mont.) has proposed a temporary suspension of the payroll tax and has called on the administration to waive tariffs on imported goods. Mr. Mnuchin said Friday that U.S. Trade Representative Robert Lighthizer was working on possible tariff exemptions for industries affected by the coronavirus.\n\nMr. Mnuchin said the administration is seeking additional funding for the Small Business Administration to offer emergency loans to firms affected by the virus.\n\nMr. Mnuchin also said he was particularly interested in assistance for the airline industry because of the importance of maintaining a domestic travel network. Such aid could be done by deferring tax payments or through other means, such as loan guarantees. Other affected industries—including hotels and cruise lines—could also be considered.\n\nThose may prove controversial. In a letter to Mr. Trump earlier this week, Senate Democrats said they didn’t necessarily want to boost companies’ returns.\n\n“Our focus should be on helping workers, including hourly workers and those workers at small or retail businesses who often don’t have access to short term savings or paid time off,” they wrote.\n\nCoronavirus Newsletter Get a morning coronavirus briefing each weekday, plus a health-news update on Fridays. Sign up here.\n\nSome economists have argued that sending people cash payments is one of the most effective ways to insulate them—and the economy—in a downturn, even one in its early stages. The payments could be sent to all Americans, not only those who are working, and provide the assistance up front, rather than spreading it out in paychecks throughout the year.\n\n“Getting resources to people sooner means that households can avoid missing payments on mortgages, rent or cars,” Josh Bivens of the left-leaning Economic Policy Institute wrote Friday. “This matters not only in the short run, but also means they will emerge from the near-inevitable economic contraction of the next few months in less-distressed financial straits.”\n\nThe U.S. did a version of that in early 2008 as the economy headed into a downturn. Every taxpayer received up to $600 plus a $300 child tax credit. Those payments were phased out for individuals with incomes above $75,000 and married couples above $150,000.\n\nSome people, particularly high earners, would just save any lump-sum payments instead of spending them, providing little or no economic benefit. But the counterargument is that some inefficiency is acceptable so that money can go quickly to people who need it.\n\nOne such plan is from Reps. Ro Khanna (D., Calif.) and Tim Ryan (D., Ohio), who proposed an emergency earned-income tax credit that would give between $1,000 and $6,000 to people who made less than $65,000 last year. And Greg Mankiw , a former top economic adviser to President George W. Bush , advocated sending $1,000 checks to everyone as soon as possible.\n\nYet sending millions of checks directly to all Americans would present a logistical hurdle and could take weeks or months.\n\nClaudia Sahm, a former Federal Reserve economist who is now the director of macroeconomic policy at the Washington Center for Equitable Growth, recommended policy makers instead consider eliminating the first $500 of withholding for federal income taxes and Social Security payroll taxes for workers in April, May and June, providing a total of $1,500 over three months.\n\n“Employers could change withholding tables tomorrow,” with guidance from the Internal Revenue Service, Ms. Sahm said. “It really could happen in the next paycheck.”\n\nMs. Sahm said such a move would be more effective than a payroll tax cut, but she applauded Mr. Trump’s push for a broader fiscal stimulus. The administration is also planning to let people defer tax payments scheduled for April 15, providing a cushion to some households that owe money.\n\nIt isn’t clear, however, that Democrats or Republicans are ready to embrace the kind of efforts that policy makers deployed during and after the 2008 financial crisis, which threw the country into the deepest recession since the Great Depression and saw millions lose their jobs. The jobless rate in February remained near 50-year lows, and gauges of consumer sentiment were still strong in early March.\n\n“The fundamentals of the economy are still good,” said Paul Winfree , an economist at the right-leaning Heritage Foundation. “We are experiencing an economic shock that has the potential to turn those fundamentals around.”\n\nMr. Winfree said it makes sense to pursue economic measures aimed at mitigating the public-health crisis, such as paid leave and enhanced safety-net programs, but cautioned against a bigger response before one is needed.\n\nAndrew Duehren contributed to this article.\n\nWrite to Richard Rubin at richard.rubin@wsj.com and Kate Davidson at kate.davidson@wsj.com",
    "published": "2020-03-13"
  },
  {
    "source": "WSJ",
    "title": "Illinois Continues to Steer Toward the Iceberg",
    "summary": "Illinois Governor J.B. Pritzker spins a fantasy that a progressive income tax will “really solve” the latest state financial crisis.",
    "link": "https://www.wsj.com/articles/illinois-continues-to-steer-toward-the-iceberg-11583960833?mod=Searchresults_pos13&page=10",
    "content": "lllinois Governor J.B. Pritzker speaks in Washington, April 9, 2019. Photo: jeenah moon/Reuters\n\nRegarding Orphe Divounguy’s “Spendthrift Illinois Races Toward Default” (Cross Country, March 7): Illinois Gov. J.B. Pritzker spins a fantasy that a progressive income tax will “really solve” the latest state financial crisis. Voters should consider the cautionary tale in similarly challenged New Jersey. The same claim was made in 1976 by then-Gov. Brendan Byrne when the political class imposed a state income tax with two rates—2% and 2.5%. Since then rates have been increased ranging from 1.75% to 8.95% and, despite prevailing economic prosperity, current New Jersey Gov. Phil Murphy is proposing a further increase in the top rate to 10.75%. The result of the torrent of revenue flowing to Trenton during almost 45 years from its demonstrably progressive income tax is the highest property tax in the nation, the second worst credit rating (Illinois is worse), the worst business tax climate (Tax Foundation), massively unfunded pension and health-benefit liabilities, crumbling infrastructure, a dysfunctional public transportation system and the continuing exodus of high earners to lower-tax states. The only remedy is to end the prolific spending that characterizes the political mismanagement of both.\n\nPaul Lerman, Ph.D.",
    "published": "2020-03-13"
  },
  {
    "source": "WSJ",
    "title": "China’s Markets Still Aren’t Immune to the Coronavirus",
    "summary": "It is premature to assume that the country where the current pandemic is believed to have originated is now a haven in the storm",
    "link": "https://www.wsj.com/articles/chinas-markets-still-arent-immune-to-the-coronavirus-11584194401?mod=Searchresults_pos4&page=5",
    "content": "Hong Kong shares plunged during the Friday morning session following world markets' fear of the coronavirus pandemic. Still, in Hong Kong, Chinese stocks have only dropped 11% in the past month.\n\nU.S. investors largely ignored the spread of the new coronavirus in China. Chinese investors shouldn’t make the same mistake as it spreads in the U.S.\n\nCovid-19—the disease caused by the new virus—has gone global. There are now more new cases outside of mainland China, where the outbreak is believed to have begun, than inside it. While Italy has locked down its country, and sports events in the U.S. are being canceled, business in China is slowly getting back to normal.\n\nThis may be one reason why Chinese markets have been resilient even as U.S. stocks have tumbled into bear-market territory. The CSI 300 Index, a gauge of the largest stocks in Shanghai and Shenzhen, has fallen just 1.6% in the past month, versus a 26% decline in the S&P 500.\n\nAnother reason is likely the relative isolation of China’s financial system, which insulates it from global trends. Foreign investors still only own around $200 billion of mainland Chinese stocks, or 2.1% of their total value, according to Wind. That makes the net $7.7 billion they have sold in the past month relatively inconsequential.\n\nEven in Hong Kong, which is closely tied into the global financial system, Chinese stocks have only dropped 11% in the past month. Investors seem to be betting that the crisis in China is mostly over.\n\nThat seems premature, given the continuing uncertainties. The disease may flare up again when more people get back to work. New cases could be imported from outside China. Small businesses and workers who have been hit hard by the disruptions may take a long time to regain their footing.\n\nEven more important, as the world’s largest exporter, China isn’t immune from economic shocks in other major economies. There could be supply-chain disruptions, especially for such items as cars and electronics, if factories in Europe and the U.S. are shut down—just as when large parts of the Chinese economy were shut down.\n\nAnd with many major economies now flirting with recession, global demand is set to take a hit. Chinese workers may be able to return to their factories, but they also need consumers and companies to buy the goods they make. Unlike during the trade war, when China was mainly dealing with disruptions to business with the U.S., there seems likely to be a simultaneous plunge in demand from all of the country’s major trading partners.\n\nEasier monetary policy is likely coming, especially since lower rates globally mean Chinese authorities needn’t worry so much about capital outflows and yuan weakness. But the stimulus may not be enough to offset the external shocks as the government is worried about further fueling what already looks to be a property bubble. Chinese banks also prefer to make safe loans to large, state-owned companies instead of helping the kind of small, private companies that are truly in need. That suggests Chinese government bonds may be better bets than stocks as growth slows.\n\nChina may have contained the epidemic within its borders, but the economic consequences will likely continue to widen.\n\nGet an early-morning coronavirus briefing each weekday, plus a health-news update Fridays: Sign up here.\n\nWrite to Jacky Wong at JACKY.WONG@wsj.com",
    "published": "2020-03-13"
  },
  {
    "source": "WSJ",
    "title": "Energy Sector Leads Rise in Credit-Default Swap Prices",
    "summary": "As market turmoil intensifies, the CDS market is forecasting a rising number of defaults, particularly among energy companies",
    "link": "https://www.wsj.com/articles/energy-sector-leads-spike-in-credit-default-swap-prices-11584136400?mod=Searchresults_pos3&page=11",
    "content": "As market volatility intensifies, the credit-default swaps market is forecasting a rising number of defaults, particularly among energy companies. Photo: agustin marcarian/Reuters\n\nThe cost of buying insurance against default for the riskiest drillers in the oil patch soared this week as credit investors grapple with the twin shocks of an oil price war and the coronavirus pandemic.\n\nCredit-default swaps, which pay out when a borrower defaults on a bond or loan, have skyrocketed for shale drillers on expectations that the industry will face a steep rise in defaults.",
    "published": "2020-03-13"
  },
  {
    "source": "WSJ",
    "title": "WSJ Wealth Adviser Briefing: Coronavirus Cash, Millennial Passions, Young Homebuyers",
    "summary": "Curated news and analysis for wealth advisers and their clients from WSJ reporters and columnists",
    "link": "https://www.wsj.com/articles/wsj-wealth-adviser-briefing-coronavirus-cash-millennial-passions-young-homebuyers-01584093727?mod=Searchresults_pos9&page=7",
    "content": "Economists sharply cut forecasts for the U.S. economy this year, predicting it will contract in the second quarter and raising expectations for a recession as the coronavirus spread around the world.\n\nBelow, some of the best analysis and insight from WSJ writers and columnists, the Dow Jones Newswires team and occasionally beyond, on investing, the wealth-management business and more.\n\nPLANNING & INVESTING\n\nAs Coronavirus Spreads, Should You Have More Cash—or Less?: A bigger cash stockpile might give some people a sense of security, while others fear the bills and coins themselves will carry the virus.\n\nMARKET TALK\n\nFrom Dow Jones Newswires\n\nU.S. high-yield corporate debt spreads will suffer a \"material increase\" in the coming two quarters before easing somewhat thereafter, says Moody's Investors Service. This is the assumption the rating agency has partly taken to revise upward the number of defaults in the global high-yield categoryto 3.6% from an initial forecast of 3.4% by end-2020. \"This reflects our view that financial and growth conditions will weaken with the spread of the coronavirus outbreaking the next few months,\" it says. U.S. oil and shale producers have an outsized representation in the U.S. high-yield credit market, which means the market could come under further pressure from falling oil prices, given the prospect of a price-trade war between Saudi Arabia and Russia.(lorena.ruibal@wsj.com; @lorena_rbal)\n\nBank analysts are rushing to ease concerns about bank liquidity. Bank stocks have been hit hard, even when bond rates jumped, and credit-default swaps have become more expensive. One concern has been big corporations drawing down their lines of credit. Some analysts say this is overblown. Citi's Keith Horowitz says all those lines would only be 13% of the banks' risk-weighted-assets. \"We view this as more of a manageable cyclical issue rather than structural issue ... and continue to believe the structural issue of lower rates is of much greater concern for investors.\" Janney analysts say for the big banks, 20% of all assets are liquid, compared to 14% in 2008. KBW Nasdaq Bank Index off 8.6%. (david.benoit@wsj.com; @DaveCBenoit)\n\nBUSINESS & PRACTICE\n\nCoronavirus Looms Over Crucial Spring Season for Housing Market: Uncertainty has economists tamping down expectations that low mortgage rates, strong job market would boost 2020 home sales.\n\nIMPACT INVESTING\n\nMillennials’ Passions Haven’t Affected How They Invest: Despite feeling strongly about the environment and other causes, most millennials have never heard of, or don’t fully understand, ESG investing.\n\nTALKING POINTS\n\nCoronavirus Prep Divides Couples: How Many Cans of Tuna Are Too Many?: With the virus’s longer-term impact still largely up in the air, couples all over the world are experiencing everyday tensions and a steady stream of eye rolls tied to one fundamental question: Which of us is reacting appropriately?\n\nTRAVEL & LIFESTYLE\n\nFor These Young Homebuyers, Age is Just a Number: As older homes sit unsold, a small contingent of deal seekers are trading turn key for fixer-uppers.\n\nADVISER CALENDAR\n\n- Private Wealth New England Forum/ March 25/ Boston, MA\n\n- Wealth Management 2020/ March 24-26/ Seattle, WA\n\n- Impact Investing Forum 2020/ March 29-30/West Palm Beach, FL\n\n- Impact ABS: The ESG Investors' Forum/ April 7/ NYC\n\n- Private Wealth California Forum/ May 13/ Los Angeles, CA\n\n- Exceptional Advisor Conference/ May 27-30/ Boston, MA\n\n- Alliance of Comprehensive Planners/ Oct. 27-30/ Atlanta, GA\n\nABOUT US\n\nThe Wealth Adviser Briefing covers topics of interest to wealth managers, financial planners and other advisers. The content is curated by the Dow Jones Newswires team using articles from the Newswires, Barron's, MarketWatch and The Wall Street Journal. The briefing is delivered to subscribers by email each workday morning at 6:30 a.m. ET. You can sign up here for email delivery.\n\nFor more information about our services for financial professionals, please visit our website.\n\nWe welcome feedback. Please email newsletters@dowjones.com or contact Dwight Oestricher at dwight.oestricher@wsj.com",
    "published": "2020-03-13"
  },
  {
    "source": "WSJ",
    "title": "Investors Are Bailing on Stock Funds at Near-Record Pace",
    "summary": "Investors have pulled $47.4 billion out of global stock-focused mutual funds and exchange-traded funds in three weeks",
    "link": "https://www.wsj.com/articles/investors-are-bailing-on-stock-funds-at-near-record-pace-11584094351?mod=Searchresults_pos4&page=13",
    "content": "Investors are trying to gauge how long the economic fallout from the coronavirus pandemic will last.\n\nInvestors are fleeing stock funds at the fastest pace since the bruising market selloff at the end of 2018, while racing into government bond funds at a record clip.\n\nThey pulled $47.4 billion out of global stock-focused mutual funds and exchange-traded funds in the three weeks ended Wednesday, according to an analysis prepared for The Wall Street Journal by Bank of America Global Research, which began tracking fund movements in 2002.\n\nThe only periods to ever see larger outflows were the late swoon in 2018 when investors fretted about the pace of the Federal Reserve’s interest-rate increases and a stretch in 2008 in the midst of the financial crisis, according to the Bank of America analysis, which is based on EPFR Global data.\n\nThe exodus coincides with a brutal market rout. The S&P 500 has plunged nearly 20% since peaking Feb. 19, losing about $5.6 trillion in market value along the way. Meanwhile, yields on Treasurys have dropped to historic lows as prices have rallied, drawing investors in droves to the safety of U.S. government bond funds.\n\nThe outflows from stock funds include $4.7 billion for the week ended Wednesday, by far the slimmest withdrawal during the current market slide. Over the period, investors poured $13.9 billion into U.S. government bond funds—the highest weekly total on record. That brings the three-week tally of inflows to $26.2 billion.\n\nMarket observers say the flight out of equities and into havens underscores the panic felt by some investors who see few places to hide in a stock-market selloff that has accelerated as the number of coronavirus cases has mushroomed.\n\n“The outflows have been really staggering,” said Collin Martin, a fixed-income strategist for the Schwab Center for Financial Research. “The environment is so fluid right now and there’s so much uncertainty that it’s tough [for investors] to point to one specific thing and say, ‘The worst is behind us, it’s time to jump in.’ ”\n\nSHARE YOUR THOUGHTS What do you think these developments portend for the global economy? Join the conversation below.\n\nGet an early-morning coronavirus briefing each weekday, plus a health-news update Fridays: Sign up here.\n\nMore than 132,000 people world-wide have become infected by the virus—now declared a pandemic—and nearly 5,000 people have died. Supply chains have been disrupted, workers have been sidelined, and millions of people have been quarantined.\n\nInvestors, meanwhile, are frantically trying to gauge how long the economic fallout will last and how useful government intervention will be. In the short term, the Bank of America data showed, they aren’t optimistic.\n\nNoah Seidman, a 37-year-old engineer from Miramar, Fla., said he pulled out of the stock-focused mutual fund he had through Fidelity Investments on Feb. 21 as the coronavirus began to receive more attention. The following Monday, the Dow Jones Industrial Average dropped more than 1,000 points—in what would be the first of many violent selloffs over the next three weeks.\n\nMr. Seidman—who says he classifies himself as a long-term trader, dabbling for years in individual retirement accounts, real-estate investment trusts and battery-metal stocks—says he realized that “the writing was on the wall that this was going to be one heck of a year.”\n\nWas Mr. Seidman lucky? Sure, he admits. But he knew, even then, that there was “no way that this virus had climaxed. It was barely getting started,” he said.\n\nInvestors have cast aside other investments beyond stock funds.\n\nInvestment-grade bond funds saw their largest week of outflows on record, at $15.9 billion. Investors also pulled $11.2 billion from high-yield bond funds, the second-highest on record.\n\n“This week, we saw what started as an equity-market selloff morph into a much more sinister move in the bond market, which prior to the selloff had been seeing historic inflows,” said Tommy Ricketts, a global investment strategist at Bank of America who prepared the fund-flows analysis. “That suggests that investors have changed from thinking this is a simple equity selloff into something more financial-stability related.”\n\n“It also confirms that investors do not yet think that central-bank and government actions are sufficient to buy the dip.”\n\nThe Federal Reserve earlier this month implemented its first emergency interest-rate cut since the financial crisis and on Thursday injected $1.5 trillion into short-term funding markets to stem the bleeding in markets. Neither measure was enough to give the market a boost.\n\nTo be sure, tracking investor movements in and out of mutual funds and ETFs doesn’t capture the entire pulse of the financial markets: Fund-flow figures don’t show individual stock purchases or corporate share buybacks. Share repurchases, while on the decline this year, have been one of the biggest sources of money flowing into the stock market in recent years.\n\nStill, fund-flow figures offer important insight into investor sentiment.\n\nEven before worries over coronavirus rattled markets, stock funds had bled money for most of the past year, according to the Bank of America data. Analysts say that trend highlighted investors’ apprehension about an aging bull market buffeted by the U.S.-China trade war and lingering worries about a potential recession.\n\n“Investors are pulling back from all risk assets,” said Terry Gardner, a portfolio strategist at C.J. Lawrence. “I think some investors are pre-emptively making that move to hide out in Treasurys while the impact of the virus gets digested and recalibrated in the market.\n\nWrite to Caitlin McCabe at caitlin.mccabe@wsj.com",
    "published": "2020-03-13"
  },
  {
    "source": "WSJ",
    "title": "U.S. Grants Tariff Exemptions for More Medical Goods From China",
    "summary": "Reversal on tariffs comes amid worsening coronavirus crisis",
    "link": "https://www.wsj.com/articles/u-s-grants-tariff-exemptions-for-more-medical-goods-from-china-11584125840?mod=Searchresults_pos13&page=7",
    "content": "WASHINGTON—In an about-face, U.S. trade officials removed tariffs on dozens of medical items imported from China amid the coronavirus crisis—including some protective gowns, exam gloves, patient bags, surgical drapes and medical waste disposal bags.\n\nU.S. trade officials had previously ruled that these items couldn’t get exemptions.\n\nThe move comes even as the Trump administration has resisted calls to provide broad tariff relief during the spreading coronavirus pandemic. Despite the reversals, many medical items remain under tariff.\n\nExecutives from the medical supply industry had testified to the U.S. Trade Representative in a series of public hearings that such items could be essential during a disease epidemic.\n\nEach tranche of USTR tariffs has hit some medical devices. The items for which exclusion decisions were reversed were all items on the third-tranche of tariffs, which covered a total of roughly $200 billion a year of imports from China. The tariffs on these items were first imposed in September of 2018 at 10% and since raised to 25%.\n\nSHARE YOUR THOUGHTS Is the Trump administration doing enough to help people during this health crisis? Why or why not? Join the conversation below.\n\nThe majority of the tariff reversals cover items with a direct medical use. But the USTR also reversed previous denials on more general items such as plastic food bags, trash bags and dog waste litter bags.\n\n“We are grateful that the administration granted these important healthcare exclusion requests,” Medline Industries Inc. of Northfield, Ill., said in a statement. The company had 13 of its previously denied requests for exclusions reversed by the USTR.\n\nIn a statement, the U.S. Trade Representative said its decision was “based on factors set out in the Federal Register and takes into account advice from advisory committees and public comments on the pertinent exclusion requests.”\n\n“As it has throughout the exclusion process, the U.S. Trade Representative will continue to issue decisions on pending requests on a periodic basis,” said the statement from Jeff Emerson, a USTR spokesman.\n\nThe global spread of the novel coronavirus is affecting many aspects of daily life and soon, that could include what's in your medicine cabinet. WSJ’s Charley Grant explains. Photo: Getty Images\n\nThe Journal reported last week that the USTR was granting tariff exemptions for face masks and other products hit by the most recent tranche of tariffs.\n\nWSJ Newsletter Get an early-morning coronavirus briefing each weekday, plus a health-news update Fridays: Sign up here.\n\nThe new exemptions, granted Thursday, are for items that were part of an earlier round of tariffs. Many of the companies that manufacture such devices submitted requests to the USTR last summer and fall, requesting relief from the tariffs for medical items. The USTR denied most of their requests within about a month.\n\nEven with about 60 of those decisions now reversed, tariffs remain on many medical items, including high-tech equipment and components to systems such as ultrasound machines, patient monitors, X-ray devices, defibrillators and electro cardiograms.\n\nThe reversals “effectively acknowledged that trade wars can endanger public health [but] covered only a handful of urgently needed products,” said Chad Bown , a senior fellow and trade policy expert at the Peterson Institute for International Economics.\n\nAn analysis from Mr. Bown, published on Friday, calculated that the Trump administration’s tariffs originally applied to about $5 billion of medical goods imported from China. Data on how much trade was covered by the exclusions granted on Thursday wasn’t immediately available.\n\n“Now that there are potential supply shortages globally, the U.S. health crisis demands that the administration comprehensively and permanently reverse these policies of self-harm,” Mr. Bown said.\n\nContinuing to maintain tariffs on medical supplies during a global pandemic is a poorly timed use of the trade powers, according to industry executives.\n\n“Obviously this is nuts,” said Ken Rogoff , a professor of public policy and economics at Harvard University, and a former chief economist at the International Monetary Fund.\n\n“This just isn’t the moment because we have the coronavirus, which cuts off world communication and trade more than any tariff is going to do,” said Mr. Rogoff. “The last thing on earth we need to do is add frictions to that.”\n\nTariffs on medical supplies right now are “a pressure. It’s a delicate balance and when you increase pressure it’s a risk to the health-care supply chain,” said Khatereh Calleja, the president of the Healthcare Supply Chain Association, in an interview on Thursday. “We would continue to encourage a review of the lit to make sure we’re not adding undue pressure.”\n\nThe USTR also issued exclusions for 11 items under the $120 billion fourth tranche of tariffs. Those included absorbent puppy pads, safety goggles and lens-cleaning wipes.\n\nChad Day contributed to this article.\n\nWrite to Josh Zumbrun at Josh.Zumbrun@wsj.com",
    "published": "2020-03-13"
  }
]