[
  {
    "source": "WSJ",
    "title": "Bets on 2020 Rebound in Global Growth Face Their First Test",
    "summary": "Investors will be eyeing figures for the services sector and the December jobs report",
    "link": "https://www.wsj.com/articles/bets-on-2020-rebound-in-global-growth-face-their-first-test-11578229200?mod=Searchresults_pos5&page=14",
    "content": "Data this week on the services sector and December hiring present the first major hurdle for stock markets in 2020 after a strong fourth quarter.\n\nExpectations that a phase-one trade agreement between the U.S. and China will boost global growth supported stocks around the world to close out last year. Driving bullish wagers on stocks is a belief that growth in China and other developing nations will accelerate following a stagnant year, boosting the world economy as long as activity in the U.S. stays steady.\n\nThe data will come after mixed purchasing managers index figures released Thursday signaled a slight expansion in global manufacturing activity in December. The JPMorgan Global Manufacturing PMI fell to 50.1 from 50.3 a month earlier, staying above the 50 level that separates expansion from contraction but halting a streak of four consecutive increases.\n\nFactory activity was better in the U.S. and China but stayed weak in Europe. A similar measure of service-sector activity is out Monday, with the December jobs data measuring the U.S. labor market due Friday.\n\nThe JPMorgan PMI reflected global activity in both manufacturing and services rose in October and November. The drop in the manufacturing index for December will increase scrutiny on future data points, with some analysts projecting positive returns for riskier investments tied to the world economy.\n\n“I do think we’re going to see some nice growth coming out of emerging markets,” said Kristina Hooper , chief global market strategist at Invesco.\n\nThe MSCI Emerging Markets Index rallied 11% in the fourth quarter, narrowing an outsize lead held by U.S. stocks, and some analysts expect momentum to shift back overseas. In another sign of increasing optimism about global growth, commodities critical to construction and transportation, such as oil and copper, surged in December. Prices of raw materials are closely tied to China, the world’s largest consumer of commodities.\n\nSHARE YOUR THOUGHTS What are your 2020 global growth predictions? Join the conversation below.\n\nPrivate and official gauges of Chinese manufacturing activity released last week reflected that activity continued to expand in December. That is an encouraging sign to economists after several months of contraction earlier in 2019.\n\nAnd the WSJ Dollar Index, which tracks the U.S. currency against a basket of 16 others, fell last week to its lowest level since March with overseas investments rebounding. A weaker greenback makes assets denominated in dollars cheaper to foreign buyers, which can support flows into risky corners of the market.\n\nThe dollar could swing following Friday’s U.S. hiring data, which come after employers added 266,000 jobs in November in the strongest showing for the labor market since January. Jobs grew by an average of 205,000 a month in the three months through November, a pickup from earlier in the year. The unemployment rate is at its lowest level in 50 years, and steady spending by consumers helped keep U.S. growth stable in 2019.\n\nNow, many investors are hopeful that easing trade uncertainty and lower interest rates will spur business investment and provide a fresh boost for markets.\n\n“Job growth, unemployment levels and consumer spending remain strong, which collectively are positive factors for our business,” said Herman Miller Inc. CEO Andi Owen on the company’s most recent earnings call in mid-December. Shares of the furniture seller rose 38% in 2019, despite sliding last month after the company reported a smaller-than-expected rise in quarterly sales.\n\nOther stocks sensitive to economic growth and tariffs have also been volatile in recent months, reflecting unease about the next steps in a U.S.-China trade deal. President Trump said last week that he will sign the initial agreement on Jan. 15 before traveling to Beijing for the next stage of talks.\n\nIf fresh trade uncertainty batters markets, some analysts think it would ding international stocks and commodities more than U.S. indexes, which have found steady support from stable domestic growth and supportive monetary policy from the Federal Reserve. But setbacks to the global economic outlook could make profit estimates for U.S.-based companies too optimistic for 2020. That would potentially challenge bullish investors following an extended period of lukewarm earnings data.\n\nGeopolitics also remain a concern. Stocks fell Friday after the U.S. ordered a strike that killed Iranian Maj. Gen. Qassem Soleimani on Iraqi soil, ratcheting up tensions in the Middle East.\n\nStill, global central banks have slashed borrowing costs and taken other steps in recent months to relieve pressure on the world economy. Chinese officials kicked off 2020 by signaling a tilt toward easier money with a reduction by half a percentage point of the portion of deposits that commercial banks are required to set aside as reserves.\n\n“I remain optimistic because of monetary policy,” Invesco’s Ms. Hooper said.\n\nWrite to Amrith Ramkumar at amrith.ramkumar@wsj.com",
    "published": "2020-01-05"
  },
  {
    "source": "WSJ",
    "title": "Trade War Dents China’s Attendance at World’s Biggest Electronics Show",
    "summary": "Chinese exhibit space at CES is projected to drop 5% to 6% compared with 2019",
    "link": "https://www.wsj.com/articles/trade-war-dents-chinas-attendance-at-worlds-biggest-electronics-show-11578236401?mod=Searchresults_pos13&page=15",
    "content": "‘A trade war is bad for both countries,’ said the CES organizer, the Consumer Technology Association.\n\nBEIJING—The expanding U.S.-China rivalry in the world of technology is set to be put on full display this week, with a smaller Chinese presence expected in Las Vegas for CES, the world’s biggest consumer-electronics exhibition.\n\nChinese exhibit space at the annual show is projected to be down 5% to 6% compared with last year, event organizers said. The event on Jan. 7 to Jan. 10 could also see a downtick in overall Chinese exhibitors, since 1,120 attended last year, but only 1,097 Chinese companies were listed on the 2020 directory as of Saturday.\n\nOne of those companies listed on the directory said it wouldn’t show up. A spokesman for Suning, a major Chinese electronics and appliance retailer akin to Best Buy Co., said neither its Chinese nor its U.S. team would attend, even if it had already booked the space. Suning last year had a big booth that showcased shopping technology. The spokesman declined to elaborate on why the company is skipping the event.\n\nThe drop-off in Chinese participation at CES is a reversal from years past. In 2018, the exhibition had 15,383 attendees from China, the country’s highest reported attendance ever. At the time, some attendees jokingly referred to CES, formerly known as the Consumer Electronics Show, as the “Chinese Electronics Show.” But attendance from China dropped to 12,839 in 2019, according to the official show audit.\n\nThe organizer of CES, the Consumer Technology Association, declined to make executives available for an interview. It said that all major Chinese exhibitors from 2019 were returning this year, and that the only notable area of decline in Chinese attendance was for the show’s Design and Source exhibition, which focuses on designing, supplying and packaging.\n\n“A trade war is bad for both countries,” the trade group said. “CTA continues to work with Congress and the administration to reach an agreement with China that eliminates tariffs and addresses China’s trading practices.”\n\nChina’s more muted presence in Las Vegas is the latest sign that the world’s two largest economies are increasingly going their own way, particularly in the technology realm.\n\nIn an interview with The Wall Street Journal, Huawei’s Ren Zhengfei discusses how his company will navigate the trade war, concerns over whether its equipment could be used to spy for Beijing and his road trip across America. Photo: Anthony Kwan for The Wall Street Journal\n\nThe U.S. has stepped up its scrutiny of China in many ways, slowing the approval process for American semiconductor companies looking to hire Chinese nationals as engineers and raising warnings about Bytedance Inc., the Chinese company behind the hit video-sharing app TikTok, citing national-security concerns.\n\nChina, meantime, has decried U.S. attempts to restrict its companies from operating world-wide, even as it accelerates efforts to replace foreign technology products with ones made domestically.\n\nLast year, Huawei Technologies Co. built a smartphone entirely without U.S. chips after Washington stepped up a campaign to restrict American suppliers from selling it parts.\n\nBoth U.S. and Chinese businesses have been reluctant to speak publicly about the bilateral tensions, fearing a backlash from governments, business partners and customers. But privately, some Chinese companies said the heightened geopolitical tensions had contributed to their decision to skip CES, which can cost hundreds of thousands of dollars in fees and travel expenses.\n\nMany Chinese companies will continue to appear at CES, including electronics and appliance brands TCL and Hisense, as well as Huawei, the giant maker of cellular-tower equipment and smartphones that has become a bone of contention between Washington and Beijing.\n\nSHARE YOUR THOUGHTS Do you think the U.S.-China trade war is causing harm to advancements in technology? Why or why not? Join the conversation below.\n\nThe U.S. has launched a global campaign to block Huawei from winning contracts world-wide, particularly in allied countries, claiming that Beijing could order Huawei to spy or conduct cyberattacks. Huawei denies the allegations and says it operates independently of the Chinese government.\n\nHuawei’s smartphones and other electronic devices are effectively barred from the U.S. Under political pressure, major wireless carriers and major retailers, such as Best Buy, don’t sell Huawei devices.\n\nTwo years ago at CES, Huawei was abandoned by AT&T Inc. after the carrier reneged on a deal to sell Huawei phones just days before the exhibition was to begin.\n\nDespite the cold shoulder from the U.S., a Huawei spokesman said the company would use the exhibition to showcase its consumer products to a global audience.\n\n“CES is a global technology show and Huawei, as a global technology leader, will use the opportunity to present its flagship consumer products, including smartphones, tablets and laptops, to the global marketplace,” he said.\n\nShenzhen Augmented Reality Technologies Co. Ltd., a Chinese maker of augmented-reality glasses, is spending nearly $160,000 to send 12 of its 60 employees to Las Vegas to operate a 1,000 square-foot booth. The company’s chief executive, Su Bo, said the U.S.-China battle doesn’t affect his business.\n\n“Because we are going to launch our products in overseas markets this year, mainly in Europe, the U.S., Japan and South Korea, [attending CES] builds up our international brand image,” Mr. Su said. “We are not going to sell products at the CES, but hope to connect with more overseas dealers and agencies.”\n\nBut Mr. Su added that he knows of a Chinese friend who is skipping this year’s show as a result of the elevated tensions.\n\nRaffaele Huang and Stu Woo contributed to this article.",
    "published": "2020-01-05"
  },
  {
    "source": "WSJ",
    "title": "Bets on 2020 Rebound in Global Growth Face Their First Test",
    "summary": "Investors will be eyeing figures for the services sector and the December jobs report",
    "link": "https://www.wsj.com/articles/bets-on-2020-rebound-in-global-growth-face-their-first-test-11578229200?mod=Searchresults_pos6&page=14",
    "content": "Data this week on the services sector and December hiring present the first major hurdle for stock markets in 2020 after a strong fourth quarter.\n\nExpectations that a phase-one trade agreement between the U.S. and China will boost global growth supported stocks around the world to close out last year. Driving bullish wagers on stocks is a belief that growth in China and other developing nations will accelerate following a stagnant year, boosting the world economy as long as activity in the U.S. stays steady.\n\nThe data will come after mixed purchasing managers index figures released Thursday signaled a slight expansion in global manufacturing activity in December. The JPMorgan Global Manufacturing PMI fell to 50.1 from 50.3 a month earlier, staying above the 50 level that separates expansion from contraction but halting a streak of four consecutive increases.\n\nFactory activity was better in the U.S. and China but stayed weak in Europe. A similar measure of service-sector activity is out Monday, with the December jobs data measuring the U.S. labor market due Friday.\n\nThe JPMorgan PMI reflected global activity in both manufacturing and services rose in October and November. The drop in the manufacturing index for December will increase scrutiny on future data points, with some analysts projecting positive returns for riskier investments tied to the world economy.\n\n“I do think we’re going to see some nice growth coming out of emerging markets,” said Kristina Hooper , chief global market strategist at Invesco.\n\nThe MSCI Emerging Markets Index rallied 11% in the fourth quarter, narrowing an outsize lead held by U.S. stocks, and some analysts expect momentum to shift back overseas. In another sign of increasing optimism about global growth, commodities critical to construction and transportation, such as oil and copper, surged in December. Prices of raw materials are closely tied to China, the world’s largest consumer of commodities.\n\nSHARE YOUR THOUGHTS What are your 2020 global growth predictions? Join the conversation below.\n\nPrivate and official gauges of Chinese manufacturing activity released last week reflected that activity continued to expand in December. That is an encouraging sign to economists after several months of contraction earlier in 2019.\n\nAnd the WSJ Dollar Index, which tracks the U.S. currency against a basket of 16 others, fell last week to its lowest level since March with overseas investments rebounding. A weaker greenback makes assets denominated in dollars cheaper to foreign buyers, which can support flows into risky corners of the market.\n\nThe dollar could swing following Friday’s U.S. hiring data, which come after employers added 266,000 jobs in November in the strongest showing for the labor market since January. Jobs grew by an average of 205,000 a month in the three months through November, a pickup from earlier in the year. The unemployment rate is at its lowest level in 50 years, and steady spending by consumers helped keep U.S. growth stable in 2019.\n\nNow, many investors are hopeful that easing trade uncertainty and lower interest rates will spur business investment and provide a fresh boost for markets.\n\n“Job growth, unemployment levels and consumer spending remain strong, which collectively are positive factors for our business,” said Herman Miller Inc. CEO Andi Owen on the company’s most recent earnings call in mid-December. Shares of the furniture seller rose 38% in 2019, despite sliding last month after the company reported a smaller-than-expected rise in quarterly sales.\n\nOther stocks sensitive to economic growth and tariffs have also been volatile in recent months, reflecting unease about the next steps in a U.S.-China trade deal. President Trump said last week that he will sign the initial agreement on Jan. 15 before traveling to Beijing for the next stage of talks.\n\nIf fresh trade uncertainty batters markets, some analysts think it would ding international stocks and commodities more than U.S. indexes, which have found steady support from stable domestic growth and supportive monetary policy from the Federal Reserve. But setbacks to the global economic outlook could make profit estimates for U.S.-based companies too optimistic for 2020. That would potentially challenge bullish investors following an extended period of lukewarm earnings data.\n\nGeopolitics also remain a concern. Stocks fell Friday after the U.S. ordered a strike that killed Iranian Maj. Gen. Qassem Soleimani on Iraqi soil, ratcheting up tensions in the Middle East.\n\nStill, global central banks have slashed borrowing costs and taken other steps in recent months to relieve pressure on the world economy. Chinese officials kicked off 2020 by signaling a tilt toward easier money with a reduction by half a percentage point of the portion of deposits that commercial banks are required to set aside as reserves.\n\n“I remain optimistic because of monetary policy,” Invesco’s Ms. Hooper said.\n\nWrite to Amrith Ramkumar at amrith.ramkumar@wsj.com",
    "published": "2020-01-05"
  },
  {
    "source": "WSJ",
    "title": "Trade War Dents China’s Attendance at World’s Biggest Electronics Show",
    "summary": "Chinese exhibit space at CES is projected to drop 5% to 6% compared with 2019",
    "link": "https://www.wsj.com/articles/trade-war-dents-chinas-attendance-at-worlds-biggest-electronics-show-11578236401?mod=Searchresults_pos13&page=15",
    "content": "‘A trade war is bad for both countries,’ said the CES organizer, the Consumer Technology Association.\n\nBEIJING—The expanding U.S.-China rivalry in the world of technology is set to be put on full display this week, with a smaller Chinese presence expected in Las Vegas for CES, the world’s biggest consumer-electronics exhibition.\n\nChinese exhibit space at the annual show is projected to be down 5% to 6% compared with last year, event organizers said. The event on Jan. 7 to Jan. 10 could also see a downtick in overall Chinese exhibitors, since 1,120 attended last year, but only 1,097 Chinese companies were listed on the 2020 directory as of Saturday.\n\nOne of those companies listed on the directory said it wouldn’t show up. A spokesman for Suning, a major Chinese electronics and appliance retailer akin to Best Buy Co., said neither its Chinese nor its U.S. team would attend, even if it had already booked the space. Suning last year had a big booth that showcased shopping technology. The spokesman declined to elaborate on why the company is skipping the event.\n\nThe drop-off in Chinese participation at CES is a reversal from years past. In 2018, the exhibition had 15,383 attendees from China, the country’s highest reported attendance ever. At the time, some attendees jokingly referred to CES, formerly known as the Consumer Electronics Show, as the “Chinese Electronics Show.” But attendance from China dropped to 12,839 in 2019, according to the official show audit.\n\nThe organizer of CES, the Consumer Technology Association, declined to make executives available for an interview. It said that all major Chinese exhibitors from 2019 were returning this year, and that the only notable area of decline in Chinese attendance was for the show’s Design and Source exhibition, which focuses on designing, supplying and packaging.\n\n“A trade war is bad for both countries,” the trade group said. “CTA continues to work with Congress and the administration to reach an agreement with China that eliminates tariffs and addresses China’s trading practices.”\n\nChina’s more muted presence in Las Vegas is the latest sign that the world’s two largest economies are increasingly going their own way, particularly in the technology realm.\n\nIn an interview with The Wall Street Journal, Huawei’s Ren Zhengfei discusses how his company will navigate the trade war, concerns over whether its equipment could be used to spy for Beijing and his road trip across America. Photo: Anthony Kwan for The Wall Street Journal\n\nThe U.S. has stepped up its scrutiny of China in many ways, slowing the approval process for American semiconductor companies looking to hire Chinese nationals as engineers and raising warnings about Bytedance Inc., the Chinese company behind the hit video-sharing app TikTok, citing national-security concerns.\n\nChina, meantime, has decried U.S. attempts to restrict its companies from operating world-wide, even as it accelerates efforts to replace foreign technology products with ones made domestically.\n\nLast year, Huawei Technologies Co. built a smartphone entirely without U.S. chips after Washington stepped up a campaign to restrict American suppliers from selling it parts.\n\nBoth U.S. and Chinese businesses have been reluctant to speak publicly about the bilateral tensions, fearing a backlash from governments, business partners and customers. But privately, some Chinese companies said the heightened geopolitical tensions had contributed to their decision to skip CES, which can cost hundreds of thousands of dollars in fees and travel expenses.\n\nMany Chinese companies will continue to appear at CES, including electronics and appliance brands TCL and Hisense, as well as Huawei, the giant maker of cellular-tower equipment and smartphones that has become a bone of contention between Washington and Beijing.\n\nSHARE YOUR THOUGHTS Do you think the U.S.-China trade war is causing harm to advancements in technology? Why or why not? Join the conversation below.\n\nThe U.S. has launched a global campaign to block Huawei from winning contracts world-wide, particularly in allied countries, claiming that Beijing could order Huawei to spy or conduct cyberattacks. Huawei denies the allegations and says it operates independently of the Chinese government.\n\nHuawei’s smartphones and other electronic devices are effectively barred from the U.S. Under political pressure, major wireless carriers and major retailers, such as Best Buy, don’t sell Huawei devices.\n\nTwo years ago at CES, Huawei was abandoned by AT&T Inc. after the carrier reneged on a deal to sell Huawei phones just days before the exhibition was to begin.\n\nDespite the cold shoulder from the U.S., a Huawei spokesman said the company would use the exhibition to showcase its consumer products to a global audience.\n\n“CES is a global technology show and Huawei, as a global technology leader, will use the opportunity to present its flagship consumer products, including smartphones, tablets and laptops, to the global marketplace,” he said.\n\nShenzhen Augmented Reality Technologies Co. Ltd., a Chinese maker of augmented-reality glasses, is spending nearly $160,000 to send 12 of its 60 employees to Las Vegas to operate a 1,000 square-foot booth. The company’s chief executive, Su Bo, said the U.S.-China battle doesn’t affect his business.\n\n“Because we are going to launch our products in overseas markets this year, mainly in Europe, the U.S., Japan and South Korea, [attending CES] builds up our international brand image,” Mr. Su said. “We are not going to sell products at the CES, but hope to connect with more overseas dealers and agencies.”\n\nBut Mr. Su added that he knows of a Chinese friend who is skipping this year’s show as a result of the elevated tensions.\n\nRaffaele Huang and Stu Woo contributed to this article.",
    "published": "2020-01-05"
  },
  {
    "source": "WSJ",
    "title": "Tech Will Rule These ’20s, Too",
    "summary": "Breakthroughs in health and data could match the consumer boom of 100 years ago.",
    "link": "https://www.wsj.com/articles/tech-will-rule-these-20s-too-11578262248?mod=Searchresults_pos8&page=14",
    "content": "Does history rhyme? A century ago, the ’20s boomed, driven by consumer spending on homes, cars, radios and newfangled appliances like refrigerators, sewing machines and vacuum cleaners. Most Americans couldn’t afford the upfront cost of a lot of these goods, so manufacturers and retailers invented installment plans. Debt ruled as 75% of cars, furniture and washing machines were bought on credit.\n\nThe supply-side policies of Treasury Secretary Andrew Mellon , who pushed for tax cuts in 1921, 1924 and 1926, increased the capital available for new consumer businesses. The consumption boom also sparked a giant service industry: My grandfather ran Kessler’s Refrigeration Service in Brooklyn, N.Y. Lifestyle advertising was perfected on billboards and in tabloids, which, like today, led to complaints about ads’ ubiquity and influence.\n\nAnd stocks were hot, hot, hot. Radio Corp. of America shares were worth $11 in 1924, $20 in January 1928 and $114 in 1929, with a peak price/earnings ratio of 72. Turns out equities could be bought on installment too—sometimes a margin loan with a measly 10% down payment.\n\nLike the movie “Titanic,” you know how this ends. Speculation. Tariffs. And finally, the crash of Oct. 28-29, where the market dropped 13% on Black Monday and 12% on Black Tuesday, triggering widespread margin calls for debt repayment. That risk is why the Federal Reserve now caps stock margins at 50%. According to legend, it’s also why windows in New York skyscrapers don’t open. By 1932, RCA stock was worth $3.\n\nSo what’s next? My fundamental rule for finding growth trends is that you need to see viable technologies today, and then predict which ones will get cheaper and better over time. Microprocessors, storage, bandwidth—all still going strong after half a century.\n\nThe fundamental building block of the 2020s will be artificial intelligence, particularly machine learning. Better to ask what it won’t change this decade. The artificial neural networks that made face and voice recognition viable were the low-hanging fruit. Now chips tailor-made for machine learning are increasing speed and cutting costs. A recent Stanford report suggests that the power behind the most advanced AI computations is doubling nearly every three months, outpacing Moore’s Law by a factor of six.\n\nGrowth often appears in discarded markets. I thought Theranos would set back cheap blood testing for a long time. But the Israeli company Sight Diagnostics samples two drops of blood and takes 1,000 digital images at varying illumination, then uses machine learning to identify levels of blood cells, platelets, hemoglobin. Sight CEO Yossi Pollak says they can identify malaria and perhaps “features relevant to diagnosing certain cancers.”\n\nDigital means cheaper, quickly. I got an allergy test recently; a technician wrote the numbers 1 through 60 on my back and pricked me with different grasses and dust mites to see what flared up. Barbaric—was he planning to apply leeches next? AI and digital imaging might soon spare us such indignities.\n\nLast decade brought us Crispr gene-editing technology using Cas9 proteins. That may soon enable immunotherapy and wipe out inherited diseases like sickle-cell anemia. But this decade may be about using the same technology with another type of protein, Cas13, to detect and inhibit RNA viruses. That would be a huge step toward fighting everything from the common flu to epidemic outbreaks. A digital blood test might spot a virus, and Cas13 might kill it.\n\nEveryone knows 5G for wireless smartphones will be a bandwidth bonanza. But what 5G technology might also roll out on premises, meaning corporate and even home networks—you roll your own. And 5G makes much better use of spectrum, so it’s maybe five times cheaper than wasteful Wi-Fi, which may eventually be put to bed.\n\nThere’s a saying in Silicon Valley that “intelligence moves to the edge” of the network. Last decade was much about centralizing data in the hands of Google or Facebook or Amazon. But cheap networked devices will, for example, capture weather data and moisture in crop fields or traffic movement in cities. This coming network is sometimes called the Internet of Things but I hate that name. How about “World’s Edge,” or “Wedgie” for short? AI will crunch all that data and find useful patterns to enhance productivity, from factories to aircraft to irrigation.\n\nThen there’s the huge financial migration. Baby boomers hold some $68 trillion, about $15 trillion of which will move to their heirs this decade—a big payday for those spendthrift millennials.\n\nOther predictions? Maybe we’ll get real digital education, with online instruction and on-hand tutors, though teachers unions are a roadblock. Construction materials made by 3-D printers will be a hotter industry than fake meat. And I expect zero-carbon nuclear reactors to make a political comeback. But long-anticipated fusion energy is still 10 years away—as it was 10 years ago.\n\nHow will all this fun end? Same as always: debt. Stock margins may be 50%, but who knows what lurks inside leveraged loans, let alone the multitrillion-dollar global shadow-banking and repo markets? I hope hiccups wait until October 2029.\n\nWrite to kessler@wsj.com.\n\nKim Strassel, Jason Willick, Kyle Peterson and Dan Henninger guess what's about to happen. Image: Brendan Smialowski/Getty Images",
    "published": "2020-01-05"
  },
  {
    "source": "WSJ",
    "title": "Antibiotic Makers Struggle, Hurting War on Superbugs",
    "summary": "Commercial prospects dim as doctors prescribe new drugs sparingly; some companies run out of cash",
    "link": "https://www.wsj.com/articles/antibiotic-makers-find-rewards-for-tackling-superbugs-are-scarce-11578259557?mod=Searchresults_pos10&page=15",
    "content": "The world desperately needs new antibiotics to tackle the rising threat of drug-resistant superbugs, but there is little reward for doing so.\n\nInstead, the companies that have stepped up to the challenge are going bust.\n\nMakers of newly approved antibiotic drugs are struggling to generate sales because doctors prescribe the treatments sparingly. The new drugs compete with older, cheaper products, and patients typically take them for only a week or two at a time.\n\nOne of America’s biggest antibiotics specialists, Melinta Therapeutics Inc., filed for bankruptcy in late December, citing slow sales growth and high costs. Its collapse followed that of Achaogen Inc. in April, less than a year after it launched a new antibiotic for difficult-to-treat urinary-tract infections. Other makers might soon face a similar fate, saying their cash will run out before the end of 2020. “We don’t know the fate of those drugs for our patients,” said Helen Boucher , chief of infectious diseases at Tufts Medical Center in Boston. “As a physician, that’s my biggest concern.”\n\nAchaogen’s Zemdri drug was sold for about $16 million, a fraction of the roughly $300 million spent developing it. The lack of return is already causing some companies to rethink their antibiotics research—and prompting calls from investors, executives and doctors for an overhaul of how antibiotics are paid for. “We got everything right, and it still didn’t work,” said Ryan Cirz , who led research at Achaogen.\n\nInvestors warmed to antibiotics companies in recent years, partly thanks to a big push by the U.S. government to reinvigorate research after most large pharmaceutical companies abandoned the area. Since 2010, it has provided more than $1 billion to support drug development. A 2012 law made it easier to win regulatory approval and granted patent extensions for antibiotics that addressed the biggest public-health threats.\n\nA spate of deals, including Merck & Co.’s $8 billion purchase of antibiotics developer Cubist, boosted investor interest. But most small companies weren’t acquired, and they are home to more than 90% of antibiotics under development, according to research by the Pew Charitable Trusts. Once their new drugs hit the market—a moment most companies would cheer—they are on their own to fund sales and marketing costs, with far less revenue than their peers.\n\nMakers of new antibiotics don’t expect their products to generate the billion-dollar-plus revenues that some of their predecessors enjoyed. Antibiotics are now used more carefully than in the past, as doctors became aware that overuse accelerated the development of drug resistance in bacteria.\n\nTo be a commercial success, a new antibiotic would need to make at least $300 million a year at peak, said Patrick Heron , general partner at venture-capital firm Frazier Healthcare Partners, which has invested in several antibiotic companies. That is modest compared with the $1 billion-plus in annual revenue expected of a successful drug in other parts of the industry, but far more than new antibiotics typically make currently.\n\nNew antibiotics struggle to make headway in part because hospitals are incentivized to choose the lower-priced option. Insurers pay hospitals a fixed fee for treating a patient with an infection, regardless of which drugs are used. While new antibiotics cost much less than new drugs for cancer or heart disease—typically a few thousand dollars for a course of treatment—they compete with older antibiotics that cost just a few dollars per dose.\n\n“What wasn’t predicted was how little new antibiotics, once they reached the market, would be used, and how much hospitals and providers would stick to the existing generic products,” Mr. Heron said. He said he wouldn’t make any new investments in antibiotics companies until the market changes.\n\nDrug pricing is complicated and secretive. WSJ explains how the flow of money, drugs and rebates behind the scenes may drive up the price of prescription medicine for consumers. Illustration: Mallory Brangan\n\nDim commercial prospects for new antibiotics are at odds with their value to society, as bacteria and fungi develop new mechanisms to overcome older drugs. Superbugs now kill more than 35,000 people a year in the U.S. and sicken 2.8 million, according to a recent report from the Centers for Disease Control and Prevention.\n\nPoor returns are taking a toll on research. Tetraphase Pharmaceuticals Inc. in 2019 cut all its research programs, to funnel cash into launching its only approved drug. The company says it has enough cash only until the third quarter of 2020 and is seeking a loan to remain afloat longer.\n\nSHARE YOUR THOUGHTS What actions might governments or businesses take to encourage the development of antibiotics? Join the conversation below.\n\nWashington has taken notice of the problem, but near-term action remains unlikely. The Disarm Act, short for Developing an Innovative Strategy for Antimicrobial Resistant Microorganisms and introduced in Congress in 2019, would have Medicare pay for certain antibiotics in full. Despite bipartisan support for the bill, executives worry its progress could be hindered by impeachment proceedings and the coming election.\n\nSuch a change in payment practices would have an “immediate, positive impact,” said Ted Schroeder , chief executive of Nabriva Therapeutics PLC, which makes an antibiotic for pneumonia. If it doesn’t happen this year, he said, “it’s a pretty bleak future.” Nabriva says it has enough cash to last until the fourth quarter of 2020.\n\nMr. Schroeder and others say the Disarm Act would be an important step but more measures are needed to address the deeper issue—that new antibiotics are being prescribed sparingly.\n\nPotential fixes include a Netflix-style drug subscription model, which would pay companies for access to their drugs regardless of the number of doses used. The U.K. plans on piloting such a system in 2020. Another idea is a “market entry reward,” a one-time sum paid to companies that launch a new antibiotic.\n\nBut for now, these potential changes are hypothetical. “The longer we wait for a sustainable solution, the more companies will die, and the more the earlier pipeline will degrade,” said Kevin Outterson , professor of law specializing in the antibiotics market at Boston University. “That’s my real fear.”\n\nHealth News in Your Inbox Get a curated weekly look at features, columns and headlines on personal health and the health industry. Sign up.\n\nWrite to Denise Roland at Denise.Roland@wsj.com",
    "published": "2020-01-05"
  }
]