[
  {
    "source": "WSJ",
    "title": "Can Solar Power Compete With Coal? In India, It’s Gaining Ground",
    "summary": "Electricity from sunlight costs less, a hopeful sign for developing nations building out their power grids",
    "link": "https://www.wsj.com/articles/solar-power-is-beginning-to-eclipse-fossil-fuels-11581964338?mod=Searchresults_pos9&page=18",
    "content": "BHADLA, India—In a dusty northwest India desert dotted with cows and the occasional camel, a solar-power plant is producing some of the world’s cheapest energy.\n\nBuilt in 2018 by India’s Acme Solar Holdings Ltd., it can generate 200 megawatts of electricity, enough to power all the homes in a middle-size U.S. town. Acme sells the electricity to distributors for 2.44 rupees (3.4 cents) a kilowatt-hour, a record low for solar power in India, a country that data trackers say has the world’s cheapest solar energy.\n\nMore remarkable, the power costs less to generate in India than the cheapest competing fossil fuel—coal—even with subsidies removed and the cost of construction and financing figured in, according to the Indian government and industry trackers.\n\nPrice-conscious Indian utilities are eager to snap up that power. “We are infamous for low cost,” says Sandeep Kashyap , Acme’s president.\n\nSolar power has entered a new global era. The industry was long dependent on subsidies and regulatory promotions. Now, technological innovation and falling solar-panel prices have made solar power inexpensive enough to compete on its own with other fuel sources in some regions, when it comes to newly built plants. That could turbocharge growth of renewables in the global energy industry, especially in fast-growing Asian markets where much of the world’s energy infrastructure expansion will take place.\n\nAsia Boost\n\nSolar's biggest growth is expected to come in Asia, where two-thirds of the world's energy-demand growth will be.\n\nSolar capacity growth by country and region\n\nTotal: 317 gigawatts 20 Others 31 North America 50 Europe Total: 142 gigawatts 62 Rest of Asia Pacific 6 20 27 154 China 41 49 2013-2018 2019-2024*\n\nGovernments in many solar markets—including China, the biggest—are phasing out or reducing supports. Solar-plant development is going mainstream, with finance provided by global investors like Goldman Sachs Group Inc., Singaporean sovereign-wealth fund GIC and huge Western pension and private-equity funds.\n\nSo far, the renewable-energy push hasn’t halted the growth of global energy emissions. But the success of countries like India in feeding their rising power demands with clean energy will still be key to blunting the growth of global challenges like pollution and climate change.\n\nThe price declines in solar panels and the power they produce are jolting the industry. In the past decade, solar has grown from less than 1% of the world’s electric-power capacity to an estimated 9% by the end of this year, according to the International Energy Agency, an intergovernmental organization focused on energy policy. By 2040, the IEA expects that to grow to 24%, which would make solar the largest single energy source.\n\nIndia is at the forefront of the trend, with a cost of building solar capacity that has dropped 84% in eight years, according to the International Renewable Energy Agency, an intergovernmental organization focused on renewable energy. Other countries are close behind, with costs falling fast in Australia and China.\n\nA solar-panel production line in China. Photo: china stringer network/Reuters\n\nIndia has increased the amount of solar power it has installed 10-fold in the past five years, to 32 gigawatts, and the government is hoping to triple that in the next few years—one of the fastest paces of growth anywhere. India’s prime minister last year said he wants 450 gigawatts of renewable energy including solar installed by 2030.\n\nIf India manages that, which many analysts say is a real stretch, it would account for nearly all the additional electric capacity the country’s Central Electricity Authority has projected it would add by then, and more than the country’s total from all power sources now. India has pledged as a climate goal that 40% of its electric capacity will come from non-fossil fuels by 2030; the latest renewable targets would likely put that percentage at over half.\n\nCheaper than coal\n\nIn 2018, India’s “levelized” cost of solar-power generation—an analysis removing the impact of direct subsidies and figuring in the costs of construction and financing for a new plant—fell to 14% below that of coal, the first time anywhere in the world that generating solar was cheaper than coal on that basis, according to international energy consulting firm Wood Mackenzie.\n\nIndia’s national energy plan doesn’t anticipate construction of new coal power plants for at least several years. Even state-controlled Coal India, one of the world’s largest coal-producing companies, in November said it planned a pilot solar project as it navigated a future with less coal.\n\nAcross Asia, a region expected to account for two-thirds of the world’s new power demand during the next two decades, price declines will make wind and solar combined 17% cheaper than coal by 2030 on a levelized basis, says Wood Mackenzie. In India, solar generation will be almost 50% cheaper, it projects.\n\n“This is a revolution in power generation costs,” says Wood Mackenzie analyst Alex Whitworth . “What it means is there will be a lot more solar investment in India, and in countries like India.”\n\nBalance of Power\n\nThe cost of building a solar plant has fallen dramatically—especially in India, where solar is now the cheapest source of power.\n\nCost of power,* solar vs. fossil fuels Installed cost of utility-scale solar, weighted average Solar $5,000 per kilowatt India Cheapest fossil fuel† U.S. Australia 4,000 China Thailand 3,000 Singapore Philippines Vietnam 2,000 Taiwan U.S. South Korea Global average 1,000 Malaysia India Indonesia Japan 0 $0 50 100 150 2010 ’11 ’12 ’13 ’14 ’15 ’16 ’17 ’18 per megawatt hour Installed cost of utility-scale solar, weighted average Cost of power,* solar vs. fossil fuels Solar $5,000 per kilowatt India Cheapest fossil fuel† U.S. Australia 4,000 China Thailand 3,000 Singapore Philippines Vietnam 2,000 Taiwan U.S. South Korea Global average 1,000 Malaysia Indonesia India Japan 0 $0 50 100 150 2010 ’11 ’12 ’13 ’14 ’15 ’16 ’17 ’18 per megawatt hour Installed cost of utility-scale solar, weighted average Cost of power,* solar vs. fossil fuels Solar $5,000 per kilowatt India Cheapest fossil fuel† U.S. Australia 4,000 China Thailand 3,000 Singapore Philippines Vietnam 2,000 Taiwan U.S. South Korea Global average 1,000 Malaysia Indonesia India Japan 0 $0 50 100 150 2010 ’12 ’14 ’16 ’18 per megawatt hour Installed cost of utility-scale solar, weighted average $6,000 per kilowatt 4,000 2,000 U.S. Global average India 0 2010 ’11 ’12 ’13 ’14 ’15 ’16 ’17 ’18 Cost of power,* solar vs. fossil fuels Solar India Cheapest fossil fuel† U.S. Australia China Thailand Singapore Philippines Vietnam Taiwan South Korea Malaysia Indonesia Japan $0 50 100 150 per megawatt hour\n\nSolar’s big problem: It generates power only when the sun shines. Wind power, similarly, works only with wind. So displacing fossil fuels could require cheaper ways to store energy. And the more renewables in the power-transmission grid, the more the grid will need to be rebuilt to accommodate those special characteristics.\n\nShare Your Thoughts Can renewable energy sources such as solar and wind replace fossil fuels for power where you live? Join the conversation below.\n\nThat inefficiency is why the IEA forecasts the amount of power solar generates to rise to only 11% of the world’s total by 2040, around half that of coal or natural gas.\n\nIn India, which has some of the world’s best conditions for generating solar power, the mismatch is pronounced because demand for electricity swells after people go home and switch on air conditioners in the evening, when solar plants aren’t working.\n\nMeanwhile, countries like India have made massive investments in coal-fired plants they can’t afford to simply scrap. Coal still provides two-thirds of India’s power. Coal shipments also underpin profits at the nation’s biggest employer, the railways.\n\nAs Indian solar developers push prices down, the thin margins for many are being pummeled by challenges ranging from an economic slowdown and tighter domestic financing conditions to power distributors that aren’t paying bills and squatters refusing to move off land slated for development.\n\nDuring the past two years, the pace of solar development in India slowed. Although installations are expected to pick back up this year, many analysts and industry leaders now expect India won’t hit its aggressive solar goals.\n\n‘Low-hanging fruit’\n\nChallenges will likely multiply when solar power in India’s grid rises from the current 9% to around 20% or 30%—a level at which it may start replacing conventional power plants, say experts like Rahul Tongia , a fellow at the India arm of think tank Brookings Institution.\n\nHot and Cold\n\nThe world is expected to install lots of solar-power capacity... Solar plants produce power only when the sun is shining, not when Indian electricity demand spikes in the evening. Electricity generation in India by source, average day, February 2019 Global installed capacity by source 4,000 gigawatts 200 gigawatts Estimates Daytime Solar 3,000 Gas Coal 2,000 Wind Hydro 150 1,000 Renewables* Nuclear Hydro Nuclear Oil 0 Gas 2018 ’20 ’30 ’40 ...but it probably won't produce as much power as from fossil fuels. 100 Global electricity generation by source 12,500 terawatt hour Estimates Coal Coal 10,000 Gas 50 7,500 Hydro Wind 5,000 Solar Nuclear 2,500 Oil 0 0 0 2 4 6 8 10 noon 14 16 18 20 22 24 2018 ’20 ’30 ’40 Time of day The world is expected to install lots of solar-power capacity... Solar plants produce power only when the sun is shining, not when Indian electricity demand spikes in the evening. Electricity generation in India by source, average day, February 2019 Global installed capacity by source 4,000 gigawatts 200 gigawatts Daytime Estimates Solar 3,000 Gas Coal 2,000 Wind Hydro 150 1,000 Renewables* Nuclear Hydro Nuclear Oil 0 Gas 2018 ’20 ’30 ’40 ...but it probably won't produce as much power as from fossil fuels. 100 Global electricity generation by source 12,500 terawatt hour Estimates Coal Coal 10,000 Gas 50 7,500 Hydro Wind 5,000 Solar Nuclear 2,500 Oil 0 0 0 2 4 6 8 10 noon 14 16 18 20 22 24 2018 ’20 ’30 ’40 Time of day Solar plants produce power only when the sun is shining not when Indian electricity demand spikes in the evening. The world is expected to install lots of solar-power capacity... Electricity generation in India by source, average day, February 2019 Global installed capacity by source 4,000 gigawatts 200 gigawatts Daytime Estimates Solar 3,000 Gas Coal 2,000 Wind Hydro 150 1,000 Renewables* Nuclear Nuclear Oil Hydro 0 Gas 2018 ’20 ’30 ’40 ...but it probably won't produce as much power as from fossil fuels. 100 Global electricity generation by source 12,500 terawatt hour Estimates Coal Coal 10,000 Gas 50 7,500 Hydro Wind 5,000 Solar Nuclear 2,500 Oil 0 0 0 6 noon 18 24 2018 ’20 ’30 ’40 Time of day Solar plants produce power only when the sun is shining, not when Indian electricity demand spikes in the evening. Electricity generation in India by source, average day, February 2019 200 gigawatts Daytime Renewables* 150 Nuclear Hydro Gas 100 Coal 50 0 0 6 noon 18 24 Time of day The world is expected to install lots of solar-power capacity... Global installed capacity by source 4,000 gigawatts Estimates Solar 3,000 Gas Coal 2,000 Wind Hydro 1,000 Nuclear Oil 0 2018 ’20 ’30 ’40 ....but it probably won't produce as much power as from fossil fuels. Global electricity generation by source 12,500 terawatt hour Estimates Coal 10,000 Gas 7,500 Hydro Wind 5,000 Solar Nuclear 2,500 Oil 0 2018 ’20 ’30 ’40\n\n“What happens after that point when the low-hanging fruit is done?” says Mr. Tongia.\n\nIndia’s solar push started in 2010, when its government outlined plans for a modest boost in capacity during the next decade. Solar was a good fit for India’s growing energy needs. Plants are easy to build—essentially solar panels lined up in racks—and labor is inexpensive. India has big stretches of sparsely populated land and intense sun, good for vast spreads cranking out power.\n\nIn 2015, Prime Minister Narendra Modi quintupled the country’s solar target, aiming to install 100 gigawatts of capacity by 2022—roughly half of the world’s 2015 total. At the time, India had less than 3 gigawatts of solar power installed and the plan seemed crazy.\n\n“It was a leap of faith,” says Anand Kumar , a top official in India’s Ministry of New and Renewable Energy. “We got very lucky that the price of solar panels fell.”\n\nIndian Prime Minister Narendra Modi, here at a solar plant in 2015, quintupled the country’s solar target. Photo: Imago/ZUMA PRESS\n\nChina had been cranking out solar panels in massive numbers in a government-subsidized effort to dominate the industry globally. Panel prices, which can account for around half the cost of a solar plant in India, plummeted. Globally, solar-panel prices fell more than 90% during the past decade, according to the International Renewable Energy Agency.\n\nThe Indian government’s system of auctioning out solar projects to developers that offered the cheapest electricity reduced prices there further. Aggressive entrepreneurs elbowed in, figuring the government’s eagerness to boost solar capacity coupled with ever-cheaper panels offered a profit opportunity.\n\nJapan’s SoftBank Group Corp., whose chief executive, Masayoshi Son, is a solar proponent, set up an energy unit in Delhi around the same time Mr. Modi announced his ambitious goals. SoftBank snagged its first solar project in half a year. Acme switched its focus to solar from telecom equipment, figuring the industry was poised to repeat telecom’s rapid growth. ReNew Power Ltd., founded in 2011, enlisted a roster of blue-chip investors including Goldman, the Canada Pension Plan Investment Board and the Abu Dhabi Investment Authority.\n\nAs the government tendered hundreds of megawatts of solar capacity, the price at which solar developers were offering to sell their electricity roughly halved between 2015 and this year, according to Bridge to India, a data tracker.\n\nDevelopers pushed to squeeze all the profit they could from projects. In the Bhadla solar park, where the Acme plant producing the cheap electricity is located, one problem is dust. The plant has 927,180 panels stretched over desert where sandstorms are common and temperatures can swing from over 120 degrees Fahrenheit in summer to nearly freezing in winter. If panels aren’t cleaned regularly, dust collects and electricity production declines.\n\nAcme had used sprinklers on tractors driven by contractors to wash down the panels, a method letting them clean all panels three times a month. Last year, it rolled out robots that brush the panels down, doubling the monthly cleaning and boosting the maximum amount of energy the plant could produce.\n\nBottlenecks\n\nAs solar prices sank, some projects were delayed by a lack of transmission lines to ship the electricity. Others fell behind because of tussles between villagers, developers and local governments over land—issues dogging development in other countries as well.\n\nAcme and other developers have been hamstrung by a delay in tax and tariff refunds they had counted on. “A lot of equity got stuck, which was planned for new projects,” says Mr. Kashyap, Acme’s president.\n\nReNew and other companies have been hit by payment delays from India’s struggling power distributors, mainly state-owned companies that buy electricity from producers and sell it to households. India’s Central Electricity Authority estimated that as of Nov. 30, renewable-energy companies were owed some $1.3 billion in overdue bills.\n\nAt any one time, distributors in roughly a quarter of the eight or nine states that ReNew Power operates in are behind on payments, says CEO Sumant Sinha . Although ReNew and other developers factor such payment delays into electricity prices they offer when bidding for projects, a miscalculation could hit profits. “Everyone sees delays in payments,” he says.\n\nSome Indian state agencies, hoping solar prices fall lower, have canceled solar auctions when they thought developers were offering to sell power at too high a price.\n\nPhotos: Associated Press; Getty Images\n\nLast year, the southern state of Andra Pradesh —which has one of the highest levels of renewable-energy consumption as well as one of the largest unpaid bills—threatened to cancel old solar contracts and renegotiate them at lower prices, sending the industry into an uproar.\n\nThe Andra Pradesh government says paying those higher prices has left its electricity distributors in financial distress, and that it is trying to “persuade” renewable-energy generators to supply power “at a mutually beneficial rate.”\n\nBy early 2019, many developers were starting to pass on solar auctions, threatening the country’s aggressive development timetable. Many developers and analysts now say India is likely to fall behind in achieving its renewable-energy goals.\n\nIndia is working to remove roadblocks, building more transmission lines and tweaking rules governing auction, development deadlines and solar parks to make it easier to build plants. It is holding auctions for projects bundling solar with wind power and electricity-storage capacity to help even out solar generation’s peaks and troughs. ReNew recently won one such contract.\n\nAnd India is considering projects that bundle existing coal plants with renewable-energy sources, to help smooth the transition from fossil fuels, says Mr. Kumar, the renewable-energy official.\n\nExperts like ReNew’s Mr. Sinha say it will likely be several years before India builds so much solar capacity that the technology’s daytime power surges and nighttime plunges could affect the country’s overall electricity supply. By that time, says Mr. Sinha, other new technologies such as batteries and systems for shipping electricity may be available to smooth out irregularities.\n\nIndia has already shown it can expand its solar capacity far faster than anyone would have expected, he says: “That is not an achievement to be scoffed at.”\n\nBill Spindle contributed to this article.\n\nWrite to Phred Dvorak at phred.dvorak@wsj.com\n\nCorrection\n\nThe surname of Alex Whitworth was incorrectly given as Whitmore in an earlier version of this article. (Feb. 18, 2020)",
    "published": "2020-02-17"
  },
  {
    "source": "WSJ",
    "title": "Europeans Try to Have It Both Ways",
    "summary": "They expect American protection but aren’t prepared to defend their own countries.",
    "link": "https://www.wsj.com/articles/europeans-try-to-have-it-both-ways-11581974424?mod=Searchresults_pos2&page=4",
    "content": "How solid is the West? At last weekend’s Munich Security Conference, the world’s largest gathering of security policy makers and officials, the theme was “Westlessness,” referring to the sense of disorientation that many Europeans feel in this age of America First.\n\nSince the 1940s, U.S. leadership in the service of a united and secure Europe has been the one unchanging feature in the Continental landscape. For generations, the U.S. committed to protect Europe from Russia, maintain bases in Germany to prevent it from threatening its neighbors, and promote European integration. Now Europeans don’t know where they stand, and a mixture of bafflement, anger, disappointment and fear fills the atmosphere at conferences like the one in Munich.\n\nThere’s little doubt that Trump administration policies, ranging from trade wars to toughness on Iran, have tested trans-Atlantic relations to the breaking point. But to understand the growing weakness of the Western alliance, Europeans need to spend less time deploring Donald Trump and more time looking in the mirror. A good place to begin is with a Pew poll released earlier this month on the state of the North Atlantic Treaty Organization.\n\nSuperficially, the poll looks like good news. In 14 European countries plus Canada and the U.S., a median 53% of respondents said they had a favorable view of NATO, while only 27% saw the alliance unfavorably. Despite double-digit declines in NATO’s favorability among the French and the Germans, these numbers aren’t bad. Mr. Trump, Emmanuel Macron and Angela Merkel are all less popular in their home countries than NATO is.\n\nSo far, so good—but that support is thin. When asked if their country should go to war with Russia if it attacked a NATO ally, 50% of respondents said no, and only 38% supported honoring their commitment to NATO allies.\n\nLet those numbers sink in. Only 34% of Germans, 25% of Greeks and Italians, 36% of Czechs, 33% of Hungarians and 41% of the French believe their country should fulfill its treaty obligation if another European country is attacked. Only the U.S., Canada, the U.K., the Netherlands and Lithuania had a majority in favor of honoring the NATO commitment to mutual defense.\n\nEuropeans often contrast the “nationalism” of backward political cultures like Russia, China and the U.S. with their own supposedly enlightened attitude of cosmopolitan solidarity. Yet if these numbers are accurate, Europeans haven’t replaced nationalism with European solidarity. They have replaced nationalism with fantasy: the belief that one can have security and prosperity without a strong defense.\n\nThat vision leaves Europe vulnerable, and it is threatening to let the West unravel. European leaders believe they are trading parochial loyalties for higher and broader commitments, when in truth their countries lack the solidarity that makes international order possible. Those who dream that they can have security without the willingness to fight for it are slowly turning NATO into the paper tiger that its enemies hope it will become.\n\nMeanwhile, Europeans still, mostly, trust America. Seventy-five percent of Italians believe the U.S. would rally to NATO’s defense if Russia attacks, as do 63% of Germans and 57% of French. Despite European ambivalence about fulfilling NATO obligations, the alliance is held together by their confidence that America—Mr. Trump’s America—will fulfill its obligations.\n\nEurope’s problem isn’t Mr. Trump. It isn’t nationalism. It isn’t that others aren’t wise or enlightened enough to share Europe’s ideals. It is that too few Europeans stand ready to defend the ideals they claim to embrace. That young Germans no longer dream of fighting and dying to conquer Poland is an excellent thing, but it is a bad and even a dangerous thing that so few young Germans think Europe is important enough to defend and, if necessary, to risk their lives for.\n\nThis problem won’t be easy to solve. For many Europeans, the essential purpose of European integration was to end war. For centuries, the restless nationalisms of European peoples plunged the Continent into one wretched war after another. The European Union was meant to bury those national antagonisms and end the cycle of war. To love Europe was to enter a posthistorical age of perpetual peace. For voters who grew up in the European cocoon, the military defense of European ideas sounds like a contradiction in terms. How can you build peace by making war?\n\nIn contrast, Americans continue to believe that Europe is worth defending. We must hope that over the next few years more Europeans will come around to that position; otherwise, the prospects for “Westlessness” will only grow.\n\nThe Senate has passed a resolution against “hostilities” against Iran without Congressional approval—a move that could embolden adversaries to be less cautious. Image: Cory W. Bush/Zuma Press",
    "published": "2020-02-17"
  },
  {
    "source": "WSJ",
    "title": "Coronavirus Outbreak Sets Back China’s Biggest Political Assembly",
    "summary": "The National People’s Congress is set to postpone its annual March meeting where the government sets out its policy agenda for the year",
    "link": "https://www.wsj.com/articles/coronavirus-outbreak-sets-back-chinas-biggest-political-assembly-11581929843?mod=Searchresults_pos10&page=8",
    "content": "China plans to postpone an annual political conclave originally scheduled for early March, setting back a showpiece event for demonstrating Communist Party authority as officials scramble to contain a coronavirus outbreak that has shaken confidence in President Xi Jinping’s rule.\n\nState media said Monday that senior officials at China’s national legislature and a related government-advisory body have proposed delaying their annual meetings in Beijing, which would have drawn some 5,000 delegates from across the country for a roughly two-week gathering.\n\nTracking the Coronavirus 14 Americans repatriated to the U.S. from the Diamond Princess cruise ship currently docked in Japan tested positive for the virus.\n\nIn Taiwan, health authorities Sunday reported the island’s first death from the coronavirus.\n\nOfficials in Shanghai began barring passengers without masks from taking the city’s buses or taxis.\n\nKnown locally as the “Two Sessions,” the meetings are largely set pieces of political theater, where the Communist Party elite projects an air of national unity and outlines its policy priorities for the coming year.\n\nThis year, uncertainty has loomed over the meetings as the outbreak of the virus, which causes a respiratory disease called Covid-19, sickened more than 70,000 people and claimed more than 1,770 lives. Mr. Xi has declared a “people’s war” against the disease, calling on officials and ordinary citizens to spare no effort in containing the epidemic.\n\nTop officials at the National People’s Congress, China’s legislature, believe postponing their annual session is necessary for ensuring that the proper focus is kept on fighting the epidemic and safeguarding public health and safety, according to Zang Tiewei, a spokesman for the legislature’s legal-affairs committee.\n\nMany congressional deputies are regional and local officials who play important front-line roles in China’s efforts to contain the epidemic, Mr. Zang said in remarks carried by the official Xinhua News Agency.\n\nThe delay would mark the first time China hasn’t started the annual sessions of its national legislature and advisory body in the first week of March since 1997. Postponing the meetings would help Mr. Xi avoid potential criticism from attendees about the Communist Party’s handling of the epidemic, according to China politics watchers.\n\nAs public debate simmers over perceived government missteps during the early stages of the outbreak, “delegates may raise awkward questions about responsibility and accountability,” said Zhang Lifan, an independent historian in Beijing.\n\nDelaying the meetings would buy time for Mr. Xi to unify China’s political elite around a common message on the crisis and its fallout, while reducing the risk of the disease spreading among delegates and reaching the innermost circles of power, Mr. Zhang said.\n\nThe two sessions have in the past allowed delegates—comprising officials, businesspeople and other political notables—to debate policy and, to some extent, vent critical views. But as Mr. Xi ramped up efforts to squelch dissent, recent editions have been reduced to little more than displays of loyalty to the Chinese leader and his agenda.\n\nFor instance, two years ago, Mr. Xi used the congressional meeting to scrap term limits on his presidency, eliminating a check against lifelong rule and firmly establishing himself as China’s most powerful ruler since Mao Zedong, amid virtually unanimous praise from delegates.\n\nMr. Xi’s leadership has since come under fire from some within China’s political and business elite, who have accused him of concentrating too much power in his hands and mishandling a slowdown in the world’s second-largest economy, a bruising trade war with the U.S. and anti-Beijing protests in the semiautonomous city of Hong Kong.\n\nThe Covid-19 outbreak, which emerged in the central Chinese city of Wuhan late last year, has fueled more discontent. Many ordinary Chinese feel directly threatened by the outbreak, and some have questioned why Mr. Xi has been largely absent from the front lines of the “people’s war” he says he is leading. Mr. Xi sent his titular No. 2, Premier Li Keqiang, to visit Wuhan in late January.\n\nIn an apparent response to such criticism, Mr. Xi has sought to emphasize his personal role in directing the government response. Last week, Mr. Xi visited a Beijing hospital treating infected patients and a local disease-control office, after weeks of remaining largely out of public view.\n\nOver the weekend, state media took the unusual step of publishing remarks that Mr. Xi made at a Feb. 3 meeting of the Communist Party’s top leadership, where he said he had issued instructions on the government’s response to the epidemic in early January—nearly two weeks before he first spoke publicly about the outbreak and while local officials in Wuhan were still playing down its severity.\n\nIt isn’t clear when the sessions of the National People’s Congress and the advisory body will be convened. The planned rescheduling comes amid widespread uncertainty around China when school classes and businesses can be expected to resume normal operations.\n\nA meeting of the National People's Congress in March 2019 in Beijing. Photo: Huang Jingwen/xinhua/Zuma Press\n\nMr. Zang, the legislative official, said delays to the annual congressional session require approval from senior lawmakers, who state media said would convene next week to discuss the proposed postponement, as well as to review proposed legislation to tighten restrictions on the trade and consumption of wildlife—practices that scientists believe helped the new coronavirus leap from animals to humans.\n\nTop officials at the advisory body Monday also discussed delaying their annual meeting, state media said, without elaborating. China politics watchers say such deliberations are procedural formalities.\n\nOfficials have said the Covid-19 outbreak appears to have stemmed from a Wuhan food market that offered carcasses and live specimens of dozens of wild animals—from bamboo rats to ostriches, baby crocodiles and hedgehogs.\n\nChinese authorities have continued stepping up epidemic controls. Officials in Shanghai began barring passengers without masks from taking the city’s buses or taxis, in an attempt to stop the virus’s spread in the country’s main financial center.\n\nChina’s central bank on Monday cut a key interest rate in another move to support the ailing economy.\n\nIn Macau, a semiautonomous Chinese city that is the world’s biggest casino market, authorities said they would reopen its casinos for business on Thursday, after shutting them down earlier this month amid coronavirus concerns.\n\nThe city said it is working with casino companies to prepare for reopening, according to a government statement. It said everyone will be required to take their temperature and wear a mask before entering a casino.\n\nAnd in Taiwan, health authorities Sunday reported the self-ruled island’s first death from the coronavirus.\n\nJoyu Wang contributed to this article.\n\nWrite to Chun Han Wong at chunhan.wong@wsj.com",
    "published": "2020-02-17"
  },
  {
    "source": "WSJ",
    "title": "Can Solar Power Compete With Coal? In India, It’s Gaining Ground",
    "summary": "Electricity from sunlight costs less, a hopeful sign for developing nations building out their power grids",
    "link": "https://www.wsj.com/articles/solar-power-is-beginning-to-eclipse-fossil-fuels-11581964338?mod=Searchresults_pos9&page=18",
    "content": "BHADLA, India—In a dusty northwest India desert dotted with cows and the occasional camel, a solar-power plant is producing some of the world’s cheapest energy.\n\nBuilt in 2018 by India’s Acme Solar Holdings Ltd., it can generate 200 megawatts of electricity, enough to power all the homes in a middle-size U.S. town. Acme sells the electricity to distributors for 2.44 rupees (3.4 cents) a kilowatt-hour, a record low for solar power in India, a country that data trackers say has the world’s cheapest solar energy.\n\nMore remarkable, the power costs less to generate in India than the cheapest competing fossil fuel—coal—even with subsidies removed and the cost of construction and financing figured in, according to the Indian government and industry trackers.\n\nPrice-conscious Indian utilities are eager to snap up that power. “We are infamous for low cost,” says Sandeep Kashyap , Acme’s president.\n\nSolar power has entered a new global era. The industry was long dependent on subsidies and regulatory promotions. Now, technological innovation and falling solar-panel prices have made solar power inexpensive enough to compete on its own with other fuel sources in some regions, when it comes to newly built plants. That could turbocharge growth of renewables in the global energy industry, especially in fast-growing Asian markets where much of the world’s energy infrastructure expansion will take place.\n\nAsia Boost\n\nSolar's biggest growth is expected to come in Asia, where two-thirds of the world's energy-demand growth will be.\n\nSolar capacity growth by country and region\n\nTotal: 317 gigawatts 20 Others 31 North America 50 Europe Total: 142 gigawatts 62 Rest of Asia Pacific 6 20 27 154 China 41 49 2013-2018 2019-2024*\n\nGovernments in many solar markets—including China, the biggest—are phasing out or reducing supports. Solar-plant development is going mainstream, with finance provided by global investors like Goldman Sachs Group Inc., Singaporean sovereign-wealth fund GIC and huge Western pension and private-equity funds.\n\nSo far, the renewable-energy push hasn’t halted the growth of global energy emissions. But the success of countries like India in feeding their rising power demands with clean energy will still be key to blunting the growth of global challenges like pollution and climate change.\n\nThe price declines in solar panels and the power they produce are jolting the industry. In the past decade, solar has grown from less than 1% of the world’s electric-power capacity to an estimated 9% by the end of this year, according to the International Energy Agency, an intergovernmental organization focused on energy policy. By 2040, the IEA expects that to grow to 24%, which would make solar the largest single energy source.\n\nIndia is at the forefront of the trend, with a cost of building solar capacity that has dropped 84% in eight years, according to the International Renewable Energy Agency, an intergovernmental organization focused on renewable energy. Other countries are close behind, with costs falling fast in Australia and China.\n\nA solar-panel production line in China. Photo: china stringer network/Reuters\n\nIndia has increased the amount of solar power it has installed 10-fold in the past five years, to 32 gigawatts, and the government is hoping to triple that in the next few years—one of the fastest paces of growth anywhere. India’s prime minister last year said he wants 450 gigawatts of renewable energy including solar installed by 2030.\n\nIf India manages that, which many analysts say is a real stretch, it would account for nearly all the additional electric capacity the country’s Central Electricity Authority has projected it would add by then, and more than the country’s total from all power sources now. India has pledged as a climate goal that 40% of its electric capacity will come from non-fossil fuels by 2030; the latest renewable targets would likely put that percentage at over half.\n\nCheaper than coal\n\nIn 2018, India’s “levelized” cost of solar-power generation—an analysis removing the impact of direct subsidies and figuring in the costs of construction and financing for a new plant—fell to 14% below that of coal, the first time anywhere in the world that generating solar was cheaper than coal on that basis, according to international energy consulting firm Wood Mackenzie.\n\nIndia’s national energy plan doesn’t anticipate construction of new coal power plants for at least several years. Even state-controlled Coal India, one of the world’s largest coal-producing companies, in November said it planned a pilot solar project as it navigated a future with less coal.\n\nAcross Asia, a region expected to account for two-thirds of the world’s new power demand during the next two decades, price declines will make wind and solar combined 17% cheaper than coal by 2030 on a levelized basis, says Wood Mackenzie. In India, solar generation will be almost 50% cheaper, it projects.\n\n“This is a revolution in power generation costs,” says Wood Mackenzie analyst Alex Whitworth . “What it means is there will be a lot more solar investment in India, and in countries like India.”\n\nBalance of Power\n\nThe cost of building a solar plant has fallen dramatically—especially in India, where solar is now the cheapest source of power.\n\nCost of power,* solar vs. fossil fuels Installed cost of utility-scale solar, weighted average Solar $5,000 per kilowatt India Cheapest fossil fuel† U.S. Australia 4,000 China Thailand 3,000 Singapore Philippines Vietnam 2,000 Taiwan U.S. South Korea Global average 1,000 Malaysia India Indonesia Japan 0 $0 50 100 150 2010 ’11 ’12 ’13 ’14 ’15 ’16 ’17 ’18 per megawatt hour Installed cost of utility-scale solar, weighted average Cost of power,* solar vs. fossil fuels Solar $5,000 per kilowatt India Cheapest fossil fuel† U.S. Australia 4,000 China Thailand 3,000 Singapore Philippines Vietnam 2,000 Taiwan U.S. South Korea Global average 1,000 Malaysia Indonesia India Japan 0 $0 50 100 150 2010 ’11 ’12 ’13 ’14 ’15 ’16 ’17 ’18 per megawatt hour Installed cost of utility-scale solar, weighted average Cost of power,* solar vs. fossil fuels Solar $5,000 per kilowatt India Cheapest fossil fuel† U.S. Australia 4,000 China Thailand 3,000 Singapore Philippines Vietnam 2,000 Taiwan U.S. South Korea Global average 1,000 Malaysia Indonesia India Japan 0 $0 50 100 150 2010 ’12 ’14 ’16 ’18 per megawatt hour Installed cost of utility-scale solar, weighted average $6,000 per kilowatt 4,000 2,000 U.S. Global average India 0 2010 ’11 ’12 ’13 ’14 ’15 ’16 ’17 ’18 Cost of power,* solar vs. fossil fuels Solar India Cheapest fossil fuel† U.S. Australia China Thailand Singapore Philippines Vietnam Taiwan South Korea Malaysia Indonesia Japan $0 50 100 150 per megawatt hour\n\nSolar’s big problem: It generates power only when the sun shines. Wind power, similarly, works only with wind. So displacing fossil fuels could require cheaper ways to store energy. And the more renewables in the power-transmission grid, the more the grid will need to be rebuilt to accommodate those special characteristics.\n\nShare Your Thoughts Can renewable energy sources such as solar and wind replace fossil fuels for power where you live? Join the conversation below.\n\nThat inefficiency is why the IEA forecasts the amount of power solar generates to rise to only 11% of the world’s total by 2040, around half that of coal or natural gas.\n\nIn India, which has some of the world’s best conditions for generating solar power, the mismatch is pronounced because demand for electricity swells after people go home and switch on air conditioners in the evening, when solar plants aren’t working.\n\nMeanwhile, countries like India have made massive investments in coal-fired plants they can’t afford to simply scrap. Coal still provides two-thirds of India’s power. Coal shipments also underpin profits at the nation’s biggest employer, the railways.\n\nAs Indian solar developers push prices down, the thin margins for many are being pummeled by challenges ranging from an economic slowdown and tighter domestic financing conditions to power distributors that aren’t paying bills and squatters refusing to move off land slated for development.\n\nDuring the past two years, the pace of solar development in India slowed. Although installations are expected to pick back up this year, many analysts and industry leaders now expect India won’t hit its aggressive solar goals.\n\n‘Low-hanging fruit’\n\nChallenges will likely multiply when solar power in India’s grid rises from the current 9% to around 20% or 30%—a level at which it may start replacing conventional power plants, say experts like Rahul Tongia , a fellow at the India arm of think tank Brookings Institution.\n\nHot and Cold\n\nThe world is expected to install lots of solar-power capacity... Solar plants produce power only when the sun is shining, not when Indian electricity demand spikes in the evening. Electricity generation in India by source, average day, February 2019 Global installed capacity by source 4,000 gigawatts 200 gigawatts Estimates Daytime Solar 3,000 Gas Coal 2,000 Wind Hydro 150 1,000 Renewables* Nuclear Hydro Nuclear Oil 0 Gas 2018 ’20 ’30 ’40 ...but it probably won't produce as much power as from fossil fuels. 100 Global electricity generation by source 12,500 terawatt hour Estimates Coal Coal 10,000 Gas 50 7,500 Hydro Wind 5,000 Solar Nuclear 2,500 Oil 0 0 0 2 4 6 8 10 noon 14 16 18 20 22 24 2018 ’20 ’30 ’40 Time of day The world is expected to install lots of solar-power capacity... Solar plants produce power only when the sun is shining, not when Indian electricity demand spikes in the evening. Electricity generation in India by source, average day, February 2019 Global installed capacity by source 4,000 gigawatts 200 gigawatts Daytime Estimates Solar 3,000 Gas Coal 2,000 Wind Hydro 150 1,000 Renewables* Nuclear Hydro Nuclear Oil 0 Gas 2018 ’20 ’30 ’40 ...but it probably won't produce as much power as from fossil fuels. 100 Global electricity generation by source 12,500 terawatt hour Estimates Coal Coal 10,000 Gas 50 7,500 Hydro Wind 5,000 Solar Nuclear 2,500 Oil 0 0 0 2 4 6 8 10 noon 14 16 18 20 22 24 2018 ’20 ’30 ’40 Time of day Solar plants produce power only when the sun is shining not when Indian electricity demand spikes in the evening. The world is expected to install lots of solar-power capacity... Electricity generation in India by source, average day, February 2019 Global installed capacity by source 4,000 gigawatts 200 gigawatts Daytime Estimates Solar 3,000 Gas Coal 2,000 Wind Hydro 150 1,000 Renewables* Nuclear Nuclear Oil Hydro 0 Gas 2018 ’20 ’30 ’40 ...but it probably won't produce as much power as from fossil fuels. 100 Global electricity generation by source 12,500 terawatt hour Estimates Coal Coal 10,000 Gas 50 7,500 Hydro Wind 5,000 Solar Nuclear 2,500 Oil 0 0 0 6 noon 18 24 2018 ’20 ’30 ’40 Time of day Solar plants produce power only when the sun is shining, not when Indian electricity demand spikes in the evening. Electricity generation in India by source, average day, February 2019 200 gigawatts Daytime Renewables* 150 Nuclear Hydro Gas 100 Coal 50 0 0 6 noon 18 24 Time of day The world is expected to install lots of solar-power capacity... Global installed capacity by source 4,000 gigawatts Estimates Solar 3,000 Gas Coal 2,000 Wind Hydro 1,000 Nuclear Oil 0 2018 ’20 ’30 ’40 ....but it probably won't produce as much power as from fossil fuels. Global electricity generation by source 12,500 terawatt hour Estimates Coal 10,000 Gas 7,500 Hydro Wind 5,000 Solar Nuclear 2,500 Oil 0 2018 ’20 ’30 ’40\n\n“What happens after that point when the low-hanging fruit is done?” says Mr. Tongia.\n\nIndia’s solar push started in 2010, when its government outlined plans for a modest boost in capacity during the next decade. Solar was a good fit for India’s growing energy needs. Plants are easy to build—essentially solar panels lined up in racks—and labor is inexpensive. India has big stretches of sparsely populated land and intense sun, good for vast spreads cranking out power.\n\nIn 2015, Prime Minister Narendra Modi quintupled the country’s solar target, aiming to install 100 gigawatts of capacity by 2022—roughly half of the world’s 2015 total. At the time, India had less than 3 gigawatts of solar power installed and the plan seemed crazy.\n\n“It was a leap of faith,” says Anand Kumar , a top official in India’s Ministry of New and Renewable Energy. “We got very lucky that the price of solar panels fell.”\n\nIndian Prime Minister Narendra Modi, here at a solar plant in 2015, quintupled the country’s solar target. Photo: Imago/ZUMA PRESS\n\nChina had been cranking out solar panels in massive numbers in a government-subsidized effort to dominate the industry globally. Panel prices, which can account for around half the cost of a solar plant in India, plummeted. Globally, solar-panel prices fell more than 90% during the past decade, according to the International Renewable Energy Agency.\n\nThe Indian government’s system of auctioning out solar projects to developers that offered the cheapest electricity reduced prices there further. Aggressive entrepreneurs elbowed in, figuring the government’s eagerness to boost solar capacity coupled with ever-cheaper panels offered a profit opportunity.\n\nJapan’s SoftBank Group Corp., whose chief executive, Masayoshi Son, is a solar proponent, set up an energy unit in Delhi around the same time Mr. Modi announced his ambitious goals. SoftBank snagged its first solar project in half a year. Acme switched its focus to solar from telecom equipment, figuring the industry was poised to repeat telecom’s rapid growth. ReNew Power Ltd., founded in 2011, enlisted a roster of blue-chip investors including Goldman, the Canada Pension Plan Investment Board and the Abu Dhabi Investment Authority.\n\nAs the government tendered hundreds of megawatts of solar capacity, the price at which solar developers were offering to sell their electricity roughly halved between 2015 and this year, according to Bridge to India, a data tracker.\n\nDevelopers pushed to squeeze all the profit they could from projects. In the Bhadla solar park, where the Acme plant producing the cheap electricity is located, one problem is dust. The plant has 927,180 panels stretched over desert where sandstorms are common and temperatures can swing from over 120 degrees Fahrenheit in summer to nearly freezing in winter. If panels aren’t cleaned regularly, dust collects and electricity production declines.\n\nAcme had used sprinklers on tractors driven by contractors to wash down the panels, a method letting them clean all panels three times a month. Last year, it rolled out robots that brush the panels down, doubling the monthly cleaning and boosting the maximum amount of energy the plant could produce.\n\nBottlenecks\n\nAs solar prices sank, some projects were delayed by a lack of transmission lines to ship the electricity. Others fell behind because of tussles between villagers, developers and local governments over land—issues dogging development in other countries as well.\n\nAcme and other developers have been hamstrung by a delay in tax and tariff refunds they had counted on. “A lot of equity got stuck, which was planned for new projects,” says Mr. Kashyap, Acme’s president.\n\nReNew and other companies have been hit by payment delays from India’s struggling power distributors, mainly state-owned companies that buy electricity from producers and sell it to households. India’s Central Electricity Authority estimated that as of Nov. 30, renewable-energy companies were owed some $1.3 billion in overdue bills.\n\nAt any one time, distributors in roughly a quarter of the eight or nine states that ReNew Power operates in are behind on payments, says CEO Sumant Sinha . Although ReNew and other developers factor such payment delays into electricity prices they offer when bidding for projects, a miscalculation could hit profits. “Everyone sees delays in payments,” he says.\n\nSome Indian state agencies, hoping solar prices fall lower, have canceled solar auctions when they thought developers were offering to sell power at too high a price.\n\nPhotos: Associated Press; Getty Images\n\nLast year, the southern state of Andra Pradesh —which has one of the highest levels of renewable-energy consumption as well as one of the largest unpaid bills—threatened to cancel old solar contracts and renegotiate them at lower prices, sending the industry into an uproar.\n\nThe Andra Pradesh government says paying those higher prices has left its electricity distributors in financial distress, and that it is trying to “persuade” renewable-energy generators to supply power “at a mutually beneficial rate.”\n\nBy early 2019, many developers were starting to pass on solar auctions, threatening the country’s aggressive development timetable. Many developers and analysts now say India is likely to fall behind in achieving its renewable-energy goals.\n\nIndia is working to remove roadblocks, building more transmission lines and tweaking rules governing auction, development deadlines and solar parks to make it easier to build plants. It is holding auctions for projects bundling solar with wind power and electricity-storage capacity to help even out solar generation’s peaks and troughs. ReNew recently won one such contract.\n\nAnd India is considering projects that bundle existing coal plants with renewable-energy sources, to help smooth the transition from fossil fuels, says Mr. Kumar, the renewable-energy official.\n\nExperts like ReNew’s Mr. Sinha say it will likely be several years before India builds so much solar capacity that the technology’s daytime power surges and nighttime plunges could affect the country’s overall electricity supply. By that time, says Mr. Sinha, other new technologies such as batteries and systems for shipping electricity may be available to smooth out irregularities.\n\nIndia has already shown it can expand its solar capacity far faster than anyone would have expected, he says: “That is not an achievement to be scoffed at.”\n\nBill Spindle contributed to this article.\n\nWrite to Phred Dvorak at phred.dvorak@wsj.com\n\nCorrection\n\nThe surname of Alex Whitworth was incorrectly given as Whitmore in an earlier version of this article. (Feb. 18, 2020)",
    "published": "2020-02-17"
  },
  {
    "source": "WSJ",
    "title": "Sanders, Bloomberg Offer Differing Theories of Democratic Desires",
    "summary": "Primary fight turns on what party’s rank-and-file are most yearning for: a genuine revolution or a simple change in command",
    "link": "https://www.wsj.com/articles/sanders-bloomberg-offer-differing-theories-of-democratic-desires-11581956838?mod=Searchresults_pos8&page=16",
    "content": "To say that Bernie Sanders and Michael Bloomberg are different is one of those statements that is at once both entirely true, yet woefully insufficient.\n\nFor all the differences that separate the Vermont senator and the former New York mayor, though, the most profound one is very simple: They offer divergent theories of what the 2020 presidential election is all about. Mr. Sanders believes Democratic voters are ready to overthrow the system. Mr. Bloomberg thinks they merely want to overthrow President Trump.\n\nThe question of which approach Democrats are buying is central to the fate of these two unconventional candidates, and to the whole scrambled Democratic presidential race.\n\nOne of the most important aspects of any presidential campaign is the theory of the race: What is it that voters are really looking for that year? Ronald Reagan won in 1980 because voters were ready, after an ineffective Democratic presidency, for a turn in a conservative direction. Barack Obama won in 2008 because voters were seeking, in the midst of a deep financial slide and a depressing war in Iraq, a candidate who represented both hope and change. Donald Trump won in 2016 because voters wanted somebody who would defy the establishment of both parties.\n\nThis year, the Democratic primary fight turns on the question of what the party’s rank-and-file are most yearning for: a genuine revolution, or a simple change in command.\n\nVermont Sen. Bernie Sanders at a campaign stop Feb. 16 in Denver. Photo: David Zalubowski/Associated Press\n\nMr. Sanders and Mr. Bloomberg both want to defeat the president, of course. But that isn’t all, or even most, of what Mr. Sanders is selling. He argues that Democrats should upend the system that prevails in the political and financial halls of power.\n\nThe influence of “millionaires and billionaires” must be curbed, and their taxes, extracted at a much higher rate, should be used to finance a wholesale reordering of the social compact. Health care will be free, college education will be free, student debt will disappear, the minimum wage will rise.\n\nMore broadly, the Sanders campaign proceeds from a belief that Mr. Trump won because he captured the anger and dissatisfaction of working Americans, but now is vulnerable because he hasn’t really made working-class concerns the center of his presidency.\n\nStill, the fact that Mr. Sanders is running against Donald Trump is almost secondary; the Sanders view of society’s economic injustices is the same one he would be offering regardless of who was on the Republican line. It’s similar to the one he offered four years ago—and, indeed, is similar to the one he has been offering for four decades. Mr. Sanders believes that the Democratic Party is finally ready to buy in.\n\nThe Bloomberg candidacy, by contrast, exists for one reason: to defeat Donald Trump. Mr. Bloomberg’s argument is that he is both tough enough to do it, and has the wherewithal to do it.\n\nMr. Bloomberg’s disdain for the president oozes from his every ad and every appearance, as does his belief that he, as a fellow New York big shot, and a more successful one than the president at that, has Mr. Trump’s number.\n\nTelevised presidential debates have been a mainstay of modern American politics for the past sixty years. In this video, Wall Street Journal Executive Washington Editor Jerry Seib breaks down how they’ve changed over time and what we can expect in 2020. Photo: Elise Amendola/AP\n\nNowhere was that more clear than in the tweet Mr. Bloomberg fired out a few days ago, after he had been belittled by Mr. Trump. Speaking directly to the president, Mr. Bloomberg declared: “We know many of the same people in NY. Behind your back they laugh at you & call you a carnival barking clown.”\n\nTo be sure, Mr. Bloomberg touts his experience providing health care as mayor of New York, and his activism in promoting new gun laws and battling climate change. But those aren’t the main arguments animating the Bloomberg effort. The animating argument is that the president is dangerous, and you need this New York tough guy to beat that New York tough guy.\n\nImplicitly, the further argument is that beating Mr. Trump is way more important than ideological arguments. The system doesn’t need to be brought to its knees; only the president does.\n\nSo, who has the right theory of the electorate? It’s hard to know, of course, because Mr. Bloomberg has spent millions and millions on ads, but hasn’t yet actually appeared on a ballot. That phase will start on Super Tuesday, March 3.\n\nMeantime, former Vice President Joe Biden, Minnesota Sen. Amy Klobuchar and former South Bend, Ind., Mayor Pete Buttigieg also are campaigning on the theory that Democrats are looking more for a safe and moderate harbor than a risky revolution.\n\nThey may be right, and here’s one data point in their favor. In Wall Street Journal/NBC News polling, the share of Democrats calling themselves moderates actually has gone up in the past three decades, from 25% in 1989 to 37% now.\n\nMr. Sanders sees a party ready for an uprising; it may simply be hungry for a change.\n\nWrite to Gerald F. Seib at jerry.seib@wsj.com",
    "published": "2020-02-17"
  },
  {
    "source": "WSJ",
    "title": "Japan’s VAT Blunder",
    "summary": "A consumption-tax increase hits growth as the coronavirus looms.",
    "link": "https://www.wsj.com/articles/japans-vat-blunder-11581956610?mod=Searchresults_pos5&page=9",
    "content": "Personel in protective gear work to cover a walkway linking an ambulance and an entrance of the Diamond Princess cruise ship docked at the Daikoku Pier Cruise Terminal in Yokohama, south of Tokyo, Feb. 14.\n\nThe third time wasn’t the charm for Tokyo’s long-running attempt to increase its consumption tax. Data released Monday show Japan’s economy contracted in the last three months of 2019 as the tax hike hammered growth—as many warned and like the previous two times the tax has been raised since its 1989 introduction, in 1997 and 2014.\n\nJapan’s economy contracted by 6.3% on an annual basis from October to December. Plummeting consumer spending, which fell by 11.5%, is the main culprit. No wonder since Prime Minister Shinzo Abe raised the consumption-tax rate to 10% from 8% on October 1.\n\nSome of the drop-off is a result of consumers trying to front-run the tax hike by ramping up consumption earlier in the year. Don’t expect a major reprieve once the VAT shock wears off. Wage growth is anemic despite a tight labor market, and the Labor Ministry calculates that inflation-adjusted pay fell 3.5% from 2012-2018. The tax rise creates a new and higher squeeze on household incomes.\n\nThe timing of the increase couldn’t be worse coming before the coronavirus outbreak in China, which depressed tourism and consumption during the lunar new year in January. Mr. Abe has managed to throttle Japan’s economy at precisely the moment it most needs resilience. Some analysts fear Japan is already in a consumption-tax-and-coronavirus recession, which is defined by two quarters in a row of negative growth.\n\nThe usual suspects are now calling for more Keynesian spending on public works and social spending. Three decades of similar blowouts have created the fiscal mess that always becomes justification for more consumption-tax hikes. Japan’s government debt is now about 240% of GDP.\n\nThe International Monetary Fund thinks the consumption-tax rate will have to rise to 15% over the next decade, and to 20% by 2050. But first the fund’s wizards say Tokyo must expand its Keynesian spending to make the economy “strong” enough to bear the tax hikes to pay for the spending. Got that?\n\nMr. Abe started out with better ideas, riding back into office in 2012 with a promise to press ahead with major policy reforms to unleash the Japanese economy. Had he done so, perhaps wage growth would be peppier now, the economy would be better able to endure shocks such as a Chinese epidemic, and economic growth would be boosting revenue.\n\nIt’s too late for Japan to avoid the costs of Mr. Abe’s economic failures. But other governments can learn the lessons that Japan’s leaders refuse to heed.\n\nBusiness World: China's heavy-handed response to the coronavirus outbreak was consistent with the Communist Party's insistence on complete control of information, which may also have contributed to the high number of infections. Image: Vanessa Carvalho/ZUMA Wire",
    "published": "2020-02-17"
  },
  {
    "source": "WSJ",
    "title": "Pier 1 Imports Files for Chapter 11 Bankruptcy",
    "summary": "Home furnishings chain in discussions with several potential buyers",
    "link": "https://www.wsj.com/articles/pier-1-imports-files-for-chapter-11-bankruptcy-11581959763?mod=Searchresults_pos19&page=3",
    "content": "Pier 1 Imports Inc. the funky furniture retailer that started out selling bean bag chairs and love beads to hippies and later grew into a home-furnishings giant with more than 1,000 stores, filed for bankruptcy Monday, a victim of changing consumer tastes and an unforgiving retail environment.\n\nThe home furnishings chain filed for chapter 11 protection Monday in the U.S. Bankruptcy Court in Richmond, Va., with plans to sell the company, less than two months after saying it planned to close up to 450 stores and cut costs to slow down its cash burn.\n\nUnlike many other retailers that have sought bankruptcy in recent years, the publicly traded Pier 1—with assets of $426.6 million and listed total debt of $258.3 million—isn’t weighed down with debt from an ill-timed leveraged buyout. Rather the company’s struggles can be traced to increasing competition from online players, mass merchants and off-price retailers, such as Wayfair Inc., TJX Cos.’s HomeGoods, Bed Bath & Beyond Inc.s' Cost Plus World Market and Amazon.com Inc.\n\nThose rivals have increasingly moved into selling home furnishings and merchandise that were once virtually the exclusive domain of Pier 1, according to Hart Posen, a professor of management at the University of Wisconsin.\n\n“You’d see something in someone’s house—a wicker-rattan chair or an elephant-themed umbrella holder—and know it came from Pier 1,” Mr. Posen said. “You could buy it at Pier 1 or nowhere, but that’s just not the case anymore.”\n\nThe emergence of online operators such as Wayfair have rendered the backdrop for traditional chains all the more difficult, according to Oppenheimer & Co. analyst Brian Nagel. But there were also missteps that led Pier 1 to bankruptcy.\n\nThe company was late to embrace e-commerce and was forced to build an online business from virtually nothing, said Mr. Nagel. Along the way, it had to absorb the costs of building distribution centers and other infrastructure, while also adjusting to the tighter margins from online sales.\n\n“When the company finally made its move online, it did so in a way that cannibalized the volumes and profitability of its physical stores,” said Mr. Nagel.\n\nDespite the challenges, the Fort Worth, Texas-based company two years ago started a program to revitalize the business, dubbed “Pier 1 2021: A New Day.” But the turnaround effort failed, and Pier 1 continued to report declining sales. Yearly revenue has also declined for several years, from $1.89 billion four years ago to $1.55 billion last fiscal year.\n\nThe bankruptcy filing comes after the chain made it through the critical holiday shopping season. In early January, Pier 1 said it planned to close nearly half of its nearly 940 stores and a number of distribution centers. It had already hired a liquidation company to help close the locations.\n\nPier 1 said it intends to use the bankruptcy process to complete closure of some 450 stores, including closing all of its locations in Canada. So far, it has closed or began going out of business sales at more than 400 locations and closed two distribution centers.\n\nThe Wall Street Journal reported in April that Pier 1 had been making plans to file for bankruptcy, but that a filing wasn’t a certainty if it could show it was starting to turn its business around.\n\nPier 1 said in November it had named retail bankruptcy veteranRobert Riesbeck as its new chief executive. Mr. Riesbeck joined Pier 1 as its finance chief in July.\n\nBefore filing, Pier 1 said it entered into an agreement with a majority of its term-loan lenders. The company’s lenders have committed to extending $256 million in debtor-in-possession financing. The bankruptcy financing from lenders including Bank of America N.A., Wells Fargo National Association, and Pathlight Capital LP will allow the company to continue operations and conduct its sale process.\n\nPier 1, founded in 1962 in San Mateo, Calif., plans to conduct a bankruptcy court-supervised sale process of the company and complete the sale through a chapter 11 plan. It said it is in discussions with multiple potential buyers that could acquire it out of bankruptcy.\n\nWhether Pier 1, which sold everything from chocolate-covered ants to life-size Spanish suits of armor over the years, has a future beyond bankruptcy remains to be seen. The University of Wisconsin’s Mr. Posen, for one, isn’t optimistic.\n\n“Over the past 15 years or so the brand value associated with the name Pier 1 has really gone down,” he said. “I’m not sure how much left there is to save.”\n\nPatrick Fitzgerald contributed to this article.\n\nWrite to Aisha Al-Muslim at aisha.al-muslim@wsj.com",
    "published": "2020-02-17"
  },
  {
    "source": "WSJ",
    "title": "Japan’s Economy Shrinks 6.3% as Sales-Tax Increase Cools Consumption",
    "summary": "In Germany, central bank said it sees no sign of improvement in the first-quarter growth outlook",
    "link": "https://www.wsj.com/articles/japans-economyshrinks-as-sales-tax-increase-cools-consumption-11581898410?mod=Searchresults_pos18&page=3",
    "content": "The Shibuya district of Tokyo in late January. Consumers tightened their purse strings after the national sales tax rose to 10% on Oct. 1 from 8%.\n\nTOKYO—Following a dismal final quarter of 2019, Japan’s economy is facing the risk of a recession because the coronavirus outbreak is hurting tourism and production, while Germany’s central bank called on the government in Berlin to use its surplus to support growth as a broader danger of a slowdown builds.\n\nJapan, the world’s third-largest economy after the U.S. and China contracted at an annualized rate of 6.3% in the October-December quarter, worse than economists’ forecast of a 3.9% contraction. The biggest reason was a sharp drop in private consumption after the national sales tax rose to 10% on Oct. 1 from 8%.\n\n“Because of the effects of the novel coronavirus, weakness in consumption will likely continue in the January-March period. Exports and production could be dreadfully weak as the supply chain is interrupted,” said Daiwa Securities economist Mari Iwashita.\n\nSome economists, including Ms. Iwashita, say Japan could fall into a technical recession—two straight quarters of contraction—this quarter. The contraction in the October-December quarter was the first in more than a year and the biggest since the April-June quarter in 2014, the last time the sales tax was raised.\n\nGermany’s central bank warned Monday that it sees no sign of improvement in the growth outlook in the first quarter of 2020. Germany’s economy, Europe’s largest, has stagnated for almost two years as international trade tensions weighed on its large manufacturing sector. The coronavirus outbreak in China is an additional threat.\n\nThe Bundesbank said a temporary decline in China’s economy is likely to damp German exports. “In addition, some global value chains could be affected by the security measures taken. Delivery bottlenecks in individual industries in Germany would be the result,” it said.\n\nThe Bundesbank called on the government to spend its large surplus to provide a boost, a shift for an economically conservative institution that had until recently pushed back against international demands that Germany loosen its purse strings.\n\n“There is clearly room for maneuver within the framework of the government budget rules,” the Bundesbank wrote in its monthly report. “This could be used to improve the conditions for growth and employment.”\n\nSingapore said Monday it was downgrading its growth forecast for 2020 to a 0.5% contraction to 1.5% growth because of the coronavirus outbreak, which has led to a sharp decline in tourist arrivals. In November, before the outbreak, the city-state’s government had projected growth of 0.5% to 2.5%. Singapore’s Ministry of Trade and Industry said China’s slowdown would have an impact across Southeast Asia due to supply-chain disruptions and reduced Chinese import demand.\n\nMalaysian officials said Friday that the government would announce a stimulus package later this month to assist businesses. “Emphasis should also be placed on exploring alternative revenues such as shifting towards encouraging domestic tourism, and sourcing from other markets,” Finance Minister Lim Guan Eng said.\n\nIn Japan, the virus has hit Chinese tourism in Japan and disrupted some manufacturing in the country that depends on Chinese parts.\n\nSales at Isetan Mitsukoshi Holdings Ltd.’s three flagship department stores in Tokyo fell about 20% during the Lunar New Year holiday between Jan. 24 and Jan. 30 compared with the previous year. The holiday has been a popular time for Chinese tourists to travel abroad.\n\n“Sales were doing well in the first half of the holidays but declined in the last half after the Chinese government implemented a ban on group tours” on Jan. 27, said an Isetan Mitsukoshi spokeswoman. Cosmetics, jewelry and handbags were among the items feeling the impact, she said.\n\nChinese accounted for about 37% of the $44 billion in spending by tourists in Japan last year.\n\nThe International Civil Aviation Organization estimates that Japan could lose $1.29 billion in tourism revenue in the first quarter because of fewer Chinese air travelers. In central Japan’s Shizuoka prefecture, home to hot-spring resorts and a portion of Mount Fuji, more than 90,000 tourists, mainly Chinese, canceled their hotel reservations through March, according to the Shizuoka Prefectural Tourism Association.\n\nAnother negative note for the tourism industry comes from the virus outbreak on the Diamond Princess cruise ship, which is docked in Yokohama and quarantined until at least Wednesday. As of Sunday, 355 passengers and crew on the ship tested positive for the virus, according to Japan’s Health Ministry.\n\n“The two key points are when flights in and out of China will resume and whether or not global tourists are feeling anxious about coming to Japan after the virus spread on the cruise ship,” said Katsuhiro Hashimoto, an official at the Shizuoka association.\n\nDaiwa’s Ms. Iwashita expects the economy to shrink an annualized 0.5% in the first quarter, but the figure could worsen if a production slowdown in China hits Japanese factories more widely.\n\nNissan Motor Co. reduced production at a factory in southern Japan on Friday and Monday owing to a shortage of auto parts shipped from China, a spokeswoman said. That factory will take another day off Feb. 24. Two other domestic locations took the day off Saturday.\n\nSome economists are calling for government spending of tens of billions of dollars to make up the losses.\n\n“The Japanese government needs to state its intention to clearly shift toward fiscal expansion and prepare further economic measures by issuing a large amount of new government bonds,” said Takuji Aida, a Societe General economist in Tokyo. “If the economy falls back again into a huge recession and fails to get out of deflation, any more sales tax increase would be almost impossible.”\n\nTom Fairless in Frankfurt and Jon Emont in Singapore contributed to this article.\n\nCorrections & Amplifications\n\nAn earlier version of this article misspelled department-store company Isetan Mitsukoshi as Isetan Mitsukosi in one instance. (Feb. 17, 2020)\n\nWrite to Megumi Fujikawa at megumi.fujikawa@wsj.com",
    "published": "2020-02-17"
  },
  {
    "source": "WSJ",
    "title": "Japan’s Third Sales-Tax Blunder Must Be Its Final Mistake",
    "summary": "Japan’s economy shrank sharply in the final three months of 2019, logging its second-worst quarter in the past decade. That would be easier to stomach if it weren’t because of a mistake policy makers have now made three times.",
    "link": "https://www.wsj.com/articles/japans-third-sales-tax-blunder-must-be-its-final-mistake-11581917580?mod=Searchresults_pos2&page=10",
    "content": "Japan’s economy shrank sharply in the final three months of 2019, logging its second-worst quarter in the past decade. That would be easier to stomach if it weren’t because of a mistake policy makers have now made three times.\n\nIn October, Japan raised its sales tax to 10% from 8%—and spending tanked. Household consumption fell 11.5% on an annualized basis in the October-December quarter, fueling a 6.3% fall in annualized gross domestic product.\n\nSales-tax increases in 1997 and 2014 likewise knocked the economy off course. The three worst quarters for household consumption in the past quarter-century were those in which sales tax was raised.\n\nThankfully, Japan has no current plans to increase the tax again. But the thinking that led to such destructive behavior is bizarrely resilient. Just last week, when most of the damage the tax hike had done was already apparent, the International Monetary Fund advocated a further five percentage-point rise over the next decade.\n\nThat may sound like relatively little. But in real terms, Japanese household consumption has risen a miserable 2.6% in the past 10 years. That anemic growth has hardened expectations: Households don’t foresee much of an increase in their take-home pay—or inflation—and so spend relatively little.\n\nSince Prime Minister Shinzo Abe returned to office at the end of 2012, the Japanese economy has improved considerably. The deflation of the 1990s and 2000s has ended, investment has risen markedly, and unemployment has reached multidecade lows. Household consumption, however, has contributed nothing to that expansion.\n\nThe economic pain from increasing the tax would be easier to accept if there were a pressing rationale for fiscal consolidation. But the Japanese government’s net debt interest payments are among the lowest of any G-7 nation.\n\nIn October, Japan raised its sales tax to 10% from 8%. Photo: Akio Kon/Bloomberg News\n\nAfter three decades in which Tokyo’s rising pile of government debt has become easier to service, those who advocate higher taxes and restrained spending must present a stronger case. These policies have been tried—and are failing the people of Japan.\n\nWhat’s more, Japan needs to rethink its relationship with fiscal policy perhaps more than any other country. The Federal Reserve cut interest rates last year, and the European Central Bank expanded its own stimulus, while the Bank of Japan sat on its hands.\n\nWith monetary policy options mostly exhausted in Japan, at least under the country’s current economic framework, fiscal policy will have to play a far greater role in any future downturn. Policy makers should get more comfortable using it proactively before that day comes.\n\nWrite to Mike Bird at Mike.Bird@wsj.com",
    "published": "2020-02-17"
  },
  {
    "source": "WSJ",
    "title": "Dubai to Delist Global Port Operator DP World",
    "summary": "Deal comes as the emirate faces another looming debt crisis",
    "link": "https://www.wsj.com/articles/dubai-to-delist-global-port-operator-dp-world-11581949939?mod=Searchresults_pos18&page=7",
    "content": "A security patrol boat in front of Terminal Four at DP World in Dubai in 2018.\n\nDUBAI—Dubai plans to delist its global port operator and return it to full state ownership in a deal that would help the emirate repay billions of dollars in debt.\n\nThe emirate—which was bailed out by neighboring Abu Dhabi following a financial crisis in 2009—is again facing economic turmoil. Real-estate prices have fallen sharply since 2015, driven by oversupply and weakened consumer sentiment on lower oil prices and geopolitical tensions.\n\nIt faces another looming debt crisis. In September, Fitch Ratings said the emirate and its state-related entities could be forced to restructure a significant portion of $23 billion in loans maturing through 2021.\n\nThe deal involves DP World, one of the largest operators of ports and terminals around the globe.\n\nState-owned Port and Free Zone World is set to buy the 19.55% it doesn’t already own in DP World by acquiring shares listed on the Nasdaq Dubai exchange for $2.7 billion, both companies said in a statement. The deal values DP World at $13.9 billion.\n\nPFZW is owned by Dubai World, the investment vehicle of the emirate’s government. As part of the deal, PFZW will also pay $5.15 billion to Dubai World to help repay its owner’s debts, the statement said.\n\nThe payment is required, the parties said, to ensure the ports operator isn’t subject to restrictions imposed on Dubai World by its creditors, though they didn’t detail those restrictions.\n\nPFZW will finance the transaction via new debt facilities arranged by Citibank and Deutsche Bank AG, according to the statement. As a result, DP World will be a guarantor of an expected further $8.1 billion of debt, PFZW and DP World said in the statement.\n\nDP World, one of Dubai’s most successful companies, has itself suffered from recent global trade tensions and now faces the threat of further disruption from the outbreak of the coronavirus in China.\n\nSultan Ahmed bin Sulayem , chairman and chief executive of DP World, in a statement said that private ownership would free the firm from the public market’s demands for short-term returns, which he said are incompatible with the ports industry.\n\nBut Moody’s Investors Service said it would review DP World’s credit rating for a possible downgrade, saying the additional debt required for the transaction and the payment to Dubai World would be a “material deviation from the group’s self-imposed financial policy.”\n\nDubai World was at the heart of the Dubai government’s crisis-era woes in 2009 when it called a standstill on debts and began negotiations with banks to restructure about $25 billion of loans.\n\nThe conglomerate had borrowed heavily to fund eye-catching real-estate projects and investments, including a palm-tree-shaped island off the coast of the emirate. It was caught by surprise when banks suddenly weren’t willing to refinance loans following the global financial crisis, which left Dubai’s real-estate market in a downturn.\n\nAbu Dhabi, the capital of the United Arab Emirates, which includes Dubai, subsequently provided $10 billion to its neighbor to help meet some of its debt obligations.\n\nState-owned developers have again been on a building spree, driving down property prices, ahead of hosting a world exposition later this year. Dubai officials hope the event, called Expo 2020 and focused on science, innovation and entertainment, will attract 25 million visitors over a six-month period and boost state revenue.\n\nDubai’s economy, which is largely based on trade, tourism and retail, could suffer in the short term from the global fallout of the coronavirus, according to S&P Global. The ratings firm warned Monday that Gulf economies were susceptible to falling oil prices caused by lower demand from China as a result of the virus.\n\nThe U.A.E. has the highest contribution from Chinese nationals to airline traffic, tourism, retail, of all of the Gulf states, S&P said. However, the impact of the virus on Gulf economies will be limited should it be contained by March, the firm added.\n\nDP World earlier this month reported a 1% like-for-like increase in 2019 container volumes across its network compared with a year earlier. The company said it was operating in a challenging market, caused by the trade war between the U.S. and China and geopolitical tensions in the Middle East.\n\nDP World shares were up 10% at $14.30 on Monday.\n\nWrite to Rory Jones at rory.jones@wsj.com",
    "published": "2020-02-17"
  },
  {
    "source": "WSJ",
    "title": "Coronavirus Outbreak Sets Back China’s Biggest Political Assembly",
    "summary": "The National People’s Congress is set to postpone its annual March meeting where the government sets out its policy agenda for the year",
    "link": "https://www.wsj.com/articles/coronavirus-outbreak-sets-back-chinas-biggest-political-assembly-11581929843?mod=Searchresults_pos10&page=8",
    "content": "China plans to postpone an annual political conclave originally scheduled for early March, setting back a showpiece event for demonstrating Communist Party authority as officials scramble to contain a coronavirus outbreak that has shaken confidence in President Xi Jinping’s rule.\n\nState media said Monday that senior officials at China’s national legislature and a related government-advisory body have proposed delaying their annual meetings in Beijing, which would have drawn some 5,000 delegates from across the country for a roughly two-week gathering.\n\nTracking the Coronavirus 14 Americans repatriated to the U.S. from the Diamond Princess cruise ship currently docked in Japan tested positive for the virus.\n\nIn Taiwan, health authorities Sunday reported the island’s first death from the coronavirus.\n\nOfficials in Shanghai began barring passengers without masks from taking the city’s buses or taxis.\n\nKnown locally as the “Two Sessions,” the meetings are largely set pieces of political theater, where the Communist Party elite projects an air of national unity and outlines its policy priorities for the coming year.\n\nThis year, uncertainty has loomed over the meetings as the outbreak of the virus, which causes a respiratory disease called Covid-19, sickened more than 70,000 people and claimed more than 1,770 lives. Mr. Xi has declared a “people’s war” against the disease, calling on officials and ordinary citizens to spare no effort in containing the epidemic.\n\nTop officials at the National People’s Congress, China’s legislature, believe postponing their annual session is necessary for ensuring that the proper focus is kept on fighting the epidemic and safeguarding public health and safety, according to Zang Tiewei, a spokesman for the legislature’s legal-affairs committee.\n\nMany congressional deputies are regional and local officials who play important front-line roles in China’s efforts to contain the epidemic, Mr. Zang said in remarks carried by the official Xinhua News Agency.\n\nThe delay would mark the first time China hasn’t started the annual sessions of its national legislature and advisory body in the first week of March since 1997. Postponing the meetings would help Mr. Xi avoid potential criticism from attendees about the Communist Party’s handling of the epidemic, according to China politics watchers.\n\nAs public debate simmers over perceived government missteps during the early stages of the outbreak, “delegates may raise awkward questions about responsibility and accountability,” said Zhang Lifan, an independent historian in Beijing.\n\nDelaying the meetings would buy time for Mr. Xi to unify China’s political elite around a common message on the crisis and its fallout, while reducing the risk of the disease spreading among delegates and reaching the innermost circles of power, Mr. Zhang said.\n\nThe two sessions have in the past allowed delegates—comprising officials, businesspeople and other political notables—to debate policy and, to some extent, vent critical views. But as Mr. Xi ramped up efforts to squelch dissent, recent editions have been reduced to little more than displays of loyalty to the Chinese leader and his agenda.\n\nFor instance, two years ago, Mr. Xi used the congressional meeting to scrap term limits on his presidency, eliminating a check against lifelong rule and firmly establishing himself as China’s most powerful ruler since Mao Zedong, amid virtually unanimous praise from delegates.\n\nMr. Xi’s leadership has since come under fire from some within China’s political and business elite, who have accused him of concentrating too much power in his hands and mishandling a slowdown in the world’s second-largest economy, a bruising trade war with the U.S. and anti-Beijing protests in the semiautonomous city of Hong Kong.\n\nThe Covid-19 outbreak, which emerged in the central Chinese city of Wuhan late last year, has fueled more discontent. Many ordinary Chinese feel directly threatened by the outbreak, and some have questioned why Mr. Xi has been largely absent from the front lines of the “people’s war” he says he is leading. Mr. Xi sent his titular No. 2, Premier Li Keqiang, to visit Wuhan in late January.\n\nIn an apparent response to such criticism, Mr. Xi has sought to emphasize his personal role in directing the government response. Last week, Mr. Xi visited a Beijing hospital treating infected patients and a local disease-control office, after weeks of remaining largely out of public view.\n\nOver the weekend, state media took the unusual step of publishing remarks that Mr. Xi made at a Feb. 3 meeting of the Communist Party’s top leadership, where he said he had issued instructions on the government’s response to the epidemic in early January—nearly two weeks before he first spoke publicly about the outbreak and while local officials in Wuhan were still playing down its severity.\n\nIt isn’t clear when the sessions of the National People’s Congress and the advisory body will be convened. The planned rescheduling comes amid widespread uncertainty around China when school classes and businesses can be expected to resume normal operations.\n\nA meeting of the National People's Congress in March 2019 in Beijing. Photo: Huang Jingwen/xinhua/Zuma Press\n\nMr. Zang, the legislative official, said delays to the annual congressional session require approval from senior lawmakers, who state media said would convene next week to discuss the proposed postponement, as well as to review proposed legislation to tighten restrictions on the trade and consumption of wildlife—practices that scientists believe helped the new coronavirus leap from animals to humans.\n\nTop officials at the advisory body Monday also discussed delaying their annual meeting, state media said, without elaborating. China politics watchers say such deliberations are procedural formalities.\n\nOfficials have said the Covid-19 outbreak appears to have stemmed from a Wuhan food market that offered carcasses and live specimens of dozens of wild animals—from bamboo rats to ostriches, baby crocodiles and hedgehogs.\n\nChinese authorities have continued stepping up epidemic controls. Officials in Shanghai began barring passengers without masks from taking the city’s buses or taxis, in an attempt to stop the virus’s spread in the country’s main financial center.\n\nChina’s central bank on Monday cut a key interest rate in another move to support the ailing economy.\n\nIn Macau, a semiautonomous Chinese city that is the world’s biggest casino market, authorities said they would reopen its casinos for business on Thursday, after shutting them down earlier this month amid coronavirus concerns.\n\nThe city said it is working with casino companies to prepare for reopening, according to a government statement. It said everyone will be required to take their temperature and wear a mask before entering a casino.\n\nAnd in Taiwan, health authorities Sunday reported the self-ruled island’s first death from the coronavirus.\n\nJoyu Wang contributed to this article.\n\nWrite to Chun Han Wong at chunhan.wong@wsj.com",
    "published": "2020-02-17"
  }
]