[
  {
    "source": "WSJ",
    "title": "Emerging and Growth Markets, January 4th 2019",
    "summary": "Note: This is a web-version of the WSJ’s weekly Emerging & Growth Markets newsletter. The newsletter is a companion to Strategic Intelligence, an information resource focused on emerging markets that brings together the global news coverage of The Wall Street Journal with the analysis of market intelligence firm DuckerFrontier. Click here to receive the newsletter in your inbox.",
    "link": "https://www.wsj.com/articles/emerging-and-growth-markets-january-4th-2019-01578150727?mod=Searchresults_pos5&page=18",
    "content": "Note: This is a web-version of the WSJ’s weekly Emerging & Growth Markets newsletter. The newsletter is a companion to Strategic Intelligence, an information resource focused on emerging markets that brings together the global news coverage of The Wall Street Journal with the analysis of market intelligence firm DuckerFrontier. Click here to receive the newsletter in your inbox.\n\nSouth Africa’s scandal-hit state firms put economy on ‘cliff’s edge.’ Growing problems at South Africa’s state-owned enterprises are pushing major companies toward bankruptcy and subjecting the continent’s most developed economy to rolling blackouts that are choking growth, Alexandra Wexler reports. In December, South African Airways narrowly avoided collapse after the government loaned it 2 billion South African rand ($137 million) and ordered a restructuring.\n\nThe airline’s plight reflects the broader malaise of the country’s mismanaged and heavily indebted state-owned companies that President Cyril Ramaphosa has pledged to fix. His government also recently provided a 59 billion rand bailout of state-owned power utility Eskom. The inability of the company to generate sufficient power has left parts of major cities like Johannesburg and Cape Town without electricity for up to 8 hours a day.\n\nThe escalating crisis and its impact on the public finances is a threat to South Africa’s economy, which contracted 0.6% in the third quarter. Eskom’s debt of about 450 billion rand, for example, represents almost 9% of South Africa’s gross domestic product. “Now we’re on the cliff’s edge,” said Peter Attard Montalto, head of capital markets research at Intellidex, a South African research firm. “It’s really gluing sentiment to the floor.”\n\nAfrica’s first ‘unicorn’ may need to seek more funding. Jumia Technologies, the US-listed ecommerce company focused on markets in Africa, does not seem to have a clear path to creating positive cash flow, Micah Maidenberg writes. According to Nirgunan Tiruchelvam, head of consumer sector equity research at Tellimer, the company may need to seek new funding by the end of this year.\n\nIn November, executives at Jumia said they planned to focus on lifting sales volumes and lowering costs to reduce cash use. Jumia, which achieved a valuation of more than $1 billion in 2016, has seen its stock price tumble since its April 2019 IPO. The shares now stand at less than half their IPO price.\n\nWhile the firm has often been compared to Amazon, Mr. Tiruchelvam said Jumia’s operating environment is vastly different from Amazon’s. Twenty years ago, retail in the U.S. accounted for a significant portion of GDP, he said, but across Africa, retail penetration is still much lower. “There’s no doubt retail penetration in Africa is going to rise, but it needs to rise to a similar level that America had,” before ecommerce can take off, Mr. Tiruchelvam said.\n\nAsia\n\nChina slowdown drags on rest of region. The continuing decline in China’s economic growth could trim expectations over the coming year for the Asia Pacific region as a whole, Moody’s says. In its annual outlook, the firm said trade tensions are adding to the pressure, posing “an extra key challenge to China and the region’s more trade-reliant economies.”\n\nOne country that has not suffered from the trade tensions is Vietnam. The fast-growing Southeast Asian powerhouse has benefitted as manufacturers moved production there in response to the standoff between China and the U.S.\n\nAfter a year of strong growth, though, the country’s expansion will ease in 2020, Fitch forecasts. According to the firm, growth has already eased, dropping to 7.0% year-on-year in the fourth quarter of last year from 7.5% in the third quarter.\n\n“Infrastructure and human capital bottlenecks will likely continue to cap growth of the manufacturing sector, and continued damming upstream of the Mekong River from Laos and the outbreak of African swine fever will weigh on growth of the agriculture sector,” Fitch said.\n\nThe firm expects Vietnam to notch up real GDP growth of 6.8% this year.\n\nMiddle East\n\nTensions rise in Middle East after U.S. killing of Iranian military leader. President Trump’s decision to order an airstrike that killed a powerful Iranian military leader on Iraqi soil reverberated through the Middle East on Friday, as Tehran vowed revenge, its allies in Iraq pressed to expel U.S. forces and the U.S. said it would deploy some 3,500 more troops to the region, Isabel Coles reports.\n\nThe killing of Maj. Gen. Qassem Soleimani, whom the U.S. holds responsible for the deaths of hundreds of American and coalition service members, marks a major step by the U.S. following months of rising tensions. The strike eliminates a nemesis who has challenged the U.S. since the 2003 Iraq invasion, but raises the specter of Iranian retaliation and puts the future of the U.S.-led coalition’s presence in Iraq in further doubt.\n\nThe Pentagon blamed Gen. Soleimani for orchestrating a recent spate of rocket attacks targeting Iraqi bases where members of the U.S.-led coalition are stationed, culminating in the killing of an American contractor last week. Iraq’s Prime Minister Adel Abdul-Mahdi condemned the overnight strike in Baghdad, which also killed a top Iraqi paramilitary commander, as a flagrant breach of the terms of the presence of U.S. forces. Mr. Abdul-Mahdi called for measures “to protect Iraq’s dignity and sovereignty.”\n\nEurope\n\nUkrainian government and rival separatists exchange prisoners amid push for peace. Ukrainian government forces and pro-Russia separatists exchanged dozens of prisoners, a small step toward a rapprochement between two sides that have been engaged in a slow-burning conflict for almost six years, Ann M. Simmons reports. Sunday’s swap, which took place at a checkpoint in eastern Ukraine, followed peace talks in Paris in December between Ukrainian President Volodymyr Zelensky and his Russian counterpart Vladimir Putin.\n\nThe exchange was among several measures aimed at dialing down tensions and defusing the fighting.\n\nRepresentatives of the separatist-held Luhansk and Donetsk regions of eastern Ukraine said a total of 124 prisoners had been returned to the separatists. Mr. Zelensky said 81 people have been released by the separatists, 76 of whom had returned to the part of Ukraine controlled by Kyiv. The others remained in the breakaway territories because their families are there.\n\nCEE growth likely to slow. Economic growth in Central and Eastern European markets is likely to ease further in 2020, according to the Institute of International Finance. Trade tension between the European Union and the U.S., particularly around the automotive sector, is depressing business sentiment in the region and the impact of Brexit is expected to be negative, Ugras Ulku, head of CEEMEA research at IIF, said.\n\nCiti’s analysts agree. In its report on prospects for 2020, Citi said some high-frequency growth indicators had shown an uptick but the overall picture remains challenging. “We believe Central European economies are still under the effect of a sharp move down in European output over the past 6-9 months and a car sector that is still suffering from important structural headwinds,” the bank said.\n\nLatin America\n\nRisks remain for fragile Latin American recovery. After a year of political turmoil, slowing global growth and uncertainty over trade prospects, Latin America faces a decidedly uncertain future, Moody’s said. But despite a rash of violence and political turmoil, most of the region’s economies are relatively stable, the firm said, and trade prospects are improving as Brazil lowers tariffs and the U.S. and Mexico work to resolve their differences.\n\nThe coming year will be far from plain sailing, though. “Idiosyncratic shocks similar to those seen in 2019 could further dim prospects for next year,” Moody’s said. The firm expects economic growth to be higher in 2020 than 2019 but to remain around a percentage point below the average level over the past decade. “Political dynamics will likely continue to weigh on progress,” the firm added.\n\nS&P upgrades Argentina’s credit rating. S&P Global Ratings has raised its long-term foreign-currency sovereign credit rating on Argentina to CC from “selective default,” SD, with a negative outlook, Stephen Nakrosis reports.\n\nS&P made the move in the wake of successful peso-denominated debt auctions and the government’s making an on-time bond payment of 24.3 billion pesos on December 23.\n\nEarlier in December, the country unilaterally extended US dollar-denominated short-term paper, or Letes, held by private-sector creditors.\n\nArgentina’s stock market has been recovering strongly from its early-September slump and finished the year with a near-38% annual gain. Investor optimism in the country’s new government might be misplaced, though, according to Capital Economics. The firm notes that the government of President Alberto Fernandez has yet to outline a plan to address its debt crisis while aiming to renegotiate a bailout package with the IMF, Ryan Dube reports.\n\nThe firm says the recent moves by the government have reduced the likelihood of a default on foreign debt in the near term, but will simply push the debt problem down the road.\n\nGlobal\n\nDebt burden and global headwinds haunt emerging markets.Emerging-market governments globally face a significant challenge in 2020 as they confront a “looming maturity wall of nearly $5 trillion,” according to Fitch. Countries’ debts have grown significantly in recent years, putting them in a precarious position if global risk appetite diminishes.\n\n“The aggregate rise in global indebtedness in 2019…will increase vulnerabilities for key sectors in the event of a more rapid than expected economic downturn,” the firm said. “Emerging markets are generally in a weaker position with greater vulnerability to shifts in investor sentiment and have a higher starting point for debt with corresponding higher levels of refinancing risk.”\n\nFrom an investment point of view, though, emerging market bonds still present interesting opportunities, Jim Barrineau, head of EM debt at Schroders, said. “Despite strong performance [in 2019] overall valuations are fair but not expensive,” he said. “With very low yields available across most mainstream developed fixed-income markets, EM dollar index yields of just over 5% remain attractive,” he added.\n\nWhat We’re Reading\n\nGhana wants to join new West African currency but ditch euro peg. (Reuters)\n\nKenyan economic growth drops to two-year low as drought hits crops. (Bloomberg)\n\nEthiopia to set $200,000 minimum spend for foreign investors. (Bloomberg)\n\nU.N. warns aid in Zimbabwe is running out. (DW)\n\nMorocco car production ‘set to reach 1 million’ by 2023. (MWN)\n\nVietnam to punish firms for fake labels on China products. (Strait Times)\n\nThousands lose jobs and casinos close as Cambodia’s online gambling ban bites. (Reuters)\n\nMyanmar villagers protest over compensation for land lost to China-backed copper mine. (Radio Free Asia)\n\nSri Lanka ‘hopes for more Chinese investment’ in 2020. (Xinhua)\n\nFloods inundate sinking Jakarta, leaving dozens dead after torrential rain. (WSJ)\n\nIran and U.S. shift to open confrontation in Iraq. (WSJ)\n\nEmails show Pentagon official’s concerns over Ukraine aid freeze. (WSJ)\n\nIFC invests $50m in Ecuador green bond. (Renewables Now)\n\nGuyana has a sleepy stock exchange, but an oil discovery could change that. (WSJ)\n\nBolivia expels Mexican and Spanish diplomats. (WSJ)\n\nBolivia’s coca growers face bleak future after Morales’ downfall. (WSJ)\n\nArgentina’s Fernandez says social pact sends ‘strong message’ to IMF and creditors. (Reuters)",
    "published": "2020-01-04"
  },
  {
    "source": "WSJ",
    "title": "Two Views on How Trump’s Tax Cuts Have Worked Out",
    "summary": "A White House insider describes a marked shift in the labor market, while an outside economist sees a short-term boost and a lasting deficit increase",
    "link": "https://www.wsj.com/articles/two-views-on-how-trumps-tax-cuts-have-worked-out-11578114001?mod=Searchresults_pos5&page=16",
    "content": "Around the White House, the mood is buoyant and the Tax Cuts and Jobs Act is held up as a rousing success: Wages are up, unemployment is down and members of disadvantaged groups are faring particularly well as the economic expansion moves into its second decade.\n\nTomas Philipson, acting chairman, Council of Economic Advisers\n\nThe Tax Cut...Is Responsible for the ‘Great Labor Market We Have Right Now’\n\nSome of that is to be expected as an expansion ages and lower-skilled, lower-income workers enter the labor force, said Tomas Philipson , the acting chairman of the White House Council of Economic Advisers. But he describes what has happened as a marked shift in the labor market, starting near the end of 2016.\n\n“There’s a big difference between what people thought at the end of ‘16 [compared to] what actually happened through the next two and a half or three years,” Mr. Philipson said, citing job-growth numbers that have exceeded past forecasts. “The corporate tax cut raised labor demand. It’s partly responsible, I think everyone agrees, for the great labor market we have right now. Maybe some people don’t agree. But we think so.”\n\nThe economy was growing before President Trump took office, and it’s hard to know whether that trend would have continued without the tax cut. CEA, which tracks economic changes from around the 2016 election, argues that President Trump’s economic policies kept the expansion that started in 2009 from petering out. And rather than looking at the tax law in isolation, the administration’s economists see it as part of the broader Trump agenda, which includes deregulation, energy production and trade-policy changes.\n\nMr. Philipson, a University of Chicago professor who also served in the George W. Bush administration, said recent declines in business investment don’t necessarily mean the tax law isn’t working. Investment climbed in late 2017 and early 2018, and he argues that that one-time boost is enough to create sustained benefits.\n\nRecent softness may stem from trade-policy uncertainty as the administration has been engaged in tariff fights and negotiations with countries on four continents.\n\n“By the mere fact of having a trade negotiation and uncertainty what that negotiation will lead to,” he said, “you have an incentive for investment to essentially take into account that uncertainty and slow down.”\n\nA technical glitch in the law could be another factor dampening business investment, particularly in buildings. Because of a drafting error, certain building renovations must now be depreciated over 39 years; the idea had been to grant full deductions immediately rather than over 15 years as required previously.\n\nBefore the law passed, the administration contended that over the long run, it would lead to a boost of average household income by $4,000 a year above what would have happened otherwise. CEA says it estimates that wages have risen $1,500 beyond what would have happened otherwise under the pre-law trend, but there are different ways to calculate that. Instead, the administration has been talking more about increases in disposable income, a measure that includes wage growth that would have happened anyway as well as the direct tax cuts themselves.\n\nData is still scarce on the effect of opportunity zones, the incentive for wealthy people to invest in low-income areas. Mr. Philipson sees it as a shift in how the government attempts to aid low-income residents, instead of subsidizing their demand for health care, housing and food.\n\nHere, he said, “We lower taxes, and we try to basically stimulate investment and therefore labor demand and therefore self-sufficiency of the poor.”\n\nLEONARD BURMAN, fellow, the Urban Institute\n\nThe Tax Cut…Ballooned the Deficit for a Short-Lived Stimulus\n\nMany economists expected the tax law to deliver a short-term boost to economic growth and a lasting increase to federal budget deficits. That’s exactly what’s happened, says Leonard Burman , a fellow at the Urban Institute, a nonpartisan policy research group in Washington.\n\n“It hasn’t caused a disaster so far,” said Mr. Burman, who was a Treasury Department official during the Clinton administration. However, he said, “If there are positive economic effects that I didn’t expect, I’m not aware of those.”\n\nBy cutting taxes, the law gave businesses and individuals more money to spend and that expanded the economy. But Mr. Burman says the long-run benefits the law’s authors promised—business investment and significant real wage growth—haven’t materialized. Business investment rose in 2018 but has started shrinking in recent quarters amid uncertainty over trade policy.\n\n“It’s just that classic economic stimulus,” he said. “There’s not a lot of evidence that there’s been a very quick response to investment.”\n\nAnd even that economic stimulus hasn’t been particularly well targeted, he said, because too much of the tax cut went to high-income taxpayers who are less likely to spend any additional money they get.\n\n“We borrowed a lot of money to give tax cuts to big corporations and rich people in not the most effective way,” he said. “The real concern is the growing debt and the possibility that interest rates won’t stay low forever—and I don’t think they will.”\n\nTo Mr. Burman, the silver lining in the GOP tax law is its limits on itemized deductions, achieved in part by expanding the standard deduction. Once taken by nearly one-third of taxpayers, itemized deductions are now concentrated among a much smaller group.\n\nThat, he said, “makes it conceivable that you could take on tax breaks that were thought to be sacrosanct like the mortgage interest deduction,” perhaps replacing what’s left of that break with a tax credit that could be more progressive and do more to encourage homeownership.\n\nThe expanded standard deduction also could make it easier for Congress to create a tax-filing system where most people either don’t have to fill out returns or where the Internal Revenue Service prefills tax returns. These features “certainly make it possible to fix some of the big flaws in the tax law,” he said.\n\n-Richard Rubin\n\nWrite to Richard Rubin at richard.rubin@wsj.com\n\nShare Your Thoughts Do you think the 2017 tax law has worked as intended? Why or why not? Join the conversation below.",
    "published": "2020-01-04"
  },
  {
    "source": "WSJ",
    "title": "Two Views on How Trump’s Tax Cuts Have Worked Out",
    "summary": "A White House insider describes a marked shift in the labor market, while an outside economist sees a short-term boost and a lasting deficit increase",
    "link": "https://www.wsj.com/articles/two-views-on-how-trumps-tax-cuts-have-worked-out-11578114001?mod=Searchresults_pos5&page=16",
    "content": "Around the White House, the mood is buoyant and the Tax Cuts and Jobs Act is held up as a rousing success: Wages are up, unemployment is down and members of disadvantaged groups are faring particularly well as the economic expansion moves into its second decade.\n\nTomas Philipson, acting chairman, Council of Economic Advisers\n\nThe Tax Cut...Is Responsible for the ‘Great Labor Market We Have Right Now’\n\nSome of that is to be expected as an expansion ages and lower-skilled, lower-income workers enter the labor force, said Tomas Philipson , the acting chairman of the White House Council of Economic Advisers. But he describes what has happened as a marked shift in the labor market, starting near the end of 2016.\n\n“There’s a big difference between what people thought at the end of ‘16 [compared to] what actually happened through the next two and a half or three years,” Mr. Philipson said, citing job-growth numbers that have exceeded past forecasts. “The corporate tax cut raised labor demand. It’s partly responsible, I think everyone agrees, for the great labor market we have right now. Maybe some people don’t agree. But we think so.”\n\nThe economy was growing before President Trump took office, and it’s hard to know whether that trend would have continued without the tax cut. CEA, which tracks economic changes from around the 2016 election, argues that President Trump’s economic policies kept the expansion that started in 2009 from petering out. And rather than looking at the tax law in isolation, the administration’s economists see it as part of the broader Trump agenda, which includes deregulation, energy production and trade-policy changes.\n\nMr. Philipson, a University of Chicago professor who also served in the George W. Bush administration, said recent declines in business investment don’t necessarily mean the tax law isn’t working. Investment climbed in late 2017 and early 2018, and he argues that that one-time boost is enough to create sustained benefits.\n\nRecent softness may stem from trade-policy uncertainty as the administration has been engaged in tariff fights and negotiations with countries on four continents.\n\n“By the mere fact of having a trade negotiation and uncertainty what that negotiation will lead to,” he said, “you have an incentive for investment to essentially take into account that uncertainty and slow down.”\n\nA technical glitch in the law could be another factor dampening business investment, particularly in buildings. Because of a drafting error, certain building renovations must now be depreciated over 39 years; the idea had been to grant full deductions immediately rather than over 15 years as required previously.\n\nBefore the law passed, the administration contended that over the long run, it would lead to a boost of average household income by $4,000 a year above what would have happened otherwise. CEA says it estimates that wages have risen $1,500 beyond what would have happened otherwise under the pre-law trend, but there are different ways to calculate that. Instead, the administration has been talking more about increases in disposable income, a measure that includes wage growth that would have happened anyway as well as the direct tax cuts themselves.\n\nData is still scarce on the effect of opportunity zones, the incentive for wealthy people to invest in low-income areas. Mr. Philipson sees it as a shift in how the government attempts to aid low-income residents, instead of subsidizing their demand for health care, housing and food.\n\nHere, he said, “We lower taxes, and we try to basically stimulate investment and therefore labor demand and therefore self-sufficiency of the poor.”\n\nLEONARD BURMAN, fellow, the Urban Institute\n\nThe Tax Cut…Ballooned the Deficit for a Short-Lived Stimulus\n\nMany economists expected the tax law to deliver a short-term boost to economic growth and a lasting increase to federal budget deficits. That’s exactly what’s happened, says Leonard Burman , a fellow at the Urban Institute, a nonpartisan policy research group in Washington.\n\n“It hasn’t caused a disaster so far,” said Mr. Burman, who was a Treasury Department official during the Clinton administration. However, he said, “If there are positive economic effects that I didn’t expect, I’m not aware of those.”\n\nBy cutting taxes, the law gave businesses and individuals more money to spend and that expanded the economy. But Mr. Burman says the long-run benefits the law’s authors promised—business investment and significant real wage growth—haven’t materialized. Business investment rose in 2018 but has started shrinking in recent quarters amid uncertainty over trade policy.\n\n“It’s just that classic economic stimulus,” he said. “There’s not a lot of evidence that there’s been a very quick response to investment.”\n\nAnd even that economic stimulus hasn’t been particularly well targeted, he said, because too much of the tax cut went to high-income taxpayers who are less likely to spend any additional money they get.\n\n“We borrowed a lot of money to give tax cuts to big corporations and rich people in not the most effective way,” he said. “The real concern is the growing debt and the possibility that interest rates won’t stay low forever—and I don’t think they will.”\n\nTo Mr. Burman, the silver lining in the GOP tax law is its limits on itemized deductions, achieved in part by expanding the standard deduction. Once taken by nearly one-third of taxpayers, itemized deductions are now concentrated among a much smaller group.\n\nThat, he said, “makes it conceivable that you could take on tax breaks that were thought to be sacrosanct like the mortgage interest deduction,” perhaps replacing what’s left of that break with a tax credit that could be more progressive and do more to encourage homeownership.\n\nThe expanded standard deduction also could make it easier for Congress to create a tax-filing system where most people either don’t have to fill out returns or where the Internal Revenue Service prefills tax returns. These features “certainly make it possible to fix some of the big flaws in the tax law,” he said.\n\n-Richard Rubin\n\nWrite to Richard Rubin at richard.rubin@wsj.com\n\nShare Your Thoughts Do you think the 2017 tax law has worked as intended? Why or why not? Join the conversation below.",
    "published": "2020-01-04"
  },
  {
    "source": "WSJ",
    "title": "Emerging and Growth Markets, January 4th 2019",
    "summary": "Note: This is a web-version of the WSJ’s weekly Emerging & Growth Markets newsletter. The newsletter is a companion to Strategic Intelligence, an information resource focused on emerging markets that brings together the global news coverage of The Wall Street Journal with the analysis of market intelligence firm DuckerFrontier. Click here to receive the newsletter in your inbox.",
    "link": "https://www.wsj.com/articles/emerging-and-growth-markets-january-4th-2019-01578150727?mod=Searchresults_pos5&page=18",
    "content": "Note: This is a web-version of the WSJ’s weekly Emerging & Growth Markets newsletter. The newsletter is a companion to Strategic Intelligence, an information resource focused on emerging markets that brings together the global news coverage of The Wall Street Journal with the analysis of market intelligence firm DuckerFrontier. Click here to receive the newsletter in your inbox.\n\nSouth Africa’s scandal-hit state firms put economy on ‘cliff’s edge.’ Growing problems at South Africa’s state-owned enterprises are pushing major companies toward bankruptcy and subjecting the continent’s most developed economy to rolling blackouts that are choking growth, Alexandra Wexler reports. In December, South African Airways narrowly avoided collapse after the government loaned it 2 billion South African rand ($137 million) and ordered a restructuring.\n\nThe airline’s plight reflects the broader malaise of the country’s mismanaged and heavily indebted state-owned companies that President Cyril Ramaphosa has pledged to fix. His government also recently provided a 59 billion rand bailout of state-owned power utility Eskom. The inability of the company to generate sufficient power has left parts of major cities like Johannesburg and Cape Town without electricity for up to 8 hours a day.\n\nThe escalating crisis and its impact on the public finances is a threat to South Africa’s economy, which contracted 0.6% in the third quarter. Eskom’s debt of about 450 billion rand, for example, represents almost 9% of South Africa’s gross domestic product. “Now we’re on the cliff’s edge,” said Peter Attard Montalto, head of capital markets research at Intellidex, a South African research firm. “It’s really gluing sentiment to the floor.”\n\nAfrica’s first ‘unicorn’ may need to seek more funding. Jumia Technologies, the US-listed ecommerce company focused on markets in Africa, does not seem to have a clear path to creating positive cash flow, Micah Maidenberg writes. According to Nirgunan Tiruchelvam, head of consumer sector equity research at Tellimer, the company may need to seek new funding by the end of this year.\n\nIn November, executives at Jumia said they planned to focus on lifting sales volumes and lowering costs to reduce cash use. Jumia, which achieved a valuation of more than $1 billion in 2016, has seen its stock price tumble since its April 2019 IPO. The shares now stand at less than half their IPO price.\n\nWhile the firm has often been compared to Amazon, Mr. Tiruchelvam said Jumia’s operating environment is vastly different from Amazon’s. Twenty years ago, retail in the U.S. accounted for a significant portion of GDP, he said, but across Africa, retail penetration is still much lower. “There’s no doubt retail penetration in Africa is going to rise, but it needs to rise to a similar level that America had,” before ecommerce can take off, Mr. Tiruchelvam said.\n\nAsia\n\nChina slowdown drags on rest of region. The continuing decline in China’s economic growth could trim expectations over the coming year for the Asia Pacific region as a whole, Moody’s says. In its annual outlook, the firm said trade tensions are adding to the pressure, posing “an extra key challenge to China and the region’s more trade-reliant economies.”\n\nOne country that has not suffered from the trade tensions is Vietnam. The fast-growing Southeast Asian powerhouse has benefitted as manufacturers moved production there in response to the standoff between China and the U.S.\n\nAfter a year of strong growth, though, the country’s expansion will ease in 2020, Fitch forecasts. According to the firm, growth has already eased, dropping to 7.0% year-on-year in the fourth quarter of last year from 7.5% in the third quarter.\n\n“Infrastructure and human capital bottlenecks will likely continue to cap growth of the manufacturing sector, and continued damming upstream of the Mekong River from Laos and the outbreak of African swine fever will weigh on growth of the agriculture sector,” Fitch said.\n\nThe firm expects Vietnam to notch up real GDP growth of 6.8% this year.\n\nMiddle East\n\nTensions rise in Middle East after U.S. killing of Iranian military leader. President Trump’s decision to order an airstrike that killed a powerful Iranian military leader on Iraqi soil reverberated through the Middle East on Friday, as Tehran vowed revenge, its allies in Iraq pressed to expel U.S. forces and the U.S. said it would deploy some 3,500 more troops to the region, Isabel Coles reports.\n\nThe killing of Maj. Gen. Qassem Soleimani, whom the U.S. holds responsible for the deaths of hundreds of American and coalition service members, marks a major step by the U.S. following months of rising tensions. The strike eliminates a nemesis who has challenged the U.S. since the 2003 Iraq invasion, but raises the specter of Iranian retaliation and puts the future of the U.S.-led coalition’s presence in Iraq in further doubt.\n\nThe Pentagon blamed Gen. Soleimani for orchestrating a recent spate of rocket attacks targeting Iraqi bases where members of the U.S.-led coalition are stationed, culminating in the killing of an American contractor last week. Iraq’s Prime Minister Adel Abdul-Mahdi condemned the overnight strike in Baghdad, which also killed a top Iraqi paramilitary commander, as a flagrant breach of the terms of the presence of U.S. forces. Mr. Abdul-Mahdi called for measures “to protect Iraq’s dignity and sovereignty.”\n\nEurope\n\nUkrainian government and rival separatists exchange prisoners amid push for peace. Ukrainian government forces and pro-Russia separatists exchanged dozens of prisoners, a small step toward a rapprochement between two sides that have been engaged in a slow-burning conflict for almost six years, Ann M. Simmons reports. Sunday’s swap, which took place at a checkpoint in eastern Ukraine, followed peace talks in Paris in December between Ukrainian President Volodymyr Zelensky and his Russian counterpart Vladimir Putin.\n\nThe exchange was among several measures aimed at dialing down tensions and defusing the fighting.\n\nRepresentatives of the separatist-held Luhansk and Donetsk regions of eastern Ukraine said a total of 124 prisoners had been returned to the separatists. Mr. Zelensky said 81 people have been released by the separatists, 76 of whom had returned to the part of Ukraine controlled by Kyiv. The others remained in the breakaway territories because their families are there.\n\nCEE growth likely to slow. Economic growth in Central and Eastern European markets is likely to ease further in 2020, according to the Institute of International Finance. Trade tension between the European Union and the U.S., particularly around the automotive sector, is depressing business sentiment in the region and the impact of Brexit is expected to be negative, Ugras Ulku, head of CEEMEA research at IIF, said.\n\nCiti’s analysts agree. In its report on prospects for 2020, Citi said some high-frequency growth indicators had shown an uptick but the overall picture remains challenging. “We believe Central European economies are still under the effect of a sharp move down in European output over the past 6-9 months and a car sector that is still suffering from important structural headwinds,” the bank said.\n\nLatin America\n\nRisks remain for fragile Latin American recovery. After a year of political turmoil, slowing global growth and uncertainty over trade prospects, Latin America faces a decidedly uncertain future, Moody’s said. But despite a rash of violence and political turmoil, most of the region’s economies are relatively stable, the firm said, and trade prospects are improving as Brazil lowers tariffs and the U.S. and Mexico work to resolve their differences.\n\nThe coming year will be far from plain sailing, though. “Idiosyncratic shocks similar to those seen in 2019 could further dim prospects for next year,” Moody’s said. The firm expects economic growth to be higher in 2020 than 2019 but to remain around a percentage point below the average level over the past decade. “Political dynamics will likely continue to weigh on progress,” the firm added.\n\nS&P upgrades Argentina’s credit rating. S&P Global Ratings has raised its long-term foreign-currency sovereign credit rating on Argentina to CC from “selective default,” SD, with a negative outlook, Stephen Nakrosis reports.\n\nS&P made the move in the wake of successful peso-denominated debt auctions and the government’s making an on-time bond payment of 24.3 billion pesos on December 23.\n\nEarlier in December, the country unilaterally extended US dollar-denominated short-term paper, or Letes, held by private-sector creditors.\n\nArgentina’s stock market has been recovering strongly from its early-September slump and finished the year with a near-38% annual gain. Investor optimism in the country’s new government might be misplaced, though, according to Capital Economics. The firm notes that the government of President Alberto Fernandez has yet to outline a plan to address its debt crisis while aiming to renegotiate a bailout package with the IMF, Ryan Dube reports.\n\nThe firm says the recent moves by the government have reduced the likelihood of a default on foreign debt in the near term, but will simply push the debt problem down the road.\n\nGlobal\n\nDebt burden and global headwinds haunt emerging markets.Emerging-market governments globally face a significant challenge in 2020 as they confront a “looming maturity wall of nearly $5 trillion,” according to Fitch. Countries’ debts have grown significantly in recent years, putting them in a precarious position if global risk appetite diminishes.\n\n“The aggregate rise in global indebtedness in 2019…will increase vulnerabilities for key sectors in the event of a more rapid than expected economic downturn,” the firm said. “Emerging markets are generally in a weaker position with greater vulnerability to shifts in investor sentiment and have a higher starting point for debt with corresponding higher levels of refinancing risk.”\n\nFrom an investment point of view, though, emerging market bonds still present interesting opportunities, Jim Barrineau, head of EM debt at Schroders, said. “Despite strong performance [in 2019] overall valuations are fair but not expensive,” he said. “With very low yields available across most mainstream developed fixed-income markets, EM dollar index yields of just over 5% remain attractive,” he added.\n\nWhat We’re Reading\n\nGhana wants to join new West African currency but ditch euro peg. (Reuters)\n\nKenyan economic growth drops to two-year low as drought hits crops. (Bloomberg)\n\nEthiopia to set $200,000 minimum spend for foreign investors. (Bloomberg)\n\nU.N. warns aid in Zimbabwe is running out. (DW)\n\nMorocco car production ‘set to reach 1 million’ by 2023. (MWN)\n\nVietnam to punish firms for fake labels on China products. (Strait Times)\n\nThousands lose jobs and casinos close as Cambodia’s online gambling ban bites. (Reuters)\n\nMyanmar villagers protest over compensation for land lost to China-backed copper mine. (Radio Free Asia)\n\nSri Lanka ‘hopes for more Chinese investment’ in 2020. (Xinhua)\n\nFloods inundate sinking Jakarta, leaving dozens dead after torrential rain. (WSJ)\n\nIran and U.S. shift to open confrontation in Iraq. (WSJ)\n\nEmails show Pentagon official’s concerns over Ukraine aid freeze. (WSJ)\n\nIFC invests $50m in Ecuador green bond. (Renewables Now)\n\nGuyana has a sleepy stock exchange, but an oil discovery could change that. (WSJ)\n\nBolivia expels Mexican and Spanish diplomats. (WSJ)\n\nBolivia’s coca growers face bleak future after Morales’ downfall. (WSJ)\n\nArgentina’s Fernandez says social pact sends ‘strong message’ to IMF and creditors. (Reuters)",
    "published": "2020-01-04"
  },
  {
    "source": "WSJ",
    "title": "Did the U.S. Tax Overhaul Do What It Promised?",
    "summary": "Two years after Trump’s tax cuts, a deep dive into what happened to jobs, tax revenue, corporate profits and investment.",
    "link": "https://www.wsj.com/articles/did-the-u-s-tax-overhaul-do-what-it-promised-11578114001?mod=Searchresults_pos1&page=7",
    "content": "The Tax Cuts and Jobs Act is now two years old. So what did it do?\n\nThe tax cuts themselves are easy to see: Tax bills went down for most families and corporations. Domestic retailers and banks reaped some of the biggest savings.\n\nHow the law rippled through the economy is muddier. Employment, wages and other key indicators have improved, and the 2020 economy looks stronger than projected at the start of the Trump presidency.\n\nBut many of those metrics were already on the rise before the tax law was signed by President Trump, and most economic numbers don’t show a sharp change that coincides with the tax law. Early growth in business investment seems to have faded; overall economic growth rose before pulling back again. Cross-border investment patterns have changed only modestly.\n\nShare Your Thoughts What changes has your company, or your employer, made because of the 2017 tax overhaul? Join the conversation below.\n\nThe bottom line: It seems clear the tax cuts contributed to economic growth—but not enough to pay for themselves, as many backers promised. And even some of the intended beneficiaries say the gains haven’t been dramatic.\n\n“On the whole it was positive, in that it helped the broader consumer, but on the effective tax rate for us it was a lot less than you’d think,” Whirlpool Corp. Chief Executive Marc Bitzer said in an interview last month. He said the global appliance maker didn’t see a meaningful change in its taxes or boost its U.S. hiring or capital investment as a result of the law.\n\nFor multinational corporations, the law lowered the U.S. federal rate to 21% from 35%, limited some tax breaks, made it easier to get foreign profits to shareholders and sought to make it harder for companies to benefit from very low foreign tax rates. How individual companies fared depended on their mix of foreign and domestic income, among other factors.\n\nIsolating the tax law’s impact—to what extent it spurred investment at a time of general upswing in the U.S. economy—isn’t easy. And it wasn’t the only major economic policy change in the past few years. One of the biggest confounding factors was the trade fight that President Trump has been waging for much of his administration.\n\nAdvertisement\n\nThe tax law’s authors hoped to build certainty for businesses, creating a stable platform for investing. But the climate around the creation of the tax law, which was written and adopted by Republican lawmakers without Democratic support, meant that its long-term future has looked vulnerable to political changes right from the start: Executives worry that major components of the tax law could be altered or repealed if Democrats regain control of the White House or Congress. The leading Democratic presidential candidates have all proposed trillions of dollars in new tax increases, including rolling back the 2017 law’s tax cuts for corporations and high-income individuals.\n\nThe trade war scrambled what certainty was left, leaving businesses unsure about their costs and wary of investing for the long run.\n\n“We are more competitive in the U.S. than we have been for many, many years on the tax front,” said Torsten Sløk , chief economist for Deutsche Bank Securities. So far, he said, the downside effects from trade tension have overshadowed the benefits for business investment from the tax cuts.\n\nWhile Democrats say the tax law hasn’t delivered what it promised, Republicans say it is a big reason the U.S. economy is as strong as it is today.\n\nHere’s what the data show:\n\nIndividuals are paying less of their income in taxes.\n\nAdvertisement\n\nFor households, the law cut tax rates, increased tax credits for families with children, sharply narrowed the alternative minimum tax and expanded the standard deduction — the minimum amount someone can earn before income taxes kick in. Other changes partially offset these savings, such as a repeal of personal exemptions. The result, for almost every income group: lower taxes or bigger net refunds. Here, negative tax rates reflect tax refunds that exceed taxes.\n\nThe law also reshaped what factors determine each person’s tax bill. A bigger standard deduction means fewer people itemize their deductions, so fewer households have incentives for charitable contributions and mortgage-interest payments. The Internal Revenue Service also changed how much it withheld from paychecks, which didn’t affect what people ultimately owed but meant that refunds tended to shrink slightly, compared with prior years.\n\nThe change lowered tax-revenue projections.\n\nAdvertisement\n\nIn mid-2017, before the tax law was drafted, the Congressional Budget Office projected that individual and corporate tax collections would keep growing along with the economy. By reducing tax rates for both groups, the law generally reduced revenue projections from what they would have been absent the tax overhaul.\n\nAnd more revenue is coming from individuals.\n\nThe result: Overall tax revenues as a share of the economy have fallen. Within that smaller revenue stream, more of it is coming from individuals, rather than companies.\n\nLower tax rates pushed up companies’ aftertax profits...\n\nAdvertisement\n\nOverall, the U.S. tax-law change helped push global effective tax rates for S&P 500 companies down, to just under 19% from almost 26% — but energy and materials companies saw their rates rise, and rates fell modestly for consumer-staples companies.\n\n...But a pickup in their spending didn’t last\n\nAdvertisement\n\nHigher profits leave companies with more money to spend or return to shareholders. Proponents argued that companies would invest more in factories, property, vehicles and computers or other equipment. This capital spending, in turn, would stoke production and economic activity at suppliers — a virtuous cycle.\n\nBusiness investment grew faster at first, but not dramatically. In fourth-quarter 2018, a broad measure of business investment rose 5.9% over the same quarter in 2017 — the growth rate the CBO said it had predicted when analyzing the tax legislation.\n\nBut growth soon returned to pre-overhaul levels, and has since all but stalled and even declined from first through third quarter this year.\n\n“Anecdotes don’t show companies are spending a whole heck of a lot more on capex than they have in the past,” said Joe LaVorgna , chief economist for the Americas at Natixis.\n\nAdministration officials argue that this isn’t surprising. They say the one-time bump in capital spending should pay dividends for years to come, as companies reap the benefits of new equipment and facilities.\n\nAdvertisement\n\nEmployment and wages rose.\n\nIf companies were restrained in their capital investment, there’s little question that the job market improved, particularly for those of prime working age, driven at least in part by greater consumer spending.\n\nMuch the same was true of wages and household income, though minimum-wage increases may also be affecting pay.\n\nStill, one widely publicized feature of the 2017 tax law hasn’t held up: The bonuses many companies announced for employees—often described as sharing the benefits of the corporate tax cut with workers —haven’t been repeated, even as company tax savings persist.\n\nHousing prices rose more slowly in some areas.\n\nSome individual provisions of the tax overhaul appear to be leaving their marks as well. The $10,000 cap on state and local tax deductions, for example, has been felt in some housing markets. Areas with more common use of the deduction have seen slower growth in home prices, according to data from Zillow, the real-estate firm.\n\nU.S. companies brought cash back from overseas.\n\nAdvertisement\n\nAnother provision was intended to spur U.S. companies to bring foreign profits to the U.S., by ending a tax obligation previously triggered by such moves. In one sense, it worked: U.S. companies have shifted more than $1 trillion from foreign subsidiaries to their U.S. parents. But the sums are far lower than President Trump predicted, and multinational companies already had plenty of capital even without those foreign profits.\n\nOverall, companies are once again accumulating profits overseas.\n\nMost of what companies retrieved—$500 billion of roughly $775 billion in 2018—came from three low-tax countries: Bermuda, the Netherlands and Ireland, Brad Setser , a senior fellow at the Council on Foreign Relations, has observed. That underscores the degree to which big corporations—particularly those dependent on patents and other intellectual properties, such as big pharmaceutical and technology companies—had shifted past profits to these countries, Mr. Setser says.\n\nSince 2018, the profits retrieved from overseas subsidiaries have, in aggregate, trailed the new profits these subsidiaries have generated abroad. In other words, the foreign-profit stockpile is growing again, not shrinking, albeit more slowly than it used to. That raises the question of how successfully the law is driving U.S. companies to shift more of their operations to the U.S.\n\nAdvertisement\n\nMuch of what they retrieved went to buybacks.\n\nWhat happened to that trillion dollars of foreign-subsidiary profits shifted to U.S. parents? Much of it has gone into share buybacks, which jumped to record levels after the tax law was passed, though that money may then get reinvested in other businesses. “It looks like the corporate tax cut went mainly to buybacks,” said Mr. Sløk at Deutsche Bank Securities.\n\nMuch of the buybacks came from a small number of giant companies: About half of the total in recent periods comes from 20 companies, data from S&P Dow Jones Indices show, and Apple Inc. alone accounted for $18 billion of the buybacks in the second and third quarters of 2019.\n\nA lower domestic tax rate was part of the effort to give both U.S. and foreign companies incentives to invest in the U.S. rather than overseas. So were a reduced tax rate for some U.S. production destined for export, and a complex new global minimum tax rate intended to make low-tax countries less attractive.\n\nSo far, however, there has been only a modest — and temporary — increase in foreign investment in the U.S. The pace of new U.S. investment abroad picked up briefly, before settling down again. (A big dip in U.S. investment abroad in early 2018 reflected the transfer of past profits from foreign subsidiaries to U.S. parents.)\n\nThe cuts came at a cost.\n\nThere is, of course, a price tag for reducing taxes. Absent a similar reduction in spending, or robust economic growth, the federal deficit will rise.\n\nProponents of the tax law said it would pay for itself over the long run; so far, it has not generated the amount of growth that would make that possible.\n\nWrite to Richard Rubin at richard.rubin@wsj.com and Theo Francis at theo.francis@wsj.com",
    "published": "2020-01-04"
  },
  {
    "source": "WSJ",
    "title": "Two Views on How Trump’s Tax Cuts Have Worked Out",
    "summary": "A White House insider describes a marked shift in the labor market, while an outside economist sees a short-term boost and a lasting deficit increase",
    "link": "https://www.wsj.com/articles/two-views-on-how-trumps-tax-cuts-have-worked-out-11578114001?mod=Searchresults_pos7&page=9",
    "content": "Around the White House, the mood is buoyant and the Tax Cuts and Jobs Act is held up as a rousing success: Wages are up, unemployment is down and members of disadvantaged groups are faring particularly well as the economic expansion moves into its second decade.\n\nTomas Philipson, acting chairman, Council of Economic Advisers\n\nThe Tax Cut...Is Responsible for the ‘Great Labor Market We Have Right Now’\n\nSome of that is to be expected as an expansion ages and lower-skilled, lower-income workers enter the labor force, said Tomas Philipson , the acting chairman of the White House Council of Economic Advisers. But he describes what has happened as a marked shift in the labor market, starting near the end of 2016.\n\n“There’s a big difference between what people thought at the end of ‘16 [compared to] what actually happened through the next two and a half or three years,” Mr. Philipson said, citing job-growth numbers that have exceeded past forecasts. “The corporate tax cut raised labor demand. It’s partly responsible, I think everyone agrees, for the great labor market we have right now. Maybe some people don’t agree. But we think so.”\n\nThe economy was growing before President Trump took office, and it’s hard to know whether that trend would have continued without the tax cut. CEA, which tracks economic changes from around the 2016 election, argues that President Trump’s economic policies kept the expansion that started in 2009 from petering out. And rather than looking at the tax law in isolation, the administration’s economists see it as part of the broader Trump agenda, which includes deregulation, energy production and trade-policy changes.\n\nMr. Philipson, a University of Chicago professor who also served in the George W. Bush administration, said recent declines in business investment don’t necessarily mean the tax law isn’t working. Investment climbed in late 2017 and early 2018, and he argues that that one-time boost is enough to create sustained benefits.\n\nRecent softness may stem from trade-policy uncertainty as the administration has been engaged in tariff fights and negotiations with countries on four continents.\n\n“By the mere fact of having a trade negotiation and uncertainty what that negotiation will lead to,” he said, “you have an incentive for investment to essentially take into account that uncertainty and slow down.”\n\nA technical glitch in the law could be another factor dampening business investment, particularly in buildings. Because of a drafting error, certain building renovations must now be depreciated over 39 years; the idea had been to grant full deductions immediately rather than over 15 years as required previously.\n\nBefore the law passed, the administration contended that over the long run, it would lead to a boost of average household income by $4,000 a year above what would have happened otherwise. CEA says it estimates that wages have risen $1,500 beyond what would have happened otherwise under the pre-law trend, but there are different ways to calculate that. Instead, the administration has been talking more about increases in disposable income, a measure that includes wage growth that would have happened anyway as well as the direct tax cuts themselves.\n\nData is still scarce on the effect of opportunity zones, the incentive for wealthy people to invest in low-income areas. Mr. Philipson sees it as a shift in how the government attempts to aid low-income residents, instead of subsidizing their demand for health care, housing and food.\n\nHere, he said, “We lower taxes, and we try to basically stimulate investment and therefore labor demand and therefore self-sufficiency of the poor.”\n\nLEONARD BURMAN, fellow, the Urban Institute\n\nThe Tax Cut…Ballooned the Deficit for a Short-Lived Stimulus\n\nMany economists expected the tax law to deliver a short-term boost to economic growth and a lasting increase to federal budget deficits. That’s exactly what’s happened, says Leonard Burman , a fellow at the Urban Institute, a nonpartisan policy research group in Washington.\n\n“It hasn’t caused a disaster so far,” said Mr. Burman, who was a Treasury Department official during the Clinton administration. However, he said, “If there are positive economic effects that I didn’t expect, I’m not aware of those.”\n\nBy cutting taxes, the law gave businesses and individuals more money to spend and that expanded the economy. But Mr. Burman says the long-run benefits the law’s authors promised—business investment and significant real wage growth—haven’t materialized. Business investment rose in 2018 but has started shrinking in recent quarters amid uncertainty over trade policy.\n\n“It’s just that classic economic stimulus,” he said. “There’s not a lot of evidence that there’s been a very quick response to investment.”\n\nAnd even that economic stimulus hasn’t been particularly well targeted, he said, because too much of the tax cut went to high-income taxpayers who are less likely to spend any additional money they get.\n\n“We borrowed a lot of money to give tax cuts to big corporations and rich people in not the most effective way,” he said. “The real concern is the growing debt and the possibility that interest rates won’t stay low forever—and I don’t think they will.”\n\nTo Mr. Burman, the silver lining in the GOP tax law is its limits on itemized deductions, achieved in part by expanding the standard deduction. Once taken by nearly one-third of taxpayers, itemized deductions are now concentrated among a much smaller group.\n\nThat, he said, “makes it conceivable that you could take on tax breaks that were thought to be sacrosanct like the mortgage interest deduction,” perhaps replacing what’s left of that break with a tax credit that could be more progressive and do more to encourage homeownership.\n\nThe expanded standard deduction also could make it easier for Congress to create a tax-filing system where most people either don’t have to fill out returns or where the Internal Revenue Service prefills tax returns. These features “certainly make it possible to fix some of the big flaws in the tax law,” he said.\n\n-Richard Rubin\n\nWrite to Richard Rubin at richard.rubin@wsj.com\n\nShare Your Thoughts Do you think the 2017 tax law has worked as intended? Why or why not? Join the conversation below.",
    "published": "2020-01-04"
  },
  {
    "source": "WSJ",
    "title": "It Was a Lost Decade for China’s Stock Market, but Investors Bet on Better Times Ahead",
    "summary": "Optimists point to modest valuations and growing role of institutional capital",
    "link": "https://www.wsj.com/articles/it-was-a-lost-decade-for-chinas-stock-market-but-investors-bet-on-better-times-ahead-11578133803?mod=Searchresults_pos9&page=10",
    "content": "As Chinese stocks close out a lost decade, many global investors say the future looks brighter.\n\nThe flagship Shanghai Composite Index dropped 6.9% from Dec. 31, 2009 through Tuesday’s close, making it one of the rare indexes that finished the 2010s in the red. Meanwhile, the S&P 500 nearly tripled, Japan’s Nikkei 225 more than doubled and Europe’s Stoxx 600 jumped by 64%. The figures don’t include dividend payments.\n\nOnly a handful of other stock indexes posted losses over that period on a price-performance basis and in local currency terms, according to a Dow Jones Market Data Group analysis of FactSet data. These included benchmarks in Portugal and Spain, while one in the Czech Republic was flat.\n\nIn the last couple of years, the Shanghai market has struggled with the U.S.-China trade war and slowing domestic growth. Those challenges came after the market’s furious boom and bust in the middle of the decade.\n\nOther major markets have struggled for long periods too, including the U.S. in the inflation-plagued 1970s, or post-bubble Japan in the 1990s. But the poor returns in China are particularly striking because they contrast with such robust growth: the country’s leaders are aiming for the economy to be twice as large by 2020 as it was in 2010.\n\nInvestors and strategists say there is room for optimism this year and beyond, particularly as institutional capital, both Chinese and foreign, plays a bigger role. That could prompt a push for better corporate governance and a clearer focus on shareholder returns.\n\n“This is still a retail-driven stock market,” said Eric Moffett , a portfolio manager at T. Rowe Price in Hong Kong. “We believe that will change and because we’re at a sentiment low, we think it creates a lot of opportunities.”\n\nLow but rising foreign ownership of Chinese stocks is one reason Mr. Moffett thinks the market should perform better in the years ahead.\n\nOnly about 3.1% of China’s locally listed stocks are owned by foreign investors, compared with 22% in the U.S., 30% in Japan and 38% in the U.K., according to data compiled by T. Rowe Price. China’s growing presence in influential global indexes, such as MSCI Inc. and others, is likely to draw in more international investment.\n\nMr. Moffett also pointed to cheap valuations. He said two metrics he closely follows for Chinese stocks—trailing price-to-earnings and price-to-book ratios—sit well below their long-term historical averages over the past 15 years.\n\nChina’s market has long been derided by its critics as a casino dominated by individual investors, known in the business as retail investors, making it prone to both sharp rallies and steep declines. Looking past that volatility, investors and academics cite a range of reasons for poor long-term performance.\n\nMany publicly listed companies, particularly state-owned enterprises, are inefficient, and corporate governance historically has been patchy. The government can also distort prices, as in 2014-15, when it encouraged a furious stock rally. The market then almost halved in just over two months.\n\nAdrian Mowat , chief strategist at CLSA, said Chinese investors had tended to treat stocks as speculative plays, rather than adopting a “buy-and-hold” strategy.\n\nSome fund managers say this mind-set creates a favorable environment for the growing number of active professional investors in the market, making it easier for them to beat their benchmarks in China than in other parts of the world. By comparison, active managers have struggled for years in places like the U.S., where a wave of money has shifted into passive funds that track index performance.\n\nAnother factor holding China’s local stock market back: Many of its biggest, fastest-growing companies don’t trade in the mainland. These include e-commerce titan Alibaba Group Holding Ltd. and internet giant Tencent Holdings Ltd.\n\nTogether the duo are worth more than $1 trillion, with their value soaring in recent years. Tencent trades in Hong Kong and Alibaba made its debut in New York in 2014 before adding a secondary listing in Hong Kong in November.\n\nThe more technology-focused Shenzhen Composite Index tracks the performance of stocks in China’s second onshore financial center. Unlike Shanghai, it rose 43% over the past decade.\n\nChinese authorities are pushing to win more local listings for tech startups. They launched the Star market in Shanghai in 2019, which imposes less onerous demands on companies going public than a traditional onshore listing.\n\nStill, even if companies do become more efficient and more focused on returns, they can no longer count on superfast economic expansion to underpin their growth.\n\nHelen Qiao , chief Greater China economist at Bank of America’s BofA Global Research division, said she expects Chinese growth to slow to 5.6% in 2020, below consensus forecasts of about 6%.\n\nShe is concerned that the government hasn’t done enough lately to boost growth, and optimism about the latest trade deal could fade. “With policy makers falling behind the curve, we think there is further downside risk to growth,” she said.\n\nShare Your Thoughts Chinese stocks fell in the 2010s, while the U.S. stock market nearly tripled. What are your predictions for both markets in the 2020s? Join the conversation below.\n\nWrite to Steven Russolillo at steven.russolillo@wsj.com",
    "published": "2020-01-04"
  }
]