[
  {
    "source": "WSJ",
    "title": "The Virus and the Economy",
    "summary": "U.S. growth will take a hit but Trump has a leadership opportunity.",
    "link": "https://www.wsj.com/articles/the-virus-and-the-economy-11582935404?mod=Searchresults_pos12&page=13",
    "content": "When markets are stampeding, anyone can get run over. And that’s what happened Friday as White House economic adviser Larry Kudlow spoke the truth that the coronavirus threat will eventually pass and the U.S. will recover. Equities nonetheless fell another 1% or so Friday, and the questions are how much damage there will be to the real economy and what, if anything, can be done about it.\n\nMr. Kudlow is right to want to prevent a panic and buck up consumer confidence, which has been holding up U.S. growth. He’s also right that the foundation of the American economy has been solid with an historically low jobless rate, healthy income gains, and a housing market that is gaining steam.\n\nBut stocks don’t fall 11.5% in a week without cause, and they are responding to clear signs that the spreading coronavirus will hit the global economy hard. China’s first quarter GDP may be negative. Europe was already wobbling. The U.S. is sturdier but not immune to global weakness, especially if the virus causes extensive quarantines; business travel restrictions have already begun.\n\nThe 10-year Treasury note has fallen through the floor of its historic low to 1.15%, a sign that investors expect slower growth and Federal Reserve rate cuts. The price of Brent crude is down 24% this year to $50 a barrel, on expectations of slower demand. Copper futures are down 9% since January and were off another 1% on Friday in a sign that a manufacturing recovery isn’t imminent. The junk bond and leveraged loan markets are under pressure as financial conditions have tightened.\n\nThe rebound in business investment that many expected with the decline in trade tensions will now be postponed for at least the first half of the year. Supply chains need to be restored, and medical and economic uncertainty will have to ease. A U.S. economy that was expected to grow between 2% and 2.5% for the year will now likely be under that for the first half, with hope for a second half bounce.\n\n***\n\nAll of this is complicated by the political uncertainty of an election year and Washington’s climate of relentless and extreme partisanship. Democrats clearly see the Covid-19 disease as a cudgel to use against President Trump , perhaps turning it into his version of Hurricane Katrina in 2005.\n\nThere’s no other way to read the rhetorical barrage they’ve aimed at Mr. Trump no matter what he does or says about the virus. The resistance media are also piling on. This feeds the public’s unease and turns every government decision into a political battle.\n\nOur sense is that this could still be an opportunity for Mr. Trump despite the partisan catcalls. Voters aren’t going to blame him for a slowing economy caused by the virus. They will blame him if the government response seems inept, or if he dismisses the problem and it turns out to be much worse than he has advertised.\n\nThe best posture is to tell the public the truth that no one knows how much damage the virus may do, while offering assurance that the government’s infectious disease experts and enormous public-health bureaucracy are ready for the challenge. It’s best to project confidence without the gratuitous boasting or attacks.\n\nIf reporters ask about some attack from Nancy Pelosi or Chuck Schumer, Mr. Trump should shrug it off and say he’s focused on reducing the risks from the virus. Voters will appreciate the show of leadership, and score Democrats for the rancor. Unlike the impeachment brawl, the public cares about this one and doesn’t want cheap partisanship.\n\n***\n\nWhich brings us to the possible economic policy responses. Mr. Trump could help by immediately lifting his unilateral tariffs, which would amount to a tax cut on trade and consumers. A fiscal “stimulus” is probably a waste of time, given that Democrats would insist on new spending or temporary tax rebates of the kind that Mrs. Pelosi and George W. Bush negotiated in 2008 but didn’t help growth.\n\nFed Chairman Jerome Powell made clear in an unscheduled statement on Friday that monetary policy is in play, with a 25 basis-point cut in the fed funds rate widely expected in March. We’ve been skeptical that rate cuts can address a classic supply-side shock like the coronavirus. Fed funds are already low at 1.5%-1.75%, so the impact of rate cuts will also be less than if the Fed had moved faster to normalize its policy in the years after the financial panic and 2008-2009 recession.\n\nOn the other hand, the Fed can fight a financial virus. Stocks pared their losses after Mr. Powell’s Friday statement, which shows the Fed’s psychological clout. If the Fed does cut rates as an insurance policy, it should be prepared to raise them again quickly if the coronavirus turns out to be less damaging. The Fed kept rates too low for too long after 9/11 and spurred the housing bubble and bust.\n\nThis week’s market selloff is a warning but it isn’t cause for panic. We simply don’t know how much harm this coronavirus will do. Investors who keep a cool head will be rewarded, and voters will reward politicians who do the same.\n\nPartisanship isn't making it easier for the government to respond to the threat of a COVID-19 outbreak in the U.S. Image: Getty Images/Composite: Brad Howard",
    "published": "2020-02-29"
  },
  {
    "source": "WSJ",
    "title": "Stocks Suffer Biggest Weekly Losses Since 2008",
    "summary": "Dow industrials fall about 350 points amid investor unease about economic fallout from coronavirus",
    "link": "https://www.wsj.com/articles/more-markets-head-toward-correction-territory-as-coronavirus-spooks-investors-11582864550?mod=Searchresults_pos14&page=17",
    "content": "U.S. stocks extended a punishing selloff, dragged to their worst week since the financial crisis by mounting investor unease about the economic fallout from the coronavirus epidemic.\n\nFriday’s session was marked by wild swings that sent the Dow Jones Industrial Average down more than 1,000 points before it rallied around 640 points in the final minutes of trading. The Nasdaq Composite fell as much as 3.5% before bouncing higher to narrowly close in positive territory—the first time the index has fallen by that much and notched a gain for the day since November 2008, according to Dow Jones Market Data.\n\nSome of the most dramatic moves happened after the Federal Reserve’s unexpected attempt to calm markets at the very tail end of a volatile week. Late in the afternoon, Fed Chairman Jerome Powell signaled that the central bank was prepared to cut interest rates to protect the economy from the widening global slowdown. Stocks initially pared losses after the announcement, dropped again, then climbed rapidly into the close.\n\nStill, the weekly losses were broad. The Dow Jones Industrial Average fell 12.4% this week, a drop of more than 3,500 points, capping off its worst month since 2009. All 11 of the S&P 500’s sectors have fallen into negative territory for the year. About 95% of stocks in the broad index are now down more than 10% from their highs, according to Dow Jones Market Data.\n\nTraders and investors described a feeling of mounting apprehension throughout the week, as major U.S. indexes logged a series of slides unseen in years and bond yields fell to historic lows.\n\nThe Dow Jones Industrial Average closed down 357.28 points, or 1.4%, at 25409.36 on the last trading day of the month. The S&P 500 fell 24.54 points, or 0.8%, to 2954.22. The tech-heavy Nasdaq finished up less than 0.1%. The S&P 500 and Nasdaq logged their worst weeks since October 2008.\n\nAs investors ditched stocks, they flocked to traditionally safer assets like government bonds, pushing the yield on the 10-year Treasury note to a new record low of 1.127% in its largest weekly decline since December 2008. The two-year yield, which typically moves with expectations for central bank policy, slid to 0.878%, notching its largest one-week decline since September 2001.\n\n“This has been really quick, really deep and, in some respects, unbelievable,” said Mark Stoeckle, chief executive officer of Adams Funds, who said he’s avoiding trading at the moment. “I believe the market will continue to sell off.”\n\nThe stock market plunge unleashed a frenzy of trading among investors big and small as the outlook for economic growth and corporate profits this year darkened, helping fuel the swift decline in stocks and bond yields. Stock trading volumes jumped to a year-long high on Thursday while listed options trading soared to a record.\n\nJapan’s Nikkei 225, South Korea’s Kospi and Australia’s S&P/ASX 200 all fell into corrections. Photo: Cris Faga/Zuma Press\n\nAbout $18 billion left U.S. stock mutual and exchange-traded funds during the week ending Wednesday, the biggest such outflow in nine weeks, according to a Bank of America analysis of data from EPFR Global. Meanwhile, the increased turbulence stoked a jump in trading in retirement funds. Trading activity among investors at large employers was about 11 times higher than normal on Thursday, according to Alight Solutions, a rare occurrence since 2008.\n\nThe frenetic activity has helped push the S&P 500 down more than 10% from its highs at unprecedented speed, with the broad index falling from a record into a correction in just six sessions.\n\nAdding to the anxiety: much remains unknown about how far the virus will spread and the true harm it could do to economic growth around the world. Some investors have warned that it is too soon to bet on a swift stock rebound and many are bracing for more volatility.\n\nZhiwei Ren , portfolio manager at Penn Mutual Asset Management, called Friday’s gyrations “very puzzling,” attributing the late rally to bargain hunters trying to find attractive values after a brutal week.\n\nStock markets around the world also fell sharply. The Stoxx Europe 600 index dropped about 12% this week, its biggest one-week fall since October 2008. Japan’s Nikkei 225 fell 9.6% this week, its worst since 2016. South Korea’s Kospi lost 8.1% this week, its worst since 2011. The Hang Seng shed 4.3% this week.\n\nSelling remained particularly acute in areas such as travel and leisure stocks, with governments taking fresh measures to contain the outbreak and people continuing to cancel travel plans. Shares in Royal Caribbean Cruises lost 24% for the week and American Airlines Group stock fell toward its worst week on record. U.S. crude oil prices logged their worst week since the financial crisis.\n\nIn a sharp shift from earlier in the year, when confidence in highflying technology companies and corporate earnings results helped push major U.S. indexes to new heights, shares of tech companies within the S&P 500 were punished as major indexes tumbled from records at a breathtaking pace. The S&P 500 is now off about 13% from its record on Feb. 19.\n\nBank of America lowered its estimate for global economic growth. Goldman Sachs Group said it is expecting 0% corporate earnings growth in 2020.\n\n“This unfortunately is the perfect storm,” said Doug Cohen , managing director at Athena Capital Advisors. “This is not something out of a standard economic textbook.”\n\nMr. Cohen said some of his clients have been worried that the worst isn’t yet over and they want to sell their stocks or hedge portfolios to avoid even deeper losses.\n\nIn one sign of the anxiety percolating markets, the Cboe Volatility Index, or VIX, jumped to 40.11, the highest close since August 2015. The VIX, which is based on options on the S&P 500, tends to rise when stocks are falling and decline as markets rise.\n\nAnd despite Mr. Powell’s late-day statement, analysts warn that central banks might not be able to stem declines in the face of an epidemic that has a jittery public nixing travel and curbing spending.\n\nMarkets In Your Inbox Get our Markets newsletter, a pre-markets primer packed with news, trends and ideas. Plus, up-to-the-minute market data. Sign up.\n\n“I personally can’t see why cheap money will stop this rout because this is the type of uncertainty that isn’t economic. It isn’t about Trump and trade uncertainty. This is about you and I deciding that we are going to change our behaviors for a while,” said Neil Dwane , global strategist at Allianz Global Investors.\n\nNick Timiraos, Avantika Chilkoti and Chong Koh Ping contributed to this article\n\nWrite to Gunjan Banerji at Gunjan.Banerji@wsj.com",
    "published": "2020-02-29"
  },
  {
    "source": "WSJ",
    "title": "China Purchasing Indexes Drop to Record Lows as Epidemic Stalls Output",
    "summary": "Factory and nonfactory figures tumble to levels below readings during financial crisis",
    "link": "https://www.wsj.com/articles/china-purchasing-indexes-drop-to-record-lows-as-epidemic-stalls-output-11582945366?mod=Searchresults_pos17&page=9",
    "content": "The official manufacturing purchasing managers index dropped to 35.7 in February from 50 in the prior month.\n\nBEIJING—Official gauges of China’s factory and nonfactory activity plunged to record lows in February as the nation’s economy struggled to resume normal production as it faced the coronavirus epidemic.\n\nThe official manufacturing purchasing managers index tumbled to 35.7 in February from 50 in January, indicating a deep contraction. February’s reading from the National Bureau of Statistics on Saturday was the first official data for a full month of economic activity in China since the coronavirus began affecting the economy in late January.\n\nThe index dropped to 38.8 in November 2008, when the financial crisis prompted steep losses on Wall Street and sent shockwaves through the global economy. The 50 mark separates expansion from contraction.\n\nAdding to the gloom, China’s nonmanufacturing PMI, also released on Saturday, sank to a record low of 29.6 in February from 54.1 in January. The nonmanufacturing PMI covers such services as retail, aviation and software as well as real estate and construction.\n\nThe factory index indicated contraction for most of 2019, hit by a trade war between the U.S. and China. It didn’t cross back into expansion until late last year, when trade tensions between the two sides eased.\n\nThe February result came in far below the median forecast of 43 by economists surveyed by The Wall Street Journal. Purchasing by manufacturers is a leading indicator of business activity because factories buy supplies in anticipation of demand.\n\nSaturday’s results show a “relatively large impact” from the epidemic, Zhao Qinghe, an analyst with the statistics bureau, said in a statement accompanying the data release. March’s readings should improve because of authorities’ efforts to help companies, especially manufacturing firms, resume production, he said.\n\nJanuary’s factory reading of 50—indicating neither expansion nor contraction—didn’t fully reflect the impact of the epidemic since the previous month’s official survey was completed by Jan. 20.\n\nPresident Xi Jinping made his first public remarks about the disease that day, and economic activity ground to a halt across the country after authorities locked down Wuhan, the city at the epicenter of the epidemic, on Jan. 23.\n\nWhile February’s reading reflects the first full month in which the outbreak was widely known, it also overlaps with the Lunar New Year period, which regularly distorts economic activity in the first two months of the year, depending on when it falls in the Western calendar.\n\nIn anticipation of the jolt awaiting businesses in China, Beijing has rolled out measures to help companies restore operations, including cutting rents and social insurance payments and increasing lending to small firms.\n\nThe central bank lowered benchmark lending rates earlier this month while offering large amounts of liquidity to the financial system so banks can lend more to businesses hit hard by the epidemic. China’s cabinet on Tuesday cut taxes for small businesses and ordered state-owned banks to issue more cheap loans while offering longer grace periods for borrowers to repay loans.\n\nDespite Beijing’s efforts to help restore normal production, the pace of work resumption has been slow as employers and workers remain wary of the disease.\n\nEconomists are still waiting for March’s numbers before they have a clean reading of the economic impact without the distortions of the Lunar New Year. Many economists and investors, meanwhile, have turned to alternative gauges of business activity, including coal consumption at major power plants, home sales and port traffic, measuring exports. All indicate that economic activity hasn’t returned to pre-Lunar New Year levels.\n\nSaturday’s data pointed to slack throughout the economy. The production subindex of the purchasing managers index plunged to 27.8 from 51.3 in January. The new-export-orders subindex, a gauge of external demand, dropped to 28.7 in February from 48.7 in January. A component of the index measuring imports fell to 31.9 from January’s 49.\n\nOne of the biggest obstacles to restarting production is finding enough workers to return to factories. The employment component of the index, which measures the staffing situation, decreased to 31.8 in February from 47.5 during the previous month.\n\n“Most migrant workers are still not back from their hometowns,” said Yan Juanjuan, a recruiter at Shenzhen-based Sanhe Human Resources Market, one of China’s largest job markets for manual laborers.\n\nUnlike state-owned companies, it is difficult for the owners of small factories to find laborers, Ms. Yan said, adding that the job market remains largely stagnant.\n\nPart of the problem is that Shenzhen municipal authorities aren’t permitting large gatherings in a bid to stave off further infection—and the job market still relies on large crowds of migrant workers congregating in large, crowded halls to peruse job offers posted on walls. China’s state-owned employers, meanwhile, tend to be more resourceful and can afford to hire more locals than private employers can.\n\nJonathan Cheng, Liyan Qi, Bingyan Wang and Grace Zhu",
    "published": "2020-02-29"
  },
  {
    "source": "WSJ",
    "title": "Health Care Stocks Aren’t Alone in Getting a Coronavirus Boost",
    "summary": "New Zealand-based a2 Milk sees an increase in demand for its infant formula and responds with more supply to China",
    "link": "https://www.wsj.com/articles/health-care-stocks-arent-alone-in-getting-a-coronavirus-boost-11582977861?mod=Searchresults_pos2&page=12",
    "content": "At an Australia Post store in suburban Sydney, a2 Milk infant formula is weighed for a customer in April. New Zealand-based a2 has reported strong sales amid the coronavirus epidemic.\n\nSYDNEY—As the coronavirus spread in China and then to more countries around the globe, dairy executive Geoff Babidge noticed a curious development: sales of his company’s infant formula were unexpectedly strong.\n\nA2 Milk Co., A2M 3.35 %increase; green up pointing triangle the New Zealand-based company that Mr. Babidge leads, responded to the demand by ramping up production and using ships and planes to send more product to China, where he says customs officials give it a priority status similar to medical supplies.\n\nThe virus has infected more than 80,000 people globally and killed about 3,000, disrupting global supply lines and knocking stock markets off course. Aside from health-care firms researching possible treatments to the virus, a handful of other companies in sectors ranging from dairy to videoconferencing to online gaming could also benefit financially from the epidemic.\n\nA2’s Australia-listed shares surged 5% on Thursday when the strong demand was disclosed and over the entire week, the stock fell just 1.3% as global markets had their worst run since 2008. Mr. Babidge said customers were buying the infant formula both in stores and online, an attractive option for parents worried about contracting the virus in crowds or while standing in long lines.\n\n“We are here to really do whatever we can to support Chinese consumers,” Mr. Babidge said in an interview. “Our sales are reflecting the fact that we are responding to customer needs, and we’ll continue to do that.”\n\nAs the coronavirus threatens to spread across the U.S., federal health authorities expand the criteria for whom should be tested and streamline test-kit approvals. Photo: Jeenah Moon/Bloomberg\n\nElsewhere, shares in San Jose, Calif.-based Zoom Video Communications Inc., which offers videoconferencing services, rose 3.2% this week. The company is providing free services to mental health charities and medical institutions, Chinese universities are using a Zoom platform to keep classes going and doctors from more than 1,000 public hospitals in China are using its video meetings to remotely diagnose patients, Chief Executive Eric Yuan wrote in a blog post on Wednesday.\n\nThe company also scrapped its 40-minute time limit on meetings with more than two participants for users in China who aren’t paying a fee, Mr. Yuan said in the post. Zoom declined to comment beyond Mr. Yuan’s post.\n\nShares in Peloton Interactive Inc., PTON -0.42 %decrease; red down pointing triangle which makes fitness bikes and also streams fitness classes online, rose nearly 5% for the week after an analyst suggested the epidemic could increase sales from fitness buffs who might be concerned about contracting the virus at the gym. Peloton declined to comment on the stock move.\n\nEarlier in February, some online gaming and entertainment stocks in China jumped as investors bet that extended holidays would boost their earnings. Tencent Holdings Ltd. even hit a 20-month high at one point, given that Chinese consumers were using various news and social-networking platforms—including Tencent’s popular WeChat messaging app—to keep abreast of virus-related developments.\n\nTencent’s shares have given up some of those gains recently, however, and some Chinese tech companies have warned that the virus could have a negative impact on their businesses. Alibaba Group Holding Ltd. has said its ability to deliver packages has been hampered by the many workers who are stranded at home while factories remain closed. And search giant Baidu Inc. warned on Friday that its first-quarter revenue could plunge 5% to 13% as the outbreak hurts many sectors that fuel its core advertising business.\n\nDermot Ryan, a portfolio manager at AMP Capital in Australia, said he could see the appeal of infrastructure stocks that tend to hold up better during downturns. He said his firm is also looking to add stocks that could help with the governmental pandemic preparations, like retirement-home operators.\n\nMr. Ryan also said companies that diversified their manufacturing and procurement operations out of China due to the trade war with the U.S. could benefit from the coronavirus epidemic.\n\nBack at a2 Milk, Mr. Babidge said it isn’t clear whether the revenue boost during January and February will continue in the coming months. He also didn’t know if a2 Milk has attracted new Chinese consumers, or if it was repeat customers stockpiling product that they would normally have bought in March and April, a scenario which could mean falling sales in the next couple of months.\n\n“This is not about us profiteering from what is a calamity in China,” said Mr. Babidge, adding that his company has donated cash and product in response to the coronavirus. “It’s about us being able to respond to consumer demand, be it people who know our product or people who can’t access other brands.”\n\nShan Li, Xie Yu and Joanne Chiu contributed to this article.\n\nWrite to Mike Cherney at mike.cherney@wsj.com",
    "published": "2020-02-29"
  }
]