[
  {
    "source": "WSJ",
    "title": "Ford Vehicle Sales Declined 3.2% in 2019",
    "summary": "No. 2 U.S. auto maker sold about 2.41 million vehicles last year",
    "link": "https://www.wsj.com/articles/ford-vehicle-sales-decline-3-2-in-2019-11578326285?mod=Searchresults_pos11&page=14",
    "content": "Sales of Ford trucks rose 8.8% to about 1.24 million in 2019.\n\nFord Motor Co.’s F 0.49 %increase; green up pointing triangle U.S. sales were off 3.2% in 2019, reflecting a broader cooling of demand in the U.S. auto market after a record period of elevated results.\n\nThe No. 2 U.S. auto maker by sales said Monday it sold about 2.41 million vehicles last year, down from around 2.49 million in 2018, as falling sport-utility vehicle and sedan sales outweighed gains in purchases of trucks.\n\nFord was the final auto maker to post its 2019 sales, following results reported Friday from most of the industry.\n\nOverall, U.S. vehicle sales fell 1.6% last year, to 17.1 million vehicles, research site Edmunds.com said Monday. It marked a fifth straight year the industry topped 17 million vehicles sold.\n\nThe car business faces potential headwinds in the U.S. in 2020. Auto dealers grappled with unusually large stockpiles of unsold vehicles for much of last year and struggled to unload older models, forcing steeper discounts.\n\nAuto makers are spending more to lure buyers, potentially heralding weaker demand and slower sales ahead, analysts say.\n\nThe industry’s spending on sales incentives in recent months hovered around 11% of a car’s sticker price, the highest level since 2008, according to J.D. Power.\n\nFord is shifting its U.S. lineup to almost exclusively SUVs and trucks, along with its Mustang sports car, part of Chief Executive Jim Hackett’s plan to revitalize the company and spark profit growth. Ford generates the most of its global profit from F-series pickup sales, analysts estimate.\n\nSales of trucks rose 8.8% to about 1.24 million in 2019 and 16% to 326,941 for the fourth quarter. The company said it sold 153,868 Transit vans last year, up 12% from the prior year.\n\nCar sales fell 28% to 349,091 units for the full year, reflecting Ford’s decision to drop nearly all passenger cars from its U.S. lineup. SUV sales were off 4.8% to 830,471 units.\n\nMustang sales fell 4.4% to 72,489 units. In November, Ford unveiled an all-electric SUV that will be called the Mustang Mach-E and wear the galloping pony logo, in a move to spark the auto maker’s transition to an electric future.\n\nFord is relying more on the U.S. market to drive results amid a steep falloff of sales in China.\n\nThe company is also narrowing its focus in Europe and Latin America, exiting from some car categories to focus on truck and van sales.\n\nSales of Ford’s top-selling vehicle and biggest moneymaker—its F-150 Series pickup trucks—slipped 1.4% in 2019.\n\nFord and General Motors Co. are fending off Fiat Chrysler Automobiles NV’s surging Ram truck brand.\n\nSales of the Ram pickup truck—which was sold under the Dodge name until a decade ago—rose 18% last year to 633,694 vehicles, overtaking GM’s Chevy Silverado for the first time. Silverado sales fell 2.5% to 570,639.\n\nU.S. vehicle sales rose steadily since the financial crisis a decade ago, when they bottomed out at 10.4 million in 2009.\n\nSales hit a record 17.6 million in 2016 and have bobbed along around the 17 million mark in recent years, providing an unusually steady environment for an industry accustomed to cyclical swings.\n\nGM on Friday reported a 2019 sales decline of 2.3%, dented largely by last fall’s 40-day United Auto Workers strike that brought more than 30 U.S. factories to a standstill and depleted dealerships’ new-vehicle inventories, the company said Friday.\n\nThe Detroit auto maker said its fourth-quarter sales fell 6% over the year-earlier period.\n\nTrade tensions have eased since last year’s U.S.-China clash over auto tariffs and an amended North American trade pact remained unsettled. Ford, GM, Volkswagen AG and other auto makers last year embarked on restructurings that included tens of thousands of layoffs and factory closings as earnings came under pressure.\n\nOn Friday, Fiat Chrysler said sales in the U.S. fell 1% last year, while Toyota Motor Corp. reported a nearly 2% decline in U.S. sales. Honda Motor Co. last week reported flat 2019 U.S. sales, while Nissan Motor Co. said sales fell nearly 10%.\n\nElectric-vehicle maker Tesla Inc., meanwhile, said deliveries rose 50% in 2019 to 367,500.\n\nWrite to Dave Sebastian at dave.sebastian@wsj.com and Mike Colias at Mike.Colias@wsj.com",
    "published": "2020-01-06"
  },
  {
    "source": "WSJ",
    "title": "Tariffs and the Future of U.S. Manufacturing",
    "summary": "The economic facts speak for themselves: Tariffs and trade wars are affecting manufacturing employment and causing an uptick in consumer and commercial prices.",
    "link": "https://www.wsj.com/articles/tariffs-and-the-future-of-u-s-manufacturing-11578341640?mod=Searchresults_pos8&page=1",
    "content": "American workers produce washing machines at an LG Electronics Inc. plant in Clarksville, Tennessee, May 29, 2019. Photo: Yonhap News/Zuma Press\n\nYour editorial “How Tariffs Hurt Manufacturing” (Dec. 31) is on the mark. Tariffs have had a negative impact on manufacturers, including the household and commercial products industry, which develops products that Americans depend on for health and hygiene. Many of the products our members manufacture rely on aerosol technology and require large amounts of high-quality imported steel and aluminum. The tariffs have made it more difficult and costly to access these materials and slowed innovation, which has negatively affected aerosol can and component manufacturers—an example of the downstream industry the Federal Reserve study references.\n\nThe economic facts speak for themselves: Tariffs and trade wars are affecting manufacturing employment and causing an uptick in consumer and commercial prices. As an industry that employs 200,000 Americans, we remain hopeful that the Trump administration will continue to engage productively with our closest allies and trading partners to bring certainty and stability.",
    "published": "2020-01-06"
  },
  {
    "source": "WSJ",
    "title": "Stocks Inch Higher as Investors Assess Mideast Tensions",
    "summary": "Investors are anxious about the possibility of more violence across the Middle East",
    "link": "https://www.wsj.com/articles/gold-and-oil-rise-as-u-s-warns-iraq-over-troops-11578289665?mod=Searchresults_pos3&page=9",
    "content": "U.S. stocks turned higher and oil prices gave back some of their gains Monday as investors assessed the recent escalation in geopolitical risk in the Middle East.\n\nAfter falling more than 0.5% after the opening bell, major U.S. indexes reversed course as the day wore on and ended the trading session in the green.\n\nThe Dow Jones Industrial Average rose 68.50 points, or 0.2%, to 28703.38. The S&P 500 added 11.43 points, or 0.4%, to 3246.28, while the tech-heavy Nasdaq Composite gained 50.70 points, or 0.6%, to 9071.46.\n\nInvestors are weighing the prospect of fresh conflict across the oil-rich Middle East after a U.S. airstrike last week killed a powerful Iranian general in Iraq. All three major U.S. indexes on Friday recorded their biggest single-day declines in a month.\n\nThe sudden focus on risks in the Middle East interrupted a recent winning stretch for U.S. stocks, which had been at record levels. Stocks around the world have been pushed higher by expectations that easing trade tensions between the U.S. and China will boost global growth.\n\nStill, market reaction to the geopolitical flare-up wasn’t severe enough to suggest panic, said Keith Buchanan, portfolio manager at GLOBALT Investments.\n\n“The market seems to be digesting this in a very calm way, relative to how it’s reacted in the past when there’s been dramatic escalation of tensions in the Middle East,” he said.\n\nOn Sunday, the Iraqi parliament passed a nonbinding resolution to expel American troops. President Trump responded by threatening sanctions and demanding billions of dollars from Baghdad if the U.S. is forced to withdraw. Iraq is the second-largest oil producer among OPEC nations and a hit to its oil industry would reverberate widely.\n\nCompanies on the S&P 500 have poured more than $5.3 trillion into repurchasing their own shares since 2010. WSJ explains how stock buybacks work, and why there's debate over whether or not they're good for the economy.\n\nGold, which is seen as a haven asset, rose to $1,566.20 a troy ounce for front-month contracts, the highest settle value since April 2013.\n\nOil prices jumped, continuing a recent rally as Brent crude futures, the global benchmark, topped $70 a barrel early Monday. But those gains later dwindled, with prices settling at $68.91 a barrel.\n\nThe situation in the Middle East “is not going to get dramatically better in the short term,” said Robert Horrocks , chief investment officer at San Francisco-based Matthews Asia, an investment firm with $27.5 billion under management.\n\nA continued rise in oil prices could cause consumers to pull back on spending. “That might be enough to tip the U.S. into a mild recession,” Mr. Horrocks said.\n\nFears of a recession receded last year as the Fed cut interest rates and economic data showed a strong labor market and resilient consumer spending. Investors were heartened as well by the calming of the trade war with China, which has weighed on economic growth.\n\nU.S. oil producers could profit from the higher crude prices, said Bjarne Schieldrop , chief commodities analyst at SEB Markets. But those gains would likely be negative for the average American.\n\n“When crude goes up, typically the gas price goes up as well,” he said, adding he wouldn’t expect a big spike given other countries could scale up production.\n\nEnergy stocks were among the leaders of the 11 S&P 500 sectors, rising 0.8%. Shares of Exxon Mobil gained 54 cents, or 0.8%, to $70.87.\n\nAirline stocks fell, meanwhile, as investors worried about higher jet-fuel prices. Shares of American Airlines Group dropped 33 cents, or 1.2%, to $27.32, and Delta Air Lines declined 40 cents, or 0.7%, to $57.66.\n\nShares of big tech companies outperformed the broader stock market. Google parent Alphabet rose $36.29, or 2.7%, to $1,397.81, boosted by a bullish research note. Salesforce.com shares jumped $7.28, or 4.4%, to $173.45, also on the heels of a ratings upgrade.\n\nIn Asia, Japan’s Nikkei 225 was the biggest decliner, falling 1.9%. Unlike many other markets, Japan was closed late last week, making Monday the first chance for investors there to react to the escalation in tensions. The Hang Seng index dropped 0.8%.\n\nGold rose to a six-year high on Monday. Photo: daniel munoz/Reuters\n\nThe concern for oil markets isn’t limited to the Gulf region, said Ole Hansen , head of commodity strategy at Saxo Bank. Turkey’s parliament recently authorized the government to dispatch troops to Libya, which produced about 1 million barrels of oil a day in 2019.\n\n“We are in a period of extreme uncertainty,” he said. “The global economy is not that strong and a spike in oil prices is not good for growth.”\n\nThe yield on the benchmark 10-year U.S. Treasury note rose to 1.809%, from 1.787% Friday.\n\nKaren Langley contributed to this article.\n\nWrite to Caitlin Ostroff at caitlin.ostroff@wsj.com and Steven Russolillo at steven.russolillo@wsj.com",
    "published": "2020-01-06"
  },
  {
    "source": "WSJ",
    "title": "Ford Vehicle Sales Declined 3.2% in 2019",
    "summary": "No. 2 U.S. auto maker sold about 2.41 million vehicles last year",
    "link": "https://www.wsj.com/articles/ford-vehicle-sales-decline-3-2-in-2019-11578326285?mod=Searchresults_pos11&page=14",
    "content": "Sales of Ford trucks rose 8.8% to about 1.24 million in 2019.\n\nFord Motor Co.’s F 0.49 %increase; green up pointing triangle U.S. sales were off 3.2% in 2019, reflecting a broader cooling of demand in the U.S. auto market after a record period of elevated results.\n\nThe No. 2 U.S. auto maker by sales said Monday it sold about 2.41 million vehicles last year, down from around 2.49 million in 2018, as falling sport-utility vehicle and sedan sales outweighed gains in purchases of trucks.\n\nFord was the final auto maker to post its 2019 sales, following results reported Friday from most of the industry.\n\nOverall, U.S. vehicle sales fell 1.6% last year, to 17.1 million vehicles, research site Edmunds.com said Monday. It marked a fifth straight year the industry topped 17 million vehicles sold.\n\nThe car business faces potential headwinds in the U.S. in 2020. Auto dealers grappled with unusually large stockpiles of unsold vehicles for much of last year and struggled to unload older models, forcing steeper discounts.\n\nAuto makers are spending more to lure buyers, potentially heralding weaker demand and slower sales ahead, analysts say.\n\nThe industry’s spending on sales incentives in recent months hovered around 11% of a car’s sticker price, the highest level since 2008, according to J.D. Power.\n\nFord is shifting its U.S. lineup to almost exclusively SUVs and trucks, along with its Mustang sports car, part of Chief Executive Jim Hackett’s plan to revitalize the company and spark profit growth. Ford generates the most of its global profit from F-series pickup sales, analysts estimate.\n\nSales of trucks rose 8.8% to about 1.24 million in 2019 and 16% to 326,941 for the fourth quarter. The company said it sold 153,868 Transit vans last year, up 12% from the prior year.\n\nCar sales fell 28% to 349,091 units for the full year, reflecting Ford’s decision to drop nearly all passenger cars from its U.S. lineup. SUV sales were off 4.8% to 830,471 units.\n\nMustang sales fell 4.4% to 72,489 units. In November, Ford unveiled an all-electric SUV that will be called the Mustang Mach-E and wear the galloping pony logo, in a move to spark the auto maker’s transition to an electric future.\n\nFord is relying more on the U.S. market to drive results amid a steep falloff of sales in China.\n\nThe company is also narrowing its focus in Europe and Latin America, exiting from some car categories to focus on truck and van sales.\n\nSales of Ford’s top-selling vehicle and biggest moneymaker—its F-150 Series pickup trucks—slipped 1.4% in 2019.\n\nFord and General Motors Co. are fending off Fiat Chrysler Automobiles NV’s surging Ram truck brand.\n\nSales of the Ram pickup truck—which was sold under the Dodge name until a decade ago—rose 18% last year to 633,694 vehicles, overtaking GM’s Chevy Silverado for the first time. Silverado sales fell 2.5% to 570,639.\n\nU.S. vehicle sales rose steadily since the financial crisis a decade ago, when they bottomed out at 10.4 million in 2009.\n\nSales hit a record 17.6 million in 2016 and have bobbed along around the 17 million mark in recent years, providing an unusually steady environment for an industry accustomed to cyclical swings.\n\nGM on Friday reported a 2019 sales decline of 2.3%, dented largely by last fall’s 40-day United Auto Workers strike that brought more than 30 U.S. factories to a standstill and depleted dealerships’ new-vehicle inventories, the company said Friday.\n\nThe Detroit auto maker said its fourth-quarter sales fell 6% over the year-earlier period.\n\nTrade tensions have eased since last year’s U.S.-China clash over auto tariffs and an amended North American trade pact remained unsettled. Ford, GM, Volkswagen AG and other auto makers last year embarked on restructurings that included tens of thousands of layoffs and factory closings as earnings came under pressure.\n\nOn Friday, Fiat Chrysler said sales in the U.S. fell 1% last year, while Toyota Motor Corp. reported a nearly 2% decline in U.S. sales. Honda Motor Co. last week reported flat 2019 U.S. sales, while Nissan Motor Co. said sales fell nearly 10%.\n\nElectric-vehicle maker Tesla Inc., meanwhile, said deliveries rose 50% in 2019 to 367,500.\n\nWrite to Dave Sebastian at dave.sebastian@wsj.com and Mike Colias at Mike.Colias@wsj.com",
    "published": "2020-01-06"
  },
  {
    "source": "WSJ",
    "title": "A Forgotten Investment Worth Considering: Exchange-Traded Bonds",
    "summary": "While not widely known, individual investors can invest in corporate bonds as easily as they can buy stocks, through exchange-traded debt",
    "link": "https://www.wsj.com/articles/a-forgotten-investment-worth-considering-exchange-traded-bonds-11578279781?mod=Searchresults_pos2&page=12",
    "content": "With most Treasurys yielding under 2% and savings accounts yielding even less, individual investors are hard-pressed to figure out what to do with money they don’t want exposed to material market risk.\n\nOne viable alternative is bonds that trade on stock exchanges, known as exchange-traded bonds.\n\nAbout $19 billion of these securities trade mostly on the New York Stock Exchange, with many investment-grade offerings generally yielding between 5% and 6%.\n\nWhile tiny compared with the traditional $9.3 trillion corporate-bond market, exchange-traded bonds generally offer more transparency than traditional debt offerings. That’s because investors who buy them have the same ease of access to bid and ask information, current yield and limit orders they enjoy when buying and selling stocks, says Kevin Conery , fixed-income trading desk analyst at Piper Jaffrey.\n\nExchange-traded bonds also have other features that individual investors might find attractive.\n\nThese securities are issued in $25 bonds, compared with $1,000 for traditional corporate bonds. They pay interest on a quarterly basis versus corporate issues that pay semiannually. And because issuers can typically call exchange-traded bonds five years after their initial offering at par and any point thereafter, the yields are often higher than traditional corporate bonds issued by the same company.\n\nCompanies are willing to offer higher yields on exchange-traded bonds because the five-year call features gives them more flexibility to refinance debt if rates fall or eliminate it altogether if the money is no longer needed—something that $1,000 corporates can only do closer to maturity, if at all.\n\nThat five-year call feature also can reduce the overall volatility of these bonds (as long as they aren’t suffering from credit issues), especially after the call date has passed. The reason: Prices tend to trade close to par within a year or two of the call and anytime thereafter.\n\nConsider the long-term senior bond of internet-auction giant eBay Inc., EBAY 0.47 %increase; green up pointing triangle which is listed on the NYSE under the symbol EBAYL. This investment-grade offering currently yields 5.59% and is trading at $27.\n\nHidden Bonds\n\nSelect exchange-traded bond issues\n\nAT&T 5.625% Global Notes | TBC Aegon 5.10% Subordinated Notes | AEFC Due: 12/15/2049 Due: 8/1/2067 Initial call date: 12/15/2024 Initial call date: 8/1/2023 S&P credit rating: BBB S&P credit rating: BBB Yield to initial call date*: 4.62% Yield to initial call date*: 3.22% Price Yield Price Yield 6.0 % $28 7.0 % $28 $26.16 27 27 4.85% 5.5 6.5 26 26 5.0 25 6.0 25 $27.66 24 24 5.12% 4.5 5.5 23 23 4.0 22 5.0 22 2018 ’19 ’20 2018 ’19 ’20 2018 ’19 ’20 2018 ’19 ’20 eBay 6.00% Notes | EBAYL Assured Guaranty Municipal Holding 6.875% | AGO-B Due: 2/1/2056 Due: 12/15/2101 Initial call date: 3/1/2021 Initial call date: 12/19/2006 S&P credit rating: BBB+ S&P credit rating: A Yield to initial call date*: 1.81% Yield to initial call date*: -5.52% Price Yield Price Yield $28 7.0 % 7.0 % $28 6.41% 27 27 6.5 6.5 26 26 5.59% $27.08 25 6.0 6.0 25 $27.00 24 24 5.5 5.5 23 23 22 5.0 5.0 22 2018 ’19 ’20 2018 ’19 ’20 2018 ’19 ’20 2018 ’19 ’20 AT&T 5.625% Global Notes | TBC Aegon 5.10% Subordinated Notes | AEFC Due: 8/1/2067 Due: 12/15/2049 Initial call date: 8/1/2023 Initial call date: 12/15/2024 S&P credit rating: BBB S&P credit rating: BBB Yield to initial call date*: 3.22% Yield to initial call date*: 4.62% Price Yield Price Yield $28 7.0 % 6.0 % $28 $26.16 27 27 4.85% 6.5 5.5 26 26 25 6.0 5.0 25 5.12% 24 24 5.5 4.5 $27.66 23 23 22 5.0 4.0 22 2018 ’19 ’20 2018 ’19 ’20 2018 ’19 ’20 2018 ’19 ’20 Assured Guaranty Municipal Holding 6.875% | AGO-B eBay 6.00% Notes | EBAYL Due: 2/1/2056 Due: 12/15/2101 Initial call date: 3/1/2021 Initial call date: 12/19/2006 S&P credit rating: BBB+ S&P credit rating: A Yield to initial call date*: 1.81% Yield to initial call date*: -5.52% Price Yield Price Yield $28 7.0 % 7.0 % $28 6.41% 27 27 6.5 6.5 26 26 5.59% 25 6.0 6.0 25 $27.08 24 24 5.5 5.5 $27.00 23 23 22 5.0 5.0 22 2018 ’19 ’20 2018 ’19 ’20 2018 ’19 ’20 2018 ’19 ’20 AT&T 5.625% Global Notes | TBC Aegon 5.10% Subordinated Notes | AEFC Due: 12/15/2049 Due: 8/1/2067 Initial call date: 12/15/2024 Initial call date: 8/1/2023 S&P credit rating: BBB S&P credit rating: BBB Yield to initial call date*: 4.62% Yield to initial call date*: 3.22% Price Yield Price Yield 6.0 % $28 $28 7.0 % $26.16 27 27 4.85% 5.5 6.5 26 26 5.0 25 25 6.0 5.12% 24 24 4.5 5.5 $27.66 23 23 4.0 22 22 5.0 2018 ’19 ’20 2018 ’19 ’20 2018 ’19 ’20 2018 ’19 ’20 eBay 6.00% Notes | EBAYL Assured Guaranty Municipal Holding 6.875% | AGO-B Due: 2/1/2056 Due: 12/15/2101 Initial call date: 3/1/2021 Initial call date: 12/19/2006 S&P credit rating: BBB+ S&P credit rating: A Yield to initial call date*: 1.81% Yield to initial call date*: -5.52% Price Yield Price Yield 7.0 % $28 $28 7.0 % 6.41% 27 27 6.5 6.5 26 26 5.59% 6.0 25 25 6.0 $27.08 $27.00 24 24 5.5 5.5 23 23 5.0 22 22 5.0 2018 ’19 ’20 2018 ’19 ’20 2018 ’19 ’20 2018 ’19 ’20 Aegon 5.10% Subordinated Notes | AEFC Due: 12/15/2049 Initial call date: 12/15/2024 S&P credit rating: BBB Yield to initial call date*: 4.62% Price Yield 6.0 $28 % $26.16 27 4.85% 5.5 26 5.0 25 24 4.5 23 4.0 22 2018 ’19 ’20 2018 ’19 ’20 AT&T 5.625% Global Notes | TBC Due: 8/1/2067 Initial call date: 8/1/2023 S&P credit rating: BBB Yield to initial call date*: 3.22% Price Yield $28 7.0 % 27 6.5 26 25 6.0 5.12% 24 5.5 $27.66 23 22 5.0 2018 ’19 ’20 2018 ’19 ’20 Assured Guaranty Municipal Holding 6.875% | AGO-B Due: 12/15/2101 Initial call date: 12/19/2006 S&P credit rating: A Yield to initial call date*: -5.52% Price Yield $28 7.0 % 6.41% 27 6.5 26 25 6.0 $27.08 24 5.5 23 22 5.0 2018 ’19 ’20 2018 ’19 ’20 eBay 6.00% Notes | EBAYL Due: 2/1/2056 Initial call date: 3/1/2021 S&P credit rating: BBB+ Yield to initial call date*: 1.81% Price Yield 7.0 % $28 27 6.5 26 5.59% 6.0 25 24 5.5 $27.00 23 5.0 22 2018 ’19 ’20 2018 ’19 ’20\n\nBy comparison, a traditional 4% coupon bond from eBay that matures in 2042 trades at 99.54 (or $995.40 per bond) and yields 4.14%. And while individuals can make any size purchase of exchange-traded bonds, there is a minimum online bid of 10 corporate bonds, or $9,954.\n\nWith many online major brokerages having eliminated trading fees, exchange-traded bonds can be bought and sold without cost. However, because these bonds are thinly traded, investors need to use limit orders to ensure efficient pricing.\n\nSome caveats\n\nBarry McAlinden , a fixed-income strategist at UBS Global Wealth Management, cautions investors not to mistake the ease of buying exchange-traded bonds with reduced need for due diligence.\n\n“While their returns and ostensible safety can be enticing,” says Mr. McAlinden, “there are many variables that need to be considered before investing and special caveats that may come into play during difficult times.”\n\nAmong the things investors need to consider:\n\nBond interest is taxed as ordinary income. For higher-income households, this is going to be a much higher rate than the up-to-20% rate at which qualified dividends from common and preferred stock dividends are taxed. As such, tax-deferred retirement accounts might be an ideal place to hold these bonds.\n\nMore Hidden Bonds\n\nMore elect exchange-traded bond issues\n\nMedallion Financial 9.00% Notes | MFINL Entergy Louisiana 5.25% Series First Mortgage Bonds | ELJ Due: 4/15/2021 Due: 7/1/2052 Initial call date: 4/15/2021 Initial call date: 7/1/2017 S&P credit rating: NR S&P credit rating: A Yield to initial call date*: x Yield to initial call date*: -1.70% Price Yield Price Yield 6.0 % $28 10.0 % $28 $25.99 $26.17 27 4.99% 27 5.5 8.5 26 26 5.0 25 7.0 25 24 24 4.5 5.5 23 23 5.57% 4.0 22 4.0 22 2018 ’19 ’20 2018 ’19 ’20 2018 ’19 ’20 2018 ’19 ’20 Seaspan 7.125% Senior Notes | SSWA Prudential Financial 5.70% Junior Subordinated Notes | PRH Due: 10/30/2027 Due: 3/15/2053 Initial call date: 10/10/2020 Initial call date: 3/15/2018 S&P credit rating: NR S&P credit rating: BBB+ Yield to initial call date*: 4.08% Yield to initial call date*: -3.46% Price Yield Price Yield $28 9.0 % $28 7.0 % $26.07 $25.95 27 27 8.0 6.5 26 26 6.67% 5.51% 25 7.0 25 6.0 24 24 6.0 5.5 23 23 22 5.0 22 5.0 2018 ’19 ’20 2018 ’19 ’20 2018 ’19 ’20 2018 ’19 ’20 Entergy Louisiana 5.25% Series First Mortgage Bonds | ELJ Medallion Financial 9.00% Notes | MFINL Due: 7/1/2052 Due: 4/15/2021 Initial call date: 7/1/2017 Initial call date: 4/15/2021 S&P credit rating: A S&P credit rating: NR Yield to initial call date*: -1.70% Yield to initial call date*: x Price Yield Price Yield 6.0 % $28 $28 10.0 % $26.17 $25.99 4.99% 27 27 5.5 8.5 26 26 5.0 25 25 7.0 24 24 4.5 5.5 23 23 5.57% 4.0 22 22 4.0 2018 ’19 ’20 2018 ’19 ’20 2018 ’19 ’20 2018 ’19 ’20 Seaspan 7.125% Senior Notes | SSWA Prudential Financial 5.70% Junior Subordinated Notes | PRH Due: 10/30/2027 Due: 3/15/2053 Initial call date: 10/10/2020 Initial call date: 3/15/2018 S&P credit rating: NR S&P credit rating: BBB+ Yield to initial call date*: 4.08% Yield to initial call date*: -3.46% Price Yield Price Yield $28 9.0 % $28 7.0 % $26.07 $25.95 27 27 8.0 6.5 26 26 6.67% 5.51% 25 7.0 25 6.0 24 24 6.0 5.5 23 23 22 5.0 22 5.0 2018 ’19 ’20 2018 ’19 ’20 2018 ’19 ’20 2018 ’19 ’20 Entergy Louisiana 5.25% Series First Mortgage Bonds | ELJ Medallion Financial 9.00% Notes | MFINL Due: 7/1/2052 Due: 4/15/2021 Initial call date: 7/1/2017 Initial call date: 4/15/2021 S&P credit rating: A S&P credit rating: NR Yield to initial call date*: -1.70% Yield to initial call date*: x Price Yield Price Yield 6.0 % $28 $28 10.0 % $25.99 $26.17 4.99% 27 27 5.5 8.5 26 26 5.0 25 25 7.0 24 24 4.5 5.5 23 23 5.57% 4.0 22 22 4.0 2018 ’19 ’20 2018 ’19 ’20 2018 ’19 ’20 2018 ’19 ’20 Seaspan 7.125% Senior Notes | SSWA Prudential Financial 5.70% Junior Subordinated Notes | PRH Due: 10/30/2027 Due: 3/15/2053 Initial call date: 10/10/2020 Initial call date: 3/15/2018 S&P credit rating: NR S&P credit rating: BBB+ Yield to initial call date*: 4.08% Yield to initial call date*: -3.46% Price Yield Price Yield $28 9.0 % $28 7.0 % $26.07 $25.95 27 27 8.0 6.5 26 26 6.67% 5.51% 25 7.0 25 6.0 24 24 6.0 5.5 23 23 22 5.0 22 5.0 2018 ’19 ’20 2018 ’19 ’20 2018 ’19 ’20 2018 ’19 ’20 Entergy Louisiana 5.25% Series First Mortgage Bonds | ELJ Due: 7/1/2052 Initial call date: 7/1/2017 S&P credit rating: A Yield to initial call date*: -1.70% Price Yield 6.0 % $28 $26.17 4.99% 27 5.5 26 5.0 25 24 4.5 23 4.0 22 2018 ’19 ’20 2018 ’19 ’20 Medallion Financial 9.00% Notes | MFINL Due: 4/15/2021 Initial call date: 4/15/2021 S&P credit rating: NR Yield to initial call date*: x Price Yield $28 10.0 % $25.99 27 8.5 26 25 7.0 24 5.5 23 5.57% 22 4.0 2018 ’19 ’20 2018 ’19 ’20 Prudential Financial 5.70% Junior Subordinated Notes | PRH Due: 3/15/2053 Initial call date: 3/15/2018 S&P credit rating: BBB+ Yield to initial call date*: -3.46% Price Yield $28 7.0 % $25.95 27 6.5 26 5.51% 25 6.0 24 5.5 23 22 5.0 2018 ’19 ’20 2018 ’19 ’20 Seaspan 7.125% Senior Notes | SSWA Due: 10/30/2027 Initial call date: 10/10/2020 S&P credit rating: NR Yield to initial call date*: 4.08% Price Yield $28 9.0 % $26.07 27 8.0 26 6.67% 25 7.0 24 6.0 23 22 5.0 2018 ’19 ’20 2018 ’19 ’20\n\nSome of these securities are junior subordinated debt, meaning they have a lower-priority claim against assets if a company goes into bankruptcy. While senior bonds can’t miss payments without triggering a default, junior subordinated debt can typically defer interest payments for up to 10 years without doing so. That said, such deferrals are rare. As UBS’s Mr. McAlinden explains, “Such a deferral would wreck any firms’ plans to access capital markets going forward.”\n\nIf investors are hoping to benefit from the bond rally—due to additional interest-rate cuts—they shouldn’t count on it. Piper Jaffrey’s Mr. Conery explains such a price rise is only likely if there is at least 3.5 years before the bond is callable. “Prices of bonds with shorter call dates will likely trade closer to their call price,” says Mr. Conery, regardless of minor changes in interest rates.\n\nMaturity rates\n\nStill, the hunt for yield is leading some investors to take on principal risk.\n\nThe municipal-bond insurer Assured Guaranty Municipal Holdings (AGO-B) A-rated 6.875% ultralong-term exchange-traded bond is trading at $27.50 and can be called anytime with 20 days’ notice. While the current yield of 6.36% looks enticing, a call at this price would result in a 10% capital loss. To break even, new investors would need the bond to remain outstanding for at least a year and a half.\n\nBecause the aforementioned eBay bond trades well above par, its effective annualized yield would be reduced to 1.81% if the company calls the security a year from now—its initial call date. (See table.) Effective yield will rise the longer the bond remains outstanding as investors receive more quarterly payments.\n\nMaturity dates also are important, especially if that date stretches into the next century. The longer the maturity date, the more volatile pricing can be, especially when interest rates move. Pricing is based on yield and credit spreads over equivalently termed Treasurys.\n\nNot all exchange-traded bonds are rated. That could mean the company is confident that its issue will be well subscribed to without a rating, but it also could indicate a company that doesn’t want to pay for a mediocre grade.\n\nQuantumonline.com maintains a free database to help investors get started understanding the exchange-traded bond market.\n\nMr. Uhlfelder writes about global capital markets from New York. He can be reached at reports@wsj.com.",
    "published": "2020-01-06"
  },
  {
    "source": "WSJ",
    "title": "Economists Question the Benefits of Targeted Tax Breaks",
    "summary": "States pay $30 billion a year to lure firms, but study finds incentives don’t seem to drive wider job growth",
    "link": "https://www.wsj.com/articles/economists-question-the-benefits-of-targeted-tax-breaks-11578308400?mod=Searchresults_pos18&page=10",
    "content": "A Boeing plant in Renton, Wash. Oregon and Washington state spend the most per job on deals for specific companies—more than $300,000 each—largely because of incentives for Nike and Boeing.\n\nState and local governments across the U.S. spend at least $30 billion a year to attract and keep companies, but the biggest deals generate little in the way of economic benefits in return, a new study shows.\n\nThe research calls into question the common practice of using narrow, firm-specific tax breaks to attract businesses and boost employment. The largest deals appear to be associated with job growth in the targeted industry but don’t clearly produce the hoped-for benefits for the broader regional economy, according to the study from Columbia Business School economist Cailin Slattery and Princeton University economist Owen Zidar .\n\nStates tend to offer more incentives when governors are up for re-election and when corporate tax rates are higher to start with, the researchers found. They calculated that low-income areas often provide bigger incentives than more affluent areas, perhaps because they are seen as less attractive places to do business without such offers. Counties with average annual wages below $40,000 pay over $400,000 per job, while those with wages over $100,000 pay less than $100,000, according to the study.\n\nGiven the uncertainty about whether regions actually benefit from incentives, governments exploring deals for specific companies might want instead to consider using more general, widely available tax breaks, Ms. Slattery said.\n\n“It’s too hard to know what’s going to happen” as a result of company-specific incentives, she said.\n\nThe study provides some of the clearest national data to date on the size, composition and effect of state and local incentives—which are about equal to what states spend on unemployment benefits each year.\n\nTo study the effects of targeted tax breaks, Ms. Slattery and Mr. Zidar analyzed incentive deals worth at least $5 million in the 16 years through 2017, when states competed aggressively with each other for factories, corporate headquarters and data centers and officials debated how much they were willing to pay for jobs.\n\nTheir study concluded before the most-talked-about race, the competition for what Amazon.com Inc. termed its HQ2, or second headquarters. The company decided to expand in Northern Virginia, which is offering as much as $750 million in incentives, and abandoned plans to build a facility in New York after some elected officials objected to a proposed $3 billion package.\n\nThe researchers also found that larger, more profitable companies are more likely to get richer incentives.\n\n“This whole competition really discriminates against smaller companies,” said Timothy Bartik , an economist at the W.E. Upjohn Institute for Employment Research in Kalamazoo, Mich., who reviewed an early draft of the study.\n\nCounties that use incentives to attract companies typically see employment in that industry rise by about 1,500 jobs, the researchers found. But they didn’t find any impact on countywide employment outside that industry.\n\nNathan Jensen , a government professor at the University of Texas, Austin, said the lack of spillover benefits for local economies is at odds with how incentive deals are often sold to the public.\n\n“The motivation is often about the indirect jobs that are created,” he said. “You cannot make these decisions based on indirect jobs.”\n\nMs. Slattery and Mr. Zidar identified Oregon and Washington as spending the most per job on deals for specific companies—more than $300,000 each—largely because of incentives for Nike Inc. and Boeing Co., respectively.\n\nNathan Buehler , a spokesman for Oregon’s economic-development agency, said the study overstates the size of the 2012 Nike agreement, which guaranteed that Nike’s method for calculating state taxes wouldn’t change even if state law did. The underlying state law hasn’t changed since then, he said.\n\nBoeing said Washington’s incentives are working as intended. A state study found that the state has more aerospace-industry and Boeing jobs than when the incentives started in 2003, but that employment in the sector and at the company has declined since 2013 when the incentives were extended.\n\nThe research suggests that state and local governments should avoid tax breaks that pay out over many years and instead consider programs that invest more directly in job training and infrastructure that help businesses and have broader public benefits, said Mr. Bartik of the Upjohn Institute.\n\n“It’s very tempting to have very large incentives to large companies and to pass costs onto your successors and have these big deals,” he said.\n\nWrite to Richard Rubin at richard.rubin@wsj.com",
    "published": "2020-01-06"
  },
  {
    "source": "WSJ",
    "title": "IRS Personal Income-Tax Audits Drop to Lowest Level in Decades",
    "summary": "Just 0.45% of individuals were audited in 2019, following years of budget cuts",
    "link": "https://www.wsj.com/articles/irs-personal-income-tax-audits-drop-to-lowest-level-in-decades-11578352541?mod=Searchresults_pos18&page=9",
    "content": "The steady erosion of tax enforcement has been driven by years of cuts in the Internal Revenue Service’s budget along with a heavier work load.\n\nWASHINGTON—Individual taxpayers are half as likely to get audited as they were in 2010, after tax enforcement by the Internal Revenue Service fell to the lowest level in at least four decades.\n\nThe IRS audited 0.45% of personal income-tax returns in fiscal 2019, down from 0.59% in 2018 and marking the eighth straight year of decline, according to a report released on Monday. In 2010, the IRS audited 1.1% of tax returns. The report doesn’t break down audits by income category or provide details about how much revenue they generate.\n\nThe steady erosion of tax enforcement has been driven by years of cuts in the agency’s budget along with a heavier workload. The result, according to tax experts, is that the Treasury is letting billions of dollars annually go uncollected, even as budget deficits rise.\n\n“The audit rate reported for 2019 was less than half of what it was in 2010, underscoring the depleted state of the IRS enforcement function, which urgently needs to be rebuilt,” said Chuck Marr , director of federal tax policy at the Center on Budget and Policy Priorities, a progressive group in Washington.\n\nInvesting in enforcement and tightening rules could generate about $1 trillion over a decade, according to Harvard University economist Lawrence Summers , who served as Treasury secretary in the Clinton administration, and University of Pennsylvania professor Natasha Sarin . The government estimates that each additional dollar spent on tax enforcement could yield more than $4 in revenue, and Democratic presidential candidates have made increasing IRS funding part of their agenda.\n\nThe IRS budget is about 20% below the 2010 peak in inflation-adjusted dollars, according to the Congressional Budget Office. During that time, Congress has given the agency more responsibility, including the implementation of the 2010 health care law and the 2017 tax law.\n\nIn Monday’s report, the IRS said the agency had lost almost 30,000 full-time positions since fiscal 2010, in areas including enforcement and criminal investigation. It now has about 78,000 workers and has been hiring over the past year. But the agency also projects that up to 31% of remaining workers will retire within the next five years.\n\nThe cuts began as part of a fiscal-austerity push after Republicans won a majority in the House of Representatives in 2010 and continued after the IRS said in 2013 that it had given improper scrutiny to some conservative groups seeking nonprofit status.\n\nCharles Rettig , the IRS commissioner appointed by President Trump, has been trying to implement a new strategic plan for the agency and has said it remains aggressive in finding people who aren’t following the law. He has focused on improving the IRS’s use of data analytics, which could let it use enforcement resources more efficiently.\n\n“Our compliance employees have a commitment to fraud awareness as we continue our enforcement efforts in the offshore and other more traditional compliance-challenged arenas,” Mr. Rettig wrote in Monday’s report. “We want to maintain a visible, robust enforcement presence as we continue to explore innovative strategies and techniques in support of our mission.”\n\nWrite to Richard Rubin at richard.rubin@wsj.com",
    "published": "2020-01-06"
  },
  {
    "source": "WSJ",
    "title": "The Dollar Is Even More Important Than You Know",
    "summary": "Some official financial statistics don’t account for the use of foreign-exchange derivatives to create synthetic greenbacks",
    "link": "https://www.wsj.com/articles/the-dollar-is-even-more-important-than-you-know-11578307908?mod=Searchresults_pos15&page=3",
    "content": "The growth of foreign-exchange swaps leaves more of what is effectively dollar debt hiding off balance sheets.\n\nThe share of the Japanese yen in global currency reserves hit a multidecade high last year. Paradoxically, that may be a symptom of the world’s ravenous appetite for U.S. dollars.\n\nAccording to International Monetary Fund data released at the end of the year, yen-denominated reserves reached 5.6% of the world’s total in the third quarter of 2019, the highest amount since the late 1990s.\n\nBut part of the reason for the uptick in holdings isn’t that investors have fallen in love with Japan. There is effectively money lying at the side of the road for investors who want to swap those yen into dollars.\n\nAn instrument called a cross-currency basis swap lets an investor holding a Japanese government bond swap the yen-denominated interest and principal for a dollar-denominated interest and principal received by their counterparty.\n\nSimply put, buying short-term Japanese government debt and swapping it into dollars has provided greater returns than buying U.S. Treasurys of equivalent maturity.\n\nBefore the financial crisis, these persistent opportunities rarely existed: A U.S. Treasury bond would yield the same amount as a Japanese government bond swapped into U.S. dollars, as supply and demand changed the prices of the swaps. But tighter regulations on bank balance sheets postcrisis have changed that, limiting the ability of financiers to arbitrage away the difference. The most common trade is in short-term bonds because the maturity of swaps is typically short too.\n\nUnsurprisingly, foreign investors have piled into short-term Japanese government bonds. Bills issued with a maturity of one year or less have shrunk as a portion of Japan’s overall debt, but the share owned by foreigners has risen from about 5% at the turn of the century to more than two-thirds today.\n\nMost central banks don’t break down their holdings of foreign-exchange derivatives. But Goldman Sachs analysts note that the Reserve Bank of Australia does: It records 40.36 billion Australian dollars (US$28.04 billion) in yen-denominated assets, as of June 2019. After accounting for its derivative holdings, its net yen exposure falls to just A$2.61 billion, while its U.S. dollar exposure more than doubles.\n\nSo though the data suggests that the yen’s share of global reserves is growing, and the U.S. dollar share has declined, it’s more difficult to tell for sure what’s happening. It’s likely that much of the accumulation of yen reserves masks synthetic U.S. dollar holdings.\n\nThe growth in foreign ownership of short-term Japanese debt is a particularly obvious form of financial engineering, but it isn’t the only source of yield pickups. Investors who really want dollars can construct a higher-yielding asset by pairing many European bonds with a cross-currency basis swap too.\n\nThe use of outright foreign-exchange forwards and swaps for dollars has ballooned in the past decade. The notional amount outstanding has risen 64% since its pre-financial crisis peak, to about $53 trillion in the first half of 2019.\n\nThe growth of foreign-exchange swaps leaves more of what is effectively dollar debt hiding off balance sheets around the world. So when you hear about the potential decline of the greenback in international finance, remember the share that’s hidden in plain sight.\n\nWrite to Mike Bird at Mike.Bird@wsj.com",
    "published": "2020-01-06"
  },
  {
    "source": "WSJ",
    "title": "Stocks Inch Higher as Investors Assess Mideast Tensions",
    "summary": "Investors are anxious about the possibility of more violence across the Middle East",
    "link": "https://www.wsj.com/articles/gold-and-oil-rise-as-u-s-warns-iraq-over-troops-11578289665?mod=Searchresults_pos3&page=9",
    "content": "U.S. stocks turned higher and oil prices gave back some of their gains Monday as investors assessed the recent escalation in geopolitical risk in the Middle East.\n\nAfter falling more than 0.5% after the opening bell, major U.S. indexes reversed course as the day wore on and ended the trading session in the green.\n\nThe Dow Jones Industrial Average rose 68.50 points, or 0.2%, to 28703.38. The S&P 500 added 11.43 points, or 0.4%, to 3246.28, while the tech-heavy Nasdaq Composite gained 50.70 points, or 0.6%, to 9071.46.\n\nInvestors are weighing the prospect of fresh conflict across the oil-rich Middle East after a U.S. airstrike last week killed a powerful Iranian general in Iraq. All three major U.S. indexes on Friday recorded their biggest single-day declines in a month.\n\nThe sudden focus on risks in the Middle East interrupted a recent winning stretch for U.S. stocks, which had been at record levels. Stocks around the world have been pushed higher by expectations that easing trade tensions between the U.S. and China will boost global growth.\n\nStill, market reaction to the geopolitical flare-up wasn’t severe enough to suggest panic, said Keith Buchanan, portfolio manager at GLOBALT Investments.\n\n“The market seems to be digesting this in a very calm way, relative to how it’s reacted in the past when there’s been dramatic escalation of tensions in the Middle East,” he said.\n\nOn Sunday, the Iraqi parliament passed a nonbinding resolution to expel American troops. President Trump responded by threatening sanctions and demanding billions of dollars from Baghdad if the U.S. is forced to withdraw. Iraq is the second-largest oil producer among OPEC nations and a hit to its oil industry would reverberate widely.\n\nCompanies on the S&P 500 have poured more than $5.3 trillion into repurchasing their own shares since 2010. WSJ explains how stock buybacks work, and why there's debate over whether or not they're good for the economy.\n\nGold, which is seen as a haven asset, rose to $1,566.20 a troy ounce for front-month contracts, the highest settle value since April 2013.\n\nOil prices jumped, continuing a recent rally as Brent crude futures, the global benchmark, topped $70 a barrel early Monday. But those gains later dwindled, with prices settling at $68.91 a barrel.\n\nThe situation in the Middle East “is not going to get dramatically better in the short term,” said Robert Horrocks , chief investment officer at San Francisco-based Matthews Asia, an investment firm with $27.5 billion under management.\n\nA continued rise in oil prices could cause consumers to pull back on spending. “That might be enough to tip the U.S. into a mild recession,” Mr. Horrocks said.\n\nFears of a recession receded last year as the Fed cut interest rates and economic data showed a strong labor market and resilient consumer spending. Investors were heartened as well by the calming of the trade war with China, which has weighed on economic growth.\n\nU.S. oil producers could profit from the higher crude prices, said Bjarne Schieldrop , chief commodities analyst at SEB Markets. But those gains would likely be negative for the average American.\n\n“When crude goes up, typically the gas price goes up as well,” he said, adding he wouldn’t expect a big spike given other countries could scale up production.\n\nEnergy stocks were among the leaders of the 11 S&P 500 sectors, rising 0.8%. Shares of Exxon Mobil gained 54 cents, or 0.8%, to $70.87.\n\nAirline stocks fell, meanwhile, as investors worried about higher jet-fuel prices. Shares of American Airlines Group dropped 33 cents, or 1.2%, to $27.32, and Delta Air Lines declined 40 cents, or 0.7%, to $57.66.\n\nShares of big tech companies outperformed the broader stock market. Google parent Alphabet rose $36.29, or 2.7%, to $1,397.81, boosted by a bullish research note. Salesforce.com shares jumped $7.28, or 4.4%, to $173.45, also on the heels of a ratings upgrade.\n\nIn Asia, Japan’s Nikkei 225 was the biggest decliner, falling 1.9%. Unlike many other markets, Japan was closed late last week, making Monday the first chance for investors there to react to the escalation in tensions. The Hang Seng index dropped 0.8%.\n\nGold rose to a six-year high on Monday. Photo: daniel munoz/Reuters\n\nThe concern for oil markets isn’t limited to the Gulf region, said Ole Hansen , head of commodity strategy at Saxo Bank. Turkey’s parliament recently authorized the government to dispatch troops to Libya, which produced about 1 million barrels of oil a day in 2019.\n\n“We are in a period of extreme uncertainty,” he said. “The global economy is not that strong and a spike in oil prices is not good for growth.”\n\nThe yield on the benchmark 10-year U.S. Treasury note rose to 1.809%, from 1.787% Friday.\n\nKaren Langley contributed to this article.\n\nWrite to Caitlin Ostroff at caitlin.ostroff@wsj.com and Steven Russolillo at steven.russolillo@wsj.com",
    "published": "2020-01-06"
  },
  {
    "source": "WSJ",
    "title": "Fear of War Sends Gold to Highest Price Since 2013",
    "summary": "Precious metal extends recent rally on escalating U.S.-Iran tensions",
    "link": "https://www.wsj.com/articles/fear-of-war-sends-gold-to-highest-price-since-2013-11578314481?mod=Searchresults_pos6&page=11",
    "content": "Gold jumped to its highest level in almost seven years with tensions between the U.S. and Iran escalating, the latest example of investors favoring the safe-haven metal to protect against a market downturn.\n\nA recent advance for bullion extends a booming rally that began last year, when uncertainty about global trade policy and fears about an economic slowdown propelled gold to its best annual performance since 2010. The gains have been a boon for investors who watched the climb in gold lose momentum briefly in the fourth quarter before resuming again in late December. Producers such as Newmont Goldcorp NEM -0.62 %decrease; red down pointing triangle and Barrick Gold Corp. have also benefited.\n\nMonday’s rise came after President Trump reiterated his threat to strike Iranian cultural sites if tensions between the two countries escalate and as traders awaited Tehran’s response to the death of Maj. Gen. Qassem Soleimani. The targeted killing last week raised fears of a broader conflict between the U.S. and Iran, adding fuel to the gold rally.\n\n“The move that we’ve seen in the past few days is clearly related to the escalation in the Middle East,” said Norbert Rucker , head of economics at Swiss private bank Julius Baer. “The attack sent some tremors that were felt beyond the oil market itself and resulted in a flight to safety, which is exactly what we’ve seen in the gold market.”\n\nGold prices have risen more than 7% in the past month and are up 23% from a low hit last year. Photo: tamara abdul hadi/Reuters\n\nFront-month futures for January delivery rose 1.1% to $1,566.20 a troy ounce on the Comex division of the New York Mercantile Exchange Monday, recording their highest close since April 2013 and eclipsing their peak from early September. Prices have risen more than 7% in the past month alone and are up 23% from a low hit last year.\n\nIn another sign of upbeat momentum, gold climbed for the ninth consecutive session, its longest such streak since Jan. 5, 2018. Back then, a weakening dollar propelled the metal higher for 11 days in a row by making the metal cheaper for overseas buyers.\n\nA softening dollar has supported gold again recently with some analysts expecting momentum in the world economy to shift overseas from the U.S. The WSJ Dollar Index, which tracks the U.S. currency against a basket of 16 other currencies, closed at its lowest level since March last week.\n\nThe dollar’s recent slide has bolstered already-steady gold demand. Jeffrey Currie , head of commodities research at Goldman Sachs, noted that the metal performed well at the start of both Gulf Wars and following the Sept. 11 attacks in 2001.\n\nHedge funds and other speculative investors are positioned for further gains. They increased net bets on rising gold prices for the third consecutive week and pushed net bullish bets to their highest point since late September during the week ended Dec. 31, Commodity Futures Trading Commission figures show.\n\nGold has also benefited from a drop in government-bond yields around the world in recent months. Lower yields make it less likely that investors will miss out on outsize returns by owning bonds as a safe asset rather than gold. On Monday, the yield on the benchmark 10-year U.S. Treasury closed at 1.809%, down from 1.909% at the end of 2019. Yields fall as prices rise.\n\nShares of many precious-metals miners advanced Monday, with Newmont Goldcorp rallying 1% after the company said it is raising its quarterly dividend paid to shareholders to 25 cents from 14 cents previously. Mining stocks have gotten a boost from a broad rise in precious metals. Silver prices stand at a three-month high.\n\nAs well as buying futures and mining shares, one of the most popular ways to invest in gold is through exchange-traded funds. After Gen. Soleimani’s killing, more than $56 million flowed into the iShares Gold Trust ETF on Friday, according to FactSet.\n\nWenyu Yao, a metals strategist at ING, expects investors to plow more money into gold-backed ETFs in the coming days as traders return to work following the New Year break.\n\nOther gold-market observers and participants caution that gold prices are unlikely to rise much further. “The market is really long,” said Georgette Boele , a strategist at ABN Amro, adding that investors are likely to sell the metal to capture profits from the recent rise in prices.\n\nHuge crowds have gathered in Iran to mourn Maj. Gen. Qassem Soleimani, killed by a U.S. airstrike in Iraq. WSJ’s Jason Bellini explains how the death of the powerful commander has intensified anti-U.S. sentiment and emboldened Tehran to threaten retaliation. Photo: Official Khamenei Website/Reuters\n\nWrite to Joe Wallace at Joe.Wallace@wsj.com and Amrith Ramkumar at amrith.ramkumar@wsj.com",
    "published": "2020-01-06"
  }
]