[
  {
    "source": "WSJ",
    "title": "The Real Chinese Trade Spat Is About Engines, Not Soybeans",
    "summary": "The U.S. could block a GE venture’s engine sales to China, showing that economic complexity is at the core of the conflict",
    "link": "https://www.wsj.com/articles/the-real-chinese-trade-spat-is-about-engines-not-soybeans-11582027201?mod=Searchresults_pos7&page=12",
    "content": "The “phase one” deal signed between the U.S. and China in January fueled investors’ hopes that disruptions to global supply chains were coming to an end. Instead, it may have marked the start of the real trade conflict.\n\nThe Wall Street Journal reported Sunday that the Trump administration could stop CFM International, a joint venture of General Electric and France’s Safran, from selling more engines to China’s Comac. The engines are used in the flagship C919 jet, and the U.S. fears that they could be reverse engineered.\n\nSo far, only one of the U.S.’s two lines of attack against China has been explicitly linked to trade: using the threat of tariffs to try to plug a $350 billion trade deficit in goods. China has agreed to reduce it by importing more from the U.S.—notably agricultural products and oil. The other one addresses intellectual property and security concerns, most notably by restricting U.S. suppliers from working with Chinese telecom company Huawei, as well as launching legal challenges against the firm for allegedly stealing intellectual property.\n\nUnfortunately for investors, the real trade conflict has much more to do with Huawei and CFM than it does with how many soybeans China buys.\n\nThe C919 is a central piece of the “Made in China 2025” initiative. Airbus and Boeing don’t appear too worried because the jet is still a generation behind their own A320neo and 737 MAX aircraft, respectively. But the Chinese state owns aircraft maker Comac and can pour a lot more resources into it. It also owns the main domestic airlines, so it can ensure orders. Commitments for the C919 already top 1,000.\n\nA prototype of China’s C919 jet Photo: Ding Ting/Zuma Press\n\nEngines are the key to China’s aerospace self-sufficiency because they remain the hardest part of the plane to replicate. China still can’t do it—the C919 flies on CFM’s LEAP engine—but the government-owned Aero Engine Corp. of China is already developing an alternative.\n\nThis story has played out before. Traditionally, China allowed foreign car makers into the country only through joint ventures with domestic companies in which “technological cooperation” was a requirement. Because China is the world’s largest auto market, these firms couldn’t pass up the opportunity. But China used that strategy to advantage its own “big four” car makers, and now hopes to take the lead in electric vehicles.\n\nConversely, blocking U.S. technology giants such as Amazon.com and Facebook allowed for the rise of Alibaba and WeChat.\n\nTextbook economic theory might have had China focusing on lower-value-added products, specializing only in areas where it had an advantage over its decades of breakneck growth. Instead, its model of development has been a version of the East Asian mercantilist model on steroids: propping up industries with more complex products, often by aping foreign technologies.\n\nIt isn’t always easy to separate whether this technological catch-up is done through intellectual-property theft, “learning by doing,” or by lowering costs and entering foreign markets. China has done all three, and all of them equally serve to take market share from Western companies.\n\nDefending the position at the top of the economic complexity pyramid is the crux of the conflict, and it remains to be seen how far the Trump administration will go. Regardless of potential future benefits, it will hurt the interests of companies like GE GE 0.20 %increase; green up pointing triangle or Boeing, which can’t pass up the opportunity of the Chinese market—even if it involves planting the seeds of their own future competitors.\n\nUnlike the tussle about the trade deficit, this clash of interests can’t be resolved with a handshake deal.\n\nThe U.S. and China signed a deal marking a truce in the trade war between the two nations, with President Trump saying it was a “momentous step” toward a future of \"fair and reciprocal trade.\" Photo: Wang Ying/Xinhua via ZUMA Wire (Originally published Jan. 15, 2020)\n\nWrite to Jon Sindreu at jon.sindreu@wsj.com",
    "published": "2020-02-18"
  },
  {
    "source": "WSJ",
    "title": "PBOC Moves to Support Economy as Coronavirus Bites; Japan’s Economy Contracts; Bundesbank Calls for Spending Boost",
    "summary": "Good day. China’s central bank moved to stimulate the country’s economy in response to the coronavirus. The outbreak is threatening to add to Japan’s economic woes after its economy contracted sharply in late 2019, while Germany’s Bundesbank made a rare call for more government spending to support the economy. And economists can’t agree on how relaxed governments should be about increasing their deficits.",
    "link": "https://www.wsj.com/articles/pboc-moves-to-support-economy-as-coronavirus-bites-japans-economy-contracts-bundesbank-calls-for-spending-boost-11582032947?mod=Searchresults_pos6&page=14",
    "content": "Good day. China’s central bank moved to stimulate the country’s economy in response to the coronavirus. The outbreak is threatening to add to Japan’s economic woes after its economy contracted sharply in late 2019, while Germany’s Bundesbank made a rare call for more government spending to support the economy. And economists can’t agree on how relaxed governments should be about increasing their deficits.\n\nNow on to today’s news and analysis.",
    "published": "2020-02-18"
  },
  {
    "source": "WSJ",
    "title": "PBOC Moves to Support Economy as Coronavirus Bites; Japan’s Economy Contracts; Bundesbank Calls for Spending Boost",
    "summary": "Good day. China’s central bank moved to stimulate the country’s economy in response to the coronavirus. The outbreak is threatening to add to Japan’s economic woes after its economy contracted sharply in late 2019, while Germany’s Bundesbank made a rare call for more government spending to support the economy. And economists can’t agree on how relaxed governments should be about increasing their deficits.",
    "link": "https://www.wsj.com/articles/pboc-moves-to-support-economy-as-coronavirus-bites-japans-economy-contracts-bundesbank-calls-for-spending-boost-11582032947?mod=Searchresults_pos20&page=13",
    "content": "Good day. China’s central bank moved to stimulate the country’s economy in response to the coronavirus. The outbreak is threatening to add to Japan’s economic woes after its economy contracted sharply in late 2019, while Germany’s Bundesbank made a rare call for more government spending to support the economy. And economists can’t agree on how relaxed governments should be about increasing their deficits.\n\nNow on to today’s news and analysis.",
    "published": "2020-02-18"
  },
  {
    "source": "WSJ",
    "title": "Why One of the World’s Largest Tobacco Companies Is Struggling",
    "summary": "Pyxus International, with almost $1 billion in near-term debt, is facing a cash crunch. Efforts to move into vaping and cannabis have hit roadblocks.",
    "link": "https://www.wsj.com/articles/why-one-of-the-worlds-largest-tobacco-companies-is-struggling-11582068998?mod=Searchresults_pos13&page=14",
    "content": "Pyxus’s core business—buying tobacco directly from farmers and then reselling it to major cigarette makers—has declined and efforts to diversify haven’t paid off yet.\n\nPyxus International Inc., one of the world’s largest suppliers of tobacco, is facing mounting financial pressure from a decline in its core business and setbacks in its efforts to diversify into cannabis and vaping fluids.\n\nThe North Carolina-based company, which changed its name from Alliance One International in 2018, is bracing for a cash crunch as losses mount and roughly $1 billion in debt maturities loom. The company’s financial problems highlight declining global tobacco consumption coupled with regulatory uncertainty and heightened competition in the emerging recreational marijuana and vaping sectors.\n\nPyxus’s big problem is that its core business—buying tobacco directly from farmers and then reselling it to major cigarette makers such as Philip Morris—is in decline. Global tobacco use has fallen over the past two decades, according to the World Health Organization. Altria Group Inc., which owns Philip Morris USA Inc., said last month that global cigarette industry volumes have contracted by 4% to 5.5% annually for the last several years. U.S. volumes are forecast to decline by 4% to 6% in 2020.\n\nThe numbers are stark. For its most recent quarter Pyxus’s revenue declined 31% to $363 million and the company lost $22 million. Pyxus has roughly $900 million of bonds maturing in the next year and its $635 million in second-lien bonds are trading at 48 cents on the dollar, according to MarketAxess. The deeply distressed price levels for its debt indicate concerns the company won’t be able to refinance. The company has $396 million of available credit lines and cash on its balance sheet, down by 25% from $528 million a year ago.\n\nPieter Sikkel, Pyxus’s chief executive, believes the tobacco company is making headway in its bid to become a diversified agricultural technology and consumer goods company.\n\n“We’re excited by the progress we’ve made across categories and by the growth potential on the horizon,” he said. “We have benefited from the progress of our diversification strategy, innovation efforts, and global presence.”\n\nPyxus, which traces its roots to a tobacco trading business founded in Virginia in 1873, has attempted to diversify by acquiring stakes in companies that deal in legal cannabis, CBD, industrial hemp and e-liquids for vaping. However, the diversification bid hasn’t yet paid off.\n\n“They’re not successful at their core tobacco business so they try to pivot into the cannabis space,” said Alan Brochstein, founder of 420Investor.com, an online community for investors interested in publicly traded cannabis stocks. “Pyxus seems to be going at it from a position of weakness.”\n\nThe Pyxus segment that contains its cannabis and e-liquids businesses saw its revenue decline by 24.5% year-over-year for the most recent quarter. The company pointed to a slower-than-expected rollout of legal cannabis retail availability in Canada, as well as a decrease in vaping e-liquids sales due to an industry downturn driven by health and regulatory concerns after a series of vaping-related deaths.\n\nThe combination of setbacks in the cannabis sector, delayed shipments due to a drought in Africa, and the impact of the trade wars has created a “perfect storm” for the company as its debt maturities approach next year, said Mary Ross Gilbert, a managing director at investment bank Imperial Capital LLC.\n\n“And now we have the coronavirus. That’s the cherry on top of this perfect storm,” Mrs. Gilbert said.\n\nMr. Sikkel blamed the declining financial performance on poor shipment timing, delayed processing in Africa, and the impact of trade disputes and foreign tariffs.\n\nU.S. tobacco sales to China have fallen sharply during the two-year trade war, leaving many farmers hoping the recently signed Phase 1 deal with Beijing will provide relief.\n\n“While we are pleased that tobacco is included on the list of agricultural products in Phase 1 of the U.S.-China trade agreement, additional steps are needed to restart leaf exports from the United States to China,” Mr. Sikkel said, adding that the company is closely monitoring the coronavirus.\n\nAs for the company’s mixed results on cannabis and vaping e-liquids, Mr. Sikkel likened the company’s diversification efforts to growing pains associated with a startup business.\n\n“Our newer initiatives are in the process of being scaled to their full potential—we think of them as being in ‘startup mode’—and are evolving quickly across these nascent industries,” he told The Wall Street Journal.\n\nIn a nod to the looming debt maturities, Mr. Sikkel recently said Pyxus is evaluating a “potential partial monetization of interests” in its cannabis and e-liquids segment. He declined to elaborate.\n\nHowever, Pyxus’s prospects for obtaining an attractive price for its assets could be hindered by the recent collapse in cannabis company valuations, analysts said. Publicly listed cannabis companies such as Canopy Growth Corp., Tilray Inc., and Cronos Group Inc. have all seen their stock prices decline over the past six months, because of oversupply and weaker-than-expected demand.\n\nWrite to Alexander Gladstone at alexander.gladstone@wsj.com",
    "published": "2020-02-18"
  },
  {
    "source": "WSJ",
    "title": "Why One of the World’s Largest Tobacco Companies Is Struggling",
    "summary": "Pyxus International, with almost $1 billion in near-term debt, is facing a cash crunch. Efforts to move into vaping and cannabis have hit roadblocks.",
    "link": "https://www.wsj.com/articles/why-one-of-the-worlds-largest-tobacco-companies-is-struggling-11582068998?mod=Searchresults_pos13&page=14",
    "content": "Pyxus’s core business—buying tobacco directly from farmers and then reselling it to major cigarette makers—has declined and efforts to diversify haven’t paid off yet.\n\nPyxus International Inc., one of the world’s largest suppliers of tobacco, is facing mounting financial pressure from a decline in its core business and setbacks in its efforts to diversify into cannabis and vaping fluids.\n\nThe North Carolina-based company, which changed its name from Alliance One International in 2018, is bracing for a cash crunch as losses mount and roughly $1 billion in debt maturities loom. The company’s financial problems highlight declining global tobacco consumption coupled with regulatory uncertainty and heightened competition in the emerging recreational marijuana and vaping sectors.\n\nPyxus’s big problem is that its core business—buying tobacco directly from farmers and then reselling it to major cigarette makers such as Philip Morris—is in decline. Global tobacco use has fallen over the past two decades, according to the World Health Organization. Altria Group Inc., which owns Philip Morris USA Inc., said last month that global cigarette industry volumes have contracted by 4% to 5.5% annually for the last several years. U.S. volumes are forecast to decline by 4% to 6% in 2020.\n\nThe numbers are stark. For its most recent quarter Pyxus’s revenue declined 31% to $363 million and the company lost $22 million. Pyxus has roughly $900 million of bonds maturing in the next year and its $635 million in second-lien bonds are trading at 48 cents on the dollar, according to MarketAxess. The deeply distressed price levels for its debt indicate concerns the company won’t be able to refinance. The company has $396 million of available credit lines and cash on its balance sheet, down by 25% from $528 million a year ago.\n\nPieter Sikkel, Pyxus’s chief executive, believes the tobacco company is making headway in its bid to become a diversified agricultural technology and consumer goods company.\n\n“We’re excited by the progress we’ve made across categories and by the growth potential on the horizon,” he said. “We have benefited from the progress of our diversification strategy, innovation efforts, and global presence.”\n\nPyxus, which traces its roots to a tobacco trading business founded in Virginia in 1873, has attempted to diversify by acquiring stakes in companies that deal in legal cannabis, CBD, industrial hemp and e-liquids for vaping. However, the diversification bid hasn’t yet paid off.\n\n“They’re not successful at their core tobacco business so they try to pivot into the cannabis space,” said Alan Brochstein, founder of 420Investor.com, an online community for investors interested in publicly traded cannabis stocks. “Pyxus seems to be going at it from a position of weakness.”\n\nThe Pyxus segment that contains its cannabis and e-liquids businesses saw its revenue decline by 24.5% year-over-year for the most recent quarter. The company pointed to a slower-than-expected rollout of legal cannabis retail availability in Canada, as well as a decrease in vaping e-liquids sales due to an industry downturn driven by health and regulatory concerns after a series of vaping-related deaths.\n\nThe combination of setbacks in the cannabis sector, delayed shipments due to a drought in Africa, and the impact of the trade wars has created a “perfect storm” for the company as its debt maturities approach next year, said Mary Ross Gilbert, a managing director at investment bank Imperial Capital LLC.\n\n“And now we have the coronavirus. That’s the cherry on top of this perfect storm,” Mrs. Gilbert said.\n\nMr. Sikkel blamed the declining financial performance on poor shipment timing, delayed processing in Africa, and the impact of trade disputes and foreign tariffs.\n\nU.S. tobacco sales to China have fallen sharply during the two-year trade war, leaving many farmers hoping the recently signed Phase 1 deal with Beijing will provide relief.\n\n“While we are pleased that tobacco is included on the list of agricultural products in Phase 1 of the U.S.-China trade agreement, additional steps are needed to restart leaf exports from the United States to China,” Mr. Sikkel said, adding that the company is closely monitoring the coronavirus.\n\nAs for the company’s mixed results on cannabis and vaping e-liquids, Mr. Sikkel likened the company’s diversification efforts to growing pains associated with a startup business.\n\n“Our newer initiatives are in the process of being scaled to their full potential—we think of them as being in ‘startup mode’—and are evolving quickly across these nascent industries,” he told The Wall Street Journal.\n\nIn a nod to the looming debt maturities, Mr. Sikkel recently said Pyxus is evaluating a “potential partial monetization of interests” in its cannabis and e-liquids segment. He declined to elaborate.\n\nHowever, Pyxus’s prospects for obtaining an attractive price for its assets could be hindered by the recent collapse in cannabis company valuations, analysts said. Publicly listed cannabis companies such as Canopy Growth Corp., Tilray Inc., and Cronos Group Inc. have all seen their stock prices decline over the past six months, because of oversupply and weaker-than-expected demand.\n\nWrite to Alexander Gladstone at alexander.gladstone@wsj.com",
    "published": "2020-02-18"
  },
  {
    "source": "WSJ",
    "title": "The Real Chinese Trade Spat Is About Engines, Not Soybeans",
    "summary": "The U.S. could block a GE venture’s engine sales to China, showing that economic complexity is at the core of the conflict",
    "link": "https://www.wsj.com/articles/the-real-chinese-trade-spat-is-about-engines-not-soybeans-11582027201?mod=Searchresults_pos7&page=12",
    "content": "The “phase one” deal signed between the U.S. and China in January fueled investors’ hopes that disruptions to global supply chains were coming to an end. Instead, it may have marked the start of the real trade conflict.\n\nThe Wall Street Journal reported Sunday that the Trump administration could stop CFM International, a joint venture of General Electric and France’s Safran, from selling more engines to China’s Comac. The engines are used in the flagship C919 jet, and the U.S. fears that they could be reverse engineered.\n\nSo far, only one of the U.S.’s two lines of attack against China has been explicitly linked to trade: using the threat of tariffs to try to plug a $350 billion trade deficit in goods. China has agreed to reduce it by importing more from the U.S.—notably agricultural products and oil. The other one addresses intellectual property and security concerns, most notably by restricting U.S. suppliers from working with Chinese telecom company Huawei, as well as launching legal challenges against the firm for allegedly stealing intellectual property.\n\nUnfortunately for investors, the real trade conflict has much more to do with Huawei and CFM than it does with how many soybeans China buys.\n\nThe C919 is a central piece of the “Made in China 2025” initiative. Airbus and Boeing don’t appear too worried because the jet is still a generation behind their own A320neo and 737 MAX aircraft, respectively. But the Chinese state owns aircraft maker Comac and can pour a lot more resources into it. It also owns the main domestic airlines, so it can ensure orders. Commitments for the C919 already top 1,000.\n\nA prototype of China’s C919 jet Photo: Ding Ting/Zuma Press\n\nEngines are the key to China’s aerospace self-sufficiency because they remain the hardest part of the plane to replicate. China still can’t do it—the C919 flies on CFM’s LEAP engine—but the government-owned Aero Engine Corp. of China is already developing an alternative.\n\nThis story has played out before. Traditionally, China allowed foreign car makers into the country only through joint ventures with domestic companies in which “technological cooperation” was a requirement. Because China is the world’s largest auto market, these firms couldn’t pass up the opportunity. But China used that strategy to advantage its own “big four” car makers, and now hopes to take the lead in electric vehicles.\n\nConversely, blocking U.S. technology giants such as Amazon.com and Facebook allowed for the rise of Alibaba and WeChat.\n\nTextbook economic theory might have had China focusing on lower-value-added products, specializing only in areas where it had an advantage over its decades of breakneck growth. Instead, its model of development has been a version of the East Asian mercantilist model on steroids: propping up industries with more complex products, often by aping foreign technologies.\n\nIt isn’t always easy to separate whether this technological catch-up is done through intellectual-property theft, “learning by doing,” or by lowering costs and entering foreign markets. China has done all three, and all of them equally serve to take market share from Western companies.\n\nDefending the position at the top of the economic complexity pyramid is the crux of the conflict, and it remains to be seen how far the Trump administration will go. Regardless of potential future benefits, it will hurt the interests of companies like GE GE 0.20 %increase; green up pointing triangle or Boeing, which can’t pass up the opportunity of the Chinese market—even if it involves planting the seeds of their own future competitors.\n\nUnlike the tussle about the trade deficit, this clash of interests can’t be resolved with a handshake deal.\n\nThe U.S. and China signed a deal marking a truce in the trade war between the two nations, with President Trump saying it was a “momentous step” toward a future of \"fair and reciprocal trade.\" Photo: Wang Ying/Xinhua via ZUMA Wire (Originally published Jan. 15, 2020)\n\nWrite to Jon Sindreu at jon.sindreu@wsj.com",
    "published": "2020-02-18"
  },
  {
    "source": "WSJ",
    "title": "Reclining Theater Seats Maker VIP Cinema Files for Bankruptcy",
    "summary": "Private equity-backed business blames debt from buyout, and near saturation with luxury amenities at movie theaters for chapter 11 filing",
    "link": "https://www.wsj.com/articles/reclining-theater-seats-maker-vip-cinema-files-for-bankruptcy-11582059148?mod=Searchresults_pos8&page=12",
    "content": "AMC Theatres is a customer of theater seat maker VIP Cinema Holdings Inc., which has filed for bankruptcy. Photo: ORLIN WAGNER/Associated Press\n\nVIP Cinema Holdings Inc., a private equity-backed maker of reclining seats for movie theaters, filed for bankruptcy with a restructuring plan backed by creditors that include Oaktree Capital Management LP.\n\nThe St. Louis-based company and four affiliates will slash more than $150 million in debt from their books through the chapter 11 proceedings, Michael Blatz, who was hired as chief executive about 18 months ago, told WSJ Pro Bankruptcy.",
    "published": "2020-02-18"
  },
  {
    "source": "WSJ",
    "title": "PBOC Moves to Support Economy as Coronavirus Bites; Japan’s Economy Contracts; Bundesbank Calls for Spending Boost",
    "summary": "Good day. China’s central bank moved to stimulate the country’s economy in response to the coronavirus. The outbreak is threatening to add to Japan’s economic woes after its economy contracted sharply in late 2019, while Germany’s Bundesbank made a rare call for more government spending to support the economy. And economists can’t agree on how relaxed governments should be about increasing their deficits.",
    "link": "https://www.wsj.com/articles/pboc-moves-to-support-economy-as-coronavirus-bites-japans-economy-contracts-bundesbank-calls-for-spending-boost-11582032947?mod=Searchresults_pos15&page=13",
    "content": "Good day. China’s central bank moved to stimulate the country’s economy in response to the coronavirus. The outbreak is threatening to add to Japan’s economic woes after its economy contracted sharply in late 2019, while Germany’s Bundesbank made a rare call for more government spending to support the economy. And economists can’t agree on how relaxed governments should be about increasing their deficits.\n\nNow on to today’s news and analysis.",
    "published": "2020-02-18"
  },
  {
    "source": "WSJ",
    "title": "The Progressively Purer Left Will Need a Smaller Tent",
    "summary": "Bobby Jindal argues that Democrats have adopted rigid, religious-type views on climate, abortion and gender fluidity. I’d add: open borders, identity politics, free stuff, high taxes and evil President Trump, among others.",
    "link": "https://www.wsj.com/articles/the-progressively-purer-left-will-need-a-smaller-tent-11582045781?mod=Searchresults_pos10&page=16",
    "content": "Bobby Jindal (“Democrats Want a Prophet, Not a President,” op-ed, Feb. 11) argues that Democrats have adopted rigid, religious-type views on climate, abortion and gender fluidity. I might add to Mr. Jindal’s list: open borders, identity politics, free stuff, high taxes and evil President Trump, among others. As the Democratic moral purity tests become more numerous, it will be increasingly tough to have a large tent.\n\nDana R. Hermanson\n\nMarietta, Ga.\n\nThe new Democratic catechism, formed when storming the ramparts of common sense, prudent policy and fiscal sanity, begins with the inviolable progressive idea that man is perfectible. Even the simplest of cynics knows this progressive belief is mistaken. Nevertheless, the commandment of perfectibility is the source of all that follows, all that is holy within the postmodern progressive firmament.\n\nEven liberal naysayers, those whose political loyalties formerly required a reflexive rejection of Republican policies, are banished from the new sanctimonious sanctuary.\n\nPaul Bloustein\n\nCincinnati",
    "published": "2020-02-18"
  },
  {
    "source": "WSJ",
    "title": "Some New York Lawmakers Push Mobile Betting Amid Budget Deficit",
    "summary": "New Yorkers are placing bets on sports events in New Jersey. For some legislators, that’s lost tax revenue.",
    "link": "https://www.wsj.com/articles/some-new-york-lawmakers-push-mobile-betting-amid-budget-deficit-11582051581?mod=Searchresults_pos5&page=20",
    "content": "New Yorkers wagered $837 million on sporting events in New Jersey last year, according to an industry-funded study released Tuesday.\n\nALBANY, N.Y.—As state lawmakers debate whether to legalize mobile sports betting in the Empire State, New Yorkers wagered $837 million on sporting events in New Jersey last year, according to an industry-funded study released Tuesday.\n\nThat is almost a fifth of the $4.6 billion that was bet in New Jersey last year on sporting events, according to state figures. And for state Sen. Joe Addabbo , a Queens Democrat, it represents millions of dollars in tax revenue that is going to New Jersey but could help bridge New York’s budget deficit.\n\n“Facts and figures will hopefully tell the story that the governor needs to do this in the budget,” Mr. Addabbo, who sponsors a bill to legalize mobile sports betting, said in a recent interview.\n\nGov. Andrew Cuomo last monthproposed a $178 billion budget that mostly addressed a $6.1 billion gap by reducing outlays to Medicaid and slowing the projected growth of aid to public schools. The Democratic governor has rebuffed calls to include additional gambling revenue, and said he believes allowing online sports betting in New York would require a change to the state Constitution—a process that could last until at least 2021.\n\nLegislators including Mr. Addabbo have spent recent weeks poring over Mr. Cuomo’s proposal and developing their own ideas for next year’s budget, which must be in place by April 1. Mr. Addabbo said no constitutional change is required.\n\nDemocrats who control the state Senate approved legislation last year that would have legalized mobile sports betting, but it wasn’t voted on in the state Assembly. A spokesman for Senate Majority Leader Andrea Stewart Cousins said Democratic senators haven’t discussed taking up the bill again this year, but that they were interested in taking a hard look.\n\nAssembly Speaker Carl Heastie has said Democrats who dominate that chamber are skeptical of expanding gambling. A spokesman for Mr. Heastie, a Democrat from the Bronx, didn’t respond to requests for comment.\n\nThe new study, funded by the sports-betting companies DraftKings Inc. and FanDuel, estimated New York could receive as much as $166 million a year from sports betting if it included online wagers. Both companies are lobbying New York to legalize mobile sports betting.\n\nChris Grove , a partner at the research firm Eilers & Krejcik who wrote the study, said that estimate assumes $120 million in fees from 10 licenses, as well as tax rates of 8% on the gross revenue from in-person wagers and 12% for online wagers. New Jersey taxes gross revenue from in-person sports wagers at 9.75% and online wagers at 14.25%.\n\nMr. Addabbo’s bill projects the state could gain $48 million from four licenses, and proposed a tax rate of 8.5% on gross revenue from in-person sports wagers and 12.5% for online wagers.\n\nNew York’s first legal sports bets were placed in person last July at a casino in Schenectady. Sports betting is now allowed at upstate casinos run by three Indian tribes as well as the four commercial casinos in Schenectady, Tioga, Seneca and Sullivan counties.\n\nNeil Murray, an Albany-based lawyer who has represented clients opposed to mobile sports betting and has argued many cases against gambling expansion, said he believes a simple bill to allow online wagering would violate the New York Constitution.\n\n“The language in the Constitution as amended in 2013 allows gambling at—A-T, the operative word is at—casinos,” he said.\n\nMr. Addabbo said he believed that wouldn’t be unnecessary if servers processing mobile sports wagers were located at existing casinos.\n\nWrite to Jimmy Vielkind at Jimmy.Vielkind@wsj.com",
    "published": "2020-02-18"
  },
  {
    "source": "WSJ",
    "title": "Hey, Taxman, Leave Those Kids Alone",
    "summary": "An overzealous IRS has changed its tune on in-game currency",
    "link": "https://www.wsj.com/articles/hey-taxman-leave-those-kids-alone-11582051516?mod=Searchresults_pos3&page=12",
    "content": "Quit playing games and do your taxes!\n\nThe U.S. Internal Revenue Service has changed the language on an agency webpage suggesting using “Fortnite” V-Bucks—the in-game currency of the hugely popular videogame from Epic Games Inc.—was potentially taxable.\n\nThe original language raised the possibility for gamers, or parents of young gamers, that using V-Bucks to purchase items in the game represented a sale of property that could, in theory, be subject to taxes for capital gains. That is how the cryptocurrency bitcoin is taxed.\n\nSorting out the liability would be a thorny task for anyone, but especially for parents. As everyone knows, children love to keep careful records and to have their videogaming audited by parents. The amounts at stake are also potentially quite small, as game platforms sell 1,000 V-Bucks for $9.99.\n\nSHARE YOUR THOUGHTS Should virtual game earnings face real taxes? Join the conversation below.\n\nBut in a statement last Friday, the IRS clarified that “transacting in virtual currencies as part of a game that do not leave the game environment” wouldn’t merit indication on a tax return, unlike a virtual currency that is “convertible.” The IRS website still mentions bitcoin by name.\n\nAlso last week, before the IRS made its clarification, the U.S. Government Accountability Office published a report arguing limited third-party reporting on virtual-currency transactions makes it “difficult for taxpayers to comply and for IRS to address tax compliance risks.” For the moment, however, the kids are all right.",
    "published": "2020-02-18"
  },
  {
    "source": "WSJ",
    "title": "Pier 1 Imports Gets Approval for Bankruptcy Sale Process",
    "summary": "Troubled home-decor retailer is looking for bidders to buy all or some of its assets",
    "link": "https://www.wsj.com/articles/pier-1-imports-gets-approval-for-bankruptcy-sale-process-11582068924?mod=Searchresults_pos10&page=4",
    "content": "Store closing signs hang in the window of a Pier 1 imports store on Feb. 18, 2020 in Chicago. The struggling retailer announced it has filed for bankruptcy and closing 450 stores.\n\nPier 1 Imports Inc. won court approval for a speedy sale process a day after the retailer tumbled into bankruptcy following a failed yearlong effort to reach a takeover deal with its lenders.\n\nJudge Kevin R. Huennekens of the U.S. Bankruptcy Court in Richmond, Va., Tuesday approved the home furnishings chain’s bidding and sale procedures for its assets. The judge also signed off on a request that allows Pier 1 to obtain $256 million in bankruptcy financing from its term-loan lenders to enable the retailer to keep operating pending a possible sale of the business.\n\nPier 1 filed for chapter 11 protection Monday with the intention of conducting a court-supervised sale process of some, all or substantially all of its assets. The sale is expected to be completed through a chapter 11 plan, which the Fort Worth, Texas-based chain plans to file within a week, lawyers for the company said at a court hearing Tuesday.\n\nThe chapter 11 plan proposes a going-concern sale, with all proceeds going to repay term-loan lenders. If a buyer fails to appear, the lenders will convert their debt to equity and operate Pier 1 as the owners going forward, Pier 1’s bankruptcy lawyer Joshua A. Sussberg said at the hearing.\n\n“There’s a lot of appetite in this asset because of the brand name, because of the business,” Mr. Sussberg said. “And it truly has become a household name.”\n\nBefore filing for bankruptcy, Pier 1 entered into an agreement with a majority of its term-loan lenders, including Bank of America NA, Wells Fargo Bank NA and Pathlight Capital LP. The agreement with the lenders sets a cash recovery price for the auction of $104.7 million, or 55 cents on the dollar.\n\nThe lenders agreed that if there is a bid for Pier 1’s assets that results in a minimum recovery of 55 cents on the dollar, they will automatically support the sale. If there are no bids exceeding that price, then the lenders will decide whether they wish to pursue an equitization restructuring or proceed with an auction at which the lenders could credit bid up to 55 cents. A credit bid is a common bankruptcy tactic that involves swapping debt for equity.\n\nIf the lenders are the successful bidder, they will decide whether they wish to equitize their claims or wind down Pier 1’s chapter 11 estate.\n\nCurrently, there is no stalking horse, or lead bidder, for the retailer’s assets. However, Pier 1 has reached out to about 95 strategic, financial, brand and inventory buyers, according to a Pier 1 bankruptcy attorney.\n\nThe deadline to submit qualified bids is March 23. If necessary, an auction will be conducted on March 31 and sale confirmation hearing held around or on April 23.\n\nPier 1’s bankruptcy filing came less than two months after Pier 1 said it planned to close up to 450 stores, including closing all of its locations in Canada. Pier 1, founded in 1962 in San Mateo, Calif., said it intends to use the bankruptcy process to complete the closures.\n\nWrite to Aisha Al-Muslim at aisha.al-muslim@wsj.com",
    "published": "2020-02-18"
  },
  {
    "source": "WSJ",
    "title": "Beijing’s Soft Power Push on Global Tax",
    "summary": "The little-known tax drive associated with China’s Belt and Road initiative could shape corporate tax rules around the world",
    "link": "https://www.wsj.com/articles/beijings-soft-power-push-on-global-tax-11582025581?mod=Searchresults_pos7&page=6",
    "content": "China’s trillion-dollar Belt and Road initiative to build infrastructure connecting Asia, Africa and Europe has generated plenty of headlines, but its tax arm remains little known. Companies and policy makers alike need to pay closer attention. The project could end up affecting how multinationals pay tax and resolve disputes around the globe.\n\nEstablished in 2018, the Belt and Road Initiative Tax Administration Cooperation Mechanism (Britacom) aims to get countries to cooperate on tax rules to make it easy and predictable for companies to invest in BRI projects. As of last spring, the council had 34 member countries, primarily from Asia, Africa and the Middle East, and 22 observers.\n\nThe initiative has five stated objectives: raise tax certainty, expedite tax dispute resolution, enhance tax administration capacity, streamline tax compliance and digitalize tax administration. It categorically doesn’t intend to establish new tax policies or rules.\n\nBut it may do so anyway. If it develops solutions that work, that would set a benchmark for some of the main cross-border tax challenges that plague multinational companies and the world’s big economies. Eleven tax experts from Europe, Canada and the U.S. are watching closely as members of the Britacom advisory board.\n\nMany observers think a global agreement is needed to update the international corporate-tax system. There have been many projects to find a solution, such as the recent Organization for Economic Cooperation and Development task force on digital tax, but consensus on a way forward has proved elusive.\n\nBeijing’s initiative has an advantage: It is a smaller group focused on pragmatic solutions and it is easier to compromise on a fix when there are billions of dollars of investment on offer. The Britacom solutions could cover the trillions of dollars of Belt and Road investment in over 70 countries. If the processes work, there will be pressure for countries to follow.\n\nThere are two areas of particular promise: transfer prices and dispute resolution. Many international disputes revolve around the prices multinationals charge internally for cross-border sales. These prices are rarely externally verifiable and can be used to shift costs, profits and taxes between countries. An effective process to resolve tax disputes before they end up in court, such as arbitration, also would be welcome.\n\nAnother Britacom initiative is to train tax officials from BRI countries at its three academies. All investors in these nations will be affected by that teaching, not just those involved with China-sponsored projects.\n\nMany countries, including the U.S., historically offered this type of training but have since curtailed their activities to cut costs. A dedicated U.N. training program has struggled for funding. The OECD’s delightfully named Tax Inspectors without Borders sends current or retired tax experts to developing countries to help with specific projects such as audits of a multinational company. Established in 2016, the program is looking to expand but remains small.\n\nBritacom has filled a gap others have vacated or left open. China may not be setting out to influence global tax rules, but in the absence of other solutions it may end up doing just that.",
    "published": "2020-02-18"
  },
  {
    "source": "WSJ",
    "title": "Newsletter: Coronavirus Constrains iPhone Production",
    "summary": "This is the web version of the WSJ’s newsletter on the economy. You can sign up for daily delivery here.",
    "link": "https://www.wsj.com/articles/newsletter-coronavirus-constrains-iphone-production-01582026029?mod=Searchresults_pos19&page=4",
    "content": "This is the web version of the WSJ’s newsletter on the economy. You can sign up for daily delivery here.\n\nApple’s Early Warning\n\nApple became the first major U.S. company to say it won’t meet its revenue projections due to the coronavirus outbreak. The virus has limited iPhone production for world-wide sales and curtailed demand for its products in China. Apple’s announcement is the most prominent example yet of the broad ripple effects of the coronavirus on global business and markets as the outbreak continues to spread, hitting smartphone sales and commodity prices and delaying production across industries. The difficulties are extending into supply chains around the world as assembly lines from Asia to Europe depend upon parts moving swiftly from China into their plants, Tripp Mickle reports.\n\nIf anyone had any doubts about the impact of COVID-19 coronavirus, then this updated guidance from Apple should be of concern. Further evidence the impact is running deeper than some initially thought. Not good news. https://t.co/yBaRdMwleGpic.twitter.com/MeL6UYX4Pj\n\n— Ben Wood (@benwood) February 17, 2020\n\nWHAT TO WATCH TODAY\n\nThe New York Fed's Empire State Survey for February is expected to tick down to 4.5 from 4.8 a month earlier. (8:30 a.m. ET)\n\nThe National Association of Home Builders housing market index for February is expected to hold steady at 75. (10 a.m. ET)\n\nMinneapolis Fed President Neel Kashkari speaks at a Minnesota Indian Affairs Council meeting in Saint Paul at 2 p.m. ET.\n\nJapan's trade balance for January and machine orders for December are out at 6:50 p.m. ET.\n\nTOP STORIES\n\nThe Chain\n\nFollowing a dismal final quarter of 2019, Japan’s economy is facing the risk of a recession because the coronavirus outbreak is hurting tourism and production. The world’s third-largest economy contracted at an annualized rate of 6.3% in the October-December quarter, pulled down by a sharp drop in private consumption after the national sales tax rose to 10% on Oct. 1 from 8%. Some economists say Japan could fall into a technical recession—two straight quarters of contraction. The contraction in the October-December quarter was the first in more than a year and the biggest since the April-June quarter in 2014, the last time the sales tax was raised, Megumi Fujikawa reports.\n\nGermany’s central bank warned that it sees no sign of improvement in the growth outlook in the first quarter of 2020. Germany’s economy, Europe’s largest, has stagnated for almost two years as international trade tensions weighed on its large manufacturing sector. The coronavirus outbreak in China is an additional threat. The Bundesbank said a temporary decline in China’s economy is likely to damp German exports. The Bundesbank called on the government to spend its large surplus to provide a boost.\n\nGlobal trade was on track to weaken in the opening months of 2020 even before the coronavirus outbreak. The World Trade Organization's goods trade barometer for December suggests year-on-year trade growth may fall again in the first quarter, weighed down by softening demand for air freight, electronics and raw materials. \"It does not account for recent developments such as the outbreak of COVID-19, the new coronavirus disease, which may dampen trade prospects further,\" the WTO said.\n\nOpen and Closed\n\nChina’s State Council on Tuesday released a list of U.S. products that could be temporarily exempted from punitive tariffs imposed during the trade fight with the U.S. The move comes after Beijing halved tariffs earlier this month on $75 billion of U.S. imports, part of the country’s efforts to implement the limited trade deal signed with Washington in January. The latest list of U.S. products includes nearly 700 items, ranging from beef, pork, soybeans, crude oil and medical equipment that are needed to contain the spread of coronavirus in China, Grace Zhu reports.\n\nThe Trump administration is weighing new trade restrictions on China that would limit the use of American chip-making equipment, as it seeks to cut off Chinese access to key semiconductor technology, according to people familiar with the plan. The Commerce Department is drafting changes to the so-called foreign direct product rule, which restricts foreign companies’ use of U.S. technology for military or national-security products. The changes could allow the agency to require chip factories world-wide to get licenses if they intend to use American equipment to produce chips for Huawei, Asa Fitch and Bob Davis report.\n\nCan I Kick It? Yes You Can.\n\nVehicles are getting more expensive and Americans are struggling to afford them. Dealerships now make more money arranging financing than selling vehicles. If a car loan goes bad, it typically isn’t the dealership on the hook—it is the borrower or lender. One side-effect: Some dealerships are telling buyers to stop making payments on their old car. In a practice known as “kicking the trade,” dealerships typically get a lender to approve a loan for the buyer’s new vehicle. Next, the buyer generally goes home with two vehicles and two loans. It is only then the buyer asks the original lender to repossess the original car, AnnaMaria Andriotis and Ben Eisen report.\n\nLong Walk, Short Pier\n\nPier 1 Imports, the funky furniture retailer that started out selling bean bag chairs and love beads and later grew into a home-furnishings giant, filed for bankruptcy Monday, a victim of changing consumer tastes and an unforgiving retail environment. Pier 1 said it intends to use the bankruptcy process to complete closure of some 450 stores, Aisha Al-Muslim reports.\n\nIt's been a rough stretch for retail workers. The sector has shed more than a quarter-million jobs since the start of 2017 and bankruptcy-related cuts spiked last year.\n\nWhere do retail workers go when they lose a job? Perhaps as a testament to the constant churn of the U.S. labor market, about one-third of separated retail workers who find another job end up right back in the same sector, according to Census Bureau data. Roughly another quarter slide into similarly low-wage, service sector work. Relatively few land in transportation and warehousing, a sector that's often considered a beneficiary of the consumer shift to shopping online from shopping at the mall.\n\nWHAT ELSE WE’RE READING\n\nPresident Trump's tariffs hit global supply chains and hurt U.S. exporters. \"Firms that eventually faced tariff increases on their imports accounted for 84% of all exports and they represent 65% of manufacturing employment. For all affected firms, the implied cost is $900 per worker in new duties. To estimate the effect on U.S. export growth, we construct product-level measures of import tariff exposure of U.S. exports from the underlying firm micro data. More exposed products experienced 2 percentage point lower growth relative to products with no exposure. The decline in exports is equivalent to an ad valorem tariff on U.S. exports of almost 2% for the typical product and almost 4% for products with higher than average exposure,\" Federal Reserve economists Kyle Handley, Fariha Kamal and Ryan Monarch write in a discussion paper.\n\nSIGN UP FOR OUR CALENDAR\n\nReal Time Economics has launched a downloadable calendar with concise previews, forecasts and analysis of major U.S. data releases. To add to your calendar, please click here.",
    "published": "2020-02-18"
  },
  {
    "source": "WSJ",
    "title": "Coronavirus Exposes Businesses’ Dependency on China",
    "summary": "Apple’s warning indicates the global impact as companies in China struggle to restart operations and combat worker shortages",
    "link": "https://www.wsj.com/articles/coronavirus-exposes-businesses-dependency-on-china-11582035993?mod=Searchresults_pos3&page=13",
    "content": "Just as the U.S.-China trade war was starting to fade, the coronavirus crisis is exposing how heavily dependent foreign companies are on China for their production and business.\n\nAs the new virus continues to spread in China, killing more than 1,800, cities have been locked down, logistics and the movement of people hampered, and consumer demand dented, leaving companies—both Chinese and foreign—grappling to resume business operations.\n\nIn a sign of how devastating the economic impact could be, China’s State Council on Tuesday called on regions with lower risk from the virus to resume full production. The regions deemed to be higher risk were instructed to monitor the health conditions on the ground, with a priority placed on controlling the disease. It didn’t specify which regions were deemed high-, medium- or low-risk.\n\nCompanies also are offering bonuses to workers and helping organize group trips for employees to return to work as they seek to combat the worker shortage.\n\nMeanwhile in the U.S., Apple Inc. became the first major American company to say it won’t meet its revenue projections for the current quarter because of the coronavirus outbreak. It said the epidemic had both limited iPhone production for world-wide sales and curtailed demand for its products in China. Apple assembles most of its products, including the iPhone, in China through contract manufacturers such as Foxconn Technology Group. Apple shares were down 2% in Tuesday trading.\n\n“I think many companies have realized their complete dependence on China. If the country goes down like this, it is going to really hamper” their business, said Jörg Wuttke, president of the European Chamber of Commerce in China. Many companies will now look to diversify, he said in a briefing on Tuesday, “seeing that not all eggs are in one basket.”\n\nApple withdrawing its prior guidance wasn’t surprising because roughly 70% of the company’s revenue is generated from products manufactured in China, according to Bernstein analyst Toni Sacconaghi . He said HP Inc., Dell Technologies Inc. and Hewlett Packard Enterprise Co. are among tech hardware companies to watch considering their exposure to China based on their supply chain and how much business they do in the country.\n\nThe range of challenges that foreign companies face now in China is broad, Mr. Wuttke said. Many truck drivers who carry components and goods have had to face quarantine of up to two weeks as they go from one city to another, slowing down logistics. Sourcing materials and components have been difficult. Many employees who left town have been unable to come back to work at factories or offices, as they follow quarantine rules; and those rules as well as other government orders have varied city by city, region by region, causing confusion.\n\nWorkers at a Galanz factory in Foshan, China, wearing protective gear amid the coronavirus outbreak. Photo: alex plavevski/Shutterstock\n\nAnd even if companies are able to produce goods, there are hurdles in shipping those goods to consumers. Companies are running short of packing materials, while many shopping centers are closed. With fewer flights and ships coming to and from China, less room is available to ship goods overseas, Mr. Wuttke said.\n\nApple suppliers including Foxconn have restarted some plants, but more time is needed to get production levels back to normal, people familiar with the matter have said.\n\nA major reason continues to be worker shortage. The quarantine of nearly 60 million people in Hubei province and its capital Wuhan, the center of the epidemic, means that workers who visited family in the region over the Lunar New Year holiday can’t get back to their jobs.\n\nOn top of that, many Chinese cities, including Beijing and Shanghai, are asking most people entering from elsewhere to quarantine themselves at home for 14 days before going to work.\n\nIn a sign of Foxconn’s eagerness to secure more workers, the Zhengzhou plant in central China—Foxconn’s biggest iPhone assembly factory—is offering some new and returning workers a bonus of up to 3,000 yuan ($430), according to the plant’s WeChat account.\n\nFoxconn didn’t immediately respond to a request for comment.\n\nLife in China is far from normal as factories try to ramp up production after an extended Lunar New Year holiday because of the virus outbreak. The WSJ’s James Areddy heads to Shanghai's factory district and explains how the slow start will affect the country’s economy. Photo: AGENCE FRANCE-PRESSE/GETTY IMAGES\n\nAnalysts, however, are split on how long the difficulties from the spread of coronavirus will have on business in China and abroad. Research firm International Data Corp. expects the virus’ impact on the Chinese economy to be limited to the first quarter of 2020 and gradually fade in subsequent quarters, though the effects will be more pronounced in the country’s information technology and communications sector. Cowen analysts described Apple’s change in guidance as a transitory issue and that unfulfilled demand for products including the iPhone could largely be made up later in the year.\n\nMeanwhile, Raymond James analysts see more troubling signs based on the potential for the virus to continue spreading rapidly in China and other countries, including the U.S. “It seems as though the market is underappreciating the potential dangers and what the key government leaders on the virus are saying,” according to a Monday research note.\n\nThe worker shortage is a shared concern among many factory operators in China. To bring back workers, some local governments have been organizing group trips to get them back to their destinations.\n\nSichuan province in southwestern China, home to many migrant workers, is one example. The government there has been coordinating with provinces of Zhejiang, in the east, and Guangdong, in the south, which are major labor destinations, on how to organize trips and send them back amid a nationwide transportation disruption.\n\nHealth News in Your Inbox Get a curated weekly look at features, columns and headlines on personal health and the health industry. Sign up.\n\nIn one such effort, 154 migrant workers boarded a plane at an airport in Sichuan to go back to their workplace at Jiashan county, Zhejiang province, this week. Upon arrival, they were picked up by buses dispatched by Jiashan authorities. The fees were covered by their employers and the local government, Jiashan government said in a post on WeChat.\n\nAnother challenge for companies, Mr. Wuttke said, is the weak consumer demand. Most people are focused on buying daily necessities, but beyond that, people aren’t shopping much, he said.\n\nMany stores and shopping centers in China remain closed or are operating shorter hours. Apple, which had closed all of its 42 retail stores in China earlier this month as the virus outbreak worsened, now has seven stores back open, with shorter hours of operation, including all five stores in Beijing and two in Shanghai, an Apple spokeswoman said. The remaining 35 stores in mainland China are still closed.\n\nYin Yijun and Sarah E. Needleman contributed to this article.\n\nWrite to Yoko Kubota at yoko.kubota@wsj.com",
    "published": "2020-02-18"
  }
]