[
  {
    "source": "WSJ",
    "title": "U.S. Will Approve Some Delays in Tariff Payments Amid Coronavirus Crisis",
    "summary": "Steel producers criticize efforts to delay or roll back tariffs",
    "link": "https://www.wsj.com/articles/u-s-customs-tells-importers-it-will-approve-tariff-delays-on-a-case-by-case-basis-11585144953?mod=Searchresults_pos1&page=1",
    "content": "WASHINGTON—The U.S. says it will allow some importers to delay tariff payments, following calls from business groups and import-dependent industries such as retailers and steel users for the Trump administration to cancel or at least temporarily suspend major tariffs.\n\nThe tariffs—essentially taxes at the border—have been imposed on hundreds of billions of dollars of annual imports from China, as well as steel and aluminum products from around the world.\n\nPresident Trump last week rejected the calls for tariff relief, and White House officials have continued to say tariff breaks aren’t on the table.\n\nYet in recent days U.S. Customs and Border Protection sent notices to companies saying officials will approve some delays in tariff payments. The agency, which collects duties on imports on behalf of the U.S. Treasury, in the past has granted companies more time for customs paperwork and tariffs due to a variety of extraordinary circumstances, including the effect of weather on seaports.\n\n“Due to the severity of Novel Coronavirus Disease (COVID-19), U.S. Customs and Border Protection (CBP) will approve on a case by case basis additional days for payment of estimated duties, taxes and fees due to this emergency,” according to the notice from the agency.\n\nThe federal government is in touch with businesses on a variety of possibilities for assisting companies that face tariff burdens, a U.S. official said. Those efforts complement the Internal Revenue Service’s delays of tax-filing and tax-payment deadlines.\n\nA group of Democratic senators is calling for a moratorium on paying tariffs for 90 days, with Sen. Dianne Feinstein of California circulating a letter for signatures. The call for a tariff delay drew a rebuke from the Coalition for a Prosperous America, a group that backs domestic companies and supports the Trump administration’s “America first” trade policy.\n\nThe U.S. government “should not reintroduce unfairly traded goods to cause American workers further economic pain because of lobbying efforts of stateless companies,” said CPA Chairman Dan DiMicco and CEO Michael Stumo in a letter, referring to multinational corporations. “China is stockpiling unsold goods right now during its shutdown and will be poised to flood the US market when shipping and ports reopen.”\n\nBloomberg News earlier reported the possibility that duties could be delayed for 90 days.\n\nMeanwhile, a group of Republican senators on Wednesday sent a letter to Mr. Trump to ask for new exclusions to existing tariffs and a ban on new ones. “We urge you to consider a total moratorium on new tariffs or tariff increases for the time being,” wrote the senators, led by Finance Committee Chairman Chuck Grassley (R., Iowa).\n\nTrade hawks close to the Trump administration see any tariff relief—even if temporary—as chipping away at the trade barriers that Mr. Trump promised during the 2016 election and unrolled starting in 2018. Peter Navarro , a White House trade and manufacturing adviser, has consistently denied that the White House will approve any tariff cuts.\n\nGreen-lighting broad tariff relief would also present a messaging problem for the White House, since Mr. Trump has repeatedly said U.S. tariffs are paid by foreigners. In fact, they are paid by U.S. importers and frequently passed down to consumers.\n\nOn Wednesday, domestic steel producers rushed to criticize efforts to delay or roll back tariffs, saying trade barriers are important to the steel industry and its workers.\n\n“Any efforts to delay or reduce the collection of duties on unfairly-traded steel imports or imports that threaten to impair U.S. national and economic security will ultimately hurt U.S. workers and businesses during this unprecedented moment,” said the American Iron & Steel Institute and four other organizations.\n\nSome imported steel products have several layers of tariffs at the U.S. border, including levies based on unfair dumping and subsidies, Mr. Trump’s broad metals tariffs based on a national-security law and also duties imposed on Chinese products in the trade war with Beijing.\n\nIn January, Washington and Beijing signed a “phase one” agreement that serves as a truce in the trade war, but the Trump administration kept duties on all products affected by the conflict, only lowering the tariff rates on some products.\n\nThe U.S. Chamber of Commerce and leading apparel and footwear groups have asked the Trump administration to remove tariffs.\n\n“Having a tariff that is intended to punish China, but is being paid for by middle-America consumers who may currently be out of work, seems unfair at best and counterproductive,” said Doreen Edelman , head of global trade and policy at law firm Lowenstein Sandler LLP.\n\nFor the Trump administration, tariffs are an economic tool to support domestic industries as well as a lever to seek concessions from trading partners that discriminate against some U.S. products.\n\nSo far the White House has sought to keep its signature trade policy separate from broad efforts from the administration and Congress to provide financial support to American companies and individuals, according to people familiar with the policies.\n\nLawmakers are divided on the issue, but the Trump administration imposed its major tariffs without congressional consent and could also remove them unilaterally in response to political pressure or economic changes in 2020.\n\nIn a separate action last week, the U.S. Trade Representative also opened a new process for companies to request tariff relief for medical-care products of Chinese origin that may be needed to respond to the coronavirus pandemic. Companies have until June 25 to make requests. The process would allow the USTR to reconsider requests for tariff relief that were denied last year, when the need for medical supplies wasn’t as pressing. The USTR has already taken action to reverse tariffs on some medical supplies.\n\nJosh Zumbrun contributed to this article.\n\nCorrections & Amplifications\n\nThe Internal Revenue Service has delayed taxfiling and taxpayment deadlines. An earlier version of this article incorrectly gave the agency’s name as the International Revenue Service. Also, the first name of Sen. Dianne Feinstein of California was spelled incorrectly. (March 25, 2020)\n\nWrite to William Mauldin at william.mauldin@wsj.com",
    "published": "2020-03-25"
  },
  {
    "source": "WSJ",
    "title": "‘War Fever’ Review: Home of the Bean and the Babe",
    "summary": "Boston during the Great War, as seen through the lives of Babe Ruth, conductor Karl Muck and U.S. Army hero Charles W. Whittlesey.",
    "link": "https://www.wsj.com/articles/war-fever-review-home-of-the-bean-and-the-babe-11585174832?mod=Searchresults_pos9&page=15",
    "content": "George Herman Ruth was never one to share a spotlight. But then again, why should he have? Yet encroaching onto Ruth’s spotlight is what “War Fever: Boston, Baseball, and America in the Shadow of the Great War” endeavors. True, the Bambino retains a Barrymore’s share of his newest stage, but Randy Roberts and Johnny Smith aim at telling a grander story. The authors have written previous books together, including “Blood Brothers: The Fatal Friendship Between Muhammed Ali and Malcolm X.” Here they attempt both a broad portrait of Ruth’s milieu and a narrower look at a portion of his career: specifically 1917-19, as pitcher Ruth became slugger Ruth and larger-than-life Ruth.\n\nThe subtitle of “War Fever” gives “Boston” pride of place over “baseball.” Beantown is the hub—pardon the expression—upon which their narrative turns, for “War Fever” highlights not merely the Babe but two other Bostonians strongly affected by the Great War: Karl Muck, conductor of the Boston Symphony Orchestra, and U.S. Army Major Charles W. Whittlesey , commander of the “Lost Battalion” that for six agonizing days found itself hopelessly trapped behind German lines during October 1918’s bloody Meuse-Argonne offensive.\n\nMini-biographies of Ruth, Muck and Whittlesey introduce each narrative. Ruth’s tale is by far the most familiar: raised in a seedy saloon in Baltimore’s “Pigtown,” shuffled off to a Catholic reform school, taught baseball there by the gargantuan Brother Matthias Boutilier , signed in 1914 as a left-handed pitcher by the local minor-league team, the Baltimore Orioles, and quickly peddled to the Boston Red Sox, where he burst forth as one of the American League’s most feared hurlers.\n\nThe boisterously undisciplined Ruth could hit so well that he probably would have transitioned to an everyday player eventually, but the war certainly accelerated that movement. Woodrow Wilson ’s military draft stripped the Sox roster of too many hitters. Ruth not merely filled that void, he transformed “Dead Ball Era” slap-hitting into “Lively Ball” swing-from-the-heels slugging. Most important, Ruth’s electrifying presence in the everyday lineup shored up sagging wartime attendance—as well as Sox owner Harry Frazee ’s deteriorating finances.\n\nPhoto: WSJ\n\nWar Fever By Randy Roberts and Johnny Smith\n\nBasic, 344 pages, $30\n\nSoon Ruth shattered the single-season home-run record (with 29 in 1919), at least twice “called his shot” (as he would famously do in 1932’s World Series) and was generating as much publicity and sheer adulation as any player in the game. He began angling for the more “Ruthian” salary of $30,000 for three years’ service. As Ruth’s teammate, outfielder Harry Hooper observed, “I saw a man transformed from a human being into something pretty close to a god.” His luster shone so very brightly by wartime 1918 that it even blotted out his suspect Teutonic origins.\n\nYet Ruth was never Beantown’s highest-paid star. That honor had belonged to Karl Muck: While Ruth toiled for $3,500 with the Sox, Muck hauled in $28,000 as music director of the BSO, indicative of the pre-eminence that high culture still held in society. Like Ruth, Muck was a German, but there (aside from a wandering eye for the ladies) the similarity ended. Muck hailed from the Old Country and counted the Kaiser as a friend. Ruth emerged from the slums, and his ornate penmanship seemed his educational apex. And while the Babe’s trajectory headed skyward, Muck headed for a fall.\n\nThe “War Fever” of Messrs. Roberts and Smith’s title made Muck’s fellow Bostonians question his loyalty, particularly following the spread of a (false) story of the conductor’s refusing to play “The Star-Spangled Banner” prior to a BSO performance. Soon Muck—suspected of being a spy—was arrested, his love letters to his mistress were seized by federal agents, and he was packed off to a Georgia internment camp for enemy aliens. His American career—though, miraculously, not his marriage—was forever ruined. (There was, of course, another “war fever” in Boston in 1918—that of the Spanish Flu, which hit the Hub particularly hard. On the night of May 19, the Bambino’s body temperature climbed to 104 degrees.)\n\nMaj. Charles Whittlesey’s connection to Boston is less firm than either Ruth’s or Muck’s, restricted to his earlier Harvard years. When the war began, he was an ultra-restrained, mild-mannered (well, let’s be blunt—he’s just plain geeky) Manhattan lawyer. When the war ended, he was, like Sgt. Alvin York, an unlikely national hero. Whittlesey’s “Lost Battalion” (largely composed of New Yorkers) had suffered horrendous casualties. Undersupplied, attacked by German flame-throwers and even subjected to bombardment by misguided American artillery, they were able to communicate with superiors only by carrier pigeon. But when asked to surrender by a German emissary, the bespectacled Whittlesey allegedly responded “Go to Hell!” Finally rescued by advancing doughboys, he was awarded the Medal of Honor in December 1918. But Whittlesey’s story ended tragically, with a sudden seaboard suicide three years later. He left behind some notes—but barely a reason: “I’m a misfit by nature and by training, and there’s an end to it.”\n\nThe passages on Muck’s internment and the Lost Battalion are among this book’s best, but on the whole “War Fever” remains less than the sum of its too-many parts. In fact, only the war connects our headliners. Baseball certainly doesn’t. Beyond that, there are enough false notes to give a careful reader pause. The Harry Hooper quote above is described as being collected by a “baseball writer.” It wasn’t. Lawrence Ritter , who compiled the monumental oral history of baseball players “The Glory of Their Times,” was an economist. And who refers to “winning pennant teams” rather than “pennant-winning teams”? There are odd sins of omission and many other little gaffes, such as a reference to “derbies and bowlers.” One need not be Roger Stone to know that derbies are bowlers. Baseball fans may learn from “War Fever,” and even be edified and entertained, but should pass through its turnstiles expecting to see a .250 hitter, not a Triple Crown winner.\n\nMr. Pietrusza’s books include “TR’s Last War: Theodore Roosevelt , the Great War, and a Journey of Triumph and Tragedy.” He is a former president of the Society for American Baseball Research (SABR).",
    "published": "2020-03-25"
  },
  {
    "source": "WSJ",
    "title": "Trudeau’s Coronavirus Power Grab",
    "summary": "Canada’s prime minister asks for the authority to tax, spend and borrow without Parliament’s approval.",
    "link": "https://www.wsj.com/articles/trudeaus-coronavirus-power-grab-11585174923?mod=Searchresults_pos15&page=14",
    "content": "Toronto\n\n“Emergency bill would grant cabinet sweeping powers to tax and spend without parliamentary approval through end of 2021,” announced Canada’s Globe and Mail newspaper Monday. I readied for a feeling of resignation: I guess Aung San Suu Kyi really has lost it. Or perhaps cynicism: Putin decided to make it official, eh? But to my surprise, the article was about Canada and its progressive prime minister, Justin Trudeau. If this is multiculturalism, he’s taken it too far.\n\nMr. Trudeau’s Liberal Party planned to introduce economic relief legislation Tuesday morning and had already distributed copies to some opposition parliamentarians in preparation. At 44 pages, the draft bill was relatively brief. Then again, how complicated is it to define arbitrary power?\n\nThe bill would have allowed Mr. Trudeau’s cabinet to raise taxes, impose new taxes, spend and borrow by fiat, all without a vote in Parliament. Apparently the coronavirus pandemic is so dire that Liberals thought there wouldn’t be time, at least until 2022, to vote on matters of fiscal policy.\n\nThis power grab quickly fizzled. Mr. Trudeau’s Liberals won a mere 33% of the aggregate popular vote in this past October’s election, the lowest percentage for a governing party in Canadian history. Leading a minority government, the prime minister needs some support from his opponents to enact legislation. How did he imagine that conversation would go?\n\n“Conservatives are ready to work to support Canadians in this time of crisis,” said opposition leader Andrew Scheer in a written statement Monday night. He’d already negotiated a coronavirus economic relief package with Mr. Trudeau and planned to vote for it. “But we will not give the government unlimited power to raise taxes without a parliamentary vote,” he said. “We will not sign a blank cheque.”\n\nThat caught the Liberals off-guard. In an 11 p.m. tweet the night before the big day, Government House Leader Pablo Rodriguez had to break the news: “We consulted with the opposition and will bring changes to the draft legislation. We will always work collaboratively and respect the fundamental role of Parliament.” Never has an 11th-hour retreat sounded so considered and mature.\n\nThe Liberals returned to Parliament Tuesday having given up on the tax authority but still seeking unchecked power to extend loans and guarantees and to “make payments to an entity for the purposes of stimulating economic activity or employment in situations of significant and systemic economic and financial distress.” Another surviving provision would empower cabinet ministers to requisition from the Treasury “all money required to do anything, including making payments to provinces and territories, in relation to that public health event,” namely the coronavirus pandemic. Negotiations continued all day and past midnight. Finally, at 5:51 a.m. Wednesday, the parties approved an aid package of 52 billion Canadian dollars (around $36 billion), in which the government gets a six-month emergency spending power that will be scrutinized and can be taken away if abused.\n\nThis is a decent result, born of compromise. But the irony of the Liberal Party proposing to abrogate the signal achievement of constitutional liberalism, the freedom from arbitrary political power, is enough to make John Locke turn in his grave. Mr. Trudeau’s initial plan to combine in the executive the power to create the law, finance it and enforce it—powers of the pen, purse and sword—was a recipe for abuse. It also threw out hundreds of years of English-speaking peoples’ political theory and practice. Conservative finance critic Pierre Poilievre rightly mentioned the Magna Carta and “no taxation without representation.”\n\nMr. Trudeau answered criticism Tuesday by explaining that the coronavirus pandemic is an “exceptional situation that requires extreme flexibility and rapidity.” Maybe so, but does that require permitting him to bypass parliamentary democracy? Suddenly Canadians were in the ballpark of the terrifying “state of exception” theorized by the German antiliberal philosopher Carl Schmitt (1888-1985), in which the sovereign suspends the law and uses whatever means necessary to restore order.\n\nThere was no need even to start down that road. Mr. Trudeau is dealing with a cooperative opposition party that had pledged to support his economic relief measures. The Conservatives had even agreed to vote on short notice in a shrunken Parliament, with 32 members divided proportionally among the parties, the better to practice social distancing.\n\nThe prime minister wasn’t blocked from acting swiftly. He simply wanted to shrug off reasonable restraints on his power—for 21 months. Mr. Trudeau’s rash request, made in the heat of a crisis, underscores the continuing need for a loyal opposition, the separation of powers and the liberal tradition that Liberals once claimed as their own.\n\nMr. Kaufman is an assistant editorial features editor at the Journal.",
    "published": "2020-03-25"
  },
  {
    "source": "WSJ",
    "title": "U.S. Income Tax Delay to Strain States",
    "summary": "Many state budgets run from July 1 to June 30, so new July 15 filing date means officials can’t count on that money for current fiscal year",
    "link": "https://www.wsj.com/articles/u-s-income-tax-delay-to-strain-states-11585143724?mod=Searchresults_pos4&page=3",
    "content": "The Trump administration’s decision to move the deadline for filing income taxes to July 15 because of the new coronavirus crisis is creating a cash crunch for state governments that were counting on an infusion of state income-tax revenue next month to pay bills.\n\nMany state budgets run from July 1 through June 30, so the new filing date—instead of April 15—means state officials can’t count on that tax money for the current fiscal year. States could have to borrow in volatile financial markets or cut into their budgets between now and the end of June. The agreement reached early Wednesday between lawmakers and the Trump administration could also help if it includes general aid for state governments. Unlike the federal government, states must balance their budgets.\n\nSo far this week, states including Delaware, Colorado and Alabama have announced they would extend their filing deadline in line with the federal shift.\n\n“You can have unintended consequences with the best of intentions,” said Verenda Smith , deputy director of the Federation of Tax Administrators. “The choices that it left the state officials are all so gruesome,” she said.\n\nThe Treasury Department’s decision caught states by surprise. Although the move was intended to help struggling households and businesses, it left state officials in a bind, she said.\n\nIn most cases, taxpayers need to know how much they will pay in federal income tax before filing their state income taxes—and many states tie their deadlines to the federal government calendar. So postponing the federal filing deadline effectively postpones the filing deadline for state income taxes as well.\n\nThat means states can no longer count on that tax revenue coming in before the fiscal year ends on June 30. Last year, states collected $65 billion in income tax revenue in the month of April, almost 18% of the annual total.\n\nIncome-tax dollars make up about a third of total state and local tax collections in California, New York and Massachusetts and even more in Oregon and Maryland, according to a Tax Foundation analysis. Overall, about 23.5% of total state and local tax dollars came from income taxes in 2016, the most recent year for which data was available. Roughly the same amount came from sales taxes, which analysts also expect will be hit hard amid the slowdown in consumption. A handful of states—including Florida, Texas and Nevada—don’t have a state income tax.\n\nLawmakers and the White House reach a deal on a giant stimulus package, Gov. Andrew Cuomo says New York has become the epicenter of the crisis in the U.S., and India puts 1.3 billion people on lockdown. WSJ’s Jason Bellini has the latest on the pandemic. Photo: Patrick Semansky/AP\n\nOver the past few days, states have been scrambling to figure out how to relieve that budget pressure. One option is to cut programs or furlough state workers, something officials are loath to do, especially now that so many people are out of work due to the coronavirus-related layoffs. Another option would be to issue short-term debt.\n\n“April 15 is just around the corner, that’s when they would have counted on a big infusion of cash from income taxes, that’s going to be pushed off for three months so that puts them in a big bind,” said Don Boyd , co-director of the State and Local Government Finance Project at Rockefeller College.\n\nThe income-tax dollars most states and some big cities collect on a continuing basis from workers’ paychecks are likely to begin declining even sooner, Mr. Boyd said, as companies lay off employees and workers’ income falls. He expects the sales taxes that states and many cities rely on will also fall beginning in April when vendors generally send in taxes collected on transactions in March.\n\n“They are going to be strapped for cash,” he said.\n\nBorrowing against future revenues could also be costly. Prices have jumped in the municipal-bond market as investors have fled to cash and Treasurys, causing a spike in short-term interest rates last week. Rates fell somewhat after the announcement of a Federal Reserve liquidity program Monday but remained well above normal levels.\n\nCompounding the problem is the fact that many state legislatures, whose approval is often required to make major spending decisions, have been sent home as a precautionary measure. So far, statehouses in 22 states have shut down due to coronavirus concerns.\n\nThe new filing deadline means Rhode Island could run out of cash in weeks, said Seth Magaziner , the state’s treasurer. State officials are exploring short-term borrowing and moving pots of money from one state account to another to make up the shortfall, Mr. Magaziner said.\n\nSince Rhode Island lawmakers aren’t meeting because of the virus, a special emergency board will convene this week to authorize the moves.\n\n“Our immediate concern is on solving our cash flow issues in the coming weeks and months and then we will turn our attention to those longer-term issues,” Mr. Magaziner said.\n\nLast year, about 16.4% of the state’s personal income tax revenue came during the month of April.\n\nPennsylvania is also anticipating that the tax-filing delay will push “a significant amount” of revenue out of this fiscal year into the next, said Matthew Knittel , director of the state’s Independent Fiscal Office. The office anticipates an immediate, large reduction in motor vehicle sales tax following the closure of car dealerships.\n\nWSJ Newsletter Get an early-morning coronavirus briefing each weekday, plus a health-news update Fridays: Sign up here.\n\nWrite to David Harrison at david.harrison@wsj.com and Heather Gillers at heather.gillers@wsj.com",
    "published": "2020-03-25"
  },
  {
    "source": "WSJ",
    "title": "U.S. Will Approve Some Delays in Tariff Payments Amid Coronavirus Crisis",
    "summary": "Steel producers criticize efforts to delay or roll back tariffs",
    "link": "https://www.wsj.com/articles/u-s-customs-tells-importers-it-will-approve-tariff-delays-on-a-case-by-case-basis-11585144953?mod=Searchresults_pos8&page=1",
    "content": "WASHINGTON—The U.S. says it will allow some importers to delay tariff payments, following calls from business groups and import-dependent industries such as retailers and steel users for the Trump administration to cancel or at least temporarily suspend major tariffs.\n\nThe tariffs—essentially taxes at the border—have been imposed on hundreds of billions of dollars of annual imports from China, as well as steel and aluminum products from around the world.\n\nPresident Trump last week rejected the calls for tariff relief, and White House officials have continued to say tariff breaks aren’t on the table.\n\nYet in recent days U.S. Customs and Border Protection sent notices to companies saying officials will approve some delays in tariff payments. The agency, which collects duties on imports on behalf of the U.S. Treasury, in the past has granted companies more time for customs paperwork and tariffs due to a variety of extraordinary circumstances, including the effect of weather on seaports.\n\n“Due to the severity of Novel Coronavirus Disease (COVID-19), U.S. Customs and Border Protection (CBP) will approve on a case by case basis additional days for payment of estimated duties, taxes and fees due to this emergency,” according to the notice from the agency.\n\nThe federal government is in touch with businesses on a variety of possibilities for assisting companies that face tariff burdens, a U.S. official said. Those efforts complement the Internal Revenue Service’s delays of tax-filing and tax-payment deadlines.\n\nA group of Democratic senators is calling for a moratorium on paying tariffs for 90 days, with Sen. Dianne Feinstein of California circulating a letter for signatures. The call for a tariff delay drew a rebuke from the Coalition for a Prosperous America, a group that backs domestic companies and supports the Trump administration’s “America first” trade policy.\n\nThe U.S. government “should not reintroduce unfairly traded goods to cause American workers further economic pain because of lobbying efforts of stateless companies,” said CPA Chairman Dan DiMicco and CEO Michael Stumo in a letter, referring to multinational corporations. “China is stockpiling unsold goods right now during its shutdown and will be poised to flood the US market when shipping and ports reopen.”\n\nBloomberg News earlier reported the possibility that duties could be delayed for 90 days.\n\nMeanwhile, a group of Republican senators on Wednesday sent a letter to Mr. Trump to ask for new exclusions to existing tariffs and a ban on new ones. “We urge you to consider a total moratorium on new tariffs or tariff increases for the time being,” wrote the senators, led by Finance Committee Chairman Chuck Grassley (R., Iowa).\n\nTrade hawks close to the Trump administration see any tariff relief—even if temporary—as chipping away at the trade barriers that Mr. Trump promised during the 2016 election and unrolled starting in 2018. Peter Navarro , a White House trade and manufacturing adviser, has consistently denied that the White House will approve any tariff cuts.\n\nGreen-lighting broad tariff relief would also present a messaging problem for the White House, since Mr. Trump has repeatedly said U.S. tariffs are paid by foreigners. In fact, they are paid by U.S. importers and frequently passed down to consumers.\n\nOn Wednesday, domestic steel producers rushed to criticize efforts to delay or roll back tariffs, saying trade barriers are important to the steel industry and its workers.\n\n“Any efforts to delay or reduce the collection of duties on unfairly-traded steel imports or imports that threaten to impair U.S. national and economic security will ultimately hurt U.S. workers and businesses during this unprecedented moment,” said the American Iron & Steel Institute and four other organizations.\n\nSome imported steel products have several layers of tariffs at the U.S. border, including levies based on unfair dumping and subsidies, Mr. Trump’s broad metals tariffs based on a national-security law and also duties imposed on Chinese products in the trade war with Beijing.\n\nIn January, Washington and Beijing signed a “phase one” agreement that serves as a truce in the trade war, but the Trump administration kept duties on all products affected by the conflict, only lowering the tariff rates on some products.\n\nThe U.S. Chamber of Commerce and leading apparel and footwear groups have asked the Trump administration to remove tariffs.\n\n“Having a tariff that is intended to punish China, but is being paid for by middle-America consumers who may currently be out of work, seems unfair at best and counterproductive,” said Doreen Edelman , head of global trade and policy at law firm Lowenstein Sandler LLP.\n\nFor the Trump administration, tariffs are an economic tool to support domestic industries as well as a lever to seek concessions from trading partners that discriminate against some U.S. products.\n\nSo far the White House has sought to keep its signature trade policy separate from broad efforts from the administration and Congress to provide financial support to American companies and individuals, according to people familiar with the policies.\n\nLawmakers are divided on the issue, but the Trump administration imposed its major tariffs without congressional consent and could also remove them unilaterally in response to political pressure or economic changes in 2020.\n\nIn a separate action last week, the U.S. Trade Representative also opened a new process for companies to request tariff relief for medical-care products of Chinese origin that may be needed to respond to the coronavirus pandemic. Companies have until June 25 to make requests. The process would allow the USTR to reconsider requests for tariff relief that were denied last year, when the need for medical supplies wasn’t as pressing. The USTR has already taken action to reverse tariffs on some medical supplies.\n\nJosh Zumbrun contributed to this article.\n\nCorrections & Amplifications\n\nThe Internal Revenue Service has delayed taxfiling and taxpayment deadlines. An earlier version of this article incorrectly gave the agency’s name as the International Revenue Service. Also, the first name of Sen. Dianne Feinstein of California was spelled incorrectly. (March 25, 2020)\n\nWrite to William Mauldin at william.mauldin@wsj.com",
    "published": "2020-03-25"
  },
  {
    "source": "WSJ",
    "title": "Small-Caps ‘Eviscerated’ in Stock Market Rout",
    "summary": "‘I can’t imagine the carnage,’ says one portfolio manager. ‘This has just been so fast and so violent.’",
    "link": "https://www.wsj.com/articles/small-caps-eviscerated-in-stock-market-rout-11585134001?mod=Searchresults_pos16&page=10",
    "content": "The stock market has taken a dive over the past month, and the plunge in small-caps has been particularly deep.\n\nThe benchmark S&P 500 is down 28% from its Feb. 19 record close, while the Russell 2000 small-cap index has lost 35% over the same period and hasn’t set a new high since August 2018.\n\nCompanies in the small-cap category, which typically have a market value of about $2 billion or less, tend to be more sensitive to economic downturns than their larger peers. They missed out on the S&P 500’s march to records throughout 2019 and early 2020 as investors worried about the health of the economic expansion and the impact of the U.S.-China trade war.\n\nAnd the growing fears of economic disruption caused by the coronavirus pandemic hit when small-caps already showed potential vulnerabilities: The portion of Russell 2000 constituents that don’t make money has been rising, as have debt levels. Light trading in many of the stocks, which can make it harder to buy or sell shares, mark another hurdle for the group.\n\nThe ensuing downturn has been severe: Even after posting its biggest two-day gain since November 2008 on Tuesday and Wednesday, the Russell 2000 is on pace for its worst month since October 1987. And since the index peaked for the year on Jan. 16, 96% of the stocks in the group have fallen, with 83% suffering declines of more than 20%, according to Dow Jones Market Data.\n\n“They’ve been eviscerated. I can’t imagine the carnage,” said Bill Costello , senior portfolio manager at Westwood Holdings Group, who co-manages a small-cap fund. “This has just been so fast and so violent.”\n\nAs the coronavirus pandemic has spread around the world and reshaped life in the U.S., expectations of a painful economic slowdown have prompted a brutal selloff of risky assets. The S&P 500 and Dow Jones Industrial Average ended their 11-year bull run earlier this month, posting the fastest fall on record from all-time highs to bear-market territory. Banks and investors have warned the worst of the global selloff may still be ahead.\n\nThe market rout has been broad and spanned across sectors. Among the small-cap stocks that have taken a big hit over the past month are burger joint Shake Shack Inc., down 40%; apparel company Guess Inc., down 59%; Spirit Airlines Inc., down 64%; and car-rental company Avis Budget Group Inc., down 59%.\n\nOne factor that makes small-cap companies sensitive to economic downturns is that many don’t generate earnings to begin with.\n\nThe share of companies in the Russell 2000 that aren’t profitable climbed to 29% by the end of November and remained at that level on Feb. 29, according to the most recent data available from BofA Global Research and FactSet. That percentage rose from 19% in August 2012.\n\nThe last time a higher share of the companies in the small-cap index were unprofitable was in November 2009, when 31% lost money.\n\n“If in the last 10 years, when we’ve had an economic expansion, you haven’t been able to make money and you’re not profitable, what’s going to happen to you in a downturn?” Mr. Costello said.\n\nSmall-cap stocks also entered the market downturn with elevated debt levels. As efforts to contain the pandemic lead to a swift drop in revenue for many companies, those debt obligations could become more difficult to meet, potentially threatening some companies’ ability to stay in business.\n\nThe S&P 500 lost more than 7% Wednesday, triggering a circuit breaker for the fourth time this month. Circuit breakers were created as guardrails for wild market moves, but as investors exit stocks amid widening economic damage, some question how well they work.\n\nAt the end of February, the ratio of net debt to earnings before interest, taxes, depreciation and amortization for the Russell 2000, excluding financial companies, was 4.32, according to BofA Global Research and FactSet. That measure was up from 3.43 a year earlier and 2.13 at the end of February 2012.\n\nLarge-cap companies generally have more breathing room. For companies in the S&P 500, the net debt-to-earnings ratio was 2.25 at the end of February, up from 1.89 a year earlier and 1.18 at the end of February 2012.\n\nAn analysis from Jefferies found that Russell 2000 stocks with higher debt have had a lower return in March than have constituents with lower leverage. The half of stocks with the most leverage declined 35%, including dividends, in the month to date through Friday, while the half with less debt dropped 26%.\n\n“That is a huge gap,” said Steven DeSanctis , small- and midcap strategist at Jefferies. “Any company that has debt on the balance sheet, no one wants to own.”\n\nAlex Ely , chief investment officer of the small- and midcap growth team at Macquarie Investment Management, said he recently bought shares of consumer-staples companies and unloaded shares of home builders.\n\n“We reduced that area because we were worried about the pressure in the bond markets…that would affect mortgages and therefore affect the housing-related companies,” he said.\n\nAnother factor that might be contributing to the precipitous fall in small-cap shares: Those stocks are typically more difficult to trade than their large-cap peers.\n\nGoldman Sachs Group Inc. analysts examining liquidity—how readily sellers can find buyers and vice versa—earlier this month found that highly liquid stocks have outperformed stocks with low liquidity. They said they expect that trend to continue until the S&P 500 hits its near-term trough.\n\nThe analysts’ group of high-liquidity stocks included the well-known big tech names: Amazon.com Inc., Apple Inc., Microsoft Corp., Facebook Inc. and Alphabet Inc. Its basket of low-liquidity stocks featured smaller companies, such as movie producer Lions Gate Entertainment Corp., oil-and-gas company Antero Resources Corp. and personal-care product company Nu Skin Enterprises Inc.\n\n“There’s not as much interest in a smaller cap company than an Amazon, Google, Apple,” Mr. DeSanctis said. “Those stocks trade pretty freely. In small-cap, when you have times of stress, it’s just much, much wider spreads. You want to get compensated for being one side or the other of that trade.”\n\nWrite to Karen Langley at karen.langley@wsj.com",
    "published": "2020-03-25"
  },
  {
    "source": "WSJ",
    "title": "‘War Fever’ Review: Home of the Bean and the Babe",
    "summary": "Boston during the Great War, as seen through the lives of Babe Ruth, conductor Karl Muck and U.S. Army hero Charles W. Whittlesey.",
    "link": "https://www.wsj.com/articles/war-fever-review-home-of-the-bean-and-the-babe-11585174832?mod=Searchresults_pos9&page=15",
    "content": "George Herman Ruth was never one to share a spotlight. But then again, why should he have? Yet encroaching onto Ruth’s spotlight is what “War Fever: Boston, Baseball, and America in the Shadow of the Great War” endeavors. True, the Bambino retains a Barrymore’s share of his newest stage, but Randy Roberts and Johnny Smith aim at telling a grander story. The authors have written previous books together, including “Blood Brothers: The Fatal Friendship Between Muhammed Ali and Malcolm X.” Here they attempt both a broad portrait of Ruth’s milieu and a narrower look at a portion of his career: specifically 1917-19, as pitcher Ruth became slugger Ruth and larger-than-life Ruth.\n\nThe subtitle of “War Fever” gives “Boston” pride of place over “baseball.” Beantown is the hub—pardon the expression—upon which their narrative turns, for “War Fever” highlights not merely the Babe but two other Bostonians strongly affected by the Great War: Karl Muck, conductor of the Boston Symphony Orchestra, and U.S. Army Major Charles W. Whittlesey , commander of the “Lost Battalion” that for six agonizing days found itself hopelessly trapped behind German lines during October 1918’s bloody Meuse-Argonne offensive.\n\nMini-biographies of Ruth, Muck and Whittlesey introduce each narrative. Ruth’s tale is by far the most familiar: raised in a seedy saloon in Baltimore’s “Pigtown,” shuffled off to a Catholic reform school, taught baseball there by the gargantuan Brother Matthias Boutilier , signed in 1914 as a left-handed pitcher by the local minor-league team, the Baltimore Orioles, and quickly peddled to the Boston Red Sox, where he burst forth as one of the American League’s most feared hurlers.\n\nThe boisterously undisciplined Ruth could hit so well that he probably would have transitioned to an everyday player eventually, but the war certainly accelerated that movement. Woodrow Wilson ’s military draft stripped the Sox roster of too many hitters. Ruth not merely filled that void, he transformed “Dead Ball Era” slap-hitting into “Lively Ball” swing-from-the-heels slugging. Most important, Ruth’s electrifying presence in the everyday lineup shored up sagging wartime attendance—as well as Sox owner Harry Frazee ’s deteriorating finances.\n\nPhoto: WSJ\n\nWar Fever By Randy Roberts and Johnny Smith\n\nBasic, 344 pages, $30\n\nSoon Ruth shattered the single-season home-run record (with 29 in 1919), at least twice “called his shot” (as he would famously do in 1932’s World Series) and was generating as much publicity and sheer adulation as any player in the game. He began angling for the more “Ruthian” salary of $30,000 for three years’ service. As Ruth’s teammate, outfielder Harry Hooper observed, “I saw a man transformed from a human being into something pretty close to a god.” His luster shone so very brightly by wartime 1918 that it even blotted out his suspect Teutonic origins.\n\nYet Ruth was never Beantown’s highest-paid star. That honor had belonged to Karl Muck: While Ruth toiled for $3,500 with the Sox, Muck hauled in $28,000 as music director of the BSO, indicative of the pre-eminence that high culture still held in society. Like Ruth, Muck was a German, but there (aside from a wandering eye for the ladies) the similarity ended. Muck hailed from the Old Country and counted the Kaiser as a friend. Ruth emerged from the slums, and his ornate penmanship seemed his educational apex. And while the Babe’s trajectory headed skyward, Muck headed for a fall.\n\nThe “War Fever” of Messrs. Roberts and Smith’s title made Muck’s fellow Bostonians question his loyalty, particularly following the spread of a (false) story of the conductor’s refusing to play “The Star-Spangled Banner” prior to a BSO performance. Soon Muck—suspected of being a spy—was arrested, his love letters to his mistress were seized by federal agents, and he was packed off to a Georgia internment camp for enemy aliens. His American career—though, miraculously, not his marriage—was forever ruined. (There was, of course, another “war fever” in Boston in 1918—that of the Spanish Flu, which hit the Hub particularly hard. On the night of May 19, the Bambino’s body temperature climbed to 104 degrees.)\n\nMaj. Charles Whittlesey’s connection to Boston is less firm than either Ruth’s or Muck’s, restricted to his earlier Harvard years. When the war began, he was an ultra-restrained, mild-mannered (well, let’s be blunt—he’s just plain geeky) Manhattan lawyer. When the war ended, he was, like Sgt. Alvin York, an unlikely national hero. Whittlesey’s “Lost Battalion” (largely composed of New Yorkers) had suffered horrendous casualties. Undersupplied, attacked by German flame-throwers and even subjected to bombardment by misguided American artillery, they were able to communicate with superiors only by carrier pigeon. But when asked to surrender by a German emissary, the bespectacled Whittlesey allegedly responded “Go to Hell!” Finally rescued by advancing doughboys, he was awarded the Medal of Honor in December 1918. But Whittlesey’s story ended tragically, with a sudden seaboard suicide three years later. He left behind some notes—but barely a reason: “I’m a misfit by nature and by training, and there’s an end to it.”\n\nThe passages on Muck’s internment and the Lost Battalion are among this book’s best, but on the whole “War Fever” remains less than the sum of its too-many parts. In fact, only the war connects our headliners. Baseball certainly doesn’t. Beyond that, there are enough false notes to give a careful reader pause. The Harry Hooper quote above is described as being collected by a “baseball writer.” It wasn’t. Lawrence Ritter , who compiled the monumental oral history of baseball players “The Glory of Their Times,” was an economist. And who refers to “winning pennant teams” rather than “pennant-winning teams”? There are odd sins of omission and many other little gaffes, such as a reference to “derbies and bowlers.” One need not be Roger Stone to know that derbies are bowlers. Baseball fans may learn from “War Fever,” and even be edified and entertained, but should pass through its turnstiles expecting to see a .250 hitter, not a Triple Crown winner.\n\nMr. Pietrusza’s books include “TR’s Last War: Theodore Roosevelt , the Great War, and a Journey of Triumph and Tragedy.” He is a former president of the Society for American Baseball Research (SABR).",
    "published": "2020-03-25"
  }
]