[
  {
    "source": "WSJ",
    "title": "China’s Factories Struggle to Resume Operations After Virus Shutdown",
    "summary": "Smaller companies are particularly vulnerable after coronavirus lockdown that has choked supplies",
    "link": "https://www.wsj.com/articles/chinas-factories-struggle-to-resume-operations-after-virus-shutdown-11581157800?mod=Searchresults_pos18&page=4",
    "content": "Agilian Technology is among companies in China whose operation was affected by the virus outbreak.\n\nAs China shuts down swaths of the country to contain a fast-spreading virus, Fabien Gaussorgues is struggling to keep running a business that makes consumer electronics for small-business customers in North America.\n\nThe chief executive of Agilian Technology Co. isn’t sure if he can get enough of his 80-person staff back to restart his factory after the extended Lunar New Year holidays. Even if he does, he can’t get hold of quality controllers to certify his factories, and he can’t get shipments flown to customers because so many flights from China have been canceled.\n\n“We have warned our customers that air shipments might be impossible in the next three months,” Mr. Gaussorgues said. “Suppliers can’t commit to anything at this time. This is the No. 1 danger. It might force us to stop production.”\n\nMr. Gaussorgues’s woes are emblematic of the problems facing companies as they try to restart operations following the lockdown caused by a coronavirus that emerged from Wuhan, which has infected more than 30,000 people and killed more than 600 in China. The country’s restrictions—which are beginning to be lifted—have choked supplies, restricted travel and limited the ability of employees to report to work.\n\nThe virus is the latest blow to businesses in the world’s largest manufacturing economy, which also has been hurt by a bruising trade war with the U.S. And while production disruptions are expected to affect companies of all sizes—including giants like Apple Inc. and Qualcomm Inc.—smaller companies are particularly vulnerable.\n\n“Suddenly, an existential threat has come up, and many organizations are re-evaluating their supply chains,” said Renaud Anjoran , chief executive of Sofeast Ltd., a China-focused quality assurance and engineering firm. He said thousands of small and midsize Chinese factories may shut as a result of the production shocks.\n\n“This will, unfortunately, have an impact on our production and delivery,” said Janice Wang , chief executive of New York-based Alvanon Inc., an adviser to retail and apparel makers including Under Armour Inc., with operations in Shanghai. “We anticipate a four-week delay on any physical goods that have already been paid.”\n\nThe Harder They Fall\n\nChina's increased integration with the global economy over the past two decades threatens to make supply shocks more brutal than before.\n\nExports to world 2018 2000 $253 billion $2.7 trillion Inland freight transport in ton-kilometers* 2017 2000 613 billion 6.7 trillion\n\nChina extended its new-year holidays three days to Feb. 2, and kept most businesses shut thereafter to combat the outbreak. Many factories are scheduled to reopen Monday, although it is unclear how many can. Many workers can’t leave their hometowns, and employers still have to pay them. Factories that do open might have to operate with lower productivity because of labor shortage, new screening requirements and lack of parts.\n\nGerman auto maker Volkswagen AG said Saturday that it is pushing back the date to resume production at some plants to Feb. 17, citing challenges in its supply chain and in securing factory workers as they face limited travel options.\n\n“If several key suppliers suddenly close down, or are several months late in their shipments, it is a deadly threat to a business,” Mr. Anjoran said. “It is much worse than, for example, a 10% tariff, since they can survive that extra cost for some time.”\n\nInland deliveries face an additional four to five hours on each journey as 18-wheelers clog temperature checkpoints screening drivers and passengers on highways, according to DHL’s risk-analysis platform Resilience360.\n\nSHARE YOUR THOUGHTS How can businesses stem the ripple effect of the coronavirus? Is waiting it out the best strategy or is there an alternative? Join the conversation below.\n\nAlso affected have been shipments via air and water. Since the virus outbreak, more than a dozen countries have stopped flights to and from China, and ships have been held back from calling. Shippers including CMA CGM SA say they have canceled shipments to Chinese ports.\n\n“We don’t know if trucks will be running, if couriers will be operating, if ships will be sailing, or what other transport disruptions there are likely to be,” said Terry Newman , general manager of a wood-flooring company in the eastern city of Huzhou.\n\nMr. Newman hasn’t been able to set a reopening date since closing shop just before the Lunar New Year. He is struggling to find enough face masks, now mandatory when in public in some Chinese cities and provinces, to cover two days’ use for his 25-person staff.\n\nHe also is trying to make sure his employees can get to work. One of his employees had to return from Huzhou to the employee’s hometown of Guizhou, after being forced to do so by local law enforcement eager to ensure everyone was accounted for because of epidemic management efforts, he said.\n\nThe coronavirus first hit businesses clustered in and around Wuhan, as car makers including Hyundai Motor Co. and industrial conglomerates such as Hitachi Ltd. suspended production. Then it amplified in the supply networks that crisscross the country.\n\nAvnet Inc., a Phoenix-based provider of electronics components and services, has an office handling supplies in Wuhan, the epicenter of the outbreak. The company told employees in Wuhan to work from home. A spokeswoman said it “will source alternative products as needed. ... The situation is fluid.”\n\nTracking the Coronavirus The coronavirus in two months has sickened thousands in China and reached more than two dozen countries\n\nEven before the coronavirus hit, China’s factories had been reeling from a prolonged trade war with the U.S. China’s economic expansion in 2019 was the slowest in nearly three decades, officials said last month. Trade, investment, consumer spending and business confidence are all down year-over-year.\n\nChina’s relentless integration with the global economy over the past two decades drove an 11-fold rise in its exports to $2.7 trillion in 2018 from 2000, compared with the world economy’s 2.6-fold expansion in the same period. As a result, the world is now more dependent than ever on China for key goods and services, increasing the virus’s impact on the global economy.\n\nAgilian, based in Dongguan, in southern China, told its customers that production would be hit for at least February and very likely March too. Out of his staff of 80, Mr. Gaussorgues expects only 15 will be working next week, if the factory is allowed to reopen, and possibly 30 thereafter. The rest will be homebound by infection worries and policies.\n\n“Our business continuity plan addressed risks such as fire, but not the lockdown of the entire country,” Mr. Gaussorgues said.\n\nMr. Gaussorgues said the combination of rising costs and increased risks of producing in China might cause him to consider leaving China.\n\n“We could already feel pressure last year to relocate to another country,” he said. “We will certainly feel stronger pressure to do that in 2020.”\n\nWrite to Chuin-Wei Yap at chuin-wei.yap@wsj.com",
    "published": "2020-02-08"
  },
  {
    "source": "WSJ",
    "title": "China’s Factories Struggle to Resume Operations After Virus Shutdown",
    "summary": "Smaller companies are particularly vulnerable after coronavirus lockdown that has choked supplies",
    "link": "https://www.wsj.com/articles/chinas-factories-struggle-to-resume-operations-after-virus-shutdown-11581157800?mod=Searchresults_pos2&page=17",
    "content": "Agilian Technology is among companies in China whose operation was affected by the virus outbreak.\n\nAs China shuts down swaths of the country to contain a fast-spreading virus, Fabien Gaussorgues is struggling to keep running a business that makes consumer electronics for small-business customers in North America.\n\nThe chief executive of Agilian Technology Co. isn’t sure if he can get enough of his 80-person staff back to restart his factory after the extended Lunar New Year holidays. Even if he does, he can’t get hold of quality controllers to certify his factories, and he can’t get shipments flown to customers because so many flights from China have been canceled.\n\n“We have warned our customers that air shipments might be impossible in the next three months,” Mr. Gaussorgues said. “Suppliers can’t commit to anything at this time. This is the No. 1 danger. It might force us to stop production.”\n\nMr. Gaussorgues’s woes are emblematic of the problems facing companies as they try to restart operations following the lockdown caused by a coronavirus that emerged from Wuhan, which has infected more than 30,000 people and killed more than 600 in China. The country’s restrictions—which are beginning to be lifted—have choked supplies, restricted travel and limited the ability of employees to report to work.\n\nThe virus is the latest blow to businesses in the world’s largest manufacturing economy, which also has been hurt by a bruising trade war with the U.S. And while production disruptions are expected to affect companies of all sizes—including giants like Apple Inc. and Qualcomm Inc.—smaller companies are particularly vulnerable.\n\n“Suddenly, an existential threat has come up, and many organizations are re-evaluating their supply chains,” said Renaud Anjoran , chief executive of Sofeast Ltd., a China-focused quality assurance and engineering firm. He said thousands of small and midsize Chinese factories may shut as a result of the production shocks.\n\n“This will, unfortunately, have an impact on our production and delivery,” said Janice Wang , chief executive of New York-based Alvanon Inc., an adviser to retail and apparel makers including Under Armour Inc., with operations in Shanghai. “We anticipate a four-week delay on any physical goods that have already been paid.”\n\nThe Harder They Fall\n\nChina's increased integration with the global economy over the past two decades threatens to make supply shocks more brutal than before.\n\nExports to world 2018 2000 $253 billion $2.7 trillion Inland freight transport in ton-kilometers* 2017 2000 613 billion 6.7 trillion\n\nChina extended its new-year holidays three days to Feb. 2, and kept most businesses shut thereafter to combat the outbreak. Many factories are scheduled to reopen Monday, although it is unclear how many can. Many workers can’t leave their hometowns, and employers still have to pay them. Factories that do open might have to operate with lower productivity because of labor shortage, new screening requirements and lack of parts.\n\nGerman auto maker Volkswagen AG said Saturday that it is pushing back the date to resume production at some plants to Feb. 17, citing challenges in its supply chain and in securing factory workers as they face limited travel options.\n\n“If several key suppliers suddenly close down, or are several months late in their shipments, it is a deadly threat to a business,” Mr. Anjoran said. “It is much worse than, for example, a 10% tariff, since they can survive that extra cost for some time.”\n\nInland deliveries face an additional four to five hours on each journey as 18-wheelers clog temperature checkpoints screening drivers and passengers on highways, according to DHL’s risk-analysis platform Resilience360.\n\nSHARE YOUR THOUGHTS How can businesses stem the ripple effect of the coronavirus? Is waiting it out the best strategy or is there an alternative? Join the conversation below.\n\nAlso affected have been shipments via air and water. Since the virus outbreak, more than a dozen countries have stopped flights to and from China, and ships have been held back from calling. Shippers including CMA CGM SA say they have canceled shipments to Chinese ports.\n\n“We don’t know if trucks will be running, if couriers will be operating, if ships will be sailing, or what other transport disruptions there are likely to be,” said Terry Newman , general manager of a wood-flooring company in the eastern city of Huzhou.\n\nMr. Newman hasn’t been able to set a reopening date since closing shop just before the Lunar New Year. He is struggling to find enough face masks, now mandatory when in public in some Chinese cities and provinces, to cover two days’ use for his 25-person staff.\n\nHe also is trying to make sure his employees can get to work. One of his employees had to return from Huzhou to the employee’s hometown of Guizhou, after being forced to do so by local law enforcement eager to ensure everyone was accounted for because of epidemic management efforts, he said.\n\nThe coronavirus first hit businesses clustered in and around Wuhan, as car makers including Hyundai Motor Co. and industrial conglomerates such as Hitachi Ltd. suspended production. Then it amplified in the supply networks that crisscross the country.\n\nAvnet Inc., a Phoenix-based provider of electronics components and services, has an office handling supplies in Wuhan, the epicenter of the outbreak. The company told employees in Wuhan to work from home. A spokeswoman said it “will source alternative products as needed. ... The situation is fluid.”\n\nTracking the Coronavirus The coronavirus in two months has sickened thousands in China and reached more than two dozen countries\n\nEven before the coronavirus hit, China’s factories had been reeling from a prolonged trade war with the U.S. China’s economic expansion in 2019 was the slowest in nearly three decades, officials said last month. Trade, investment, consumer spending and business confidence are all down year-over-year.\n\nChina’s relentless integration with the global economy over the past two decades drove an 11-fold rise in its exports to $2.7 trillion in 2018 from 2000, compared with the world economy’s 2.6-fold expansion in the same period. As a result, the world is now more dependent than ever on China for key goods and services, increasing the virus’s impact on the global economy.\n\nAgilian, based in Dongguan, in southern China, told its customers that production would be hit for at least February and very likely March too. Out of his staff of 80, Mr. Gaussorgues expects only 15 will be working next week, if the factory is allowed to reopen, and possibly 30 thereafter. The rest will be homebound by infection worries and policies.\n\n“Our business continuity plan addressed risks such as fire, but not the lockdown of the entire country,” Mr. Gaussorgues said.\n\nMr. Gaussorgues said the combination of rising costs and increased risks of producing in China might cause him to consider leaving China.\n\n“We could already feel pressure last year to relocate to another country,” he said. “We will certainly feel stronger pressure to do that in 2020.”\n\nWrite to Chuin-Wei Yap at chuin-wei.yap@wsj.com",
    "published": "2020-02-08"
  },
  {
    "source": "WSJ",
    "title": "Facebook and IRS Prepare for $9 Billion U.S. Tax Court Fight",
    "summary": "Government challenges social-media giant’s transactions with its Irish subsidiary",
    "link": "https://www.wsj.com/articles/facebook-and-irs-prepare-for-9-billion-u-s-tax-court-fight-11581177600?mod=Searchresults_pos8&page=8",
    "content": "Facebook Inc. and the Internal Revenue Service will square off in a U.S. Tax Court case that could cost the social-media giant more than $9 billion and shape the government’s ability to crack down on companies’ efforts to shift profits to low-tax countries.\n\nThe trial slated to start in the week ahead caps a nine-year dispute over how Facebook structured its international operations. The IRS argues that more of the company’s profits should have been taxed at higher rates in the U.S., rather than in the company’s Irish subsidiary. Facebook contends that it deserves a refund.\n\nFacebook’s practice of routing overseas profits to low-tax countries is common among U.S. multinationals, which have faced criticism in the U.S. and in Europe for not paying enough in taxes. The case could set the rules of the road for others with similar disputes in the pipeline.\n\n“Both sides have salient arguments, and that makes it an exciting case,” said William Byrnes, a law professor at Texas A&M University, who expects the court to impose additional taxes on Facebook but less than the IRS wants. “What happens with Facebook sets the tone for what happens” to others.\n\nThe case stems from internal transactions Facebook conducted in the period before it went public as it was setting up its global operations. The result will likely hinge on the valuation of intellectual property used by Facebook’s overseas subsidiaries, which pay royalties to the parent company.\n\nFacebook had incentives to set a low value for those assets, such as the user base and the company’s technology. By doing so, Facebook could reduce the stream of royalties paid to the U.S. parent that would be taxed at the 35% rate that applied before the 2017 tax law.\n\nInstead, because of a structure involving a Cayman Islands holding company, the profits would face much lower taxes. Facebook did ultimately owe up to 15.5% on those profits because of a one-time tax imposed under the 2017 tax law. It is the gap between that and the 35% rate that is at stake in the case.\n\n“Reducing taxes is a key to preserving profits given Facebook’s trajectory toward significant pretax income in 2010 and beyond,” said a May 2009 presentation to Facebook’s board of directors that is quoted in court records. “Shifting international profits to Ireland—this will be the largest source of long-term tax benefits.”\n\nWhen it filed its tax returns, Facebook put a $7 billion value on the intangible assets in question. But it has recently argued that its subsequent estimates of that value are even lower, so it is entitled to a refund.\n\nFacebook contends that the value should be low in part because the company’s trajectory was uncertain when the transactions were done in 2010 and because the Irish subsidiary did so much work to expand its non-U.S. business.\n\nThe government has quoted Chief Operating Officer Sheryl Sandberg as saying that Facebook had to call Ireland its international headquarters for ‘tax purposes.’ Photo: Dominic Lipinski/Zuma Press\n\n“Facebook Ireland and Facebook’s other foreign affiliates—not Facebook U.S.—led the high-risk, and ultimately successful, international effort to sell Facebook ads,” the company wrote in its pretrial memo. “Facebook Ireland is entitled to profits from the foreign business it built.”\n\nBertie Thomson , a Facebook spokeswoman, said the company looks forward to presenting its case in court.\n\n“This trial is about transactions that took place in 2010, when Facebook had no mobile advertising revenue, its international business was nascent, and its digital advertising products were unproven,” she said in a statement. “Our business has had hits and misses but we stand behind the actions taken over a decade ago during a time of great risk and uncertainty for the company.”\n\nThe IRS declined to comment. News Corp, owner of The Wall Street Journal, has a commercial agreement to supply news through Facebook.\n\nThe IRS says the components of Facebook’s integrated global business—its user base, technology and marketing assets—shouldn’t be valued separately and instead must be considered as a package with potentially greater value than the sum of its parts.\n\nThe government has ridiculed Facebook’s claims that its Irish subsidiary did substantial work to expand the business. In filings, the IRS cites statements from company officials saying Facebook was already on a strong trajectory in 2010 and suggesting that the transactions were largely tax-motivated.\n\nIn its pretrial memo, the government quoted Chief Operating Officer Sheryl Sandberg as saying that Facebook had to call Ireland its international headquarters for “tax purposes.”\n\nWhen it first audited Facebook’s tax returns, the IRS calculated a $14 billion asset value, about double what Facebook determined. But late last year, the IRS said that amount could be as high as $21 billion.\n\nThat translates into the $9 billion tax bill, plus interest and penalties, about equal to Facebook’s global tax costs for 2018 and 2019 combined, according to securities filings. That is up from $5 billion before the IRS revised its numbers.\n\nShare Your Thoughts What rules should the U.S. create to govern where companies should be taxed? Join the conversation below.\n\nThe IRS, depleted after budget cuts, has struggled in similar cases against large companies, losing to Xilinx Inc. and Amazon.com Inc. But last year it defeated Altera Corp., which had become a subsidiary of Intel Corp. The agency now relies on updated regulations that may lack problems judges found in prior versions.\n\nCourts “seem to be very sympathetic to the taxpayer, even where it’s clear that there’s a whole lot of creative stuff going on,” said Daniel Shaviro, a tax law professor at New York University.\n\nThe dispute has spawned three separate federal lawsuits, along with a subsequent Tax Court case that could cost Facebook another $680 million plus interest and penalties. Facebook has complained about the IRS’s extensive requests for documents and employee depositions and the recent change in estimates.\n\nThe two sides have struggled to agree on basic facts, and the IRS threatened to call Ms. Sandberg and Chief Executive Officer Mark Zuckerberg as witnesses if the company and government can’t come to terms on facts for the record.\n\nThe trial before Judge Cary Pugh starts in San Francisco and is scheduled to continue in Washington later this year. The sides listed dozens of potential witnesses. Tax rulings often come months after a trial, and they may not be the end of a case.\n\n“It’s going for sure to the Ninth Circuit” appeals court, Prof. Byrnes said. “It’s too much money.”\n\nWrite to Richard Rubin at richard.rubin@wsj.com",
    "published": "2020-02-08"
  }
]