[
  {
    "source": "WSJ",
    "title": "Smallest U.S. Firms Struggle to Find Workers",
    "summary": "Employment at businesses with fewer than 20 employees stalled last year",
    "link": "https://www.wsj.com/articles/smallest-u-s-firms-struggle-to-find-workers-11581264011?mod=Searchresults_pos16&page=11",
    "content": "The number of people working at small companies essentially didn’t budge last year, even as larger businesses continued to expand their payrolls for a record 10th straight year.\n\nHead count at businesses with fewer than 20 employees was essentially unchanged in 2019, according to an analysis of ADP payroll data by Moody’s Analytics. Companies with 500 or more employees, by contrast, increased their workforces by 2.3%. January showed the same patterns, according to data released Wednesday.\n\nThe sluggishness in small-business hiring is particularly striking because it is the first time small companies haven’t added to their payrolls since 2010, when businesses of all sizes were recovering from the financial crisis. More than 5.3 million businesses have fewer than 20 employees, based on the latest data available from the Small Business Administration.\n\nSmall businesses are the first to feel the pinch from a tight labor market, but the challenges they face in adding workers highlight a threat to companies of all sizes and to the broader economy. Their “problems are symptomatic of what all businesses will be struggling with in the not-so-distant future,” said Moody’s chief economist Mark Zandi , who analyzed the ADP data.\n\n“The demographics are overwhelming. Unless we change immigration laws significantly, all businesses will be struggling to find workers,” Mr. Zandi added. “This will become a significant brake on economic growth.”\n\nHiring at the smallest firms was especially weak in the manufacturing, natural-resources, transportation, construction and retail sectors, he said.\n\nEconomic confidence of small businesses rebounded in January, posting its first year-over-year gain since September 2018 as owners’ outlook for the U.S. economy improved, according to a survey conducted by the Journal and Vistage Worldwide Inc., an executive-coaching organization.\n\nJust over 60% of the 711 respondents said they expect the total number of people employed by their firm to increase during the next 12 months. Most of the respondents employed fewer than 100 people last year.\n\nFinding workers in today’s tight job market is particularly challenging for small-business owners who must juggle writing job postings and weeding through résumés with the normal demands of running a company. At some companies, tariffs and other business challenges have put pressure on head count.\n\n“It’s just extremely difficult to find somebody who wants to work and seems hungry to make money doing sales,” said Mia Allen , co-owner of Rose Pallet in Bridgeview, Ill., a 10-person company that sells wooden pallets, crates and lumber to manufacturers and distribution centers.\n\nRose Pallet’s Mia Allen, with a supplier. Ms. Allen says it is ‘extremely difficult to find somebody who wants to work.’ Photo: Taylor Glascock for The Wall Street Journal\n\nMs. Allen figured she waded through roughly 300 résumés—mostly on nights and weekends—for more than two months, and interviewed more than 50 candidates by phone, before bringing on a consultant to help her find a new salesperson. “When we found the person, it was a quicker process because we didn’t want to dillydally and lose her.”\n\nJared Veteto , president of Cogitic Corp., a Colorado Springs, Colo., manufacturer, is working with a dozen outside recruiting firms. He hired two people for his 18-person company, which serves the space and defense industries, after interviewing 40 candidates. Mr. Veteto still has 10 more openings for programmers and manufacturing engineers. “The barrier to hiring more people is finding them,” he said.\n\nSmaller companies often struggle to match the pay and perks offered by larger employers, though they can offer other benefits, such as increased responsibility.\n\nAction Machinery International Inc., a distributor of metal-cutting and -fabricating machine tools with 13 employees, lost one employee to a competitor offering higher pay last year. “It was a better offer with a larger company,” President Randy Breitenbach said. “It was just something I couldn’t match.”\n\nThe Englewood, Colo., company boosted overall head count by one last year, but hiring and retaining workers is a challenge when workers have so many options. “Small businesses in particular have a lot to offer people in terms of autonomy and less rules and more flexibility,” Mr. Breitenbach said. “But if you are purely looking at how many dollars per hour, what is your 401(k) match and how much vacation, it is very difficult for small businesses to compete.”\n\nSHARE YOUR THOUGHTS How is the tight job market affecting you or your employer? Join the conversation below.\n\nSome small companies are growing rapidly despite the tight job market. MediSuite, a national mail-order pharmacy based in Cary, N.C., lost one employee last year but was able to hire four others, bringing total head count to 13. Its location near two pharmacy schools and the movement of more people into the Raleigh-Durham area have eased recruiting, said Tim Furman , president of the company.\n\nRegular hours are another selling point. “Our business is open Monday through Friday, from 9 a.m. to 5 p.m., which is extremely attractive to pharmacists and pharmacy technicians” who don’t want to work nights and weekends, Mr. Furman said.\n\nWhen President Trump imposed tariffs on Chinese imports, Nu-Set Inc., a lock manufacturer and distributor in City of Industry, Calif., rethought its business model. Head count fell to 16 from a peak of 20 in 2018 as the family-run business dropped some lower-margin locks.\n\nShifting production to another country wasn’t an option, Nu-Set Chief Executive Caron Ng said, because the company’s locks are manufactured in a Chinese factory owned by her family. Manufacturing the locks in the U.S. is too costly, she added.\n\n“Last year, there was a lot of uncertainty,” Ms. Ng said. With trade tensions easing, she said she is feeling more optimistic and hopes to hire as many as six new employees this year.\n\nChanging customer demands are creating challenges in sectors such as construction. Jennifer Jirsa , owner of Jirsa Construction Co., a commercial construction company in East Dundee, Ill., said it has gotten tougher to turn a profit as large clients add requirements, such as having one supervisor per job site.\n\nBigger companies “can throw more money at projects,” and can more easily wait 90 days for payment, said Ms. Jirsa, who now has 10 employees, down from 17 at the start of last year. She is moving away from bidding on jobs for large corporations and is instead looking to secure contracts from federal, state and local governments seeking to do business with women- and minority-owned businesses.\n\nSome small companies are using software to drive efficiencies that keep head count down and allow the companies to remain competitive. North Carolina Trailer Sales Inc. invested in new software that costs $15,000 a year to streamline bookkeeping and other administrative tasks.\n\nThe Thomasville, N.C., trailer dealership isn’t likely to add more workers until it is ready to open a new location, owner Johnny Shelton said, adding that 11 of the company’s 15 employees are squeezed into a 720-square-foot office.\n\n“We want to make sure we are in a good, positive cash-flow situation,” Mr. Shelton said, and that “the economy is going to work with us.” He expects sales to be about the same this year as they were in 2019.\n\nOther companies are taking advantage of a boom in service providers willing to handle functions such as human resources and marketing. Altraco, a contract manufacturer in Thousand Oaks, Calif., outsourced accounting in 2019 and this year plans to shift logistics and the creation of artwork and presentations to third parties.\n\nAdding workers is particularly expensive in California because of the high cost of living and state laws and regulation, said Scott Williams , co-owner of Altraco, which has 16 employees, two fewer than a year ago. “Before we add people, we would look for an outsource opportunity because it’s cheaper,” Mr. Williams said. “It’s a global economy,” he added. “You have to be relentlessly pursuing efficiencies or you won’t survive.”\n\nWrite to Ruth Simon at ruth.simon@wsj.com",
    "published": "2020-02-09"
  },
  {
    "source": "WSJ",
    "title": "Economy Week Ahead: Fed Chair Testifies, U.S. CPI and EU Trade Data",
    "summary": "Economists expect key measure of U.S. inflation picked up in January",
    "link": "https://www.wsj.com/articles/economy-week-ahead-fed-chair-testifies-u-s-cpi-and-eu-trade-data-11581278401?mod=Searchresults_pos12&page=10",
    "content": "In the week ahead, Federal Reserve Chairman Jerome Powell will testify on Capitol Hill, while U.S. inflation and retail-sales data will offer insight into consumer prices and spending so far this year.\n\nMonday\n\nThe White House is expected to release its budget for fiscal year 2021, offering a preview of President Trump’s fiscal-policy wishlist should he win a second term in November. With deficits projected to exceed $1 trillion a year over the next decade, expect the proposal to feature more of the steep spending cuts proposed in Mr. Trump’s previous three budgets to help close the budget gap. It will also include the White House’s economic projections, including an updated growth forecast for his final year in office.\n\nTuesday\n\nFederal Chairman Jerome Powell begins two days of federally mandated, semiannual testimony before Congress. Friday’s solid jobs report likely provided reassurance to Fed officials about the state of the U.S. economy. Fed officials at their meeting earlier this month held their benchmark interest rate steady and signaled they will remain in a make-no-moves posture for now. Fed watchers will listen closely to Mr. Powell’s testimony for any updates to the central bank’s outlook.\n\nThursday\n\nThe Labor Department releases the consumer-price index, which measures changes in how much Americans are paying for everyday items such as clothes, gas and food. Economists surveyed by The Wall Street Journal forecast the index rose 0.2% in January from the prior month and 2.5% from the previous year. That would be a slightly higher rise than the 2.3% year-over-year increase in December, despite signs that upward pressures on inflation broadly remain contained.\n\nFriday\n\nThe Commerce Department will issue figures on retail sales, which will shed light on whether solid spending at stores, restaurants and online at the end of 2019 continued into the new year. Economists expect to see a 0.3% rise in sales during January compared with the prior month.\n\nMeanwhile, figures to be released by the European Union’s statistics office are expected to show that the bloc’s trade surplus with the U.S. rose to a record high in 2019, a development that could feed trade tensions. President Trump says he wants a new trade deal with the EU that is more favorable to U.S. exporters, and has threatened to impose tariffs on imports from the bloc, including automobiles, in pursuit of that goal.",
    "published": "2020-02-09"
  },
  {
    "source": "WSJ",
    "title": "The Fed, 2% Inflation and Ordinary People",
    "summary": "One must recall Milton Friedman’s observation that “inflation is taxation without legislation.”",
    "link": "https://www.wsj.com/articles/the-fed-2-inflation-and-ordinary-people-11581274847?mod=Searchresults_pos4&page=10",
    "content": "In “The Fed Pretends to Listen” (op-ed, Jan. 29), Donald L. Luskin chides the Federal Reserve for failing to answer questions about its goals and policies, most prominently asking: Why a 2% inflation goal?\n\nTo get a clear answer one must recall Milton Friedman’s observation that “inflation is taxation without legislation.” The biggest debt issuer in the world is the federal government, and the Federal Reserve is the creation of, and banker to, that government. A 2% inflation rate effectively reduces the value of U.S. government debt by 25% every 11 years. This is a subtle but effective transfer of wealth from holders of dollar-denominated assets (savings accounts, bonds, life insurance, etc.) to the government. The Fed’s inflation policy is simply a way of delivering the goods to the U.S. Treasury.",
    "published": "2020-02-09"
  },
  {
    "source": "WSJ",
    "title": "U.S.-China Trade War Reshaped Global Commerce",
    "summary": "Battle slammed the brakes on global trade growth, but a handful of countries and industries saw modest benefits",
    "link": "https://www.wsj.com/articles/u-s-china-trade-war-reshaped-global-commerce-11581244201?mod=Searchresults_pos9&page=4",
    "content": "Toyotas arrive in China’s Guangdong province last April. Japan’s auto makers benefited from the U.S.-China dispute as China reduced tariffs on car imports from countries other than the U.S.\n\nThe two-year trade war between the U.S. and China upended commerce world-wide, slamming the brakes on global trade growth—but also delivering modest benefits to a handful of industries and countries that saw gains as the giants tussled.\n\nGrowth in global trade sank to a meager 1% last year, down from 4% in 2018 and 6% in 2017. It was the fourth worst showing in 40 years, and the worst ever outside a period of recession, according to International Monetary Fund data.\n\nSeveral factors contributed to the slowdown, but analysts say the U.S.-China trade war was the single-biggest cause. The U.S. and China are the world’s great buying engines, each pulling in over $2 trillion a year of goods. Trade between the two nations slowed as a result of tariffs and other measures, and the decline couldn’t be entirely made up by purchases from other countries.\n\nBehind the slump were falling U.S. sales to China of agriculture products, aircraft and machinery, while China’s sales of electronics and industrial supplies to the U.S. dropped. In some cases foreign suppliers were unable to fill the void, so many measures of factory activity and demand slid.\n\n“Global growth and investment would have likely been higher in the absence of trade uncertainty” from the U.S.-China fight, said Sergi Lanau , deputy chief economist at the Institute of International Finance.\n\nOverall, China’s imports dropped $59 billion in 2019, while American imports fell $42 billion, according to U.S. and Chinese trade figures compiled by Trade Data Monitor.\n\nBut the declines would have been much larger had trade not been diverted to many other countries. Of the 15 countries with the largest change in U.S. imports last year, 11 saw increases while only four saw declines. For China, seven countries experienced increases and eight saw declines.\n\nHere’s a look at the economies that picked up the slack in the global trading system.\n\nSoutheast Asia\n\nChina’s loss was Vietnam’s gain, accelerating a long-term trend of Chinese factories moving to Vietnam and other Southeast Asian countries where labor costs are lower.\n\nVietnam’s apparel trade with the U.S. has been growing for years, and clothing made up about a third of the $66 billion in imports from Vietnam last year. But other categories of purchases from Vietnam are growing rapidly—cellphone imports rose by about $6 billion, while furniture, telecommunications equipment and computer chips each saw a $2 billion increase in sales to the U.S.\n\nTrade experts caution that such increases can appear larger than they really are, because the figures can reflect the rerouting of products from China “often not changing anything but the label on a box,” to circumvent U.S. tariffs, said Dane Chamorro , a partner at the consulting firm Control Risks.\n\nOther east and southeast Asian countries recorded smaller gains in U.S. shipments, including Taiwan, South Korea, Thailand, Malaysia and the Philippines.\n\nLatin America\n\nLatin America’s two largest economies—Brazil and Mexico—saw limited benefits from the U.S.-China dispute.\n\nBrazilian farmers have enjoyed higher demand for soybeans, especially in 2018 after China halted such purchases from the U.S. While the American farm sector was mired in a deep slump, Brazilian oilseed exports to China climbed $8 billion in 2018 alone.\n\nLast year wasn’t quite as strong for Brazil, with soybean exports slipping amid an outbreak of African swine fever that decimated pig herds in China, cutting demand for soybean meal used as animal feed. Still, China’s imports from Brazil climbed $2 billion last year and are up $20 billion since 2017.\n\nAlthough Chinese buyers paid a premium for Brazilian soybeans, that didn’t fully compensate for the global decline in commodity prices, said Flavio França , a soybean and corn analyst at Datagro in São Paulo.\n\nSoybeans are harvested in Campo Mourão, Brazil. The country benefited as Chinese buyers paid a premium for the commodity. Photo: Dirceu Portugal/Zuma Press\n\n“Farmers here were at least able to sell more and dry up some of their stocks in 2018, and they got some extra income that way,” he said.\n\nMeanwhile, U.S. imports from Mexico saw the second biggest gain of any U.S. trading partner after Vietnam. That came even while Mexico fielded its own trade issues with the Trump administration, including negotiating the successor to the North American Free Trade Agreement and U.S. threats in mid-2019 to impose tariffs on all Mexican exports unless Mexico slowed the number of Central American migrants arriving at the U.S. border.\n\nEurope\n\nThe export engine of Europe, Germany, suffered from weaker demand in China as that country’s economy slowed. Germany also paid a price from Chinese tariffs on U.S. exports: Bayerische Motoren Werke AG and Daimler AG’s Mercedes-Benz build SUVs for the Chinese market in the U.S.\n\nMeantime, Germany was rattled by a Trump administration threat—never carried out, but never abandoned, either—to impose tariffs on global automobile imports.\n\nTrade went from a 1 percentage point boost to Germany’s economy in 2017 to a 1.3 percentage point drag in 2018. Italy, however, was only marginally affected, and the rest of Europe received a modest support from trade, according to calculations by economists at JPMorgan.\n\nWhile the Trump administration has threatened to impose broad tariffs on Europe for a range of reasons, the only ones actually implemented were global steel and aluminum tariffs in early 2018 and a relatively modest set affecting about $7.5 billion of goods that was allowed by a World Trade Organization ruling over European Union aircraft subsidies.\n\nDespite sharp declines in Germany, overall EU exports to the U.S. climbed 10.3% in 2019. The Netherlands and France boosted sales to the U.S. by more than $5 billion each, Ireland by $4 billion, Belgium by $3 billion and Italy by $2 billion.\n\nAirbus SE filled a void left by the grounding of Boeing’s 737 Max jets, contributing to increased aircraft exports from France. Ireland and Belgium exported more pharmaceuticals and Netherlands boosted exports of petroleum products and industrial machinery.\n\nWhile U.S.-Europe trade has held up surprisingly well amid its efforts to stay neutral in the global trade wars, foreign investment hasn’t. According to figures released by the United Nations Conference on Trade and Development, foreign direct investment in the EU fell 15% in 2019 from 2018.\n\nJapan\n\nIn 2019, Japan’s exports fell 5.6%, marking the first annual decline in three years, according to data from the Ministry of Finance released Jan. 23. Exports to China declined 7.6%, while shipments to the U.S. dropped 1.4%.\n\nHowever, recent signs suggest the worst may be over—Japan’s exports to China rose in December for the first time in 10 months.\n\nSome economists say Japan’s auto makers benefited from the U.S.-China trade dispute as China reduced tariffs on cars imported from countries other than the U.S.\n\nSHARE YOUR THOUGHTS What repercussions do you foresee for U.S. trading partners after the U.S.-China trade war? Join the conversation below.\n\nChina reduced tariffs on cars imported from countries other than the U.S. and helped companies such as Toyota Motor Corp., which exports its luxury Lexus line to China from Japan. Lexus sales last year in China including Hong Kong rose 25% to 202,000 units. Toyota’s overall sales in China rose 9% to 1.62 million vehicles despite the weak market there.\n\nGoing Forward\n\nWith the U.S.-China trade war at a standstill, the International Monetary Fund predicts global trade growth will improve to about 3% in 2020, from about 1% last year.\n\nFor now, that forecast assumes the truces between the U.S. and major trading partners remain in place, and that a number of big emerging markets like Brazil, Mexico, India and Russia experience economic improvements. Bolstering those forecasts, global manufacturing data showed signs of stabilizing early this year.\n\nBut that outlook was largely formed before the coronavirus outbreak in China added a completely new sort of uncertainty to global trade in 2020. The virus is likely to cause at least some disruption to supply chains and trade as health officials around the world work to contain its spread.\n\nAnd with the U.S. also retaining tariffs on nearly $370 billion a year of Chinese imports, it may be too soon to say the global trading environment will improve.\n\n“While Vietnam, for example, may be winning some new factories, a downturn in U.S.-China trade and the rising tide of protectionism globally are big negatives,” said Ben Bland , director of the Southeast Asia project at the Lowy Institute.\n\nThe U.S. and China signed a deal marking a truce in the trade war between the two nations, with President Trump saying it was a “momentous step” toward a future of \"fair and reciprocal trade.\" Photo: Wang Ying/Xinhua via ZUMA Wire\n\nAnthony Harrup in Mexico City, Paul Hannon in London and Megumi Fujikawa in Tokyo contributed to this article.\n\nWrite to Josh Zumbrun at Josh.Zumbrun@wsj.com and Feliz Solomon at feliz.solomon@wsj.com",
    "published": "2020-02-09"
  },
  {
    "source": "WSJ",
    "title": "President Donald J. MacGuffin",
    "summary": "His wild persona is a device that baits enemies and clears space for his agenda.",
    "link": "https://www.wsj.com/articles/president-donald-j-macguffin-11581278117?mod=Searchresults_pos18&page=8",
    "content": "Is he a disease or a cure? Like him or hate him, there’s tons of spilled ink trying to assess President Trump ’s governing style. To me, the key to understanding Trumpism is remembering why he was elected.\n\nWhat do I mean? Voters chose Donald Trump as an antidote to the growing inflammation caused by the (OK, deep breath . . .) prosperity-crushing, speech-inhibiting, nanny state-building, carbon-obsessing, patriarchy-bashing, implicit bias-accusing, tokey-wokey, globalist, swamp-creature governing class—all perfectly embodied by the Democrats’ 2016 nominee. On taking office, Mr. Trump proceeded to hire smart people and create a massive diversion (tweets, border walls, tariffs) as a smokescreen to let them implement an agenda of tax cuts, deregulation and originalist judges.\n\nThose reforms have left the market free to do its magic and got the economy grooving like it’s 1999. The daily Trump hurricane—like the commotion over the Chiefs from Kansas—makes the media focus on the all-powerful wizard while ignoring the policy makers behind the curtain.\n\nAlfred Hitchcock called this kind of distraction a “MacGuffin”—something that moves the plot along and provides motivation for the characters, but is itself unimportant, insignificant or irrelevant. It can be a kind of sleight of hand, a distraction, and Mr. Trump uses his own public persona as a MacGuffin in precisely that way. The mobs decked in “Resist” jewelry fall for it every time.\n\nFor example, Sen. Bernie Sanders used his remarks during the Senate impeachment trial to point out that the media had documented some 16,200 alleged lies by President Trump. The MacGuffin worked! Mr. Sanders and his peers are focused on the president’s words, while most voters see the real plot unfolding in America—millions of jobs and rising wages.\n\nThe president’s success comes from his ability to shrug off critics. My son went to college in the early days of the social justice power grab. He recalls heated discussions in which someone would interrupt him to say, “Sorry, but you don’t get a say—you have white privilege.” My son would shoot right back: “Yeah, I don’t believe in that,” and resume his argument. That’s what Mr. Trump does. Rather than cower at the criticism he faces from the mobs, he probably smirks and thinks to himself, “Yeah, I don’t believe in that” and tweets away.\n\nThat’s the only reaction that can withstand today’s far left, which has become increasingly self-righteous. The very word “woke” asserts a kind of rebornness—as if those on their side have awakened and become holier than thou. It’s religion on the cheap. The movement takes “diversity” to mean people who see the world exactly as they do, only with different surface characteristics: race, class and gender identity. There’s no room for diversity of expression, let alone diversity of thought. (I’ve confirmed this at Silicon Valley cocktail parties.)\n\nMr. Trump was elected as an antibody against this swampy disease. He’s the antidote to the snake bite of correctness. He’s a white (privileged?) blood cell fighting the coronavirus of the culture.\n\nI spent the 1980s in New York and got familiar with his annoyingness before much of the country did. But I’ve learned to appreciate Mr. Trump’s theater of chaos and Hitchcockian plot device, which help him get things done. Like what? Well, he’s moved the Israeli embassy to Jerusalem, installed competent originalist Supreme Court justices who don’t see penumbras and emanations whenever they want, sent Iranian Maj. Gen. Qasem Soleimani to the terrorist netherworld, and don’t forget that he got those UCLA basketball players out of Chinese prison. I’m still waiting on a real free-trade agreement.\n\nTo say the least, full freedom of expression has yet to be restored. But the engines of progress are running high and are set to continue—no matter how many speeches Nancy Pelosi tears up.\n\nThe president’s staff behind the curtain have engineered boom times, despite grounded Boeing 737s and the self-inflicted harm of tariffs. A deregulatory bonanza and corporate tax cuts have unleashed the economic beast. Unemployment is hitting 50-year lows and record lows for minority groups. The Dow Jones and Nasdaq are near record highs. Do you even know what’s happening at the Education, Energy, Agriculture or Commerce Departments? Me neither, but every so often one hears snippets of the reforms taking place behind the flashpots of Trumpiness.\n\nPresident Trump’s potential opponents running in the Democratic primaries claim he is the disease and they are the cure. They’re missing the ways his MacGuffin game plan is working. The socialist wing wants to raise taxes and give stuff away, which would derail the economy and whack the 96.4% of labor-market participants who already have jobs. Tough sledding. As Yogi Berra might say, this election “ain’t over ’til it’s over.” But as long as the economy hums along—coronavirus notwithstanding—there’s a good chance voters will give the antibody more time to cure the country’s actual disease.\n\nWrite to kessler@wsj.com.\n\nThe debating candidates tee up Pete and Bernie. Image: Adam Glanzman/Bloomberg",
    "published": "2020-02-09"
  },
  {
    "source": "WSJ",
    "title": "Smallest U.S. Firms Struggle to Find Workers",
    "summary": "Employment at businesses with fewer than 20 employees stalled last year",
    "link": "https://www.wsj.com/articles/smallest-u-s-firms-struggle-to-find-workers-11581264011?mod=Searchresults_pos17&page=11",
    "content": "The number of people working at small companies essentially didn’t budge last year, even as larger businesses continued to expand their payrolls for a record 10th straight year.\n\nHead count at businesses with fewer than 20 employees was essentially unchanged in 2019, according to an analysis of ADP payroll data by Moody’s Analytics. Companies with 500 or more employees, by contrast, increased their workforces by 2.3%. January showed the same patterns, according to data released Wednesday.\n\nThe sluggishness in small-business hiring is particularly striking because it is the first time small companies haven’t added to their payrolls since 2010, when businesses of all sizes were recovering from the financial crisis. More than 5.3 million businesses have fewer than 20 employees, based on the latest data available from the Small Business Administration.\n\nSmall businesses are the first to feel the pinch from a tight labor market, but the challenges they face in adding workers highlight a threat to companies of all sizes and to the broader economy. Their “problems are symptomatic of what all businesses will be struggling with in the not-so-distant future,” said Moody’s chief economist Mark Zandi , who analyzed the ADP data.\n\n“The demographics are overwhelming. Unless we change immigration laws significantly, all businesses will be struggling to find workers,” Mr. Zandi added. “This will become a significant brake on economic growth.”\n\nHiring at the smallest firms was especially weak in the manufacturing, natural-resources, transportation, construction and retail sectors, he said.\n\nEconomic confidence of small businesses rebounded in January, posting its first year-over-year gain since September 2018 as owners’ outlook for the U.S. economy improved, according to a survey conducted by the Journal and Vistage Worldwide Inc., an executive-coaching organization.\n\nJust over 60% of the 711 respondents said they expect the total number of people employed by their firm to increase during the next 12 months. Most of the respondents employed fewer than 100 people last year.\n\nFinding workers in today’s tight job market is particularly challenging for small-business owners who must juggle writing job postings and weeding through résumés with the normal demands of running a company. At some companies, tariffs and other business challenges have put pressure on head count.\n\n“It’s just extremely difficult to find somebody who wants to work and seems hungry to make money doing sales,” said Mia Allen , co-owner of Rose Pallet in Bridgeview, Ill., a 10-person company that sells wooden pallets, crates and lumber to manufacturers and distribution centers.\n\nRose Pallet’s Mia Allen, with a supplier. Ms. Allen says it is ‘extremely difficult to find somebody who wants to work.’ Photo: Taylor Glascock for The Wall Street Journal\n\nMs. Allen figured she waded through roughly 300 résumés—mostly on nights and weekends—for more than two months, and interviewed more than 50 candidates by phone, before bringing on a consultant to help her find a new salesperson. “When we found the person, it was a quicker process because we didn’t want to dillydally and lose her.”\n\nJared Veteto , president of Cogitic Corp., a Colorado Springs, Colo., manufacturer, is working with a dozen outside recruiting firms. He hired two people for his 18-person company, which serves the space and defense industries, after interviewing 40 candidates. Mr. Veteto still has 10 more openings for programmers and manufacturing engineers. “The barrier to hiring more people is finding them,” he said.\n\nSmaller companies often struggle to match the pay and perks offered by larger employers, though they can offer other benefits, such as increased responsibility.\n\nAction Machinery International Inc., a distributor of metal-cutting and -fabricating machine tools with 13 employees, lost one employee to a competitor offering higher pay last year. “It was a better offer with a larger company,” President Randy Breitenbach said. “It was just something I couldn’t match.”\n\nThe Englewood, Colo., company boosted overall head count by one last year, but hiring and retaining workers is a challenge when workers have so many options. “Small businesses in particular have a lot to offer people in terms of autonomy and less rules and more flexibility,” Mr. Breitenbach said. “But if you are purely looking at how many dollars per hour, what is your 401(k) match and how much vacation, it is very difficult for small businesses to compete.”\n\nSHARE YOUR THOUGHTS How is the tight job market affecting you or your employer? Join the conversation below.\n\nSome small companies are growing rapidly despite the tight job market. MediSuite, a national mail-order pharmacy based in Cary, N.C., lost one employee last year but was able to hire four others, bringing total head count to 13. Its location near two pharmacy schools and the movement of more people into the Raleigh-Durham area have eased recruiting, said Tim Furman , president of the company.\n\nRegular hours are another selling point. “Our business is open Monday through Friday, from 9 a.m. to 5 p.m., which is extremely attractive to pharmacists and pharmacy technicians” who don’t want to work nights and weekends, Mr. Furman said.\n\nWhen President Trump imposed tariffs on Chinese imports, Nu-Set Inc., a lock manufacturer and distributor in City of Industry, Calif., rethought its business model. Head count fell to 16 from a peak of 20 in 2018 as the family-run business dropped some lower-margin locks.\n\nShifting production to another country wasn’t an option, Nu-Set Chief Executive Caron Ng said, because the company’s locks are manufactured in a Chinese factory owned by her family. Manufacturing the locks in the U.S. is too costly, she added.\n\n“Last year, there was a lot of uncertainty,” Ms. Ng said. With trade tensions easing, she said she is feeling more optimistic and hopes to hire as many as six new employees this year.\n\nChanging customer demands are creating challenges in sectors such as construction. Jennifer Jirsa , owner of Jirsa Construction Co., a commercial construction company in East Dundee, Ill., said it has gotten tougher to turn a profit as large clients add requirements, such as having one supervisor per job site.\n\nBigger companies “can throw more money at projects,” and can more easily wait 90 days for payment, said Ms. Jirsa, who now has 10 employees, down from 17 at the start of last year. She is moving away from bidding on jobs for large corporations and is instead looking to secure contracts from federal, state and local governments seeking to do business with women- and minority-owned businesses.\n\nSome small companies are using software to drive efficiencies that keep head count down and allow the companies to remain competitive. North Carolina Trailer Sales Inc. invested in new software that costs $15,000 a year to streamline bookkeeping and other administrative tasks.\n\nThe Thomasville, N.C., trailer dealership isn’t likely to add more workers until it is ready to open a new location, owner Johnny Shelton said, adding that 11 of the company’s 15 employees are squeezed into a 720-square-foot office.\n\n“We want to make sure we are in a good, positive cash-flow situation,” Mr. Shelton said, and that “the economy is going to work with us.” He expects sales to be about the same this year as they were in 2019.\n\nOther companies are taking advantage of a boom in service providers willing to handle functions such as human resources and marketing. Altraco, a contract manufacturer in Thousand Oaks, Calif., outsourced accounting in 2019 and this year plans to shift logistics and the creation of artwork and presentations to third parties.\n\nAdding workers is particularly expensive in California because of the high cost of living and state laws and regulation, said Scott Williams , co-owner of Altraco, which has 16 employees, two fewer than a year ago. “Before we add people, we would look for an outsource opportunity because it’s cheaper,” Mr. Williams said. “It’s a global economy,” he added. “You have to be relentlessly pursuing efficiencies or you won’t survive.”\n\nWrite to Ruth Simon at ruth.simon@wsj.com",
    "published": "2020-02-09"
  },
  {
    "source": "WSJ",
    "title": "Economy Week Ahead: Fed Chair Testifies, U.S. CPI and EU Trade Data",
    "summary": "Economists expect key measure of U.S. inflation picked up in January",
    "link": "https://www.wsj.com/articles/economy-week-ahead-fed-chair-testifies-u-s-cpi-and-eu-trade-data-11581278401?mod=Searchresults_pos12&page=10",
    "content": "In the week ahead, Federal Reserve Chairman Jerome Powell will testify on Capitol Hill, while U.S. inflation and retail-sales data will offer insight into consumer prices and spending so far this year.\n\nMonday\n\nThe White House is expected to release its budget for fiscal year 2021, offering a preview of President Trump’s fiscal-policy wishlist should he win a second term in November. With deficits projected to exceed $1 trillion a year over the next decade, expect the proposal to feature more of the steep spending cuts proposed in Mr. Trump’s previous three budgets to help close the budget gap. It will also include the White House’s economic projections, including an updated growth forecast for his final year in office.\n\nTuesday\n\nFederal Chairman Jerome Powell begins two days of federally mandated, semiannual testimony before Congress. Friday’s solid jobs report likely provided reassurance to Fed officials about the state of the U.S. economy. Fed officials at their meeting earlier this month held their benchmark interest rate steady and signaled they will remain in a make-no-moves posture for now. Fed watchers will listen closely to Mr. Powell’s testimony for any updates to the central bank’s outlook.\n\nThursday\n\nThe Labor Department releases the consumer-price index, which measures changes in how much Americans are paying for everyday items such as clothes, gas and food. Economists surveyed by The Wall Street Journal forecast the index rose 0.2% in January from the prior month and 2.5% from the previous year. That would be a slightly higher rise than the 2.3% year-over-year increase in December, despite signs that upward pressures on inflation broadly remain contained.\n\nFriday\n\nThe Commerce Department will issue figures on retail sales, which will shed light on whether solid spending at stores, restaurants and online at the end of 2019 continued into the new year. Economists expect to see a 0.3% rise in sales during January compared with the prior month.\n\nMeanwhile, figures to be released by the European Union’s statistics office are expected to show that the bloc’s trade surplus with the U.S. rose to a record high in 2019, a development that could feed trade tensions. President Trump says he wants a new trade deal with the EU that is more favorable to U.S. exporters, and has threatened to impose tariffs on imports from the bloc, including automobiles, in pursuit of that goal.",
    "published": "2020-02-09"
  },
  {
    "source": "WSJ",
    "title": "The Fed, 2% Inflation and Ordinary People",
    "summary": "One must recall Milton Friedman’s observation that “inflation is taxation without legislation.”",
    "link": "https://www.wsj.com/articles/the-fed-2-inflation-and-ordinary-people-11581274847?mod=Searchresults_pos4&page=10",
    "content": "In “The Fed Pretends to Listen” (op-ed, Jan. 29), Donald L. Luskin chides the Federal Reserve for failing to answer questions about its goals and policies, most prominently asking: Why a 2% inflation goal?\n\nTo get a clear answer one must recall Milton Friedman’s observation that “inflation is taxation without legislation.” The biggest debt issuer in the world is the federal government, and the Federal Reserve is the creation of, and banker to, that government. A 2% inflation rate effectively reduces the value of U.S. government debt by 25% every 11 years. This is a subtle but effective transfer of wealth from holders of dollar-denominated assets (savings accounts, bonds, life insurance, etc.) to the government. The Fed’s inflation policy is simply a way of delivering the goods to the U.S. Treasury.",
    "published": "2020-02-09"
  },
  {
    "source": "WSJ",
    "title": "Democratic Hopefuls and the Taxes to Come",
    "summary": "For those not subject to the proposed new, higher taxes, it can appear there is a free ride—get the benefits which the tax increases will provide without personally having to pay for them.",
    "link": "https://www.wsj.com/articles/democratic-hopefuls-and-the-taxes-to-come-11581274933?mod=Searchresults_pos17&page=5",
    "content": "Regarding your editorial “The Tax Increases to Come” (Jan. 27): For those who are not subject to the proposed new, higher taxes, it can appear there is a free ride—get the benefits which the tax increases will provide without personally having to pay for them. And since the potential negative implications appear speculative, there is little need to worry about indirect costs such as job losses or a general economic decline.\n\nCalifornia famously adopts tax increases that affect 49% or less of the taxpaying population while benefiting the remaining 51%. Taxes with across-the-board impact, such as gas or sales, rarely are approved, as their effects are more direct and can be easily observed and felt by the recipients who vote them down. One former California governor remarked that he could pass any tax as long as the majority of voters didn’t have to pay for it.\n\nOne way to help voters understand there is no free lunch is to use dynamic modeling or revenue analysis to estimate the potential economic effects of tax decisions. Such analysis looks to behavioral implications and is complicated, complex and sometimes prone to error, as is any form of analysis.\n\nUnfortunately, this tool isn’t generally liked by political folks, especially when one party controls the legislature and thus the process for evaluating tax and other economic policy proposals.\n\nPeople don’t need modeling or expert analysis to tell them that tax increases of any kind are bad in a down economy. It’s only when there appears to be extra money around that people feel comfortable spending it—provided, of course, that it’s someone else’s money.\n\nJoseph P. Petito\n\nBethesda, Md.\n\nOne point of reference for election year expectations of a Democratic takeover of tax policy is 2008, although separating the effect of a deep recession from market concerns about a Democratic in office is tricky. Much of that year’s 37% stock market drop was attributable to economic fears, but some portion was due to expectations of lower returns on capital and higher taxes on income under a Democratic administration.\n\nYou summarize double-digit increases in the tax rate on labor proposed by four Democratic presidential candidates, but it would seem that capital-market investors aren’t yet worried. If President Trump isn’t re-elected, any of the Democratic tax packages should change investor expectations for future profit growth and stock-market returns. Given that capital-market pricing today incorporates risk-adjusted expectations for tomorrow, investors must not yet be contemplating a Democratic victory in November.\n\nThe Democratic appetite for taxes this year makes President Obama’s 2008 plans look almost regressive. The beauty of the 2020 plans is that if investors suddenly factor a likely Democratic victory into their portfolio decisions, the stock market could swoon; and because perceptions are true in their consequences, a tanking market could wag the economic dog and bring to an end the longest economic expansion in U.S. history, hurting President Trump. The more extreme and deleterious the Democratic tax proposals or the greater the likelihood of President Trump losing, the more likely a panic attack in the capital markets that further increases the odds of a Trump defeat.\n\nFor now, record stock prices suggest that investors believe President Trump will hold on or be replaced by former Vice President Joe Biden who will walk back extreme tax proposals and make only incremental changes.\n\nIf one of the more extreme candidates pulls ahead and depresses market sentiment, the odd, vicious-cycle result is that Democratic odds of winning the White House might go up.\n\nPhil Campbell\n\nColumbia, Md.",
    "published": "2020-02-09"
  }
]