[
  {
    "source": "WSJ",
    "title": "Small Business, Individuals Confront Panic",
    "summary": "I am on the board of a small manufacturing company which has eight weeks of leeway before the company runs out of money due to the drop in sales. I have a very hard time believing that any government agency will be able to pull a plan together in as little as eight weeks.",
    "link": "https://www.wsj.com/articles/small-business-individuals-confront-panic-11584895644?mod=Searchresults_pos12&page=15",
    "content": "Cinderella Castle is seen at the end of an empty Main Street at Disney's Magic Kingdom theme park, March 16. Photo: gregg newton/Reuters\n\nRegarding your editorials “Financing an Economic Shutdown” (March 17) and “The Fiscal Stimulus Panic” (March 18): You say the best way to keep companies and individuals solvent is to have the Fed create a new facility that could lend to companies hit by the economic shutdown, and that the borrowers would have to “present good collateral . . . and have been solvent before the viral panic took hold.” I’d like to ask who will manage this process? Will the companies have to provide audited financial statements? What if the companies don’t have audited financials (like most small companies)? Who will determine whether the collateral is sufficient and what defines solvency? The elephant in the room is: “How long will this take?”\n\nI am on the board of a small manufacturing company which is reliant on the film industry. Our CEO figures he has eight weeks of leeway before the company runs out of money due to the drop in sales. I have a very hard time believing that any government agency will be able to pull a plan together in as little as eight weeks. How many companies must go out of business before a solution is in place?",
    "published": "2020-03-22"
  },
  {
    "source": "WSJ",
    "title": "President Trump Joins Democrats in Calls to Block Share Buybacks",
    "summary": "Rare moment of unity shows power of populist disdain for a practice that rewards shareholders, incentivizes executives",
    "link": "https://www.wsj.com/articles/president-trump-joins-democrats-in-calls-to-block-share-buybacks-11584876823?mod=Searchresults_pos13&page=19",
    "content": "An industry trade group suggested that share buybacks aren’t to blame for airlines’ precarious state, which was triggered by an unprecedented, unpredictable plunge in business.\n\nAs Congress rushes to bail out industries slammed by the coronavirus pandemic, President Trump has joined Democratic lawmakers demanding corporate aid include new restrictions on the stock buybacks that executives use to support the value of their shares.\n\n“I am strongly recommending a buyback exclusion,” Mr. Trump said at the daily briefing of his coronavirus task force on Saturday, laying out his views on terms for government business assistance. “You can’t take a billion dollars of the money and just buy back your stock and increase the value.”\n\nThe president’s comments were strikingly similar to a pledge made the day before by his likely Democratic challenger in the November election, former Vice President Joe Biden. At his own briefing on Friday, explaining how he would handle the mounting economic calamity, Mr. Biden said companies getting federal money would “have to focus on making sure that any aid they get does not go to buying back their stock.”\n\nThe rare moment of unity between the two frequently feuding politicians is the culmination of a yearslong campaign among progressive and populist politicians and academics to vilify the common-share buyback as a symbol of a corporate excess and a broken economy. In a buyback, a corporation borrows money or uses spare cash to purchase its own stock, reducing the number of shares outstanding and supporting the price or even driving it up.\n\nCorporations justify such repurchases, a big business for Wall Street, as a way both to reward investors and incentivize executives paid in stock. But critics say cash used in these transactions may leave corporations unprepared to face emergencies such as the coronavirus pandemic. That opens them up to criticism that they prioritized share price—and executive rewards—over prudence and now need to be bailed out.\n\nFor now, it isn’t clear if the sprawling emergency economic package racing through Congress will include such terms. The two top Democrats on Capitol Hill—House Speaker Nancy Pelosi (D., Calif.) and Senate Minority Leader Chuck Schumer (D., N.Y.)--have demanded business aid be conditioned upon buyback curbs. But such limits weren’t included in the original draft legislation unveiled by Senate Majority Leader Mitch McConnell (R., Ky.), who kicked off the process.\n\nAnd despite Mr. Trump’s backing, most Republican policy makers and economists remain leery of imposing such government limits on how private companies manage their finances.\n\n“If you’re a company that doesn’t have valuable internal investment projects, it’s a good idea to put that money into capital markets and let somebody else invest it,” said Douglas Holtz-Eakin, a longtime Republican economic adviser who currently runs the American Action Forum, a center-right think tank.\n\n“Society works better that way, rather than companies sitting on cash,” he said.\n\nBuybacks are the most common way companies transmit cash to shareholders, followed by dividends. They surged after President Trump’s 2017 tax cut gave American corporations a big infusion of cash. In 2018, companies in the S&P 500 spent a record $806.41 billion on share repurchases, a 55% jump from a year earlier, according to Howard Silverblatt , senior index analyst at S&P Dow Jones Indices. He said buybacks were a major support for stocks in the latter years of the bull market, and a similar year was in store for 2020 until the pandemic hit and companies shelved such plans.\n\nCompanies on the S&P 500 have poured more than $5.3 trillion into repurchasing their own shares since 2010. WSJ explains how stock buybacks work, and why there's debate over whether or not they're good for the economy.\n\nThe new tax law both lowered the corporate tax rate from 35% to 21% and changed rules to encourage multinationals to repatriate hundreds of billions of dollars in cash parked abroad in lower-tax countries.\n\n“Much of these funds, the data indicate, has been used for a record-breaking amount of stock buybacks,” the nonpartisan Congressional Research Service wrote in a report assessing the economic effects of the measure.\n\nThat drew attacks from many Democratic lawmakers saying the tax cuts mainly benefited shareholders without spurring investment or lifting wages, as backers said they would. Many lawmakers introduced bills aiming to curb buybacks.\n\n“It’s a natural way our economy recycles cash from old successful firms to new entrepreneurial firms,” countered Kevin Hassett , then chairman of the White House Council of Economic Advisers, in a March 2019 CNN interview. He called buyback critics “economically illiterate.” (Mr. Hassett, having left, recently rejoined the White House to assist in the pandemic crisis.)\n\nMr. Trump himself now expresses displeasure with companies using tax cuts on repurchases. “When we did a big tax cut, and when they took the money and did buybacks, that’s not building a hangar, that’s not buying aircraft, that’s not doing the kind of things that I want them to do,” he said Friday.\n\nThe issue is gaining new force in the current bailout debate, as lawmakers seek to avoid the political backlash of the bailouts during the 2008 financial crisis. The populist outrage was spurred in part by the decision at the time to inject federal funds into big business without attaching significant limits on how they could use that money\n\nCritics point to the heavy use of buybacks in recent years by some of the big companies now seeking aid—Boeing Co., the major airlines and top hotel chains—arguing that they and their workers would be in better shape to weather the storm if they had used the funds to boost employee pay or keep a cash reserve, rather than channel it to shareholders.\n\nSome have cited an International Monetary Fund report last October warning of growing risks to companies borrowing heavily to underwrite buybacks.\n\n“Debt has risen and is increasingly used for financial risk-taking—to fund corporate payouts to investors…” the report said in a section titled “High Corporate Debt Can Exacerbate the Next Economic Downturn.”\n\nLenore Palladino , an economist at the left-leaning Roosevelt Institute, estimates the top three airlines devoted the equivalent of more than 50% of net income from 2015-19 to share buybacks.\n\nAirlines for America, the industry trade group, suggested in a statement that buybacks aren’t to blame for the industry’s precarious state, which was triggered by an unprecedented, unpredictable plunge in business. It said its members had invested heavily in “new aircraft, facilities, ground equipment,” while retiring debt. The group said the carriers “have also invested heavily in their employees…to increase salaries and pensions over the last decade.”\n\nEven so, the group wrote a letter to congressional leaders Saturday pledging that, if its members were to receive federal aid, they would eliminate buybacks and dividends over the terms of the loans.\n\nMs. Palladino said the hotel industry has spent even more heavily on buybacks. Over that same period, she estimates Hilton Worldwide Holdings Inc. spent the equivalent of 93% of net income on buybacks, Hyatt Hotels Corp. 137% and Marriott International Inc. 182%.\n\nThe three companies all declined to comment.\n\nAircraft manufacturer Boeing is also seeking federal aid, a controversial request due to allegations stemming from its 737 MAX scandal that it has stinted on safety spending over the years.\n\nIn an essay last year, William Lazonick —an economist at the University of Massachusetts Lowell and an early leader of the anti-buyback campaign—argued that Boeing’s safety spending was suppressed by the $43.1 billion that the aircraft maker allocated to share repurchases from 2013 to 2019. That total exceeded its reported profits during that period.\n\nA Boeing spokesman declined to comment.\n\nDave Sebastian, Doug Cameron, and Alison Sider contributed to this article.\n\nWrite to Jacob M. Schlesinger at jacob.schlesinger@wsj.com",
    "published": "2020-03-22"
  }
]