[
  {
    "source": "WSJ",
    "title": "How Far Should Americans Go to Stop Coronavirus?",
    "summary": "Locking down economies can also be unhealthy.",
    "link": "https://www.wsj.com/articles/how-far-should-americans-go-to-stop-coronavirus-11583773452?mod=Searchresults_pos7&page=16",
    "content": "A market maker on the floor of the New York Stock Exchange on Monday. Photo: timothy a. clary/Agence France-Presse/Getty Images\n\nA time traveller from the 1970s would be surprised to arrive at this moment in 2020 and learn that many Americans were anxious rather than elated to see plunging oil prices and interest rates. Trying to explain that investors were selling U.S. stocks because a foreign cartel of oil-producing dictatorships couldn’t agree to withhold supply would only add to the confusion. And one would probably not even bother trying to discuss credit concerns arising from the risk that there might just be too much domestic energy production in the United States.\n\nBut here we are. Coronavirus concerns and worldwide policy responses are restraining economic activity, which means less global demand for oil. Saudi Arabia and Russia, unable to agree on production limits, have for the moment decided to see who can more easily withstand a competition to lower prices. Low prices also inflict pain on U.S. petroleum producers, many of whom have borrowed heavily to fund expansion.",
    "published": "2020-03-09"
  },
  {
    "source": "WSJ",
    "title": "How Far Should Americans Go to Stop Coronavirus?",
    "summary": "Locking down economies can also be unhealthy.",
    "link": "https://www.wsj.com/articles/how-far-should-americans-go-to-stop-coronavirus-11583773452?mod=Searchresults_pos7&page=9",
    "content": "A market maker on the floor of the New York Stock Exchange on Monday. Photo: timothy a. clary/Agence France-Presse/Getty Images\n\nA time traveller from the 1970s would be surprised to arrive at this moment in 2020 and learn that many Americans were anxious rather than elated to see plunging oil prices and interest rates. Trying to explain that investors were selling U.S. stocks because a foreign cartel of oil-producing dictatorships couldn’t agree to withhold supply would only add to the confusion. And one would probably not even bother trying to discuss credit concerns arising from the risk that there might just be too much domestic energy production in the United States.\n\nBut here we are. Coronavirus concerns and worldwide policy responses are restraining economic activity, which means less global demand for oil. Saudi Arabia and Russia, unable to agree on production limits, have for the moment decided to see who can more easily withstand a competition to lower prices. Low prices also inflict pain on U.S. petroleum producers, many of whom have borrowed heavily to fund expansion.",
    "published": "2020-03-09"
  },
  {
    "source": "WSJ",
    "title": "Art Van Furniture, PureSleep Operator Files for Bankruptcy to Close Stores",
    "summary": "The retail company plans to close most of its 169 locations but has a deal to save stores under the Levin Furniture and Wolf Furniture banners",
    "link": "https://www.wsj.com/articles/art-van-furniture-puresleep-operator-files-for-bankruptcy-to-close-stores-11583774273?mod=Searchresults_pos13&page=11",
    "content": "Art Van Furniture said it plans to complete going-out-of-business sales within the next six to eight weeks. Photo: TNS/Zuma Press\n\nThe operator of Art Van Furniture, PureSleep and a few other furniture and mattress store brands has filed for bankruptcy to close most of its locations.\n\nThe Michigan-based company said Monday it planned to complete going-out-of-business sales at most of its 169 retail stores within the next six to eight weeks after filing for chapter 11 protection in the U.S. Bankruptcy Court in Wilmington, Del.",
    "published": "2020-03-09"
  },
  {
    "source": "WSJ",
    "title": "Virus Clouds China’s Prospects to Meet U.S. Trade Commitments",
    "summary": "The coronavirus’s spread has hurt Chinese economic demand and trade",
    "link": "https://www.wsj.com/articles/virus-clouds-chinas-prospects-to-meet-u-s-trade-commitments-11583773688?mod=Searchresults_pos10&page=15",
    "content": "Chinese Vice Premier Liu He attended the signing ceremony for a phase-one trade deal with President Trump at the White House in January.\n\nWASHINGTON—The spread of the coronavirus and related economic uncertainty is threatening to undermine the “phase one” trade agreement that the Trump administration signed with its Chinese counterparts less than two months ago.\n\nPresident Trump, who repeatedly has criticized the U.S. trade deficit with China, made purchase commitments by China a core part of the deal, with Beijing expected to buy $200 billion in additional American exports over two years. An extra $77 billion is required in 2020 and $123 billion in 2021.\n\nYet, the virus’s spread has hurt Chinese economic demand and trade, and the ensuing drop in global-energy prices and weakness in the transportation sector make it extremely unlikely China will be able to make good on the dollar commitments in the deal, economists and trade experts say.\n\nOn Monday, the Center for Strategic and International Studies released a report saying that the purchase targets already were overly ambitious—and that the coronavirus has onlyworsened the situation.\n\n“Not only are the numbers unrealistic, but they’re unreal,” said Scott Kennedy , China expert at the nonpartisan Washington think tank. “The likelihood of even just reaching last year’s exports is unlikely.”\n\nTrump administration officials previously acknowledged that the coronavirus-related problems may delay expected purchases by China this year, but said Chinese President Xi Jinping had assured Mr. Trump the country would meet its obligations.\n\nTrade experts have pointed to a clause in the deal that allows for consultations “in the event that a natural disaster or other unforeseeable event outside the control” of the countries delays implementation.\n\nThe global spread of the novel coronavirus is affecting many aspects of daily life, and soon that could include what's in your medicine cabinet. WSJ’s Charley Grant explains. Photo: Getty Images\n\nThe office of U.S. Trade Representative Robert Lighthizer , which is responsible for implementing the agreement, said it “has had no conversations like this with our Chinese counterparts.”\n\n“We expect that the Chinese will meet their commitments under the agreement,” a spokesman for Mr. Lighthizer said. The Chinese embassy in Washington didn’t immediatelyrespond to a request for comment.\n\n“China realizes very clearly there is a lot of skepticism on the U.S. side on whether they will follow through and they are doing all they can to put that to rest,” said Clete Willems , a law partner at Akin Gump and former Trump administration trade official.\n\nMr. Trump has been generally complimentary of China’s handling of the crisis, a characterization that is at odds with some fellow Republicans, who have questioned whether China has been transparent.\n\nA Republican with close ties to the administration believes Mr. Trump is proceeding carefully to avoid giving Beijing an excuse to back out of its commitments. “He thinks that if he starts beating up China they are going to stiff him,” this person said. The White House didn’t immediately respond to a request for comment.\n\nCurrent and former administration officials have tended to be optimistic about Beijing’s ability to catch up on the requirements of the pact, noting that Mr. Xi has enormous influence over state-owned enterprises that could purchase American aircraft, energy products and farm goods.\n\nStill, the deal’s reliance on state-led firms to purchase U.S. products—often with expensive and enduring tariffs that make them less attractive—brings its own set of problems, according to the Peterson Institute for International Economics, another Washington think tank.\n\n“It will be hard enough for China to meet this commitment as it stumbles through an economy now afflicted by the coronavirus disease,” economists Chad Bown and Mary Lovely said last week.\n\nChina on Saturday posted a 4% drop in imports in the first two months of the year, compared with a year earlier. Still, the country’s pork, soybean and natural-gas imports grew.\n\nU.S. officials have been touting other aspects of the deal, including Beijing’s moves to open up to American chicken exports and pave the way for better protection of intellectual property in China. The emphasis on purchases in phase one differed sharply from recent Washington trade pacts, which typically prioritize lifting barriers to facilitate freer, market-based trade.\n\nMr. Lighthizer and U.S. Secretary of Agriculture Sonny Perdue are expected to announce Tuesday further progress in implementing the deal, including opening its markets to California nectarines and lifting bans on beef from older cattle.\n\n“These implementation measures are promising steps showing that China is taking steps to fulfill their purchase commitments,” Mr. Perdue said in a written statement.\n\nBesides the purchases, China agreed to discourage theft of trade secrets and safeguard intellectual property in the phase-one accord, among other pledges.\n\nAt a rally in Pennsylvania last week, Mr. Trump was upbeat, saying the U.S. economy remained strong but is “nothing compared with what it’s going to be when the trade deals kick in.” Still, the bigger shifts in economic rules that officials had hoped Beijing would agree to were left for future negotiations.\n\n“The ‘phase one’ agreement leaves on the table more significant, structural commitments for a future ‘phase two’ or even ‘phase three’ agreement,” said Rep. Richard Neal , the chairman of the House committee that oversees trade, in a hearing on China trade. “Now, because of the outbreak of the coronavirus in China, purchase commitments and other promises made by China as part of this agreement may not even happen.”\n\nAs Congress heads toward the 2020 election season, Republican lawmakers have defended Mr. Trump for being the first president to confront China in high-stakes trade talks, saying further benefits for Americans will come down the road.\n\nWrite to William Mauldin at william.mauldin@wsj.com and Alex Leary at alex.leary@wsj.com",
    "published": "2020-03-09"
  },
  {
    "source": "WSJ",
    "title": "U.S. Chip Industry Fears Long-Term Damage From China Trade Fight",
    "summary": "Silicon Valley warns that sales restrictions threaten to cede its market dominance to rivals",
    "link": "https://www.wsj.com/articles/chip-industry-fears-damage-china-trade-fight-11583693926?mod=Searchresults_pos1&page=17",
    "content": "A Xilinx display in Shanghai in 2018. The U.S. chip maker said this year it plans to cut about 7% of its staff, in part because of trade tensions.\n\nThe U.S. semiconductor industry is pressing to get out of the firing line between the U.S. and China, warning its position as the global market leader could become a casualty of the trade spat.\n\nThe industry is ramping up its lobbying with a new report spelling out potential costs of largely severing U.S. chip-supply ties with China.\n\nThe effort comes as cabinet-level officials are set later this week to meet and discuss proposed changes to Commerce Department regulations that would further restrict U.S. sales to Chinese companies that U.S. officials have said pose espionage risks. Some in Washington also believe these companies purloin U.S. technology, according to people familiar with the administration’s discussions.\n\nThe chip industry is one of the top U.S. exporters and one of the few sectors that still generates a trade surplus, largely driven by sales growth in China. But many in the Trump administration want to limit those links and get chip makers to do more of their manufacturing work in the U.S.\n\nChip companies have already lost sales from dueling tariffs both sides have imposed and from limits the U.S. has put in place on sales to Chinese telecom giant Huawei Technologies Co., citing national-security concerns. President Trump last month indicated he was eager for U.S. companies to be able to freely sell products to China. But, according to people familiar with the matter, administration officials leery of dealing with China are pushing for additional trade restrictions by invoking further national-security concerns.\n\nSuch measures, the Semiconductor Industry Association says, would do lasting harm to companies that made Silicon Valley a byword for U.S. innovation and help the country maintain a technological and military edge over global rivals.\n\nExport restrictions can help safeguard U.S. national security, “but they must be targeted to avoid undermining America’s longstanding global leadership in semiconductors,” said Keith Jackson , chief executive of ON Semiconductor Corp. ON 0.22 %increase; green up pointing triangle , an electronic-components supplier based in Phoenix.\n\nThe regulations, if implemented, could cost U.S. chip makers about $36 billion in revenue, according to a new industry-commissioned, Boston Consulting Group report seen by The Wall Street Journal. The hit, the report said, would be bigger than the impact on U.S. companies from China’s push to become more self-reliant in this field, as outlined five years ago in a plan called “Made in China 2025.” The Trump administration regularly cites that effort—a comprehensive strategy to advance China’s domestic industrial base—as a reason for its trade offensive against China.\n\nThe U.S. limits sales to telecom giant Huawei. Photo: Mark Schiefelbein/Associated Press\n\nA complete severing of technological ties with China would eventually cede U.S. market leadership to South Korea in the short term and could make China the global leader in the long term, the BCG report says. If shipments of U.S. chips and chip-making equipment to China were stopped, and China banned imports of U.S. electronics and software, it could cost the U.S. companies $83 billion in annual sales, more than one-third of their total in 2018, according to the study.\n\nU.S. chip executives say pressuring China without damaging domestic manufacturers is difficult because of the tightly woven global supply chain in the tech industry. “All the regions of the world are connected commercially very closely. Disturbing one corner impacts all,” said Risto Puhakka , a semiconductor manufacturing expert at VLSI Research Inc., a market-research firm based in San Jose, Calif.\n\nFor some Silicon Valley employees, the tensions between the U.S. and China already are having an impact. Chip maker Xilinx Inc. this year said it would cut about 7% of its workforce, blaming, in part, the trade tensions.\n\n“The unprecedented change in U.S.-China relations and trade clearly has an impact on the industry, and specifically, our business,” Chief Executive Victor Peng said at the time.\n\nIn an interview with The Wall Street Journal, Huawei’s Ren Zhengfei discusses how his company will navigate the trade war, concerns over whether its equipment could be used to spy for Beijing and his road trip across America. Photo: Anthony Kwan for The Wall Street Journal\n\nThe SIA plans to use the new report as the backbone of its lobbying campaign to sway the Trump administration and Capitol Hill to allow companies to continue to supply Huawei and other Chinese companies when the products sold don’t endanger U.S. national security. In 2018, about 36% of U.S. semiconductor company revenues, or $75 billion, came from sales to China, the SIA estimates.\n\nThe new restrictions under consideration in Washington include narrowing the products chip makers are allowed to ship to Huawei without a Commerce Department export license.\n\nA chip made by Huawei unit HiSilicon. Photo: Reuters\n\nU.S. companies have been restricted from selling to Huawei since May. A rule that allowed entities outside the U.S. to sell to Huawei if products were less than 25%-U.S.-made could be revised, lowering the threshold to 10% and thus expanding its application to more goods.\n\nThe Commerce Department also might require licenses for the sale of tools used in the chip-manufacturing process if those machines are used to produce components for HiSilicon, Huawei’s semiconductor subsidiary, according to people familiar with the matter.\n\nSeparately, proponents of tougher restrictions on China have suggested designating more semiconductor-manufacturing tools to fall under what is known as the Wassenaar Arrangement, a multinational agreement to control the export of dual-use goods with civilian and military applications, according to a person familiar with the matter. That would subject their export to China to more scrutiny.\n\nSHARE YOUR THOUGHTS What is the path to success for U.S. semiconductor companies? Join the conversation below.\n\nMade in China 2025 goals themselves threaten to reduce U.S. semiconductor-market share to as low as 43% from 48% in 2018, according to the BCG report. Further decoupling because of additional U.S. trade restrictions, the report said, could lead U.S. market share to fall as low as 30% of global sales.\n\nHuawei has already successfully replaced some U.S. components with ones sourced elsewhere, in a sign of how big the commercial stakes are for U.S. companies. The Chinese tech company also has said it now can make 5G base stations, a crucial piece of equipment to deploy the superfast cellular networks, entirely without U.S.-made parts.\n\nThe sales losses could have other, long-term repercussions for U.S. companies, industry officials say. Among them, they could starve firms from cash needed to fund research and development, which helps U.S. companies develop smaller and faster transistors and maintain a technological edge.\n\n“They make a bunch of money and plow it back and take a big risk to go down one more size. Historically, that’s been how we’ve been able to stay ahead,” said Robert Atkinson , the founder and president of the Information Technology and Innovation Foundation, a Washington, D.C. think tank.\n\nWrite to Asa Fitch at asa.fitch@wsj.com and Bob Davis at bob.davis@wsj.com",
    "published": "2020-03-09"
  },
  {
    "source": "WSJ",
    "title": "U.S. Chip Industry Fears Long-Term Damage From China Trade Fight",
    "summary": "Silicon Valley warns that sales restrictions threaten to cede its market dominance to rivals",
    "link": "https://www.wsj.com/articles/chip-industry-fears-damage-china-trade-fight-11583693926?mod=Searchresults_pos20&page=16",
    "content": "A Xilinx display in Shanghai in 2018. The U.S. chip maker said this year it plans to cut about 7% of its staff, in part because of trade tensions.\n\nThe U.S. semiconductor industry is pressing to get out of the firing line between the U.S. and China, warning its position as the global market leader could become a casualty of the trade spat.\n\nThe industry is ramping up its lobbying with a new report spelling out potential costs of largely severing U.S. chip-supply ties with China.\n\nThe effort comes as cabinet-level officials are set later this week to meet and discuss proposed changes to Commerce Department regulations that would further restrict U.S. sales to Chinese companies that U.S. officials have said pose espionage risks. Some in Washington also believe these companies purloin U.S. technology, according to people familiar with the administration’s discussions.\n\nThe chip industry is one of the top U.S. exporters and one of the few sectors that still generates a trade surplus, largely driven by sales growth in China. But many in the Trump administration want to limit those links and get chip makers to do more of their manufacturing work in the U.S.\n\nChip companies have already lost sales from dueling tariffs both sides have imposed and from limits the U.S. has put in place on sales to Chinese telecom giant Huawei Technologies Co., citing national-security concerns. President Trump last month indicated he was eager for U.S. companies to be able to freely sell products to China. But, according to people familiar with the matter, administration officials leery of dealing with China are pushing for additional trade restrictions by invoking further national-security concerns.\n\nSuch measures, the Semiconductor Industry Association says, would do lasting harm to companies that made Silicon Valley a byword for U.S. innovation and help the country maintain a technological and military edge over global rivals.\n\nExport restrictions can help safeguard U.S. national security, “but they must be targeted to avoid undermining America’s longstanding global leadership in semiconductors,” said Keith Jackson , chief executive of ON Semiconductor Corp. ON 0.22 %increase; green up pointing triangle , an electronic-components supplier based in Phoenix.\n\nThe regulations, if implemented, could cost U.S. chip makers about $36 billion in revenue, according to a new industry-commissioned, Boston Consulting Group report seen by The Wall Street Journal. The hit, the report said, would be bigger than the impact on U.S. companies from China’s push to become more self-reliant in this field, as outlined five years ago in a plan called “Made in China 2025.” The Trump administration regularly cites that effort—a comprehensive strategy to advance China’s domestic industrial base—as a reason for its trade offensive against China.\n\nThe U.S. limits sales to telecom giant Huawei. Photo: Mark Schiefelbein/Associated Press\n\nA complete severing of technological ties with China would eventually cede U.S. market leadership to South Korea in the short term and could make China the global leader in the long term, the BCG report says. If shipments of U.S. chips and chip-making equipment to China were stopped, and China banned imports of U.S. electronics and software, it could cost the U.S. companies $83 billion in annual sales, more than one-third of their total in 2018, according to the study.\n\nU.S. chip executives say pressuring China without damaging domestic manufacturers is difficult because of the tightly woven global supply chain in the tech industry. “All the regions of the world are connected commercially very closely. Disturbing one corner impacts all,” said Risto Puhakka , a semiconductor manufacturing expert at VLSI Research Inc., a market-research firm based in San Jose, Calif.\n\nFor some Silicon Valley employees, the tensions between the U.S. and China already are having an impact. Chip maker Xilinx Inc. this year said it would cut about 7% of its workforce, blaming, in part, the trade tensions.\n\n“The unprecedented change in U.S.-China relations and trade clearly has an impact on the industry, and specifically, our business,” Chief Executive Victor Peng said at the time.\n\nIn an interview with The Wall Street Journal, Huawei’s Ren Zhengfei discusses how his company will navigate the trade war, concerns over whether its equipment could be used to spy for Beijing and his road trip across America. Photo: Anthony Kwan for The Wall Street Journal\n\nThe SIA plans to use the new report as the backbone of its lobbying campaign to sway the Trump administration and Capitol Hill to allow companies to continue to supply Huawei and other Chinese companies when the products sold don’t endanger U.S. national security. In 2018, about 36% of U.S. semiconductor company revenues, or $75 billion, came from sales to China, the SIA estimates.\n\nThe new restrictions under consideration in Washington include narrowing the products chip makers are allowed to ship to Huawei without a Commerce Department export license.\n\nA chip made by Huawei unit HiSilicon. Photo: Reuters\n\nU.S. companies have been restricted from selling to Huawei since May. A rule that allowed entities outside the U.S. to sell to Huawei if products were less than 25%-U.S.-made could be revised, lowering the threshold to 10% and thus expanding its application to more goods.\n\nThe Commerce Department also might require licenses for the sale of tools used in the chip-manufacturing process if those machines are used to produce components for HiSilicon, Huawei’s semiconductor subsidiary, according to people familiar with the matter.\n\nSeparately, proponents of tougher restrictions on China have suggested designating more semiconductor-manufacturing tools to fall under what is known as the Wassenaar Arrangement, a multinational agreement to control the export of dual-use goods with civilian and military applications, according to a person familiar with the matter. That would subject their export to China to more scrutiny.\n\nSHARE YOUR THOUGHTS What is the path to success for U.S. semiconductor companies? Join the conversation below.\n\nMade in China 2025 goals themselves threaten to reduce U.S. semiconductor-market share to as low as 43% from 48% in 2018, according to the BCG report. Further decoupling because of additional U.S. trade restrictions, the report said, could lead U.S. market share to fall as low as 30% of global sales.\n\nHuawei has already successfully replaced some U.S. components with ones sourced elsewhere, in a sign of how big the commercial stakes are for U.S. companies. The Chinese tech company also has said it now can make 5G base stations, a crucial piece of equipment to deploy the superfast cellular networks, entirely without U.S.-made parts.\n\nThe sales losses could have other, long-term repercussions for U.S. companies, industry officials say. Among them, they could starve firms from cash needed to fund research and development, which helps U.S. companies develop smaller and faster transistors and maintain a technological edge.\n\n“They make a bunch of money and plow it back and take a big risk to go down one more size. Historically, that’s been how we’ve been able to stay ahead,” said Robert Atkinson , the founder and president of the Information Technology and Innovation Foundation, a Washington, D.C. think tank.\n\nWrite to Asa Fitch at asa.fitch@wsj.com and Bob Davis at bob.davis@wsj.com",
    "published": "2020-03-09"
  },
  {
    "source": "WSJ",
    "title": "How Far Should Americans Go to Stop Coronavirus?",
    "summary": "Locking down economies can also be unhealthy.",
    "link": "https://www.wsj.com/articles/how-far-should-americans-go-to-stop-coronavirus-11583773452?mod=Searchresults_pos7&page=16",
    "content": "A market maker on the floor of the New York Stock Exchange on Monday. Photo: timothy a. clary/Agence France-Presse/Getty Images\n\nA time traveller from the 1970s would be surprised to arrive at this moment in 2020 and learn that many Americans were anxious rather than elated to see plunging oil prices and interest rates. Trying to explain that investors were selling U.S. stocks because a foreign cartel of oil-producing dictatorships couldn’t agree to withhold supply would only add to the confusion. And one would probably not even bother trying to discuss credit concerns arising from the risk that there might just be too much domestic energy production in the United States.\n\nBut here we are. Coronavirus concerns and worldwide policy responses are restraining economic activity, which means less global demand for oil. Saudi Arabia and Russia, unable to agree on production limits, have for the moment decided to see who can more easily withstand a competition to lower prices. Low prices also inflict pain on U.S. petroleum producers, many of whom have borrowed heavily to fund expansion.",
    "published": "2020-03-09"
  },
  {
    "source": "WSJ",
    "title": "Ahead of Critical Michigan Primary, Democrats Look to Governor for Winning Formula",
    "summary": "Party hopes Gretchen Whitmer’s approach could help it win back the state in 2020",
    "link": "https://www.wsj.com/articles/ahead-of-critical-michigan-primary-democrats-look-to-governor-for-winning-formula-11583718286?mod=Searchresults_pos20&page=11",
    "content": "Gretchen Whitmer won over moderates in areas around Detroit that had been Republican strongholds.\n\nMichigan Gov. Gretchen Whitmer’s pragmatic, can-do appeal to a diverse electorate helped propel her to the governor’s mansion. Some Democrats including Joe Biden, whom Ms. Whitmer recently endorsed, hope the same formula can help them win back the state in the presidential election.\n\nMs. Whitmer and a host of freshman Democratic U.S. House members from across the state won over moderates in areas around Detroit in 2018 that had been Republican strongholds. At the same time, Ms. Whitmer benefited from increased turnout in Wayne County, home to Detroit, a predominantly black city that is also the state’s largest.\n\nThat is a reversal from 2016, when President Trump won the state on strong support in white rural areas while Hillary Clinton couldn’t match Barack Obama ’s turnout in majority-black areas. If Mr. Biden wins Michigan’s primary Tuesday it will help demonstrate her influence in a crucial general election state, where Ms. Whitmer is already trying to quash chatter she is a contender for the vice president spot on the Democratic ticket.\n\n“By the time we get to November, turnout’s going to be high,“ Ms. Whitmer said in an interview, calling the low Democratic turnout in 2016 “an anomaly.” “We carried the biggest counties that people look to as deciding the Trump election in 2016, and so we are, I think, poised to have a big turnout,” she said.\n\nJessica Taylor, who analyzes governor races for the nonpartisan Cook Political Report, said swing-state Democrats should replicate Ms. Whitmer’s appeal to broad kitchen-table issues such as infrastructure.\n\n“She ran with ‘fix the damn roads,’” Ms. Taylor said.\n\nSHARE YOUR THOUGHTS What role do you see Ms. Whitmer playing in the 2020 election? Join the conversation below.\n\nMs. Whitmer and her lieutenant governor, Garlin Gilchrist II, recently endorsed Mr. Biden for president ahead of the state’s primary on Tuesday. Mr. Gilchrist predicted Mr. Biden would be able to win Michigan in a general election because he has thus far in the primary appealed to the political coalition that he and Ms. Whitmer assembled in 2018. In recent primaries, Mr. Biden has won states where black voters make up a significant chunk of the electorate. Exit polls and vote results suggest he has brought former Republican suburbanites into the Democratic primary.\n\n“Black Democrats are inspired by people who show up,” said Mr. Gilchrist, the first black American to attain his office. “As a black Democrat who lives in Detroit, I think it’s important that [people] know that the person who we’re supporting, Vice President Joe Biden, is stepping up.”\n\nMichigan Rep. Elissa Slotkin, a freshman lawmaker who ousted a Republican incumbent in a district that includes a swath of Detroit suburbia, said that Ms. Whitmer’s election displayed a formula for victory in Michigan: Unite swing voters with a party’s core base of support.\n\nJoe Biden’s string of Super Tuesday victories amounts to one of the biggest political comebacks in recent memory. WSJ’s Gerald F. Seib examines two potential assets Biden may have as the race moves forward. Photo: Allison Zaucha for The Wall Street Journal.\n\n“That’s how Barack Obama won here, that’s how Bill Clinton won here, I think that’s how Gov. Whitmer won,” Ms. Slotkin said. “It’s not one or the other, and I think there’s a false between saying you can only focus on base Democratic voters or swing voters. The job is to approach both.”\n\nIndeed, national Democrats have taken note of how Ms. Whitmer and Mr. Gilchrist ran in 2018.\n\n“Michigan is a critical battleground and we are following the roadmap that successful Democrats made in 2018, like Gov. Whitmer, to compete everywhere, invest early and talk about issues that are essential to voters’ lives” like the cost of prescription drugs, said DNC spokesman David Bergstein.\n\nHowever, just as the national political landscape is a tough environment for bipartisanship, Ms. Whitmer has seen her fair share of quarrels with Republicans in her state.\n\nThe Republican-controlled statehouse rejected her proposed gasoline tax, which she would have used to pay for road work, leaving her “fix the damn roads” promise largely unfulfilled. The Republicans said the proposal amounted to typical Democratic politics. “Whether it’s a ridiculous 45 cent gas tax increase or massive debt spending, Gretchen Whitmer has proven that she is just another tax and spend Democrat like Joe Biden and Bernie Sanders,” said RNC spokesperson Michael Joyce.\n\nMs. Whitmer has instead relied on executive actions, which she has acknowledged are less sweeping than reforms possible with lawmakers.\n\nShe is also no stranger to controversy. One of the most high-profile flashpoints from her first year in office came when black leaders pushed back against her plan to close a predominantly black high school in Benton Harbor, a small town in the state’s southwest corner along Lake Michigan.\n\nMs. Slotkin, the congresswoman, said that national Democrats should embrace Midwestern politicians like Ms. Whitmer, if not least for the sake of broadening the party’s appeal beyond urban enclaves—especially on the coasts.\n\n“I’m keenly aware that lots of political leaders from both parties tend to be from the coasts or from places that are deep red or deep blue,” Ms. Slotkin said, calling any politician from a swing state an asset to the Democratic ticket.\n\nDemocratic operatives say buzz about Ms. Whitmer’s future in the party is bound to grow—especially if Mr. Biden becomes the party’s nominee. Ms. Whitmer has played down speculation she has sights on higher office.\n\n“I am not angling to leave the state of Michigan. I’ve been governor for 14 months, I’ve got a lot of work to do,” she said.\n\nWrite to Joshua Jamerson at joshua.jamerson@wsj.com",
    "published": "2020-03-09"
  },
  {
    "source": "WSJ",
    "title": "Trump to Propose Steps to Ease Economic Fallout From Coronavirus",
    "summary": "Measures may include payroll-tax cut, relief for hourly wage earners, president says",
    "link": "https://www.wsj.com/articles/trump-white-house-officials-to-discuss-coronavirus-economic-response-plan-11583764176?mod=Searchresults_pos11&page=13",
    "content": "President Trump answered questions on Friday after signing a bipartisan $8.3 billion funding bill at the White House to combat the coronavirus outbreak.\n\nWASHINGTON—President Trump said his administration would discuss with Congress several measures to ease the economic pain inflicted by the coronavirus, including a possible payroll-tax cut and help for hourly wage earners.\n\nAdministration officials were planning to meet with congressional Republicans about the proposals on Tuesday. Mr. Trump said he would hold a news conference Tuesday afternoon to lay out the proposals in more detail. “They will be very major,” he said.\n\n“We’re also going to be talking about hourly wage earners getting help so they can be in a position where they’re not ever going to miss a paycheck,” the president told reporters in the White House briefing room on Monday evening, adding that the administration was considering “creating loans for small businesses.”\n\nWhite House officials were split, however, over whether the president should embrace a payroll tax cut now, and if so, how big it should be, according to two people familiar with the discussion, who said there were strong views from both sides and a spirited debate at a closed-door meeting the president held with senior administration officials Monday.\n\nTrade adviser Peter Navarro —backed by Jared Kushner , the president’s son-in-law and senior adviser, and legislative affairs director Eric Ueland—argued in favor of pushing for a payroll tax cut now, the people said.\n\nOn the other side, National Economic Council Director Lawrence Kudlow and Treasury Secretary Steven Mnuchin called instead for narrowly targeted measures aimed at helping workers without sick leave and businesses facing virus-related disruptions, the people said. They questioned how expensive and how effective a payroll tax cut would be.\n\nMr. Navarro attended Monday’s press conference, but was one of the few officials to depart the briefing room with Mr. Trump, while the others stayed and took questions about the proposals.\n\nA White House spokesman declined to comment.\n\nSome in the White House support a proposal unveiled on Monday by Sen. Steve Daines (R., Mont.) that would temporarily suspend the payroll tax, though it wasn’t immediately clear how long a suspension Mr. Daines is proposing.\n\nA challenge with payroll tax cuts is that they only directly help people who are working, not anyone who gets laid off. And the benefits would accumulate over the year rather than shoring up consumer spending immediately.\n\nHowever, a full suspension would be quite large, as much as 4% of gross domestic product. For a worker making $75,000 and getting paid twice a month, the cut would amount to $387.50 per paycheck, split between employees and employers. Economists generally believe that workers bear the burden of both sides of the payroll tax, but it’s far from clear what companies would do with their share of the savings.\n\nEarlier Monday, top Republican senators signaled they were hesitant to move forward quickly with either a broad-based stimulus package or narrower measures, cautioning that it was too early to assess the economic damage from the outbreak.\n\nThe Dow sank over 2,000 points Monday and oil had its worst drop since 1991. WSJ’s Paul Vigna breaks down how we got to this point and what investors will be looking at moving forward. Photo: Timothy A. Clary/AFP via Getty Images\n\n“Let’s see where we are in a month from now or three weeks from now. It’s just too early, I think people need to stay calm as much as they can,” Sen. Richard Shelby (R., Ala.), the chairman of the Senate Appropriations Committee, said Monday.\n\nMr. Shelby said no one from the administration had been in touch with him about a possible stimulus package and that he would review any White House proposal.\n\n“We don’t have a time frame because we are still assessing risk,” said Sen. Chuck Grassley (R., Iowa), chairman of the Senate Finance Committee.\n\nThe White House and Congress are under pressure to shore up the economy as markets reel on fears of a global recession. The Dow Jones Industrial Average dropped 2,014 points, or 7.8 percent, to close at 23,851.01. The yield on the 10-year Treasury, which moves inversely to bond prices, dropped to 0.501% as investors sought a haven in government debt.\n\nMessrs. Kudlow and Mnuchin are scheduled to meet with Senate Republicans at their weekly policy lunch on Tuesday.\n\nThe most significant proposals mentioned at Monday’s briefing, including a payroll tax cut, would require congressional approval. But Mr. Mnuchin, speaking at Monday’s briefing, said “there are certain authorities that the president has that we can do on our own.”\n\nA payroll tax cut met with skepticism from House Appropriations Committee Chair Nita Lowey (D., N.Y.), who said it wouldn’t help people who lose their jobs.\n\nDemocrats are focused on helping “the average working people around this country who are worried about how they’re going to feed their families, because their businesses close,” she said before a meeting with senior Democratic Party leadership.\n\nThe viral epidemic reached a new stage globally Monday, with confirmed cases outside China tripling over the past week and Italy under lockdown. The new coronavirus is now close to becoming a pandemic, the World Health Organization said, given its spread to more than 100 countries. In the U.S., the number of cases grew to 603, with 22 deaths.\n\nHouse Speaker Nancy Pelosi (D., Calif.) and Senate Minority Leader Chuck Schumer (D., N.Y.) over the weekend outlined a series of measures including paid sick leave and expanded nutrition assistance, especially if school lunch programs need to close. They didn’t call for broader fiscal stimulus.\n\nMrs. Pelosi and Mr. Schumer late Monday said they hoped to prepare a legislative package with their priorities by the end of the week. Mrs. Pelosi said it was unlikely that the House could both craft and vote on an economic response this week, adding that it was possible the House stay in Washington longer to complete a bill.\n\nBoth Democratic leaders said any legislative responses should be focused on helping people directly hurt by the spread of the disease and that they would consider the White House’s proposal.\n\nSenior administration officials met privately Monday afternoon to discuss coronavirus measures. In addition to the payroll tax cut, they discussed paying hourly employees who miss work because of the virus and deferring taxes for industries hardest hit by the virus, including the airline and cruise industries, administration officials said.\n\nMr. Mnuchin said Monday the Treasury is exploring ways to provide liquidity for firms facing disruptions from the virus through the Small Business Administration, as well as tax relief for companies and individuals beyond the payroll tax cut.\n\nThe White House has tasked the Treasury Department with developing fiscal policy responses to the virus. Mr. Mnuchin tapped a handful of aides from the agency’s legal, domestic and international finance teams to begin exploring options about a week ago. He is also having daily conversations with Federal Reserve Chairman Jerome Powell.\n\nAdministration aides worked through the weekend to assemble a package of 12 to 15 fiscal proposals to respond to the widening epidemic, from narrowly targeted and temporary measures aimed at responding to public health challenges, to a broad-based stimulus to combat a prolonged economic downturn.\n\nOfficials were coalescing around the need for an economic-policy response, but some were skeptical that the president should embrace a broad stimulus effort, arguing it is too soon to take that approach. Some top health officials advocated a bigger response, while others are unconvinced that stimulus is needed right now.\n\nVice President Mike Pence, who heads the White House’s coronavirus task force, was planning to meet with health-care industry officials on Tuesday. The White House invited Wall Street executives to a Wednesday meeting to discuss the effects of the coronavirus on the economy, according to an administration official.\n\nMr. Trump last week signed an $8.3 billion emergency spending bill to combat the coronavirus. He has called on the Fed to do more to protect the U.S. economy, renewing pressure he has put on the central bank during previous bouts of financial-market volatility. “We have a Fed that is not exactly proactive,” he said at the White House Friday.\n\nFed officials last week announced an emergency cut of half a percentage point to their benchmark federal-funds rate, lowering it to a range between 1% and 1.25%. Markets expect another large cut at the central bank’s March 17-18 policy meeting, but with rates already close to zero, the Fed has limited room to cut further.\n\nOn Monday, the New York Fed said it would boost the amount of short-term lending it conducts on a daily and biweekly basis to satisfy rising demand from financial institutions and avoid further strains as U.S. banks and businesses prepare for greater disruptions from the coronavirus epidemic.\n\nMeanwhile, a group of state and federal financial regulators, including the Fed and the Consumer Financial Protection Bureau, called on banks to be flexible with customers struggling to make payments on debt such as mortgages and other loans.\n\nRichard Rubin, Andrew Duehren and Catherine Lucey contributed to this article.\n\nWrite to Andrew Restuccia at Andrew.Restuccia@wsj.com and Kate Davidson at kate.davidson@wsj.com",
    "published": "2020-03-09"
  },
  {
    "source": "WSJ",
    "title": "How Far Should Americans Go to Stop Coronavirus?",
    "summary": "Locking down economies can also be unhealthy.",
    "link": "https://www.wsj.com/articles/how-far-should-americans-go-to-stop-coronavirus-11583773452?mod=Searchresults_pos7&page=9",
    "content": "A market maker on the floor of the New York Stock Exchange on Monday. Photo: timothy a. clary/Agence France-Presse/Getty Images\n\nA time traveller from the 1970s would be surprised to arrive at this moment in 2020 and learn that many Americans were anxious rather than elated to see plunging oil prices and interest rates. Trying to explain that investors were selling U.S. stocks because a foreign cartel of oil-producing dictatorships couldn’t agree to withhold supply would only add to the confusion. And one would probably not even bother trying to discuss credit concerns arising from the risk that there might just be too much domestic energy production in the United States.\n\nBut here we are. Coronavirus concerns and worldwide policy responses are restraining economic activity, which means less global demand for oil. Saudi Arabia and Russia, unable to agree on production limits, have for the moment decided to see who can more easily withstand a competition to lower prices. Low prices also inflict pain on U.S. petroleum producers, many of whom have borrowed heavily to fund expansion.",
    "published": "2020-03-09"
  }
]