[
  {
    "source": "WSJ",
    "title": "Democratic Candidates Court Unions With Infrastructure Pitch",
    "summary": "Joe Biden, Pete Buttigieg, Amy Klobuchar and Tom Steyer say U.S. faces an urgent need to rebuild the nation’s roads, bridges and highways",
    "link": "https://www.wsj.com/articles/democratic-candidates-court-unions-with-infrastructure-pitch-11581873256?mod=Searchresults_pos1&page=19",
    "content": "LAS VEGAS—Democratic presidential candidates said Sunday that the U.S. faces an urgent need to rebuild the nation’s roads, bridges and highways, appealing to union workers ahead of Nevada’s Feb. 22 caucuses.\n\nJoe Biden, Pete Buttigieg , Amy Klobuchar and Tom Steyer courted several labor unions Sunday at a forum sponsored by United for Infrastructure, a nonprofit organization made up of labor unions and trade associations.\n\nThe candidates said upgrading the country’s aging transportation system has been a promise that President Trump failed to keep during his first term and that their own infrastructure plans could serve as a counterweight to his re-election message.\n\nDuring his presidency, Mr. Trump has sought $1 trillion in infrastructure improvements. Democrats have noted that his plan would press cities and states to provide at least 80% of the funding.\n\n“Do you remember one of the things that he promised? Infrastructure,” said Ms. Klobuchar, a Minnesota senator, recalling the president’s victory speech after the 2016 election. “While Congress has kept the funding going in some of the areas, we have not seen the big infrastructure investment that he promised—not one that keeps our country competitive.”\n\nAmy Klobuchar made infrastructure the subject of the first policy rollout of her campaign. Photo: Mikayla Whitmore for The Wall Street Journal\n\nMr. Biden, the former vice president, said the country could simultaneously fix the nation’s crumbling infrastructure while ensuring it was improved to become more resilient to climate change. “I think you do both,” he said. One of his proposals includes adding 500,000 charging stations for electric vehicles.\n\n“I believe the Band-Aid has been ripped off and people are ready to do rational things,” Mr. Biden said, describing a Congress in which both parties might be ready to reach a deal on infrastructure.\n\nThe candidates have offered plans to overhaul the nation’s transportation network and create construction jobs, intended in part to draw a contrast with the president, whose proposals have languished despite bipartisan attempts in Congress to forge a broad plan to repair the country’s infrastructure.\n\nOrganized labor has long been a political force in Nevada and plays a more significant role in the state than in Iowa and New Hampshire, which held the first two presidential nominating contests.\n\nMr. Biden has proposed a $1.3 trillion plan to rebuild roads, bridges and highways and promote a high-speed rail system. Ms. Klobuchar, who made infrastructure the subject of the first policy rollout of her campaign, would spend $1 trillion on the projects, including $650 billion in direct federal funding for infrastructure.\n\nMr. Buttigieg, former mayor of South Bend, Ind., has outlined a program to put $1 trillion into infrastructure in partnership with states and cities, a plan that he says would create 6 million jobs. Mr. Steyer, meanwhile, has proposed dedicating $2 trillion in public spending to promote “climate-smart” infrastructure.\n\nThe plans have also been at the center of how the candidates intend to address climate change.\n\nMr. Steyer, a billionaire businessman, said that if elected he would declare a climate emergency on his first day in office, and infrastructure spending would work in tandem with his climate-change agenda.\n\n“Everything we’re going to do we’re going to do from the standpoint of climate,” he said.\n\nMr. Buttigieg, who recently finished his second term as mayor, pointed to the frustration that many municipal leaders had after Mr. Trump released his infrastructure proposal. He said it would have had many state and local officials “do most of the work and come up with most of the money.”\n\nMr. Buttigieg said the nation had “an opportunity to do something different and take the ‘Infrastructure week’ back from being a punchline and actually make sure it is a template for a better future.” He was referring to weeks in which the administration said it planned to push lawmakers to come to terms on legislation, efforts that were sometimes overshadowed by other topics raised by the president.\n\nTom Steyer, a billionaire businessman, said that if elected he would declare a climate emergency on his first day in office. Photo: Mikayla Whitmore for The Wall Street Journal\n\nThe Democratic candidates proposing infrastructure upgrades said they would pay for them largely by undoing Mr. Trump’s tax cuts for businesses, along with a variety of other steps.\n\nOne funding issue the next administration may be confronted with is how to replenish the Highway Trust Fund, which gets its revenue from federal fuels taxes. The trust fund has faced a shortfall because fuel taxes haven’t been raised in a quarter-century while increased vehicle efficiency has cut into gasoline and diesel consumption.\n\nBut the candidates said it was unlikely that Congress would approve a gas-tax increase. Mr. Biden, for example, said he would devote $50 billion from the higher taxes on corporations to bolster the trust fund but said flatly, “We’re not going to be able to raise the gas tax.” He did, however, say that Congress might be able to index the tax for inflation.\n\nThe forum Sunday, at the University of Nevada, Las Vegas, was moderated by The Wall Street Journal’s Gerald Seib and Jeanne Cummings .\n\nThe forum was a showcase for the candidates before organized labor.\n\nThe most powerful union in Nevada, Culinary 226, which represents about 60,000 members from the hospitality industry, said Friday it wouldn’t endorse a presidential candidate before the caucuses.\n\nMost of the nation’s largest labor unions have stayed on the sidelines in the 2020 primaries, but some labor organizations have signaled plans to become more active.\n\nThe candidates said they would honor prevailing wage laws, including the Davis-Bacon law, which they said would ensure that workers receive fair wages. They also vowed to prevent corporations from taking over federal apprenticeship programs, a key concern for building trades and other unions.\n\nThe leading Democratic presidential contenders, along with Mr. Trump, were invited to participate in the forum. On the Democratic side, former New York Mayor Michael Bloomberg, Vermont Sen. Bernie Sanders and Massachusetts Sen. Elizabeth Warren chose not to attend.\n\nThe event’s host committee included: International Union of Operating Engineers; Transportation Trades Department, AFL-CIO; North America’s Building Trades Unions; Transport Workers Union of America; American Society of Civil Engineers; American Public Transportation Association; American Council of Engineering Companies; American Road and Transportation Builders Association; Value of Water Campaign; Association of Equipment Manufacturers; Airports Council International-North America; and Build Together.\n\nJoe Biden has proposed a $1.3 trillion plan to rebuild roads, bridges and highways and promote a high-speed rail system Photo: Mikayla Whitmore for The Wall Street Journal\n\nWrite to Ken Thomas at ken.thomas@wsj.com",
    "published": "2020-02-16"
  },
  {
    "source": "WSJ",
    "title": "When Your Home Is Also a Museum",
    "summary": "People who live in historic homes can make money off the properties, if they can handle the visitors",
    "link": "https://www.wsj.com/articles/when-your-home-is-also-a-museum-11581865201?mod=Searchresults_pos4&page=6",
    "content": "Imagine you have a historic house that people find intriguing. Strangers slow down when they drive by it. Many even ring the bell, wanting to come in and look around.\n\nWhat do you do? And more specifically, how do you make money from it?\n\nThe simplest option: In return for a tax deduction, owners of a historic home can enter a legal covenant that prevents them and future owners from significant alterations that might affect the home’s historic character.\n\nAddison and Sue Thompson turned the Tuckahoe Plantation in Richmond, Va., into a business in 1979. Photo: Parker Michels-Boyce for The Wall Street Journal\n\nBut some homeowners go further. Many states and the federal government also provide tax credits for significant restorations to the property when the owners continue to live in it and use it to generate income. In these instances, people turn their historic properties into for-profit businesses, selling tours, hosting events and even film shoots—all while still living in their homes.\n\nRoughly 10,000 visitors a year visit Tuckahoe Plantation, a 568-acre historical landmark near Richmond, Va., where the family of Thomas Jefferson once lived when the author of the Declaration of Independence was a boy, and where the home’s current owners, Addison and Sue Thompson , have lived since the 1970s.\n\n“I live here with my wife, and I raised my four children here,” says the 72-year-old Mr. Thompson. The couple keeps part of the early-18th-century mansion for themselves, from which they manage a business that sells tours of the property as well as access for events and film shoots. A number of buildings and features original to the plantation still exist, including a one-room schoolhouse where Jefferson attended classes. Tours of the estate and the website, tuckahoeplantation.com, also focus on the fact that generations of slaves were used to grow tobacco and wheat and raise livestock at Tuckahoe.\n\nAddison Thompson answers questions from tour groups in the great hall at Tuckahoe Plantation, where Thomas Jefferson once lived. Photo: Parker Michels-Boyce for The Wall Street Journal\n\nTuckahoe made it on the National Register of Historic Places in 1979, the same year the Thompsons turned the property into a business. The upkeep is costly, at around $10,000 a month. But revenue from the tours (at $10 a person for the house tour), events and filming averages $20,000 a month, Mr. Thompson says, so the estate largely pays for itself.\n\nBecause the business is for-profit, the Thompsons are not required to keep a clearly separate private living space for themselves. They do so anyway, to avoid constantly having to tidy up for visitors, guests and clients, Mr. Thompson says. They have private bedrooms on the second floor of the mansion’s south wing, and years ago they finished the basement to include a kitchen, bathroom, laundry, family room and storage area.\n\nThe lack of privacy, Mr. Thompson says, was at times “kind of weird.” As parents they told their children not to talk to strangers, he says, “but then they were often surrounded by strangers.”\n\nAdvertisement\n\nHistorically Significant Estates You Can Visit These landmarks have housed the rich and powerful or are architectural icons in their own right. 1 of 10 The Hearst Castle in San Simeon, Calif., was built by publishing tycoon William Randolph Hearst. Joe Johnston/The Tribune/Associated Press 1 of 10 The Hearst Castle in San Simeon, Calif., was built by publishing tycoon William Randolph Hearst. Joe Johnston/The Tribune/Associated Press 1\n\n2\n\n3\n\n4\n\n5\n\n6\n\n7\n\n8\n\n9\n\n10\n\nThere have been other downsides. Two family heirlooms, an 18th century musket and a silver candlestick, disappeared from the mansion during a TV filming, Mr. Thompson says.\n\nMrs. Thompson, who is 70, says living on the plantation has been “a fascinating challenge,” some of which results from the property’s legacy as a slave plantation. Mrs. Thompson says that a few years ago, some protesters painted the words “No Profits from Slavery” on the road sign to the plantation. “You can understand their feelings,” she says. “We try to be sensitive.”\n\nThousands of properties across the U.S. have been designated as historic by federal or state government, and for many different reasons. A famous person might have lived in or designed a home. It could be a place where something important happened, or exemplary of an interesting time in history.\n\nTours of the Tuckahoe Plantation include a one-room schoolhouse where Thomas Jefferson attended classes. Photo: Parker Michels-Boyce for The Wall Street Journal\n\nThe first step to obtaining official historic status is to apply to one’s state historic-preservation office. The application itself is free, but most homeowners hire historical consultants who help assemble evidence, including photographs, documents and other information, anything that could help support the application. Such services can cost from $ 3,000 to $30,000, based on the size of the property and the quantity of research.\n\nThe state offices evaluate each application with help from architects, historians and others. If state approval is granted, the National Parks Service examines the application next for possible inclusion in the National Register of Historic Places, a privately funded and independent nonprofit. The entire process can take from one to five years.\n\nWhen properties in the National Register produce income, as Tuckahoe does, the owners become eligible for state and federal tax credits when they complete substantial restoration projects. The Federal Historic Preservation Tax Incentives Program provides a 20% federal tax credit to property owners for money spent on substantial rehabilitation of a historic building in a commercial or other income-producing use, while maintaining its historic character.\n\nAdvertisement\n\nThe Thompsons, who have completed various renovations at Tuckahoe over the years, estimate that when their latest project is finished—replacing the cedar-shake roofs on several of the outbuildings—they will have received about $750,000 in total from federal and state tax credits.\n\nThe Tuckahoe Plantation, which is on the National Register of Historic Places, receives roughly 10,000 visitors per year. Photo: Parker Michels-Boyce for The Wall Street Journal\n\nRenovations can be tricky on a historic property, because everything has to be in keeping with the original period. Kim Siegrist , 53, and her husband, Roger Siegrist , 57, of Statesville, N.C., knew this when they bought the 1877 J.C. Steele House in 2016 for $120,000. The home’s original owner, James Columbus Steele, founded J.C. Steele & Sons, a company still active today in the building-materials industry. Both house and street are part of the Academy Hill Historic District and are on the National Register. The Siegrists decided to turn the property into an inn anyway.\n\nThey have spent about $450,000 so far, on electrical, plumbing, roofing and other improvements. The couple hasn’t applied for state or federal historic tax credits yet, in part because not all of the work is finished, says Ms. Siegrist, who adds that she is not looking forward to “all that paperwork.”\n\nMeanwhile, the building’s historical designation is stopping them from doing other work they would like to do. “The kitchen isn’t what I would want, but we can’t add on or build out,” she says, “because that would change the historical look and nature of the house.”\n\nAdvertisement\n\nThey haven’t even started on the third floor, where someday they would like to have their bedroom. In the meantime, they sleep in a room on the second floor which serves as the groomsmen’s changing room each time the inn hosts a wedding.\n\nMichael Solari says significant alterations were made to the interior and exterior of the Stetson Mansion, maintaining its 19th century look ‘as best as possible.’ Photo: Jacob M. Langston for The Wall Street Journal\n\nPersonal and financial flexibility are requirements for anyone who would open up their historic home as a business. In 2005, renovations were going to cost a fortune for Michael Solari and J.T. Thompson , who paid $585,000 for the 1886 winter retreat of hat maker and philanthropist John B. Stetson in Deland, Fla.\n\nThe nine-bedroom Stetson Mansion, on the National Register since the 1970s, needed new wiring, plumbing, floors and roof, among other things. The new owners were able to slash their expenses, however, by contracting with makers of building and home-improvement products to receive materials free in exchange for displaying the finished house to the public for two months as a showcase for the products. The two men ended up paying only for the labor.\n\nSignificant alterations were made to the interior and exterior of the mansion, maintaining the look of the 19th century “as best as possible” Mr. Solari says.\n\nAdvertisement\n\nPhotos: Jacob M. Langston for The Wall Street Journal\n\nAfterward, the showcase was such a success that people kept calling to see the house. So, in 2009, Messrs. Solari and Thompson, who are both in their mid-50s, started selling tickets. Today, it costs $22 for a limited tour or $30 to see the whole house, which also can be rented for private events, including weddings and parties.\n\nLast year, some 16,000 visitors generated more than $400,000 in revenue, Mr. Solari says. Annual operating costs for the house, he says: $40,000.\n\nWith all of the house on the tour, Mr. Solari says he and Mr. Thompson put away their clothes and clean the bathroom every morning to get ready. “People open our closets, open our drawers,” he says. “I’ve told a few people, ‘If you take out my clothes, you have to refold them and put them back.’ ”\n\nMr. Grant is a writer in Amherst, Mass. He can be reached at reports@wsj.com.\n\nShare Your Thoughts If you were asked to turn your home into a museum, what would the theme be? Join the conversation below.",
    "published": "2020-02-16"
  },
  {
    "source": "WSJ",
    "title": "Game Plan: A Musician/Podcaster Starts Thinking About Retirement",
    "summary": "John Roderick made $85,000 last year on his podcasts; a financial adviser suggests he set some goals",
    "link": "https://www.wsj.com/articles/game-plan-a-musician-podcaster-starts-thinking-about-retirement-11581994861?mod=Searchresults_pos16&page=6",
    "content": "John Roderick has worked for himself his entire career, doing things many people dream about, like writing songs, playing in rock bands and hosting podcasts. Recently, the 51-year-old, who lives in Seattle, has begun to think seriously about retirement.\n\n“I am not planning to retire at 60, but doing five podcasts a week when I am 79 years old seems like a drag,” he says.\n\nMr. Roderick, who has an 8-year-old daughter, plays guitar, sings and composes for bands including the Long Winters. Last year, for the first time, he made more money from his podcasts than he did from music.\n\n“I gave myself a day job,” he says of his current four podcasts. The longest-running, “Roderick on the Line,” is a weekly, unscripted, one-hour conversation he started 10 years ago with Merlin Mann, a writer and Long Winters fan. Topics discussed on the others, recorded at least once a week, include life after the apocalypse and the cultural significance of war movies.\n\nMr. Roderick says he earned about $85,000 from podcasts last year. With more ads and listener contributions, he thinks he could make $150,000 this year. Record sales and royalties brought in almost $40,000. He also made $15,000 from public appearances. One of his more notable gigs included a turn as King Neptune at Seattle’s Seafair in 2017.\n\nMr. Roderick sold his home last year for $700,000, walking away with $400,000 in cash. He purchased another house for $600,000, putting about $180,000 into the property and taking out a mortgage of about $420,000 with an interest rate of 3.5%. That mortgage is his only debt, he says.\n\nHe would like to invest the remaining $220,000 in a retirement account. He isn’t saving regularly. He also is considering investing in a rental property to earn passive income.\n\nMr. Roderick estimates his monthly expenses as follows: $2,310 for the mortgage; $2,362 for business expenses such as studio rentals and musical equipment; roughly $2,000 on groceries, restaurants and personal expenses; $800 for child support; $633 for health insurance and copays; $179 for utilities; and about $65 for gas and other vehicle-related costs.\n\nAdvice from a pro:\n\nJulie Virta, a senior financial adviser at Vanguard Personal Advisor Services, suggests Mr. Roderick first decide when he wants to retire and how much money he would need to live comfortably. He also should identify other financial goals, such as saving for his daughter’s education.\n\nNext, he should save a fixed amount monthly. About $5,000 a month might be possible, if he earns $150,000 from podcasts and keeps his other income and expenses roughly the same. Tracking and reducing the amount he spends on personal items could help him save even more, Ms. Virta adds.\n\nMr. Roderick should use cash from his home sale to set up an emergency fund that covers about six months of expenses, about $50,000. He also should open a tax-deferred Simplified Employee Pension Individual Retirement Arrangement, or SEP IRA, and invest the maximum amount allowed for 2019 and 2020. For this year, she says, that is 25% of his income, or $57,000, whichever is less. An SEP will allow him greater contributions than traditional or Roth IRAs or Individual 401(k)s, Ms. Virta says. “He should confirm eligibility with his accountant…but as a self-employed person with earned income he should qualify.”\n\nMs. Virta says he should consider a 529 college-savings plan for his daughter, and contribute $15,000 right away if he decides that is the right move. With a 529, earnings grow tax-free and won’t be taxed it they are used for qualified college expenses.\n\nWith the rest of his available cash from the home sale, he should invest in a mix of stocks, bonds and cash in a taxable brokerage account to which he should contribute monthly, ideally via direct deposit.\n\nFor Mr. Roderick, funding an investment account is preferable to buying a rental property, which would make him less liquid and incur more debt. Liquidity is important for him, she says, since his annual income fluctuates. Ms. Virta also recommends he look into buying life insurance to support his daughter should anything happen to him before she is fully grown.\n\n“If he sets clear financial goals and monitors his cash flow,” says Ms. Virta, “he should be in good shape.”\n\nMs. Ward is a writer in Mendham, N.J. She can be reached at reports@wsj.com.",
    "published": "2020-02-16"
  },
  {
    "source": "WSJ",
    "title": "What ‘Rothifying’ 401(k)s Would Mean for Retirees",
    "summary": "Research shows that moving 401(k)s to after-tax contributions would boost tax returns in the short term, but leave retirees worse off",
    "link": "https://www.wsj.com/articles/what-rothifying-401-k-s-would-mean-for-retirees-11581994920?mod=Searchresults_pos9&page=7",
    "content": "There’s a lot of talk these days about overhauling the retirement-savings system. In Washington, much of the discussion centers on ways to give an immediate boost to government revenues by limiting retirement tax breaks.\n\nOne idea that gets discussed is to repeal the current structure of pretax contributions to retirement accounts in favor of a system where contributions would come only from after-tax income—as contributions to Roth IRAs do now. It’s an idea, called Rothification, that has been championed at times in the past. But it could be given new life by the government’s current enormous need for revenue to plug budget gaps and rein in the nation’s debt.\n\nGiven that possibility, we wanted to ask the question: How would such a system affect workers saving for retirement? The short answer: poorly.\n\nTo explain, let’s be clearer about what the change would entail. Right now, most U.S. savers contribute to retirement accounts with money that’s deducted from their taxable income, and pay taxes on those accounts only when the money is paid out in retirement. The rationale for this approach to saving in 401(k), 403(b) and individual retirement accounts is that the tax protection those accounts provide gives employees an incentive to set aside money for their golden years. The assets in defined-contribution plans and IRAs hit $18.3 trillion as of the third quarter of 2019, according to the Investment Company Institute.\n\nSo why does this system need an overhaul?\n\nFor one thing, the federal deficit has ballooned to more than $1 trillion in the current fiscal year, while the federal debt has hit $23 trillion, according to the U.S. Treasury. And we have an additional $43 trillion in Social Security underfunding, according to the 2019 report of the Social Security and Medicare trustees. Amid this tsunami of government red ink, the Treasury estimates it will forgo $2.4 trillion in tax revenue on the nation’s tax-deferred retirement savings over the next decade.\n\nUnder Rothification, retirement contributions would come from after-tax income and savers would pay no additional income tax on investment returns or on withdrawals in retirement. Instead of the Treasury delaying the collection of substantial tax revenue until retirees withdraw money from their accounts, it would get its money now.\n\nOne thing is clear: The new system would impose different tax burdens on low-paid workers and higher-wage workers. During their working lives, the lack of a tax deferment for retirement savings would result in a bigger tax hit for workers in higher tax brackets than for those who make less. But in retirement, higher-paid workers would benefit more on the tax front, since they tend to make larger withdrawals from retirement accounts.\n\nA Rothified Retirement?\n\nA recent study looked at how 401(k) assets, taxes and Social Security claims could be affected under a 401(k) plan based on after-tax contributions, compared with the long-established pretax-contribution system.\n\nAverage 401(k)-plan assets* Assuming a 1% annual return 401(k) contributions made pretax $200 thousand 401(k) contributions made after-tax Assuming a 3% annual return 401(k) contributions made pretax 401(k) contributions made after-tax 150 100 50 0 30 - 39 40 - 49 50 - 59 60 - 69 70 - 79 80 - 89 90 - 99 AGE Average annual tax payments*† How average tax payments per individual could look over a life cycle under the long-established pretax-contribution system compared with an after-tax-contribution approach` $12 thousand 10 401(k) with pretax contributions 8 401(k) with after-tax contributions 6 4 2 0 25 30 40 50 60 70 80 90 100 AGE Social Security Claims How an after-tax 401(k) plan could affect the average age for claiming Social Security benefits, by gender Female Male 50 % 50 % Pretax-contribution 401(k) Pretax-contribution 401(k) After-tax-contribution 401(k) After-tax-contribution 401(k) 40 40 30 30 Average claim age Average claim age 64.1 65.2 65.6 64.5 20 20 10 10 0 0 62 63 64 65 66 67 68 69 70 62 63 64 65 66 67 68 69 70 AGE AGE Average 401(k)-plan assets* Assuming a 1% annual return 401(k) contributions made pretax $200 thousand 401(k) contributions made after-tax Assuming a 3% annual return 401(k) contributions made pretax 401(k) contributions made after-tax 150 100 50 0 30 - 39 40 - 49 50 - 59 60 - 69 70 - 79 80 - 89 90 - 99 AGE Average annual tax payments*† How average tax payments per individual could look over a life cycle under the long-established pretax-contribution system compared with an after-tax-contribution approach` $12 thousand 10 8 401(k) with pretax contributions 6 401(k) with after-tax contributions 4 2 0 25 30 40 50 60 70 80 90 100 AGE Social Security Claims How an after-tax 401(k) plan could affect the average age for claiming Social Security benefits, by gender Female Male 50 % 50 % Pretax-contribution 401(k) Pretax-contribution 401(k) After-tax-contribution 401(k) After-tax-contribution 401(k) 40 40 30 30 Average claim age Average claim age 64.1 65.2 65.6 64.5 20 20 10 10 0 0 62 63 64 65 66 67 68 69 70 62 63 64 65 66 67 68 69 70 AGE AGE Average 401(k)-plan assets* Assuming a 3% annual return Assuming a 1% annual return 401(k) contributions made pretax 401(k) contributions made pretax 401(k) contributions made after-tax 401(k) contributions made after-tax $200 thousand 150 100 50 0 30 - 39 40 - 49 50 - 59 60 - 69 70 - 79 80 - 89 90 - 99 AGE Average annual tax payments*† How average tax payments per individual could look over a life cycle under the long-established pretax-contribution system compared with an after-tax-contribution approach` $12 thousand 10 401(k) with pretax contributions 8 6 401(k) with after-tax contributions 4 2 0 25 30 40 50 60 70 80 90 100 AGE Social Security Claims How an after-tax 401(k) plan could affect the average age for claiming Social Security benefits, by gender Female Male 50 % 50 % Pretax-contribution 401(k) Pretax-contribution 401(k) After-tax-contribution 401(k) After-tax-contribution 401(k) 40 40 30 30 Average claim age Average claim age 64.1 65.2 65.6 64.5 20 20 10 10 0 0 62 63 64 65 66 67 68 69 70 62 63 64 65 66 67 68 69 70 AGE AGE Average 401(k)-plan assets* Assuming a 1% annual return 401(k) contributions made pretax 401(k) contributions made after-tax Assuming a 3% annual return 401(k) contributions made pretax 401(k) contributions made after-tax $200 thousand 150 100 50 0 30 - 39 50 - 59 70 - 79 90 - 99 40 - 49 60 - 69 80 - 89 AGE Average annual tax payments*† How average tax payments per individual could look over a life cycle under the long-established pretax-contribution system compared with an after-tax-contribution approach` $12 thousand 10 401(k) with pretax contributions 8 6 401(k) with after-tax contributions 4 2 0 25 30 40 50 60 70 80 90 100 AGE Social Security Claims How an after-tax 401(k) plan could affect the average age for claiming Social Security benefits, by gender Female 50 % Pretax-contribution 401(k) After-tax-contribution 401(k) 40 30 Average claim age 64.1 65.2 20 10 0 62 63 64 65 66 67 68 69 70 AGE Male 50 % Pretax-contribution 401(k) After-tax-contribution 401(k) 40 30 Average claim age 65.6 64.5 20 10 0 62 63 64 65 66 67 68 69 70 AGE\n\nBeyond those effects, there is little evidence from experience to help us predict how Rothification could affect workers. So we’ve built a detailed economic model to help us understand the potential impacts of such a reform. Here’s what the model predicts:\n\n• In the Roth world, people’s lifetime work hours would decline slightly. That’s because contributions to retirement accounts wouldn’t reduce income taxes, so after-tax salaries would be lower. That would prompt some people to work more to make up for the lost income, but our research suggests that more people would work less because their time at work would be less valuable.\n\n• Under a Roth regime, workers would claim Social Security benefits a year later on average. Currently, since retirees pay income taxes on their 401(k) withdrawals, withdrawing more in order to delay claiming Social Security benefits and ultimately receive a higher payout from the government must be weighed against those taxes. This trade-off has to account for the fact that only a portion of Social Security benefits are included in taxable income—up to half could be tax-free.\n\nShare Your Thoughts How have you decided whether and when to use after-tax Roth retirement savings accounts instead of tax-deferred 401(k)s and IRAs? Join the conversation below.\n\nBut such complex tax considerations would become irrelevant under a Roth regime, since withdrawals wouldn’t be taxed. Workers would be more likely to defer their Social Security benefits to boost the amount—especially higher-paid workers, who would have more in their retirement accounts to cover their expenses while waiting to take Social Security.\n\n• Over their lifetimes, workers would accumulate one-third less in their 401(k)s under a Roth system. This is because, with no tax advantage from contributing to a 401(k), workers would save less and those lower contributions would earn less over the years.\n\n• Lifetime tax revenue generated by the average worker under a Roth regime would fall 6% to 10%, compared with the current regime. This is because people contribute and accumulate much more in their retirement accounts currently than they would under Rothification. The taxes collected on withdrawals of that money exceed the amount of additional income taxes that would be collected during people’s working lives under Rothification.\n\nBottom line: Switching to a system where contributions to retirement accounts are made only with after-tax money would boost tax revenue in the near term, but not as much as it would reduce it in the longer term. And it would leave retirees worse off.\n\nDr. Mitchell is a professor of business economics/policy and director of the Pension Research Council at the Wharton School of the University of Pennsylvania. Dr. Maurer is a professor of finance at Goethe University of Frankfurt. They can be reached at reports@wsj.com.",
    "published": "2020-02-16"
  }
]