[
  {
    "source": "WSJ",
    "title": "Newsletter: Why It’s the Perfect Time for Governments to Splurge",
    "summary": "This is the web version of the WSJ’s newsletter on the economy. You can sign up for daily delivery here.",
    "link": "https://www.wsj.com/articles/newsletter-why-its-the-perfect-time-for-governments-to-splurge-01583322037?mod=Searchresults_pos12&page=14",
    "content": "This is the web version of the WSJ’s newsletter on the economy. You can sign up for daily delivery here.\n\nThe Fed made an emergency rate cut, the 10-year Treasury dipped below 1% for the first time, and for some U.S. cities a downturn has already arrived. Good morning. Jeff Sparshott here with the latest on the economy.\n\nEmergency!\n\nThe Federal Reserve executed an emergency half-percentage-point rate cut and markets slid, reflecting fears the coronavirus epidemic is raising recession risks, Nick Timiraos reports.\n\nThe Fed reduced the federal-funds rate to a range between 1% and 1.25% in the first rate change in between scheduled Fed policy meetings since the 2008 financial crisis. Stock markets fell anyway and the yield on the benchmark 10-year U.S. Treasury dipped below 1% for the first time as investors sought havens.\n\nto a range between 1% and 1.25% in the first rate change in between scheduled Fed policy meetings since the 2008 financial crisis. Stock markets fell anyway and the yield on the benchmark 10-year U.S. Treasury dipped below 1% for the first time as investors sought havens. The central bank has typically reserved such moves for times when the economic outlook has quickly darkened, as in early 2001 and early 2008, when the U.S. economy was heading into recession.\n\nsuch moves for times when the economic outlook has quickly darkened, as in early 2001 and early 2008, when the U.S. economy was heading into recession. The market’s response showed the extent to which investors worry the central bank can’t on its own prevent a dropoff in confidence and spending.\n\nWHAT TO WATCH TODAY\n\nThe ADP employment report for February is expected to show a net gain of 155,000 jobs. (8:15 a.m. ET)\n\nInternational Monetary Fund Managing Director Kristalina Georgieva and World Bank President David Malpass hold a joint press briefing on the coronavirus at 9 a.m. ET.\n\nIHS Markit's U.S. services index for February is expected to be unchanged from a preliminary reading of 49.4. (9:45 a.m. ET)\n\nThe Institute for Supply Management's nonmanufacturing index for February is expected to slip to 55.0 from 55.5 a month earlier. (10 a.m. Et)\n\nThe Bank of Canada releases an interest-rate announcement at 10 a.m. ET.\n\nTreasury Secretary Steven Mnuchin appears before the House Appropriations Committee to discuss his department's budget request for fiscal 2021 at 10 a.m. ET.\n\nThe Federal Reserve releases its beige book report on U.S. economic conditions at 2 p.m. ET.\n\nSt. Louis Fed President James Bullard speaks on the economy and monetary policy at 5 p.m. ET.\n\nThe White House coronavirus task force holds a press briefing at 5:30 p.m. ET.\n\nTOP STORIES\n\nA Misplaced Faith in the Power of Central Banks\n\nYes, the Fed cut rates. But the central bank cannot save the U.S. economy from the coronavirus. First, it can’t restart factories that are missing parts as the virus disrupts supply chains, nor can it persuade worried vacationers to fly. Second, and potentially more important, central banks are losing their grip on the business cycle: The Fed had little interest-rate ammunition with which to boost growth even before Tuesday’s cut. The good news is that the same factors that make monetary policy less potent make fiscal policy even more so. With investors rushing to buy government bonds and driving yields down, the U.S. and other rich governments can borrow all they need to fight the virus and recession risk without fear of driving up rates, Greg Ip writes.\n\nThe Fed wasn't alone. Australia and Malaysia also cut rates, Group of Seven nations said they were ready to take action and U.S. Treasury Secretary Steven Mnuchin said the administration looked forward to an emergency funding package from Congress.\n\nPresident Trump: \"I like middle-income tax cuts. I think it would be a good time. If the Democrats would approve it, I’d go along with it.\"\n\nThe Trump administration is considering using a national disaster program to pay hospitals and doctors for the care of uninsured people infected with the new coronavirus as concerns rise over costs of treating Americans without health coverage, Stephanie Armour reports.\n\nThe 33.6 million U.S. workers with no access to sick leave would face a dilemma should they become ill during the coronavirus epidemic: stay at home and see paychecks shrink, or go to work and create health risks. Unlike many industrialized countries, U.S. workers aren’t guaranteed pay when they take off from work due to an illness. Economists and labor experts say that poses challenges—many workers can't afford not to go to work, and many of the jobs they hold, such as food preparation or retail services, also have a high level of contact with the public. Missing a paycheck could drive many households deep into the red, Harriet Torry and Eric Morath report.\n\nChina’s workers are suffering layoffs, slashed pay and shutdowns. More job cuts could further depress consumer spending and weaken an economy that is already projected to slow significantly or contract in the first quarter. Although companies are pushing to restart factories and ramp up business as fast as possible, quarantines and other government restrictions have made it hard to do so. As of late February, only 30% of China’s small and medium-size companies had returned to normal operations, Stella Yifan Xie reports.\n\nWorld-wide, major conferences and trade shows are getting canceled or postponed at historic rates as the novel coronavirus leads companies to curtail nonessential trips and virus-hit countries restrict travel, leaving organizers with little choice but to call off international gatherings planned for months. From Beijing to San Francisco to Geneva, the cancellations added up to millions of lost visits and tens of millions of dollars in lost revenue for local economies, Collin Eaton, Rebecca Elliott and Elizabeth Findell report.\n\nFollow the WSJ's live coronavirus coverage here.\n\nMy City Was Gone\n\nFor a growing number of U.S. cities, the downturn has already arrived. The boom in such metropolitan areas as Denver, Salt Lake City and Nashville is masking fiscal weakness in cities tied to manufacturing and other shrinking industries. Some losses stem from the shifting global economy and disruptions from the U.S.-China trade war. Fallout from the coronavirus disease on the U.S. economy and city budgets is another potential setback, Heather Gillers reports.\n\nTWEET OF THE DAY\n\nHonestly the Fed can't save the day here with rate cuts. We are going to need a competent and coordinated response from public health and fiscal policy. Lack of information is not helping firms and households form expectations and make plans.\n\n— Dr Julia Coronado (@jc_econ) March 3, 2020\n\nWHAT ELSE WE’RE READING\n\nJapan is hoarding toilet paper because of coronavirus worries. \"By last weekend, with shops across Japan sold out of the precious tissue and Prime Minister Shinzo Abe preaching against panic, TV news shows collated more ominous signage from around the country—some snarling that in-lavatory larceny would bring a police response, others closing their restrooms altogether, defeated by the crime spree. But it was the images that appeared on Monday, of toilet paper rolls bound to their dispensers with bicycle locks, that finally told a nation that Japan had descended into Lord of the Flies-style depravity,\" Leo Lewis writes in the Financial Times.\n\nSIGN UP FOR OUR CALENDAR\n\nReal Time Economics has launched a downloadable calendar with concise previews, forecasts and analysis of major U.S. data releases. To add to your calendar, please click here.",
    "published": "2020-03-04"
  },
  {
    "source": "WSJ",
    "title": "Elliott Reaches Truce in Long Battle Over Hong Kong Bank",
    "summary": "Bank of East Asia is assessing whether it can sell assets or otherwise improve its business",
    "link": "https://www.wsj.com/articles/bank-of-east-asia-relents-under-elliott-managements-pressure-11583324614?mod=Searchresults_pos8&page=8",
    "content": "Paul Singer’s Elliott Management will apply to a Hong Kong court to pause a case against the Bank of East Asia.\n\nYears of conflict in Hong Kong is finally starting to bear fruit for Elliott Management Corp.\n\nThe city’s last major family-backed lender, The Bank of East Asia Ltd., 23 -1.25 %decrease; red down pointing triangle on Wednesday called a truce to a long battle with the U.S. hedge-fund manager, saying it had hired bankers to help assess whether it could sell assets or otherwise improve its business.\n\nElliott said it supports the move. The New York-based investment firm started acquiring the bank’s shares in 2010 and is its fourth-largest shareholder with an 8% stake. It first called for the lender to be put up for sale in 2016.\n\nThe clash with tycoon David Li , the pillar of the Hong Kong establishment who is the bank’s executive chairman, is one of several fights Elliott has picked with business dynasties and entrepreneurs in Asia. It has also butted heads with two of South Korea’s largest business groups, Samsung and Hyundai Motor Group 005380 -2.98 %decrease; red down pointing triangle , and has recently launched a campaign at Japan’s SoftBank Group Corp. 9984 -3.84 %decrease; red down pointing triangle\n\nElliott, founded by billionaire Paul Singer , will apply to a Hong Kong court to pause a case that was due to go to trial in May. The looming courtroom showdown prompted the two sides to pursue constructive dialogue, according to a person familiar with the matter.\n\nElliott filed a lawsuit in July 2016 over Bank of East Asia’s nearly-$1 billion private share sale to one of its shareholders, Japan’s Sumitomo Mitsui Banking Corp, which it said entrenched the Li family’s interest and reduced the possibility of a successful takeover. Bank of East Asia said the placement was done to bolster its capital cushion.\n\n“A temporary cease-fire has broken out,” said David Webb , a corporate-governance activist in Hong Kong. But he said investors shouldn’t get their hopes up, pointing to what he saw as shortcomings with the board.\n\nBank of East Asia’s share price closed 5.5% higher at HK$17.6 on Wednesday, giving it a market value of about HK$48.5 billion (US$6.2 billion) according to FactSet.\n\nThe 101-year-old Bank of East Asia is the last major lender in Hong Kong still under family control, after many smaller rivals were snapped up by acquirers such as mainland Chinese firms over the years.\n\nIt faces fierce competition in Hong Kong from larger competitors HSBC Holdings PLC, Standard Chartered PLC and Bank of China (Hong Kong) Ltd. In mainland China, it has built a branch network second only to HBSC among non-mainland banks, but bad loans have proliferated. The bank reported the lowest profits for 2019 in a decade, due mainly to losses in its mainland operations.\n\nHong Kong has been caught in the crossfire of the U.S.-China trade war, with social unrest and the coronavirus epidemic posing further challenges to the business environment. The city slipped into recession in 2019 for the first time in a decade.\n\nIn May last year, David Li handed over the role of chief executive to his two sons, Adrian and Brian, who are considered more amenable to the changes at the bank, according to people familiar with the bank.\n\nBank of East Asia said the review aimed at identifying “potential strategic transactions which would enhance the value of the bank’s existing businesses and assets, as well as strategic alternatives for potentially noncore assets.” It said it would work with Goldman Sachs, and would provide an update by June 30.\n\nWrite to Jing Yang at Jing.Yang@wsj.com",
    "published": "2020-03-04"
  },
  {
    "source": "WSJ",
    "title": "The Coronavirus ‘Stimulus’",
    "summary": "The markets aren’t impressed by the Fed or a payroll-tax cut.",
    "link": "https://www.wsj.com/articles/the-coronavirus-stimulus-11583282020?mod=Searchresults_pos4&page=13",
    "content": "The Federal Reserve has become the default doctor for whatever ails the U.S. economy, and on Tuesday the financial physician applied what it hopes will be monetary balm for the economic damage from the coronavirus. Financial markets were underwhelmed after the big rally on Monday, which may speak to the limited effect that lower interest rates can have on the supply shock of a pandemic.\n\nThe unanimous decision by the Federal Open Market Committee to cut the fed funds rate by 50 basis points to 1%-1.25% was at least bold. Perhaps more significant, the Fed also cut the rate it pays on excess reserves that banks park at the central bank by 50 basis points to 1.1%. This gives banks more of an incentive to put reserves to work in the real economy.\n\nThe theory behind the rate cut appears to be that aggressive action is the best way to send a strong message of economic insurance. Perhaps this will help consumers—whose spending has kept the economy growing despite weak business investment—maintain confidence in the expansion. Other central banks are also likely to follow the Fed’s lead.\n\nWill this make much of an economic difference? Count us skeptical. Financial conditions weren’t tight even with a flight to the safety of U.S. Treasurys. The fall in the 10-year note to a historic low of 1% and the recent correction in stocks reflect the expectations of slower growth and thus lower corporate earnings.\n\nBut this relates mainly to the damage to global supply chains and expected limits on travel and commerce as the world tries to mitigate the rates of infection. Nobody is going to take that flight to Tokyo because the Fed is suddenly paying less on excess reserves.\n\nThe other concern is whether the Fed will have the nerve to raise rates again if the pandemic damage turns out to be less than feared. That won’t be easy in an election year, and November is still eight months away. President Trump on Tuesday tweeted a demand that the Fed do more even after its 50-point cut.\n\nThe Fed’s great mistake after 9/11 was that it kept rates at or near 1% for far too long even after the 2003 tax cut had the economy humming. The seeds of the housing boom and bust were sown. The housing market has begun to take off again in recent months, and in the near term that will help cushion the economy during the coronavirus panic. The trick will be not letting it get carried away into another national price spiral.\n\nThis being an election year, the political class is also starting to demand more fiscal “stimulus.” Mr. Trump tweeted approval for a payroll-tax cut for workers, while Elizabeth Warren bid higher, as she always does, for a $400 billion spending bill. It’s only a matter of time before Bernie Sanders raises her, and we start hearing about the fabled “Keynesian multiplier” when $1 in new spending yields $1.70 in economic benefit. If Mr. Trump falls for that, he’d be embracing Joe Bidenomics.\n\nWe tried the temporary payroll-tax cut idea in the slow growth Obama era, reducing the worker portion of the levy to 4.2% from 6.2% of salary. It took effect in January 2011, but the unemployment rate stayed above 9% for most of the rest of that year.\n\nTemporary tax cuts put more money in peoples’ pockets and can give a short-term lift to the GDP statistics. But the growth effect quickly vanishes because it doesn’t permanently change the incentive to save and invest. Workers understand their financial circumstances haven’t fundamentally changed and act accordingly.\n\nThe main redeeming quality of a payroll-tax cut is that it isn’t new spending and might offer a refuge for politicians who feel they need to “do something” in an election year. But unless it is permanent, it won’t be a stimulus for the economy—and probably not for the election.\n\nPartisanship isn't making it easier for the government to respond to the threat of a COVID-19 outbreak in the U.S. Image: Getty Images/Composite: Brad Howard",
    "published": "2020-03-04"
  },
  {
    "source": "WSJ",
    "title": "New York Condo Developers Have 31,000 Reasons to Smile",
    "summary": "The world produced approximately 31,000 ultra-wealthy individuals—or those with a net worth of $30 million or more—in 2019",
    "link": "https://www.wsj.com/articles/new-york-condo-developers-have-31-000-reasons-to-smile-11583316060?mod=Searchresults_pos8&page=20",
    "content": "This four-bedroom spread at the Pierre Hotel in New York is asking $65 million.\n\nNew York City condo developers are facing a supply overhang and tax changes resulting in greater costs for buyers. But there is one bright spot: an uptick in the number of people around the world who can afford their seven-digit apartments.\n\nApproximately 31,000 ultra-high-net-worth people were minted in 2019, an annual growth rate of 6% and more than three people per hour, according to a new report by U.K.-based real-estate firm Knight Frank and New York brokerage Douglas Elliman. The report defined ultra-high-net-worth individuals as people with a net worth of $30 million or more. The previous year saw a rate of just 4%.\n\nNorth America created the most of this cohort, adding 13,911 in 2019, compared with 4,682 in Europe. Asia also saw its population increase dramatically over the past year, adding 11,788 such individuals, according to the report.\n\nThe trend, identified in last year’s report, is set to continue. The number of ultra-high-net-worth individuals around the world is forecast to grow by about 27% in the next five years, according to the report. That means there will be about 650,000 people around the world with at least $30 million by 2024.\n\nCountries with the fastest-growing population of these individuals include India, which is slated to see a 73% increase by 2024, as well as Egypt, Vietnam and China.\n\nLuxury New York real-estate agent Leonard Steinberg of Compass said these are the kind of numbers that drive real-estate marketers in cities like New York. “The billionaire class is a small group of people and they’re exceedingly over exposed,” he said. “The lesser known rich don’t get nearly as much press. Real estate marketers are paying close attention to where they are.”\n\nThis three-bedroom apartment in Vancouver is asking about $1.7 million. Photo: Dexter Realty Canada\n\nA search of listings website StreetEasy shows that there are about 155 listings in Manhattan priced at $10 million or more, though those numbers don’t include all new development inventory.\n\nThe report also points to a shift in how ultra-high-net-worth individuals are spending their fortunes, said Liam Bailey, global head of research at Knight Frank. Amid concerns about a global economic slowdown, the very wealthy are shifting investing strategies in 2020, eschewing equities for private-equity investments, cash, gold and real estate.\n\nRoughly 43% of the respondents in the survey of 620 wealth advisers, who manage about $3.3 trillion on behalf of these individuals, said they would increase their real-estate exposure in 2020, the data shows. Meanwhile, roughly 38% said they planned to cut their allocations in equities.\n\nPredictions about small groups aren’t an exact science. Knight Frank also has an economic interest in selling high-end homes.\n\nFor buyers in Asia particularly, the U.S. is still the number-one destination for residential real estate outside their home countries, according to an attitudes survey cited in the report.\n\n“The appeal of holding a dollar-denominated asset in the world’s biggest economy is likely to increase on the back of 2019’s three rate cuts, with some buyers viewing the lull in the run up to the presidential election as a potential opportunity,” the report said.\n\nThis five-bedroom house near Frankfurt is on the market for about $1.8 million. Photo: Knight Frank\n\nHowever, it was cities in Europe and Asia that topped Knight Frank’s pricing index in 2019. Germany’s Frankfurt topped the list of fastest-growing cities in terms of real-estate prices, posting a 10.3% gain in 2019, thanks in part to rock-bottom interest rates. In Asia, the city of Taipei posted a gain of 8.9%.\n\nVancouver was the weakest performer, with a decline of 8.3%. Once a popular market with Chinese buyers, the market has been affected by a torrent of regulations since 2016, including a 20% foreign buyer tax.\n\nNew York also instituted mansion tax, which charges buyers a larger one-time tax payment at the time of closing. It increases incrementally with purchase prices of $2 million or more, topping out at 3.9% for properties sold for $25 million or more.\n\nWrite to Katherine Clarke at katherine.clarke@wsj.com",
    "published": "2020-03-04"
  },
  {
    "source": "WSJ",
    "title": "Fed Rate Cut Puts ECB in Hot Seat",
    "summary": "But after months trying to fan growth, Europe’s central bank is running out of instruments to counter the coronavirus fallout",
    "link": "https://www.wsj.com/articles/fed-rate-cut-puts-ecb-in-hot-seat-11583336949?mod=Searchresults_pos11&page=15",
    "content": "FRANKFURT—The Federal Reserve’s surprise rate cut this week puts the European Central Bank under pressure to act as the eurozone’s already lethargic economy creaks under the spreading coronavirus epidemic.\n\nThere is just one problem: The bank’s past efforts to stimulate growth means it doesn’t have enough ammunition left to match the U.S. measures. This comes on top of existing doubts about whether monetary policy is the right tool to tackle the fallout from the epidemic.\n\nThe outbreak is the first major test for Christine Lagarde , the recently appointed ECB president. An attorney, former French finance minister and former managing director of the International Monetary Fund, she has no prior central banking experience.\n\nOn Monday evening, with the number of coronavirus infections in Europe rising by the hour, Ms. Lagarde flew in from Paris to hold an emergency meeting of her executive board in Frankfurt. She and five senior officials discussed possible responses to the epidemic, which has shuttered and disrupted businesses in Italy and throughout the continent.\n\nThe outcome was a minimalist late-night statement, pledging to “stand ready to take appropriate and targeted measures, as necessary and commensurate with the underlying risks.”\n\nWhile central banks in Australia, Canada, China, Japan and the U.S. have already moved aggressively to support their economies, the ECB has so far held back, even though the bloc’s economy has been weak for a year. On Wednesday, a day after the Fed cut rates by 0.5 percentage points, eurozone finance ministers were discussing the region’s response to the crisis on a call that was joined by Ms. Lagarde.\n\nThe ECB has fewer obvious tools to combat any slowdown than the Fed. The ECB already cut its key interest rate to minus 0.5% last September to support the economy, and restarted a controversial program to purchase €20 billion ($22.3 billion) a month of eurozone government and corporate debt.\n\nBut the bank still has a broad toolbox compared with many of its peers. It could push negative interest rates further below zero—although that could put pressure on the region’s banks—and it is considering rolling out targeted loans for banks and businesses hit by the virus.\n\nGondoliers row along the Grand Canal in Venice. The continent’s travel industry has taken a substantial hit from the virus. Photo: Francisco Seco/Associated Press\n\nThe ECB, which is likely to announce its next policy steps at a news conference on March 12, could also step up the pace of its €2.6 trillion bond-buying program, which could help ease pressure on the region’s governments and companies, and support any fiscal stimulus.\n\nSome economists have questioned whether monetary policy is best suited to support an economy hit by an epidemic: When workers are staying at home, neither producing nor buying, there is little lower interest rates can do.\n\nECB officials would prefer eurozone governments to bear more of the burden of supporting the region’s economy. Germany and Italy have both announced small fiscal measures in recent days, such as subsidies and tax breaks for companies. But many eurozone governments already have high debt levels, Germany is philosophically opposed to deficit-financed spending, and—despite years of negotiations—there is still no central eurozone budget.\n\nFollowing a conference call Wednesday, eurozone finance ministers said they are willing to step up spending to support growth, and that the currency area’s budget rules give them the flexibility to do so.\n\n“We are prepared to take further policy action,” said Mário Centeno , who heads the Eurogroup of finance ministers. “This includes fiscal measures, where appropriate.”\n\nEuropean leaders are relatively constrained in part because they made little progress over recent years in building an arsenal of crisis-fighting tools, said Guntram Wolff , director of the Brussels think tank Bruegel.\n\nThe eurozone economy was flagging before the virus struck, buffeted by trade wars, geopolitical tensions and messy negotiations around the U.K.’s exit from the European Union. The virus is aggravating that slowdown, weighing on confidence and disrupting export-oriented businesses, especially in Italy and Germany, two large economies already scarred by international tensions around trade.\n\nThe Federal Reserve cut interest rates by half a percentage point Tuesday in an effort to stem the economic impact of the coronavirus. WSJ’s Justin Lahart explains why the central bank can support the economy in the fight against coronavirus but can’t lead it. Photo: Andrew Harrer/Bloomberg\n\nWorryingly, the virus is also hitting those areas of the economy that had held up relatively well last year, such as hospitality and travel.\n\nEconomists’ aren’t just concerned about the threat recession poses to the job market and public finances. Fears about the possible impact on the continent’s fragilized financial sector are even more acute.\n\n“Central banks are trying to make sure concerns around the virus outbreak don’t morph into second-round effects that cause a deterioration in financial conditions, on confidence in the financial sector,” and ricochet through the real economy, said Elga Bartsch , managing director for economic research at BlackRock.\n\nYet, Ms. Bartsch added, the ECB may be under less pressure than the Fed to act. Europe’s economy may be more resilient than the U.S. because of its rich social safety nets, which provide support to sick workers and the unemployed or subsidize companies whose staff only work part-time, she said. The U.S. economy is also more sensitive to swings in asset markets than Europe or Japan, partly because more Americans invest in stocks, she said.\n\nThe euro jumped against the dollar in recent days, partly reflecting diminishing expectations that the ECB will cut rates, analysts said.\n\nPart of investors’ difficulties in working out how the ECB will respond lies in Ms. Lagarde’s nonexistent monetary-policy record, said Stefan Gerlach, a former deputy governor of euro member Ireland’s central bank.\n\nMs. Lagarde has shed little light on her preferences. On the classic monetary policy spectrum between “hawks,” who consider low inflation their priority, and “doves,” who tend to focus on unemployment and economic growth, she said she considered herself an “owl.”\n\n“She’s the only ECB president who’s never worked in a central bank. That’s like being appointed pope but not being religious,” said Mr. Gerlach. “The real test was always going to come when the debate moved to real economics.”\n\nIncoming Bank of England Governor Andrew Bailey told U.K. lawmakers on Wednesday that governments and central banks would need to coordinate their policies to fight the virus—a move anticipated by some investors. So far, central banks have been moving separately: The Bank of Canada cut its key interest rate by 0.5 percentage points on Wednesday, echoing the Fed, a day after Australia’s Reserve Bank cut official interest rates to a record low of 0.5%.\n\nThis week, Ms. Lagarde spoke with eurozone and G-7 finance ministers, and convened at least three meetings of top ECB officials. A conference call on Tuesday evening assembled all 25 members of the ECB’s governing council, who include the heads of the region’s 19 national central banks. The officials discussed practical ways to prevent the spread of the virus, such as canceling conferences and limiting business trips, but they didn’t discuss monetary policy, according to a person familiar with the matter.\n\nAt her most recent public speech in London last Thursday, Ms. Lagarde spoke at length about climate change but didn’t mention the coronavirus at all.\n\n“Clearly it was a disappointment,” said Frederik Ducrozet , an economist with Pictet Wealth Management in Geneva.\n\nWrite to Tom Fairless at tom.fairless@wsj.com",
    "published": "2020-03-04"
  },
  {
    "source": "WSJ",
    "title": "Elliott Reaches Truce in Long Battle Over Hong Kong Bank",
    "summary": "Bank of East Asia is assessing whether it can sell assets or otherwise improve its business",
    "link": "https://www.wsj.com/articles/bank-of-east-asia-relents-under-elliott-managements-pressure-11583324614?mod=Searchresults_pos8&page=8",
    "content": "Paul Singer’s Elliott Management will apply to a Hong Kong court to pause a case against the Bank of East Asia.\n\nYears of conflict in Hong Kong is finally starting to bear fruit for Elliott Management Corp.\n\nThe city’s last major family-backed lender, The Bank of East Asia Ltd., 23 -1.25 %decrease; red down pointing triangle on Wednesday called a truce to a long battle with the U.S. hedge-fund manager, saying it had hired bankers to help assess whether it could sell assets or otherwise improve its business.\n\nElliott said it supports the move. The New York-based investment firm started acquiring the bank’s shares in 2010 and is its fourth-largest shareholder with an 8% stake. It first called for the lender to be put up for sale in 2016.\n\nThe clash with tycoon David Li , the pillar of the Hong Kong establishment who is the bank’s executive chairman, is one of several fights Elliott has picked with business dynasties and entrepreneurs in Asia. It has also butted heads with two of South Korea’s largest business groups, Samsung and Hyundai Motor Group 005380 -2.98 %decrease; red down pointing triangle , and has recently launched a campaign at Japan’s SoftBank Group Corp. 9984 -3.84 %decrease; red down pointing triangle\n\nElliott, founded by billionaire Paul Singer , will apply to a Hong Kong court to pause a case that was due to go to trial in May. The looming courtroom showdown prompted the two sides to pursue constructive dialogue, according to a person familiar with the matter.\n\nElliott filed a lawsuit in July 2016 over Bank of East Asia’s nearly-$1 billion private share sale to one of its shareholders, Japan’s Sumitomo Mitsui Banking Corp, which it said entrenched the Li family’s interest and reduced the possibility of a successful takeover. Bank of East Asia said the placement was done to bolster its capital cushion.\n\n“A temporary cease-fire has broken out,” said David Webb , a corporate-governance activist in Hong Kong. But he said investors shouldn’t get their hopes up, pointing to what he saw as shortcomings with the board.\n\nBank of East Asia’s share price closed 5.5% higher at HK$17.6 on Wednesday, giving it a market value of about HK$48.5 billion (US$6.2 billion) according to FactSet.\n\nThe 101-year-old Bank of East Asia is the last major lender in Hong Kong still under family control, after many smaller rivals were snapped up by acquirers such as mainland Chinese firms over the years.\n\nIt faces fierce competition in Hong Kong from larger competitors HSBC Holdings PLC, Standard Chartered PLC and Bank of China (Hong Kong) Ltd. In mainland China, it has built a branch network second only to HBSC among non-mainland banks, but bad loans have proliferated. The bank reported the lowest profits for 2019 in a decade, due mainly to losses in its mainland operations.\n\nHong Kong has been caught in the crossfire of the U.S.-China trade war, with social unrest and the coronavirus epidemic posing further challenges to the business environment. The city slipped into recession in 2019 for the first time in a decade.\n\nIn May last year, David Li handed over the role of chief executive to his two sons, Adrian and Brian, who are considered more amenable to the changes at the bank, according to people familiar with the bank.\n\nBank of East Asia said the review aimed at identifying “potential strategic transactions which would enhance the value of the bank’s existing businesses and assets, as well as strategic alternatives for potentially noncore assets.” It said it would work with Goldman Sachs, and would provide an update by June 30.\n\nWrite to Jing Yang at Jing.Yang@wsj.com",
    "published": "2020-03-04"
  },
  {
    "source": "WSJ",
    "title": "Newsletter: Why It’s the Perfect Time for Governments to Splurge",
    "summary": "This is the web version of the WSJ’s newsletter on the economy. You can sign up for daily delivery here.",
    "link": "https://www.wsj.com/articles/newsletter-why-its-the-perfect-time-for-governments-to-splurge-01583322037?mod=Searchresults_pos12&page=14",
    "content": "This is the web version of the WSJ’s newsletter on the economy. You can sign up for daily delivery here.\n\nThe Fed made an emergency rate cut, the 10-year Treasury dipped below 1% for the first time, and for some U.S. cities a downturn has already arrived. Good morning. Jeff Sparshott here with the latest on the economy.\n\nEmergency!\n\nThe Federal Reserve executed an emergency half-percentage-point rate cut and markets slid, reflecting fears the coronavirus epidemic is raising recession risks, Nick Timiraos reports.\n\nThe Fed reduced the federal-funds rate to a range between 1% and 1.25% in the first rate change in between scheduled Fed policy meetings since the 2008 financial crisis. Stock markets fell anyway and the yield on the benchmark 10-year U.S. Treasury dipped below 1% for the first time as investors sought havens.\n\nto a range between 1% and 1.25% in the first rate change in between scheduled Fed policy meetings since the 2008 financial crisis. Stock markets fell anyway and the yield on the benchmark 10-year U.S. Treasury dipped below 1% for the first time as investors sought havens. The central bank has typically reserved such moves for times when the economic outlook has quickly darkened, as in early 2001 and early 2008, when the U.S. economy was heading into recession.\n\nsuch moves for times when the economic outlook has quickly darkened, as in early 2001 and early 2008, when the U.S. economy was heading into recession. The market’s response showed the extent to which investors worry the central bank can’t on its own prevent a dropoff in confidence and spending.\n\nWHAT TO WATCH TODAY\n\nThe ADP employment report for February is expected to show a net gain of 155,000 jobs. (8:15 a.m. ET)\n\nInternational Monetary Fund Managing Director Kristalina Georgieva and World Bank President David Malpass hold a joint press briefing on the coronavirus at 9 a.m. ET.\n\nIHS Markit's U.S. services index for February is expected to be unchanged from a preliminary reading of 49.4. (9:45 a.m. ET)\n\nThe Institute for Supply Management's nonmanufacturing index for February is expected to slip to 55.0 from 55.5 a month earlier. (10 a.m. Et)\n\nThe Bank of Canada releases an interest-rate announcement at 10 a.m. ET.\n\nTreasury Secretary Steven Mnuchin appears before the House Appropriations Committee to discuss his department's budget request for fiscal 2021 at 10 a.m. ET.\n\nThe Federal Reserve releases its beige book report on U.S. economic conditions at 2 p.m. ET.\n\nSt. Louis Fed President James Bullard speaks on the economy and monetary policy at 5 p.m. ET.\n\nThe White House coronavirus task force holds a press briefing at 5:30 p.m. ET.\n\nTOP STORIES\n\nA Misplaced Faith in the Power of Central Banks\n\nYes, the Fed cut rates. But the central bank cannot save the U.S. economy from the coronavirus. First, it can’t restart factories that are missing parts as the virus disrupts supply chains, nor can it persuade worried vacationers to fly. Second, and potentially more important, central banks are losing their grip on the business cycle: The Fed had little interest-rate ammunition with which to boost growth even before Tuesday’s cut. The good news is that the same factors that make monetary policy less potent make fiscal policy even more so. With investors rushing to buy government bonds and driving yields down, the U.S. and other rich governments can borrow all they need to fight the virus and recession risk without fear of driving up rates, Greg Ip writes.\n\nThe Fed wasn't alone. Australia and Malaysia also cut rates, Group of Seven nations said they were ready to take action and U.S. Treasury Secretary Steven Mnuchin said the administration looked forward to an emergency funding package from Congress.\n\nPresident Trump: \"I like middle-income tax cuts. I think it would be a good time. If the Democrats would approve it, I’d go along with it.\"\n\nThe Trump administration is considering using a national disaster program to pay hospitals and doctors for the care of uninsured people infected with the new coronavirus as concerns rise over costs of treating Americans without health coverage, Stephanie Armour reports.\n\nThe 33.6 million U.S. workers with no access to sick leave would face a dilemma should they become ill during the coronavirus epidemic: stay at home and see paychecks shrink, or go to work and create health risks. Unlike many industrialized countries, U.S. workers aren’t guaranteed pay when they take off from work due to an illness. Economists and labor experts say that poses challenges—many workers can't afford not to go to work, and many of the jobs they hold, such as food preparation or retail services, also have a high level of contact with the public. Missing a paycheck could drive many households deep into the red, Harriet Torry and Eric Morath report.\n\nChina’s workers are suffering layoffs, slashed pay and shutdowns. More job cuts could further depress consumer spending and weaken an economy that is already projected to slow significantly or contract in the first quarter. Although companies are pushing to restart factories and ramp up business as fast as possible, quarantines and other government restrictions have made it hard to do so. As of late February, only 30% of China’s small and medium-size companies had returned to normal operations, Stella Yifan Xie reports.\n\nWorld-wide, major conferences and trade shows are getting canceled or postponed at historic rates as the novel coronavirus leads companies to curtail nonessential trips and virus-hit countries restrict travel, leaving organizers with little choice but to call off international gatherings planned for months. From Beijing to San Francisco to Geneva, the cancellations added up to millions of lost visits and tens of millions of dollars in lost revenue for local economies, Collin Eaton, Rebecca Elliott and Elizabeth Findell report.\n\nFollow the WSJ's live coronavirus coverage here.\n\nMy City Was Gone\n\nFor a growing number of U.S. cities, the downturn has already arrived. The boom in such metropolitan areas as Denver, Salt Lake City and Nashville is masking fiscal weakness in cities tied to manufacturing and other shrinking industries. Some losses stem from the shifting global economy and disruptions from the U.S.-China trade war. Fallout from the coronavirus disease on the U.S. economy and city budgets is another potential setback, Heather Gillers reports.\n\nTWEET OF THE DAY\n\nHonestly the Fed can't save the day here with rate cuts. We are going to need a competent and coordinated response from public health and fiscal policy. Lack of information is not helping firms and households form expectations and make plans.\n\n— Dr Julia Coronado (@jc_econ) March 3, 2020\n\nWHAT ELSE WE’RE READING\n\nJapan is hoarding toilet paper because of coronavirus worries. \"By last weekend, with shops across Japan sold out of the precious tissue and Prime Minister Shinzo Abe preaching against panic, TV news shows collated more ominous signage from around the country—some snarling that in-lavatory larceny would bring a police response, others closing their restrooms altogether, defeated by the crime spree. But it was the images that appeared on Monday, of toilet paper rolls bound to their dispensers with bicycle locks, that finally told a nation that Japan had descended into Lord of the Flies-style depravity,\" Leo Lewis writes in the Financial Times.\n\nSIGN UP FOR OUR CALENDAR\n\nReal Time Economics has launched a downloadable calendar with concise previews, forecasts and analysis of major U.S. data releases. To add to your calendar, please click here.",
    "published": "2020-03-04"
  }
]