[
  {
    "source": "WSJ",
    "title": "Pain in the Oil Patch",
    "summary": "Borrowing from the Fed is the best of mostly bad rescue ideas.",
    "link": "https://www.wsj.com/articles/pain-in-the-oil-patch-11585697357?mod=Searchresults_pos11&page=13",
    "content": "U.S. oil prices on Monday plunged to an 18-year low of $20 a barrel, and some analysts think they could go much lower. A decade ago low gas prices were a windfall for the U.S. economy, but Americans are now driving less and America is now the world’s leading oil producer. All of which has politicians looking to help American shale producers, and it’s worth sorting the good from the bad.\n\nThe oil patch is getting smacked with a double whammy—the demand shock of Covid-19 and the supply shock of Saudi Arabia’s price war with Russia. Oil demand is now expected to drop by as much as 14 million barrels per day—about as much as China’s total consumption—in the second quarter.\n\nThe Saudis plan to increase production by as much as 25%, which is prompting other Organization of the Petroleum Exporting Countries members to open their spigots. Oil investors and CEOs are having deja vu from 2015 when the Saudis flooded the market to break American shale producers. Prices plunged to $30 a barrel, and more than 100 North American producers filed for bankruptcy in 2015 and 2016.\n\nMany were acquired by private equity firms or larger producers, and the survivors became more efficient. Each well in West Texas’s Permian and Oklahoma’s Anadarko shale basins produces about four times more oil than five years ago, according to the Energy Information Administration. Productivity in North Dakota’s Bakken has tripled.\n\nThe U.S. became the world’s largest oil producer and accounted for nearly all new supply in 2018. In March the U.S. was still pumping 13 million barrels a day, about 50% more than in 2016 and 150% more than 2011. American producers are resilient, and many have bought hedges against falling prices.\n\nPresident Trump last month ordered the Energy Department to top off the U.S. Strategic Petroleum Reserve, but Congress didn’t provide the funding in its $2.2 trillion relief bill to do so. Producers are scrounging for places to store their excess supply, including tankers off the coast, and by one commodity firm’s calculation about 10% of the world’s daily oil consumption is sitting in storage.\n\nMost large producers have announced cuts in dividends and capital spending, but some smaller ones have borrowed heavily, encouraged by prolonged low interest rates and high risk appetite by investors. Many shale companies before the coronavirus were struggling to make debt payments, and more than three dozen filed for bankruptcy last year. Yet no investor or CEO could have predicted a pandemic shock, and some are asking the White House for assistance that they don’t want to label a bailout. Some ideas have merit but many could produce unintended adverse side effects.\n\nStart with Continental Resources founder Harold Hamm’s suggestion of antidumping duties on foreign oil. This would raise gasoline prices without benefitting shale producers. The U.S. imports heavy crude because many refineries can’t process lighter shale that is often exported to countries like Canada and India that can. Tariffs could also boomerang if foreign producers retaliate by further increasing production.\n\nA better response is diplomacy to convince Saudi Crown Prince Mohammed bin Salman to stop his game of chicken with Russia, which is also undermining national oil producer Aramco and his strategy to modernize the Kingdom’s economy. Secretary of State Mike Pompeo has tried but so far failed.\n\nAn especially bad idea would have the Texas Railroad Commission impose production quotas, which the state last did in the 1970s. But this would punish the most efficient producers and prop up the weaklings. Quotas would be hard to enforce and violate the property rights of producers, leaseholders and mineral-rights owners. Texas can’t control global oil prices in any case, and state quotas would encourage higher production in other regions like the Bakken. Quotas would also signal to Saudi Arabia and Russia they are winning the price war.\n\nSome oil CEOs are soliciting direct government grants and loans, but this is sure to invite political controversy. Would companies with more workers receive larger loans? Recall how government-rescued banks and Detroit auto-makers became objects of public scorn after the financial crisis. If Democrats wouldn’t fund purchases to the national oil reserve without new subsidies for wind and solar power, they sure won’t agree to grants for oil and gas.\n\nA better idea is to let producers that were solvent before the virus borrow against good collateral from the Federal Reserve’s new liquidity vehicles that are open to all comers. This would ensure some market accountability as companies with higher-valued assets and better balance sheets could ride out the Covid-19 shock. U.S. producers have shown they are resilient and should rebound once the coronavirus passes.",
    "published": "2020-03-31"
  },
  {
    "source": "WSJ",
    "title": "Pain in the Oil Patch",
    "summary": "Borrowing from the Fed is the best of mostly bad rescue ideas.",
    "link": "https://www.wsj.com/articles/pain-in-the-oil-patch-11585697357?mod=Searchresults_pos11&page=13",
    "content": "U.S. oil prices on Monday plunged to an 18-year low of $20 a barrel, and some analysts think they could go much lower. A decade ago low gas prices were a windfall for the U.S. economy, but Americans are now driving less and America is now the world’s leading oil producer. All of which has politicians looking to help American shale producers, and it’s worth sorting the good from the bad.\n\nThe oil patch is getting smacked with a double whammy—the demand shock of Covid-19 and the supply shock of Saudi Arabia’s price war with Russia. Oil demand is now expected to drop by as much as 14 million barrels per day—about as much as China’s total consumption—in the second quarter.\n\nThe Saudis plan to increase production by as much as 25%, which is prompting other Organization of the Petroleum Exporting Countries members to open their spigots. Oil investors and CEOs are having deja vu from 2015 when the Saudis flooded the market to break American shale producers. Prices plunged to $30 a barrel, and more than 100 North American producers filed for bankruptcy in 2015 and 2016.\n\nMany were acquired by private equity firms or larger producers, and the survivors became more efficient. Each well in West Texas’s Permian and Oklahoma’s Anadarko shale basins produces about four times more oil than five years ago, according to the Energy Information Administration. Productivity in North Dakota’s Bakken has tripled.\n\nThe U.S. became the world’s largest oil producer and accounted for nearly all new supply in 2018. In March the U.S. was still pumping 13 million barrels a day, about 50% more than in 2016 and 150% more than 2011. American producers are resilient, and many have bought hedges against falling prices.\n\nPresident Trump last month ordered the Energy Department to top off the U.S. Strategic Petroleum Reserve, but Congress didn’t provide the funding in its $2.2 trillion relief bill to do so. Producers are scrounging for places to store their excess supply, including tankers off the coast, and by one commodity firm’s calculation about 10% of the world’s daily oil consumption is sitting in storage.\n\nMost large producers have announced cuts in dividends and capital spending, but some smaller ones have borrowed heavily, encouraged by prolonged low interest rates and high risk appetite by investors. Many shale companies before the coronavirus were struggling to make debt payments, and more than three dozen filed for bankruptcy last year. Yet no investor or CEO could have predicted a pandemic shock, and some are asking the White House for assistance that they don’t want to label a bailout. Some ideas have merit but many could produce unintended adverse side effects.\n\nStart with Continental Resources founder Harold Hamm’s suggestion of antidumping duties on foreign oil. This would raise gasoline prices without benefitting shale producers. The U.S. imports heavy crude because many refineries can’t process lighter shale that is often exported to countries like Canada and India that can. Tariffs could also boomerang if foreign producers retaliate by further increasing production.\n\nA better response is diplomacy to convince Saudi Crown Prince Mohammed bin Salman to stop his game of chicken with Russia, which is also undermining national oil producer Aramco and his strategy to modernize the Kingdom’s economy. Secretary of State Mike Pompeo has tried but so far failed.\n\nAn especially bad idea would have the Texas Railroad Commission impose production quotas, which the state last did in the 1970s. But this would punish the most efficient producers and prop up the weaklings. Quotas would be hard to enforce and violate the property rights of producers, leaseholders and mineral-rights owners. Texas can’t control global oil prices in any case, and state quotas would encourage higher production in other regions like the Bakken. Quotas would also signal to Saudi Arabia and Russia they are winning the price war.\n\nSome oil CEOs are soliciting direct government grants and loans, but this is sure to invite political controversy. Would companies with more workers receive larger loans? Recall how government-rescued banks and Detroit auto-makers became objects of public scorn after the financial crisis. If Democrats wouldn’t fund purchases to the national oil reserve without new subsidies for wind and solar power, they sure won’t agree to grants for oil and gas.\n\nA better idea is to let producers that were solvent before the virus borrow against good collateral from the Federal Reserve’s new liquidity vehicles that are open to all comers. This would ensure some market accountability as companies with higher-valued assets and better balance sheets could ride out the Covid-19 shock. U.S. producers have shown they are resilient and should rebound once the coronavirus passes.",
    "published": "2020-03-31"
  },
  {
    "source": "WSJ",
    "title": "Business Aviation Is Sound, but Needs Help",
    "summary": "The business-aviation industry, like countless others, is in need of basic transportation excise-tax relief and liquidity assistance.",
    "link": "https://www.wsj.com/articles/business-aviation-is-sound-but-needs-help-11585687768?mod=Searchresults_pos14&page=16",
    "content": "Boeing 737 Max airplanes parked at Boeing Field in Seattle. Photo: gary he/Reuters\n\nAs the U.S. economy moves rapidly from slowdown to shutdown, the critical business-aviation industry, like countless others, is in need of support. This is why industry groups have joined together in seeking basic transportation excise-tax relief and liquidity assistance (“Companies Boost Their Lobbying,” The Coronavirus Pandemic, March 23).\n\nBusiness aviation—the manufacture and use of an airplane to meet a company’s transportation needs—is an essential American industry, supporting a million jobs and nearly $250 billion in economic activity. Like many industries, it consists largely of small and midsize businesses, and is tied closely to U.S. economic conditions. When those conditions are as serious as they are now, severe distress is the inevitable result.",
    "published": "2020-03-31"
  },
  {
    "source": "WSJ",
    "title": "Pelosi Pitches a Blue-State Bailout",
    "summary": "She wants to use virus relief to aid progressive state governments.",
    "link": "https://www.wsj.com/articles/pelosi-pitches-a-blue-state-bailout-11585697310?mod=Searchresults_pos9&page=9",
    "content": "House Speaker Nancy Pelosi speaks at the U.S. Capitol on March 27. Photo: tom brenner/Reuters\n\nHouse Speaker Nancy Pelosi held up last week’s coronavirus relief bill with demands related to corporate diversity, carbon emissions and election reform. But Democrats are far from finished using the crisis to try to force through partisan priorities they couldn’t pass in normal times. Mrs. Pelosi is now hinting the price for further economic relief may include expanding a regressive tax deduction for high-earners in states run by Democrats.\n\nOn Monday Mrs. Pelosi told the New York Times she wanted Congress to “retroactively undo SALT.” In the 2017 tax reform, Republicans limited the state and local tax deduction to $10,000. That raised federal tax revenue mostly from high-tax parts of states like California, New York and New Jersey and helped pay for the rate cuts on corporate, small business and individual incomes. According to the Tax Foundation, the cap raised almost $33 billion in 2018 from those earning more than $1 million per year and had little impact for those earning less than $100,000.",
    "published": "2020-03-31"
  }
]