[
  {
    "source": "WSJ",
    "title": "What’s News: Business & Finance",
    "summary": "This copy is for your personal, non-commercial use only. Distribution and use of this material are governed by our Subscriber Agreement and by copyright law. For non-personal use or to order multiple copies, please contact Dow Jones Reprints at 1-800-843-0008 or visit www.djreprints.com.",
    "link": "https://www.wsj.com/articles/whats-news-business-finance-11581049139?mod=Searchresults_pos20&page=4",
    "content": "This copy is for your personal, non-commercial use only. Distribution and use of this material are governed by our Subscriber Agreement and by copyright law. For non-personal use or to order multiple copies, please contact Dow Jones Reprints at 1-800-843-0008 or visit www.djreprints.com.\n\nhttps://www.wsj.com/articles/whats-news-business-finance-11581049139",
    "published": "2020-02-07"
  },
  {
    "source": "WSJ",
    "title": "Trade in the Time of Coronavirus",
    "summary": "China’s tariff cuts are welcome, but markets may be ignoring a much larger potential problem",
    "link": "https://www.wsj.com/articles/trade-in-the-time-of-coronavirus-11581073327?mod=Searchresults_pos12&page=2",
    "content": "China is cutting tariffs on U.S. goods, and markets are celebrating: The Nasdaq rose 0.7% to a fresh high on Thursday, led by trade-reliant stocks including Apple and Nvidia. But investors are ignoring some inconvenient truths.\n\nThe move by China’s commerce ministry, announced Thursday, is welcome because it shows that Beijing is following through on pledges it made to lower tariffs following the phase-one trade agreement with the U.S. Tariffs of 5% and 10% levied on some goods in late 2019 will be halved for $75 billion of U.S. imports, including some semiconductor-related materials, soybeans and crude oil.\n\nHowever, on the same day the tariff cuts were announced, China’s state-controlled Global Times reported that Beijing may be considering invoking a disaster clause in the phase-one agreement due to the coronavirus outbreak, which has now killed more than 500 people and infected over 30,000. The agreement provides for consultations in case “a natural disaster or other unforeseeable event outside the control of the Parties delays a Party from timely complying with its obligations.”\n\nUltimately, China’s relatively small tariffs were far less important in cutting American imports than the decision of big state-owned companies to more or less boycott key U.S. goods including soybeans and oil during the trade war. And given the scale of the disaster currently unfolding, China’s need for certain goods like oil very well could be lower than expected this year.\n\nChina on Friday also unexpectedly delayed the release of its January trade data. That is a worrisome signal that the data might be very bad indeed, although an explanation posted on the custom administration’s website simply said that January and February data would in the future be published together, as is already the case for many other official data series. Statistics for the months tend to be skewed by the Lunar New Year holiday, which could fall in either month.\n\nThe Trump administration loves playing hardball. But playing hardball with a nation reeling from a horrific human disaster—and risking the trade deal falling apart in an election year—would be a risky move if Beijing does request some leeway on purchase commitments in 2020. China will need a lot more medical goods than expected this year too, which might help offset lower purchases of some other products.\n\nGiven the likely hit to China’s economy in the first half of 2020, growth in overall imports will almost certainly slow sharply, at least for a while. Interpreting a small tariff cut as the all-clear for U.S. exports to the country this year is at best premature.\n\nWrite to Nathaniel Taplin at nathaniel.taplin@wsj.com",
    "published": "2020-02-07"
  },
  {
    "source": "WSJ",
    "title": "Fiction: The Trickster Hero of the Thirty Years’ War",
    "summary": "On the road with Tyll Eulenspiegel, the devil’s disciple of Germanic legend.",
    "link": "https://www.wsj.com/articles/fiction-the-trickster-hero-of-the-thirty-years-war-11581090218?mod=Searchresults_pos15&page=15",
    "content": "If you’re going to be a German writer of distinction, at some point in your career you have to dance with the devil. Goethe had “Faust,” Thomas Mann had “Doctor Faustus” and his son Klaus, “Mephisto.” Now the prodigiously imaginative Daniel Kehlmann , whose 2005 novel “Measuring the World” was a global bestseller, has written “Tyll” (Pantheon, 342 pages, $26.95), which recasts the legend of Tyll Ulenspiegel. In German folklore, Ulenspiegel is a trickster figure, a merry prankster who, since the 16th century, has figured in low comic tales, sophisticated satires and a tone poem by Richard Strauss . In Mr. Kehlmann’s novel (ably translated by Ross Benjamin ) he is a disciple of “the great, great devil,” a grinning lord of disorder whose jokes and games have a strange way of presaging the devastation of the Thirty Years’ War.\n\nYou don’t need any knowledge of the Ulenspiegel legend to appreciate this brilliant, blackly sardonic retelling. It is worth taking a quick Wikipedia refresher on the Thirty Years’ War, however, if only to be reminded of the ludicrously byzantine causes and the eye-popping casualty counts of the war that consumed Europe in the first half of the 17th century. Mr. Kehlmann’s Tyll is raised in a small German village on the eve of the conflagration. When his father, a miller who dreamily dabbles in herbs and spells, is hanged for witchcraft, Tyll flees into the Black Forest with the baker’s daughter, Nele, where they subsist as traveling performers. Like a Reformation-era Zelig, Tyll has a way of placing himself in the company of the war’s major actors, if not at the heart of the battles.\n\nMr. Kehlmann parallels Tyll’s wanderings by telling his story in nonchronological order and by shifting among several sets of characters. Tyll serves as the jester to the dethroned King of Bohemia Frederick V, whose brief reign was the war’s casus belli, and to his exiled wife, Elizabeth Stuart, who learns something about the art of realpolitik from the fool’s brazen ways. And crossing their paths in the scorched landscape are diplomats, criminals, scholars and poets, many of whom are real historical figures.\n\nThe sprawling cast makes it clear that Tyll is not the reason for the senseless, nihilistic war, but merely its smirking avatar. The devil has gotten into nearly everybody, seen best in the macabre, corkscrew irony of the dialogue. “Yes, of course,” cries the inquisitor trying Tyll’s father for heresy, when asked whether he tortured the accused. “Why else should he have confessed? Without torture no one would ever confess anything!” The name Ulenspiegel literally translates to “owl mirror,” which many have interpreted to mean “wise reflection.” In Mr. Kehlmann’s unforgettable joker we have a picture of humankind in all of its madness and strutting pride.\n\nHumankind pleases Andrew Krivak so little that he has killed off almost all of it for his strange and strangely tender apocalyptic fable “The Bear” (Bellevue, 221 pages, $16.99). Set a few generations after an unspecified extinction event, the novel follows the last two humans on Earth, a father and daughter who live in what appears to be the mountains of New Hampshire. Like Cormac McCarthy ’s “The Road,” the novel is centrally about the parent-child bond and the teachings that go into survival. Yet Mr. Krivak’s novel shares none of that book’s sense of doom or horror. “The Bear” is interested in continuity, the ways that life will persevere and age-old knowledge will still be transmitted after the end of man’s dominion.\n\nThe bulk of the story follows the father’s and daughter’s journey to the ocean to collect salt and the dangerous trek back through the mountains in winter. The return is made possible by the help of animals, especially a solitary bear who knows all the caves and streams. Absent the clamor of human voices, the girl learns to communicate with these creatures. Even trees have a language, though “when they spoke, they spoke with such indifference to time that it would take the girl several moons to hear one of their conversations, the better part of one just to hear a single word. But to them it was no different from any story told to any other around a fire in the night.”\n\nMr. Krivak balances this sort of mysticism with closely observed descriptions of sewing leather for shoes, carving wood for bows and arrows or spotting eddies to fish for trout. These activities are endowed with such fullness of meaning that you have to assign this short, touching book its own category: the post-apocalypse utopia.\n\nAt the start of Tina May Hall ’s “The Snow Collectors” (Dzanc, 221 pages, $16.95), a New England woman named Henna discovers a dead body in the woods near her house. The deceased woman is holding a scrap of an old letter, which Henna later discovers was written by Jane Franklin , the wife of the explorer John Franklin , who vanished in the Arctic with his crew in 1847 while trying to navigate the Northwest Passage. Like Lady Jane, Henna is also marked by disappearances, as her parents and twin sister drowned in a yachting accident when she was young. The novel, then, concerns Henna’s sleuthing into Jane Franklin’s secret history, the mystery of the death and the connections, real or imagined, into her personal tragedy.\n\nMs. Hall is my favorite kind of writer, a born poet who turns to prose and imbues that rather proletarian form with the grace and lightness of verse. I highly recommend the quicksilver short stories in her 2010 collection “The Physics of Imaginary Objects.” But the mishmash of “The Snow Collectors” defeated me. Grafted onto Henna’s psychological drama are acts of sudden violence that could come, as Henna puts it, from “some cut-rate thriller.” Added to all that is a bizarre gothic romance involving the village police chief, whose ancestors were connected with the Franklin expedition. The story wobbles between these genres like the needle on a broken compass. It doesn’t lead you into mystery so much as simply get you lost.",
    "published": "2020-02-07"
  },
  {
    "source": "WSJ",
    "title": "Trade in the Time of Coronavirus",
    "summary": "China’s tariff cuts are welcome, but markets may be ignoring a much larger potential problem",
    "link": "https://www.wsj.com/articles/trade-in-the-time-of-coronavirus-11581073327?mod=Searchresults_pos6&page=4",
    "content": "China is cutting tariffs on U.S. goods, and markets are celebrating: The Nasdaq rose 0.7% to a fresh high on Thursday, led by trade-reliant stocks including Apple and Nvidia. But investors are ignoring some inconvenient truths.\n\nThe move by China’s commerce ministry, announced Thursday, is welcome because it shows that Beijing is following through on pledges it made to lower tariffs following the phase-one trade agreement with the U.S. Tariffs of 5% and 10% levied on some goods in late 2019 will be halved for $75 billion of U.S. imports, including some semiconductor-related materials, soybeans and crude oil.\n\nHowever, on the same day the tariff cuts were announced, China’s state-controlled Global Times reported that Beijing may be considering invoking a disaster clause in the phase-one agreement due to the coronavirus outbreak, which has now killed more than 500 people and infected over 30,000. The agreement provides for consultations in case “a natural disaster or other unforeseeable event outside the control of the Parties delays a Party from timely complying with its obligations.”\n\nUltimately, China’s relatively small tariffs were far less important in cutting American imports than the decision of big state-owned companies to more or less boycott key U.S. goods including soybeans and oil during the trade war. And given the scale of the disaster currently unfolding, China’s need for certain goods like oil very well could be lower than expected this year.\n\nChina on Friday also unexpectedly delayed the release of its January trade data. That is a worrisome signal that the data might be very bad indeed, although an explanation posted on the custom administration’s website simply said that January and February data would in the future be published together, as is already the case for many other official data series. Statistics for the months tend to be skewed by the Lunar New Year holiday, which could fall in either month.\n\nThe Trump administration loves playing hardball. But playing hardball with a nation reeling from a horrific human disaster—and risking the trade deal falling apart in an election year—would be a risky move if Beijing does request some leeway on purchase commitments in 2020. China will need a lot more medical goods than expected this year too, which might help offset lower purchases of some other products.\n\nGiven the likely hit to China’s economy in the first half of 2020, growth in overall imports will almost certainly slow sharply, at least for a while. Interpreting a small tariff cut as the all-clear for U.S. exports to the country this year is at best premature.\n\nWrite to Nathaniel Taplin at nathaniel.taplin@wsj.com",
    "published": "2020-02-07"
  },
  {
    "source": "WSJ",
    "title": "U.S. Companies Expect Coronavirus to Cut China Revenue",
    "summary": "Some companies expect outbreak to prompt diversification of their businesses out of China, survey shows",
    "link": "https://www.wsj.com/articles/u-s-companies-expect-coronavirus-to-cut-china-revenue-11581084701?mod=Searchresults_pos1&page=7",
    "content": "A cleaner worker at a shopping mall in Beijing. The coronavirus has all but stopped many consumer activities in China, from shopping to eating in restaurants.\n\nSHANGHAI—Companies are just beginning to tally the impact of the coronavirus in China on their business, and many U.S. firms expect it to dent their revenue and China’s economic growth this year.\n\nNearly all, or 87%, of member companies surveyed by the American Chamber of Commerce in Shanghai expect the outbreak to have a direct negative pull on their revenue, while only 13% considered the revenue consequences to be limited, according to data it published Friday.\n\nAbout a quarter of member companies in the flash survey expect the outbreak to cut their China revenue by more than 15% in 2020.\n\n“Our members are nervous, bracing themselves for a significant impact here,” said Amcham Shanghai President Ker Gibbs .\n\nThe survey showed some expect the outbreak to spur continued diversification of their businesses out of China, including a small minority that said it would cause them to move jobs permanently to the U.S. But almost 50% of respondents said the coronavirus won’t alter their strategies.\n\nThe survey, which gathered responses from 127 companies, including almost 50 with China revenue topping $100 million, was conducted over two days this week, Amcham said. It didn’t ask companies to predict how long the current situation will continue.\n\nThe coronavirus has thrown travel into turmoil in China and all but stopped many other consumer activities, from shopping to eating in restaurants. Manufacturers are expecting a slow resumption of production as workers delay their return to work and supply chains face disruptions.\n\nPeople wearing face masks ride a mostly empty subway train during the morning rush hour in Beijing, on Monday. Photo: Mark Schiefelbein/Associated Press\n\nLess will get done with many office workers staying at home, executives say, while lawyers predict some business contracts will be torn up in response to the outbreak. The vast majority of companies in the Amcham survey said they were offering employees the option to work from home, or mandating it, plus requiring masks in workplaces and providing health screening such as temperature checks for workers.\n\nEconomists are revising down their predictions for the country’s $14 trillion gross domestic product this year, though the final impact will depend on how long business is disrupted due to the outbreak. Markets in China initially fell sharply this week, but amid pledges by central authorities to provide support to the economy the Shanghai Composite Index ended up losing only about 3.7% while the U.S. dollar edged up about 1% versus the yuan.\n\nNearly 60% of Amcham members said they expect the coronavirus to knock at least 1 percentage point off China’s GDP growth this year, including 16% saying they are expecting more than 2 percentage points. Almost a third of the companies said their headquarters had failed to appreciate the economic impact.\n\nThe Amcham Shanghai survey adds to evidence that U.S. companies are growing more anxious about China. In a survey Amcham published last September, only about half of its members expected to post revenue growth in 2019 and 21% termed themselves pessimistic about their business prospects over the coming five years. While that survey found most were feeling a negative impact from then-raging U.S.-China trade war, companies described slowdown in China’s economy as the bigger drag.\n\nLong lines at pharmacies and soaring demand for respiratory masks and plastic gloves show how the coronavirus outbreak has benefited some companies. WSJ explains why some medical supply stocks have skyrocketed—and whether it can last. Photo: Kin Cheung/Associated Press\n\nWrite to James T. Areddy at james.areddy@wsj.com",
    "published": "2020-02-07"
  },
  {
    "source": "WSJ",
    "title": "Mexico, Under U.S. Pressure, Adds Muscle to Fight Against Drug Cartels",
    "summary": "Mexican president redeploys elite marines force he had largely sidelined",
    "link": "https://www.wsj.com/articles/mexico-under-u-s-pressure-adds-muscle-to-fight-against-drug-cartels-11581105334?mod=Searchresults_pos13&page=17",
    "content": "Mexican President Andrés Manuel López Obrador , under pressure from the Trump administration, has beefed up his strategy to fight drug cartels, including bringing the marines, Mexico’s elite security force, back to the front lines of the drug war.\n\nThe moves mark a shift by Mexico from a counternarcotics strategy that largely ended the pursuit of high-profile arrests and focused almost exclusively on poverty alleviation.\n\n“We are operating again,” said a senior Mexican navy officer. “The targets we need to go after have been defined.”\n\nThe change in strategy comes amid growing alarm in Washington at Mexico’s failure to crack down on drug gangs, particularly after the November massacre of nine U.S. citizens by suspected cartel hit men. Preliminary Mexican government figures indicate an increase in the number of murders in Mexico last year, after a record 36,685 in 2018.\n\nU.S. Attorney General William Barr has taken a lead role in pushing for changes by the Mexican government, including to bring the marines back to counternarcotics enforcement and accelerate the extradition of suspects wanted for crimes in the U.S., according to people familiar with the matter.\n\nAs Mexico ramps up its efforts, the U.S. has agreed to step up actions to prevent guns from being smuggled into Mexico, these people said.\n\nPresident Andrés Manuel López Obrador of Mexico, right, met with U.S. Attorney General William Barr at the National Palace in Mexico City in December. Photo: mexico presidency handout/Shutterstock\n\nThe marines, the Mexican security force that U.S. officials say they trust the most, were behind most high-profile arrests and killings of cartel leaders in the past two decades, including twice capturing drug lord Joaquín “El Chapo” Guzmán.\n\nThe elite navy force was largely sidelined by Mr. López Obrador soon after he took office in late 2018, part of a strategy by the new government to halt the pursuit of top cartel figures and focus instead on attacking poverty—an approach it dubbed “hugs, not bullets.”\n\nLast year, the marines took part in few counternarcotics operations. But in recent weeks, marine units have been involved in a flurry of high-profile arrests, including of the head of a Mexico City cartel and close relatives of two major drug lords.\n\nMexican marines in October, during a raid on clandestine tunnels and alleged drug laboratories in Mexico City. Photo: stringer/Reuters\n\nThe “hugs, not bullets” approach appears to be changing, said Eduardo Guerrero , a Mexico-city based security consultant. “I expect the Americans to take a very proactive role in pushing Mexico to confront the most powerful groups, especially the Sinaloa and the Jalisco New Generation cartels,” he said.\n\nThe U.S. pressure on Mexico began to rise quickly in November after three mothers and six of their children, all U.S. citizens living in a fundamentalist Mormon community in the northern state of Sonora, were killed in an ambush by gunmen suspected of belonging to a local drug cartel. Rival cartels are fighting for control of the area where the victims lived.\n\nAfter the massacre, Mr. Trump said the U.S. would designate Mexico’s drug cartels as foreign terrorist organizations, a move that Mexico strongly opposed. Mr. Trump suspended the decision after Mr. Barr met with senior officials during a trip to Mexico in December.\n\nA spokesman for the Mexican government said any actions Mexico has made, including actions to work with the U.S., have been in Mexico’s own interests and not because of U.S. pressure.\n\nSHARE YOUR THOUGHTS How do you think Mexico and the U.S. could best work together to combat drug cartels? Join the conversation below.\n\nThe attorney general has made two trips to Mexico City in recent months, meeting with Mr. López Obrador and top law enforcement and security officials. The Justice Department, which declined to comment for this article, has said little publicly about Mr. Barr’s work in Mexico, only that his discussions have encompassed a broad range of issues including drugs, guns, human smuggling and improving cooperation in prosecuting gang leaders.\n\nMr. Barr, who made a return visit to Mexico in January, has also urged Mexico’s government to increase efforts to take down fentanyl labs, and tighten controls on its seaports to curtail the entry of precursor chemicals used in the labs, to slow the opioid epidemic in the U.S., people familiar with the meetings said.\n\nThe U.S. is also pushing Mexico to accelerate deportations and extraditions of alleged criminals wanted for crimes in the U.S., these people said.\n\nSince Mr. Barr’s visits, Mexico has stepped up the pace of extraditions. In the two months since Mr. Barr’s December visit there have been 37 extraditions, an acceleration from the 58 extraditions in all of 2019, according to data from the Mexican Attorney General’s Office.\n\nMarines presented Joaquín “El Chapo” Guzmán to the media in Mexico City after his capture in 2014. He later escaped, and was recaptured in 2016. Photo: ronaldo schemidt/Agence France-Presse/Getty Images\n\nMexico’s policy toward extradition has varied. At times, Mexico has insisted that alleged criminals face charges and do time in Mexico before being extradited to the U.S. But the government appears to be more willing to extradite alleged criminals to face U.S. charges before facing Mexican ones, according to people familiar with the matter.\n\nA spokesman for Mexico’s Attorney General’s Office said he didn’t know whether Mr. Barr had asked Mexico to facilitate extraditions, as meetings between Mr. Barr and Mexican Attorney General Alejandro Gertz Manero were private. He said the increased number of extraditions were the result of Mr. Gertz Manero conscientiously doing his job.\n\nThe Mexican government, which describes its drug industry as a binational problem, said Foreign Minister Marcelo Ebrard has pressed the U.S. to increase its efforts to control the smuggling of guns, especially heavy weaponry used by drug cartels, which frequently are able to outgun security forces.\n\nBoth governments estimate that as much as 70% of heavy weapons used by the cartels come from the U.S.\n\n“In different meetings, Mexico has shown U.S. officials empirical evidence of the strong relationship between weapons trafficking from the U.S. and the increase in Mexico’s murder rate in recent years,” the Foreign Ministry said in response to a question from The Wall Street Journal.\n\nBoth countries have agreed to set up a system of cross-border checkpoints to screen for weapons coming from the U.S., the ministry said.\n\nMr. López Obrador has come under pressure from the Trump administration before. Last year, Mr. Trump threatened to slap escalating tariffs on Mexican exports unless Mr. López Obrador curtailed the tide of Central American migrants traveling to the U.S. through Mexico.\n\nMr. López Obrador, who had publicly criticized Mr. Trump’s migration policies, quickly complied, sending thousands of members of the country’s newly created National Guard, originally meant to combat organized crime, to stop migrants from Central America reaching the U.S. Mr. Trump praised his Mexican counterpart for the help.\n\nReturning the marines to the front lines of the drug war is a turnaround for the Mexican leader, who campaigned for years on the idea that successive Mexican governments had made a big mistake by arresting drug lords, moves which often spawned bloody succession battles and drove up Mexico’s murder rate. “You can’t fight fire with fire,” the politician often said.\n\nBut as the government pulled back, drug gangs have gained strength, in some areas rivaling the state for power. In October, hundreds of gunmen from the Sinaloa cartel overpowered Mexican security forces and terrorized the Sinaloa state capital of Culiacán for hours in an ultimately successful effort to free a captured cartel leader, Ovidio Guzmán , a son of “El Chapo.”\n\nAt the time, Mr. López Obrador said Mexico had freed the younger Guzmán to prevent a bloodbath. But U.S. officials said Mexico’s action had highlighted the government’s weakness and set a dangerous precedent for the country’s drug barons to follow.\n\n“The state is surrendering,” a senior U.S. official said at the time.\n\nMexico’s marines weren’t involved in the botched operation to arrest the younger Guzmán. But they were back in action in Culiacán in January, when a marine helicopter swooped down on an apartment complex and seized a local drug lord, the nephew of one of the longtime leaders of the Sinaloa cartel, Rafael Caro Quintero . The operation went off without a hitch.\n\nThe U.S. government has also told Mexico it would like to see changes aspects of its legal system to facilitate extraditions, specifically to dial back injunctions, known as “amparos,” that halt legal proceedings, according to a person familiar with the matter. In many cases, Mexican defense attorneys are able to get amparos to delay extradition.\n\n“They want Mexico to shorten the process, not to file tens or hundreds of amparos” said Mike Vigil , a former head of international operations for the Drug Enforcement Administration.\n\nThe U.S. also would like the Mexican judiciary to facilitate the use of wiretap information in criminal trials, according the person familiar with the matter.\n\nSuch information is used infrequently because judges don’t quickly grant permission to use wiretaps, according to Mr. Guerrero, Police then use wiretaps without a judicial order, rendering the information unusable for trial, he said.\n\nWrite to José de Córdoba at jose.decordoba@wsj.com and Sadie Gurman at sadie.gurman@wsj.com",
    "published": "2020-02-07"
  },
  {
    "source": "WSJ",
    "title": "U.S. Stocks Fall, But Post Big Weekly Gains",
    "summary": "The Dow and S&P 500 have biggest weekly point gains since June 2019",
    "link": "https://www.wsj.com/articles/global-stocks-slip-paring-week-of-gains-11581071560?mod=Searchresults_pos7&page=15",
    "content": "U.S. stocks posted their biggest weekly gains in months, capping a volatile period that included stronger-than-expected data and uncertainty about the economic impact of the viral outbreak in China.\n\nMajor stock indexes recouped January’s losses in recent days, rising to close at records Thursday. Worries about economic growth around the world that preoccupied investors just days ago appear to have eased as corporate earnings and employment data have beaten expectations. Meanwhile, China outlined plans to slash tariffs, helping boost sentiment among traders and investors.\n\nBut the rally paused Friday, snapping a four-session winning streak for all three major U.S. indexes.\n\n“Volatility in markets is going to be here for a while,” said Marc Pfeffer, chief investment officer at CLS Investments.\n\nThe Dow Jones Industrial Average declined 277.26 points, or 0.9%, to 29102.51 Friday, pulling back from Thursday’s record. The S&P 500 fell 18.07 points, or 0.5%, to 3327.71. Both indexes still posted their biggest weekly point gains since June 2019.\n\nThe Nasdaq Composite lost 51.64 points, or 0.5%, to 9520.51 Friday, capping its best week on a point and percentage basis since November 2018.\n\nThe rising toll of the coronavirus has worried some investors, with the death toll climbing and the number of diagnosed patients topping 31,500. A public backlash is escalating in China over the government’s handling of the epidemic after a doctor died. In Singapore, the government on Friday raised its alert level, citing three new cases of infected people who have no known links to previous cases or recent travel history to China.\n\n“We have seen an acceleration in the number of new cases and deaths, so I think there are some concerns about that, and whether the acceleration continues or whether they’ve got it under control,” said Paul Flood, a fund manager at Newton Investment Management. “If it extends from a three-month to a six-month or nine-month slowdown, then that would be concerning.”\n\nTrading day on Feb. 7, 2020 Yield on 10-year Treasury note 1.58% –0.038 Copper futures, dollars a pound 2.55 –2.08% Stoxx Europe 600 index 424.36 –0.27% Credit Suisse Group shares, in Swiss francs 12.81 0.23% 7 p.m. Thurs. 2 a.m. Fri. 9 a.m. 4 p.m. Sources: Tullett Prebon (bonds); FactSet (futures, indexes, stocks)\n\nMany U.S. firms expect the virus to dent their revenue and China’s economic growth this year.\n\nStill, fresh data showed that the U.S. labor market, a crucial indicator of the economy’s health, remains on a strong footing. The Labor Department said the U.S. economy added 225,000 jobs in January, beating expectations and putting the jobless rate at 3.6%. Wages increased 3.1% from a year earlier.\n\n“It’s hard not to like it,” said JJ Kinahan, chief market strategist at TD Ameritrade, of the jobs data. Mr. Kinahan said the market decline appeared to be people taking profits ahead of the weekend after a week of gains.\n\nShares of manufacturing giants like Caterpillar and Boeing, which are exposed to the global economy, took big hits Friday, falling 2.8% and 1.4%, respectively, dragging on the Dow.\n\nSome investors turned to the safety of government bonds.The yield on 10-year Treasury notes fell to 1.578%, from 1.644% Thursday. Yields fall as bond prices rise.\n\nCommodity prices also declined. Copper futures dropped 1.5% to $2.56 a pound following reports that Chinese importers had declared force majeure on purchases of the metal because of disruption caused by coronavirus. China accounts for about half of global copper demand, making the price of the metal highly sensitive to swings in demand from the world’s second-largest economy.\n\nA job fair in Los Angeles last year. Employers in the U.S. added 225,000 jobs in January and the jobless rate was 3.6%. Photo: Patrick T. Fallon/Bloomberg News\n\nIn corporate news, Uber Technologies rose 9.5% after the ride hailing and food delivery company said it would reach a measure of profitability a year sooner than previously expected. Rival Lyft gained 5.3%.\n\nShares of eBay dropped 4.7% after Intercontinental Exchange, the parent company of the New York Stock Exchange, abandoned its pursuit of the e-commerce platform. Intercontinental Exchange rose 2.8%.\n\nThe Stoxx Europe 600, which has also been trading at all-time highs, dropped 0.3% while Hong Kong’s Hang Seng Index closed down 0.3%.\n\nElsewhere the euro fell to a four-month low of $1.095 after fresh data showed German industrial activity unexpectedly plunged 3.5% in December from the prior month. Economists had expected a slight uptick. Exports in the final month of 2019 also climbed more slowly than the consensus estimate. Industrial production fell in France, the eurozone’s second-largest economy behind Germany, and in Spain.\n\nThe data paint a picture that is “quite inconsistent about where you’re seeing strength and weakness” in Europe, said Hugh Gimber, global market strategist at J.P. Morgan Asset Management. “There are some green shoots of optimism, but admittedly you have to look harder for them than you do in the U.S.”\n\nWrite to Joe Wallace at Joe.Wallace@wsj.com and Gunjan Banerji at Gunjan.Banerji@wsj.com",
    "published": "2020-02-07"
  },
  {
    "source": "WSJ",
    "title": "Disney Impresses, Oil Falls and Stocks Return to Record Territory",
    "summary": "While the coronavirus weighs on crude, equity markets are focusing on trade talks and earnings",
    "link": "https://www.wsj.com/articles/disney-impresses-oil-falls-and-stocks-return-to-record-territory-11581080400?mod=Searchresults_pos2&page=11",
    "content": "After two straight weeks of losses, major U.S. stock indexes rebounded this week. The Dow Jones Industrial Average, S&P 500 and Nasdaq Composite all set new highs.\n\nTraders were encouraged by news that China will begin cutting tariffs, a welcome sign that “phase one” of the U.S.-China trade deal is being implemented. And while the coronavirus is still spreading, and still deadly, equities markets were more focused on earnings.\n\nWho were this week’s winners and losers in the market?\n\nWINNER: Walt Disney\n\nThe House of Mouse posted quarterly earnings Tuesday, and the report included details on its new streaming service, Disney+. After launching with about 10 million subscribers in November, Walt Disney Co. DIS 0.45 %increase; green up pointing triangle reported the service now has 28.6 million paying subscribers. The Street was expecting only about 20 million.\n\nNewsletter Sign-up Markets A.M. Let the WSJ's own Spencer Jakab prepare you for the trading day ahead, with expert insight into the companies and industries set to move markets. Preview Subscribed\n\nIn the wake of the report, a number of analysts raised their price targets; investors were less impressed. The stock has fallen 1.4% since the report.\n\nThe platform wars are the next major battleground for Hollywood as technology alters the distribution model. Besides Netflix Inc., Hulu and Amazon.com Inc.’s Prime, Disney is competing against Apple Inc. (Apple TV+), Comcast Corp. (Peacock), AT&T Inc. (HBO Max) and ViacomCBS Inc. (CBS All Access). That is a heavyweight donnybrook.\n\nHaving the right mix of programming and technology is going to be key. It also doesn’t hurt to have Baby Yoda on your team.\n\nLOSER: Oil\n\nCommodity markets have been hit harder than equity markets by fears over the coronavirus. China is the world’s biggest importer of oil and copper, and many analysts expect a slowdown in its economy because of business disruptions resulting from widespread quarantines. Oil prices, in particular, have borne the brunt of those fears. On Monday, oil prices slid into bear-market territory, down more than 20% from their January highs.\n\nThe main U.S. benchmark, West Texas Intermediate, briefly traded under $50 a barrel on Monday for the first time in more than a year. It wasn’t far off that price Thursday, closing at $50.95.\n\nTHE WEEK AHEAD: The economic calendar is light. Inflation ended 2019 on a benign note, and on Thursday the consumer-price index will provide the first look at inflation in 2020. On Friday, the retail sales report for January is released. Retail sales ended 2019 on a solid, if unspectacular, footing. The January report is expected to continue that trend.\n\nOn the earnings front, there is another heavy week of reports. Highlights include Cisco Systems Inc. (Wednesday) as well as PepsiCo Inc. and Kraft Heinz Co. (Thursday).\n\n—To receive our Markets newsletter every morning in your inbox, go here.\n\nShare Your Thoughts What surprised you this week? Why? Join the conversation below.\n\nWrite to Paul Vigna at paul.vigna@wsj.com",
    "published": "2020-02-07"
  },
  {
    "source": "WSJ",
    "title": "Bond Funds Are Hotter Than Tesla",
    "summary": "Investors have been diving into the bond market like never before",
    "link": "https://www.wsj.com/articles/bond-funds-are-hotter-than-tesla-11581091201?mod=Searchresults_pos6&page=19",
    "content": "Tesla Inc.’s TSLA 0.43 %increase; green up pointing triangle stock isn’t the only hot asset.\n\nNearly four decades into a bull market for bonds, investors still have a ravenous appetite for them, even though interest rates are near historic lows around the world.\n\nMuch of the influx into bonds has come from individual investors. But that doesn’t make them the “dumb money,” especially because many giant institutions are investing just as avidly.\n\nThe move into bonds by individual investors is a long-term migration, not a stampede. It’s prudence, not folly.\n\n“You’re seeing an epic supply-demand imbalance,” says Rick Rieder , chief investment officer for global fixed income at BlackRock Inc. BLK 0.52 %increase; green up pointing triangle “But I’m very far from thinking that this is a bubble in rates.”\n\nYes, individual investors have been buying bonds like never before. Last year, taxable-bond mutual funds and exchange-traded funds took in a record $414 billion, estimates Morningstar Inc. MORN 0.78 %increase; green up pointing triangle Meanwhile, investors sold $72 billion in mutual funds and ETFs holding U.S. stocks.\n\nThis shift, under way for years, has become gargantuan. From 1990 through 1999, bond funds and bond ETFs accounted for only 10% of the cumulative $2.37 trillion that flowed into funds, according to the Investment Company Institute. From 2000 through 2009, bond funds made up 26% of the $3.5 trillion in total inflows. Over the 10 years just ended, however, 74% of the total $2.68 trillion that investors added went into bond funds.\n\nIn January 2020, the inflow to bond ETFs exceeded 2% of assets, bringing their total capital to approximately $850 billion, according to State Street Global Advisors. That was the fifth month in the past year when net inflows to bond ETFs were greater than 2% of total assets.\n\nSome areas were hotter. At the end of 2019, municipal-bond funds commanded $861 billion in total assets. More than $105 billion poured in during 2019, Morningstar estimates.\n\nThat inflow to muni funds surpassed the previous annual record, set in 2009, by more than 40%. One-eighth of all the assets held by municipal-bond funds arrived in the past year alone. That’s remarkable, considering that muni funds have been around since 1976. According to Morningstar, Vanguard Tax-Exempt Bond, available as both a mutual fund and an ETF, took in $2.7 billion—growing by more than two-thirds in a single year.\n\nThere is method to this madness. The 2017 federal tax overhaul “capped the state and local tax deduction, which made tax-exempt municipals one of the remaining areas for investors to shelter income above the cap,” says Natalie Cohen, president of National Municipal Research Inc. in New York.\n\nSHARE YOUR THOUGHTS Is the bond market in a bubble, or are investors prudently rebalancing? Join the conversation below.\n\nAnd, although yields on munis have fallen as prices have risen, many tax-exempt bonds aren’t valued wildly out of line with historical standards.\n\nOther factors also add up. “Tremendous inflows are still coming in” from investors selling stocks to buy bonds, says Mr. Rieder of BlackRock. And no wonder: With inflation quiescent, the Federal Reserve and most other central banks look unlikely to raise interest rates soon. What’s more, the U.S. stock market was up 31.5% last year, including dividends.\n\nMore and more investors and financial advisers have been setting an asset-allocation target—say, 60% in stocks, 40% in bonds—and rebalancing, or adjusting to restore that ratio, over time. That means selling some of the best-performing assets, buying some of the laggards, or both.\n\nAnd, to reduce the fluctuations and increase the income in their portfolios, people sell some stock and buy more bonds as they age, says Shelly Antoniewicz, a senior economist at the Investment Company Institute, a fund-industry trade group.\n\n“Investors are being smart in how they do their rebalancing,” she says. “They do it gradually, not in a sudden move, and the bulk of the money isn’t going into long-term bond funds” vulnerable to the biggest losses if interest rates eventually rise.\n\nAs of the end of 2018, fund investors in the aggregate had 62% of their assets in stocks, and 31% in bonds and money-market funds, estimates Ms. Antoniewicz. The U.S. stock market did so well in 2019 that they would have ended up with 66% in stocks and only 27% in bonds and cash at year-end unless they rebalanced by buying bonds, she says.\n\nOf course, there’s always some dumb money somewhere. Investors chasing overheated assets like high-yield emerging-market debt could end up scalded.\n\n“Stretching to get the kinds of returns you got last year,” when the bond market returned almost 9%, “is imprudent,” says Mr. Rieder.\n\nSo don’t load up on shaky low-grade debt or long-term bonds that can get whacked if rates rise unexpectedly. And remember that bonds aren’t the only game in town for income. (As of this week, dozens of online banks offered one-year certificates of deposit yielding at least 2%, according to DepositAccounts.com.)\n\nBut you shouldn’t feel any shame in adding some high-quality bonds, especially with the stock market defying gravity—for now.\n\nWrite to Jason Zweig at intelligentinvestor@wsj.com",
    "published": "2020-02-07"
  },
  {
    "source": "WSJ",
    "title": "AI Gains Ground in Commercial Real-Estate Appraisals",
    "summary": "Technology helps appraisers prepare reports faster, speeding up transaction times",
    "link": "https://www.wsj.com/articles/ai-gains-ground-in-commercial-real-estate-appraisals-11581071401?mod=Searchresults_pos7&page=15",
    "content": "A new crop of appraisal companies is using artificial intelligence to speed up the process of valuing commercial real estate, aiming to reduce the time it takes to buy or sell a property.\n\nTwo pioneers in the nascent market are Apprise, launched last month, and Bowery Valuation, which began operating in 2017. Both companies use technology platforms that automate parts of the appraisal process—such as populating parts of a report with public data on taxes and zoning and tapping natural-language generation to automatically create text in reports.\n\nUnlike Bowery, Apprise also uses AI to estimate the value of properties. Apprise is a joint venture between Maryland-based real-estate financing company Walker & Dunlop Inc. and Netherlands-based AI startup GeoPhy, which supplies the technology.\n\nApprise is focusing on apartments for now, while Bowery covers all commercial-property types.\n\nThe Apprise AI platform can handle 80% of the steps in the appraisal process, executives said, enabling the company to deliver appraisal reports in as little as five days, compared with two or three weeks for a traditional report.\n\nWalker & Dunlop’s primary business is providing loans to commercial-property investors, and appraisals help determine loan amounts. Chief Executive Willy Walker said he decided to launch Apprise to speed up the weekslong appraisal process.\n\n“Time is super important in the transaction business,” Mr. Walker said. “So everything you can do to tighten those time frames is net positive to the person who’s buying it, to finance it, and to the seller.”\n\nNew York-based Bowery Valuation uses in-house technology to deliver appraisal reports in five to 10 days, said co-CEO John Meadows .\n\nCommercial-real-estate appraisals tend to take a few weeks because of the leg work required, according to GeoPhy co-founder and CEO Teun van den Dries . That includes gathering data about a property, such as taxes and income, as well as information about comparable properties and the surrounding market. Appraisers also have to make in-person visits to the property.\n\nJohn D’Angelo , head of U.S. real estate for Deloitte Consulting, said the real-estate sector has traditionally been slow to innovate, but he sees growing acceptance of using AI and big data to make property valuations faster and cheaper.\n\nBowery has 65 employees, including roughly 40 appraisers. It is licensed to appraise properties in 40 states, but primarily focuses on the Northeast and mid-Atlantic regions.\n\nAt Apprise, the 10-person staff includes five certified appraisers. About 40 GeoPhy employees are responsible for the technology platform. Apprise is licensed to operate in 39 U.S. states and it is expected to expand to the contiguous 48 states by this summer.\n\nPrices for Apprise reports start around $3,000, but they can vary depending on the complexity of the transaction, availability of data and other factors, executives said. Bowery’s appraisals typically range from $2,500 to $7,500. Traditional appraisal reports also tend to fall in that range, officials from both companies said.\n\nOne of the main features of Bowery’s system is automatically populating information about a subject property and comparable properties, which appraisers use to determine the value of the property being evaluated. Though AI isn’t involved in that feature, Bowery does use AI to generate text throughout reports and analyze and categorize inspection photos, saving appraisers time.\n\nApprise’s system works by having machine-learning algorithms analyze more than 100 factors related to apartment buildings or complexes, such as rental-income data and crime statistics. The system learns how those factors affected sales prices in a specific market, enabling it to generate predictions about what a property is worth.\n\nOnly certified professionals can ascribe a final appraisal value to a property, Mr. van den Dries said, and when they do, Apprise’s system uses that input to improve its predictions.\n\nThe system can also predict what will happen to a property’s income and expenses up to a year in the future. It does that by analyzing how job growth, nearby retailers and other factors affected finances at other properties.\n\nFor instance, the system has learned that apartment complexes near independent coffee shops tend to have faster-growing rents compared to those near franchise coffee shops, Mr. van den Dries said. Certain yoga chains tend to be strong indicators of future rent growth, he added.\n\nExecutives declined to disclose how much they have invested in Apprise, but GeoPhy has raised $45 million. Bowery Valuation has raised $27 million to date.\n\nAutomated appraisals are also popping up in the residential real-estate market, with players including HouseCanary Inc. and Reggora Inc.\n\nMark Linné , a valuation-technology expert and appraisal consultant, said it might be challenging for Apprise and Bowery to build out a national footprint of appraisers, and they will likely see traditional appraisal firms mimic their approaches—but the customer appetite is there.\n\n“Today is a better time for startups in this space than ever before,” said Mr. Linné, principal of Colorado-based Chrysalis Valuation Consultants LLC. “Ten years ago, eight years ago, five years ago, the market wasn’t ready. The market’s ready today.”\n\nWrite to Jared Council at jared.council@wsj.com",
    "published": "2020-02-07"
  },
  {
    "source": "WSJ",
    "title": "Newsletter Special Report: More Jobs, More Workers",
    "summary": "This is the web version of the WSJ’s newsletter on the economy. You can sign up for daily delivery here.",
    "link": "https://www.wsj.com/articles/newsletter-special-report-more-jobs-more-workers-01581094199?mod=Searchresults_pos17&page=17",
    "content": "This is the web version of the WSJ’s newsletter on the economy. You can sign up for daily delivery here.\n\nIt Keeps Going, and Going, and Going\n\nEmployers added 225,000 jobs in January and the jobless rate was 3.6%, signs that the U.S. labor market is positioned to fuel economic growth in 2020. The robust payroll gain points to a continued healthy labor market in a U.S. economic expansion now in its 11th year. Signs of momentum: Over the past three months, the U.S. economy added an average 211,000 jobs. Job growth was revised higher in the last four months of 2019.\n\nKEY THEMES\n\nJobs Data Hint at Productivity Revival\n\nJanuary’s 1.4% increase in nonfarm employment from a year earlier was solid, and up from the recent low of 1.3% in October. But revisions show a pronounced slowdown from the recent 2% peak in 2015. This is not surprising: This far into an expansion hiring should slow as demand levels off and qualified workers are harder to find; job growth has still been stronger than many experts thought possible. More important, output growth has remained solid; it was 2.3% in the fourth quarter of 2019, right in line with the average since 2013. This means firms are turning to efficiency and capacity to boost sales, which is why productivity growth has accelerated, a good sign for the long run. Still, at 1.8% in the fourth quarter, productivity gains are historically modest, partly because growth has been brisk in sectors such as leisure and hospitality, where wages and productivity are low, but sluggish in manufacturing and mining where wages and productivity growth are high. —Greg Ip\n\nThe Streak\n\nThe longest stretch of continuous job creation on record remains in place, by the skin of its teeth. Annual revisions the Labor Department issued Friday trimmed 55,000 jobs from February 2019’s payroll increase, leaving the month adding just 1,000 jobs. But a gain is a gain, and U.S. employers have added to payrolls every month since Oct. 2010, by far the longest run on record.\n\nWhile the overall job streak is alive, the private-sector job streak is over. Take out government hiring and employers cut 6,000 jobs in February 2019—the first such drop since February 2010.\n\nOverall, the latest annual revisions did little to change the big picture. Hiring was less than thought in 2018, offering a slightly dimmer view of a jobs breakout following the passage of tax cuts. But maintaining the pace of employment growth in a decade-long expansion has defied the expectations of many economists. —Eric Morath\n\nJanuary’s report may have gotten a boost from warmer-than-expected weather. The construction industry added 44,000 jobs, a relatively large jump for the sector. Of course, there's also seemingly plenty of demand for construction workers as the industry works to meet rising demand. \"The homebuilding sector has been challenged by labor shortages and high costs,\" said the Mortgage Bankers Association's Joel Kan.\n\nManufacturers haven’t been showing the same strength. Factories added 58,000 jobs in 2019, the second-smallest gain for the sector since the jobs recovery began in 2010. It was a sharp pullback from 2018 when 264,000 factory jobs were added. Combined, 2017 and 2018 marked the best two-year run for manufacturing jobs since the late 1980s. Manufacturers cut 6,000 jobs through all of 2016. Factories cut 12,000 jobs last month. —Eric Morath\n\nOne of the best signs in the latest report: rising labor-force participation. The share of the population working or looking for work reached a seven-year high. Among prime-age workers—25 to 54 years old, when school and retirement generally aren’t big factors—the share of the population with a job was the highest since 2001. \"There still appears to be a pool of unutilized labor,\" said AllianceBernstein economist Eric Winograd.\n\nThe flip side to an abundance of workers is softer-than-expected wage gains. Average hourly earnings rose 3.1% from a year earlier in January. That’s below their recent peak and less than many economists would expect in a tight labor market. “Wage growth is still slower than expected in an economy that has had historically low unemployment and remains the most important indicator to watch in 2020,” said Economic Policy Institute economist Elise Gould.\n\nThe solid January employment report offers another source of comfort for the Federal Reserve. Officials lowered rates three times last year after raising them four times in 2018 because of fears weaker global demand, amplified by trade uncertainty, might slow the U.S. economy more than expected. They also concluded the economy may not have been as strong in 2018 as initially thought. But since October, they've been in wait-and-see mode—and Friday's jobs report offers little reason to change course. While officials are holding rates steady for now, they have signaled they see greater risks of surprises that could prompt them to lower rates than to lift them. The coronavirus is the latest example of such a development, Nick Timiraos writes.\n\nWHAT ECONOMISTS ARE SAYING\n\n\"This expansion has continuously disappointed on wage and pay gains, but its ability to pull more and more workers into the labor force is astounding. —Nick Bunker, Indeed Hiring Lab\n\n\"The first report of 2020 is a healthy one—showing that a possible redux of the roaring twenties updated for the 21st Century isn't off the table yet.\" —Daniel Zhao, Glassdoor\n\n\"Strong job creation and firming wage growth in January provided reassurance that the record-long economic expansion still has room to run. But this latest health report also points to a maturing labor market with 2019 job creation cooling to its slowest pace since 2011.\" —Lydia Boussour, Oxford Economics\n\n\"The labor market remains robust and continues to be the key underpinning of economic growth, and there is no reason from the data to expect that to change any time soon.\" —Eric Winograd, AllianceBernstein\n\n\"The new data show less of an acceleration in job growth in late 2018, and instead paint a picture of an economy where employment gains are gradually decelerating as labor market conditions tighten.\" —Ryan Wang, HSBC\n\nSIGN UP FOR OUR CALENDAR\n\nReal Time Economics has launched a downloadable calendar with concise previews, forecasts and analysis of major U.S. data releases. To add to your calendar, please click here.",
    "published": "2020-02-07"
  },
  {
    "source": "WSJ",
    "title": "The Bernie Sanders Experience",
    "summary": "His supporters come for his ‘authenticity’ and to hear him rail against greed and corruption, not to make up their minds.",
    "link": "https://www.wsj.com/articles/the-bernie-sanders-experience-11581119172?mod=Searchresults_pos16&page=19",
    "content": "Manchester, N.H.\n\nThere is something exhilarating about attending a Bernie Sanders campaign event for the first time, even for an incorrigible conservative like me. The crowd is larger, louder and weirder than the typical primary election gathering. There are sweatshirt-wearing college students, cantankerous geriatrics, bedraggled parents of toddlers, hipsters with multiple facial piercings and purple-haired 20-somethings of indeterminate gender. When I arrived at the Bernie rally in Milford, N.H., an all-female rock band called the Bad Larrys was warming up the crowd with angular chords and indecipherable lyrics. I happened to see a guy holding a book, so I sidled up next to him and asked him what it was. The book was titled “Why Buddhism Is True.”\n\nAt campaign events like this one, I like to ask people if they’re certain of their support for the candidate or still considering alternatives. At an ordinary event—a rally for Pete Buttigieg , say, or Elizabeth Warren —some substantial minority of people have come simply to observe. “I haven’t decided yet” is a common response. Not at a Bernie rally. I tried and failed to find an attendee at one of his New Hampshire events who wasn’t already committed to Mr. Sanders. Many said they would vote for whoever the party nominates, but all said they planned to vote for Mr. Sanders in the New Hampshire primary on Feb. 11.\n\nWhen you ask Mr. Sanders’s supporters what it is about him they find attractive, you often get something about authenticity. “I don’t know if I’d say ‘authentic’ or ‘honest,’ ” the Buddhism guy told me, “but it’s something like that.” “With some of them,” one woman said, speaking of the other Democratic candidates, “you’re just not sure what they really believe. With Bernie, you know.” The social-justice campaigner Shaun King , who spoke before Mr. Sanders at the Milford rally, put this question to the crowd: “Who’s more authentic, more real than Bernie Sanders?” Somebody behind me muttered, “Nobody, man.”\n\nFour years ago, when pundits compared the Vermont senator to Donald Trump, saying that both were “populists” running “insurgent” campaigns, Mr. Sanders bristled, and maybe rightly so. But the two men’s supporters have this much in common: They believe their man is who he says he is.\n\nEven I get the appeal. There is a kind of endearing grouchiness about Mr. Sanders. At the Milford event, his wife, Jane, introduced him, and kissed him on the cheek as he walked onto the stage, eliciting a quick shy grin from the senator, but otherwise he never smiled. When a woman interrupted one of his lines by shouting “We love you, Bernie!” he looked slightly annoyed. His persona suggests a man who doesn’t cultivate his image—messy hair, ill-fitting jacket, untempered Brooklyn accent (“health keeah is a yooman right”). You might guess that young people would prefer the fresher and more polished Mr. Buttigieg to a crotchety 78-year-old, but you would be wrong.\n\nWhat Mr. Sanders’s fans love about him—his forthrightness—is also, of course, what makes him a hard sell in a general election. Unlike Sen. Warren, whose economic views are broadly the same as his, Mr. Sanders proudly wears the label “democratic socialist.” Also unlike Ms. Warren, he concedes that he will have to raise taxes.\n\nAdmittedly his claim that he can pay for student debt “cancellation” by a “modest tax on Wall Street speculation” sounds hopelessly vague, but he deserves some credit for honesty. Sometimes you have the feeling that Mr. Sanders is so forthcoming that he genuinely doesn’t know how preposterous his words sound. He plays down the radicalism of Medicare for All, his single-payer health-insurance proposal, by arguing that we are only “talking about expanding the most popular health-insurance program in America.”\n\nAt his talk in Derry, Mr. Sanders’s response to a question on climate change was both refreshingly honest and utterly risible. The ordinary Democratic line on climate change emphasizes intellectual assent and emotional engagement over plans and precise commitments, and it sidesteps the inability or unwillingness of China and India to develop plans to curb their rising emissions, together more than double the U.S. total. Merely proclaiming belief in the reality of climate change, perhaps also calling for a carbon tax and heightened investments in green energy, seems to satisfy most Democratic audiences.\n\nMr. Sanders doesn’t take that approach. “I could come to you and say, ‘We’re gonna put more money into solar panels, and we’re gonna do a little bit of this, and do more for public transportation,’ ” he says in answer to a question about climate policy. “But that’s not gonna solve the problem.”\n\nHe’s right. So what’s his alternative? “What we need to do is set up a long-term structure, and not just for this country—for the entire world.” The room falls silent. “You follow me?” he goes on. “We could do all the right things tomorrow, but if China and Russia and India and Pakistan and Brazil and other countries are not doing the right thing, this planet will be in very deep trouble.”\n\nA “long-term structure” for “the entire world?” I confess I did not follow.\n\nThe chief challenge for Mr. Sanders is the present shape of the economy. In any election, the challenger, Democrat or Republican, can be counted on to deny or dismiss any positive economic news. Mr. Sanders has a double challenge: First, the U.S. economy appears pretty robust. Second, Mr. Sanders doesn’t only argue that the Trump administration isn’t “handling” the economy well; he insists capitalism itself needs a radical overhaul.\n\nOn the night of President Trump’s State of the Union address, Mr. Sanders delivered his own response in the auditorium of a museum in Manchester. “President Trump has told the American people that the economy today is booming as it has never boomed before,” Mr. Sanders said in a scripted speech before a teleprompter, signaling air quotes around the words “booming” and “boomed.” A typical data point from the speech: Whereas “billioneahs” have seen their wealth increase by 37% over the last three years, “wages for the average American worker have gone up by all of 17 cents an hour over the last year, after adjusting for inflation, an increase of less than 1%.”\n\nLeaving aside the accuracy or otherwise of that data point, the likelihood that it resonates in the present economy—modest wage and GDP growth, unemployment at historic lows—would appear minimal. The rhetoric of revolution works better at some times than at others; it’s harder to man the barricades when you’ve got a job.\n\nMr. Sanders has a fine gift for simplifying complicated issues. Partly it’s a skill he has developed over the decades in political office, but partly it’s an outgrowth of his worldview. His foreign-policy views, for instance, which he didn’t spend much time on in New Hampshire, often seem reducible to this: He voted against every war he could vote against as an elected official, especially the Iraq war. On health-care policy, he has a nice riff on the bewildering complexity of premiums, deductibles, copays and out-of-pocket expenses.\n\n“It’s all very simple,” a man with a long gray beard remarked to me at one Sanders event. “It’s supposed to be simple.” The man went on to explain that he is a pacifist and believes the human animal is making a mess of his habitat.\n\nBut for all of Mr. Sanders’s talents as a simplifier, he holds limited appeal for people who don’t know much or anything about politics. There is plenty of energy at a Bernie event, but for the uncommitted it goes on too long.\n\nOther candidates in the race typically speak for about 30 minutes and engage the crowd with jokes and anecdotes. Andrew Yang events can fairly be called a hoot—the crowd laughs from beginning to end. Mr. Buttigieg is an able storyteller. The typical Sanders event is a humorless affair. The candidate speaks for 45 minutes to an hour, and there is a tragic air about all of it: grave recitations of injustice, greed and corruption, accompanied by bold policy ideas certain to right these wrongs, all of it brought together by the dreary language of working-class solidarity.\n\nThis is the point at which Mr. Sanders’s campaign contrasts with Mr. Trump’s. Donald Trump won in 2016 in part by appealing to people who had rarely or never voted. Many of his fans had never followed politics. There must be very few such people at a Sanders event. It takes a special kind of person, after all, to enjoy a nearly hourlong discourse on the depredations of the pharmaceutical industry, the urgent need for increased Title I funding for schools and the tragedy that 97 million Americans are “uninsured or underinsured.”\n\nLots of people come to Sanders events to hear left-wing wonkery and to deplore capitalism and oligarchy. The problem is, they are already Bernie fans. The more important question is this: Who comes to Sanders events to listen and observe and, perhaps, be persuaded to vote?\n\nNobody, man.\n\nMr. Swaim is an editorial page writer at the Journal.\n\nPotomac Watch: The split between progressives and moderates could sink the party in November. Image: Alex Wong/Getty Images",
    "published": "2020-02-07"
  },
  {
    "source": "WSJ",
    "title": "Panama Papers Case to Net First U.S. Conviction",
    "summary": "Harald Joachim von der Goltz, who was charged with using the services of Panamanian law firm Mossack Fonseca to circumvent U.S. tax laws, will plead guilty, federal prosecutors say",
    "link": "https://www.wsj.com/articles/panama-papers-case-to-net-first-u-s-conviction-11581110011?mod=Searchresults_pos3&page=14",
    "content": "U.S. prosecutors may soon secure their first criminal conviction in a case sparked by documents leaked from now-defunct Panamanian law firm Mossack Fonseca.\n\nA German businessman charged with evading U.S. taxes as part of an investigation sparked by a trove of leaked documents known as the Panama Papers will plead guilty, federal prosecutors said.\n\nHarald Joachim von der Goltz, a former U.S. resident who was indicted along with three others in 2018 in connection with documents leaked from the now-defunct Panamanian law firm Mossack Fonseca & Co., initially fought the government’s case, pleading not guilty to charges that include wire and tax fraud and money laundering. He is scheduled to go to trial on March 9.\n\nProsecutors at the U.S. Attorney’s Office for the Southern District of New York and the Justice Department’s main office in Washington on Thursday said Mr. von der Goltz had requested a hearing at which he intended to plead guilty.\n\nIt was unclear Friday which of the government’s charges Mr. von der Goltz would plead guilty to. A lawyer for Mr. von der Goltz, William Burck of Quinn Emanuel Urquhart & Sullivan LLP, didn’t respond to a request for comment.\n\nProsecutors typically reduce charges against defendants who agree to plead guilty instead of going to trial.\n\nA spokesman for the U.S. Attorney’s Office for the Southern District of New York also didn’t respond to a request for comment.\n\nThe case stems from a trove of leaked documents from Mossack Fonseca published by a consortium of journalists in 2016. The documents revealed the law firm had created hundreds of thousands of shell companies and offshore accounts for its clients, which included prominent businessmen and politicians around the world.\n\nShortly after the leak, the Justice Department launched a criminal investigation into whether individuals at the law firm knowingly helped clients launder money or evade taxes.\n\nAlong with Mr. von der Goltz, U.S. prosecutors charged Ramses Owens, a Panamanian citizen and a former partner at Mossack Fonseca; Dirk Brauer, a German citizen who worked as an investment manager at an associated firm; and Richard Gaffey, a U.S. citizen and an accountant who allegedly helped Mr. von der Goltz and another U.S. taxpayer evade taxes.\n\nMr. Gaffey has pleaded not guilty to the government’s charges and is scheduled for trial in March. His lawyer didn’t return a request for comment.\n\nMr. Owens remains in Panama, according to his lawyer, Charlie Carrillo. A court in Panama has ordered Mr. Owens to remain in the country pending the resolution of a criminal case there, Mr. Carrillo said.\n\nProsecutors last year said Mr. Brauer had been extradited to Germany, where he faced criminal charges. A lawyer for Mr. Brauer didn’t return a request for comment.\n\nOther countries have opened their own investigations into individuals and companies linked to the Panama Papers. In December, Deutsche Bank AG agreed to pay €15 million ($16.4 million) to resolve a money-laundering and tax-evasion probe by German prosecutors the bank said was related to the leaked documents.\n\nWrite to Dylan Tokar at dylan.tokar@wsj.com",
    "published": "2020-02-07"
  },
  {
    "source": "WSJ",
    "title": "Bulk Carrier American Commercial Lines Files for Bankruptcy",
    "summary": "The private equity-owned river barge and tow operator has a lender-backed restructuring plan to cut $1 billion in debt",
    "link": "https://www.wsj.com/articles/bulk-carrier-american-commercial-lines-files-for-bankruptcy-11581110064?mod=Searchresults_pos15&page=5",
    "content": "American Commercial Lines, a private equity-owned operator of river barges and towboats that deliver bulk cargo, has filed for bankruptcy. Photo: Julie Jacobson/Associated Press\n\nAmerican Commercial Lines Inc., a private equity-owned operator of river barges and towboats that deliver bulk cargo, has filed for bankruptcy with a lender-backed deal to boost its liquidity and trim $1 billion in debt from its balance sheet.\n\nFriday’s bankruptcy filing comes days after ACL announced it had entered into a restructuring-support agreement and planned to file chapter 11. Platinum Equity acquired the Jeffersonville, Ind.-based company in December 2010 in a deal the private-equity firm said was valued at about $800 million.",
    "published": "2020-02-07"
  },
  {
    "source": "WSJ",
    "title": "The Scottish Fund Manager That’s One of the Biggest Winners on Tesla",
    "summary": "Baillie Gifford is the second biggest shareholder in Tesla with a stake worth over $10 billion",
    "link": "https://www.wsj.com/articles/the-scottish-fund-manager-thats-one-of-the-biggest-winners-on-tesla-11581083730?mod=Searchresults_pos18&page=11",
    "content": "EDINBURGH—One of the biggest winners from Tesla Inc.’s TSLA 0.43 %increase; green up pointing triangle wild ride is a 112-year-old Scottish asset-management firm that has become a specialist in holding some of the world’s most hyped stocks for the long term.\n\nBaillie Gifford & Co., the Edinburgh-based investment house with £218.6 billion ($282.6 billion) in assets under management, is electric-car maker Tesla’s largest institutional shareholder and the second-largest shareholder after Chief Executive Elon Musk.\n\nBaillie Gifford first bought 2.3 million shares worth $89 million in Tesla in 2013, building its holding to nearly 14 million shares by December 2019. Its stake, which it revealed this week it had boosted to 7.67% of Tesla, is worth $10.35 billion.\n\nA spokeswoman for Baillie Gifford said the firm thinks Tesla has largely driven the global shift toward electric vehicles and retains a substantial competitive advantage for the future. Baillie Gifford believes Tesla will be several times its current size in five to 10 years, she said.\n\nTesla has been on a tear, with shares up 79% this year and a new closing high achieved this week. The company said it notched record deliveries in the fourth quarter and some analysts have raised their price targets. Still, there is fierce debate over the company’s actual value, given that it has never made an annual profit in a notoriously competitive industry.\n\nTesla was Baillie Gifford’s biggest holding in December, accounting for 5.25% of its overall portfolio, according to FactSet. Since March 2013, the firm has spent on average $202.01 per Tesla share. Several Baillie Gifford funds hold the stock and there is no house view on when to buy or sell.\n\n“[Tesla’s] quarterly numbers don’t matter,” said Catharine Flood , corporate strategy director for Scottish Mortgage Investment Trust PLC, a Baillie Gifford fund that holds Tesla. The most important question is what is happening in the transportation industry, she said, and the long-term implications for the sector’s transformation.\n\nCatharine Flood, corporate strategy director of Scottish Mortgage Investment Trust. Photo: Baillie Gifford\n\nScottish Mortgage, a closed-end fund that dates back to 1909, is the firm’s flagship vehicle and trades on the FTSE 100. James Anderson , the fund’s co-manager, has said he doesn’t think Mr. Musk needs to be CEO, while still making the investment case for the stock.\n\nTesla representatives didn’t respond to a request for comment.\n\nBaillie Gifford’s approach to Tesla reflects the firm’s investment philosophy: buy “extraordinary” companies that can offer tremendous growth, keep the stock for five to 10 years and ignore daily market moves and quarterly earnings.\n\nFounded in 1908, the firm made growth investing the centerpiece of its strategy for decades. It has sharpened its focus over the past few years, said Charles Plowden , joint senior partner, after reviewing research that showed that between 1926 and 2016, slightly more than 4% of U.S. stocks accounted for all the market’s gains.\n\nThat spurred the firm to seek out only top-tier companies, Mr. Plowden said, a conviction which was strengthened after further research showed just 1.3% of global companies accounted for the market’s gains between 1990 and 2018.\n\n“We can ignore large swaths of the [investing] universe,” Mr. Plowden said, adding that the firm looks at the potential of a company rather than current profits. There is no guarantee the companies will succeed, he said.\n\nCharles Plowden, a joint senior partner at Baillie Gifford, oversees the investment departments. Photo: Baillie Gifford\n\nOther investments include Chinese internet giants Alibaba Group Holding Ltd. and Tencent Holdings Ltd.;Facebook Inc.;Amazon.com Inc.;Spotify Technology SA and a crop of unlisted firms including Airbnb Inc., eyeglasses seller Warby Parker Inc. and Bytedance Inc., which operates video-sharing app TikTok.\n\nBaillie Gifford expanded its efforts investing in private companies in 2014 and spun out a dedicated team in 2017. The goal was to get to know companies before they went public and secure access to firms that are staying private longer, said Peter Singlehurst , head of unlisted equities. Nearly $4 billion of clients’ money is invested in private companies, he said.\n\nThe company said it leverages longtime positions to get access to up-and-comers. Its relationship with Alibaba, for example, helped the firm snag an investment in Ant Financial Services Group, now the world’s most valuable financial-technology startup.\n\nNot all flashy technology companies have appealed. Baillie Gifford didn’t invest in Uber Technologies Inc. in 2014 due to what it saw as an aggressive culture, Mr. Singlehurst said. An Uber spokesman declined to comment. Facial-recognition companies have also brought pause due to public concerns over how governments might use the technology, Mr. Singlehurst said.\n\nSHARE YOUR THOUGHTS What lessons can be drawn from Baillie Gifford’s strategy? Join the conversation below.\n\nBaillie Gifford is structured as a partnership, with 43 partners who sell their equity for the same price at which they bought in to the next generation once they leave. Employees say that has fostered discretion and a lack of external pressure.\n\nSo determined is the company to stay away from what it views as an undue focus on market short-termism that it tries to locate its offices away from cities’ main financial districts, a spokeswoman said.\n\nMs. Flood said the emphasis remains on encouraging companies to invest in research and development and capital expenditure, even if profits falter in the near term.\n\nAlibaba noticed Scottish Mortgage hadn’t sold shares at or since the tech giant’s initial public offering, said Ms. Flood.\n\n“We are not looking at what markets think of the trade war,” she added.\n\nThe Wall Street Journal’s Tim Higgins explores how CEO Elon Musk turned Tesla into the most valuable U.S. auto maker of all time.\n\nWrite to Julie Steinberg at julie.steinberg@wsj.com",
    "published": "2020-02-07"
  },
  {
    "source": "WSJ",
    "title": "Winning a 5G Battle but Not the War",
    "summary": "An FCC chief outsmarts the swamp but the U.S. has not solved the puzzle of competing with China.",
    "link": "https://www.wsj.com/articles/winning-a-5g-battle-but-not-the-war-11581118107?mod=Searchresults_pos2&page=14",
    "content": "This column hereby rescinds its Tom Wheeler award to Ajit Pai , chairman of Federal Communications Commission. (Don’t misunderstand. The award is distinctly uncoveted.)\n\nIt doesn’t matter if a cat is black or white as long as it catches mice, and Mr. Pai’s newly announced solution to a vexed satellite spectrum puzzle would effectively catch the 5G mice. Most important is a point stressed by New Street Research’s Blair Levin , himself a former federal broadband czar: The plan likely avoids a replay of World War I in the courts that would tie up desirable spectrum for years.\n\nEveryone understands that more spectrum is needed if the U.S. is to compete with China in 5G. Yet, out of respect for the populist grousing of a single GOP senator, the White House in recent weeks scuttled an FCC proposal that would have rewarded a handful of satellite companies for giving up part of their licensed U.S. spectrum. Why scuttle it? Because they are foreign-owed satellite companies.\n\nTom Wheeler was the Obama FCC chief bigfooted by the White House over his own carefully crafted net-neutrality plan. Mr. Pai seemed destined for similar ignominy. Then, a day after Mr. Trump secured his Senate acquittal, Mr. Pai undid much of the damage by announcing his own proposal to dangle $9.7 billion in incentive payments in front of the license holders.\n\nUnderstand: His goal was not to induce ecstasy in the satellite companies, but to elicit their cheerful, non-litigating cooperation in adapting their businesses to allow about half their spectrum to be shifted quickly to 5G. (In contrast, the major wireless carriers were ecstatic.)\n\nInsiders credit fellow Commissioner Michael O’Rielly with much of the legwork, but the chairman’s support was crucial. In a well-received speech on Thursday, Mr. Pai stressed the importance of speed to keep pace with China. He cited the encouragement the deal would give other spectrum holders to cough up underutilized spectrum.\n\nHe didn’t mention, but might have, a related issue: If taken as a signal that more spectrum will be coming to the market in the future, it could help alleviate the inflated pricing and hoarding that has bedeviled wireless providers.\n\nThe FCC understandably is torn on this point—it likes to report fat spectrum auction proceeds to Congress. But the original goal of allocating the airwaves through auctions was to make sure spectrum is efficiently priced and used. Artificially high prices aren’t only bad for the economy and downstream users but contribute to Washington’s difficult 5G conundrum.\n\nThe Chinese government is not handcuffed by such concerns. By declaring “let there be 5G,” it creates opportunities for Huawei and other Chinese companies speedily to climb the learning curve in developing equipment for the new networks. The U.S. deprives itself of Huawei’s learning when it closes off its market. The U.S. might have acted sooner to capture Huawei by forcing it to become a trusted U.S. supplier in return for access to then-leading Western networks. Unfortunately, that mouse has long since eluded the cat. Yet we kid ourselves in thinking we are very much safer. Anybody’s equipment can be compromised and Chinese spies are constantly looking for ways (as are Western spies).\n\nIn the meantime, high spectrum prices and equipment costs compound a problem for our major telecommunications companies. We may quiver in anticipation of driverless cars and virtual reality, but these 5G-enabled goodies are not just around the corner. In the first phase, companies will roll out 5G so everyday mobile broadband doesn’t break down under constantly growing consumer demand. Guess what? This won’t be remunerative. Consumers have demonstrated their unwillingness to pay higher bills for service that isn’t noticeably improving. Though companies are desperately trying, hanging on a 5G label probably isn’t going to change that.\n\nThrow in the collision that 5G necessarily invites between the wireless and cable giants. Throw in the evident need of the wireless industry, directly and indirectly, to subsidize the streaming wars that gobble up ever more bandwidth. AT&T has its own WarnerMedia streaming service about to launch in May. Verizon and T-Mobile have been subsidizing their customers to consume, respectively, Disney+ and Netflix.\n\nThe crystal ball does not state categorically that another episode of value destruction lies ahead for the telecom industry like the one that engulfed it in the late 1990s (rest in peace, Bernie Ebbers ). But investors and policy makers might want to be alert to the possibility. The ability of our telecom companies to finance the ambitious rollout Washington wants ought to be part of our 5G conversation too.\n\nWatch highlights from U.K. Parliament as politicians including Liam Fox, David Davis and Iain Duncan Smith challenge Foreign Secretary Dominic Raab on the decision to allow Huawei to help build its 5G network. Image: Dominic Lipinski/PA Wire via ZUMA Press",
    "published": "2020-02-07"
  },
  {
    "source": "WSJ",
    "title": "Swiss ETFs Remain a Refuge",
    "summary": "Funds focused on Swiss equities have had a good year, helped by their status as a haven",
    "link": "https://www.wsj.com/articles/swiss-etfs-remain-a-refuge-11581303661?mod=Searchresults_pos19&page=5",
    "content": "The largest Swiss-stock ETF posted a total return of 31.6% in 2019 and is up almost 3% so far in 2020.\n\nInvestors consider Switzerland to be a relatively safe, steady and stable economy, and analysts expect exchange-traded funds exposed to Swiss equities to continue to shine in 2020 as a result.\n\niShares MSCI Switzerland ETF (EWL), the largest and most liquid U.S. ETF with dedicated exposure to Switzerland, posted a 31.6% return in 2019 and is up almost 3% this year, according to data from fund researcher Morningstar. With its low volatility amid global market uncertainty, the fund earns a top overall rating from CFRA, says Todd Rosenbluth , director of ETF and mutual-fund research at the New York-based research firm.\n\n“We think investors can augment their international equity portfolios with single country exposure and believe EWL is a great way to get large-cap defensive equity exposure,” he says, adding that the fund outperformed the broader European equity market in 2019.\n\nThe $1.2 billion fund is concentrated in three main sectors—consumer staples, financials and health care—which represent 75% of the fund’s assets, says Mr. Rosenbluth. Blue-chip multinationals Nestlé SA, Novartis AG and Roche Holding AG each account for 10% or more of the fund’s assets.\n\nIndeed, any investor considering stocking up on Swiss equities should note that Swiss benchmarks are often concentrated in just a handful of names, says Luke Oliver , head of index investing at DWS, Deutsche Bank AG’s asset-management unit, based in New York. In the case of Switzerland’s blue-chip stock-market index, those three names are Nestlé, Novartis and Roche.\n\nOther options for fund investors interested in the Swiss market include the $15.2 billion Vanguard FTSE Europe ETF (VGK), which has heavy exposure to Switzerland at 14% of assets; the $150 million First Trust Switzerland AlphaDEX (FSZ), a costlier, more fundamentally focused ETF; and the $34.2 million Franklin FTSE Switzerland (FLSW). These funds posted gains of 24.9%, 25.9% and 31.7% in 2019, respectively, according to Morningstar.\n\nClémence Dachicourt , portfolio manager at Morningstar Investment Management, says Swiss equities performed particularly well in 2019 because they benefited both from their safe-haven status and Switzerland’s political stability amid trade-war and Brexit concerns.\n\nU.S. investors also benefited from a 1.8% appreciation of the Swiss franc against the U.S. dollar, she says.\n\nMs. Akhtar is a writer in London. She can be reached at reports@wsj.com.",
    "published": "2020-02-07"
  },
  {
    "source": "WSJ",
    "title": "Fiction: The Trickster Hero of the Thirty Years’ War",
    "summary": "On the road with Tyll Eulenspiegel, the devil’s disciple of Germanic legend.",
    "link": "https://www.wsj.com/articles/fiction-the-trickster-hero-of-the-thirty-years-war-11581090218?mod=Searchresults_pos16&page=15",
    "content": "If you’re going to be a German writer of distinction, at some point in your career you have to dance with the devil. Goethe had “Faust,” Thomas Mann had “Doctor Faustus” and his son Klaus, “Mephisto.” Now the prodigiously imaginative Daniel Kehlmann , whose 2005 novel “Measuring the World” was a global bestseller, has written “Tyll” (Pantheon, 342 pages, $26.95), which recasts the legend of Tyll Ulenspiegel. In German folklore, Ulenspiegel is a trickster figure, a merry prankster who, since the 16th century, has figured in low comic tales, sophisticated satires and a tone poem by Richard Strauss . In Mr. Kehlmann’s novel (ably translated by Ross Benjamin ) he is a disciple of “the great, great devil,” a grinning lord of disorder whose jokes and games have a strange way of presaging the devastation of the Thirty Years’ War.\n\nYou don’t need any knowledge of the Ulenspiegel legend to appreciate this brilliant, blackly sardonic retelling. It is worth taking a quick Wikipedia refresher on the Thirty Years’ War, however, if only to be reminded of the ludicrously byzantine causes and the eye-popping casualty counts of the war that consumed Europe in the first half of the 17th century. Mr. Kehlmann’s Tyll is raised in a small German village on the eve of the conflagration. When his father, a miller who dreamily dabbles in herbs and spells, is hanged for witchcraft, Tyll flees into the Black Forest with the baker’s daughter, Nele, where they subsist as traveling performers. Like a Reformation-era Zelig, Tyll has a way of placing himself in the company of the war’s major actors, if not at the heart of the battles.\n\nMr. Kehlmann parallels Tyll’s wanderings by telling his story in nonchronological order and by shifting among several sets of characters. Tyll serves as the jester to the dethroned King of Bohemia Frederick V, whose brief reign was the war’s casus belli, and to his exiled wife, Elizabeth Stuart, who learns something about the art of realpolitik from the fool’s brazen ways. And crossing their paths in the scorched landscape are diplomats, criminals, scholars and poets, many of whom are real historical figures.\n\nThe sprawling cast makes it clear that Tyll is not the reason for the senseless, nihilistic war, but merely its smirking avatar. The devil has gotten into nearly everybody, seen best in the macabre, corkscrew irony of the dialogue. “Yes, of course,” cries the inquisitor trying Tyll’s father for heresy, when asked whether he tortured the accused. “Why else should he have confessed? Without torture no one would ever confess anything!” The name Ulenspiegel literally translates to “owl mirror,” which many have interpreted to mean “wise reflection.” In Mr. Kehlmann’s unforgettable joker we have a picture of humankind in all of its madness and strutting pride.\n\nHumankind pleases Andrew Krivak so little that he has killed off almost all of it for his strange and strangely tender apocalyptic fable “The Bear” (Bellevue, 221 pages, $16.99). Set a few generations after an unspecified extinction event, the novel follows the last two humans on Earth, a father and daughter who live in what appears to be the mountains of New Hampshire. Like Cormac McCarthy ’s “The Road,” the novel is centrally about the parent-child bond and the teachings that go into survival. Yet Mr. Krivak’s novel shares none of that book’s sense of doom or horror. “The Bear” is interested in continuity, the ways that life will persevere and age-old knowledge will still be transmitted after the end of man’s dominion.\n\nThe bulk of the story follows the father’s and daughter’s journey to the ocean to collect salt and the dangerous trek back through the mountains in winter. The return is made possible by the help of animals, especially a solitary bear who knows all the caves and streams. Absent the clamor of human voices, the girl learns to communicate with these creatures. Even trees have a language, though “when they spoke, they spoke with such indifference to time that it would take the girl several moons to hear one of their conversations, the better part of one just to hear a single word. But to them it was no different from any story told to any other around a fire in the night.”\n\nMr. Krivak balances this sort of mysticism with closely observed descriptions of sewing leather for shoes, carving wood for bows and arrows or spotting eddies to fish for trout. These activities are endowed with such fullness of meaning that you have to assign this short, touching book its own category: the post-apocalypse utopia.\n\nAt the start of Tina May Hall ’s “The Snow Collectors” (Dzanc, 221 pages, $16.95), a New England woman named Henna discovers a dead body in the woods near her house. The deceased woman is holding a scrap of an old letter, which Henna later discovers was written by Jane Franklin , the wife of the explorer John Franklin , who vanished in the Arctic with his crew in 1847 while trying to navigate the Northwest Passage. Like Lady Jane, Henna is also marked by disappearances, as her parents and twin sister drowned in a yachting accident when she was young. The novel, then, concerns Henna’s sleuthing into Jane Franklin’s secret history, the mystery of the death and the connections, real or imagined, into her personal tragedy.\n\nMs. Hall is my favorite kind of writer, a born poet who turns to prose and imbues that rather proletarian form with the grace and lightness of verse. I highly recommend the quicksilver short stories in her 2010 collection “The Physics of Imaginary Objects.” But the mishmash of “The Snow Collectors” defeated me. Grafted onto Henna’s psychological drama are acts of sudden violence that could come, as Henna puts it, from “some cut-rate thriller.” Added to all that is a bizarre gothic romance involving the village police chief, whose ancestors were connected with the Franklin expedition. The story wobbles between these genres like the needle on a broken compass. It doesn’t lead you into mystery so much as simply get you lost.",
    "published": "2020-02-07"
  },
  {
    "source": "WSJ",
    "title": "Which Way to Buy Gold: The Metal or the Companies?",
    "summary": "Bullion has many advantages for long-term investors, experts say. But for those who want to bet on the current rally, gold-mining stocks may be preferable",
    "link": "https://www.wsj.com/articles/which-way-to-buy-gold-the-metal-or-the-companies-11581304020?mod=Searchresults_pos8&page=10",
    "content": "Gold is a store of value. But one downside of bullion is that it pays no dividend.\n\nAfter years stuck in the doldrums, gold is back in fashion. A common question from individual investors is, should they put their money into the precious metal itself or gold-mining stocks?\n\n“It boils down to what you are trying to achieve” says Rohit Savant , vice president of research at New York commodities consulting firm CPM Group.\n\nFor those seeking a strategic, long-term investment, Mr. Savant and other experts advise buying bullion—that is, bars or coins of the metal or funds that focus on such. For those seeking to make a tactical bet on the gold rally, shares of gold miners might be preferable in that they offer the potential for bigger gains over a shorter period. Either way, investors should brace for a wild ride.\n\nFor much of the past decade, gold and gold-company shares weren’t great investments. The price of the precious metal briefly peaked above $1,900 a troy ounce in September 2011. By late 2015, it had fallen to $1,050 an ounce, a low for the decade.\n\n“If you look at the price of gold over that time, it was in purgatory,” says Art Hogan , chief market strategist at National Securities.\n\nGold stocks fared even worse. For much of the same period, VanEck Vectors Gold Miners (GDX) exchange-traded fund, which tracks a basket of gold-mining stocks, traded at less than half the value it was in late August 2011, according to data from Yahoo Finance.\n\nThen suddenly, gold caught the interest of investors, as the U.S.-China trade war dimmed the outlook for stocks and some feared the White House wanted a weaker U.S. dollar. Bullion prices have rallied around 32% from September 2018, and the metal was trading Friday at $1,568 an ounce. Gold-mining stocks have jumped almost 60% over a similar period. Wolfe Research now sees gold prices breaching the record highs of 2011, perhaps this year.\n\nPros, cons of bullion\n\nFor long-term investors, investing in gold bullion has many advantages. It is a diversifier of risk when held as part of a broader portfolio. That’s because gold has virtually no correlation to movements in stocks most of the time, according to a research paper published in the Journal of Managerial Finance in 2015.\n\n“The maximum correlation was less than 0.3, and that’s not a lot of correlation compared with other securities and their relationship to the S&P 500,” says Allen Michel , professor of finance at Boston University Questrom School of Business, one of the authors of the paper.\n\nAnother reason investors might want to hold a portion of their wealth in gold is as a store of value over the long term, Mr. Savant says. In other words, over long periods, gold prices move up as costs of living rise. That was certainly true during the double-digit inflation of the 1970s, when bullion prices jumped more than 20-fold to a then-record $850 in 1980 from $35 in 1971. “The 1970s was a great decade for gold and terrible for stocks,” Mr. Hogan says.\n\nSome experts also say bullion could help investors if there is a financial crisis and deflation. When a financial crisis hits, central banks may have no choice but to lower the cost of borrowing far below zero, says Don Coxe , chairman of Chicago-based Coxe Advisors. That will make gold bullion even more attractive relative to negative-yielding bonds because of its long history of maintaining its purchasing power.\n\nThe downside of bullion is that it never pays a dividend, and there are generally charges for insurance and storage in vaults, which can bite into profits. ETFs have helped reduced that burden, making small investments viable. “The storage costs have been mitigated by ETFs, which somewhat distribute the cost among the investor pool,” Mr. Savant says.\n\nThere are plenty of bullion ETFs from which to choose, including SPDR Gold Shares (GLD), the largest, with more than $45 billion in assets. Others include GraniteShares Gold Trust (BAR) and VanEck Merk Gold Trust (OUNZ).\n\nPros, cons of gold stocks\n\nAs the past decade shows, gold-mining stocks are far more volatile than gold prices. From 2011 to 2018, gold-mining stocks fell around twice as much as gold stocks on a percentage basis. On the way back up over the past year or so, gold miners outperformed bullion handsomely.\n\n“Investing in the miners is a bet you will have a sustained rally in the gold price,” says Mr. Hogan. If bullion continues to rally, then gold-mining stocks should continue to do even better. But if the rally in bullion stalls even temporarily or reverses, then miners might not be such a good risk compared with bullion.\n\nNevertheless, gold stocks and ETFs that focus on them—such as VanEck Vectors Gold Miners, as well as iShares MSCI Global Gold Miners (RING) and Sprott Gold Miners (SGDM)—do seem to offer diversification in the same way as bullion.\n\n“There’s good reason to believe that gold-mining stocks follow a similar pattern to gold” in that way, says Prof. Michel.\n\nThat said, “there are a lot of additional risks you take on when you buy the miners,” Mr. Savant says.\n\nNotably, when gold-industry assets are cheap, financing might not be easily available. All mining companies must continually replenish their resources by finding new mineral deposits. And worst of all, mining CEOs can get overly optimistic when the industry booms.\n\n“You always have that history of gold miners spending too much money at the wrong time,” says Mr. Hogan.\n\nMr. Constable is a writer in Edinburgh, Scotland. He can be reached at reports@wsj.com.",
    "published": "2020-02-07"
  }
]