[
  {
    "source": "WSJ",
    "title": "How Tariffs Could Devastate the Wine World",
    "summary": "Across the U.S., wine professionals and restaurateurs predict catastrophe for their businesses and slim choice for consumers should new tariffs on European wine take hold",
    "link": "https://www.wsj.com/articles/what-the-wine-world-stands-to-lose-in-the-face-of-proposed-tariffs-11578513621?mod=Searchresults_pos9&page=1",
    "content": "WHAT IF YOUR favorite Prosecco suddenly shot up to $30 a bottle, your weeknight Côtes du Rhône doubled in price or that biodynamic Beaujolais you favor disappeared altogether, along with just about every reasonably priced natural wine?\n\nA series of proposed and imposed tariffs has the wine world on edge. It started in October, when the Office of the U.S. Trade Representative (USTR) announced a 25% tariff on several items, including certain wines from France, Germany, Spain and the U.K. That tariff was levied in response to EU subsidies granted to the aerospace company Airbus. In early December, the USTR proposed tariffs of up to 100% on French sparkling wine (excluded from the October tariff) and other items, in response to the French digital services tax, which, a USTR investigation concluded, “discriminates against U.S. digital companies, such as Google, Apple, Facebook , and Amazon.” Then on Dec. 12, the USTR said it could expand the October tariffs to additional products, including putting levies of as high as 100% on nearly all wine from Europe.\n\nThere is no timeline for when these tariffs might go into effect, and the USTR didn’t respond to repeated queries.\n\n‘Every wine professional I spoke with was in a state of near-panic.’\n\nWhy does this matter to American wine drinkers? A 100% tariff on European wine would cripple the wine importing and distribution business and also harm wine retailers. American wineries would be affected, too, if their distributors go out of business and retailers and restaurants close.\n\nDistributors sell both imported and American wines, and their fortunes depend on a healthy market for both. Harmon Skurnik , president of Skurnik Wines & Spirits, a New York-based importer and national distributor, said the measures proposed by the USTR would have a big impact on his business. Though he distributes a number of American wines, his portfolio is over 50% European. “I would have to lay off a significant number of staff if the 100% tariffs went into effect,” he said. If wholesalers like him have to reduce ranks, that means there will be fewer salespeople to sell all wines, both imported and American. Furthermore, Mr. Skurnik added, if a number of small and midsize distributors go out of business, there will be fewer wholesale options for American wineries, too.\n\nWhile every wine professional I spoke with in recent weeks was in a state of near-panic over the prospect of these tariffs, many wine drinkers are still unaware of their potential impact. Gary Fisch , Proprietor of Gary’s Wine & Marketplace in Wayne, N.J., told me he’d yet to meet a customer who knew about the tariffs. He’s been buttonholing every shopper he meets. “I’ve been telling customers that the price of European wines could rise by as much as 100%,” he said.\n\nSome wine professionals have even toted up the tariffs’ potential cost. “You are looking at up to 10,000 layoffs at just the distributor and wholesaler level, and up to $1 billion in lost payroll and $400 million in lost liquor taxes,” speculated Constance Oehmler , COO and CFO of Monsieur Touton , a Manhattan-based wine distributor with a national network and a portfolio of wines that is 85% European. She questioned the efficacy of wine as a tool of negotiation, as it represents less than 1% of all European imports.\n\nWhile larger companies like Monsieur Touton might limp along for a while under punitive tariffs, the repercussions for small importers, such as Brooklyn-based Zev Rovine Selections, would likely be more dire. Owner Zev Rovine’s take was blunt: “I think I’m one of the many who could go out of business.”\n\nMr. Rovine specializes in natural wines from Europe. His producers rely on the American market; if he goes out of business, some of his producers might, too. “We are the biggest client for our producers,” he said. “They’re really scared.” Mr. Rovine further predicted a swift impact on consumers. “There will be no more natural wine under $20—that’s completely gone,” he said. “The cheapest natural wine you will find will be $30-40.” He believes bars and stores specializing in natural wines would close, as well.\n\nThe effect on restaurants would certainly be significant, as most rely on large wine markups to cover staffing and food costs. Jeff Solsby , vice-president of advocacy communications for the National Restaurant Association, noted in an email that the tariffs would have “serious and long-lasting consequences” for member restaurants.\n\nEven established retailers such as Mr. Fisch would take a hit. And substituting wines from other places isn’t a realistic option. “You can’t just replace French Burgundy with domestic Pinot Noir. It’s a different consumer,” he said, adding that a large price increase on European wines would depress wine sales overall. Jonathan Bennett ,, executive vice-president of merchandising and supply chain at Total Wine & More, the largest independent wine retailer in the U.S., noted that domestic producers could be harmed if retaliatory tariffs were placed on American wines.\n\nSteve Edmunds , owner and winemaker of Edmunds St. John wines in Berkeley Calif., posted on Facebook the letter he sent to the USTR detailing his opposition to the tariffs. “If the distributors and retailers can’t afford to buy [European wines], and can’t continue to offer their customers value comparable to that currently being offered, their businesses will suffer, and, in far too many cases, cease to exist,” he wrote “And so would mine.”\n\nFor Nola Palomar in Dayton, Ohio, the tariffs could be crushing. She produces wine and olive oil in Granada, Spain, under the Veleta label, and she imports them into the U.S. herself. “There is absolutely no way I can afford 100% tax on my wines,” said Ms. Palomar, who is looking into alternate markets, including Canada—which will take money and time. “I’m a single mother with a daughter going to college. This is not what I have in my business plan,” she said.\n\nThe U.S. is now the world’s largest market for wine. That transformation took decades and the work of importers, distributors, retailers and restaurateurs—passionate people who introduced Americans to wines from all over the world.\n\nWhen David Waldenberg , president of BNP Distributing Company, testified before the USTR on Tuesday of this week about potential effects of 100% tariffs on French sparkling wine, he noted that the tariffs would impact “small family-owned U.S. businesses as much or more than their French counterparts” and render French sparkling wine “unsalable” by American distributors and importers. “This makes tariffs punitive for American businesses, not French,” he concluded.\n\nThe USTR is accepting comments on the tariffs connected to the Large Civil Aircraft Dispute until Jan. 13. Wine lovers who want to weigh in can do so here: beta.regulations.gov/comment/USTR-2019-0003-2518.\n\nEmail Lettie at wine@wsj.com\n\nThe Wall Street Journal is not compensated by retailers listed in its articles as outlets for products. Listed retailers frequently are not the sole retail outlets.",
    "published": "2020-01-08"
  },
  {
    "source": "WSJ",
    "title": "Reflections on a Turbulent Decade",
    "summary": "Students define the 2010s as a time of polarization, digitalization and backlash to globalization.",
    "link": "https://www.wsj.com/articles/reflections-on-a-turbulent-decade-11578441862?mod=Searchresults_pos16&page=13",
    "content": "Editor’s note: This Future View is about what defined the past decade. Next week we’ll ask, “What’s one prediction you’d make about politics, technology or education in 2020?” Students should click here to submit opinions of fewer than 250 words before Jan. 14. The best responses will be published that night.\n\nTorn Apart\n\nThe 2010s witnessed the outbreak of a cold war in America. Two ideologies, irreconcilably opposed, fought and still fight for the soul of the nation. Stoked by eight years of divisive politics during the Obama administration, the war erupted on the night of Nov. 8, 2016.\n\nNeutral territory is disappearing. The fighting has infiltrated the workplace, divided families and friends, and turned social media into a toxic battleground. Since the end justifies the means in this conflict, character assassination has become the norm—with Justice Brett Kavanaugh ’s confirmation battle as Exhibit A. Each side views the other not as incorrect, but as evil. Compromise with evil has become a sin and moderates are mocked as cowards. The decade culminated in the impeachment of President Trump along party lines, with 48% of Americans in support and 48% opposed at one point. The divide is as clear-cut as it is unsustainable.\n\n—Jack Chapman, University of Texas, Austin, finance and government\n\nThe Break in the Globalizing Trend\n\nGlobalization had been increasing since World War II and even seemed to accelerate in recent years. Then came the 2010s, when globalization met a setback that characterized the decade. With memories of the Great Recession still lingering, many in the West began questioning the merits of such an integrated world. It would take the decade for them to coalesce into political movements and gain power.\n\nIn 2016 the U.K. shocked the world and itself by voting to leave the European Union, largely motivated by concerns about immigration and sovereignty. That same year Donald Trump was elected president. U.S. voters weren’t dissuaded by his strident views on immigration and trade. Both decisions constituted a turn away from the world, or at least from multilateralism, and toward a conservative vision of voters who are alarmed by increasing migration and feel forgotten by political elites.\n\nAfter years of wrangling, the U.K. is now set to leave the EU. Mr. Trump has followed his “America First” policy, questioning the Western alliance and imposing tariffs to protect domestic industry. Growing nuclear threats in Iran and North Korea and rising authoritarianism in Turkey and Russia have disrupted the spread of democracy and posed difficulties for the liberal world order. Clearly, globalization was challenged in the past decade, but can it recover? In the 2020s, we’ll likely find out.\n\n—Jack Garland, Gonzaga University, philosophy, politics and economics\n\nThese ‘Dark Days’ Are Pretty Bright\n\nIn December 2011, I left Iran to move to Europe. Two and a half years later, after realizing that Europe didn’t welcome immigrants, I packed my bags again. I moved to Arizona and have since been treated as an American, even though I don’t yet hold U.S. citizenship. The contrast between my experiences in Iran, Europe and the U.S. has led me to count myself the luckiest among the peers I grew up with abroad. Banned from returning to college in Iran for political reasons, I am now receiving an excellent education in America. While Iranian and European youths struggle to find employment, I have a career that I love and an income.\n\nYet I hear that I’m living through one of the darkest moments in American history, that everything is terrible, that it’s the worst time to be an immigrant, that freedom of speech is under assault, that the era of prosperity is over. These are the themes, I’m told, that defined the 2010s. I disagree.\n\nI don’t mean to lower America’s standards to the Iranian level or depreciate the everyday struggles and political challenges Americans face. It’s good for our country to have high expectations, but it’s also easy to lose sight of the bigger picture. Looking at what I have here, in comparison to what I witnessed elsewhere—if this is one of the darkest moments in American history, it’s a pretty damn good country.\n\n—Shay Khatiri, Johns Hopkins University, School of Advanced International Studies, strategic studies\n\nThe Decade That Social Media Conquered\n\nThe rise of social media was equal parts baffling and mesmerizing. In the 2010s, we eagerly embraced the new ways to digitize and publicize our lives. Platforms such as Snapchat, Instagram, Vine and TikTok transformed how we share our experiences. The debut of “influencer” as an occupation may say it all.\n\nThe internet felt inescapable this decade, as my peers and I traversed from middle school to college. It seemed to urge us to plaster pictures and videos of our lives as far as the digital eye could see. Viral videos told our stories and shaped our conversations. And once it started, it couldn’t be stopped.\n\nSocial media began the decade as a facet of the culture. It ended the decade in control of the culture—as its curator. Even now, important historical events such as the impeachment of an American president are being defined by their Twitter trends, as the court of public opinion has found new ways to make its verdicts heard. Mobilized by social media for good or ill, public opinion has never looked more powerful.\n\n—Will Gorman, Miami University (Ohio), journalism and English\n\nClick here to submit a response to the next Future View.",
    "published": "2020-01-08"
  },
  {
    "source": "WSJ",
    "title": "Samsung’s Profit Hurt by Chip Slump, Pins Hope on 5G",
    "summary": "As the world’s largest smartphone and memory chip maker, the company’s earnings are seen as a bellwether for the tech industry",
    "link": "https://www.wsj.com/articles/samsung-expects-operating-profit-to-plunge-pins-hope-on-5g-11578444784?mod=Searchresults_pos11&page=8",
    "content": "Hyun-Suk Kim, chief executive of Samsung Electronics, speaks at CES 2020 in Las Vegas, Monday. The company’s earnings have been affected by a slump in semiconductor sales.\n\nSEOUL—Samsung Electronics Co. 005930 0.18 %increase; green up pointing triangle expects a 34% drop in its fourth-quarter operating profit for 2019, affected by a continued global slump in semiconductor sales that have recently clouded the company’s earnings performance.\n\nThe world’s largest smartphone and memory-chip maker said it anticipates an operating profit of 7.1 trillion South Korean won ($6.1 billion) for the last three months of 2019, down from 10.8 trillion won a year earlier. The company expects revenue to remain roughly flat from a year ago at 59 trillion won.\n\nThe guidance topped analysts’ estimates pooled by S&P Global Market Intelligence, which forecast 6.5 trillion won in operating profit. The company reports full earnings later this month.\n\nSamsung’s results are closely watched because of its dual role as one of the world’s biggest hardware makers and a major components supplier of electronics companies—including to rivals such as Apple Inc., which buys displays and chips from the Suwon, South Korea-based company.\n\nLooking ahead, Samsung is expected to get a boost from a wider next-generation 5G network rollout around the world in 2020, industry analysts say. In 2019, the company shipped over 6.7 million 5G-enabled Galaxy smartphones—topping its earlier forecast of 4 million—that accounted for more than half of global shipments of such handsets last year\n\nBut many of those sales occurred in its home country of South Korea, where consumers delivered a mixed review of 5G and local carriers have offered discounts to entice subscribers. The 5G phone sales also represent just a fraction of the roughly 300 million handsets Samsung ships annually.\n\nSamsung faced tough conditions in 2019, primarily constrained by a downturn in memory chip sales that was exacerbated by the U.S.-China trade war. The rocky economic picture began hitting the company’s performance from the end of 2018, months after the company announced its all-time high earnings. Chip sales accounted for over three-quarters of Samsung’s entire operating profit in 2018.\n\nAnalysts have held mixed views on when the memory chip market will rebound and lift Samsung’s earnings, though a broader consensus is forming around an imminent recovery starting this year.\n\n“This is the low point,” said Lee Seung-woo at Eugene Investment & Securities, referring to Wednesday’s results. Mr. Lee said chip sales are expected to improve this year, which is beginning to be reflected by companies’ declining memory-chip inventory.\n\nBeyond chips, Samsung also appeared to have been affected by weak sales in lower-priced smartphones and declining display-panel prices, according to industry analysts. But these factors are expected to have a minor impact on earnings compared with chip sales and the company is seeing stronger high-end smartphone sales. Samsung traditionally reports weaker mobile sales in the fourth quarter, when it increases marketing efforts that incur higher costs, Mr. Lee said.\n\nWrite to Eun-Young Jeong at Eun-Young.Jeong@wsj.com",
    "published": "2020-01-08"
  },
  {
    "source": "WSJ",
    "title": "Libor Replacement Gets Mixed Response; Role of Regional Fed Leaders in Setting Policy Questioned",
    "summary": "Good day. Traders have taken to the Federal Reserve’s proposed replacement for Libor more than companies issuing debt have, market data shows, a discrepancy that reflects the complexity of the transition process to a new benchmark for variable-rate debt. Demand for Fed liquidity picked up again yesterday. And Michael S. Derby in today’s Take examines two recent research papers that say regional Fed bank presidents should play a smaller role in setting monetary policy.",
    "link": "https://www.wsj.com/articles/libor-replacement-gets-mixed-response-role-of-regional-fed-leaders-in-setting-policy-questioned-11578490231?mod=Searchresults_pos6&page=10",
    "content": "Good day. Traders have taken to the Federal Reserve’s proposed replacement for Libor more than companies issuing debt have, market data shows, a discrepancy that reflects the complexity of the transition process to a new benchmark for variable-rate debt. Demand for Fed liquidity picked up again yesterday. And Michael S. Derby in today’s Take examines two recent research papers that say regional Fed bank presidents should play a smaller role in setting monetary policy.\n\nNow on to today’s news and analysis.",
    "published": "2020-01-08"
  },
  {
    "source": "WSJ",
    "title": "For Memory-Chip Makers, the Worst Appears to Be Over",
    "summary": "Improved demand, higher prices feed optimism for a return to growth",
    "link": "https://www.wsj.com/articles/for-memory-chip-makers-the-worst-appears-to-be-over-11578487758?mod=Searchresults_pos13&page=12",
    "content": "The latest 5G phones on display at the Samsung booth during the CES tech show Tuesday in Las Vegas.\n\nSEOUL—After an excruciating year, makers of memory chips have reason to breathe a sigh of relief: The industry’s slide appears to have ended.\n\nThe latest positive sign came from Samsung Electronics Co., 005930 0.18 %increase; green up pointing triangle the world’s largest memory-chip maker, which this week issued financial guidance that topped analysts’ estimates. That followed a declaration from rival producer Micron Technology Co. MU 0.64 %increase; green up pointing triangle in December that its business was passing through a ”cyclical bottom.”\n\nA big accelerant is the rollout of 5G mobile networks. The global deployment of the next-generation technology should re-energize smartphone sales and juice corporate investments in artificial intelligence, computing and data storage—all areas requiring significant memory capacity.\n\nPrices for memory chips slumped for much of the past 15 months. Following a historic run of profits, the industry overproduced as the global economy weakened, leaving a glut of unsold inventory.\n\nThe market, however, began to turn in 2019’s final quarter. Contract prices for NAND, a major type of memory chip, rose for the first time in more than a year and a half, according to market-research firm TrendForce. The other major memory chip, DRAM, is forecast to show contract-price increases for the first time in over a year in the current quarter.\n\n“The surpluses in the [memory chip] stockpile are smaller than before. We’re not seeing the excesses that were available three quarters ago,” said Tobey Gonnerman, an executive at electronic components distributor Fusion Worldwide. He also said that memory-chip transactions ticked up in the past two months.\n\nDespite sagging chip-maker profits, investors bet on a turnaround in 2020. Last year, Samsung’s shares rose 44%, Micron increased 64% and SK Hynix Inc. jumped 61%. Those three companies represent the lion’s share of the world’s memory production.\n\nCompanies and industry observers throughout last year forecast a market rebound but nudged the timeline back as the U.S.-China trade fight continued. Chip users, worried about potential tariffs and soft smartphone sales, held off on purchases.\n\nOptimism about a demand rebound has strengthened, according to analysts.\n\nIn 2020, several major markets are set to expand their 5G networks. That is expected to boost smartphone sales, which have declined for two consecutive years as consumers held on to their devices longer without upgrading them, said Tarun Pathak , an associate director at Counterpoint Research.\n\nMr. Pathak forecasts 4% growth in smartphone shipments this year. “Memory capacity in smartphones is also increasing every year,” he said.\n\nEasing trade tensions between Washington and Beijing also should improve business confidence, experts say. A survey released last month showed U.S. business activity improved to a five-month high in December. In China, Beijing’s efforts to spur domestic growth has given a boost to its foreign trade, which rose 4% in December following a 1.5% drop in November.\n\nIn the global race for 5G, U.S. telecom firms have a unique disadvantage: limited access to the “goldilocks” band of radio frequencies. That's pushing U.S. firms toward a less practical version of 5G. WSJ explains the science and its implications. Illustration by Carlos Waters / The Wall Street Journal\n\nMeanwhile, big internet companies such as Facebook Inc. and Amazon.com Inc. are looking to restore their memory-chip inventories after months of paring them down, said Mark Newman, an analyst at Bernstein Research, who follows the semiconductor market.\n\nThe industry is also on a stronger footing after restraining investment to expand production and reducing the danger of overcapacity. Memory-chip makers are estimated to have cut 2019 capital expenditures to about $44 billion, down $6 billion from the prior year, Bernstein said. That would be the first spending drop after almost six straight years of increases.\n\n“We have hit the bottom,” Mr. Newman said.\n\nMemory-chip demand has been prone to wild swings over the decades. Previous downturns drove some chip makers to bankruptcy and led to consolidation in the industry.\n\nThe industry boom that ended in the second half of 2018 was longer than usual, earning its description as a “supercycle.” Some industry analysts have said that this time around the companies were quicker to slash production, potentially shortening the cyclical downturn.\n\nLiyan Qi contributed to this article.\n\nWrite to Eun-Young Jeong at Eun-Young.Jeong@wsj.com",
    "published": "2020-01-08"
  },
  {
    "source": "WSJ",
    "title": "Bloomberg Puts Geographic Inequality on the 2020 Agenda",
    "summary": "Former mayor looks to equip more cities with the assets that make New York wealthy",
    "link": "https://www.wsj.com/articles/bloomberg-puts-geographic-inequality-on-the-2020-agenda-11578484804?mod=Searchresults_pos14&page=16",
    "content": "Democratic presidential candidate Michael Bloomberg’s economic proposals are steeped in ‘place-based policies’ to help midtier inland cities catch up with the prosperous coasts.\n\nThe widening gap between wealthy coastal cities and the lagging heartland has been a powerful, polarizing force in American politics, yet presidential campaigns have seldom debated what to do about it.\n\nThis year, that seems bound to change. President Trump , who owes his 2016 victory to the support of smaller, once-Democratic communities in Rust Belt states, has devoted considerable rhetorical and policy effort to their fortunes.\n\nNow, former New York City Mayor Michael Bloomberg is inserting geographic inequality into the Democratic presidential primary. His economic proposals, many of which were released this week, are steeped in “place-based policies” to help midtier inland cities catch up with the prosperous coasts.\n\nHistorically, Americans have been quick to move to where opportunities are better. So for most of history, rich and poor regions in the U.S. converged. But in recent years, convergence has stopped and in some places reversed. Americans are also losing the urge to move, with regional mobility the lowest since records began in 1947. Economists have typically argued the solution to inequality is to help poor people, not poor places. They are rethinking that.\n\nThe former mayor of the country’s biggest and possibly bluest coastal metropolis wouldn’t seem the obvious person to bridge the divide. But Mr. Bloomberg says that as mayor, from 2002 to 2013, he presided over a broadening of prosperity from Manhattan to the other four boroughs.\n\n“We spread good jobs with good salaries to every corner of the city, and places that had been abandoned and shortchanged before,” he told reporters Tuesday. “And I know we can do that all across America, especially in small towns, rural areas and neighborhoods that are getting squeezed out by globalization.”\n\nPlace-based policies typically consist of cities and states competing to offer companies the fattest subsidies. Yet hundreds of cities that vied to be chosen for Amazon.com Inc.’s second headquarters never had a chance because they lacked the necessary assets—a critical mass of knowledge workers, public institutions and infrastructure—unlike the two eventual winners of Amazon’s competition, New York and Arlington, a suburb of Washington, D.C. (After local resistance, Amazon abandoned New York.)\n\nMr. Bloomberg’s goal is to help cities develop such assets and thus attract—or give birth to—future Amazons. President Bloomberg would identify cities with prerequisites such as a research university. According to his campaign, in partnership with the mayors of these cities, the federal government would contribute about $50 billion over a decade for “startup costs” such as improved transit and educational facilities, $35 billion in financing such as venture capital and $100 billion in research and development grants.\n\nThe campaign says the administration would start with 10 cities and eventually expand to 30. Akron, Ohio, where Mr. Bloomberg made his announcement Wednesday night, is a typical candidate: Its fortunes have faded with the rubber industry, but it is still home to a public research university that generates patents and knowledge workers.\n\nThe campaign draws on research by the Brookings Institution and the Information Technology and Innovation Foundation that documents the growing divergence between big cities with large endowments of innovation jobs and smaller cities and rural areas.\n\nSHARE YOUR THOUGHTS How confident are you in the U.S. economy in 2020? Why? Join the conversation below.\n\nThe campaign doesn’t directly target the countless smaller cities and towns that have lost jobs, population and wages to globalization. But it cites Brookings research that suggests nearby towns benefit directly when large cities prosper, for example as a home to commuters. And, like other Democratic candidates, Mr. Bloomberg also promises to help rural communities directly, such as by expanding rural broadband.\n\nMr. Bloomberg would also supplement the federal earned-income tax credit, which bolsters the take-home pay of low-wage workers, with a locally targeted EITC, an idea previously advanced by several Harvard University economists. His campaign estimates this could, in effect, act as a $2-per-hour subsidy for employers who hire workers at $15, Mr. Bloomberg’s target for the minimum wage.\n\nMr. Bloomberg’s goal of turning more midsize cities into New Yorks is ambitious, but fraught. Place-based policies don’t have a great record. For all Mr. Bloomberg’s efforts as mayor to spread the wealth, wages still grew faster in Manhattan while he was mayor than in the other four boroughs.\n\nMoreover, the gap may narrow of its own accord via market forces. High home prices are starting to drive millennials out of big cities, while many midtier cities boast lower unemployment and faster labor force growth than their bigger brethren.\n\nMichael Bloomberg is running for president, and that’s ramped up speculation about what could happen to his financial-data company, Bloomberg LP. Heard on the Street’s Telis Demos explains why the most interesting race in Bloomberg’s future may be for his business. Photo: John Locher/Associated Press\n\nNonetheless, Mr. Bloomberg has set down a marker on an economic challenge of growing significance.\n\nMr. Trump has a competing approach. It includes ad hoc actions like pressuring companies not to outsource and backing a Foxconn factory for liquid crystal displays in southeastern Wisconsin, which has won $4 billion in state and local tax breaks and is behind schedule.\n\nOther Trump moves are more systematic, like opportunity zones that offer federal tax breaks for investment in poor neighborhoods, tariffs intended to bring back rust-belt manufacturing jobs, or his tax law, which by limiting the federal tax break for state and local taxes made high-tax coastal cities relatively less attractive to skilled, high-paid workers. A recent study by Janet Gao of Indiana University and two co-authors found state tax increases reduced big employers’ local demand for skilled employees.\n\nBut Amy Liu , director of Brookings’ Metropolitan Policy Program, said tax policies “simply defray the cost of living. We are in a knowledge economy where places that are going to do well are the places that really have access to talent, to infrastructure that connects people to global or domestic markets, innovation or other inputs to R&D.”\n\nCorrections & Amplifications\n\nThe last name of Janet Gao was incorrectly given as Gau in an earlier version of this article. (Jan. 9, 2020)\n\nWrite to Greg Ip at greg.ip@wsj.com",
    "published": "2020-01-08"
  },
  {
    "source": "WSJ",
    "title": "Reflections on a Turbulent Decade",
    "summary": "Students define the 2010s as a time of polarization, digitalization and backlash to globalization.",
    "link": "https://www.wsj.com/articles/reflections-on-a-turbulent-decade-11578441862?mod=Searchresults_pos17&page=13",
    "content": "Editor’s note: This Future View is about what defined the past decade. Next week we’ll ask, “What’s one prediction you’d make about politics, technology or education in 2020?” Students should click here to submit opinions of fewer than 250 words before Jan. 14. The best responses will be published that night.\n\nTorn Apart\n\nThe 2010s witnessed the outbreak of a cold war in America. Two ideologies, irreconcilably opposed, fought and still fight for the soul of the nation. Stoked by eight years of divisive politics during the Obama administration, the war erupted on the night of Nov. 8, 2016.\n\nNeutral territory is disappearing. The fighting has infiltrated the workplace, divided families and friends, and turned social media into a toxic battleground. Since the end justifies the means in this conflict, character assassination has become the norm—with Justice Brett Kavanaugh ’s confirmation battle as Exhibit A. Each side views the other not as incorrect, but as evil. Compromise with evil has become a sin and moderates are mocked as cowards. The decade culminated in the impeachment of President Trump along party lines, with 48% of Americans in support and 48% opposed at one point. The divide is as clear-cut as it is unsustainable.\n\n—Jack Chapman, University of Texas, Austin, finance and government\n\nThe Break in the Globalizing Trend\n\nGlobalization had been increasing since World War II and even seemed to accelerate in recent years. Then came the 2010s, when globalization met a setback that characterized the decade. With memories of the Great Recession still lingering, many in the West began questioning the merits of such an integrated world. It would take the decade for them to coalesce into political movements and gain power.\n\nIn 2016 the U.K. shocked the world and itself by voting to leave the European Union, largely motivated by concerns about immigration and sovereignty. That same year Donald Trump was elected president. U.S. voters weren’t dissuaded by his strident views on immigration and trade. Both decisions constituted a turn away from the world, or at least from multilateralism, and toward a conservative vision of voters who are alarmed by increasing migration and feel forgotten by political elites.\n\nAfter years of wrangling, the U.K. is now set to leave the EU. Mr. Trump has followed his “America First” policy, questioning the Western alliance and imposing tariffs to protect domestic industry. Growing nuclear threats in Iran and North Korea and rising authoritarianism in Turkey and Russia have disrupted the spread of democracy and posed difficulties for the liberal world order. Clearly, globalization was challenged in the past decade, but can it recover? In the 2020s, we’ll likely find out.\n\n—Jack Garland, Gonzaga University, philosophy, politics and economics\n\nThese ‘Dark Days’ Are Pretty Bright\n\nIn December 2011, I left Iran to move to Europe. Two and a half years later, after realizing that Europe didn’t welcome immigrants, I packed my bags again. I moved to Arizona and have since been treated as an American, even though I don’t yet hold U.S. citizenship. The contrast between my experiences in Iran, Europe and the U.S. has led me to count myself the luckiest among the peers I grew up with abroad. Banned from returning to college in Iran for political reasons, I am now receiving an excellent education in America. While Iranian and European youths struggle to find employment, I have a career that I love and an income.\n\nYet I hear that I’m living through one of the darkest moments in American history, that everything is terrible, that it’s the worst time to be an immigrant, that freedom of speech is under assault, that the era of prosperity is over. These are the themes, I’m told, that defined the 2010s. I disagree.\n\nI don’t mean to lower America’s standards to the Iranian level or depreciate the everyday struggles and political challenges Americans face. It’s good for our country to have high expectations, but it’s also easy to lose sight of the bigger picture. Looking at what I have here, in comparison to what I witnessed elsewhere—if this is one of the darkest moments in American history, it’s a pretty damn good country.\n\n—Shay Khatiri, Johns Hopkins University, School of Advanced International Studies, strategic studies\n\nThe Decade That Social Media Conquered\n\nThe rise of social media was equal parts baffling and mesmerizing. In the 2010s, we eagerly embraced the new ways to digitize and publicize our lives. Platforms such as Snapchat, Instagram, Vine and TikTok transformed how we share our experiences. The debut of “influencer” as an occupation may say it all.\n\nThe internet felt inescapable this decade, as my peers and I traversed from middle school to college. It seemed to urge us to plaster pictures and videos of our lives as far as the digital eye could see. Viral videos told our stories and shaped our conversations. And once it started, it couldn’t be stopped.\n\nSocial media began the decade as a facet of the culture. It ended the decade in control of the culture—as its curator. Even now, important historical events such as the impeachment of an American president are being defined by their Twitter trends, as the court of public opinion has found new ways to make its verdicts heard. Mobilized by social media for good or ill, public opinion has never looked more powerful.\n\n—Will Gorman, Miami University (Ohio), journalism and English\n\nClick here to submit a response to the next Future View.",
    "published": "2020-01-08"
  },
  {
    "source": "WSJ",
    "title": "Bloomberg Puts Geographic Inequality on the 2020 Agenda",
    "summary": "Former mayor looks to equip more cities with the assets that make New York wealthy",
    "link": "https://www.wsj.com/articles/bloomberg-puts-geographic-inequality-on-the-2020-agenda-11578484804?mod=Searchresults_pos7&page=16",
    "content": "Democratic presidential candidate Michael Bloomberg’s economic proposals are steeped in ‘place-based policies’ to help midtier inland cities catch up with the prosperous coasts.\n\nThe widening gap between wealthy coastal cities and the lagging heartland has been a powerful, polarizing force in American politics, yet presidential campaigns have seldom debated what to do about it.\n\nThis year, that seems bound to change. President Trump , who owes his 2016 victory to the support of smaller, once-Democratic communities in Rust Belt states, has devoted considerable rhetorical and policy effort to their fortunes.\n\nNow, former New York City Mayor Michael Bloomberg is inserting geographic inequality into the Democratic presidential primary. His economic proposals, many of which were released this week, are steeped in “place-based policies” to help midtier inland cities catch up with the prosperous coasts.\n\nHistorically, Americans have been quick to move to where opportunities are better. So for most of history, rich and poor regions in the U.S. converged. But in recent years, convergence has stopped and in some places reversed. Americans are also losing the urge to move, with regional mobility the lowest since records began in 1947. Economists have typically argued the solution to inequality is to help poor people, not poor places. They are rethinking that.\n\nThe former mayor of the country’s biggest and possibly bluest coastal metropolis wouldn’t seem the obvious person to bridge the divide. But Mr. Bloomberg says that as mayor, from 2002 to 2013, he presided over a broadening of prosperity from Manhattan to the other four boroughs.\n\n“We spread good jobs with good salaries to every corner of the city, and places that had been abandoned and shortchanged before,” he told reporters Tuesday. “And I know we can do that all across America, especially in small towns, rural areas and neighborhoods that are getting squeezed out by globalization.”\n\nPlace-based policies typically consist of cities and states competing to offer companies the fattest subsidies. Yet hundreds of cities that vied to be chosen for Amazon.com Inc.’s second headquarters never had a chance because they lacked the necessary assets—a critical mass of knowledge workers, public institutions and infrastructure—unlike the two eventual winners of Amazon’s competition, New York and Arlington, a suburb of Washington, D.C. (After local resistance, Amazon abandoned New York.)\n\nMr. Bloomberg’s goal is to help cities develop such assets and thus attract—or give birth to—future Amazons. President Bloomberg would identify cities with prerequisites such as a research university. According to his campaign, in partnership with the mayors of these cities, the federal government would contribute about $50 billion over a decade for “startup costs” such as improved transit and educational facilities, $35 billion in financing such as venture capital and $100 billion in research and development grants.\n\nThe campaign says the administration would start with 10 cities and eventually expand to 30. Akron, Ohio, where Mr. Bloomberg made his announcement Wednesday night, is a typical candidate: Its fortunes have faded with the rubber industry, but it is still home to a public research university that generates patents and knowledge workers.\n\nThe campaign draws on research by the Brookings Institution and the Information Technology and Innovation Foundation that documents the growing divergence between big cities with large endowments of innovation jobs and smaller cities and rural areas.\n\nSHARE YOUR THOUGHTS How confident are you in the U.S. economy in 2020? Why? Join the conversation below.\n\nThe campaign doesn’t directly target the countless smaller cities and towns that have lost jobs, population and wages to globalization. But it cites Brookings research that suggests nearby towns benefit directly when large cities prosper, for example as a home to commuters. And, like other Democratic candidates, Mr. Bloomberg also promises to help rural communities directly, such as by expanding rural broadband.\n\nMr. Bloomberg would also supplement the federal earned-income tax credit, which bolsters the take-home pay of low-wage workers, with a locally targeted EITC, an idea previously advanced by several Harvard University economists. His campaign estimates this could, in effect, act as a $2-per-hour subsidy for employers who hire workers at $15, Mr. Bloomberg’s target for the minimum wage.\n\nMr. Bloomberg’s goal of turning more midsize cities into New Yorks is ambitious, but fraught. Place-based policies don’t have a great record. For all Mr. Bloomberg’s efforts as mayor to spread the wealth, wages still grew faster in Manhattan while he was mayor than in the other four boroughs.\n\nMoreover, the gap may narrow of its own accord via market forces. High home prices are starting to drive millennials out of big cities, while many midtier cities boast lower unemployment and faster labor force growth than their bigger brethren.\n\nMichael Bloomberg is running for president, and that’s ramped up speculation about what could happen to his financial-data company, Bloomberg LP. Heard on the Street’s Telis Demos explains why the most interesting race in Bloomberg’s future may be for his business. Photo: John Locher/Associated Press\n\nNonetheless, Mr. Bloomberg has set down a marker on an economic challenge of growing significance.\n\nMr. Trump has a competing approach. It includes ad hoc actions like pressuring companies not to outsource and backing a Foxconn factory for liquid crystal displays in southeastern Wisconsin, which has won $4 billion in state and local tax breaks and is behind schedule.\n\nOther Trump moves are more systematic, like opportunity zones that offer federal tax breaks for investment in poor neighborhoods, tariffs intended to bring back rust-belt manufacturing jobs, or his tax law, which by limiting the federal tax break for state and local taxes made high-tax coastal cities relatively less attractive to skilled, high-paid workers. A recent study by Janet Gao of Indiana University and two co-authors found state tax increases reduced big employers’ local demand for skilled employees.\n\nBut Amy Liu , director of Brookings’ Metropolitan Policy Program, said tax policies “simply defray the cost of living. We are in a knowledge economy where places that are going to do well are the places that really have access to talent, to infrastructure that connects people to global or domestic markets, innovation or other inputs to R&D.”\n\nCorrections & Amplifications\n\nThe last name of Janet Gao was incorrectly given as Gau in an earlier version of this article. (Jan. 9, 2020)\n\nWrite to Greg Ip at greg.ip@wsj.com",
    "published": "2020-01-08"
  },
  {
    "source": "WSJ",
    "title": "Newsletter: Chinese Investment in Europe, North America Hits 9-Year Low",
    "summary": "This is the web version of the WSJ’s newsletter on the economy. You can sign up for daily delivery here.",
    "link": "https://www.wsj.com/articles/newsletter-chinese-investment-in-europe-north-america-hits-9-year-low-01578483655?mod=Searchresults_pos8&page=19",
    "content": "This is the web version of the WSJ’s newsletter on the economy. You can sign up for daily delivery here.\n\nTrading Down\n\nU.S. tariffs triggered a slide in imports while American exports picked up in November, pushing the trade deficit to its lowest level since October 2016. Tariffs went into effect on a range of Chinese consumer goods in September, including footwear and many electronics. Economists expect the sharp decline in imports to abate in early 2020 because of the recently negotiated phase-one trade deal. The partial agreement calls for the U.S. to cut the tariff rate to 7.5% from 15% on about $120 billion of Chinese products, Harriet Torry reports.\n\nThe latest data suggest trade is likely to make a large, positive contribution to the economy in the fourth quarter, after proving a drag in the second and third quarters. Forecasting firm Macroeconomic Advisers is tracking fourth-quarter gross domestic product growth at a 2.5% pace, with net exports contributing 1.5 percentage point to the gain.\n\nWHAT TO WATCH TODAY\n\nThe ADP employment report for December is expected to show a net gain of 150,000 jobs from the prior month. (8:15 a.m. ET)\n\nFed governor Lael Brainard speaks on the Community Reinvestment Act at 10 a.m. ET.\n\nU.S. consumer credit for November is out at 3 p.m. ET.\n\nChina's consumer-price index for December is out at 8:30 p.m. ET.\n\nTOP STORIES\n\nChina Pulls Back\n\nChinese investments in North America and Europe hit a nine-year low in 2019, according to a new report from Baker McKenzie and Rhodium Group. The drivers: Beijing's restrictions on outbound investment, heightened regulatory reviews in the U.S. and Europe, slower economic growth and tighter credit conditions in China, and geopolitical tensions. The outlook: \"We see grounds for a degree of optimism as there are a number of variables showing change in the right direction, which could propel Chinese outbound investment to bottom out and return to modest growth in 2020,\" said Baker McKenzie's Tracy Wut. Those factors: Looser credit in China, a better understanding of new U.S. and European investment rules, a phase-one trade deal that may help cool tensions and China's efforts to open its markets.\n\nPedal to the metal. Tesla said it has begun preparing its new China factory for the auto maker’s next all-electric vehicle, a compact SUV. The Palo Alto, Calif., company said it is starting work related to the Model Y at the Shanghai factory, its first overseas assembly plant. Tesla has been assembling its Model 3 sedan at the Shanghai plant for several months, Yin Yijun, Yoko Kubota and Tim Higgins report.\n\nTap the brakes. General Motors posted its biggest-ever sales drop in China last year and warned of a tough 2020, underscoring the challenges that U.S. car makers are facing as a protracted decline grips the world’s largest auto market, Mike Colias and Yoko Kubota report.\n\nPig out. U.S. pork producers are hoping a thaw in relations will be a boon for exports to China. Chinese buyers opted to purchase more pork from the European Union and Brazil after an African swine fever epidemic decimated hog herds in Asia, rather than turn to the U.S. The result: 575 million pounds of frozen U.S. pork stored in warehouses and hog futures still well below their near-term peak.\n\nTwo-Track Economy\n\nThe U.S. factory sector is the weakest in more than a decade. That hasn't spilled over into the rest of the economy. The Institute for Supply Management's purchasing managers index for nonmanufacturing rose to its highest level in seven months in December. That's in sharp contrast to ISM's manufacturing gauge, which last month slumped to its lowest mark since June 2009. The factory sector appears to be in recession, held back by trade tensions and weakness overseas. The service sector—a much bigger chunk of the economy—remains an engine of economic growth.\n\nIt could be worse. German manufacturing orders fell in November, the Federal Statistical Office said Wednesday, signaling that the downturn in the German industrial sector continues. \"There are still no signs at all of a bottoming out for German industry. Instead, the free fall continues. In fact, there is simply one word to describe the current state of the German industry: ‘dire,’ \" said ING economist Carsten Brzeski.\n\nYear in Review: Jobs\n\nJob creation slowed last year after a robust 2018, but the December figure—and any revisions to prior months—will determine how the year stacks up. The latest data will come in Friday's jobs report.\n\nWorst of times: Last year will be the worst for job creation since 2010, just after the recession ended, if employers added fewer than 98,000 jobs last month.\n\nBest-ish of times: But if payrolls grew by a net 177,000 or more, last year will surpass 2017’s job creation figure, and place 2019 near the middle of the pack in the decade-long expansion.\n\nEconomists expect employers added 160,000 jobs in December. Broadly, the historically long stretch of job creation is consistent with a growing U.S. economy, and last year’s cooling reflects a tight job market, global uncertainty and fading effects of 2018's fiscal stimulus. —Eric Morath\n\nWHAT ELSE WE’RE READING\n\nThis week we'll highlight research presented at the American Economic Association's annual meeting, via the WSJ's Greg Ip.\n\nOregon’s 2008 ban on non-compete agreements raised average hourly earnings by 2% to 3%, and for workers who were actually bound by the agreements by as much as 14% to 21%, according to Michael Lipsitz of Miami University and Evan Starr of the University of Maryland.\n\nThe Phillips Curve–the purported inverse relationship between inflation and unemployment–has flattened nationally since the 1980s but steepened in individual states, according to Emi Nakamura of the University of California at Berkeley (and last year’s winner of the Clark medal, awarded to the best economist under age 40).\n\nLarge firms move high-skill jobs out of states with high personal taxes, according to an analysis of big firms’ job postings by Janet Gao of Indiana University and two co-authors.\n\nMale employees are promoted faster by male than female managers, whereas female employees are promoted at similar rates by managers of both genders., Ricardo Perez-Truglia of the University of California-Los Angeles and Zoe Cullen of Harvard University find. The benefit is restricted to male employees who work in close physical proximity with their managers, for example by sharing smoke breaks.\n\nSIGN UP FOR OUR CALENDAR\n\nReal Time Economics has launched a downloadable calendar with concise previews, forecasts and analysis of major U.S. data releases. To add to your calendar, please click here.",
    "published": "2020-01-08"
  },
  {
    "source": "WSJ",
    "title": "Libor Replacement Gets Mixed Response; Role of Regional Fed Leaders in Setting Policy Questioned",
    "summary": "Good day. Traders have taken to the Federal Reserve’s proposed replacement for Libor more than companies issuing debt have, market data shows, a discrepancy that reflects the complexity of the transition process to a new benchmark for variable-rate debt. Demand for Fed liquidity picked up again yesterday. And Michael S. Derby in today’s Take examines two recent research papers that say regional Fed bank presidents should play a smaller role in setting monetary policy.",
    "link": "https://www.wsj.com/articles/libor-replacement-gets-mixed-response-role-of-regional-fed-leaders-in-setting-policy-questioned-11578490231?mod=Searchresults_pos15&page=8",
    "content": "Good day. Traders have taken to the Federal Reserve’s proposed replacement for Libor more than companies issuing debt have, market data shows, a discrepancy that reflects the complexity of the transition process to a new benchmark for variable-rate debt. Demand for Fed liquidity picked up again yesterday. And Michael S. Derby in today’s Take examines two recent research papers that say regional Fed bank presidents should play a smaller role in setting monetary policy.\n\nNow on to today’s news and analysis.",
    "published": "2020-01-08"
  },
  {
    "source": "WSJ",
    "title": "In Florida, Homeowners Come for the Weather and Stay for the Tax Relief",
    "summary": "Wealthy property owners are fleeing high-tax states like New York, New Jersey, and Connecticut for the Sunshine State, which has no state income or estate tax",
    "link": "https://www.wsj.com/articles/in-florida-homeowners-come-for-the-weather-and-stay-for-the-tax-relief-11578501325?mod=Searchresults_pos13&page=7",
    "content": "There’s a way for rich homeowners to potentially shave tens of thousands of dollars from their tax bills. They can get that same savings the next year and the following years as well. They can cut their taxes even further after they die. What’s the secret?\n\nMoving to Florida, a state with no income tax or estate tax.\n\nPlenty of millionaires and billionaires have been happy to ditch high-tax states like New York, New Jersey, Connecticut and California. President Donald Trump and Carl Icahn both announced in the fall that they’ll be making Florida their primary residence, joining other high-profile executives like financiers Barry Sternlicht, Eddie Lampert and Paul Tudor Jones.\n\nA New York couple filing jointly with $5 million in taxable income would save $394,931 in state income taxes by moving to Florida, according to Taryn Goldstein, head of Florida’s state and local tax practice for BDO USA, an accounting firm that provides tax services and financial advice. If they had moved from Boston, they’d save $252,500; from Greenwich, Conn., they’d knock $342,700 off their tax bill.\n\n“I have to admit that I was surprised by how much of a financial savings” is achieved by moving to Florida. “It is crazy money,” says Connor Lynch, chief executive of Plastridge Insurance Agency based in Delray Beach, Fla.\n\n¼Escaping state income taxes is a big part of the reason, but the federal Tax Cuts and Jobs Act of 2017 also plays a role. The law limits deductions on state and local taxes as well as the mortgage-interest deduction on federal tax returns. Factor in Florida’s lower cost of living relative to high-tax states, and the decision to move gets even easier.\n\n“The rich want to stay rich,” says Dina Goldentayer, executive director of sales at Douglas Elliman Real Estate. In South Florida alone, the brokerage saw a 30% increase in total sales volume from 2017 to 2018. She is currently listing a five bedroom, 5½-bathroom property on the Venetian Islands, asking $21 million for the 8,665-square-foot home.\n\nMs. Goldentayer recently sold an $11 million oceanfront penthouse to a Wall Street financier who is moving his family to Florida to reduce the tax hit.\n\nAn 8,665-square-foot home that is currently on the market on the Venetian Islands in Florida’s Biscayne Bay. Photo: Douglas Elliman\n\n“Municipal taxes, local taxes, play a big role in the decision, more so than the mortgage [interest] deduction,” Ms. Goldentayer notes.\n\nLuxury markets across Florida, defined as the top 10% of listings, have performed better than most luxury markets across the country this year, says George Ratiu , a senior economist with Realtor.com. In November, the average price of a luxury listing was $1,649,380, up 8.6% from the same period in 2018. (News Corp, owner of The Wall Street Journal, also operates Realtor.com under license from the National Association of Realtors.)\n\nTax-Driven Migration Population counts released by the Census Bureau showed that six of the seven states with no income tax and no tax on interest and dividends—Florida, Nevada, Washington, Wyoming, South Dakota and Texas—had population increases from July 2018 to July 2019. Only Alaska, the seventh state, saw population decline, by 0.5%. Contrast that with seven states with the country’s highest income taxes, according to an analysis by TurboTax. Two of them—Hawaii and Vermont—declined in population. The other five were flat or increased by less than 1%. A separate Census report, the 2018 American Community Survey, breaks out migration patterns by state. While California saw nominal growth in total inhabitants, over 500,000 people moved there from another state. A spokeswoman with the California Development Department, a workplace and labor agency, attributes the influx to high-paying, tech-sector jobs. Still, out-migration from California has exceeded in-migration in recent years, she adds, and less-educated and unskilled workers tend to be the ones moving out. See more...\n\nAmong the seven U.S. states with no income tax and no tax on dividends and interest, Florida accounted for 45% of home sales in 2019 through November. Texas came in second, accounting for 33.6% of home sales, Mr. Ratiu says.\n\nWhere you relocate in Florida also packs financial repercussions. The median listing price in Monroe County’s luxury market, which includes the Florida Keys, is $2.875 million. In Miami-Dade, the median list price is $2.09 million. But the median in Orange County, which includes Orlando, is $935,000, according to Realtor.com.\n\nOne thing transplants should expect to pay more for is homeowner’s insurance, says Mr. Lynch, the insurance executive. A policy on a house valued at $2 million can range from about $11,000 to $20,000 a year to cover the replacement value, he estimates. He notes that homeowners in certain areas should also purchase hurricane and flood insurance—coverage that is not typically included in a standard policy.\n\nMultimillionaires aren’t just moving their families south, they are taking their businesses with them, says Kelly Smallridge , president and CEO of the Business Development Board of Palm Beach County. “We’ve brought in well over 70 financial-services firms” in the past few years, she says. “The higher the taxes, the more our phone rings.”\n\nThe development board helps the business executives find office space, typically 5,000 to 7,000 square feet, for anywhere from five to 50 employees. Board members also take the executives on residential tours, coordinating introductions with mayors, private-school headmasters, country clubs and places of worship in desired areas. Finally, they guide them through the process of making Florida their legal domicile.\n\n“We are not doing this quietly,” Ms. Smallridge says, noting that the board actively recruits business leaders living in places like Greenwich, Conn., Manhattan and Boston.\n\nMaking It Official in the Sunshine State Becoming a Florida resident goes beyond getting a new driver’s license. Tax collectors from your previous state might say, “Prove it.” For starters, transplants should file a “declaration of domicile” in the Florida county where their primary home is located. Applying for a Florida homestead exemption will lower property taxes as well. Also be sure to get a Florida driver’s license, license plates and auto insurance. Registering to vote and opening a bank account locally are also key. But wait, there’s more. State auditors want proof that even routine things are based in Florida, says Marty Cass, who heads private client services in the Southeast region of BDO USA, an accounting firm that provides tax services and financial advice. Auditors may ask “Where are your kids? Where is your artwork? Do you still belong to country clubs in New York? Where are your doctors and accountants?” Mr. Cass says. “It’s easy for New York to take the position that you didn’t really [change your domicile.]” They might also check cellphone data and social-media posts. New York conducted 15,122 residency audits from 2013 to 2017, according to Monaeo, a company that sells an app to help users prove state residency. Of those audits, 52% of New Yorkers lost their case, costing them an average $144,000 in additional taxes and penalties.\n\nWrite to Beth DeCarbo at beth.decarbo@wsj.com\n\nCorrections & Amplifications\n\nWyoming is one of the seven states with no individual income tax or tax on interest and dividends. An earlier version of this article incorrectly stated that Idaho was one of the seven states. Also, a couple living in New York earning $5 million in taxable income would save $394,931 in state taxes. An earlier version said the couple, filing jointly, would save that amount in state and local taxes. A previous version of this article incorrectly implied that a person must prove residency of at least 183 days in order to take advantage of Florida’s tax benefits. (Jan. 9, 2020)",
    "published": "2020-01-08"
  },
  {
    "source": "WSJ",
    "title": "How Tariffs Could Devastate the Wine World",
    "summary": "Across the U.S., wine professionals and restaurateurs predict catastrophe for their businesses and slim choice for consumers should new tariffs on European wine take hold",
    "link": "https://www.wsj.com/articles/what-the-wine-world-stands-to-lose-in-the-face-of-proposed-tariffs-11578513621?mod=Searchresults_pos20&page=1",
    "content": "WHAT IF YOUR favorite Prosecco suddenly shot up to $30 a bottle, your weeknight Côtes du Rhône doubled in price or that biodynamic Beaujolais you favor disappeared altogether, along with just about every reasonably priced natural wine?\n\nA series of proposed and imposed tariffs has the wine world on edge. It started in October, when the Office of the U.S. Trade Representative (USTR) announced a 25% tariff on several items, including certain wines from France, Germany, Spain and the U.K. That tariff was levied in response to EU subsidies granted to the aerospace company Airbus. In early December, the USTR proposed tariffs of up to 100% on French sparkling wine (excluded from the October tariff) and other items, in response to the French digital services tax, which, a USTR investigation concluded, “discriminates against U.S. digital companies, such as Google, Apple, Facebook , and Amazon.” Then on Dec. 12, the USTR said it could expand the October tariffs to additional products, including putting levies of as high as 100% on nearly all wine from Europe.\n\nThere is no timeline for when these tariffs might go into effect, and the USTR didn’t respond to repeated queries.\n\n‘Every wine professional I spoke with was in a state of near-panic.’\n\nWhy does this matter to American wine drinkers? A 100% tariff on European wine would cripple the wine importing and distribution business and also harm wine retailers. American wineries would be affected, too, if their distributors go out of business and retailers and restaurants close.\n\nDistributors sell both imported and American wines, and their fortunes depend on a healthy market for both. Harmon Skurnik , president of Skurnik Wines & Spirits, a New York-based importer and national distributor, said the measures proposed by the USTR would have a big impact on his business. Though he distributes a number of American wines, his portfolio is over 50% European. “I would have to lay off a significant number of staff if the 100% tariffs went into effect,” he said. If wholesalers like him have to reduce ranks, that means there will be fewer salespeople to sell all wines, both imported and American. Furthermore, Mr. Skurnik added, if a number of small and midsize distributors go out of business, there will be fewer wholesale options for American wineries, too.\n\nWhile every wine professional I spoke with in recent weeks was in a state of near-panic over the prospect of these tariffs, many wine drinkers are still unaware of their potential impact. Gary Fisch , Proprietor of Gary’s Wine & Marketplace in Wayne, N.J., told me he’d yet to meet a customer who knew about the tariffs. He’s been buttonholing every shopper he meets. “I’ve been telling customers that the price of European wines could rise by as much as 100%,” he said.\n\nSome wine professionals have even toted up the tariffs’ potential cost. “You are looking at up to 10,000 layoffs at just the distributor and wholesaler level, and up to $1 billion in lost payroll and $400 million in lost liquor taxes,” speculated Constance Oehmler , COO and CFO of Monsieur Touton , a Manhattan-based wine distributor with a national network and a portfolio of wines that is 85% European. She questioned the efficacy of wine as a tool of negotiation, as it represents less than 1% of all European imports.\n\nWhile larger companies like Monsieur Touton might limp along for a while under punitive tariffs, the repercussions for small importers, such as Brooklyn-based Zev Rovine Selections, would likely be more dire. Owner Zev Rovine’s take was blunt: “I think I’m one of the many who could go out of business.”\n\nMr. Rovine specializes in natural wines from Europe. His producers rely on the American market; if he goes out of business, some of his producers might, too. “We are the biggest client for our producers,” he said. “They’re really scared.” Mr. Rovine further predicted a swift impact on consumers. “There will be no more natural wine under $20—that’s completely gone,” he said. “The cheapest natural wine you will find will be $30-40.” He believes bars and stores specializing in natural wines would close, as well.\n\nThe effect on restaurants would certainly be significant, as most rely on large wine markups to cover staffing and food costs. Jeff Solsby , vice-president of advocacy communications for the National Restaurant Association, noted in an email that the tariffs would have “serious and long-lasting consequences” for member restaurants.\n\nEven established retailers such as Mr. Fisch would take a hit. And substituting wines from other places isn’t a realistic option. “You can’t just replace French Burgundy with domestic Pinot Noir. It’s a different consumer,” he said, adding that a large price increase on European wines would depress wine sales overall. Jonathan Bennett ,, executive vice-president of merchandising and supply chain at Total Wine & More, the largest independent wine retailer in the U.S., noted that domestic producers could be harmed if retaliatory tariffs were placed on American wines.\n\nSteve Edmunds , owner and winemaker of Edmunds St. John wines in Berkeley Calif., posted on Facebook the letter he sent to the USTR detailing his opposition to the tariffs. “If the distributors and retailers can’t afford to buy [European wines], and can’t continue to offer their customers value comparable to that currently being offered, their businesses will suffer, and, in far too many cases, cease to exist,” he wrote “And so would mine.”\n\nFor Nola Palomar in Dayton, Ohio, the tariffs could be crushing. She produces wine and olive oil in Granada, Spain, under the Veleta label, and she imports them into the U.S. herself. “There is absolutely no way I can afford 100% tax on my wines,” said Ms. Palomar, who is looking into alternate markets, including Canada—which will take money and time. “I’m a single mother with a daughter going to college. This is not what I have in my business plan,” she said.\n\nThe U.S. is now the world’s largest market for wine. That transformation took decades and the work of importers, distributors, retailers and restaurateurs—passionate people who introduced Americans to wines from all over the world.\n\nWhen David Waldenberg , president of BNP Distributing Company, testified before the USTR on Tuesday of this week about potential effects of 100% tariffs on French sparkling wine, he noted that the tariffs would impact “small family-owned U.S. businesses as much or more than their French counterparts” and render French sparkling wine “unsalable” by American distributors and importers. “This makes tariffs punitive for American businesses, not French,” he concluded.\n\nThe USTR is accepting comments on the tariffs connected to the Large Civil Aircraft Dispute until Jan. 13. Wine lovers who want to weigh in can do so here: beta.regulations.gov/comment/USTR-2019-0003-2518.\n\nEmail Lettie at wine@wsj.com\n\nThe Wall Street Journal is not compensated by retailers listed in its articles as outlets for products. Listed retailers frequently are not the sole retail outlets.",
    "published": "2020-01-08"
  },
  {
    "source": "WSJ",
    "title": "The ‘Robot Tax’ Debate Heats Up",
    "summary": "Some believe that businesses should pay up when they replace workers with machines",
    "link": "https://www.wsj.com/articles/the-robot-tax-debate-heats-up-11578495608?mod=Searchresults_pos17&page=7",
    "content": "In all likelihood, your co-workers pay taxes. But what happens if your boss replaces them with sophisticated software or dexterous machines—ones that perform the same tasks for less money (at least over the long run) and contribute nothing in payroll taxes?\n\nOne seemingly flip answer is starting to gain some attention: Just tax the robots.\n\nBill Gates has called for a robot tax, and New York Mayor Bill de Blasio detailed a plan for one in his short-lived presidential campaign. If the future means far fewer workers and far more machines, tax revenue could drop and the daily rhythms of steady employment could become erratic.\n\nA robot tax could serve multiple purposes, slowing job-destroying automation while raising revenue to supplement shrinking taxes paid by human workers. It could take a few different forms. Lawmakers could limit or slow down deductions for businesses that replace humans with robots, or they could hit businesses with levies equivalent to the payroll taxes paid by employers and employees.\n\nFor the moment, massive job losses from automation and artificial intelligence are a largely theoretical worry. But tax economists and lawyers are thinking through the economic circumstances in which robot taxes might make sense and the tricky legal decisions and definitions needed to implement them.\n\nNewsletter Sign-up The Future of Everything A look at how innovation and technology are transforming the way we live, work and play. Preview Subscribe\n\nThe threshold question for would-be robot taxers is whether this time is special. Machines have been destroying jobs for hundreds of years—while creating new and different jobs along the way.\n\nAre robots just like spinning wheels, assembly lines and personal computers? If so, there may be little reason to change how we tax. Jobs will leave, new jobs will come and the challenge for policy makers will be managing that transition through worker training and assistance.\n\nToday, reflecting a history of prioritizing investment in technology, the U.S. tax system makes no real distinction between job-stealing robots and other equipment. For tax purposes, the robot is the same as the office printer. Companies can deduct the costs of buying equipment—whether printers or self-driving tractor-trailers—and robots, of course, don’t pay taxes themselves.\n\nThat differing tax treatment hasn’t caused mass unemployment. Just look back a few decades. The advent of PCs and computing power in the 1980s and 1990s boosted productivity and destroyed the jobs of typists and file clerks. But software designers and social-media influencers rose to take their place, and U.S. unemployment today is at a 50-year low.\n\nIf that history repeats, there will be difficult short-term disruptions but little to warrant upending the whole tax system.\n\nIn fact, altering the tax system to slow automation or raise revenue from robots could be damaging, placing a new constraint on exactly the innovation that can boost employment and living standards in the long run.\n\n“It’s one of the more harebrained ideas. Just about every aspect of it’s wrong,” says Dean Baker , a progressive economist who says the country should be trying to improve flagging productivity growth, not inhibiting it. “The problem that we’re ostensibly trying to fix isn’t there.”\n\nBut what if the next wave of robots is different? What if robots aren’t like laptops or sewing machines or any other technology we’ve ever seen and they replace jobs without creating new ones?\n\n“That’s the bazillion-dollar question,” says Shu-Yi Oei , a Boston College law professor. “Is this the same as the last manufacturing age? Or is it really something new?”\n\nThere’s a real risk that the next wave of automation and artificial intelligence will displace workers and not create enough jobs, says Daron Acemoglu , an economist at the Massachusetts Institute of Technology, who co-wrote a recent study that found technology already contributing to slower employment growth.\n\nInteractive VIEW Graphic Technology is transforming the nature of work. In the coming decades, the office as we know it will likely disappear. Here’s what might take its place.\n\nA 2017 McKinsey Global Institute study estimated that 15% of work globally could be automated by 2030,but that U.S. employment rates likely wouldn’t fall as new jobs are created. A subsequent report found that job losses could be concentrated in rural America and already-distressed regions.\n\nBut if robots—or artificial intelligence or automation—create mass unemployment, the tax system would be stressed. Payroll tax revenue could decline because far fewer workers would pay into the system. Corporate tax revenue could fall, too, at least temporarily, as companies get short-term deductions for the capital cost of investing in robots.\n\n“You really need to intervene in a way that encourages job creation,” Mr. Acemoglu says. “Taxing or discouraging innovations that are not very productive at the margin but are displacing labor is certainly an option.”\n\nDuring his campaign, Mr. de Blasio proposed changes to investment deductions and a form of robot taxation that would require companies to pay five years’ worth of payroll taxes for every job they automate. He would have used that money to create jobs in energy, child care, health care and elsewhere.\n\n“My plan wouldn’t accept a post-work future,” he wrote.\n\nBut implementing those ideas or others would require messy legal work—largely to define “robot” or whatever it is that is going to be taxed without inadvertently taxing other equipment or creating a new world of tax avoidance.\n\n“Is this the same as the last manufacturing age? Or is it really something new?” — Shu-Yi Oei, Boston College law professor\n\n“I’m sure I can come up with a robot that isn’t a robot, according to the tax code,” Ms. Oei says.\n\nA better approach might be higher taxes on corporations and investment income broadly, generating money from companies that profit from automation without directly deterring innovation or encouraging activity to move abroad, says Orly Mazur , a law professor at Southern Methodist University who studies the intersection of taxes and technology.\n\n“I just haven’t seen a workable robot tax solution,” she says.\n\nMr. Acemoglu compares the state of robot taxation today to climate change research and policy 30 or 40 years ago: There’s a known problem, but potential responses aren’t well-defined or thoroughly studied.\n\nThat thinking and analysis, he says, is what’s crucial now, so future lawmakers have a thoroughly developed set of options.\n\n“If you told Congress right now [to] pass a law, they couldn’t do it,” Mr. Acemoglu says. “We’re very much asleep at the wheel in terms of worrying, measuring, understanding this issue.”\n\nShare Your Thoughts Is it time we tax robots when they displace workers? Why or why not? Join the conversation below.",
    "published": "2020-01-08"
  },
  {
    "source": "WSJ",
    "title": "Blue State Redistribution",
    "summary": "High-tax states are losing people, money and seats in Congress.",
    "link": "https://www.wsj.com/articles/blue-state-redistribution-11578443075?mod=Searchresults_pos19&page=7",
    "content": "The U.S. population grew last year at the slowest rate since World War I as the birth rate and immigration declined, the Census Bureau reported last week. Slowing population growth will have significant economic and social implications for the country, but especially for high-tax states.\n\nThe Census Bureau and IRS last week also released state population growth and income migration data for 2018 that show the exodus from high-tax to low-tax states is accelerating. Four states have lost population since 2010 including West Virginia (-3.3%), Illinois (-1.2%), Vermont (-0.3%) and Connecticut (-0.2%), but 10 experienced declines last year. New York was the biggest loser as a net 180,000 people left for better climes. Over the last decade New York has lost more of its population to other states (7.2%) than any other save Alaska (8%), followed by Illinois (6.8%), Connecticut (5.6%) and New Jersey (5.5%).\n\nHmmm, what do these states have in common? Large tax burdens and politically powerful public unions. Illinois’s property tax rates are the second highest in the country after New Jersey. The state lost $5.6 billion in adjusted gross income last year to other states, about twice as much as in 2012. Notably, income outflow hasn’t increased from Michigan or Wisconsin.\n\nIllinois’s 4.95% flat income tax is lower than many of its neighbors, but Democrats are pushing a state constitutional amendment on the November ballot for a progressive income tax. Voters should look how that’s turned out for other high-tax states.\n\nNew York’s 12.7% top marginal rate is the second highest in the U.S. In the last two years New York has lost a net $18 billion in adjusted gross income. The wealth exodus is reducing revenue and making it harder to fund programs like Medicaid. As Gov. Andrew Cuomo groused last year, “Tax the rich, tax the rich, tax the rich. We did that. God forbid the rich leave.”\n\nConnecticut was a tax haven in the Northeast before it adopted an income tax in 1991, and Democrats have raised the rate again and again. The 6.99% top rate, which hits individuals making more than $500,000, is now higher than Massachusetts’s 5.1% flat tax and not much of a bargain on New Jersey’s 8.97% “millionaire tax.”\n\nThat was New Jersey’s top rate on income of more than $500,000 before Democrats in 2018 imposed a 10.75% surtax on folks making more than $5 million. But the state is still short on revenue to pay government pensions, so Democratic Gov. Phil Murphy wants to extend the 10.75% top rate to income above $1 million.\n\nThen there’s California, where the 13.3% top rate on individuals making more than $1 million is the nation’s highest. Democrats in the Golden State have long proclaimed that raising taxes on the rich won’t make them leave and they flog old data showing that more high earners moved into the state than left.\n\nNo more. The exodus of high earners has accelerated since voters approved a referendum in 2012 raising the top rate on income above $250,000. The ratio of tax returns over $200,000 moving into and out of the state was then about equal. Now the ratio is about three to two and is higher than for middle and lower earners.\n\nLast year California lost $8 billion in adjusted gross income to other states, up from about $135 million in 2012. Much of this is higher capital-gains income earned by the affluent. High housing costs, diminished economic opportunities and lousy public schools in California and other liberal states have also sent young workers and middle-class families packing.\n\nSince 2010, California, New York and Illinois have experienced the largest population declines among people under age 18, though New Jersey and Connecticut also rank high. Fewer young workers will make it harder to keep state economies growing to pay for government entitlements and pensions.\n\nWhere are high-tax state exiles going? Zero income tax Florida drew $16.5 billion in adjusted gross income last year. Many have also fled to Arizona ($3.5 billion), Texas ($3.5 billion), North Carolina ($3 billion), Nevada ($2.3 billion), Colorado ($2.1 billion), Washington ($1.7 billion) and Idaho ($1.1 billion). Texas, Nevada and Washington don’t have income taxes.\n\nDemocrats in high-tax states blame the 2017 tax reform, which limited the federal deduction for state and local taxes to $10,000 and thus increased the effective federal tax rate for the well-to-do. The cap took effect in 2018, but most taxpayers would not have felt the pain until they paid their taxes last year. Taxpayer flight may accelerate even more now.\n\nAll of this explains why Democrats are nervous about the 2020 Census, which will decide apportionment of House seats and electoral votes for the next decade. California, Illinois and New York are each projected to lose a seat while Texas is forecast to pick up three, Florida two and Arizona one.\n\nWe know progressives believe in redistribution, and it’s kind of Democrats to spread their wealth and political power to other states.\n\nCensus shows blue-state residents are heading for the exits. Image: Marcio Jose Sanchez/Associated Press",
    "published": "2020-01-08"
  },
  {
    "source": "WSJ",
    "title": "Let’s Rethink What Counts as Paid Work",
    "summary": "The ‘robot apocalypse’ is generating support for a once-in-a-generation rewriting of the basic contract of the labor market, writes chief economics commentator Greg Ip",
    "link": "https://www.wsj.com/articles/lets-rethink-what-counts-as-paid-work-11578488558?mod=Searchresults_pos11&page=5",
    "content": "As artificial intelligence and automation multiply, so do dystopian predictions that millions of employees will become redundant, their tasks performed more reliably and cheaply by a machine.\n\nBut must the “robot apocalypse” be quite so apocalyptic? It may provide a once-in-a-generation opportunity to rewrite the basic contract of the labor market: Your paycheck reflects your contribution. In this alternative future, robots will take over much of the routine drudgery, freeing millions of us to do what we truly love or society truly needs, from raising children to writing poetry to befriending the lonely.\n\nThe key to making this happen is “universal basic income,” or UBI, a lump sum every adult gets regardless of job status, income or ability. UBI proposals date back centuries but interest has surged in recent years. Advocates on the left see it as the solution to intensifying income inequality as automation displaces middle-skill jobs such as assembly-line workers and secretaries. Advocates on the right think it’s a tidier, less paternalistic alternative to the countless means-tested programs that comprise the current safety net.\n\nNewsletter Sign-up The Future of Everything A look at how innovation and technology are transforming the way we live, work and play. Preview Subscribe\n\nThe most prominent advocate is Democratic presidential candidate and entrepreneur Andrew Yang, who routinely warns audiences that automation is about to wipe out millions of good paying jobs. The centerpiece of his campaign is the “Freedom Dividend,” $1,000 paid each month to every adult, no strings attached.\n\nValue and price aren’t the same thing. Some of the most valuable work in society is unpaid. And because it’s unpaid it’s undersupplied since the people who would supply it, usually women, are out earning a living.\n\nCritics say UBI is anti-work since it makes it easier for recipients to quit their jobs. In an interview Mr. Yang counters that it’s pro-work once you “broaden what we think of as a job. My wife is at home with our two boys, one of whom is autistic. She works incredibly hard and is doing vital and challenging work for the next generation that I think is probably a million times more of a contribution than many of the jobs that are out there where someone is showing up nine to five.”\n\nAndrew Yang, entrepreneur and a Democratic presidential candidate, has made universal basic income a central issue of his campaign. Hear his perspective on guaranteed income for every American, and what legislative challenges that policy might face.\n\nThe border between paid and unpaid work has always been somewhat arbitrary. In 1965 the economists James Tobin and William Nordhaus , both of whom would later win the Nobel Prize, estimated that if unpaid activity including child care, cleaning and food preparation were paid, gross national product (similar to GDP) would be roughly 50% larger.\n\nAround that time, much of that work did start to get paid. Women began joining the job market in droves, paying others to do some of what they used to do for free. Between 1960 and 2000, the share of women who were homemakers fell to 30% from 56%, while the share of women who were paid workers increased to 70% from 40%, economists Nancy Folbre and Julie Nelson wrote in the Journal of Economic Perspectives in 2000. “Paid child care, nursing homes for the elderly, talk therapy and phone sex are just a few examples” of tasks that have moved from the “private realm of family and social relationship” to the “public world of markets and government,” they wrote.\n\nShare Your Thoughts Should the government prioritize aid to poor people, or poor places? Join the conversation below.\n\nOn the plus side, this gave women newfound economic and personal freedom. And sometimes paid workers did the job better: Nursery schoolteachers had training that most parents lack. On the minus side, many of the newly created jobs also went to women who ended up poorly paid; child care is notorious for high turnover and spotty quality, Ms. Folbre and Ms. Nelson noted. More than a few parents would prefer to stay home with their children, but can’t afford to.\n\nSome argue this means too much of what was once outside the market has become part of the market, and should move back. “The market systematically ignores many of the things that we know are incredibly important,” Mr. Yang says. “Not just parenting and nurturing and caregiving. There’s also volunteerism, and arts and creativity and entrepreneurship and risk taking.”\n\nOne way UBI could revive volunteerism is through “time-banks.” First proposed in the 1980s by Edgar Cahn , a speech writer for Sen. Robert Kennedy, time banks are co-ops in which one member performs a task for another, such as taking an elderly neighbor to the doctor, and receives a one-hour credit the member can later use, for example, for piano lessons from another member. They aren’t physical structures but ledgers, originally on paper but now typically online.\n\nThey’ve struggled to evolve beyond a niche. Much of what people need can’t be purchased with their own time: car repairs, doctor’s care, shelter. One of the more successful time banks is in Wisconsin’s Dane County (which includes Madison, the state capital). It has 2,800 registered members of whom 100 are logging activity at any given time. Stephanie Rearick , who founded it in 2005, says UBI could free more people to do the types of work that they and society really need via the time bank. Mr. Yang believes volunteering such as through time banks could be “supercharged” by UBI.\n\nUBI is not the only new idea for remaking the labor market. Rather than pay people for work on which the market doesn’t put a price, why not put a price on work that is now unpaid? That idea is gaining currency with the rise of online platforms. When you search on Google, “like” a post on Facebook or send a tweet on Twitter, you contribute data that makes the algorithms that drive these platforms smarter, and more profitable for the companies who use the data to sell ads or other products. Glen Weyl , an economist at Microsoft Corp.’s in-house think tank, and Jaron Lanier , a computer scientist credited with creating virtual reality, say users should be paid for their contribution. They propose the creation of “mediators of individual data,” essentially guilds that would negotiate with digital companies on behalf of their users to set the price and conditions under which their data can be used. “A future person of retirement age will earn a small sum from each of hundreds of data schemes they participated in over their lifetimes (captioning pictures, commenting on products, and the like),” they wrote in Harvard Business Review in 2018.\n\nThe political and logistical barriers to both ideas are formidable. Digital companies point out no that one is being forced to contribute their data, suggesting users feel they are getting something valuable in return.\n\nInteractive VIEW Graphic Technology is transforming the nature of work. In the coming decades, the office as we know it will likely disappear. Here’s what might take its place.\n\nAs for UBI, the robot apocalypse is so far nowhere to be seen: Unemployment is at a 50-year low and productivity growth, where automation’s impact should show up, is sluggish. Then there’s the cost. Mr. Yang says UBI would be financed through a 10% value-added tax and the extra economic growth and tax revenue that increased spending would generate. Kyle Pomerleau , an analyst at the Tax Foundation, a think tank that favors lower taxes, is doubtful. He estimates the Freedom Dividend would cost $2.8 trillion a year while Mr. Yang’s taxes and savings on other safety net programs would only raise $1.4 trillion, and the taxes would end up shrinking, not expanding, GDP by discouraging paid work.\n\nMr. Yang says making UBI universal will make it politically more popular. But universality makes it dramatically more expensive, requiring a tax “that vastly exceeds anything in U.S. history,” Robert Greenstein of the left-of-center Center on Budget and Policy Priorities said in a commentary. He worries UBI would divert resources from safety-net programs, leaving the poor worse off. (Mr. Yang would let people choose between UBI or existing safety-net programs.)\n\nNo one ever said remaking the link between labor and money would be easy. Still, even if these ideas never get off the ground, the relentless advance of technology guarantees there will be more ideas to come.\n\nWrite to Greg Ip at greg.ip@wsj.com.",
    "published": "2020-01-08"
  },
  {
    "source": "WSJ",
    "title": "Samsung’s Profit Hurt by Chip Slump, Pins Hope on 5G",
    "summary": "As the world’s largest smartphone and memory chip maker, the company’s earnings are seen as a bellwether for the tech industry",
    "link": "https://www.wsj.com/articles/samsung-expects-operating-profit-to-plunge-pins-hope-on-5g-11578444784?mod=Searchresults_pos13&page=8",
    "content": "Hyun-Suk Kim, chief executive of Samsung Electronics, speaks at CES 2020 in Las Vegas, Monday. The company’s earnings have been affected by a slump in semiconductor sales.\n\nSEOUL—Samsung Electronics Co. 005930 0.18 %increase; green up pointing triangle expects a 34% drop in its fourth-quarter operating profit for 2019, affected by a continued global slump in semiconductor sales that have recently clouded the company’s earnings performance.\n\nThe world’s largest smartphone and memory-chip maker said it anticipates an operating profit of 7.1 trillion South Korean won ($6.1 billion) for the last three months of 2019, down from 10.8 trillion won a year earlier. The company expects revenue to remain roughly flat from a year ago at 59 trillion won.\n\nThe guidance topped analysts’ estimates pooled by S&P Global Market Intelligence, which forecast 6.5 trillion won in operating profit. The company reports full earnings later this month.\n\nSamsung’s results are closely watched because of its dual role as one of the world’s biggest hardware makers and a major components supplier of electronics companies—including to rivals such as Apple Inc., which buys displays and chips from the Suwon, South Korea-based company.\n\nLooking ahead, Samsung is expected to get a boost from a wider next-generation 5G network rollout around the world in 2020, industry analysts say. In 2019, the company shipped over 6.7 million 5G-enabled Galaxy smartphones—topping its earlier forecast of 4 million—that accounted for more than half of global shipments of such handsets last year\n\nBut many of those sales occurred in its home country of South Korea, where consumers delivered a mixed review of 5G and local carriers have offered discounts to entice subscribers. The 5G phone sales also represent just a fraction of the roughly 300 million handsets Samsung ships annually.\n\nSamsung faced tough conditions in 2019, primarily constrained by a downturn in memory chip sales that was exacerbated by the U.S.-China trade war. The rocky economic picture began hitting the company’s performance from the end of 2018, months after the company announced its all-time high earnings. Chip sales accounted for over three-quarters of Samsung’s entire operating profit in 2018.\n\nAnalysts have held mixed views on when the memory chip market will rebound and lift Samsung’s earnings, though a broader consensus is forming around an imminent recovery starting this year.\n\n“This is the low point,” said Lee Seung-woo at Eugene Investment & Securities, referring to Wednesday’s results. Mr. Lee said chip sales are expected to improve this year, which is beginning to be reflected by companies’ declining memory-chip inventory.\n\nBeyond chips, Samsung also appeared to have been affected by weak sales in lower-priced smartphones and declining display-panel prices, according to industry analysts. But these factors are expected to have a minor impact on earnings compared with chip sales and the company is seeing stronger high-end smartphone sales. Samsung traditionally reports weaker mobile sales in the fourth quarter, when it increases marketing efforts that incur higher costs, Mr. Lee said.\n\nWrite to Eun-Young Jeong at Eun-Young.Jeong@wsj.com",
    "published": "2020-01-08"
  }
]