[
  {
    "source": "WSJ",
    "title": "What’s News: World-Wide",
    "summary": "This copy is for your personal, non-commercial use only. Distribution and use of this material are governed by our Subscriber Agreement and by copyright law. For non-personal use or to order multiple copies, please contact Dow Jones Reprints at 1-800-843-0008 or visit www.djreprints.com.",
    "link": "https://www.wsj.com/articles/whats-news-world-wide-11579752198?mod=Searchresults_pos15&page=7",
    "content": "This copy is for your personal, non-commercial use only. Distribution and use of this material are governed by our Subscriber Agreement and by copyright law. For non-personal use or to order multiple copies, please contact Dow Jones Reprints at 1-800-843-0008 or visit www.djreprints.com.\n\nhttps://www.wsj.com/articles/whats-news-world-wide-11579752198",
    "published": "2020-01-23"
  },
  {
    "source": "WSJ",
    "title": "Newsletter: The Number of Homes for Sale Is at a Record Low",
    "summary": "This is the web version of the WSJ’s newsletter on the economy. You can sign up for daily delivery here.",
    "link": "https://www.wsj.com/articles/newsletter-the-number-of-homes-for-sale-is-at-a-record-low-01579779639?mod=Searchresults_pos18&page=7",
    "content": "This is the web version of the WSJ’s newsletter on the economy. You can sign up for daily delivery here.\n\nBuild Me Up Buttercup\n\nU.S. home sales hit their high mark for the year in December, a sign that favorable mortgage rates and low unemployment are starting to lure more house hunters back into the market. After a slow start, the second half of 2019 showed a pickup in activity that brought total sales of previously owned homes to 5.34 million for the year, the same pace as in 2018. That is giving the housing market fresh momentum going into 2020, especially with the economy continuing to grow and borrowing rates remaining attractive, Will Parker and Sarah Chaney report.\n\nThe catch: There aren't enough homes on the market. The inventory of existing homes for sale last month fell to the lowest level in records dating back to 1982, a potential stumbling block for homebuyers and catalyst for accelerating price gains. \"Low inventory remains a problem, with first-time buyers affected the most,” said National Association of Realtors chief economist Lawrence Yun. There are, however, some encouraging signs that home building is picking up. Housing starts hit a 13-year high in December.\n\nWHAT TO WATCH TODAY\n\nThe World Economic Forum in Davos, Switzerland, runs from Jan. 21-24. You can follow the WSJ's coverage here.\n\nThe European Central Bank releases a policy statement at 7:45 a.m. ET, and ECB President Christine Lagarde holds a press conference at 8:30 a.m. ET.\n\nU.S. jobless claims are expected to rise to 215,000 from 204,000 a week earlier. (8:30 a.m. ET)\n\nThe Conference Board's leading economic index for December is expected to fall 0.2% from the prior month. (10 a.m. ET)\n\nThe Kansas City Fed's manufacturing survey for January is out at 11 a.m. ET.\n\nJapan's consumer-price index for December is out at 6:30 p.m. ET.\n\nTOP STORIES\n\nEurope Girds for Battle\n\nEuropean politicians said they would retaliate against any American tariffs after President Trump set his sights on the continent as the next front in his global fight over trade. With a first-phase China deal in his pocket, Mr. Trump said he wants to reach an agreement with the European Union before the U.S. presidential election, and threatened to levy tariffs if talks failed. France’s finance minister, Bruno Le Maire quickly shot back: “If we were to be hit by American tariffs, we would have no choice but to retaliate.” One way Europe is less vulnerable to U.S. levies than China: The U.S. exports three times more to the EU than it does to China, giving Europe plenty of targets, Stephen Fidler and Greg Ip report.\n\nResetting the Clock\n\nThe “phase one” China-U.S. trade deal may turn out to be a watershed—the most forceful effort yet by the U.S. to reset the engagement clock and correct the flaws of China's accession to the World Trade Organization in 2001. There are two plausible outcomes following the deal. The optimistic case is that China finally changes in the way American officials had hoped when it joined the WTO and takes a more Western-style approach to the economy and markets. The pessimistic case is that the integration of the Chinese and U.S. economies that followed accession comes undone, Greg Ip writes.\n\nNext up: The U.S. is preparing for a longer and broader campaign to banish China's Huawei Technologies from next-generation 5G cellular networks around the world amid pushback from allies. The Trump administration sees Britain and Germany as bellwethers that could prompt other nations to welcome Huawei, a giant maker of cellular equipment that the U.S. considers a spying threat, Stu Woo reports.\n\nLabour of Love\n\nThe share of American workers in labor unions fell to a fresh record low last year. The fall in union membership reflects both the declining power of organized labor in the U.S. and slower employment growth in traditionally more unionized industries, such as manufacturing, transportation and utilities, compared with health care and other services. Economists point to the decline as a reason why wage growth has been relatively soft in recent years despite low unemployment and steady hiring. Median weekly pay for full-time union members was $1,095 last year versus $892 for nonmembers, Eric Morath reports.\n\nLockdown\n\nGlobal stocks slumped Thursday as China grappled with a worsening viral outbreak, leading investors to reassess the potential economic fallout. The Chinese government on Thursday locked down Wuhan, where the new coronavirus originated, and two other cities in a dramatic escalation of efforts to contain the outbreak that has killed at least 17 people and infected more than 500 so far. Heard on the Street's Nathaniel Taplin writes that the latest outbreak could hit China's economy harder than severe acute respiratory syndrome (SARS)—a similar virus that ultimately killed more than 700 people in the early 2000s. Why? China’s transport infrastructure—particularly high-speed rail—is far better than it was during the 2003 SARS epidemic, so the virus appears to be spreading quickly. China’s economy is also far more dependent on services and consumer spending than in the early 2000s. China’s economy is therefore more exposed now than when SARS hit.\n\nWHAT ELSE WE’RE READING\n\nBuild more housing. \"The case for increasing construction becomes more solid by the day. A new paper by economists Brian Asquith, Evan Mast and Davin Reed finds that building one large new market-rate apartment building in a low-income, gentrifying urban neighborhood tends to reduce rents within a 250-meter (800 feet) radius by 5% to 7%. This stands in sharp contrast to the theory that building new apartment buildings raises nearby rents by drawing high-income residents to the area. Instead, it looks as if new housing attracts relocating workers and prevents them from pricing out existing renters,\" Noah Smith writes at Bloomberg Opinion.\n\nSIGN UP FOR OUR CALENDAR\n\nReal Time Economics has launched a downloadable calendar with concise previews, forecasts and analysis of major U.S. data releases. To add to your calendar, please click here.",
    "published": "2020-01-23"
  },
  {
    "source": "WSJ",
    "title": "ECB Indicates It Will Leave Negative Rates In Place for Some Time",
    "summary": "Lagarde says eurozone economy still faces ‘downside risks’ from rising protectionism despite the U.S. and China signing a trade deal",
    "link": "https://www.wsj.com/articles/ecb-leaves-rates-on-hold-as-eurozone-economy-struggles-11579784179?mod=Searchresults_pos3&page=16",
    "content": "FRANKFURT—The European Central Bank signaled it will leave negative interest rates in place for some time, despite growing misgivings with the unconventional policy tool, as trade tensions continue to drag on the export-focused eurozone economy.\n\nFive years into the ECB’s experiment with negative rates, economic growth in the 19-nation currency union is sluggish, bank lending is falling and there are signs of asset-price bubbles. Sweden’s central bank, a pioneer of negative rates, moved in December to return interest rates to zero amid concerns about real-estate prices.\n\nBut speaking to reporters Thursday, ECB President Christine Lagarde, who took over the reins from Mario Draghi in November, suggested that the ECB isn’t ready to follow Sweden’s lead. The ECB left its policy mix unchanged at Thursday’s meeting, extending a long period of easy money to shore up a eurozone economy that is struggling to rebound from a slowdown in global trade.\n\nThe ECB will only start raising its key interest rate, currently set at minus 0.5%, once eurozone inflation “robustly” meets the central bank’s target of just below 2%, Ms. Lagarde said. That is unlikely to happen for several years, according to financial markets and the ECB’s own economic forecasts.\n\nAsked about Sweden’s move, Ms. Lagarde suggested the Riksbank’s rate increase showed that negative rates had succeeded.\n\nInvestors are watching closely for signs that the ECB might move to exit negative rates, which would have a sweeping impact on eurozone bond markets and the euro currency. Investors currently expect the ECB to hold rates at the current level for at least 18 months, as the bank conducts a broad review of its policy strategy, the first since 2003.\n\nBy discouraging commercial banks from parking their money at central banks, negative rates prod financial institutions to lend at low cost to other banks, businesses and consumers, in turn pushing people to borrow more, spend more and save less. Negative rates can also weaken the national currency, delivering a boost to exports and increasing prices of imported goods to fuel inflation.\n\nBut economists worry that a longer period of negative interest rates could create distortions in the economy by encouraging businesses and households to take on too much debt, or forcing banks to charge to accept deposits, which could lead to a rush into cash.\n\nThe ECB has left open the option of cutting interest rates even further below zero if the economic outlook worsens. A recent ECB report suggested it could cut interest rates to minus 1%, or perhaps lower.\n\nLoading tweet...\n\nFresh rate cuts seem unlikely for now. The ECB slightly upgraded its economic outlook on Thursday, suggesting that some international risks had faded.\n\nMs. Lagarde said the recent trade deal between the U.S. and China had slightly reduced uncertainties facing eurozone exporters, but that its overall impact for the eurozone still needed to be assessed.\n\nShe noted “positive signals” from encounters this week between EU leaders and U.S. President Trump in Davos, despite the latter’s threat to impose tariffs on European automobiles. But she said the eurozone economy still faced “downside risks” from rising protectionism.\n\nRecent data and surveys suggest that the region’s growth has stabilized at a low level after slowing sharply last year. Germany’s economy, the region’s largest, is expected to have grown slightly at the end of last year, according to the federal statistics agency, but its large manufacturing sector remains mired in recession. Italy’s economy is barely growing, and the nation’s coalition government looks increasingly shaky following the resignation of the 5 Star leader Luigi Di Maio. Job growth across the region has tailed off, which will put pressure on household spending.\n\nSHARE YOUR THOUGHTS Do you agree with the ECB’s decision on interest rates? Why or why not? Join the conversation below.\n\nThe ECB responded aggressively in September to last year’s economic slowdown, cutting its key interest rate and relaunching a giant bond-buying program known as quantitative easing, or QE. The move, pushed through by departing President Draghi, created a rift among top ECB officials that Ms. Lagarde has since sought to heal.\n\nThe Federal Reserve also loosened its policy aggressively last year, cutting interest rates three times to shore up a U.S. economy navigating trade disputes and weak global growth. But the Fed’s key policy rate remains some way above zero, in a range between 1.5% and 1.75%.\n\nSeveral ECB officials have recently signaled they would like rates to return to zero soon. The minutes of the bank’s December policy meeting showed officials were concerned about the possible impact of negative rates on the region’s households, and called for close monitoring of savings and consumption behavior.\n\nThe negative-rates policy has been supported by influential ECB officials like German Bundesbank President Jens Weidmann , who considers it an acceptable tool to stimulate the economy—unlike the ECB’s large-scale bond purchases, which he considers an unusual and distortionary tool.\n\nThe ECB’s strategic review, formally launched by Ms. Lagarde on Thursday, could help settle the dispute. It will assess the costs and benefits of tools like negative rates and bond purchases, while possibly fine-tuning the bank’s inflation goal.\n\nIn a press conference in Davos, President Trump said that he is seeking ‘dramatic’ reform at the World Trade Organization. On trade negotiations with the EU, he stated that Europe is ‘more difficult to do business with than China.’ Photo: Simon Dawson/Bloomberg\n\nMeanwhile, investors will continue to speculate about a possible ECB rate increase, as the region’s economic growth and inflation rates firm further, said Joerg Kraemer , chief economist at Commerzbank in Frankfurt.\n\nPaul Hannon in London contributed to this article.\n\nWrite to Tom Fairless at tom.fairless@wsj.com",
    "published": "2020-01-23"
  },
  {
    "source": "WSJ",
    "title": "Intel’s Earnings Boosted by Data-Center, PC Demand",
    "summary": "U.S.’s largest chipmaker also gave an upbeat outlook for the full year",
    "link": "https://www.wsj.com/articles/intels-earnings-boosted-by-data-center-pc-demand-11579814614?mod=Searchresults_pos11&page=10",
    "content": "Intel Corp. INTC -0.59 %decrease; red down pointing triangle posted strong fourth-quarter earnings that benefited from an upswing in personal-computer shipments and robust demand for chips to power data centers.\n\nThe chip maker Thursday said adjusted earnings per share in the quarter rose to $1.52 from $1.28 in the year-prior period. Analysts surveyed by FactSet were expecting $1.25 per share on an adjusted basis. Sales in the period rose 8% to $20.21 billion, beating the $19.23 billion analysts had expected.\n\nThe company’s shares rose around 6% in after-hours trading.\n\nIntel’s results are only the latest sign technology companies expect continued healthy demand at the start of this year despite wider expectations for only a modest economic rebound this year. Taiwan Semiconductor Manufacturing Co. TSM 0.51 %increase; green up pointing triangle Ltd., the world’s largest contract chip maker, last week forecast a 42% jump in sales for the current quarter. European chip maker STMicroelectronics STM 1.72 %increase; green up pointing triangle NV on Thursday promised solid revenue growth for the year.\n\nIntel benefited from bumper sales of high-margin products, including its most advanced processors for data centers. That demand helped drive earnings significantly higher than Wall Street and Intel had projected, Chief Financial Officer George Davis said in an interview. Intel’s bottom line was also padded by gains on investments, he said.\n\nThe Santa Clara, Calif.-based company gave an upbeat outlook for the full year. Sales, it said, should reach about $73.5 billion. Analysts are expecting sales to reach $70.98 billion. Intel posted 2019 annual sales of $71.97 billion, topping the $71 billion the company forecast in October.\n\nIntel’s growth forecast for the year, Mr. Davis said, “really reflects globally very strong demand for our data center products, led by the cloud players.”\n\nThe company has benefited recently from demand for cloud-computing as companies migrate from owning servers to renting data storage and processing horsepower. That has driven cloud-computing vendors to build up big data centers, the chip-hungry server farms where the data is stored.\n\nIntel, the largest U.S. chip maker by revenue, also has enjoyed stronger-than-expected demand for chips powering personal computers. Vendors of those computers shipped large numbers of devices running a newer version of Microsoft Corp.’s MSFT 0.29 %increase; green up pointing triangle Windows operating system before the software giant, this month, stopped supporting the older Windows 7. PC shipments rose by 4.8% in the quarter, according to International Data Corp. figures, helping boost Intel’s chip sales.\n\nChief Executive Bob Swan said the company was outperforming revenue and earnings expectations in its long-term financial plan.\n\nAll but one of Intel’s main business segments showed revenue increases in the fourth quarter. Its data-centers segment generated $7.2 billion in October through December sales, up 19% compared with the same period last year. The chip maker’s PC division posted modest growth. But the 2% rise in sales to $10 billion in the quarter still topped the company’s forecast for flat to slightly lower sales. Only the small programmable solutions group, which sells reprogrammable chips, saw sales slide 17% to $505 million.\n\nDespite the better-than-expected quarter, Intel is facing several challenges, including development difficulties with new processors, chip supply shortages, loss of market share to its main chip-making rival and turmoil from the U.S.-China trade tussle.\n\nThe company has been slow developing the tiniest transistors it has ever made, measuring roughly 10 nanometers in length, or less than 10 thousandths the width of a human hair. It is now ramping up their mass-manufacturing. Those processors should help Intel keep up in the arms race for faster computers, but bringing 10-nanometer chip production to more manufacturing facilities is costly, pressuring margins.\n\nIntel also has been struggling with supplying all the processors its customers want. Shortages last year prevented the company from fully capitalizing on PC demand. The company in November sent an unusual apology to PC manufacturers, saying it was making record capital investments to boost production capacity, while also increasing the use of contract chip manufacturers.\n\nEven though Intel boosted processor production in the second half of last year, Mr. Swan told analysts on a conference call that “supply remains tight.”\n\nBut that lag has allowed Advanced Micro Devices Inc., Intel’s main chip-making rival, to win market share. AMD also has been rolling out new chips both for servers and PCs that outperformed Intel’s in some benchmarks and often cost less. Intel’s market share in chips for new laptops fell from almost 96% at the beginning of 2018 to 82.5% late last year, according to Susquehanna Financial Group research.\n\nLike most American chip-makers, Intel also has had to grapple with protracted U.S.-China trade tussle that has added tariffs and red tape to dealings with customers and suppliers in the world’s second-largest economy. The U.S. and China last month agreed on a phase-one trade deal that may provide relief by easing tariff pressure on electronics that contain Intel’s chips.\n\nIntel’s financial chief, Mr. Davis, said he was supportive of the trade deal and any move that improved trade relations.\n\nWrite to Asa Fitch at asa.fitch@wsj.com",
    "published": "2020-01-23"
  },
  {
    "source": "WSJ",
    "title": "U.S. Signals Crackdown on Counterfeit Goods Sold Online",
    "summary": "Trump administration targets e-commerce operators with broader enforcement in effort to compel companies’ to help root out fakes",
    "link": "https://www.wsj.com/articles/u-s-signals-crackdown-on-counterfeit-goods-sold-online-11579820400?mod=Searchresults_pos20&page=17",
    "content": "U.S. Customs and Border Protection officials inspected shipments of counterfeit bags at a warehouse in Kearny, N.J., in October 2015.\n\nWASHINGTON—The Trump administration is moving to curb the sale of imported counterfeit goods over the internet, warning electronic commerce platforms and warehouse operators of greater scrutiny and penalties if they don’t help ferret out fakes.\n\nThe Department of Homeland Security is set to release a report Friday outlining its immediate actions and longer-term goals for enlisting e-commerce players to combat counterfeit products that officials say undermine U.S. technology and manufacturing, harm bricks-and-mortar retailers and endanger consumers.\n\nThe new initiative, led by U.S. Customs and Border Protection and the White House, comes the same month as an initial trade agreement with China that requires Beijing to take steps against counterfeiters or risk enforcement actions that could trigger new tariffs.\n\nThe Trump administration is seeking to pressure e-commerce giants including Amazon.com Inc., which increasingly hosts lucrative third-party sales on its platform, as well as financial firms, logistics services and other companies that are positioned to help stem the rising tide of counterfeits and pirated goods.\n\nThe DHS report, which was reviewed by The Wall Street Journal, says law enforcement will begin identifying cases immediately and “seek all available statutory authorities to pursue civil fines and other penalties against these entities.”\n\nIt also calls for new laws “to explicitly permit the government to seek injunctive relief against third-party marketplaces and other intermediaries dealing in counterfeit merchandise.”\n\n“This is not about any one e-commerce platform—this is about e-commerce playing by a different set of rules that simultaneously hammer brick-and-mortar retailers, defraud consumers, punish workers and rip off intellectual-property rights holders,” said White House trade adviser Peter Navarro , who is helping lead the initiative. “It’s Amazon, Shopify, Alibaba, eBay, JD.com, Walmart.com and a constellation of lesser players that provide the digital hubs.”\n\nA Walmart Inc. spokesman said the company only uses “select sellers in our marketplace, all of which we’ve carefully vetted” and that the items reported as counterfeit make up “a very small fraction of less than 1% of total items available for sale on Walmart.com.”\n\n“We already have programs and processes that go well beyond our obligations under U.S. law,” an Amazon spokeswoman said. “This year we will begin reporting all confirmed counterfeiters blocked from our stores to law enforcement entities so they can build cases against these bad actors.”\n\nEBay spokeswoman Ashley Settle said, “We welcome and support this multi-stakeholder dialogue and look forward to continuing to work collaboratively with the administration, Congress, law enforcement and our industry partners to combat counterfeits and bad actors.”\n\nRepresentatives of Alibaba Group Holding Ltd. and JD.com Inc. had no comment.\n\nAmazon's pursuit of boundless selection has led it to become a massive marketplace with millions of sellers. But has this business strategy put customers at risk? WSJ investigates how unsafe products, including children's products and toys, have become available for purchase. Photo: John P. Campbell for The Wall Street Journal\n\nSHARE YOUR THOUGHTS What role, if any, should the federal government play in limiting the sale of counterfeit goods online? Join the conversation below.\n\nA spokeswoman for Shopify Inc. said the companies’ employees “take concerns around the goods and services made available by merchants on our platform very seriously” and that it has “multiple teams who handle potential violations.”\n\nAs part of the enforcement effort, the report says customs agents will treat domestic U.S. warehouses and fulfillment centers, such as those operated by Amazon and others, as the “ultimate consignee” for goods that haven’t been sold to consumers, giving officials power to scrutinize shipments even after they have cleared the border and moved to a regional warehouse.\n\nU.S. officials will share information with such warehouses about counterfeit goods and “request they pursue abandonment and destruction with the rights holders of any identical offending goods in their possession,” according to the report.\n\nAuthorities also seek to better scrutinize fulfillment centers in Mexico and Canada that they say have long skirted U.S. trade law. They say large shipments sent to these facilities are often broken up into individual packages and shipped to U.S. consumers—free of duties and formal customs paperwork as long as the shipped item is valued less than $800.\n\nCustoms and Border Protection “has existing authority to require formal entry” for any merchandise to aid in its enforcement operations, the report says.\n\nThe U.S. and other governments say the fake-goods problem is growing as consumers gravitate toward low prices on the internet and cheap international shipping. In three “blitzes” last summer at international mail facilities, express-delivery hubs and other locations, customs agents found violations in nearly 14% of the 20,861 shipments that were inspected, including roughly 5% of shipments that contained counterfeit goods, according to the report.\n\n“An acceptable rate of customs discrepancies for counterfeit products and other contraband, such as fentanyl or gun silencers coming in from countries like China, would be under 1%,” Mr. Navarro said.\n\nThe size of the problem—and any likely solution—is growing. The incidence of infringing goods at U.S. borders has increased from 3,244 seizures in 2000 to 33,810 in 2018, according to DHS data.\n\nPrevious administrations and local law enforcement have long sought to work with the owners of legitimate patents, copyrights and trademarks to stamp out imitators, including through trade agreements. Trump administration officials are seeking to extend that approach, although it isn’t clear whether they could secure more manpower or funding. Acting DHS Secretary Chad F. Wolf said in a statement that the private sector is “critical to helping secure supply chains to stem the tide of counterfeit and pirated goods.”\n\nCompanies that profit from myriad small shipments have little financial incentive to comb carefully through their transactions or shipments. Online marketplaces don’t face the same legal liability as physical stores, and major changes to the legal landscape would require new legislation from Congress, officials say.\n\nNewsletter Sign-up Technology A weekly digest of tech columns, big stories and personal tech advice, plus a news ticker and a touch of dark humor. This May, subscribers receive special weekly bonus editions on how to use generative AI tools for everyday tasks. Preview Subscribe\n\nMany items in the report are just recommendations that would take congressional action or a monthslong rule-making effort to implement.\n\nOther elements may face legal questions. Some officials within the department had pushed backed against White House requests, according to a person familiar with the matter.\n\nMany of the recommendations would require more money and technology for increased inspections and might require a major expansion of government agencies’ resources.\n\nE-commerce operators say they have safeguards in place to curb counterfeit goods. “The industry will continue to work with law enforcement, policy makers and industry to protect consumers from counterfeit goods,” said Jordan Haas , trade policy director at the Internet Association, whose members include Amazon, eBay and Etsy Inc.\n\nThe bigger e-commerce platforms say they are already working internally and cooperating with governments to address counterfeiting. Alibaba said in a news posting Wednesday that “ever-improving technologies and close partnerships with brands and other external stakeholders” have helped it to identify and remove counterfeit goods from its platforms.\n\nSome Amazon third-party sellers sell second-hand products as new on the site—some even claim to sell products they found while digging through garbage dumpsters. The Wall Street Journal set out to test their claims by setting up an Amazon storefront and gathering some trash. Photo: Robert Alcaraz/The Wall Street Journal\n\nThe Journal reported last year that Amazon allowed third-party sellers to market dangerous products on its platform with limited oversight.\n\nThe Trump administration is considering adding some of Amazon’s overseas operations to a list of global marketplaces known for counterfeit goods, in what would amount to a public shaming of the e-commerce giant, according to people familiar with the matter.\n\nOne new tool is the initial trade pact signed this month by U.S. and Chinese officials. The agreement requires Beijing to boost the number of trained personnel to seize pirated goods aimed at exports markets, with requirements to destroy fake goods and to cooperate with the U.S. on counterfeit medicines.\n\n“Over the next six months, we expect to see a quick and dramatic reduction in the rates of counterfeits and other contraband,” Mr. Navarro said, adding that “absent such a reduction, the deal will be enforced accordingly.”\n\nA spokesman for the Chinese Embassy in Washington declined to comment.\n\nTimothy Puko contributed to this article.\n\nWrite to William Mauldin at william.mauldin@wsj.com and Alex Leary at alex.leary@wsj.com",
    "published": "2020-01-23"
  },
  {
    "source": "WSJ",
    "title": "Transport Stocks Are Still Flashing Warning Signals",
    "summary": "Dow Jones Transportation Average is 4.4% below its record from September 2018",
    "link": "https://www.wsj.com/articles/transport-stocks-are-still-flashing-warning-signals-11579870801?mod=Searchresults_pos2&page=14",
    "content": "Transportation stocks haven’t hit a new high in 16 months, a potentially ominous sign for investors betting on a pickup in global growth.\n\nThe Dow Jones Transportation Average—which tracks the performance of 20 large U.S. airlines, truckers, railroads and shippers—is still 4.4% below its record from Sept. 14, 2018. Over the same period, the Dow Jones Industrial Average has risen 11%, notching 31 closing highs along the way, according to Dow Jones Market Data.\n\nThe transport stocks have also underperformed the blue-chip index over the past three months, rising 3.6% versus the Dow industrials’ 8.1% gain. That disconnect raises concern for proponents of the Dow Theory who say weakness in shares of companies that transport raw goods and materials can point to turmoil for the broader market.\n\nDisappointing results from companies including trucker J.B. Hunt Transport Services Inc. and logistics firm Expeditors International of Washington Inc., along with signs of weakness in freight activity, have weighed on the transports lately.\n\n“The fact that the transports have lagged is a signpost of sluggishness in the overall economy,” said David Rosenberg , chief economist and strategist at Rosenberg Research, who noted that small-cap stocks also have failed to make new highs. The Russell 2000 index of small companies is 4.5% below its record close from Aug. 31, 2018.\n\nThe recent market rally has been largely fueled by investor demand for shares of fast-growing companies, such as technology firms, while the members of the transport group tend to be slower-growing and more subject to economic fluctuations.\n\n“The transports lagging is part of the general lagging of value-oriented stocks,” said Ed Keon, chief investment strategist at multi-asset manager QMA.\n\nSHARE YOUR THOUGHTS Does the performance of the transportation sector affect your expectations for the broader market? Join the conversation below.\n\nTo be sure, the stocks have underperformed at other points in the bull-market run and the broader index has continued to hit new highs.\n\nAlthough the economy as a whole appears to be humming along, manufacturing has been in a rut. The U.S. factory sector contracted in December for a fifth consecutive month, with a reading from the Institute for Supply Management at its lowest level since June 2009.\n\nIn one sign of the tough environment for transport, the Cass Freight Index, a measure of North American freight activity, showed shipment volumes dropped 7.9% in December from a year earlier, while freight expenditures dropped 6.2%. Both measurements were at their lowest level of 2019.\n\n“They’re like hand in glove,” said Nela Richardson, investment strategist at financial services company Edward Jones, referring to the relationship between transportation and global manufacturing. “We’re seeing transportation doing pretty well, given low volumes, but a catalyst for growth in the transportation sector would be a rebound in manufacturing.”\n\nManufacturing accounts for only 11% of U.S. gross domestic product, and the broader picture shows signs of strength. Unemployment is at a 50-year low, and consumer spending has been solid.\n\nThe long-simmering trade war between the U.S. and China has weighed on global manufacturing activity. But the outlook has brightened as the two countries reached an agreement in recent weeks. The International Monetary Fund predicted this week that global gross domestic product will expand by 3.3% in 2020, up from 2.9% in 2019.\n\nNewsletter Sign-up Markets A.M. Let the WSJ's own Spencer Jakab prepare you for the trading day ahead, with expert insight into the companies and industries set to move markets. Preview Subscribed\n\n“If we’re right that the trade deal as well as some of the firming of economic data leads to an improvement in overall volumes, then that should be a benefit for this group,” Chris Shipley, head of fundamental equities at Northern Trust Asset Management, said of the transport stocks.\n\nAlthough investors have reacted positively to the ratcheting-down of trade tensions between the U.S. and China, some note that the agreement leaves in place U.S. tariffs on about $370 billion in Chinese goods.\n\n“This idea that growth is going to jump on this trade deal may not be realized,” said Peter Boockvar , chief investment officer at Bleakley Advisory Group.\n\nEarnings season has gotten off to a rough start for some companies in the sector.\n\nShares of J.B. Hunt dropped 4.2% on Jan. 17 after the trucking company reported lower-than-expected profits for the fourth quarter. Expeditors International shares fell 5.6% the same day, after the company said that its quarterly revenue and earnings will fall short of Wall Street expectations. The company partly blamed trade disputes and the slowing of global economies.\n\nAnd freight rail operator CSX Corp. projected another challenging year in 2020 when it reported declines in quarterly revenue and profit. It also posted a record efficiency level and saw its shares drop only 0.4% on Jan. 17, the next trading day.\n\n“It took industrial activity a while to cool off, and it will take a while to heat back up,” CSX CEO Jim Foote said on a call with analysts on Jan. 16.\n\n—To receive our Markets newsletter every morning in your inbox, click here.\n\nWrite to Karen Langley at karen.langley@wsj.com",
    "published": "2020-01-23"
  },
  {
    "source": "WSJ",
    "title": "Global Financial Watchdog Restores Vatican’s Active Membership",
    "summary": "Readmission to Egmont network boosts financial credibility of Holy See’s regulator, which had come under fire over security concerns",
    "link": "https://www.wsj.com/articles/global-financial-watchdog-restores-vaticans-active-membership-11579805322?mod=Searchresults_pos16&page=11",
    "content": "ROME—The Vatican said it has regained active membership in an international financial-watchdog network that recently suspended it over what the network called security concerns.\n\nReadmission to the Egmont Group, a Toronto-based network of more than 160 national financial-intelligence units around the world, is a boost to the Vatican’s financial credibility, which has suffered several blows in recent months.\n\nCarmelo Barbagallo , president of the Vatican’s financial regulator, said Egmont Chairman Mariano Federici decided to revoke the suspension on Wednesday. Mr. Federici didn’t respond to requests for comment.\n\nMembers use Egmont’s secure web system to share information about money laundering, the financing of terrorism, tax fraud and other financial crimes.\n\nEgmont suspended the Vatican financial watchdog’s access in November, saying its handling of confidential information posed “an evident security threat to our organization.\n\nVatican police had seized information from the Vatican’s Financial Information Authority, or AIF, while investigating a financial scandal linked to a Holy See investment in London real estate in October. Egmont said the police had improperly seized information provided by financial regulators in other countries.\n\nPope Francis played down the importance of the suspension, telling reporters in November that he didn’t believe warnings from his advisers that Egmont’s move would bring grave consequences.\n\nBut the suspension came at a delicate moment, ahead of an on-site evaluation of the papal state that is to take place early this year by the official pan-European money-laundering watchdog Moneyval. Vatican insiders warned the suspension could lead to an unfavorable assessment by Moneyval, which would set back a decade of Vatican efforts to improve its financial credibility.\n\n“The decision to revoke the suspension makes it possible for AIF to resume its collaboration with foreign financial-intelligence units in full transparency and in the spirit of active cooperation,” Mr. Barbagallo said.\n\nWrite to Francis X. Rocca at francis.rocca@wsj.com",
    "published": "2020-01-23"
  },
  {
    "source": "WSJ",
    "title": "Tax, Interest-Rate Policies Penalize Frugal Retirees",
    "summary": "One group the Trump administration’s tax reform isn’t working well for are the frugal retired.",
    "link": "https://www.wsj.com/articles/tax-interest-rate-policies-penalize-frugal-retirees-11579815406?mod=Searchresults_pos18&page=7",
    "content": "Stephen Moore claims that the 2017 tax reform “is working like a charm for all income groups” (Letters, Jan. 11).\n\nPhoto: L.J. Davids\n\nWell, I have news for Mr. Moore. One group it isn’t working well for are the frugal retired. I am not claiming poverty, but since I was involuntarily retired because my newspaper fell on evil days, my pension—not adjusted for inflation—has lost half its value. The central bank cut income on my savings almost to nothing, and the tax reform took away $8,100 in personal exemptions for me and my wife. The tiny reduction in the tax rate hardly offset that. The increased standard deduction did nothing to help us since we already had that much in legitimate deductions, mostly in medical costs.",
    "published": "2020-01-23"
  },
  {
    "source": "WSJ",
    "title": "Biden Tax Plan Raises Majority of Money From Top 0.1% of Households, Study Finds",
    "summary": "In all, the Democratic presidential contender’s tax-increase plans would raise $2.6 trillion over a decade",
    "link": "https://www.wsj.com/articles/biden-tax-plan-raises-majority-of-money-from-top-0-1-of-households-study-finds-11579790119?mod=Searchresults_pos20&page=6",
    "content": "WASHINGTON—Former Vice President Joe Biden’s tax agenda would generate more than half its money from the top 0.1% of U.S. households, raising their average tax bills by more than $1 million and reducing their after-tax income by 14%, according to an estimate released Thursday from the Penn-Wharton Budget Model.\n\nIn all, the Democratic presidential contender’s tax-increase plans would raise $2.6 trillion over a decade before accounting for economic changes, the study said. That is about 81% of what the Biden campaign estimated, largely because the proposals interact with each other and have to be considered as one whole package to be analyzed correctly, said Penn-Wharton’s Kent Smetters .\n\n“By historic standards, this is a pretty progressive tax increase,” he said.\n\nThe Penn-Wharton Budget Model, a non-partisan public policy analysis project at the University of Pennsylvania, hasn’t done full estimates of the tax plans of the other Democratic candidates.\n\nStill, Mr. Biden’s proposed tax hikes to date are much more modest than those offered by his chief rivals for the Democratic presidential nomination—Sens. Bernie Sanders and Elizabeth Warren and former South Bend, Ind., Mayor Pete Buttigieg . All of their plans are estimated to raise trillions more in tax revenue than Mr. Biden’s plan.\n\nIn a study also released Thursday, the same group said Mr. Sanders wealth-tax plan would raise $3.3 trillion over a decade, about $1 trillion short of the campaign’s estimate.\n\nThe former vice president would raise the corporate tax rate to 28% from 21%, impose a minimum tax on profitable companies, tax unrealized capital gains at death, raise the top individual tax rate to 39.6%, limit deductions and make a series of other changes.\n\nThe threshold for the top 0.1% is $3.2 million per year, using an expanded definition of income.\n\nUnlike his competitors, Mr. Biden hasn’t called for going back to a 35% corporate tax rate. He also hasn’t proposed an annual wealth tax or annual taxes on unrealized gains.\n\nThe analysis points to one challenge for Mr. Biden and other Democrats. Economists, including the ones who would do official analyses of any tax legislation, assume that workers ultimately pay part of the corporate income tax in the form of lower wages. That means studies of proposals to raise corporate taxes do show some higher taxes—under $200 for many households in Mr. Biden’s case—for the middle class.\n\n“Biden has proposed unprecedented investments that will create good jobs, strengthen the middle class, make us more competitive with the rest of the world, and grow our economy,” the Biden campaign’s policy director, Stef Feldman , said in a statement. “He also has a plan to pay for all of these investments by ensuring that the highest earners and corporations pay their fair share.”\n\nThe tax agenda of a Democratic president would likely be limited by what can get through Congress. Even if Democrats control the House and Senate, the fate of any tax plan would likely be determined by the party’s most moderate members, such as Sen. Joe Manchin of West Virginia. If Republicans hold the Senate, Democrats’ tax-hike plans would face a wall of opposition.\n\nIn the first of a series of Wall Street Journal interviews with Democratic 2020 candidates, former Vice President Joe Biden staked out a firm argument for the virtues of continued American engagement abroad. Photo Illustration: Laura Kammermann\n\nWrite to Richard Rubin at richard.rubin@wsj.com",
    "published": "2020-01-23"
  },
  {
    "source": "WSJ",
    "title": "Wuhan Coronavirus Could Hit China’s Economy Harder Than SARS",
    "summary": "The new consumer-led economy has many advantages—but it is also more vulnerable to a SARS-like epidemic",
    "link": "https://www.wsj.com/articles/wuhan-coronavirus-could-hit-chinas-economy-harder-than-sars-11579773756?mod=Searchresults_pos1&page=9",
    "content": "China is again struggling with a frightening respiratory infection ahead of the Lunar New Year, when hundreds of millions journey home or abroad for the nation’s most important family holiday.\n\nThe good news is that—so far—the new coronavirus that has emerged in the central Chinese city of Wuhan appears less virulent than severe acute respiratory syndrome (SARS)—a similar virus that jumped from animals to humans in China’s southern Guangdong province in the early 2000s and ultimately killed more than 700 people.\n\nThe bad news is that China’s transport infrastructure—particularly high-speed rail—is far better than it was during the 2003 SARS epidemic, so the virus appears to be spreading quickly. China’s economy is also far more dependent on services and consumer spending than in the early 2000s. During the height of the 2003 epidemic, year-over-year growth in retail sales plummeted by about half.\n\nChina’s economy is therefore more exposed now than when SARS hit. The key will be how quickly authorities are able to bring the infection’s spread under control.\n\nAfter a muted initial response, Beijing is now taking strong measures to contain the infection, including closing public transport links within and out of Wuhan as of Thursday morning. But many Wuhan residents have likely already departed home for the new year holiday, which officially starts Friday. Several hundred infections have already been confirmed. Doctors in Wuhan think there could ultimately be more than 6,000 cases, according to Chinese media outlet Caixin. The 2003 SARS epidemic resulted in about 8,000 cases world-wide.\n\nWorkers manufacture face masks in Handan, Hebei province, as stocks run low amid the coronavirus outbreak in Wuhan. Photo: stringer/Shutterstock\n\nChina’s economy has emerged from the turbulence of 2019 in decent shape, but consumer spending in particular still looks vulnerable. Signs of recovery in industry and the labor market have yet to feed into wages. Real per-capita disposable incomes rose just 5.8% in 2019, the slowest growth since at least 2013.\n\nOne reason for weakness in the consumer sector is the swine-fever epidemic, which has pushed pork prices through the roof. In recent months, farmers appear to have made progress rebuilding pig populations, so this problem could subside. A new blow to consumers from a human illness is the last thing the economy needs.\n\nChina has locked down some cities, including Wuhan, to try to contain a fast-spreading virus. WSJ’s Shan Li took one of the last trains out of the outbreak epicenter as millions adjusted travel plans for the Lunar New Year holiday. Photo: STR/AFP via Getty Images\n\nIn the early 2000s, consumer spending on average drove between 40% and 50% of Chinese growth. Now it drives about 60%. In 2003—the year the SARS epidemic erupted—that figure dropped to just 35%, the second lowest reading since the 1970s.\n\nTravel is also far more important now than it was to the much poorer, industry-heavy China of 2003. Tourism and related sectors now account for about 5% of China’s economy, notes Commerzbank, up from 2% in 2003.\n\nIn 2003, Chinese consumer spending bounced back quickly in the second half, but the initial drop at the height of the epidemic was vertiginous. Chinese travel and consumer stocks have already been hit hard. Trip.com’s depository receipts in New York are down almost 12% this week. It could be a very rough spring for Chinese spending and the stocks that depend on it.\n\nWrite to Nathaniel Taplin at nathaniel.taplin@wsj.com",
    "published": "2020-01-23"
  },
  {
    "source": "WSJ",
    "title": "More From Davos; OCC Not Waiting for Fed on Lending Rule Changes; Bank of Canada Holds Steady",
    "summary": "Good day. Politicians battled over tariffs and banking leaders gave their two cents on monetary policy as the World Economic Forum in Davos continued. Comptroller of the Currency Joseph Otting said he plans to push forward with changes to rules overseeing low-income lending, even though the Federal Reserve isn’t on board with his plan. And the central banks of Canada, Indonesia and Norway all held their key rates steady.",
    "link": "https://www.wsj.com/articles/more-from-davos-occ-not-waiting-for-fed-on-lending-rule-changes-bank-of-canada-holds-steady-11579786180?mod=Searchresults_pos6&page=13",
    "content": "Good day. Politicians battled over tariffs and banking leaders gave their two cents on monetary policy as the World Economic Forum in Davos continued. Comptroller of the Currency Joseph Otting said he plans to push forward with changes to rules overseeing low-income lending, even though the Federal Reserve isn’t on board with his plan. And the central banks of Canada, Indonesia and Norway all held their key rates steady.\n\nNow on to today’s news and analysis.",
    "published": "2020-01-23"
  }
]