[
  {
    "source": "WSJ",
    "title": "Harley CEO Levatich Steps Down",
    "summary": "Motorcycle maker’s U.S. sales have dropped for five straight years",
    "link": "https://www.wsj.com/articles/harley-davidson-ceo-steps-down-11582930380?mod=Searchresults_pos19&page=12",
    "content": "Matthew Levatich will assist with the transition through the end of March, the company said.\n\nHarley-Davidson Inc.’s HOG -0.33 %decrease; red down pointing triangle Chief Executive Matt Levatich resigned Friday, leaving the motorcycle maker after years of declining sales and limited success attracting younger riders to its iconic brand.\n\nHarley’s board said Friday that director Jochen Zeitz would serve as acting CEO and board chairman as it looks for a permanent chief executive. Mr. Zeitz will remain chairman when a new chief executive is hired, the company said.\n\n“We will look to new leadership to recharge our business,” said Mr. Zeitz, a director since 2007 who replaced Michael Cave as chairman.\n\nHarley remains the top U.S. motorcycle maker, but its annual domestic sales have fallen for five straight years—the entirety of Mr. Levatich’s tenure since taking the top job in 2015.\n\nHarley’s motorcycle sales in the U.S. fell 5.2% in 2019, amid prolonged weakness in demand for the big, expensive touring bikes that make up the core of its model line. The company’s loyal base of baby boomer customers, who drove a Harley revival during the 1980s and 1990s, is aging and purchasing fewer new motorcycles.\n\nThe company has struggled to attract younger customers to take their place. Efforts to woo new riders have included ridership classes, a fleet of smaller, cheaper bikes and Harley’s first electric motorcycle. Deliveries of the electric vehicle, the LiveWire, were briefly halted last year because of a problem with its charger.\n\n“I am proud of what we have achieved during my time as CEO, in one of the most challenging periods in our history,” Mr. Levatich said in a statement.\n\nShares in the Milwaukee-based company rose 5% to $31.99 after hours.\n\nMr. Levatich, who joined the company in 1994 and served as chief operating officer from 2009 through 2015, set a goal as CEO to attract 2 million new riders over 10 years. He signed off on dozens of new models for both the U.S. and foreign markets where Harley sees growth opportunities. But those models are just reaching the market now and face tough competition from entrenched brands. Measuring progress toward the ridership goal was difficult and created tension between Harley managers and its dealers and investors.\n\nDealers complained the learn-to-ride classes were costly and didn’t yield enough new motorcycle buyers. Mr. Levatich’s relationship with the company’s independent dealers had grown increasingly frayed as successive waves of new models, engines and other attempts to revive sales fizzled.\n\nMr. Levatich turned repeatedly to cost reductions to offset declining sales. The company closed its Kansas City, Mo., assembly plant in 2019 and initiated multiple rounds of layoffs and voluntary buyouts for employees.\n\nThe company has expanded output of motorcycles overseas hoping to find more customers, particularly in Asia. But the smaller motorcycles aimed at those markets are also less expensive than the “Hogs” that Harley relies on in the U.S., weighing on the company’s sales revenue overall.\n\nHarley aggressively pursued foreign sales during Mr. Levatich’s tenure. He set a goal of selling half of Harley motorcycles overseas. Last year, 42% of Harley’s sales volume was outside of the U.S.\n\nThe company has shifted some production overseas as well, attracting the ire of President Trump in 2018 when the company revealed it planned to shift production of motorcycles for the European Union offshore to avoid an EU tariff on American motorcycles in retaliation for U.S. duties on European steel imports.\n\n“A Harley-Davidson should never be built in another country-never!” the president tweeted at the time in reaction to Harley’s move.\n\nMr. Zeitz’s professional background is in sporting goods and lifestyle products. He served as chairman and chief executive of Puma SE from 1993 to 2011, where he led a turnaround of the company when it was near bankruptcy.\n\nWrite to Bob Tita at robert.tita@wsj.com",
    "published": "2020-02-28"
  },
  {
    "source": "WSJ",
    "title": "Widespread Coronavirus Cases Could Tax U.S. Hospitals",
    "summary": "Providers already face a global disruption in medical supplies and an expected shortage in rooms that could safely isolate patients",
    "link": "https://www.wsj.com/articles/widespread-coronavirus-cases-could-tax-u-s-hospitals-11582920055?mod=Searchresults_pos17&page=13",
    "content": "A pedestrian wore a surgical mask as she walked by VacaValley Hospital in Vacaville, Calif., on Thursday. The first confirmed case of ‘community acquired’ coronavirus initially went to that hospital.\n\nThe spread of coronavirus world-wide has intensified efforts to prepare for a U.S. outbreak, with hospitals straining to increase capacity to handle an influx of contagious patients and local governments mulling closures as a precaution.\n\nThe Centers for Disease Control and Prevention this week warned of a possible pandemic, a day before confirming that a California patient may be the first diagnosed case of the new coronavirus in the U.S. with no clear idea of how the patient was exposed. That suggests the virus might be spreading in the country.\n\nA large-scale U.S. coronavirus outbreak would strain a health-care system already facing a global disruption in medical supplies, with an anticipated shortage in rooms that could safely isolate patients, infectious disease experts said.\n\n“You can’t just invent medical equipment and more beds overnight,” said Michael Osterholm, director of the University of Minnesota’s Center for Infectious Disease Research and Policy. “This could escalate here in a matter of weeks.”\n\nHe said medical-supply manufacturers should cut off retail sales and narrow their customer base to health-care providers. Hospitals began to restrict the use of protective equipment early in the year as reports of coronavirus in China emerged, an effort to hold back supply in case of a U.S. coronavirus outbreak.\n\nAs the coronavirus threatens to spread across the U.S., federal health authorities expand the criteria for whom should be tested and streamline test-kit approvals. Photo: Jeenah Moon/Bloomberg\n\nA domestic outbreak would also land more critically ill patients in hospitals, which are already seeing a seasonal surge from flu patients, the infectious disease specialists said. Widespread coronavirus cases could lead to hospital-services demand that would likely be worse than the 2009 pandemic of influenza, said Eric Toner, an infectious disease specialist at the Johns Hopkins Center for Health Security.\n\nEmergency room patient volume soared 18% during the fall of 2009, compared with the same period in years between 2005 and 2008, researchers reported in the public-health journal Medical Care. Not all hospitals saw a surge of hospitalizations, but those hardest hit saw admissions increase 20%.\n\nThat could strain overall hospital capacity, Dr. Toner said. Hospitals have plans to respond to surges, but need time to get them in place, he said.\n\nLess is known about how coronavirus is transmitted, and there are no existing antiviral drugs for the new virus, unlike influenza, requiring new plans for what might be needed in the event of a surge in patients, said CDC spokeswoman Martha Sharan. Coronavirus patients also require isolation to prevent others from being infected.\n\nThe CDC is working to adapt its influenza plans to respond to a potential surge in demand for hospital services from coronavirus cases, Ms. Sharan said, adding that guidance for hospitals is expected to be released next week.\n\nWhen dealing with infectious diseases, such as measles and tuberculosis, hospitals typically place patients in rooms with special ventilation to prevent air carrying disease from circulating around their buildings. But most hospitals have few such rooms. Some hospitals also have units where ventilation can be switched to safely isolate a group of infectious patients. The CDC doesn’t track the number of hospital isolation rooms.\n\nMore widespread screening could make it easier to track the spread of the virus in the U.S., Dr. Toner said. Health and Human Services Secretary Alex Azar told Congress Thursday that testing capacity is expanding, with 40 labs qualified to screen for coronavirus. Another 93 labs will have an easier test by the weekend, and about 70 manufacturers are working on bedside diagnostic tests, he said.\n\nHospitals and local public health agency officials say they are working to coordinate access to hard-to-get medical supplies, such as protective masks, and track where hospitals have space to safely isolate a coronavirus patient across a region.\n\nThe Health and Human Services Department keeps a strategic stockpile of critical medical supplies, including protective equipment, which is available to hospitals when they can’t replenish inventory from the market or state and local reserves. HHS hasn’t received requests or deployed protective equipment in response to the coronavirus epidemic, a spokeswoman said Friday.\n\nIn New York, state health officials have already begun distributing critical medical supplies from public stockpiles. Gov. Andrew Cuomo said Wednesday the state will be seeking approval from the New York state Legislature for $40 million in emergency funds to combat coronavirus in the state and pay for needed equipment, including protective gear for health-care workers.\n\nHospital and public health emergency plans include contingencies for a surge in patients, which include possible makeshift wards outside hospitals, if necessary, said Jenna Mandel-Ricci, who is heading emergency preparedness for the Greater New York Hospital Association, a trade group. Hospitals are also seeking to create temporary isolation rooms with specialized equipment, she said.\n\nMontefiore Health System in New York readied a two-room isolation unit, outfitted with its own laboratory, in recent weeks to prepare for possible patients, said Montefiore’s health-care epidemiologist Theresa Madaline.\n\nNew York hospitals are also sharing information about their capacity to take in coronavirus patients, and may dispatch patients wherever space is available, Dr. Madaline said.\n\nSouth Korea raised its alert status to the highest level after it became the most coronavirus-hit country outside of China. WSJ's Dasl Yoon reports from Daegu, the city at the center of the country's outbreak, which has become a virtual ghost town. Photo: Jean Chung for The Wall Street Journal\n\nLocal governments are also pushing ahead with emergency declarations in efforts to prepare for coronavirus cases, with San Francisco joining the list this week. “Although there are still zero confirmed cases in San Francisco residents, the global picture is changing rapidly, and we need to step up preparedness,” said Mayor London Breed earlier this week.\n\nCalifornia health officials have reported the nation’s second coronavirus case with no travel history to China or known exposure to carriers, adding to concerns among officials that the virus is spreading in U.S. communities.\n\nOfficials in Santa Clara County, just south of San Francisco, said Friday afternoon that an older adult woman had been confirmed as infected with coronavirus. The finding came after the woman, whose identity and hometown were not released, was hospitalized for a respiratory illness and her physician requested testing for the deadly new virus.\n\nGovernment and other agencies also say they are also working to prepare businesses, schools and other community gathering places for potential closures to limit the virus’s spread in an outbreak.\n\nKris Ehresmann, the Minnesota Department of Health infectious disease director, said the state is working out plans if schools would need to close, asking businesses to come up with new sick-leave policies that allow people to work from home or in shifts, and finding ways for houses of worship to gather virtually rather than in person.\n\n“We can’t stop this from happening, but we can take measures to slow down the spread,” Ms. Ehresmann said.\n\nIn Nashville, Tennessee’s fast-growing capital and a major tourist draw, the local public health department has authority to close public venues, including bars, restaurants, concert halls and sporting events, said Gill Wright, acting medical director for the Metro Public Health Department. “We hope it doesn’t come to that,” he said.\n\nSchools, too, are on alert to exposure risks among students, disinfecting classrooms more frequently, urging good hygiene among students and cautioning those who may be at risk of infection to stay away.\n\nForsyth County Schools in Georgia has asked students to stay home for 14 days after family travel to China or South Korea. “We have an international community, so they have been very understanding of this request since it was made out of an abundance of caution for the safety of our students and staff,” spokeswoman Jennifer Caracciolo said. In a letter to parents, the district said students would be provided with online learning.\n\nErin Ailworth, Jim Carlton Cameron McWhirter, Stephanie Armour, Andrew Duehren, Melanie West, Tawnell D. Hobbs and Lee Hawkins contributed to this article.\n\nWrite to Melanie Evans at Melanie.Evans@wsj.com",
    "published": "2020-02-28"
  },
  {
    "source": "WSJ",
    "title": "Accountant Pleads Guilty Ahead of Trial in Panama Papers Case",
    "summary": "Richard Gaffey is the second individual to plead guilty in a tax-evasion case linked to documents leaked from a Panama law firm",
    "link": "https://www.wsj.com/articles/accountant-pleads-guilty-ahead-of-trial-in-panama-papers-case-11582931461?mod=Searchresults_pos7&page=14",
    "content": "Richard Gaffey was charged as part of a federal investigation sparked by the leaked internal files of the Panama-based law firm Mossack Fonseca. Photo: Joe Raedle/Getty Images\n\nAn accountant pleaded guilty in federal court to charges he helped a client evade U.S. taxes in a case stemming from a trove of leaked documents known as the Panama Papers.\n\nRichard Gaffey , a Massachusetts resident, had been scheduled to go to trial March 6. Instead, he pleaded guilty Friday to an eight-count indictment that charged him with wire fraud, conspiracy to commit money laundering and conspiracy to defraud the Internal Revenue Service, among other charges.",
    "published": "2020-02-28"
  },
  {
    "source": "WSJ",
    "title": "Riverside Seeks $150 Million to Supplement Add-On Deals for 2016 Fund",
    "summary": "Riverside Micro-Cap Fund IV raised $650 million and backs lower midmarket businesses",
    "link": "https://www.wsj.com/articles/riverside-seeks-150-million-to-supplement-add-on-deals-for-2016-fund-11582933067?mod=Searchresults_pos7&page=19",
    "content": "The skyline of downtown Cleveland, the city that serves as one of two headquarters for private-equity firm Riverside Co. Photo: Ty Wright/Bloomberg News\n\nRiverside Co. is seeking $150 million for a new vehicle to fund add-on investments from new and existing investors in a $650 million small-cap vehicle it closed in 2016.\n\nLaunched in 2005 and led by Managing Partner Loren Schlachet , Riverside’s microcap strategy backs lower midmarket companies in North America that generate as much as $7 million of earnings before interest, taxes, depreciation and amortization.",
    "published": "2020-02-28"
  },
  {
    "source": "WSJ",
    "title": "Bond Bulls Have Time in the Sun, While Fed Put Gets Roughed Up",
    "summary": "Central bank has less firepower now to combat a downturn than in the past",
    "link": "https://www.wsj.com/articles/bond-bulls-have-time-in-the-sun-while-fed-put-gets-roughed-up-11582891203?mod=Searchresults_pos15&page=9",
    "content": "Any expectation that the coronavirus epidemic would bypass the U.S. stock market disappeared this week as stocks careened. The Dow Jones Industrial Average fell more than 1,000 points on Monday, and then fell nearly 1,200 points on Thursday as all the major indexes tumbled into correction territory. The Dow’s six-session losing streak is its worst since November 2008. Meanwhile, haven assets like bonds and gold continue to see money piling in, with the yield on the benchmark 10-year note setting a record low.\n\nHere’s a look at this week’s big winners and losers.\n\nWINNER: Bond Bulls\n\nWhen the stock market and the bond market are both rallying, it is usually a sign that somebody is working off the wrong narrative. Either stock jockeys are too optimistic, or bond bulls are too pessimistic.\n\nThen a week like this one happens. While stocks dropped sharply, government-bond yields tumbled to new lows. For bond bulls who have endured the jibes of the buy-risk crowd, it was a moment to vaunt.\n\n“Today will go down as the greatest day in my firm’s history,” said JC Parets , who runs research firm All Star Charts, on Monday. It wasn’t just the gains in the bond market, he said. At the end of January, Mr. Parets warned his several thousand clients to get out of stocks, completely, and buy bonds. That anti-risk call got him a lot of grief, he said.\n\nA registered chart technician, he says he saw more problems for equities than the coronavirus alone. There was rampant buying of call options, meaning speculators were betting on the market rising, along with wild trading of stocks like Tesla Inc. Copper fell and gold rose. Regional banks, which generally perform worse in a low-rate environment, rolled over, while REITs, which generally perform well in the same environment, rallied. All of it, he said, pointed in one direction: Rates were going lower. And so, he felt, were stocks.\n\nStock selloffs are usually sharp and short, compared with uptrends. The question now is, how short? Mr. Parets took his victory lap, but says he doesn’t see this week as the end of the race. “I haven’t taken any profits, and I’m not telling my clients to,” he said. “I’m not seeing any evidence that this is it.”\n\nLOSER: The Fed Put\n\nWhether it is the coronavirus epidemic, the U.S.-China trade war or recession fears, there has been one consistent rallying point for U.S. stocks: the “Fed put,” the idea that the Federal Reserve will keep rates low to boost the stock market.\n\nTo be clear, the Fed itself has never endorsed this notion, but it isn’t an outlandish conclusion. The Fed’s real job, its original job, is to ensure economic stability. That in turn reliably results in a good environment for buying stocks.\n\nSHARE YOUR THOUGHTS What are your biggest winner and loser in the markets this week? Join the conversation below.\n\nThe market’s faith in the Fed’s abilities might be misplaced, though. Rate cuts can blunt the economic winds, but they can’t stop them completely. Rate cuts, for instance, didn’t prevent the last two recessions. They are not going to stop the next one, either, or make the coronavirus go away.\n\n“The Fed’s not going to be able to do anything against the virus,” said Peter Boockvar , the chief investment officer at Bleakley Advisory Group. “It’s not a vaccine.”\n\nMore worrying, the Fed has less firepower now to combat a downturn than it did in the past. The Fed’s only direct influence in the market is through its fed-funds rate. When the Fed wants to heat up or slow down the market, it adjusts its target rate (currently 1.50% to 1.75%). The current effective rate is about 1.58%.\n\nNormally that works. But the 10-year Treasury note’s yield—a record low of 1.296%—is below the fed-funds rate. The 30-year Treasury bond yield is 1.782%. How much cheaper can money get? How much more stimulus can the central bank realistically provide?\n\n“The Fed will attempt to establish a ‘put,’” Mr. Boockvar said, “but it may be worthless.”\n\nNEXT WEEK: Jobs\n\nAfter this week’s selloff, it is an all-bets-are-off market. But that doesn’t mean the fundamentals don’t matter anymore. Next Friday brings the most important data point of the month: the nonfarm payrolls report.\n\nThe January report was surprisingly strong, with nonfarm payrolls rising 225,000. That was above the 2019 average of about 175,000 a month. For a jittery market, another strong number would be a welcome salve. A weak number will only exacerbate the market’s fears.\n\nMarkets In Your Inbox Get our Markets newsletter, a pre-markets primer packed with news, trends and ideas. Plus, up-to-the-minute market data. Sign up.\n\nWrite to Paul Vigna at paul.vigna@wsj.com",
    "published": "2020-02-28"
  }
]