[
  {
    "source": "WSJ",
    "title": "Coronavirus Toll on Shipping Reaches $350 Million a Week",
    "summary": "Falling volumes and canceled sailings hit container shipping, bulk operators face falling industrial demand",
    "link": "https://www.wsj.com/articles/coronavirus-toll-on-shipping-reaches-350-million-a-week-11581366671?mod=Searchresults_pos13&page=7",
    "content": "Diminished trade as a result of the coronavirus outbreak is costing container shipping lines $350 million a week in lost volumes, a new report says, as declining activity in China begins to take a deeper toll on maritime operations from shipyards to carriers of bulk commodities.\n\nMore than 350,000 boxes have been removed from global trade networks since the disease broke out last month, Denmark-based maritime data provider Sea-Intelligence said Monday.\n\nChina’s industrial sector is slowly resuming production with the end of Beijing’s formal extension of the Lunar New Year holiday on Monday, but many factories remain closed and others were operating at only a fraction of their capacity as a swath of the country remained locked down under travel restrictions meant to hold back the spread of the virus.\n\nPort officials and tug operators at the ports of Shanghai and Hong Kong, two of the world’s busiest container shipping gateways, said only about half of dock workers returned to work on Monday.\n\n“Truck drivers spent the night in their vehicles waiting to unload cargo to ships that didn’t show up,” said Li Chen , a tug captain for Shanghai Salvage Co., a state-run maritime services operator. “There are delays in processing cargo with customs still on skeleton staff. The usual rush after New Year isn’t here. A lot of people fear for their jobs with business falling so much.”\n\nAt least 21 sailings between China and the Americas have been canceled so far, according to Sea-Intelligence, along with 10 cancellations in the Asia-Europe trade loop.\n\nThe cancellations amount to 198,500 containers in the trans-Pacific market, while cancellations between Europe and Asia amount to about 151,500 boxes.\n\nNewsletter Sign-up The Logistics Report Top news and in-depth analysis on the world of logistics, from supply chain to transport and technology. Preview Subscribe\n\nU.S. retailers depend on those imports to replenish inventories heading into the spring, but the nation’s largest retail group is predicting sharply diminished shipping volumes over the next few months.\n\nThe monthly Global Port Tracker report issued Monday by the National Retail Federation and Hackett Associates projects inbound container volumes at U.S. seaports in February will be down 12.9% from a year earlier and off 9.5% in March from a year earlier.\n\nThe report also lowered its forecast for container imports into the U.S. by 370,000 containers over February and March from estimates made before the coronavirus outbreak.\n\n“U.S. retailers were already beginning to shift some sourcing to other countries because of the trade war, but if shutdowns continue, we could see an impact on supply chains,” said Jonathan Gold , the NRF’s vice president for supply chain and customs policy.\n\nIHS Markit , a transportation data provider, said in a new report that it expects dry-bulk shipping will be the hardest hit of the shipping sectors because of weak demand from China’s factories for raw commodities such as iron ore and coal.\n\n“The first quarter will likely see a significant drop although a question remains on the extent of demand recovery once the dust settles and in the second half of 2020,” said Rahul Kapoor , a vice president at IHS Markit.\n\nJie Ming , a crane manager at the Xixia industrial area at the Port of Nanjing, the biggest port on China’s Yangtze River, said inbound iron ore shipments were significantly lower over the past three weeks.\n\n“I’ve never seen it so slow as this,” he said.\n\nWork at China’s shipyards is being delayed on new vessels and for ships that are being fitted with exhaust systems known as scrubbers to meet regulatory requirements for reduced sulfur emissions.\n\n“We got two ships in Southern China that need to be retrofitted,” said a Scandinavia-based tanker owner who asked not to be identified. “They were supposed to be back in the water over the next couple of weeks, but we were told the yard has issued force majeure certificates for eight vessels they are working on, saying the virus will push back deliveries by a minimum three weeks.”\n\nUnder the legal protections of force majeure, companies can seek to avoid penalties that may come from not fulfilling contracts.\n\nShip broker Clarksons PLC said deliveries of new tankers, bulk ships and container ships would also likely be delayed over the coming months because of the slowdown from the coronavirus.\n\nChinese shipyards have 960 vessels in their order books worth a combined $27 billion, according to VesselsValue Ltd., a London-based maritime service.\n\n“We are working at around a quarter of our capacity,” said an executive at China State Shipbuilding Corp., which employs more than 300,0000 workers at various facilities. “The supply chain for some yards has been seriously impacted. Spares aren’t being delivered and engineers are still at home.”\n\n“Chinese New Year pushes back work scheduled by up to four weeks. Coronavirus is adding another three weeks of delays,” he said.\n\nChallenges for travel and leisure stocks, slower economic growth and a weaker Chinese yuan are among the new market implications investors are dealing with as the new coronavirus spreads rapidly. Photo: Bloomberg/Qilai Shen\n\nPaul Page contributed to this article\n\nWrite to Costas Paris at costas.paris@wsj.com",
    "published": "2020-02-10"
  },
  {
    "source": "WSJ",
    "title": "Thinking of a College Co-op Program? Here’s What You Need to Know",
    "summary": "The right work experience can give graduates a boost, but there are lots of questions to ask",
    "link": "https://www.wsj.com/articles/thinking-of-a-college-co-op-program-heres-what-you-need-to-know-11581304380?mod=Searchresults_pos9&page=17",
    "content": "Students interested in gaining work experience during college that will give them a leg up after graduation might consider a school that offers a career-related work program such as a co-op. But which one?\n\nAbout 60 schools offer a formal cooperative-education, or co-op, program, where students generally alternate periods of work and classes, says Paul Hill , co-founder of Educate to Career, a provider of college and career planning information. These schools include Drexel University in Philadelphia, Northeastern University in Boston and the University of Cincinnati. Beyond that, a number of schools offer formal career-related internship or apprenticeship programs.\n\nThe advantages of relevant work experience are heightened by the fact that only about 10% of undergraduate students graduate with it, according to Mr. Hill. That means those students stand out in this way in comparison with most of their peers in the job market. They “are employed much more readily when they get out of college. They have higher starting salaries and they have higher salaries five years after graduation,” Mr. Hill says.\n\nThere can be downsides, however, including costs beyond the usual college expenses in some cases. And this isn’t a one-size-fits-all proposition. Co-op programs and other work opportunities vary from one institution to another, so students need to understand the particulars of each program they consider. To help them make informed choices, students should consider these questions:\n\nWhat is the nature of the program?\n\nIn general, in a college-sponsored work program students get a job related to their degree, through their school—in many cases (but not always) earning income that can help them defray the cost of their education. In co-op programs, students usually spend at least one period of several months working, during which time they scale back or suspend their studies. They may or may not have to pay tuition while they’re working, depending on the program.\n\nOne important consideration is how many work periods, or co-ops, a student can participate in, and over what time period. Some schools, for example, offer students the opportunity to do multiple co-ops, which sometimes means a student will graduate in five years instead of four. So ask whether the tuition for a five-year program is the same as it is for a four, says Peter Tilles , managing partner of Princeton College Consulting in Princeton, N.J. (unrelated to the university).\n\nStudents should also ask whether the program requires them to leave school for a semester and work full time, whether part-time options exist, and whether they can take classes while on a full-time co-op, Mr. Tilles says. They should also inquire about the typical employers, what types of job opportunities exist, and whether they are for pay, school credit or some combination of the two. It’s also important to understand whether the co-op is available only to students in certain majors or departments. Students who are interested in international work opportunities should inquire to see if those exist.\n\nOf course, students don’t have to limit themselves to a traditional co-op, says Mr. Hill. Some schools offer, and in some cases require students to participate in, other types of work programs, such as internships or apprenticeships, which can also offer career-related experience. For these programs, students should ask the same types of questions they would when evaluating a traditional co-op opportunity.\n\nWhat are examples of co-ops and other programs?\n\nDrexel University, for instance, generally offers two co-op programs for undergraduates, one with three co-ops over five years, or a four-year program with one co-op—both for the same tuition. Generally, students are on each co-op for six months, alternating with six months of classroom study. They don’t pay tuition while on a co-op, but they do pay certain university fees. Typically a co-op is a paid, full-time work experience for which students also receive college credit. For most majors at Drexel, cooperative education is a degree requirement. Students are allowed to take a class while participating in a co-op, though certain restrictions apply.\n\nThe ability to take a class while working can be important. Certain courses may only be offered during certain semesters, or a student may want to get ahead on credits or take a particular class when there’s no other schoolwork.\n\nAt Elon University in Elon, N.C., some students may have a major that requires a for-credit internship. Beyond that, the school also offers a co-op program, which is a regular for-credit course, with a letter grade. In addition to their work, students must complete academic assignments that relate to their job. The co-ops are usually for pay and can be part time or full time, and students can take other classes at the same time.\n\nFor one example of a work program that isn’t a traditional co-op, Endicott College in Beverly, Mass., requires all students to complete two 120-hour internships, one during freshman year and one during sophomore year. Students are also required during junior or senior year to complete a semesterlong for-credit internship. For this, students are required to work four days a week and attend an on-campus seminar once a week. They earn a total of 12 credits for successfully completing the work and seminar components, and they pay normal semester tuition charges. There is no requirement for students to be paid, but they can be.\n\nWhat other costs may be associated with these programs?\n\nAt some schools, students are responsible for paying tuition while they are participating in a work program. Even if students aren’t assessed tuition while on a co-op, the college might charge other fees, such as room and board, or even a co-op fee. Students might also have other out-of-pocket expenses, if they commute, for instance, need to buy work-appropriate attire or decide to live off-campus while working. Additionally, pay from a co-op is subject to income taxes.\n\nWill earnings from a co-op affect financial aid?\n\nCo-op earnings are excluded from the federal aid determination process—except for any portion unspent at the time the Free Application for Federal Student Aid, or Fafsa, is filed, which will be counted as student assets. Students might consider using at least a portion of co-op earnings to fund a Roth IRA, since retirement assets aren’t considered for federal aid purposes.\n\nStudents who plan to do a co-op should contact their school’s financial-aid office for help in determining how their aid could be affected. For instance, colleges may include an allowance for costs associated with a co-op program in the cost of attendance, says Mark Kantrowitz , publisher and vice president of research at Savingforcollege.com, an information and resource site. So, for example, students who have significant expenses associated with the co-op work experience, such as commuting costs, might want to appeal to the college financial-aid office for an adjustment. This usually will result in an increase in loan eligibility, subject to annual and aggregate loan limits, Mr. Kantrowitz says.\n\nScholarship recipients should also be sure to check with the scholarship provider to understand its policies on co-ops.\n\nMs. Winokur Munk is a writer in West Orange, N.J. She can be reached at reports@wsj.com.\n\nShare Your Thoughts What do you think of the requirement at some colleges for work experience before graduation?Join the conversation below.",
    "published": "2020-02-10"
  },
  {
    "source": "WSJ",
    "title": "Let’s Give Warren Harding Credit for the Good He Did",
    "summary": "Let’s recognize accomplishments such as lowering taxes, balancing the budget, paying down the national debt and the treaties of the Washington Conference on the Limitation of Armament 1921-22.",
    "link": "https://www.wsj.com/articles/lets-give-warren-harding-credit-for-the-good-he-did-11581361130?mod=Searchresults_pos3&page=15",
    "content": "Regarding Kyle Peterson’s “Warren G. Biden Might Win in ’20” (op-ed, Jan. 25): I would point out that while President Harding did indeed run on the campaign slogan “return to normalcy” (as well as “think of America first”), in the discussion of the brief Warren administration’s accomplishments, Mr. Peterson highlights the “Teapot Dome” scandal. I hope Mr. Peterson, and most current historians, would recognize accomplishments such as lowering taxes, balancing the budget, paying down the national debt and the treaties of the Washington Conference on the Limitation of Armament 1921-22.\n\nWarren G. Harding III",
    "published": "2020-02-10"
  },
  {
    "source": "WSJ",
    "title": "U.K. Fintech Startup Curve Expanding to Brooklyn",
    "summary": "Company expects to hire at least 185 employees over four years in exchange for tax incentives",
    "link": "https://www.wsj.com/articles/u-k-fintech-startup-curve-expanding-to-brooklyn-11581343200?mod=Searchresults_pos15&page=1",
    "content": "London-based tech startup Curve plans to open its first U.S. office this year in Brooklyn, where it expects to hire at least 185 employees over the next four years in exchange for up to $8.3 million in state and city tax incentives.\n\nCurve executives, worried that it would be too expensive to do business in New York City, first looked at other cities and seriously considered Charlotte, N.C., and Austin, Texas, said Amanda Orson , vice president and head of the company’s North America operations. In the end, New York City won out because it was the only place with enough local tech workers, including product managers and engineers skilled in financial-services technology.\n\n“Anywhere else, we’d have to import that talent,” Ms. Orson said. “It would take a lot of time, an additional few months, to onboard all those people.”\n\nSHARE YOUR THOUGHTS What’s your stance on city and state incentives for startups? Join the conversation below.\n\nCheaper real-estate costs lured Curve to Brooklyn instead of Manhattan’s Chelsea neighborhood, which has a cluster of fintech startups. The company is the first international fintech firm to open in Brooklyn, said a spokesman for the New York City Economic Development Corporation.\n\nThe company hasn’t yet signed a lease; Ms. Orson said Curve wants to start hiring first to have a better idea of how much space it needs. But she said Curve is committed to Brooklyn.\n\n“We’re absolutely going to be in Brooklyn,” she said. “It gives us all the same benefits as being in Manhattan. It’s just way cheaper.”\n\nCurve, which currently has about 260 employees, is a direct-to-consumer financial-services product where customers can consolidate all of their financial cards into one card and app. More than 900,000 users have signed up for Curve since it started in Europe two years ago. The company raised $55 million at a $250 million valuation in its series B funding round last July.\n\nBrooklyn will be Curve’s first office outside the U.K., said founder and chief executive Shachar Bialick . The company hopes to be operating in the U.S. by this fall.\n\nCurve will receive $3 million in tax credits over 10 years through the state’s Excelsior Jobs Program so long as the company creates 185 jobs by 2024, retains those jobs through 2029 and invests $16.7 million in New York-based research and development. Eric Gertler , acting commissioner of Empire State Development, the state’s economic-development organization, said the incentives help New York continue to attract companies at a time when other cities are building up their fintech sectors.\n\n“It sends a signal to other tech companies around the world that New York state is the place to be, that this is the place to grow companies,” Mr. Gertler said. “We have the people, we have the environment and we have the confluence of culture and infrastructure.”\n\nCurve is also eligible for up to $5.3 million in tax credits over 12 years through the city’s Relocation and Employment Assistance Program, which offers incentives to businesses that move to certain locations in upper Manhattan or the other four boroughs.\n\nThe tax incentives will help lower the cost of doing business in New York, but aren’t the reason Curve picked the Big Apple.\n\n“It wasn’t the most important factor at all,” Ms. Orson said. “It was much more about time to hire and us falling in love with Brooklyn.”\n\nMaria Gotsch , chief executive of the business group Partnership for New York City’s investment fund, said the incentives were well spent to nab Curve. It could be an anchor for a new financial-startup hub, she said.\n\n“You’re bringing a company with scale to a new area of the city,” Ms. Gotsch said. “Hopefully they are the first of other international companies to come.”\n\nWrite to Kate King at Kate.King@wsj.com",
    "published": "2020-02-10"
  },
  {
    "source": "WSJ",
    "title": "Lamont Retools Connecticut’s Business Recruitment Strategy",
    "summary": "The governor wants to cut back on the use of business incentives to lure and retain companies",
    "link": "https://www.wsj.com/articles/lamont-retools-connecticuts-business-recruitment-strategy-11581336000?mod=Searchresults_pos9&page=3",
    "content": "As Connecticut continues its slow crawl out of a postrecession slump, Gov. Ned Lamont is betting a more streamlined approach to economic-development incentives will propel the state forward.\n\nMr. Lamont, a Democrat, is calling for a revamped program where companies in targeted industries like aerospace, financial services and information technology can qualify for a tax break on withholding taxes if they create 25 or more jobs. He also wants to funnel business investments into Connecticut cities by giving companies larger tax breaks if they add jobs in the state’s urban centers under the annual $40 million program.\n\nIn prior years, the state issued hundreds of millions of dollars in bonds to pay for economic incentives they would give to companies upfront before they created jobs. Under the governor’s proposal, the state will grant the tax breaks after the positions are added and won’t use bonds to pay for it.\n\n“We tried to totally recast how we do the incentives,” Mr. Lamont said in an interview, adding that the state is also highlighting its strengths to potential employers. “We focus on our education, we focus on our workforce and working on transportation and what the state’s going to look like.”\n\nThe governor’s shift in strategy comes as Connecticut faces pressure to jumpstart job creation before the nation’s longest economic expansion on record comes to an end. The state’s 3.7% unemployment rate is only a few ticks above the U.S. rate of 3.5%. But Connecticut still hasn’t recovered all of the of the jobs it lost during the recession while its neighbors in New York and the rest of New England eclipsed that milestone long ago.\n\nSHARE YOUR THOUGHTS How effective do you think Ned Lamont’s plan will be at putting Connecticut on a healthy footing? Join the conversation below.\n\nThe administration of Democratic Gov. Dannel Malloy , Mr. Lamont’s predecessor, created the state’s previous signature economic-development initiative called First Five in 2011. Big-name companies like Cigna, ESPN and NBC Sports signed up and received millions of dollars worth of incentives under the program, which aimed to attract and retain businesses in the state.\n\nThe First Five program retained more than 30,000 in the state and created more than 4,000 jobs, according to the Malloy administration, but it came under criticism for its cost.\n\nRepublican Senate Minority Leader Len Fasano voted to approve the First Five program and said in an interview that he regretted doing so. He said the program became too big and lacked input from the state Legislature. Mr. Fasano said he supports Mr. Lamont’s plan to streamline the state’s incentive offerings.\n\n“I think that’s a much better plan,” Mr. Fasano said.\n\nDavid Lehman, commissioner of the Connecticut Department of Economic and Community Development, says business incentives should only be used on a limited basis. Photo: Evan Angelastro/Bloomberg News\n\nDavid Lehman, commissioner of the Connecticut Department of Economic and Community Development, which supervised the First Five program, said that type of an initiative offering companies large, splashy incentive packages is no longer needed.\n\nFirst Five “was necessary at the time,” said Mr. Lehman, who was appointed by Mr. Lamont. “But nine year later we are in a very different job market. It’s an incredibly tight labor market. And I don’t think you need to stimulate in that way to truly grow the economy.\"\n\nMr. Lehman said the Lamont administration views business incentives as an important corporate-development tool necessary to stay competitive with other states. But those tools should only be used on a limited basis, he said.\n\nIncentives also risk alienating the public, Mr. Lehman said, pointing to New Jersey’s controversial program where investigators concluded that some businesses may have misled the state to qualify for tax breaks.\n\n\"That’s the kind of stuff that taxpayers scratch their head and say, ‘Why? Does this make sense for me?’” Mr. Lehman said.\n\nJoe Brennan, chief executive of the Connecticut Business and Industry Association, said his organization largely agrees with the Lamont administration’s plan to retool economic incentives. But he said he does have some concern for small businesses that don’t qualify for tax breaks.\n\nThe state previously ran a program where small businesses could qualify for loans and grants. The Lamont administration wants to replace that with a new initiative where private banks, rather than the state, will provide the loans with Connecticut partially guaranteeing those loans.\n\n“We want to make sure whatever incentives plans we have in place are competitive with other states,” Mr. Brennan said.\n\nDon Klepper-Smith, an economist with consulting firm DataCore Partners, said the new strategy sounds promising, but is skeptical it will have a broad effect on the state’s economy.\n\n“I think it’s too little, too late,” Mr. Klepper-Smith said. “On paper there is some encouragement here and a ray of hope. The question is one of effectiveness and timing.”\n\nWrite to Joseph De Avila at joseph.deavila@wsj.com",
    "published": "2020-02-10"
  },
  {
    "source": "WSJ",
    "title": "Medici Would Be Skeptical on Student Loans",
    "summary": "I rather doubt the Medici would offer a loan to an 18-year-old, let alone someone who vapes, binge drinks and never had a history of employment.",
    "link": "https://www.wsj.com/articles/medici-would-be-skeptical-on-student-loans-11581361234?mod=Searchresults_pos20&page=5",
    "content": "Prof. Jackson Toby’s “14th-Century Solutions to Student Debt” (op-ed, Jan. 29) raises the issues of maturity, character and trustworthiness in awarding student loans. I rather doubt the Medici would offer a loan to an 18-year-old, let alone someone who vapes, binge drinks and never had a history of employment. It’s common knowledge that the two most important characteristics of wealth accumulation over one’s life are education and marriage. A 1980s congressional study on the return of investment to the government from the GI Bill found a return of seven to one. For every dollar invested in our Greatest Generation, the GI Bill participants returned seven dollars in tax revenue over the course of their lifetimes. They were military veterans who exhibited proven maturity and character.\n\nMichael Bennett",
    "published": "2020-02-10"
  },
  {
    "source": "WSJ",
    "title": "The Cold War Over Venezuela",
    "summary": "Moscow has a stake in Maduro’s regime, but its value to Putin depends on oil.",
    "link": "https://www.wsj.com/articles/the-cold-war-over-venezuela-11581379011?mod=Searchresults_pos11&page=12",
    "content": "There weren’t many bipartisan moments in last week’s State of the Union address. Most Democratic legislators sat on their hands as President Trump hailed overall rising wages as well as record low unemployment for African-Americans, Asian-Americans and Hispanics. But in a move that testifies to the humanitarian and geopolitical concerns Venezuela presents, Democrats and Republicans rose together to applaud Juan Guaidó , the president of Venezuela’s National Assembly, who is recognized as the country’s legitimate ruler by nearly 60 nations including the U.S.\n\nDays after U.S. legislators applauded Mr. Guaidó, Russian Foreign Minister Sergei Lavrov was in Caracas, offering aid and comfort to the beleaguered government of Nicolás Maduro . The message seemed clear: Russia is prepared to stand up to the U.S., even in the Western Hemisphere, to protect its Venezuelan allies.\n\nFor the Trump administration’s foreign policy, the tangle with Russia over Venezuela is a local problem with global consequences. When I interviewed him recently, Secretary of State Mike Pompeo identified a short list of administration priorities for 2020. Real progress toward change in Venezuela and an improved relationship with Russia are both high on the list. With both Russiagate and Ukrainegate in the rearview mirror, it would appear that the administration has a new freedom to reach out diplomatically to the Kremlin—but that hardly comports with the rock-star treatment given to Mr. Guaidó in Washington last week.\n\nMore than three years into the Trump administration, the U.S.-Russia relationship remains icy. The U.S. has placed sanctions on the Nord Stream 2 pipeline, which would connect Germany to Russian natural gas. In northeastern Syria, American and Russian forces have engaged in tense standoffs even as Vladimir Putin doubles down on his support for Bashar Assad . The week before the State of the Union, Mr. Pompeo visited Ukraine, bringing promises of aid and support. This looks and feels more like a Cold War than another “reset” of the U.S.-Russia relationship. What’s going on?\n\nOne possibility is that the U.S. and Russian governments are both working to improve their bargaining position. The Lavrov visit served both to shore up the Maduro regime and to remind Washington that Moscow matters. Is Russia’s support of Venezuela for sale? If so, what’s the price—an end to American support for Ukraine? U.S. acquiescence to the Assad regime’s reasserting control over all of Syria?\n\nAnything can happen with Mr. Trump in the White House, but officials close to Venezuela policy believe that conventional policy tools carefully deployed can cripple Caracas and persuade Russia to withdraw its support for Mr. Maduro. The key is to make it impossible for Venezuela to sell oil abroad.\n\nWhat keeps Mr. Maduro afloat and Russia engaged, insiders say, is the commercial value of Venezuelan oil shipments. At great cost to its suffering people, Caracas paid off a significant portion of its multibillion-dollar debt to Russia last year. At the same time, Venezuelan firms the U.S. has blacklisted are selling oil to Russian companies at a steep discount. The Russians then smuggle the product out of the area and sell it cheaply but at a handsome profit abroad.\n\nThat flow of oil is vulnerable to U.S. pressure. Officials have a good sense of where it is going (India is a big customer) and believe that diplomacy and additional sanctions can make Venezuelan oil much less attractive globally. Companies like Rosneft may find themselves the target of serious sanctions as well. A campaign against Venezuelan oil exports that is as far-reaching as the policies that have largely cut Iran off from world markets will change calculations in both Caracas and Moscow, officials believe.\n\nWhile Washington’s methods are tough, its goals seem relatively moderate. The Trump administration wants to end the economic collapse and social distress in Venezuela, which threaten regional prosperity and stability. It also wants to honor the Venezuelan people’s right to decide their own future in genuinely free elections, and to bring Venezuelan oil back onto world markets. This wouldn’t require a revolution or a coup but a negotiated opening to fair presidential elections. A peaceful transition could potentially include amnesty for members of the current regime and an agreement to allow them to keep their wealth. Russian and Chinese commercial interests could be taken into account.\n\nFor this president, and for his electoral base, old-fashioned political ideas like the Monroe Doctrine really matter. Chinese and Russian meddling in Latin America isn’t a mild irritant for this administration. It’s a source of deep strategic concern and an opportunity for bipartisan cooperation. The congressional ovation for Mr. Guaidó suggests that many Democrats are prepared to support policies aimed at easing both Russia and Mr. Maduro from power in Caracas. This could be a dramatic year in the politics of the Western Hemisphere.\n\nThe Americas: The Maduro regime is reportedly pressuring stores in Venezuela to accept the government’s new digital currency, the petro, despite its dubious value. Image: Cristian Hernandez/Shutterstock",
    "published": "2020-02-10"
  },
  {
    "source": "WSJ",
    "title": "Coronavirus Toll on Shipping Reaches $350 Million a Week",
    "summary": "Falling volumes and canceled sailings hit container shipping, bulk operators face falling industrial demand",
    "link": "https://www.wsj.com/articles/coronavirus-toll-on-shipping-reaches-350-million-a-week-11581366671?mod=Searchresults_pos15&page=7",
    "content": "Diminished trade as a result of the coronavirus outbreak is costing container shipping lines $350 million a week in lost volumes, a new report says, as declining activity in China begins to take a deeper toll on maritime operations from shipyards to carriers of bulk commodities.\n\nMore than 350,000 boxes have been removed from global trade networks since the disease broke out last month, Denmark-based maritime data provider Sea-Intelligence said Monday.\n\nChina’s industrial sector is slowly resuming production with the end of Beijing’s formal extension of the Lunar New Year holiday on Monday, but many factories remain closed and others were operating at only a fraction of their capacity as a swath of the country remained locked down under travel restrictions meant to hold back the spread of the virus.\n\nPort officials and tug operators at the ports of Shanghai and Hong Kong, two of the world’s busiest container shipping gateways, said only about half of dock workers returned to work on Monday.\n\n“Truck drivers spent the night in their vehicles waiting to unload cargo to ships that didn’t show up,” said Li Chen , a tug captain for Shanghai Salvage Co., a state-run maritime services operator. “There are delays in processing cargo with customs still on skeleton staff. The usual rush after New Year isn’t here. A lot of people fear for their jobs with business falling so much.”\n\nAt least 21 sailings between China and the Americas have been canceled so far, according to Sea-Intelligence, along with 10 cancellations in the Asia-Europe trade loop.\n\nThe cancellations amount to 198,500 containers in the trans-Pacific market, while cancellations between Europe and Asia amount to about 151,500 boxes.\n\nNewsletter Sign-up The Logistics Report Top news and in-depth analysis on the world of logistics, from supply chain to transport and technology. Preview Subscribe\n\nU.S. retailers depend on those imports to replenish inventories heading into the spring, but the nation’s largest retail group is predicting sharply diminished shipping volumes over the next few months.\n\nThe monthly Global Port Tracker report issued Monday by the National Retail Federation and Hackett Associates projects inbound container volumes at U.S. seaports in February will be down 12.9% from a year earlier and off 9.5% in March from a year earlier.\n\nThe report also lowered its forecast for container imports into the U.S. by 370,000 containers over February and March from estimates made before the coronavirus outbreak.\n\n“U.S. retailers were already beginning to shift some sourcing to other countries because of the trade war, but if shutdowns continue, we could see an impact on supply chains,” said Jonathan Gold , the NRF’s vice president for supply chain and customs policy.\n\nIHS Markit , a transportation data provider, said in a new report that it expects dry-bulk shipping will be the hardest hit of the shipping sectors because of weak demand from China’s factories for raw commodities such as iron ore and coal.\n\n“The first quarter will likely see a significant drop although a question remains on the extent of demand recovery once the dust settles and in the second half of 2020,” said Rahul Kapoor , a vice president at IHS Markit.\n\nJie Ming , a crane manager at the Xixia industrial area at the Port of Nanjing, the biggest port on China’s Yangtze River, said inbound iron ore shipments were significantly lower over the past three weeks.\n\n“I’ve never seen it so slow as this,” he said.\n\nWork at China’s shipyards is being delayed on new vessels and for ships that are being fitted with exhaust systems known as scrubbers to meet regulatory requirements for reduced sulfur emissions.\n\n“We got two ships in Southern China that need to be retrofitted,” said a Scandinavia-based tanker owner who asked not to be identified. “They were supposed to be back in the water over the next couple of weeks, but we were told the yard has issued force majeure certificates for eight vessels they are working on, saying the virus will push back deliveries by a minimum three weeks.”\n\nUnder the legal protections of force majeure, companies can seek to avoid penalties that may come from not fulfilling contracts.\n\nShip broker Clarksons PLC said deliveries of new tankers, bulk ships and container ships would also likely be delayed over the coming months because of the slowdown from the coronavirus.\n\nChinese shipyards have 960 vessels in their order books worth a combined $27 billion, according to VesselsValue Ltd., a London-based maritime service.\n\n“We are working at around a quarter of our capacity,” said an executive at China State Shipbuilding Corp., which employs more than 300,0000 workers at various facilities. “The supply chain for some yards has been seriously impacted. Spares aren’t being delivered and engineers are still at home.”\n\n“Chinese New Year pushes back work scheduled by up to four weeks. Coronavirus is adding another three weeks of delays,” he said.\n\nChallenges for travel and leisure stocks, slower economic growth and a weaker Chinese yuan are among the new market implications investors are dealing with as the new coronavirus spreads rapidly. Photo: Bloomberg/Qilai Shen\n\nPaul Page contributed to this article\n\nWrite to Costas Paris at costas.paris@wsj.com",
    "published": "2020-02-10"
  },
  {
    "source": "WSJ",
    "title": "Merkel’s Succession Plan Unravels as Protégé Ends Leadership Bid",
    "summary": "Annegret Kramp-Karrenbauer to step down as chairwoman of Germany’s CDU",
    "link": "https://www.wsj.com/articles/merkels-succession-plan-unravels-as-protege-ends-leadership-bid-11581327570?mod=Searchresults_pos8&page=12",
    "content": "In a surprise move, Annegret Kramp-Karrenbauer, left, protégé of German Chancellor Angela Merkel, right, is to step down as party leader.\n\nBERLIN—German Chancellor Angela Merkel ’s succession plan was upended when the head of her conservative party said she wouldn’t seek the chancellery and would step down as party leader this year, adding to uncertainty about the future course of Europe’s largest economy.\n\nAnnegret Kramp-Karrenbauer defeated rivals to become chairwoman of the Christian Democratic Union with the backing of Ms. Merkel in late 2018, but her tenure has been marred by criticism in the media, weakening opinion-poll results and electoral setbacks.\n\nMs. Kramp-Karrenbauer, who will continue to serve as Germany’s defense minister, on Monday cited her refusal to work with fringe parties on the left and the right—a position that has been increasingly questioned by midlevel party officials—as one reason for her decision, party officials said.\n\nHaving decided not to run in the next general election, scheduled for next year, Ms. Merkel has lost some of her influence in the European Union, which Germany is set to chair in the second half of this year.\n\nMs. Kramp-Karrenbauer’s departure comes as the country faces renewed challenges from an aggressive Russia to a more critical U.S., a crisis in international trade, wars and conflicts in the Middle East and Africa, and mounting migration pressure from East and South.\n\nThe surprise move came after CDU legislators in the eastern German state of Thuringia defied her and joined forces with the nativist opposition to elect a center-right state premier last week.\n\nA rise of insurgent antiestablishment parties, especially in the former communist east, are forcing center parties that have dominated Germany’s postwar political life to rethink their alliances, mirroring developments elsewhere in Europe.\n\nFirst, the 2015-2016 refugee crisis fueled a surge in support for the nationalist Alternative for Germany, or AfD. In the former communist east, home to about a fifth of Germany’s population, its share of the vote swelled to around 25% from low single digits in a string of local elections culminating with the one in Thuringia in October, in which it took nearly 24%.\n\nThe AfD, once a marginal protest party, became the biggest parliamentary opposition group in 2017, fueled in large part by the 2015-16 refugee crisis. In Thuringia, the AfD and the Left Party now control 54.4% of votes in the state house, making it impossible for center parties to govern together.\n\nAs a consequence, the CDU legislators in Thuringia joined forces with the AfD to elect a compromise candidate as state premier last week. The decision prompted a nationwide media uproar and a barrage of criticism aimed at Ms. Kramp-Karrenbauer for her inability to stop the alliance.\n\nNationwide, however, support for the AfD has plateaued at around 13% in opinion surveys. But the environmentalist Greens, fueled by mounting alarm about climate change and by a counter-reaction to the ascent of the far right, saw their poll ratings climb to 23% from a 2017 election result of 8.9%. The Greens are now Germany’s second-most-popular party, just behind Ms. Merkel’s CDU.\n\nThe rise of the extremes and of the Greens in the center hasn’t just eroded support for the traditional center parties, which have ruled together almost continuously since 2005, but it has also sparked disputes in Ms. Merkel’s conservative bloc about whether to embrace more-conservative positions or a more-centrist approach in the effort to best recapture lost voters.\n\nMs. Kramp-Karrenbauer faced the challenge of managing factions within her party. One of her achievements was mending a rift between the conservative and liberal wings of her conservative bloc over immigration. She rejected calls from both wings for some sort of cooperation with either the far right or the far left in the eastern regions, both in her public utterances and in internal party deliberations, yet she also failed to impose unity on the party, said Andreas Rödder , a historian and political commentator.\n\nThe CDU recorded its weakest-ever result in Germany’s 2017 national election and its opinion-poll ratings have dropped further since. The CDU’s coalition partner, the Social Democratic Party, recently polled at around 13%, down from more than 20% in the 2017 election.\n\nThe CDU will now have to elect a new chair, who would likely run for chancellor in next year’s election. Ms. Kramp-Karrenbauer pledged in a press conference on Monday to help manage this process before she steps down.\n\nA regular party convention is scheduled for December, but the party leadership could call an extraordinary meeting to choose a successor to Ms. Kramp-Karrenbauer.\n\nAmong her possible successors are Armin Laschet , state premier of North-Rhine Westphalia; Jens Spahn , the federal health minister; and Friedrich Merz , a former parliamentary leader turned corporate lawyer.\n\nMr. Laschet is closest to Ms. Merkel’s centrist line, while the more conservative groups within the CDU favor Messrs. Spahn and Merz.\n\nWrite to Bojan Pancevski at bojan.pancevski@wsj.com",
    "published": "2020-02-10"
  },
  {
    "source": "WSJ",
    "title": "Powell Cultivates Allies on Capitol Hill; Fed Says Coronavirus Could Hurt Outlook; Fed Officials Likely to Take Comfort From Jobs Report",
    "summary": "Good day. Federal Reserve Chairman Jerome Powell has made reaching out to lawmakers a priority, and members of Congress interviewed by The Wall Street Journal gave him high marks for his unwillingness to be drawn into a spat with President Trump, who has been critical of the Fed chief. In its semiannual report to Congress released Friday, the Fed said possible spillovers from the effects of the new coronavirus in China could present a new risk to the outlook. Meanwhile, January’s jobs report offered little reason for Fed officials to change their make-no-moves stance.",
    "link": "https://www.wsj.com/articles/powell-cultivates-allies-on-capitol-hill-fed-says-coronavirus-could-hurt-outlook-fed-officials-likely-to-take-comfort-from-jobs-report-11581341289?mod=Searchresults_pos8&page=11",
    "content": "Good day. Federal Reserve Chairman Jerome Powell has made reaching out to lawmakers a priority, and members of Congress interviewed by The Wall Street Journal gave him high marks for his unwillingness to be drawn into a spat with President Trump, who has been critical of the Fed chief. In its semiannual report to Congress released Friday, the Fed said possible spillovers from the effects of the new coronavirus in China could present a new risk to the outlook. Meanwhile, January’s jobs report offered little reason for Fed officials to change their make-no-moves stance.\n\nNow on to today’s news and analysis.",
    "published": "2020-02-10"
  },
  {
    "source": "WSJ",
    "title": "Newsletter: Cutting the Safety Net",
    "summary": "This is the web version of the WSJ’s newsletter on the economy. You can sign up for daily delivery here.",
    "link": "https://www.wsj.com/articles/newsletter-cutting-the-safety-net-01581334852?mod=Searchresults_pos8&page=5",
    "content": "This is the web version of the WSJ’s newsletter on the economy. You can sign up for daily delivery here.\n\nMore Guns, Less Butter\n\nPresident Trump is expected to release a $4.8 trillion budget Monday proposing steep reductions in social-safety-net programs and foreign aid, and higher outlays for defense and veterans. The budget reflects the administration’s priorities and also reveals Mr. Trump’s fiscal policy objectives should he win re-election. The proposal is unlikely to become law, however, as Democrats control the House and spending bills in the GOP-led Senate need bipartisan support, Kate Davidson and Andrew Restuccia report.\n\nWinners: The plan would increase military spending 0.3%, NASA would get a 12% bump, some $2 billion in new funding would be allocated for construction of the wall on the southern U.S. border, Department of Veterans Affairs spending would rise 13%, Department of Homeland Security 3% and the National Nuclear Security Administration’s budget 19%.\n\nLosers: Medicare, food stamps and disability benefits are targeted for savings, Environmental Protection Agency spending would be slashed by 26%, the Department of Housing and Urban Development’s budget by 15%, the Commerce Department’s by 37%, foreign aid by 21% and the Centers for Disease Control and Prevention 9%.\n\nWHAT TO WATCH TODAY\n\nFederal Reserve governor Michelle Bowman speaks at a community bankers conference at 8:15 a.m. ET, San Francisco Fed President Mary Daly speaks in Dublin at 1:45 p.m. ET and Philadelphia Fed President Patrick Harker speaks on the economic outlook at 3:15 p.m. ET.\n\nWhite House Office of Management and Budget Acting Director Russ Vought holds an off-camera briefing to discuss the Trump administration's latest budget proposal at 1 p.m. ET.\n\nTOP STORIES\n\nContagion\n\nThe death toll from the new coronavirus outbreak has now surpassed that of the severe acute respiratory syndrome, or SARS, epidemic nearly two decades ago, as the number of fatalities topped 900.\n\nChina's factories are struggling to resume operations after their extended Lunar New Year holidays. Many factories are scheduled to reopen Monday, although it is unclear how many can. The coronavirus lockdown has choked supplies, restricted travel and limited the ability of employees to report to work. Factories that do open might have to operate with lower productivity because of labor shortages, new screening requirements and lack of parts. The virus is the latest blow to businesses in the world’s largest manufacturing economy, which also has been hurt by a bruising trade war with the U.S., Chuin-Wei Yap reports.\n\nChina’s consumer inflation rose to its highest level in more than eight years in January. China’s consumer-price index climbed 5.4% from a year earlier, the National Bureau of Statistics said Monday. January’s pickup was driven by the Lunar New Year, which normally boosts demand for consumer goods, and by the coronavirus, said Dong Lijuan, an analyst with the statistics bureau. In Hubei province, which has been hit hardest by the illness, local residents have been feeling more sticker shock than even official data suggest: Panic buying began in Wuhan, the epicenter of the outbreak, following authorities’ decision to lock down the city of 11 million people on Jan. 23, Liyan Qi and Jonathan Cheng report.\n\nRedrawing the Map\n\nThe two-year trade war between the U.S. and China upended commerce world-wide, slamming the brakes on global trade growth—but also delivering modest benefits to a handful of industries and countries. Growth in global trade sank to a meager 1% last year, the worst showing outside a period of recession on record, according to International Monetary Fund data. Behind the slump were falling U.S. sales to China of agriculture products, aircraft and machinery, while China’s sales of electronics and industrial supplies to the U.S. dropped. But the declines would have been much larger had trade not been diverted to many other countries. China’s loss, for example, was Vietnam’s gain, accelerating a long-term trend of Chinese factories moving to Vietnam and other Southeast Asian countries where labor costs are lower, Josh Zumbrun, Feliz Solomon and Jeffrey Lewis report.\n\nPut Me In Coach, I’m Ready to Play Today\n\nA tight U.S. labor market is drawing Americans off the sidelines at a record rate. Nearly three of four Americans who were newly employed in recent months came from outside the labor force—meaning they weren’t actively looking for work prior to the month they accepted a job. That is the highest ratio in three decades of records and helps explain how employers have consistently added jobs without stoking stronger wage growth.\n\nWhat's happening? Millions of Americans are on the edge of the labor market—interested in working, but not searching. Last month, 4.8 million of them took jobs, more than offsetting the number of Americans who had dropped out of the labor force, Eric Morath reports.\n\nWhat's not happening? The number of people working at small companies hardly budged last year. The sluggishness in small-business hiring is particularly striking because it is the first time small companies haven’t added to their payrolls since 2010, when businesses of all sizes were recovering from the financial crisis. More than 5.3 million businesses have fewer than 20 employees. They are often the first to feel the pinch from a tight labor market: Smaller companies sometimes struggle to match the pay and perks offered by larger employers, Ruth Simon reports.\n\nTax Cuts\n\nThe 2017 corporate tax cut is turning out to be somewhat larger than expected. The Congressional Budget Office recently lowered its projections of corporate income tax receipts by $127 billion over the next decade. What happened? The Treasury Department finished regulations and companies learned how to operate in the new system. \"Overall, the downward revision to our projections of corporate income tax revenues owing to the international provisions reflects an improved understanding of taxpayers’ behavior that has been gained this year,\" CBO Director Phillip Swagel wrote in a blog post. \"More broadly, the effects of the tax act generally appear to have been what we expected.\" —Richard Rubin\n\nWHAT ELSE WE’RE READING\n\nInvestors expect the coronavirus to lead to a sharp deceleration for world economic growth this quarter followed by a strong rebound, something that would look like a \"V\" on most charts. \"I sure hope this is right. The global economy—and, in particular, those countries with more fragile growth dynamics—can ill afford a big shock that has adverse geopolitical and institutional spillovers. Unfortunately, it is still early to declare with confidence the much-hoped-for V-shaped evolution. Indeed, given what I have called the cascading sudden-stop dynamics of the coronavirus for China and beyond, the risk of either a U- or L-shaped pattern for 2020 is still too high to dismiss,\" Mohamed El-Erian, chief economic adviser at Allianz, writes at Bloomberg Opinion.\n\nSIGN UP FOR OUR CALENDAR\n\nReal Time Economics has launched a downloadable calendar with concise previews, forecasts and analysis of major U.S. data releases. To add to your calendar, please click here.",
    "published": "2020-02-10"
  },
  {
    "source": "WSJ",
    "title": "Chicken War Spurs Popeyes Sales",
    "summary": "Restaurant Brands’ results beat expectations; Canadian coffee chain Tim Hortons remains a drag",
    "link": "https://www.wsj.com/articles/restaurant-brands-reports-higher-revenue-11581338364?mod=Searchresults_pos11&page=13",
    "content": "Restaurant Brands International Inc. QSR -1.53 %decrease; red down pointing triangle has taken an early lead in the race to build a better chicken sandwich.\n\nThe fast-food company said Monday its sales at Popeyes Louisiana Kitchen far exceeded expectations for the quarter ended in December. Its spicy chicken sandwich was rolled out nationally in November after it sparked a social-media sensation during tests last summer.\n\nMcDonald’s Corp. MCD -0.31 %decrease; red down pointing triangle is now testing two new versions of a chicken sandwich at lunch, along with new breakfast sandwiches topped with chicken. Wendy’s Co. WEN -0.63 %decrease; red down pointing triangle is featuring a chicken sandwich in its national breakfast launch next month.\n\nPopeyes’ sales at U.S. restaurants open at least 17 months grew 38% for the fourth quarter, the Toronto-based company said. Revenue at the chain rose to $145 million from $106 million, helping Restaurant Brands beat profit expectations overall.\n\nThe company’s shares rose 2.7% on Monday.\n\nToronto-based Restaurant Brands’ shares rose 3% in morning trading.\n\nMeanwhile, the company’s Canadian coffee chain Tim Hortons is still bringing down performance. Sales at restaurants open at least 13 months fell 4.3% for the quarter, worse than analysts’ projections. Nearly 60 limited-time offers at the chain last year made its operations too complex, the company said. Tim Hortons introduced Beyond Meat Inc. BYND -1.65 %decrease; red down pointing triangle plant-based sandwiches last year but recently pulled them after they failed to gin up sales.\n\nChief Executive José Cil said in an interview that he still sees a future for plant-based options in Canada, but the company needs to focus now on coffee and other core offerings. “It distracted us from getting back to those basics that we need to improve on,” Mr. Cil said.\n\nBurger King’s same-store sales also came in weaker than projected. Sales grew just 0.6% in the U.S. for the quarter despite the national rollout of the plant-based Impossible Whopper. A lack of deals during the quarter contributed to the weakness, the company said.\n\nMr. Cil said the company added the Impossible Whopper as an option to its two items for $6 menu this year, as it seeks to persuade value-oriented consumers to try it.\n\nMr. Cil said Burger King had temporary closed around half of its roughly 1,300 stores in China in response to the coronavirus, along with some Tim Hortons locations. China accounts for about 2% of Burger King’s sales.\n\nBurger King’s total sales increased 8.4% globally, driven by more store openings than in any quarter for two decades, Mr. Cil said.\n\nOverall, Restaurant Brands’s revenue for the quarter rose to $1.48 billion from $1.39 billion in the year-ago period, ahead of the $1.45 billion analysts polled by FactSet had expected.\n\nNet income was $165 million, or 54 cents a share, compared with $163 million, or 64 cents a share, in the same period last year. Adjusted earnings were 75 cents a share. Analysts were expecting earnings of 72 cents a share on an adjusted basis.\n\nDave Sebastian contributed to this article.\n\nWrite to Heather Haddon at heather.haddon@wsj.com",
    "published": "2020-02-10"
  }
]