[
  {
    "source": "WSJ",
    "title": "Trump Spurns Business Plea to Ease Tariffs Amid Coronavirus",
    "summary": "Industry groups press for action to stimulate U.S. economy",
    "link": "https://www.wsj.com/articles/trump-spurns-business-plea-to-ease-tariffs-amid-coronavirus-11584557598?mod=Searchresults_pos2&page=197",
    "content": "WASHINGTON—The Trump administration is brushing aside calls to put broad import tariffs on hold, despite pleas from the business community that it could stimulate the increasingly rocky U.S. economy.\n\nOn Wednesday, more than 100 business organizations wrote to President Trump and top administration officials to ask for the suspension of tariffs on Chinese-made goods and global steel imports to help the economy.\n\n“These tariffs are taxes that Americans pay,” said the business groups from a variety of industries under the umbrella group Americans for Free Trade, citing research that eliminating the tariffs could boost the U.S. economy by $75 billion. “We urge you to provide tariff relief as one of the measures to help those hurting financially from the economic effects resulting from the current public health crisis.”\n\nTreasury Secretary Steven Mnuchin said Wednesday the administration is committed to providing whatever economic aid is needed, as consumers stay at home and limit purchases due to concerns about the spreading coronavirus.\n\nYet the administration has signaled an unwillingness to cancel the tariffs, the centerpiece of Mr. Trump’s “America First” economic policy, which uses trade barriers to protect American industries and to pressure trading partners for concessions in order to increase U.S. exports.\n\n“China is paying us billions and billions of dollars in tariffs and there’s no reason to do that,” Mr. Trump said Wednesday at a news conference when asked about the business letter. “I can’t imagine Americans asking for that. It could be that China will ask for a suspension or something. We’ll see what happens. China is having a very rough time.”\n\nPress shift question mark to access a list of keyboard shortcuts Keyboard Shortcuts Enabled Disabled Shortcuts Open/Close / or ? Play/Pause SPACE Increase Volume ↑ Decrease Volume ↓ Seek Forward → Seek Backward ← Captions On/Off c Fullscreen/Exit Fullscreen f Mute/Unmute m Decrease Caption Size - Increase Caption Size + or = Seek % 0-9 Subtitle Settings Off English Font Color White Font Opacity 100% Font Size 100% Font Family 'Retina' Character Edge None Edge Color Black Background Color Black Background Opacity 50% Window Color Black Window Opacity 0% Reset White Black Red Green Blue Yellow Magenta Cyan 100% 75% 50% 25% 200% 175% 150% 125% 100% 75% 50% Arial Courier Georgia Impact Lucida Console Tahoma Times New Roman Trebuchet MS Verdana None Raised Depressed Uniform Drop Shadow White Black Red Green Blue Yellow Magenta Cyan White Black Red Green Blue Yellow Magenta Cyan 100% 75% 50% 25% 0% White Black Red Green Blue Yellow Magenta Cyan 100% 75% 50% 25% 0% facebook x Link https://www.wsj.com/video/series/news-explainers/how-the-new-coronavirus-became-a-global-pandemic/2AE4BEEE-CB02-4D4B-98F9-A17FF9427FB1 Copied Embed https://video-api.wsj.com/api-video/player/v3/iframe.html?guid=2AE4BEEE-CB02-4D4B-98F9-A17FF9427FB1 Copied Auto 540p (4214 kbps) 1080p (10297 kbps) 674p (5809 kbps) 540p (4214 kbps) 360p (2821 kbps) 360p (1371 kbps) 234p (963 kbps) 234p (478 kbps) 234p (277 kbps) Live 00:00 05:15 05:15 How the New Coronavirus Became a Global Pandemic Play video: How the New Coronavirus Became a Global Pandemic Keep hovering to play On Dec. 1, 2019, a patient in Wuhan, China, started showing symptoms of what doctors determined was a new coronavirus. Since then, the virus has spread to infect more than 100,000 people. Here’s how the virus grew to a global pandemic. Photo illustration: Carter McCall/WSJ\n\nIn fact, the tariffs are paid for by U.S. importers, though Mr. Trump has repeatedly said China is paying.\n\nMr. Mnuchin and Peter Navarro , a White House trade and manufacturing adviser, have said Mr. Trump isn’t looking to cancel broad tariffs right now. Currently, U.S. officials are seeking to keep the health and humanitarian issue separate from trade conflicts, according to a person familiar with the matter.\n\n“This whole crisis is a vindication of President Trump’s tariff policies, which over the last three years have already begun to bring some of our supply chains and jobs home,” Mr. Navarro said in an interview.\n\nWashington and Beijing in January signed a “phase one” agreement that serves as a truce in the trade war, but the U.S. didn’t remove tariffs on any Chinese products under that pact, only reducing the rates of some tariffs.\n\nThe phase one pact requires China to buy $200 billion more in U.S. exports than previously, and Mr. Trump has said he expects the pact to be upheld. The two countries have recently experienced friction over the virus, which spread from China, as well as a media spat that has seen both sides reduce the number of foreign correspondents permitted from the other country.\n\n“An announcement of a temporary truce in the trade war would underscore that both governments, even in the midst of a protracted economic conflict, put the needs of their citizens above protectionism,” said Jake Parker , senior vice president at the U.S.-China Business Council, which represents American companies doing business in China.\n\nYet trade hawks such as Mr. Navarro have tended to double down on efforts to decouple the American economy from trading partners, rather than easing trade barriers.\n\n“To eliminate or lower the China tariffs now would amount to a bailout for the China economy at the expense of even more American jobs and growth,” Mr. Navarro said. A spokesman for U.S. trade representative Robert Lighthizer had no immediate comment.\n\nEven with the phase one trade deal, there are tariffs targeting about $360 billion a year of goods from China, and a range of tariffs targeted to European cultural products and airlines, owing to a long-running dispute over subsidies for aircraft manufacturers. On Wednesday the U.S. raised the tariff level on jets made by Europe’s Airbus SE.\n\nThe U.S. has quietly taken steps in recent weeks to drop tariffs on medical supplies from China, but many medical supplies and components continue to face tariffs.\n\nMr. Trump took the relatively rare step of imposing broad tariffs at a time of economic expansion, and domestic manufacturers that benefit from the trade barriers will push hard to prevent them from being lifted during a downturn.\n\n“Any action to remove [steel tariffs] in the face of continued global overcapacity and mounting steel product inventories will only exacerbate the economic and national security challenges facing the nation,” said Thomas Gibson , president of the American Iron and Steel Institute, in a letter to lawmakers last week.\n\nDemocrats have criticized Mr. Trump’s trade-policy execution. Still, Democratic lawmakers, many of whom favor supporting American manufacturing, are divided over whether to remove broad tariffs.\n\nSome in the business community are pointing out that bigger tax cuts and potential bailouts are under consideration, many with a direct impact on consumers, and they say the Trump administration is more likely to listen to targeted pleas for tariff exemptions rather than a broad rethink of policy.\n\n“Certainly tariff relief would be welcome today or at any time,” Neil Bradley , policy chief at the U.S. Chamber of Commerce, told reporters on Monday. He added that “in particular we are urging the administration to take a look at the tariffs on medical supplies.”\n\nJosh Zumbrun contributed to this article.\n\nWrite to William Mauldin at william.mauldin@wsj.com and Alex Leary at alex.leary@wsj.com",
    "published": "2020-03-17"
  },
  {
    "source": "WSJ",
    "title": "FedEx Pulls Guidance, Will Reduce Capacity as Coronavirus Slows Economy",
    "summary": "Delivery giant withdrew its earnings forecast for the first time in its 50-year history",
    "link": "https://www.wsj.com/articles/fedex-withdraws-fiscal-year-guidance-due-to-coronavirus-11584477842?mod=Searchresults_pos14&page=12",
    "content": "FedEx Corp. FDX 1.43 %increase; green up pointing triangle pulled its financial forecasts and said it would continue to reduce its delivery capacity, as the coronavirus pandemic disrupts global trade patterns and economic activity.\n\nThe delivery giant withdrew its earnings guidance for the first time in its 50-year history. It joins several dozen companies from travel site Expedia Group Inc. EXPE -0.98 %decrease; red down pointing triangle to retailer Nordstrom Inc. in retracting their forecasts.\n\n“The Covid-19 pandemic is having a significant impact around the world,” FedEx Chief Executive Fred Smith said in Tuesday’s earnings release. He said the company is anticipating increased demand for overseas shipments but is unsure what the global impact is from tens of millions of households taking measures like quarantining to reduce the spread and the resulting downdraft in economic growth. “We will continue to support efforts to combat the pandemic.”\n\nAmazon.com Inc. said this week it plans to hire an extra 100,000 employees in the U.S. as millions of people turn to online deliveries at an unprecedented pace. The e-commerce giant, which no longer uses FedEx, also said it was taking steps to prioritize shipments of medical supplies and household staples.\n\nFedEx is also seeing demand pick up in some areas as a result of the coronavirus, executives said. Flights out of Asia are filling up as factories and stores across the globe need parts and inventory. In the U.S., the Ground business has been bolstered by more people who are avoiding stores and shopping online.\n\nBut FedEx executives say the world is changing quickly.\n\n“What we do not know is how the pandemic evolves and what happens to demand,” FedEx Chief Operating Officer Raj Subramaniam said on Tuesday’s earnings call. “The first two weeks of March have been good but there’s no way to project forward what the next few weeks hold for us.”\n\nFedEx’s fiscal third-quarter earnings fell by more than half to $315 million from $739 million last year. Excluding items like integration expenses and realignment costs, per-share earnings were $1.41 in the latest period, down from $3.03 last year.\n\nThe sharp declines represented the impact from the pandemic, as well as other business challenges hitting FedEx, like increased costs from expanding its Ground delivery service and the loss of Amazon last year as a customer.\n\nMr. Smith said that the global economy is already being hurt by trade wars and tariffs but that the pandemic is going to cause further problems. “You add the coronavirus on top of that and world GDP growth this year is going to be extremely small,” he said.\n\nTotal revenue rose 3% to $17.5 billion, as double-digit growth in FedEx’s Ground division, which is bolstered by more people shopping online during the holiday season and beyond, offset shrinking revenue in its Express division. The company’s revenue topped analysts’ consensus from FactSet, while adjusted earnings met analysts’ expectations.\n\nFedEx shares, up 1% to $96 in aftermarket trading, have taken a beating during the coronavirus pandemic. Through Tuesday’s close, shares are down more than 42% from their high for the year, including its largest daily decline on Monday since the 1987 stock market crash.\n\nAllison Prang contributed to this article.\n\nWrite to Paul Ziobro at Paul.Ziobro@wsj.com",
    "published": "2020-03-17"
  },
  {
    "source": "WSJ",
    "title": "A Generational War Is Brewing Over Coronavirus",
    "summary": "Scientists say lack of alarm among young people could hinder the fight against the virus and endanger elders",
    "link": "https://www.wsj.com/articles/a-generational-war-is-brewing-over-coronavirus-11584437401?mod=Searchresults_pos7&page=14",
    "content": "Scientists and government officials fighting the coronavirus epidemic say they have a problem: Carefree youths.\n\nAs authorities moved to restrict social gatherings last week, bars and restaurants from New York to Berlin filled up with revelers, illegal “lockdown parties” popped up in France and Belgium, and campuses in the U.S. lit up for end-of-the-world dorm parties.\n\nSo far, most young Covid-19 patients have experienced mild or no symptoms from the virus, while more severe cases are concentrated among those aged 50 and over. Data released last week by the National Health Institute in Italy, currently the world’s worst-hit country, shows mortality rates starting at 0% for patients aged 0 to 29 and edging up to peak at 19% for those over 90.\n\nYet scientists say tests have shown children and young adults are no less likely than older people to get infected and transmit the virus. Epidemiologists are growing concerned that the millennial pushback against social-distancing measures—and an emerging generational divide about how the disease is perceived—could undo all efforts to slow the spread of the virus and put vulnerable people at high risk.\n\nPresident Trump on Monday stressed that young people can spread the virus even if they only have mild symptoms and recommended that Americans avoid restaurants and gatherings of more than 10 people. French President Emmanuel Macron went further, announcing a nationwide lockdown and punishment for those who violate the rules.\n\nSo far, the young don’t seem to be listening.\n\nThe Pennsy bar at Manhattan’s Penn Station was full of people drinking on Thursday despite calls for social distancing. Photo: Sarah Blesener for The Wall Street Journal\n\nAfter social media became filled with reports of packed bars and restaurants in New York, 30-year-old Rep. Alexandria Ocasio-Cortez (D., N.Y.) tweeted to her millions of followers on Saturday.\n\n“To everyone in NYC but ESPECIALLY healthy people & people under 40, (bc from what I’m observing that’s who needs to hear this again), PLEASE stop crowding bars, restaurants, and public spaces right now. Eat your meals at home.”\n\nAfter Princeton University said last week it would move classroom instruction on-line on March 19 and send most of its students home, the campus saw an explosion in gatherings and parties, according to students and staff.\n\n“People were not ready to give up their lifestyle without one last hurrah,” said Ben Weissenbach , a Princeton undergraduate English major who was critical of the partying. “At a really privileged place like Princeton, we don’t tend to even consider the possibility that our bubble could be popped.”\n\nOn Dec. 1, 2019, a patient in Wuhan, China, started showing symptoms of what doctors determined was a new coronavirus. Since then, the virus has spread to infect more than 100,000 people. Here’s how the virus grew to a global pandemic. Photo illustration: Carter McCall/WSJ\n\nIn an email to all students on Friday, the university announced stricter measures and penalties for offenders, saying “we are disheartened to see that so many students are failing to heed these protective measures and engaging in disruptive behavior.”\n\nIn a display of juvenile gallows humor, the hashtag #BoomerRemover, a nickname for the novel coronavirus, briefly trended on Twitter last weekend.\n\nAcross Europe, where social life is shutting down faster than in the U.S., a divide is spreading between the young, many of whom say they don’t fear the virus, and their elders, including politicians and scientists, whose alarm about the illness is growing by the day.\n\nA sign on Sunday in Berlin’s countercultural RAW district announcing a hip hop party to mark the city’s shutdown in the face of the coronavirus pandemic. Photo: Jörg Carstensen/DPA/Zuma Press\n\nIn Berlin, a European clubbing hot spot, authorities ordered the closure of all bars and clubs on Saturday. Yet many establishments ignored the decree, forcing police to forcibly shut down some 63 establishments across the city.\n\nThat night, the Ernst basement bar in the trendy district of Kreuzberg was packed with patrons enjoying loud electronica. “Beware: Coronavirus” was sprayed on a bench near the entrance.\n\nInside the stylish Wagemut cocktail bar, a young woman pretended to sneeze in someone’s face, unleashing thunderous laughter.\n\nOn Sunday, Berlin health officials said 42 people were thought to have infected themselves in Berlin clubs. Some of those were club-hopping, spreading the virus as they went.\n\n“This is the attitude of people who are part of this nightlife,” said Lutz Leichsenring , a director of the association of Berlin club owners. “So what? You get the flu, you’re not going to die.”\n\nLast week, German Chancellor Angela Merkel herself, in her first press conference on the epidemic, urged young people to respect the new social restrictions for their grandparents’ sake.\n\nDespite the pointed fingers and occasional excesses, many young people bristle at the accusation of selfishness, saying the new social constraints are disproportionate and unfairly target their generation.\n\nBerliners sitting outside cafes on Sunday, a day after city authorities banned all public and non-public events with 50 or more people. Photo: Jörg Carstensen/DPA/Zuma Press\n\n“They’re preventing us from living,” said Timothée Thierry , a 30-year-old statistician at France’s health ministry. He spoke on Sunday, after the government shut down bars but before it locked down the entire country.\n\nIn Italy, which has been on lockdown for days, young people, especially students, face a choice between returning to their parents’ homes or remaining cooped up in small apartments, desperate for a social outlet.\n\nOne student in the Piedmont region of northwestern Italy said she sneaked out of her apartment to attend a dinner party because she was feeling depressed from days of isolation. The party was only a 10-minute walk away. Once there she joined four other people, drinking wine and eating around the dinner table.\n\nJust before midnight, the police knocked on the door and asked for the identification cards and phone numbers of everyone in the group. They ordered the revelers to return home, warning them that their information was being kept on file. Each person was subject to a hefty fine or jail-time for attending the party, the police said, according to the student.\n\nSome say they are less frustrated by the prospect of extreme confinement than they are doubtful it could ever work in the West, which prizes individualism and freedom.\n\n“If I get sick, I will spend some days at home to avoid spreading it to others,” said Monica Rubio , 19, who was having a late breakfast with three friends late last week in Barcelona, Spain, one of Europe’s most heavily affected countries.\n\n“Otherwise I won’t change my life because of it. I can’t imagine people would stop shaking hands, kissing or hugging. It is deeply entrenched in our society.”\n\nIn Asia, there have been fewer complaints from authorities about younger people flouting social-distancing rules, but with the epicenter of the pandemic now shifting to Europe, the sense of urgency, palpable at the peak of the Chinese epidemic, has begun to recede in the East.\n\nMong Kok, a busy shopping hub in Hong Kong’s Kowloon district, has been noticeably busier than in previous weeks, with many young people tentatively returning to their pre-coronavirus weekend routines. Despite the greater crowds, many youthful bystanders still wear surgical masks and keep hand sanitizer close to hand, even attached to rucksacks.\n\nSHARE YOUR THOUGHTS What should localities do to keep socially active teens and young adults from spreading the virus? Join the conversation below.\n\n“I think it’s quite boring staying inside. Teens and young people you see, they’re stuck at home and out of the office. It’s quite hard,” said Hailey Cheng , 27, as a street performer tried to fire up a lackluster audience nearby.\n\nOn a recent night in the semiautonomous city, Peel Street, a thoroughfare lined with bars and popular with expats, thronged with hundreds of maskless drinkers. A band played in the lower half of the street, where people stood shoulder to shoulder.\n\n“I stayed at home for two months. I’m not staying any more,” said Ryan, 26, who was walking with his friends down the main strip of nearby Lan Kwai Fong, a series of streets filled with bars and clubs. “Life goes on.”\n\n“We worry,” said Nicole, 25. “But either you worry yourself to death or you drink yourself to death.”\n\nWilliam Boston and Mike Bird contributed to this article.\n\nWrite to Bojan Pancevski at bojan.pancevski@wsj.com and Stacy Meichtry at stacy.meichtry@wsj.com\n\nCorrections & Amplifications\n\nA photo of Colorado College seniors at a crowded celebration to mark the end of classes that accompanied an earlier version of this article was taken March 11, before many government officials started strongly recommending social distancing. The photo has been removed because the article’s headline incorrectly implied that the students were among a number of young people not taking the threat of coronavirus seriously, thereby hindering the fight against the virus’s spread. (March 19, 2020)",
    "published": "2020-03-17"
  },
  {
    "source": "WSJ",
    "title": "FedEx Pulls Guidance, Will Reduce Capacity as Coronavirus Slows Economy",
    "summary": "Delivery giant withdrew its earnings forecast for the first time in its 50-year history",
    "link": "https://www.wsj.com/articles/fedex-withdraws-fiscal-year-guidance-due-to-coronavirus-11584477842?mod=Searchresults_pos14&page=12",
    "content": "FedEx Corp. FDX 1.43 %increase; green up pointing triangle pulled its financial forecasts and said it would continue to reduce its delivery capacity, as the coronavirus pandemic disrupts global trade patterns and economic activity.\n\nThe delivery giant withdrew its earnings guidance for the first time in its 50-year history. It joins several dozen companies from travel site Expedia Group Inc. EXPE -0.98 %decrease; red down pointing triangle to retailer Nordstrom Inc. in retracting their forecasts.\n\n“The Covid-19 pandemic is having a significant impact around the world,” FedEx Chief Executive Fred Smith said in Tuesday’s earnings release. He said the company is anticipating increased demand for overseas shipments but is unsure what the global impact is from tens of millions of households taking measures like quarantining to reduce the spread and the resulting downdraft in economic growth. “We will continue to support efforts to combat the pandemic.”\n\nAmazon.com Inc. said this week it plans to hire an extra 100,000 employees in the U.S. as millions of people turn to online deliveries at an unprecedented pace. The e-commerce giant, which no longer uses FedEx, also said it was taking steps to prioritize shipments of medical supplies and household staples.\n\nFedEx is also seeing demand pick up in some areas as a result of the coronavirus, executives said. Flights out of Asia are filling up as factories and stores across the globe need parts and inventory. In the U.S., the Ground business has been bolstered by more people who are avoiding stores and shopping online.\n\nBut FedEx executives say the world is changing quickly.\n\n“What we do not know is how the pandemic evolves and what happens to demand,” FedEx Chief Operating Officer Raj Subramaniam said on Tuesday’s earnings call. “The first two weeks of March have been good but there’s no way to project forward what the next few weeks hold for us.”\n\nFedEx’s fiscal third-quarter earnings fell by more than half to $315 million from $739 million last year. Excluding items like integration expenses and realignment costs, per-share earnings were $1.41 in the latest period, down from $3.03 last year.\n\nThe sharp declines represented the impact from the pandemic, as well as other business challenges hitting FedEx, like increased costs from expanding its Ground delivery service and the loss of Amazon last year as a customer.\n\nMr. Smith said that the global economy is already being hurt by trade wars and tariffs but that the pandemic is going to cause further problems. “You add the coronavirus on top of that and world GDP growth this year is going to be extremely small,” he said.\n\nTotal revenue rose 3% to $17.5 billion, as double-digit growth in FedEx’s Ground division, which is bolstered by more people shopping online during the holiday season and beyond, offset shrinking revenue in its Express division. The company’s revenue topped analysts’ consensus from FactSet, while adjusted earnings met analysts’ expectations.\n\nFedEx shares, up 1% to $96 in aftermarket trading, have taken a beating during the coronavirus pandemic. Through Tuesday’s close, shares are down more than 42% from their high for the year, including its largest daily decline on Monday since the 1987 stock market crash.\n\nAllison Prang contributed to this article.\n\nWrite to Paul Ziobro at Paul.Ziobro@wsj.com",
    "published": "2020-03-17"
  },
  {
    "source": "WSJ",
    "title": "U.S. Postpones April 15 Tax Payments for 90 Days for Most Americans",
    "summary": "Coronavirus disruption prompts tax agency to extend deadline, waive interest and penalties",
    "link": "https://www.wsj.com/articles/u-s-postpones-april-15-tax-deadline-for-90-days-for-millions-of-americans-11584463242?mod=Searchresults_pos3&page=11",
    "content": "The IRS will waive interest and penalties for certain taxpayers filing their income-tax returns up to 90 days after April 15.\n\nWASHINGTON—The U.S. government will postpone the April 15 tax-payment deadline for millions of individuals, giving Americans an additional 90 days to pay their 2019 income-tax bills in an unprecedented move intended to ease the economic pain inflicted by the coronavirus.\n\nThe IRS, using authority under President Trump’s national-emergency declaration, will waive interest and penalties as well, Treasury Secretary Steven Mnuchin said at the White House on Tuesday. The delay is available to people who owe $1 million or less and corporations that owe $10 million or less, he said.\n\nThe Latest on the Virus Infections surpassed 185,000 globally, according to Johns Hopkins.\n\nDeaths hit 7,330.\n\nThe Trump administration is seeking a roughly $850 billion stimulus package.\n\nSingapore, Taiwan and Hong Kong face a second wave of virus cases.\n\nMr. Mnuchin said the move could provide $300 billion in temporary liquidity, giving households and businesses a financial cushion as they cope with the sudden slowdown in economic activity caused by the coronavirus epidemic.\n\n“We are going to use all the tools we have,” Mr. Mnuchin said on Tuesday. “And what tools we don’t have, we’re going to go to Congress.”\n\nThe IRS will continue to process tax refunds. Taxpayers should file their returns as usual by April 15 but they can defer payment for up to 90 days beyond that, according to the Senate Finance Committee. Presumably, they can also seek six-month extensions and defer payment, but the IRS has yet to make that clear.\n\nOn Tuesday, President Trump announced an expansion of Medicare telehealth services as confirmed cases for the new coronavirus rose to more than 5,700 in the U.S., according to Johns Hopkins University. Photo: Win McNamee/Getty Images\n\nTax preparers warned that requiring taxpayers to file returns or requests for extensions by April 15 would create unnecessary work and stress over the next month as people try to complete returns or extensions.\n\n“Had they not decoupled the payment date from the due date, and just blanket extended everything to July 15, we as tax preparers and employers, and just plain old citizens, could ratchet back the amount of time we spend together daily and weekly,” said Ken Goodrow, an accountant at Tyler, Simms & St. Sauveur in Lebanon, N.H.\n\n“Unless this return due date moves we are all in for a much busier, much more stressful month than normal,” he said.\n\nMr. Mnuchin said last week that the tax-payment deadline would be delayed for all but the “superrich,” but his Tuesday announcement was the first explanation of the length of the delay and how it might work.\n\nThe IRS hasn’t released details about what taxpayers must do to defer their payments or explained whether they can also defer estimated-tax payments for the first quarter of 2020, which are also due on April 15.\n\nAs of March 6, the IRS had received 68 million individual income-tax returns. That was less than half of the returns that the IRS normally expects to get during the filing season, meaning that tens of millions of people can benefit from the relaxed deadlines.\n\nMany taxpayers who expect refunds file soon after the IRS opens filing in late January. That is particularly true for low-income households that benefit from the earned-income tax credit, which gives them cash.\n\nAbout three-quarters of households typically receive refunds, and the IRS will still process returns and send out cash. However, people who file closer to the deadline typically owe money and are waiting to pay. They will benefit the most from Tuesday’s announcement, as will businesses that are worried about their cash flow.\n\n“This news is welcome relief,” said Erin Hatch, a spokeswoman for the Democrats on the House Ways and Means Committee. “There’s more we’d like to know though, including how the IRS will address challenges for low-income and elderly taxpayers who don’t have access to crucial free tax-preparation services.”\n\nNormally, taxpayers must pay what they owe by the mid-April deadline, and they can seek six-month extensions to file their full returns. Those are virtually ironclad rules of the tax world, but lawmakers quickly pressed the IRS to relax them in light of the outbreak.\n\n“This action takes one burden off the backs of taxpayers, who are first and foremost trying to keep themselves and their loved ones safe,” said Sen. Robert Menendez (D., N.J.).\n\nThe IRS has adjusted its own operations during the outbreak, shifting many employees to remote work, according to a message that Commissioner Charles Rettig sent to workers late Friday. In addition, Mr. Rettig limited travel, gave employees the option of avoiding face-to-face contacts with taxpayers and stopped those in-person contacts in heavily affected areas such as New York and Seattle.\n\n“We continue to look at what sort of flexibilities and additional options can be available to expand telework flexibility given possible resource limitations,” he wrote.\n\nWSJ Newsletter Get an early-morning coronavirus briefing each weekday, plus a health-news update Fridays: Sign up here.\n\nWrite to Richard Rubin at richard.rubin@wsj.com, Laura Saunders at laura.saunders@wsj.com and Andrew Restuccia at Andrew.Restuccia@wsj.com",
    "published": "2020-03-17"
  },
  {
    "source": "WSJ",
    "title": "Businessman Convicted of Tax Fraud in Scheme With Polygamist Sect Member",
    "summary": "Defense sought a mistrial over coronavirus, citing risks of jury deliberating in close quarters",
    "link": "https://www.wsj.com/articles/businessman-convicted-of-tax-fraud-in-scheme-with-polygamist-sect-member-11584408726?mod=Searchresults_pos18&page=11",
    "content": "Lev Aslan Dermen was found guilty by a federal jury in Salt Lake City on several counts of conspiracy and money laundering.\n\nA Los Angeles businessman was convicted on Monday of a billion-dollar tax fraud scheme, after a lengthy trial featuring testimony about international money laundering and a Utah polygamist sect.\n\nLev Aslan Dermen, who owned a fuel company that ran truck stops and gas stations, was found guilty by a federal jury in Salt Lake City on several counts of conspiracy and money laundering. He faces up to 20 years in prison on the most serious charge, though defendants in such cases are rarely given the maximum sentence.\n\nMr. Dermen’s lawyers had made a last-ditch plea to declare a mistrial over growing fears about the coronavirus, arguing that the jury shouldn’t be kept in close quarters. The judge didn’t rule on that motion, but did postpone further jury deliberations about asset forfeiture, citing public health concerns about the growing pandemic, according to local media reports.\n\n“This was a complete travesty and nothing more than a corona-induced verdict,” said Mark Geragos, an attorney for Mr. Dermen. “We asked for a mistrial yesterday complaining of cramming 12 people into a small room literally at the same time the White House was pronouncing that groups of 10 were prohibited. The DOJ didn’t care and wanted a verdict at all costs.”\n\nMr. Dermen was accused of conspiring with Utah businessman Jacob Kingston, who is a member of a Mormon-breakaway sect, to fraudulently take advantage of two federal renewable energy programs that offer tax credits for the use of biodiesels and other renewable energy sources.\n\nThe government presented evidence that Mr. Dermen conspired with Mr. Kingston and his family to fraudulently claim more than $1 billion in renewable fuel tax credits from the federal government. As a result of the claims, the government paid $511 million to the Kingston family’s energy company.\n\nAn attorney for Mr. Kingston declined to comment.\n\nAccording to the government, Mr. Dermen assured his co-conspirator they would be immune from criminal prosecution by claiming to have an “umbrella” of corrupt law-enforcement officials who could protect them. Mr. Kingston and several of his family members ultimately pleaded guilty, becoming cooperating witnesses for the government against Mr. Dermen.\n\nMr. Dermen is alleged to have received $21 million in fraudulent proceeds through one of his companies. Some of the proceeds were laundered to buy expensive sports cars and pricey real estate, according to the government.\n\nSome of it was laundered through Turkey, where Mr. Dermen had links to a politically-connected businessman. In Belize, a politician stepped down as the incoming prime minister after it was revealed that he took a bribe from Mr. Dermen.\n\nWrite to Byron Tau at byron.tau@wsj.com",
    "published": "2020-03-17"
  },
  {
    "source": "WSJ",
    "title": "How to Treat the Financial Symptoms of Covid-19",
    "summary": "Federal spending is needed but not enough. Making loans is better than writing checks. Avoid coercion.",
    "link": "https://www.wsj.com/articles/how-to-treat-the-financial-symptoms-of-covid-19-11584485213?mod=Searchresults_pos9&page=15",
    "content": "The coronavirus pandemic is in danger of sparking a financial crisis. Stock-market plunges and volatility are reminiscent of September 2008. Strains are showing in credit and money markets.\n\nWhat’s going on? Economic fundamentals are good. This is not 2008, when risky mortgage investments blew up. Yes, it is likely that large parts of the economy will have to shut down for a few months. But once the virus is contained, the economy should turn right back on again, as it does after long holidays.\n\nBut an economy can’t turn on and off like a light switch. Shut-down businesses must still pay debts, rents, payrolls and taxes. People who lose income have to pay rent, mortgages and consumer debt, on top of food and daily expenses. Our economy runs on a river of debt, and the debt clock keeps ticking when the economy shuts down.\n\nHad everyone kept a few months of cash around, things would be fine. But many did not. Now we are seeing the beginnings of a scramble for cash, as people and businesses try to sell assets or borrow. But who is buying? And who is lending? Banks can’t make new loans to companies and people with no income.\n\nMoney troubles spread like a virus. When a business cannot pay, its creditors, employees, investors and banks are in trouble. And if people worry that banks and other institutions are going to fail, they run to get money out—and we have a crisis.\n\nIf a wave of businesses fail, those businesses aren’t around to turn back on again. People who are fired need to find new jobs. Bankrupt businesses need to reorganize and find new owners, managers and employees. Businesses that can reopen must find suppliers. And everyone needs credit. All this takes time and resources and drags down the economy.\n\nA pandemic can turn quickly to a financial crash and a long recession, not a V-shaped pause. That’s the scenario spooking markets, and it should spook all of us.\n\nWhat to do? Clearly the central goal of policy should be to keep businesses alive so they are ready to turn back on again. They must be able to keep rather than fire employees, to call them back quickly, and to help those employees pay bills and keep their health insurance. Now is not the time to carve up businesses in bankruptcy court.\n\nFederal money is on its way. On Tuesday the administration proposed a nearly $1 trillion stimulus. But the economy needs a wiser deployment of limited resources than just a cash dump. First, not even the U.S. government has infinite resources. Its unique ability to borrow even when nobody else can borrow, and to promise eventual repayment by taxation, is a treasured but finite resource. When a crisis comes in which even the Treasury can’t borrow, we are in for a true catastrophe.\n\nSecond, this isn’t the last virus. What we do now sets the precedent for what we will do in deadlier pandemics to come. Overall, our society will transfer savings from those who have it to those who need it, via markets, Treasury debt, taxation or force. But we must do it in a way that allows savers to reappear in the next crisis, to buy Treasury bonds, forbear loans and provide liquidity.\n\nLending is better than transfers. Since loans must be paid back, larger amounts can go where needed. Small Business Administration loans are a good start. But most business and most employment is large business. Large firms are often even more cash-poor and in hock to nervous creditors, and they are harder to replace or revive if they fail. Lend with the head, not the heart. “People” might seem more worthy than “corporations,” but we need corporations to hire people when it’s over.\n\nForbearance is important. Banks and creditors should not immediately shut down a nonpayer. But they have to be allowed to forbear by their regulators, their own creditors, and their own fiduciary responsibility, and to borrow or pass forbearance up the line.\n\nThe Fed can make sure large markets stay liquid. But it shouldn’t mistake price drops for illiquidity. Those who need to sell in a crunch must be able to sell quickly but get a low price, so that those who kept some cash handy will do so next time.\n\nThese are micro interventions, not macro. Lowering the fed-funds rate doesn’t help much if natural caution or regulations forbid lending to cash-strapped businesses. Stimulus will do no good. You can’t shop, or travel, when stores and airlines are closed.\n\nPeople need help too, and our politicians have figured that out. Once again, loans are better than gifts. Rather than give each of us $1,000, allow us to borrow a fraction of last year’s income from the Internal Revenue Service and repay when we file our taxes. That provides more money to those who need it, and helps those even with large debts not to default. Allow penalty-free withdrawals from retirement accounts. Social-program rules must be stretched. If people have to lose a job to get help, we tempt the employer to needlessly fire them, and they and the employer are not ready to start up again fast.\n\nBeware the temptation to rob Peter to pay Paul. For example, if companies are forced to pay sick leave, that might be the cost that sends them over the edge, or leads them to fire rather than furlough employees. Unpopular or large firms don’t necessarily have deep pockets.\n\nChanging micro rules and regulations is much harder than macro stimulus. Thousands of rules need to bend to help thousands of businesses and millions of people. It would all be easier if there were a pandemic economic and financial plan in place. Sadly, 12 years of stress tests and economic crisis planning never considered the possibility of a pandemic. Let us get a better economic plan in place for the next one.\n\nMr. Cochrane is a senior fellow at the Hoover Institution and an adjunct scholar at the Cato Institute.",
    "published": "2020-03-17"
  },
  {
    "source": "WSJ",
    "title": "A Tax-Delay Boost",
    "summary": "Hard to believe, but the IRS delivers good news on filing returns.",
    "link": "https://www.wsj.com/articles/a-tax-delay-boost-11584486525?mod=Searchresults_pos8&page=4",
    "content": "Treasury Secretary Steve Mnuchin speaks with reporters about the effects from the coronavirus at the White House on March 13. Photo: Alex Brandon/Associated Press\n\nLawmakers are wrangling over how best to help Americans hit by the virus shutdown, but credit to the Trump Administration for moving decisively on one helpful idea. Its decision to delay IRS filing and payment deadlines to July 15 will be a boon to struggling Americans and an economy in need of liquidity.\n\nTreasury Secretary Steve Mnuchin on Tuesday announced the IRS will allow individuals who owe $1 million or less in taxes an additional 90 days beyond April 15 to pay their bill. This high threshold is designed to open the relief to many “pass through” businesses that employ workers but file taxes through the individual code. The delay will also apply to corporations owing less than $10 million in taxes. And the IRS will waive interest and penalties.",
    "published": "2020-03-17"
  },
  {
    "source": "WSJ",
    "title": "Giving Americans Money to Offset Coronavirus Impact Gains Trump Administration Support",
    "summary": "Treasury Secretary Mnuchin says ‘Americans need cash now;’ lawmakers in both parties urge government to send funds to households to cushion economic pain",
    "link": "https://www.wsj.com/articles/giving-americans-money-to-offset-coronavirus-impact-gains-bipartisan-support-in-congress-11584446801?mod=Searchresults_pos12&page=2",
    "content": "Sen. Mitt Romney has backed giving each American adult $1,000 to help families and workers meet their short-term obligations and increase spending in the economy.\n\nWASHINGTON—An idea that had little traction just a few days ago—sending direct checks to Americans—is gaining fast momentum as the Trump administration came on board Tuesday.\n\n“Americans need cash now, and the president wants to give cash now. And I mean now, in the next two weeks,” Treasury Secretary Steven Mnuchin said on Tuesday at a briefing at the White House.\n\nThe administration, which had been more focused on a payroll tax cut, quickly publicly shifted to also embrace the idea of larger one-time checks that would go to people whether they are working or not amid the coronavirus pandemic. And that could provide momentum in Congress. The growing support for direct-deposited cash payments could turn into legislation in the next few days as lawmakers prepare a major bill to cushion individuals and businesses against the downturn.\n\nThe amount of money being considered is up for debate, as is whether the payments would be one-time or continue for months to help Americans.\n\nSen. Mitt Romney (R., Utah) on Monday backed giving each American adult $1,000 to help ensure families and workers can meet their short-term obligations and increase spending in the economy. Among Democrats, Sens. Cory Booker of New Jersey, Michael Bennet of Colorado and Sherrod Brown of Ohio are proposing sending $2,000 to every adult and child below a set income, with future payments in July and then quarterly until unemployment levels drop.\n\nThe Latest on the Virus Infections surpassed 185,000 globally, according to Johns Hopkins.\n\nDeaths hit 7,330.\n\nThe Trump administration is seeking a roughly $850 billion stimulus package.\n\nSingapore, Taiwan and Hong Kong face a second wave of virus cases.\n\nLast week, Reps. Ro Khanna (D., Calif.) and Tim Ryan (D., Ohio) proposed sending a check between $1,000 and $6,000 to every American who earned less than $65,000 last year.\n\n“To me, this is about cash,” Mr. Ryan said. “It’s about cash to workers and about cash to business people, as quickly as we possibly can so we don’t start missing mortgages and car payments.”\n\nShould such a plan take off, it is unclear if it would be in the third pandemic-response package that Congress plans to take up next—or the second one, which passed the House early on Saturday, was changed in the House on Monday and still must go through the Senate. Sen. Tom Cotton (R., Ark.) pushed Monday to include some direct help for Americans in that bill.\n\n“The cash stipend may not be their full wage, but it will be enough and it will be in their hands immediately so they can feed their kids, so they can pay their bills,” he said in a Senate floor speech on Monday, proposing an instant tax refund or rebate. “That can be done right now.”\n\nThe Democratic primary in Ohio is in chaos. The EU proposes to ban entry at its borders as governments around the world tighten measures against the spread of the virus. Global markets seesaw. WSJ’s Shelby Holliday has the latest about the pandemic. Photo: Uli Deck/Zuma Press\n\nThe government has sent checks directly to Americans before, most recently in 2008 as the country was heading into the previous recession. In the current environment, such a policy can serve two important but distinct purposes.\n\nFirst, it can cushion people facing immediate cash crunches who need to pay rent and utilities and have other needs stemming directly from the outbreak. Second, a burst of government money can fill in demand that is vanishing as restaurants and bars close and people curtail travel. Once the outbreak passes, cash can help push the economy back toward growth.\n\n“We are facing an enormous demand shock, and it’s really important to get money out there quickly,” said Donald Schneider , an economist at Cornerstone Macro LLC.\n\nThere can be tension between the government’s goals. At some level, the government’s aim now is to prevent people from leaving their homes to spend money, so sending checks could encourage some people to use it in ways that would spread the virus. But checks could also promote public health, by providing money to people so they don’t feel compelled to work when they should be staying home.\n\nThe idea of a stimulus straight to workers is a shift from the payroll-tax cut President Trump has been pushing to a tepid reception in Congress.\n\n103,804,263 confirmed cases in the U.S. 1,123,836 total deaths in the U.S. Hawaii Calif. Nev. Ariz. N.M. Colo. Utah Fla. Texas Okla. Kan. La. Miss. Ala. Ga. Ark. Mo. Ill. Tenn. Ky. Ore. Wash. Wyo. Idaho Mont. Neb. S.D. N.D. Iowa Wis. Ind. Mich. Minn. S.C. N.C. Va. W.V. Md. D.C. Del. Ohio Pa. N.J. Conn. N.Y. R.I. Mass. Vt. N.H. Maine Alaska Confirmed cases as of March 10, at 12:00 p.m. 500,000 100,000 10,000 California 12,129,699 cases\n\nSource: Johns Hopkins Center for Systems Science and Engineering\n\nA payroll-tax cut would benefit only people who are still getting paychecks. In addition, as the money would come throughout the year instead of in an upfront burst compared with cash, it would do relatively little to help Americans who have urgent bills caused by the pandemic.\n\nSending $1,000 checks to everyone might not happen quickly, either. In 2008, Congress enacted the program in February, but money didn’t flow for more than two months.\n\nThere might be other ways to get money to people faster. The House bill negotiated with the administration expands unemployment insurance, creates emergency paid sick leave and expands access to food assistance. Lawmakers could also consider changes to Social Security benefits and paycheck withholding, and they may also try to shore up businesses facing a cash crunch so they can keep paying workers and suppliers.\n\nAnother challenge with checks is how blunt an instrument they can be. Sending checks to everyone who filed a tax return may be faster than a targeted program. But it also means that high-income households may get benefits, and doing it through the Internal Revenue Service may make it tougher to get money to households that don’t file tax returns.\n\nIf targeting payments to particular households means waiting a month, it would be better to just send the check broadly, said economist Mr. Schneider, a former Republican aide in Congress. “That’s a small price to pay in terms of getting the relief out there when it’s needed.”\n\nGet a morning coronavirus briefing each weekday, plus a health-news update on Fridays. Sign up here.\n\nThe $750 billion package offered by Senate Minority Leader Chuck Schumer (D., N.Y.) and the $850 billion proposal from the administration should be the starting points for any discussion, and more may be needed in future rounds, said Seth Hanlon, a senior fellow at the Center for American Progress, a Washington group aligned with the Democratic Party.\n\n“If we do too much, that’s fine,” he said. “Markets clearly aren’t concerned with deficits. But if we do too little, it could even be worse than last time.”\n\nThe point of sending checks is to reach people who aren’t covered by other programs, such as expansion of unemployment insurance, food stamps, veterans’ benefits and Social Security, he said.\n\nAparna Mathur of the conservative American Enterprise Institute said there may be a time when checks are needed—but not until there is a clearer sense of where the economic damage is concentrated.\n\nIn the short term, she said, the important thing is to ensure that people can get paid leave so they can stop working if they are sick or caring for family members without fearing that they won’t have jobs to return to. Perhaps, she said, workers could become eligible for unemployment insurance if they lose part, but not all, of their earnings due to reduced hours.\n\n“We have to be more creative with the existing social safety net,” Ms. Mathur said.\n\nCatherine Lucey contributed to this article.\n\nWrite to Richard Rubin at richard.rubin@wsj.com and Natalie Andrews at Natalie.Andrews@wsj.com",
    "published": "2020-03-17"
  },
  {
    "source": "WSJ",
    "title": "Photos: A First-Wave Japanese Import Shines On",
    "summary": "A San Diego banker shows off his rare 1968 Datsun 2000, one of the first sports cars from Japan to hit U.S. shores.",
    "link": "https://www.wsj.com/articles/photos-a-first-wave-japanese-import-shines-on-11584453717?mod=Searchresults_pos3&page=3",
    "content": "Richard J. Davidson Jr. gave his 1968 Datsun 2000 a paint job and an engine rebuild, so it appears much like it did when it rolled off the assembly line in Japan over a half-century ago.\n\nLuis Garcia for The Wall Street Journal",
    "published": "2020-03-17"
  },
  {
    "source": "WSJ",
    "title": "A Generational War Is Brewing Over Coronavirus",
    "summary": "Scientists say lack of alarm among young people could hinder the fight against the virus and endanger elders",
    "link": "https://www.wsj.com/articles/a-generational-war-is-brewing-over-coronavirus-11584437401?mod=Searchresults_pos7&page=14",
    "content": "Scientists and government officials fighting the coronavirus epidemic say they have a problem: Carefree youths.\n\nAs authorities moved to restrict social gatherings last week, bars and restaurants from New York to Berlin filled up with revelers, illegal “lockdown parties” popped up in France and Belgium, and campuses in the U.S. lit up for end-of-the-world dorm parties.\n\nSo far, most young Covid-19 patients have experienced mild or no symptoms from the virus, while more severe cases are concentrated among those aged 50 and over. Data released last week by the National Health Institute in Italy, currently the world’s worst-hit country, shows mortality rates starting at 0% for patients aged 0 to 29 and edging up to peak at 19% for those over 90.\n\nYet scientists say tests have shown children and young adults are no less likely than older people to get infected and transmit the virus. Epidemiologists are growing concerned that the millennial pushback against social-distancing measures—and an emerging generational divide about how the disease is perceived—could undo all efforts to slow the spread of the virus and put vulnerable people at high risk.\n\nPresident Trump on Monday stressed that young people can spread the virus even if they only have mild symptoms and recommended that Americans avoid restaurants and gatherings of more than 10 people. French President Emmanuel Macron went further, announcing a nationwide lockdown and punishment for those who violate the rules.\n\nSo far, the young don’t seem to be listening.\n\nThe Pennsy bar at Manhattan’s Penn Station was full of people drinking on Thursday despite calls for social distancing. Photo: Sarah Blesener for The Wall Street Journal\n\nAfter social media became filled with reports of packed bars and restaurants in New York, 30-year-old Rep. Alexandria Ocasio-Cortez (D., N.Y.) tweeted to her millions of followers on Saturday.\n\n“To everyone in NYC but ESPECIALLY healthy people & people under 40, (bc from what I’m observing that’s who needs to hear this again), PLEASE stop crowding bars, restaurants, and public spaces right now. Eat your meals at home.”\n\nAfter Princeton University said last week it would move classroom instruction on-line on March 19 and send most of its students home, the campus saw an explosion in gatherings and parties, according to students and staff.\n\n“People were not ready to give up their lifestyle without one last hurrah,” said Ben Weissenbach , a Princeton undergraduate English major who was critical of the partying. “At a really privileged place like Princeton, we don’t tend to even consider the possibility that our bubble could be popped.”\n\nOn Dec. 1, 2019, a patient in Wuhan, China, started showing symptoms of what doctors determined was a new coronavirus. Since then, the virus has spread to infect more than 100,000 people. Here’s how the virus grew to a global pandemic. Photo illustration: Carter McCall/WSJ\n\nIn an email to all students on Friday, the university announced stricter measures and penalties for offenders, saying “we are disheartened to see that so many students are failing to heed these protective measures and engaging in disruptive behavior.”\n\nIn a display of juvenile gallows humor, the hashtag #BoomerRemover, a nickname for the novel coronavirus, briefly trended on Twitter last weekend.\n\nAcross Europe, where social life is shutting down faster than in the U.S., a divide is spreading between the young, many of whom say they don’t fear the virus, and their elders, including politicians and scientists, whose alarm about the illness is growing by the day.\n\nA sign on Sunday in Berlin’s countercultural RAW district announcing a hip hop party to mark the city’s shutdown in the face of the coronavirus pandemic. Photo: Jörg Carstensen/DPA/Zuma Press\n\nIn Berlin, a European clubbing hot spot, authorities ordered the closure of all bars and clubs on Saturday. Yet many establishments ignored the decree, forcing police to forcibly shut down some 63 establishments across the city.\n\nThat night, the Ernst basement bar in the trendy district of Kreuzberg was packed with patrons enjoying loud electronica. “Beware: Coronavirus” was sprayed on a bench near the entrance.\n\nInside the stylish Wagemut cocktail bar, a young woman pretended to sneeze in someone’s face, unleashing thunderous laughter.\n\nOn Sunday, Berlin health officials said 42 people were thought to have infected themselves in Berlin clubs. Some of those were club-hopping, spreading the virus as they went.\n\n“This is the attitude of people who are part of this nightlife,” said Lutz Leichsenring , a director of the association of Berlin club owners. “So what? You get the flu, you’re not going to die.”\n\nLast week, German Chancellor Angela Merkel herself, in her first press conference on the epidemic, urged young people to respect the new social restrictions for their grandparents’ sake.\n\nDespite the pointed fingers and occasional excesses, many young people bristle at the accusation of selfishness, saying the new social constraints are disproportionate and unfairly target their generation.\n\nBerliners sitting outside cafes on Sunday, a day after city authorities banned all public and non-public events with 50 or more people. Photo: Jörg Carstensen/DPA/Zuma Press\n\n“They’re preventing us from living,” said Timothée Thierry , a 30-year-old statistician at France’s health ministry. He spoke on Sunday, after the government shut down bars but before it locked down the entire country.\n\nIn Italy, which has been on lockdown for days, young people, especially students, face a choice between returning to their parents’ homes or remaining cooped up in small apartments, desperate for a social outlet.\n\nOne student in the Piedmont region of northwestern Italy said she sneaked out of her apartment to attend a dinner party because she was feeling depressed from days of isolation. The party was only a 10-minute walk away. Once there she joined four other people, drinking wine and eating around the dinner table.\n\nJust before midnight, the police knocked on the door and asked for the identification cards and phone numbers of everyone in the group. They ordered the revelers to return home, warning them that their information was being kept on file. Each person was subject to a hefty fine or jail-time for attending the party, the police said, according to the student.\n\nSome say they are less frustrated by the prospect of extreme confinement than they are doubtful it could ever work in the West, which prizes individualism and freedom.\n\n“If I get sick, I will spend some days at home to avoid spreading it to others,” said Monica Rubio , 19, who was having a late breakfast with three friends late last week in Barcelona, Spain, one of Europe’s most heavily affected countries.\n\n“Otherwise I won’t change my life because of it. I can’t imagine people would stop shaking hands, kissing or hugging. It is deeply entrenched in our society.”\n\nIn Asia, there have been fewer complaints from authorities about younger people flouting social-distancing rules, but with the epicenter of the pandemic now shifting to Europe, the sense of urgency, palpable at the peak of the Chinese epidemic, has begun to recede in the East.\n\nMong Kok, a busy shopping hub in Hong Kong’s Kowloon district, has been noticeably busier than in previous weeks, with many young people tentatively returning to their pre-coronavirus weekend routines. Despite the greater crowds, many youthful bystanders still wear surgical masks and keep hand sanitizer close to hand, even attached to rucksacks.\n\nSHARE YOUR THOUGHTS What should localities do to keep socially active teens and young adults from spreading the virus? Join the conversation below.\n\n“I think it’s quite boring staying inside. Teens and young people you see, they’re stuck at home and out of the office. It’s quite hard,” said Hailey Cheng , 27, as a street performer tried to fire up a lackluster audience nearby.\n\nOn a recent night in the semiautonomous city, Peel Street, a thoroughfare lined with bars and popular with expats, thronged with hundreds of maskless drinkers. A band played in the lower half of the street, where people stood shoulder to shoulder.\n\n“I stayed at home for two months. I’m not staying any more,” said Ryan, 26, who was walking with his friends down the main strip of nearby Lan Kwai Fong, a series of streets filled with bars and clubs. “Life goes on.”\n\n“We worry,” said Nicole, 25. “But either you worry yourself to death or you drink yourself to death.”\n\nWilliam Boston and Mike Bird contributed to this article.\n\nWrite to Bojan Pancevski at bojan.pancevski@wsj.com and Stacy Meichtry at stacy.meichtry@wsj.com\n\nCorrections & Amplifications\n\nA photo of Colorado College seniors at a crowded celebration to mark the end of classes that accompanied an earlier version of this article was taken March 11, before many government officials started strongly recommending social distancing. The photo has been removed because the article’s headline incorrectly implied that the students were among a number of young people not taking the threat of coronavirus seriously, thereby hindering the fight against the virus’s spread. (March 19, 2020)",
    "published": "2020-03-17"
  },
  {
    "source": "WSJ",
    "title": "FedEx Pulls Guidance, Will Reduce Capacity as Coronavirus Slows Economy",
    "summary": "Delivery giant withdrew its earnings forecast for the first time in its 50-year history",
    "link": "https://www.wsj.com/articles/fedex-withdraws-fiscal-year-guidance-due-to-coronavirus-11584477842?mod=Searchresults_pos6&page=6",
    "content": "FedEx Corp. FDX 1.43 %increase; green up pointing triangle pulled its financial forecasts and said it would continue to reduce its delivery capacity, as the coronavirus pandemic disrupts global trade patterns and economic activity.\n\nThe delivery giant withdrew its earnings guidance for the first time in its 50-year history. It joins several dozen companies from travel site Expedia Group Inc. EXPE -0.98 %decrease; red down pointing triangle to retailer Nordstrom Inc. in retracting their forecasts.\n\n“The Covid-19 pandemic is having a significant impact around the world,” FedEx Chief Executive Fred Smith said in Tuesday’s earnings release. He said the company is anticipating increased demand for overseas shipments but is unsure what the global impact is from tens of millions of households taking measures like quarantining to reduce the spread and the resulting downdraft in economic growth. “We will continue to support efforts to combat the pandemic.”\n\nAmazon.com Inc. said this week it plans to hire an extra 100,000 employees in the U.S. as millions of people turn to online deliveries at an unprecedented pace. The e-commerce giant, which no longer uses FedEx, also said it was taking steps to prioritize shipments of medical supplies and household staples.\n\nFedEx is also seeing demand pick up in some areas as a result of the coronavirus, executives said. Flights out of Asia are filling up as factories and stores across the globe need parts and inventory. In the U.S., the Ground business has been bolstered by more people who are avoiding stores and shopping online.\n\nBut FedEx executives say the world is changing quickly.\n\n“What we do not know is how the pandemic evolves and what happens to demand,” FedEx Chief Operating Officer Raj Subramaniam said on Tuesday’s earnings call. “The first two weeks of March have been good but there’s no way to project forward what the next few weeks hold for us.”\n\nFedEx’s fiscal third-quarter earnings fell by more than half to $315 million from $739 million last year. Excluding items like integration expenses and realignment costs, per-share earnings were $1.41 in the latest period, down from $3.03 last year.\n\nThe sharp declines represented the impact from the pandemic, as well as other business challenges hitting FedEx, like increased costs from expanding its Ground delivery service and the loss of Amazon last year as a customer.\n\nMr. Smith said that the global economy is already being hurt by trade wars and tariffs but that the pandemic is going to cause further problems. “You add the coronavirus on top of that and world GDP growth this year is going to be extremely small,” he said.\n\nTotal revenue rose 3% to $17.5 billion, as double-digit growth in FedEx’s Ground division, which is bolstered by more people shopping online during the holiday season and beyond, offset shrinking revenue in its Express division. The company’s revenue topped analysts’ consensus from FactSet, while adjusted earnings met analysts’ expectations.\n\nFedEx shares, up 1% to $96 in aftermarket trading, have taken a beating during the coronavirus pandemic. Through Tuesday’s close, shares are down more than 42% from their high for the year, including its largest daily decline on Monday since the 1987 stock market crash.\n\nAllison Prang contributed to this article.\n\nWrite to Paul Ziobro at Paul.Ziobro@wsj.com",
    "published": "2020-03-17"
  }
]