[
  {
    "source": "WSJ",
    "title": "What’s News: World-Wide",
    "summary": "This copy is for your personal, non-commercial use only. Distribution and use of this material are governed by our Subscriber Agreement and by copyright law. For non-personal use or to order multiple copies, please contact Dow Jones Reprints at 1-800-843-0008 or visit www.djreprints.com.",
    "link": "https://www.wsj.com/articles/whats-news-world-wide-11579665353?mod=Searchresults_pos10&page=7",
    "content": "This copy is for your personal, non-commercial use only. Distribution and use of this material are governed by our Subscriber Agreement and by copyright law. For non-personal use or to order multiple copies, please contact Dow Jones Reprints at 1-800-843-0008 or visit www.djreprints.com.\n\nhttps://www.wsj.com/articles/whats-news-world-wide-11579665353",
    "published": "2020-01-22"
  },
  {
    "source": "WSJ",
    "title": "Newsletter: Global Economic Tensions Are Here to Stay",
    "summary": "This is the web version of the WSJ’s newsletter on the economy. You can sign up for daily delivery here.",
    "link": "https://www.wsj.com/articles/newsletter-global-economic-tensions-are-here-to-stay-01579693237?mod=Searchresults_pos11&page=8",
    "content": "This is the web version of the WSJ’s newsletter on the economy. You can sign up for daily delivery here.\n\nUnder Pressure\n\nEconomic pressure remains President Trump’s weapon of choice in international disputes. Mr. Trump on Tuesday threatened another trade fight with Europe—just days after reaching an initial trade deal with China, Andrew Restuccia and Greg Ip report.\n\nMr. Trump said he would impose new tariffs on European car imports if the European Union didn’t agree to a new trade agreement.\n\non European car imports if the European Union didn’t agree to a new trade agreement. Treasury Secretary Steven Mnuchin warned that Italy and Britain would face U.S. levies if they proceeded with a tax on American digital giants such as Facebook.\n\nwarned that Italy and Britain would face U.S. levies if they proceeded with a tax on American digital giants such as Facebook. The latest threats could herald months or years of economic tensions. Indeed, even with a phase-one trade deal with China in place, Mr. Mnuchin said a second phase wouldn’t necessarily be a “big bang” that removed all tariffs.\n\ncould herald months or years of economic tensions. Indeed, even with a phase-one trade deal with China in place, Mr. Mnuchin said a second phase wouldn’t necessarily be a “big bang” that removed all tariffs. “We dealt with a lot of important issues in phase one,” said Mr. Mnuchin. “If we get [phase two] done before the election, good. If not, fine. There’s no deadline.”\n\nWHAT TO WATCH TODAY\n\nThe World Economic Forum in Davos, Switzerland, runs from Jan. 21-24. You can follow the WSJ's coverage here.\n\nU.S. existing-home sales for December are expected to rise to an annual pace of 5.43 million from 5.35 million a month earlier. (10 a.m. ET)\n\nThe Bank of Canada releases a policy statement at 10 a.m. ET.\n\nJapan's trade balance for December is out at 6:50 p.m. ET.\n\nTOP STORIES\n\nDon’t Dream It’s Over\n\nPresident Trump touted what he described as a “blue-collar boom” transforming the American economy in a speech to global business and government leaders. Over 30 minutes on Tuesday, Mr. Trump ticked off a list of accomplishments from low unemployment to increases in foreign investment. The campaign-style address appeared aimed as much at a U.S. re-election audience and the 100 senators who will act as jurors in his impeachment trial as at the other heads of state and business executives attending the World Economic Forum in Davos, Andrew Restuccia reports. “The American dream is back, bigger, better and stronger than ever before,” Mr. Trump said.\n\nThe Magic Formula\n\nWant more workers? Offer better wages and benefits than your competitors. New York's Metropolitan Transportation Authority has recently lured away at least 125 officers from the New York Police Department with offers of higher pay and more days off. The state-controlled MTA announced in September that it was hiring 500 officers in large part to tackle homelessness, assaults on transit workers and fare evasion on the subway. Base salaries for MTA officer jobs top out at about $100,000 after seven years, according to the agency. Base salaries for the NYPD top out at roughly $85,000 after 5½ years on the job. MTA officers typically work longer shifts, but have more days off than NYPD officers, Ben Chapman and Paul Berger report.\n\nCountdown: The 2020 census started Tuesday in a remote Alaskan village where the Census Bureau’s director personally enumerated one of the town’s oldest residents. It's the kickoff of a crucial exercise that will determine how the country shares political power, where federal funds land and where many businesses set up shop. One big question: Are there enough people to count the people? The Census Bureau plans to hire half-a-million workers in one of the tightest labor markets on record. Already, the agency has raised pay and boosted advertising. Who is likely to fill the jobs? \"We will likely see a spike in those moving from outside the labor market into the labor market,\" Morgan Stanley economist Ellen Zentner writes. The knock-on effects? More competition for low-wage workers, further accelerating wage growth for low-income earners, a short-lived jump in labor-force participation, and a small increase in the personal-saving rate, which could shore up some household balance sheets, Ms. Zentner says.\n\nCold Comfort\n\nThe frackers have broken the natural-gas market. The price of natural gas typically rises this time of year as temperatures plunge and homeowners dial up their thermostats. Instead, the price of the heating and electricity-generating fuel has dropped to multiyear lows, highlighting how a persistent glut has buffeted energy investors and producers. The shale boom, spurred by horizontal drilling and hydraulic fracturing techniques, transformed the U.S. energy industry and flooded the market with oil and natural gas in recent years. The decline in prices has hit shares of energy companies, raising calls for them to curtail production. But few analysts see signs of the glut abating soon: The U.S. Energy Information Administration predicts dry natural-gas production in the U.S. will rise in 2020, Sarah Toy reports.\n\nWuhan Virus Rattles Markets\n\nA newly identified virus originating in central China is spreading. Nine people have died in China from the coronavirus, which causes pneumonia, and the number of confirmed cases now exceeds 400. In the U.S., a man in Washington state has been diagnosed with the country's first confirmed case. Economists are likening the virus to 2003's outbreak of SARS, or severe acute respiratory syndrome, which killed hundreds of people in southern China in 2002-03.\n\nImpact on China: \"We think the economic impact from the virus is likely to be transitory, with the effects felt more in transportation and retail sales.\" —Jian Chang, Barclays\n\nImpact on U.S.: \"Even if this first isolated case of the Wuhan virus in the U.S. develops into a full-scale epidemic, which is unlikely, we wouldn't expect it to have a significant negative impact on economic activity.\" —Paul Ashworth, Capital Economics\n\nThe latest: Global stocks edged up on Wednesday as investors cheered Chinese authorities’ measures to contain the outbreak.\n\nWHAT ELSE WE’RE READING\n\nA higher minimum wage does more than boost incomes. \"Minimum wage increases appear to reduce the suicide rate among those with a high school education or less, and may reduce disparities between socioeconomic groups. Effects appear greatest during periods of high unemployment,\" Emory University's John Kaufman and co-authors write in the Journal of Epidemiology & Community Health.\n\nSIGN UP FOR OUR CALENDAR\n\nReal Time Economics has launched a downloadable calendar with concise previews, forecasts and analysis of major U.S. data releases. To add to your calendar, please click here.",
    "published": "2020-01-22"
  },
  {
    "source": "WSJ",
    "title": "Europe Girds for Trade Battle With U.S.",
    "summary": "Officials see room to maneuver and retaliate as Trump says EU has ‘no choice’ but to make a deal",
    "link": "https://www.wsj.com/articles/europe-girds-for-trade-battle-with-u-s-11579724950?mod=Searchresults_pos12&page=2",
    "content": "DAVOS, Switzerland—European politicians said they are prepared to defend themselves and would retaliate against any American tariffs, after President Trump set his sights on the continent as the next front in his global fight over trade.\n\nWith a first-phase China deal in his pocket, Mr. Trump said he wants to reach an agreement with the European Union before the U.S. presidential election, and threatened to levy tariffs if talks failed.\n\n“They’re going to make a deal, because they have to. They have to,” Mr. Trump said in a television interview on the sidelines of the World Economic Forum here. “They have no choice.”\n\nFrance’s finance minister, Bruno Le Maire , who was also making the rounds at Davos, quickly shot back. “If we were to be hit by American tariffs, we would have no choice but to retaliate,” he told The Wall Street Journal.\n\nMr. Le Maire said the EU had already shown itself prepared to retaliate when the U.S. imposed tariffs on European steel. “A trade war between U.S. and Europe would be a full political and economic failure,” he said.\n\nMore Updates From the World Economic Forum\n\nIn many ways, Europe is less vulnerable to U.S. levies than China. The U.S. exports three times more to the EU than it does to China, giving Europe plenty of targets for retaliation.\n\nIn the U.S., Europe’s trade policies aren’t viewed as negatively as China’s. And Western Europe, unlike China, is a strategic ally of the U.S. That could leave Mr. Trump with less domestic backing for a trans-Atlantic trade war—if it came to that—than he had when he took on China.\n\nA protracted dispute could inflict pain on both sides. European economic growth is stagnating, making it more vulnerable to tariffs. European levies on U.S. goods could cause political trouble for Mr. Trump during his campaign.\n\nMarkets, repeatedly roiled by developments in the trade war with China, now face the risk of a repeat.\n\n“This is probably the biggest trade-related risk for 2020,” Andy Laperriere , a policy analyst at Cornerstone Macro, wrote on Wednesday.\n\nShare Your Thoughts What do you think will be the biggest challenge the Trump administration might face in trade talks with European leaders? Join the conversation below.\n\nMr. Trump also turned his attention to another bugbear: The World Trade Organization, which he says operates in ways that disadvantage the U.S. After a meeting with WTO Director-General Roberto Azevêdo, Mr. Trump said he had discussed the need for dramatic reforms to the rules of global trade. The U.S. has already effectively blocked the WTO’s enforcement mechanisms.\n\nMr. Azevêdo, who is to visit Washington in coming weeks, told reporters that the body needed to be revamped. But it isn’t clear that the two men have the same thing in mind.\n\nOn Europe, Mr. Trump has repeatedly criticized the big trade surpluses that the EU runs with the U.S. Census figures show a U.S. trade deficit for goods with the EU of $162.6 billion in 2019.\n\nMr. Trump said he had a great talk with Ursula von der Leyen , the new president of the European Commission, while in Davos. “But I said, ‘look, if we don’t get something, I’m going to have to take action, and the action will be a very high tariff on their cars and other things that come into our country,’” he told CNBC.\n\nMrs. Von der Leyen, who is also set to visit Washington in coming weeks, said after meeting Mr. Trump: “I am convinced that we can engage in a positive U.S.-EU agenda in trade, as well as on technology, energy and much more besides.”\n\nMr. Le Maire, the French minister, said in the Journal interview that Europe was much more willing to deal with challenges strategically than in the past.\n\n“In one or two years, Europe has changed. It isn’t as naive as it used to be.... Europe is becoming more independent and more aware of its strategic interests and economic interests,” he said.\n\nHe said it would be better for the U.S. and Europe to work together to deal with unfair Chinese trade practices in areas relating to intellectual property, market access and state aid.\n\nMr. Trump has demonstrated that tariffs, even against traditional allies, represent a weapon of choice. This week, the French government—facing U.S. tariffs on wine and other exports to the U.S.—said it would delay collection of a tax on digital companies until the end of the year, pending an international agreement on the issue.\n\nSecuring a trade deal with the EU in an election year would be a huge challenge for Mr. Trump, and a decision to levy new tariffs would be a risk. In 2003, after the administration of George W. Bush levied tariffs on European steel, the Europeans responded with threats of tariffs on orange juice—targeted at the electoral swing state of Florida. President Bush reversed the tariffs.\n\nStill, it isn’t a battle that the EU would choose to fight with its export-oriented manufacturing sector—and in particular its important automobile industry. The industry is already facing big challenges from changing consumer habits, including a growing aversion to diesel cars and a shift in markets like China toward electric vehicles.\n\nThe region’s growth is tentative. On Monday, the International Monetary Fund cut its 2020 forecast for the eurozone by 0.1 percentage point to 1.3%. It grew 1.2% in 2019.\n\nWrite to Stephen Fidler at stephen.fidler@wsj.com and Greg Ip at greg.ip@wsj.com",
    "published": "2020-01-22"
  },
  {
    "source": "WSJ",
    "title": "The Force Is Strong Inside This L.A. Mansion With Star Wars-Theme Basement",
    "summary": "Listed for $26.5 million, the property has a 5,000-square-foot basement with a massive collection of replica space vehicles and life-size figures from the epic science-fiction movies",
    "link": "https://www.wsj.com/articles/the-force-is-strong-inside-this-l-a-mansion-with-star-wars-themed-basement-11579719948?mod=Searchresults_pos19&page=9",
    "content": "In a celebrity-studded enclave of Los Angeles, a mansion asking $26.5 million comes with an amenity inspired by a galaxy far, far away: a roughly 5,000-square-foot Star Wars-theme basement.\n\nThe entertainment complex-cum-basement is configured as a museum, according to listing agents Arvin Haddad , Emil Hartoonian and Mauricio Umansky of The Agency. It contains literally hundreds of one-of-a-kind commissions by numerous artists and prop-makers, including replicas of various Star Wars space vehicles, more than 40 life-size figures and a number of cartoonish tableaus from the movies.\n\nThe basement is entered through the elevator on the right. On the left, a figure of a Tusken Raider is brandishing a weapon known as a gaffi stick, while on the right is a figure of a Jawa, a scavenger of the desert. The wall mural depicting Tatooine was painted by an artist who specializes in Star Wars imagery. The Agency A circular display case in the center of the basement contains about 30 mostly custom helmets for clone and stormtroopers, while the vehicle to the left is a custom replica of a speeder bike from “Return of the Jedi.” The Agency A replica of an X-Wing fighter; it is about a sixth of the size of the one in the movie. The figures to the left are bounty hunters from \"Episode V\" and, through the glass doors to the left, there is a depiction of Han Solo frozen in carbonite. The Agency For the cantina scene, Greedo is depicted with a pistol in the far right corner; the other two figures are extras from the scene, a Bith musician from the cantina’s band on the left and Zutton, or “Snaggletooth,” on the right drinking a Corona beer. Custom copper piping and tubing make the space more industrial, while the glass geometric tiles on the front of the bar harken back to the style of the rest of the house. The Agency To the rear of the theater, there is a tableau from “The Empire Strikes Back,” in which there is a second figure of a Han Solo frozen in carbonite. It also includes Chewbacca carrying an injured C-3PO and bounty hunter Boba Fett pointing a gun. The theater was designed in a blue and orange hue reminiscent of the scene, and the center light changes color at the touch of a button. The Agency\n\nThe vast majority of the pieces depict characters or objects from Episodes I through VI, prior to Disney’s Star Wars takeover, and many pieces are custom-built replicas, rather than props used in the films.\n\nIt is likely one of the more impressive private collections in the world, said Marc Airey , a U.K.-based vintage toy expert and Star Wars podcaster who viewed photos of the property. “I’m gobsmacked by it.”\n\nThe entrance to the basement, which can be accessed by elevator, was designed to make guests feel like they emerging from a cave and onto the desert planet Tatooine, depicted in the series. A mural depicts the desert, while life-size figures represent its inhabitants.\n\nThe area around the bar is designed as a tableau from the well-known cantina scene from “Episode IV.” Life-size figures represent characters in the scene in which Harrison Ford ’s Han Solo is confronted by bounty hunter Greedo, sent by Jabba the Hutt. The bar’s shady alien denizens from the movie are on hand.\n\nAdvertisement\n\nThe ceiling of the movie theater resembles the view from the cockpit of a TIE Fighter, a starship. Decorative tiles on the wall were made using 14 custom molds, and are an accurate representation of the surface of the Death Star, according to the agents.\n\nA Los Angeles Fun House This Hidden Hills, Calif., property comes with lots of toys, including an indoor-outdoor pool and an observatory. 1 of 9 The Hidden Hills, Calif., home has a ‘Frank Lloyd Wright-meets-Mondrian’ style, according to the listing agents. The Agency 1 of 9 The Hidden Hills, Calif., home has a ‘Frank Lloyd Wright-meets-Mondrian’ style, according to the listing agents. The Agency 1\n\n2\n\n3\n\n4\n\n5\n\n6\n\n7\n\n8\n\n9\n\nA replica of an X-Wing fighter, a starfighter used by the Rebel Alliance against the Galactic Empire, hangs over the lounge area of the basement. In the cockpit sit figures of Luke Skywalker and R2-D2.\n\nThe basement’s designer was required to watch the movie series in preparation for the project, while a professional prop team assembled each mannequin on a gurney, setting them on custom, museum-quality bases. Glass display cases were built to house the owner’s massive collection of Star Wars action figures, which number in the hundreds.\n\nThe owner preferred replicas to props from the films, which often don’t have the same display level of finish, the agents said. While replicas don’t typically trade for as much as props, a one-of-a-kind commission can also command a big price, Mr. Airey said. He estimated a piece like the X-Wing would sell in the tens of thousands if auctioned. Full collections of Star Wars action figures also trade for tens of thousands of dollars.\n\nAdvertisement\n\nMuch of the collection could be sold with the house for an additional and undisclosed sum, though the owner, a semiretired investor, will hang on to a few sentimental items, according to the listing agents.\n\nA snowtrooper stands guard at the bottom of a set of stairs leading to the home’s family room. As guests walk up the stairs, each step lights up one-by-one. To the right of the stairs is the “bad guy corner,” featuring a custom-made red imperial shock trooper from \"Episode III.\" In the display cases next to him are busts of Darth Vader and other collectibles of characters like Jabba the Hutt. There is also a custom Star Wars arcade game. The Agency A lobby area off the lounge features a variety of figures. Clockwise, they include a mini Jawa with a Gonk Droid; comic book character Darth Talon; A light-saber toting Darth Maul, the villain from \"Episode I;\" a miniature Darth Vader and a battle droid. In the center of the lobby, clone trooper helmets are displayed in cases. The Agency A room of wall-to-wall collectable Star Wars action figures, comprising several full collections. Standing guard are Darth Vader, two stormtroopers and, in crimson, a member of the Emperor’s Royal Guard. The Agency R2-D2 and his sidekick C-3PO stand side by side at the entrance to the basement’s movie theater. The unusual wall panels behind them were designed to replicate similar ones in a hallway from the opening sequence of \"Episode IV.\" To the right, there is a concession area featuring the owner’s collection of giant Star Wars PEZ dispensers. The Agency\n\nThe basement was designed to blend in with the rest of the 18,200-square-foot contemporary Craftsman-style home, which was completed around 2013, the agents said. The house also includes a music studio, a gym, a tennis court, a safe room, a 750-gallon aquarium and an indoor-and-outdoor pool and spa area with a grotto, waterslide and waterfall. There is also an observatory on the 3-acre grounds, which houses a 14-inch reflector telescope that rivals Griffith Observatory in resolving power, the agents said.\n\nHidden Hills has been home to celebrities such as the Kardashians, The Wall Street Journal has reported. Mr. Haddad said the listing was one of the highest priced in the history of the area and called the basement “a differentiating factor.”\n\nWrite to Katherine Clarke at katherine.clarke@wsj.com",
    "published": "2020-01-22"
  },
  {
    "source": "WSJ",
    "title": "Bank of Canada Leaves Key Interest Rate Unchanged at 1.75%",
    "summary": "Central bank strikes more cautious tone, opening door to a future cut if outlook worsens",
    "link": "https://www.wsj.com/articles/bank-of-canada-leaves-key-interest-rate-unchanged-at-1-75-11579706509?mod=Searchresults_pos20&page=12",
    "content": "Montreal skyline. Business investment, exports and job creation all weakened toward the end of 2019.\n\nOTTAWA—The Bank of Canada left its key interest rate unchanged at 1.75% on Wednesday and marked down its estimates for near-term growth, opening the door for a future rate cut if the domestic outlook worsens.\n\nIn a statement that accompanied the rate decision, the central bank said growth would be slower than previously anticipated after exports, business investment and job creation all weakened toward the end of 2019. While residential investment has continued at a solid pace, the central bank said, consumer confidence and spending have been unexpectedly soft.\n\nBank of Canada Gov. Stephen Poloz said some of the downside risks the central bank was monitoring have materialized. “Now we’re assessing how big they actually are, and whether they will continue to get bigger or last longer.”\n\nMr. Poloz said the door is open for the central bank to cut interest rates, “but it hinges on how the data evolve from here.”\n\nThe tone of the central bank’s communications suggests it “is a bit more worried that it will have to act,” CIBC World Markets economist Avery Shenfeld said. Mr. Shenfeld said he expects that a rise in unemployment in the coming months will challenge the central bank’s confidence on consumer spending and lead to a rate cut in the spring.\n\nCanada’s central bank has kept interest rates on hold since October 2018, bucking a trend that saw many of its developed-country peers introduce easier monetary policy last year. Mr. Poloz has previously said the economy was demonstrating enough resilience for policy makers to keep interest rates steady, despite a weaker global backdrop.\n\nTrucks cross the Ambassador Bridge from Windsor, Ontario, into Detroit. Photo: Paul Sancya/Associated Press\n\nThe shift to a more cautious tone on Wednesday comes after a series of disappointments on the domestic front. The Canadian economy contracted in October, and indicators point to soft activity in November, leading many economists to anticipate the country’s gross domestic product will either stall or contract slightly in the fourth quarter.\n\nThe Bank of Canada downgraded its fourth-quarter growth forecast to 0.3% on an annualized basis, followed by an estimate of 1.3% annualized growth for the first quarter of this year. The central bank said its outlook for those two quarters is now about three-quarters of a percentage point lower, on average, than its previous forecast.\n\nData issued earlier Wednesday from Statistics Canada offered further evidence of a slowing economy. Wholesale trade, which represents the largest component of Canada’s services sector, fell 1.2% for a second straight month in November.\n\nWhile Canada’s annual inflation rate rose 2.2% in December, or above the Bank of Canada’s target, the details of the report suggested a softening in upward price pressure.\n\n“There’s clearly been a fair bit of weakness in the more recent data,” said TD Bank economist Brian DePratto. While labor disruptions and other temporary factors played a role, “the challenge is that a lot of that weakness is much broader than what you’d expect.”\n\nMeanwhile, the bank said there are signs the global economy is stabilizing. The U.S. and China signed an initial deal on tariffs this month, and the revised North American trade pact, or USMCA, is now closer to ratification. The central bank said the effects of trade-policy uncertainty, which have constrained growth in Canada and abroad, are expected to diminish gradually over the next two years.\n\nOverall, the central bank said it anticipates Canada’s real GDP growth would be 1.6% in 2019 and 2020, and 2% in 2021.\n\nThe decision to leave interest rates on hold this week was widely expected. All 11 primary dealers of Canadian government securities surveyed by The Wall Street Journal said they anticipated a stand-pat decision as the central bank considers whether the recent spate of domestic weakness will persist.\n\nThe Bank of Canada’s next interest-rate decision is due March 4.\n\nWrite to Kim Mackrael at kim.mackrael@wsj.com",
    "published": "2020-01-22"
  },
  {
    "source": "WSJ",
    "title": "Are Fires a Climate Wake-Up Call?",
    "summary": "If so, activists will realize that pie-in-the-sky and extreme makeovers aren’t a fix.",
    "link": "https://www.wsj.com/articles/are-fires-a-climate-wake-up-call-11579651677?mod=Searchresults_pos13&page=15",
    "content": "Whether climate change contributes 1% or 50% to Australia’s wildfires, the fierce debate dramatizes the abyss of sterility into which activists have led climate politics. There is no climate policy (short of geoengineering to block a portion of sunlight reaching the earth) that would stop Australia’s fires or prevent them from recurring.\n\nClimate policies are things that would, over time, change how much CO2 we ultimately put into the atmosphere. And contrary to the tone of much activism, things that would be worth doing are not a big reach. Battery research (to support solar) is already well-funded; a solution for nuclear phobia may not be at hand, but billions have been spent developing nuclear prototypes so wholly unlike the problematic reactor designs of the 1970s that they shouldn’t be discussed in the same category. And what’s so hard about a carbon tax? Nothing. If one party promotes something controversial, yes, the other party will make hay unless given a reason not to. President Obama never offered the GOP income-tax cuts in return for a carbon tax. He didn’t because too many of his allies prefer the mileage they get from decrying “tax cuts for the rich.”\n\nAnd unlike the Green New Deal, these proposals are readily sellable to the rest of the world because they don’t involve sackcloth and ashes.\n\nAnd yet the zeitgeist, I think, is changing (and I like to think this column played a role). “Denier” is getting a last go-round in Australia at the hands of some whose wrong-footedness is their most salient quality, but the term is increasingly recognized as a sleazy way to refer to people whose views are perfectly compatible with the lower-end estimates of the U.N.’s Intergovernmental Panel on Climate Change.\n\nThen there’s this: David Wallace-Wells , author of last year’s “Uninhabitable Earth,” a jeremiad so extreme that it was praised by reviewers even as it was panned by climate scientists, wrote a column in New York magazine saying, in so many words, never mind. He discovers “deep—perhaps fatal—problems” with the worst-case emissions projection (known as RCP 8.5) that underlies most “business as usual” climate scenarios. He says fellow activists need to revise their “understanding in a less alarmist direction.”\n\nNo kidding, as readers of this column already know, including a column last year about the Trump administration’s effort to correct the U.S. government’s own sorry habit of peddling climate policy with far-fetched worst-case scenarios.\n\nIn reality, the path of emissions most consistent with historical economic, technological and demographic trends is RCP 4.5—the second-best scenario. Notice that it’s a much smaller jump from RCP 4.5 to the best-case scenario of RCP 2.6 than to RCP 8.5, which posits a near collapse of the global economy and a world that burns an implausible six times as much coal as today. Sure enough, the latest data confirm that, outside China, global emissions were flat in 2019 and the world overall remains on track for the second-best scenario.\n\nIt has been said the Israelites needed 40 years in the desert to shuck their captivity mentality. Nearly four decades since climate change became front-page news, perhaps advocates are ready to shuck their failed reliance on hysterical exaggeration, doom-mongering and equating critics to Holocaust deniers.\n\nIt may take five more years, but you probably won’t even notice the debate that eventually spawns a U.S. carbon tax. A carbon tax equivalent to 13 cents per gallon of gasoline would have let Republicans in 2017 realize their fondest tax-reform hopes. Instead, they pushed an unsuccessful “border adjustment” tax and had to pare back their ambitions. They won’t make that mistake again. (Their business supporters won’t let them.)\n\nAnd no, this doesn’t mean victory for the pie-in-the-sky “carbon dividend” plan promoted by certain retired GOP worthies. Their scheme exhibits all the same faux-heroic faults that make the Green New Deal democratically impractical.\n\nWhat about Australia’s and California’s wildfires? Some won’t want to hear it, but climate policy is not a solution for the problems of forest management, especially the need for controlled burns to reduce the fuel build-up that leads to catastrophic conflagrations. Though currently it’s the practice to string up on Twitter anybody who mentions this, some tactless insurance-industry types insist on noting that a large part of the problem is independent of a warming climate.\n\nHappily, the data are encouraging here too. News reporters may be confused by the rising disaster bills seen when more people and buildings are placed in the path of predictable hazards. But as a widely cited study last year pointed out, global mortality and economic loss from natural hazards experienced by the average human being have actually fallen by a factor of five since 1980. Why? Because of the same rising global wealth that activists are starting to understand is also associated with a moderating path of future emissions.",
    "published": "2020-01-22"
  },
  {
    "source": "WSJ",
    "title": "Thoma Bravo-Backed MedeAnalytics Considers Sale",
    "summary": "The health-care focused financial analytics business is working with investment bank Jefferies & Co. to gauge sale prospects",
    "link": "https://www.wsj.com/articles/thoma-bravo-backed-medeanalytics-considers-sale-11579777201?mod=Searchresults_pos12&page=20",
    "content": "MedeAnalytics Inc., a health care-focused financial analysis business backed by Thoma Bravo, is weighing a possible sale and has hired Jefferies & Co. to help shop the company, according to people familiar with the situation. Photo: iStock\n\nHealth care-focused financial analysis business MedeAnalytics Inc. is weighing a possible sale, according to people familiar with the situation.\n\nPrivate equity-backed MedeAnalytics is being marketed to potential buyers based on around $27 million of 2019 earnings before interest, taxes, depreciation and amortization, the people said. Investment bank Jefferies & Co. has been retained to help shop the Richardson, Texas-based company, they added.",
    "published": "2020-01-22"
  },
  {
    "source": "WSJ",
    "title": "Newsletter: Global Economic Tensions Are Here to Stay",
    "summary": "This is the web version of the WSJ’s newsletter on the economy. You can sign up for daily delivery here.",
    "link": "https://www.wsj.com/articles/newsletter-global-economic-tensions-are-here-to-stay-01579693237?mod=Searchresults_pos18&page=17",
    "content": "This is the web version of the WSJ’s newsletter on the economy. You can sign up for daily delivery here.\n\nUnder Pressure\n\nEconomic pressure remains President Trump’s weapon of choice in international disputes. Mr. Trump on Tuesday threatened another trade fight with Europe—just days after reaching an initial trade deal with China, Andrew Restuccia and Greg Ip report.\n\nMr. Trump said he would impose new tariffs on European car imports if the European Union didn’t agree to a new trade agreement.\n\non European car imports if the European Union didn’t agree to a new trade agreement. Treasury Secretary Steven Mnuchin warned that Italy and Britain would face U.S. levies if they proceeded with a tax on American digital giants such as Facebook.\n\nwarned that Italy and Britain would face U.S. levies if they proceeded with a tax on American digital giants such as Facebook. The latest threats could herald months or years of economic tensions. Indeed, even with a phase-one trade deal with China in place, Mr. Mnuchin said a second phase wouldn’t necessarily be a “big bang” that removed all tariffs.\n\ncould herald months or years of economic tensions. Indeed, even with a phase-one trade deal with China in place, Mr. Mnuchin said a second phase wouldn’t necessarily be a “big bang” that removed all tariffs. “We dealt with a lot of important issues in phase one,” said Mr. Mnuchin. “If we get [phase two] done before the election, good. If not, fine. There’s no deadline.”\n\nWHAT TO WATCH TODAY\n\nThe World Economic Forum in Davos, Switzerland, runs from Jan. 21-24. You can follow the WSJ's coverage here.\n\nU.S. existing-home sales for December are expected to rise to an annual pace of 5.43 million from 5.35 million a month earlier. (10 a.m. ET)\n\nThe Bank of Canada releases a policy statement at 10 a.m. ET.\n\nJapan's trade balance for December is out at 6:50 p.m. ET.\n\nTOP STORIES\n\nDon’t Dream It’s Over\n\nPresident Trump touted what he described as a “blue-collar boom” transforming the American economy in a speech to global business and government leaders. Over 30 minutes on Tuesday, Mr. Trump ticked off a list of accomplishments from low unemployment to increases in foreign investment. The campaign-style address appeared aimed as much at a U.S. re-election audience and the 100 senators who will act as jurors in his impeachment trial as at the other heads of state and business executives attending the World Economic Forum in Davos, Andrew Restuccia reports. “The American dream is back, bigger, better and stronger than ever before,” Mr. Trump said.\n\nThe Magic Formula\n\nWant more workers? Offer better wages and benefits than your competitors. New York's Metropolitan Transportation Authority has recently lured away at least 125 officers from the New York Police Department with offers of higher pay and more days off. The state-controlled MTA announced in September that it was hiring 500 officers in large part to tackle homelessness, assaults on transit workers and fare evasion on the subway. Base salaries for MTA officer jobs top out at about $100,000 after seven years, according to the agency. Base salaries for the NYPD top out at roughly $85,000 after 5½ years on the job. MTA officers typically work longer shifts, but have more days off than NYPD officers, Ben Chapman and Paul Berger report.\n\nCountdown: The 2020 census started Tuesday in a remote Alaskan village where the Census Bureau’s director personally enumerated one of the town’s oldest residents. It's the kickoff of a crucial exercise that will determine how the country shares political power, where federal funds land and where many businesses set up shop. One big question: Are there enough people to count the people? The Census Bureau plans to hire half-a-million workers in one of the tightest labor markets on record. Already, the agency has raised pay and boosted advertising. Who is likely to fill the jobs? \"We will likely see a spike in those moving from outside the labor market into the labor market,\" Morgan Stanley economist Ellen Zentner writes. The knock-on effects? More competition for low-wage workers, further accelerating wage growth for low-income earners, a short-lived jump in labor-force participation, and a small increase in the personal-saving rate, which could shore up some household balance sheets, Ms. Zentner says.\n\nCold Comfort\n\nThe frackers have broken the natural-gas market. The price of natural gas typically rises this time of year as temperatures plunge and homeowners dial up their thermostats. Instead, the price of the heating and electricity-generating fuel has dropped to multiyear lows, highlighting how a persistent glut has buffeted energy investors and producers. The shale boom, spurred by horizontal drilling and hydraulic fracturing techniques, transformed the U.S. energy industry and flooded the market with oil and natural gas in recent years. The decline in prices has hit shares of energy companies, raising calls for them to curtail production. But few analysts see signs of the glut abating soon: The U.S. Energy Information Administration predicts dry natural-gas production in the U.S. will rise in 2020, Sarah Toy reports.\n\nWuhan Virus Rattles Markets\n\nA newly identified virus originating in central China is spreading. Nine people have died in China from the coronavirus, which causes pneumonia, and the number of confirmed cases now exceeds 400. In the U.S., a man in Washington state has been diagnosed with the country's first confirmed case. Economists are likening the virus to 2003's outbreak of SARS, or severe acute respiratory syndrome, which killed hundreds of people in southern China in 2002-03.\n\nImpact on China: \"We think the economic impact from the virus is likely to be transitory, with the effects felt more in transportation and retail sales.\" —Jian Chang, Barclays\n\nImpact on U.S.: \"Even if this first isolated case of the Wuhan virus in the U.S. develops into a full-scale epidemic, which is unlikely, we wouldn't expect it to have a significant negative impact on economic activity.\" —Paul Ashworth, Capital Economics\n\nThe latest: Global stocks edged up on Wednesday as investors cheered Chinese authorities’ measures to contain the outbreak.\n\nWHAT ELSE WE’RE READING\n\nA higher minimum wage does more than boost incomes. \"Minimum wage increases appear to reduce the suicide rate among those with a high school education or less, and may reduce disparities between socioeconomic groups. Effects appear greatest during periods of high unemployment,\" Emory University's John Kaufman and co-authors write in the Journal of Epidemiology & Community Health.\n\nSIGN UP FOR OUR CALENDAR\n\nReal Time Economics has launched a downloadable calendar with concise previews, forecasts and analysis of major U.S. data releases. To add to your calendar, please click here.",
    "published": "2020-01-22"
  },
  {
    "source": "WSJ",
    "title": "Trump’s Pyrrhic Trade Victories",
    "summary": "In search of easy wins, the U.S. is throwing away its best cards: fairness and the rule of law.",
    "link": "https://www.wsj.com/articles/trumps-pyrrhic-trade-victories-11579651704?mod=Searchresults_pos4&page=1",
    "content": "Historians will puzzle over this turn of events: A Republican U.S. president endorses central planning for trade, while a communist government in China cautions, in its trade deal with the U.S., that international commerce must reflect “market conditions.” The American president boasts about raising import taxes on Americans and restricting immigration, while the Chinese lower trade barriers, encourage foreign investment and rely more on open-source software.\n\nThe administration’s “phase one” deal with China commits the government in Beijing to prescribe amounts of purchases of U.S. agricultural and manufacturing goods, which only magnifies the Communist Party’s role in the economy. The deal permits each side to use its own statistics, so China will likely “meet” some quotas by reclassifying U.S. exports to Hong Kong that middlemen sell to the mainland. Beijing will redirect commodity purchases—fuels, food, chemicals—but other importers will shift from U.S. producers to third countries. Mr. Trump is paying a price to manipulate the bilateral trade balance, and it won’t affect America’s overall trade deficit. The numbers will likely conflict, leading to more fights—after the election.\n\nMr. Trump’s protectionism is certainly expensive. His new tariffs will cover almost two-thirds of U.S. imports from China, with an average tax of almost 20%, compared with 3% before. China’s retaliatory tariffs hit almost 60% of U.S. exports, with an average rate of 20.5%, up from 8% before the current administration. And remember Mr. Trump has had to pay about $25 billion to compensate farmers hurt by his trade war. Farmers suffered a 24% surge in bankruptcies in 2019, and the U.S. lost about a percentage point of growth (another $200 billion), according to a Federal Reserve study.\n\nThe president’s China tally is part of his belief in command economics for trade and investment. New administration directives are also adding controls on exports, supply chains and foreign investment. Mr. Trump personally badgers companies not to invest abroad when he is displeased. The U.S. needs security checks, but he has wielded national security indiscriminately as a club to bludgeon allies. Companies will have to pay political favors to placate regulators.\n\nMr. Trump’s mercantilism represents a fundamental break from America’s historical ambition, and a departure from the view that trade is an exchange that is good for both parties. The Treaty Plan of 1776, drafted by John Adams and backed by Ben Franklin and Thomas Jefferson , sought to free private parties from state directions to create a “perfect liberty” for commerce.\n\nThe Founders didn’t view trade solely as an economic efficiency. Adams declared in 1785 that he wanted “a Reformation, a kind of Protestantism in the Commercial System of the World.” In contrast, the Smoot-Hawley tariff in the 1930s and U.S. controls in the Great Depression did manage to achieve a global trade surplus—and 25% unemployment.\n\nU.S. Trade Representative Robert Lighthizer began the negotiations by pushing for modern trade rules, but he failed to build an international coalition to work with Chinese reformers and largely abandoned rules for Mr. Trump’s purchase pledges. As China has recognized its own need to protect intellectual-property rights and added special courts that have ruled for foreigners, the priority should be to increase penalties. China agreed in 2001 not to force technology transfers, but companies have been reluctant to share evidence. The best fix would be to block requirements for joint ventures that lead to violations.\n\nAmerican trade agreements with other countries impose rules that compel state enterprises to compete like private firms or risk penalties. The U.S. could have tried to test whether President Xi Jinping would back up his promises for “Belt and Road” projects—anticorruption, open procurement, environmental and debt standards—with commitments backed by neutral dispute settlement. The most important challenges ahead deal with new technologies, data and combining innovation with security; Mr. Trump’s deal ducks those issues.\n\nThe president demands managed trade with everyone. His pact with South Korea restricted steel imports, revived truck tariffs, and inserted a quota for U.S. auto sales. The good news is that after 25 years of integration, North Americans stopped Mr. Trump’s dismantlement of the trade agreement with Canada and Mexico. Nevertheless, his revision adds costs that will make North American cars more expensive. When Ronald Reagan launched his presidential campaign in 1979, he foresaw that “the key to our own future security may lie in both Mexico and Canada becoming much stronger countries. . . . It is time that we stopped thinking of our nearest neighbors as foreigners.” Mr. Trump could not disagree more.\n\nAmerica throws away its best cards whenever it surrenders its commitment to open, fair rules—backed by and enforced with allies. These are also the principles that underpin U.S. security interests, such as freedom of the seas and maritime rights in the South China Sea. For more than 70 years, U.S. security partnerships have depended on mutual benefits—backed by a combination of American self-interest and idealism—not on bludgeoning others with demands for tribute.\n\nThe liberties of 1776 and the freedoms to which Americans have aspired are the country’s most vital strengths for competition with China. Events in Hong Kong, Taiwan, and Xinjiang illustrate the appeal of systems based on the rule of law, openness, and limits on government’s power. The U.S. should raise the standards of liberty and law whether the contest is over politics, economics, security—or trade and investment.\n\nMr. Zoellick is a former World Bank president, U.S. trade representative and deputy secretary of state.\n\nOn Jan. 15, 2019, the phase-one trade deal was signed between the U.S. and China. However, the economic and political competition between the two countries shows no signs of slowing down. Image: Zach Gibson/Bloomberg News",
    "published": "2020-01-22"
  },
  {
    "source": "WSJ",
    "title": "The Force Is Strong Inside This L.A. Mansion With Star Wars-Theme Basement",
    "summary": "Listed for $26.5 million, the property has a 5,000-square-foot basement with a massive collection of replica space vehicles and life-size figures from the epic science-fiction movies",
    "link": "https://www.wsj.com/articles/the-force-is-strong-inside-this-l-a-mansion-with-star-wars-themed-basement-11579719948?mod=Searchresults_pos19&page=9",
    "content": "In a celebrity-studded enclave of Los Angeles, a mansion asking $26.5 million comes with an amenity inspired by a galaxy far, far away: a roughly 5,000-square-foot Star Wars-theme basement.\n\nThe entertainment complex-cum-basement is configured as a museum, according to listing agents Arvin Haddad , Emil Hartoonian and Mauricio Umansky of The Agency. It contains literally hundreds of one-of-a-kind commissions by numerous artists and prop-makers, including replicas of various Star Wars space vehicles, more than 40 life-size figures and a number of cartoonish tableaus from the movies.\n\nThe basement is entered through the elevator on the right. On the left, a figure of a Tusken Raider is brandishing a weapon known as a gaffi stick, while on the right is a figure of a Jawa, a scavenger of the desert. The wall mural depicting Tatooine was painted by an artist who specializes in Star Wars imagery. The Agency A circular display case in the center of the basement contains about 30 mostly custom helmets for clone and stormtroopers, while the vehicle to the left is a custom replica of a speeder bike from “Return of the Jedi.” The Agency A replica of an X-Wing fighter; it is about a sixth of the size of the one in the movie. The figures to the left are bounty hunters from \"Episode V\" and, through the glass doors to the left, there is a depiction of Han Solo frozen in carbonite. The Agency For the cantina scene, Greedo is depicted with a pistol in the far right corner; the other two figures are extras from the scene, a Bith musician from the cantina’s band on the left and Zutton, or “Snaggletooth,” on the right drinking a Corona beer. Custom copper piping and tubing make the space more industrial, while the glass geometric tiles on the front of the bar harken back to the style of the rest of the house. The Agency To the rear of the theater, there is a tableau from “The Empire Strikes Back,” in which there is a second figure of a Han Solo frozen in carbonite. It also includes Chewbacca carrying an injured C-3PO and bounty hunter Boba Fett pointing a gun. The theater was designed in a blue and orange hue reminiscent of the scene, and the center light changes color at the touch of a button. The Agency\n\nThe vast majority of the pieces depict characters or objects from Episodes I through VI, prior to Disney’s Star Wars takeover, and many pieces are custom-built replicas, rather than props used in the films.\n\nIt is likely one of the more impressive private collections in the world, said Marc Airey , a U.K.-based vintage toy expert and Star Wars podcaster who viewed photos of the property. “I’m gobsmacked by it.”\n\nThe entrance to the basement, which can be accessed by elevator, was designed to make guests feel like they emerging from a cave and onto the desert planet Tatooine, depicted in the series. A mural depicts the desert, while life-size figures represent its inhabitants.\n\nThe area around the bar is designed as a tableau from the well-known cantina scene from “Episode IV.” Life-size figures represent characters in the scene in which Harrison Ford ’s Han Solo is confronted by bounty hunter Greedo, sent by Jabba the Hutt. The bar’s shady alien denizens from the movie are on hand.\n\nAdvertisement\n\nThe ceiling of the movie theater resembles the view from the cockpit of a TIE Fighter, a starship. Decorative tiles on the wall were made using 14 custom molds, and are an accurate representation of the surface of the Death Star, according to the agents.\n\nA Los Angeles Fun House This Hidden Hills, Calif., property comes with lots of toys, including an indoor-outdoor pool and an observatory. 1 of 9 The Hidden Hills, Calif., home has a ‘Frank Lloyd Wright-meets-Mondrian’ style, according to the listing agents. The Agency 1 of 9 The Hidden Hills, Calif., home has a ‘Frank Lloyd Wright-meets-Mondrian’ style, according to the listing agents. The Agency 1\n\n2\n\n3\n\n4\n\n5\n\n6\n\n7\n\n8\n\n9\n\nA replica of an X-Wing fighter, a starfighter used by the Rebel Alliance against the Galactic Empire, hangs over the lounge area of the basement. In the cockpit sit figures of Luke Skywalker and R2-D2.\n\nThe basement’s designer was required to watch the movie series in preparation for the project, while a professional prop team assembled each mannequin on a gurney, setting them on custom, museum-quality bases. Glass display cases were built to house the owner’s massive collection of Star Wars action figures, which number in the hundreds.\n\nThe owner preferred replicas to props from the films, which often don’t have the same display level of finish, the agents said. While replicas don’t typically trade for as much as props, a one-of-a-kind commission can also command a big price, Mr. Airey said. He estimated a piece like the X-Wing would sell in the tens of thousands if auctioned. Full collections of Star Wars action figures also trade for tens of thousands of dollars.\n\nAdvertisement\n\nMuch of the collection could be sold with the house for an additional and undisclosed sum, though the owner, a semiretired investor, will hang on to a few sentimental items, according to the listing agents.\n\nA snowtrooper stands guard at the bottom of a set of stairs leading to the home’s family room. As guests walk up the stairs, each step lights up one-by-one. To the right of the stairs is the “bad guy corner,” featuring a custom-made red imperial shock trooper from \"Episode III.\" In the display cases next to him are busts of Darth Vader and other collectibles of characters like Jabba the Hutt. There is also a custom Star Wars arcade game. The Agency A lobby area off the lounge features a variety of figures. Clockwise, they include a mini Jawa with a Gonk Droid; comic book character Darth Talon; A light-saber toting Darth Maul, the villain from \"Episode I;\" a miniature Darth Vader and a battle droid. In the center of the lobby, clone trooper helmets are displayed in cases. The Agency A room of wall-to-wall collectable Star Wars action figures, comprising several full collections. Standing guard are Darth Vader, two stormtroopers and, in crimson, a member of the Emperor’s Royal Guard. The Agency R2-D2 and his sidekick C-3PO stand side by side at the entrance to the basement’s movie theater. The unusual wall panels behind them were designed to replicate similar ones in a hallway from the opening sequence of \"Episode IV.\" To the right, there is a concession area featuring the owner’s collection of giant Star Wars PEZ dispensers. The Agency\n\nThe basement was designed to blend in with the rest of the 18,200-square-foot contemporary Craftsman-style home, which was completed around 2013, the agents said. The house also includes a music studio, a gym, a tennis court, a safe room, a 750-gallon aquarium and an indoor-and-outdoor pool and spa area with a grotto, waterslide and waterfall. There is also an observatory on the 3-acre grounds, which houses a 14-inch reflector telescope that rivals Griffith Observatory in resolving power, the agents said.\n\nHidden Hills has been home to celebrities such as the Kardashians, The Wall Street Journal has reported. Mr. Haddad said the listing was one of the highest priced in the history of the area and called the basement “a differentiating factor.”\n\nWrite to Katherine Clarke at katherine.clarke@wsj.com",
    "published": "2020-01-22"
  },
  {
    "source": "WSJ",
    "title": "Trump’s Pyrrhic Trade Victories",
    "summary": "In search of easy wins, the U.S. is throwing away its best cards: fairness and the rule of law.",
    "link": "https://www.wsj.com/articles/trumps-pyrrhic-trade-victories-11579651704?mod=Searchresults_pos7&page=7",
    "content": "Historians will puzzle over this turn of events: A Republican U.S. president endorses central planning for trade, while a communist government in China cautions, in its trade deal with the U.S., that international commerce must reflect “market conditions.” The American president boasts about raising import taxes on Americans and restricting immigration, while the Chinese lower trade barriers, encourage foreign investment and rely more on open-source software.\n\nThe administration’s “phase one” deal with China commits the government in Beijing to prescribe amounts of purchases of U.S. agricultural and manufacturing goods, which only magnifies the Communist Party’s role in the economy. The deal permits each side to use its own statistics, so China will likely “meet” some quotas by reclassifying U.S. exports to Hong Kong that middlemen sell to the mainland. Beijing will redirect commodity purchases—fuels, food, chemicals—but other importers will shift from U.S. producers to third countries. Mr. Trump is paying a price to manipulate the bilateral trade balance, and it won’t affect America’s overall trade deficit. The numbers will likely conflict, leading to more fights—after the election.\n\nMr. Trump’s protectionism is certainly expensive. His new tariffs will cover almost two-thirds of U.S. imports from China, with an average tax of almost 20%, compared with 3% before. China’s retaliatory tariffs hit almost 60% of U.S. exports, with an average rate of 20.5%, up from 8% before the current administration. And remember Mr. Trump has had to pay about $25 billion to compensate farmers hurt by his trade war. Farmers suffered a 24% surge in bankruptcies in 2019, and the U.S. lost about a percentage point of growth (another $200 billion), according to a Federal Reserve study.\n\nThe president’s China tally is part of his belief in command economics for trade and investment. New administration directives are also adding controls on exports, supply chains and foreign investment. Mr. Trump personally badgers companies not to invest abroad when he is displeased. The U.S. needs security checks, but he has wielded national security indiscriminately as a club to bludgeon allies. Companies will have to pay political favors to placate regulators.\n\nMr. Trump’s mercantilism represents a fundamental break from America’s historical ambition, and a departure from the view that trade is an exchange that is good for both parties. The Treaty Plan of 1776, drafted by John Adams and backed by Ben Franklin and Thomas Jefferson , sought to free private parties from state directions to create a “perfect liberty” for commerce.\n\nThe Founders didn’t view trade solely as an economic efficiency. Adams declared in 1785 that he wanted “a Reformation, a kind of Protestantism in the Commercial System of the World.” In contrast, the Smoot-Hawley tariff in the 1930s and U.S. controls in the Great Depression did manage to achieve a global trade surplus—and 25% unemployment.\n\nU.S. Trade Representative Robert Lighthizer began the negotiations by pushing for modern trade rules, but he failed to build an international coalition to work with Chinese reformers and largely abandoned rules for Mr. Trump’s purchase pledges. As China has recognized its own need to protect intellectual-property rights and added special courts that have ruled for foreigners, the priority should be to increase penalties. China agreed in 2001 not to force technology transfers, but companies have been reluctant to share evidence. The best fix would be to block requirements for joint ventures that lead to violations.\n\nAmerican trade agreements with other countries impose rules that compel state enterprises to compete like private firms or risk penalties. The U.S. could have tried to test whether President Xi Jinping would back up his promises for “Belt and Road” projects—anticorruption, open procurement, environmental and debt standards—with commitments backed by neutral dispute settlement. The most important challenges ahead deal with new technologies, data and combining innovation with security; Mr. Trump’s deal ducks those issues.\n\nThe president demands managed trade with everyone. His pact with South Korea restricted steel imports, revived truck tariffs, and inserted a quota for U.S. auto sales. The good news is that after 25 years of integration, North Americans stopped Mr. Trump’s dismantlement of the trade agreement with Canada and Mexico. Nevertheless, his revision adds costs that will make North American cars more expensive. When Ronald Reagan launched his presidential campaign in 1979, he foresaw that “the key to our own future security may lie in both Mexico and Canada becoming much stronger countries. . . . It is time that we stopped thinking of our nearest neighbors as foreigners.” Mr. Trump could not disagree more.\n\nAmerica throws away its best cards whenever it surrenders its commitment to open, fair rules—backed by and enforced with allies. These are also the principles that underpin U.S. security interests, such as freedom of the seas and maritime rights in the South China Sea. For more than 70 years, U.S. security partnerships have depended on mutual benefits—backed by a combination of American self-interest and idealism—not on bludgeoning others with demands for tribute.\n\nThe liberties of 1776 and the freedoms to which Americans have aspired are the country’s most vital strengths for competition with China. Events in Hong Kong, Taiwan, and Xinjiang illustrate the appeal of systems based on the rule of law, openness, and limits on government’s power. The U.S. should raise the standards of liberty and law whether the contest is over politics, economics, security—or trade and investment.\n\nMr. Zoellick is a former World Bank president, U.S. trade representative and deputy secretary of state.\n\nOn Jan. 15, 2019, the phase-one trade deal was signed between the U.S. and China. However, the economic and political competition between the two countries shows no signs of slowing down. Image: Zach Gibson/Bloomberg News",
    "published": "2020-01-22"
  },
  {
    "source": "WSJ",
    "title": "European High-Yield Bond Rally May Be Over-Hyped",
    "summary": "Speculative-grade corporate bonds see bullish start to 2020",
    "link": "https://www.wsj.com/articles/european-high-yield-bond-rally-may-be-over-hyped-11579687754?mod=Searchresults_pos17&page=8",
    "content": "Spanish bridge and railway builders topped few lists for winning bets at the start of 2020, but speculative-grade bonds in two such companies have jumped in price this year.\n\nBonds of construction company Grupo Aldesa SA, which were trading at less than 55% of face value on Dec. 27, hit 96.1% by Tuesday’s close, after China Railway Construction Corp. 601186 0.51 %increase; green up pointing triangle agreed to invest €250 million ($277 million) in the struggling Spanish firm. Its peer, Obrascón Huarte Lain SA, saw the price of one of its bonds climb to about 80% of face value by the end of Tuesday, from less than 70%.\n\nThe two companies are extreme examples of the rally in risky European corporate bonds—mirroring the advance in U.S. high-yield debt—since the start of December.\n\nOther European corporate bonds that have rallied include debt from Telecom Italia SpA, as well as some subordinated debt from the long-troubled Italian bank Banca Monte dei Paschi di Siena BMPS 0.69 %increase; green up pointing triangle SpA.\n\nInvestors globally have jumped back into a range of risky and volatile assets in the past few weeks, including leveraged loans, stocks like Tesla Inc. and commodities such as copper. This suggests a rush for returns at the start of a year when many expect little change in economic growth or central-bank policies and less political uncertainty after the U.S. and China sealed a basic initial trade pact.\n\nEuropean high-yield, or junk, bonds were forecast by many analysts and investors to be a strong performer for 2020. However, the sharp gains in recent weeks are prompting speculation that there may be too much hype in the European junk-bond market and that the performance expected for the year may be done before January ends.\n\n“It makes me think that a lot of this rally is quite speculative,” said Tomas Hirst , European credit strategist at research firm CreditSights. “Some high-yield bonds are trading on rumor or hope, rather than a real shift in sentiment.”\n\nEasier monetary policy in the U.S. and Europe didn’t generate the same kind of boost to high-yield bonds in 2019 as it did to safer bonds and equities. And risks remain high for many overly indebted companies: Their financial performance isn’t improving and economic growth isn’t expected to rebound significantly in 2020.\n\nStill, the European Central Bank’s resumption of its bond-buying program, which includes investment-grade corporate debt, is pushing investors to move funds into riskier assets and creating an important drip-down effect, according to Marc Kemp , fund manager at BlueBay Asset Management.\n\n“The rally since late December has taken some of the shine out,” Mr. Kemp said. But the ICE BofA Euro High Yield Index may still tighten by another 0.2 to 0.3 percentage point to below the “psychologically important” 3% level, he said.\n\nInvestors face a quandary because the rally has already been strong. The extra yield on top of government bonds that investors demand to own high-yield debt, known as the spread, has fallen since early December.\n\nSHARE YOUR THOUGHTS Which asset class would you keep an eye on in Europe? Why? Join the conversation below.\n\nNewsletter Sign-up Markets A.M. Let the WSJ's own Spencer Jakab prepare you for the trading day ahead, with expert insight into the companies and industries set to move markets. Preview Subscribed\n\nThe ICE BofA Euro High Yield Index spread dropped to 3.05 percentage points by Tuesday’s close, from 3.55 points. The U.S. equivalent index went to 3.47 from 4.14 in the same period.\n\nThat drop in European spreads is all the moves that Daniel Lamy , credit strategist at JPMorgan Chase, had forecast for the end of 2020.\n\n“It is hard to see the current macro backdrop leading to more spread tightening,” Mr. Lamy said. “However, there is still a lot of investor demand for credit exposure and central banks are not likely to tighten policy this year.”\n\nSpreads are still above the record lows of less than 2.3 points set in October 2017. But euro-area growth was stronger then and a trade war with the U.S. wasn’t on the table, Mr. Lamy said.\n\nOther investors think there could be further to go.\n\nSimon White , managing editor of research firm Variant Perception, expects spreads for both U.S. and European speculative-grade bonds to move slightly higher this year, although not as much as for investment-grade bonds.\n\n“There are clear signs that the credit cycle is maturing,” Mr. White said.\n\nWhat generates negative yields and why do investors continue to buy these money-losing bonds?\n\n“The fact is that investors are looking through the fundamentals, but central banks remain willing to support markets,” he said.\n\nWrite to Paul J. Davies at paul.davies@wsj.com",
    "published": "2020-01-22"
  }
]