[
  {
    "source": "WSJ",
    "title": "Home Depot’s Quarterly Profit Rises",
    "summary": "Retailer’s finance chief says the economy is strong and the U.S. consumer is ‘healthy’",
    "link": "https://www.wsj.com/articles/home-depots-quarterly-profit-rises-11582631034?mod=Searchresults_pos16&page=8",
    "content": "Home Depot said it’s still too early to tell whether the coronavirus outbreak will have a significant effect on its financial performance.\n\nHome Depot Inc. HD 0.06 %increase; green up pointing triangle posted higher profit for its latest quarter, a sign of health for the U.S. economy following lackluster sales reports from other retailers in recent weeks.\n\nIts finance chief also said the company is adequately stocked for the current period despite the effect the coronavirus epidemic is having on global supply chains\n\n“We feel good about where we stand with respect to product for the first quarter,” Richard McPhail said in an interview.\n\nHe said Home Depot sources 30% of its products from other countries, mostly from China, but that it is still too early to determine whether supply-chain disruptions would materially affect the company’s financial performance.\n\nThe home-improvement retailer on Tuesday reported net income of $2.48 billion, or $2.28 a share, for its fiscal fourth quarter, which ended Feb. 2. Analysts polled by FactSet had expected $2.10 a share. Profit in the year-earlier period was $2.34 billion, or $2.09 a share.\n\nHome Depot said sales for the latest period declined 2.7% to $25.78 billion, roughly in line with analysts’ expectations. The Atlanta-based company said the extra week of operations in the year-earlier period contributed about $1.7 billion in sales.\n\nSales at physical and online outlets that had been open for more than a year rose 5.2% for the period, ahead of the 4.7% rise analysts were expecting. The company had missed same-store-sales expectations for the previous four quarters, according to FactSet.\n\nOn one less week, the number of customer transactions fell 6.4% from a year earlier, but the average amount each customer spent rose 4.1% and sales per retail square foot rose 2.8%. Operating expenses fell 5.6% to $5.33 billion for the quarter.\n\nHome Depot shares, which have risen about 24% in the past year, were off less than 1% Tuesday, while the Dow Jones Industrial Average slumped for a second day in a row on mounting fears over the epidemic’s spread outside of China.\n\nHome Depot’s domestic business remains resilient to risks such as coronavirus and the trade war, and customers in coming months could shift their discretionary spending to home improvement from travel plans, especially outside the U.S., CFRA Research analyst Kenneth Leon said in a note to clients.\n\nDuring its latest quarter, Home Depot saw some benefit from refunds on tariffs imposed on certain Chinese goods that were subsequently exempted, Ted Decker, the executive vice president of merchandising, said on a call with analysts. He said luxury vinyl plank flooring was a major Home Depot category that had been subject to tariffs.\n\nHome Depot affirmed its financial outlook for the current fiscal year. It expects per-share earnings to grow about 2% to $10.45 on same-store-sales growth of about 3.5% to 4%. It also raised its quarterly dividend by 10% to $1.50 a share.\n\nThe company, which operates about 2,300 stores, expects to open six new stores during the year.\n\nMr. McPhail said on the analyst call that the guidance assumes the U.S. economy will grow slightly less than 2% this year and a boost to demand from rising home prices and housing turnover.\n\n“The economy is strong, and the U.S. consumer is healthy,” Mr. McPhail said.\n\nAverage home prices in major U.S. metropolitan areas rose 3.8% in 2019, accelerating from an annualized increase of 3.5% the prior month and 3.3% in October, according to the S&P CoreLogic Case-Shiller National Home Price Index. The pace marks a full eight years of price increases in homes for sale.\n\n“Home-improvement sales will benefit from low rates on mortgages and home-equity loans, rising home prices, and a growing market in 2020 home sales,” Mr. Leon said.\n\nWrite to Dave Sebastian at dave.sebastian@wsj.com",
    "published": "2020-02-25"
  },
  {
    "source": "WSJ",
    "title": "Port of Los Angeles Sees Coronavirus Impact Sharply Reducing Imports",
    "summary": "Shipping companies have canceled a quarter of sailings to the port as the impact of the outbreak in China affects business operations across the Pacific",
    "link": "https://www.wsj.com/articles/port-of-los-angeles-sees-coronavirus-impact-sharply-reducing-imports-11582648931?mod=Searchresults_pos1&page=15",
    "content": "The largest U.S. gateway for seaborne imports from China is projecting a 25% drop in container volumes this month as the economic impact of the coronavirus spreads across shipping operations far from the outbreak.\n\nContainer ship operators have canceled 40 sailings at the Port of Los Angeles between Feb. 11 and April 1, mostly for vessels coming from China, port Executive Director Gene Seroka said in an interview. That amounts to a little more than one-quarter of the overall number of ships that would typically call at the port during that time, he said.\n\nNewsletter Sign-up The Logistics Report Top news and in-depth analysis on the world of logistics, from supply chain to transport and technology. Preview Subscribe\n\nAs Chinese business shutdowns extended past the traditional Lunar New Year holiday into February, and workers stayed home from factories and ports, “it became pretty clear…that we were looking at something much bigger than maybe some had thought,” Mr. Seroka said.\n\n“The first quarter of this year I project that we’re going to be down 15% year-over-year, with a heavy bit of that related to the coronavirus,” he said. The decline has accelerated, he said, with February cargo volumes expected to be down 25% from the same month a year as the epidemic’s impact ripples through supply chains.\n\nLos Angeles handled the equivalent of more than 705,000 containers last February, so the projected decline would mean about 176,000 fewer containers moving through the port this month. About 9.3 million boxes passed through the port in 2019.\n\nShipping volumes out of China have plunged as the shutdowns in the wake of the outbreak crimp industrial production, with ocean carriers warning that canceled trips will take a toll on earnings. A.P. Moeller-Maersk A/S, the world’s biggest containership operator, has canceled more than 50 sailings from China to the rest of the world since late January.\n\nThe volume of loaded containers arriving at the neighboring ports of Los Angeles and Long Beach, which together handle nearly 38% of U.S. container imports, fell 3.9% in January from the year before. Measures aimed at containing the spread of the virus have contributed to logistics bottlenecks, according to Resilience360, which monitors risk and disruptions across supply chains.\n\n“Yard congestion has also built up at ports across China due to the lack of port workers and truck drivers picking up containers from the ports,“ the organization said in a Feb. 13 report. “In Shanghai, only about half of the staff that usually load and unload cargo was reportedly back to work on February 10.”\n\nThe steep drop-off in trans-Pacific container volumes at the Port of Los Angeles means that empty containers are piling up and a backlog of exports is building. As manufacturing operations in China kick back up and cargo shipments resume, “it’s going to be kind of a big pendulum swing,” Mr. Seroka said.\n\nThe U.S. Coast Guard said earlier this month that cargo ships will be allowed into U.S. ports even if they have been to China within the previous 14 days as long as they have no sick crew members. But crew members would have to remain on their vessel “except to conduct specific activities directly related to vessel cargo or provisioning operations.”\n\nThe Coast Guard said it would bar passenger vessels or ships carrying passengers that have been in mainland China within 14 days from entering U.S. ports. Under the order, passenger ships arriving that had stopped in China will be allowed to enter the U.S. if it has been more than 14 days since any passengers have been in China and if all passengers are symptom free.\n\nCoronavirus and trade tensions are testing the stability of global supply chains. While that’s pushed some businesses to consider loosening their ties with China, WSJ explains why leaving the “factory of the world” is easier said than done. Photo: China Daily via Reuters\n\nWrite to Jennifer Smith at jennifer.smith@wsj.com",
    "published": "2020-02-25"
  },
  {
    "source": "WSJ",
    "title": "Macy’s Says Coronavirus Slows Tourist Spending, Chinese Suppliers",
    "summary": "CEO says ‘nothing to be concerned’ about impact on business; leaves 2020 targets unchanged",
    "link": "https://www.wsj.com/articles/macys-reports-profit-sales-decline-11582635054?mod=Searchresults_pos15&page=11",
    "content": "Macy's is ramping up its restructuring efforts to combat lackluster growth and profits.\n\nMacy’s Inc. M -0.50 %decrease; red down pointing triangle chief Jeff Gennette said the retailer was seeing a slight slowdown in sales as a result of the coronavirus due to fewer U.S. visits from Asian tourists, but it was too soon to know how significant an impact the disease would have on consumers or suppliers.\n\n“We have about 70 stores that have a strong Asian customer base,” Mr. Gennette said on a conference call Tuesday to discuss quarterly results. “We’ve seen some slowdown in sales in these stores this month. Nothing to be concerned about yet, but we believe that this is unfolding.”\n\nHe said the department store operator, which makes less than 50% of its private label goods in China, has also experienced a slowdown of products coming out of China. “Nothing concerning yet, and we’re watching this one very, very carefully,” Mr. Gennette said.\n\nMacy’s has reopened its Hong Kong offices and is working closely with its partners to manage production levels, finished goods and fabric supplies, Mr. Gennette said. He said planned U.S. tariffs last year on Chinese imports had helped prepare the company for supply chain disruptions. “We’re watching this. It’s an evolving situation.”\n\nExecutives said they haven’t factored any impact from the coronavirus into the company’s targets for the current fiscal year, saying it was too soon to gauge. Some U.S. companies, including Apple Inc. and Nike Inc., have warned disruptions at Chinese factories will likely hurt their financial results.\n\nOn Tuesday, Macy’s said sales and profit declined in its latest quarter, but the retailer’s overall financial results were in line with its postholiday estimates.\n\nEarlier this month, the company said it planned to close 125 department stores over three years and cut about 2,000 corporate jobs to combat lackluster growth and profits.\n\nThe company on Tuesday reported its profit fell about 55% to $340 million and revenue slipped to $8.34 billion for the quarter ended Feb. 1, compared with $8.46 billion a year earlier.\n\nShares of Macy’s slipped 2.9% in Tuesday morning trading, part of a broader market decline.\n\nMacy’s has struggled for years as shoppers have migrated to purchasing more goods online and from chains such as T.J. Maxx, which have cultivated customers with discounted merchandise.\n\nTo address these challenges, Macy’s has raised spending on e-commerce efforts and closed locations in weaker-performing malls. It has fixed up 150 of its best locations since 2018 and plans upgrades at more stores this year.\n\nMacy’s said Tuesday it expects the efforts to cost $400 million to $420 million.\n\nFor its 2020 fiscal year, Macy’s expects to generate at least $23.6 billion in net sales and earn an adjusted profit of at least $2.20 a share.\n\nThe so-called \"retail apocalypse\" is more of a transformation. WSJ news editor Lee Hawkins reports. Photo illustration: Emily B. Hager/The Wall Street Journal\n\nWrite to Suzanne Kapner at Suzanne.Kapner@wsj.com and Micah Maidenberg at micah.maidenberg@wsj.com",
    "published": "2020-02-25"
  },
  {
    "source": "WSJ",
    "title": "Oh Come on, Oh Come On, Mayor Emanuel",
    "summary": "Rahm Emanuel is right, the slogan was great. But when people dig into the plans of even the moderates, they will see massive tax increases on working-class citizens to pay for all that free lunch.",
    "link": "https://www.wsj.com/articles/oh-come-on-oh-come-on-mayor-emanuel-11582671368?mod=Searchresults_pos20&page=13",
    "content": "Bernie Sanders and Joe Biden at the Democratic debate in Las Vegas, Feb. 19. Photo: mike blake/Reuters\n\nRahm Emanuel ’s “Bernie Sanders, Insider” (op-ed, Feb. 21) makes a passing reference to Michigan’s Gov. Gretchen Whitmer ’s promise to “fix the damn roads” as an example to which Democrats calling themselves moderates should aspire. But that catchphrase hid the truth about Gov. Whitmer and, similarly, the so-called moderate Democrats’ plans. After averring in a debate that the suggestion that she would need to raise gas taxes by $0.20 a gallon was “ridiculous,” she proposed in her first budget an increase of $0.45 a gallon. To attempt to get her way, she line-item vetoed a budget passed in the legislature with broad bipartisan support, eliminating funding for veterans, autistic children and school children. She admitted, even, that much of her new tax to fix those roads wasn’t for fixing or even for roads. Mr. Emanuel is right, the slogan was great. But when people dig into the plans of even the moderates, they will see massive tax increases on working-class citizens to pay for all that free lunch. One hopes that Michigan voters in 2020 don’t make the same mistake as in 2018.\n\nMatthew J. Wilk",
    "published": "2020-02-25"
  },
  {
    "source": "WSJ",
    "title": "New Jersey Governor’s Budget Would Boost Aid for Schools, Pensions, Rails",
    "summary": "Phil Murphy’s $40.8 billion proposal includes compromise to edge him closer to a millionaires tax",
    "link": "https://www.wsj.com/articles/new-jersey-governor-to-propose-over-300-million-spending-boost-for-schools-11582635931?mod=Searchresults_pos6&page=9",
    "content": "New Jersey Gov. Phil Murphy called for pumping more money into education, mass transit and the state’s beleaguered pension system in a $40.8 billion budget proposal.\n\nMr. Murphy’s budget plan, a 2.2% increase from the prior year, calls for boosting K-12 spending by $337 million dollars and pre-K services by $83 million. It adds $132 million to NJ Transit, allowing the commuter rail service to avoid raising fees this year.\n\nThe Democrat’s pitch also might have made a breakthrough in his mission to raise taxes from about 9% to 11% for people with incomes above $1 million, his signature campaign pledge that he has pursued unsuccessfully since he came into office in 2018.\n\nIn his first two years, he ran into opposition from fellow Democrats, Senate President Steve Sweeney and Assembly Speaker Craig Coughlin . But Mr. Sweeney has recently changed course, saying for the first time he would support raising taxes on millionaires if the governor increased pension payments by $1 billion. If enacted, the higher tax rates on high earners would raise an estimated $494 million.\n\n“I thank the Senate president and welcome his willingness to embrace a millionaire’s tax in this budget,” Mr. Murphy told lawmakers Tuesday. “When we have tax fairness, we can continue our historic investments in our pension systems and in our middle-class families.”\n\nA millionaires tax still isn’t a done deal. Mr. Coughlin isn’t on board with this compromise on raising income-tax rates.\n\n“I remain cautious of increasing broad-based taxes,” Mr. Coughlin said. He also isn’t backing Mr. Sweeney’s proposal to raise taxes on corporations to create a dedicated funding stream for NJ Transit.\n\nRepublicans also remained opposed. “If the governor continues driving taxes higher and shunning reforms proposed by the Legislature to cut the cost of government, we’re going to see a continued exodus from New Jersey,” said Senate Republican Leader Tom Kean Jr.\n\nDemocrats control both chambers in the statehouse. Legislative leaders will now develop their own spending plans and then begin negotiating a deal with the governor.\n\nThe governor’s budget would raise pension payments by $523 million over the previous year, to $4.6 billion—the state’s largest to date. The contribution would still fall 20% short of the state’s goal to make full payments.\n\nMr. Sweeney wants an additional $1 billion on top of what Mr. Murphy proposed paid to the pension system in exchange for supporting the millionaires tax. He said he expects the governor to assist the legislature in finding a way to reach that figure.\n\n“He has to help if he wants us to do a millionaires tax,” Mr. Sweeney said.\n\nIt was the first time Mr. Murphy has publicly addressed lawmakers since he disclosed over the weekend that he will undergo surgery next month to remove a likely cancerous tumor on his kidney.\n\n“The outpouring from every corner of this room and every corner of this state has been overwhelming,” Mr. Murphy said Tuesday.\n\nHe added, “I’m not going anywhere.”\n\nThe governor’s budget also raises taxes on cigarettes, opioid manufacturers and guns and ammunition.\n\nDuring his budget address, Mr. Murphy touted his administration’s efforts to curb growing property taxes. New Jersey’s property taxes rank as the fourth-highest among the 50 states, according to the conservative think tank Tax Foundation.\n\nStatewide, property taxes rose by less than a percentage point in Mr. Murphy’s first year in office, according to the administration. They rose 2.1% for his second year. This cumulative 3% increase is the lowest figure for any governor over the first two years in office since the state began tracking this, according to the Murphy administration.\n\nThe administration attributes the slower growth in property taxes largely to increases in education funding. State aid to K-12 schools and pre-K services has increased more than $1 billion since Mr. Murphy came into office. Property taxes are assessed at the local level in New Jersey to pay for schools and other things. More state funding for local school systems leads to less of a need for property-tax increases, officials with the Murphy administration said.\n\nWrite to Joseph De Avila at joseph.deavila@wsj.com",
    "published": "2020-02-25"
  },
  {
    "source": "WSJ",
    "title": "Intuit’s New Way to Beat the Taxman",
    "summary": "Credit Karma deal takes out competitor and builds up options outside of tax prep",
    "link": "https://www.wsj.com/articles/intuits-new-way-to-beat-the-taxman-11582651752?mod=Searchresults_pos3&page=9",
    "content": "Intuit is best known for its TurboTax software, the leader in preparing state and federal returns. Photo: Peter Barreras/Associated Press\n\nIt is said that nothing is certain but death and taxes. For Intuit INTU 0.37 %increase; green up pointing triangle , even the latter might not always be a sure bet.\n\nThe company best known for its TurboTax software, the leader in preparing state and federal returns, has an array of competitors in the field. The most formidable one lurks in the background, though. The federal government has long toyed with the idea of allowing taxpayers to file online directly and for free. An uneasy truce surfaced years ago under which Intuit and its competitors agreed to provide free filing services for earners below a certain income threshold. The risk of the government getting into the tax-prep business itself is still high enough to merit a warning in Intuit’s annual securities filings.",
    "published": "2020-02-25"
  },
  {
    "source": "WSJ",
    "title": "Port of Los Angeles Sees Coronavirus Impact Sharply Reducing Imports",
    "summary": "Shipping companies have canceled a quarter of sailings to the port as the impact of the outbreak in China affects business operations across the Pacific",
    "link": "https://www.wsj.com/articles/port-of-los-angeles-sees-coronavirus-impact-sharply-reducing-imports-11582648931?mod=Searchresults_pos12&page=5",
    "content": "The largest U.S. gateway for seaborne imports from China is projecting a 25% drop in container volumes this month as the economic impact of the coronavirus spreads across shipping operations far from the outbreak.\n\nContainer ship operators have canceled 40 sailings at the Port of Los Angeles between Feb. 11 and April 1, mostly for vessels coming from China, port Executive Director Gene Seroka said in an interview. That amounts to a little more than one-quarter of the overall number of ships that would typically call at the port during that time, he said.\n\nNewsletter Sign-up The Logistics Report Top news and in-depth analysis on the world of logistics, from supply chain to transport and technology. Preview Subscribe\n\nAs Chinese business shutdowns extended past the traditional Lunar New Year holiday into February, and workers stayed home from factories and ports, “it became pretty clear…that we were looking at something much bigger than maybe some had thought,” Mr. Seroka said.\n\n“The first quarter of this year I project that we’re going to be down 15% year-over-year, with a heavy bit of that related to the coronavirus,” he said. The decline has accelerated, he said, with February cargo volumes expected to be down 25% from the same month a year as the epidemic’s impact ripples through supply chains.\n\nLos Angeles handled the equivalent of more than 705,000 containers last February, so the projected decline would mean about 176,000 fewer containers moving through the port this month. About 9.3 million boxes passed through the port in 2019.\n\nShipping volumes out of China have plunged as the shutdowns in the wake of the outbreak crimp industrial production, with ocean carriers warning that canceled trips will take a toll on earnings. A.P. Moeller-Maersk A/S, the world’s biggest containership operator, has canceled more than 50 sailings from China to the rest of the world since late January.\n\nThe volume of loaded containers arriving at the neighboring ports of Los Angeles and Long Beach, which together handle nearly 38% of U.S. container imports, fell 3.9% in January from the year before. Measures aimed at containing the spread of the virus have contributed to logistics bottlenecks, according to Resilience360, which monitors risk and disruptions across supply chains.\n\n“Yard congestion has also built up at ports across China due to the lack of port workers and truck drivers picking up containers from the ports,“ the organization said in a Feb. 13 report. “In Shanghai, only about half of the staff that usually load and unload cargo was reportedly back to work on February 10.”\n\nThe steep drop-off in trans-Pacific container volumes at the Port of Los Angeles means that empty containers are piling up and a backlog of exports is building. As manufacturing operations in China kick back up and cargo shipments resume, “it’s going to be kind of a big pendulum swing,” Mr. Seroka said.\n\nThe U.S. Coast Guard said earlier this month that cargo ships will be allowed into U.S. ports even if they have been to China within the previous 14 days as long as they have no sick crew members. But crew members would have to remain on their vessel “except to conduct specific activities directly related to vessel cargo or provisioning operations.”\n\nThe Coast Guard said it would bar passenger vessels or ships carrying passengers that have been in mainland China within 14 days from entering U.S. ports. Under the order, passenger ships arriving that had stopped in China will be allowed to enter the U.S. if it has been more than 14 days since any passengers have been in China and if all passengers are symptom free.\n\nCoronavirus and trade tensions are testing the stability of global supply chains. While that’s pushed some businesses to consider loosening their ties with China, WSJ explains why leaving the “factory of the world” is easier said than done. Photo: China Daily via Reuters\n\nWrite to Jennifer Smith at jennifer.smith@wsj.com",
    "published": "2020-02-25"
  },
  {
    "source": "WSJ",
    "title": "San Francisco Voting Whether to Tax Landlords for Empty Storefronts",
    "summary": "Bill’s purpose is to ‘reinvigorate commercial corridors and stabilize commercial rents’",
    "link": "https://www.wsj.com/articles/san-francisco-voting-whether-to-tax-landlords-for-empty-storefronts-11582632004?mod=Searchresults_pos20&page=10",
    "content": "San Francisco holds great appeal to retailers but vacancies in many neighborhoods have dulled its sheen.\n\nSan Francisco will put to vote next Tuesday a punitive new approach to ending the blight of empty storefronts.\n\nOn the ballot is a tax on property owners or leaseholders whose storefronts stay vacant for six months or more. If two-thirds of voters approve the measure, San Francisco would become one of the first big U.S. cities to tax landlords for store vacancies when it goes into effect next year. Washington, D.C., imposed a similar tax in 2011, though it was on residential and commercial property vacancies, not just retail.\n\nThe purpose of the tax is to “reinvigorate commercial corridors and stabilize commercial rents, thereby allowing new small businesses to open and existing small businesses to thrive,” the proposition’s language says.\n\nShare Your Thoughts Do you see a proliferation of empty storefronts where you live? Would a policy like this address the problem? Join the conversation below.\n\nThe results of the San Francisco vote will be closely watched from coast to coast. The issue of urban storefronts lingering vacant for many months or even years has plagued downtowns and residential neighborhoods from New York City and Boston to Berkeley, Calif., while city officials have struggled to find workable solutions.\n\nResidents tend to blame landlords for the ugly pockmark of empty storefronts, which can make city streets less safe. Property owners are holding out for higher-paying tenants, critics maintain, a prospect these critics say is unrealistic with bricks-and-mortar stores under assault from online shopping and food delivery.\n\nNew York City Mayor Bill de Blasio this month proposed a vacancy tax on landlords who keep storefronts vacant. Photo: Spencer Platt/Getty Images\n\nLandlords blame covenants in some loan agreements that require property owners to achieve certain revenue targets, or sign only creditworthy tenants on their leases. Owners also point to what they say are regulatory burdens that slow the process, and rising labor costs they need to offset with higher rents.\n\nUnder the San Francisco initiative, building owners would have to pay $250 per foot of linear frontage, which could rise to $1,000 in subsequent years. The measure won’t tax landlords actively seeking a new tenant while renovating space.\n\n“For good landlords who genuinely try to do the right thing, this is an avoidable tax,” said Lee Hepner, legislative aide to supervisor Aaron Peskin , who oversees the North Beach and Chinatown neighborhoods. “We hope this tax brings landlords and tenants to the table to have a conversation around what fair rent should be.”\n\nEven getting the tax on the ballot may be already having the desired effect, said Daniel Macchiarini, president of the North Beach Business Association. At least 18 new North Beach tenants have signed leases since the tax was proposed early last year, he said. Of the neighborhood’s 30 remaining vacancies, landlords at 20 of them are now marketing the space, he said.\n\nThe results of the San Francisco vote will be closely watched from coast to coast. Photo: Justin Sullivan/Getty Images\n\n“Suddenly, for-rent signs started going up on all these buildings,” said Mr. Macchiarini.\n\nSan Francisco holds great appeal to retailers but vacancies in many neighborhoods have dulled its sheen. At Union Square, the direct vacancy rate reached 6.4% in the fourth quarter of 2019, up from 1.9% in 2014, according to property consulting firm Cushman & Wakefield.\n\nBrokers say regulation is to blame, such as mandatory seismic retrofits and bureaucracy around permits. In an effort to support local businesses, San Francisco’s planning code often makes it difficult for formula retailers or chain stores to open. A Starbucks outlet, for instance, has to apply for an additional layer of permits that usually take months.\n\n“They don’t take into account e-commerce or the long permitting process, and instead they blame it all on the landlords,” said David Blatteis, chairman of Blatteis Realty Co., whose firm handles leases in the North Beach neighborhood. “In the last couple of years, some landlords have cut rents by 10% to a third,” he added.\n\nNew York City Mayor Bill de Blasio this month proposed a vacancy tax on landlords who keep storefronts vacant.\n\n“If a landlord leaves that storefront vacant, hurts the community, makes the community less whole, deprives someone from having that storefront so they can be part of our community, then that landlord needs to pay more in taxes,” he said in his 2020 State of the City address.\n\nAt the end of 2019, 67 out of 639 stores in Manhattan’s SoHo neighborhood were empty, effecting a 10.5% vacancy rate, according to Cushman & Wakefield. Many owners there have brought in pop-ups or temporary tenants, aiding occupancy. The Meatpacking district, with fewer pop-ups, had a 20.7% vacancy rate.\n\nLawyers expect landlords to challenge any move to regulate rents on grounds that it amounts to a government taking of private property.\n\n“Rent regulation is unconstitutional,” said Joshua Stein, a commercial real- estate lawyer.\n\nThe Department of City Planning last year noted that while vacancy is often attributed to high rents, retail industry shifts, conditions of buildings, zoning regulations, landmark designations and redevelopment plans also play a role.\n\nIn 2016, Arlington, Mass., passed a bylaw that requires owners of vacant storefronts to register the vacancy and pay an annual fee of $400.\n\nMany owners stepped up leasing efforts, said Ali Carter, Economic Development coordinator at Arlington’s Department of Planning and Community Development. Vacancies in the central business district fell from 6.4%—when the bylaw was passed—to 2% today.\n\nStill, she said the solution is not a perfect one and it hit small owners harder than big ones able to absorb the cost.\n\n“There might be some unintended consequences,” she added.\n\nWrite to Esther Fung at esther.fung@wsj.com\n\nCorrections & Amplifications\n\nSan Francisco could become one of the first big U.S. cities to tax landlords for store vacancies. Washington, D.C., imposed a similar tax in 2011, but that was on residential and commercial properties, not just retail. An earlier version of this article incorrectly stated that San Francisco would become the first big U.S. city to tax landlords for store vacancies. (Feb. 25)",
    "published": "2020-02-25"
  },
  {
    "source": "WSJ",
    "title": "China Lifts Import Restrictions on U.S. Farm Goods",
    "summary": "Chinese leaders have removed barriers on U.S. poultry, poultry products and pet food, along with other actions, U.S. officials say",
    "link": "https://www.wsj.com/articles/china-lifts-import-restrictions-on-u-s-farm-goods-11582650492?mod=Searchresults_pos4&page=4",
    "content": "The trade deal calls for China to increase its purchases of U.S. agricultural products by $32 billion over a two-year period. A cargo ship prepared to dock in Florida in 2018.\n\nWASHINGTON—U.S. officials said Chinese leaders have taken the first steps toward implementing the first phase of a trade deal between the world’s two largest economies, an announcement that comes amid concerns that the coronavirus could delay the pace of China’s promise to purchase more U.S. crops and other goods.\n\nU.S. officials on Tuesday noted that Chinese leaders have lifted import restrictions on U.S. poultry and poultry products and pet food, along with other actions, since the deal took effect on Feb. 14. Those provisions were part of a 90-page written agreement signed in January.\n\nThe deal calls for China to increase its purchases of U.S. agricultural products by $32 billion over a two-year period. The officials didn’t say how much China has agreed to purchase of its roughly $200 billion goal so far.\n\n“President Trump and this Administration negotiated a strong trade agreement with China that promises significant benefits for American agriculture,” U.S. Secretary of Agriculture Sonny Perdue said.\n\nMeanwhile, China has begun announcing tariff exclusions for U.S. imports that were hit with retaliatory measures. Before the deal, both countries put tariffs on imported goods. U.S. officials later agreed to lift a portion of those tariffs, but the deal left in place U.S. tariffs on about $370 billion in Chinese goods, or about three-quarters of Chinese imports to the U.S.\n\nSince the deal was announced, trade experts have questioned whether China will follow through with its purchase pledges and say the deal’s potential failure has the power to sway rural voters in an election year. They have also questioned whether the spreading coronavirus could derail the deal, which calls for China to purchase more goods over the two-year period.\n\nThis month, White House National Economic Council Director Larry Kudlow said he expected the fallout from the deadly coronavirus to delay—but not derail—the economic boost the U.S. anticipated from the deal. Any purchase delays by China, however, could be made up with a surge of buying later.\n\nThe phase-one deal also calls for China to step up purchases of manufactured goods by $77.7 billion. The category of tech services, which includes charges for cloud computing-related services and the use of intellectual property, is projected to grow by $37.9 billion. Energy purchases will increase by $52.4 billion under the deal.\n\n“We will ensure the agreement is strictly enforced for the benefit of our workers, farmers, ranchers and businesses,” said U.S. Trade Representative Robert Lighthizer , who led the China trade negotiations.\n\nWrite to Katy Stech Ferek at katherine.stech@wsj.com",
    "published": "2020-02-25"
  },
  {
    "source": "WSJ",
    "title": "The Pope’s Celibacy Ruling Ignores Important Issues",
    "summary": "Letting priests marry and having women become deacons wouldn’t in any way “bend its teaching to the times.”",
    "link": "https://www.wsj.com/articles/the-popes-celibacy-ruling-ignores-important-issues-11582671325?mod=Searchresults_pos13&page=3",
    "content": "Pope Francis holds the weekly general audience at the Vatican, February 12, 2020. Photo: remo casilli/Reuters\n\nTim Busch and Mary Rice Hasson’s “The Pope is Catholic After All” (Houses of Worship, Feb. 14) totally ignores the reality the Roman Catholic Church is faced with, at least in the U.S. I have been a practicing Catholic for over 70 years and have seen the Catholic Church’s ability to service its flock deteriorate steadily over the past few decades. When I was young, we had several young priests in our parish to assist the pastor. I haven’t seen a priest under 40 in years, and our current priest is in his 80s. When I visit my hometown of Pittsburgh, I’ve noticed that the diocese keeps consolidating parishes and closing churches.\n\nLetting priests marry and having women become deacons wouldn’t in any way “bend its teaching to the times.” On the contrary, it would be a return to the church’s early years when many clergy were married, and would take advantage of the abilities of half of its members. I just wish the Catholic Church had been more concerned with expelling criminals in its midst as with its current desire to hold on to an unsustainable path of ignoring the reality of the decline in working clergy.",
    "published": "2020-02-25"
  },
  {
    "source": "WSJ",
    "title": "Home Depot’s Quarterly Profit Rises",
    "summary": "Retailer’s finance chief says the economy is strong and the U.S. consumer is ‘healthy’",
    "link": "https://www.wsj.com/articles/home-depots-quarterly-profit-rises-11582631034?mod=Searchresults_pos1&page=10",
    "content": "Home Depot said it’s still too early to tell whether the coronavirus outbreak will have a significant effect on its financial performance.\n\nHome Depot Inc. HD 0.06 %increase; green up pointing triangle posted higher profit for its latest quarter, a sign of health for the U.S. economy following lackluster sales reports from other retailers in recent weeks.\n\nIts finance chief also said the company is adequately stocked for the current period despite the effect the coronavirus epidemic is having on global supply chains\n\n“We feel good about where we stand with respect to product for the first quarter,” Richard McPhail said in an interview.\n\nHe said Home Depot sources 30% of its products from other countries, mostly from China, but that it is still too early to determine whether supply-chain disruptions would materially affect the company’s financial performance.\n\nThe home-improvement retailer on Tuesday reported net income of $2.48 billion, or $2.28 a share, for its fiscal fourth quarter, which ended Feb. 2. Analysts polled by FactSet had expected $2.10 a share. Profit in the year-earlier period was $2.34 billion, or $2.09 a share.\n\nHome Depot said sales for the latest period declined 2.7% to $25.78 billion, roughly in line with analysts’ expectations. The Atlanta-based company said the extra week of operations in the year-earlier period contributed about $1.7 billion in sales.\n\nSales at physical and online outlets that had been open for more than a year rose 5.2% for the period, ahead of the 4.7% rise analysts were expecting. The company had missed same-store-sales expectations for the previous four quarters, according to FactSet.\n\nOn one less week, the number of customer transactions fell 6.4% from a year earlier, but the average amount each customer spent rose 4.1% and sales per retail square foot rose 2.8%. Operating expenses fell 5.6% to $5.33 billion for the quarter.\n\nHome Depot shares, which have risen about 24% in the past year, were off less than 1% Tuesday, while the Dow Jones Industrial Average slumped for a second day in a row on mounting fears over the epidemic’s spread outside of China.\n\nHome Depot’s domestic business remains resilient to risks such as coronavirus and the trade war, and customers in coming months could shift their discretionary spending to home improvement from travel plans, especially outside the U.S., CFRA Research analyst Kenneth Leon said in a note to clients.\n\nDuring its latest quarter, Home Depot saw some benefit from refunds on tariffs imposed on certain Chinese goods that were subsequently exempted, Ted Decker, the executive vice president of merchandising, said on a call with analysts. He said luxury vinyl plank flooring was a major Home Depot category that had been subject to tariffs.\n\nHome Depot affirmed its financial outlook for the current fiscal year. It expects per-share earnings to grow about 2% to $10.45 on same-store-sales growth of about 3.5% to 4%. It also raised its quarterly dividend by 10% to $1.50 a share.\n\nThe company, which operates about 2,300 stores, expects to open six new stores during the year.\n\nMr. McPhail said on the analyst call that the guidance assumes the U.S. economy will grow slightly less than 2% this year and a boost to demand from rising home prices and housing turnover.\n\n“The economy is strong, and the U.S. consumer is healthy,” Mr. McPhail said.\n\nAverage home prices in major U.S. metropolitan areas rose 3.8% in 2019, accelerating from an annualized increase of 3.5% the prior month and 3.3% in October, according to the S&P CoreLogic Case-Shiller National Home Price Index. The pace marks a full eight years of price increases in homes for sale.\n\n“Home-improvement sales will benefit from low rates on mortgages and home-equity loans, rising home prices, and a growing market in 2020 home sales,” Mr. Leon said.\n\nWrite to Dave Sebastian at dave.sebastian@wsj.com",
    "published": "2020-02-25"
  },
  {
    "source": "WSJ",
    "title": "U.S. Weighs Penalizing Chinese News Outlets Over Expulsion of Journal Reporters",
    "summary": "The National Security Council has said that the Trump administration is weighing a range of responses",
    "link": "https://www.wsj.com/articles/u-s-weighs-penalizing-chinese-news-outlets-over-expulsion-of-journal-reporters-11582608012?mod=Searchresults_pos12&page=9",
    "content": "President Trump said Tuesday that he is considering retaliating against China for its expulsion of three Wall Street Journal reporters.\n\n“We will look at it. It’s something that I don’t like to see,” Mr. Trump said. “I don’t think it’s fair, because we give very good access. Maybe some people would say we give too good. I don’t believe in that. I think we give very good access. So I don’t think it’s fair, but we’ll have a decision made on that relatively soon.”\n\nMr. Trump, speaking to reporters while traveling in India, didn’t elaborate on what kind of response he was considering, but officials have said the U.S. could order Chinese-government backed news outlets in the U.S. to reduce their personnel.\n\nThe National Security Council said Monday that the Trump administration is weighing “a range of responses to this egregious act.”\n\n“The United States condemns Beijing’s expulsion of three Wall Street Journal foreign correspondents,” NSC spokesman John Ullyot said in a statement. “This expulsion is yet another attempt to control the press, and prevent the world’s readers as well as investors from reading important stories about China.”\n\nMr. Ullyot declined to elaborate on any possible responses under consideration, but another administration official said that senior aides are discussing the possibility of expelling some Chinese journalists from the U.S.\n\nThe State Department last week said it is designating the U.S. operations of five large Chinese news organizations as foreign missions. Under the Foreign Missions Act, a federal law, the U.S. operations of the outlets—Xinhua News Agency, China Radio International, China Global Television Network and the distributors of China Daily and People’s Daily—are required to report on their personnel and property, whether owned or leased. The State Department could then decide whether the size of staff or offices are commensurate with the outlets’ missions and demand changes.\n\nThe next day, China expelled three Wall Street Journal reporters based in Beijing, prompting criticism from international news organizations and the Trump administration. The Chinese government said the decision was a response to a headline on a recent opinion piece published by the Journal that referred to China as “the real sick man of Asia.”\n\nThe Journal operates with a strict separation between its news and opinion staffs. William Lewis , The Wall Street Journal’s publisher and chief executive of its parent company, Dow Jones & Company Inc., said in a statement that it wasn’t the Journal’s intention to cause offense with the headline. Some Journal staffers have signed an internal letter calling on the newspaper to apologize for the headline to anyone who was offended, while condemning the expulsions and pledging not to allow the Chinese government to influence the Journal’s coverage.\n\nA spokesman for Dow Jones and Co. Inc., declined to comment late Monday.\n\nDeputy Bureau Chief Josh Chin and reporter Chao Deng , both U.S. nationals, as well as reporter Philip Wen , an Australian national, were ordered to leave the country within five days. Mr. Chin and Mr. Wen left China on Monday. Ms. Deng is in the quarantine zone in Wuhan, where she was reporting when the expulsion order was issued and is unable to leave.\n\nBloomberg first reported that the Trump administration was considering measures against Chinese journalists in the U.S.\n\nThe phrase “sick man of Asia” was used by outsiders and Chinese intellectuals to refer to a weakened China exploited by European powers and Japan in the late 1800s and early 1900s. This period is now described in Chinese history textbooks as the “century of humiliation.”\n\nThe Journal’s use of the phrase in the headline on a Feb. 3 opinion column by Hudson Institute scholar Walter Russell Mead that referred to the coronavirus epidemic in China sparked angry commentary on social media in China and elsewhere. Chinese officials have decried the headline as “racially discriminatory.”\n\nU.S.-China relations are at a difficult juncture. After a protracted trade war, the two countries signed an initial trade agreement in January, but the White House has said the anticipated boost in U.S. exports to China could be delayed because of the virus.\n\nWrite to Andrew Restuccia at Andrew.Restuccia@wsj.com",
    "published": "2020-02-25"
  },
  {
    "source": "WSJ",
    "title": "Port of Los Angeles Sees Coronavirus Impact Sharply Reducing Imports",
    "summary": "Shipping companies have canceled a quarter of sailings to the port as the impact of the outbreak in China affects business operations across the Pacific",
    "link": "https://www.wsj.com/articles/port-of-los-angeles-sees-coronavirus-impact-sharply-reducing-imports-11582648931?mod=Searchresults_pos1&page=15",
    "content": "The largest U.S. gateway for seaborne imports from China is projecting a 25% drop in container volumes this month as the economic impact of the coronavirus spreads across shipping operations far from the outbreak.\n\nContainer ship operators have canceled 40 sailings at the Port of Los Angeles between Feb. 11 and April 1, mostly for vessels coming from China, port Executive Director Gene Seroka said in an interview. That amounts to a little more than one-quarter of the overall number of ships that would typically call at the port during that time, he said.\n\nNewsletter Sign-up The Logistics Report Top news and in-depth analysis on the world of logistics, from supply chain to transport and technology. Preview Subscribe\n\nAs Chinese business shutdowns extended past the traditional Lunar New Year holiday into February, and workers stayed home from factories and ports, “it became pretty clear…that we were looking at something much bigger than maybe some had thought,” Mr. Seroka said.\n\n“The first quarter of this year I project that we’re going to be down 15% year-over-year, with a heavy bit of that related to the coronavirus,” he said. The decline has accelerated, he said, with February cargo volumes expected to be down 25% from the same month a year as the epidemic’s impact ripples through supply chains.\n\nLos Angeles handled the equivalent of more than 705,000 containers last February, so the projected decline would mean about 176,000 fewer containers moving through the port this month. About 9.3 million boxes passed through the port in 2019.\n\nShipping volumes out of China have plunged as the shutdowns in the wake of the outbreak crimp industrial production, with ocean carriers warning that canceled trips will take a toll on earnings. A.P. Moeller-Maersk A/S, the world’s biggest containership operator, has canceled more than 50 sailings from China to the rest of the world since late January.\n\nThe volume of loaded containers arriving at the neighboring ports of Los Angeles and Long Beach, which together handle nearly 38% of U.S. container imports, fell 3.9% in January from the year before. Measures aimed at containing the spread of the virus have contributed to logistics bottlenecks, according to Resilience360, which monitors risk and disruptions across supply chains.\n\n“Yard congestion has also built up at ports across China due to the lack of port workers and truck drivers picking up containers from the ports,“ the organization said in a Feb. 13 report. “In Shanghai, only about half of the staff that usually load and unload cargo was reportedly back to work on February 10.”\n\nThe steep drop-off in trans-Pacific container volumes at the Port of Los Angeles means that empty containers are piling up and a backlog of exports is building. As manufacturing operations in China kick back up and cargo shipments resume, “it’s going to be kind of a big pendulum swing,” Mr. Seroka said.\n\nThe U.S. Coast Guard said earlier this month that cargo ships will be allowed into U.S. ports even if they have been to China within the previous 14 days as long as they have no sick crew members. But crew members would have to remain on their vessel “except to conduct specific activities directly related to vessel cargo or provisioning operations.”\n\nThe Coast Guard said it would bar passenger vessels or ships carrying passengers that have been in mainland China within 14 days from entering U.S. ports. Under the order, passenger ships arriving that had stopped in China will be allowed to enter the U.S. if it has been more than 14 days since any passengers have been in China and if all passengers are symptom free.\n\nCoronavirus and trade tensions are testing the stability of global supply chains. While that’s pushed some businesses to consider loosening their ties with China, WSJ explains why leaving the “factory of the world” is easier said than done. Photo: China Daily via Reuters\n\nWrite to Jennifer Smith at jennifer.smith@wsj.com",
    "published": "2020-02-25"
  },
  {
    "source": "WSJ",
    "title": "Fed’s Wait-and-See Posture Tested by Spread of Coronavirus",
    "summary": "Top Fed official says it is too soon to determine the full impact of the virus",
    "link": "https://www.wsj.com/articles/feds-wait-and-see-posture-tested-by-spread-of-coronavirus-11582626601?mod=Searchresults_pos20&page=10",
    "content": "WASHINGTON—A top Fed official said Tuesday it is too early to tell whether the coronavirus outbreak will force the central bank to resume rate cuts in the coming months.\n\nDisruptions from the outbreak in China “could spill over to the rest of the global economy,” Fed Vice Chairman Richard Clarida said in a speech Tuesday. “But it is still too soon to even speculate about either the size or the persistence of these effects, or whether they will lead to a material change in the outlook.”\n\nMarkets and global events are giving central bankers a case of déjà vu. Last year, the threat of a growth downturn exacerbated by trade uncertainty prompted the Federal Reserve to cut interest rates. Now, the potential for virus-related disruptions that roil supply chains, output and travel is again putting the Fed in a delicate spot.\n\nThe coronavirus has led to significant quarantines in China since January, initially focusing attention on how much a hit the global economy might take from idled production in the world’s second-largest economy.\n\nSigns that the virus is spreading—other countries across Europe and Asia reported more cases in recent days—led to a deepening rout in global financial markets Tuesday. Stocks fell after hitting highs over the past two months and the yield on the benchmark 10-year U.S. Treasury note closed at a new low.\n\nMr. Clarida said the Fed doesn’t set policy based on day-to-day market movements. Instead the Fed looks at whether broad and sustained changes in stocks, bonds and currencies influence household wealth and business and consumer confidence.\n\n“You have to look at credit availability. You have to look at confidence,” he said.\n\nInvestors have been placing growing bets on rate cuts later this year in interest-rate futures markets, according to CME Group, with markets expecting the Fed to have cut at least once by June and again by December.\n\nA substantial decline this year in long-term yields means borrowing costs have already grown more favorable. Probabilities for a rate cut at the Fed’s next scheduled meeting, on March 17-18, rose to around one in three on Tuesday, up from one in 10 last week, according to futures markets contracts calculated by CME Group.\n\nMr. Clarida said monetary policy isn’t on a preset course and decisions “will proceed on a meeting-by-meeting basis.”\n\nFed Chairman Jerome Powell has said the central bank will want to see evidence that disruptions are persistent and material for the U.S. economy before cutting interest rates.\n\n“There’s just great uncertainty around where this virus is going to go and when the full effects are going to be realized, so I’m open minded,” Minneapolis Fed President Neel Kashkari said in an interview Monday. “I don’t see any urgent need to move until we have more information.”\n\nDallas Fed President Robert Kaplan echoed those sentiments in an interview Tuesday. “We are a number of weeks away from being able to make the judgment” about whether a rate change is needed, he said.\n\nAmong the challenges facing the Fed: With its benchmark rate between 1.5% and 1.75%, the central bank has less room to stimulate growth by cutting rates, which are already historically low.\n\nCoronavirus and trade tensions are testing the stability of global supply chains. While that’s pushed some businesses to consider loosening their ties with China, WSJ explains why leaving the “factory of the world” is easier said than done. Photo: China Daily/Reuters\n\nFed officials have demonstrated a willingness over the past year to ease policy to defuse looming economic threats. An escalation of the U.S. trade war with China beginning last May prompted the Fed to cut rates beginning in July.\n\n“The interconnectedness of our economies means that literally, no man is an island. If one economy starts to struggle, the spillover effects onto others can take hold rapidly,” New York Fed President John Williams said in a speech last November, shortly after the Fed called an end to its series of cuts.\n\nA separate issue is that monetary stimulus may not be a neat tool for addressing near-term virus disruptions. “Monetary easing works best when interest rates are relatively high and the economy faces a demand shock. Neither is the case here,” said Roberto Perli, an analyst at Cornerstone Macro.\n\nInvestors are concerned about the global economy due to the potential for supply-chain disruptions, especially in Asia, and confidence shocks that can’t be easily repaired with lower interest rates. Rate cuts are designed to encourage more households and businesses to spend and invest today, rather than wait until tomorrow.\n\nIf factories are closed and supply chains are disrupted, lower interest rates may have less immediate effect. “At best, monetary-policy easing should be thought of as something that can facilitate the rebound when the virus is contained, not as something that can prevent growth deterioration now,” Mr. Perli said.\n\nNegative rates in Europe and Japan have left central bankers in those countries with less room to counteract a downturn if growth sputters amid virus-related disruptions. “Japan doesn’t have the ability to smooth out a coronavirus shock” with monetary policy, said Jason Cummins, an economist at hedge fund Brevan Howard.\n\nThe lack of a robust policy response to slowdowns abroad is “the exact kind of potential mechanisms through which the U.S. economy can be affected,” said Cleveland Fed President Loretta Mester on Monday. Along those lines, the prospect for slower global growth last year “affected our monetary policy and our assessment of the outlook.”\n\nMichael S. Derby contributed to this article.\n\nWrite to Nick Timiraos at nick.timiraos@wsj.com",
    "published": "2020-02-25"
  }
]