[
  {
    "source": "WSJ",
    "title": "U.S. Orders Cap on Chinese State Media Personnel",
    "summary": "State Department to force reduction to 100 employees from 160",
    "link": "https://www.wsj.com/articles/u-s-orders-cap-on-chinese-state-media-personnel-11583172000?mod=Searchresults_pos4&page=17",
    "content": "WASHINGTON—The Trump administration is ordering China’s major state media companies to sharply reduce the ranks of Chinese nationals in the U.S. in retaliation for years of tightening restrictions on American news outlets by Beijing.\n\nState Department officials said Monday that a personnel cap is being imposed on four Chinese media companies, forcing them to reduce their Chinese employees in the U.S. to 100 in total, from 160.\n\nThe companies targeted—Xinhua News Agency, China Radio International, China Global Television Network and China Daily—must comply with the new limits by March 13, the officials said. Those outlets purvey Chinese government views, and the State Department last month said their U.S. operations will be subject to the rules for representatives of a foreign government, not treated as independent news media.\n\nThe Trump administration has adopted a get-tough policy toward Beijing, using tariffs, investment reviews and other tools as punishment for what it sees as a lack of reciprocity in its treatment of American businesses, products and, now, news organizations.\n\nIn announcing the new cap, the State Department officials cited “a longstanding, negative trend” in Beijing’s treatment of foreign journalists.\n\nBeijing in February ordered three Wall Street Journal reporters expelled over a headline on an opinion column that the Chinese government and many Chinese say was offensive. The headline referred to China as “the real sick man of Asia.”\n\nThe U.S. officials didn’t cite the Journal expulsions by name. When asked, a State Department official called them “an egregious example.”\n\n“Irrespective of the reasons that the Chinese government may give for why it expelled this or that reporter, it’s clear that the Chinese Communist Party simply doesn’t want light being shed on a vast range of everyday activities, policies and conditions inside of China,” the senior administration official said.\n\nThe affected media outlets and the Chinese embassy didn’t respond to requests for comment. In Beijing on Tuesday, Chinese Foreign Ministry spokesman Zhao Lijian accused the U.S. of employing a “Cold War mindset” in capping the number of Chinese nationals who can work for Chinese news outlets in the U.S.\n\n“The US is conducting political oppression on Chinese media agencies in the U.S.,” Mr. Zhao said during a routine press briefing, adding that the U.S. move “essentially means that these journalists are expelled.”\n\nAsked whether China would expel additional American journalists or implement a similar cap on U.S. journalists in China, Mr. Zhao said: “We reserve the right to make further responses and take further measures.”\n\nOn Twitter, Foreign Ministry spokeswoman Hua Chunying took a more confrontational approach that hinted at possible retaliation against the U.S.\n\n“Reciprocity?” she tweeted. “29 US media agencies in China VS 9 Chinese ones in the US. Multiple-entry to China VS single-entry to the US. 21 Chinese journalists denied visas last year.”\n\n“Now the US kicked off the game, let’s play,” she added.\n\nWilliam Lewis , chief executive of Dow Jones & Co. and publisher of the Journal, said in a statement: “Our focus is on supporting our journalists, their work and their safety while continuing our commitment to providing readers with a strong understanding of the important stories coming out of China.” He said, “We did not ask the U.S. government to take this action.”\n\nThe expulsion of the Journal reporters was the first time Beijing has ejected so many journalists simultaneously from one foreign media organization in at least four decades. The Communist government under President Xi Jinping has increased policing and censorship of expression inside China and sought to use the issuing of visas and press credentials, as well as police harassment, as levers to intimidate foreign reporters based in China.\n\nAbout 100 American journalists work for U.S. or other foreign news media in China, the State Department officials said. In contrast, the officials said, the U.S. issued “I” visas for foreign media representatives and their relatives to 425 Chinese nationals in 2019. A comparable figure for how many relatives accompany American journalists in China wasn’t available.\n\nUnder the policy announced Monday, the State Department officials said the U.S. wasn’t expelling Chinese nationals but issuing the caps and leaving it to the Chinese media companies to choose whether to reduce the numbers of reporters, or executives and other personnel, to comply.\n\nAsked whether the move could spur retaliation against American journalists in China, the officials demurred and cited the need for reciprocity.\n\n“We don’t have many tools to effect this, but to allow state-run media propaganda organs to operate freely in the U.S. while normal media don’t have the same access in China—it’s time to address that,” a second senior administration official said. “This is housecleaning. We should have addressed this in the past, but we’re getting at it now.”\n\nAs it tightened controls at home, China’s government has pushed state media outlets to expand their presence overseas to promote Beijing’s views and sway international public opinion. In the past few years, their U.S. operations have fallen under scrutiny by both the State Department and the Justice Department.\n\nIn February, the State Department designated the four state media companies now subject to employment caps as “foreign missions.” A fifth entity, the U.S. distributor of China’s official People’s Daily newspaper, received the same designation, though isn’t affected by the caps because it has two employees and both aren’t Chinese nationals, the officials said.\n\nThe “foreign missions” status, usually reserved for diplomats and official representatives of foreign governments in the U.S., provided the regulatory justification for the new policy. As foreign missions, those outlets are required to declare their personnel and property to the State Department, and Monday’s announcement gave the four until Friday to provide the names of those individuals they would no longer employ in the U.S.\n\nUnder the caps—which don’t affect legal residents of the U.S.—China Radio International is limited to two Chinese nationals, China Daily may employ nine, China Global Television Network is limited to 30 and Xinhua News Agency to 59. The State Department didn’t provide figures for how many Chinese nationals currently work at those outlets in the U.S.\n\nThe Justice Department has also pushed Xinhua and China Global Television Network to register under the Foreign Agents Registration Act, a 1938 law meant to curb foreign propaganda and regulate foreign-state advocacy in the U.S. Only CGTN so far has complied, registering last year out of what it said was “an abundance of caution and in the spirit of cooperation with U.S. authorities.”\n\nAfter CGTN registered, the committee that controls press credentials on Capitol Hill revoked the network’s press passes, saying that foreign agents were ineligible for press credentials. Without credentials, the network has limited access to Capitol Hill. Xinhua so far retains its press credentials.\n\nByron Tau and Shan Li contributed to this article.\n\nWrite to Courtney McBride at courtney.mcbride@wsj.com and Rebecca Ballhaus at Rebecca.Ballhaus@wsj.com\n\nCorrections & Amplifications\n\nState Department officials said a personnel cap is being imposed on the U.S. operations of four Chinese media companies. An earlier version of this article in one instance incorrectly said five Chinese media outlets are being targeted by that restriction. (March 3).",
    "published": "2020-03-02"
  },
  {
    "source": "WSJ",
    "title": "Tim Cook and Apple Bet Everything on China. Then Coronavirus Hit.",
    "summary": "Quarantines, tariffs and slumping sales have caused agitation about the company’s strategy of assembling most of its products there",
    "link": "https://www.wsj.com/articles/tim-cook-and-apple-bet-everything-on-china-then-coronavirus-hit-11583172087?mod=Searchresults_pos4&page=5",
    "content": "Long before the coronavirus struck, Apple Inc.’s AAPL -0.23 %decrease; red down pointing triangle operations team began raising concerns about the technology giant’s dependency on China.\n\nSome operations executives suggested as early as 2015 that the company relocate assembly of at least one product to Vietnam. That would allow Apple to begin the multiyear process of training workers and creating a new cluster of component providers outside the world’s most populous nation, people familiar with the discussions said.\n\nSenior managers rebuffed the idea. For Apple, weaning itself off China, its second-largest consumer market and the place where most of its products are assembled, has been too challenging to undertake.\n\nApple’s reliance on China has long frustrated staff—and more recently unnerved investors. The coronavirus represents Apple’s third major setback there in as many years, including the fallout from tensions with the U.S. that included tariffs and slower-than-expected iPhone sales in the country.\n\nEmployees in a reopened Apple Store in Beijing. Photo: Mark Schiefelbein/Associated Press\n\nFactory production has been crippled as China has shut down activities and sought to contain the outbreak, and Apple warned investors it won’t meet its own sales estimates in the current quarter. Since that warning, Apple’s market value has declined by more than $100 billion.\n\n“No executive will admit in a public forum: We should have thought about” the vulnerability to China, said Burak Kazaz, a Syracuse University supply chain professor and former researcher at International Business Machines Corp. “But from this point on, there are no excuses.”\n\nChina has been a critical factor in Apple’s soaring market value. The country provides a stable, efficient, low-cost manufacturing base with an abundant network of suppliers that have helped cement Apple’s profitability.\n\nApple Chief Executive Tim Cook continues to play down the need to significantly change Apple’s supply chain. During an interview Thursday with Fox Business Network, he said unpredictable events are a facet of modern business and noted that Apple’s operations team has previously navigated earthquakes, tsunamis and other challenges.\n\n“The question for us is: Was the resilience there or not? And do we need to make some changes?” Mr. Cook said. “My perspective sitting here today is that if there are changes, you’re talking about adjusting some knobs, not some sort of wholesale fundamental change.”\n\nApple has recently started to experiment with small production moves out of China. These attempts, including plans to assemble wireless earbuds in Vietnam and produce iPhones in India and Mac Pro computers in the U. S., have laid bare a number of difficulties.\n\nA clean break with China is impossible. Apple relies on a workforce of more than three million indirect workers in China. Its top manufacturer, Taiwan’s Foxconn Technology Group, hires hundreds of thousands of seasonal employees in China, many of whom manually insert tiny screws and thin printed circuit boards during the iPhone assembly process, people familiar with the process said. Tens of thousands of experienced manufacturing engineers oversee the process.\n\nFinding a comparable amount of unskilled and skilled labor is impossible, said Dan Panzica , a former Foxconn executive. The population in China has allowed suppliers to build factories with a capacity for more than 250,000 people. The number of migrant workers in China, who do much of Apple’s production, exceed Vietnam’s total population of 100 million. India is the closest comparison, but its roads, ports and infrastructure lag far behind those in China.\n\n“You’re not going to be able to have mega-factories anywhere else,” Mr. Panzica said. “You’re going to have to break them up.”\n\nMoving out could also jeopardize Apple sales in China, which counts for nearly a fifth of its total revenue. Employing so many local workers helped the company gain access to the market and any reduction might weaken its standing with the government, which wields tremendous influence over how global brands are perceived, according to Neil Mawston , a technology researcher with the firm Strategy Analytics.\n\nShare Your Thoughts Should Apple be doing more to diversify its manufacturing base away from China? Join the conversation below.\n\nThough Apple’s brand remains strong in China, its share of the smartphone market has declined to 7.5% from a peak of 12.5% in 2015 because of pressure from homegrown rivals such as Huawei Technologies Co., according to Canalys, a market research firm.\n\nMr. Cook, who joined the company in 1998, is the architect of Apple’s China business. As head of operations, he assumed responsibility for a company saddled with extra inventory and reliant on its own U.S. manufacturing plants. Following the practices of Dell, Compaq and other computer brands, he started outsourcing to contract manufacturers in Asia.\n\nAround 2000, he met Foxconn founder Terry Gou, who would become the dominant contract manufacturer in Asia. Foxconn struck deals to be one of the few manufacturers of iPods, which made its debut in 2001, and an early maker of the iPhone, which launched in 2007. Beijing was supporting tech manufacturing because it wanted its factories to make more-sophisticated products rather than plastic toys and clothes. In 2001, Apple officially entered China with a Shanghai-based trading company.\n\nAs iPhone sales surged, Apple, Foxconn and China scrambled to meet the demand. In 2010, China took over farmland in Zhengzhou, and within months, a Foxconn factory complex was built for 250,000 workers. The government also has helped funnel workers to Foxconn, posting notices online.\n\nA Foxconn factory in Guizhou province, China, in 2018. Photo: aleksandar plavevskiEPA//Shutterstock\n\nConditions in China challenged Apple. Suicides at Foxconn factories and reports of employees exceeding a 60-hour workweek led to criticism of the company, which publishes an annual supplier responsibility report evaluating workplace conditions. Apple says it holds suppliers to the strictest standards in the industry.\n\nOver time, Apple, Foxconn and China formed a triangle of interdependency. Apple grew to depend on Foxconn to make devices and Chinese consumers to buy them. Foxconn built its business by leaning on China’s vast workforce and control over land to construct factories. And China became beholden to Foxconn as the nation’s largest private-sector employer and Apple as a trainer of new technology suppliers.\n\nThe entanglement unnerved some Apple executives, who encouraged company leaders to look outside China to minimize the risks of labor unrest or a change in Beijing’s position on Apple.\n\nPresident Trump’s policies rocked the relationship. After winning the election, Mr. Trump said in Time magazine that he told Mr. Cook that he wanted Apple “to build a great plant, your biggest and your best, even if it’s only a foot bigger than some place in China.” The administration later started levying tariffs on imports of goods made in China.\n\nCoronavirus and trade tensions are testing the stability of global supply chains. While that’s pushed some businesses to consider loosening their ties with China, WSJ explains why leaving the “factory of the world” is easier said than done. Photo: China Daily via Reuters\n\nMr. Cook managed to avert tariffs on Apple’s bestselling product, the iPhone, telling President Trump it would put the company at a competitive disadvantage to its biggest rival, South Korea’s Samsung Electronics Co. But Apple wasn’t able to avoid tariffs on headphones and other devices.\n\nSamsung isn’t subject to the tariffs because it moved most of its smartphone manufacturing out of China in recent years. It is now assembling its signature phones in Vietnam, India and South Korea.\n\nThe shift out of the country came after Samsung’s share of China’s smartphone market had already collapsed. It went from selling one in every five phones in 2014 to claiming less than a 1% share of the smartphone market, as homegrown rivals outmaneuvered it, and a plan to install a U.S. missile-defense system in South Korea upset Beijing, triggering a Chinese consumer backlash.\n\nAssembling a Samsung Galaxy in Vietnam is simpler because the company uses larger and more pre-assembled components, such as its display, according to former operations executives. The company also glues the phones together, a process that is easier to automate than inserting the tiny screws on an iPhone, said Kyle Wiens , founder of iFixit, a firm that analyzes smartphones.\n\nApple’s design team has long adhered to the philosophy of its former chief designer, Jony Ive , who believed that a well-made product required just as much precision and care on its interior design as its exterior look-and-feel.\n\nFoxconn workers from the iPhone division leave a factory in Zhengzhou, China, during a shift change in 2017. Photo: Adam Dean for The Wall Street Journal\n\n“It’s extremely intricate and complicated,” said Mr. Panzica, formerly of Foxconn.\n\nTariffs imposed on headphones were a catalyst for Apple to shift manufacturing of the AirPods Pro wireless earbuds from China to Vietnam, said Jeff Luo , a supply-chain analyst with Isaiah Research. He said Chinese contract manufacturers Luxshare Precision Industry Co. and GoerTek Inc. were told late last year to set up production by March at plants that should be able to make about 4 million units monthly of AirPods Pro.\n\nLuxshare said it couldn’t comment on specific clients or products. GoerTek didn’t respond to a request for comment.\n\nAirPods are easier to shift out of China because they have about a third as many components as an iPhone, which has about 1,000. They are also glued together rather than screwed, Mr. Luo said.\n\nA Communist country, Vietnam offers some of the same benefits as China. Labor is cheap, and officials have encouraged the development of industrial parks with lower tax rates.\n\nIt also has its drawbacks. Few people speak English and manufacturing lines are typically run by people from China, which creates a communications gap. The manufacturing procedures are slightly more inefficient and the factories are still learning processes such as work orders, operations executives who have visited said.\n\nIn India, Apple set up iPhone manufacturing partly to avoid the country’s 20% tax on imports. It also wanted to comply with a law requiring single-brand foreign retailers to buy at least 30% of their manufacturing materials from India.\n\nIn 2017, after several years of planning, it completed its first trial run for an iPhone SE using the contract manufacturer Wistron Corp. It has since begun making iPhones at a Foxconn factory near Chennai.\n\nFlex manufactures Apple’s niche Mac Pro desktop in Texas for shipping within the Americas. Photo: tom brenner/Reuters\n\nApple has been cautious as Indian workers gain experience. Last year, it was hurtling ahead with a plan to make the iPhone 11 in India, a manufacturing first for a company that had long relied on China to assemble its newest models.\n\nBut the technology giant halted the effort before setting up a single manufacturing line for that device, a person familiar with the matter said. India wasn’t ready to supply skilled labor or the robust infrastructure Apple expects. It opted to make the iPhone 11 in China instead.\n\nApple is unlikely to shift any of the production of its most expensive iPhones to India later this year, a person familiar with Foxconn’s overseas operations said. The supply chain isn’t in place, and workers in India aren’t ready to produce the high-end, organic light-emitting diode models, this person said. Foxconn didn’t immediately respond to a request for comment.\n\nEfforts to restart production in the U.S. have also hit snags. A plant that has made the niche Mac Pro desktop in Austin, Texas, since 2013 ships product only to North and South America. The models sold around the rest of the world are made in China.\n\nAnd when it came time to choose where to make a new model of iPhone analysts expect Apple to launch in the coming weeks, China got the nod.\n\nNewley Purnell and Yang Jie contributed to this article.\n\nWrite to Tripp Mickle at Tripp.Mickle@wsj.com and Yoko Kubota at yoko.kubota@wsj.com",
    "published": "2020-03-02"
  },
  {
    "source": "WSJ",
    "title": "Ideology and the War on For-Profit Colleges",
    "summary": "Your authors are correct that this regulation was implemented not to benefit students, but to punish for-profit universities on the assumption that all were evil.",
    "link": "https://www.wsj.com/articles/ideology-and-the-war-on-for-profit-colleges-11583191314?mod=Searchresults_pos4&page=11",
    "content": "Andrew Gillen and Richard Vedder’s “Obama Did Persecute For-Profit Colleges” (op-ed, Feb. 26) on the “gainful employment” regulations took me back three years. Our company owned a large, for-profit university, Kaplan University, and I was concentrated on the truly crazy federal regulation of higher education. We no longer own the university (it is thriving under Purdue University’s management).\n\nThe authors are correct that this regulation was implemented not to benefit students, but to punish for-profit universities on the assumption that all were evil. They are not; a cursory glance at the outcomes of my neighbor, Strayer University, will show higher graduation rates and lower defaults on debt than at many famous universities, yet Strayer lost almost half its students during the Obama years.\n\nPhoto: Getty Images/iStockphoto\n\nBut the authors are absolutely wrong that gainful employment is a “good test for college programs.” It is an awful regulation (because it was designed to punish, not to evaluate).\n\nFirst, it focuses entirely on graduates’ earnings during the first two or three years after graduation (this is why programs in medicine, optometry and dentistry fail, as the authors note). No one goes to college because of what they will earn in their first job. They go to prepare for a career which they hope will become gradually more lucrative, and which will last much longer than three years.\n\nSecond, the earnings of a new college graduate will fluctuate wildly with the U.S. economy. To take a simple example: Students graduating from almost any college in 2004 would have earned much more during their first three years than graduates of the same college in 2009, even if they took the same courses from the same teachers. The education was the same, but the economy was worse, so the college is judged to be less valuable. Is this sensible?\n\nThere is a much fairer way to regulate for-profit colleges: Give the students a test upon enrolling and one on graduating. Evaluate the colleges based on how much the students learned. Since for-profit colleges are confined by law to vocational subjects, it shouldn’t be hard to evaluate how much accounting, say, their students had learned.\n\nToday’s for-profit colleges are a tiny sector. But the regulations adopted to punish them are important. Does the U.S. need new, better, less-expensive colleges? Do lower-income students especially need them? The federal government ought to be encouraging the creation of new colleges while finding sensible ways to keep them from mistreating students. The forest of regulations aimed at for-profits—gainful employment and many others—will keep any sane company or entrepreneur from starting such a college.\n\nDonald E. Graham\n\nChairman, Graham Holdings\n\nWashington\n\nThe authors cite how the Obama administration crafted the “gainful employment” regulations which targeted for-profit colleges and other institutions to apply their definition of value. Included were many vocational schools that offered programs in the trades. What the elitists on high failed to understand was that the vocational programs were in many cases the last hope for students seeking self-respect. Many were stigmatized for not being suited for a traditional college education; many still struggled with the fundamental “three Rs,” even after high school. Despite those challenges, many trade-school graduates go on to be the successful Main Street small-business owners whom politicians love to extol. However, few graduates, fresh out of a trade school, could command the higher wages desired by the administration that only time and experience provides.\n\nThe bureaucrats failed to understand that there is more value to a vocational education or program than successful employment. For many of the students who struggled in the programs, such factors as attitude, attention spans, learning disabilities, behavioral issues and other essential employment-related factors were also issues needed to be addressed by their trade school. Unfortunately, these deficiencies were never adequately addressed in the high schools, which didn’t have to contend with the same governmental scrutiny and passed the buck.\n\nA vocational program’s completion would instill pride, self-respect, accomplishment, critical-thinking skills, responsibility, employment expectations and an ability to apply common-sense logic to other jobs and everyday situations, making the students confident, self-supporting adults.\n\nWilliam Alford\n\nPalm Bay, Fla.",
    "published": "2020-03-02"
  },
  {
    "source": "WSJ",
    "title": "ECB Ready to Cut Rates to Bolster Economy Against Coronavirus, Suggests Official",
    "summary": "Vice President Luis de Guindos warned virus could hit exports, disrupt supply chains and curb demand for services",
    "link": "https://www.wsj.com/articles/ecb-ready-to-cut-rates-to-bolster-economy-against-coronavirus-suggests-official-11583154748?mod=Searchresults_pos5&page=5",
    "content": "Luis De Guindos, during a press conference following the meeting of the Governing Council of the European Central Bank. Photo: armando babani/epa-efe/rex/EPA/Shutterstock\n\nA senior European Central Bank official signaled Monday that the bank was prepared to cut interest rates or buy assets to support the eurozone economy against the impact of the coronavirus, a shift in tone that suggests mounting concern in Frankfurt over the widening economic fallout.\n\nSpeaking in London, ECB Vice President Luis de Guindos warned that the spread of the virus could hurt the eurozone’s exports to China, a major overseas market, while disrupting businesses’ supply chains and curbing demand for services in Europe.",
    "published": "2020-03-02"
  },
  {
    "source": "WSJ",
    "title": "U.S. Orders Cap on Chinese State Media Personnel",
    "summary": "State Department to force reduction to 100 employees from 160",
    "link": "https://www.wsj.com/articles/u-s-orders-cap-on-chinese-state-media-personnel-11583172000?mod=Searchresults_pos4&page=17",
    "content": "WASHINGTON—The Trump administration is ordering China’s major state media companies to sharply reduce the ranks of Chinese nationals in the U.S. in retaliation for years of tightening restrictions on American news outlets by Beijing.\n\nState Department officials said Monday that a personnel cap is being imposed on four Chinese media companies, forcing them to reduce their Chinese employees in the U.S. to 100 in total, from 160.\n\nThe companies targeted—Xinhua News Agency, China Radio International, China Global Television Network and China Daily—must comply with the new limits by March 13, the officials said. Those outlets purvey Chinese government views, and the State Department last month said their U.S. operations will be subject to the rules for representatives of a foreign government, not treated as independent news media.\n\nThe Trump administration has adopted a get-tough policy toward Beijing, using tariffs, investment reviews and other tools as punishment for what it sees as a lack of reciprocity in its treatment of American businesses, products and, now, news organizations.\n\nIn announcing the new cap, the State Department officials cited “a longstanding, negative trend” in Beijing’s treatment of foreign journalists.\n\nBeijing in February ordered three Wall Street Journal reporters expelled over a headline on an opinion column that the Chinese government and many Chinese say was offensive. The headline referred to China as “the real sick man of Asia.”\n\nThe U.S. officials didn’t cite the Journal expulsions by name. When asked, a State Department official called them “an egregious example.”\n\n“Irrespective of the reasons that the Chinese government may give for why it expelled this or that reporter, it’s clear that the Chinese Communist Party simply doesn’t want light being shed on a vast range of everyday activities, policies and conditions inside of China,” the senior administration official said.\n\nThe affected media outlets and the Chinese embassy didn’t respond to requests for comment. In Beijing on Tuesday, Chinese Foreign Ministry spokesman Zhao Lijian accused the U.S. of employing a “Cold War mindset” in capping the number of Chinese nationals who can work for Chinese news outlets in the U.S.\n\n“The US is conducting political oppression on Chinese media agencies in the U.S.,” Mr. Zhao said during a routine press briefing, adding that the U.S. move “essentially means that these journalists are expelled.”\n\nAsked whether China would expel additional American journalists or implement a similar cap on U.S. journalists in China, Mr. Zhao said: “We reserve the right to make further responses and take further measures.”\n\nOn Twitter, Foreign Ministry spokeswoman Hua Chunying took a more confrontational approach that hinted at possible retaliation against the U.S.\n\n“Reciprocity?” she tweeted. “29 US media agencies in China VS 9 Chinese ones in the US. Multiple-entry to China VS single-entry to the US. 21 Chinese journalists denied visas last year.”\n\n“Now the US kicked off the game, let’s play,” she added.\n\nWilliam Lewis , chief executive of Dow Jones & Co. and publisher of the Journal, said in a statement: “Our focus is on supporting our journalists, their work and their safety while continuing our commitment to providing readers with a strong understanding of the important stories coming out of China.” He said, “We did not ask the U.S. government to take this action.”\n\nThe expulsion of the Journal reporters was the first time Beijing has ejected so many journalists simultaneously from one foreign media organization in at least four decades. The Communist government under President Xi Jinping has increased policing and censorship of expression inside China and sought to use the issuing of visas and press credentials, as well as police harassment, as levers to intimidate foreign reporters based in China.\n\nAbout 100 American journalists work for U.S. or other foreign news media in China, the State Department officials said. In contrast, the officials said, the U.S. issued “I” visas for foreign media representatives and their relatives to 425 Chinese nationals in 2019. A comparable figure for how many relatives accompany American journalists in China wasn’t available.\n\nUnder the policy announced Monday, the State Department officials said the U.S. wasn’t expelling Chinese nationals but issuing the caps and leaving it to the Chinese media companies to choose whether to reduce the numbers of reporters, or executives and other personnel, to comply.\n\nAsked whether the move could spur retaliation against American journalists in China, the officials demurred and cited the need for reciprocity.\n\n“We don’t have many tools to effect this, but to allow state-run media propaganda organs to operate freely in the U.S. while normal media don’t have the same access in China—it’s time to address that,” a second senior administration official said. “This is housecleaning. We should have addressed this in the past, but we’re getting at it now.”\n\nAs it tightened controls at home, China’s government has pushed state media outlets to expand their presence overseas to promote Beijing’s views and sway international public opinion. In the past few years, their U.S. operations have fallen under scrutiny by both the State Department and the Justice Department.\n\nIn February, the State Department designated the four state media companies now subject to employment caps as “foreign missions.” A fifth entity, the U.S. distributor of China’s official People’s Daily newspaper, received the same designation, though isn’t affected by the caps because it has two employees and both aren’t Chinese nationals, the officials said.\n\nThe “foreign missions” status, usually reserved for diplomats and official representatives of foreign governments in the U.S., provided the regulatory justification for the new policy. As foreign missions, those outlets are required to declare their personnel and property to the State Department, and Monday’s announcement gave the four until Friday to provide the names of those individuals they would no longer employ in the U.S.\n\nUnder the caps—which don’t affect legal residents of the U.S.—China Radio International is limited to two Chinese nationals, China Daily may employ nine, China Global Television Network is limited to 30 and Xinhua News Agency to 59. The State Department didn’t provide figures for how many Chinese nationals currently work at those outlets in the U.S.\n\nThe Justice Department has also pushed Xinhua and China Global Television Network to register under the Foreign Agents Registration Act, a 1938 law meant to curb foreign propaganda and regulate foreign-state advocacy in the U.S. Only CGTN so far has complied, registering last year out of what it said was “an abundance of caution and in the spirit of cooperation with U.S. authorities.”\n\nAfter CGTN registered, the committee that controls press credentials on Capitol Hill revoked the network’s press passes, saying that foreign agents were ineligible for press credentials. Without credentials, the network has limited access to Capitol Hill. Xinhua so far retains its press credentials.\n\nByron Tau and Shan Li contributed to this article.\n\nWrite to Courtney McBride at courtney.mcbride@wsj.com and Rebecca Ballhaus at Rebecca.Ballhaus@wsj.com\n\nCorrections & Amplifications\n\nState Department officials said a personnel cap is being imposed on the U.S. operations of four Chinese media companies. An earlier version of this article in one instance incorrectly said five Chinese media outlets are being targeted by that restriction. (March 3).",
    "published": "2020-03-02"
  },
  {
    "source": "WSJ",
    "title": "Global Growth to Slow Sharply as Virus Takes Heavy Toll, OECD Says",
    "summary": "World’s output could fall during first quarter, putting economy at risk of recession, group says",
    "link": "https://www.wsj.com/articles/global-growth-to-slow-sharply-as-coronavirus-takes-heavy-toll-says-oecd-11583143200?mod=Searchresults_pos7&page=17",
    "content": "Chinese workers at a factory making hazardous-material suits to be used in the coronavirus outbreak.\n\nGlobal economic growth will slow sharply this year as governments attempt to contain the coronavirus epidemic, although the scale of the setback is highly uncertain, the Organization for Economic Cooperation and Development said Monday.\n\nIn its “best case” scenario, the Paris-based research body said the global economy would grow by 2.4%, weaker than the 2.9% expansion projected before the viral outbreak. That lost growth is roughly equivalent to $400 billion. But it said much more severe slowdowns are possible.\n\nThe global economy slowed in 2019, and was particularly weak in the final three months of the year. Given that starting point, the OECD said it is possible that the global output will fall during the first three months of this year, putting the economy at risk of recession.\n\nHowever, the research body is forecasting a rebound in growth during 2021, assuming the outbreak is contained over the coming months. But that recovery wouldn’t be immediate, and some lost output would never be recovered.\n\n“It’s not like it plunges and then it recovers quickly,” said Laurence Boone , the OECD’s chief economist.\n\nTo date, the outbreak has been most severe in China, and the government has responded with travel bans and quarantine requirements that have closed factories and left service providers without customers.\n\nIn its best-case scenario, the OECD forecasts that China’s economy will grow 4.9% this year, down from its previous projection of 5.7%. However, it expects growth to rebound to 6.4% in 2021, having previously forecast an expansion of 5.5%.\n\nLeaders of the World Bank and International Monetary Fund said Monday they are prepared to use tools including emergency financing to help countries address the coronavirus.\n\n“We will use our available instruments to the fullest extent possible, including emergency financing, policy advice and technical assistance,” they said in a joint statement.\n\nIMF Managing Director Kristalina Georgieva and World Bank President David Malpass said international cooperation is essential to deal with the health and economic effects. Finance ministers for the Group of Seven advanced economies plan to hold a conference call Tuesday morning to discuss their response to the virus, a U.S. Treasury spokeswoman confirmed.\n\nIn the U.S., the factory sector remained narrowly in expansion territory in February, although concerns about the coronavirus and its impact on supply chains rattled manufacturers.\n\nThe Institute for Supply Management said Monday its manufacturing index fell to 50.1 in February from 50.9 in January. Readings above 50 indicate activity is expanding across the manufacturing sector, while those below 50 signal contraction.\n\n“Tariffs have been overshadowed by the global coronavirus disruptions as the top issue on supply chain managers’ agendas— at 42% of general comments, up from 2.5% in January,” said Tim Fiore , who oversees the ISM survey of factory purchasing and supply managers. “I don’t think we’ve hit the peak of the impact,” he added.\n\nA survey of businesses released Monday by data firm IHS Markit found that manufacturing activity in China experienced its steepest slump on record during February. The country’s Purchasing Managers Index fell to 40.3 from 50.1 in January, its lowest level since April 2004. A reading below 50.0 points to a drop in activity.\n\nElsewhere in Asia, South Korea’s factories suffered their sharpest slowdown as the country’s PMI fell to 44.4 from 50.1. There were also dips in Japan, Thailand, Malaysia, and Taiwan.\n\nCoronavirus and trade tensions are testing the stability of global supply chains. While that’s pushed some businesses to consider loosening their ties with China, WSJ explains why leaving the “factory of the world” is easier said than done. Photo: China Daily via Reuters\n\nChina accounts for a little more than 16% of global economic output, so disruption in the world’s second-largest economy is expected to have an impact on a number of other economies.\n\nThe OECD said those with the closest links—Japan, South Korea and Australia—will suffer most from a drop in Chinese tourists, a fall in Chinese demand for commodities and other goods, and an interruption in the supply of Chinese-made parts needed to complete products made in other countries. The OECD said that makers of computers, electronics, pharmaceuticals and transportation equipment around the world are particularly reliant on Chinese parts,\n\nFarther afield, the impact on growth is expected to be much more modest. For the U.S., the OECD sees a very slight slowdown this year, with gross domestic product expanding by 1.9% as against a previous forecast of 2%.\n\nIn Italy, the European country with the largest number of victims as the month of February ended, the OECD doesn’t expect to see any growth this year, having previously forecast an increase in GDP of 0.4%. But as with China, it expects to see a recovery in 2021, with growth still projected at 0.5%.\n\nThose projections assume that the outbreak doesn’t have the same impact on Europe and North America as it is having on China. In a scenario where it does, and similarly extensive restrictions on movement are put in place, the OECD forecasts that global economic growth could slow to 1.5% this year. But that isn’t the worst possible outcome, with global growth likely to be even slower if the virus takes hold in Africa, Latin America and India.\n\n“We are super-humble doing this projection, given how uncertain things are,” said Ms. Boone.\n\nThe OECD is the first of the international financial institutions to publish extensive modeling of the potential economic impact of the coronavirus. The body, which provides advice to member governments that include the U.S., also listed a range of policies that they should consider in response to the health emergency.\n\nThey include ensuring that health systems and health workers have the funds available to tackle the virus, and providing financial support to businesses and workers that will suffer from the containment measures.\n\nIndustries such as tourism, which appear likely to be particularly hard hit, could be supported through cheap, long-term loans from the government, the OECD said. China alone accounts for a 10th of all tourists world-wide, and a quarter or more of all visitors in Japan, Korea and some smaller Asian economies. But as tourists become reluctant to visit any other country in which infections have been reported, the damage to a sector that accounts for 7% of employment in the OECD’s 36 member countries will rise.\n\nMs. Boone also said that last week’s steep declines in global stock markets were a “cause for concern” and that policy makers around the world should make it clear that they will work together to provide needed support for economies affected by the virus, as they did during the global financial crisis.\n\n“I would encourage a statement, because it is in the interests of everyone,” she said. “They should make it clear that further accommodation is necessary.”\n\nThat support could come in the form of cuts to key interest rates, but Ms. Boone said central banks alone wouldn’t be in a position to offset the economic losses incurred to contain the virus, and that governments should increase spending where needed.\n\nKate Davidson contributed to this article.\n\nWrite to Paul Hannon at paul.hannon@wsj.com and Harriet Torry at harriet.torry@wsj.com",
    "published": "2020-03-02"
  },
  {
    "source": "WSJ",
    "title": "Prediction Markets Are Far From a Sure Bet Ahead of Super Tuesday",
    "summary": "Bets on Hillary Clinton, who isn’t running, offer some of the best odds on one online marketplace",
    "link": "https://www.wsj.com/articles/prediction-markets-are-far-from-a-sure-bet-ahead-of-super-tuesday-11583156568?mod=Searchresults_pos3&page=18",
    "content": "Betting markets show Hillary Clinton is one of the top contenders in the race for the Democratic nominee.\n\nShe isn’t running for president.\n\nPrediction markets have become a popular, though not necessarily reliable, way for people to bet on political results. While notoriously volatile and often proven wrong, betting markets are drawing extra scrutiny ahead of this week’s Super Tuesday contests.\n\nConsider PredictIt, an online market run by New Zealand’s Victoria University of Wellington. Offering a range of election and other political bets, PredictIt currently shows a bettor can pay 7 cents to win $1 if Mrs. Clinton wins the Democratic nomination. Those are the fourth-best odds of any nominee, better than those of Massachusetts Sen. Elizabeth Warren or former South Bend, Ind., Mayor Pete Buttigieg .\n\nPerhaps the prediction markets know something others don’t, but Mrs. Clinton isn’t a candidate. (A PredictIt spokesman said Mrs. Clinton’s odds were likely a reflection of “trader long-shot bias” and the possibility of a brokered convention, among other factors.)\n\nOther metrics also show extremes that don’t mesh with what more traditional political polls show. Bettors at one point on PredictIt last month gave former New York City Mayor Mike Bloomberg a 33% chance of winning the nomination.\n\nThose odds—which placed him in second place at the time and came on some of the heaviest volume PredictIt has logged over the past 90 days—were also far higher than the probabilities he garnered in other political polls.\n\nThe 2020 presidential election campaign has largely been a secondary factor driving recent financial-market performance. Stocks are coming off their worst week since the financial crisis on fears of how the spreading coronavirus, or Covid-19, could crimp the global economy and corporate profits.\n\nYet some investors also are trying to decipher what the Super Tuesday outcomes could mean for markets, particularly as Vermont Sen. Bernie Sanders appears to be moving closer to securing the nomination.\n\nWSJ’s Gerald F. Seib explains why Democrats have been reluctant to go after Bernie Sanders, the Vermont senator. Photo: Drew Angerer/Getty Images\n\nChris Senyek , chief investment strategist at Wolfe Research, said the markets’ recent swoon was driven by “rising Covid-19 fears, and, to a lesser extent, Bernie Sanders’ strong momentum.”\n\nMixing politics and portfolios has historically had a mixed record. The conventional wisdom heading into the 2016 presidential election was a Donald Trump victory would prompt stocks to go down. Betting markets played down then-candidate Trump’s chances. Of course, the opposite played out.\n\nGoldman Sachs analysts said prediction markets suggest a divided federal government is the most probable election outcome, one that could lead to additional uncertainty if corporate tax reform implemented under President Trump is reversed. Under that scenario, Goldman said, “the impact on S&P 500 profits would be significant.”\n\nThe firm is no longer expecting U.S. companies to post any earnings growth in 2020. It expects exporters will register falling demand and companies will suffer from supply-chain disruptions as a result of the spreading coronavirus outbreak, which could pose widespread disruptions on people’s everyday lives and business activity and imperil the U.S. economy’s longest expansion on record.\n\n“An economic slowdown caused by this virus certainly increases Bernie’s chances,” said Dave Lutz , managing director and head of ETF trading at JonesTrading.\n\nThe thinking is a struggling economy, or even a recession, could hurt Mr. Trump’s odds at being re-elected, paving the way for whoever becomes the Democratic nominee. PredictIt shows Mr. Sanders has a greater-than-50% chance of securing the nomination, but only a 31% chance of beating President Trump in the election.\n\nOne indicator Goldman Sachs analysts are watching is second-quarter gross domestic product growth. Historically, this has been one of the most important metrics to watch in gauging a sitting U.S. president’s re-election probability.\n\n“If Covid-19 becomes widespread and leads to a slowdown in U.S. growth or a recession, it could alter current expected election outcomes,” Goldman said.\n\nWrite to Steven Russolillo at steven.russolillo@wsj.com",
    "published": "2020-03-02"
  },
  {
    "source": "WSJ",
    "title": "Warren, Unlike Sanders, Makes the Medicare Math Add Up",
    "summary": "His plan comes up $12.5 trillion short, while hers spares the middle class a tax increase.",
    "link": "https://www.wsj.com/articles/warren-unlike-sanders-makes-the-medicare-math-add-up-11583193473?mod=Searchresults_pos14&page=8",
    "content": "Bernie Sanders released an updated plan last week to pay for Medicare for All. The plan is light on details, but leaves the senator at least $12.5 trillion short of covering the cost of his health-care proposal over 10 years. It calls for some tax increases on working families, but the real burden may be much higher than advertised: Mr. Sanders may have to raise taxes on American workers by 16 percentage points or more to avoid multitrillion-dollar deficits. Fortunately, Elizabeth Warren’s financing plan for Medicare for All offers a better alternative.\n\nMr. Sanders’s blueprint identifies $17.5 trillion in new federal revenue over the next 10 years, sourced to new or higher taxes on workers and corporations, among other changes to the code. Mr. Sanders bases his calculations on a study by Yale researchers published recently in the Lancet, which found that his plan would reduce national health spending from $52 trillion over a decade to $47 trillion. Mr. Sanders claims he will redirect the current projected $30 trillion in federal, state and local health-care spending over the next decade to Medicare for All. Thus, he says he only needs $17 trillion to fill the gap.\n\nThere are three problems with his math. First, the Yale study didn’t account for the cost of Mr. Sanders’s long-term care program—estimated at around $2.5 trillion. Second, the study assumed reimbursement cuts to hospitals that Mr. Sanders hasn’t explicitly endorsed. Third, Mr. Sanders’s $30 trillion in projected federal spending includes funding for the National Institutes of Health, the Centers for Disease Control and Prevention and more. This money can’t be spent on Medicare for All unless it is zeroed out from these vital public-health agencies.\n\nMost analyses have found that the Sanders Medicare for All proposal would require around $30 trillion in new federal spending over a decade. That leaves Mr. Sanders $12.5 trillion short of what he needs to cover the cost of his plan.\n\nHow could Mr. Sanders fill the gap? His plan includes two proposals that affect middle-class families. One is a 4% “income-based premium” on workers, which excludes the first $29,000 in income for a family of four. This “premium” would be an additional tax on income above the exclusion floor, and presumably even less income would be excluded for single workers or those without children. The senator says this tax will generate $4 trillion over 10 years. To make up the $12.5 trillion shortfall, that tax would need to be roughly four times as large—the equivalent of a tax increase of 16% of income.\n\nMr. Sanders’s second proposal is a 7.5% payroll tax paid by employers that exempts the first $1 million of a company’s payroll. Mr. Sanders estimates this would generate $5.2 trillion over 10 years. To generate the missing $12.5 trillion, that payroll tax rate would need to reach roughly 26.5%. And while the employer receives the bill, higher payroll taxes are mostly passed on to workers in lower wages, reduced hours or both.\n\nMr. Sanders could raise taxes on the wealthy and big corporations. But he already plans to do that: His financing for Medicare for All and other plans includes a wealth tax, a substantial corporate tax increase, a financial-transactions tax, an increase in the top personal tax rate, and a capital-gains tax increase. There isn’t room to squeeze trillions in additional revenue out of these sources.\n\nMr. Sanders is adamant that total costs for middle-class families will go down, because new taxes will be less than what families save on health-care costs. This is plausible in the aggregate at certain income levels. But it is implausible that every middle-class family will come out ahead—especially if the plan is fully paid for in taxes.\n\nThe plan Ms. Warren released in October addresses these vulnerabilities. Unlike Mr. Sanders’s plan, it commits to specific reimbursement rates for health-care providers—roughly 110% of current Medicare rates. Her plan brings the overall cost of Medicare for All down to $20.5 trillion over 10 years, according to an analysis I did with Donald Berwick , who ran the Centers for Medicare and Medicaid Services under President Obama. Ms. Warren’s plan doesn’t raise taxes on the middle class. Every business that pays for employee health insurance today will pay less for each employee during the transition.\n\nAs Democrats choose a nominee, they should consider which candidate’s Medicare for All financing plan is best for working families and provides the most appealing general election message.\n\nMr. Johnson is a professor of entrepreneurship at the MIT Sloan School of Management and an informal adviser to Elizabeth Warren’s campaign.\n\nHighlights from CBS News's Democratic presidential debate on Feb. 25, 2020 demonstrate the candidates' rising desperation as they realize Donald Trump could win another term in office. Image: Jonathan Ernst/Reuters",
    "published": "2020-03-02"
  },
  {
    "source": "WSJ",
    "title": "ECB Ready to Cut Rates to Bolster Economy Against Coronavirus, Suggests Official",
    "summary": "Vice President Luis de Guindos warned virus could hit exports, disrupt supply chains and curb demand for services",
    "link": "https://www.wsj.com/articles/ecb-ready-to-cut-rates-to-bolster-economy-against-coronavirus-suggests-official-11583154748?mod=Searchresults_pos5&page=5",
    "content": "Luis De Guindos, during a press conference following the meeting of the Governing Council of the European Central Bank. Photo: armando babani/epa-efe/rex/EPA/Shutterstock\n\nA senior European Central Bank official signaled Monday that the bank was prepared to cut interest rates or buy assets to support the eurozone economy against the impact of the coronavirus, a shift in tone that suggests mounting concern in Frankfurt over the widening economic fallout.\n\nSpeaking in London, ECB Vice President Luis de Guindos warned that the spread of the virus could hurt the eurozone’s exports to China, a major overseas market, while disrupting businesses’ supply chains and curbing demand for services in Europe.",
    "published": "2020-03-02"
  },
  {
    "source": "WSJ",
    "title": "A Misplaced Faith in the Power of Central Banks",
    "summary": "Monetary policy tools are ill-suited and almost out of ammunition, but fiscal policy has plenty of firepower",
    "link": "https://www.wsj.com/articles/a-misplaced-faith-in-the-power-of-central-banks-11583256163?mod=Searchresults_pos3&page=6",
    "content": "The Federal Reserve, led by Chairman Jerome Powell, had little interest-rate ammunition with which to boost growth even before Tuesday’s cut.\n\nWall Street and President Trump have begged, admonished and tweeted for the Federal Reserve to come to the economy’s rescue. Tuesday morning, the Fed obliged.\n\nBut their faith is likely to prove misplaced. The Fed cannot save the U.S. economy from the coronavirus, for two reasons.\n\nFirst, it can’t restart factories that are missing parts as the virus disrupts supply chains, nor can it persuade worried vacationers to fly. Second, and potentially more important, central banks are losing their grip on the business cycle.\n\nThe Fed had little interest-rate ammunition with which to boost growth even before Tuesday’s cut; the European Central Bank and the Bank of Japan effectively have none. The world is facing its first big shock in an era when central banks are no longer omnipotent.\n\nThe good news is that the same factors that make monetary policy less potent make fiscal policy even more so. With investors rushing to buy government bonds and driving yields down, the U.S. and other rich governments can borrow all they need to fight the virus and recession risk without fear of driving up rates.\n\nU.S. recessions have historically been precipitated by rising inflation and interest rates, collapsing asset prices, or both. Central banks had the right tool kits to respond: they could lower rates or, if necessary, buy assets such as bonds or make direct loans to impaired banks, as they did during the global financial crisis in 2008 to 2009.\n\nSince that crisis, structural factors such as low productivity growth, aging populations and risk aversion kept economic growth and inflation low around the world, making it difficult if not impossible for central banks to raise rates. The ECB and Bank of Japan cut theirs below zero. The Fed raised its short-term interest rate target to between 2.25% and 2.5% in 2018, then had to cut it three times last year, to between 1.5% and 1.75%, because of global slowdown and trade war. On Tuesday, it cut its benchmark rate by a half percentage point.\n\nThe Federal Reserve cut interest rates by half a percentage point Tuesday to ease possible economic disruptions caused by the spread of coronavirus. Photo: Eric Baradat/Agence France-Presse/Getty Images\n\nCentral banks hoped that with time inflation and growth would firm enough for interest rates to return to some normal, positive level. The risk was always that some shock would come along to short-circuit that process.\n\nSuperficially, the coronavirus is similar to other shocks that have rocked the U.S. or global economy in the past, from the Kobe earthquake in Japan in 1995 to the Sept. 11, 2001, terrorist attacks. The effects are usually temporary: “supply-side” disruptions to production, travel and commerce.\n\nEpidemics historically haven’t been disruptive enough to affect gross domestic product much. The Spanish flu pandemic of 1918-19, which killed up to 50 million world-wide and 675,000 in the U.S., only reduced the U.S. GDP by 0.5% in 1918, and the 1957-58 and 1968-69 flu pandemics had even smaller effects, according to the Congressional Budget Office, citing a Canadian study.\n\nThat probably won’t be true this time. Over time, the supply-side disruptions of pandemics have been compounded by demand-side effects: precautionary measures by the authorities, employers and individuals to avoid infection.\n\nThese behavioral effects account for 80% to 90% of the economic hit from epidemics, according to work by Warwick McKibbin , an economist at Australian National University. As with a biological or other terrorism threat, “A large number of people would feel at risk at the onset of a pandemic, even if their actual risk of dying from the disease is low,” he and a co-author wrote in a report for the Brookings Institution this week.\n\nGoldman Sachs estimates 10% to 15% of U.S. GDP consists of services such as entertainment, restaurants, church services and public transportation that would suffer if people limit interaction and avoid large gatherings. Goldman also estimates the disease will knock roughly 3 percentage points off annualized growth in the next quarter, with these demand-side effects accounting for almost half.\n\nThe Fed can’t offset these effects, said Jan Hatzius , Goldman’s chief economist. “If you’re worried about catching a virus, you’re not going to be persuaded to put yourself at risk because of small changes in your wealth or borrowing rates.”\n\nHe said the Fed can help cushion the hit to demand when employees lose their jobs because of supply disruptions or consumers staying home, or spending and investment retreat due to lower stock prices and uncertainty. Lower mortgage rates, for example, could add some construction jobs, “but it’s all pretty small.”\n\nAnother risk: if the Fed lowers interest rates close to zero to deal with the current crisis it will, like the ECB and Bank of Japan now, have no rate ammunition to deal with the next one.\n\nSHARE YOUR THOUGHTS Have you changed your spending or plans because of the coronavirus? Join the conversation below.\n\nNellie Liang , a former Fed economist now at the Brookings Institution, said the central bank can take other actions to help, such as reminding banks they can borrow from the Fed’s discount window if they need funds to help their customers, and dissuade them from foreclosing on customers who miss a payment because of the virus.\n\nBut the real firepower lies with fiscal policy. Congress is working on a $7 billion to $8 billion package to combat the virus. The U.S. could easily borrow more: Congress authorized $65 billion in recovery spending after the 9/11 attacks, $100 billion after Hurricane Katrina in 2005, and $51 billion after Hurricane Sandy in 2012.\n\nPresident Trump has suggested a payroll tax cut. On Monday, Sen. Elizabeth Warren proposed $400 billion of stimulus—roughly 2% of GDP.\n\nWhether that much is needed is unclear. But Ms. Warren is targeting fiscal firepower in a way monetary policy cannot: the Massachusetts Democrat, who is also running for president, would cover the bills of patients being tested or treated for the virus and increase health center capacity.\n\nSome service-sector workers might stay on the job even if they are infected, because they can’t afford to stay home. Ms. Warren proposes paying emergency sick leave to anyone with symptoms, or who has a dependent with symptoms, so they can stay home.\n\nThat is a twofer: it offers protection against recession and epidemic at the same time.\n\nWrite to Greg Ip at greg.ip@wsj.com",
    "published": "2020-03-02"
  },
  {
    "source": "WSJ",
    "title": "Ideology and the War on For-Profit Colleges",
    "summary": "Your authors are correct that this regulation was implemented not to benefit students, but to punish for-profit universities on the assumption that all were evil.",
    "link": "https://www.wsj.com/articles/ideology-and-the-war-on-for-profit-colleges-11583191314?mod=Searchresults_pos4&page=11",
    "content": "Andrew Gillen and Richard Vedder’s “Obama Did Persecute For-Profit Colleges” (op-ed, Feb. 26) on the “gainful employment” regulations took me back three years. Our company owned a large, for-profit university, Kaplan University, and I was concentrated on the truly crazy federal regulation of higher education. We no longer own the university (it is thriving under Purdue University’s management).\n\nThe authors are correct that this regulation was implemented not to benefit students, but to punish for-profit universities on the assumption that all were evil. They are not; a cursory glance at the outcomes of my neighbor, Strayer University, will show higher graduation rates and lower defaults on debt than at many famous universities, yet Strayer lost almost half its students during the Obama years.\n\nPhoto: Getty Images/iStockphoto\n\nBut the authors are absolutely wrong that gainful employment is a “good test for college programs.” It is an awful regulation (because it was designed to punish, not to evaluate).\n\nFirst, it focuses entirely on graduates’ earnings during the first two or three years after graduation (this is why programs in medicine, optometry and dentistry fail, as the authors note). No one goes to college because of what they will earn in their first job. They go to prepare for a career which they hope will become gradually more lucrative, and which will last much longer than three years.\n\nSecond, the earnings of a new college graduate will fluctuate wildly with the U.S. economy. To take a simple example: Students graduating from almost any college in 2004 would have earned much more during their first three years than graduates of the same college in 2009, even if they took the same courses from the same teachers. The education was the same, but the economy was worse, so the college is judged to be less valuable. Is this sensible?\n\nThere is a much fairer way to regulate for-profit colleges: Give the students a test upon enrolling and one on graduating. Evaluate the colleges based on how much the students learned. Since for-profit colleges are confined by law to vocational subjects, it shouldn’t be hard to evaluate how much accounting, say, their students had learned.\n\nToday’s for-profit colleges are a tiny sector. But the regulations adopted to punish them are important. Does the U.S. need new, better, less-expensive colleges? Do lower-income students especially need them? The federal government ought to be encouraging the creation of new colleges while finding sensible ways to keep them from mistreating students. The forest of regulations aimed at for-profits—gainful employment and many others—will keep any sane company or entrepreneur from starting such a college.\n\nDonald E. Graham\n\nChairman, Graham Holdings\n\nWashington\n\nThe authors cite how the Obama administration crafted the “gainful employment” regulations which targeted for-profit colleges and other institutions to apply their definition of value. Included were many vocational schools that offered programs in the trades. What the elitists on high failed to understand was that the vocational programs were in many cases the last hope for students seeking self-respect. Many were stigmatized for not being suited for a traditional college education; many still struggled with the fundamental “three Rs,” even after high school. Despite those challenges, many trade-school graduates go on to be the successful Main Street small-business owners whom politicians love to extol. However, few graduates, fresh out of a trade school, could command the higher wages desired by the administration that only time and experience provides.\n\nThe bureaucrats failed to understand that there is more value to a vocational education or program than successful employment. For many of the students who struggled in the programs, such factors as attitude, attention spans, learning disabilities, behavioral issues and other essential employment-related factors were also issues needed to be addressed by their trade school. Unfortunately, these deficiencies were never adequately addressed in the high schools, which didn’t have to contend with the same governmental scrutiny and passed the buck.\n\nA vocational program’s completion would instill pride, self-respect, accomplishment, critical-thinking skills, responsibility, employment expectations and an ability to apply common-sense logic to other jobs and everyday situations, making the students confident, self-supporting adults.\n\nWilliam Alford\n\nPalm Bay, Fla.",
    "published": "2020-03-02"
  }
]