[
  {
    "source": "WSJ",
    "title": "News Publishers Urge China to Allow Reporters to Remain During Coronavirus Pandemic",
    "summary": "Joint letter by publishers of Wall Street Journal, Washington Post and New York Times seeks reversal of expulsions of American journalists",
    "link": "https://www.wsj.com/articles/news-publishers-urge-china-to-allow-reporters-to-remain-during-coronavirus-pandemic-11585052541?mod=Searchresults_pos17&page=7",
    "content": "Cars filled the Second Ring Road in Beijing on Tuesday, three months after the new coronavirus emerged in China.\n\nThe publishers of The Wall Street Journal, New York Times and Washington Post are asking China to reconsider the expulsion of the news organizations’ reporters during the global coronavirus pandemic, so as not “to deprive the world of critical information at a perilous moment.”\n\nIn a joint letter published in the three newspapers on Tuesday, the publishers called the decision to revoke the press credentials of around a dozen of the news outlets’ reporters “uniquely damaging and reckless as the world continues the struggle to control this disease.”\n\n‘Our news organizations are rivals…. But on this matter, we speak with a single voice’ — William Lewis, Fred Ryan and A.G. Sulzberger\n\nThe move comes amid heightened tensions between the U.S. and China, who have been engaged in a trade war over the past two years, that have led recently to the ousting of journalists from both countries.\n\n“This moment underscores the urgent importance of both probing, accurate, on-the-ground reporting from the centers of the pandemic and of sharing the information, insights and lessons that reporting reveals as widely as possible,” the letter read.\n\nThe letter was signed by William Lewis , Fred Ryan and A.G. Sulzberger , publishers of the Journal, the Post and the Times, respectively.\n\nLast week, the Chinese Ministry of Foreign Affairs ordered all U.S. nationals working for the papers to turn in their press credentials within 10 days, in the largest expulsion of foreign journalists in China in the post-Mao era. It also ordered the three newspapers and two other media outlets—Voice of America and Time magazine—to submit information about staff, finances, operations and real estate in China.\n\nThe move came about a month after China expelled three Journal reporters in response to a piece published on the paper’s opinion page that the country said was racially discriminatory. That led the Trump administration to place a cap on the number of staff at four Chinese state-run news organizations in the U.S., lowering it to 100 from around 160.\n\nChina is sending doctors and medical supplies to Italy and other countries that have been hit hard by the coronavirus. WSJ’s Eric Sylvers in Milan explains how China is using soft power to change perceptions about its handling of the pandemic. Photo: Moura Balti Touati/Shutterstock\n\nChina has become increasingly combative with foreign media in recent years under leader Xi Jinping , as the government has attempted to exert greater control over information. Before expelling the three Journal reporters in February, China hadn’t expelled a credentialed foreign correspondent since 1998.\n\nSo far, China has been the hardest hit by the new coronavirus which has sickened more than 80,000 people in the country, killing nearly 3,300, since the virus emerged in the central Chinese city of Wuhan in December.\n\nThe virus has since become a pandemic, spreading around the world and affecting nearly 400,000 people and leaving close to 17,000 dead. In the U.S., almost 17,000 cases have been confirmed with almost 600 people having died. It has caused widespread lockdowns and closures that have devastated the global economy.\n\n“Even when this crisis passes we believe both countries will continue to benefit from freer access to news and information about the other,” the letter read. “We believe it is unambiguously in the interests of the people of both countries, as well as their leaders, to let journalists do their work.”\n\nWrite to Lukas I. Alpert at lukas.alpert@wsj.com",
    "published": "2020-03-24"
  },
  {
    "source": "WSJ",
    "title": "Coronavirus Could Cut New York State Revenue by Up to $15 Billion, Cuomo Aide Warns",
    "summary": "Budget director expects GDP to shrink in second quarter—and possibly beyond",
    "link": "https://www.wsj.com/articles/coronavirus-crisis-could-cut-new-york-state-revenue-by-up-to-15-billion-cuomo-aide-warns-11585056388?mod=Searchresults_pos19&page=18",
    "content": "Budget Director Robert Mujica said Gov. Cuomo is seeking authority from legislators to make unilateral budget adjustments during the year if revenue declines.\n\nALBANY, N.Y.—State revenue could fall by as much as $15 billion as a result of the novel coronavirus and its effect on the economy, New York’s top budget official said.\n\nNew York State Budget Director Robert Mujica , an appointee of Gov. Andrew Cuomo , said the state expects gross domestic product to shrink in the second quarter of this year and possibly beyond that. Last week, Comptroller Tom DiNapoli estimated state revenue would decline by $4 billion to $7 billion; Mr. Mujica said his latest estimate was a decrease of $9 billion to $15 billion.\n\nThe drop comes as state lawmakers work to develop a new spending plan before the state fiscal year ends on March 31. In January, Mr. Cuomo proposed a $178 billion budget, of which $105.8 billion covered operations. It assumed roughly $88 billion in state revenue, mostly from personal income taxes.\n\nIn an interview Monday with The Wall Street Journal, Mr. Mujica said the Democratic governor’s original proposal is “no longer viable,” absent massive assistance from the federal government to maintain planned outlays for school aid and public worker salaries.\n\nAs a result of the continued uncertainty caused by the coronavirus pandemic, Mr. Mujica said, Mr. Cuomo is seeking legal authority from state legislators to make unilateral budget adjustments during the fiscal year if revenue declines.\n\nAs the Senate struggles to pass a coronavirus rescue package, WSJ’s Gerald F. Seib looks at four key differences between this bailout and the one of 2008 and 2009. Photo: Saul Loeb / Getty Images\n\n“I think what’s critical in the budget is for the legislature to give us the tools to be able to stabilize our finances and make the decisions in the budget to bridge us through this,” Mr. Mujica said.\n\nSpokesmen for Assembly Speaker Carl Heastie and Senate Majority Leader Andrea Stewart-Cousins , both Democrats, didn’t respond to a request for comment about Mr. Mujica’s statement.\n\nBudget negotiations were already contentious before the virus struck New York. Mr. Cuomo set up a task force to reduce Medicaid spending by $2.5 billion to help bridge a $6.1 billion deficit. He also said he would change the state’s new bail law—which eliminated cash bail for most misdemeanor and nonviolent felony offenses—and legalize recreational marijuana as part of the budget.\n\nGov. Andrew Cuomo spoke at a news conference Monday at the Jacob Javits Center, which will house a temporary hospital in response to the Covid-19 outbreak. Photo: John Minchillo/Associated Press\n\nMr. Cuomo said Monday that he would still like both items included in the budget. State Sen. Liz Krueger , a Democrat from Manhattan who sponsors a bill to legalize marijuana, said there were still disagreements over how to distribute any new revenue and that lawmakers might be better off waiting to try to negotiate a solution.\n\nThe governor’s task force on Medicaid recommended decreasing the reimbursement rates for hospitals and nursing homes as well as implementing more stringent procedures for people to use a popular home-care service.\n\nBryan O’Malley , executive director of the Consumer Directed Personal Assistance Association of New York State, which represents companies that arrange home care, said the changes would result in less services.\n\nAt a press conference Monday, Attorney General William Barr announced a new executive order to prohibit the hoarding and price gouging of resources needed to fight the novel coronavirus pandemic. Photo: Jonathan Ernst/Reuters\n\n“We would join in the chorus of people who are saying now is not the time to cut Medicaid. Now is the time that you make sure the resources are there,” Mr. O’Malley said.\n\nIndeed, some legislators are calling for raising taxes to plug the existing deficit. Mr. Cuomo said last week he opposed any tax increases. Mr. Mujica said state income taxes are disproportionately paid by the highest-earning New Yorkers, who were severely affected by downturns in the stock market.\n\n“With negative growth, taxes don’t appear to be the answer,” Mr. Mujica said. “ You can’t get blood from a stone.”\n\nWSJ Newsletter Get an early-morning coronavirus briefing each weekday, plus a health-news update Fridays: Sign up here.\n\nWrite to Jimmy Vielkind at Jimmy.Vielkind@wsj.com",
    "published": "2020-03-24"
  },
  {
    "source": "WSJ",
    "title": "CVS Health CEO Says Supply of Pharmaceuticals Remains Steady",
    "summary": "Larry Merlo, speaking at The Wall Street Journal’s Health Forum, says CVS Health hasn’t experienced difficulty in securing important medication",
    "link": "https://www.wsj.com/articles/cvs-health-ceo-says-supply-of-pharmaceuticals-remains-steady-11585073907?mod=Searchresults_pos4&page=17",
    "content": "Larry Merlo says it is too soon to tell how the pandemic will affect the insurance operations of CVS Health, which acquired Aetna in 2018.\n\nNEW YORK—CVS Health Corp. CVS 0.53 %increase; green up pointing triangle Chief Executive Larry Merlo said the pharmacy operator’s supply of pharmaceuticals remains steady as the coronavirus pandemic roils manufacturing and distribution markets globally.\n\n“We have not experienced any significant out-of-stock or difficulty securing important medications,” for people with chronic disease, Mr. Merlo said at The Wall Street Journal’s Health Forum, held virtually Tuesday. “We are seeing people getting their prescriptions refilled in a very timely manner.”\n\nLatest on the Coronavirus U.S. reports more than 13,000 new coronavirus cases\n\nChina to allow healthy people to leave Wuhan starting April 8\n\nU.S. airlines are drafting plans for a potential voluntary shutdown of virtually all domestic passenger flights\n\nJapan’s prime minister and the International Olympic Committee agree to delay the 2020 Tokyo Olympics\n\nIts retail operations for household basics, though, are under strain from the pandemic, and customers can expect some spot shortages, he said. “There has been a dramatic spike in cleaning supplies, paper products and people looking to restock their medicine cabinets.”\n\nEfforts to expand drive-through testing for the coronavirus are limited by the size of its store parking lots, and the company is in talks with local officials about locations with more space, he said.\n\nMr. Merlo said it is too soon to tell how the pandemic will affect its insurance operations, as hospitals care for coronavirus patients while canceling elective procedures to free beds and medical staff to respond to the pandemic. The pharmacy giant acquired health insurer Aetna Inc. for nearly $70 billion in 2018.\n\nThe fast-spreading virus has taxed the pharmacy giant’s operations in other ways, as it races to hire more staff to drop off customer deliveries and man its stores and distribution centers. CVS said Tuesday it is seeking to fill 50,000 jobs. It is offering its workforce bonuses and child care to keep them on the job.\n\nThe hiring by big pharmacies and retailers comes as millions of Americans are losing jobs from efforts to slow contagion. Lockdowns by states and cities have halted life and business across America in an effort to curb the spread of the virus and avoid overwhelming hospitals with a surge of infected patients, as has happened in Italy and China.\n\nAs many businesses around the world struggle, a Canadian disinfectant company is increasing production to keep up with demand during the novel coronavirus outbreak. Photo: Ron Kolumbus/WSJ\n\nMeasures have devastated industries dependent on travel and foot traffic including airlines, which are grappling with dwindling passengers and spread of the virus among its workforce.\n\nCVS workers who interact with customers risk exposure to the virus. Mr. Merlo said CVS is scouring for supply of personal protective equipment, such as masks and gloves, amid a global shortage. “We have been working all avenues to secure masks and gloves for our front-line employees,” and limited supplies are delivered to hot spots, he said.\n\nThe company is encouraging employees who feel ill to stay home, adding additional sick leave and promising to pay workers who must sit out work to be quarantined, he said. CVS is offering paid leave for 14-day quarantines and expanded its paid sick leave for part-time employees as of Sunday.\n\n“One of the things we have emphasized many times is if you don’t feel well, for whatever reason, stay home,” Mr. Merlo said. Some company employees have tested positive for coronavirus. Cases across the U.S. climbed to 46,800 as of Tuesday, according to Johns Hopkins University.\n\nWSJ Newsletter Get an early-morning coronavirus briefing each weekday, plus a health-news update Fridays: Sign up here.\n\nWrite to Anna Wilde Mathews at anna.mathews@wsj.com and Melanie Evans at Melanie.Evans@wsj.com",
    "published": "2020-03-24"
  },
  {
    "source": "WSJ",
    "title": "Coronavirus Stimulus Should Bar Stock Buybacks",
    "summary": "Large corporations have piled on debt, making themselves vulnerable to shocks.",
    "link": "https://www.wsj.com/articles/coronavirus-stimulus-should-bar-stock-buybacks-11585088778?mod=Searchresults_pos8&page=11",
    "content": "As Covid-19 spreads and the economy falls off a cliff, a debate has erupted about public assistance to large corporations. Defenders of a generous response argue that although big companies find themselves in need of help, it is not their fault. To slow the spread of the disease, government has driven down demand—to near zero in many cases. So government isn’t bailing anyone out, as many believe it did in 2008 and 2009; it’s compensating corporations for the harm that nature and public policy have inflicted on them.\n\nThis story is true. But it’s not the whole truth. Since the end of the Great Recession (a name we may have to reconsider if current trends continue), S&P 500 corporations have engaged in an orgy of cash-draining stock buybacks, much of it financed by increased debt. A 2019 Bank of America study found that over the preceding five years, buybacks by these corporations totaled $2.7 trillion while their debt rose by almost as much—$2.5 trillion. Between the summers of 2018 and 2019, buybacks exceeded free cash flow (cash earnings minus capital expenditures and interest payments). As a result, nonfinancial corporations drained their cash reserves by $272 billion.\n\nThis strategy of leveraged buybacks works fine while everything is going well. The number of shares outstanding shrinks, earnings per share increase, and stock values soar—all financed with low-interest debt courtesy of the Federal Reserve. In 2018 alone, according to Bank of America, buybacks increased reported earnings per share by 21%.\n\nThe problems start when the music stops. As demand for goods and services collapses, corporations are forced to do everything they can to preserve cash, a task made more difficult by the unrelenting pressure of debt service. As buybacks dwindle, so does demand for equities. The dynamics that accelerated the rise in stock values during the bull market now accelerate their decline.\n\nSome of the most profitable firms in the land now say that they cannot hold out for more than a month without access to government-provided credit. For the sake of their employees and economic recovery, they should get it, if it’s backed by sound collateral, with taxpayers at the front of the line of creditors—and if they agree not to engage in further buybacks until government funds are repaid. When the dust settles, we need to discuss the long-term impact of the buyback orgy on the health of the economy.\n\nSmall businesses are another matter altogether, because they did nothing to increase their vulnerability to the existential threat so many of them face. To understand what’s happening at ground level, I called an acquaintance, Jed Webber , who started a restaurant 15 years ago in Massachusetts and is now a co-owner of five. As Gov. Charlie Baker shut down his state’s eateries, Mr. Webber and his co-owners were forced to lay off almost all their 750 employees, no longer paying them but keeping them on company-funded health insurance.\n\nI asked Mr. Webber how he intends to manage his way through this crisis and emerge with at least some of his business intact. His reply: “Everything now is about holding onto the cash.” Fortunately, Mr. Baker declared a three-month moratorium on restaurants’ payments of the state meals tax. But because he did not waive the tax outright, these enterprises will have to make good on back payments when the moratorium ends.\n\nBut with drastically reduced revenue, monthly rents become unaffordable, unless landlords can be persuaded to provide temporary rent reductions or payment delays. Mr. Webber hopes to negotiate some form of forbearance, but there’s no guarantee.\n\nWhen I asked this successful restaurateur to name the most important thing government could do to save his sector, his answer surprised me: Get insurance companies to cover Covid-19 damages under the “business interruption” policies that he and many other owners purchased years ago. This won’t be easy. Insurance companies are taking the position that their policies do not extend to pandemics. In the wake of the 2002-03 SARS outbreak, some of them changed their policies to make this explicit, while the rest say that the existing language is already clear on this point.\n\nLawsuits contesting this stance are already being filed. Meanwhile, a bipartisan group of 18 members of Congress has asked the property-insurance industry to assume responsibility for business interruption losses. Unsurprisingly, the insurers declined, on the grounds that their policies “do not, and were not designed to, provide coverage against communicable diseases such as Covid-19.” As a legal matter, they are probably right, even though their policies typically include provisions protecting policyholders from losses incurred when a civil authority prohibits access to the insured’s property.\n\nWhen an economic crisis is pervasive, neither the private sector nor civil society is equal to the challenge. What was true in 1933 is true today: Only government can do the job—which is why Democrats and Republicans are converging on the largest economic intervention by far in our history.",
    "published": "2020-03-24"
  },
  {
    "source": "WSJ",
    "title": "Coronavirus-Hit Companies Would Get Cash Infusion Under Senate Tax Proposals",
    "summary": "Business tax breaks under consideration delay some payments and accelerate refunds",
    "link": "https://www.wsj.com/articles/coronavirus-hit-companies-would-get-cash-infusion-under-senate-tax-proposals-11585063814?mod=Searchresults_pos6&page=8",
    "content": "The overall relief package could get votes in Congress as soon as Tuesday.\n\nWASHINGTON—Companies would get a cash cushion—and opportunities for creative tax planning—under the Senate’s economic relief proposal.\n\nThe business tax elements of the bill are a small piece of the overall package that could get votes in Congress as soon as Tuesday if negotiators reach a deal. But companies and trade associations have been pushing for the changes, hoping to delay payments and accelerate refunds to help them through the economic disruptions caused by the coronavirus pandemic.\n\nThe nonpartisan Joint Committee on Taxation hasn’t yet estimated the total benefit; still, the changes are likely to let companies defer or reduce their tax bills by hundreds of billions of dollars.\n\nThe most consequential provision in the longer term would let companies use losses from 2018 through 2020 to offset profits from five prior years. Congress used this income-averaging tool in past downturns, and it has bipartisan support. The idea behind the tool—known as net operating loss carryback—is that business income should be measured across a business cycle, so ups and downs cancel each other out.\n\nAs the Senate struggles to pass a coronavirus rescue package, WSJ’s Gerald F. Seib looks at four key differences between this bailout and the one of 2008 and 2009. Photo: Saul Loeb / Getty Images\n\nCongress eliminated loss carrybacks in the 2017 tax law to help pay for a reduced corporate tax rate, but the idea quickly gained traction once the downturn hit. Companies with losses from 2018 and 2019—perhaps firms that made large capital expenditures encouraged by the tax law—could claim refunds quickly under the Senate proposal. Those expecting 2020 losses would know they have a cushion coming after the end of the year.\n\n“That’s the thing that can put cash in companies’ hands most quickly and efficiently,” said Robert Willens , a tax analyst in New York.\n\nAllowing loss carrybacks for 2020 is a sound idea, but including them for 2018 and 2019 is less logical, because those losses are different, said Kimberly Clausing , an economist at Reed College in Portland, Ore.\n\n“It just didn’t make sense to me to start handing out to the least successful companies of our most successful times,” she said.\n\nOnce the immediate crisis passes, the existence of loss carrybacks could upend traditional tax planning as companies try to turn their old profits into refunds. Because most companies reported profits during the economic expansion, every dollar of losses generated in 2020 can generate refunds in early 2021.\n\nThose loss carrybacks are unusually valuable now because they would get claimed at the old 35% corporate tax rate, under the draft legislation that Senate Republicans were circulating last week and over the weekend. So a company that incurs a $10 million loss in 2020 could use that to lower 2016 taxable income by $10 million and get $3.5 million back.\n\n“It could be some pretty significant cash benefits,” said Doug Bekker , a tax partner at accounting firm BDO USA LLP in Grand Rapids, Mich.\n\nThat will create an unusual incentive for companies, which would suddenly have tax reasons to pack losses into 2020. The more that companies can accelerate payments—charitable donations, pension contributions, employee bonuses—into 2020, the more they could benefit.\n\n“There’s an awful lot of taxes that were paid in the past five years that are available to be recouped—if you can do everything in your power to generate a loss while still remaining afloat,” Mr. Willens said.\n\nThat is similar to what companies did as 2017 ended, when they tried to minimize that year’s profits at a 35% tax rate and pack profits into 2018 at the lower 21% rate that kicked in that year under the tax overhaul.\n\n“I might start focusing more on timing items that I otherwise might not have looked at,” Mr. Bekker said.\n\nIn the shorter term, a provision with bigger impact could be fixing a mistake in the 2017 tax law. Lawmakers then were trying to let companies deduct certain building-renovation costs immediately, instead of following the 15-year depreciation schedule that otherwise existed. Instead, they mistakenly made the depreciation period 39 years.\n\nCongress has been deadlocked over whether to fix the error because Democrats, who didn’t write the bill, wanted to get something in return for agreeing to that change. And at first glance, this provision has nothing to do with the current crisis.\n\nBut the Senate proposal would make the intended change count for 2018 and 2019, and the companies that would benefit most happen to be the ones hit hard now.\n\n“It is liquidity in retail, restaurant and hotel space which are the industries that are hurting the most from the social distancing and mandatory store, restaurant closures,” said Rachelle Bernstein , tax counsel for the National Retail Federation, a trade group.\n\nCompanies in these industries could quickly amend their tax returns for both years, claim those one-time deductions and get refunds. Ms. Bernstein estimated potential deductions of at least $15 billion, which would translate into about $3 billion of refunds.\n\nOther provisions are aimed at corporate cash flow. One would let companies defer the employer share of 2020 payroll tax payments until at least the end of 2021. That alone could defer costs of about $60 billion a month, said James Lucier , managing director of Capital Alpha Partners, a research firm in Washington.\n\n“These are really blockbuster tax amendments,” he said, and with the combination of losses and tax laws, “many major U.S. businesses could be paying little to no tax for the next couple of years.”\n\nWrite to Richard Rubin at richard.rubin@wsj.com",
    "published": "2020-03-24"
  },
  {
    "source": "WSJ",
    "title": "News Publishers Urge China to Allow Reporters to Remain During Coronavirus Pandemic",
    "summary": "Joint letter by publishers of Wall Street Journal, Washington Post and New York Times seeks reversal of expulsions of American journalists",
    "link": "https://www.wsj.com/articles/news-publishers-urge-china-to-allow-reporters-to-remain-during-coronavirus-pandemic-11585052541?mod=Searchresults_pos17&page=7",
    "content": "Cars filled the Second Ring Road in Beijing on Tuesday, three months after the new coronavirus emerged in China.\n\nThe publishers of The Wall Street Journal, New York Times and Washington Post are asking China to reconsider the expulsion of the news organizations’ reporters during the global coronavirus pandemic, so as not “to deprive the world of critical information at a perilous moment.”\n\nIn a joint letter published in the three newspapers on Tuesday, the publishers called the decision to revoke the press credentials of around a dozen of the news outlets’ reporters “uniquely damaging and reckless as the world continues the struggle to control this disease.”\n\n‘Our news organizations are rivals…. But on this matter, we speak with a single voice’ — William Lewis, Fred Ryan and A.G. Sulzberger\n\nThe move comes amid heightened tensions between the U.S. and China, who have been engaged in a trade war over the past two years, that have led recently to the ousting of journalists from both countries.\n\n“This moment underscores the urgent importance of both probing, accurate, on-the-ground reporting from the centers of the pandemic and of sharing the information, insights and lessons that reporting reveals as widely as possible,” the letter read.\n\nThe letter was signed by William Lewis , Fred Ryan and A.G. Sulzberger , publishers of the Journal, the Post and the Times, respectively.\n\nLast week, the Chinese Ministry of Foreign Affairs ordered all U.S. nationals working for the papers to turn in their press credentials within 10 days, in the largest expulsion of foreign journalists in China in the post-Mao era. It also ordered the three newspapers and two other media outlets—Voice of America and Time magazine—to submit information about staff, finances, operations and real estate in China.\n\nThe move came about a month after China expelled three Journal reporters in response to a piece published on the paper’s opinion page that the country said was racially discriminatory. That led the Trump administration to place a cap on the number of staff at four Chinese state-run news organizations in the U.S., lowering it to 100 from around 160.\n\nChina is sending doctors and medical supplies to Italy and other countries that have been hit hard by the coronavirus. WSJ’s Eric Sylvers in Milan explains how China is using soft power to change perceptions about its handling of the pandemic. Photo: Moura Balti Touati/Shutterstock\n\nChina has become increasingly combative with foreign media in recent years under leader Xi Jinping , as the government has attempted to exert greater control over information. Before expelling the three Journal reporters in February, China hadn’t expelled a credentialed foreign correspondent since 1998.\n\nSo far, China has been the hardest hit by the new coronavirus which has sickened more than 80,000 people in the country, killing nearly 3,300, since the virus emerged in the central Chinese city of Wuhan in December.\n\nThe virus has since become a pandemic, spreading around the world and affecting nearly 400,000 people and leaving close to 17,000 dead. In the U.S., almost 17,000 cases have been confirmed with almost 600 people having died. It has caused widespread lockdowns and closures that have devastated the global economy.\n\n“Even when this crisis passes we believe both countries will continue to benefit from freer access to news and information about the other,” the letter read. “We believe it is unambiguously in the interests of the people of both countries, as well as their leaders, to let journalists do their work.”\n\nWrite to Lukas I. Alpert at lukas.alpert@wsj.com",
    "published": "2020-03-24"
  }
]