[
  {
    "source": "WSJ",
    "title": "India to Cut Taxes, Increase Spending in Bid to Revive Growth",
    "summary": "Market slumps as budget fails to deliver more sweeping efforts to speed up economy",
    "link": "https://www.wsj.com/articles/india-to-cut-taxes-increase-spending-in-bid-to-revive-growth-11580650460?mod=Searchresults_pos4&page=8",
    "content": "“This is the budget to boost [Indians’] incomes and enhance their purchasing power,” Finance Minister Nirmala Sitharaman said in introducing the budget on Saturday.\n\nNEW DELHI—India is cutting income taxes and increasing spending, hoping to resuscitate growth, which has tumbled to a 10-year low in Asia’s third-largest economy.\n\nSome economists and executives, however, warned that some of the measures unveiled over the weekend could end up hurting the economy more than they help it.\n\nIn its national budget released Saturday, the government of Prime Minister Narendra Modi said it was delaying plans to rein in the fiscal deficit so it could spend more as the economy needs government help to create jobs for its 1.3 billion people.\n\n“This is the budget to boost [Indians’] incomes and enhance their purchasing power,” Finance Minister Nirmala Sitharaman said at the start of a more than 2½-hour budget speech Saturday. “Only through higher growth we can achieve that and have our youth gainfully and meaningfully employed.”\n\nIn the past year, Mr. Modi has been implementing a series of controversial social measures long on the wish list of the country’s Hindu nationalist groups. Citizens and companies were looking to the budget for signs he has a clear plan to reverse the county’s economic slowdown.\n\nGrowth in India’s gross domestic product is likely to dip to a more than 10-year low of 5% or less for the fiscal year ending March 31, according to economists. As India’s working-age population grows by 10 million people annually, that is a disappointing performance for a popular prime minister who came to power promising to make India an economic superpower.\n\nOn Saturday the government unveiled a long list of measures to energize consumption and investment. It lowered income taxes and some corporate taxes and pledged more investment in infrastructure, rural development, education and health care.\n\nPrime Minister Narendra Modi spoke at a news conference Friday as his government said it was delaying plans to rein in the fiscal deficit so it could spend more to help create jobs. Photo: T. Narayan/Bloomberg News\n\nTo accommodate the spending, India decided to miss its own budget-deficit target. It had intended to drop the deficit to GDP ratio to 3.0% in the year beginning this April but now plans to let that rise to 3.5%.\n\nThe government said it would try to increase its revenue by selling stakes in state-owned companies, including one of the country’s largest insurance companies, Life Insurance Corp.\n\nOptimists had predicted that in the face of the sudden slowdown—India has seen its GDP expansion rate fall from the fastest in the world for large countries to slower than many peers in Asia—Mr. Modi’s administration might have been more ambitious. They were hoping for even more spending and progress on long-discussed overhauls such as easing restrictions on hiring and land use.\n\nThe benchmark Sensex stock index tumbled close to 2.5% in special Saturday trading on budget day, reflecting their disappointment, said Aurodeep Nandi , a Mumbai-based economist with Nomura.\n\n“The markets plunged because they were expecting the budget to be a game changer,” he said. “They were expecting some growth-reviving announcements like massive increase in expenditure, which didn’t happen.”\n\nThe Indian auto sector, which is in the middle of its biggest slump with car and motorcycle sales down more than 20% in recent quarters from a year earlier, was hoping for help.\n\n“The Indian automobile industry was looking forward to some direct benefits in the budget, which could have helped in reviving demand,” said Rajan Wadhera, president of industry group the Society of Indian Automobile Manufacturers. “The Budget speech was not what we were expecting.”\n\nSome executives were also discouraged by the budget’s bias toward protecting local companies from international competition. The budget included a slew of higher import tariffs on electronics, electric vehicles, toys and other products and repeatedly mentioned the importance of combating the dumping of goods on the South Asian market.\n\nJoining the growing global trend towards protectionism may shelter some less competitive local companies for a while, economists said. But in the long run it may mean India misses a unique opportunity to step up and become an integral part of the global supply chain as the U.S.-China trade war forces manufacturers to look for new bases. More tariffs could also further aggravate already tense trade relations with the U.S.\n\nVibhuti Agarwal contributed to this article.\n\nWrite to Eric Bellman at eric.bellman@wsj.com",
    "published": "2020-02-02"
  },
  {
    "source": "WSJ",
    "title": "U.K. Companies Brace for Bumps on Brexit Homestretch",
    "summary": "More talks and deadlines loom after exit from EU lifted some uncertainty for businesses",
    "link": "https://www.wsj.com/articles/u-k-companies-brace-for-bumps-on-brexit-homestretch-11580644800?mod=Searchresults_pos4&page=6",
    "content": "LONDON—Although Britain left the European Union on Friday, more than three years after voters chose to exit from the bloc, the terms of their future economic relationship still have to be thrashed out.\n\nThat means that, after a spell of uncertainty and political turmoil that hammered investment and slowed growth, executives are still in the dark over essential questions on tariffs and regulations.\n\n“We haven’t got 100% certainty, which is what business needs,” said Nik Kotecha , chief executive of Morningside Pharmaceuticals Ltd., a drugmaker based in Loughborough, England.\n\nThough the U.K. formally left the EU at the end of January, London and Brussels have agreed that their commercial relationship—amounting to $850 billion in annual cross-border trade—would remain essentially unchanged until the end of 2020.\n\nThis period of transition is designed to give negotiators time to work out a trade accord and other long-term ties. For now, businesses can operate more or less as normal following the confusion of the past three years.\n\nSome uncertainty dissipated after Prime Minister Boris Johnson won an election victory in December that allowed him to clear a logjam in Parliament that threatened, at one time or another, to derail Brexit or push the U.K. out of the bloc without a deal to smooth its departure.\n\nSlow Rebound\n\nThe IMF says the U.K. could outpace the EU's biggest economies by 2021—if it reaches a trade deal.\n\nGDP, change from a year earlier\n\nGermany France U.K. 2.5% 2.0 1.5 1.0 0.5 0 2016 ’17 ’18 ’19 ’20 ’21 ’16 ’17 ’18 ’19 ’20 ’21 ’16 ’17 ’18 ’19 ’20 ’21 U.K. France Germany 2.5% 2.0 1.5 1.0 0.5 0 2016 ’21 ’16 ’21 ’16 ’21 U.K. France Germany 2.5% 2.0 1.5 1.0 0.5 0 2016 ’21 ’16 ’21 ’16 ’21 U.K. France Germany 2.5% 2.0 1.5 1.0 0.5 0 2016 ’21 ’16 ’21 ’16 ’21\n\n“People are making plans again,” said Dominic Fleming , head of business development at Stadium MK, a soccer stadium and hotel and entertainment complex in Milton Keynes , England.\n\nMr. Fleming said the number of corporate bookings for events and conferences had ticked up since the election, after a slow 2019.\n\nBut until remaining negotiations are resolved, the British economy is expected to remain below par, economists said. The International Monetary Fund expects the U.K. to expand 1.4% in 2020, faster than France and Germany but short of the 2.4% pace the U.K. achieved in 2015, the year before voters chose to quit the EU. The Bank of England on Thursday sounded a gloomier note, saying it expects growth of only 0.8% this year.\n\nThat forecast assumes trade talks, set to begin within weeks, go smoothly.\n\nMr. Johnson, who won the election with a promise to “get Brexit done,” is adamant that trade talks must be concluded by Dec. 31.\n\nSHARE YOUR THOUGHTS Is the period of transition in 2020 helpful for business or just prolonging uncertainty? Join the conversation below.\n\nBut Ursula von der Leyen , president of the EU’s executive arm, and Phil Hogan , the bloc’s top trade official, have warned that reaching a trade agreement on such a tight timetable won’t be easy. The EU’s deal with Canada took seven years to complete.\n\nA decision on whether to extend the trade standstill beyond the end of this year must be made six months earlier, by July 1.\n\nThat means corporate concern over Brexit will likely intensify in the months ahead as those deadlines near, said Simon Hart , Brexit lead partner at business advisory firm RSM UK Group LLP.\n\nMr. Hart expects greater volatility in U.K. stock, bond and currency markets as the December deadline nears, strains likely to push up corporate borrowing costs and sap economic activity.\n\n“I think we will find that as 2020 goes on, we will probably see a ramping up of stress in the U.K. system again,” he said.\n\nPrime Minister Boris Johnson visited The Industry Centre at the University of Sunderland in northeast England on Friday, the day the U.K. formally left the European Union. Photo: scott heppell/Agence France-Presse/Getty Images\n\nLondon and Brussels also by Dec. 31 have to figure out how to put into operation the complex customs and regulatory arrangement governing trade between the Republic of Ireland, which is part of the EU, and Northern Ireland and the rest of Britain.\n\nThe U.K. and EU agreed to a protocol that avoids the need for checks on goods crossing the land frontier between the north and south of the island of Ireland. But it isn’t clear how the accord, which allows for some checks on goods moving from Northern Ireland to the rest of the U.K., will work in practice.\n\nDecisions are also expected by midyear on fishing rights, data-transfer rules and financial services.\n\nFor executives such as Mr. Kotecha, the big question in the coming trade talks is whether the U.K. will continue to follow EU regulations that allow for the free circulation of goods within the bloc’s vast single market without hindrance.\n\nWithout regulatory harmony, Morningside Pharmaceuticals could face new barriers to selling its medicines to EU member states, which currently provide around 5% of its annual revenue, Mr. Kotecha said.\n\nAfter years of uncertainty and missed deadlines, the U.K. is finally leaving the EU. But the Brexit drama may not be over as the U.K. enters a new phase of negotiations with its trading partners. WSJ’s Jason Douglas reports. Photo: Daniel Leal-Olivas/Getty Images\n\nThe company would need to set up a subsidiary in the EU, apply for new licenses for its drugs and submit its products to additional testing at an EU lab. He said he was hopeful that alignment would continue and such steps wouldn’t be necessary.\n\nThe British government said it wants the freedom to diverge from EU rules when it believes it is in the interests of British business but won’t do so for the sake of it.\n\nThat would likely mean new barriers to trade are inevitable, said Sam Lowe , a trade-policy expert at the Centre for European Reform, a London think tank. The moment the U.K. gets the right to choose to diverge from the EU on regulations, the EU will treat it as if it already has diverged, he said.\n\nFor Richard Swart , global sales and quality director at Berger Global, a Durham, England, unit of Germany’s Ringmetall AG that manufactures rings used to seal container drums, Friday’s milestone marks the end of the first stage of Brexit and the beginning of the “nitty-gritty.”\n\nBusinesses need clarity as soon as possible, he said. “The options are adapt, die or relocate.”\n\nWrite to Jason Douglas at jason.douglas@wsj.com",
    "published": "2020-02-02"
  },
  {
    "source": "WSJ",
    "title": "India to Cut Taxes, Increase Spending in Bid to Revive Growth",
    "summary": "Market slumps as budget fails to deliver more sweeping efforts to speed up economy",
    "link": "https://www.wsj.com/articles/india-to-cut-taxes-increase-spending-in-bid-to-revive-growth-11580650460?mod=Searchresults_pos18&page=6",
    "content": "“This is the budget to boost [Indians’] incomes and enhance their purchasing power,” Finance Minister Nirmala Sitharaman said in introducing the budget on Saturday.\n\nNEW DELHI—India is cutting income taxes and increasing spending, hoping to resuscitate growth, which has tumbled to a 10-year low in Asia’s third-largest economy.\n\nSome economists and executives, however, warned that some of the measures unveiled over the weekend could end up hurting the economy more than they help it.\n\nIn its national budget released Saturday, the government of Prime Minister Narendra Modi said it was delaying plans to rein in the fiscal deficit so it could spend more as the economy needs government help to create jobs for its 1.3 billion people.\n\n“This is the budget to boost [Indians’] incomes and enhance their purchasing power,” Finance Minister Nirmala Sitharaman said at the start of a more than 2½-hour budget speech Saturday. “Only through higher growth we can achieve that and have our youth gainfully and meaningfully employed.”\n\nIn the past year, Mr. Modi has been implementing a series of controversial social measures long on the wish list of the country’s Hindu nationalist groups. Citizens and companies were looking to the budget for signs he has a clear plan to reverse the county’s economic slowdown.\n\nGrowth in India’s gross domestic product is likely to dip to a more than 10-year low of 5% or less for the fiscal year ending March 31, according to economists. As India’s working-age population grows by 10 million people annually, that is a disappointing performance for a popular prime minister who came to power promising to make India an economic superpower.\n\nOn Saturday the government unveiled a long list of measures to energize consumption and investment. It lowered income taxes and some corporate taxes and pledged more investment in infrastructure, rural development, education and health care.\n\nPrime Minister Narendra Modi spoke at a news conference Friday as his government said it was delaying plans to rein in the fiscal deficit so it could spend more to help create jobs. Photo: T. Narayan/Bloomberg News\n\nTo accommodate the spending, India decided to miss its own budget-deficit target. It had intended to drop the deficit to GDP ratio to 3.0% in the year beginning this April but now plans to let that rise to 3.5%.\n\nThe government said it would try to increase its revenue by selling stakes in state-owned companies, including one of the country’s largest insurance companies, Life Insurance Corp.\n\nOptimists had predicted that in the face of the sudden slowdown—India has seen its GDP expansion rate fall from the fastest in the world for large countries to slower than many peers in Asia—Mr. Modi’s administration might have been more ambitious. They were hoping for even more spending and progress on long-discussed overhauls such as easing restrictions on hiring and land use.\n\nThe benchmark Sensex stock index tumbled close to 2.5% in special Saturday trading on budget day, reflecting their disappointment, said Aurodeep Nandi , a Mumbai-based economist with Nomura.\n\n“The markets plunged because they were expecting the budget to be a game changer,” he said. “They were expecting some growth-reviving announcements like massive increase in expenditure, which didn’t happen.”\n\nThe Indian auto sector, which is in the middle of its biggest slump with car and motorcycle sales down more than 20% in recent quarters from a year earlier, was hoping for help.\n\n“The Indian automobile industry was looking forward to some direct benefits in the budget, which could have helped in reviving demand,” said Rajan Wadhera, president of industry group the Society of Indian Automobile Manufacturers. “The Budget speech was not what we were expecting.”\n\nSome executives were also discouraged by the budget’s bias toward protecting local companies from international competition. The budget included a slew of higher import tariffs on electronics, electric vehicles, toys and other products and repeatedly mentioned the importance of combating the dumping of goods on the South Asian market.\n\nJoining the growing global trend towards protectionism may shelter some less competitive local companies for a while, economists said. But in the long run it may mean India misses a unique opportunity to step up and become an integral part of the global supply chain as the U.S.-China trade war forces manufacturers to look for new bases. More tariffs could also further aggravate already tense trade relations with the U.S.\n\nVibhuti Agarwal contributed to this article.\n\nWrite to Eric Bellman at eric.bellman@wsj.com",
    "published": "2020-02-02"
  },
  {
    "source": "WSJ",
    "title": "The ‘Living Constitution’ Denied the Vote to Generations",
    "summary": "If only late 19th-century courts had followed the original meaning of the 15th Amendment.",
    "link": "https://www.wsj.com/articles/the-living-constitution-denied-the-vote-to-generations-11580674107?mod=Searchresults_pos10&page=14",
    "content": "The sesquicentennial of the 15th Amendment—ratified Feb. 3, 1870—provides a reminder of the importance of adhering to the Constitution’s original meaning.\n\nThe amendment provides: “The right of citizens of the United States to vote shall not be denied or abridged by the United States or by any State on account of race, color, or previous condition of servitude.” It was the last of the three Reconstruction amendments, and after a promising start, including the election or appointment of some 2,000 black public officials, it was disregarded until the mid-20th century.\n\nAn 1870 lithograph depicting the forseeable results of the 15th Amendment. Photo: Corbis via Getty Images\n\nThe 14th Amendment, ratified in 1868, guaranteed equal protection of the law but did not directly prohibit racial discrimination in voting. Instead it reduced the number of House seats for states that discriminated. The need for a stronger constitutional guarantee was highlighted by the Georgia General Assembly’s expulsion of its black members after military rule had ended.\n\nCongress proposed the 15th Amendment on Feb. 26, 1869, and ratification took almost a year. The three southern states still under military rule were required to ratify the proposed amendment, as was Georgia after President Ulysses S. Grant requested its temporary return to military rule. When Iowa became the 28th state to ratify, one day after Georgia did, the 15th Amendment became law.\n\nIn the face of rampant violence and intimidation by the Ku Klux Klan and similar terrorist organizations, Grant called for legislation to enforce the new amendment. Congress passed a series of Enforcement Acts, pursuant to which Grant employed federal troops to protect former slaves and the newly established Justice Department to prosecute racial violence. That crushed the 19th-century Klan, but resistance continued in other forms. Ominously, during the mid-1870s, public opinion in the North, which had been essential to Reconstruction’s political success, turned against the federal government’s sweeping intervention.\n\nThe Supreme Court’s 15th Amendment decisions reached outcomes more amenable to public opinion than to the amendment’s framers, starting with U.S. v. Reese (1876), which struck down provisions of the 1870 Enforcement Act. President Rutherford B. Hayes withdrew the last remaining troops from their posts in the South shortly after his 1877 inauguration.\n\nThat is widely remembered as the end of Reconstruction, but the reality is more complex. Republican presidents between Hayes and Benjamin Harrison tried to salvage what they could of the Reconstruction amendments. Their efforts were anemic compared with Grant’s but did include more than 1,200 voting-rights prosecutions. The decisive moment didn’t come until 1891, when a Harrison-supported bill to step up voting-rights enforcement died in the Senate.\n\nStarting in the 1890s, Southern states advanced measures to disfranchise blacks, including literacy tests, poll taxes and grandfather clauses. Rates of lynching soared. In 1903 the Supreme Court refused relief in two cases involving race-based disfranchisement, Giles v. Harris and James v. Bowman. The latter decision narrowed the 15th Amendment even more than Reese had, striking down another section of the 1870 Enforcement Act because it applied to private individuals who were not state actors. To reach this conclusion required unmistakable disregard for the amendment’s framers, who were concerned about nonstate actors like the Klan when they voted for the legislation. A 1910 Harvard Law Review article noting the court’s dodges was titled “Is the Fifteenth Amendment Void?”\n\nVoting rights in the South made a dramatic return under the Voting Rights Act of 1965, which reopened channels to redress discrimination, adding the federal government’s rigorous scrutiny of election practices to weed out generations of disfranchisement.\n\nBy then the justices were much more receptive to race-discrimination claims. They still are, notwithstanding demagogic claims that voter ID laws or the court’s decision in Shelby County v. Holder (2013) is the work of resurgent white supremacists. Black voters set a new turnout record for midterm elections in 2018.\n\nIn recent years, the conservative justices have been more likely to object to racial gerrymandering—something that was true of liberal justices of a previous era. In Holder v. Hall (1994), Justice Clarence Thomas wrote a concurrence, joined by Justice Antonin Scalia , denouncing the practice. It echoed Justice William O. Douglas ’s dissent, joined by Justice Arthur Goldberg , in Wright v. Rockefeller (1964). In Rice v. Cayetano (2000), Justices John Paul Stevens and Ruth Bader Ginsburg were the only dissenters from the invalidation of a law limiting the right to vote for a state agency’s trustees to those deemed “native Hawaiians” by ancestry.\n\nYet such differences pale next to the history that rendered the 15th Amendment a dead letter for a lifetime. Conservatives and liberals alike have cause to celebrate the amendment’s ultimate triumph in fulfilling its central objective. But those who would change the Constitution’s original meaning to conform to the times should be careful what they wish for. The times don’t always respect important constitutional rights.\n\nMr. Scaturro is author of “President Grant Reconsidered” and “The Supreme Court’s Retreat from Reconstruction.”\n\nWonder Land: The traditional view of African-American voters supporting the Democratic Party could be upended by three recent polls, which show growing support for President Trump among black voters. Image: Curtis Compton/Zuma Press",
    "published": "2020-02-02"
  },
  {
    "source": "WSJ",
    "title": "Emerging and Growth Markets, February 1st 2020",
    "summary": "Note: This is a web-version of the WSJ’s weekly Emerging & Growth Markets newsletter. The newsletter is a companion to Strategic Intelligence, an information resource focused on emerging markets that brings together the global news coverage of The Wall Street Journal with the analysis of market intelligence firm DuckerFrontier. Click here to receive the newsletter in your inbox.",
    "link": "https://www.wsj.com/articles/emerging-and-growth-markets-01580659846?mod=Searchresults_pos16&page=18",
    "content": "Note: This is a web-version of the WSJ’s weekly Emerging & Growth Markets newsletter. The newsletter is a companion to Strategic Intelligence, an information resource focused on emerging markets that brings together the global news coverage of The Wall Street Journal with the analysis of market intelligence firm DuckerFrontier. Click here to receive the newsletter in your inbox.\n\nConcerns grow over Africa’s debt burden. African countries’ recent build-up of foreign-currency-denominated debt is prompting fears that a tightening of global financial conditions could trigger borrowing problems in coming years, Anna Isaac reports. In the decade through 2019, debt levels in sub-Saharan countries excluding South Africa have risen 23 percentage points to around 50% of gross domestic product, according to the Institute of International Finance, a banking industry research group.\n\nMuch of that issuance has occurred in dollar- or euro-denominated bonds issued in the past three years. Driving the issuance: copious demand from international investors for higher-yielding debt, combined with a slide in local currencies and commodity prices that has crimped government revenues.\n\nThe oil-rich West African nation of Gabon is the latest issuer of an international bond from the region. The country this week sold a $1 billion 10-year bond, yielding 6.625%.\n\nCountries such as Zambia are showing signs of starting to struggle, the IIF says. Zambia’s dollar bonds due in 2027, for instance, now yield more than 17%, up from around 9% when issued, according to FactSet.\n\nThe country has entered into talks with China about how to renegotiate the terms of bilateral debts. “They need supportive, calm climates in financial markets because most investors don’t know these countries,” Elina Ribakova, deputy chief economist at the IIF, said.\n\nBenin’s reforms continue to bear fruit. A range of innovative reforms is helping Benin boost government revenues, reduce corruption and sustain one of Africa’s fastest rates of economic growth. Core to the reforms is moving key processes such as revenue collection and tax inspection online, the country’s finance minister, Romuald Wadagni, told the Journal.\n\n“With e-filing you can increase efficiency and create a system that limits the physical connection between people in business or at the tax authority. It brings transparency reduces the opportunities for corruption,” he said.\n\nMoving to an electronic system for collecting sales tax has doubled the revenue generated, Mr. Wadagni said. “What helped increase compliance, though, is that we created a lottery so every time you buy something you get a receipt with a number, and every Friday one of the numbers wins $1,000,” he said. “That’s encouraged consumers to push merchants to use electronic the cashier and to give a receipt.”\n\nThe reforms are part of a broad strategy that includes diversifying the economy away from its heavy reliance on cotton exports. “We’re investing in moving up the value chain—transforming cotton and cashews, for example—and encouraging construction and tourism,” Mr. Wadagni said.\n\nThe IMF, which recently praised Benin’s economic performance, expects growth to increase “in 2020 and remain sustained over the medium term, buttressed by vigorous cotton production, construction, and port activity.”\n\nAfrica’s worst locust plague in decades threatens millions. A plague of desert locusts ravaging crops across East Africa, including in Kenya, Ethiopia, Eritrea and Djibouti, presents an unprecedented threat to food security and livelihoods in the Horn of Africa, Nicholas Bariyo reports. “This has become a situation of international dimensions that threatens the food security of the entire subregion,” Qu Dongyu, director general of the United Nations Food and Agriculture Organization said.\n\nDesert locusts—the most devastating of all locust species—can consume their weight in food each day. Swarms potentially containing hundreds of millions of insects each can travel over 90 miles a day; a swarm the size of Manhattan can consume as much food in a day as the population of the New York tri-state area, said FAO locust expert Keith Cressman. Some swarms are far bigger.\n\nIf the outbreak isn’t controlled and conditions remain favorable for breeding, it could reach 30 countries in Africa and Asia, the U.N. said. The U.N. estimates that 23.6 million people in East Africa are already facing food shortages due to rains, insecurity and now locust infestation. Some 8.4 million people in Ethiopia alone may need food aid because of crop losses from the locusts, the U.N. warned.\n\nCease-fire falters as Libya’s warring factions resume fighting. A resumption in fighting in Libya is threatening to unravel efforts to end a nearly decadelong crisis in the North African country, less than two weeks after foreign backers of the two main warring factions agreed to support a cease-fire there, Jared Malsin and Benoit Faucon report.\n\nForces loyal to Khalifa Haftar, a former military commander who leads a faction based in the country’s east, shelled the Libyan capital’s only functioning airport this week as they attempted to take control of Tripoli from the United Nations-backed government. They also battled pro-government fighters near the port city of Misrata.\n\nOn Thursday, pro-government forces said they shot down a Russian surveillance drone over Tripoli that was flying in support of Mr. Haftar’s fighters. The two sides have accused each other of breaking a fragile cease-fire put in place earlier this month after Turkey and Russia, who back opposing sides in the conflict, called for a truce.\n\nAsia\n\nCoronavirus spurs fresh fears about growth in emerging markets. The fallout from the deadly coronavirus, which has triggered fresh concerns over global growth, has been battering emerging markets this week, Amrith Ramkumar reports. After weeks of hoping that a trade detente would buoy the global economy, investors have retreated from wagers on commodities and emerging markets dependent on Chinese consumption.\n\n“The market doesn’t really believe in a global-growth story anymore—it believes in the central-bank prop-up,” said Christopher Stanton, chief investment officer of Sunrise Capital Partners.\n\nThe latest volatility comes after investors had favored emerging markets for weeks, leaving them vulnerable to a reversal, analysts say. Money had flowed into emerging-market stock funds in 13 consecutive weeks through Jan. 22; billions of dollars also went into funds tracking emerging-market debt, according to figures from EPFR Global.\n\nThe S&P 500 is up 24% in the past year and has marched steadily higher for most of that stretch. By contrast, an index tracking emerging-markets stocks is up only about 6.5% during that span.\n\nMiddle East\n\nArab leaders’ support for Mideast peace plan marks a regional shift. President Trump’s Middle East peace plan has jolted regional dynamics, with Israel preparing to quickly annex West Bank land once expected to be part of a Palestinian state and key Arab leaders tentatively backing the U.S. initiative, Dion Nissenbaum reports.\n\nFor decades, Arab and Muslim leaders have held fast to the view that any deal with Israel should include a withdrawal of Israeli forces from Palestinian land, and the establishment of an independent Palestinian state with parts of East Jerusalem as its capital. While many Middle East leaders still support those goals, officials in Arab capitals have been frustrated by Palestinian leaders’ reluctance to compromise on those points.\n\nThe Trump administration has wooed officials from Saudi Arabia, the United Arab Emirates, Oman, Bahrain, and other nations in the region in an effort to transcend the political impasse, and to some extent they are responding. The most important regional players—Saudi Arabia and the U.A.E.—both urged Palestinian leaders to accept the Trump plan as a basis for new talks with Israel, a move that would force them to make significant concessions, such as Israeli annexation of the Jordan Valley.\n\n“What’s historic here is that it’s the first time…that the Arab position has not been a replica of the Palestinian position,” said David Makovsky, director of the Project on Arab-Israel Relations at the Washington Institute for Near East Policy.\n\nIraqis head to streets after security forces move to quash protests. Iraqis flocked to join antigovernment protests on Sunday after an influential cleric withdrew his support and security forces moved to quash the four-month-old uprising, Isabel Coles reports. A wave of students headed to protest sites in Baghdad and southern cities, some of them chanting against populist cleric Moqtada al-Sadr, who last Friday said he would no longer be involved with the protests.\n\nFollowing Mr. Sadr’s announcement, security forces firing tear gas and live ammunition pushed to regain control over some protest sites, killing 12 demonstrators, according to the Iraqi Human Rights Commission.\n\nThe latest deaths brought the toll since October to more than 500, according to the rights commission. Despite the violence, protesters remained on the streets of Baghdad and other southern cities, pressing their demands for an overhaul of the political system that has failed to deliver prosperity.\n\nEurope\n\nPompeo assures Ukraine of U.S. support in its disputes with Russia. Secretary of State Mike Pompeo this week assured Ukraine of the U.S.’s full support in its territorial disputes with Russia, Georgi Kantchev writes. During a visit to Ukraine, Mr. Pompeo also denied that the Trump administration is making an invitation for Ukrainian President Volodymyr Zelensky to visit the White House conditional on Kyiv’s opening an inquiry into the business dealings of former Vice President Joe Biden’s family.\n\nA senior State Department official said Mr. Pompeo and Mr. Zelensky didn’t discuss the impeachment hearings in their meeting in Kyiv, focusing instead on investment and infrastructure. “Our commitment to support [Ukraine] will not waver,” Mr. Pompeo said following his talks with Mr. Zelensky. “The United States sees that the Ukrainian struggle for freedom, democracy and prosperity is a valiant one.”\n\nDescribing Ukraine as a “bulwark between freedom and authoritarianism in Eastern Europe,” Mr. Pompeo said Washington would continue to financially assist Kyiv and support the former Soviet republic in its conflict with Russia.\n\nLatin America\n\nHow Russia, Turkey, India and other countries helped Venezuela sidestep U.S. sanctions. The Trump administration’s bid to replace Venezuela’s authoritarian leader Nicolás Maduro hit a roadblock after a meeting with Russian officials in Rome last year—and has never recovered. U.S. envoy Elliott Abrams met Russian deputy foreign minister Sergei Ryabkov hoping to persuade Russia to withdraw its support for Mr. Maduro and to recognize Juan Guaidó as Venezuela’s legitimate leader. Mr. Ryabkov instead demanded the U.S. back down from military threats and lift the economic sanctions intended to force Mr. Maduro’s hand.\n\nIn an in-depth analysis, Jessica Donati, Andrew Restuccia and Ian Talley explain how the U.S. campaign spiraled into a foreign-policy debacle, thwarted by familiar adversaries, Russia and Cuba, as well as allies, Turkey and India—all countries that one way or another helped Venezuela sidestep U.S. sanctions, according to current and former U.S. officials and Venezuelan opposition activists.\n\nIn a separate report, Ryan Dube, Juan Forero and Kejal Vyas explain how Mr. Maduro’s government is easing controls on private companies, imports and the Venezuelan currency as it seeks to outlast U.S. sanctions.\n\nWhat We’re Reading\n\nGambia causes alarm with arrest of 137 during anti-government protests. (AP)\n\nShunned by the West and China, Zimbabwe turns to U.A.E. (Yahoo)\n\nBurundi’s ruling party signals President Nkurunziza will not stand for reelection. (AP)\n\nDP World proposes $1b Bangladesh logistics infrastructure plan. (The Loadstar)\n\nNational Bank of Cambodia nears launch of blockchain-based money transfer platform. (Phnom Penh Post)\n\nMyanmar says Western rights pressure might push it closer to China. (Yahoo)\n\nIran’s leadership works to heal rifts opened amid protests. (WSJ)\n\nLebanon takes steps to avoid capital flight. (Bloomberg)\n\nSaudi air defenses thwart attack on Aramco. (WSJ)\n\nReviving Syria’s economy is an uphill battle for Assad after years of war. (WSJ)\n\nSlovenian Prime Minister Sarec resigns and calls snap election. (DW)\n\nRomania: Can 2019’s best frontier market continue to perform in 2020? (Intellinews)\n\nIMF team to travel to Argentina after ‘positive’ talks in New York. (Reuters)\n\nTrump Administration Imposes New Travel Restrictions on Six Countries. (WSJ)",
    "published": "2020-02-02"
  },
  {
    "source": "WSJ",
    "title": "Right to Work: A Good Issue for Republicans",
    "summary": "There are certainly many private workers in Virginia who voted for Democrats in the last statewide election who will not take kindly to union fees being deducted from their paychecks without their consent.",
    "link": "https://www.wsj.com/articles/right-to-work-a-good-issue-for-republicans-11580670334?mod=Searchresults_pos18&page=19",
    "content": "Your Jan. 29 editorial observes that “Virginia May Kill Right to Work.” Really? This must be the best news the economic-development folks in North and South Carolina have gotten, maybe ever. I suspect it is not terrible news to the Republican Party in the Old Dominion either. There are certainly many private workers in Virginia who voted for Democrats in the last statewide election who will not take kindly to union fees being deducted from their paychecks without their consent.\n\nJack Aden\n\nWestminster, S.C.\n\nA better “right” for the nation is “the right to compete.” This means that any job or contract using any public money must be bid on by union and nonunion providers of the service or else the job or contract will not be awarded. This is fair to everyone, fairest of all to those who pay for the service, the taxpayers, and fairest to everyone wishing to compete for tax-supported jobs and contracts.\n\nDoes anyone pay taxes to exclusively subsidize those in unions instead of being fair to anyone wanting to work? The right to compete should be a national right, to respect taxpayers and to be fair to all workers.\n\nGardner A. Cadwalader\n\nPhiladelphia",
    "published": "2020-02-02"
  },
  {
    "source": "WSJ",
    "title": "On the Political Economy of Climate Change",
    "summary": "As long as activists pretend that addressing carbon emissions requires the disassembly of capitalism, people on the right will deny the existence of climate change.",
    "link": "https://www.wsj.com/articles/on-the-political-economy-of-climate-change-11580670296?mod=Searchresults_pos15&page=16",
    "content": "A helicopter crew fighting a wildfire in East Gippsland, Victoria state, Australia in December. Photo: /Associated Press\n\nIn “Are Fires a Climate Wake-up Call?” (Business World, Jan. 22), Holman W. Jenkins, Jr. notes that “contrary to the tone of much activism, things that would be worth doing are not a big reach.” He then suggests that the reason sensible policies aren’t implemented is because Democrats won’t get behind Republican proposals, such as reducing income taxes in exchange for a carbon tax. He’s correct, but like most conservative thinkers he misses the deeper reasons why climate activists are wholly uninterested in such solutions. It isn’t just stubborn partisanship.\n\nIf we address carbon emissions without overhauling the economy, leftists lose a major chance to implement anticapitalist policies. For them, climate-change solutions are inextricably linked with income redistribution and inequality. Climate change is so urgent that it requires a total remake of society, they tell us, but not urgent enough that carbon taxes and nuclear energy should be considered. To simply address climate change without a major societal transformation is, to the left, unthinkable. Is it any wonder, then, that some conservatives prefer to deny the existence of climate change, rather than accept its reality and therefore the “need” for massive government intervention in the economy and our personal lives?",
    "published": "2020-02-02"
  },
  {
    "source": "WSJ",
    "title": "New Jersey’s Teflon Tax Abuse",
    "summary": "Companies get needless credits, and legislators look the other way.",
    "link": "https://www.wsj.com/articles/new-jerseys-teflon-tax-abuse-11580680137?mod=Searchresults_pos7&page=8",
    "content": "It’s rare that a Governor decides to lift the hood on state agencies and pinpoint sources of waste and corruption. But public pressure compelled New Jersey Gov. Phil Murphy ’s inquiry into corporate subsidies, and what it found is that abuses are business as usual.\n\nIn January the task force released its second report on the state’s Economic Development Authority, which since 2005 has doled out more than $11 billion in credits to New Jersey businesses. The report found the expected boondoggles, such as $33 million awarded to a health center that allegedly faked a plan to move jobs out of state. More notably, the task force also assailed the public authority for its habit of “getting to yes.”\n\nFor each company seeking a tax break, the report says, the EDA “made efforts to interpret and apply the governing statutes and regulations in a manner that favored the interests of the applicant.” The program’s overseers sought to grant as many tax breaks as possible and maximize the amounts, all while referring to businesses as “clients” and criticizing employees for “asking too many questions” about the applicants’ business plans.\n\nYet so far none of this documented crony capitalism has been sufficient to push Trenton lawmakers toward reform. Senate President Steve Sweeney , Mr. Murphy’s fellow Democrat and a co-creator of the tax-credit program, mulled a veto override last August after the Governor froze funding. Today Mr. Sweeney is standing firm in opposition to Mr. Murphy’s proposal to cap any reinstated program at $340 million annually. By now most Garden State taxpayers have learned to doubt that any diagnosis of corruption will be followed with a cure.\n\nMr. Murphy isn’t blameless in this subsidy game. With no sense of irony, the Governor recently reapproved New Jersey’s separate program for film tax credits, which offer up to $100 million a year in breaks for shooting movies in the state.\n\nAll of this matters beyond New Jersey because corporate tax incentives are trending nationwide. A study from the National Bureau of Economic Research in January by Columbia’s Cailin Slattery and Princeton’s Owen Zidar finds that state and local tax breaks to lure companies have tripled since 1990, but they produce few economic benefits.\n\nInstead of a rare tool to draw a major employer, tax subsidies have become the main economic strategy for many states. “Incentives amounted to nearly 40% of state corporate tax revenues for the typical state,” the study found. Other taxpayers bear the burden lifted from these favored businesses, the economists found, yet there’s “limited evidence that these subsidized firms have employment spillovers in the local economy.”\n\nState Sen. Chris Brown , who sponsored the film subsidies, explained how New Jersey arrived at this moment. In a statement he blamed “Trenton’s high taxes,” which make tax relief necessary to woo new business. True enough: New Jersey placed dead last in the Tax Foundation’s 2020 ranking of state business-tax climates. Tailored tax breaks—and their abuses—will continue to increase until statehouses reduce their corporate tax rates.\n\nThey lost on substance and the politics. Image: Stefani Reynolds/Zuma Press",
    "published": "2020-02-02"
  },
  {
    "source": "WSJ",
    "title": "India to Cut Taxes, Increase Spending in Bid to Revive Growth",
    "summary": "Market slumps as budget fails to deliver more sweeping efforts to speed up economy",
    "link": "https://www.wsj.com/articles/india-to-cut-taxes-increase-spending-in-bid-to-revive-growth-11580650460?mod=Searchresults_pos13&page=1",
    "content": "“This is the budget to boost [Indians’] incomes and enhance their purchasing power,” Finance Minister Nirmala Sitharaman said in introducing the budget on Saturday.\n\nNEW DELHI—India is cutting income taxes and increasing spending, hoping to resuscitate growth, which has tumbled to a 10-year low in Asia’s third-largest economy.\n\nSome economists and executives, however, warned that some of the measures unveiled over the weekend could end up hurting the economy more than they help it.\n\nIn its national budget released Saturday, the government of Prime Minister Narendra Modi said it was delaying plans to rein in the fiscal deficit so it could spend more as the economy needs government help to create jobs for its 1.3 billion people.\n\n“This is the budget to boost [Indians’] incomes and enhance their purchasing power,” Finance Minister Nirmala Sitharaman said at the start of a more than 2½-hour budget speech Saturday. “Only through higher growth we can achieve that and have our youth gainfully and meaningfully employed.”\n\nIn the past year, Mr. Modi has been implementing a series of controversial social measures long on the wish list of the country’s Hindu nationalist groups. Citizens and companies were looking to the budget for signs he has a clear plan to reverse the county’s economic slowdown.\n\nGrowth in India’s gross domestic product is likely to dip to a more than 10-year low of 5% or less for the fiscal year ending March 31, according to economists. As India’s working-age population grows by 10 million people annually, that is a disappointing performance for a popular prime minister who came to power promising to make India an economic superpower.\n\nOn Saturday the government unveiled a long list of measures to energize consumption and investment. It lowered income taxes and some corporate taxes and pledged more investment in infrastructure, rural development, education and health care.\n\nPrime Minister Narendra Modi spoke at a news conference Friday as his government said it was delaying plans to rein in the fiscal deficit so it could spend more to help create jobs. Photo: T. Narayan/Bloomberg News\n\nTo accommodate the spending, India decided to miss its own budget-deficit target. It had intended to drop the deficit to GDP ratio to 3.0% in the year beginning this April but now plans to let that rise to 3.5%.\n\nThe government said it would try to increase its revenue by selling stakes in state-owned companies, including one of the country’s largest insurance companies, Life Insurance Corp.\n\nOptimists had predicted that in the face of the sudden slowdown—India has seen its GDP expansion rate fall from the fastest in the world for large countries to slower than many peers in Asia—Mr. Modi’s administration might have been more ambitious. They were hoping for even more spending and progress on long-discussed overhauls such as easing restrictions on hiring and land use.\n\nThe benchmark Sensex stock index tumbled close to 2.5% in special Saturday trading on budget day, reflecting their disappointment, said Aurodeep Nandi , a Mumbai-based economist with Nomura.\n\n“The markets plunged because they were expecting the budget to be a game changer,” he said. “They were expecting some growth-reviving announcements like massive increase in expenditure, which didn’t happen.”\n\nThe Indian auto sector, which is in the middle of its biggest slump with car and motorcycle sales down more than 20% in recent quarters from a year earlier, was hoping for help.\n\n“The Indian automobile industry was looking forward to some direct benefits in the budget, which could have helped in reviving demand,” said Rajan Wadhera, president of industry group the Society of Indian Automobile Manufacturers. “The Budget speech was not what we were expecting.”\n\nSome executives were also discouraged by the budget’s bias toward protecting local companies from international competition. The budget included a slew of higher import tariffs on electronics, electric vehicles, toys and other products and repeatedly mentioned the importance of combating the dumping of goods on the South Asian market.\n\nJoining the growing global trend towards protectionism may shelter some less competitive local companies for a while, economists said. But in the long run it may mean India misses a unique opportunity to step up and become an integral part of the global supply chain as the U.S.-China trade war forces manufacturers to look for new bases. More tariffs could also further aggravate already tense trade relations with the U.S.\n\nVibhuti Agarwal contributed to this article.\n\nWrite to Eric Bellman at eric.bellman@wsj.com",
    "published": "2020-02-02"
  },
  {
    "source": "WSJ",
    "title": "India to Cut Taxes, Increase Spending in Bid to Revive Growth",
    "summary": "Market slumps as budget fails to deliver more sweeping efforts to speed up economy",
    "link": "https://www.wsj.com/articles/india-to-cut-taxes-increase-spending-in-bid-to-revive-growth-11580650460?mod=Searchresults_pos18&page=6",
    "content": "“This is the budget to boost [Indians’] incomes and enhance their purchasing power,” Finance Minister Nirmala Sitharaman said in introducing the budget on Saturday.\n\nNEW DELHI—India is cutting income taxes and increasing spending, hoping to resuscitate growth, which has tumbled to a 10-year low in Asia’s third-largest economy.\n\nSome economists and executives, however, warned that some of the measures unveiled over the weekend could end up hurting the economy more than they help it.\n\nIn its national budget released Saturday, the government of Prime Minister Narendra Modi said it was delaying plans to rein in the fiscal deficit so it could spend more as the economy needs government help to create jobs for its 1.3 billion people.\n\n“This is the budget to boost [Indians’] incomes and enhance their purchasing power,” Finance Minister Nirmala Sitharaman said at the start of a more than 2½-hour budget speech Saturday. “Only through higher growth we can achieve that and have our youth gainfully and meaningfully employed.”\n\nIn the past year, Mr. Modi has been implementing a series of controversial social measures long on the wish list of the country’s Hindu nationalist groups. Citizens and companies were looking to the budget for signs he has a clear plan to reverse the county’s economic slowdown.\n\nGrowth in India’s gross domestic product is likely to dip to a more than 10-year low of 5% or less for the fiscal year ending March 31, according to economists. As India’s working-age population grows by 10 million people annually, that is a disappointing performance for a popular prime minister who came to power promising to make India an economic superpower.\n\nOn Saturday the government unveiled a long list of measures to energize consumption and investment. It lowered income taxes and some corporate taxes and pledged more investment in infrastructure, rural development, education and health care.\n\nPrime Minister Narendra Modi spoke at a news conference Friday as his government said it was delaying plans to rein in the fiscal deficit so it could spend more to help create jobs. Photo: T. Narayan/Bloomberg News\n\nTo accommodate the spending, India decided to miss its own budget-deficit target. It had intended to drop the deficit to GDP ratio to 3.0% in the year beginning this April but now plans to let that rise to 3.5%.\n\nThe government said it would try to increase its revenue by selling stakes in state-owned companies, including one of the country’s largest insurance companies, Life Insurance Corp.\n\nOptimists had predicted that in the face of the sudden slowdown—India has seen its GDP expansion rate fall from the fastest in the world for large countries to slower than many peers in Asia—Mr. Modi’s administration might have been more ambitious. They were hoping for even more spending and progress on long-discussed overhauls such as easing restrictions on hiring and land use.\n\nThe benchmark Sensex stock index tumbled close to 2.5% in special Saturday trading on budget day, reflecting their disappointment, said Aurodeep Nandi , a Mumbai-based economist with Nomura.\n\n“The markets plunged because they were expecting the budget to be a game changer,” he said. “They were expecting some growth-reviving announcements like massive increase in expenditure, which didn’t happen.”\n\nThe Indian auto sector, which is in the middle of its biggest slump with car and motorcycle sales down more than 20% in recent quarters from a year earlier, was hoping for help.\n\n“The Indian automobile industry was looking forward to some direct benefits in the budget, which could have helped in reviving demand,” said Rajan Wadhera, president of industry group the Society of Indian Automobile Manufacturers. “The Budget speech was not what we were expecting.”\n\nSome executives were also discouraged by the budget’s bias toward protecting local companies from international competition. The budget included a slew of higher import tariffs on electronics, electric vehicles, toys and other products and repeatedly mentioned the importance of combating the dumping of goods on the South Asian market.\n\nJoining the growing global trend towards protectionism may shelter some less competitive local companies for a while, economists said. But in the long run it may mean India misses a unique opportunity to step up and become an integral part of the global supply chain as the U.S.-China trade war forces manufacturers to look for new bases. More tariffs could also further aggravate already tense trade relations with the U.S.\n\nVibhuti Agarwal contributed to this article.\n\nWrite to Eric Bellman at eric.bellman@wsj.com",
    "published": "2020-02-02"
  }
]