[
  {
    "source": "WSJ",
    "title": "U.S.-China Trade Disarray Sounds Like an Opportunity for Mexico—But It Isn’t Working Out That Way",
    "summary": "Mexico’s increasing violence and economic conditions work against U.S. direct investment there",
    "link": "https://www.wsj.com/articles/u-s-china-trade-disarray-sounds-like-an-opportunity-for-mexicobut-it-isnt-working-out-that-way-11584270001?mod=Searchresults_pos20&page=15",
    "content": "GoPro CEO Nick Woodman moved most production of U.S.-bound cameras from China to Mexico—but GoPro is the exception, not the rule.\n\nMEXICO CITY—With global supply chains in disarray amid the U.S.-China trade war and the coronavirus pandemic, Mexico might seem a logical winner if U.S. companies decide they want to diversify away from China and make some products closer to home.\n\nMexico clinched a new trade deal with the U.S. and Canada last year and has now replaced China as the U.S.’s largest single trading partner.\n\n“These trade frictions between the U.S. and China and the coronavirus should definitely be a godsend to Mexico,” said Alberto Ramos , chief Latin America economist at Goldman Sachs Group Inc. “Mexico would be extremely well positioned to capture part of that trade.”\n\nWhile Mexico might benefit in the long run, there are plenty of reasons to be cautious about predicting a flood of companies heading there. For starters, the data doesn’t suggest Mexico is enjoying an investment boom.\n\nForeign direct investment in Mexico fell 5.2% last year compared with 2018, according to preliminary government figures, while the economy shrank by 0.1% in 2019. Mexico’s exports to the U.S. have grown modestly over the past year and a half, far slower than those from countries like Vietnam.\n\nSupply-chain experts point to several factors. Despite the new U.S.-Mexico-Canada trade deal, the Trump administration could upend trade relations at any time.\n\nAdding to the uncertainty are the economic policies of Mexico’s nationalist President Andrés Manuel López Obrador and increasing violence that has turned parts of the country into no-go areas.\n\n“I don’t think trade relations are sufficiently settled to boost long-term investment in Mexico as a hub,” said Gustavo Rangel , chief Latin America economist at ING Financial Markets. “Clearly China is a riskier bet, but it’s unclear to what extent that benefited Mexico.”\n\nApart from a jump in automotive exports in 2018, Mexico’s manufactured exports haven’t responded to the U.S.-China trade tensions with the expected surge, according to economist Brad Setser , a senior fellow at the Council on Foreign Relations.\n\nMeantime, annual growth in U.S. imports of manufactured goods from Vietnam jumped to more than 40% in early 2019, and remained above 30% through the end of the year, according to Census Bureau data. Monthly U.S. imports of manufactures from Mexico grew around 10% a month in early 2019 but were falling at the end of the year, while U.S. import growth from China contracted sharply all year.\n\n“It’s impossible to make an argument in a statistical sense that there has been a large visible shift to Mexico,” Mr. Setser said.\n\nA big reason manufacturing might be sticking in Asia rather than relocating is that supply chains in industries like electronics are deeply entrenched, and Mexico lacks a deep supply chain in areas outside the automotive sector, Mr. Setser said. Overall costs in Asia are also still low.\n\nMexico, however, could still benefit over the longer term.\n\nManufacturing wages in Mexico are lower than in China, and the country isn’t only next door to the U.S., but also shares cultural ties and similar time zones with U.S. firms.\n\nIn January, Jose Luis Bernal , Mexico’s ambassador to China, said that at least three Chinese auto firms, including car maker Changan, electric-car manufacturer BYD and assembly and auto parts firm JAC Motors, planned to begin or expand production in Mexico in the next year.\n\nAnd last year, sports-camera maker GoPro Inc. moved most production of its U.S.-bound cameras from China to the Mexican city of Guadalajara. At the time, a GoPro executive said the decision “supports our goal to insulate us against possible tariffs as well as recognize some cost savings and efficiencies.”\n\nMr. López Obrador’s policies are also undermining Mexico’s foreign-investment potential, observers say. In his first year in office, he canceled the country’s biggest public-works project, a partially built Mexico City airport, and halted any new oil auctions for private oil firms.\n\nThe latest private-sector casualty could be Constellation Brands Inc., which brews Mexico’s venerable Corona beer for U.S. drinkers. The López Obrador administration is organizing a referendum on March 21 in the border city of Mexicali to decide whether the beer maker, one of Mexico’s largest foreign investors, can complete construction of a $1.4 billion plant, after community groups raised objections about its intensive water consumption. The cancellation of such a large-scale project would send a wrong signal to foreign investors, executives say.\n\nMexico’s lagging foreign investment is a long-term trend. Foreign direct investment averaged 1.6% of Mexico’s gross domestic product over the past decade, compared with an average of 2.2% of GDP from 1995 to 2007, estimates Sergi Lanau, deputy chief economist at the Institute of International Finance in Washington, D.C.\n\nOut-of-control criminal violence doesn’t help. Last year was the bloodiest in Mexico’s recent history, with 35,588 people murdered, according to government estimates.\n\nIn 2018, the American Chamber of Mexico, an association of business groups, polled 415 of its members on security issues and found that 25% of them believed their businesses were less safe than the previous year. Of those, 71% attributed the decline in security to the rise of organized crime. More than 14% of businesses questioned said they had suspended operations in certain Mexican states because of rising violence.\n\nDavid Luhnow and Anthony Harrup contributed to this article.\n\nWrite to Robbie Whelan at robbie.whelan@wsj.com and Santiago Pérez at santiago.perez@wsj.com",
    "published": "2020-03-15"
  },
  {
    "source": "WSJ",
    "title": "U.S. Treasury to Help Advance Funds to Employers for Paid Sick Leave",
    "summary": "Secretary Mnuchin says the measures aimed at helping businesses that may have cash-flow problems related to disruptions from the coronavirus",
    "link": "https://www.wsj.com/articles/u-s-treasury-to-help-advance-funds-to-employers-for-paid-sick-leave-11584275421?mod=Searchresults_pos15&page=18",
    "content": "Treasury Secretary Steven Mnuchin said employers will be able to use cash deposited with the Internal Revenue Service to pay sick-leave wages.\n\nWASHINGTON—Treasury Secretary Steven Mnuchin said his agency would advance funds to businesses so they can meet paid sick-leave requirements under a new House bill to combat the novel coronavirus.\n\nIn a statement late Saturday night, Mr. Mnuchin said employers will be able to use cash deposited with the Internal Revenue Service to pay sick-leave wages. For businesses that wouldn’t have sufficient taxes to draw from, the Treasury would make advances to cover the costs, he said.\n\nMr. Mnuchin said the measures were aimed at helping businesses that may have cash-flow problems related to disruptions from the virus.\n\n“We are hearing feedback that certain small businesses are concerned about the burden of this,” Mr. Mnuchin said on Fox News Sunday, referring to the House bill. “We were very focused [that] we need to get the money to the people quickly. We don’t want them to have to deal with the big bureaucracy.”\n\nEven before the bill becomes law, Mr. Mnuchin’s statement indicates an administration approach that goes far beyond what the Treasury Department would typically do to assist individual businesses. The IRS is expected to release guidance soon for waiving tax deadlines because of the coronavirus, though some business returns are still due Monday unless the government says otherwise.\n\nThe bill, which the House passed early Saturday morning, would allow for two weeks of paid sick leave and up to three months of paid family and medical leave.\n\nMr. Mnuchin reiterated Sunday that the House bill is only the second in what is likely to be multiple legislative efforts to protect the economy—including workers and businesses—from the fallout of the spreading coronavirus.\n\nAdministration officials are already working with the Senate on the next phase, which he said will focus on help for the travel industry, including airlines, hotels and cruise lines, which have been particularly hard-hit.\n\nHe also disputed that the aid would amount to bailouts similar to those provided to the banking and auto industries during the 2008 financial crisis.\n\n“If you’re providing liquidity to good businesses that just need liquidity for three to six months, where you’re taking collateral and you have security, that’s not a bailout,” he said, adding, “Our focus is going to be on stimulus for the workers and getting money to the workers that [are] impacted.”\n\nPresident Trump has also called for a payroll tax-cut to help boost demand in the face of a broader economic slowdown, though Republicans and Democrats have been skeptical of the idea, and Mr. Mnuchin recommended against it last week in a closed-door meeting with the president.\n\nMr. Mnuchin on Sunday said the president would also be willing to consider refundable tax credits, which could get money to people more quickly.\n\n“If there’s other ways working with Congress we can get money to people, the president will absolutely consider that,” he said.\n\nNegotiations over the House bill hit a snag late Friday when Republicans balked at some provisions over mandatory sick leave, which require companies with fewer than 500 employees to pay wages to certain workers who were exposed to coronavirus, as well as people whose family members were exposed or who faced child-care problems because of the pandemic.\n\nSome GOP lawmakers were especially worried about small businesses that could face cash-flow problems, even if the costs of paid leave were reimbursed later through a tax credit. In a last-minute deal, negotiators agreed to include an exemption for businesses with fewer than 50 employees, and President Trump instructed Mr. Mnuchin and Labor Secretary Eugene Scalia to propose regulations to ensure the legislation doesn’t hurt small businesses.\n\nThe Senate is scheduled to return to Washington on Monday to consider the measure. Meanwhile, the House may need to make unspecified technical corrections to the bill as well.\n\nWSJ Newsletter Get an early-morning coronavirus briefing each weekday, plus a health-news update Fridays: Sign up here.\n\nWrite to Kate Davidson at kate.davidson@wsj.com",
    "published": "2020-03-15"
  },
  {
    "source": "WSJ",
    "title": "Virus Relief but New Business Burdens",
    "summary": "The House bill imposes paid leave mandates that may never go away.",
    "link": "https://www.wsj.com/articles/virus-relief-but-new-business-burdens-11584314861?mod=Searchresults_pos9&page=20",
    "content": "House Democrats and the White House are patting themselves on the back for passing a coronavirus relief bill late Friday that most Members didn’t even have time to read before voting 363-30 in favor. Let’s hope that, in the name of helping workers, the bill doesn’t create permanent new burdens on the businesses that employ them.\n\nThe bill includes some sensible emergency health measures including waiving insurance co-pays for diagnostic testing and treatment. But nothing in health care is free, so don’t be surprised if private insurers raise premiums next year to make up for the cost. Treatment and testing costs for the uninsured would be covered by the federal government.\n\nLess targeted is a 6.2 percentage-point across-the-board increase in federal payment rates to states for Medicaid reimbursement. All states will get additional Medicaid funding regardless of how much they spend fighting the coronavirus. This will help state budgets if tax payments slow, but it would make more sense to compensate states directly for coronavirus-related costs.\n\nMost spending in the bill is intended to mitigate financial hardship, and relief in a crisis is a proper role for government. States will be able to request federal approval to dole out emergency food stamps and waive work requirements. Most provisions expire at the end of this calendar year or when the public health emergency declaration is lifted, but the political temptation will be to make them permanent.\n\nDitto the bill’s 26 weeks of extended jobless benefits—for a total of 52 weeks—in states where unemployment increases by more than 10%. If the epidemic ebbs sooner rather than later, extended jobless benefits could discourage unemployed workers from seeking work and delay the economic recovery. This is what happened after the 2008-2009 recession and kept the jobless rate higher for longer.\n\nRepublicans at least negotiated state “work-sharing” programs, which will let employers reduce hours rather than lay off employees. Part-time employees can then obtain partial unemployment benefits to offset wage losses. This could counter the perverse incentive to fire workers who could make more on the unemployment rolls than working part-time.\n\nDemocrats also demanded a hefty down payment on new sick and family leave entitlements. About 76% of workers already get paid sick days from their employer. Most that don’t have the benefit work part-time or are employed by small businesses.\n\nUnder the bill employers with fewer than 500 workers will be required to cover 10 days of leave for workers who are sick or have to self-quarantine. Workers would also be guaranteed 12 weeks of leave compensated at two-thirds of their regular pay after the first two weeks to care for themselves or family members. The government would compensate employers with a tax credit.\n\nMost people won’t need more than a month or so to cope with illnesses, and 12 weeks of job-protected leave will make it harder for employers to cope with prolonged absences. Small businesses and franchisees are also worried that the tax-credit scheme could mean delayed payments and cause a cash crunch that forces them to lay off workers immediately.\n\nThey want the Senate to amend the bill to let employees apply directly to the Social Security Administration for benefits as House Democrats proposed in their draft bill. But this is ripe for fraud. What makes more sense is Wisconsin Sen. Ron Johnson ’s idea to let workers who must take prolonged absences apply for unemployment benefits.\n\nDirect federal payments are better than a mandate on business and a complex tax credit that will be hard to remove once in place. At least the bill allows an exemption for businesses with fewer than 50 employees, though the Senate should make sure that the Labor Department has express authority to exempt those and other businesses under stress.\n\n***\n\nThe paid leave provisions expire in December, but Democrats have long wanted to get this mandate in place so it can become permanent. The Senate will take up the measure Monday and has a chance to improve it, but President Trump ’s endorsement of the House bill means Republicans will face intense pressure to whoop it through without amendment. The goal here should be temporary relief, not permanent new burdens that will make economic recovery more difficult and hiring more expensive.",
    "published": "2020-03-15"
  },
  {
    "source": "WSJ",
    "title": "U.S.-China Trade Disarray Sounds Like an Opportunity for Mexico—But It Isn’t Working Out That Way",
    "summary": "Mexico’s increasing violence and economic conditions work against U.S. direct investment there",
    "link": "https://www.wsj.com/articles/u-s-china-trade-disarray-sounds-like-an-opportunity-for-mexicobut-it-isnt-working-out-that-way-11584270001?mod=Searchresults_pos11&page=8",
    "content": "GoPro CEO Nick Woodman moved most production of U.S.-bound cameras from China to Mexico—but GoPro is the exception, not the rule.\n\nMEXICO CITY—With global supply chains in disarray amid the U.S.-China trade war and the coronavirus pandemic, Mexico might seem a logical winner if U.S. companies decide they want to diversify away from China and make some products closer to home.\n\nMexico clinched a new trade deal with the U.S. and Canada last year and has now replaced China as the U.S.’s largest single trading partner.\n\n“These trade frictions between the U.S. and China and the coronavirus should definitely be a godsend to Mexico,” said Alberto Ramos , chief Latin America economist at Goldman Sachs Group Inc. “Mexico would be extremely well positioned to capture part of that trade.”\n\nWhile Mexico might benefit in the long run, there are plenty of reasons to be cautious about predicting a flood of companies heading there. For starters, the data doesn’t suggest Mexico is enjoying an investment boom.\n\nForeign direct investment in Mexico fell 5.2% last year compared with 2018, according to preliminary government figures, while the economy shrank by 0.1% in 2019. Mexico’s exports to the U.S. have grown modestly over the past year and a half, far slower than those from countries like Vietnam.\n\nSupply-chain experts point to several factors. Despite the new U.S.-Mexico-Canada trade deal, the Trump administration could upend trade relations at any time.\n\nAdding to the uncertainty are the economic policies of Mexico’s nationalist President Andrés Manuel López Obrador and increasing violence that has turned parts of the country into no-go areas.\n\n“I don’t think trade relations are sufficiently settled to boost long-term investment in Mexico as a hub,” said Gustavo Rangel , chief Latin America economist at ING Financial Markets. “Clearly China is a riskier bet, but it’s unclear to what extent that benefited Mexico.”\n\nApart from a jump in automotive exports in 2018, Mexico’s manufactured exports haven’t responded to the U.S.-China trade tensions with the expected surge, according to economist Brad Setser , a senior fellow at the Council on Foreign Relations.\n\nMeantime, annual growth in U.S. imports of manufactured goods from Vietnam jumped to more than 40% in early 2019, and remained above 30% through the end of the year, according to Census Bureau data. Monthly U.S. imports of manufactures from Mexico grew around 10% a month in early 2019 but were falling at the end of the year, while U.S. import growth from China contracted sharply all year.\n\n“It’s impossible to make an argument in a statistical sense that there has been a large visible shift to Mexico,” Mr. Setser said.\n\nA big reason manufacturing might be sticking in Asia rather than relocating is that supply chains in industries like electronics are deeply entrenched, and Mexico lacks a deep supply chain in areas outside the automotive sector, Mr. Setser said. Overall costs in Asia are also still low.\n\nMexico, however, could still benefit over the longer term.\n\nManufacturing wages in Mexico are lower than in China, and the country isn’t only next door to the U.S., but also shares cultural ties and similar time zones with U.S. firms.\n\nIn January, Jose Luis Bernal , Mexico’s ambassador to China, said that at least three Chinese auto firms, including car maker Changan, electric-car manufacturer BYD and assembly and auto parts firm JAC Motors, planned to begin or expand production in Mexico in the next year.\n\nAnd last year, sports-camera maker GoPro Inc. moved most production of its U.S.-bound cameras from China to the Mexican city of Guadalajara. At the time, a GoPro executive said the decision “supports our goal to insulate us against possible tariffs as well as recognize some cost savings and efficiencies.”\n\nMr. López Obrador’s policies are also undermining Mexico’s foreign-investment potential, observers say. In his first year in office, he canceled the country’s biggest public-works project, a partially built Mexico City airport, and halted any new oil auctions for private oil firms.\n\nThe latest private-sector casualty could be Constellation Brands Inc., which brews Mexico’s venerable Corona beer for U.S. drinkers. The López Obrador administration is organizing a referendum on March 21 in the border city of Mexicali to decide whether the beer maker, one of Mexico’s largest foreign investors, can complete construction of a $1.4 billion plant, after community groups raised objections about its intensive water consumption. The cancellation of such a large-scale project would send a wrong signal to foreign investors, executives say.\n\nMexico’s lagging foreign investment is a long-term trend. Foreign direct investment averaged 1.6% of Mexico’s gross domestic product over the past decade, compared with an average of 2.2% of GDP from 1995 to 2007, estimates Sergi Lanau, deputy chief economist at the Institute of International Finance in Washington, D.C.\n\nOut-of-control criminal violence doesn’t help. Last year was the bloodiest in Mexico’s recent history, with 35,588 people murdered, according to government estimates.\n\nIn 2018, the American Chamber of Mexico, an association of business groups, polled 415 of its members on security issues and found that 25% of them believed their businesses were less safe than the previous year. Of those, 71% attributed the decline in security to the rise of organized crime. More than 14% of businesses questioned said they had suspended operations in certain Mexican states because of rising violence.\n\nDavid Luhnow and Anthony Harrup contributed to this article.\n\nWrite to Robbie Whelan at robbie.whelan@wsj.com and Santiago Pérez at santiago.perez@wsj.com",
    "published": "2020-03-15"
  }
]