[
  {
    "source": "WSJ",
    "title": "Political Lobbying on Steel Tariffs",
    "summary": "Ten House Members oppose this exclusion request, but 14 favor it.",
    "link": "https://www.wsj.com/articles/political-lobbying-on-steel-tariffs-11582071979?mod=Searchresults_pos9&page=2",
    "content": "How’s this for swampy? A company seeks an exclusion from President Trump ’s 25% steel tariffs. While it is awaiting the Commerce Department’s judgment, concerned U.S. Representatives get into a tug of war, trying to pull political strings in both directions.\n\nTen Members of the House wrote Mr. Trump directly this month, suggesting he reject a tariff petition from Allegheny Technologies Inc., or ATI. “On behalf of our constituents,” they say, “we respectfully urge you to stand strong in defense of American industry and prioritize the thousands of hard-working Americans in the domestic stainless industry.”\n\nFourteen Members of the House, pulling the opposite way, wrote Commerce Secretary Wilbur Ross in December. If the request is denied, they say, “ATI will be forced to close or scale back operations, which could lead to lost jobs, economic hardship for our constituents, and significant harm to our defense supply chain.” (As for that last part, they say ATI also produces “titanium for the Abrams tank armor.”)\n\nWhat a sorry example of how tariffs have become another opportunity for government intervention based on political power, not business necessity. The 14 free traders mainly come from Pennsylvania, where ATI is headquartered. The 10 protectionists are from Alabama, Ohio and Kentucky, home to other steel makers. One side cites “7,200 ATI jobs across the country.” The other points to “more than 5,000 American jobs directly supported by the domestic stainless steel industry.”\n\nThe argument, like a fractal, looks no different if you zoom in. ATI wants a tariff exclusion for 150,000 tons of 60-inch stainless-steel slab from Indonesia, to be processed by workers in Pennsylvania. This product “is not reasonably available” domestically, the company’s petition argues, in part since each of the three U.S. producers is “a direct competitor.”\n\nThose companies, naturally, object. “ AK Steel has ample capacity to make all of the requested stainless slabs,” its filing says. “ATI has essentially admitted that it simply doesn’t want to pay domestic pricing nor does it want to pay Section 232 tariffs, in order to increase its profitability.”\n\nATI filed a rebuttal to the objection, saying that “the high pricing offered” precludes profitability. Further, ATI worries about the steadiness of supply. In a hot market, it says, companies like AK Steel no doubt would focus on the sale of finished products, not “the sale of semi-finished stainless slab to a direct competitor.”\n\nAK Steel filed a rebuttal to the rebuttal: “Permitting ATI to purchase at these non-market prices, without being subject to the current 25% tariff, may allow ATI to prosper but would cause damage to all other domestic producers.” North American Stainless and Outokumpu Stainless USA offer similar arguments.\n\nNow the Commerce Department will provide a thumbs up or down, like a Roman emperor in the Colosseum. As of December, about 94,000 steel exclusion requests had been filed, per the Mercatus Center. About 50% were approved and 14% denied. The rest remain pending. Remember when Republicans didn’t think the government should pick winners and losers?\n\nThe week's best and worst from Kim Strassel, Jason Riley, Allysia Finley and Dan Henninger. Image: Jim Watson/Getty Images",
    "published": "2020-02-19"
  },
  {
    "source": "WSJ",
    "title": "Fed Minutes Could Shed Light on Inflation Outlook, Reserves Debate; Coronavirus Strains Global Businesses’ Ties With China",
    "summary": "Good day. The Federal Reserve’s minutes are expected to shed light on how officials considered their approach to interest rates last month as they voted to hold their benchmark rate steady. Meanwhile, the coronavirus outbreak is exposing just how much foreign companies depend on China for their production and business, and Beijing released a list of U.S. products that could be temporarily exempted from punitive tariffs.",
    "link": "https://www.wsj.com/articles/fed-minutes-could-shed-light-on-inflation-outlook-reserves-debate-coronavirus-strains-global-businesses-ties-with-china-11582122514?mod=Searchresults_pos8&page=6",
    "content": "Good day. The Federal Reserve’s minutes are expected to shed light on how officials considered their approach to interest rates last month as they voted to hold their benchmark rate steady. Meanwhile, the coronavirus outbreak is exposing just how much foreign companies depend on China for their production and business, and Beijing released a list of U.S. products that could be temporarily exempted from punitive tariffs.\n\nNow on to today’s news and analysis.",
    "published": "2020-02-19"
  },
  {
    "source": "WSJ",
    "title": "Tale of Two Cities: Chicago, New York, and War Zones",
    "summary": "It seems authorities in New York are targets of criticism for preventing war-zone conditions in certain districts.",
    "link": "https://www.wsj.com/articles/tale-of-two-cities-chicago-new-york-and-war-zones-11582153774?mod=Searchresults_pos18&page=14",
    "content": "This copy is for your personal, non-commercial use only. Distribution and use of this material are governed by our Subscriber Agreement and by copyright law. For non-personal use or to order multiple copies, please contact Dow Jones Reprints at 1-800-843-0008 or visit www.djreprints.com.\n\nhttps://www.wsj.com/articles/tale-of-two-cities-chicago-new-york-and-war-zones-11582153774",
    "published": "2020-02-19"
  },
  {
    "source": "WSJ",
    "title": "Newsletter: Trump Pushes Back Against China Hard-Liners",
    "summary": "This is the web version of the WSJ’s newsletter on the economy. You can sign up for daily delivery here.",
    "link": "https://www.wsj.com/articles/newsletter-trump-pushes-back-against-china-hard-liners-01582112470?mod=Searchresults_pos6&page=10",
    "content": "This is the web version of the WSJ’s newsletter on the economy. You can sign up for daily delivery here.\n\nTaking Care of Business\n\nA broad push by Trump administration hard-liners to stem the flow of high-tech exports to China hit a hurdle Tuesday: President Trump himself. In a series of tweets, Mr. Trump denounced efforts promoted by some within the White House and Commerce Department to halt the export of controlled technologies—including jet engines and semiconductors—to China, out of concern the products could be pirated and used to undermine U.S. commercial advantage in those sectors. “We don’t want to make it impossible to do business with us,” Mr. Trump tweeted. “That will only mean that orders will go to someplace else.” The tweets followed a Wall Street Journal report over the weekend that officials within the administration were pushing to halt shipments of jet engines co-produced by General Electric to China. Until Tuesday, Mr. Trump hadn’t weighed in on the matter, Ted Mann reports.\n\nWHAT TO WATCH TODAY\n\nThe U.S. producer-price index for January is expected to rise 0.1% from the prior month. (8:30 a.m. ET)\n\nU.S. housing starts for January are expected to fall to an annual pace of 1.42 million from 1.608 million a month earlier. (8:30 a.m. ET)\n\nThe Federal Reserve releases minutes from its Jan. 28-29 meeting at 2 p.m. ET. Here's what to watch.\n\nFed speakers: Atlanta’s Raphael Bostic on the economic outlook at 8:10 a.m. ET, Minneapolis’s Neel Kashkari in Mankato, Minn., at 11:45 a.m. ET, Dallas’s Robert Kaplan at an Urban Land Institute of North Texas event at 1:20 p.m. ET, and Richmond’s Thomas Barkin on monetary policy frameworks at 4:30 p.m. ET.\n\nTOP STORIES\n\nThe Sun’ll Come Out Tomorrow\n\nThe U.S. transportation industry is in a tailspin. The Cass Freight Index, a measure of freight volumes and expenditures, posted its biggest year-over-year decline since 2009 in January. Shipment volumes dropped 9.4% from a year earlier and expenditures sank 8%. \"Even before the coronavirus issues have any impact on the U.S. transportation market, the freight market is weak,\" Stifel analyst David Ross said of the latest numbers. The good news: The second quarter of the year could see a modest rebound if the coronavirus situation is contained and U.S. companies start to rebuild inventories.\n\nBlue-collar blues. The transportation industry's rough patch is reflected in recent hiring data: Trucking employment has just about flatlined. Manufacturers have also been struggling, and factories shed jobs last month.\n\nRecipe for Growth\n\nEven with recent hiring stumbles, the Conference Board warns that the blue-collar labor force is running dry and productivity growth in blue-collar industries is languishing. That's not a recipe for strong economic growth. \"We find that it would take a virtual miracle to maintain the growth rate in standard of living we have historically enjoyed, measured by GDP per capita, in the coming decade. Even to achieve a humble goal of raising GDP per capita by 1.5% annually over the next decade, the U.S. would need to either significantly improve its labor productivity growth and labor force participation or introduce more immigrants into the country's labor supply,\" Conference Board economist Gad Levanon and colleagues write in a new report.\n\nWhat's happening? Production industries have added workers over the past couple of years but aren't getting more out of them. Meanwhile, baby boomers are retiring, the working-age population of non-college graduates is shrinking and an elevated share of potential workers is sitting on the sidelines: \"The decline in the need to support a family and the greater ability to draw income support from relatives significantly reduces the incentives for young men to participate in the labor force.\"\n\nIt's not all bad. Wages are rising and employers are expanding recruitment efforts to once-neglected groups. \"U.S. blue-collar and manual services workers will continue to experience improved job satisfaction, as wages rise and wage inequality continues to shrink,\" the research group said in its report.\n\nCoronavirus Update\n\nJust as the U.S.-China trade war was starting to fade, the coronavirus crisis is exposing how heavily dependent foreign companies are on China for their production and business. Apple became the first major American company to say it won’t meet its revenue projections for the current quarter because of the coronavirus outbreak. Bernstein analyst Toni Sacconaghi said said HP, Dell Technologies and Hewlett Packard are among tech hardware companies to watch considering their exposure to China based on their supply chain and how much business they do in the country, Yoko Kubota reports.\n\nThe world is closing its doors to China. Chinese people take 150 million international trips a year, whether to cut business deals or study abroad. But canceled flights and quarantines are thwarting China’s ambitions to put the country at the center of commerce and culture, James T. Areddy reports.\n\nJapan’s Exports Tumble\n\nJapan’s exports fell in January from a year earlier for the 14th consecutive month. Exports “are expected to remain weak as the supply chain has been interrupted by the novel coronavirus and growing uncertainty over the global economy,” said Masato Koike, an economist at Dai-ichi Life Research Institute.\n\nWHAT ELSE WE’RE READING\n\nWhere does foreign aid end up? \"We document that aid disbursements to the most aid-dependent countries coincide with significant increases in deposits held in offshore financial centers known for bank secrecy and private wealth management. Aid capture by ruling politicians, bureaucrats and their cronies is consistent with the totality of observed patterns: it can explain why aid does not trigger flows to non-havens, why the capital outflows occur precisely in the same quarter as the aid inflows and why the estimated effects are larger for more corrupt countries. ... Our estimates suggest a leakage rate of around 7.5% for the average highly aid-dependent country,\" Jørgen Juel Andersen, Niels Johannesen and Bob Rijkers write in a World Bank working paper.\n\nSIGN UP FOR OUR CALENDAR\n\nReal Time Economics has launched a downloadable calendar with concise previews, forecasts and analysis of major U.S. data releases. To add to your calendar, please click here.",
    "published": "2020-02-19"
  },
  {
    "source": "WSJ",
    "title": "Without an Independent Watchdog, Who Will Audit the Auditors?",
    "summary": "Congress should refuse Trump’s request to abolish the oversight board Sarbanes-Oxley created.",
    "link": "https://www.wsj.com/articles/without-an-independent-watchdog-who-will-audit-the-auditors-11582156537?mod=Searchresults_pos10&page=12",
    "content": "The Trump administration is calling for the Securities and Exchange Commission to absorb the independent Public Company Accounting Oversight Board. The president’s budget proposal says this would reduce duplication of function and regulatory ambiguity.\n\nYet sometimes the government we seek to erase exists for a very good reason—we just have to recall why it’s there.\n\nThe PCAOB was established by law through the Sarbanes-Oxley Act of 2002. Sarbanes-Oxley passed the Senate 99-0 and the House by 423-3 in the wake of accounting-related scandals, including Enron and WorldCom, that led to trillions of dollars of investor losses and the bankruptcy of a once-venerated auditor, Arthur Andersen LLP.\n\nWith the trauma of fraud and the burst dot-com bubble fresh in their minds, legislators and the Bush administration sought to draw up regulations for the previously self-regulating audit profession. One result was the PCAOB, a nonprofit organization, which reports to the SEC but is otherwise independent. It conducts regular oversight of auditors, the ones who are supposed to conduct oversight of public companies. Why do auditors need auditing? Because auditors make mistakes—some of commission and some of omission. Auditors can be sloppy. Auditors can be gullible.\n\nAuditors, in short, are not all-knowing. More critically, they often work for larger organizations that sell other professional services, such as advisory, tax and information-technology work. The so-called Big Four auditors—Deloitte, PricewaterhouseCoopers, Ernst & Young, and KPMG—all boast significant non-auditing business, which are growing sources of growth and profit, and a majority of revenue.\n\nBy comparison, auditing is a prosaic, slow-growing business. The result is an imbalance of power within the firms: Audits may be how they’re best known, but other services are more important to their business. What, therefore, is to prevent an auditor from softening a judgment on a company’s questionable accounting practices if the client is dangling non-audit work? The incentives create a conflict between the interests of the auditor and those of investors.\n\nWhen I was chairman of the SEC in the 1990s, I called attention to this problem. Auditors, I argued before the dot-com bubble burst and the Enron and WorldCom scandals emerged, are critical to the trust that is at the heart of our financial system. “Sound and verifiable financial reporting is to financial markets what oxygen is to breathing,” I said in a Senate hearing on auditor independence in September 2000. That’s why Congress had long held public accountants responsible for upholding their independence—both in reality and in perception.\n\nPhoto: iStockphoto/Getty Images\n\nIt’s not enough to be independent of other considerations in performing the audit. Investors must also have confidence in that independence. The auditing profession’s failure to meet that expectation in the late 1990s is why the PCAOB was created.\n\nThat is not to say the PCAOB’s work has been spotless. Critics say, with some merit, that the board could be far tougher. Fines are relatively minor, and auditors rarely pay the most unpleasant price—bad publicity—when they do a sloppy job. In addition, from the beginning, the SEC’s nominations to the PCAOB and supervision of the board’s performance under Sarbanes-Oxley has fallen short when it comes to objectivity, independence and improving audit quality.\n\nBut the PCAOB is, on balance, a very good thing. Consider the attention auditors pay to quality-control reports issued regularly by the PCAOB. When the board pegs an audit firm in a quality report, it’s usually because of significant and serious concerns about accuracy and effectiveness. The result is a thorough review of the engagement, the lead partners and whether audit processes followed standards or deviated from them. Audit firms take these matters seriously, as they should.\n\nAbandoning the PCAOB would disrupt investors and markets. It would likely undermine confidence in the audit profession itself. After all, the PCAOB is primarily funded through an “accounting support fee” on public companies and brokers, and there has not been an investor organization I know of that has called for the PCAOB to be abolished.\n\nWould the SEC be able to command the same respect as the board? No. The commission’s mandate is already full, and to meet the expectations set for the PCAOB would require an expansion of staff and expertise not currently funded by the Trump administration’s budget proposal.\n\nThis is an unserious proposal, and I urge Congress to reject it and thereby affirm that the PCAOB plays a vital role in our financial-market regulatory structure. We know what happens when we ignore the importance of auditor independence because we’ve seen it. No one wants to see it again.\n\nMr. Levitt was chairman of the Securities and Exchange Commission, 1993-2001.\n\nThe week's best and worst from Kim Strassel, Jason Riley, Allysia Finley and Dan Henninger. Image: Jim Watson/Getty Images",
    "published": "2020-02-19"
  },
  {
    "source": "WSJ",
    "title": "WSJ Wealth Adviser Briefing: Apple Sales Dip, China Global Tax, Married Finance Combo",
    "summary": "Curated news and analysis for wealth advisers and their clients from WSJ reporters and columnists",
    "link": "https://www.wsj.com/articles/wsj-wealth-adviser-briefing-apple-sales-dip-china-global-tax-married-finance-combo-01582110127?mod=Searchresults_pos11&page=12",
    "content": "The “phase one” deal signed between the U.S. and China in January fueled investors’ hopes that disruptions to global supply chains were coming to an end. Instead, it may have marked the start of the real trade conflict.\n\nBelow, some of the best analysis and insight from WSJ writers and columnists, the Dow Jones Newswires team and occasionally beyond, on investing, the wealth-management business and more.\n\nPLANNING & INVESTING\n\nApple Isn’t Priced for Sick Leave: iPhone maker pulls its cheerful forecast for the current quarter—with its shares at the highest multiple in more than a decade.\n\nMARKET TALK\n\nFrom Dow Jones Newswires\n\nMore than half of fund managers think the U.S. dollar is overvalued, a key Bank of America survey shows. A net 54% of respondents surveyed in February held that view, up one percentage point since the last survey and the second highest reading since 2002. Concerns about the coronavirus outbreak and its impact on global growth have increased the attractiveness of the dollar as a safe haven investment in recent weeks. (renae.dyer@wsj.com)\n\nMarkets and economists are underestimating the risk of the coronavirus, asset manager Unigestion says. \"The situation is serious and the decline in international trade and oil demand give no doubt about it,\" Unigestion says, noting that global oil demand fell 5% in the last 30 days and global trade declined from 1,500 to 500 points, according to the Baltic Dry index. Unigestion says the global consensus is that the coronavirus will cut Chinese gross domestic product growth from 5.9% to 5.3%, but this is \"clearly underestimating\" the risk. Unigestion forecasts 4.5% to 5.5% Chinese GDP growth, below its potential, although it says \"it's very difficult to evaluate the final impact\" of the crisis. (maria.martinez@wsj.com)\n\nBUSINESS & PRACTICE\n\nBeijing’s Soft Power Push on Global Tax: China’s trillion-dollar Belt and Road initiative to build infrastructure connecting Asia, Africa and Europe has generated plenty of headlines, but its tax arm remains little known. Companies and policy makers alike need to pay closer attention. The project could end up affecting how multinationals pay tax and resolve disputes around the globe.\n\nIMPACT INVESTING\n\nCan Solar Power Compete With Coal? In India, It’s Gaining Ground: Solar power has entered a new global era. The industry was long dependent on subsidies and regulatory promotions. Now, technological innovation and falling solar-panel prices have made solar power inexpensive enough to compete on its own with other fuel sources in some regions, when it comes to newly built plants.\n\nTALKING POINTS\n\nYou’re Getting Married Again. Should You Combine Finances, Too?: Many experts say it’s OK to keep things separate, as long as separate doesn’t mean secret.\n\nTRAVEL & LIFESTYLE\n\nWhen Your Home Is Also a Museum: People who live in historic homes can make money off the properties, if they can handle the visitors.\n\nABOUT US\n\nThe Wealth Adviser Briefing covers topics of interest to wealth managers, financial planners and other advisers. The content is curated by the Dow Jones Newswires team using articles from the Newswires, Barron's, MarketWatch and The Wall Street Journal. The briefing is delivered to subscribers by email each workday morning at 6:30 a.m. ET. You can sign up here for email delivery.\n\nFor more information about our services for financial professionals, please visit our website.\n\nWe welcome feedback. Please email newsletters@dowjones.com or contact Dwight Oestricher at dwight.oestricher@wsj.com",
    "published": "2020-02-19"
  },
  {
    "source": "WSJ",
    "title": "The Strategy Behind the Boy Scouts Bankruptcy",
    "summary": "Organization seeks to halt hundreds of child sexual-abuse lawsuits going back decades and protect local scouting councils",
    "link": "https://www.wsj.com/articles/the-strategy-behind-the-boy-scouts-bankruptcy-11582071435?mod=Searchresults_pos6&page=15",
    "content": "In making its historic bankruptcy filing, the Boy Scouts of America halted hundreds of lawsuits over accusations of childhood sexual abuse and sought to protect its local scouting councils from facing those claims.\n\nAs one of the organization’s first requests after filing Tuesday for chapter 11 bankruptcy, it asked for a court order to prevent its 261 councils, and possibly churches and civic organizations that sponsor troops, from facing juries over alleged sexual abuse going back decades.\n\nA freeze on lawsuits also would prevent further legal discovery by attorneys into the councils, which recruit scouting volunteers, provide training and enforce Boy Scouts policies.\n\nThe Boy Scouts want to consolidate and halt 275 pending sex-abuse lawsuits around the country, moving them from state courts to a federal court in Delaware, and ultimately into a closed-to-the-public mediation proceeding.\n\nThe Boy Scouts declined to comment beyond a statement Tuesday.\n\n“We know nothing can undo the tragic abuse that victims suffered,” Roger Mosby, chief executive of the Boy Scouts of America, said in the statement. “We believe the chapter 11 process...will provide equitable compensation to all victims while maintaining the [organization’s] important mission.”\n\nThe organization is scheduled to appear Wednesday morning for its first bankruptcy-court hearing in Wilmington, Del.\n\nThe local councils, which act like franchisees, and other affiliated nonprofits hold the bulk of the youth organization’s wealth, roughly $3.3 billion in property, investments and other assets, according to a Wall Street Journal analysis of tax filings. But because the local councils and other affiliated groups haven’t filed for chapter 11 these assets aren’t technically within reach of bankruptcy creditors.\n\nThe parent organization, by contrast, has $1.4 billion in assets, according to tax filings.\n\nThe Boy Scouts, founded in 1910, has seen membership decline for decades as the organization’s character-building curriculum based on outdoor skills has struggled to modernize in the internet age.\n\nLaws in California, New York and other states have allowed victims of sexual abuse to sue regardless of when the alleged misconduct occurred, fueling a wave of suits. In addition, attorneys representing alleged scout victims have supplied information on roughly 1,400 additional claims that haven’t been filed, roughly 90% of them alleging abuse more than 30 years ago, according to court papers.\n\nLawyers for sex-abuse survivors have demanded that some local councils pay settlement money, contributing to the collapse of settlement negotiations with the Boy Scouts in November, court papers show.\n\n“What the Boy Scouts are doing with the local councils is trying to use the bankruptcy process to keep them separate rather than exposing their assets and secrets,” said Mike Finnegan, who represents abuse victims. “It’s a legal maneuver where they claim separateness when it suits them.”\n\nMr. Finnegan said abuse victims might agree to pause lawsuits so long as the local councils participate in the settlement process and turn over closely held information about their finances.\n\nUnder the Boy Scouts’ restructuring proposal, local councils could contribute to a victims compensation trust to settle abuse claims. How much they must contribute to get clear from sex-abuse liabilities will be the focus of the bankruptcy reorganization.\n\nIn Portland, Ore., a jury was set to be selected on Friday in the case of a man suing the Boy Scouts’ Cascade Pacific Council over allegations he was sexually abused by a scout leader beginning in 1967 at age 9. A bankruptcy judge may now decide whether the trial, and others set to come up behind it, should go forward.\n\n“The local councils own the real estate. They are often complicit in protecting the pedophiles. They are liable for the claims,” said Gilion Dumas, one of the lawyers suing the Boy Scouts in the Oregon case. “The local councils shouldn’t be allowed to get some immunity from liability unless they kick into the settlement fund.”\n\nOther attorneys for abuse victims said the strategy of excluding local councils from bankruptcy will raise new disputes. Victims’ attorney Mike Pfau said one question is whether the Boy Scouts transferred any property to local councils with the hope of placing it “out of the reach of abuse survivors and future creditors.”\n\n“If so, it may be possible to force the local councils to return that property, keeping in mind the Boy Scouts first started to be sued for sexual abuse in the 1980s,” Mr. Pfau said.\n\nThe organization’s strategy resembles that of Catholic dioceses that moved through bankruptcy over the past 15 years and limited the assets available to sex-abuse victims using various financial maneuvers.\n\nGreg Euston, a member of BSA Parents, a parent group that supports the Boy Scouts, said he isn’t worried about the long-term future of scouting at the local level.\n\nIn recruiting new scouts, “the leaders may have to answer a few extra questions [about the bankruptcy] to help parents get over that hurdle,” said Mr. Euston, who lives in Marietta, Ga., and has two sons who made Eagle Scout.\n\nLocal troops will continue to hold fundraisers and do community-service projects, Mr. Euston said. “When people continue to see those things go on, any questions about whether or not scouting is going away will just disappear,” he said.\n\nJoseph De Avila contributed to this article.\n\nWrite to Peg Brickley at peg.brickley@wsj.com and Andrew Scurria at Andrew.Scurria@wsj.com",
    "published": "2020-02-19"
  },
  {
    "source": "WSJ",
    "title": "Fed Minutes Could Shed Light on Inflation Outlook, Reserves Debate; Coronavirus Strains Global Businesses’ Ties With China",
    "summary": "Good day. The Federal Reserve’s minutes are expected to shed light on how officials considered their approach to interest rates last month as they voted to hold their benchmark rate steady. Meanwhile, the coronavirus outbreak is exposing just how much foreign companies depend on China for their production and business, and Beijing released a list of U.S. products that could be temporarily exempted from punitive tariffs.",
    "link": "https://www.wsj.com/articles/fed-minutes-could-shed-light-on-inflation-outlook-reserves-debate-coronavirus-strains-global-businesses-ties-with-china-11582122514?mod=Searchresults_pos16&page=10",
    "content": "Good day. The Federal Reserve’s minutes are expected to shed light on how officials considered their approach to interest rates last month as they voted to hold their benchmark rate steady. Meanwhile, the coronavirus outbreak is exposing just how much foreign companies depend on China for their production and business, and Beijing released a list of U.S. products that could be temporarily exempted from punitive tariffs.\n\nNow on to today’s news and analysis.",
    "published": "2020-02-19"
  },
  {
    "source": "WSJ",
    "title": "A Tax-Cut Idea for Trump",
    "summary": "Creating targeted tax-free investment accounts may be the most effective way to reduce wealth inequality.",
    "link": "https://www.wsj.com/articles/a-tax-cut-idea-for-trump-11582071863?mod=Searchresults_pos18&page=5",
    "content": "The White House is expected to announce details of its tax cuts for the Trump second term. One idea on the table is to create tax-free investment accounts for lower- and middle-income families.\n\nThe plan we’ve suggested to the president would allow families to put up to $10,000 a year tax-free into a savings fund. Ideally, the money would be invested in a stock index fund. The goals would be to increase woefully low private household savings, to make Americans more financially stable, and to reduce dependence on government entitlements.\n\nA 2018 study of Federal Reserve and Federal Deposit Insurance Corp. data estimated the average family has less than $11,000 in savings outside retirement accounts. These new accounts would expand ownership of stock to millions of Americans, thus democratizing the market and sharing the gains, while minimizing risk by investing in a diverse portfolio. This may be the most effective way to reduce wealth inequality.\n\nThese accounts would be voluntary, and employers would be encouraged to match contributions. Funds could be used after five years for home purchase or improvement, emergency medical expenses, starting a new business, private-school or college tuition, supplementing income after a job loss, or retirement.\n\nAssume a woman invests $4,000 a year in such an account from ages 25 to 66. With historical long-term returns of about 7% a year, that would give her roughly $1 million (in today’s dollars) for retirement. Parents who put $3,000 a year in these accounts when a child is born would have enough to pay $30,000 of college tuition for four years.\n\nWould middle-class Americans take advantage of these accounts? We can’t know for sure, but when similar accounts were introduced in the U.K. and Canada, moderate-income households were the most responsive. Low- and moderate-income savers represent more than 50% of account holders in both countries. In Canada, a little over half of account holders earned less than 50,000 Canadian dollars (around US$38,000). In the U.K., half of account holders earned less than £20,000 ($26,000).\n\nThese accounts could easily be targeted to lower- and middle-income Americans by placing an income limit of, say, $200,000. That would pre-empt any claim of “tax cuts for the rich.” The government would recapture lost tax revenue through capital gains, income and consumption taxes when the money is eventually withdrawn and spent.\n\nThe accounts would allow tens of millions of Americans to tap the power of compound interest. President Trump would be taking a major step in replacing the entitlement culture with one of broad-based wealth creation.\n\nMr. Moore, a former Trump economic adviser, is a senior fellow and Mr. Michel a senior policy analyst at the Heritage Foundation.\n\nThe week's best and worst from Kim Strassel, Jason Riley, Allysia Finley and Dan Henninger. Image: Jim Watson/Getty Images",
    "published": "2020-02-19"
  },
  {
    "source": "WSJ",
    "title": "IRS Offers Tax-Break Clarity to Accelerate Carbon-Capture Projects",
    "summary": "New rules define when companies can start qualifying for expanded tax credit",
    "link": "https://www.wsj.com/articles/irs-offers-tax-break-clarity-to-accelerate-carbon-capture-projects-11582152872?mod=Searchresults_pos1&page=2",
    "content": "The Internal Revenue Service provided some clarity Wednesday for companies seeking to use a tax credit for capturing and storing carbon dioxide, taking a first step toward accelerating slow-moving projects, with more detailed rules to come.\n\nCompanies such as Occidental Petroleum Corp., a Houston-based oil-and-gas company, have been urging the IRS to offer details on implementing the tax credit, which Congress expanded in 2018. Treasury Secretary Steven Mnuchin , acknowledging delays, told the Senate Finance Committee last week that he was pressing his staff to finish the regulations soon.\n\nEnergy companies and environmental groups see carbon capture as part of the world’s response to climate change. The technology is designed to remove carbon dioxide, which traps heat, from exhaust, ambient air or other gas streams, thus reducing net emissions. Many oil-and-gas companies also inject carbon dioxide into the ground to help release additional oil, a process known as enhanced oil recovery.\n\nCompanies can get tax credits for every metric ton of carbon dioxide they place into secure geological storage or use for certain industrial purposes. The credit’s value depends on the year and what the company does with the carbon. The expanded break was estimated to cost $689 million over a decade, according to the nonpartisan Joint Committee on Taxation.\n\nThe interim guidance defines when a project counts as having started, making it easier for companies to determine whether their facilities will be eligible for the credit, available only for projects that begin construction before 2024. But it doesn’t address key items such as what kind of carbon-dioxide storage counts as secure. Future regulations will address those questions.\n\nBarbara de Marigny, a partner at the law firm Baker Botts LLP, characterized the guidance as a necessary step, but one that is insufficient by itself.\n\n“If somebody was on the fence about whether or not they were going to do a carbon capture project, this guidance alone I don’t think is going to be sufficient,” she said.\n\nCompanies qualify for the break if they complete 5% of an eligible project or begin significant physical work by the end of 2023. Under Wednesday’s guidance, that work could include excavation or foundation-building at the project site or making support structures or components off-site.\n\nCompanies must make continuous progress on their projects once they start construction to get the credit later when they start capturing carbon. Recognizing the complexities of carbon-capture facilities, the new guidance says any project that starts on time and takes six years or fewer to begin operating will automatically qualify. That is up from four years on other renewable-energy projects.\n\n“We were very concerned that for some of the larger projects especially…four years just wasn’t enough,” said Brad Crabtree, director of the Carbon Capture Coalition, an alliance of companies, labor unions and environmental groups. “It will give confidence to companies in industries that don’t have much experience with carbon capture at scale to pursue a project.”\n\nWrite to Richard Rubin at richard.rubin@wsj.com and Rebecca Elliott at rebecca.elliott@wsj.com",
    "published": "2020-02-19"
  },
  {
    "source": "WSJ",
    "title": "The U.S.’s Next Trade War? As China Clash Cools, Conflict With India Looms",
    "summary": "Indian Prime Minister Modi seeks to emulate Chinese success with increased protection for domestic firms",
    "link": "https://www.wsj.com/articles/indias-protectionist-path-risks-u-s-trade-clash-11582126205?mod=Searchresults_pos9&page=8",
    "content": "You may have missed it amid headlines of the U.S. trade war with China, but a low-intensity trade conflict with Asia’s other emerging giant is also smoldering. It began a year ago when the U.S. stripped India of special low-tariff status over claims it discriminated against American companies. India responded by implementing tariffs it had previously threatened over U.S. steel duties.\n\nPresident Trump travels to India next week where he may reach some sort of truce with Prime Minister Narendra Modi . But the underlying conflict will likely persist, because it is driven by forces similar to those behind the trade war with China.\n\nIn essence, Mr. Modi seeks to replicate the formula that made China the world’s No. 2 economy by welcoming foreign investment while protecting more of the domestic market for Indian companies. India doesn’t pose the same economic or geopolitical threat China does, but it is currently on a collision course with Mr. Trump, who is determined to punish any country that he thinks is taking advantage of the U.S.\n\nIndia’s protectionist streak goes way back. Its first prime minister, Jawaharlal Nehru , leader of the Indian National Congress party, saw socialism and import-substitution as key to the country’s development and self-sufficiency. A foreign-exchange crisis in the early 1990s led to a wave of liberalization under both Congress and a coalition led by the Hindu nationalist Bharatiya Janata Party (BJP) that touched off a period of rapid growth in the 2000s. Yet extensive regulations, licenses, state control of banks and other key industries, and capricious policy-making continued to hamper entrepreneurship and investment.\n\nPresident Trump at the ‘Howdy Modi’ event with India's Prime Minister Narendra Modi in Houston on Sept. 22. Photo: jonathan ernst/Reuters\n\nMr. Modi promised to change that when he led the BJP back to power in 2014 on a platform of “minimum government, maximum governance.” He used his remarks to the World Economic Forum in Davos, Switzerland, in 2018 to defend globalization against “the forces of protectionism.”\n\nAt home, Mr. Modi introduced important changes such as a streamlined bankruptcy code and a simplified national-sales tax.\n\nBut when it came to the outside world, India under Mr. Modi re-embraced protectionism. In its 2018 budget and again this year, the Modi government raised tariffs on numerous products. India’s average applied “most favored nation” tariff rose to 17% in 2018, one of the highest in the World Trade Organization.\n\nIn its report on the foreign-trade barriers last year, the U.S. Trade Representative complained Mr. Modi’s Make-in-India program and Foreign Trade Policy, plus a pre-existing National Manufacturing Policy, imposed local content and technology transfer requirements for defense, electronics, medical, information communications and clean energy products. New and proposed rules would require personal data on Indian customers, data generated in India by cloud computing providers and certain communications gateways be physically located in India. Global Trade Alert, a Swiss-based trade watchdog group, estimated more than half of Indian imports are now affected by at least three harmful measures introduced since 2008.\n\nThe Modi government has also been a reluctant participant in multilateral trade pacts. It dragged out negotiations on a WTO agreement to ease custom barriers to imports in 2016, and last fall pulled out of the Regional Comprehensive Economic Partnership, an Asian trade bloc, out of fear of an influx of imports from China. Offsetting that, it has sought more bilateral trade deals.\n\nSHARE YOUR THOUGHTS How do you expect the U.S. and India will ultimately resolve this trade dispute? Join the conversation below.\n\nMr. Modi should never have been seen as a Western-style liberalizer. Unlike other right-wing parties that are instinctively pro-business and pro-globalization, the BJP wants to protect its core supporters of small businesses and traders from open competition with big companies, Indian economics journalist Swaminathan Aiyar said in a commentary for the Cato Institute in 2018. “The BJP aims to create national champions in both the public and private sectors, providing them with government support against foreign rivals,” he wrote.\n\nIts current protectionist embrace differs from prior vintages when the goal was to make India self-sufficient. Instead, Mr. Aiyar wrote, Mr. Modi seeks to secure a place for Indian manufacturers in global supply chains.\n\nMr. Modi has opened up to foreign investment on the expectation it would help build domestic manufacturing capability, much as China did. “The Chinese model has a very powerful resonance in India,” said Arvind Subramanian , a former economic adviser to the Modi government and now lecturer at Harvard University. The view is, “They’ve built domestic champions, so why can’t we do the same?”\n\nBut Mr. Modi faces obstacles China didn’t. First, India’s regulations, for example on hiring, firing and acquiring land, are much more onerous for large than small companies. “It’s very difficult to become big and acquire scale,” Mr. Subramanian said. “If you can’t do that you can never become a manufacturing and exporting powerhouse.” In a recent article, Mr. Subramanian and a co-author show that Indian manufacturing peaked at a much lower share of gross domestic product than in China, a symptom of “premature deindustrialization.”\n\nSecond, China’s rise sparked a global backlash against free trade that militates against any country repeating its formula. While U.S. policy makers don’t see India as a strategic threat like China, Mr. Modi’s embrace of more strident Hindu nationalism, which has sparked protests by the country’s Muslim minority, has undercut some of that goodwill.\n\nMr. Trump claims to personally like Mr. Modi. That won’t spare India from a trade war with the U.S. any more than Mr. Trump’s affection for Chinese President Xi Jinping spared China.\n\nWrite to Greg Ip at greg.ip@wsj.com",
    "published": "2020-02-19"
  },
  {
    "source": "WSJ",
    "title": "Tale of Two Cities: Chicago, New York, and War Zones",
    "summary": "It seems authorities in New York are targets of criticism for preventing war-zone conditions in certain districts.",
    "link": "https://www.wsj.com/articles/tale-of-two-cities-chicago-new-york-and-war-zones-11582153774?mod=Searchresults_pos18&page=14",
    "content": "This copy is for your personal, non-commercial use only. Distribution and use of this material are governed by our Subscriber Agreement and by copyright law. For non-personal use or to order multiple copies, please contact Dow Jones Reprints at 1-800-843-0008 or visit www.djreprints.com.\n\nhttps://www.wsj.com/articles/tale-of-two-cities-chicago-new-york-and-war-zones-11582153774",
    "published": "2020-02-19"
  },
  {
    "source": "WSJ",
    "title": "Newsletter: Trump Pushes Back Against China Hard-Liners",
    "summary": "This is the web version of the WSJ’s newsletter on the economy. You can sign up for daily delivery here.",
    "link": "https://www.wsj.com/articles/newsletter-trump-pushes-back-against-china-hard-liners-01582112470?mod=Searchresults_pos6&page=10",
    "content": "This is the web version of the WSJ’s newsletter on the economy. You can sign up for daily delivery here.\n\nTaking Care of Business\n\nA broad push by Trump administration hard-liners to stem the flow of high-tech exports to China hit a hurdle Tuesday: President Trump himself. In a series of tweets, Mr. Trump denounced efforts promoted by some within the White House and Commerce Department to halt the export of controlled technologies—including jet engines and semiconductors—to China, out of concern the products could be pirated and used to undermine U.S. commercial advantage in those sectors. “We don’t want to make it impossible to do business with us,” Mr. Trump tweeted. “That will only mean that orders will go to someplace else.” The tweets followed a Wall Street Journal report over the weekend that officials within the administration were pushing to halt shipments of jet engines co-produced by General Electric to China. Until Tuesday, Mr. Trump hadn’t weighed in on the matter, Ted Mann reports.\n\nWHAT TO WATCH TODAY\n\nThe U.S. producer-price index for January is expected to rise 0.1% from the prior month. (8:30 a.m. ET)\n\nU.S. housing starts for January are expected to fall to an annual pace of 1.42 million from 1.608 million a month earlier. (8:30 a.m. ET)\n\nThe Federal Reserve releases minutes from its Jan. 28-29 meeting at 2 p.m. ET. Here's what to watch.\n\nFed speakers: Atlanta’s Raphael Bostic on the economic outlook at 8:10 a.m. ET, Minneapolis’s Neel Kashkari in Mankato, Minn., at 11:45 a.m. ET, Dallas’s Robert Kaplan at an Urban Land Institute of North Texas event at 1:20 p.m. ET, and Richmond’s Thomas Barkin on monetary policy frameworks at 4:30 p.m. ET.\n\nTOP STORIES\n\nThe Sun’ll Come Out Tomorrow\n\nThe U.S. transportation industry is in a tailspin. The Cass Freight Index, a measure of freight volumes and expenditures, posted its biggest year-over-year decline since 2009 in January. Shipment volumes dropped 9.4% from a year earlier and expenditures sank 8%. \"Even before the coronavirus issues have any impact on the U.S. transportation market, the freight market is weak,\" Stifel analyst David Ross said of the latest numbers. The good news: The second quarter of the year could see a modest rebound if the coronavirus situation is contained and U.S. companies start to rebuild inventories.\n\nBlue-collar blues. The transportation industry's rough patch is reflected in recent hiring data: Trucking employment has just about flatlined. Manufacturers have also been struggling, and factories shed jobs last month.\n\nRecipe for Growth\n\nEven with recent hiring stumbles, the Conference Board warns that the blue-collar labor force is running dry and productivity growth in blue-collar industries is languishing. That's not a recipe for strong economic growth. \"We find that it would take a virtual miracle to maintain the growth rate in standard of living we have historically enjoyed, measured by GDP per capita, in the coming decade. Even to achieve a humble goal of raising GDP per capita by 1.5% annually over the next decade, the U.S. would need to either significantly improve its labor productivity growth and labor force participation or introduce more immigrants into the country's labor supply,\" Conference Board economist Gad Levanon and colleagues write in a new report.\n\nWhat's happening? Production industries have added workers over the past couple of years but aren't getting more out of them. Meanwhile, baby boomers are retiring, the working-age population of non-college graduates is shrinking and an elevated share of potential workers is sitting on the sidelines: \"The decline in the need to support a family and the greater ability to draw income support from relatives significantly reduces the incentives for young men to participate in the labor force.\"\n\nIt's not all bad. Wages are rising and employers are expanding recruitment efforts to once-neglected groups. \"U.S. blue-collar and manual services workers will continue to experience improved job satisfaction, as wages rise and wage inequality continues to shrink,\" the research group said in its report.\n\nCoronavirus Update\n\nJust as the U.S.-China trade war was starting to fade, the coronavirus crisis is exposing how heavily dependent foreign companies are on China for their production and business. Apple became the first major American company to say it won’t meet its revenue projections for the current quarter because of the coronavirus outbreak. Bernstein analyst Toni Sacconaghi said said HP, Dell Technologies and Hewlett Packard are among tech hardware companies to watch considering their exposure to China based on their supply chain and how much business they do in the country, Yoko Kubota reports.\n\nThe world is closing its doors to China. Chinese people take 150 million international trips a year, whether to cut business deals or study abroad. But canceled flights and quarantines are thwarting China’s ambitions to put the country at the center of commerce and culture, James T. Areddy reports.\n\nJapan’s Exports Tumble\n\nJapan’s exports fell in January from a year earlier for the 14th consecutive month. Exports “are expected to remain weak as the supply chain has been interrupted by the novel coronavirus and growing uncertainty over the global economy,” said Masato Koike, an economist at Dai-ichi Life Research Institute.\n\nWHAT ELSE WE’RE READING\n\nWhere does foreign aid end up? \"We document that aid disbursements to the most aid-dependent countries coincide with significant increases in deposits held in offshore financial centers known for bank secrecy and private wealth management. Aid capture by ruling politicians, bureaucrats and their cronies is consistent with the totality of observed patterns: it can explain why aid does not trigger flows to non-havens, why the capital outflows occur precisely in the same quarter as the aid inflows and why the estimated effects are larger for more corrupt countries. ... Our estimates suggest a leakage rate of around 7.5% for the average highly aid-dependent country,\" Jørgen Juel Andersen, Niels Johannesen and Bob Rijkers write in a World Bank working paper.\n\nSIGN UP FOR OUR CALENDAR\n\nReal Time Economics has launched a downloadable calendar with concise previews, forecasts and analysis of major U.S. data releases. To add to your calendar, please click here.",
    "published": "2020-02-19"
  }
]