[
  {
    "source": "WSJ",
    "title": "Give Trump’s Tariffs a Fair Test",
    "summary": "Conventional economic models ignore how they boost investment and national security.",
    "link": "https://www.wsj.com/articles/give-trumps-tariffs-a-fair-test-11578955956?mod=Searchresults_pos4&page=207",
    "content": "Though the current economy is among the strongest of the past 50 years, critics of President Trump’s transformational trade policies continue to insist that the tariffs are hindering rather than helping the boom. Citing forecasts like the latest from the Federal Open Market Committee, these critics have tarred the Trump tariffs as price inflators, job killers and growth destroyers. Yet with each new tariff—on dishwashers, solar panels, aluminum, steel and more than $300 billion of Chinese imports—the economy remains robust, wages continue to rise, and inflation stays muted.\n\nWhy have the gloom-and-doom forecasters been so wrong? The errors come from flaws in traditional economic models. Using a better set of assumptions to assess the economy can explain why tariffs have spurred growth, not hampered it.\n\nAntitariff analysts typically rely on static “partial equilibrium” models that predict how short-run price hikes from tariffs might ripple through a small number of product markets. While a tariff on steel might boost employment in that industry, for example, the price of steel would rise for car makers downstream, which would then suffer lower production and fewer jobs. Each tariff shrinks total employment, depresses wages, and increases inflation—or at least that’s how these forecasts typically go.\n\nYet these effects are scarcely found in aggregate macroeconomic statistics. The economy has added more than seven million jobs during the Trump presidency, and more than 2.4 million Americans have risen out of poverty. The unemployment rate is as low as it has been in a half-century, and the rates for African-Americans and Hispanics are lower than ever. Median household income hit a record $66,000 last year, and income inequality dropped sharply as the lowest earners got the largest proportional gains. More than two million prime-age workers have returned to the labor force.\n\nThis jarring disconnect between the forecasts and the real Trump economy would be comical if the policy stakes weren’t so high. What is sorely missing from these forecasts is a “general equilibrium” analysis of tariffs, which would assess the whole economy, with a concomitant “dynamic scoring” of their effects, to account for the new investment tariffs induce.\n\nTake the steel industry. U.S. Steel is spending more than $2 billion to upgrade its plants, such as its Gary Works in Indiana and Mon Valley Works in Pennsylvania. Nucor Corp. has committed billions to facilities from Frostproof, Fla., and Sedalia, Mo., to Marion, Ohio, and Brandenburg, Ky.\n\nOver time this tariff-induced investment, along with lower taxes and sensible deregulation, will boost growth and job creation. Higher domestic production will also help offset any price hikes from the tariffs—steel is cheaper now than when the current tariff was imposed.\n\nHere’s an equally important consideration, this one regarding strategy: President Trump’s imposition of actual tariffs has made the threat of tariffs more credible, and a variety of Trump tariff threats have borne robust results. These include the successful renegotiation of two of the worst trade deals in U.S. history, the North American Free Trade Agreement and the deal struck with South Korea in 2007. The administration also forged a new pact with Japan that will boost American electronics along with farmers and ranchers.\n\nThe president’s threat of auto tariffs has likewise drawn billions of dollars of new foreign direct investment from the likes of Toyota, Volkswagen and Mercedes-Benz , and at home, Fiat Chrysler , Ford and General Motors are also spending on new facilities. Combined with job repatriation from the U.S.-Mexico-Canada Agreement, these investments will boost the fortunes of American auto workers for decades to come.\n\nIn addition to missing the upside of supporting American industries, critics overlook the ways the U.S. has suffered under open trade. Research by economists like MIT’s David Autor has illustrated the socioeconomic harm caused by expanded trade with China in the 2000s, which contributed to the loss of tens of thousands of American factories and millions of manufacturing jobs and the hollowing out of many Midwest and Southern communities. What followed was an associated rise in the rates of divorce, drug addiction, crime, depression and death, particularly among blue-collar men no longer able to support their families at a decent wage.\n\nThe national-security externalities associated with Trump trade policy may be even more consequential. A case in point is the tariffs being used as leverage to defend America’s technological crown jewels from being forcibly transferred to Chinese companies—from artificial intelligence, robotics and autonomous vehicles to quantum computing and blockchain. These industries comprise the core of the next generation of weapons systems needed to repel threats from rivals like China, Russia and Iran. One must ask the antitariff forecasters: Where are the benefits of a freer and more secure American homeland counted in your models?\n\nAn honest, modern analysis of the Trump tariffs would acknowledge the widespread market distortions that currently disadvantage American workers, parse the complex ways tariffs affect trade partners’ behavior, appropriately discount short-term price impacts, dynamically score the many long-term positive effects, and parse the complex ways tariffs affect trade partners’ behavior.\n\nAmericans should welcome this analysis warmly—especially in the heartland, where the ugly predictions of the antitariff forecasters seem so out of touch with the beautiful realities of the Trump economy.\n\nMr. Navarro is assistant to the president for trade and manufacturing policy.\n\nThe week's best and worst from Kim Strassel, Bill McGurn and Dan Henninger. Image: STR/Shutterstock",
    "published": "2020-01-12"
  },
  {
    "source": "WSJ",
    "title": "Bets on Global-Growth Rebound Power Stock-Market Gains",
    "summary": "Rosy outlook for global growth, following positive developments from trade talks and central banks, is fueling bets that stock gains can continue",
    "link": "https://www.wsj.com/articles/bets-on-global-growth-rebound-power-stock-market-gains-11578825000?mod=Searchresults_pos8&page=16",
    "content": "Investors enter the heart of fourth-quarter earnings season optimistic that the world economy will pick up steam in 2020, a turnaround from last year that some hope can push stocks to fresh highs.\n\nEarly last year, revenue warnings by bellwether companies including Apple Inc. and Delta Air Lines Inc. exacerbated worries of a recession spurred by higher interest rates and mounting tariffs. Instead, a trio of Federal Reserve rate cuts between late July and Halloween and an initial U.S.-China trade deal drove a powerful market rally that caught many investors off guard.\n\nInvestors’ rosy global-growth outlook is now driving a remarkably placid stretch for stocks and fueling bets that gains can continue. The S&P 500 hasn’t recorded a 1% daily pullback in three months, the longest such streak since October 2018, and barely budged after a U.S.-ordered strike recently killed a top Iranian military leader.\n\nThe steady performance of major indexes to start the year shows how much positive trade and central-bank developments have shifted investor sentiment in the past 12 months.\n\n“The stars are aligning,” said Candice Bangsund , a portfolio manager at Fiera Capital, which has maintained larger positions in stocks and emerging markets than the benchmarks it tracks. “Our base case is for a revitalization in global growth in 2020.”\n\nAfter comments last week from the U.S. and Iran indicated tensions were subsiding for now, the S&P 500 rose to a fresh record Thursday. It is up 26% in the past year, after edging lower Friday. December surveys of fund managers and individual investors showed both groups holding larger-than-average positions in stocks, according to Bank of America and the American Association of Individual Investors.\n\nConcerns that U.S. stocks are too pricey are likely to persist, with the S&P’s valuation based on companies’ earnings in the past 12 months recently hitting its highest level since August 2018. It is still well below levels from early that year, and few see indicators of the euphoric sentiment that can cause swift pullbacks at the first sign of trouble.\n\nAssets seen as safer, such as gold, also have climbed, with many investors seeking to hedge against a market downturn. That hasn’t materialized yet, with an extended period of sturdy growth and low inflation fueling steady gains.\n\n“Until you see confirmation that it ends, I don’t think you try to get ahead of it,” said Tom Plumb , president and portfolio manager at Plumb Funds, which has recently been increasing its holdings of payment companies like Visa Inc. and defense firm Lockheed Martin Corp.\n\nStocks will be tested by a spate of profit reports starting this week, with results from the nation’s biggest banks including JPMorgan Chase & Co., Citigroup Inc. and Bank of America Corp. Fourth-quarter earnings for S&P 500 firms are expected to fall slightly from a year earlier, FactSet figures show, extending a trend from the previous quarters of 2019.\n\nInvestors will be eyeing corporate projections for this year as well, with some wary that current targets are too lofty. Profits are expected to rise 4.6% versus a year ago in the first quarter, and 6.4% in the second quarter.\n\nDecember figures on retail sales and industrial production will also offer a new look at growth. Consistent activity outside the manufacturing sector has fueled confidence the economy will avert the sharp slowdown some have expected for months. Data on Friday showed employers added 145,000 jobs last month, fewer than the 160,000 economists expected, but the unemployment rate stayed at a 50-year low.\n\nStrong gains from global companies like Apple Inc. have helped push the stock market to new highs. An Apple store in New York City. Photo: Drew Angerer/Getty Images\n\n“We believe there is a sense of stability in our industries that has arrived,” Winnebago Industries Inc. Chief Executive Michael Happe said on the company’s most recent earnings call last month. “American consumers have shown tremendous economic resilience.” Shares of the company have risen 90% in the past year, with the maker of recreational vehicles reporting a larger-than-expected increase in sales for the quarter ending in November from a year earlier.\n\nOther notable stocks have posted similar eye-popping gains in the past 12 months, including Apple, which has more than doubled since its downbeat sales guidance in early 2019. Better-than-expected results from Apple’s services business and products other than the flagship iPhone have boosted the stock, which accounted for nearly 8.5% of the S&P 500’s total return last year.\n\nSome investors expect Apple and other companies that earn large portions of their revenue overseas to benefit from a pickup in growth internationally. Risky investments more tied to the world economy such as commodities and global stocks could also rally after investors preferred more stable U.S. assets in 2019.\n\n“The reversal of some of that flow is going to be a huge factor,” said Liz Young , director of market strategy at BNY Mellon Investment Management. Ms. Young said the firm is optimistic about European stocks, believing they will be undervalued as long as Germany, the region’s bellwether economy, can avoid a recession.\n\nSHARE YOUR THOUGHTS Are you confident this earnings season will be fruitful? Why or why not? Join the conversation below.\n\nDespite worries that U.S. indexes are overpriced, some analysts are hopeful valuation figures will look more favorable later this year, when profits are expected to begin growing solidly again. The risk of missing out on gains was illustrated again last week, when major indexes surprised some investors by brushing aside worries of an extended conflict in the Middle East.\n\n“People feel very comfortable,” said Omar Aguilar , chief investment officer for equities and multiasset strategies at Charles Schwab Investment Management. “That seems to be taking over.”\n\nWrite to Amrith Ramkumar at amrith.ramkumar@wsj.com",
    "published": "2020-01-12"
  },
  {
    "source": "WSJ",
    "title": "Trade War With China Took Toll on U.S., but Not Big One",
    "summary": "Economic data shows limited damage from tariffs, though it might take years to see full Impact",
    "link": "https://www.wsj.com/articles/trade-war-with-china-took-toll-on-u-s-but-not-big-one-11578832381?mod=Searchresults_pos18&page=8",
    "content": "U.S. farmers took the brunt of the damage from the trade conflict with China.\n\nWASHINGTON—Farmers took a big hit. Importers of auto parts, furniture and machinery choked down punishing tariffs. Investment between the world’s two largest economies dropped.\n\nMuch of the U.S. economy is largely unscathed by two turbulent years of trade war with China, economic indicators show. Yet economic growth is trending near 2% in 2019, well short of the Trump administration’s goal of 3%.\n\nThe U.S. and China are preparing to sign a first-stage trade accord on Wednesday, easing trade tensions and making the tariffs worth it, in the administration’s view. The deal “protects American innovation and creates a level playing field for our great farmers, ranchers, manufacturers, and entrepreneurs,” said Judd Deere , a White House spokesman, adding, “President Trump protected the American worker and fundamentally changed our relationship with China.”\n\nAt the same time, most Chinese imports are still subject to U.S. tariffs, and many trade issues remain the subject of sharp disagreement.\n\n“China is set to do little more than restore agricultural purchases and offer some nice words on financial services and intellectual property,” said Benn Steil , the director of international economics at the Council on Foreign Relations. “Trump could have had that two years ago without the tariff damage.”\n\nAnd economists warn it could take years for the full consequences to be realized.\n\n“People are wanting to wrap this up in a bow and draw lessons and put this behind us, but I really think it’s way too premature,” said Chad Bown , senior fellow at the Peterson Institute for International Economics, a nonpartisan policy outfit.\n\nHere is a look at the far-reaching impacts of the trade war.\n\nAgriculture\n\nAmerican farmers took the brunt of the damage, as China largely halted purchases of major U.S. exports like soybeans. Annual U.S. farm exports to China plunged from nearly $25 billion in recent years to below $7 billion at its low point in the 12 months through April 2019.\n\nFarm debt levels last year reached new records, as delinquencies and bankruptcies rose. Bad weather conditions also took a toll.\n\nThe damage was tempered to a degree by the U.S. government responding with $28 billion in aid to farmers. The USDA estimated its aid payments will make up one-third of U.S. farm income in 2019. Any fallout for the broader U.S. economy is also limited because few Americans—only about 1%—make their living on farms.\n\nFarmers also fretted that trading relations with China they worked hard to secure might never recover. Agricultural purchases are now set to resume under the phase-one trade deal, with a goal of reaching $40 billion to $50 billion a year.\n\nInflation and Prices\n\nThe Trump administration’s tariffs on $360 billion of Chinese imports initially focused on machinery and capital goods purchased by businesses, but later expanded to a range of consumer products.\n\nA basket of goods subject to the tariffs, including auto parts, appliances and furniture, has risen in price by about 3% since 2017, compared with a decline of about 1% for core goods. Overall inflation has remained stable; the total consumer-price index rose 2% in the past year.\n\nWhile Mr. Trump frequently claimed China would pay the tariffs, they have been paid by U.S. importers.\n\nResearch by Alberto Cavallo , a professor at Harvard University and leading expert on inflation, showed the prices paid by importers for goods with tariffs jumped, meaning Chinese exporters didn’t cut their prices or absorb tariffs through currency depreciation.\n\n“The burden has mostly fallen on the U.S. importers because a) Chinese exporters have not reduced their U.S. dollar border prices, and b) U.S. importers/retailers have chosen not to pass on to the U.S. consumers most of the additional cost,” said Mr. Cavallo, who co-wrote a paper on the economic impact of the tariffs with the chief economist of the International Monetary Fund, as well as economists at the Boston Federal Reserve and the University of Chicago.\n\nAmericans might be getting lower-quality toys for the same price, despite a limited U.S.-China trade deal. WSJ toured the Chinese city that churns out Frozen and Peppa Pig gadgets to understand the impact of tariff threats. Photo: Ma Ka/Associates Press\n\nBilateral Trade\n\nAfter decades of surging commerce between the world’s two largest economies, trade took a sharp step back. U.S. exports to China dropped by nearly $30 billion, while imports from China fell by over $70 billion, for a decline of over $100 billion in trade.\n\nThe trade deficit in goods also fell, one of the Trump administration’s goals of the policy, but only by $60 billion. In the 12 months through November, that deficit remained at about $360 billion.\n\n“We have learned that trade wars generate very large effects on trade flows but smaller effects on trade deficits,” said Gregory Daco , chief U.S. economist for Oxford Economics, a U.K.-based forecasting and quantitative analysis company.\n\nFalling imports hurt manufacturers in Chinese port cities, putting some small companies out of business, while sending larger suppliers in search of ways to reduce costs or pass them on to American buyers.\n\nThe trade war, coupled with a slowing global economy, caused Chinese exports last year to stagnate, a painful contrast to export growth of 10% in 2018.\n\nInvestment\n\nInvestment in the U.S. economy slumped. Foreign direct investment slowed to nearly a halt in the early part of 2018, and was weak again in mid-2019.\n\nTotal investment in the U.S. economy, which includes building structures like new factories or purchasing equipment for those factories, contracted in the second and third quarters of 2019.\n\nNancy McLernon , president of the Organization for International Investment, which represents companies making cross-border investments, said international companies in general are more reluctant to invest in the U.S. because of the trade tensions.\n\n“That’s bad news, especially when you consider that international companies employ 20% of America’s manufacturing workforce and produce 25% of all U.S. goods exports.”\n\nJobs\n\nFactories in both the U.S. and China suffered amid a slowdown in global trade and investment.\n\nIndustrial activity world-wide slumped. U.S. factories have been a weak spot. In the jobs report released Friday, the Labor Department reported U.S. manufacturers shed 12,000 jobs in December.\n\nBut most Americans work in fields that have nothing to do with the trade war, and U.S. job gains have been driven by industries like professional services, leisure and hospitality, and health care.\n\nEconomic Growth\n\nIn early 2018, the Trump administration was taking a victory lap after achieving its goal of growing the economy by 3% a year, or more. In February of that year, the White House forecast that the economy would continue growing over 3% a year in 2018 and 2019, and that the economy would be so strong the Federal Reserve would continue raising interest rates.\n\nInstead, as the trade war wore on, the administration began imploring the Fed to slash interest rates to bolster the economy. The Fed cut rates three times. Even so, the economy has cooled toward 2%.\n\nOther factors slowed the U.S. economy. The boost from the 2017 tax overhaul was beginning to fade. Europe’s economy faces long-running demographic challenges. A number of major emerging markets like Argentina and Turkey experienced currency crises that dragged down global growth. Overall, global growth in 2019 had its worst year since the financial crisis.\n\nChina’s growth faltered too. After running at nearly 7% in 2017, its economy is predicted by the World Bank to grow less than 6% in 2020, which would be the slowest pace in about three decades.\n\nThe trade war—which called into question the fundamentals of U.S.-China relations—kept Chinese business sentiment depressed and ordinary consumers wary. Many businesses put investment and expansion plans on hold and even laid off workers.\n\nWithout the trade war, Mr. Daco of Oxford Economics estimates the U.S. would have grown 2.6% last year, and the global economy about 2.9%.\n\nSHARE YOUR THOUGHTS Has the U.S.-China trade war been worth it so far? Why or why not? Join the conversation below.\n\nExactly how much was lost can’t be determined, because no one can know how many factories might otherwise have been opened; how many plans were postponed as executives chased exemptions to tariffs; how many investments would have been made; or how many metric tons of soybeans China might have needed from U.S. buyers.\n\n“One thing we learned: It’s not just the tariffs and how large they are,” said Ayhan Kose , director of the World Bank’s global macroeconomic outlook. “It is this type of uncertainty. How the discourse takes place has a huge impact on uncertainty and in turn on activity. It is the constant unpredictability of what happens next.”\n\nChao Deng and Liyan Qi in Beijing contributed to this article.\n\nWrite to Josh Zumbrun at Josh.Zumbrun@wsj.com",
    "published": "2020-01-12"
  },
  {
    "source": "WSJ",
    "title": "Pete Buttigieg, a Veteran of Afghanistan War",
    "summary": "I respect that Pete Buttigieg chose to put himself in harm’s way rather than exercising one of the various artful dodges employed by other leading politicians.",
    "link": "https://www.wsj.com/articles/pete-buttigieg-a-veteran-of-afghanistan-war-11578858372?mod=Searchresults_pos16&page=13",
    "content": "Mayor Pete Buttigieg returns from Afghanistan to South Bend, Ind., Sept. 25, 2014. Photo: Greg Swiercz/Associated Press\n\nRegarding Greg Kelly and Katie Horgan’s “Buttigieg’s War and ‘The Shortest Way Home’” (op-ed, Jan. 7): Mayor Pete was a stellar graduate of Harvard University; there is no organization that would not gladly have welcomed him into its ranks. The Navy was lucky to have such an obviously qualified candidate. Mayor Pete is multilingual in eight languages, including Arabic.\n\nThe commissioning source and speed aren’t at all significant. Getting the best people is.",
    "published": "2020-01-12"
  },
  {
    "source": "WSJ",
    "title": "German Bond Yields Rise, Narrowing Gap With U.S. Treasurys",
    "summary": "Improved global economic data helps lift yield on 10-year German bund",
    "link": "https://www.wsj.com/articles/german-bond-yields-rise-narrowing-gap-with-u-s-treasurys-11578943116?mod=Searchresults_pos1&page=5",
    "content": "Yields, which rise when bond prices fall, have been trending upward on German bonds since early September, reflecting some improvement in global economic data and de-escalation in the U.S.-China trade war.\n\nSelling in European government bonds narrowed the gap between U.S. and German bond yields Monday, extending a recent move propelled by easing concerns about the eurozone economy.\n\nThe yield on the 10-year German bund settled at negative 0.201%, according to Tradeweb, up from negative 0.235% Friday.\n\nYields, which rise when bond prices fall, have been trending upward on German bonds since early September, reflecting some improvement in global economic data and de-escalation in the U.S.-China trade war.\n\nAlthough the yield on the benchmark 10-year U.S. Treasury note has also climbed since last summer, it hasn’t increased as much as its German counterpart. That means the extra yield investors can get from buying U.S. Treasurys over German bunds is now less than it used to be.\n\nData released last week showed German industrial output rose 1.1% in November from the previous month—above the 0.7% increase anticipated by economists surveyed by The Wall Street Journal.\n\nOther data has showed continued weakness in the German economy. Still, some investors are hoping that a preliminary U.S.-China trade deal can help lift its manufacturing sector, which is closely linked to China.\n\nAt the end of Monday’s session, the gap between the 10-year yields in the U.S. and Germany was 2.047 percentage points—down from 2.06 percentage points Friday and as much as 2.504 percentage points last July. The yield on the 10-year U.S. Treasury note settled at 1.846%, compared with 1.825% Friday.\n\n“After a string of just horrific economic data, the data has been less worse in Europe,” said Robert Tipp , chief investment strategist and head of global bonds at PGIM Fixed Income.\n\nAt the same, he said, the yield on the 10-year Treasury note has been capped at around 2% due to the gravitational pull of low yields in Europe and the widely held view that short-term interest rates set by the Federal Reserve have already reached their peak for this economic cycle.\n\nWrite to Sam Goldfarb at sam.goldfarb@wsj.com",
    "published": "2020-01-12"
  }
]