[
  {
    "source": "WSJ",
    "title": "Best Buy Posts Strong Holiday Sales",
    "summary": "Retailer said sales rose 3.2% in the latest quarter due to strong demand for phones, appliances and tablets",
    "link": "https://www.wsj.com/articles/best-buy-posts-strong-holiday-sales-11582807759?mod=Searchresults_pos9&page=14",
    "content": "Best Buy said its overall revenue rose 2.7% during the most recent quarter.\n\nBest Buy BBY -7.27 %decrease; red down pointing triangle said sales rose over the holiday season, citing strong demand for phones and appliances during a period when many traditional retailers reported lackluster results.\n\nThe company said comparable sales increased 3.2% during the fourth quarter ended Feb. 1, marking 12 consecutive quarters of sales growth. In the U.S., online sales grew nearly 19% to $3.52 billion compared with the same quarter last year due to high average order values and more shoppers buying online, the company said.\n\nCategories that helped boost sales included headphones, computing, appliances, mobile phones and tablets, the company said, offset by declines in the gaming category.\n\n“We offered compelling holiday deals that resonated with customers and provided a seamless shopping experience,” Chief Executive Corie Barry in a statement.\n\nThe retailer’s shares fell about 3.5% Thursday morning amid a broader market selloff.\n\nOverall revenue rose 2.7% to $15.2 billion during the most recent quarter. In the U.S., which accounts for the bulk of Best Buy’s sales, around a quarter or sales originated online, the company said.\n\nChief Financial Officer Matt Bilunas said Best Buy was closely monitoring developments related to the coronavirus outbreak and that it expects most of the impact to be felt in the first half of the year. “We view this as a relatively short-term disruption that does not impact our long-term strategy and initiatives,” Mr. Bilunas said in a statement.\n\nBest Buy’s results are a positive note amid a holiday sales reporting season marked by lackluster results from many retailers, with some pointing to the shorter holiday buying period and weak toy and electronics sales. The period between Thanksgiving and Christmas was shorter by six days compared with the year before.\n\nTarget Corp. fell short of its own expectations, citing weak sales in toys and electronics. Macy’s Inc. recently said it would close another 125 of its department stores. Walmart Inc. said fourth-quarter sales came in weaker than the company hoped, due to lackluster demand for toys, apparel and videogames in the last weeks before Christmas.\n\nBest Buy said it expects to report comparable sales of flat to 2% for the current fiscal year and diluted earnings per share of $6.10 to $6.30, which includes the company’s estimated impact from coronavirus, the company said.\n\nBest Buy has undergone a significant turnaround in the past six years, avoiding the fate of Circuit City, Sports Authority, Toys ‘R’ Us and other category killers, retailers that tend to stock goods focused on a single category such as electronics or sports gear. In 2012, the electronics retailer was struggling with falling sales and dwindling profit as consumers browsed at bricks-and-mortar stores but made purchases on Amazon.com and other websites.\n\nThe retailer shifted strategies, matching prices to competitors, adding services to reduce the company’s reliance on new product releases and using its stores to fulfill online orders. Two years ago Best Buy struck a deal to join with Amazon to sell smart TVs and later acquired GreatCall Inc., the maker of senior-focused devices.\n\nLast summer the architect of that turnaround, Hubert Joly , stepped aside from the chief executive role and Ms. Barry, a longtime Best Buy executive, became CEO. Earlier this year the company said it hired an outside law firm to investigate allegations brought to the board last December that Ms. Barry had an inappropriate romantic relationship with a fellow former executive before she took over as CEO. This month the company said it had concluded the review, leaving Ms. Barry in her role without providing details of the investigation. Ms. Barry, 44 years old, is one of the youngest CEOs of an S&P 500 company and one of few women.\n\nBest Buy’s sales growth has slowed somewhat over the past year amid uncertainty about the impact of tariffs on Chinese goods. In November, the company raised its previously lowered sales and profit expectations for the full year. At the time, Best Buy predicted comparable sales growth of 1% to 2% for the year.\n\nFor the full fiscal year, comparable sales rose 2.1%.\n\nNet earnings rose slightly to $1.54 billion for the full year, up from $1.46 billion the previous fiscal year.\n\nDiluted earnings per share hit $5.75 for the year, up from $5.20 in the comparable period.\n\nWrite to Sarah Nassauer at sarah.nassauer@wsj.com",
    "published": "2020-02-27"
  },
  {
    "source": "WSJ",
    "title": "U.K., EU Gear Up for Thorny Post-Brexit Negotiations",
    "summary": "Both sides take a tough line ahead of talks covering trade, data sharing, security and more",
    "link": "https://www.wsj.com/articles/u-k-eu-gear-up-for-thorny-post-brexit-negotiations-11582806207?mod=Searchresults_pos14&page=4",
    "content": "Prime Minister Boris Johnson says he wants Britain to set its own rules and is prepared to take the economic hit of tariffs.\n\nLONDON—The U.K. and the European Union set the stage for months of tense and highly pressured negotiations, laying out clashing approaches to their post-Brexit relationship.\n\nBritain and the EU will on Monday start negotiations to determine how they will trade and cooperate in future. Britain has ramped up pressure in the talks—which will cover topics ranging from tariffs on goods, to fisheries, data sharing and security cooperation—by saying it wants the new relationship to be in place by Jan. 1 next year.\n\nPresenting their respective negotiating mandates this week, both sides took a tough line.\n\nThe EU says Britain must not retreat from the bloc’s basic regulatory standards if it wants tariff and quota free access for its products to the trade bloc. Prime Minister Boris Johnson says he wants Britain to set its own rules and is prepared to suck up the economic hit of tariffs.\n\nHeightening the stakes on Thursday, Mr. Johnson’s government said it wanted to see a broad outline for the deal by June and would walk away from talks if no progress was made by then.\n\n“Whatever happens the government will not negotiate any arrangement in which the U.K. does not have control of its own laws and political life,” the government said in its negotiating mandate.\n\nAnalysts say that compromise is possible, but the talks will likely be marked by brinkmanship and could end up with no deal at all. “Both sides have to brace themselves for a fairly limited agreement,” said Alan Winters, director of the U.K. Trade Policy Observatory at the University of Sussex.\n\nIf a deal can’t be reached, the U.K. and EU will trade on so-called World Trade Organization terms, under which both sides would impose tariffs on a range of products. For instance, the EU would charge a tariff of 10% on car imports from the U.K.\n\nThe negotiations are a rare example of de-globalization—namely what happens when a country puts up trade barriers with its biggest commercial partner.\n\nThe negotiations will boil down to a simple trade-off: how much economic pain the two sides will accept to protect their respective sovereignty. Such is the deep level of integration between the two economies, this decision is fraught with political complexity.\n\nBritain officially quit the EU in January. But a divorce agreement stipulated the two sides maintain existing relations until at least the end of 2020 while the future arrangements are hammered out.\n\nTo try to turn the screws on the EU, the U.K. is also embarking on simultaneous trade talks with the U.S. The British government will present its negotiating mandate with the U.S. on Monday.\n\nFor Mr. Johnson, the challenge is unmooring the U.K. from the EU without tanking his country’s economy. During Britain’s 47-year membership of the EU, U.K. businesses became accustomed to being able to seamlessly move capital, goods and people around Europe. Whatever the outcome of the negotiations, there will be more friction at the British border than before as checks are introduced.\n\nThe EU accounts for 46% of British exports. Major companies warn that supply-chain disruption will eat into margins and reduce manufacturing efficiency after Brexit. The question is whether the added expense forces companies to shift production into the EU or whether the government does enough to smooth access to the European market.\n\nForeign direct investment into the U.K. has fallen since the 2016 referendum. The failure to secure a zero-tariffs deal could cut British exports by 14%—and even under a standard trade deal, U.K. exports to the bloc could fall 9%, according to a new study by the United Nations.\n\nThe EU says it can’t allow the U.K. broad access to its trading zone without guarantees Britain abides by similar regulations. It worries U.K.-based companies will be allowed to implement looser environment, labor and food standards, for instance, undercutting EU companies. Or that Britain, free of EU state-aid rules, will massively subsidize certain industries. Mr. Johnson says the U.K. has no desire to reduce environmental or employment standards.\n\nAreas of contention are already surfacing. On fisheries, Britain wants annual negotiations on access to territorial waters and catches, while the EU wants a multiyear agreement in place by July.\n\nAfter years of uncertainty and missed deadlines, the U.K. is finally leaving the EU. But the Brexit drama may not be over as the U.K. enters a new phase of negotiations with its trading partners. WSJ’s Jason Douglas reports. Photo: Daniel Leal-Olivas/Getty Images\n\nBritain wants to maintain access for its financial center into the EU, something Brussels will only grant if the U.K. stays in lockstep on regulation. The EU wants Britain to respect its data-privacy laws. British government officials are eager to ditch them.\n\nIt is unclear whether the U.K. and the EU can hash out these issues in the time available. Britain also has to implement the divorce deal that Mr. Johnson agreed with the EU last year, which, among other things, requires the country to perform checks on goods between the mainland and Northern Ireland.\n\nThe divorce deal stipulated the U.K. would seek to maintain a level playing field with the EU. Though that wasn’t legally binding, Mr. Johnson’s apparent effort to row back on the agreement has left some European diplomats unimpressed. If the EU feels it can’t trust the U.K., it may require a more prescriptive trade deal, which will take longer to forge, officials say.\n\nFor Mr. Johnson, the trade-off could quickly become political. He was elected to office last year on a wave of blue-collar support in postindustrial regions. Those regions, in many of which manufacturing industry remains important, are likely to be disproportionately hit if tariffs come into force.\n\nThe risk is “that sovereignty is going to feel very hollow for people,” said Angus MacNeil, who heads the U.K. Parliament’s international trade committee.\n\nThe What’s News Briefing In Your Inbox Get What’s News, a daily digest of the day’s most important news to watch, delivered to your inbox. Sign up.\n\nWrite to Max Colchester at max.colchester@wsj.com, Jason Douglas at jason.douglas@wsj.com and Laurence Norman at laurence.norman@wsj.com",
    "published": "2020-02-27"
  },
  {
    "source": "WSJ",
    "title": "Shipping’s Smaller Operators Are Most Susceptible to the Coronavirus Financial Impact",
    "summary": "While big cargo carriers idle ships, niche operators critical to secondary trade lanes have little room to hide in a downturn",
    "link": "https://www.wsj.com/articles/shippings-smaller-operators-are-most-susceptible-to-the-coronavirus-financial-impact-11582799403?mod=Searchresults_pos20&page=6",
    "content": "This was supposed to be a year of recovery for the world’s oceangoing shipping companies, with trading peace in major markets providing a new period of stability for cargo carriers.\n\nMaritime operators instead are facing their biggest challenge since the 2009 financial crisis. Many companies are struggling to stay afloat as the impact of the coronavirus outbreak sweeps across supply chains, slashing production in China and dealing a blow to global trade and the movement of goods from iron ore to consumer electronics.\n\nContainer shipping lines are idling vessels at a record pace this quarter and have slashed dozens of sailings on major trade lanes connecting Europe and North America to China, the world’s biggest exporter of manufactured products and largest importer of raw commodities.\n\nDemand in China has been throttled by quarantines that have kept workers from returning to factories following the Lunar New Year. Ports are open but are backed up because trucks can’t get to the cargo terminals as a result of virus-related transport restrictions.\n\nNewsletter Sign-up The Logistics Report Top news and in-depth analysis on the world of logistics, from supply chain to transport and technology. Preview Subscribe\n\n“It’s a big, expensive mess,” said George Lazaridis , head of research at Athens-based Allied Shipbroking. “Ships still can’t call on ports, there are no trucks to move products and owners can’t send people to China to check on ship orders or repairs.”\n\nAlthough big operators like Denmark’s A.P. Moeller-Maersk A/S and China’s Cosco Shipping Holdings might absorb the financial toll by parking their ships, smaller companies that depend more fully on business with China have little room to hide.\n\n“You still have to pay the ships you charter, crew salaries and keeping the ships in good condition,” said Lars Jensen , chief executive of Copenhagen-based industry analysts Sea-Intelligence Consulting.\n\n“Dozens of smaller companies with niche routes from China to destinations like Japan, Korea and the Philippines could face mortal danger with their cash flow being hit in the second quarter,” he said.\n\nThose companies may have only a handful of ships but they make up a critical piece of global trade, shuttling containers and commodities on regional trade lanes in the shadows of the big routes.\n\nAs new pockets of infection have emerged outside China, Italy, South Korea and Iran are scrambling to contain the spread of the coronavirus. Photo: Zuma Press\n\nBased in countries including India, Singapore, China, Thailand, Vietnam and Malaysia and the Philippines, these carriers ferry goods from secondary ports to the main gateways, connecting small markets to global trade. They have little cushion for a long slowdown, and their failure would hit a range of businesses that provide ships, fuel and other services to the operators.\n\n“We are hoping for a boom when this thing blows off, but nobody knows when it’s going to happen,” a Greek owner that charters dozens of ships said. “If it spills over into the second quarter many will go belly up.”\n\nParis-based marine data provider Alphaliner said that as of last week, a record 2 million containers of shipping capacity has been idled. That is more than the 1.6 million 20-foot equivalent units, or TEUs, a standard industry measure of container capacity, sidelined after the collapse in 2016 of South Korea’s Hanjin Shipping Co. or the 1.5 billion TEUs of capacity idled in 2009 at the height of the financial crisis.\n\nThe global fleet is roughly double what it was 10 years ago, but capacity reductions over the two-month period from the Lunar New Year will reach 700,000 boxes. That is more than double the 340,000 containers cut over the same period last year, when the U.S.-China trade war curtailed shipping demand.\n\n“Over the past three weeks, some 30% to 60% of weekly outbound capacity has been withdrawn from the Asia-Europe and Transpacific trade, as well as from intra-regional routes,” Alphaliner said in a report released this week.\n\nSea-Intelligence expects the revenue loss for the world’s top 10 liners to reach $1.7 billion.\n\nThis might seem small compared with their combined $75 billion annual turnover but “the loss goes to a disproportionate degree straight to the bottom lines,” Mr. Jensen said.\n\nThe effects are being felt across the supply chain from ports to shipyards and even conferences as shipping companies and their customers follow other businesses in pulling back travel.\n\nAdding to the financial hit for carriers is that ship operators are absorbing large new fuel costs that have come with a mandate that began this year to comply with tougher air pollution rules.\n\n“With big parts of the industry at a standstill because of the virus and the overall trade slowdown, it’s becoming difficult to pass on the fuel cost to cargo owners,” said an Asian owner of more than 15 small container vessels.\n\nThis owner said two of his ships are idle and nine have been waiting for six days to pick up cargo at backed-up ports in China.\n\n“On March 15, I have loan payments due for eight vessels,” he said. “I don’t have the money and the Chinese lender doesn’t care about the virus. I actually don’t know if I can make it through the next couple of weeks.”\n\nWrite to Costas Paris at costas.paris@wsj.com",
    "published": "2020-02-27"
  },
  {
    "source": "WSJ",
    "title": "Coronavirus Upends Global Toy Industry",
    "summary": "Factory closures in China, where 85% of toys are made, threaten to choke supply of popular items",
    "link": "https://www.wsj.com/articles/coronavirus-upends-global-toy-industry-11582809430?mod=Searchresults_pos12&page=14",
    "content": "Toy companies are delaying shipments and new product launches and struggling to fill retail orders as the coronavirus epidemic disrupts the industry’s supply chain.\n\nSome toy factories in China, where around 85% of the world’s toys are made, remain closed and others are operating at a fraction of capacity, either because of worker shortages or difficulties securing raw materials and molds to make their products, industry executives and analysts said.\n\nInside factories that are operating, companies are installing dividers between workspaces and taking other precautions against the spread of the disease, which has led to more than 2,700 deaths world-wide and raised the prospect of a global pandemic.\n\nThe disruption is threatening the carefully orchestrated schedule of manufacturing and shipments that delivers Barbie dolls and Nerf blasters to shelves. Some large retailers are searching for alternative products to fill holes in their inventories and considering delaying setting their shelves for the holiday season by a month.\n\nProducts are displayed at Toy Fair New York on Feb. 24. Photo: kena betancur/Agence France-Presse/Getty Images\n\nIt’s the latest challenge for a toy industry that in recent years has faced the threat of tariffs and bankruptcies of key retailers including Toys ‘R’ Us. Toy sales declined 4% in the U.S. last year, according to research firm NPD Group Inc.\n\n“This is going to put some companies out of business if it goes on too long,” said Steve Pasierb , president and chief executive of the Toy Association Inc., a trade group.\n\nHe said that many toy companies have convened war rooms with daily calls to their Chinese manufacturers for status updates. Some have said they might see their expected output fall by around 25% in the second quarter of the year.\n\nJay Foreman , chief executive of toy company Basic Fun Inc. in Boca Raton, Fla., said that full production might not ramp up until April, and if the outbreak stretches much further, the holiday season could face trouble. “It will start to put strain on the supply chain for the second half of the year,” he said.\n\nAt Toy Fair New York this week, the impact of coronavirus cast a long shadow at an event where hundreds of companies convened to showcase everything from Baby Shark to Baby Yoda toys. Large companies like Hasbro Inc., HAS 0.78 %increase; green up pointing triangle Mattel Inc. MAT 1.89 %increase; green up pointing triangle and Lego A/S are trying to minimize the effect of delayed factory openings. They have said they expect some impact to sales and supplies at the beginning of the year that could worsen if the outbreak drags on.\n\nAnna Mowbray , co-founder Zuru Ltd., which makes X-Shot blasters and Bunch O Balloons water balloons, said its factories have reopened in phases over the past few weeks. Zuru installed dividers between workspaces, added extra sanitation stations and implemented other precautionary measures. But the company is thinly staffed due to restrictions on China travel and is operating at just 20% of capacity right now, Ms. Mowbray said.\n\nCoronavirus and trade tensions are testing the stability of global supply chains. While that’s pushed some businesses to consider loosening their ties with China, WSJ explains why leaving the “factory of the world” is easier said than done. Photo: China Daily via Reuters\n\nZuru, which is based in Shenzhen, has had to scrap a new product launch for the year and is likely out tens of millions of dollars in revenue, Ms. Mowbray said. It is also asking retailers to be flexible with how much product they initially ship.\n\n“There’s definitely going to be holes on shelves,” she said. “There’s a hole for us in revenue because of it, and I think there’s going to be less freshness.”\n\nHog Wild Toys LLC has reopened its factory in Guangdong, but it is also running at only about 15% of capacity, said Joshua Loerzel , the company’s vice president of sales and marketing. But upstream in the supply chain, it is unable to get tooling equipment needed to make some new products as those producers are facing the same labor shortage.\n\nThat means shipments of products like Tower Tennis, an outdoor paddle game, likely won’t arrive at retailers as expected in April. Instead, Hog Wild will provide retailers some outdoor products that it imported late last year as it ramped up distribution to mass retailers.\n\n“Luckily, we had these products so I pivoted the buyers to the stuff we have,” Mr. Loerzel said.\n\nHe said some large retailers have sent emails asking for extra outdoor toys to fill shelves for the spring and summer.\n\nSome larger companies have worked to reduce their dependence on Chinese factories in recent years, with trade disputes recently creating the need for a more diversified base. Hasbro said it gets about two-thirds of its products from China and aims to reduce that to around 50% over the next few years. Mattel makes less than two-thirds of its products in China and most of its two largest brands, Barbie dolls and Hot Wheels cars, are made elsewhere.\n\nEven if the factories start churning out toys faster soon, another challenge will be getting them out of China, as toys will have to compete with iPhones and other consumer products for transportation.\n\n“If you think about all the consumer products and the floodgates open up, where do toys fit into that?” the Toy Association’s Mr. Pasierb said. “Even if they’re producing, there’s no belly of a jetliner to get onto right now.”\n\nWrite to Paul Ziobro at Paul.Ziobro@wsj.com",
    "published": "2020-02-27"
  },
  {
    "source": "WSJ",
    "title": "Where’s That 3% Growth?",
    "summary": "The Trump tax cut hasn’t lived up to its promise. The reason may be Trump.",
    "link": "https://www.wsj.com/articles/wheres-that-3-growth-11582763051?mod=Searchresults_pos8&page=10",
    "content": "President Trump is reportedly planning another tax cut. If so, he should figure out why the first one was a dud.\n\nAs a card-carrying supply-sider, I was certain tax reform would at last lift the U.S. economy out of its rut of 2% growth. On Dec. 16, 2017, a few days before he signed the Tax Cuts and Jobs Act, Mr. Trump told reporters: “The economy now has hit 3%. Nobody thought we’d be anywhere close. I think we can go to 4%, 5% and maybe even 6% ultimately.”\n\nBut the increase in gross domestic product hasn’t hit 3%. It was only 2.3% in 2017 and 2.9% in 2018, when the cuts kicked in. The U.S. Bureau of Economic Analysis estimates only 2.3% for 2019. Overall, annual GDP growth under Mr. Trump has averaged only a few tenths of a point better than that of President Obama’s second term.\n\nI supported the 2017 corporate and personal tax cuts, expecting them to add incentives to work and invest. Businesses were supposed to plow tons of money into new factories and machines. Instead, in 2019, real private nonresidential fixed investment fell.\n\nEconomic growth lifts all boats, and it is disappointing—but probably inevitable—that the Democratic presidential candidates have focused on redistribution rather than increasing GDP.\n\nStill, why didn’t the tax cuts have the desired effect? Perhaps they did but were overwhelmed by losses from other policies. Tariffs on foreign goods harmed growth by raising prices for consumers and producers and disrupting supply chains. Restrictive immigration policies helped cut U.S. population growth to less than 0.5% last year, the smallest increase since the 1918 Spanish flu epidemic. A growing population, especially of working-age immigrants, is crucial to economic growth.\n\nThere’s another likely deterrent as well. Mr. Trump’s erratic behavior and penchant for economic and diplomatic isolation have almost certainly dampened the enthusiasm of both foreigners and Americans to devote capital here. Foreign direct investment has dropped for five straight quarters.\n\nThe Obama years were hardly brilliant for the economy. After a bad recession, we didn’t get our usual roaring recovery. Instead, we puttered along at little better than 2%. Unfortunately, we’re still puttering along.\n\nMr. Glassman, a consultant to businesses and nonprofits, served as undersecretary of state for public diplomacy under President George W. Bush .\n\nThe week's best and worst from Kim Strassel, Kyle Peterson and Dan Henninger. Image: Aleksey Nikolskyi/Getty Images",
    "published": "2020-02-27"
  },
  {
    "source": "WSJ",
    "title": "Coronavirus Impact Seen Prolonging U.S. Freight Slump",
    "summary": "Analysts say shipping companies may see strong rebound once restrictions subside and companies rush to replenish inventories",
    "link": "https://www.wsj.com/articles/coronavirus-impact-seen-prolonging-u-s-freight-slump-11582832476?mod=Searchresults_pos8&page=15",
    "content": "Trucks traveling along a loading dock at the Port of Long Beach in Long Beach, Calif., the largest U.S. gateway for seaborne imports from China.\n\nSupply-chain disruptions from the coronavirus outbreak are likely to prolong a continuing slump in U.S. freight transport, industry analysts say.\n\nBut transportation operations could see a bump once production in China ramps back up as companies rush to restock depleted inventories.\n\nNewsletter Sign-up The Logistics Report Top news and in-depth analysis on the world of logistics, from supply chain to transport and technology. Preview Subscribe\n\nBusinesses from apparel brands to makers of toys, cars and electronics say sourcing problems in China are hampering production and could delay shipments of some goods into the second quarter of this year. Quarantines, half-staffed factories and logistical bottlenecks inside China are affecting the movement of both finished goods such as footwear and raw materials from Chinese vendors that supply manufacturers elsewhere.\n\nThe slowdown has sent volumes plummeting this month at the Port of Los Angeles, the largest U.S. gateway for seaborne imports from China, and is expected to “drive sustained weakness” in demand for domestic trucking and intermodal service moving freight long distances by truck and rail, Credit Suisse Group AG analyst Allison Landry said in a Feb. 26 research note.\n\n“Suffice it to say, a recovery in domestic freight volumes is unlikely on the near-term horizon,” Ms. Landry wrote.\n\nUBS Securities LLC reduced its quarterly earnings estimates for FedEx Corp. and United Parcel Service Inc. on Friday, citing the impact of a sharp decline in Asia exports.\n\n“Clearly the near-term impact is one of reduced activity not only on international lanes linked to China but also in terms of reduced freight activity in the U.S. given the expected fall off in imported container goods over the next month or longer,” UBS analyst Thomas Wadewitz wrote in a research note.\n\nU.S. shipping demand already was faltering before the coronavirus restrictions began disrupting global supply chains.\n\nContainer handling through U.S. ports fell 2.7% year-over-year in January, the fourth straight month of declining traffic, according to Panjiva, the supply chain research unit of S&P Global Market Intelligence. The Cass Freight Index, a measure of North American transport volumes, dropped 9.4% from the same month a year ago, the largest decline since 2009, according to Cass Information Systems Inc., which handles freight payments for companies.\n\nAs Chinese workers trickle back to factories, manufacturers and retailers are making arrangements to move goods by air to make up for lost time. Equipment-maker Deere & Co. is budgeting an extra $40 million in expedited freight costs for the second quarter to help ensure parts from Chinese suppliers can reach its facilities, the Moline, Ill.-based company said last week.\n\nFreight airlines Atlas Air Worldwide Holdings Inc. and Cargojet Inc. are fielding calls from freight brokers looking to line up capacity as manufacturing comes back online, company executives said in earnings calls this month. They expect demand for China service to surge in the coming weeks, exacerbated by the lack of cargo space on passenger jets after a wave of service cancellations that could stretch into April.\n\nMeanwhile, many retailers and manufacturers say they are bracing for inventory shortages as their stockpiles purchased before the disease outbreak dwindle.\n\n“Everybody carries 30 days of inventory on the ground if you source from China. We’re no different,” Chief Executive Robert McCormick of Douglas Dynamics Inc., a Milwaukee-based maker of snow and ice control equipment for trucks, said in a Feb. 25 earnings call. ”Even people who want to airfreight shipments aren’t going to be able to because of the flight restrictions…So it isn’t a matter of if we’re going to have some shortages, it is a matter of when and to what extent.”\n\nMr. McCormick said that although about 80% of its Chinese manufacturing suppliers are up and running, those factories aren’t yet fully staffed, and that its vendors that also source from China also are coping with diminishing supplies.\n\nChildren’s clothing company Carter’s Inc. said this week that travel restrictions in China will affect production schedules and could delay the delivery of fall products to the Atlanta-based company in the second quarter.\n\nSan Jose, Calif.-based Arlo Technologies Inc. said that even though the company’s security cameras are manufactured outside China, key components are sourced from the affected regions and inventory is drawing down quickly.\n\n“Our vendors do not have sufficient quantities of the required components to fulfill our demand because the component factories are operating at considerably reduced output,” Chief Financial Officer Christine Gorjanc said in a Feb. 24 earnings call.\n\nSome companies have more of a cushion because they built up inventory ahead of the Lunar New Year holiday or front-loaded shipments in previous months to get ahead of anticipated tariffs, although those stores are being drawn down as container lines cancel sailings from China.\n\n“Right now, we’ve got to get a lot of empties and some backlogged exports out the door to Asia,” Port of Los Angeles Executive Director Gene Seroka said this week. Once manufacturing regains steam, “it’s going to be kind of a big pendulum swing from the asset base.”\n\nAs container service comes back online, there could be a flood of raw materials, parts and supplies hitting North American ports, Credit Suisse’s Ms. Landry wrote.\n\n“That could lead to a tightening of domestic truck capacity,” driving up transportation prices, she wrote. “So while freight demand is likely to be weaker than expected in the next few months, there is the potential for a more meaningful V-shaped recovery in [the second half of the year].”\n\nWrite to Jennifer Smith at jennifer.smith@wsj.com",
    "published": "2020-02-27"
  },
  {
    "source": "WSJ",
    "title": "Best Buy Posts Strong Holiday Sales",
    "summary": "Retailer said sales rose 3.2% in the latest quarter due to strong demand for phones, appliances and tablets",
    "link": "https://www.wsj.com/articles/best-buy-posts-strong-holiday-sales-11582807759?mod=Searchresults_pos9&page=14",
    "content": "Best Buy said its overall revenue rose 2.7% during the most recent quarter.\n\nBest Buy BBY -7.27 %decrease; red down pointing triangle said sales rose over the holiday season, citing strong demand for phones and appliances during a period when many traditional retailers reported lackluster results.\n\nThe company said comparable sales increased 3.2% during the fourth quarter ended Feb. 1, marking 12 consecutive quarters of sales growth. In the U.S., online sales grew nearly 19% to $3.52 billion compared with the same quarter last year due to high average order values and more shoppers buying online, the company said.\n\nCategories that helped boost sales included headphones, computing, appliances, mobile phones and tablets, the company said, offset by declines in the gaming category.\n\n“We offered compelling holiday deals that resonated with customers and provided a seamless shopping experience,” Chief Executive Corie Barry in a statement.\n\nThe retailer’s shares fell about 3.5% Thursday morning amid a broader market selloff.\n\nOverall revenue rose 2.7% to $15.2 billion during the most recent quarter. In the U.S., which accounts for the bulk of Best Buy’s sales, around a quarter or sales originated online, the company said.\n\nChief Financial Officer Matt Bilunas said Best Buy was closely monitoring developments related to the coronavirus outbreak and that it expects most of the impact to be felt in the first half of the year. “We view this as a relatively short-term disruption that does not impact our long-term strategy and initiatives,” Mr. Bilunas said in a statement.\n\nBest Buy’s results are a positive note amid a holiday sales reporting season marked by lackluster results from many retailers, with some pointing to the shorter holiday buying period and weak toy and electronics sales. The period between Thanksgiving and Christmas was shorter by six days compared with the year before.\n\nTarget Corp. fell short of its own expectations, citing weak sales in toys and electronics. Macy’s Inc. recently said it would close another 125 of its department stores. Walmart Inc. said fourth-quarter sales came in weaker than the company hoped, due to lackluster demand for toys, apparel and videogames in the last weeks before Christmas.\n\nBest Buy said it expects to report comparable sales of flat to 2% for the current fiscal year and diluted earnings per share of $6.10 to $6.30, which includes the company’s estimated impact from coronavirus, the company said.\n\nBest Buy has undergone a significant turnaround in the past six years, avoiding the fate of Circuit City, Sports Authority, Toys ‘R’ Us and other category killers, retailers that tend to stock goods focused on a single category such as electronics or sports gear. In 2012, the electronics retailer was struggling with falling sales and dwindling profit as consumers browsed at bricks-and-mortar stores but made purchases on Amazon.com and other websites.\n\nThe retailer shifted strategies, matching prices to competitors, adding services to reduce the company’s reliance on new product releases and using its stores to fulfill online orders. Two years ago Best Buy struck a deal to join with Amazon to sell smart TVs and later acquired GreatCall Inc., the maker of senior-focused devices.\n\nLast summer the architect of that turnaround, Hubert Joly , stepped aside from the chief executive role and Ms. Barry, a longtime Best Buy executive, became CEO. Earlier this year the company said it hired an outside law firm to investigate allegations brought to the board last December that Ms. Barry had an inappropriate romantic relationship with a fellow former executive before she took over as CEO. This month the company said it had concluded the review, leaving Ms. Barry in her role without providing details of the investigation. Ms. Barry, 44 years old, is one of the youngest CEOs of an S&P 500 company and one of few women.\n\nBest Buy’s sales growth has slowed somewhat over the past year amid uncertainty about the impact of tariffs on Chinese goods. In November, the company raised its previously lowered sales and profit expectations for the full year. At the time, Best Buy predicted comparable sales growth of 1% to 2% for the year.\n\nFor the full fiscal year, comparable sales rose 2.1%.\n\nNet earnings rose slightly to $1.54 billion for the full year, up from $1.46 billion the previous fiscal year.\n\nDiluted earnings per share hit $5.75 for the year, up from $5.20 in the comparable period.\n\nWrite to Sarah Nassauer at sarah.nassauer@wsj.com",
    "published": "2020-02-27"
  },
  {
    "source": "WSJ",
    "title": "Where’s That 3% Growth?",
    "summary": "The Trump tax cut hasn’t lived up to its promise. The reason may be Trump.",
    "link": "https://www.wsj.com/articles/wheres-that-3-growth-11582763051?mod=Searchresults_pos5&page=12",
    "content": "President Trump is reportedly planning another tax cut. If so, he should figure out why the first one was a dud.\n\nAs a card-carrying supply-sider, I was certain tax reform would at last lift the U.S. economy out of its rut of 2% growth. On Dec. 16, 2017, a few days before he signed the Tax Cuts and Jobs Act, Mr. Trump told reporters: “The economy now has hit 3%. Nobody thought we’d be anywhere close. I think we can go to 4%, 5% and maybe even 6% ultimately.”\n\nBut the increase in gross domestic product hasn’t hit 3%. It was only 2.3% in 2017 and 2.9% in 2018, when the cuts kicked in. The U.S. Bureau of Economic Analysis estimates only 2.3% for 2019. Overall, annual GDP growth under Mr. Trump has averaged only a few tenths of a point better than that of President Obama’s second term.\n\nI supported the 2017 corporate and personal tax cuts, expecting them to add incentives to work and invest. Businesses were supposed to plow tons of money into new factories and machines. Instead, in 2019, real private nonresidential fixed investment fell.\n\nEconomic growth lifts all boats, and it is disappointing—but probably inevitable—that the Democratic presidential candidates have focused on redistribution rather than increasing GDP.\n\nStill, why didn’t the tax cuts have the desired effect? Perhaps they did but were overwhelmed by losses from other policies. Tariffs on foreign goods harmed growth by raising prices for consumers and producers and disrupting supply chains. Restrictive immigration policies helped cut U.S. population growth to less than 0.5% last year, the smallest increase since the 1918 Spanish flu epidemic. A growing population, especially of working-age immigrants, is crucial to economic growth.\n\nThere’s another likely deterrent as well. Mr. Trump’s erratic behavior and penchant for economic and diplomatic isolation have almost certainly dampened the enthusiasm of both foreigners and Americans to devote capital here. Foreign direct investment has dropped for five straight quarters.\n\nThe Obama years were hardly brilliant for the economy. After a bad recession, we didn’t get our usual roaring recovery. Instead, we puttered along at little better than 2%. Unfortunately, we’re still puttering along.\n\nMr. Glassman, a consultant to businesses and nonprofits, served as undersecretary of state for public diplomacy under President George W. Bush .\n\nThe week's best and worst from Kim Strassel, Kyle Peterson and Dan Henninger. Image: Aleksey Nikolskyi/Getty Images",
    "published": "2020-02-27"
  },
  {
    "source": "WSJ",
    "title": "Create an Estate Plan So Your Kids Don’t Inherit a Headache",
    "summary": "Knowing what will happen to a piece of property before its owner becomes ill or dies can help families avoid relationship rifts and lengthy litigation",
    "link": "https://www.wsj.com/articles/create-an-estate-plan-so-your-kids-dont-inherit-a-headache-11582812341?mod=Searchresults_pos6&page=17",
    "content": "In his lifetime, Kerney Overman Jr. built a thriving construction company, a close-knit family and a charming beach cottage one block off the Atlantic Ocean in North Carolina. But at around age 70, his mind started to slip. Since his wife had already died, he turned to his eldest child, the one he called “Old Faithful,” to help plan for the future.\n\n“If it had to be done, I would do it,” says his daughter, Karen Garrison of Burlington, N.C., who, with an attorney, helped her dad set up a trust to hold the beach cottage and other investment properties.\n\nWhen Mr. Overman died in 2015, his estate plan enabled all four children to share the cottage and ensured they had the money to maintain it. The investment properties were sold, with the proceeds going into the trust. Rental income—about nine weeks a year—helps cover some of the expenses, and each child pays a nominal fee when staying at the cottage. So far, the plan has worked: All four siblings are still on speaking terms.\n\nShare Your Thoughts Have you created an estate plan, and if so, what documents did you include in it?\n\nAs sole trustee, “I decided from the get-go that I wouldn’t do this by myself—everyone was in on the decisions,” says Ms. Garrison, 64, who estimates the cottage’s value at $485,000.\n\nCreating a comprehensive estate plan is about having conversations before parents become ill or die, says Erin Cockman, a financial planner with Pinnacle Wealth Partners in Burlington, N.C., who worked with Ms. Garrison and her father. “People are so private about their money, but families need to be better about having tough conversations.”\n\nFamily conversations are so important to the process of creating an estate plan, says financial planner Steven Tenney, that he hosts family forums for his clients and their children when drafting one. “The primary objective is family harmony—it’s not taxes. It’s not always easy to attain and maintain,” says Mr. Tenney, chief executive of Great Diamond Partners in Portland, Maine.\n\nMr. Tenney frequently works with clients whose cabins have been in the family for generations. “There’s a very strong emotional attachment to those homes and to those towns,” he says. But problems arise when some siblings have moved far from home or when one sibling lacks the financial means to maintain his share of the property.\n\nILLUSTRATION: ingo fast\n\nHe worked with a family in which three siblings were beneficiaries of a trust that held a family vacation home on Penobscot Bay. Before the parents died, Mr. Tenney moderated a family forum that detailed the parents’ finances and let the siblings express their opinions about the cabin and property. After the parents died, one sibling bought out the other two—they didn’t live nearby and were in different economic circumstances.\n\nIn a separate case, however, there was friction among three siblings over a perceived inequality in the division of assets. In this instance, the client’s daughter, along with her husband and son, had invested a lot of “sweat equity” to maintain a vacation home on Maine’s midcoast. The father believes his daughter and her husband earned the right to be the next owners. Making her the sole beneficiary of the trust that owned the house resulted in animosity with the other children that lasted years.\n\nAnimosity also can arise when a parent has a poorly structured estate plan, says Ross W. Stoddard III, a Dallas-area attorney-mediator. If a home and other real property, like land, aren’t transferred to a trust before the death of a final parent, it likely will end up in the probate court system. The estate’s executor or administrator must maintain the property and pay its expenses until the property is either sold or distributed to beneficiaries. When there is conflict among siblings, probate procedures can be lengthy and expensive.\n\nAs a mediator, Mr. Stoddard frequently helps siblings resolve their probate disputes. He has seen many siblings contest an estate plan by arguing that when their parents signed the will or trust, they lacked mental capacity or were under undue influence from another person. (Some parents add an in terrorem clause to a will or trust which says that any beneficiary who contests it forfeits their share, he adds.)\n\nWhen a disputed estate plan goes into mediation, Mr. Stoddard first meets with the siblings and their lawyers as a group. Then each sibling and his or her lawyer is placed in a room, and Mr. Stoddard shuttles proposals back and forth between them. Usually they can tackle the issues in a day. But if there is an impasse, the case could go to court, says Mr. Stoddard. Legal costs in a dispute with multiple appeals can run upward of $100,000, he says. “The more money involved, the greater ability to sustain the fight.”\n\nThere’s also a risk that a court will order a “partition by sale” of the property, resulting in it being sold and the proceeds distributed among the siblings. Laws vary widely, Mr. Stoddard notes, but in some states, the property is sold at what’s called a “sheriff’s sale,” a public auction, where it could sell at far below fair market value to an unrelated third party.\n\nTo help avoid such a result, 15 states have enacted the Uniform Partition of Heirs Property Act. When applicable, the court gets an appraisal of the home. Then the co-owner(s) who didn’t file the partition petition have the right to buy out the co-owner who did file it. If that doesn’t occur, the court appoints a real-estate agent to list the property, which can result in a sale price that is closer to fair market value.\n\nRegardless of how a home is passed on, the process can take a toll on the whole family. “It’s sad because it could lead to the destruction of relationships that otherwise would have continued,” Mr. Stoddard says. “Now, there’s no more Christmas with the cousins or the nephews.”\n\nPlanning Ahead for a Future Without Mom and Dad A well-structured estate plan includes a will, a trust detailing the handling of parents’ holdings both while living and after death, and naming of trustee(s) and estate executor(s). It should include instructions for what happens when a parent becomes incapacitated. The plan also accounts for assets that automatically transfer to heirs who are named beneficiaries, such as life insurance. A durable power of attorney, living will with medical directives and a letter of intent—instructions that outline the parent’s wishes—are also commonly part of an estate plan.\n\nConduct family forums in which parents and siblings are upfront about their wishes. Hold periodic meetings as circumstances change. “We might have put this plan in place 20 years ago, and a lot can change in that time,” says Steven Tenney, a financial planner in Portland, Maine.\n\nIf a sibling is getting a greater share of a family home, parents can bequeath assets to the other heirs to balance the inheritance. That can be done with a life insurance policy, Mr. Tenney says. Parents, while still living, can also make tax-free annual gifts to disperse assets.\n\nPutting the home into a trust or limited liability company can make it easier to financially and legally manage the property and keep it out of probate court. But naming only one child as trustee could create friction with his or her siblings.\n\nFor siblings who have inherited a home that sits on a large amount of land, donating some of the acreage to a conservation easement could yield tax advantages that would help keep the home in the family.\n\nOften, a sibling who lives close to the family home will buy out the portion held by siblings who live farther away, says Ross W. Stoddard III, a Dallas-area mediator. Siblings could also agree to jointly own a house, and rent it out, either to one of the siblings, or to a third party.\n\nTo cover the costs of property maintenance, one sibling can pay the expenses and accept a promissory note from the others that promises to pay a specified amount over time, Mr. Stoddard adds.",
    "published": "2020-02-27"
  },
  {
    "source": "WSJ",
    "title": "Finance Chief of New Mylan-Pfizer Business Expected to Focus on Costs, Investor Communication",
    "summary": "Sanjeev Narula currently leads the finances of Pfizer’s Upjohn business",
    "link": "https://www.wsj.com/articles/finance-chief-of-new-mylan-pfizer-business-expected-to-focus-on-costs-investor-communication-11582844153?mod=Searchresults_pos4&page=16",
    "content": "A new drug company formed by Pfizer Inc.’s Upjohn division and Mylan NV has hired Sanjeev Narula, a longtime Pfizer executive, as its chief financial officer.\n\nThe incoming finance chief of a new drug company formed by a merger of generics maker Mylan NV and Pfizer Inc.’s Upjohn division is expected to focus on investor communication, cost cuts and portfolio rationalization, efforts that could be complicated by the continued spread of the coronavirus.\n\nMylan and Pfizer said Thursday that the finances of Viatris—the name of the eventual merged entity—would be led by Upjohn’s current chief financial officer, Sanjeev Narula, a longtime Pfizer executive. The transaction, which is expected to close by mid-2020, would create one of the largest sellers of generic and off-patent medicines world-wide, with annual sales of more than $19 billion.\n\nNewsletter Sign-up WSJ | CFO Journal The Morning Ledger provides daily news and insights on corporate finance from the CFO Journal team. Preview Subscribe\n\nMylan’s current CFO, Ken Parks , will retire from the company upon the close the deal, the companies said in July.\n\nMr. Narula has various tasks awaiting him, including communicating clearly with investors, finding cost savings and rationalizing the new businesses’ portfolio, analysts said.\n\n“Mylan has not communicated transparently in the past, and Mr. Narula will have to alleviate concerns from investors around that,” said Soo Romanoff, an equity analyst at investment research firm Morningstar Inc.\n\nMylan on several occasions missed its guidance, resulting in skepticism from investors and analysts, said Akash Tewari, a senior analyst at Wolfe Research LLC. “For a CFO, to guide credibly to the street is very important,” Mr. Tewari said.\n\nThose efforts could be complicated by the continuing spread of the coronavirus and the strong market-sell off in recent days, according to Louise Chen, a managing director at brokerage Cantor Fitzgerald LP.\n\nMylan and Pfizer didn’t immediately provide additional comment.\n\nThe new company will have significant exposure to China, both in terms of customers and production sites, and the virus outbreak could mean that Viatris hits certain targets later than initially forecast, Ms. Chen said. “China is a very big part of this deal. The timing is unlucky,” she said.\n\nChina is forecast to represent about 11% of pro forma revenue of the new entity in 2020, the two companies said in a September 2019 investor presentation.\n\nAmong the targets set by Mylan and Pfizer: Generate about $4 billion in free cash flow and up to $8 billion in adjusted earnings before interest, taxes, depreciation and amortization in 2020, and achieve about $1 billion in annual cost savings by 2023.\n\nMr. Narula is expected to help rationalize the portfolio amid strong competition and price pressure in the generic-drugs sector, analysts said. The two businesses are highly complementary, Ms. Chen said.\n\nMr. Narula’s experience at Upjohn and Pfizer—a company he has worked for since 2004—could help with that, said Ms. Chen.\n\nBefore he took the role of CFO at Upjohn, Mr. Narula held various jobs in finance, including vice president of finance for Pfizer’s essential health business and finance lead for the company’s primary care business unit, the companies said.\n\nWrite to Nina Trentmann at Nina.Trentmann@wsj.com",
    "published": "2020-02-27"
  },
  {
    "source": "WSJ",
    "title": "WSJ Wealth Adviser Briefing: Muni-Market Demand, AI Comes to the Tax Code, Smart Travel Planning",
    "summary": "Curated news and analysis for wealth advisers and their clients from WSJ reporters and columnists",
    "link": "https://www.wsj.com/articles/wsj-wealth-adviser-briefing-muni-market-demand-ai-comes-to-the-tax-code-smart-travel-planning-01582801328?mod=Searchresults_pos10&page=19",
    "content": "When markets crumple, the culprits usually aren’t the smallest investors, but the biggest. So far, most individual investors have remained steadfast as stocks have been pummeled by fears that the coronavirus could turn into a pandemic. If they continue to keep their cool, small investors might even get to buy bargains as the big money bails out.\n\nBelow, some of the best analysis and insight from WSJ writers and columnists, the Dow Jones Newswires team and occasionally beyond, on investing, the wealth-management business and more.\n\nPLANNING & INVESTING\n\nRush to Invest in Municipal Debt Pushes Yields to Record Lows: Municipal-bond yields are hitting 38-year lows due to investors’ coronavirus concerns driving up demand in the $4 trillion muni market.\n\nMARKET TALK\n\nFrom Dow Jones Newswires\n\nThe coronavirus epidemic is likely to cut global gross domestic product growth by 1% in 2020, Oxford Economics calculates, after making comparisons with the damage caused by the 2011 earthquake in Japan. In the month after the earthquake, Japan's industrial output fell 15% and took several months to recover, while internationally, the impact on output from the earthquake was mild and short-lived, Oxford Economics's Adam Slater says. \"As China's share of the world economy now is around three times higher than Japan's was in 2011, the coronavirus will almost certainly have a bigger global impact,\" Slater says. Oxford Economics forecasts a very steep output fall in China in February, with the shock transmitted globally via foreign trade and commodities. (maria.martinez@wsj.com)\n\nCitigroup forecasts gross government bond issuance in the eurozone to amount to EUR81 billion in March, which is EUR10 billion lower than what it expects for February, but EUR8 billion higher than the average monthly supply of EUR73 billion it forecasts for 2020. The first quarter and in particular January, is always the busiest for government bond issuance in the eurozone, as countries start their annual funding programs. Citi's rates strategist Puja Sawant calculates that redemptions in March will amount to EUR31 billion, coming from Germany and Italy. (emese.bartha@wsj.com)\n\nBUSINESS & PRACTICE\n\nBlackRock Power Broker Barbara Novick Is Stepping Down: Co-founder of investment giant built a Washington lobbying machine.\n\nIMPACT INVESTING\n\nDanone Seeks More Carbon Credit From Investors: The French dairy giant introduces new carbon-adjusted earnings measure that combines environmental and financial disclosures.\n\nTALKING POINTS\n\nAI Comes to the Tax Code: Governments turn to machine learning to boost revenue as taxpayers seek to reduce their bills.\n\nTRAVEL & LIFESTYLE\n\nSmart Travel Planning in the Time of Coronavirus: What you need to know to assess the pros, cons and potential complications of a trip far from home.\n\nABOUT US\n\nThe Wealth Adviser Briefing covers topics of interest to wealth managers, financial planners and other advisers. The content is curated by the Dow Jones Newswires team using articles from the Newswires, Barron's, MarketWatch and The Wall Street Journal. The briefing is delivered to subscribers by email each workday morning at 6:30 a.m. ET. You can sign up here for email delivery.\n\nFor more information about our services for financial professionals, please visit our website.\n\nWe welcome feedback. Please email newsletters@dowjones.com or contact Dwight Oestricher at dwight.oestricher@wsj.com",
    "published": "2020-02-27"
  },
  {
    "source": "WSJ",
    "title": "MTA Should Reassess Automatic Fare Increases, Board Member Says",
    "summary": "Authority signals interest in ways to boost revenues other than decade-long practice of raising fares every two years",
    "link": "https://www.wsj.com/articles/mta-should-reassess-automatic-fare-increases-board-member-says-11582762370?mod=Searchresults_pos2&page=16",
    "content": "Metropolitan Transportation Authority board member Lawrence Schwartz said the agency must demonstrate that it has explored other means of raising revenues.\n\nNew York’s subway, bus and commuter rail fares shouldn’t automatically increase every two years, according to an influential member of the Metropolitan Transportation Authority’s board.\n\nLawrence Schwartz , an ally of New York Gov. Andrew Cuomo , said at a board meeting Wednesday that he intends to form a working group to explore alternative ways of raising revenues.\n\nThe MTA, which runs New York City’s subway and buses, Long Island Rail Road and Metro-North Railroad and nine bridges and tunnels, began a program of biennial fare and toll increases a decade ago.\n\nThe authority designs the increases to raise fare and toll revenues by about 4% every two years. The next increase is scheduled for 2021.\n\nDuring the last fare increase, in 2019, the authority kept the base subway and bus fare at $2.75. But it eliminated the 5% bonus on MetroCard purchases of at least $5.50 and raised monthly MetroCards to $127 from $121.\n\nMonthly fares on the commuter railroads, which cost hundreds of dollars, went up by 3.85%, up to a maximum of $15.\n\nMr. Schwartz, speaking at Wednesday’s meeting at the authority’s lower Manhattan headquarters, said the agency owes it to riders to demonstrate that it has explored other means of raising revenues without automatically increasing fares.\n\nThe MTA is in a yearslong fiscal crisis. During its last fare increase, in 2019, the authority kept the base subway and bus fare at $2.75. Photo: Jordan Sirek/Bloomberg News\n\nAt an MTA meeting earlier this week, Mr. Schwartz cited the millions of tourists who visit New York City each year and wondered whether the state could implement a surcharge on Airbnb Inc. rentals that could be used to freeze fares.\n\nA spokeswoman for the home-sharing company said Airbnb would welcome the ability to collect and remit taxes to the state.\n\nDanny Pearlstein , a spokesman for advocacy group Riders Alliance, said in an interview that mass transit has to be affordable. “I think it’s important that the governor looks for money for the MTA everywhere,” he said.\n\nMTA Chairman Patrick Foye said after Wednesday’s meeting that it was premature to discuss what, if any, changes the MTA could make to its fare structures. But he said the formation of a group to reconsider fares is a good idea.\n\nNeal Zuckerman , an MTA board member who represents Putnam County, has told Mr. Schwartz that he would like to join a fares-focused working group.\n\nMr. Zuckerman, in an interview on Wednesday, said he would like to see the commuter railroads consider implementing a flat fare like the one used on the subway and bus systems. Because of the MTA’s current distance-based fares on commuter rail, some riders who live farther out pay several hundred dollars more than other riders for a monthly ticket.\n\nMr. Zuckerman said any alteration to the commuter-rail fare structure ought to be revenue neutral. That would mean some riders seeing their monthly costs increase while others’ costs would go down.\n\nThe MTA is in a yearslong fiscal crisis. Its chief financial officer told board members Wednesday that the authority can balance its budget this year only if it reduces its 70,000-plus workforce by 1,900 positions by the end of December.\n\nMr. Foye said a significant portion of the cuts would be through attrition.\n\nWrite to Paul Berger at Paul.Berger@wsj.com",
    "published": "2020-02-27"
  },
  {
    "source": "WSJ",
    "title": "Slavery Was a Dystopic Form of Socialism",
    "summary": "Slavery was always a curse, never a boon, for the U.S. economy, though it certainly enriched slaveholders.",
    "link": "https://www.wsj.com/articles/slavery-was-a-dystopic-form-of-socialism-11582842217?mod=Searchresults_pos3&page=4",
    "content": "A video still of Robert Woodson introducing the ‘1776 Project’ in Washington, Feb. 14. Photo: C-SPAN\n\nRegarding Jason L. Riley’s “A Bid to Revise the New York Times’s Bad History” (Upward Mobility, Feb. 19): Slavery was always a curse, never a boon, for the U.S. economy, though it certainly enriched slaveholders. Slaves made important contributions, but slavery itself grossly depressed their productivity, and the productivity of many whites, as became abundantly clear when the freed slaves did more than their fair share to spur the record U.S. economic growth of the post-Civil War period.\n\nSlavery was a dystopic form of socialism where slaves faced 100% taxation and received compensation only “according to their needs,” as determined by slaveholders. The end of slavery eliminated these horrible disincentives and inefficiencies, and can be viewed as the largest, most successful targeted tax cut in U.S. history. America succeeded despite slavery, not because of it, and only began to hit its stride when slaves were free at last.",
    "published": "2020-02-27"
  },
  {
    "source": "WSJ",
    "title": "Bernie Sanders Aims New Tax Hike at Executive Retirement Plans",
    "summary": "Democratic front-runner, citing new GAO report, calls for taxing executive retirement plans and stock options sooner",
    "link": "https://www.wsj.com/articles/bernie-sanders-aims-new-tax-hike-at-executive-retirement-plans-11582815616?mod=Searchresults_pos20&page=8",
    "content": "Sen. Bernie Sanders, the front-runner for the Democratic presidential nomination, is seeking new limits on stock options and tax advantages inside executives’ retirement plans.\n\nWASHINGTON—Sen. Bernie Sanders (I., Vt.) would sharply curb the tax benefits of executives’ retirement plans and require earlier taxation of stock options in a proposal that could dramatically alter compensation at major U.S. companies.\n\nIn a plan set to be introduced Thursday, the front-runner for the Democratic presidential nomination cited a new Government Accountability Office report. That analysis found executive deferred-pay plans at the 500 biggest publicly traded companies totaled about $13 billion in assets in 2017, just considering the top few executives at each company, or about 2,300 people.\n\nChief executives typically had higher account values than other executives, averaging $14 million apiece—but some have executive-retirement plans topping $100 million, according to securities filings.\n\nSHARE YOUR THOUGHTS Do you support limits on CEO retirement plans? Why or why not? Join the conversation below.\n\n“It is outrageous that the wealthiest corporate executives in America get unlimited, special tax privileges on hundreds of millions of dollars in savings, while ordinary workers can only get tax deferment of up to $19,500 on their 401(k)s,” Mr. Sanders said in a statement.\n\nIn Mr. Sanders’s broader progressive agenda to expand the public sector by tens of trillions of dollars over a decade, this is a $15 billion drop in the bucket, equivalent to less than a 0.25 percentage point increase in the corporate tax rate. And it is unlikely to become law this year with Republicans running the Senate.\n\nBut the bill offers a signal about what a Sanders presidency could bring and if enacted, the idea would prompt large companies to restructure compensation plans and force many professional-class workers to change their financial-planning decisions.\n\n“It will alter a lot of pay arrangements—and not necessarily in a way that moderates pay packages,” said Robin Schachter , an executive pay and benefits attorney at Akin Gump Strauss Hauer & Feld LLP.\n\nCandidates questioned whether Bernie Sanders could beat President Trump in a general election during the Democratic presidential debate in South Carolina. Photo: Win McNamee/Getty Images\n\nMr. Sanders’s idea, embedded in a bill he is introducing Thursday with Sen. Chris Van Hollen (D., Md.), isn’t a new one or even a solely Democratic one. He mostly mirrored Republican proposals floating around since 2014, added disclosure rules and aimed the proceeds toward multiemployer pension plans instead of lower corporate tax rates.\n\nHouse and Senate Republicans proposed the same tax increase in the first versions of their tax code overhaul in November 2017. They dropped it within days after receiving complaints from companies.\n\n“Companies, when they finally woke up to how pervasive the impact would be, CEOs started lobbying members,” said Kenneth Kies , a Republican tax lobbyist whose clients include life insurers benefiting from the current deferred-compensation system. “When members actually realized what this thing did, they were appalled.”\n\nUnder current law, companies can create so-called top hat retirement plans for executives that largely live outside the limits and protections for most workers’ retirement plans. In the most common arrangements, employees typically postpone receiving a portion of their pay, which is instead credited to their deferred-compensation account, plus market returns. Most companies make contributions to the accounts in addition to the employee’s deferrals, the GAO found.\n\nIn effect, the plans serve as IOUs from the companies to executives and other highly paid employees. As with a 401(k), executives don’t have to pay taxes until the money is distributed to the executive—a key part of their appeal.\n\nThe 10 CEOs with the biggest executive-retirement accounts in the S&P 500 had accounts valued at $1.48 billion as of their companies’ most recent fiscal year-ends, according to compensation-data firm Equilar. That includes $260 million for Paul Saville of home builder NVR Inc. and $244 million for Michael Neidorff of managed-care provider Centene Corp.\n\nAccording to NVR’s 2019 proxy filing, Mr. Saville deferred about $16.6 million of his pay before 2006, with the remainder reflecting gains in the value of the company’s stock. Centene said in its 2019 proxy filing that much of Mr. Niedorff’s account value reflects an award of restricted stock that vested by 2014, but which he has deferred until he retires. NVR and Centene representatives didn’t immediately respond to requests for comment.\n\nUnder the proposed change, an executive would have to pay taxes once there is no longer a substantial risk they would forfeit the money—defined narrowly in the legislation to discourage long tax deferrals. Executives would also have until 2029 to pay taxes on existing accounts.\n\nCompensation attorneys and consultants say the proposed change could lead companies to abandon their plans, because executives would likely prefer getting their pay immediately rather than being taxed before they can receive it. “The notion of deferred compensation would become extinct,” said Robert Willens , a New York tax consultant.\n\nUnder current rules, deferred compensation benefits can’t be guaranteed, and are technically at risk in bankruptcy—but the GAO found executives often got most or all of it even then.\n\nThe proposal would also change how and when stock options are taxed.\n\nCurrently, recipients are taxed on so-called nonqualified stock options when the options are exercised, or converted into ordinary shares. Then, the company can take a deduction for the value and the employee generally must include the value in income.\n\nThe proposal would change that for highly compensated employees, or anyone making over $130,000 in 2020. Instead, the taxable event would happen when the options vest—that is, once the employee can choose to exercise them, even if the exercise doesn’t happen.\n\nFor employees, that change would trigger an income-tax bill even if they haven’t generated any cash by selling shares. In at least some cases, options recipients could be taxed even if they were “underwater” on the securities, Mr. Willens said. Companies would likely change their stock-options practices in response.\n\nMr. Sanders’s proposed legislation would also require federal labor and tax officials to collect more information about deferred-compensation arrangements. In its report, the GAO said the agencies didn’t know how many people benefited from such plans, how much money was at stake or other basic details.\n\nWrite to Richard Rubin at richard.rubin@wsj.com and Theo Francis at theo.francis@wsj.com",
    "published": "2020-02-27"
  },
  {
    "source": "WSJ",
    "title": "It’s a Mistake for Democrats to Deny Good Economic News",
    "summary": "Instead, tell how Trump’s policies on health, climate, immigration and more will erase recent gains.",
    "link": "https://www.wsj.com/articles/its-a-mistake-for-democrats-to-deny-good-economic-news-11582847435?mod=Searchresults_pos5&page=5",
    "content": "It’s now clear that the 2020 election will be between Donald Trump and . . . well, some Democrat. It’s also clear that the president’s campaign will emphasize the strong real economy—notwithstanding the recent market drop. Good news on jobs and wages has propped him up.\n\nSo what’s the counterargument? So far, Democrats’ main retort has been that the allegedly strong economy is strong mainly for upper-income groups. The past three years of expansion actually have produced little in the way of gains for the middle class. Yes, lots of jobs have been created, but the pace is slower than that of Obama’s second term. Wage increases have been meager, progress against inequality nil.\n\nAll true. But I doubt these gripes will gain political traction against robust job creation and low unemployment rates, including for minorities. That’s the bad news for Democrats.\n\nThe good news, politicos assure us, is that elections are about the future, not the past. And thinking about what four more years of Donald Trump might bring is frightening. The noneconomic questions are far worse (e.g., will our democracy survive?). But I’ll stick to the economics.\n\nFor openers, voters tell pollsters they are deeply concerned about their health-care coverage. If Mr. Trump gets re-elected, they’ll have a lot more to worry about. After all, this is the president who repeatedly tried to kill ObamaCare during his first year in office—even though Republicans had nothing ready to replace it. To this day, he denigrates John McCain , who prevented that incipient tragedy. And lately Mr. Trump is posing, preposterously, as a defender of coverage for pre-existing conditions while his own Justice Department has been in court trying to get ObamaCare declared unconstitutional.\n\nOn the Democratic side, Medicare for All divides the candidates. But there is no doubt that any new Democratic president would try to expand health-care coverage, not reduce it.\n\nNext on the worry list is the fate of the environment. The president’s dangerously irresponsible actions and rhetoric on climate change garner most of the attention—and rightly so, because cooking the planet poses an existential threat. But the Trump administration is also waging war against protected wetlands, national parklands and more. Four more years of this is a frightening prospect—and not just for glaciers.\n\nThe Democratic candidates differ on environmental policy, too. But every one of them recognizes the dangers posed by climate change, knows it isn’t a hoax, and wants to do something about it.\n\nThird comes immigration policy, which is a humanitarian issue but also an economic one. Like tens of millions of Americans, Mr. Trump is a grandson of immigrants. Yet his administration mocks Emma Lazarus and shames the Statue of Liberty. His big new ideas on immigration seem to be terrorizing mothers and children at the southern border and building walls that get blown down by the wind. Is this really what America wants?\n\nThe Democratic Party doesn’t favor open borders—no matter how many times Republicans say so. Someone should inform the president that border controls existed under President Obama and before. But every one of the Democratic candidates would reverse the inhumane Trump policies that have disgraced our nation.\n\nFourth, there is good reason to worry about what might happen to the independence of the Federal Reserve in a second Trump term. While he appointed a fine Fed chairman in Jerome Powell, Mr. Trump has been trying to undermine him ever since. And he has recently nominated economist Judy Shelton for a seat on the Fed board. Among other problems, Ms. Shelton disputes the important idea “that the Fed should stand aloof as an independent agency.” Instead, she argued in these pages last September that the Fed should “pursue a more coordinated relationship with both Congress and the president.” Oh my.\n\nLast—and apparently least, in today’s politics—comes the federal budget deficit. The Trump team claimed that tax cuts would shrink the deficit. In fact, they have pushed it into the trillion-dollar range, and there is no reason to believe it would shrink in a second Trump term. Who knows? If emboldened by re-election, the president might even call for another round of tax cuts for the wealthy. After all, they still pay higher taxes than the poor, don’t they?\n\nThe Democrats have starkly different priorities when it comes to the budget. For example, they favor preserving the safety net over tax cuts for the rich. That said, one or two of the candidates are no more fiscally responsible than is Mr. Trump. I’m not a deficit-ophobe; we don’t need to balance the budget. But adding a trillion dollars to the national debt each year means rocketing it into the stratosphere. Maybe we should at least slow the pace.\n\nIn short, the Democrats should stop arguing that the economy isn’t really strong and start painting the grim picture of what is likely to happen under four more years of Donald Trump. It’s quite a nightmare.\n\nMr. Blinder is a professor of economics and public affairs at Princeton University and a former vice chairman of the Federal Reserve.\n\nDuring the Democratic debate on Feb. 25, 2020, the candidates shared the biggest misconception about themselves, as well as their personal mottos. Image: Win McNamee/Getty Images",
    "published": "2020-02-27"
  },
  {
    "source": "WSJ",
    "title": "Shipping’s Smaller Operators Are Most Susceptible to the Coronavirus Financial Impact",
    "summary": "While big cargo carriers idle ships, niche operators critical to secondary trade lanes have little room to hide in a downturn",
    "link": "https://www.wsj.com/articles/shippings-smaller-operators-are-most-susceptible-to-the-coronavirus-financial-impact-11582799403?mod=Searchresults_pos20&page=6",
    "content": "This was supposed to be a year of recovery for the world’s oceangoing shipping companies, with trading peace in major markets providing a new period of stability for cargo carriers.\n\nMaritime operators instead are facing their biggest challenge since the 2009 financial crisis. Many companies are struggling to stay afloat as the impact of the coronavirus outbreak sweeps across supply chains, slashing production in China and dealing a blow to global trade and the movement of goods from iron ore to consumer electronics.\n\nContainer shipping lines are idling vessels at a record pace this quarter and have slashed dozens of sailings on major trade lanes connecting Europe and North America to China, the world’s biggest exporter of manufactured products and largest importer of raw commodities.\n\nDemand in China has been throttled by quarantines that have kept workers from returning to factories following the Lunar New Year. Ports are open but are backed up because trucks can’t get to the cargo terminals as a result of virus-related transport restrictions.\n\nNewsletter Sign-up The Logistics Report Top news and in-depth analysis on the world of logistics, from supply chain to transport and technology. Preview Subscribe\n\n“It’s a big, expensive mess,” said George Lazaridis , head of research at Athens-based Allied Shipbroking. “Ships still can’t call on ports, there are no trucks to move products and owners can’t send people to China to check on ship orders or repairs.”\n\nAlthough big operators like Denmark’s A.P. Moeller-Maersk A/S and China’s Cosco Shipping Holdings might absorb the financial toll by parking their ships, smaller companies that depend more fully on business with China have little room to hide.\n\n“You still have to pay the ships you charter, crew salaries and keeping the ships in good condition,” said Lars Jensen , chief executive of Copenhagen-based industry analysts Sea-Intelligence Consulting.\n\n“Dozens of smaller companies with niche routes from China to destinations like Japan, Korea and the Philippines could face mortal danger with their cash flow being hit in the second quarter,” he said.\n\nThose companies may have only a handful of ships but they make up a critical piece of global trade, shuttling containers and commodities on regional trade lanes in the shadows of the big routes.\n\nAs new pockets of infection have emerged outside China, Italy, South Korea and Iran are scrambling to contain the spread of the coronavirus. Photo: Zuma Press\n\nBased in countries including India, Singapore, China, Thailand, Vietnam and Malaysia and the Philippines, these carriers ferry goods from secondary ports to the main gateways, connecting small markets to global trade. They have little cushion for a long slowdown, and their failure would hit a range of businesses that provide ships, fuel and other services to the operators.\n\n“We are hoping for a boom when this thing blows off, but nobody knows when it’s going to happen,” a Greek owner that charters dozens of ships said. “If it spills over into the second quarter many will go belly up.”\n\nParis-based marine data provider Alphaliner said that as of last week, a record 2 million containers of shipping capacity has been idled. That is more than the 1.6 million 20-foot equivalent units, or TEUs, a standard industry measure of container capacity, sidelined after the collapse in 2016 of South Korea’s Hanjin Shipping Co. or the 1.5 billion TEUs of capacity idled in 2009 at the height of the financial crisis.\n\nThe global fleet is roughly double what it was 10 years ago, but capacity reductions over the two-month period from the Lunar New Year will reach 700,000 boxes. That is more than double the 340,000 containers cut over the same period last year, when the U.S.-China trade war curtailed shipping demand.\n\n“Over the past three weeks, some 30% to 60% of weekly outbound capacity has been withdrawn from the Asia-Europe and Transpacific trade, as well as from intra-regional routes,” Alphaliner said in a report released this week.\n\nSea-Intelligence expects the revenue loss for the world’s top 10 liners to reach $1.7 billion.\n\nThis might seem small compared with their combined $75 billion annual turnover but “the loss goes to a disproportionate degree straight to the bottom lines,” Mr. Jensen said.\n\nThe effects are being felt across the supply chain from ports to shipyards and even conferences as shipping companies and their customers follow other businesses in pulling back travel.\n\nAdding to the financial hit for carriers is that ship operators are absorbing large new fuel costs that have come with a mandate that began this year to comply with tougher air pollution rules.\n\n“With big parts of the industry at a standstill because of the virus and the overall trade slowdown, it’s becoming difficult to pass on the fuel cost to cargo owners,” said an Asian owner of more than 15 small container vessels.\n\nThis owner said two of his ships are idle and nine have been waiting for six days to pick up cargo at backed-up ports in China.\n\n“On March 15, I have loan payments due for eight vessels,” he said. “I don’t have the money and the Chinese lender doesn’t care about the virus. I actually don’t know if I can make it through the next couple of weeks.”\n\nWrite to Costas Paris at costas.paris@wsj.com",
    "published": "2020-02-27"
  },
  {
    "source": "WSJ",
    "title": "Auto Manufacturers Start Flying in Parts as Virus Threatens Supply Chain",
    "summary": "Auto parts shortages on everything from electronics to brake pads could soon hit North American vehicle factories due to the coronavirus outbreak",
    "link": "https://www.wsj.com/articles/virus-fallout-threatens-u-s-auto-output-11582830773?mod=Searchresults_pos7&page=15",
    "content": "Last week, union officials flagged the risk of parts shortages at General Motors plants in Michigan, Indiana and Arlington, Texas. Those factories so far hasn’t been affected, a company spokesman said.\n\nThe auto industry is preparing for supply-chain problems from the coronavirus outbreak in China to soon hit vehicle production in the world’s healthiest car market: the U.S.\n\nAutomotive suppliers are warning car companies they could run out of certain parts used in North American factories in coming weeks, with particular concern over potential shortages of electronic components, industry executives and attorneys say. Hoping to stave off factory work stoppages, some manufacturers have taken the unusual and costly step of flying in critical parts by cargo planes.\n\nSheldon Klein , a Detroit-area attorney at Butzel Long representing auto-industry clients, said he has been sending letters daily on behalf of suppliers to auto makers in the U.S., warning of potential parts shortages and asking for leniency in their contracts because of the unforeseen nature of the outbreak.\n\nOne of his suppliers anticipates a problem that could result in halted production at one auto maker’s assembly line within days, he said. Mr. Klein declined to give specifics because his discussions with clients are confidential.\n\n“There is a strong likelihood that there will be disruption of production” at car companies in the U.S., Mr. Klein said. “It will get more serious before it gets better.”\n\nAt least one major electronics supplier based in Japan has notified each of its North American customers—more than a dozen auto makers—that it expects to run out of certain parts in coming weeks and months, according to an executive at the company.\n\nThe coronavirus outbreak already has crippled China’s auto market, the world’s largest by sales, after several factories were idled for weeks from a government-ordered business shutdown in an effort to contain the outbreak. Some plants have reopened, though many are operating on thin staff. Others are scheduled to remain closed for days or weeks.\n\nVehicle sales in China cratered 92% in the first 16 days of February, according to the China Passenger Car Association. Several suppliers have cut profit forecasts in recent days because of the fallout, including electronics suppliers Aptiv PLC and Visteon Corp., and seat maker Adient PLC.\n\nThe global auto sector already was slowing even before the outbreak. China’s once-booming market was sagging amid a trade war with the U.S. Forecasters predict a small decline in the U.S. car market in 2020 after years of near-record sales.\n\nCoronavirus and trade tensions are testing the stability of global supply chains. While that’s pushed some businesses to consider loosening their ties with China, WSJ explains why leaving the “factory of the world” is easier said than done. Photo: China Daily via Reuters\n\nMoody’s Investors Service on Wednesday cut its outlook for global auto sales, citing a coronavirus-related supply-chain disruption and a reduction in vehicle demand. The ratings firm expects a 2.5% drop, versus a prior forecast of a 0.9% decline.\n\nParts shortages already have forced some car factories to close or curb production in Japan and South Korea and has threatened some car output in Europe, where the virus has spread over the past week. But so far no auto maker has publicly disclosed an interruption at North American factories.\n\nAny trouble in North America would be especially problematic for General Motors Co., Ford Motor Co. and Fiat Chrysler Automobiles NV, which are struggling in overseas markets and increasingly reliant on the U.S. for the lion’s share of their global profit. Each company says its North American operations are running normally.\n\nThis month, United Auto Workers officials flagged the risk of parts shortages at GM plants in Michigan, Indiana and Arlington, Texas, where the company’s lucrative pickup trucks and big sport-utility vehicles are built. But production at those factories so far hasn’t been affected, a company spokesman said.\n\nAuto parts made in China generally take several weeks to be shipped via ocean freight to the U.S., a lead time that has so far delayed any impact on U.S. vehicle production, said Razat Gaurav , chief executive of LLamasoft, an Ann Arbor, Mich.-based supply-chain analytics firm.\n\nHowever, with some critical components already in short supply, several car companies and auto-parts suppliers have chartered airplanes or booked space on commercial cargo planes to fly parts directly from China, Mr. Gaurav said.\n\nToyota Motor Corp., for instance, said some of its North American suppliers are shipping smaller components from China by plane. Nissan Motor Co. plans to reserve space on commercial cargo planes to ship key parts to other regions, a spokesman said.\n\nEarly trouble spots could include electronics like infotainment systems and audio equipment because they use semiconductor chips, which have more-limited supply networks, Mr. Gaurav said.\n\nRenesas Electronics Corp. and Murata Manufacturing Co. Ltd., two Japan-based companies that specialize in automotive electronic parts, said their Chinese factories had halted temporarily but have resumed production.\n\nSemiconductor maker, Rohm Co. Ltd., also of Japan, said output at one of its factories in China remains limited. It is trying to boost production at other Asian plants and is outsourcing some production, a spokesman said.\n\nBut pinch points also could emerge even for mechanical parts that have a broader supply base, such as brake pads and door hinges, Mr. Gaurav said, because so many auto makers are scrambling to find backup supplies.\n\nVehicles are made of roughly 30,000 individual parts. “That finished vehicle doesn’t get off the shop floor until each of those component parts are in place,” Mr. Gaurav said. “It’s all or nothing.”\n\nTensions over who will cover the cost of airfreight and other added expenses already have escalated, and often lead to weeks or months of wrangling between suppliers and auto makers, said John Trentacosta , an attorney at Foley & Lardner in Detroit who represents suppliers.\n\n“Right now there is an urgency to get the parts here,” Mr. Trentacosta said. “And then figure out later how to divvy up the bar tab.”\n\nBen Foldy and Chieko Tsuneoka contributed to this article.\n\nWrite to Mike Colias at Mike.Colias@wsj.com",
    "published": "2020-02-27"
  }
]