[
  {
    "source": "WSJ",
    "title": "U.S. Plans to Stop Collecting Import Tariffs for Three Months, Officials Say",
    "summary": "Move aimed at helping U.S. businesses",
    "link": "https://www.wsj.com/articles/u-s-plans-to-stop-collecting-import-tariffs-for-three-months-officials-say-11585349037?mod=Searchresults_pos18&page=2",
    "content": "President Trump could still overrule the plans to suspend the tariffs.\n\nWASHINGTON—The Trump administration is preparing to suspend collection of import tariffs for three months to give U.S. companies financial relief amid the coronavirus pandemic, according to administration officials.\n\n“Customs duties will be suspended for three months,” a senior administration official said Friday.\n\nCompanies would still be liable for the tariffs at a later date, which hasn’t been determined, another official said. There would be no formal changes to tariff policy, officials said.\n\nAsked about The Wall Street Journal’s report at a news briefing late Friday, Mr. Trump called the report “fake news.”\n\nMr. Trump signed a roughly $2 trillion economic-stimulus bill Friday as the economy has been brought to a standstill by the coronavirus pandemic.\n\nBusiness groups have called for tariff relief. They have faced resistance from trade hawks and domestic industries such as steel calling for protection from what they see as unfairly traded imports.\n\nU.S. Customs and Border Protection in recent days sent out a formal notice saying it would provide temporary delays for customs duties on a case-by-case-basis, only to rescind the offer on Thursday.\n\nEven so, the administration officials said the White House was now moving to stop the collection of tariffs, while leaving the tariffs in place.\n\nA spokesman for Robert Lighthizer , the U.S. trade representative, didn’t immediately reply to a request for comment.\n\nThe plans for tariff-payment delays doesn’t by itself mean the administration is backing away from the use of trade barriers to defend domestic industry. Trade experts say the combination of the 2020 presidential election and a possible recession suggests the administration would face a political backlash if it removed the tariffs, including in manufacturing-heavy states of the Midwest.\n\n“This whole crisis is a vindication of President Trump’s tariff policies, which over the last three years have already begun to bring some of our supply chains and jobs home,” White House trade and manufacturing adviser Peter Navarro told the Journal last week.\n\nOn Friday, Mr. Navarro was appointed by Mr. Trump to oversee government efforts to arrange private production of essential items during the pandemic. Mr. Navarro couldn’t immediately be reached by phone Friday.\n\nMr. Trump has imposed global tariffs on steel and aluminum imports, as well as tariffs on hundreds of billions of dollars of Chinese products in a trade war sparked off by China’s treatment of American intellectual property and trade secrets.\n\nOther imports also face duties based on findings of foreign “dumping” or subsidies, and the U.S. maintains usually low tariffs on a host of products from most countries under international agreements.\n\nWashington and Beijing in January signed a “phase one” agreement that serves as a truce in the trade war. The U.S. didn’t remove tariffs on any Chinese products under that pact, they only reduced the rates of some tariffs.\n\nThe pact requires China to buy $200 billion more in U.S. exports than it previously did, and Mr. Trump has said he expects the pact to be upheld.\n\nThe two countries have recently seen tensions grow over the virus, which spread from China, as well as a spat that has seen both nations reduce the number of foreign correspondents permitted from the other country.",
    "published": "2020-03-27"
  },
  {
    "source": "WSJ",
    "title": "WSJ Wealth Adviser Briefing: Junk Bonds, Market Meltdown, Exercise Routine",
    "summary": "Curated news and analysis for wealth advisers and their clients from WSJ reporters and columnists",
    "link": "https://www.wsj.com/articles/wsj-wealth-adviser-briefing-junk-bonds-market-meltdown-exercise-routine-01585303329?mod=Searchresults_pos7&page=20",
    "content": "Vanguard, which turned itself into the big kahuna of robo-advisors by offering a hybrid service with access to human advisers, is moving ahead with a digital-only offering with a bargain-basement price.\n\nBelow, some of the best analysis and insight from WSJ writers and columnists, the Dow Jones Newswires team and occasionally beyond, on investing, the wealth-management business and more.\n\nCORONAVIRUS OUTLOOK\n\nCoronavirus Fallout Could Cut Wall Street Bonuses as Much as 40%, Expert Says: Private-equity firms and the rest of Wall Street could see a 30% to 40% drop in bonuses as the coronavirus bites into everything from asset values to deal flow, a compensation consultant predicted.\n\nPLANNING & INVESTING\n\nInvestors, Fearing Defaults, Rush Out of Junk Bonds: The specter of widespread corporate defaults in the coming months has caused a massive selloff in junk bonds around the world, as many debt-laden companies face the prospect of going weeks or months with virtually no revenue.\n\nMARKET TALK\n\nFrom Dow Jones Newswires\n\nAuto stocks may recover as sharply as they did following the global financial crisis in 2008, says Morgan Stanley. Daimler, Renault and Valeo shares plumbed 2009 lows last week, but the bank says auto shares saw their first trough, and sharp rally, just a month after the Lehman Brothers closure. \"Given the unprecedented central bank actions, it is possible we could be starting such a rally again currently,\" say analysts. Auto suppliers have more leverage, which leads to more earnings volatility, says the bank, while OEMs have \"comfortable\" cash positions. \"For investors looking to position for a rally, we prefer the German OEMs to the suppliers,\" says Morgan Stanley. (jessica.sier@wsj.com)\n\nThe coronavirus pandemic is a risk for pharmaceutical companies, with some delaying promising drug trials to prioritize Covid-19-related ones, says Chardan Research. Chardan does recommend buying firms with advanced trials for conditions such as diabetes, hemophilia and others, many of which at a discount now after the recent market declines. Among Chardan's suggestions is Provention Bio, uniQure, 4D pharma, Kaleido Biosciences, Seres Therapeutics, Synlogic and others. (paulo.trevisani@wsj.com; @ptrevisani)\n\nBUSINESS & PRACTICE\n\nABN AMRO Takes $200 Million Loss on U.S. Client: The bank’s loss offers the latest evidence of how the fallout of the coronavirus pandemic is spreading through the financial system.\n\nIMPACT INVESTING\n\nCoronavirus Pandemic Could Elevate ESG Factors: Investors are asking more questions about employee benefits, supply-chain management and other environmental, social and governance priorities, analysts say.\n\nTALKING POINTS\n\nA Strategy for Taking Advantage of the Market Meltdown: With tax rates low and asset values beaten down, many people stand to benefit from using Roth IRA conversions to create tax-free income in retirement.\n\nTRAVEL & LIFESTYLE\n\nYour New Home Workout Routine Is Driving Everyone Nuts: Cut off from gyms and even favorite trails by government order, people are scrambling to buy exercise equipment to stay fit and sane and devising new ways to work out at home.\n\nADVISER CALENDAR\n\n- Alliance of Comprehensive Planners/ Oct. 27-30/ Atlanta, GA\n\n- Private Wealth California Forum/ Oct. 15/ Los Angeles, CA\n\nABOUT US\n\nThe Wealth Adviser Briefing covers topics of interest to wealth managers, financial planners and other advisers. The content is curated by the Dow Jones Newswires team using articles from the Newswires, Barron's, MarketWatch and The Wall Street Journal. The briefing is delivered to subscribers by email each workday morning at 6:30 a.m. ET. You can sign up here for email delivery.\n\nFor more information about our services for financial professionals, please visit our website.\n\nWe welcome feedback. Please email newsletters@dowjones.com or contact Dwight Oestricher at dwight.oestricher@wsj.com",
    "published": "2020-03-27"
  },
  {
    "source": "WSJ",
    "title": "Whiting Petroleum Adopts Poison Pill to Protect Potential Tax Breaks",
    "summary": "Stressed oil and gas exploration and production business approves plan to preserve $3.4 billion in net operating losses",
    "link": "https://www.wsj.com/articles/whiting-petroleum-adopts-poison-pill-to-protect-potential-tax-breaks-11585344861?mod=Searchresults_pos18&page=12",
    "content": "A Whiting Petroleum facility in North Dakota in 2015. Photo: Lauren Donovan/Associated Press\n\nFinancially stressed Whiting Petroleum Corp. has approved a plan to protect $3.4 billion in net operating losses that could be used to reduce future federal income taxes.\n\nThe Denver-based oil-and-gas exploration and production company, which has seen its bond prices tumble and was recently downgraded further into junk by Moody’s Investors Service, on Friday said its board adopted a poison pill to deter an ownership change that could hurt the oil company’s potentially valuable tax breaks.",
    "published": "2020-03-27"
  },
  {
    "source": "WSJ",
    "title": "Dear Noted: Answering your questions, big and small, in the coronavirus era",
    "summary": "Coronavirus has put many of us in limbo. Classes have moved online; jobs are now remote or lost; housing has become precarious; health and mental health issues have grown more urgent. This leads to a host of questions about how to survive in this new world — and for younger people, like ourselves, the pandemic poses its own unique challenges. (Mom, Dad, stay home please!)",
    "link": "https://www.wsj.com/articles/dear-noted-reader-questions-coronavirus-11585322361?mod=Searchresults_pos11&page=10",
    "content": "Coronavirus has put many of us in limbo. Classes have moved online; jobs are now remote or lost; housing has become precarious; health and mental health issues have grown more urgent. This leads to a host of questions about how to survive in this new world — and for younger people, like ourselves, the pandemic poses its own unique challenges. (Mom, Dad, stay home please!)\n\nWSJ Noted wants to help solve your problems, big and small. Send us your questions to alvin.chang@wsj.com, and we’ll do our best to answer them.\n\nWill I get reimbursed for room and board?\n\nBoth of my children were required to leave campus, and they are now living with me at home while completing the school year online (half of a semester for one, a full quarter for the other). What will be our responsibility to repay the portion of granted/loaned funds intended to go toward room and board for the remainder of this school year? (I am a single mom who is worried financially.) — Lisa Kulits, whose children attend Washington University in St. Louis and the California Institute of Technology\n\nI lived in dorms during the semester and I moved out due to the coronavirus to stay with a friend who lives outside Denver. I study at the University of Colorado. Would I be eligible to claim rent back from not staying in dorms? It’s pretty expensive, about $550 per month during the academic year. — Ewan Birnie, freshman, University of Colorado\n\nMy daughter is a sophomore at Northwestern and has returned home. They are due to begin remote learning after spring break and I doubt will return back to campus for their final quarter. What should we expect in terms of reimbursement for room and board? — Anonymous parent with daughter at Northwestern University\n\nThis was a common question this week.\n\nLisa: I reached out to the schools your children attend. Both universities said students will be refunded a prorated amount. CalTech’s spokeswoman Kathy Svitil directed me to this website; WashU spokeswoman Sue Killenberg McGinn directed me to this website.\n\nEwan: The same is true for you, according to University of Colorado spokesman Ken McConnellogue .\n\nAnonymous: I don’t have a clear answer for you yet. Bob Rowley , a Northwestern spokesman, said that as of Tuesday the university was still figuring out what it’s going to do. Update: Northwestern announced Thursday they are reimbursing students for room and board.\n\nNow, while I did the legwork for these readers, I can’t call every school. But I talked to W. Joseph King , who co-wrote the book “How to Run a College,” and he said, “I think most institutions have been hedging, saying: ‘We do plan to be fair, but we don’t know what fair is.’ ” For schools that were financially strapped before the crisis, it will be much harder to provide reimbursement. And for schools with a lot of residential housing, it will cause a big hole in their budget. (King is currently the president of Lyon College in Arkansas, which is refunding students a prorated amount for room and board.)\n\nKing also pointed out that it’ll depend on how things get settled with an institution’s insurance company, which covers these kinds of business interruptions. So far, he said many insurance companies have said they won’t cover these losses because the government didn’t mandate the schools’ closings. “By being responsible, we get nothing,” he said. But college leaders are pushing back on these policies, so if they get a payout, King said, it’ll make refunds more likely.\n\nIf you’re in this situation, I recommend keeping a close eye on announcements from your college, since decisions are still being made. —Alvin Chang\n\nAre college students eligible for that check from the government?\n\nMy friends and I have been wondering if students would also get $1,200 from the government or would we be listed under our parents’ households and not receive payment since most of us are dependents? —Dion Mills, junior, Syracuse University\n\nDion, that’s a great question. As you mentioned, Congress passed stimulus package, which, among other things, will send a $1,200 check to Americans earning less than $75,000 a year. Those earning up to $99,000 a year will also get checks, though smaller amounts.\n\nBut it’s not so simple for you and your friends.\n\nIf your parents claimed you as a dependent on their tax returns, you would not be eligible, according to Garrett Watson of the Tax Foundation.\n\nIf your parents didn’t claim you, you could be eligible, but there’s one more potential issue: The government will be checking people’s income using their 2019 tax returns (or 2018, if they haven’t filed yet this year.) And, since you’re students, you might not have filed tax returns at all. If that’s the case, Watson said you do so now: file a tax return for one of those years, even if you didn’t earn any money that year.\n\nOne thing to keep in mind: If you earn more in 2020 and you pass the eligibility threshold, you’ll have to give some or all the money back. But, frankly, if you need the money now, then you shouldn’t worry about that. —Alvin Chang\n\nHow will grad school admissions work?\n\nI am hoping to apply for scholarships and graduate school in the future, and I was wondering what effect “universal pass” would have if Yale instituted it. How prevalent really is this policy at colleges across the nation and world, and do you think universal pass would make it more difficult to apply to graduate institutions by removing a term’s worth of grading? — Kevin Xiao, freshman at Yale University\n\nKevin, you aren’t alone in wondering how this will affect your future opportunities. In normal circumstances, schools only offer a pass-fail option on a limited basis. But Inside Higher Ed reports that at least a dozen four-year schools have expanded this option to students because of the novel coronavirus pandemic. I imagine this number is actually higher, if we surveyed all colleges. And, as you mention, some schools are considering “universal pass” policies, which would give all students a passing grade.\n\nSo how does this affect, say, a grad school application?\n\nI talked to Julie Posselt , associate professor of higher education at the University of Southern California, who researches graduate school admissions. Her short answer is: “High letter grades are always better in grad admissions than pass grades on a pass-fail arrangement, but no doubt the vast majority of grad schools and programs will be taking Covid-19 into account where transcripts note adjustments have been made for the current crisis.”\n\nBut the longer answer is: It’s too early to tell. Admissions offices still have a lot of decisions to make, and Posselt said they’ll need to figure out how their policies will affect their students’ future opportunities. Her “pessimistic” view is that faculty at elite colleges will still look at grades and see a student with an A as superior to a student with a Pass. She said one way to improve this would be for schools to note on their transcripts whether they are implementing pass-fail for all students, or whether the student opted for a pass-fail grade.\n\nLike many young people, you were plotting out your future based on what you thought was ahead of you. But unfortunately, the world has changed at a traumatically fast pace, and the road ahead looks different. That’s important to keep in mind as we try to piece together what our lives will look like in the coming months and years. —Alvin Chang\n\nAre graduate students eligible for unemployment benefits?\n\nI’m a graduate student in Georgia living off campus and paid as a researcher by the school. Payments are being cut off and I have no job prospects. Am I eligible for unemployment? —Anonymous, University of Georgia\n\nHi there, the short answer is: You’ll probably be eligible, given that the relief package Congress passed.\n\nNow, as you mentioned in your follow-up emails, you won’t have a job because you are graduating. (If you weren’t graduating, you’d still be getting paid for your research assistant job, according to a memo from the University of Georgia.)\n\nFor you, there are two scenarios — and you qualify in both. If the school classified you as an employee, then you would be eligible for unemployment benefits under the existing laws, according to the Urban Institute’s Demetra Nightingale , an expert on unemployment benefits.\n\nIf the school classified you as an independent contractor, then you will be eligible under the new relief package. The bill gives unemployment benefits to people who are gig workers, freelancers, or self-employed.\n\nBut to anyone who isn’t sure if they qualify, Nightingale suggests applying for unemployment anyway. And if you’re denied this week, she says try applying again next week. —Alvin Chang\n\nQuestions have been lightly edited for clarity. Thanks for sending in your questions. We’ll continue to keep this piece updated, so if you have questions or problems you want us to tackle — it can be anything, really! — send them to alvin.chang@wsj.com.",
    "published": "2020-03-27"
  },
  {
    "source": "WSJ",
    "title": "U.S. Plans to Stop Collecting Import Tariffs for Three Months, Officials Say",
    "summary": "Move aimed at helping U.S. businesses",
    "link": "https://www.wsj.com/articles/u-s-plans-to-stop-collecting-import-tariffs-for-three-months-officials-say-11585349037?mod=Searchresults_pos5&page=7",
    "content": "President Trump could still overrule the plans to suspend the tariffs.\n\nWASHINGTON—The Trump administration is preparing to suspend collection of import tariffs for three months to give U.S. companies financial relief amid the coronavirus pandemic, according to administration officials.\n\n“Customs duties will be suspended for three months,” a senior administration official said Friday.\n\nCompanies would still be liable for the tariffs at a later date, which hasn’t been determined, another official said. There would be no formal changes to tariff policy, officials said.\n\nAsked about The Wall Street Journal’s report at a news briefing late Friday, Mr. Trump called the report “fake news.”\n\nMr. Trump signed a roughly $2 trillion economic-stimulus bill Friday as the economy has been brought to a standstill by the coronavirus pandemic.\n\nBusiness groups have called for tariff relief. They have faced resistance from trade hawks and domestic industries such as steel calling for protection from what they see as unfairly traded imports.\n\nU.S. Customs and Border Protection in recent days sent out a formal notice saying it would provide temporary delays for customs duties on a case-by-case-basis, only to rescind the offer on Thursday.\n\nEven so, the administration officials said the White House was now moving to stop the collection of tariffs, while leaving the tariffs in place.\n\nA spokesman for Robert Lighthizer , the U.S. trade representative, didn’t immediately reply to a request for comment.\n\nThe plans for tariff-payment delays doesn’t by itself mean the administration is backing away from the use of trade barriers to defend domestic industry. Trade experts say the combination of the 2020 presidential election and a possible recession suggests the administration would face a political backlash if it removed the tariffs, including in manufacturing-heavy states of the Midwest.\n\n“This whole crisis is a vindication of President Trump’s tariff policies, which over the last three years have already begun to bring some of our supply chains and jobs home,” White House trade and manufacturing adviser Peter Navarro told the Journal last week.\n\nOn Friday, Mr. Navarro was appointed by Mr. Trump to oversee government efforts to arrange private production of essential items during the pandemic. Mr. Navarro couldn’t immediately be reached by phone Friday.\n\nMr. Trump has imposed global tariffs on steel and aluminum imports, as well as tariffs on hundreds of billions of dollars of Chinese products in a trade war sparked off by China’s treatment of American intellectual property and trade secrets.\n\nOther imports also face duties based on findings of foreign “dumping” or subsidies, and the U.S. maintains usually low tariffs on a host of products from most countries under international agreements.\n\nWashington and Beijing in January signed a “phase one” agreement that serves as a truce in the trade war. The U.S. didn’t remove tariffs on any Chinese products under that pact, they only reduced the rates of some tariffs.\n\nThe pact requires China to buy $200 billion more in U.S. exports than it previously did, and Mr. Trump has said he expects the pact to be upheld.\n\nThe two countries have recently seen tensions grow over the virus, which spread from China, as well as a spat that has seen both nations reduce the number of foreign correspondents permitted from the other country.",
    "published": "2020-03-27"
  },
  {
    "source": "WSJ",
    "title": "How I Learned to Stop Worrying and Love the Bear Market",
    "summary": "A surprising share of a new bull market’s returns pile up in its very early stages, when the average investor is at their most fearful",
    "link": "https://www.wsj.com/articles/how-i-learned-to-stop-worrying-and-love-the-bear-market-11585301582?mod=Searchresults_pos14&page=13",
    "content": "Everyone thinks they’re a genius in a bull market, but it’s only when prices head south that some people really stand out from the crowd.\n\nAs odd as it sounds, the average investor is woefully below average. Compared to a robot who might invest through good and bad, ignoring newspaper headlines, a fallible human can end up with a lot less money on retirement day due to greed and fear. Knowing how to handle fearful times like these offer the best opportunity to avoid lagging behind the market.\n\nSure, some investors will claim they saw the coronavirus-induced bear market coming, just like there are people who say they sold ahead of the housing bubble or the dot-com crash. Maybe some of them are even telling the truth. But there were plenty of excuses to take profits over the past decade during what became the longest bull market in history—the trade war, the European debt crisis and ludicrous unicorn valuations, to name just a few. Up until a month ago, acting on them would have cost you.\n\nTrying to pick the bottom of a bear market is even more hazardous to your wealth. Being what seems like a long way from the top doesn’t mean you aren’t still just as far from the bottom: A market that has lost half of its value is one that lost a jarring 30% and then another 30% after that.\n\nInvestor psychology in a major bear market is a mirror image of what it was the past few years: The more false alarms there were on the way up, the likelier investors were to embrace risk, viewing dips as buying opportunities. On the way down, so-called suckers’ rallies—and the technical bull market we reached on Thursday may well have been one—get our hopes up and then crush them. By the time a really prolonged bear market is about to end, investors who haven’t sold in disgust probably have a lower percentage of their net worth in stocks than at the outset. That is one of the costliest mistakes investors make.\n\nA surprising share of a new bull market’s returns pile up in its very early stages when people are most fearful. Take the one that ended last month. Putting $100,000 into an S&P 500 index fund on the day the bull began on March 9, 2009 and selling at last month’s peak would have seen that turn into $630,000 including dividends. Waiting just three months to make sure it wasn’t yet another head fake would have earned you only $450,000.\n\nIf you wait for happy headlines or hopeful government statistics for a clue for when to pounce, you’ll be too late. Stocks typically rally before a recession is over. For example, imagine an investor who went back over the last eight recessions, all the way back to the Great Depression, and bought the S&P 500 or its predecessor index at the bottom of the accompanying bear market, only to sell as soon as the recession officially ended. This market-timing genius would have made an annualized return of over 64%. That compares to a long-run annualized return for U.S. stocks of about 9.7%.\n\nYou also can’t rely on unofficial information like whether your neighbors are still unemployed. Joblessness is headed much higher soon, which is poisonous for profits and consumer sentiment, but the situation will likely be bad and still getting worse when the market turns. Looking back at 14 spikes in unemployment going back to the 1930s, one could have bought stocks three months before the rate peaked and earned a respectable gain every single time.\n\nMaking lemonade out of the market’s lemons sounds tempting, but it isn’t easy. The old saw goes that the stock market is the only one where people run away when there’s a sale. Beforehand they crowd in when the wares are most expensive because they see everyone else getting rich. For example, in the 10 months leading up to the last market peak in October 2007, a net $84 billion flowed into equity mutual funds according to the Investment Company Institute. By contrast, a net $233 billion flowed out from June 2008 through March 2009, the heart of the bear market when stocks became screaming bargains.\n\nAre they bargains now? Not really. One of the more reliable measures of how expensive stocks are, the cyclically-adjusted price to earnings ratio popularized by Yale University professor Robert Shiller , put the S&P 500 at 23.8 times earnings on Friday. That is more expensive than average and compares to 13.3 times when the last bull market began.\n\nIf you believe that the damage the Covid-19 pandemic does to the global economy will be on par with the financial crisis and plan to wait until stock valuations reflect that view, it may be awhile. To fetch a similar valuation, stocks might have to drop another 40% or more from here, leaving the Dow Jones Industrial Average well below 15000.\n\nBut every downturn is different. A valuation measure like the Shiller P/E makes for a lousy timing tool. If you were content having, say, 70% of your savings in stocks last month when the Dow industrials were on the cusp of 30000 and the Shiller P/E at 32 then you should be at least as comfortable at 20000. That means buying more stocks and selling bonds as markets fall and repeating that all the way down.\n\nIf the last month truly convinced you that you had too much money in stocks to sleep well at night then take your lumps and dial back your risk permanently. But if you’re merely waiting for a sign that it’s safe to buy again then just hold your nose, increase your allocation to equities, and learn to love bear markets.\n\nWrite to Spencer Jakab at spencer.jakab@wsj.com",
    "published": "2020-03-27"
  }
]