[
  {
    "source": "WSJ",
    "title": "Solve Exemption Problem By Ending Tariffs",
    "summary": "The best policy at this point isn’t to grant exclusions but to get rid of these unnecessary and burdensome taxes.",
    "link": "https://www.wsj.com/articles/solve-exemption-problem-by-ending-tariffs-11580147993?mod=Searchresults_pos11&page=1",
    "content": "Allegheny Technologies Incorporated in Midland, Pa. Photo: Allegheny Technologies Incorporated\n\nRobert S. Wetherbee’s “I Support Trump’s Tariffs but Need an Exemption” (op-ed, Jan. 8) is a great example of why free-trade policy is the best approach when it comes to rent seeking. It’s great that he saved 100 jobs directly in his plant, but how about the widespread job losses in energy, manufacturing and other sectors caused by the steel and aluminum tariffs? Some of these companies lost overseas customers permanently due to higher input costs.\n\nThe large footprint of the steel and aluminum tariffs are also apparent in the number of requests for exemption. According to a Mercatus Center report, as of March 18, 2019, U.S. manufacturers filed 51,345 such requests and growing. In addition, there are questions about whether these exclusions are being properly granted, as shown by the Commerce Department’s inspector general’s report, which stated that the “exclusion request review process is neither transparent nor objective.”",
    "published": "2020-01-27"
  },
  {
    "source": "WSJ",
    "title": "Don’t Bash Trump Trade Policy Without a Solution",
    "summary": "Reading Robert B. Zoellick’s anti-tariff arguments, I kept waiting for his alternative solutions, which weren’t forthcoming.",
    "link": "https://www.wsj.com/articles/dont-bash-trump-trade-policy-without-a-solution-11580147929?mod=Searchresults_pos8&page=3",
    "content": "Reading Robert B. Zoellick ’s anti-tariff arguments, I kept waiting for his alternative solutions, which weren’t forthcoming (“Trump’s Pyrrhic Trade Victories,” op-ed, Jan. 22). It appears Mr. Zoellick would have us continue on the pre-Trump path of allowing trading partners to steal American jobs and intellectual property unimpeded, thus continuing to lower our standard of living. Mr. Zoellick’s arguments would have much more validity if our economy was cratering, which is the opposite of what’s actually happening. The American worker is better off today than three years ago thanks to President Trump’s strong leadership.\n\nChuck McGee",
    "published": "2020-01-27"
  },
  {
    "source": "WSJ",
    "title": "Whirlpool Profits from Higher Prices",
    "summary": "Appliance maker said cost increases for some materials had cooled",
    "link": "https://www.wsj.com/articles/whirlpool-profits-from-higher-prices-11580159801?mod=Searchresults_pos6&page=3",
    "content": "Whirlpool Corp. WHR 0.61 %increase; green up pointing triangle said profit increased in the latest quarter after it raised prices on some appliances, and raw-material cost increases cooled.\n\nStill, the company said on Monday that demand for some of its products was weak in the fourth quarter. Revenue declined more than analysts expected, falling 4.9% to $5.38 billion from a year earlier.\n\nWhirlpool posted increased profitability in North America, its largest market, as higher prices and cost-cutting measures offset lower volumes. The company sold 7.8 million products in North America during the quarter, a 3.8% decline.\n\n“Demand was down slightly,” Whirlpool Financial Chief Jim Peters said in an interview. “But it was right where we expected.”\n\nShares rose 0.8% in after-hours trading to $149.40.\n\nWhirlpool illustrates the varied effects tariffs can have on U.S. manufacturers. The Trump administration put tariffs on import washing machines in 2018 after Whirlpool requested protection from what it called unfair foreign competition. U.S. consumers have seen prices rise for washing machines because of the tariffs, according to researchers.\n\nBut separate tariffs on imported steel and aluminum pushed up Whirlpool’s costs in recent quarters. Whirlpool expects costs related to tariffs this year of about $12 million a month, similar to 2019.\n\nMr. Peters said price increases for steel and resin started to moderate over the course of last year.\n\nWhirlpool also said earnings before interest, taxes and other exclusions at its business in Europe, the Middle East and Africa rose for the second straight quarter. The company has been working to drive profitability at the unit by exiting some countries and closing facilities.\n\nRevenue for the company as a whole rose 1.2% after accounting for currency movements and the lost revenue from the July sale of its Embraco compressor business for about $1 billion.\n\nWhirlpool posted a fourth-quarter profit of $288 million compared with $170 million a year before. On an adjusted basis, the company had a profit of $4.91 a share, up from $4.75 a year before and above the $4.27 analysts expected.\n\nThe company expects to bring in a 2020 adjusted profit of $16.00 to $17.00 a share, in line with analyst expectations. Whirlpool said it expects global demand for appliances to be largely flat this year.\n\nWrite to Austen Hufford at austen.hufford@wsj.com",
    "published": "2020-01-27"
  },
  {
    "source": "WSJ",
    "title": "WSJ Wealth Adviser Briefing: Transport Stock Warning, Online Broker Boost, Young Investor Fears",
    "summary": "Curated news and analysis for wealth advisers and their clients from WSJ reporters and columnists",
    "link": "https://www.wsj.com/articles/wsj-wealth-adviser-briefing-transport-stock-warning-online-broker-boost-young-investor-fears-01580122810?mod=Searchresults_pos7&page=14",
    "content": "Assets, advisers and revenue all are on the rise at Raymond James’ wealth management business. The St. Petersburg, Fla.-based financial-services company said assets under management in its Private Client Group hit a record $855.2 billion, jumping 24% from a year earlier and 7% from the previous quarter. The unit’s tally of financial advisers also notched a record, hitting 8,060 at quarter’s end, up 245 from the end of 2018 and 49 from September 2019.\n\nBelow, some of the best analysis and insight from WSJ writers and columnists, the Dow Jones Newswires team and occasionally beyond, on investing, the wealth-management business and more.\n\nPLANNING & INVESTING\n\nTransport Stocks Are Still Flashing Warning Signals: Transportation stocks haven’t hit a new high in 16 months, a potentially ominous sign for investors betting on a pickup in global growth.\n\nMARKET TALK\n\nFrom Dow Jones Newswires\n\nCommodity prices will struggle in 2020 as rising raw-material supplies offset a pick-up in demand, say analysts at ABN Amro. In energy, they expect Brent crude oil to trade between $55 and $65 a barrel for much of the year and natural-gas prices to remain under pressure, even if the recent slump prompts producers to cut back on investment. In precious metals, the analysts forecast that gold will fall back after a strong start to 2020, but say the longer-term outlook is positive because \"higher official [interest] rates are nowhere on the horizon.\" Finally, in agriculture, they say a large EU harvest will weigh on global wheat prices, forecasting that the grain will cost an average of $5.61 a bushel. (joe.wallace@wsj.com)\n\nBeer producers are being forced to pay unfair prices for their aluminum can stock thanks to \"an obscure aluminum pricing system,\" combined with a 10% Section 232 tariff on aluminum imports, says the Beer Institute. The group says that the Midwest premium--a freight/logistics surcharge added on top of the aluminum commodity price for US buyers--is unfair and benefits only aluminum producers in the US. The group claims that between March 2018 and July 2019, the US beverage industry paid $458M on aluminum it purchased, with the US treasury only collecting 16%, or $73M. In an op-ed in WSJ last year, Molson Coors vice chairman Pete Coors called for the US government to investigate US aluminum producers for fixing prices. (kirk.maltais@wsj.com; @kirkmaltais)\n\nBUSINESS & PRACTICE\n\nOnline Brokers Go From Zero to Hero: Zero-commission move has led online brokerage customers to trade more and park more cash.\n\nIMPACT INVESTING\n\nCarbon Neutrality Pledges Reach Pharmaceutical Sector: AstraZeneca said it aims to reach carbon neutrality from global operations by 2025 and make its entire value chain carbon negative by 2030, without offset schemes. The British pharmaceutical company thereby joins sector first-mover Novartis in committing to carbon neutrality by 2025. If progress is made toward these targets, it will raise the bar in the pharmaceutical sector, which has been criticized for contributing more CO2 emissions than car manufacturers. To reach its targets, AstraZeneca aims to double its energy productivity and increase its use of renewable energy, make its vehicle fleet 100% electric and develop inhalers with a 90-99% lower environmental footprint, measured as global warming potential, than older ones.\n\nTALKING POINTS\n\nApocalypse Not Now: What Young Investors Are Getting Wrong: Young people who share a gloomy view of the future should read the new book by Laurence B. Siegel, “Fewer, Richer, Greener.” In it, he proclaims, “We are on the verge of the greatest democratization of wealth and well-being that the world has ever known.”\n\nTRAVEL & LIFESTYLE\n\nInternational Center of Photography Puts Black America in Focus: Tyler Mitchell remembers having to sneak onto the photography floor at NYU’s Tisch School of the Arts to secure the equipment for some of his earliest photographic work. In the six years since that time, he has grown into one of the most sought-after fashion photographers in the world.\n\nABOUT US\n\nThe Wealth Adviser Briefing covers topics of interest to wealth managers, financial planners and other advisers. The content is curated by the Dow Jones Newswires team using articles from the Newswires, Barron's, MarketWatch and The Wall Street Journal. The briefing is delivered to subscribers by email each workday morning at 6:30 a.m. ET. You can sign up here for email delivery.\n\nFor more information about our services for financial professionals, please visit our website.\n\nWe welcome feedback. Please email newsletters@dowjones.com or contact Dwight Oestricher at dwight.oestricher@wsj.com",
    "published": "2020-01-27"
  },
  {
    "source": "WSJ",
    "title": "New Cloud Over Global Growth: Synchronized Housing Slowdown",
    "summary": "Gains in home prices slow as world-wide residential investment continues to decline",
    "link": "https://www.wsj.com/articles/new-risk-to-world-economy-synchronized-housing-slowdown-11580121001?mod=Searchresults_pos17&page=15",
    "content": "Housing markets across the world, from the U.K. to China to Australia, are losing steam, holding back prospects for the global economy that last year grew at its slowest rate since the financial crisis.\n\nAcross 23 countries, an index of inflation-adjusted home prices compiled by the Federal Reserve Bank of Dallas grew 1.8% in the third quarter of 2019 from a year earlier, down from a recent peak of 4.3% in 2016, according to an Oxford Economics analysis. In 18 large economies, world-wide residential investment dropped on a year-over-year basis for four consecutive quarters through September, the longest stretch of declines since the 2008-09 crisis, according to Oxford Economics’ analysis of national accounts.\n\nA key catalyst is the global slowdown over the past two years that kept a lid on housing demand and home-price gains. In large cities, affordability constraints are deterring many would-be buyers, and foreigners’ appetite for overseas properties has cooled. Heightened uncertainty, for example over the U.S. trade war with China, Brexit and protests in Hong Kong, continue to weigh on home-buyer sentiment.\n\n“It matters because...the housing market is a big asset market which has quite large potential impacts on consumer spending,” said Adam Slater , an economist at Oxford Economics. “It tends to be a sector when it booms, it booms; when it busts, it busts.”\n\nThe slowdown isn’t flashing signs of turning into a bust. That largely hinges on global growth and uncertainty. The International Monetary Fund on Jan. 20 projected global growth would improve from 2.9% last year to 3.3% this year and 3.4% next, though that is still below the postcrisis average.\n\nEven though homes aren’t tradable, like soybeans or car parts, home prices across the world have become increasingly synchronized. This reflects a variety of factors, according to the IMF, including the increasing tendency for economic growth and interest rates to move in parallel across nations.\n\nFor global cities like New York, London and Vancouver, Canada, another factor is at work, according to the IMF. In the period of low interest rates following the global financial crisis, wealthy investors in the hunt for better yields swooped in to buy properties in major financial hubs. In effect, residential prices in those cities have become globally synchronized much as stocks and bonds are.\n\nNow, home prices in large cities are pulling back, according to an index of high-end markets in 45 cities maintained by Knight Frank, a London-based real-estate consulting firm. The index grew 1.1% in the third quarter of 2019 from a year earlier, down from 3.4% in the same period in 2018 and 4.2% in 2017.\n\nLower housing investment directly subtracts from gross domestic product growth. Oxford Economics estimates that the housing slowdown cut growth in advanced economies by 0.3 percentage point between 2017 and 2019.\n\nHomes, like stocks, are a part of consumers’ overall wealth, meaning the housing slowdown, in turn, could further eat away at global growth if homeowners feel less well-off and curb their spending. This appears to have materialized in some nations. Spending growth in Canada and Sweden slowed by more than 1 percentage point in 2018 as home prices declined, the Bank for International Settlements said in its 2019 annual report.\n\nA flurry of property-market regulations is another factor chilling home-price gains. Vancouver introduced a foreign buyer tax of 15% in 2016 and raised it to 20% in 2018. Seoul tightened mortgage regulations and announced a price cap on residences. New Zealand banned overseas investors from buying existing homes in 2018.\n\nCooling home prices could have a positive effect: Pricey markets could become more affordable and make a collapse in the property market less likely.\n\nThe current slowdown looks different from the lead-up to the 2008-09 crisis, when a global credit boom went bust and real home prices declined as much as 6.6% across the world’s major economies, according to Oxford Economics. Policy makers are more alert to the risks of housing bubbles, and banks have made it more difficult to access mortgages. Though rising household debt presents risks in some countries, BIS said that in many nations at the center of the crisis, household debt-to-GDP ratios are below precrisis levels.\n\nSHARE YOUR THOUGHTS What do you think needs to change, at a global scale, to reinvigorate the housing market? Join the conversation below.\n\nHome prices are outpacing income gains in many countries, but not by nearly as much as in the precrisis years, said Enrique Martínez-García , an economist at the Dallas Federal Reserve. “The housing market is not giving us red signals of danger as it did,” Mr. Martínez-García said.\n\nShould the slowdown turn into a more serious bust, it would test central banks, many of which cut interest rates last year to buffer their economies. In theory, interest-rate cuts should spur demand for housing by making mortgages cheaper. That appears to have happened—to an extent—in the U.S. Since the Federal Reserve cut interest rates last summer, U.S. home buying is up. But, interest rates around the globe are near record lows. Mr. Martínez-García said there is a point at which lowering long-term interest rates can no longer effectively prop up residential investment. “We might be reaching that point,” he said.\n\nAnd lower interest rates may be less effective given long-run restraints on housing such as the slower global growth expected over the next few years, property regulations and declining fertility rates. Supply is constrained in many cities where workers want to live. These factors are common to many countries, another reason the housing market is now globally synchronized.\n\nReal Time Economics in Your Inbox Get the latest economic news, analysis and data curated weekdays by WSJ’s Jeffrey Sparshott. Sign up.\n\nWrite to Sarah Chaney at sarah.chaney@wsj.com",
    "published": "2020-01-27"
  },
  {
    "source": "WSJ",
    "title": "James Baker’s War Powers Solution Is Out of Date",
    "summary": "The left side of the aisle has a different take on patriotism and national interest than the right side does, and that inhibits any consensual relationship on sharing of war powers.",
    "link": "https://www.wsj.com/articles/james-bakers-war-powers-solution-is-out-of-date-11580148116?mod=Searchresults_pos3&page=15",
    "content": "U.S. Army soldiers ready for deployment at Fort Bragg, N.C., Jan. 1. Photo: Melissa Sue Gerrits/Associated Press\n\nIn the political and cultural realm in which James A. Baker III served during his years in government, his proposal to “Repeal and Replace the War Powers Resolution” (op-ed, Jan. 21) would have made perfect sense. Today, the left side of the aisle has a different take on patriotism and national interest than the right side does, and that inhibits any consensual relationship on sharing of war powers.\n\nThere is a strong strain of isolationism in both political parties, but noninterventionists are dominant on the left. Democrats are more likely to be skeptical about America’s motives, intentions and role overseas and, therefore, protecting national interest often means preventing America from wreaking havoc globally. Democrats’ domestic spending priorities argue against distractive and detrimental meddling in foreign countries. Stopping counterproductive American military actions means that leaks to the press can be rationalized as true patriotic behavior when they don’t trust the judgment of a Republican president.",
    "published": "2020-01-27"
  },
  {
    "source": "WSJ",
    "title": "WSJ Wealth Adviser Briefing: Transport Stock Warning, Online Broker Boost, Young Investor Fears",
    "summary": "Curated news and analysis for wealth advisers and their clients from WSJ reporters and columnists",
    "link": "https://www.wsj.com/articles/wsj-wealth-adviser-briefing-transport-stock-warning-online-broker-boost-young-investor-fears-01580122810?mod=Searchresults_pos7&page=14",
    "content": "Assets, advisers and revenue all are on the rise at Raymond James’ wealth management business. The St. Petersburg, Fla.-based financial-services company said assets under management in its Private Client Group hit a record $855.2 billion, jumping 24% from a year earlier and 7% from the previous quarter. The unit’s tally of financial advisers also notched a record, hitting 8,060 at quarter’s end, up 245 from the end of 2018 and 49 from September 2019.\n\nBelow, some of the best analysis and insight from WSJ writers and columnists, the Dow Jones Newswires team and occasionally beyond, on investing, the wealth-management business and more.\n\nPLANNING & INVESTING\n\nTransport Stocks Are Still Flashing Warning Signals: Transportation stocks haven’t hit a new high in 16 months, a potentially ominous sign for investors betting on a pickup in global growth.\n\nMARKET TALK\n\nFrom Dow Jones Newswires\n\nCommodity prices will struggle in 2020 as rising raw-material supplies offset a pick-up in demand, say analysts at ABN Amro. In energy, they expect Brent crude oil to trade between $55 and $65 a barrel for much of the year and natural-gas prices to remain under pressure, even if the recent slump prompts producers to cut back on investment. In precious metals, the analysts forecast that gold will fall back after a strong start to 2020, but say the longer-term outlook is positive because \"higher official [interest] rates are nowhere on the horizon.\" Finally, in agriculture, they say a large EU harvest will weigh on global wheat prices, forecasting that the grain will cost an average of $5.61 a bushel. (joe.wallace@wsj.com)\n\nBeer producers are being forced to pay unfair prices for their aluminum can stock thanks to \"an obscure aluminum pricing system,\" combined with a 10% Section 232 tariff on aluminum imports, says the Beer Institute. The group says that the Midwest premium--a freight/logistics surcharge added on top of the aluminum commodity price for US buyers--is unfair and benefits only aluminum producers in the US. The group claims that between March 2018 and July 2019, the US beverage industry paid $458M on aluminum it purchased, with the US treasury only collecting 16%, or $73M. In an op-ed in WSJ last year, Molson Coors vice chairman Pete Coors called for the US government to investigate US aluminum producers for fixing prices. (kirk.maltais@wsj.com; @kirkmaltais)\n\nBUSINESS & PRACTICE\n\nOnline Brokers Go From Zero to Hero: Zero-commission move has led online brokerage customers to trade more and park more cash.\n\nIMPACT INVESTING\n\nCarbon Neutrality Pledges Reach Pharmaceutical Sector: AstraZeneca said it aims to reach carbon neutrality from global operations by 2025 and make its entire value chain carbon negative by 2030, without offset schemes. The British pharmaceutical company thereby joins sector first-mover Novartis in committing to carbon neutrality by 2025. If progress is made toward these targets, it will raise the bar in the pharmaceutical sector, which has been criticized for contributing more CO2 emissions than car manufacturers. To reach its targets, AstraZeneca aims to double its energy productivity and increase its use of renewable energy, make its vehicle fleet 100% electric and develop inhalers with a 90-99% lower environmental footprint, measured as global warming potential, than older ones.\n\nTALKING POINTS\n\nApocalypse Not Now: What Young Investors Are Getting Wrong: Young people who share a gloomy view of the future should read the new book by Laurence B. Siegel, “Fewer, Richer, Greener.” In it, he proclaims, “We are on the verge of the greatest democratization of wealth and well-being that the world has ever known.”\n\nTRAVEL & LIFESTYLE\n\nInternational Center of Photography Puts Black America in Focus: Tyler Mitchell remembers having to sneak onto the photography floor at NYU’s Tisch School of the Arts to secure the equipment for some of his earliest photographic work. In the six years since that time, he has grown into one of the most sought-after fashion photographers in the world.\n\nABOUT US\n\nThe Wealth Adviser Briefing covers topics of interest to wealth managers, financial planners and other advisers. The content is curated by the Dow Jones Newswires team using articles from the Newswires, Barron's, MarketWatch and The Wall Street Journal. The briefing is delivered to subscribers by email each workday morning at 6:30 a.m. ET. You can sign up here for email delivery.\n\nFor more information about our services for financial professionals, please visit our website.\n\nWe welcome feedback. Please email newsletters@dowjones.com or contact Dwight Oestricher at dwight.oestricher@wsj.com",
    "published": "2020-01-27"
  },
  {
    "source": "WSJ",
    "title": "Reasons Abound for Markets to Worry About the Election",
    "summary": "Investors face triple uncertainty about the 2020 outcome – and should be concerned",
    "link": "https://www.wsj.com/articles/reasons-abound-for-markets-to-worry-about-the-election-11580218414?mod=Searchresults_pos3&page=14",
    "content": "The world’s business elite is convinced that Donald Trump will win a second term in the White House in November, and investors seem to believe there’s little risk they will end up victims of the U.S. election.\n\nIn reality, investors face triple uncertainty about the outcome—and should be concerned. The election is highly likely to be close, because modern America is split down the middle—and that makes it inherently uncertain. The Democratic candidate isn’t yet chosen, and could be radical. And a victory by Mr. Trump might not provide the relief that investors expect.\n\nDiscussions with CEOs and executives from the U.S. and Europe at the World Economic Forum in Davos last week showed great confidence that Mr. Trump will win. Many people I spoke with assigned probabilities of a Trump win ranging from 60% to 80%. Yet when asked if it was likely to be close, those same CEOs agreed that the outcome was likely to be 51%-49%—in other words, too close to call. Their confidence is misplaced.\n\nPresident Trump took center stage at the World Economic Forum. WSJ’s Gerald F. Seib explains that while many business leaders don't like the U.S. president's style—and tariff threats—they are grudgingly expressing appreciation for his economic results. Photo: Evan Vucci/Associated Press\n\nThe first uncertainty is whether Mr. Trump will win. Forget the polls; without knowing who his opponent is, they don’t yet give a sensible picture. Instead, look at the recent history. In the past three decades only two presidents won by more than 4 percentage points, and both were special cases. Bill Clinton ’s wins were confused by Ross Perot ’s third-party candidacy, while Barack Obama ’s big victory in 2008 came amid the meltdown of the world economy.\n\nMr. Trump’s prospects depend in part on who he faces, the second source of uncertainty.\n\nIf someone from the left of the party, such as Bernie Sanders —or, just possibly, Elizabeth Warren—looks sure to win the nomination then stock markets might grow concerned. A Democrat president would be able to wield executive orders the way Mr. Obama did; that would likely reverse the leap in small business confidence that followed Mr. Trump’s election and promises of deregulation, as well as hitting the oil sector, in particular.\n\nHealth insurers might suffer, too. They rose strongly after the last election, and while they missed out on much of last year’s rally, they are up almost a third since October, again ignoring political risks. Gun stocks have been outperforming too, although as firearm sales often soar ahead of possible Democrat-led restrictions on the sector, the stocks might temporarily do well if investors start to bet on a Democrat victory.\n\nSHARE YOUR THOUGHTS Which Democratic candidate in the general election would bring the most volatility to the market? Why? Join the conversation below.\n\nA Democrat president could also restrict trade, as labor unions want, though none are as antitrade as Mr. Trump. But it appears unlikely that Republicans will lose the Senate, so Mr. Trump’s biggest single support for the market—the corporate tax cut—won’t be reversed.\n\nNext week’s Iowa caucuses won’t feature Michael Bloomberg , but the centrist billionaire will enter the Democrat contest the following month. His chances are slim, but if he becomes the Democratic candidate, investors would be delighted.\n\nIn the past, markets have typically done best when Washington is gridlocked, so a Democrat White House isn’t necessarily bad news for investors. Any serious stock market concern about Democrats is probably a buying opportunity.\n\nWhat would Mr. Trump do with a second term? Above, a campaign rally in Milwaukee, Wis. on Jan. 14. Photo: kevin lamarque/Reuters\n\nThis is where the third uncertainty comes in: What would Mr. Trump do with a second term? More tax cuts might be on the agenda, which markets would surely welcome—although with a federal budget deficit of almost $1 trillion last year, economists will worry that tax cuts generate more debt than growth.\n\nThe danger for investors is that Mr. Trump pushes on with his trade wars, pivoting from China to follow through on his threats against Europe. European politicians are already debating the possibility in private, with one finance minister last week saying he hoped a trans-Atlantic trade deal could be done before November. Without it, he feared Mr. Trump would be free to turn on Europe after the election without worrying about the potential unpopularity and economic damage from yet more tariffs.\n\nStocks would tumble if another trade battle began, and a fight with Europe could hurt big U.S. stocks even more than the battle with China, given the high exposure to the continent.\n\nSo far, markets have stayed sanguine. Shares have had a great run interrupted only by the fears from the Wuhan virus in the past few days. There’s little sign that investors are scared of anything on the political front.\n\nThey should be: The prospect of a socialist-leaning White House would surely hurt stocks in the short run, while Mr. Trump could hurt stocks for longer with a new trade war. CEOs and investors are too sure both of Mr. Trump’s prospects and that their share prices would do as well in his second term as they did in the first.\n\nWrite to James Mackintosh at James.Mackintosh@wsj.com",
    "published": "2020-01-27"
  },
  {
    "source": "WSJ",
    "title": "Ultrafast Trading Costs Stock Investors Nearly $5 Billion a Year, Study Says",
    "summary": "U.K. regulator’s study says ‘latency arbitrage’ imposes a small but significant tax on investors",
    "link": "https://www.wsj.com/articles/ultrafast-trading-costs-stock-investors-nearly-5-billion-a-year-study-says-11580126036?mod=Searchresults_pos13&page=18",
    "content": "Note: Figures are derived by extrapolating from LSE results to other exchanges based on volume. Global total includes $318 million made at smaller exchanges not shown. LSEG total includes Borsa Italiana. NYSE total includes all NYSE Group exchanges.\n\nNote: Figures are derived by extrapolating from LSE results to other exchanges based on volume. Global total includes $318 million made at smaller exchanges not shown. LSEG total includes Borsa Italiana. NYSE total includes all NYSE Group exchanges.\n\nNote: Figures are derived by extrapolating from LSE results to other exchanges based on volume. Global total includes $318 million made at smaller exchanges not shown. LSEG total includes Borsa Italiana. NYSE total includes all NYSE Group exchanges.\n\nNote: Figures are derived by extrapolating from LSE results to other exchanges based on volume. Global total includes $318 million made at smaller exchanges not shown. LSEG total includes Borsa Italiana. NYSE total includes all NYSE Group exchanges.\n\nHigh-frequency traders earn nearly $5 billion on global stock markets a year by taking advantage of slightly out-of-date prices, imposing a small but significant tax on investors, a new study says.\n\nThe study—released Monday by the U.K.’s financial regulator, the Financial Conduct Authority—sheds light on a controversial practice called “latency arbitrage,” in which ultrafast traders seek to react to fresh, market-moving information more quickly than others can.\n\nSuch information could range from corporate news to economic data to price fluctuations in other stocks or markets. Electronic trading firms invest in sophisticated technology, such as networks of microwave antennas linking exchanges thousands of miles apart, to process such information and execute trades in millionths of a second.\n\nThe FCA’s study comes as politicians in both Europe and the U.S., including Sen. Bernie Sanders (I., Vt.) and Sen. Elizabeth Warren (D., Mass.), have pushed for a financial-transaction tax, a policy aimed in part at curbing high-speed trading. The study could also fuel efforts by exchanges to restructure their markets to limit latency arbitrage—for instance, by introducing split-second delays before trades, known as speed bumps.\n\nSome firms use microwave transmissions to process information needed to quickly execute their trades. Photo: Daniel Acker/Bloomberg News\n\nMany experts say latency arbitrage raises costs for investors by making everyone in the markets less likely to post competitive price quotes for stocks, knowing that those quotes could get picked off by speedy traders. That, in turn, means investors get slightly worse prices whenever they buy or sell shares, traders say.\n\nAdvocates of high-frequency trading disputed the FCA’s study.\n\n“Many academics have debunked the latency arbitrage myth and this paper seems to have a political agenda,” said Kirsten Wegner , Chief Executive Officer of Modern Markets Initiative, a U.S. lobbying group for high-frequency trading firms.\n\nAutomated trading has benefited investors over the years by significantly cutting the cost of executing stock transactions—savings that are ignored by the FCA’s study, Ms. Wegner added. She also criticized the study for relying on a relatively small set of U.K. trading data to estimate latency-arbitrage profits on stock exchanges world-wide.\n\nAn FCA spokesman denied that the regulator was seeking to advance a political agenda related to high-frequency trading.\n\nPrecise data on latency-arbitrage profits is unavailable because of the opaque nature of most high-frequency trading firms.\n\nThe FCA’s study called latency arbitrage a “tax” amounting to 0.0042% of daily stock-trading volume. The study’s authors derived that figure by examining about two months of activity at the London Stock Exchange in 2015, using a type of raw trading data that hasn’t been previously studied by researchers.\n\nAlthough that is a tiny number—less than one-half of one-hundredth of 1%—the study’s authors say it adds up. If latency arbitragers made a similar rate of profits elsewhere, they would have earned $4.8 billion on stock exchanges around the world in 2018, including $2.8 billion at U.S. exchanges, the FCA study found.\n\nMoreover, the impact of latency arbitrage is unevenly distributed, with big investors facing the greatest costs, according to the study’s authors, who include two FCA researchers and a professor at the University of Chicago’s Booth School of Business.\n\nSHARE YOUR THOUGHTS Should high-speed trading be more heavily regulated? Why or why not? Join the conversation below.\n\n“The latency arbitrage tax does seem small enough that ordinary households need not worry about it in the context of their retirement and savings decisions,” they wrote. “Yet at the same time, flawed market design significantly increases the trading costs of large investors, and generates billions of dollars a year in profits for a small number of HFT firms and other parties in the speed race, who then have significant incentive to preserve the status quo.”\n\nThe study found that about one-fifth of trading activity at the LSE was concentrated in brief “races” between firms seeking to engage in latency arbitrage. In such races, two or more firms attempt to trade the same stock at the same time, but only the first can profit by being the quickest to execute its trade.\n\nDuring the period examined in the study—43 trading days from August to October 2015—about 22% of trading volume in FTSE 100 stocks took place in such races, which on average lasted 81 millionths of a second, the study found. The FTSE 100 is the U.K.’s large-cap index, with such companies as BP PLC and Vodafone Group PLC.\n\nThe FCA’s study relied on more than 2 billion electronic messages that trading firms sent to the LSE, or that the exchange sent to traders, during that period.\n\nSuch data—which hasn’t been used in past studies of latency arbitrage—showed failed attempts to trade as well as actual trades. That allowed the authors to reconstruct the tiny bursts of activity in which multiple firms raced to seize the same brief profit opportunity.\n\nThe data also showed only a few firms can profit from latency arbitrage, a finding that likely reflects the cost of building and maintaining the technology needed for ultrafast trading.\n\nMore than 80% of races in FTSE 100 stocks were won by the same half-dozen firms, the study found. It didn’t identify the firms in question.\n\nMarkets Insights in Your Inbox Get smart analysis on stocks and industries, delivered Monday through Friday after market close with the Heard on the Street newsletter. Sign up.\n\nWrite to Alexander Osipovich at alexander.osipovich@dowjones.com",
    "published": "2020-01-27"
  },
  {
    "source": "WSJ",
    "title": "Solve Exemption Problem By Ending Tariffs",
    "summary": "The best policy at this point isn’t to grant exclusions but to get rid of these unnecessary and burdensome taxes.",
    "link": "https://www.wsj.com/articles/solve-exemption-problem-by-ending-tariffs-11580147993?mod=Searchresults_pos20&page=15",
    "content": "Allegheny Technologies Incorporated in Midland, Pa. Photo: Allegheny Technologies Incorporated\n\nRobert S. Wetherbee’s “I Support Trump’s Tariffs but Need an Exemption” (op-ed, Jan. 8) is a great example of why free-trade policy is the best approach when it comes to rent seeking. It’s great that he saved 100 jobs directly in his plant, but how about the widespread job losses in energy, manufacturing and other sectors caused by the steel and aluminum tariffs? Some of these companies lost overseas customers permanently due to higher input costs.\n\nThe large footprint of the steel and aluminum tariffs are also apparent in the number of requests for exemption. According to a Mercatus Center report, as of March 18, 2019, U.S. manufacturers filed 51,345 such requests and growing. In addition, there are questions about whether these exclusions are being properly granted, as shown by the Commerce Department’s inspector general’s report, which stated that the “exclusion request review process is neither transparent nor objective.”",
    "published": "2020-01-27"
  },
  {
    "source": "WSJ",
    "title": "What’s News: Business & Finance",
    "summary": "This copy is for your personal, non-commercial use only. Distribution and use of this material are governed by our Subscriber Agreement and by copyright law. For non-personal use or to order multiple copies, please contact Dow Jones Reprints at 1-800-843-0008 or visit www.djreprints.com.",
    "link": "https://www.wsj.com/articles/whats-news-business-finance-11580102625?mod=Searchresults_pos3&page=19",
    "content": "This copy is for your personal, non-commercial use only. Distribution and use of this material are governed by our Subscriber Agreement and by copyright law. For non-personal use or to order multiple copies, please contact Dow Jones Reprints at 1-800-843-0008 or visit www.djreprints.com.\n\nhttps://www.wsj.com/articles/whats-news-business-finance-11580102625",
    "published": "2020-01-27"
  },
  {
    "source": "WSJ",
    "title": "New Jersey’s Economic Development Authority to Change How It Makes Money",
    "summary": "Fee structure gave agency financial interest to approve tax credits, task force finds",
    "link": "https://www.wsj.com/articles/new-jerseys-economic-development-authority-to-change-how-it-makes-money-11580137733?mod=Searchresults_pos12&page=12",
    "content": "New Jersey Gov. Phil Murphy has called for capping the amount of tax credits that can be awarded annually to $340 million.\n\nNew Jersey’s Economic Development Authority said it plans to tweak how the agency makes money after a state task force raised concerns about a potential conflict of interest.\n\nThe EDA’s lax oversight of the state’s $11 billion corporate tax-incentive program resulted in improperly awarded tax breaks, according to a report released this month by a task force appointed by Gov. Phil Murphy .\n\nBusinesses paid fees to the EDA for the tax credits, and the greater the credit, the greater the fee.\n\n“The EDA thus has a financial interest in the approval and award of tax credits,” the report said. “This presents the risk that the EDA may have a natural incentive to administer the tax-incentives programs in a manner that results in more, rather than fewer, approved awards.”\n\nEDA staff told the task force that the fees didn’t affect how they determined awards, according to the report, and the task force didn’t find evidence to contradict that. But nevertheless the task force said the fees presented “questions of the EDA’s operations at the systemic level.”\n\nNew Jersey’s EDA doesn’t receive any funds from the state budget unlike many other state economic-development agencies, including those in New York and Connecticut. Instead, the EDA is entirely self-funded through fees, rent from real-estate holdings and interest earned from lending money to businesses.\n\nIn 2013, the EDA changed how it calculated fees, and they became a larger component of funding for the authority. Fees for the tax credits accounted for 36% of the EDA’s revenue in 2017 and 29% in 2018, said Tim Sullivan , chief executive of the EDA.\n\nThat figure is expected to drop to about 10% and 12% for 2019, he said.\n\n“In a normal year, we should seek to break even, not make a profit,” Mr. Sullivan said in an interview. “We aren’t here to optimize the financial performance of the EDA.”\n\nNew Jersey’s tax-credit program expired in June, and the EDA is no longer taking applications. Mr. Murphy, a Democrat, has called for capping the amount of tax credits that can be awarded annually to $340 million. The expired program had no cap.\n\nMr. Sullivan said Mr. Murphy’s proposed cap would mitigate the conflict of interest concerns raised by the task force because it would also limit the amount of money the authority could collect from fees.\n\nThe governor, however, hasn’t reached an agreement with lawmakers on how to move forward. Senate President Steve Sweeney , a Democrat, has opposed a cap and said it puts the state at a competitive disadvantage.\n\nMr. Sweeney said he is willing to limit the size of the tax credits per project but says an overall cap on the entire program will inevitably shut out deserving businesses.\n\n“What I don’t want is a sign that says, ‘New Jersey is closed for business,’” Mr. Sweeney said.\n\nMr. Sullivan said that whenever the governor and the legislature reach an agreement, his team will make changes to the fees.\n\n“We’ll take a look at the fees side of it to make sure it’s calibrated the right way, balancing our need to support our operations but also balancing the considerations outlined in the task-force report,” Mr. Sullivan said.\n\nWrite to Joseph De Avila at joseph.deavila@wsj.com",
    "published": "2020-01-27"
  },
  {
    "source": "WSJ",
    "title": "Legalizing Marijuana in New York Regains Attention Among Lawmakers",
    "summary": "Gov. Cuomo and legislators differ on how to distribute funds from taxing cannabis",
    "link": "https://www.wsj.com/articles/legalizing-marijuana-in-new-york-regains-attention-among-lawmakers-11580126401?mod=Searchresults_pos4&page=15",
    "content": "State Sens. Pete Harckham and Liz Krueger made the case for legalizing marijuana during a news conference at the State Capitol.\n\nALBANY, N.Y. — New York state lawmakers say they are optimistic a law to regulate and tax recreational marijuana will be enacted in the coming months, perhaps as part of a new state budget that must be adopted by April.\n\nGov. Andrew Cuomo , a Democrat, once again included language legalizing marijuana in spending legislation introduced last week. A poll also released last week showed a record margin of public support for legalization, and on Thursday, a suburban senator said he had changed his mind and would support a marijuana bill.\n\n“Let’s be frank: We can buy this in any high school in New York state. The marketplace has spoken, so it’s time we tax this and can put that money to a social good,” said state Sen. Pete Harckham, a Democrat from Westchester County.\n\nMr. Harckham was one of several Democratic senators who last year were reluctant to embrace marijuana legislation. In recent months, Mr. Harckham said he had traveled to Massachusetts, where marijuana is sold in retail stores, and found “the sky is not falling.”\n\nMr. Cuomo became a marijuana supporter during his 2018 re-election bid, but longtime legalization advocates said he didn’t do enough last year to push wavering legislators like Mr. Harckham. Mr. Cuomo’s aides said they did all they could.\n\nThe governor and legislators also disagreed on how to distribute revenue from taxing marijuana, which Mr. Cuomo’s aides estimate could be $20 million in the coming fiscal year and eventually climb as high as $141 million annually. That rift remains, according to Assembly Majority Leader Crystal Peoples-Stokes and state Sen. Liz Krueger , the legislative sponsors of marijuana legalization.\n\nTheir bill dictates how much funding is allocated for drug treatment and traffic-safety programs. It also specifies that half of the new resources be invested into communities that were disproportionately impacted by laws that criminalize the possession and sale of drugs.\n\n“That’s a big issue,” said Ms. Peoples-Stokes, a Democrat from Buffalo. “There has never been an appropriation that focused on the multiple generations of people who went to jail. It impacted their children, their families and the communities.”\n\nSHARE YOUR THOUGHTS What benefits or drawbacks do you see to legalizing, regulating and taxing marijuana in New York? Join the conversation below.\n\nBoth the legislators’ bill and the governor’s proposal would create a new Office of Cannabis Management to distribute funds, issue licenses and approve new products. Legislators proposed the office would be governed by a board to which they would appoint some members; Mr. Cuomo’s plan would allow him to appoint all board members.\n\nNorman Birenbaum, Mr. Cuomo’s director of cannabis programs, said the governor would negotiate with lawmakers based on his proposal. Mr. Birenbaum said Mr. Cuomo agreed with the need for reinvestment but believes it shouldn’t be overly prescriptive.\n\n“Flexibility is really key here,” Mr. Birenbaum said.\n\nMr. Cuomo said he included the marijuana legislation in his budget bills to create a sense of urgency around the topic. Since the budget also includes popular actions like funding for schools, the maneuver could help win over marginal votes.\n\nAnd while a Siena College Research Institute poll released last week showed support for legalizing marijuana was at 58%, some corners still have concerns. State Sen. Todd Kaminsky , a Democrat from Long Island, said he still has reservations. Under Mr. Cuomo’s proposal, counties could pass a law opting out of marijuana sales, and Nassau County Executive Laura Curran said she would push to do so.\n\nRepublican legislators, including Senate Minority Leader John Flanagan , say legalizing marijuana sends a bad message to children. The New York state PTA, which represents school parents, continues to oppose the measure.\n\n“We’re in the middle of the vaping and opioid epidemics, and to add another drug makes no sense to us,” said NYS PTA Executive Director Kyle Belokopitsky.\n\nWrite to Jimmy Vielkind at Jimmy.Vielkind@wsj.com",
    "published": "2020-01-27"
  },
  {
    "source": "WSJ",
    "title": "Solve Exemption Problem By Ending Tariffs",
    "summary": "The best policy at this point isn’t to grant exclusions but to get rid of these unnecessary and burdensome taxes.",
    "link": "https://www.wsj.com/articles/solve-exemption-problem-by-ending-tariffs-11580147993?mod=Searchresults_pos1&page=16",
    "content": "Allegheny Technologies Incorporated in Midland, Pa. Photo: Allegheny Technologies Incorporated\n\nRobert S. Wetherbee’s “I Support Trump’s Tariffs but Need an Exemption” (op-ed, Jan. 8) is a great example of why free-trade policy is the best approach when it comes to rent seeking. It’s great that he saved 100 jobs directly in his plant, but how about the widespread job losses in energy, manufacturing and other sectors caused by the steel and aluminum tariffs? Some of these companies lost overseas customers permanently due to higher input costs.\n\nThe large footprint of the steel and aluminum tariffs are also apparent in the number of requests for exemption. According to a Mercatus Center report, as of March 18, 2019, U.S. manufacturers filed 51,345 such requests and growing. In addition, there are questions about whether these exclusions are being properly granted, as shown by the Commerce Department’s inspector general’s report, which stated that the “exclusion request review process is neither transparent nor objective.”",
    "published": "2020-01-27"
  },
  {
    "source": "WSJ",
    "title": "Whirlpool Profits from Higher Prices",
    "summary": "Appliance maker said cost increases for some materials had cooled",
    "link": "https://www.wsj.com/articles/whirlpool-profits-from-higher-prices-11580159801?mod=Searchresults_pos2&page=4",
    "content": "Whirlpool Corp. WHR 0.61 %increase; green up pointing triangle said profit increased in the latest quarter after it raised prices on some appliances, and raw-material cost increases cooled.\n\nStill, the company said on Monday that demand for some of its products was weak in the fourth quarter. Revenue declined more than analysts expected, falling 4.9% to $5.38 billion from a year earlier.\n\nWhirlpool posted increased profitability in North America, its largest market, as higher prices and cost-cutting measures offset lower volumes. The company sold 7.8 million products in North America during the quarter, a 3.8% decline.\n\n“Demand was down slightly,” Whirlpool Financial Chief Jim Peters said in an interview. “But it was right where we expected.”\n\nShares rose 0.8% in after-hours trading to $149.40.\n\nWhirlpool illustrates the varied effects tariffs can have on U.S. manufacturers. The Trump administration put tariffs on import washing machines in 2018 after Whirlpool requested protection from what it called unfair foreign competition. U.S. consumers have seen prices rise for washing machines because of the tariffs, according to researchers.\n\nBut separate tariffs on imported steel and aluminum pushed up Whirlpool’s costs in recent quarters. Whirlpool expects costs related to tariffs this year of about $12 million a month, similar to 2019.\n\nMr. Peters said price increases for steel and resin started to moderate over the course of last year.\n\nWhirlpool also said earnings before interest, taxes and other exclusions at its business in Europe, the Middle East and Africa rose for the second straight quarter. The company has been working to drive profitability at the unit by exiting some countries and closing facilities.\n\nRevenue for the company as a whole rose 1.2% after accounting for currency movements and the lost revenue from the July sale of its Embraco compressor business for about $1 billion.\n\nWhirlpool posted a fourth-quarter profit of $288 million compared with $170 million a year before. On an adjusted basis, the company had a profit of $4.91 a share, up from $4.75 a year before and above the $4.27 analysts expected.\n\nThe company expects to bring in a 2020 adjusted profit of $16.00 to $17.00 a share, in line with analyst expectations. Whirlpool said it expects global demand for appliances to be largely flat this year.\n\nWrite to Austen Hufford at austen.hufford@wsj.com",
    "published": "2020-01-27"
  },
  {
    "source": "WSJ",
    "title": "Newsletter: Coronavirus vs. the Economy",
    "summary": "This is the web version of the WSJ’s newsletter on the economy. You can sign up for daily delivery here.",
    "link": "https://www.wsj.com/articles/newsletter-coronavirus-vs-the-economy-01580125236?mod=Searchresults_pos15&page=6",
    "content": "This is the web version of the WSJ’s newsletter on the economy. You can sign up for daily delivery here.\n\nCoronavirus vs. Consumer Spending\n\nChina was counting on consumers to underpin its already slowing economy. Now, authorities are advising people to stay home, and many residents are too frightened anyway to eat out, shop, see movies or travel since the deadly coronavirus emerged from the central Chinese city of Wuhan. That adds risks to what was already expected to be a very challenging year for the economy. Many services core to China’s consumer boom are grinding to a halt as people forgo plans to spend money during the country’s biggest annual holiday, the Lunar New Year that began Saturday. Local authorities in some parts of China have ordered theaters, museums and other venues to shut down. Wuhan halted public transportation in, out and around the city, and more than a dozen other cities in central China have since followed suit, James T. Areddy reports.\n\nHong Kong could be especially hard hit. The city banned visitors from Wuhan, threatening more misery for an economy already in recession after months of protests battered tourism and retail sales. Disneyland shuttered, Lunar New Year festivities were scrapped and schools will remain closed until Feb. 17.\n\nStocks and crude oil tumbled this morning as the detection of infected patients in the U.S., Australia and France led to escalating concerns about the containment and how the outbreak threatens China's economy.\n\nWHAT TO WATCH TODAY\n\nU.S. new-home sales for December are expected to rise to an annual pace of 730,000 from 719,000 a month earlier. (10 a.m. ET)\n\nThe Dallas Fed manufacturing survey for January is out at 10:30 a.m. ET.\n\nTOP STORIES\n\nSynchronized Sliding\n\nAnother risk to the world economy: a synchronized housing slowdown. Across 23 countries, an index of inflation-adjusted home prices compiled by the Federal Reserve Bank of Dallas grew 1.8% in the third quarter of 2019 from a year earlier, down from a recent peak of 4.3% in 2016, according to an Oxford Economics analysis. In 18 large economies, world-wide residential investment dropped on a year-over-year basis for four consecutive quarters, the longest stretch of declines since the 2008-09 crisis, Sarah Chaney reports. “It matters because...the housing market is a big asset market which has quite large potential impacts on consumer spending,” said Adam Slater, an economist at Oxford Economics. “It tends to be a sector when it booms, it booms; when it busts, it busts.”\n\nThe U.S. real estate market is undergoing its own reshuffle after the 2017 federal tax overhaul made it costlier to own a house in many high-price, high-tax areas of the U.S. The changes have the biggest impact on a sliver of the population who have high incomes and live in expensive areas. They tend to have white-collar jobs and the ability to pick up and move. The result? Two years after President Trump signed the tax law, its effects are rippling through local economies and pushing some people to move from high-tax states. Parts of Florida, for example, are getting an influx of buyers from states such as New York, New Jersey and Illinois, Ben Eisen and Laura Kusisto report.\n\nDisaster Planning\n\nAs part of their contingency planning for the next recession, Federal Reserve officials are looking at a stimulus scheme the U.S. last used during and after World War II. From 1942 until 1951, the Fed capped yields on Treasury securities—first on short-term bills and later on longer-term bonds—to help finance war spending and the recovery. At issue is how the central bank should manage a faltering economy when short-term interest rates are already low. In the past three downturns, the Fed cut its benchmark rate by around 5 percentage points. The rate today is in a range between 1.5% and 1.75%, leaving less room to counteract a downturn, Nick Timiraos reports.\n\nSecond Chance\n\nIn one of the tightest labor markets in decades, more employers are willing to give ex-convicts a chance, trying to marry business needs and good intentions. Hiring people with a criminal past can pay dividends for companies, such as closer community ties and a loyal workforce. But keeping them on the job can be a struggle. Cincinnati-based Nehemiah Manufacturing started hiring workers with a criminal record in 2011 at the request of a local nonprofit. The experiment got off to a rocky start. Many workers continued to struggle with substance abuse or mental illness; some were homeless. Since, the company has become more deliberate about identifying candidates who are likely to be reliable employees and has developed a more formal system for providing them with support. Now, workers with criminal records make up around 80% of the company’s roughly 180 employees, Ruth Simon reports.\n\nSpecial Relationship\n\nThe U.K. is scheduled to leave the European Union on Friday. Treasury Secretary Steven Mnuchin said the U.S. hopes to complete a new trade agreement with the country by the end of this year. “The U.S. and the U.K. have very similar economies. I think this will be a very important relationship,” Mr. Mnuchin said.\n\nQUOTE OF THE DAY\n\n“You can make more as a dog walker in New York City than as an infant-toddler caregiver. It’s scary.\" —Shael Polakow-Suransky, president of Bank Street College\n\nWHAT ELSE WE’RE READING\n\nStay in school. \"The share of job vacancies requiring a bachelor’s degree increased by more than 60% between 2007 and 2019, with faster growth in professional occupations and high-wage cities. ... This suggests that employer skill upgrading is probably here to stay, and that many more job candidates will have to obtain a four-year college degree to compete in the labor market of the 21st century,\" Harvard's Peter Blair and David Deming write in a National Bureau of Economic Research working paper.\n\nSIGN UP FOR OUR CALENDAR\n\nReal Time Economics has launched a downloadable calendar with concise previews, forecasts and analysis of major U.S. data releases. To add to your calendar, please click here.",
    "published": "2020-01-27"
  },
  {
    "source": "WSJ",
    "title": "Liz and Bernie’s Estates Sale",
    "summary": "A new report shows how their proposed wealth taxes would force U.S. assets into foreign hands.",
    "link": "https://www.wsj.com/articles/liz-and-bernies-estates-sale-11580166081?mod=Searchresults_pos19&page=6",
    "content": "Sens. Elizabeth Warren and Bernie Sanders have had their differences lately. But their separate proposals for unconstitutional wealth taxes would do similar damage to the U.S. economy, according to a new study from the Tax Foundation.\n\nHuaqun Li and Karl Smith of the Tax Foundation estimate today that Sen. Warren’s wealth tax would collect roughly $2.2 trillion and Sen. Sanders’ version would collect $2.6 trillion over the 10-year period from 2020-2029.\n\n“Warren’s wealth tax would reduce long-run GDP by 0.37 percent, while Sanders’ plan would decrease it by 0.43 percent,” according to the Tax Foundation report.\n\nA slightly smaller U.S. economy may not seem like much of a problem, but either plan would collect less than 10% of the money needed to fund the government-run health care promised by both candidates. So a wealth tax is just one of the revenue grabs to expect in a Warren or Sanders administration.\n\nEven on its own, such a tax would be enough to force a lot of U.S. assets into foreign hands. Ms. Li and Mr. Smith write:\n\nA wealth tax would induce foreign inflows of hundreds of billions of dollars a year to replace reductions in U.S. savings, which would cause international investors to replace home-grown billionaires as owners of capital.\n\nSince this tax would specifically punish American owners of U.S. assets, who would suddenly have higher tax bills and a big incentive to spend rather than save, there would be bargains available for foreign investors looking to scoop up U.S. properties. In general, foreign investment in the U.S. is welcome, but not when it’s triggered by Washington forcing a fire sale on U.S. owners.\n\nSen. Warren likes to talk about taking just pennies on the dollar from the wealthiest Americans. Her original proposal was to grab 2% of household wealth above $50 million and 3% above $1 billion. But then she decided to raise her top rate to 6%. Sen. Sanders is aiming higher, with a series of rates that reach a top wealth tax of 8%.\n\nThe Tax Foundation notes:\n\nCompared to income taxes, wealth tax rates seem much lower, but this rate can be deceptive. The best way to interpret wealth tax rates is to translate them into an equivalent income tax rate. For example, consider an investor who owns a long-term bond with a fixed rate of return at 5 percent each year. A 3 percent annual wealth tax would imply that 60 percent of the capital income from owning the long-term bond would be remitted as tax—the 3 percent wealth tax translates to a 60 percent income tax rate in this example. A 5 percent annual wealth tax would equal a 100 percent income tax rate, because the wealth tax would take all this taxpayer’s capital income...\n\nFor safe investments like bonds or bank deposits, a wealth tax of 2 or 3 percent may confiscate all interest earnings, leaving no increase in savings over time.\n\nAnd of course the top Sanders rate of 8% would trigger not just the loss of income from such investments but the need to sell assets every year to pay Washington. Why hold such assets at all? The Tax Foundation economists note:\n\n... some economists have suggested that a wealth tax may encourage the owners of large fortunes to put their assets to more productive use instead of letting their wealth sit in low-yielding bonds. On one level this makes sense. Unless they reallocate towards higher yield investments, these taxpayers will see their wealth dwindle rapidly.\n\nConversely, the very fact that these investors have already chosen to forgo high-yielding investments suggests that extra return is not enough to compensate them for the risk or volatility associated with those assets. By lowering the after-tax return on all investments, a wealth tax would reduce further the number of investors willing to accept high levels of risk and volatility. Instead, the wealth tax would encourage those taxpayers who face it to consume their wealth as rapidly as possible.\n\nThat consumption could take on many forms, from $100 million weddings to $900 million per election cycle donations to political action committees and untold amounts on personal presidential campaigns.\n\nAre Michael Bloomberg and Tom Steyer spending some of their fortunes on long-shot candidacies because they figure their rivals for the nomination will end up taking it anyway?\n\n***\n\nFollow James Freeman on Twitter.\n\nSubscribe to the Best of the Web email with one click.\n\nTo suggest items, please email best@wsj.com.\n\n(Teresa Vozzo helps compile Best of the Web.)\n\n***\n\nMr. Freeman is the co-author of “Borrowed Time,” now available from HarperBusiness.",
    "published": "2020-01-27"
  },
  {
    "source": "WSJ",
    "title": "New York Imposes $10 Million Tax Bill on Connecticut-based Hedge-Fund Manager",
    "summary": "Assessment was largest deficiency imposed in decades on taxpayer found to be a ‘statutory resident’ of New York state, while living elsewhere",
    "link": "https://www.wsj.com/articles/new-york-imposes-10-million-tax-bill-on-connecticut-based-hedge-fund-manager-11580134317?mod=Searchresults_pos10&page=6",
    "content": "New York officials railed against “double taxation” after the U.S. Congress tax overhaul limited how much residents could deduct in state and local taxes from their federal tax bill.\n\nBut that didn’t stop New York from imposing a $10 million bill for back taxes and interest on a Connecticut hedge-fund manager, who also paid taxes to Connecticut on the same income.\n\nThat assessment was the largest deficiency imposed in several decades on any taxpayer who was found to be a “statutory resident” of New York state, while living elsewhere, according to Robert Willens , a tax and accounting consultant who publishes a tax newsletter.\n\nA New York administrative law judge found in December that David Russekoff , a hedge-fund manager who lives in Greenwich, Conn., owed about $9 million in taxes and $1 million in interest on investment income because he was considered a “statutory resident” of New York too.\n\nThe ruling said he owed New York taxes on income earned in New York, Connecticut taxes on earned income in Connecticut. He owed taxes to both on “intangible” investment income that wasn’t linked to any specific place, the ruling added.\n\nThe case is the latest in a series of challenges to the way New York taxes investment income for wealthy individuals who live outside the state. The provision has vexed tax lawyers to the rich for many years, but they have failed to get relief in the courts or the legislature.\n\nMr. Russekoff is a former investment manager and former chief investment officer at a Manhattan-based hedge fund, Perry Capital, which made large gains from bets against subprime mortgages during the last housing boom.\n\nIn 2009, he moved from a penthouse on the Upper East Side to a sprawling home on a lake in Greenwich, Conn. For four years, beginning in 2010, he earned more than $90 million in gains on the sale of securities, including $60 million in 2013 alone, according to the tax appeals decision.\n\nBut Mr. Russekoff was caught up in New York state’s tax system because he still owned a five-bedroom waterfront vacation home on Shelter Island, a five-minute ferry ride from the Hamptons on the east end of Long Island, and spent more than 183 days in New York state each year.\n\nRoger Blane , an attorney at Hutton & Solomon LLP, who represented Mr. Russekoff and his wife, Amanda, said he believed that the tax on investment income violated “the plain meaning” of a provision of the New York state constitution.\n\nThat provision stated that intangible investment income should be taxed at the “domicile of the owner” for tax purposes, which in the case of Mr. Russekoff was Connecticut.\n\nSHARE YOUR THOUGHTS Have you been doubly taxed on your income? How did you resolve the issue? Join the conversation below.\n\nBut the tax court, citing a 1998 State Court of Appeals decision, found that investment income was “intangible” and not tied to any place and couldn’t be considered out-of-state income. It denied a credit for taxes paid to Connecticut.\n\n“The location of the intangible personal property is not relevant to the imposition of tax in this case,” the decision by Administrative Law Judge Dennis M. Galliher said.\n\nIn October, the U.S. Supreme Court declined to hear two other cases brought by two couples living in Connecticut, who also faced New York tax.\n\nTimothy P. Noonan , a tax lawyer at Hodgson Russ LLP who represented both taxpayers, said that the Supreme Court was unlikely to take up the issue until similar challenges arise in other states.\n\n“It is a bit of double standard that New York is against double taxation when it comes to the state and local tax deduction but not in cases like these.”\n\nAs for Mr. Russekoff, he left Perry Capital in 2015 and formed his own hedge fund in 2017, Smith Cove Capital, now a family office. It was based in Greenwich, rather than in New York.\n\nWrite to Josh Barbanel at josh.barbanel@wsj.com",
    "published": "2020-01-27"
  },
  {
    "source": "WSJ",
    "title": "New Cloud Over Global Growth: Synchronized Housing Slowdown",
    "summary": "Gains in home prices slow as world-wide residential investment continues to decline",
    "link": "https://www.wsj.com/articles/new-risk-to-world-economy-synchronized-housing-slowdown-11580121001?mod=Searchresults_pos17&page=15",
    "content": "Housing markets across the world, from the U.K. to China to Australia, are losing steam, holding back prospects for the global economy that last year grew at its slowest rate since the financial crisis.\n\nAcross 23 countries, an index of inflation-adjusted home prices compiled by the Federal Reserve Bank of Dallas grew 1.8% in the third quarter of 2019 from a year earlier, down from a recent peak of 4.3% in 2016, according to an Oxford Economics analysis. In 18 large economies, world-wide residential investment dropped on a year-over-year basis for four consecutive quarters through September, the longest stretch of declines since the 2008-09 crisis, according to Oxford Economics’ analysis of national accounts.\n\nA key catalyst is the global slowdown over the past two years that kept a lid on housing demand and home-price gains. In large cities, affordability constraints are deterring many would-be buyers, and foreigners’ appetite for overseas properties has cooled. Heightened uncertainty, for example over the U.S. trade war with China, Brexit and protests in Hong Kong, continue to weigh on home-buyer sentiment.\n\n“It matters because...the housing market is a big asset market which has quite large potential impacts on consumer spending,” said Adam Slater , an economist at Oxford Economics. “It tends to be a sector when it booms, it booms; when it busts, it busts.”\n\nThe slowdown isn’t flashing signs of turning into a bust. That largely hinges on global growth and uncertainty. The International Monetary Fund on Jan. 20 projected global growth would improve from 2.9% last year to 3.3% this year and 3.4% next, though that is still below the postcrisis average.\n\nEven though homes aren’t tradable, like soybeans or car parts, home prices across the world have become increasingly synchronized. This reflects a variety of factors, according to the IMF, including the increasing tendency for economic growth and interest rates to move in parallel across nations.\n\nFor global cities like New York, London and Vancouver, Canada, another factor is at work, according to the IMF. In the period of low interest rates following the global financial crisis, wealthy investors in the hunt for better yields swooped in to buy properties in major financial hubs. In effect, residential prices in those cities have become globally synchronized much as stocks and bonds are.\n\nNow, home prices in large cities are pulling back, according to an index of high-end markets in 45 cities maintained by Knight Frank, a London-based real-estate consulting firm. The index grew 1.1% in the third quarter of 2019 from a year earlier, down from 3.4% in the same period in 2018 and 4.2% in 2017.\n\nLower housing investment directly subtracts from gross domestic product growth. Oxford Economics estimates that the housing slowdown cut growth in advanced economies by 0.3 percentage point between 2017 and 2019.\n\nHomes, like stocks, are a part of consumers’ overall wealth, meaning the housing slowdown, in turn, could further eat away at global growth if homeowners feel less well-off and curb their spending. This appears to have materialized in some nations. Spending growth in Canada and Sweden slowed by more than 1 percentage point in 2018 as home prices declined, the Bank for International Settlements said in its 2019 annual report.\n\nA flurry of property-market regulations is another factor chilling home-price gains. Vancouver introduced a foreign buyer tax of 15% in 2016 and raised it to 20% in 2018. Seoul tightened mortgage regulations and announced a price cap on residences. New Zealand banned overseas investors from buying existing homes in 2018.\n\nCooling home prices could have a positive effect: Pricey markets could become more affordable and make a collapse in the property market less likely.\n\nThe current slowdown looks different from the lead-up to the 2008-09 crisis, when a global credit boom went bust and real home prices declined as much as 6.6% across the world’s major economies, according to Oxford Economics. Policy makers are more alert to the risks of housing bubbles, and banks have made it more difficult to access mortgages. Though rising household debt presents risks in some countries, BIS said that in many nations at the center of the crisis, household debt-to-GDP ratios are below precrisis levels.\n\nSHARE YOUR THOUGHTS What do you think needs to change, at a global scale, to reinvigorate the housing market? Join the conversation below.\n\nHome prices are outpacing income gains in many countries, but not by nearly as much as in the precrisis years, said Enrique Martínez-García , an economist at the Dallas Federal Reserve. “The housing market is not giving us red signals of danger as it did,” Mr. Martínez-García said.\n\nShould the slowdown turn into a more serious bust, it would test central banks, many of which cut interest rates last year to buffer their economies. In theory, interest-rate cuts should spur demand for housing by making mortgages cheaper. That appears to have happened—to an extent—in the U.S. Since the Federal Reserve cut interest rates last summer, U.S. home buying is up. But, interest rates around the globe are near record lows. Mr. Martínez-García said there is a point at which lowering long-term interest rates can no longer effectively prop up residential investment. “We might be reaching that point,” he said.\n\nAnd lower interest rates may be less effective given long-run restraints on housing such as the slower global growth expected over the next few years, property regulations and declining fertility rates. Supply is constrained in many cities where workers want to live. These factors are common to many countries, another reason the housing market is now globally synchronized.\n\nReal Time Economics in Your Inbox Get the latest economic news, analysis and data curated weekdays by WSJ’s Jeffrey Sparshott. Sign up.\n\nWrite to Sarah Chaney at sarah.chaney@wsj.com",
    "published": "2020-01-27"
  },
  {
    "source": "WSJ",
    "title": "James Baker’s War Powers Solution Is Out of Date",
    "summary": "The left side of the aisle has a different take on patriotism and national interest than the right side does, and that inhibits any consensual relationship on sharing of war powers.",
    "link": "https://www.wsj.com/articles/james-bakers-war-powers-solution-is-out-of-date-11580148116?mod=Searchresults_pos3&page=15",
    "content": "U.S. Army soldiers ready for deployment at Fort Bragg, N.C., Jan. 1. Photo: Melissa Sue Gerrits/Associated Press\n\nIn the political and cultural realm in which James A. Baker III served during his years in government, his proposal to “Repeal and Replace the War Powers Resolution” (op-ed, Jan. 21) would have made perfect sense. Today, the left side of the aisle has a different take on patriotism and national interest than the right side does, and that inhibits any consensual relationship on sharing of war powers.\n\nThere is a strong strain of isolationism in both political parties, but noninterventionists are dominant on the left. Democrats are more likely to be skeptical about America’s motives, intentions and role overseas and, therefore, protecting national interest often means preventing America from wreaking havoc globally. Democrats’ domestic spending priorities argue against distractive and detrimental meddling in foreign countries. Stopping counterproductive American military actions means that leaks to the press can be rationalized as true patriotic behavior when they don’t trust the judgment of a Republican president.",
    "published": "2020-01-27"
  }
]