[
  {
    "source": "WSJ",
    "title": "U.K., EU Fire Opening Salvos Ahead of Trade Talks",
    "summary": "U.K. prime minister, EU negotiator deliver speeches that suggest clashes are ahead",
    "link": "https://www.wsj.com/articles/u-k-eu-fire-opening-salvos-ahead-of-trade-talks-11580739034?mod=Searchresults_pos2&page=7",
    "content": "U.K. Prime Minister Boris Johnson reiterated Monday that trade talks with the EU wouldn’t be extended past the end of 2020.\n\nDays after the U.K. left the European Union, both sides set the stage for what are likely to be difficult negotiations over their future relations.\n\nPrime Minister Boris Johnson said the U.K. would accept a total break with the bloc—which would involve tariffs on EU-U.K. trade for the first time in almost half a century—if a trade deal can’t be agreed by the end of the year.\n\nAn hour earlier, the bloc’s chief negotiator, Michel Barnier , said the EU would seek a “highly ambitious” trade deal with the U.K., but that would depend on British guarantees to ensure fair competition.\n\nThe negotiations are being watched closely for how Britain handles its historic decision to walk away from the world’s largest trading bloc. The talks will go a long way to defining whether Brexit is a radical move or a more graduated affair that will leave the two closely entwined.\n\nThe speeches suggest that the two sides will clash over what the EU calls the level playing field: standards that underlie the economy relating to issues like social, labor, environmental and government aid for companies.\n\nInvestors sold the pound, highlighting nerves about the economic hit the U.K. could take if it decouples with the EU decisively. Sterling fell 1.1% against the dollar, buying $1.31.\n\nThough Britain legally quit the EU on Friday, the terms of its future ties with its biggest trading partner are still to be defined. Britain and the EU have agreed to maintain the status quo in relations while those negotiations take place.\n\nMr. Johnson on Monday reiterated that those talks wouldn’t be extended past the end of 2020, reviving fears that a comprehensive deal can’t be nailed down in such a short time frame. Negotiations are expected to begin next month.\n\nThe bottom line for the EU is to ensure that the U.K. doesn’t become a lightly regulated business hub that maintains preferential access to the trade bloc while undercutting its rules.\n\nMr. Johnson indicated that the U.K. would try to keep tariff-free access to the EU—but that it would prioritize having the right to set its own rules and regulations.\n\nHe said the EU needn’t fear the U.K. would undercut its rules. “We will not engage in some cutthroat race to the bottom,” Mr. Johnson said Monday, adding the U.K. had a better record in state aid than most EU countries. “The U.K. will maintain the highest standards in these areas…without the compulsion of a treaty.”\n\nMr. Barnier said the bloc would seek a trade agreement with no tariffs or quotas on EU goods trade with the U.K. He said a trade and security deal would depend on the U.K. agreeing to guarantee “open and fair” competition, including commitments on climate, tax, state aid and labor standards “over the long term.”\n\nAfter years of uncertainty and missed deadlines, the U.K. is finally leaving the EU. But the Brexit drama may not be over as the U.K. enters a new phase of negotiations with its trading partners. WSJ’s Jason Douglas reports. Photo: Daniel Leal-Olivas/Getty Images\n\nHe also said the bloc was looking for an agreement on services with “wide sectoral coverage” including digital trade, public procurement, telecoms and business services.\n\nHowever, Mr. Barnier said there would have to be customs and regulatory checks on U.K. goods coming to the EU in future and that the bloc would make its own unilateral decisions on whether Britain’s financial-services regulation was equivalent to the standards the EU demand and whether the U.K.’s data-privacy standards were considered strong enough to allow data exchanges.\n\nIn what is expected to be another sensitive area for the talks, Mr. Barnier said an agreement must include a deal on fisheries including “reciprocal access” to fishing markets and waters on both sides of the channel.\n\nMr. Johnson said the U.K. was ready to consider an agreement on fisheries. “But it must reflect the fact that the U.K. will be an independent coastal state at the end of this year 2020, controlling our own waters.”\n\nHe proposed annual negotiations with the EU, using the latest scientific data, “ensuring that British fishing grounds are first and foremost for British boats.”\n\nDuring a half-hour speech in a room adorned with paintings produced as Britain embarked on its age of empire, Mr. Johnson made an impassioned defense of free trade. At a moment when global trade is slowing, “humanity needs some government somewhere who is willing to make the case for freedom of exchange,” he said.\n\nBritish officials say the U.K. isn’t planning a huge deregulatory drive. Rather, the country doesn’t want to layer on rules emanating from Brussels in coming years. Instead of diverging with EU rules immediately, it wants the right to diverge in the future. Even without a deal “the U.K. will prosper mightily,” Mr. Johnson said.\n\nMr. Johnson made a pointed effort to turn the page on Brexit, refusing to mention the word in his speech.\n\nWrite to Max Colchester at max.colchester@wsj.com and Laurence Norman at laurence.norman@wsj.com\n\nCorrections & Amplifications\n\nThe British pound traded at $1.31 on Monday. An earlier version of this article incorrectly stated the currency traded at $1.13. (2/3/20)",
    "published": "2020-02-03"
  },
  {
    "source": "WSJ",
    "title": "How Trump’s Tariff Threats Are Hustling Global Tax Reform",
    "summary": "Washington and Brussels have stepped back from the trans-Atlantic battle over corporate taxation, but will face tough decisions in the second half of 2020",
    "link": "https://www.wsj.com/articles/how-trumps-tariff-threats-are-hustling-global-tax-reform-11580726125?mod=Searchresults_pos14&page=3",
    "content": "Global tax reform has taken a small step forward—but only by delaying tough conversations. Another wave of political brinkmanship over the thorny question of how Silicon Valley’s technology giants are taxed is all too possible.\n\nOn Friday, the Organization for Economic Cooperation and Development announced a deal to move ahead with a single framework for reallocating corporate taxation rights—there were previously three rival proposals—and plans for a minimum tax. Officials from 137 nations now aim to agree on an approach by July and a solution by December.\n\nThe timing is very ambitious and there are still a number of “critical differences” to be worked out. President Trump’s threats of a trans-Atlantic trade war loom large. Politicians around the world will need to make difficult compromises if the project is to succeed.\n\nFailure to reach an agreement will end the truce agreed by the U.S. President and his French peer Emmanuel Macron in January. France will start charging big companies 3% on their digital revenues, and the U.S. is likely to follow through on its threat to hit French luxuries with a 100% tariff. A couple of dozen more countries are working on their own taxes on digital revenue and might end up hit with retaliatory U.S. tariffs too.\n\nThat would be a grand mess for global companies. They wouldn’t get the tax certainty they crave, could pay some double tax on earnings and may even bear some of the cost of tariffs.\n\nThe political tussle started because many countries, particularly in Europe, lost patience with what they see as multinational companies shifting international profits to avoid tax. Technology companies are a particular focus because they can provide services and earn revenue in countries where they have few physical assets. The likes of Apple, Alphabet and Facebook have booked a tax rate of less than 10% on their overseas profits.\n\nA U.S. proposal reinvigorated long-stalled negotiations and formed the basis for the latest OECD draft framework. The talks are contentious as changes to the status quo will likely move tax revenue between countries and increase companies’ costs. But politicians and executives alike would prefer a global compromise to a patchwork of new digital levies and a trade war.\n\nThe project almost stalled again in December when, after public consultations, the U.S. sought to add a so-called safe harbor clause to the new rules. This would allow U.S. companies to choose between the new or old tax regimes should Washington have trouble passing new tax legislation—a precaution likely to undermine the reform.\n\nFrench President Emmanuel Macron has reached a truce with President Trump over plans for a digital tax on tech giants. Photo: brendan smialowski/Agence France-Presse/Getty Images\n\nIn a bid to keep negotiations alive, the OECD has put the safe harbor request to one side as an implementation issue. It is a fudge, but it just might work. Safe harbor remains a threat that Washington can use as a bargaining chip in negotiations. Parking it frees up negotiators to work on the more technical issues of the new tax framework. Other contentious issues that arise might be parked alongside it.\n\nThe compromises required on these issues will need to be made by top politicians from a number of nations. The threat of a trans-Atlantic trade war helped clear some roadblocks in last week’s talks and is keeping the pressure high, but finding an agreement will still require tough decisions. The second half of 2020, just as the U.S. political cycle reaches fever pitch, could well bring more tax drama.\n\nWrite to Rochelle Toplensky at rochelle.toplensky@wsj.com",
    "published": "2020-02-03"
  },
  {
    "source": "WSJ",
    "title": "Trump Administration Denying More Tariff-Exemption Requests",
    "summary": "Officials say the levies encourage U.S. companies to build or source products domestically",
    "link": "https://www.wsj.com/articles/trump-administration-denying-more-tariff-exemption-requests-11580736641?mod=Searchresults_pos1&page=2",
    "content": "Tampa, Fla.-based Gator Co., which imports audio accessories from China, filed nine exclusion requests under the third tranche. All were denied.\n\nWASHINGTON—Trump administration officials are granting fewer exemptions to tariffs on Chinese imports, with the approval rate recently plunging to 3% in the third round of levies from 35% in the first two, according to a Wall Street Journal analysis.\n\nRequests for exemptions have been made by more than 4,500 companies, which typically say they have no viable or cost-effective alternatives to Chinese products. Many companies seek more than one exemption. For just the fourth round alone, more than 8,700 requests for exemptions were made by Friday, the filing deadline.\n\nHealthWay Family of Brands filed for 11 exemptions on electronic and other parts it imports from China to build air cleaners in Pulaski, N.Y. When the U.S. Trade Representative denied all its requests, the company was forced to lay off eight of its 48 workers and sideline plans to expand, said Vinny Lobdell Jr., the company’s global president.\n\n“We were set to build a $2 million expansion,” said Mr. Lobdell. “We had looked at bringing 30 to 40 more jobs to the area as the Intellipure product line was growing.”\n\nThe USTR didn’t respond to a request for comment on its reasons for denying tariff exemption requests.\n\nThe Trump administration has defended the tariffs, saying they are needed to pressure China to change practices that are unfair to U.S. businesses and can encourage U.S. companies to build or source products domestically.\n\nTariffs were imposed in four tranches and are still in effect despite the Jan. 15 trade deal with China.\n\nThe first two rounds of levies went into effect in July and August 2018. They impose 25% tariffs on roughly $50 billion in goods including plastic parts, industrial products and electronic components. The USTR granted about one-third of the exemption requests for these products.\n\n“These are particular valves or pieces of technology that we just can’t get anywhere else,” said Chris Rogers , a supply chain analyst with trade data analysis group Panjiva Inc. He said that may have led the USTR to believe it could “genuinely hurt these companies” if the exclusions weren’t granted.\n\nThe third round of tariffs, imposed in September 2018, imposes 25% tariffs on roughly $200 billion in imports. These cover goods including furniture, luggage and wood products that are readily available from sources outside China, which Mr. Rogers said likely accounts for the relatively small number of exemptions granted—meaning that if importers claim that they can’t find other sources, that “just isn’t going to fly.”\n\nSHARE YOUR THOUGHTS Have the tariffs on Chinese goods affected your business? If so, how? Join the conversation below.\n\nThe fourth and final round of tariffs was imposed in September 2019, with 15% levies on roughly $120 billion in Chinese imports including apparel, plasticware and sporting goods. The U.S. agreed to cut the tariffs on these items to 7.5% under the trade deal.\n\nOverall, more than 52,700 exclusion requests have been filed to the USTR, which has ruled on about 26,300 of those. In a Federal Register notice last August, the USTR estimated that each submission takes 2.5 hours for staff to evaluate.\n\nOne company, Minnesota-based Arrowhead Engineered Products Inc., has filed more than 10,000 requests under the third round of tariffs. So far, the USTR has approved six of those and denied about 5,300. The company, which had received approvals for 35% of 474 requests in the first tranche, declined to comment.\n\nOne frustration for business owners is that the USTR doesn’t provide any explanation for its decision.\n\n“I have to tell you, I was really shocked,” said Crystal Morris, CEO of Tampa, Fla.-based Gator Co., which imports speaker stands, guitar cases and other audio accessories from China. Her company filed nine requests under the third tranche. All were denied.\n\n“I thought we had put together a good appeal,” she said. “It really talked about the fact that our products are for musicians and are going into schools, and education. We were pretty disappointed that they were denied because obviously it’s hurting our business with margins and it’s causing us to push some price increases.”\n\nJonathan Gold , the vice president of supply chain and customs policy for the National Retail Federation, said such complaints are common.\n\nThe U.S. and China signed a deal marking a truce in the trade war between the two nations, with President Trump saying it was a “momentous step” toward a future of \"fair and reciprocal trade.\" Photo: Wang Ying/Xinhua via ZUMA Wire\n\n“There’s no insight into how or why USTR is making decisions on exclusions. It goes into a black box and there’s no rhyme or reason that anyone can figure out into how the decisions are being made,” Mr. Gold said.\n\nSome companies, still wrestling with large tariff bills, have been frustrated by the perception that the phase-one trade deal with China has resolved the uncertainty facing their businesses, Mr. Gold said.\n\n“It’s not the case, not for those companies that continue to face the tariffs. We still have tariffs on $370 billion worth of imports from China,” he said.\n\nThe relatively high rate of exemption approvals for the first two rounds of tariffs encouraged many companies to seek relief, said attorney Jessica Wasserman of Greenspoon Marder.\n\n“So many companies that decided to go through the expense and time of filing did so on the basis of the approval rate of the first tranches, which were around 30%, only to find that the approval rate for later tranches has plunged to about 3%,” Ms. Wasserman said. “This is very frustrating and seems unfair, especially for smaller businesses.”\n\nMr. Lobdell Jr. of HealthWay Family of Brands said that the added tariffs cost his company about $700,000 in 2019. Now, with the exemption denials, he’s considering shifting some manufacturing to a Chinese factory where it has a partner.\n\n“When you set a supply chain up like that, it’s just very hard to just shift and move and set up a supply chain somewhere else,” he said.\n\nChad Day contributed to this article.\n\nWrite to Josh Zumbrun at Josh.Zumbrun@wsj.com",
    "published": "2020-02-03"
  },
  {
    "source": "WSJ",
    "title": "China Is the Real Sick Man of Asia",
    "summary": "Its financial markets may be even more dangerous than its wildlife markets.",
    "link": "https://www.wsj.com/articles/china-is-the-real-sick-man-of-asia-11580773677?mod=Searchresults_pos4&page=10",
    "content": "The mighty Chinese juggernaut has been humbled this week, apparently by a species-hopping bat virus. While Chinese authorities struggle to control the epidemic and restart their economy, a world that has grown accustomed to contemplating China’s inexorable rise was reminded that nothing, not even Beijing’s power, can be taken for granted.\n\nWe do not know how dangerous the new coronavirus will be. There are signs that Chinese authorities are still trying to conceal the true scale of the problem, but at this point the virus appears to be more contagious but considerably less deadly than the pathogens behind diseases such as Ebola or SARS—though some experts say SARS and coronavirus are about equally contagious.\n\nChina’s initial response to the crisis was less than impressive. The Wuhan government was secretive and self-serving; national authorities responded vigorously but, it currently appears, ineffectively. China’s cities and factories are shutting down; the virus continues to spread. We can hope that authorities succeed in containing the epidemic and treating its victims, but the performance to date has shaken confidence in the Chinese Communist Party at home and abroad. Complaints in Beijing about the U.S. refusing entry to noncitizens who recently spent time in China cannot hide the reality that the decisions that allowed the epidemic to spread as far and as fast as it did were all made in Wuhan and Beijing.\n\nThe likeliest economic consequence of the coronavirus epidemic, forecasters expect, will be a short and sharp fall in Chinese economic growth rates during the first quarter, recovering as the disease fades. The most important longer-term outcome would appear to be a strengthening of a trend for global companies to “de-Sinicize” their supply chains. Add the continuing public health worries to the threat of new trade wars, and supply-chain diversification begins to look prudent.\n\nEvents like the coronavirus epidemic, and its predecessors—such as SARS, Ebola and MERS—test our systems and force us to think about the unthinkable. If there were a disease as deadly as Ebola and as fast-spreading as coronavirus, how should the U.S. respond? What national and international systems need to be in place to minimize the chance of catastrophe on this scale?\n\nEpidemics also lead us to think about geopolitical and economic hypotheticals. We have seen financial markets shudder and commodity prices fall in the face of what hopefully will be a short-lived disturbance in China’s economic growth. What would happen if—perhaps in response to an epidemic, but more likely following a massive financial collapse—China’s economy were to suffer a long period of even slower growth? What would be the impact of such developments on China’s political stability, on its attitude toward the rest of the world, and to the global balance of power?\n\nChina’s financial markets are probably more dangerous in the long run than China’s wildlife markets. Given the accumulated costs of decades of state-driven lending, massive malfeasance by local officials in cahoots with local banks, a towering property bubble, and vast industrial overcapacity, China is as ripe as a country can be for a massive economic correction. Even a small initial shock could lead to a massive bonfire of the vanities as all the false values, inflated expectations and misallocated assets implode. If that comes, it is far from clear that China’s regulators and decision makers have the technical skills or the political authority to minimize the damage—especially since that would involve enormous losses to the wealth of the politically connected.\n\nWe cannot know when or even if a catastrophe of this scale will take place, but students of geopolitics and international affairs—not to mention business leaders and investors—need to bear in mind that China’s power, impressive as it is, remains brittle. A deadlier virus or a financial-market contagion could transform China’s economic and political outlook at any time.\n\nMany now fear the coronavirus will become a global pandemic. The consequences of a Chinese economic meltdown would travel with the same sweeping inexorability. Commodity prices around the world would slump, supply chains would break down, and few financial institutions anywhere could escape the knock-on consequences. Recovery in China and elsewhere could be slow, and the social and political effects could be dramatic.\n\nIf Beijing’s geopolitical footprint shrank as a result, the global consequences might also be surprising. Some would expect a return of unipolarity if the only possible great-power rival to the U.S. were to withdraw from the game. Yet in the world of American politics, isolation rather than engagement might surge to the fore. If the China challenge fades, many Americans are likely to assume that the U.S. can safely reduce its global commitments.\n\nSo far, the 21st century has been an age of black swans. From 9/11 to President Trump’s election and Brexit, low-probability, high-impact events have reshaped the world order. That age isn’t over, and of the black swans still to arrive, the coronavirus epidemic is unlikely to be the last to materialize in China.\n\nWonder Land: The coronavirus is a metaphor for two political ideas that are incompatible with the realities of the modern world: China’s Communist Party and isolationism. Image: Noel Celis/AFP via Getty Images",
    "published": "2020-02-03"
  },
  {
    "source": "WSJ",
    "title": "How Trump’s Tariff Threats Are Hustling Global Tax Reform",
    "summary": "Washington and Brussels have stepped back from the trans-Atlantic battle over corporate taxation, but will face tough decisions in the second half of 2020",
    "link": "https://www.wsj.com/articles/how-trumps-tariff-threats-are-hustling-global-tax-reform-11580726125?mod=Searchresults_pos3&page=2",
    "content": "Global tax reform has taken a small step forward—but only by delaying tough conversations. Another wave of political brinkmanship over the thorny question of how Silicon Valley’s technology giants are taxed is all too possible.\n\nOn Friday, the Organization for Economic Cooperation and Development announced a deal to move ahead with a single framework for reallocating corporate taxation rights—there were previously three rival proposals—and plans for a minimum tax. Officials from 137 nations now aim to agree on an approach by July and a solution by December.\n\nThe timing is very ambitious and there are still a number of “critical differences” to be worked out. President Trump’s threats of a trans-Atlantic trade war loom large. Politicians around the world will need to make difficult compromises if the project is to succeed.\n\nFailure to reach an agreement will end the truce agreed by the U.S. President and his French peer Emmanuel Macron in January. France will start charging big companies 3% on their digital revenues, and the U.S. is likely to follow through on its threat to hit French luxuries with a 100% tariff. A couple of dozen more countries are working on their own taxes on digital revenue and might end up hit with retaliatory U.S. tariffs too.\n\nThat would be a grand mess for global companies. They wouldn’t get the tax certainty they crave, could pay some double tax on earnings and may even bear some of the cost of tariffs.\n\nThe political tussle started because many countries, particularly in Europe, lost patience with what they see as multinational companies shifting international profits to avoid tax. Technology companies are a particular focus because they can provide services and earn revenue in countries where they have few physical assets. The likes of Apple, Alphabet and Facebook have booked a tax rate of less than 10% on their overseas profits.\n\nA U.S. proposal reinvigorated long-stalled negotiations and formed the basis for the latest OECD draft framework. The talks are contentious as changes to the status quo will likely move tax revenue between countries and increase companies’ costs. But politicians and executives alike would prefer a global compromise to a patchwork of new digital levies and a trade war.\n\nThe project almost stalled again in December when, after public consultations, the U.S. sought to add a so-called safe harbor clause to the new rules. This would allow U.S. companies to choose between the new or old tax regimes should Washington have trouble passing new tax legislation—a precaution likely to undermine the reform.\n\nFrench President Emmanuel Macron has reached a truce with President Trump over plans for a digital tax on tech giants. Photo: brendan smialowski/Agence France-Presse/Getty Images\n\nIn a bid to keep negotiations alive, the OECD has put the safe harbor request to one side as an implementation issue. It is a fudge, but it just might work. Safe harbor remains a threat that Washington can use as a bargaining chip in negotiations. Parking it frees up negotiators to work on the more technical issues of the new tax framework. Other contentious issues that arise might be parked alongside it.\n\nThe compromises required on these issues will need to be made by top politicians from a number of nations. The threat of a trans-Atlantic trade war helped clear some roadblocks in last week’s talks and is keeping the pressure high, but finding an agreement will still require tough decisions. The second half of 2020, just as the U.S. political cycle reaches fever pitch, could well bring more tax drama.\n\nWrite to Rochelle Toplensky at rochelle.toplensky@wsj.com",
    "published": "2020-02-03"
  },
  {
    "source": "WSJ",
    "title": "U.S. Government-Bond Yields Stabilize as Sentiment Improves",
    "summary": "Bond rally pauses after China injects liquidity into local markets to soften shock from coronavirus",
    "link": "https://www.wsj.com/articles/u-s-government-bond-yields-stabilize-as-sentiment-improves-11580748751?mod=Searchresults_pos7&page=10",
    "content": "A weekslong rally in U.S. government bonds paused after China’s central bank took stimulus measures to mitigate the economic impact of the coronavirus and data showed a rebound in U.S. manufacturing activity.\n\nThe yield on the benchmark 10-year U.S. Treasury note settled at 1.520%, according to Tradeweb, compared with 1.521% Friday.\n\nYields, which rise when bond prices fall, initially climbed after China’s central bank said Sunday it would inject 1.2 trillion yuan ($173 billion) into the financial system in response to the continued spread of the coronavirus, which has threatened to disrupt the global economy.\n\nYields got another boost after the Institute for Supply Management said its U.S. manufacturing index rose to 50.9 in January from 47.2 in December, indicating the first monthly expansion in the sector since July. Demand for bonds, though, quickly picked up again, reflecting the continued appeal of safer assets amid ongoing concerns about the coronavirus.\n\nThe headquarters of the People's Bank of China. The central bank announced Sunday stimulus measures to mitigate the economic impact of the coronavirus. Photo: jason lee/Reuters\n\nInvestors this year had been hopeful that the global economy could rebound from 2019—when it grew at its slowest pace since the financial crisis—thanks in part to a de-escalation of the U.S.-China tariff battle and promises of support from Federal Reserve officials.\n\nThe coronavirus has damped that optimism as governments around the world have sought to block visitors from China, suggesting the virus is already becoming a drag on economic activity even as public-health experts continue to study how contagious it is.\n\nUnderscoring the concerns about the economic outlook, the yield on the 10-year note closed below the yield of the three-month Treasury bill on Monday for the third consecutive session.\n\nInvestors closely watch the dispersion of Treasury yields because recessions have often followed times when long-term yields have dropped below short-term yields, a phenomenon known as an inverted yield curve. An inversion of the 10-year and three-month yields is seen as a particularly reliable signal of a coming economic contraction.\n\nChina has rushed to build two makeshift hospitals in the epicenter of the coronavirus outbreak. As the first facility is completed, footage from state media shows what it looks like. Photo: str/Agence France-Presse/Getty Images\n\nWrite to Sam Goldfarb at sam.goldfarb@wsj.com",
    "published": "2020-02-03"
  },
  {
    "source": "WSJ",
    "title": "The Auto Industry Wanted Easier Environmental Rules. It Got Chaos.",
    "summary": "Ford miscalculated the White House’s desire to make a deal with California on fuel-economy regulations and irritated its peers",
    "link": "https://www.wsj.com/articles/the-auto-industry-wanted-easier-environmental-rules-it-got-chaos-11580745826?mod=Searchresults_pos13&page=18",
    "content": "When Ford F 0.49 %increase; green up pointing triangle Motor Co. Executive Chairman Bill Ford Jr . called the president last spring, he was hoping to defuse what was looking like a lengthy legal battle over the nation’s fuel-economy regulations for vehicles.\n\nThe Trump administration wanted to significantly ease U.S. environmental rules. California had sued to stop that. The car industry was caught in the middle. Mr. Ford, calling from his Dearborn, Mich., office, urged the president to broker a compromise with California, according to people with knowledge of the conversation.\n\nPresident Trump was puzzled and told Mr. Ford his view was out of step with his industry peers. “He basically said: ‘You’re on your own’ ” to Mr. Ford, one of the people briefed on the call said.\n\nThe call was part of a nearly yearlong push to fend off the expense and delays of competing fuel standards, but Ford miscalculated the White House’s appetite for a deal. Its efforts ultimately backfired, putting it at odds with the administration and other big car makers.\n\nWhen Ford eventually made its own deal with California last summer, it drew an antitrust inquiry and spurred the administration to speed up efforts to strip California’s authority to set its own tailpipe standards.\n\nIt also irritated Ford’s biggest rivals, including General Motors Co. and Toyota Motor Corp., which have since sided with the Trump administration on the issue.\n\nThe industry—more polarized than ever—is now facing a confrontation that could last for years, leaving it in a costly limbo.\n\nThe Trump administration in the coming weeks is expected to finalize new fuel-economy rules that significantly dial back the targets adopted under President Obama. Mr. Trump’s legal fight with California, the state that is the U.S. auto industry’s biggest market, is expected to be bitter and drawn-out.\n\nIt is part of corporate America’s struggle, three years in, to find a way to operate with the Trump White House—where a disagreement could launch a barrage of negative tweets and when dramatic policy shifts come without warning. In the auto industry, none of the major players have managed to forge a way forward.\n\nIn its own deal with California, Ford agreed with the state to meet targets tougher than Mr. Trump’s proposal but still tamer than the Obama-era requirements. Executives hoped the agreement would show the White House and other auto makers that California was willing to compromise.\n\nA Market Divided\n\nCalifornia and the states aligned with its standards account for more than 40% of U.S. auto sales.\n\nStates that follow California’s emissions standards In use In use beginning 2022 Governors intend to adopt the standards Wash. N.H. Maine Vt. Mont. N.D. Minn. Ore. Idaho Wis. N.Y. Mass. S.D. Mich. Wyo. Iowa Pa. Neb. Nev. Ohio Ind. Ill. Utah W.Va. Colo. Va. Kan. R.I. Mo. Ky. Calif. Conn. N.C. Tenn. N.J. Ariz. Okla. Ark. N.M. S.C. Del. Ga. Ala. Miss. Md. Texas La. Alaska Fla. Hawaii Estimated real-world fuel economy and carbon dioxide emissions 2017 FUEL ECONOMY 2012 30 miles per gallon 28 26 24 22 20 Nissan Mitsubishi Subaru Honda BMW Mazda Mercedes All GM FCA Kia VW Hyundai Ford Toyota CARBON DIOXIDE EMISSIONS 450 grams of CO2 per mile 425 400 375 350 325 300 States that follow California’s emissions standards In use In use beginning 2022 Governors intend to adopt the standards Wash. N.H. Maine Vt. Mont. N.D. Minn. Ore. Idaho Wis. N.Y. Mass. S.D. Mich. Wyo. Iowa Pa. Neb. Nev. Ohio Ind. Ill. Utah W.Va. Colo. Va. Kan. R.I. Mo. Ky. Calif. Conn. N.C. Tenn. N.J. Ariz. Okla. Ark. N.M. S.C. Del. Ga. Ala. Miss. Md. Texas La. Alaska Fla. Hawaii Estimated real-world fuel economy and carbon dioxide emissions 2017 2012 FUEL ECONOMY 30 miles per gallon 28 26 24 22 20 Honda BMW Mercedes GM Kia Hyundai Toyota Subaru Nissan Mitsubishi Mazda All FCA VW Ford CARBON DIOXIDE EMISSIONS 450 grams of CO2 per mile 425 400 375 350 325 300 States that follow California’s emissions standards In use In use beginning 2022 Governors intend to adopt the standards Wash. N.H. Maine Vt. Mont. N.D. Minn. Ore. Idaho Wis. N.Y. Mass. S.D. Mich. Wyo. Iowa Pa. Neb. Nev. Ohio Ind. Ill. Utah W.Va. Colo. Va. Kan. R.I. Mo. Ky. Calif. Conn. N.C. Tenn. N.J. Ariz. Okla. Ark. N.M. S.C. Del. Ga. Ala. Miss. Md. Texas La. Alaska Fla. Hawaii Estimated real-world fuel economy and carbon dioxide emissions 2017 2012 FUEL ECONOMY 30 miles per gallon 28 26 24 22 20 Honda BMW Mercedes GM Kia Hyundai Toyota Subaru Nissan Mitsubishi Mazda All FCA VW Ford CARBON DIOXIDE EMISSIONS 450 grams of CO2 per mile 425 400 375 350 325 300 States that follow California’s emissions standards In use In use beginning 2022 Governors intend to adopt the standards R.I. Conn. N.J. Del. Md. Estimated real-world fuel economy 2012 2017 Subaru Honda Nissan Mitsubishi BMW Mazda Mercedes All GM FCA Kia VW Hyundai Ford Toyota Miles per gallon\n\nMr. Ford said the pact will allow the company to plan its vehicle lineup without being at the mercy of a legal fight. “We have this heavy commitment to electrification,” he said in an interview. “This is where the rest of the world is taking us anyway. If you start to add it all up, a giant rollback wouldn’t have helped us at all.”\n\nThree other car companies—Volkswagen AG, BMW AG and Honda Motor Co.—followed with similar agreements with the state.\n\nIn October, GM, Fiat Chrysler Automobiles NV and Toyota sided with the Trump administration in challenging California’s authority. The companies said at the time they believed the federal government is best positioned to set a single national standard. Their decision drew praise from Mr. Trump.\n\n“This has put the auto industry in a quagmire,” said Brett Smith , a director at the Ann Arbor, Mich.-based Center for Automotive Research.\n\nUnsure which side will win, car companies still need to move ahead with planning new vehicles that are designed and engineered years in advance of hitting showrooms, Mr. Smith added.\n\nThe nation’s fuel-economy regulations, in place since 1975, have broad influence, including on a vehicle’s engine and the mix of models offered. The existing rules were agreed to in 2012 in collaboration with California, when gasoline prices were higher, and sought to cut U.S. tailpipe emissions in half for new cars by 2025.\n\nIn recent years, average fuel prices have stayed well below $3, and U.S. car buyers have chosen heavier, less fuel-efficient SUVs and trucks, which made the regulations tougher to hit. Executives lobbied for more flexibility.\n\nThe industry initially saw an ally in Mr. Trump. Days after his inauguration in January 2017, the chief executives of Ford, GM and Fiat Chrysler met with the president at a White House breakfast. They asked him to consider a review of the Obama-era rules, believing them outdated.\n\nPresident Trump met with auto executives at the White House in 2017. Photo: Pablo Martinez Monsivais/Associated Press\n\nFord’s then-CEO Mark Fields was outspoken on this point, arguing publicly that the regulations would hurt U.S. manufacturing jobs. Two months later, at a rally in Michigan, Mr. Trump agreed to re-evaluate the rules.\n\nBy spring 2018, auto executives were getting nervous. The White House signaled it wasn’t only looking to ease the regulations, but to break with California, which under the Clean Air Act can request waivers to impose stricter pollution controls than those of the federal government.\n\nMore than a dozen other states follow California’s rules—covering more than 40% of U.S. vehicle sales—leaving manufacturers concerned about differing regulations.\n\nAt the industry’s urging, Mr. Trump asked administration officials to negotiate with California. They were to meet with Mary Nichols , an environmental lawyer who was first appointed to the state’s powerful air-resources board in 1975. California’s waivers have long afforded its regulators vast influence over setting auto-market standards.\n\nTalks with California didn’t get far before the EPA issued its proposed rule in August 2018, confirming what many auto executives feared: Rather than merely relax the targets, the White House wanted to freeze the requirements altogether at 2020 levels, nixing the 5% annual improvements set under Mr. Obama. That would forgo about one-third of the greenhouse-gas reductions expected when the current rules were agreed to.\n\nAdministration officials said the proposal would boost sales and lower sticker prices, enticing more buyers. Mr. Trump has said the move was intended to help the U.S. auto industry.\n\nIn recent months, the Trump administration has shown a willingness to bend—the final rule is expected to include a 1.5% annual increase in the fuel-economy targets, rather than a wholesale freeze.\n\nCalifornia and environmental lobbies are still gearing up for a fight. Environmental groups ran an ad in several U.S. newspapers in January focused on GM, Toyota and other auto makers who sided with the Trump administration, saying the companies were “attacking crucial clean-car standards that are helping to address climate change.”\n\nEnvironmental leaders have praised Ford’s California deal, after having criticized the company previously for not opposing the proposed rollback. In May 2018, Public Citizen, a consumer-advocacy group, drove a Ford sedan with a faux black cloud protruding from its tailpipe to the company’s headquarters with a sign reading: “Don’t let Ford roll back clean air standards!”\n\nThe Road Forward\n\nCalifornia's targets are projected to be less ambitious than existing federal regulations but would be stronger than the Trump administration's expected rule.\n\nNew passenger fleet average fuel economy* Current rule Calif. deal† Expected rule 50 miles per gallon 40 30 HISTORICAL PROJECTION 20 2010 ’12 ’14 ’16 ’18 ’20 ’22 ’24 ’26 ’28 ’30\n\nFor the 62-year-old Mr. Ford, such criticism was bothersome, colleagues said. He considers himself an ardent environmentalist, spending much of his Ford career championing green causes, including the industry’s first hybrid-electric SUV and insisting on a sustainable roof, planted with greenery, on Ford’s largest factory.\n\nBy early 2019, he had dispatched a top lieutenant, Joe Hinrichs , to Washington to press the White House to negotiate with California. Mr. Hinrichs, president of Ford’s automotive operations, met more than a half-dozen times over several months with senior White House officials, including Vice President Mike Pence, said people with knowledge of the meetings.\n\nIn one, Mr. Hinrichs urged senior adviser Jared Kushner to reach out to California Gov. Gavin Newsom , whom Mr. Kushner had joined months earlier to survey wildfire damage, and ask about a compromise, the people said.\n\nWhite House officials felt they were getting nowhere with California, believing the state was slow-walking talks in hopes Mr. Trump would lose the election in 2020, according to current and former administration officials.\n\nCalifornia, meanwhile, felt the administration was insistent on revoking the state’s waiver and not interested in compromise, Ms. Nichols said. “The administration’s desire to get California completely out of the picture was always sort of hanging over our head,” she said.\n\nCalifornia Gov. Gavin Newsom spoke in September on emissions standards along with environmental officials, including Mary Nichols. Photo: Justin Sullivan/Getty Images\n\nAround this time, Ford staffers had been quietly talking with California regulators about a fallback plan that eventually evolved into a deal.\n\nAfter the failed call to Mr. Trump, Mr. Ford convened a meeting with Ford Chief Executive Jim Hackett , Mr. Hinrichs and other executives about dealing directly with California as a way to align the company’s U.S. emissions goals with stiffer rules overseas.\n\nFord executives discussed possible backlash from Mr. Trump, but Mr. Ford said customers might reward them for opting to meet more stringent environmental targets, said a person who attended the meeting.\n\nCompany executives thought the California agreement could be an olive branch, showing state officials were willing to meet Mr. Trump halfway, said Mr. Hinrichs in an interview. “We wanted to continue the dialogue, and encourage others to continue the dialogue,” he said.\n\nThe White House was no longer interested in talking.\n\nFord wasn’t an obvious candidate for pushing stiffer fuel-economy rules. The company’s truck-and-SUV-heavy lineup ranked third-to-last in fuel economy of 13 major auto makers, according to the most-recent EPA data. But the company has new hybrid and electric vehicles in development that will help improve fuel-efficiency, executives reasoned.\n\nHonda, already a leader in fuel economy, came to terms with California, encouraged by Ford’s move, people familiar with the matter said. Volkswagen, investing billions into electric cars, also signed on, seeing the proposed freeze as out of step with emissions regulations in its two biggest markets, China and Europe, said one company executive. By mid-July, California also had a commitment from BMW.\n\nOther car companies were approached, but GM was purposely left out. The group worried the company was meeting with the administration and would try to derail their effort, Ms. Nichols said.\n\nGeneral Motors CEO Mary Barra after a meeting with Mr. Trump in September. Photo: david shepardson/Reuters\n\nWhen the pact was publicly revealed July 25, the president was frustrated, telling advisers he felt betrayed by the companies, according to White House officials. Mr. Trump believed he had given them what they had asked for and couldn’t understand why they were siding with California. He later tweeted that company founder Henry Ford —Mr. Ford’s great-grandfather—would be “rolling over.”\n\nGM executives were irritated, too, having been excluded from discussions, according to people familiar with their thinking.\n\nA month after the California deal was revealed, Ms. Nichols said her team flew to Detroit and met on the 39th floor of GM’s headquarters with Chief Executive Mary Barra to discuss joining. After hearing the proposal, Ms. Barra believed the terms didn’t offer enough incentive for electric vehicles, a major focus for the company, people briefed on the meeting said.\n\nCalifornia officials tried to recruit other auto makers. The governor personally called a Toyota executive. The company felt the deal de-emphasized hybrid cars, its specialty, and wasn’t eager to provoke the administration, which has threatened import tariffs on foreign-built cars, according to a person briefed on the exchange.\n\nInside the White House, anger was festering. The administration wanted to prevent other auto makers from joining, and accelerated efforts to revoke California’s waiver.\n\nFord’s plant in Chicago where the Ford Explorer and Lincoln Aviator sport-utility vehicles are assembled. Photo: Jose M. Osorio/Chicago Tribune/Zuma Press\n\nIn September, the Justice Department dropped another bombshell: It had opened an antitrust investigation into whether Ford, Honda, Volkswagen and BMW had violated federal law in forging their pacts with California.\n\nThe probe blindsided Ford executives and some felt it was politically motivated, according to two people with knowledge of the reaction. A company spokeswoman said Ford is cooperating with the Justice Department.\n\nA White House spokesman referred questions to the Justice Department, which declined to comment on the accusations. At the time the probe became public, a person familiar with the investigation said the Justice Department’s antitrust division is acting on its own accord and without direction from or coordination with the White House.\n\nThe shock of a federal investigation had a chilling effect on the ongoing talks between the four auto makers and California, as well as the state’s efforts to recruit others.\n\nBMW, Volkswagen and Honda all said they planned to adhere to the California deal regardless of other companies joining, but declined to comment further.\n\nShare Your Thoughts Do you think auto-emissions standards should be eased? Join the discussion below.\n\nWhite House officials began calling car companies not aligned with California to muster support for the administration’s efforts to remove the state’s waiver, according to people at those companies and administration officials.\n\nGM was initially reluctant to take a stance, and other auto makers, including Toyota, didn’t want to intervene without GM, the U.S.’s largest auto maker by sales, making the first move. A weekend call in October from a senior White House adviser persuaded GM executives to publicly back the administration, the people said.\n\nThe following Monday, GM, Toyota, Fiat Chrysler and two other car companies said they sided with the Trump administration. More auto makers joined the group shortly after.\n\nFord executives said they would stick to their agreement with California, even if most competitors haven’t followed. “We believe we’re on the right side of this debate for the long term,” Mr. Hinrichs said.\n\nA November event revealing the Ford Mustang Mach-E electric SUV. Photo: Patrick T. Fallon/Bloomberg News\n\nWrite to Mike Colias at Mike.Colias@wsj.com, Ben Foldy at Ben.Foldy@wsj.com and Andrew Restuccia at Andrew.Restuccia@wsj.com",
    "published": "2020-02-03"
  },
  {
    "source": "WSJ",
    "title": "This Southern Town Was Growing So Fast, It Passed a Ban on Growth",
    "summary": "Residents, most of whom came from out of state, are fed up with crowded roads and schools and boil-water advisories",
    "link": "https://www.wsj.com/articles/this-southern-town-was-growing-so-fast-it-passed-a-ban-on-growth-11580738467?mod=Searchresults_pos14&page=12",
    "content": "LAKE WYLIE, S.C.—This lakefront suburb of Charlotte, N.C., is among the Sunbelt’s strongest magnets for young families.\n\nSince 2000, Lake Wylie has tripled in population to 12,000 on the strength of its good schools, low taxes and proximity to Charlotte’s jobs in the financial and technology sectors. But those schools are filling up, the water system frequently fails under increased demand and 20-mile commutes are stretching to 90 minutes.\n\nNow, the town that grew too fast wants to stop growth.\n\nIn December, the York County Council, which is led by Republicans, put a 16-month moratorium on commercial and residential rezoning requests and consideration of any new apartment complexes or subdivisions. It is the most comprehensive ban so far in a state where fast-growing cities are temporarily blocking everything from dollar stores to student housing, the Municipal Association of South Carolina said.\n\n“People say, ‘You’re a business owner. Why do you want to stop growth?’” said York County Councilmember Allison Love, a Republican who owns a jewelry store. “But we’ve passed the point of diminishing returns.”\n\nMs. Love collected thousands of signatures in support of a slowdown, some at community meetings she hosted during rush hour, thinking constituents would attend rather than be stuck in traffic.\n\nCouncilmember Allison Love at a community meeting with Lake Wylie residents.\n\nShe said Lake Wylie has been filling up with gas stations and look-alike subdivisions (“I call them ‘Whovilles’”) with no plan for what type of development is needed. There are seven car washes and six self-storage facilities along the town’s main artery, but few restaurants and doctors’ offices.\n\n“It’s like getting in the cafeteria line and you said, ‘OK, you got baked fish, spaghetti,’ so you take some, then you get down the line and say, ‘Oh, that fried chicken looks good,’ and then you get to the end and you don’t have room for the banana pudding,” Ms. Love said. “We don’t have room for the banana pudding.”\n\nBooming towns across the Sunbelt are struggling to unwind the unintended consequences of growth. After years of taking a hands-off approach, they now find themselves without the tax structures or long-term infrastructure plans needed to deal with the present and help shape their future.\n\nMore than 80% of Lake Wylie’s population was born in another state and 40% of its households have school-age children, according to the U.S. Census.\n\nThe local school district is seeking to pay for at least three new schools with a $15,000 impact fee applied to the cost of a newly built house. The Clover School District, which includes Lake Wylie, modeled its proposal on the neighboring Fort Mill School District, which saw a slowdown in construction after raising its fee two years ago to $18,000 from $2,500.\n\nAdvertisement\n\nThe Home Builders Association of South Carolina and a coalition of other builders are challenging the Fort Mill school fee in a lawsuit, saying it is so “excessive it shocks the conscience” and four times the national average of $4,700. The median list price for a home in Lake Wylie is $344,000, according to Realtor.com.\n\nPaddlers Cove in Lake Wylie.\n\nThe Lake Wylie Chamber of Commerce supports the measures as a “pause” for local government to catch up.\n\n“It’s all happened so quickly,” Chamber President Susan Bromfield said. “You want growth, but you want planned growth.”\n\nSara McCauley fears it is too little, too late. She said her family fled “a life on pavement” in a small rental house in San Jose, Calif., in 2011 for a five-bedroom house a stone’s throw from the lake. Since then, her husband’s commute time doubled, her child’s class size has grown to 26 from 20 and the water system has failed so frequently that she stockpiles gallons of store-bought water.\n\n“We are sick of the traffic and constant construction and water main breaks,” said Ms. McCauley, a 42-year-old mother of three. “Everything is just behind.”\n\nSara McCauley (back) puts a jacket on her daughter Annaliese McCauley before they head off to school.\n\nFor decades, Lake Wylie was a sleepy home to a summer camp and family fishing cabins in forested coves linked by gravel roads.\n\nOver the years, the city of Charlotte gradually sprawled into South Carolina, with houses sprouting up on both sides of Lake Wylie, which straddles the state line. The banking-based Charlotte economy stalled after the downturn but has since boomed, adding 50,000 jobs in the past five years.\n\nAt the same time, the towns on the South Carolina side also boomed, as the administration of former Gov. Nikki Haley used tax breaks to attract businesses from Charlotte and elsewhere to York County. They brought thousands of employees with them to communities like Lake Wylie, where the median household income is $87,750, about 70% higher than the state average of $51,015.\n\nAdvertisement\n\nIn the mid-2000s, legislators cut South Carolina’s residential property tax roughly in half, making the comparatively low cost-of-living even more appealing to millennial workers seeking first homes.\n\nKimber Weaver, 38, said her family moved from the North Carolina side of the lake in 2014, drawn by schools and property taxes that were half the rate she paid on the other side of the lake.\n\nHer husband, an attorney in uptown Charlotte, traded a 30-minute commute for one that takes 35-minutes, at least at first. They bought a 3,600 square-foot house in a neighborhood with a pool and many young families.\n\nA community center will be part of the Lake Wylie Recreation Park, which is being built in Paddlers Cove.\n\nMs. Weaver said she first noticed Lake Wylie’s growing pains a few years ago when neighbors warned her to get on the wait list for day care a year before her toddler needed it. She adjusted her schedule as a local hairdresser until she could secure a spot, then adjusted it again as her husband’s commute to uptown Charlotte on Interstate 77 stretched to more than an hour.\n\nMs. Weaver recently dropped her longtime pharmacy to avoid bumper-to-bumper traffic on one of Lake Wylie’s few arterial roads. She pulled her daughter out of gymnastics because it took 40 minutes to travel 3 miles home.\n\n“I was just like, ‘I can’t do this anymore,’ ” she said. “The growth affects what we do every day.”\n\nAdvertisement\n\nMany residents say they haven’t saved as much money as they expected by moving to Lake Wylie because a monthly water-and-sewer bill runs $115. The state median is $57 a month, according to an analysis by the Environmental Finance Center at the University of North Carolina at Chapel Hill. The rate would rise to $177 a month if state regulators approve a rate increase sought by Blue Granite Water Co., a private company that has a long-term contract to operate the water system.\n\nThe overtaxed system is a vestige of York County’s rural history, with a patchwork of providers buying from the central water system in the city of Rock Hill. Lake Wylie residents have also been under boil-water advisories a dozen times in the past two years. They were blocked for five months last summer from watering lawns, washing cars and filling pools, with patrols out at night looking for scofflaws.\n\nBlue Granite had a 40% increase in demand for water from 2014 to 2019, according to Catherine Heigel, who runs Blue Granite Water Co. as an executive with the Corix Group of Companies.\n\nAdvertisement\n\nMs. Heigel said the rate hike would cover increased costs from municipal suppliers and help pay for infrastructure investment, including a new pipeline carrying water from Charlotte.\n\n“It’s extremely rapid growth and it is growth that the county has not kept up with,” she said. “We’ve become the unfortunate scapegoat for some of this stuff.”\n\nCouncilmember Allison Love collected thousands of signatures in support of slowing Lake Wylie’s growth.\n\nYork County Planning Manager Diane Dil said one goal during the moratorium on growth is to figure out what goes where in the remaining undeveloped areas. Another goal is coming up with a roads plan to connect neighborhoods and towns to one another, rather than relying on state highways and Interstate 77. In the spring, the Lake Wylie Recreation Park will open, with soccer fields, walking trails and a community hall that the county sees as a de facto town center.\n\nIt isn’t clear whether a moratorium will have the intended effect. There are more than 3,000 homes and apartments approved for Lake Wylie that are in various stages of construction.\n\nRob Salvino, a pro-growth economist at Coastal Carolina University in Conway, S.C., said moratoria interfere with markets and are no substitute for planning.\n\nAdvertisement\n\n“Growth is happening in the Sunbelt,” he said. “It’s more a question of, ‘Are you going to admit that it’s coming and work to try to make it the best we can?’”\n\nMs. Dil said it is important that local leaders move quickly to relieve congestion, corral growth and recapture Lake Wylie’s small-town feel.\n\nMs. McCauley, who moved here from San Jose, is leaving later this month. Her husband took a job in Boston and will telecommute from the far suburbs of rural New Hampshire.\n\n“New Hampshire has that quiet feel that Lake Wylie used to have,” she said.\n\nSouth Carolina highway 49 one evening in January. Lake Wylie residents are unhappy with traffic congestion.\n\nWrite to Valerie Bauerlein at valerie.bauerlein@wsj.com",
    "published": "2020-02-03"
  },
  {
    "source": "WSJ",
    "title": "How Trump’s Tariff Threats Are Hustling Global Tax Reform",
    "summary": "Washington and Brussels have stepped back from the trans-Atlantic battle over corporate taxation, but will face tough decisions in the second half of 2020",
    "link": "https://www.wsj.com/articles/how-trumps-tariff-threats-are-hustling-global-tax-reform-11580726125?mod=Searchresults_pos16&page=8",
    "content": "Global tax reform has taken a small step forward—but only by delaying tough conversations. Another wave of political brinkmanship over the thorny question of how Silicon Valley’s technology giants are taxed is all too possible.\n\nOn Friday, the Organization for Economic Cooperation and Development announced a deal to move ahead with a single framework for reallocating corporate taxation rights—there were previously three rival proposals—and plans for a minimum tax. Officials from 137 nations now aim to agree on an approach by July and a solution by December.\n\nThe timing is very ambitious and there are still a number of “critical differences” to be worked out. President Trump’s threats of a trans-Atlantic trade war loom large. Politicians around the world will need to make difficult compromises if the project is to succeed.\n\nFailure to reach an agreement will end the truce agreed by the U.S. President and his French peer Emmanuel Macron in January. France will start charging big companies 3% on their digital revenues, and the U.S. is likely to follow through on its threat to hit French luxuries with a 100% tariff. A couple of dozen more countries are working on their own taxes on digital revenue and might end up hit with retaliatory U.S. tariffs too.\n\nThat would be a grand mess for global companies. They wouldn’t get the tax certainty they crave, could pay some double tax on earnings and may even bear some of the cost of tariffs.\n\nThe political tussle started because many countries, particularly in Europe, lost patience with what they see as multinational companies shifting international profits to avoid tax. Technology companies are a particular focus because they can provide services and earn revenue in countries where they have few physical assets. The likes of Apple, Alphabet and Facebook have booked a tax rate of less than 10% on their overseas profits.\n\nA U.S. proposal reinvigorated long-stalled negotiations and formed the basis for the latest OECD draft framework. The talks are contentious as changes to the status quo will likely move tax revenue between countries and increase companies’ costs. But politicians and executives alike would prefer a global compromise to a patchwork of new digital levies and a trade war.\n\nThe project almost stalled again in December when, after public consultations, the U.S. sought to add a so-called safe harbor clause to the new rules. This would allow U.S. companies to choose between the new or old tax regimes should Washington have trouble passing new tax legislation—a precaution likely to undermine the reform.\n\nFrench President Emmanuel Macron has reached a truce with President Trump over plans for a digital tax on tech giants. Photo: brendan smialowski/Agence France-Presse/Getty Images\n\nIn a bid to keep negotiations alive, the OECD has put the safe harbor request to one side as an implementation issue. It is a fudge, but it just might work. Safe harbor remains a threat that Washington can use as a bargaining chip in negotiations. Parking it frees up negotiators to work on the more technical issues of the new tax framework. Other contentious issues that arise might be parked alongside it.\n\nThe compromises required on these issues will need to be made by top politicians from a number of nations. The threat of a trans-Atlantic trade war helped clear some roadblocks in last week’s talks and is keeping the pressure high, but finding an agreement will still require tough decisions. The second half of 2020, just as the U.S. political cycle reaches fever pitch, could well bring more tax drama.\n\nWrite to Rochelle Toplensky at rochelle.toplensky@wsj.com",
    "published": "2020-02-03"
  },
  {
    "source": "WSJ",
    "title": "New Trump Rule Will Allow Tariffs Against Currency Manipulation",
    "summary": "The Trump administration will allow companies to pursue tariffs against foreign competitors that have benefited from an artificially weakened currency",
    "link": "https://www.wsj.com/articles/new-rule-lets-u-s-companies-fight-currency-manipulation-11580831245?mod=Searchresults_pos2&page=5",
    "content": "A Chinese bank employee counting 100-yuan notes and U.S. dollar bills at a bank counter in Nantong in China's eastern Jiangsu province.\n\nWASHINGTON—The Trump administration says it will allow companies to pursue tariffs against foreign competitors if they can show those rivals have benefited from currency manipulation in their countries.\n\nUnder a new regulation published in the Federal Register on Tuesday, undervalued currencies would be treated as a subsidy that improperly benefits foreign businesses. That will enable U.S. companies to file a complaint seeking a type of remedy known as a countervailing duty. Companies will be able to pursue such tariffs as soon as April 6.\n\n“This Currency Rule is an important step in ensuring that unfair trade practices are properly remedied,” Commerce Secretary Wilbur Ross said in a statement.\n\nThe new rule from the Commerce Department would give the administration another tool to pressure foreign practices that it believes qualify as currency manipulation, giving companies a tool for redress. However, seeking countervailing duties can be a slow and arduous process, further complicated by the complexities of measuring whether a given currency is “undervalued.”\n\nThe new measure is not expected to lead to a flood of new tariffs. The Commerce Department said in its proposal in May that it expected only a few additional countervailing-duty cases to be filed each year under the new rule. Officials estimate that additional duties assessed from the new cases would amount to between $4 million and $21 million a year.\n\nThe new tariff strategy was first conceived early in the Trump administration but not formally proposed until May 2019 as part of the administration’s efforts to clamp down on foreign countries that manipulate their currencies downward.\n\nThe U.S. administration has railed against countries with artificially lowered exchange rates, since exporters in such countries gain a price advantage over American companies in their exports.\n\nSome U.S. companies have long raised concerns that foreign competitors benefited from depressed currencies.\n\nThe American automobile industry in the 1980s complained that Japan’s automakers were benefiting from a weak yen. More recently, some American companies have said that China had artificially weakened its currency to boost its manufacturing sector at the expense of American competitors.\n\nLast year, the Trump administration took the step of formally labeling China a “‘currency manipulator,” although it dropped the designation after the two countries signed a phase one trade deal last month.\n\n“There is no precise way to measure currency undervaluation,” said Mark Sobel , a former U.S. Treasury official who worked on currency valuations and has criticized the rule.\n\nAside from the China designation during last year’s trade war, the Treasury Department has not formally labeled any country a currency manipulator since the early 1990s.\n\nUnder the new process, companies will be able to file a complaint that would be evaluated by the Commerce Department and the U.S. International Trade Commission, an independent agency which evaluates damage from unfair trade practices. If successful, tariffs would be imposed against the competitor. Currently, such countervailing-duty cases apply to a small slice of U.S. trade.\n\nBefore the new rule, companies couldn’t claim currency manipulation as an unfair benefit to their competitors. A finding of currency manipulation by the Treasury is not required for a company’s complaint to be successful.\n\nWrite to Josh Zumbrun at Josh.Zumbrun@wsj.com",
    "published": "2020-02-03"
  },
  {
    "source": "WSJ",
    "title": "China Is the Real Sick Man of Asia",
    "summary": "Its financial markets may be even more dangerous than its wildlife markets.",
    "link": "https://www.wsj.com/articles/china-is-the-real-sick-man-of-asia-11580773677?mod=Searchresults_pos4&page=10",
    "content": "The mighty Chinese juggernaut has been humbled this week, apparently by a species-hopping bat virus. While Chinese authorities struggle to control the epidemic and restart their economy, a world that has grown accustomed to contemplating China’s inexorable rise was reminded that nothing, not even Beijing’s power, can be taken for granted.\n\nWe do not know how dangerous the new coronavirus will be. There are signs that Chinese authorities are still trying to conceal the true scale of the problem, but at this point the virus appears to be more contagious but considerably less deadly than the pathogens behind diseases such as Ebola or SARS—though some experts say SARS and coronavirus are about equally contagious.\n\nChina’s initial response to the crisis was less than impressive. The Wuhan government was secretive and self-serving; national authorities responded vigorously but, it currently appears, ineffectively. China’s cities and factories are shutting down; the virus continues to spread. We can hope that authorities succeed in containing the epidemic and treating its victims, but the performance to date has shaken confidence in the Chinese Communist Party at home and abroad. Complaints in Beijing about the U.S. refusing entry to noncitizens who recently spent time in China cannot hide the reality that the decisions that allowed the epidemic to spread as far and as fast as it did were all made in Wuhan and Beijing.\n\nThe likeliest economic consequence of the coronavirus epidemic, forecasters expect, will be a short and sharp fall in Chinese economic growth rates during the first quarter, recovering as the disease fades. The most important longer-term outcome would appear to be a strengthening of a trend for global companies to “de-Sinicize” their supply chains. Add the continuing public health worries to the threat of new trade wars, and supply-chain diversification begins to look prudent.\n\nEvents like the coronavirus epidemic, and its predecessors—such as SARS, Ebola and MERS—test our systems and force us to think about the unthinkable. If there were a disease as deadly as Ebola and as fast-spreading as coronavirus, how should the U.S. respond? What national and international systems need to be in place to minimize the chance of catastrophe on this scale?\n\nEpidemics also lead us to think about geopolitical and economic hypotheticals. We have seen financial markets shudder and commodity prices fall in the face of what hopefully will be a short-lived disturbance in China’s economic growth. What would happen if—perhaps in response to an epidemic, but more likely following a massive financial collapse—China’s economy were to suffer a long period of even slower growth? What would be the impact of such developments on China’s political stability, on its attitude toward the rest of the world, and to the global balance of power?\n\nChina’s financial markets are probably more dangerous in the long run than China’s wildlife markets. Given the accumulated costs of decades of state-driven lending, massive malfeasance by local officials in cahoots with local banks, a towering property bubble, and vast industrial overcapacity, China is as ripe as a country can be for a massive economic correction. Even a small initial shock could lead to a massive bonfire of the vanities as all the false values, inflated expectations and misallocated assets implode. If that comes, it is far from clear that China’s regulators and decision makers have the technical skills or the political authority to minimize the damage—especially since that would involve enormous losses to the wealth of the politically connected.\n\nWe cannot know when or even if a catastrophe of this scale will take place, but students of geopolitics and international affairs—not to mention business leaders and investors—need to bear in mind that China’s power, impressive as it is, remains brittle. A deadlier virus or a financial-market contagion could transform China’s economic and political outlook at any time.\n\nMany now fear the coronavirus will become a global pandemic. The consequences of a Chinese economic meltdown would travel with the same sweeping inexorability. Commodity prices around the world would slump, supply chains would break down, and few financial institutions anywhere could escape the knock-on consequences. Recovery in China and elsewhere could be slow, and the social and political effects could be dramatic.\n\nIf Beijing’s geopolitical footprint shrank as a result, the global consequences might also be surprising. Some would expect a return of unipolarity if the only possible great-power rival to the U.S. were to withdraw from the game. Yet in the world of American politics, isolation rather than engagement might surge to the fore. If the China challenge fades, many Americans are likely to assume that the U.S. can safely reduce its global commitments.\n\nSo far, the 21st century has been an age of black swans. From 9/11 to President Trump’s election and Brexit, low-probability, high-impact events have reshaped the world order. That age isn’t over, and of the black swans still to arrive, the coronavirus epidemic is unlikely to be the last to materialize in China.\n\nWonder Land: The coronavirus is a metaphor for two political ideas that are incompatible with the realities of the modern world: China’s Communist Party and isolationism. Image: Noel Celis/AFP via Getty Images",
    "published": "2020-02-03"
  },
  {
    "source": "WSJ",
    "title": "Bulk Carrier American Commercial Lines to File for Bankruptcy",
    "summary": "Bulk shipping company, struggling with industry-wide shipping downturn, strikes deal with lenders to trim debt by $1 billion",
    "link": "https://www.wsj.com/articles/bulk-carrier-american-commercial-lines-to-file-for-bankruptcy-11580830353?mod=Searchresults_pos3&page=5",
    "content": "Bulk carrier American Commercial Lines Inc. said Tuesday it plans to file for bankruptcy with a deal supported by lenders that would cut about $1 billion of debt from the company’s books.\n\nThe private equity-owned company, which also goes by American Commercial Barge Line, focuses on transporting bulk cargo on U.S. waterways.\n\nACL, which plans to file a “prepackaged” bankruptcy after striking the deal with lenders, blamed its failure on “challenging market conditions, the weather and the closure of key areas of the river system for extended periods of time.” Prepackaged bankruptcies, in which creditors already have voted to approve a reorganization plan, have become increasingly popular with companies looking to reduce time spent in the costly chapter 11 process.\n\nThe Trump administration’s trade war with China, coupled with a recent manufacturing recession, has damaged bulk shipping rates. Flooding along the Mississippi River last year also disrupted the company’s business.\n\nBased in Jeffersonville, Ind., the 105-year-old ACL’s main business runs a fleet of about 3,500 barges, mostly along the Mississippi River, specializing in transporting bulk materials. It also has shipbuilding and repair services.\n\nAmerican Commercial Lines plans to file in the U.S. Bankruptcy Court in Houston in the coming days. The company’s lenders have agreed to provide bankruptcy financing consisting of a $640 million asset-based loan and a $50 million term loan.\n\nMilbank LLP is serving as the company’s legal counsel, Greenhill & Co. is serving as its financial adviser, and Alvarez & Marsal North America LLC is its restructuring adviser.\n\nThe Wall Street Journal reported on Jan. 16 that the company had hired Greenhill to advise on a near-term restructuring, while a group of lenders are working with Evercore Inc.\n\nPlatinum Equity LLC, American Commercial Lines’ owner, bought the company in 2010 for about $770 million.\n\nWrite to Alexander Gladstone at alexander.gladstone@wsj.com",
    "published": "2020-02-03"
  }
]