[
  {
    "source": "WSJ",
    "title": "Trump’s Coronavirus Travel Ban Deepens Tensions With European Allies",
    "summary": "EU capitals complain about lack of notice and coordination in dealing with a global health problem",
    "link": "https://www.wsj.com/articles/trumps-coronavirus-travel-ban-deepens-tensions-with-european-allies-11584052343?mod=Searchresults_pos13&page=7",
    "content": "President Donald Trump talked to journalists while hosting Ireland’s leader at the White House in Washington, D.C., on Thursday.\n\nPresident Trump’s announced travel ban on Europe, beyond surprising European capitals, deepens tensions among trans-Atlantic allies whose ties already are strained over trade, security, climate change and what Europeans say is the U.S. failure to consult them.\n\nEuropean governments complained that the announcement, made early Thursday Europe time, came without notice and coordination on what is a global health problem. Moreover, the U.S. ban, European Union leaders said, directly affects European citizens, barring many of them from travel to the U.S., and disregards the EU’s “strong action” to contain the new coronavirus.\n\nMr. Trump defended the ban and the timing, saying the situation demanded fast action so not all European leaders could be notified.\n\n“We had to make a decision and I didn’t want to take time, and, you know, it takes a lot of time to make the individual calls, and we are calling, and we have spoken to some of them prior to.…But we had to move quickly,” Mr. Trump told reporters in the Oval Office as he met with the prime minister of Ireland, whose citizens aren’t affected by the ban.\n\nThe ban—which covers most non-U.S. citizens who have traveled through 26 European countries—comes on top of other U.S. decisions made unilaterally under Mr. Trump that have dismayed European leaders.\n\nIn a nationwide address from the Oval Office, President Trump announced a 30-day travel ban from Europe and said he would seek $50 billion in funding to increase low-cost loans to small businesses affected by the coronavirus outbreak. Photo: Associated Press\n\nSome decisions, including the U.S. withdrawal from the Paris climate accord and the multinational Iran nuclear deal, followed pledges Mr. Trump made during his 2016 run for president.\n\nOther decisions, such as his placing of tariffs on European steel and aluminum, which Mr. Trump justified on national-security grounds, stunned EU leaders, who note that Europe contributes to U.S. security by participating in the North Atlantic Treaty Organization and other alliances.\n\nMr. Trump has jangled European nerves by criticizing those contributions as insufficient and by threatening to impose tariffs on European cars, also on national-security grounds.\n\n“There’s considerable friction between Europe and the United States on many fronts,” said Julianne Smith, who served as deputy national security adviser to former Vice President Joe Biden, the Democratic front-runner in the race to face Mr. Trump in the November election.\n\n“One of the things that’s irritating the Europeans the most, though, is the administration’s failure to consult with our European allies on a number of issues,” said Ms. Smith, a geopolitics expert at the German Marshall Fund.\n\nEU leaders and officials said imposing the travel ban without consultation is particularly counterproductive because governments need to work together to stem the spread of the new coronavirus.\n\nMr. Trump’s decision rankled further because he said the EU failed to restrict travel from China and contain the virus, which, he said, then seeded outbreaks in the U.S.\n\nThe EU wouldn’t comment on Mr. Trump’s comments.\n\nIn a news conference Wednesday, the director-general of the World Health Organization encouraged countries to “change the course of this pandemic.” Photo: Ted S. Warren/Associated Press\n\nIn a national address Thursday, French President Emmanuel Macron drew a contrast with Mr. Trump’s announcement about the travel ban, emphasizing that the coronavirus pandemic is a challenge in need of a global solution. He said any decision to close national borders would only happen when necessary and be coordinated with other European countries.\n\n“This virus doesn’t have a passport,” Mr. Macron said, adding that he planned to speak to Mr. Trump on Friday. “Being divided won’t allow us to respond to what’s a global crisis.”\n\nGerman Foreign Minister Heiko Maas said in a statement: “I believe we are dealing with a global issue and a global challenge. We don’t do it justice, including in the U.S., by taking decisions that are garnished with blame.”\n\nThe coronavirus crisis “requires cooperation rather than unilateral action,“ European Commission President Ursula von der Leyen and European Council President Charles Michel said in a statement. “The European Union disapproves of the fact that the U.S. decision to impose a travel ban was taken unilaterally and without consultation.”\n\nA spokesman for the European Commission, the EU’s executive, said officials were still seeking to understand the scope and consequences of the U.S. decision. Eric Mamer, the chief spokesman said there were no immediate plans for any retaliatory steps but didn’t rule that out.\n\nMr. Trump repeatedly has accused the EU and European countries of taking advantage of the U.S. on defense and trade. He has urged them to increase defense spending and demanded a reduction in the U.S. trade deficit with the EU in goods.European nations have pledged significant defense spending increases. On trade, the two sides recently hoped to reach agreement later this month to avert fresh U.S. tariffs on EU products, though that target date now looks doubtful.\n\nThat target date, however, now looks doubtful, EU officials said. EU Trade commissioner Phil Hogan canceled a planned trip to Canada and the U.S. in coming days due to concerns about coronavirus.\n\nCorrections & Amplifications\n\nThe European Union disapproves of the fact that the U.S. decision to impose a travel ban was taken unilaterally and without consultation An earlier version of this article incorrectly used the word “improved” rather than “imposed.” (March 13, 2020)\n\nAlexa Corse, Andrew Restuccia and Ruth Bender contributed to this article.\n\nGlobal Spread Locations ordered by total reported infections New daily confirmed cases, 2021 Created with Highcharts 8.0.0 0 25k 50k 75… 75k+ Jan. Feb. March April May June United States India France Germany Brazil Japan South Korea Italy United Kingdom Russia Turkey Australia Spain Vietnam Argentina Taiwan Netherlands Iran Mexico Indonesia Poland Colombia Austria Ukraine Portugal Greece Chile Malaysia Israel Belgium Thailand Czech Republic Canada Peru Switzerland Philippines South Africa Denmark Romania Hong Kong Sweden Slovakia Serbia Iraq Singapore New Zealand Hungary Bangladesh Mainland China Georgia Jordan Ireland Pakistan Kazakhstan Norway Finland Slovenia Lithuania Bulgaria Morocco Croatia Guatemala Lebanon Costa Rica Bolivia Tunisia Cuba Ecuador U.A.E. Uruguay Panama Mongolia Nepal Belarus Latvia Saudi Arabia Azerbaijan Paraguay Bahrain West Bank & Gaza Sri Lanka Kuwait Dominican Republic Cyprus Myanmar Estonia Moldova Venezuela Egypt Libya Ethiopia Qatar Honduras Armenia Bosnia & Herzegovina Oman North Macedonia Zambia Kenya Albania Botswana Luxembourg Mauritius Montenegro Brunei Kosovo Algeria Nigeria Zimbabwe Uzbekistan Mozambique Laos Afghanistan Iceland Kyrgyzstan El Salvador Trinidad & Tobago Maldives Ghana Namibia Uganda Jamaica Cambodia Rwanda Cameroon Malta Barbados Angola Congo Senegal Malawi Ivory Coast Suriname Eswatini Guyana Belize Fiji Madagascar Sudan Mauritania Cabo Verde Bhutan Syria Burundi Seychelles Gabon Andorra Papua New Guinea Tanzania Togo Guinea Bahamas Lesotho Haiti Mali Saint Lucia Benin Somalia Congo Republic Solomon Islands Micronesia San Marino Timor-Leste Burkina Faso Liechtenstein Grenada South Sudan Tajikistan Equatorial Guinea Tonga Samoa Monaco Dominica Djibouti Nicaragua Marshall Islands C.A.R. Gambia Vanuatu Yemen Eritrea St. Vincent & the Grenadines Niger Antigua & Barbuda Comoros Guinea-Bissau Liberia Sierra Leone Chad Saint Kitts & Nevis Sao Tome & Principe Palau Nauru Kiribati Macau Tuvalu Summer Olympics 2020 Winter Olympics 2022 Vatican City Antarctica MS Zaandam Korea, North See More Sources: Johns Hopkins Center for Systems Science and Engineering, the Lancet, Associated Press\n\nWSJ Newsletter Get an early-morning coronavirus briefing each weekday, plus a health-news update Fridays: Sign up here.\n\nWrite to Laurence Norman at laurence.norman@wsj.com",
    "published": "2020-03-12"
  },
  {
    "source": "WSJ",
    "title": "Spectra Premium Industries Files for Bankruptcy in Canada and U.S.",
    "summary": "Auto parts supplier said U.S. tariffs imposed on Chinese products are a major reason for its struggles",
    "link": "https://www.wsj.com/articles/spectra-premium-industries-files-for-bankruptcy-in-canada-and-u-s-11584033744?mod=Searchresults_pos19&page=3",
    "content": "A Spectra Premium employee in Quebec showed former Canadian Prime Minister Stephen Harper, right, how to put the finishing touches on a radiator core during a campaign stop in 2015. Photo: christinne muschi/Reuters\n\nAuto parts supplier Spectra Premium Industries Inc. filed for bankruptcy protection in its native Canada and in the U.S., partly blaming the impact of tariffs imposed on Chinese products by the U.S.\n\nOfficials who put the privately held Quebec-based business and three affiliates into chapter 15 protection in U.S. Bankruptcy Court in Wilmington, Del., on Wednesday said the move will give it the flexibility to restructure its business and deal with unpaid vendors. Earlier this week it began Canada’s equivalent of chapter 11 proceedings.",
    "published": "2020-03-12"
  },
  {
    "source": "WSJ",
    "title": "Bernie’s Offer Sheet",
    "summary": "The defeated candidate dictates his terms of support to Biden.",
    "link": "https://www.wsj.com/articles/bernies-offer-sheetbernies-offer-sheet-11584052896?mod=Searchresults_pos8&page=11",
    "content": "After multiple primary defeats, Bernie Sanders seems to know he can’t win the Democratic nomination, but he isn’t going away. In a speech Wednesday, Mr. Sanders claimed he “has won the ideological debate” but is “losing the debate over electability.” Then he listed questions he intends to ask Joe Biden in their televised debate Sunday, including:\n\n“Joe, what are you going to do to end the absurdity of the United States of America being the only major country on earth where health care is not a human right? Are you really going to veto a Medicare for All bill, if it is passed in Congress?”\n\n“Joe, at a time when most young people need a higher education to make it into the middle class, what are you going to do to make sure that all of our people can go to college or trade school, regardless of their income?”\n\n“Joe, importantly, what are you going to do to end the absurdity of billionaires buying elections and the three wealthiest people in America owning more wealth than the bottom half of our people?”\n\nAt least he gave Joe a couple of days to practice answers. On the first, Mr. Biden could read from articles on Britain’s National Health Service. How about this from April: “Tens of thousands of elderly people are left struggling to see because of an NHS cost-cutting drive that relies on them dying before they can qualify for cataract surgery, senior doctors say.”\n\nOn college, Mr. Biden could say that economic mobility doesn’t require taxpayers to fund 100% of every degree for majors in bagpipe performance, “puppet arts” or Canadian Studies. As for billionaires buying elections, does Mike Bloomberg get a $550 million refund?\n\nThe question is whether Mr. Biden has the brass to push back, which he hasn’t shown so far. For decades in the Senate he opposed taxpayer funding of abortions. Then last summer, after progressive furor, he flip-flopped in a matter of days. Last year his advisers said he’d pitch his climate agenda to the “middle ground.” Then he unveiled his version of the Green New Deal to spend $1.7 trillion, slap carbon tariffs on imported goods, and build an “end-to-end high speed rail system that will connect the coasts.”\n\nMr. Biden should now be trying to win voters in the middle. Mr. Sanders is set on preventing that, which could hurt Democrats in November. It’s strange: Bernie is losing because of his extreme positions, so he wants to use his leverage to make Joe Biden . . . stay open-minded about abolishing private health insurance?\n\nThe implicit threat is that if Bernie’s bros stay home on Election Day, Mr. Biden might end up like Hillary Clinton . Yet if Mr. Biden looks like he’d be buffeted by the social-justice left as President, he could bleed moderate voters. His best move now is to signal the opposite. Would he really veto Medicare for All? Mr. Biden’s strongest answer Sunday is simple: “On behalf of 150 million Americans, you bet I would.”\n\nWonder Land: Everyone is looking for safe havens. For Democrats, that means Joe Biden. Image: Bastiaan Slabbers/NurPhoto via Zuma Press",
    "published": "2020-03-12"
  },
  {
    "source": "WSJ",
    "title": "Bernie’s Offer Sheet",
    "summary": "The defeated candidate dictates his terms of support to Biden.",
    "link": "https://www.wsj.com/articles/bernies-offer-sheetbernies-offer-sheet-11584052896?mod=Searchresults_pos9&page=11",
    "content": "After multiple primary defeats, Bernie Sanders seems to know he can’t win the Democratic nomination, but he isn’t going away. In a speech Wednesday, Mr. Sanders claimed he “has won the ideological debate” but is “losing the debate over electability.” Then he listed questions he intends to ask Joe Biden in their televised debate Sunday, including:\n\n“Joe, what are you going to do to end the absurdity of the United States of America being the only major country on earth where health care is not a human right? Are you really going to veto a Medicare for All bill, if it is passed in Congress?”\n\n“Joe, at a time when most young people need a higher education to make it into the middle class, what are you going to do to make sure that all of our people can go to college or trade school, regardless of their income?”\n\n“Joe, importantly, what are you going to do to end the absurdity of billionaires buying elections and the three wealthiest people in America owning more wealth than the bottom half of our people?”\n\nAt least he gave Joe a couple of days to practice answers. On the first, Mr. Biden could read from articles on Britain’s National Health Service. How about this from April: “Tens of thousands of elderly people are left struggling to see because of an NHS cost-cutting drive that relies on them dying before they can qualify for cataract surgery, senior doctors say.”\n\nOn college, Mr. Biden could say that economic mobility doesn’t require taxpayers to fund 100% of every degree for majors in bagpipe performance, “puppet arts” or Canadian Studies. As for billionaires buying elections, does Mike Bloomberg get a $550 million refund?\n\nThe question is whether Mr. Biden has the brass to push back, which he hasn’t shown so far. For decades in the Senate he opposed taxpayer funding of abortions. Then last summer, after progressive furor, he flip-flopped in a matter of days. Last year his advisers said he’d pitch his climate agenda to the “middle ground.” Then he unveiled his version of the Green New Deal to spend $1.7 trillion, slap carbon tariffs on imported goods, and build an “end-to-end high speed rail system that will connect the coasts.”\n\nMr. Biden should now be trying to win voters in the middle. Mr. Sanders is set on preventing that, which could hurt Democrats in November. It’s strange: Bernie is losing because of his extreme positions, so he wants to use his leverage to make Joe Biden . . . stay open-minded about abolishing private health insurance?\n\nThe implicit threat is that if Bernie’s bros stay home on Election Day, Mr. Biden might end up like Hillary Clinton . Yet if Mr. Biden looks like he’d be buffeted by the social-justice left as President, he could bleed moderate voters. His best move now is to signal the opposite. Would he really veto Medicare for All? Mr. Biden’s strongest answer Sunday is simple: “On behalf of 150 million Americans, you bet I would.”\n\nWonder Land: Everyone is looking for safe havens. For Democrats, that means Joe Biden. Image: Bastiaan Slabbers/NurPhoto via Zuma Press",
    "published": "2020-03-12"
  },
  {
    "source": "WSJ",
    "title": "The Daily Shot: Capitulation in the Credit Markets",
    "summary": "To receive the Daily Shot newsletter in your inbox, please sign up at our Email Center. Previous issues of the Daily Shot are available online at DailyShotWSJ.com.",
    "link": "https://www.wsj.com/articles/the-daily-shot-capitulation-in-the-credit-markets-01584004945?mod=Searchresults_pos11&page=17",
    "content": "To receive the Daily Shot newsletter in your inbox, please sign up at our Email Center. Previous issues of the Daily Shot are available online at DailyShotWSJ.com.\n\nHave questions, feedback or comments? Contact author Lev.Borodovsky@DowJones.com.\n\nTwitter: @SoberLook\n\n\n\n\n\nThe Daily Shot: 12-Mar-20\n\n• Credit\n\n• Equities\n\n• Rates\n\n• Commodities\n\n• Emerging Markets\n\n• China\n\n• Asia - Pacific\n\n• Europe\n\n• The United Kingdom\n\n• Canada\n\n• The United States\n\n• Global Developments\n\n• Food for Thought\n\n\n\n\n\nCredit\n\n1. We are finally seeing some capitulation in credit.\n\n• Investment-grade CDX spread:\n\n• High-yield CDX spread (approaching 600 bps):\n\n• High-yield energy sector bond spreads:\n\nBy the way, here is the maturity wall in oil & gas.\n\nSource: @WSJ; Read full article\n\n• Boeing bond spread:\n\nSource: @bopinion; Read full article\n\n• The largest investment-grade corporate bond ETF:\n\n• Leveraged loans:\n\n• High-yield fund flows:\n\nSource: @markets; Read full article\n\n--------------------\n\n2. As we mentioned a few days ago (#5 here), the muni market looked frothy. High-yield muni bonds seemed particularly vulnerable. Well, the market finally cracked.\n\nMany states and municipalities will feel the pressure from both the revenue and the cost perspective (as they ramp up efforts to contain the epidemic). Below is an email from a Daily Shot subscriber.\n\nI have seen no news coverage of the imminent reduction in government revenues that the coronavirus displacement will cause. As the owner of a hospitality company, we are a canary in the coal mine (to wit, a major local competitor is entering bankruptcy already), and it seems certain to me that there will be a meaningful reduction in sales tax revenue, payroll taxes, etc. The decline in economic activity will be felt by local state and federal governments everywhere in the US, just as calls for more fiscal stimulus grow louder. Seems like a part of the conversation that's been missing?\n\nSincerely,\n\nSteve Slayton\n\nHere is the ratio of AAA muni yields to the 10yr Treasury.\n\nSource: @markets; Read full article\n\n--------------------\n\n3. CLOs have recently outperformed corporate investment-grade credit on a spread basis (at the top of the capital structure).\n\nSource: Morgan Stanley Research\n\nCLO AAA-spread widening has not been nearly enough to compensate for the drop of the floating rate component of AAA returns, according to Morgan Stanley.\n\nSource: Morgan Stanley Research\n\n--------------------\n\n3. Bank liquidity coverage ratios (LCRs), which require dealers to stockpile 30 days of funding to cover stressed liquidity outflows, have declined.\n\nSource: Pavilion Global Markets\n\n\n\n\n\n\n\nEquities\n\n1. The Dow entered bear-market territory.\n\nSource: @WSJ; Read full article\n\nAnd the market is lower again in early trading after the White House introduced travel restrictions.\n\nSource: @WSJ; Read full article\n\n--------------------\n\n2. Wednesday was a rough day for both stocks and bonds.\n\nSource: @markets; Read full article\n\n3. Here's the current sell-off (as of the 9th) mapped against other recent sell-offs.\n\nSource: Hugo Ste-Marie, Portfolio & Quantitative Strategy Global Equity Research, Scotia Capital\n\n4. The share of S&P 500 stocks trading above their 200-day moving average dipped below 15%.\n\n5. The recent underperformance of small-cap shares has been severe.\n\n6. How do stocks perform in the years immediately following a recession?\n\nSource: SunTrust Private Wealth Management, Statista\n\n\n\n\n\n\n\nRates\n\nDollar-hedged JGBs look attractive relative to Treasuries. It's a tailwind for the yen.\n\nSource: @WSJ; Read full article\n\n\n\n\n\n\n\nCommodities\n\n1. Crude oil is sharply lower on Thursday as the US imposes travel restrictions.\n\n2. Copper is under pressure again.\n\n3. US soybean futures are tumbling as the Brazilian real hits a new low (see the EM section).\n\n\n\n\n\n\n\nEmerging Markets\n\n1. Latin American currencies are plunging.\n\n• The Mexican peso:\n\n• The Colombian peso:\n\n• The Brazilian real (headed toward 5 to the dollar):\n\n• Bloomberg's LatAm currency index:\n\n--------------------\n\n2. The Indian rupee is approaching record lows.\n\n3. EM sovereign credit default swap spreads continue to widen.\n\n• Russia:\n\n• South Africa:\n\n--------------------\n\n4. Next, let's run through some recent economic data updates.\n\n• Brazil's industrial production (better than expected):\n\n• South Africa's business confidence:\n\n• The unemployment rate in Turkey:\n\n• Egypt's consumer inflation:\n\n• Ukrainian inflation:\n\n• Thailand's international arrivals:\n\nSource: Oxford Economics\n\n\n\n\n\n\n\nChina\n\n1. Last month's credit growth was weaker than expected. However, on a year-to-date basis, credit expansion is following last year's path.\n\nThe M2 (broad) money supply growth improved.\n\n--------------------\n\n2. Here is the 3-month interest rate implied by the F/X forward market.\n\n3. Lower-rated corporate bonds have performed remarkably well.\n\nSource: @markets; Read full article\n\nDefaults are picking up.\n\nSource: @markets; Read full article\n\n--------------------\n\n4. Pig shortages persist.\n\nSource: @WSJ; Read full article\n\n5. Is China on track to see its first day of zero new infections?\n\nSource: ANZ Research\n\n6. Coal consumption is recovering.\n\nSource: ANZ Research\n\n7. Hong Kong's small and medium-size business sentiment has collapsed.\n\nSource: @business; Read full article\n\n\n\n\n\n\n\nAsia - Pacific\n\n1. Asian currencies are following the path taken during the SARS epidemic.\n\nSource: Fitch Solutions Macro Research\n\n2. Australia's stock market selloff has wiped out three years of gains.\n\n3. New Zealand's home sales have been improving.\n\n4. Next, we have a couple of updates on Japan.\n\n• The stock market:\n\n• Business conditions:\n\n\n\n\n\n\n\nEurope\n\n1. Credit Suisse is projecting a deep downturn in euro-area GDP growth. The economy is expected to be under the \"stall speed\" - the pace of growth below which unemployment is likely to rise.\n\nSource: Credit Suisse\n\n2. Losses in services are expected to be substantial.\n\nSource: Commerzbank Research\n\n3. Here is the supply of hospital beds in Europe.\n\nSource: @business; Read full article\n\n\n\n\n\n\n\nThe United Kingdom\n\n1. Despite the recent improvements in sentiment, hard data trends remain poor.\n\n• Services:\n\n• Industrial production:\n\n--------------------\n\n2. Trade has been in surplus.\n\nHere is a comment from Pantheon Macroeconomics.\n\nJanuary's large trade surplus primarily reflects a surge in exports of erratics-including non-monetary gold-which says nothing about the underlying state of the economy. The trade deficit excluding erratics, however, has declined sharply in recent months and was a mere £0.7B in January, much smaller than its average of GBP 2.5B since the 2016 EU referendum. The small deficit reflects continued weakness in demand for imports, which has not recovered since the second Brexit deadline in October. Firms still seem to be running down the stocks of imported goods they accumulated before the October Brexit deadline, instead of placing new orders.\n\n--------------------\n\n3. The housing market rebound continues.\n\n4. The government is going on a spending splurge.\n\nSource: The Guardian; Read full article\n\nSource: Goldman Sachs\n\n\n\n\n\n\n\nCanada\n\nThe loonie and bond yields are moving lower.\n\n\n\n\n\n\n\nThe United States\n\n1. Let's begin with the CPI figures for February, which topped economists' forecasts.\n\n• The headline CPI:\n\n• The core CPI:\n\n• The sticky and median CPI:\n\n• Services:\n\n• Medical services:\n\n• Rent:\n\nThe recent increases in inflation will be reversed shortly as a result of the crash in oil prices and weakening consumer demand. Will the headline CPI dip into negative territory?\n\nSource: ING\n\n--------------------\n\n2. Mortgage applications for house purchase remain at multi-year highs.\n\nAnd refinancing activity hit the highest level since 2008.\n\n--------------------\n\n3. The massive wave of mortgage refinancing will further ease US households' debt-related expenses, which were already near record lows.\n\nHouseholds' debt-to-disposable income ratio is at the lowest level in nearly two decades. The consumer is entering the current slowdown in decent shape. It doesn't mean, however, that we won't see a pickup in delinquencies in the months ahead as layoffs climb.\n\n--------------------\n\n5. Which sectors will have the most layoffs?\n\nSource: Fitch Solutions Macro Research\n\n6. West coast port activity tumbled 20.6%.\n\nSource: @markets; Read full article\n\n7. The market now expects the Federal Reserve to take rates below 0.1% this summer. Is the fed funds rate headed for zero again?\n\n8. The federal budget deficit is expected to hit $1.1 trillion this year. Below is a comment from Oxford Economics.\n\nSource: Oxford Economics\n\n\n\n\n\n\n\nGlobal Developments\n\n1. Here is the number of new coronavirus cases outside of China (yellow line).\n\nSource: JHU CSSE\n\nSource: @financialtimes; Read full article\n\n--------------------\n\n2. This chart shows the ratio of household debt to disposable income for developed economies.\n\nSource: Denys Hildin, Star Mountain Capital\n\n3. Here is the year-to-date small-cap performance relative to large-caps across different countries.\n\nSource: Hugo Ste-Marie, Portfolio & Quantitative Strategy Global Equity Research, Scotia Capital\n\n4. Are we about to see more sovereign downgrades?\n\nSource: Fitch Ratings\n\n--------------------\n\n\n\n\n\n\n\nFood for Thought\n\n1. Who is hoarding?\n\nSource: @YouGovUS; Read full article\n\nWhat are they hoarding?\n\nSource: @axios; Read full article\n\nSource: Yahoo News; Read full article\n\n--------------------\n\n2. Handling financial emergencies:\n\nSource: @stlouisfed; Read full article\n\n3. Lobbyist spending:\n\nSource: @WSJ; Read full article\n\n4. Oscars' TV audience:\n\nSource: Statista\n\n5. Americans with at least $1 million in their 401k (the numbers will look very different in Q1):\n\nSource: @markets; Read full article\n\n6. Social distancing:\n\nSource: Tomas Pueyo; Read full article\n\n7. Disabled workers:\n\nSource: Deutsche Bank Research\n\n8. The mood of music streamed around the world:\n\nSource: The Economist; Read full article\n\n--------------------",
    "published": "2020-03-12"
  },
  {
    "source": "WSJ",
    "title": "Altus Capital Co-Founder Says Coronavirus Could Drive More Manufacturing Back to U.S.",
    "summary": "The manufacturing-focused private-equity firm sees the virus outbreak fueling a move to repatriate production operations from offshore sites",
    "link": "https://www.wsj.com/articles/altus-capital-co-founder-says-coronavirus-could-drive-more-manufacturing-back-to-u-s-11584053085?mod=Searchresults_pos2&page=6",
    "content": "The coronavirus outbreak is feeding demand for products used to diagnose and treat respiratory ailments the bug can cause, like the ventilator in use in this hospital in India. Photo: money sharma/Agence France-Presse/Getty Images\n\nAltus Capital Partners co-founder Russell Greenberg sees at least one positive outcome among all the health and economic challenges posed by the spread of the novel coronavirus: a bolstering of U.S. manufacturing.\n\n“There’s going to be more reshoring of niche manufacturing in the U.S.,” said Mr. Greenberg, managing partner of the Wilton, Conn.-based private-equity firm, which specializes in backing middle-market manufacturers.",
    "published": "2020-03-12"
  },
  {
    "source": "WSJ",
    "title": "The IRS Proves the Left’s Favorite Economists Wrong",
    "summary": "New data contradict Saez and Zucman’s celebrated claim that the rich pay lower rates than the poor.",
    "link": "https://www.wsj.com/articles/the-irs-proves-the-lefts-economists-wrong-11584047554?mod=Searchresults_pos6&page=7",
    "content": "‘The Rich Really Do Pay Lower Taxes Than You” read a headline in the New York Times last fall. This astounding claim, presented in the media as fact and evidence of inequities baked into President Trump’s 2017 tax cut, came from two economists at the University of California, Berkeley. Emmanuel Saez and Gabriel Zucman asserted that 2018 was the first year in U.S. history that the average tax rate on the 400 wealthiest income earners dipped below the rates paid by the lower-middle class and poor.\n\nFinally, we had proof the rich weren’t paying their fair share. But new data from the Internal Revenue Service suggest it isn’t true.\n\nThe Saez-Zucman analysis raised eyebrows among other economists who study tax data, in part because they claimed it reflected the first full year under the new tax rates. At the time they published their study, the IRS had yet to release the data necessary to make the calculations they described. Preliminary numbers for 2018 income-tax returns, covering all filings made by last year’s Oct. 15 extended deadline, came out only last week. These data tell a very different story: America’s wealthiest earners still carry the lion’s share of the tax burden.\n\nCloser inspection reveals that Messrs. Saez and Zucman imputed the tax rates they claim for 2018 from records that predated the Trump tax cut, and therefore didn’t capture its effect on the measured distribution of income. They built in opaque assumptions that now appear to have exaggerated the tax cut’s benefit to high-income earners.\n\nThis wasn’t the only problem with the Saez-Zucman statistics. Their alleged 23% tax rate paid by the highest earners—encompassing all federal, state and local taxes—fell below the Congressional Budget Office’s estimates for the top income percentile’s federal tax rate alone. The two economists’ tax rates for the poor also looked suspiciously high. A 25% rate for the lowest quintile of earners would be almost twice the level found in other estimates, including those using better-established data from the Congressional Budget Office and the nonpartisan Institute on Taxation and Economic Policy. The discrepancy arose from Messrs. Saez and Zucman’s exclusion of the earned-income tax credit for low-income households, artificially inflating the amount of tax the poor really pay.\n\nThe new IRS numbers now provide reason to doubt Messrs. Saez and Zucman’s entire narrative of a regressive U.S. tax system designed to favor the rich at the expense of the poor. The IRS reports effective income-tax rates on the adjusted gross incomes of different groups of earners. That’s the percentage of income that people actually pay to the government, as distinct from the statutory tax rate.\n\nAccording to the IRS, the top 0.01% of earners—those with incomes above $10 million—paid a 24.8% effective federal income-tax rate in 2018. This isn’t very different from the 25.3% the group paid in 2017, and is higher than the average rate of 22.5% on the same group during the George W. Bush administration. As these rates only encompass federal income taxes, most filers can expect to add another 8% to 12% of income from other forms of taxation, placing their total burden well above the Saez-Zucman numbers.\n\nHow does that affect the claims of regressivity? It’s true the remainder of the top 1% (those with incomes between roughly $500,000 and $10 million) paid a slightly higher effective rate, at 26.5%, than the top 0.01% did. But tax rates drop rapidly from there, with filers in the $50,000 to $75,000 reporting bracket (approximately the median U.S. family income) facing an average federal income-tax rate of 8.4%.\n\nPeople who earned between $15,000 and $40,000 paid an average federal rate of merely 4% of their adjusted gross incomes in 2018. And thanks to the earned-income tax credit and others like it, the poorest earners paid very little if any federal income tax at all.\n\nIn short, the federal income-tax structure still places the unambiguous bulk of its burden on the highest earners. The Trump tax cut hasn’t changed that. In 2018, the top 1% of U.S. earners paid roughly 37% of all federal income taxes. The top 5% paid around 58%. This suggests that policy makers wishing to mitigate regressive features of the tax system should look elsewhere. State and local sales and property taxes may be a more promising area for reform.\n\nThe IRS’s preliminary data also suggests that the needle on income inequality—the motive force behind the Saez-Zucman research and the wealth-tax proposals it has been used to support—hasn’t moved lately. The share of adjusted gross income that went to the top 1% in 2018 was essentially the same as it was a decade earlier, at least going by the IRS numbers. The same is true of the top 0.1% and even the top 0.01%, the ultrarich so often targeted in political rhetoric from the left.\n\nThe full economic effects of the Trump tax cut extend beyond personal income-tax rates, and will be seen in the data only when future statistical releases become available. The corporate income-tax cut, for example, will likely prompt high earners to shift income from their personal returns to corporate returns, further lowering the measured income shares of the top 1%. Ironically, the reduction in the corporate tax rate could lead to a statistical reduction in income inequality.\n\nIn their rush to embrace a convenient political narrative last fall, much of the press and political classes never considered the possibility that the data would undermine their story. It did.\n\nMr. Magness is a senior research fellow at the American Institute for Economic Research. Mr. Miller is an associate professor of economics at Troy University.",
    "published": "2020-03-12"
  },
  {
    "source": "WSJ",
    "title": "Europe’s Viral Recession",
    "summary": "Covid-19 would be less threatening if economies had been healthier.",
    "link": "https://www.wsj.com/articles/europes-viral-recessioneuropes-viral-recession-11584044116?mod=Searchresults_pos11&page=3",
    "content": "People in distance to each other and requested to only enter one by one wait outside a pharmacy in Cola di Rienzo street to buy protective face masks in Rome, March 12.\n\nEuropean leaders are struggling to cope with the health consequences of Covid-19, and now the next struggle is coming into view—the economy. The pandemic is all but certain to tip large parts of Europe into recession, and no leader has a good response.\n\nTo some extent the coronavirus downturn will be beyond the control of any European politician. Italy is in the midst of an economically shattering lockdown. The virus has disrupted global supply chains, and President Trump ’s European travel ban doesn’t help.\n\nYet many European economies were in rickety shape before this crisis. Italy has been on the verge of a recession for months, and Germany suffers from a chronic lack of domestic business investment. Boris Johnson in the U.K. hasn’t transformed a burst of emotional Brexit enthusiasm into an economic revival. Those countries will now pay a price for their lack of resilience.\n\nThat context helps make sense of this week’s policy responses to the coronavirus. There is very little anyone can do to avert a downturn, so the focus needs to be on averting a financial crisis and then trying to speed an economic recovery after the virus passes.\n\nOn the first score, new European Central Bank President Christine Lagarde deserves better than the drubbing she got from investors Thursday. Markets punished her for failing to deliver the rate cut everyone wanted, but the ECB’s policy rate already is negative. If anyone can plausibly explain how a further reduction would help, we’re all ears.\n\nInstead, the ECB is providing liquidity, which is the right approach for a central bank. An uptick in government bond purchases under the ECB’s quantitative-easing program—€120 billion over 10 months on top of the €20 billion a month already scheduled—also will alleviate urgent financial-system worries. Most important, and although Ms. Lagarde claims this isn’t her intent, this move offers some hope of putting a ceiling on the yield of Italian bonds that otherwise risked going into freefall. She’s buying Rome and Brussels more time.\n\nThe ECB also joins the Bank of England in forbearing on enforcement of capital regulations on banks, giving institutions room to ride out gyrations in financial markets that otherwise would wreak havoc on their capital ratios. This will avert a crippling withdrawal of liquidity if banks must shore up capital.\n\nAnd the ECB and BOE are boosting subsidies for loans to small businesses. Central bankers have abused such programs since the 2008 financial panic, distorting lending and investment. But in this crisis there’s logic to offering short-term support to small firms most exposed to cash-flow problems amid self-quarantining or ill staff. This will be more effective than the BOE’s half-a-percentage-point rate cut, which seemed designed mainly to give an appearance of action and to align with the Federal Reserve, but that won’t do much for a virus-addled British economy.\n\nAs for what comes after the crisis, European politicians have few good answers. British Chancellor Rishi Sunak delivered the first post-Brexit budget on Wednesday and it represents a big missed opportunity. His £30 billion for virus relief will go mainly to the socialized and overwhelmed National Health Service and subsidies to companies threatened with sick staff and temporary closures.\n\nFair enough, but post-virus growth policies are absent. The budget includes £640 billion over five years for roads, railways and broadband internet among other projects, which will scratch Prime Minister Johnson’s itch for flashy projects but won’t spur growth. The most promising real stimulus in the budget is so modest you miss it if you blink: a slightly more generous depreciation allowance for business investment. Full expensing in America’s 2017 tax reform unleashed a wave of productive investment.\n\nThat’s better than what’s on offer elsewhere. German Chancellor Angela Merkel hinted this week that Berlin might relax fiscal rules to allow more spending, but that won’t be a stimulus. A better idea is tax reform to improve incentives to work and invest once Covid-19 has passed—such as reducing Germany’s 33% corporate tax rate or the 42% personal-income rate that kicks in at only €57,051 of income.\n\nYet Berlin refuses to consider tax reform, despite ample room in its surplus budget. If you’re wondering why Germany and other European economies are especially vulnerable to a Covid-19 downturn, this is part of the answer. If the politicians had done more to cultivate thriving, resilient economies before the pandemic hit, their task would be easier now.",
    "published": "2020-03-12"
  },
  {
    "source": "WSJ",
    "title": "Tanker Freight Rates Surge As Crude Price War Takes Hold",
    "summary": "After boosting its oil output, Saudi Arabia is lining up vessels to get the crude to market",
    "link": "https://www.wsj.com/articles/tanker-freight-rates-surge-as-crude-price-war-takes-hold-11584020686?mod=Searchresults_pos11&page=11",
    "content": "A tanker at a crude oil terminal at Ningbo Zhoushan port in China, the world’s largest oil importer, in 2017.\n\nFreight rates for crude tankers have soared nearly 10-fold this week after oil exporting giants Russia and Saudi Arabia said they would boost production, kicking off an all-out price war that sent oil prices tumbling.\n\nBrokers in Europe and Singapore said daily rates for very large crude carriers have jumped from $33,000 last Friday to between $200,000 and $300,000, depending on the destination, this week. Aramco, the Saudi state oil company, said Wednesday it had received a directive from the kingdom’s energy ministry to raise its output capacity to 13 million barrels a day from 12 million barrels a day.\n\n“The Saudis are surely preparing to flood the market with cheap oil,” said Peter Sand, chief shipping analyst at Bimco, an industry trade body. Still, he questioned how long prices can continue to rise.\n\nNewsletter Sign-up The Logistics Report Top news and in-depth analysis on the world of logistics, from supply chain to transport and technology. Preview Subscribe\n\n“The market is very volatile, but a sustained freight run is questionable as oil demand this year is actually lower than last with China being hit by coronavirus,” he said.\n\nChina is the world’s largest oil importer and accounts for half of demand growth in energy markets each year, according to Bimco.\n\nOil prices lost a fifth of their value Monday after Saudi Arabia over the weekend slashed its crude prices and signaled it would boost output next month. The move followed Russia’s rejection of a Saudi-backed plan by the Organization of the Petroleum Exporting Countries to cut crude output in response to dwindling demand in China and elsewhere.\n\nTanker owners and brokers in Europe and Singapore said Saudi oil movers, led by state tanker giant Bahri, had chartered 10 very large crude carriers, or VLCCs, for April sailings and were negotiating deals for another 18 such ships, which can each carry up to two million barrels of crude.\n\nThe brokers said 30 VLCCs have been provisionally booked for sailings over the next two months. The global VLCC fleet is more than 700, but at any one time some of those will typically be in dry dock for repair work or upgrades.\n\n“The market has gone bonkers again,” a Singapore broker said. “It’s like last October when freight rates went through the roof after the U.S. blacklisted Chinese tanker owners and many ships were sidelined.”\n\nBut the broker cautioned that there were still few firm charter fixtures overall.\n\n“If it turns out that more VLCCs will need be chartered over a sustained period, then it will be Christmas every day for owners. But this bubble will eventually pop when logic returns to the big oil exporters,” he said.\n\nFearnley Securities said the VLCC market was “pretty much sold out,” adding that Saudi’s extra production could create demand for as many as 60 more VLCCs.\n\nWrite to Costas Paris at costas.paris@wsj.com",
    "published": "2020-03-12"
  }
]