[
  {
    "source": "WSJ",
    "title": "Economy Week Ahead: Durable Goods, Inflation, Fed Policy",
    "summary": "Jerome Powell to hold a press conference on Wednesday",
    "link": "https://www.wsj.com/articles/economy-week-ahead-durable-goods-inflation-fed-policy-11580068801?mod=Searchresults_pos14&page=10",
    "content": "In the week ahead, the U.S. Commerce Department publishes data on durable-goods orders in December, fourth-quarter gross domestic product and December inflation. The Federal Reserve and the Bank of England release policy statements.\n\nTuesday\n\nThe U.S. Commerce Department releases December durable-goods orders. Orders for durable goods—products designed to last at least three years—decreased a seasonally adjusted 2% in November from the previous month, offering a mixed picture for the manufacturing sector. Economists surveyed by The Wall Street Journal forecast durable goods orders grew 0.2% in December.\n\nWednesday\n\nThe Federal Reserve releases its policy statement. Fed officials have signaled that there is a high bar to be cleared before they change rates this year. And because little has changed in the economic outlook since they last met in mid-December, few changes are likely in their postmeeting statement due Wednesday afternoon. Likewise, Fed Chairman Jerome Powell isn’t expected to signal any major shift in the central bank’s policy path at his press conference.\n\nThursday\n\nThe Bank of England issues a decision on whether to move its interest rate. Some investors think the Bank of England will cut its key interest rate for the first time since August 2016. The likelihood of such a move declined with the release this past Friday of a purchasing managers survey that pointed to a rebound in growth during January after a weak 2019. Some policy makers have voted for a cut at recent meetings, but it is unclear whether a majority of the nine rate setters share the view that an insurance move is needed amid continued uncertainty about the U.K.’s future relationship with the European Union.\n\nThe U.S. Commerce Department releases its first estimate of fourth-quarter gross domestic product. In the third quarter, U.S. GDP grew at a 2.1% annual rate. Solid consumer spending helped drive third-quarter growth, though business investment was weak. Economists will watch to see whether capital spending remained sluggish in the final months of the year. Economists surveyed by The Wall Street Journal expect GDP grew at a 2.1% annual rate in the fourth quarter.\n\nFriday\n\nThe U.S. Commerce Department releases December personal income, spending and inflation data. Inflation has remained below the Federal Reserve’s 2% target, despite a historically low unemployment rate and tariffs. Economists will eye this report for signs that the Fed’s preferred inflation gauge, the price index for personal-consumption expenditures, is gaining upward momentum. Economists surveyed by The Wall Street Journal expect core PCE inflation to be up 1.6% in December from a year earlier.",
    "published": "2020-01-26"
  },
  {
    "source": "WSJ",
    "title": "The Tax Increases to Come",
    "summary": "Even Joe Biden would raise the top marginal rate on work to over 50%.",
    "link": "https://www.wsj.com/articles/the-tax-increases-to-come-11580075160?mod=Searchresults_pos17&page=4",
    "content": "The brawl in President Obama ’s second term over raising the top income-tax rate to 39.6% from 35% was centuries ago in political time. One way to tell is that even moderate Democratic 2020 presidential candidates have quietly proposed to raise the tax rate on labor by double digits and it’s received almost no attention. Unlike single-payer health care and wealth taxes, this tax increase could command majority support in a Democratic Congress on day one.\n\nThe idea is to increase the Social Security payroll tax, the 12.4% levy that falls directly on labor and is not eligible for deductions. Currently the tax applies to income up to $137,700, split between employer and employee. Bernie Sanders , Elizabeth Warren and Amy Klobuchar want to impose it on all labor income above $250,000. Joe Biden wants it to fall on income above $400,000. Pete Buttigieg says he wants “additional Social Security taxes” on income above $250,000.\n\nMeanwhile, Representative John Larson ’s Social Security 2100 Act, cosponsored by 208 House Democrats, would apply the tax to income above $400,000 to finance an expansion of the entitlement. The bill would also gradually raise the payroll tax rate on all workers to 14.8% from 12.4%. As entitlement watcher Charles Blahous notes, that’s a 19% increase in the payroll tax burden. That’s significant for less-skilled workers who don’t earn enough or have too many dependents to pay income tax.\n\nRaising rates on high earners may be less politically toxic but it’s terrible economics. Experts can debate how much the top rate affects the incentive to work for, say, a dentist or an engineer, and whether a two, three or five percentage-point tax-rate increase has an effect on the wider economy. But there’s little doubt a new 12.4% tax would depress incentives and reduce America’s competitive advantage for high-skilled workers and make the tax structure more typical of European countries.\n\nThe nearby table borrowed from our friends at Cornerstone Macro captures the magnitude of the tax increases on labor and investment income that Democratic presidential candidates are proposing. The top marginal federal tax rate on labor is currently about 40% including the Medicare tax.\n\nEliminating the ceiling for the payroll tax would increase that to above 50% including both the individual and employer shares of the increase. Including both is right economically because it captures the full cost of hiring an additional worker. The much higher top marginal rate for Mr. Sanders in the table is for his Medicare for All tax.\n\nAnd that’s before the candidates’ proposed income-tax hikes. It’s also before state and local taxes, which in some states could bring the marginal rate north of 60%.\n\nAnd that’s before the Democratic tax increases on investment income, specifically capital gains. All of the leading candidates want to tax capital gains at the same rate as regular income or higher, which hasn’t been the law since the top individual tax rate on income was 28% after the 1986 Reagan tax reform. Higher taxes on capital reduce investment, which means slower productivity growth and ultimately slower wage growth.\n\nMs. Warren and Mr. Sanders want to raise taxes the most, but more striking is how much more even the supposedly moderate Democrats want to take from the private economy. They mask this revenue grab behind rhetoric about the wealthy. But now and again the mask slips, as with the proposals to raise the payroll tax on all workers.\n\nThe campaign tax debate has so far been muted amid the Democratic and media focus on health care and Donald Trump’s character. But as a Democratic nominee emerges, the party’s lunge to the left on taxes will receive more attention—or at least it will from us.\n\nRepublicans will say that incomes are finally growing faster for low-skilled and younger workers than for their bosses, and that the Democratic tax increases would put that economic and social progress at risk. Democrats are handing Mr. Trump a powerful line of political attack that may resonate with voters who are otherwise looking for an alternative.",
    "published": "2020-01-26"
  }
]