[
  {
    "source": "WSJ",
    "title": "China’s Exports Plunge Amid Coronavirus Epidemic",
    "summary": "Country’s exports drop 17.2%, marking the sharpest contraction in nearly a year",
    "link": "https://www.wsj.com/articles/chinas-exports-drop-at-fastest-pace-in-nearly-a-year-11583552772?mod=Searchresults_pos6&page=15",
    "content": "Economists have sharply cut projections for China’s economic growth in the first quarter of the year.\n\nBEIJING—China’s exports and imports tumbled in the first two months of the year, official data showed Saturday, as the coronavirus epidemic and measures to contain its spread disrupted production and shipment while hitting global supply chains.\n\nChina’s exports plunged 17.2% in the January-February period compared with a year earlier, reversing the 7.6% year-over-year increase recorded in December while marking the sharpest contraction in nearly a year. Economists polled by The Wall Street Journal earlier expected a 17% year-over-year fall.\n\nImports by the world’s second-largest economy, meanwhile, dropped 4% in the first two months of the year from the same period a year earlier, after notching up a 16.3% year-over-year increase in December. The decline in imports was far less than economists’ expectation for a 16% fall.\n\nChina’s customs bureau, the General Administration of Customs, said last month that it would combine trade data for January and February, in line with many other data releases by the National Statistics Bureau—part of an effort to iron out disruptions to economic activity from the annual Lunar New Year holiday, which falls at a different time each year in the first two months.\n\nWhile exports were dampened by production suspensions and logistical snarls caused by the widespread quarantining and lockdowns of many parts of the country, China stepped up imports of commodities and farm goods in the first two months.\n\nThe volume of pork imports was 1.6 times the volume from the same period a year earlier, while purchases of natural gas and soybeans from outside the country rose by double-digit percentage points from a year earlier, the customs bureau said.\n\nIn the first two months, China recorded a $7.09 billion foreign trade deficit, its first deficit in almost two years, according to the official data.\n\nChina’s exports had shown signs of recovery at the end of 2019 as trade tensions with the U.S. eased. But the recovery hit a wall in January after the coronavirus outbreak, first detected in the central Chinese city of Wuhan in December, quickly swept across China, infecting more than 80,000 people and killing more than 3,000 in mainland China alone.\n\nTo contain the epidemic, Beijing ordered factories and businesses to extend their Lunar New Year holidays, while advising residents to avoid travel and group gatherings. These public-health measures have paralyzed large parts of an economy whose growth had already slowed in 2019 to a nearly three-decade low.\n\nWary of deepening the country’s economic woes, President Xi Jinping urged less-affected regions to resume work as soon as possible and rolled out measures to help companies resume production.\n\nWork and production restrictions in most parts of the country were lifted in mid-February, but business has climbed back only slowly in the past few weeks as many workers still face difficulties returning to their jobs from their faraway hometowns. Even many factories that have resumed work are still running well below normal capacity, economists have warned.\n\nMeasures of economic activity, including power production, subway traffic in major cities, property transactions and auto sales also remain well below normal levels.\n\nEven as China struggles to ramp up production, it faces a new headwind in a coronavirus epidemic that has now spread around the globe, depressing demand for Chinese-made goods from other countries.\n\nThe virus has sickened more than 17,000 people outside of China and killed more than 300. Some South Korean factories, including those of Hyundai Motor Co. and Samsung Electronics Co., have shut down their production lines after workers tested positive.\n\nExporters surveyed by China’s Ministry of Commerce said they have had difficulty fulfilling overseas orders as factory shutdowns have lengthened and the shortage of workers, parts and raw materials has worsened. Many foreign customers have suspended purchases or canceled orders, they added.\n\n“While trade data in the first two months reflected disruptions from the coronavirus epidemic, China’s exports are set to face more headwinds from the virus spreading to other parts of the world that could depress global growth and demand,” said Tang Jianwei, an economist with Bank of Communications.\n\nEconomists have sharply cut projections for China’s economic growth in the first quarter of the year. Many have questioned the country’s ability to meet its political goal of doubling the overall size of the economy by the end of the year from a decade earlier, which economists say requires China to grow its economy by at least 5.5% this year.\n\nWith the downside risk growing from the global spread of the coronavirus, Beijing will likely have to rely more on domestic demand and stimulus measures to shore up growth in 2020, said Mr. Tang, who called for policies to boost property and infrastructure investment and consumer demand.\n\nEven with all those measures in place, Mr. Tang warned, “China still faces great pressure to realize this year’s economic goals.”\n\nGrace Zhu and Bingyan Wang",
    "published": "2020-03-07"
  },
  {
    "source": "WSJ",
    "title": "China’s Exports Plunge Amid Coronavirus Epidemic",
    "summary": "Country’s exports drop 17.2%, marking the sharpest contraction in nearly a year",
    "link": "https://www.wsj.com/articles/chinas-exports-drop-at-fastest-pace-in-nearly-a-year-11583552772?mod=Searchresults_pos6&page=15",
    "content": "Economists have sharply cut projections for China’s economic growth in the first quarter of the year.\n\nBEIJING—China’s exports and imports tumbled in the first two months of the year, official data showed Saturday, as the coronavirus epidemic and measures to contain its spread disrupted production and shipment while hitting global supply chains.\n\nChina’s exports plunged 17.2% in the January-February period compared with a year earlier, reversing the 7.6% year-over-year increase recorded in December while marking the sharpest contraction in nearly a year. Economists polled by The Wall Street Journal earlier expected a 17% year-over-year fall.\n\nImports by the world’s second-largest economy, meanwhile, dropped 4% in the first two months of the year from the same period a year earlier, after notching up a 16.3% year-over-year increase in December. The decline in imports was far less than economists’ expectation for a 16% fall.\n\nChina’s customs bureau, the General Administration of Customs, said last month that it would combine trade data for January and February, in line with many other data releases by the National Statistics Bureau—part of an effort to iron out disruptions to economic activity from the annual Lunar New Year holiday, which falls at a different time each year in the first two months.\n\nWhile exports were dampened by production suspensions and logistical snarls caused by the widespread quarantining and lockdowns of many parts of the country, China stepped up imports of commodities and farm goods in the first two months.\n\nThe volume of pork imports was 1.6 times the volume from the same period a year earlier, while purchases of natural gas and soybeans from outside the country rose by double-digit percentage points from a year earlier, the customs bureau said.\n\nIn the first two months, China recorded a $7.09 billion foreign trade deficit, its first deficit in almost two years, according to the official data.\n\nChina’s exports had shown signs of recovery at the end of 2019 as trade tensions with the U.S. eased. But the recovery hit a wall in January after the coronavirus outbreak, first detected in the central Chinese city of Wuhan in December, quickly swept across China, infecting more than 80,000 people and killing more than 3,000 in mainland China alone.\n\nTo contain the epidemic, Beijing ordered factories and businesses to extend their Lunar New Year holidays, while advising residents to avoid travel and group gatherings. These public-health measures have paralyzed large parts of an economy whose growth had already slowed in 2019 to a nearly three-decade low.\n\nWary of deepening the country’s economic woes, President Xi Jinping urged less-affected regions to resume work as soon as possible and rolled out measures to help companies resume production.\n\nWork and production restrictions in most parts of the country were lifted in mid-February, but business has climbed back only slowly in the past few weeks as many workers still face difficulties returning to their jobs from their faraway hometowns. Even many factories that have resumed work are still running well below normal capacity, economists have warned.\n\nMeasures of economic activity, including power production, subway traffic in major cities, property transactions and auto sales also remain well below normal levels.\n\nEven as China struggles to ramp up production, it faces a new headwind in a coronavirus epidemic that has now spread around the globe, depressing demand for Chinese-made goods from other countries.\n\nThe virus has sickened more than 17,000 people outside of China and killed more than 300. Some South Korean factories, including those of Hyundai Motor Co. and Samsung Electronics Co., have shut down their production lines after workers tested positive.\n\nExporters surveyed by China’s Ministry of Commerce said they have had difficulty fulfilling overseas orders as factory shutdowns have lengthened and the shortage of workers, parts and raw materials has worsened. Many foreign customers have suspended purchases or canceled orders, they added.\n\n“While trade data in the first two months reflected disruptions from the coronavirus epidemic, China’s exports are set to face more headwinds from the virus spreading to other parts of the world that could depress global growth and demand,” said Tang Jianwei, an economist with Bank of Communications.\n\nEconomists have sharply cut projections for China’s economic growth in the first quarter of the year. Many have questioned the country’s ability to meet its political goal of doubling the overall size of the economy by the end of the year from a decade earlier, which economists say requires China to grow its economy by at least 5.5% this year.\n\nWith the downside risk growing from the global spread of the coronavirus, Beijing will likely have to rely more on domestic demand and stimulus measures to shore up growth in 2020, said Mr. Tang, who called for policies to boost property and infrastructure investment and consumer demand.\n\nEven with all those measures in place, Mr. Tang warned, “China still faces great pressure to realize this year’s economic goals.”\n\nGrace Zhu and Bingyan Wang",
    "published": "2020-03-07"
  },
  {
    "source": "WSJ",
    "title": "Social Distancing Is New Coronavirus Buzz Phrase. Does It Work?",
    "summary": "Method that limited death from serious infectious diseases in past faces new test",
    "link": "https://www.wsj.com/articles/social-distancing-is-new-coronavirus-buzz-phrase-does-it-work-11583524419?mod=Searchresults_pos5&page=15",
    "content": "Political leaders in the democratic world are grappling with a difficult balancing act in a bid to contain the coronavirus: when to pull the trigger on measures like closing schools and canceling public gatherings without risking social and economic backlash?\n\nGlobal health experts say China’s steps to quarantine cities and shut down schools and workplaces slowed the global spread of the coronavirus. Categorized broadly as “social distancing,” these efforts bought precious time to prepare and learn more about the illness.\n\nBut they also came at a significant economic cost to China, especially Hubei province, where the virus originated and where factories and businesses were shut. The measures were also accomplished with the relative efficiency of a one-party state and centrally-managed command economy.\n\nFrom drones that scold to neighbors who snitch, China is relying on its vast surveillance network to stop the spread of the coronavirus. WSJ takes a close look at its national monitoring experiment that’s made up of human volunteers and big data. Photo composite: Sharon Shi\n\nDemocracies from Japan to France could struggle to follow China’s suit. Instead, Western governments are debating more delicate trade-offs that could curb the virus’s transmission with less social and economic costs.\n\nItaly—the worst affected country outside of Asia—on Sunday quarantined around 17 million people in the country’s north, banning people from entering and leaving the cities of Milan, Venice, Parma and much of the surrounding area.\n\nThe Latest on the Coronavirus Two deaths have been reported in Florida, bringing the number of U.S. fatalities to 16; the total number of infections is now 338\n\nJapan, Singapore and Malaysia all reported their highest single-day increases in cases\n\nSouth Korea added 483 cases for a total of 6,797 and Italy added 620 new cases and 49 fatalities in the 24 hours preceding its report Friday evening\n\nSHARE YOUR THOUGHTS Have you canceled plans because of the coronavirus? Would you consider isolating yourself? Join the conversation below.\n\nDespite the threat of prison for people found breaking the rules, enforcement appeared lax. Trains were still going to and from Milan’s central station Sunday, with no controls on passengers. There was no disruption to air travel, either, with scheduled flights still departing and landing in Milan.\n\nIn the U.K., where case numbers are comparatively low but steadily ticking up, the government says residents also should be ready for these kinds of measures if the virus’s spread speeds up.\n\n“They’re going to have to resort to what might seem like extreme measures that can be concerning to the population,” said Cyrus Shahpar, a director at Resolve to Save Lives, a global public-health organization. “We haven’t really done this in the lifetime of most people on earth right now.”\n\nThe concept of social distancing has been around for centuries, but its usefulness was bolstered after a landmark study in 2007, in the Journal of the American Medical Association, comparing how 43 different American cities fared during the Spanish flu pandemic of 1918.\n\nThe researchers found that acting early with steps like quarantining the sick, closing schools and canceling public gatherings was associated with fewer deaths. Imposing several measures at once also helped. One of the slow responders, Philadelphia, suffered twice the death rate of St. Louis, where officials moved quickly.\n\n“Social distancing and quarantine is an ancient practice that has been tried and tested through the ages and has survived because it works,” said Osman Dar, a global health-systems expert at Chatham House, a U.K. think tank. “In the face of an unknown virus or illness it is the most effective means of interrupting and slowing transmission.”\n\nImplemented too late, however, social distancing might be ineffective. A wave of school closures across Michigan in response to the 2009 H1N1 flu pandemic did little to dampen the spread of the disease, according to a 2015 study by researchers at the Universities of Michigan and North Carolina. The likely explanation, said the authors, was that most schools closed as a result of high absenteeism, suggesting they acted only after a significant number of staff and students had fallen ill.\n\nAnother challenge: There is no clear consensus on the right moment to start with social distancing. “Hitting that sweet spot is very, very hard,” said Howard Markel, director of the Center for the History of Medicine at the University of Michigan, who led the 43-city study and was involved in the school-district research. “You’re getting your information a step or two behind the microbe’s spread. Early is better but you do risk being too early and costing a great deal of money.”\n\nJapan is trying to move past criticism of how it handled the Diamond Princess quarantine as it looks ahead to the Tokyo 2020 Olympics. WSJ’s Peter Landers explains how Tokyo is taking extra precautions to stem the coronavirus epidemic in the country. Photo: Tomohiro Ohsumi/Getty Images\n\nWhile it is widely accepted by global health experts that social distancing, when implemented early enough, limits death from serious infectious diseases, it is less clear whether it brings down the overall caseload. Still, simply spreading the cases out over a longer period—known by epidemiologists as “flattening the curve”—is valuable because it prevents a surge of patients from overwhelming clinics and hospitals.\n\n“The hope is that you do buy time and that you flatten the curve and the biggest hope is that you do reduce cases,” said Dr. Markel. “We can’t say that definitely right now with coronavirus.”\n\nBecause the true severity of the coronavirus is still unclear, it is impossible to tell whether social-distancing measures are worth the cost. Seasonal flu kills tens of thousands of people in the U.S. every winter but doesn’t generally spark calls for social distancing.\n\n“In very crude terms, what level of mortality are you comfortable with within a national or social setting?” said Dr. Dar. “That’s essentially what it’s boiling down to.”\n\nWrite to Denise Roland at Denise.Roland@wsj.com and Drew Hinshaw at drew.hinshaw@wsj.com",
    "published": "2020-03-07"
  }
]