[
  {
    "source": "WSJ",
    "title": "What’s News: Business & Finance",
    "summary": "This copy is for your personal, non-commercial use only. Distribution and use of this material are governed by our Subscriber Agreement and by copyright law. For non-personal use or to order multiple copies, please contact Dow Jones Reprints at 1-800-843-0008 or visit www.djreprints.com.",
    "link": "https://www.wsj.com/articles/whats-news-business-finance-11584586884?mod=Searchresults_pos8&page=7",
    "content": "This copy is for your personal, non-commercial use only. Distribution and use of this material are governed by our Subscriber Agreement and by copyright law. For non-personal use or to order multiple copies, please contact Dow Jones Reprints at 1-800-843-0008 or visit www.djreprints.com.\n\nhttps://www.wsj.com/articles/whats-news-business-finance-11584586884",
    "published": "2020-03-19"
  },
  {
    "source": "WSJ",
    "title": "China Shipping Exports Rebound, Just as Western Ports Cope With Coronavirus Downturn",
    "summary": "Chinese gateways are again moving cargo after a two-month near-standstill, but ports in Europe and the U.S. now are hunkering down",
    "link": "https://www.wsj.com/articles/china-shipping-exports-rebound-just-as-western-ports-cope-with-coronavirus-downturn-11584647486?mod=Searchresults_pos16&page=15",
    "content": "The Port of Houston suspended operations at its two container terminals Thursday while authorities investigate a positive coronavirus test result from a worker there.\n\nTwo months after a near complete standstill in China that rattled global supply chains, the country’s ports are again pushing out thousands of containers that were stranded at the onset of the coronavirus outbreak.\n\nThe massive buildup of boxes at docks in China has left a big shortfall in cargo at ports in the U.S. and Europe since early February, and created a shortage of empty containers that Western exporters need to ship everything from farm products to electronic parts. As China returns to work, fears are rising that the Western ports won’t be able to handle a flood of imports as seaports and coastal cities face their own shutdowns and economic disruption.\n\n“There is a lot of relief that China is waking up after a long hiatus,” said George Lazaridis , head of research at Greece-based Allied Shipbroking. “But what happens if truck drivers and crane operators can’t work in Hamburg, Rotterdam or Los Angeles and New York. Who is going to pick up the boxes?”\n\nU.S. and European ports have generally been operating normally, although many sites have reported sharply reduced business as global trade has slowed under the pandemic.\n\nShipping executives said they are taking new precautions to protect their own workers and that disruptions could come if some port workers get sick and are quarantined or if authorities impose blanket public lockdowns for an extended period.\n\n“While the situation is improving in Asia, especially China, new measures have been taken in some other places to protect the health of our staff,” French container line CMA CGM SA said in a notice late last week. “As far as France, all staff members will work from home until further notice.”\n\nChina government figures show container volumes at the country’s largest eight ports fell 19.8% in February, during the peak of the lockdowns that Beijing imposed, from the year before.\n\nContainer volumes from China into California’s three largest seaports—Los Angeles, Long Beach and Oakland—were off 35.2% in February from a year ago, according to trade data research group Panjiva. The neighboring ports of Los Angeles and Long Beach, which together make up the largest U.S. gateway for imports from Asia, handled 132,564 fewer containers in February than they did the same month a year ago.\n\nThe Port of Seattle closed operations at two of its four container terminals Friday because of diminished shipping demand.\n\nNewsletter Sign-up The Logistics Report Top news and in-depth analysis on the world of logistics, from supply chain to transport and technology. Preview Subscribe\n\nThe Port of Houston on Thursday said it had suspended operations at its two main container terminals after a staffer who works at both sites tested positive for the coronavirus.\n\nGene Seroka , executive director at the Port of Los Angeles, said he doesn’t expect the same sort of virus disruptions that crippled Chinese megaports like Shanghai and Ningbo last month.\n\nThousands of boxes piled up at those ports as truck drivers, crane operators and other workers couldn’t go to work because they were either sick or quarantined.\n\n“We never saw a port closure in China, and I don’t believe we’ll see a port closure here in Los Angeles,” Mr. Seroka said. “We have 100,000 people and none work concurrently, or at the same time. I believe we will have an ample workforce that is healthy and has the ability to flex based on the needs of cargo flow and personal health and safety requirements.”\n\nLiner operators said they would deploy their biggest ships to pick up cargo from China, regardless of the situation at Western entry points.\n\nThe 2M Alliance, made up of A.P. Moller-Maersk A/S and Mediterranean Shipping Co., said last week they are boosting their capacity of four weekly sailings to Los Angeles and Long Beach.\n\nMSC sent one of its biggest ships—the MSC Oscar, with capacity for 23,000 20-foot containers—into Los Angeles on Sunday, and three other big vessels are expected to arrive by the end of March. These giants are normally on the Europe-Asia trade lanes, and their deployment in the Pacific points to increased trade activity.\n\n“It’s like the roll of a dice to go full steam for China cargo,” said the chief operations officer of a big Asian shipowner that charters ships to container lines. “Our sailings take weeks or months, but the situation with the virus closures changes every day. If the U,S. closes down, I don’t know what will happen with the cargoes.”\n\n“Chinese port call activity returning to 2019 levels supports reports that efforts to ‘re-start’ the Chinese economy may be gaining traction,” said Clarksons research head Stephen Gordon . “Given China’s role as shipping’s biggest market—22% of global imports—this is encouraging, as are the range of tariff reductions, stimulus packages and policies being adopted globally.”\n\nLiners canceled more than half of all sailings to China in February, when infections reached a peak in that country. The virus outbreak coincided with the Chinese New Year holiday, a period when industrial output in China usually slows down.\n\nLars Jensen , chief executive of Copenhagen-based SeaIntelligence Consulting, said canceled sailings are back to normal levels at this time of the year but that more disruptions may come as the coronavirus pandemic rolls across cities in Europe and Asia.\n\nMr. Jensen compares the hit to shipping companies to the financial crisis in 2008, when container volumes contracted 10%. A similar retrenchment now would mean a loss of 17 million containers for shipping companies.\n\n“It’s a massive damage, even if we later get a V-shaped recovery,” he said.\n\nWrite to Costas Paris at costas.paris@wsj.com",
    "published": "2020-03-19"
  },
  {
    "source": "WSJ",
    "title": "This Is Your Brain on a Crashing Stock Market",
    "summary": "Fear and panic over huge daily drops are compounded by dread of a global pandemic",
    "link": "https://www.wsj.com/articles/this-is-your-brain-on-a-crashing-stock-market-11584615601?mod=Searchresults_pos9&page=16",
    "content": "It isn’t just your portfolio that’s getting pounded. You are, too.\n\nEvery financial asset is falling at once, and the economy itself seems to be imploding. All investors—individuals and professionals alike—need to understand the havoc this kind of stress wreaks on the human brain. To keep it from destroying your long-term investing plan, you will need to manage that stress and restore a sense of control.\n\nA market crash is always scary, but this time the fear and panic of huge daily drops are compounded by the dread and uncertainty of a global pandemic. As the markets crash and the virus spreads, many of us are watching in unprecedented social isolation, unable to be with many of the friends and family who normally help us put events in perspective.\n\nAll of this is unleashing a storm of stress in our brains. Understanding it may help us calm it.\n\n“Stress is going to make investors less of who they are, an impoverished version of themselves,” says Peter Sokol-Hessner, a cognitive neuroscientist at the University of Denver. “It causes you to fall back on simpler methods of approaching your world. You have a decreased ability to use your previous experiences and knowledge to make smart choices in new settings.”\n\nAcute stress puts your body and brain on red alert: As your bloodstream floods with adrenaline and noradrenaline, your pulse, blood pressure, breathing rate and sweat production rise. Your prefrontal cortex, the area of the brain responsible for long-term planning, becomes less active. Your muscles tense. Your body releases cortisol, raising your blood-sugar levels to mobilize your stored energy.\n\n“As our bodies get ready for responding to threat with a flight-or-flight response, that affects our cognition and perception,” says Mauricio Delgado, a psychologist at Rutgers University in Newark, N.J. “It narrows our attention and focus.”\n\nIf, for instance, you’re watching markets collapsing on financial television, you might not even notice that someone in your family has walked into the room and is talking to you. That same tunnel vision can blind most of us to positive news that may already be developing on the periphery of this calamity.\n\nOn Dec. 1, 2019, a patient in Wuhan, China, started showing symptoms of what doctors determined was a new coronavirus. Since then, the virus has spread to infect more than 100,000 people. Here’s how the virus grew to a global pandemic. Photo illustration: Carter McCall/WSJ\n\nMeanwhile, stress intensifies the negative. “As your threat sensitivity rises, you’re more likely to bias your predictions toward something bad happening,” says Candace Raio, a cognitive neuroscientist at NYU Langone Health in New York.\n\nAnd it can tatter your ability to think for yourself. “In looking for the quickest way to resolve uncertainty and to assure safety and survival,” says Dr. Raio, “you might also be weighing what other people are doing more than the objective information in front of you.”\n\nStress also impedes your working memory, narrows the variety of choices you consider in making decisions and increases activation in the amygdala, a region of the brain that responds to danger.\n\n“Any type of stress—mild, severe, chronic, acute—will impair your ability to think flexibly, to draw on the functions of the prefrontal cortex, to exert executive control,” says Elizabeth Phelps, a neuroscientist at Harvard University.\n\nAll the more reason why it’s so important right now to make sure your decisions will stand the test of time.\n\nA few techniques can help.\n\nFirst, take charge of whatever you can. “When people perceive they have some control over their environment,” says Prof. Delgado, “that simple belief can help them persist in pursuing their goals.”\n\nSo make your mind up about what to do only when the financial markets are closed, to keep other people’s panic from dominating your decisions.\n\nAnd take small steps, not big leaps.\n\nIf you feel you can calm yourself only by ditching some stocks, sell a fixed amount or percentage each month for the next year or so. Automate that process with your broker or fund company through prearranged electronic transfers that will take your emotions out of the decision.\n\nWith guidance from your accountant, you might selectively sell shares that have fallen below your purchase price. That will turn some of your losses into cash—and a write-off on your taxes.\n\nYou could also direct your dividends into cash, rather than more shares, for now.\n\nShare Your Thoughts How are you handling stress during this crisis? Share any tips you have for other readers. Join the conversation below.\n\nAs I wrote in 2008, try reappraising the situation: “Forget what you paid for that stock or fund; instead, imagine it was a gift. Now that it is priced, say, 20% more cheaply than in December, should you want to return the gift? Or should you buy more while it is on sale? (If rethinking a fallen price this way doesn’t make you feel better, maybe you should sell.)”\n\nCombat the contagion of other people’s stress however you can. Warren Buffett reportedly calms himself by looking at snapshots of his family.\n\nSocial isolation is a threat to your portfolio as well as to your mental health. Without normal social contact, it’s much harder for people to regulate their emotions, says Jamil Zaki, a social psychologist at Stanford University.\n\nEven if you are sheltering in place to combat the spread of coronavirus, it’s vital to remain as connected as possible with friends, family, mentors and people you admire. “We need to be separate physically but with each other psychologically,” says Prof. Zaki. “That means using technology to create shared experience.”\n\nSo don’t just call an investing buddy to say hello. Do a video tour of your home office, make the same meal at the same time, run a meeting of an investing book club together—anything that enables you to share some quiet and calming time with someone important to you.\n\nWrite to Jason Zweig at intelligentinvestor@wsj.com\n\nWSJ Newsletter Get an early-morning coronavirus briefing each weekday, plus a health-news update Fridays: Sign up here.",
    "published": "2020-03-19"
  },
  {
    "source": "WSJ",
    "title": "The Emergency 401(k) Button",
    "summary": "A withdrawal exception could help Americans weather the pandemic.",
    "link": "https://www.wsj.com/articles/the-emergency-401-k-button-11584660255?mod=Searchresults_pos19&page=17",
    "content": "Photo: Getty Images/iStockphoto\n\nAs the coronavirus threatens to stall the U.S. economy, a relatively easy countermeasure is to hit the emergency 401(k) button: Congress should allow people to take a certain sum, say $10,000, from their retirement accounts without facing penalties or taxes.\n\nThis is a way to tap liquidity that already exists. Among nonretired adults, 54% have some kind of defined-contribution plan, such as a 401(k) or 403(b), according to a Federal Reserve report last year. Also, 33% hold an individual retirement account. For Americans overall, it represents a huge pool of money, estimated by one survey at roughly $17 trillion.",
    "published": "2020-03-19"
  },
  {
    "source": "WSJ",
    "title": "Poor Data and Confirmation Bias Mislead",
    "summary": "Earn $100 and pay $40 in taxes—perhaps that explains why so many young people have less incentive to earn more taxable income.",
    "link": "https://www.wsj.com/articles/poor-data-and-confirmation-bias-mislead-11584645455?mod=Searchresults_pos12&page=7",
    "content": "Internal Revenue Service headquarters in Washington, D.C. Photo: J. David Ake/Associated Press\n\nPhillip W. Magness and Stephen C. Miller’s “The IRS Proves the Left’s Favorite Economists Wrong” (op-ed, March 13), while largely correct, fails to consider the impact of employment (FICA and Medicare) taxes on marginal rates. Assume a young, single, self-employed taxpayer earns $55,000, which, after the standard deduction, places him in a 22% marginal federal tax bracket. Employment taxes add an additional 15.3% and state income taxes often add an additional 5% or so. Even after considering the partial offset for the “employer’s share” of employment taxes, that young taxpayer is paying over 40% in taxes of each additional dollar earned. Earn $100 and pay $40 in taxes—perhaps that explains why so many young people have less incentive to earn more taxable income. It also provides an incentive to earn money “off the books.”\n\nIf the source of a rich person’s income is capital gains or qualified dividends, the marginal rate may be only 20%, plus the 3.8% net investment income tax, plus, perhaps, 5% state income tax for 28.8%. It should come as no surprise that the young taxpayer described above has no capital to invest, and is resentful of this tax structure. While few younger people are aware of these specific tax rates, I can understand their general attraction to Sen. Bernie Sanders’s tax proposals. Many taxpayers feel that the solution may have less to do with tax reform than with less government spending.",
    "published": "2020-03-19"
  },
  {
    "source": "WSJ",
    "title": "The New Tax Deadline: Pay by July 15",
    "summary": "Taxpayers who want to use the IRS’s deadline extension for payments still need to file something by April 15",
    "link": "https://www.wsj.com/articles/the-new-tax-deadline-pay-by-july-15-11584576882?mod=Searchresults_pos10&page=7",
    "content": "The IRS has issued guidance clarifying many details of the new July 15 deadline. Please see this article for the most up-to-date information.\n\nIn a historic move, the Internal Revenue Service has pushed the April 15 tax-payment deadline to July 15 this year for many people who haven’t paid their 2019 taxes.\n\nOn Wednesday, the agency released details of the change in response to the coronavirus pandemic. The bottom line: People who want to delay their tax payments must submit their tax returns or another form to the IRS by April 15 to claim this benefit without risking interest or penalties. The three-month extension to pay federal income taxes doesn’t change the obligation to file returns.\n\nIn short, taxpayers shouldn’t blow off their April 15 IRS filings just because they have heard there is a special extension this year.\n\nSome details of the change are pending, and the IRS may clarify them in the coming days. Here’s what we know now:\n\nWhat are the changes to the tax-filing deadlines for individuals?\n\nThe IRS is extending the April 15, 2020, tax-payment deadline until July 15, 2020, for individuals who have a 2019 tax balance due of $1 million or less per return and who file a return or an extension form with the IRS by April 15. These individuals will receive three extra months to pay the taxes they owe without the penalties and interest that would normally apply.\n\nTaxpayers who want the three-month payment extension must file either their tax return or Form 4868 with the IRS by April 15. Form 4868 is the one that filers ordinarily submit to receive a six-month extension to finish paperwork and file a complete return, and taxpayers can still use it for that purpose this year.\n\nHere’s an example. Susan had $35,000 of income tax withheld from her paycheck last year, but she owes the IRS another $3,000 for 2019.\n\nIf Susan files her return by April 15, she has until July 15 to pay the $3,000 without interest or penalties. If she files Form 4868, she’ll have until July 15 to pay the $3,000, and she will also have until Oct. 15, 2020, to file her complete tax return.\n\nHowever, the interest and penalty relief for the three-month extension doesn’t apply to all penalties. For example, if Susan owed an extra $15,000 instead of $3,000 and was underwithheld for 2019, she still would likely owe a penalty for underwithholding. She could pay it when she files; if not, the IRS will probably bill her for it.\n\nForm 4868 can be filed either electronically or on paper. If a paper form is used, it must be postmarked by April 15.\n\nWhat if someone owes taxes but doesn’t file their return or Form 4868 by April 15?\n\nThat person could owe penalties that can mount rapidly. One could be the late-filing penalty, which is as high as 5% of the tax due per month, with a maximum of 25%.\n\n“Taxpayers and preparers need to be careful because the penalties can be truly horrible,” said Gerard Schreiber, a certified public accountant in New Orleans who specializes in disaster-related tax changes.\n\nWhat does this mean for my refund?\n\nThe IRS doesn’t anticipate any refund delays. Treasury Secretary Steven Mnuchin has urged people getting refunds to file electronically soon, to get their refunds faster.\n\nDoes the three-month deadline extension mean I have until July 15 to contribute to my individual retirement account or Roth IRA for 2019?\n\nNo. The three-month extension doesn’t apply to these retirement-account contributions, so the deadline for them remains April 15.\n\nHas the government reduced or eliminated required minimum distributions from retirement plans for 2020, as it did for 2009?\n\nNo, at least not yet.\n\nI already filed my return and set an automatic withdrawal of my tax payment on April 15. Can I change the withdrawal to July 15?\n\nIt’s likely that you can, but check with your preparer or payment company. According to an IRS spokesman, both IRS Direct Pay and EFTPS, the electronic federal tax payment system, allow such changes.\n\nIs there also a grace period for quarterly estimated tax payments for individuals?\n\nYes. Many individual filers who pay quarterly estimated taxes can delay their April 15 payment until July 15. But the amount deferred, plus any 2019 taxes that are deferred under the IRS’s new extension, cannot exceed $1 million. The IRS hasn’t yet addressed second-quarter estimated taxes, which are due June 15.\n\nWhat about a tax-payment extension for corporations and for pass-through businesses, such as partnerships and S Corporations?\n\nSo-called C corporations that owe $10 million or less by April 15 can also benefit from the three-month payment deferral.\n\nThe IRS hasn’t announced relief for S Corporations and partnerships, and those returns were due March 16 for many of these businesses. The IRS is expected to address issues affecting them in the near future.\n\nHave the deadlines changed for sending information reports to taxpayers such as 1099 and K-1 partnership forms?\n\nNo.\n\nWhat’s the status of other tax deadlines, such as the 60-day limit for IRA rollovers or the last day to reply to a notice from the IRS?\n\nThe three-month extension of the April 15 payment date doesn’t alter such deadlines, but more IRS guidance may be forthcoming.\n\nAre any states delaying tax deadlines due to the coronavirus?\n\nCalifornia and South Carolina have already extended individual income-tax deadlines. Other states have said they would make decisions after the IRS’s official announcement. The American Institute of Certified Public Accountants is tracking state tax guidance related to the coronavirus here.\n\nRichard Rubin contributed to this article.\n\nWhat specific questions do you have about filing your taxes this year? Ask us here, and we will answer some of them in a future reporting project. What other financial questions have been on your mind? Name Contact information (email address or phone number) By submitting your response to this questionnaire, you are indicating you are willing to be contacted by a reporter for The Wall Street Journal to discuss your answers further. Your identity, including your name, will be kept confidential unless a reporter contacts you and you allow your name to be used. Your answers (not including name and email) have the potential to be used in future news stories in combination with other participants even if a WSJ reporter has not contacted you.\n\nWrite to Laura Saunders at laura.saunders@wsj.com",
    "published": "2020-03-19"
  },
  {
    "source": "WSJ",
    "title": "McConnell Unveils GOP Stimulus Plan Amid Coronavirus Crisis",
    "summary": "The proposal needs the support of Democrats before heading to President Trump’s desk",
    "link": "https://www.wsj.com/articles/senate-republicans-prepare-third-coronavirus-measure-11584622892?mod=Searchresults_pos20&page=3",
    "content": "WASHINGTON—Senate Majority Leader Mitch McConnell (R., Ky.) on Thursday introduced a stimulus package responding to the coronavirus crisis, proposing direct cash payments to many Americans as part of a larger plan also designed to help struggling businesses and health-care professionals.\n\nThe Trump administration has lobbied extensively for the stimulus package, which could top $1 trillion, to include direct payments. Mr. McConnell’s opening proposal will likely undergo changes in negotiations with Democrats in the House and Senate, and already faced criticism from some fellow Republicans over the structuring of the cash payments.\n\nThe plan Mr. McConnell introduced calls for taxpayers to receive up to $1,200, with married couples eligible to receive as much as $2,400 with an additional $500 for every child. Those payments will scale down for individuals who make more than $75,000 and couples that make more than $150,000. Individuals who make more than $99,000 and households that earn more than $198,000 won’t be eligible for direct assistance.\n\nThe Latest on the Coronavirus U.S. weekly jobless claims jump 70,000 to 281,000, higher than expected\n\nGlobal number of confirmed coronavirus infections passes 218,000\n\nChina records 34 imported cases of the virus\n\nEurope’s overall death toll is around 4,000\n\nNations put in place additional travel restrictions to limit the virus’s spread\n\nAmerican hospitals face a shortage of masks, gowns and other equipment\n\nWhite House to invoke Defense Production Act, which requires and incentivizes businesses to produce goods tied to national defense See more...\n\nUnder the proposal—a broad, wide-ranging plan that touches many sectors of the U.S. economy—the government will provide $50 billion in loan guarantees for passenger air carriers, $8 billion for cargo air carriers and $150 billion for other large businesses, authorizing the government to take equity stakes in them. The proposal also includes $300 billion for loan guarantees for small businesses.\n\n“This legislation takes bold action on four major priorities that are extremely urgent and very necessary,” Mr. McConnell said on the Senate floor. “I look forward to working with our Democratic colleagues and the administration to complete this important work and deliver for our country.”\n\nMr. McConnell asked several top Republicans to meet with Democrats and Trump administration officials on Friday, including Treasury Secretary Steven Mnuchin , to finalize an agreement. Senators are racing to pass a bill by the beginning of next week, preparing to work through the weekend to reach a deal.\n\nSenate Minority Leader Chuck Schumer (D., N.Y.), who has spoken several times with Mr. Mnuchin in recent days, said Thursday the stimulus package must include a strengthened form of unemployment insurance for Americans who have lost their jobs because of the pandemic. Mr. Schumer and House Speaker Nancy Pelosi (D., Calif.) released a joint statement Thursday evening laying out their priorities for the bill, which includes investing in health-care infrastructure and assisting workers.\n\n“That means taking bold action to help workers and small businesses first by greatly increasing unemployment insurance and Medicaid, making massive investments to help small businesses survive, expanding paid sick and family leave, and putting money directly into the hands of those who need it most,” the top Democrats on Capitol Hill wrote.\n\nIn a letter to congressional leaders, the heads of the National Governors Association asked lawmakers to provide an increase in Medicaid support twice as large as currently being considered.\n\nCalifornia orders the largest lockdown in the U.S., a stimulus package calls for taxpayers to receive up to $1,200, and Walmart will hire 150,000 temporary staffers in response to a surge in demand for groceries. WSJ’s Shelby Holliday has the latest on the pandemic. Photo: Patrick T. Fallon/Bloomberg News\n\nThe letter from Gov. Larry Hogan of Maryland, a Republican, and Gov. Andrew Cuomo of New York, a Democrat, noted that current legislation proposes an increase of 6 percentage points in the federal reimbursement rate, or the Federal Medical Assistance Percentage, to states. “However,” the governors wrote, “this falls short of what states will need.” The letter asks for an increase of least 12 percentage points, with a provision for an “automatic and more robust increase.”\n\nMr. Schumer and Mrs. Pelosi added in a later statement that the Senate Republican plan “is not at all pro-worker and instead puts corporations way ahead of workers.”\n\n“The Senate proposal is a strong starting point for the administration, and we look forward to serious bipartisan discussions to ensure Congress will quickly deliver strong results that further protect the economic health of the American people,” said White House Legislative Affairs Director Eric Ueland.\n\nBeyond the direct payments to individuals, the Republican proposal would relax a host of tax deadlines. Individuals wouldn’t have to file their 2019 tax returns until July 15, and individuals and corporations could avoid estimated tax payments until Oct. 15. In addition, employers could defer payroll tax payments until 2021 and 2022.\n\nFor businesses, the plan would relax the tax treatment of losses that Congress passed in 2017 and let companies carry back losses to offset against five years of prior profits. That could let companies claim quick refunds to get cash. Republicans also want to relax limits on interest deductions and fix several technical mistakes that were in the 2017 tax code overhaul. The biggest is one that requires many restaurants and retailers to depreciate renovation costs over 39 years instead of deducting them immediately.\n\nThe negotiations will also need to bridge divisions in GOP ranks. Senate Republicans concluded a closed-door lunch Thursday without agreeing on specifics on the legislation, including over the size, frequency, and method for distributing direct cash payments to Americans.\n\n“What I want is income,” said Sen. Lindsey Graham (R., S.C.) “Not one check, I want you to get a check you can count on every week.”\n\nThe legislation Mr. McConnell outlined provides for low-income Americans who paid no income taxes in 2018 to receive $600 if they earned $2,500 in qualifying income. That’s half the $1,200 that middle-income adults would receive.\n\n“Relief to families in this emergency shouldn’t be regressive,” Sen. Josh Hawley (R., Mo.) tweeted after the text was released. “Lower-income families shouldn’t be penalized.” Mr. Hawley said the bill had to be fixed.\n\nFrom spraying down subways to locking down entire cities, governments around the world are using similar measures to contain the coronavirus pandemic. Public-health experts look at past epidemics and scientific evidence to explain whether these tactics work.\n\nSeveral Republicans said they favored expanding unemployment payments to Americans who lose their job during the pandemic, while still others said the government should lend enough money to small businesses so that Americans can stay on payrolls throughout the crisis.\n\n“There’s some disagreement on direct payment checks, versus unemployment insurance, versus what a good lending program would look like,” said Sen. Kevin Cramer (R., N.D.).\n\nOn education, the Republican plan would allow the Secretary of Education to defer student loan payments for three months without a penalty. Students who dropped out of school this semester wouldn’t be required to return Pell grant money or student loan money they were already issued for the term.\n\nThe GOP plan would also relax restrictions on telehealth, expand flexible spending accounts to pay for over-the-counter prescriptions, and boost Medicare reimbursements for providers.\n\nIn a suggestion likely to anger Democrats, Republicans are seeking to roll back the Affordable Care Act employer coverage mandate, which requires employers with 50 or more full-time workers to offer health insurance or pay a penalty, saying it would provide relief for some businesses like grocers that may need to temporarily increase staffing.\n\nDemocrats are also grappling with what kind of financial assistance to offer to Americans who are no longer working because of the disease’s spread.\n\nHouse Democrats don’t have a consensus around direct payments to Americans, though several ideas are out there, according to several people familiar with the discussions. Mrs. Pelosi supports direct assistance to those who need it most; she didn’t set a threshold. She told lawmakers on a call with the Democratic caucus Thursday that she wants the legislation targeted at helping workers and not corporate executives.\n\nMany House Demoratic lawmakers are pushing for different plans. For example: House Financial Services Committee Chairman Maxine Waters (D., Calif.) wants to give American adults at least $2,000 and $1,000 for every child for each month of the crisis. As lawmakers discussed the payments on Thursday, some pointed out that dollars go further in some regions of the country than others.\n\nIn a Congress typically beset by partisan polarization and legislative gridlock, lawmakers have advanced legislation with unusual speed, passing an initial $8.3 billion bill that included funding for vaccine development and then subsequent legislation providing for paid leave that is estimated to cost more than $100 billion.\n\nAndrew Restuccia, Natalie Andrews and Gerald F. Seib contributed to this article.\n\nWrite to Andrew Duehren at andrew.duehren@wsj.com , Siobhan Hughes at siobhan.hughes@wsj.com and Lindsay Wise at lindsay.wise@wsj.com\n\nCorrections & Amplifications\n\nMaryland Gov. Larry Hogan and New York Gov. Andrew Cuomo noted that current legislation proposes an increase of 6 percentage points in the federal reimbursement rate, and asked for an increase of least 12 percentage points. An earlier version of this article misstated the figures as percentages. (March 20)",
    "published": "2020-03-19"
  },
  {
    "source": "WSJ",
    "title": "The Long Fight Against Unjust Taxes",
    "summary": "From ancient Jerusalem to the American Revolution and beyond, rebels have risen up against the burden of taxation.",
    "link": "https://www.wsj.com/articles/the-long-fight-against-unjust-taxes-11584632212?mod=Searchresults_pos14&page=6",
    "content": "With the world in the grip of a major health crisis, historical milestones are passing by with little notice. But the Boston Massacre, whose 250th anniversary was this month, deserves to be remembered as a cautionary tale.\n\nThe bloody encounter on March 5, 1770, began with the harassment of a British soldier by a crowd of Bostonians. Panicked soldiers responded by firing on the crowd, leaving five dead and six wounded. The colonists were irate about new taxes imposed by the British Parliament to pay for the expenses of the Seven Years War, which in North America pitted the British and Americans against the French and their Indian allies. Whether or not the tax increase was justified, the failure of British leaders to include the American colonies in the deliberative process was catastrophic. The slogan “No taxation without representation” became a rallying cry for the fledgling nation.\n\nThe attitude of tax-collecting authorities had hardly changed since ancient times, when empires treated their subject populations with greed, brutality and arrogance. In 1st-century Judea, anger over the taxes imposed by Rome combined with religious grievances to provoke a full-scale Jewish revolt in 66-73 A.D. It was an unequal battle, as most tax rebellions are, and the resistors were made to pay dearly: Jerusalem was sacked and the Second Temple destroyed, and all Jews in the Roman Empire were forced to pay a punitive tax.\n\nEven when tax revolts met with initial success, there was no guarantee that the authorities would carry out their promises. In 1381, a humble English roof tiler named Wat Tyler led an uprising, dubbed the Peasants’ Revolt, against a new poll tax. King Richard II met with Tyler and agreed to his demands, but only as a delaying tactic. The ringleaders were then rounded up and executed, and Richard revoked his concessions, claiming they had been made under duress.\n\nNevertheless, as the historian David F. Burg notes in his book “A World History of Tax Rebellions,” tax revolts have been more frequent than we realize, mainly because governments tend not to advertise them. In Germany, 210 separate protests and uprisings were recorded from 1300 to 1550, and at least 1,000 in Japan from 1600 to 1868.\n\nThe 19th century saw the rise of a new kind of tax rebel, the conscientious objector. In 1846, the writer and abolitionist Henry David Thoreau spent a night in the Concord, Mass., jail after he refused to pay a poll tax as a protest against slavery. He was released the next morning when his aunt paid it for him, against his will. But Thoreau would go on to withhold his taxes in protest against the Mexican-American War, arguing in his 1849 essay “Civil Disobedience” that it was better to go to jail than to “enable the State to commit violence and shed innocent blood.”\n\nIrwin Schiff , a colorful antitax advocate and failed libertarian presidential candidate, wouldn’t get off so easily. Arguing that the income tax violated the U.S. Constitution, he refused to pay it, despite being convicted of tax evasion three times. In 2015, he died at age 87 in a federal prison—an ironic confirmation of Benjamin Franklin ’s adage that “nothing can be said to be certain, except death and taxes.”\n\nFortunately for Americans at this time of national duress, tax day this year has been mercifully postponed.",
    "published": "2020-03-19"
  },
  {
    "source": "WSJ",
    "title": "Coronavirus-Era Food Supply: America Has a Lot. Moving It Is Tricky.",
    "summary": "Farm giants juggle operations to answer surge in demand and ready workers to fill in for any who fall ill; ‘Platoon coverage’",
    "link": "https://www.wsj.com/articles/the-food-supply-u-s-has-a-lot-the-outbreak-makes-moving-it-tricky-11584631411?mod=Searchresults_pos8&page=13",
    "content": "You wouldn’t know it from the bare grocery store shelves across the country, but America has plenty of food. The challenge is getting it from the farm to your table.\n\nCompanies that supply meat, vegetables and other staples are struggling to redirect the nation’s sprawling food supply chain to meet a surge in demand caused by the coronavirus pandemic.\n\nRestaurant closures and shoppers’ rush to stock their pantries are forcing the agriculture industry to boost production, hire new employees and set up “war rooms” to keep grocery stores stocked.\n\n“It is in fact unprecedented, the type of growth we’ve seen,” said Noel White , chief executive of Tyson Foods Inc., TSN 1.39 %increase; green up pointing triangle describing the demand from supermarkets needing to refill shelves.\n\nStill, he said, “the food supply is sufficient.”\n\nTo meet demand, processing plants are churning out more supermarket-ready packs of chicken breasts, pork chops and salad greens while companies build volunteer teams to deploy across facilities if workers fall ill.\n\nCompanies’ plans include cross-training employees to do various tasks; monitoring possible disruptions to the H-2A visa program used to import agricultural workers; and talking with hospitals and churches about setting up child-care options for workers if schools close.\n\nArkansas-based Tyson, the biggest U.S. meat supplier by sales, had employees working through the weekend to ship chicken, beef and other products to grocery stores, Mr. White said. Tyson switched some of its processing lines to make more shrink-wrapped meat and other store-ready products, while scaling back meat production for restaurants.\n\nTyson whole-bird chickens on a conveyer belt at a company facility Photo: Tyson\n\nSanderson Farms Inc. , a Mississippi-based poultry company, said it ran extra shifts last weekend in its five plants that produce meat for supermarkets and will add more this weekend.\n\nIn coming weeks, Sanderson could convert two plants handling mainly restaurant chicken to produce for grocery stores. That would involve cutting larger carcasses typically bound for restaurants and cafeterias into smaller pieces, and bringing in more labels and trays to package them, industry executives said.\n\nMeat Supply\n\nConsumers' rush to stock up on staple foods has driven wholesale meat prices higher, though domestic meat supplies have been at high levels.\n\nPercentage change in price 75 % Beef 50 25 Chicken 0 Pork –25 16 Mar. 2 Cold storage* 1.0 billion pounds 0.8 0.6 0.4 0.2 0 Pork Beef Chicken\n\nConsumers’ clamor to stock up is boosting poultry prices. Per-pound prices for boneless chicken breasts are up 30% since the start of March, according to commodity market-research firm Urner Barry.\n\nIn California’s Salinas Valley, Taylor Farms, a giant supplier of fresh vegetables and salad, has designated a conference room with white boards for walls as its war room. There, chief executive Bruce Taylor and a team have been mapping out how to quickly move raw produce grown on thousands of acres across North America through the company’s 16 processing facilities and onto store shelves.\n\n“It’s a crazy puzzle,” Mr. Taylor said. “This is war.”\n\nPlans include major shifts for plants such as one in Yuma, Ariz., that typically processes 15 million pounds of fresh-cut vegetables a week into 5-pound bags for food-service customers like Taco Bell Corp. or McDonald’s Corp.\n\nWith restaurant traffic slashed, employees are prepping smaller bags of vegetables or mixing them into salad blends for retailers such as Costco Wholesale Corp. To meet demand, four of Taylor Farms’ largest retail-geared plants also ran overtime last week and two did on Sunday.\n\nLast week, Taylor had to quickly truck packaging and equipment to Yuma in order to send vegetables to grocers in their usual plastic clamshell boxes, and it had to reroute the company’s hired trucking fleet to accommodate a roughly 25% surge in retail demand.\n\nAt Minnesota-based Cargill Inc., one of the biggest U.S. suppliers of ground beef, frozen turkey and cooked eggs, grocery chains’ orders surged over the last week as consumers stocked up, according to Ruth Kimmelshue , supply-chain head. Cargill maintains weeks’ worth of supplies of products such as deli meat, frozen turkeys and frozen eggs in cold storage, providing a buffer, she said.\n\nThe company has barred visitors from U.S. plants, is checking workers’ temperatures and is asking truckers to stay in their vehicles when making deliveries or pickups. In some plants, Cargill is stationing workers farther apart or spreading employees across multiple shifts.\n\nThe Food and Drug Administration says there is no evidence that food or food packaging has transmitted the coronavirus.\n\nOn Dec. 1, 2019, a patient in Wuhan, China, started showing symptoms of what doctors determined was a new coronavirus. Since then, the virus has spread to infect more than 100,000 people. Here’s how the virus grew to a global pandemic. Photo: Getty Images\n\n“We’re confident in the food system,” said Ms. Kimmelshue. “The pipelines will refill normally and there will be food available through this crisis.”\n\nChicken supplies in U.S. cold-storage facilities recently sat at their highest January levels on record, with pork hitting a similar record in December. Stockpiles of grains and oilseeds such as soybeans have swelled, partly because the U.S.-China trade war cut into exports. Milk production is set to rise 1.8% this year to a record 222.3 billion pounds, and egg production is projected to rise 1.7%, according to the U.S. Department of Agriculture.\n\nWorker shortages for farms, plants and logistics could hamstring the food industry’s efforts to deal with the crisis, executives said. The Agriculture Department on Monday pledged to make sure federal food inspectors would continue to supervise meat processing and other functions.\n\nShare Your Thoughts What ideas do you have for helping food suppliers to keep supermarkets supplied during the coronovirus crisis? Join the conversation below.\n\nU.S. highway-safety regulators late last week suspended rules limiting daily driving hours for truckers moving food, medical equipment and other critical goods, which some food companies had requested.\n\nLineage Logistics LLC, the biggest U.S. operator of refrigerated warehouses that serve as way stations for meat, produce and other goods on their way to supermarkets, says shipments from its facilities to stores are up by between 20% and 50%. Some chains are doubling their business from February’s levels, said CEO Greg Lehmkuhl .\n\n“We are at full tilt right now,” Mr. Lehmkuhl said.\n\nAt Lineage’s hub facilities in places such as Mira Loma, Calif., workers are loading and unloading trucks round the clock, racking up record overtime. The company has shifted some salaried employees to warehouse roles and is calling temp agencies to recruit laid-off restaurant and service workers.\n\n“There’s not a building in the country we’re not hiring at right now,” said Mr. Lehmkuhl. “We’re looking to hire people on the spot.”\n\nTaylor Farms, to make sure it can operate if some of its 22,000 employees fall ill, is cross-training some on the staff, such as teaching a forklift driver to operate a robot that puts bagged salads in boxes.\n\nOn farms, the company is limiting contact between workers, sending spinach-harvesting crews to work in separate vans and instructing them not to take breaks or eat lunch with crews in nearby fields.\n\nRose Acre Farms CEO Marcus Rust with his cage-free chickens in February 2015. Photo: Taylor Glascock for The Wall Street Journal\n\nAt the southern Indiana headquarters of Rose Acre Farms, one of the nation’s largest egg producers, chief executive Marcus Rust is assembling a volunteer team of employees that could be deployed to any of its farms in six states if workers fall ill.\n\nTo prevent the spread of disease, employees must answer daily questions about their health, and truck drivers have been told to avoid truck stops.\n\nRose Acre, which has about 25 million hens, has been overrun by supermarket orders and is scrambling to reroute eggs destined for food service to retail customers. That includes eight truckloads a week earmarked for a cruise line that has gone dark. Still, Mr. Rust said Rose Acre could be as much as 60 million eggs short this week.\n\n“All our warehouses were cleaned out over the weekend,” said Mr. Rust, adding that the price he receives for eggs has doubled over the past two weeks to roughly $1.60 a dozen.\n\nRose Acre has begun rationing the eggs it supplies to customers. “We can’t squeeze the chickens,” Mr. Rust said.\n\nAndersons Inc., an Ohio-based grain company, is identifying employees available for travel between dozens of its grain elevators to keep its corn, soybeans and wheat flowing from farms to processing plants in the event of worker shortages, said Corey Jorgenson , a senior vice president.\n\nSuch “platoon coverage” could keep affected plants running in states like Michigan and Ohio, where company facilities are clustered in close proximity to one another.\n\nWorkers in Florida City, Fla., sort through tomatoes after they are washed before being inspected and packed. Photo: Wilfredo Lee/Associated Press\n\nAt warehouses in eastern Washington, employees at Domex Superfresh Growers, one of the largest growers and shippers of apples, pears and cherries, raced to meet a 50% jump in demand over the weekend—packing and shipping six million pounds of fruit each day.\n\nRobert Kershaw , president, said if the surge continues, Domex may delay international shipments. Grandparents and older siblings have stepped in to care for young children belonging to its 1,500 employees. If child-care needs begin to keep employees home during the day, he said Domex would add shifts on nights or weekends.\n\nStaffing problems could grow more dire if new visa-processing restrictions limit the number of immigrant workers Mr. Kershaw can bring from Mexico to work on his fruit farms this year. Domex’s workforce typically swells to upwards of 10,000 people by fall. The State Department this week said it would stop processing most visas for U.S. entry in its offices across Mexico, including visas for seasonal workers, as the coronavirus spreads.\n\nThe move could affect tens of thousands of farm workers who enter the country through the nation’s H-2A visa program, threatening access to labor during a critical time in the growing season, though the Agriculture Department says consulates in Mexico have said they will prioritize visa-processing for returning farm workers.\n\nIn central Iowa, the surge of shoppers into grocery stores is helping pork producer Prestage Farms Inc. offset slower exports to China.\n\nCompany president Ron Prestage is nervous, though, that the virus’s spread could reduce staffing at the firm’s Eagle Grove, Iowa, pork-processing plant. That could create a logjam in the thousands of hogs the plant receives daily from farmers, who in turn depend on getting paid and clearing out space to raise the next generation of hogs.\n\nPrestage is talking with hospital officials and day-care providers about setting up child-care options if schools close, he said. Tyson, too, is looking at contracting with child-care providers, or working with church groups to set up temporary options for employees, said the company’s Mr. White.\n\nJust weeks ago, the U.S. meat industry was contending with oversupply concerns. China’s reopening to U.S. chicken shipments encouraged companies to raise more and fatter birds, but the coronavirus’s spread in China earlier this year bogged down some exports, swelling levels of poultry and pork in U.S. cold-storage facilities.\n\nThe virus’s spread, and responses of government and businesses, have changed the picture in a matter of days, said Russell Whitman , senior vice president at Urner Barry, the market-research firm.\n\n“You have retailers on fire, and food service shutting down,” he said.\n\nMVP Dairy co-owner Ken McCarty Photo: MVP Dairy\n\nThe U.S. is also awash in milk, but dairy farms are nonetheless hurrying to ensure they can keep the staple flowing. For MVP Dairy in northwest Ohio, co-owner Ken McCarty is scrutinizing his supply chain for shortfalls that could prevent him from delivering milk to the nation’s largest yogurt plant, owned by Danone North America, which produces brands such as Dannon and Oikos.\n\nHe is stocking up on extra feed ingredients in case transportation grows more restricted, and is hunting for vitamin and mineral substitutes for the dairy’s 4,000 cows in case overseas supplies are disrupted. MVP Dairy has also stepped up cleaning and sanitation of high-contact areas such as lunch counters, time clocks and door handles.\n\nEighteen miles away, Danone is running its yogurt plant at full speed to meet burgeoning demand, and taking precautionary measures such as ensuring it has a longer-lasting supply of critical raw ingredients than usual.\n\n“We’re in uncharted territory,” said Mariano Lozano , Danone NA’s chief executive. “We make decisions and cross-correct almost by the hour.”\n\nWrite to Jacob Bunge at jacob.bunge@wsj.com and Jesse Newman at jesse.newman@wsj.com\n\nCorrections & Amplifications\n\nBeef prices have grown over 65% since March 2. A previous version of a chart that ran with this article showed a 165% increase. (March 19)",
    "published": "2020-03-19"
  }
]