[
  {
    "source": "WSJ",
    "title": "The War on Judy Shelton",
    "summary": "Mandarins rebel against a Fed pick who doubts their monetary wisdom.",
    "link": "https://www.wsj.com/articles/the-war-on-judy-shelton-11581525292?mod=Searchresults_pos13&page=11",
    "content": "Judy Shelton finally gets her day in the Senate on Thursday, and if anyone has a coherent argument for denying her confirmation to a seat on the Federal Reserve Board of Governors we haven’t heard it. The caterwauling over her nomination confirms why her intellectual diversity is needed at the Fed.\n\nMs. Shelton, a long-time contributor to these pages, was bound to be controversial after a career challenging conventional monetary wisdom. Opposition to her nomination has congealed into two complaints. One is that Ms. Shelton has long supported a return to the gold standard. The other is that she has more recently abandoned that belief in monetary discipline for political reasons. Hey, no one said these critics are consistent. They’re also not honest.\n\n***\n\nMs. Shelton isn’t going to return the Fed to the 19th-century gold standard. Her interest in gold is part of the eternal monetary debate over which prices to follow in setting monetary policy, or whether to have a “price rule” at all. Unlike many monetary mandarins, she also believes that monetary policies that ignore exchange-rate stability wreak political and economic havoc.\n\nUnder floating exchange-rate regimes, “entrepreneurs in countries with overvalued currencies are unable to attract the foreign investment that should logically flow in their direction, while scam artists in countries with undervalued currencies lure global financial resources into brackish puddles,” she wrote in our pages in 2008.\n\n“The consequences of currency chaos affect the personal fortunes of millions of individual citizens; once unleashed, it can spawn social resentments and political upheavals that change the destiny of whole nations,” she wrote in a separate piece for us in 2008. Careful study of eras in which economies backed their currencies with gold, as Ms. Shelton has conducted, offers insights into the truth of this assessment, and also revealing contrasts with the catastrophic misfires of our era of floating rates.\n\nHer critics claim this is revolutionary, but the late Fed Chairman Paul Volcker also recognized the benefits of stable exchange rates. Former Fed Governor Wayne Angell followed a price rule that included commodity prices and, before and after his tenure as Fed chairman, Alan Greenspan praised gold as a sometimes useful price signal.\n\nThe second complaint is that Ms. Shelton demanded higher interest rates and less monetary accommodation when President Obama was in office. But she supposedly has abandoned those principles now so the Fed can keep the Trump economy rolling.\n\nThe inconvenient truth is that central bankers seem to have no clear idea these days about when they should raise or cut rates. Conventional wisdom dictates that they cut when economies are weak and raise when they’re strong. But mounting evidence across the developed world after a decade (two, in Japan) suggests that sustaining low rates and quantitative easing beyond a crisis to goose growth is destructive.\n\nProductivity suffers as zombie firms and bad investments proliferate and asset prices go haywire. Central bankers obsessed with the Phillips Curve trade-off between inflation and full employment can point to no rationale in their own theory for raising rates amid a strong economy if inflation still is on target.\n\nMs. Shelton was right to ask if the Fed should have stuck with low rates long after the immediate crisis of the financial panic and Great Recession had ended. More recently, Fed economists in December 2018 said a rate rise was necessary, only to quickly back off, without a clear theoretical basis for either decision.\n\nMs. Shelton calls the bluff on this by suggesting that if historically low unemployment and strong economic growth are not triggering rampant inflation, then perhaps the Fed should butt out for now. Especially if a consequence of a Fed rate hike would be to destabilize the exchange rate vis-a-vis other major central banks that remain staunchly dovish.\n\nMarkets agreed with her, going bonkers in the days after Fed Chairman Jerome Powell announced a rate hike and put an unwinding of quantitative-easing asset purchases on “autopilot” in December 2018. Investors recognized the Fed was operating on whim rather than any discernible economic logic, and their verdict was so brutal Mr. Powell had to reverse course a month later. Who was the crank then?\n\nNone of this is inconsistent with Ms. Shelton’s long-argued views. The inconsistency and confusion rest with her critics and the prevailing monetary establishment, and are dangerous for the U.S. economy.\n\nMs. Shelton is clearly qualified for the Fed role. The question for Senators is how much they trust Mr. Powell, or the academics and journalists who are trying to tank her nomination. If Senators really think these people are brilliant theorists capable of guaranteeing economic growth and financial stability—all evidence to the contrary—then go ahead and nix Ms. Shelton.\n\nBut the Fed is straying ever further into uncharted territory as it extends its low-rate regime and weighs whether or how to fully extricate itself from quantitative easing. If Senators harbor even a sliver of doubt over whether Ms. Shelton’s critics know what they’re doing, that’s all the more reason to confirm her as a distinctive voice in such crucial debates.\n\nAt a confirmation hearing on Feb. 12, 2020, Senators questioned nominee Judy Shelton about her views on monetary issues and Fed independence. Image: Sarah Silbiger/Getty Images",
    "published": "2020-02-12"
  },
  {
    "source": "WSJ",
    "title": "There’s a Great Future in Plastics—Except in China",
    "summary": "China has a bad reputation when it comes to the environment, but things are starting to change. That is great news for the planet. It is bad news, though, for suppliers of plastics and other goods that end up as waste in its landfills or haze in its skies.",
    "link": "https://www.wsj.com/articles/theres-a-great-future-in-plasticsexcept-in-china-11581503322?mod=Searchresults_pos9&page=5",
    "content": "China has a bad reputation when it comes to the environment, but things are starting to change. That is great news for the planet. It is bad news, though, for suppliers of plastics and other goods that end up as waste in its landfills or haze in its skies.\n\nThe most recent evidence: China announced in late January that it will ban nonbiodegradable plastic bags in most stores and for takeout food in major cities by the end of 2020. These restrictions, and new limits on other single-use plastic items, will gradually be expanded nationwide over the next half decade. Asian and European petrochemical companies look like potential losers.\n\nAll those plastic bags may not seem like much, but they add up. Commodities consulting firm ICIS estimates that the bag ban could ultimately dent China’s demand for polyethylene, the most important plastic globally, by about three million metric tons, or 9% of the country’s 2019 demand. China is by far the world’s largest importer and user of the substance, accounting for around 30% of global consumption.\n\nPolyethylene prices already were pummeled in 2019 by the trade war and big new capacity expansions in the U.S. China’s plastic-bag ban risks piling more downward pressure on prices over the next several years.\n\nChina is banning nonbiodegradable plastic bags in most stores and for takeout food in major cities by the end of 2020. Photo: chandan khanna/Agence France-Presse/Getty Images\n\nThe losers probably will be European and Asian petrochemical producers. Thanks to the shale revolution, U.S. plants already have a cost advantage on their natural gas feedstock. On top of that, the trade deal between the U.S. and China could further crowd out European and Asian petrochemical vendors competing for a smaller Chinese market. Since China’s ban was announced in late January, shares of Taipei-listed Formosa Petrochemical and India’s Reliance Industries are both down around 7%.\n\nThe policy change is also a worrying signal for the petroleum business. Oil giant BP estimates that, if global energy policies and technology keep evolving along their current trajectories, transport demand for oil could peak in the mid-2030s. That would leave so-called “non-combustibles” like plastic as the only significant source of demand growth.\n\nThe China dream used to be about getting rich, full stop. Now it is about quality of life, and a safe and clean environment too. In late 2017 the Communist Party made this explicit, restating its central mission as giving the Chinese people a “good life” and not just material prosperity. The coronavirus outbreak may place further pressure on the party to deliver.\n\nCompanies used to cashing in on the old, simpler Chinese dream could wake up to significantly less demand for their products a few years down the line.\n\nPlastic represents one of the biggest waste challenges for cities in the future. The Wall Street Journal examines the new technologies that could revolutionize our conception of waste. Photo illustration: Drew Evans/The Wall Street Journal\n\nWrite to Nathaniel Taplin at nathaniel.taplin@wsj.com",
    "published": "2020-02-12"
  },
  {
    "source": "WSJ",
    "title": "Newly Confirmed Coronavirus Cases in China’s Hubei Province Rise Sharply",
    "summary": "Beijing leaders offer tax relief and other measures to keep jobs filled and ensure necessities are available",
    "link": "https://www.wsj.com/articles/beijing-pledges-to-stabilize-chinas-economy-amid-coronavirus-outbreak-11581520499?mod=Searchresults_pos5&page=13",
    "content": "China reported nearly 10 times as many newly confirmed coronavirus cases Wednesday as Tuesday, after a new diagnosis classification was adopted, raising concerns that the scale of the outbreak has been much larger than Chinese data had suggested.\n\nNewly confirmed cases in Hubei province, of which Wuhan is the capital, jumped to 14,840 Wednesday from 1,638 a day earlier, official figures showed Thursday. Meanwhile 242 new deaths were reported in Hubei.\n\nThe provincial health commission has started to count clinically diagnosed cases—not just those with a positive laboratory test—as confirmed, contributing to the jump. This is consistent with how other provinces are classifying patients, the commission said.\n\nOf Wednesday’s new cases, 13,332 were clinically diagnosed.\n\nThe jump came a day after China’s National Health Commission said officials are starting to see positive changes in control of the disease.\n\nDoubts have proliferated among Wuhan residents over the accuracy of the swab testing kits that authorities have been using to diagnose cases. Some doctors and epidemiologists have called for hospitals to use chest scans in diagnosing the new virus.\n\nTest kits have also raised concerns in the U.S. Some of the labs validating the Centers for Disease Control and Prevention test got inconclusive results when running it themselves, the CDC said Wednesday. Those results were part of a test run, meaning not with actual patient samples.\n\nThe likely culprit is a reagent—a compound used to cause a chemical reaction—that isn’t behaving consistently, health authorities said. The CDC is working to remanufacture the reagent and send it back out.\n\nThis could result in delays in running diagnostics. Local and state health authorities were eager to access the tests themselves, to avoid the wait involved in sending samples through the CDC.\n\nWorkers watched a container ship arrive at a port in Qingdao, in eastern China's Shandong province, last week. Photo: Chinatopix/Associated Press\n\nThe U.S. on Wednesday confirmed its 14th coronavirus case, a female passenger on the second evacuation flight from Wuhan into Miramar Marine Corps Air Station in San Diego. She is the second person to test positive from the air base, where evacuees from Hubei province are waiting through a federally mandated 14-day quarantine. CDC officials said there was no evidence of person-to-person spread there.\n\nIn China on Wednesday, top leaders offered tax relief and other measures in a bid to stabilize an economy reeling from the outbreak, as businesses and factories have been slow to reopen after the extended Lunar New Year holiday and many workers at staying home.\n\nThe Politburo Standing Committee, the Communist Party’s top body, stressed in a meeting Wednesday the importance of keeping people employed and strengthening policies to support small and medium companies, according to state broadcaster China Central Television. Separately, China’s State Council, or cabinet, said it would offer rent and tax relief as part of an emergency plan to help small and private companies resume operations.\n\n“We must make every effort to ensure the supplies for outbreak response and daily necessities to maintain economic progress and people’s life,” said Chinese Premier Li Keqiang .\n\nBusinesses remained closed and streets were quiet across China’s largest cities Wednesday. In Beijing, subways that are typically jam-packed during peak travel times were mostly empty, and shopping malls were silent. The gatekeeper of one residential compound in downtown Beijing estimated that roughly 70% of the people living there have returned to the city following the holiday. Yet they appeared to be holing up: Dozens of parcels and grocery delivery orders were set out by the gate of the compound by delivery drivers. Some city parks and supermarkets, however, appeared to have an uptick in visitors.\n\nThe cabinet on Wednesday also called on officials to provide machinery and raw materials to businesses, especially manufacturers of medical products based outside Hubei province, which is at the center of the crisis. It promised to avoid mass layoffs and roll out more measures to ensure normal functioning in society and the economy. The standing committee, which is led by President Xi Jinping and includes other top leaders, said state-owned enterprises would resume production.\n\nWhether China is able to return the economy to normal and limit the economic fallout from the virus has broad ramifications for the global economy. China accounts for almost a fifth of global gross domestic product when adjusted for incomes—more than the U.S.’s 15% by the same measure. The outbreak has already disrupted world-wide supply chains and forced businesses to make hard decisions with limited information.\n\nWSJ’s Shan Li and Stephanie Yang were quarantined for 11 days in China’s Hubei province, the epicenter of the coronavirus, before returning to the U.S. The reporters describe what life is like under a mandatory 14-day quarantine at U.S. military bases. Photo: Stephanie Yang/The Wall Street Journal\n\nOn Wednesday, the GSMA canceled the Mobile World Congress in Barcelona after many companies—including Facebook Inc., Amazon.com Inc. and Sony Corp.—withdrew due to concerns about the coronavirus outbreak.\n\nIt is unclear how serious the economic damage will be from the coronavirus outbreak. But it risks hindering the government’s important political goal of doubling income levels and the size of the economy from where they stood in 2010, while lifting living standards for a remaining five million people still considered severely impoverished.\n\nThere are some signs that pessimism is growing. Feng Chucheng, an analyst with Plenum, a research firm, told clients in a note Monday that the continued disruption to the work environment in China could drive down first-quarter GDP growth to 2% or even into negative territory.\n\n“Most firms in the service sector will have to wait for at least another week, and most property projects will be on halt for at least 10 more days,” Mr. Feng wrote.\n\nWall Street economists, too, expect the virus to slam the Chinese economy in the first quarter and weigh on the rest of the world, including the U.S. But they say the impact on global growth will be mild and fully recouped once the sickness is fully contained.\n\nEconomists at Goldman Sachs Group Inc., for instance, expect first-quarter global growth to be hit by 2 percentage points on an annualized basis. They expect U.S. growth could slow as much as half a percentage point in the first quarter but fully recover by the end of the third quarter. Economists at JPMorgan Chase & Co. recently slashed their estimate for first-quarter global growth in half to a 1.3% annualized rate but also predicted a strong rebound later in the year.\n\nChina’s economic moves come a day after the central government in Beijing replaced two provincial health officials in Hubei province with a trusted official from China’s national health agency.\n\nHealth News in Your Inbox Get a curated weekly look at features, columns and headlines on personal health and the health industry. Sign up.\n\nAs of end Wednesday, the death toll from the outbreak was at more than 1,300 people, along with more than 59,000 confirmed cases in mainland China, most of them in Hubei.\n\nAlso on Wednesday, Chinese aviation officials urged other countries, many of which are banning flights from China and restricting travelers from the country, to ease their regulations. The restrictions have hurt the international aviation market and inconvenienced travelers, said Liang Nan , an international affairs official at China’s Civil Aviation Administration, according to the official Xinhua News Agency.\n\nThe World Health Organization has said that widespread travel bans aren’t necessary to halt the virus’s spread.\n\nTotal cargo and passenger turnover dropped 4.9% and 5.3%, respectively, in January compared with the year before, data from the agency showed Wednesday.\n\nChina has imported 2.84 billion yuan, or about $400 million, worth of products to help contain the virus, including masks and protective suits, from Jan. 24 to Feb. 11, China’s customs agency said Wednesday. With hospitals in Hubei overwhelmed and in need of supplies, Beijing has exempted donated materials from tariffs and taxes and cut some tariffs on some U.S. goods.\n\nThe coronavirus also led to the disruption of the largest sporting event yet, as organizers of the Formula One Chinese Grand Prix decided to postpone the prestigious motor-racing event that was set for April 19 in Shanghai. Since 2004, the race has routinely drawn crowds of more than 140,000 people.\n\nThe past month has already seen postponements of Olympic basketball qualifying games, international tennis matches, the world indoor athletics championships, and matches in China’s domestic soccer league. The longer-term threat remains for this summer’s Olympics in Tokyo, though the organizing committee has insisted that the Games would proceed as scheduled.\n\nBrianna Abbott, Stephanie Yang, Liyan Qi, Fanfan Wang, Raffaele Huang, Joshua Robinson and Sam Goldfarb contributed to this article.\n\nWrite to Erin Mendell at erin.mendell@wsj.com and Yoko Kubota at yoko.kubota@wsj.com",
    "published": "2020-02-12"
  },
  {
    "source": "WSJ",
    "title": "Chicago’s Bonds Aren’t Akin to Puerto Rico’s",
    "summary": "Chicago has been clear that the proceeds will repay higher-cost debt. That’s not a con but the equivalent of refinancing a mortgage to help pay for a child’s education.",
    "link": "https://www.wsj.com/articles/chicagos-bonds-arent-akin-to-puerto-ricos-11581544571?mod=Searchresults_pos19&page=15",
    "content": "Ice covered Lake Michigan is seen behind downtown skyline, in Chicago. Photo: Kiichiro Sato/Associated Press\n\nRegarding your editorial “Chicago’s Puerto Rican Bonds” (Feb. 1): Labeling Chicago’s new issuance of sales-tax-backed bonds a “shell scheme” is a poor analogy. Chicago has been clear that the proceeds will repay higher-cost debt. That’s not a con but the equivalent of refinancing a mortgage to help pay for a child’s education. Rather than “diluting” other creditors, the city’s move helps it achieve its goals. In positing that investors are so starved for yield that Chicago was able to essentially dupe them, the editorial overlooks key realities.\n\nFirst, it’s wrong to compare the yields on municipal bonds and Treasurys. Chicago’s securitization bonds carry a 5% coupon and pay tax-free interest whereas Treasurys are taxable, thereby explaining the heightened demand for the former.",
    "published": "2020-02-12"
  },
  {
    "source": "WSJ",
    "title": "U.S. Budget Deficit Grew 25% in First Four Months of Fiscal 2020 on Calendar Quirk",
    "summary": "Budget gap totaled $1.06 trillion over past 12 months",
    "link": "https://www.wsj.com/articles/u-s-budget-deficit-grew-25-in-first-four-months-of-fiscal-2020-treasury-says-11581534035?mod=Searchresults_pos18&page=15",
    "content": "WASHINGTON—The federal budget deficit grew 25% in the first four months of the fiscal year, largely as a result of a quirk in the calendar that brought forward payments of federal benefits, such as veteran and retiree benefits.\n\nThe U.S. budget gap totaled $389 billion from October through January, compared with $310 billion in the same period a year earlier, the U.S. Treasury Department said Wednesday. Federal outlays rose 10%, to $1.6 trillion, and federal tax receipts grew 6%, to $1.2 trillion—both record highs for the four-month period.\n\nSpending rose sharply because Feb. 1, the date on which certain benefits are paid, fell on a Saturday, shifting those payments into January. If not for that shift, the deficit would have been only 6% larger, and receipts and outlays each would have risen 7%.\n\nSHARE YOUR THOUGHTS Do you think the Trump administration has been properly addressing the nation’s deficit? Why or why not? Join the conversation below.\n\nHigher federal spending on the military and health care—which rose 9% and 15%, in the first four months of the fiscal year—continued to boost government spending, while low unemployment and sturdy economic growth have helped bolster individual and corporate tax receipts. Individual withheld taxes rose 5% from October through January, while corporate tax revenues, which have been rising since last summer, were up nearly 27%, the Treasury said.\n\nOver the 12 months that ended in January, receipts rose 6.7%, the most since February 2016. Outlays were up 8.8%, pushing the overall deficit to $1.06 trillion, a 16.4% increase from a year earlier. January was also the fourth month in a row that the U.S.’s year-over-year deficit topped $1 trillion.\n\nAs a share of gross domestic product, year-over-year deficits were 4.9%, compared with 4.3% in the previous 12 months. That was the highest deficit/GDP ratio since May 2013, when the unemployment rate was 7.5% and real GDP grew just 0.12% from the previous quarter.\n\nThe unemployment rate, at 3.6% in January, is trending near a 50-year low, and the economy grew 2.3% last year, in line with the average pace of growth during the 10-year expansion.\n\nDeficits typically narrow when the economy is strong, as rising household income and corporate profits bolsters government revenue, and spending on safety-net programs such as unemployment insurance declines. Instead, deficits have been rising in recent years amid a surge in government spending and weaker-than-expected receipts following the tax cuts enacted in 2017.\n\nThe White House budget released Monday projected deficits will narrow slightly to $966 billion in 2021 if its policy proposals are implemented, and continue to shrink until annual deficits are eliminated by 2035. But its projections are based on rosy assumptions about economic growth, and the path of revenues and spending.\n\nIn his third State of the Union speech, President Trump struck an upbeat note, touting economic achievements such as rising wages and declining unemployment. Photo: Getty Images\n\nThe Congressional Budget Office said last month deficits are expected to exceed $1 trillion a year for at least the next decade and likely beyond, driven higher by rising costs of entitlement programs such as Medicare and Social Security as the population ages and health-care costs rise. Deficits as a share of economic output are expected to more than double.\n\nEven those forecasts may be too low: CBO’s forecasts are based on the assumption that there are no changes to current spending and tax laws. President Trump ’s 2021 budget proposal calls for extending the tax cuts for individuals, set to expire in 2025, and Democrats on the presidential campaign trail are advocating ambitious policy proposals—the Green New Deal, Medicare for All—that could cost trillions of dollars if enacted.\n\nWrite to Kate Davidson at kate.davidson@wsj.com",
    "published": "2020-02-12"
  },
  {
    "source": "WSJ",
    "title": "Give Marijuana Tax Revenues to the Harmed",
    "summary": "We have a moral imperative to try to right the wrongs of the war on drugs. We should start by investing in the very communities it harmed.",
    "link": "https://www.wsj.com/articles/give-marijuana-tax-revenues-to-the-harmed-11581544633?mod=Searchresults_pos11&page=1",
    "content": "Customers show their purchases after shopping at Sunnyside Cannabis Dispensary on January 1, 2020 in Chicago. Photo: kamil krzaczynski/Agence France-Presse/Getty Images\n\nUsing cannabis tax revenues to plug local budget holes has been an effective talking point in advancing marijuana-legalization proposals across the country (“Cities Look to Marijuana Taxes for Help,” U.S. News, Feb. 5). However, it is vital that lawmakers also use these cannabis tax revenues to fund programs that serve the individuals whose lives and communities have been destroyed by the misguided, racially biased policies of America’s war on drugs. Decriminalization and expungement bills don’t go far enough.\n\nThe legal marijuana sector has witnessed unprecedented levels of growth, minting a new class of cannabis-industry millionaires. Unfortunately, the spoils are flowing almost exclusively to a small group of wealthy, well-connected and disproportionately white players. This is unacceptable, especially considering the fact that the devastating effects of cannabis criminalization affect almost exclusively low-income or minority communities.",
    "published": "2020-02-12"
  },
  {
    "source": "WSJ",
    "title": "Newly Confirmed Coronavirus Cases in China’s Hubei Province Rise Sharply",
    "summary": "Beijing leaders offer tax relief and other measures to keep jobs filled and ensure necessities are available",
    "link": "https://www.wsj.com/articles/beijing-pledges-to-stabilize-chinas-economy-amid-coronavirus-outbreak-11581520499?mod=Searchresults_pos16&page=5",
    "content": "China reported nearly 10 times as many newly confirmed coronavirus cases Wednesday as Tuesday, after a new diagnosis classification was adopted, raising concerns that the scale of the outbreak has been much larger than Chinese data had suggested.\n\nNewly confirmed cases in Hubei province, of which Wuhan is the capital, jumped to 14,840 Wednesday from 1,638 a day earlier, official figures showed Thursday. Meanwhile 242 new deaths were reported in Hubei.\n\nThe provincial health commission has started to count clinically diagnosed cases—not just those with a positive laboratory test—as confirmed, contributing to the jump. This is consistent with how other provinces are classifying patients, the commission said.\n\nOf Wednesday’s new cases, 13,332 were clinically diagnosed.\n\nThe jump came a day after China’s National Health Commission said officials are starting to see positive changes in control of the disease.\n\nDoubts have proliferated among Wuhan residents over the accuracy of the swab testing kits that authorities have been using to diagnose cases. Some doctors and epidemiologists have called for hospitals to use chest scans in diagnosing the new virus.\n\nTest kits have also raised concerns in the U.S. Some of the labs validating the Centers for Disease Control and Prevention test got inconclusive results when running it themselves, the CDC said Wednesday. Those results were part of a test run, meaning not with actual patient samples.\n\nThe likely culprit is a reagent—a compound used to cause a chemical reaction—that isn’t behaving consistently, health authorities said. The CDC is working to remanufacture the reagent and send it back out.\n\nThis could result in delays in running diagnostics. Local and state health authorities were eager to access the tests themselves, to avoid the wait involved in sending samples through the CDC.\n\nWorkers watched a container ship arrive at a port in Qingdao, in eastern China's Shandong province, last week. Photo: Chinatopix/Associated Press\n\nThe U.S. on Wednesday confirmed its 14th coronavirus case, a female passenger on the second evacuation flight from Wuhan into Miramar Marine Corps Air Station in San Diego. She is the second person to test positive from the air base, where evacuees from Hubei province are waiting through a federally mandated 14-day quarantine. CDC officials said there was no evidence of person-to-person spread there.\n\nIn China on Wednesday, top leaders offered tax relief and other measures in a bid to stabilize an economy reeling from the outbreak, as businesses and factories have been slow to reopen after the extended Lunar New Year holiday and many workers at staying home.\n\nThe Politburo Standing Committee, the Communist Party’s top body, stressed in a meeting Wednesday the importance of keeping people employed and strengthening policies to support small and medium companies, according to state broadcaster China Central Television. Separately, China’s State Council, or cabinet, said it would offer rent and tax relief as part of an emergency plan to help small and private companies resume operations.\n\n“We must make every effort to ensure the supplies for outbreak response and daily necessities to maintain economic progress and people’s life,” said Chinese Premier Li Keqiang .\n\nBusinesses remained closed and streets were quiet across China’s largest cities Wednesday. In Beijing, subways that are typically jam-packed during peak travel times were mostly empty, and shopping malls were silent. The gatekeeper of one residential compound in downtown Beijing estimated that roughly 70% of the people living there have returned to the city following the holiday. Yet they appeared to be holing up: Dozens of parcels and grocery delivery orders were set out by the gate of the compound by delivery drivers. Some city parks and supermarkets, however, appeared to have an uptick in visitors.\n\nThe cabinet on Wednesday also called on officials to provide machinery and raw materials to businesses, especially manufacturers of medical products based outside Hubei province, which is at the center of the crisis. It promised to avoid mass layoffs and roll out more measures to ensure normal functioning in society and the economy. The standing committee, which is led by President Xi Jinping and includes other top leaders, said state-owned enterprises would resume production.\n\nWhether China is able to return the economy to normal and limit the economic fallout from the virus has broad ramifications for the global economy. China accounts for almost a fifth of global gross domestic product when adjusted for incomes—more than the U.S.’s 15% by the same measure. The outbreak has already disrupted world-wide supply chains and forced businesses to make hard decisions with limited information.\n\nWSJ’s Shan Li and Stephanie Yang were quarantined for 11 days in China’s Hubei province, the epicenter of the coronavirus, before returning to the U.S. The reporters describe what life is like under a mandatory 14-day quarantine at U.S. military bases. Photo: Stephanie Yang/The Wall Street Journal\n\nOn Wednesday, the GSMA canceled the Mobile World Congress in Barcelona after many companies—including Facebook Inc., Amazon.com Inc. and Sony Corp.—withdrew due to concerns about the coronavirus outbreak.\n\nIt is unclear how serious the economic damage will be from the coronavirus outbreak. But it risks hindering the government’s important political goal of doubling income levels and the size of the economy from where they stood in 2010, while lifting living standards for a remaining five million people still considered severely impoverished.\n\nThere are some signs that pessimism is growing. Feng Chucheng, an analyst with Plenum, a research firm, told clients in a note Monday that the continued disruption to the work environment in China could drive down first-quarter GDP growth to 2% or even into negative territory.\n\n“Most firms in the service sector will have to wait for at least another week, and most property projects will be on halt for at least 10 more days,” Mr. Feng wrote.\n\nWall Street economists, too, expect the virus to slam the Chinese economy in the first quarter and weigh on the rest of the world, including the U.S. But they say the impact on global growth will be mild and fully recouped once the sickness is fully contained.\n\nEconomists at Goldman Sachs Group Inc., for instance, expect first-quarter global growth to be hit by 2 percentage points on an annualized basis. They expect U.S. growth could slow as much as half a percentage point in the first quarter but fully recover by the end of the third quarter. Economists at JPMorgan Chase & Co. recently slashed their estimate for first-quarter global growth in half to a 1.3% annualized rate but also predicted a strong rebound later in the year.\n\nChina’s economic moves come a day after the central government in Beijing replaced two provincial health officials in Hubei province with a trusted official from China’s national health agency.\n\nHealth News in Your Inbox Get a curated weekly look at features, columns and headlines on personal health and the health industry. Sign up.\n\nAs of end Wednesday, the death toll from the outbreak was at more than 1,300 people, along with more than 59,000 confirmed cases in mainland China, most of them in Hubei.\n\nAlso on Wednesday, Chinese aviation officials urged other countries, many of which are banning flights from China and restricting travelers from the country, to ease their regulations. The restrictions have hurt the international aviation market and inconvenienced travelers, said Liang Nan , an international affairs official at China’s Civil Aviation Administration, according to the official Xinhua News Agency.\n\nThe World Health Organization has said that widespread travel bans aren’t necessary to halt the virus’s spread.\n\nTotal cargo and passenger turnover dropped 4.9% and 5.3%, respectively, in January compared with the year before, data from the agency showed Wednesday.\n\nChina has imported 2.84 billion yuan, or about $400 million, worth of products to help contain the virus, including masks and protective suits, from Jan. 24 to Feb. 11, China’s customs agency said Wednesday. With hospitals in Hubei overwhelmed and in need of supplies, Beijing has exempted donated materials from tariffs and taxes and cut some tariffs on some U.S. goods.\n\nThe coronavirus also led to the disruption of the largest sporting event yet, as organizers of the Formula One Chinese Grand Prix decided to postpone the prestigious motor-racing event that was set for April 19 in Shanghai. Since 2004, the race has routinely drawn crowds of more than 140,000 people.\n\nThe past month has already seen postponements of Olympic basketball qualifying games, international tennis matches, the world indoor athletics championships, and matches in China’s domestic soccer league. The longer-term threat remains for this summer’s Olympics in Tokyo, though the organizing committee has insisted that the Games would proceed as scheduled.\n\nBrianna Abbott, Stephanie Yang, Liyan Qi, Fanfan Wang, Raffaele Huang, Joshua Robinson and Sam Goldfarb contributed to this article.\n\nWrite to Erin Mendell at erin.mendell@wsj.com and Yoko Kubota at yoko.kubota@wsj.com",
    "published": "2020-02-12"
  },
  {
    "source": "WSJ",
    "title": "Coronavirus Forces Gucci to Shift Gears in China",
    "summary": "Kering is the latest industry player to feel the impact of the outbreak",
    "link": "https://www.wsj.com/articles/coronavirus-forces-gucci-to-shift-gears-in-china-11581506899?mod=Searchresults_pos14&page=4",
    "content": "Half of Gucci’s stores in mainland China are closed, said the CEO of parent company Kering.\n\nPARIS—Gucci parent Kering SA KER 0.43 %increase; green up pointing triangle said the coronavirus outbreak has hit its business in China hard and forced it to shuffle its logistics and production, in the latest sign that the epidemic is roiling the luxury-goods industry.\n\nThe outbreak interrupted a strong run in the fourth quarter and January for Kering, which also owns Saint Laurent, Bottega Veneta, Balenciaga and other brands. Sales in the quarter rose 11% to €4.36 billion (about $4.75 billion).\n\nKering executives said its January sales were exceptionally strong, particularly to all-important Chinese clientele. But that was before the coronavirus outbreak began to take a deep toll at the end of the month.\n\nChinese shoppers are the luxury-goods industry’s most important clientele, representing about 35% of total global sales, according to Bain & Co. At Kering, they account for slightly more than 30% of global revenue, executives say.\n\nKering isn’t the first luxury-goods maker to feel the impact of the coronavirus.\n\nEarlier this month, the U.K.’s Burberry Group PLC BRBY 1.48 %increase; green up pointing triangle said the outbreak was hurting demand for its products in China and scrapped its full-year sales and profit guidance.\n\nA raft of other industry players, including Prada 1913 -1.35 %decrease; red down pointing triangle SpA and Hugo Boss AG, BOSS 0.34 %increase; green up pointing triangle have closed stores in China because of the epidemic.\n\nFrançois-Henri Pinault , the French billionaire who is the chief executive and the controlling shareholder of Kering, said Wednesday, “We have a strong drop in traffic and sales in the last 10 days.”\n\nHalf of the conglomerate’s stores in mainland China are closed, he said. The ones that are open are operating on reduced hours.\n\nKering is changing its production schedules and inventory distribution to reflect lower demand in China.\n\n“We are now brand by brand reallocating that inventory to other regions in the world so that we are not too heavy in stock in China,” Mr. Pinault said.\n\nKering said full-year sales were €15.88 billion, up 13% after adjusting for currency swings and other one-off impacts. Net profit for the year fell to €2.31 billion from €3.71 billion in 2018, largely due to a $1.4 billion tax settlement reached with Italian authorities.\n\nChallenges for travel and leisure stocks, slower economic growth and a weaker Chinese yuan are among the new market implications investors are dealing with as the new coronavirus spreads rapidly. Photo: Bloomberg/Qilai Shen\n\nCristina Roca contributed to this article.\n\nWrite to Matthew Dalton at Matthew.Dalton@wsj.com",
    "published": "2020-02-12"
  },
  {
    "source": "WSJ",
    "title": "A Charleston Home That Survived the Civil War Asks $9.995 Million",
    "summary": "The Georgian-style property is one of the city’s oldest estates. But the owners say they spent “seven figures” restoring and updating the historic home",
    "link": "https://www.wsj.com/articles/a-charleston-home-that-survived-the-civil-war-asks-9-995-million-11581531655?mod=Searchresults_pos19&page=12",
    "content": "In Charleston, S.C., the Southern city famous for its old houses, stands a Georgian-style home notable for being one of the very oldest: It was built in the 1740s, or three decades before the start of the Revolutionary War.\n\nThe double-house was once home to Colonel Jacob Motte, who served as treasurer for the South Carolina colony; about a century later it was battered by shells during the Civil War, according to the owner and books that mention the home. Many decades later it would become home to local residents like Alice Ravenel Huger Smith, who is known for her paintings of scenic streets and landscapes and was one of the leading figures in Charleston’s artistic renaissance after World War I.\n\nThe distinctive salmon-colored stucco property retains hallmarks of its time. It is two different structures—the kitchen and two bedrooms were separated in a different building to prevent the spread of potential fires. And its lot still contains two historic, Gothic Revival-inspired outhouses.\n\nPhoto: Maison Real Estate\n\nThe home’s owners, Dan and Ellen Kiser, said they poured millions into restoring the home and upgrading its systems -- they connected the two structures with a glass-covered walkway, replaced the kitchen and turned one of the historic outhouses into a pool bathroom. “ They are now listing the property for $9.995 million, Mr. Kiser said.\n\nIf the property sold for that price, it would set a record for a single-family home in Charleston, said listing agent Leslie Turner of Maison Real Estate. The previous record was set last year by the roughly $8.6 million sale of a 19th-century house on nearby Legare Street, she said. However, an in-contract condo in the area that was most recently listed for $12.5 million is widely expected to break that record when it closes later this year, she said.\n\nKnown locally as the “Capers Motte House,” the property gets its name from Mr. Motte, the onetime resident, and Richard Capers, a local believed to have built the home, according to “The Dwelling Houses of Charleston, South Carolina,” a 1917 book written by Ms. Smith. It is thought that meetings of South Carolina’s Commons House of Assembly were held in the house, prior to the construction of the local state house.\n\nAdvertisement\n\nOne of Charleston’s Most Historic Homes This house was built in the 1740s, or three decades before the start of the Revolutionary War. 1 of 10 A pre-Revolutionary War house in Charleston is on the market for $9.995 million. Maison Real Estate 1 of 10 A pre-Revolutionary War house in Charleston is on the market for $9.995 million. Maison Real Estate 1\n\n2\n\n3\n\n4\n\n5\n\n6\n\n7\n\n8\n\n9\n\n10\n\nCharleston was a focal point of secession at the start of the Civil War. In 1860, South Carolina was the first state to vote to secede from the union, and the first shots of the war were fired at Fort Sumter, about one mile from the property, in 1861.\n\n“Several shells fell on the house during the bombardment … and some of the rooms were badly shattered,” Ms. Smith wrote in her book. After Ms. Smith’s grandmother bought the house following the Civil War, she made careful repairs “so not to alter the general effect,” Ms. Smith wrote.\n\nThe Kisers purchased the property for $2 million in 1998 from a couple who had been operating it as a bed and breakfast, said Mr. Kiser, 73, an attorney. He and his wife plowed “seven figures” into restoring the property, he said.\n\nAdvertisement\n\nPhoto: Maison Real Estate\n\nIn addition to its history, the 8,524-square-foot house is notable for its large ballroom, which consumes half the second floor and has wood-paneled walls, detailed moldings, wall-mounted candelabras and an ornate fireplace. There’s a Cypress-paneled library, 15 fireplaces, King of Prussia marble fireplace surrounds and Delft tiles.\n\nThe property sits on about a third of an acre surrounded by high brick walls for privacy. It has a large garden with an oval pool, lush landscaping and the two privies.\n\nThe couple is selling because they’re simplifying their lives as they get older and already have homes in Washington D.C., where Mr. Kiser’s law firm is located, and in Palm Beach, Fla. He said his wife especially will miss sitting out in the private garden.\n\nMs. Turner, the listing agent, said homes with such historic significance rarely hit the market in Charleston, where low inventory has helped sustain strong pricing over the past year. She shares the listing with colleague Mary Lou Wertz.\n\n“We’re in a little bit of a bubble just because a lot of these places just can’t be replicated,” Ms. Turner said.\n\nLocal real estate expert Owen Tyler, a partner at the Cassina Group and the president of the South Carolina Realtors Association, said the luxury market has been consistent in the area, though homes priced at $5 million and up tend to take longer to sell.",
    "published": "2020-02-12"
  },
  {
    "source": "WSJ",
    "title": "The War on Judy Shelton",
    "summary": "Mandarins rebel against a Fed pick who doubts their monetary wisdom.",
    "link": "https://www.wsj.com/articles/the-war-on-judy-shelton-11581525292?mod=Searchresults_pos13&page=11",
    "content": "Judy Shelton finally gets her day in the Senate on Thursday, and if anyone has a coherent argument for denying her confirmation to a seat on the Federal Reserve Board of Governors we haven’t heard it. The caterwauling over her nomination confirms why her intellectual diversity is needed at the Fed.\n\nMs. Shelton, a long-time contributor to these pages, was bound to be controversial after a career challenging conventional monetary wisdom. Opposition to her nomination has congealed into two complaints. One is that Ms. Shelton has long supported a return to the gold standard. The other is that she has more recently abandoned that belief in monetary discipline for political reasons. Hey, no one said these critics are consistent. They’re also not honest.\n\n***\n\nMs. Shelton isn’t going to return the Fed to the 19th-century gold standard. Her interest in gold is part of the eternal monetary debate over which prices to follow in setting monetary policy, or whether to have a “price rule” at all. Unlike many monetary mandarins, she also believes that monetary policies that ignore exchange-rate stability wreak political and economic havoc.\n\nUnder floating exchange-rate regimes, “entrepreneurs in countries with overvalued currencies are unable to attract the foreign investment that should logically flow in their direction, while scam artists in countries with undervalued currencies lure global financial resources into brackish puddles,” she wrote in our pages in 2008.\n\n“The consequences of currency chaos affect the personal fortunes of millions of individual citizens; once unleashed, it can spawn social resentments and political upheavals that change the destiny of whole nations,” she wrote in a separate piece for us in 2008. Careful study of eras in which economies backed their currencies with gold, as Ms. Shelton has conducted, offers insights into the truth of this assessment, and also revealing contrasts with the catastrophic misfires of our era of floating rates.\n\nHer critics claim this is revolutionary, but the late Fed Chairman Paul Volcker also recognized the benefits of stable exchange rates. Former Fed Governor Wayne Angell followed a price rule that included commodity prices and, before and after his tenure as Fed chairman, Alan Greenspan praised gold as a sometimes useful price signal.\n\nThe second complaint is that Ms. Shelton demanded higher interest rates and less monetary accommodation when President Obama was in office. But she supposedly has abandoned those principles now so the Fed can keep the Trump economy rolling.\n\nThe inconvenient truth is that central bankers seem to have no clear idea these days about when they should raise or cut rates. Conventional wisdom dictates that they cut when economies are weak and raise when they’re strong. But mounting evidence across the developed world after a decade (two, in Japan) suggests that sustaining low rates and quantitative easing beyond a crisis to goose growth is destructive.\n\nProductivity suffers as zombie firms and bad investments proliferate and asset prices go haywire. Central bankers obsessed with the Phillips Curve trade-off between inflation and full employment can point to no rationale in their own theory for raising rates amid a strong economy if inflation still is on target.\n\nMs. Shelton was right to ask if the Fed should have stuck with low rates long after the immediate crisis of the financial panic and Great Recession had ended. More recently, Fed economists in December 2018 said a rate rise was necessary, only to quickly back off, without a clear theoretical basis for either decision.\n\nMs. Shelton calls the bluff on this by suggesting that if historically low unemployment and strong economic growth are not triggering rampant inflation, then perhaps the Fed should butt out for now. Especially if a consequence of a Fed rate hike would be to destabilize the exchange rate vis-a-vis other major central banks that remain staunchly dovish.\n\nMarkets agreed with her, going bonkers in the days after Fed Chairman Jerome Powell announced a rate hike and put an unwinding of quantitative-easing asset purchases on “autopilot” in December 2018. Investors recognized the Fed was operating on whim rather than any discernible economic logic, and their verdict was so brutal Mr. Powell had to reverse course a month later. Who was the crank then?\n\nNone of this is inconsistent with Ms. Shelton’s long-argued views. The inconsistency and confusion rest with her critics and the prevailing monetary establishment, and are dangerous for the U.S. economy.\n\nMs. Shelton is clearly qualified for the Fed role. The question for Senators is how much they trust Mr. Powell, or the academics and journalists who are trying to tank her nomination. If Senators really think these people are brilliant theorists capable of guaranteeing economic growth and financial stability—all evidence to the contrary—then go ahead and nix Ms. Shelton.\n\nBut the Fed is straying ever further into uncharted territory as it extends its low-rate regime and weighs whether or how to fully extricate itself from quantitative easing. If Senators harbor even a sliver of doubt over whether Ms. Shelton’s critics know what they’re doing, that’s all the more reason to confirm her as a distinctive voice in such crucial debates.\n\nAt a confirmation hearing on Feb. 12, 2020, Senators questioned nominee Judy Shelton about her views on monetary issues and Fed independence. Image: Sarah Silbiger/Getty Images",
    "published": "2020-02-12"
  },
  {
    "source": "WSJ",
    "title": "There’s a Great Future in Plastics—Except in China",
    "summary": "China has a bad reputation when it comes to the environment, but things are starting to change. That is great news for the planet. It is bad news, though, for suppliers of plastics and other goods that end up as waste in its landfills or haze in its skies.",
    "link": "https://www.wsj.com/articles/theres-a-great-future-in-plasticsexcept-in-china-11581503322?mod=Searchresults_pos9&page=5",
    "content": "China has a bad reputation when it comes to the environment, but things are starting to change. That is great news for the planet. It is bad news, though, for suppliers of plastics and other goods that end up as waste in its landfills or haze in its skies.\n\nThe most recent evidence: China announced in late January that it will ban nonbiodegradable plastic bags in most stores and for takeout food in major cities by the end of 2020. These restrictions, and new limits on other single-use plastic items, will gradually be expanded nationwide over the next half decade. Asian and European petrochemical companies look like potential losers.\n\nAll those plastic bags may not seem like much, but they add up. Commodities consulting firm ICIS estimates that the bag ban could ultimately dent China’s demand for polyethylene, the most important plastic globally, by about three million metric tons, or 9% of the country’s 2019 demand. China is by far the world’s largest importer and user of the substance, accounting for around 30% of global consumption.\n\nPolyethylene prices already were pummeled in 2019 by the trade war and big new capacity expansions in the U.S. China’s plastic-bag ban risks piling more downward pressure on prices over the next several years.\n\nChina is banning nonbiodegradable plastic bags in most stores and for takeout food in major cities by the end of 2020. Photo: chandan khanna/Agence France-Presse/Getty Images\n\nThe losers probably will be European and Asian petrochemical producers. Thanks to the shale revolution, U.S. plants already have a cost advantage on their natural gas feedstock. On top of that, the trade deal between the U.S. and China could further crowd out European and Asian petrochemical vendors competing for a smaller Chinese market. Since China’s ban was announced in late January, shares of Taipei-listed Formosa Petrochemical and India’s Reliance Industries are both down around 7%.\n\nThe policy change is also a worrying signal for the petroleum business. Oil giant BP estimates that, if global energy policies and technology keep evolving along their current trajectories, transport demand for oil could peak in the mid-2030s. That would leave so-called “non-combustibles” like plastic as the only significant source of demand growth.\n\nThe China dream used to be about getting rich, full stop. Now it is about quality of life, and a safe and clean environment too. In late 2017 the Communist Party made this explicit, restating its central mission as giving the Chinese people a “good life” and not just material prosperity. The coronavirus outbreak may place further pressure on the party to deliver.\n\nCompanies used to cashing in on the old, simpler Chinese dream could wake up to significantly less demand for their products a few years down the line.\n\nPlastic represents one of the biggest waste challenges for cities in the future. The Wall Street Journal examines the new technologies that could revolutionize our conception of waste. Photo illustration: Drew Evans/The Wall Street Journal\n\nWrite to Nathaniel Taplin at nathaniel.taplin@wsj.com",
    "published": "2020-02-12"
  }
]