[
  {
    "source": "WSJ",
    "title": "Will Coronavirus Kill Populism?",
    "summary": "Trump’s 2016 victory shook the world. His re-election would be more consequential.",
    "link": "https://www.wsj.com/articles/will-coronavirus-kill-populism-11585004780?mod=Searchresults_pos16&page=15",
    "content": "The coronavirus’s economic impact is dramatic; the virus’s consequences for world politics could be more consequential. To begin with, the balance of world power could change significantly as some nations recover with relative speed, while others face longer and deeper social and political crises. But the crisis is also affecting nations’ domestic politics, and it is through this channel that its most lasting consequences will likely be felt.\n\nWell before the pandemic, populist movements, sometimes under authoritarian leaders, were challenging established, centrist political parties and ideas around the world. The globalist, free-trade policies that had dominated the international agenda since the 1990s were among the populists’ chief targets, along with international institutions ranging from the International Monetary Fund and the World Trade Organization to the European Union.\n\nThe question is whether the pandemic will provoke renewed support for technical expertise and multilateralism or will accelerate the erosion of what critics call the “neoliberal order” of the post-Cold War world.\n\nThere is a clear case for a return to establishment politics and global policy making in the face of a problem like the coronavirus. Both the medical and economic dimensions of the pandemic call for expert leadership and international cooperation. Neither the spread of a global disease nor its economic consequences can be dealt with by national governments on their own. If one country succeeds in controlling the epidemic but its neighbors fail, the epidemic will return. And the disruption of world trade patterns and financial markets will require concerted action to get the global economy back on its feet.\n\nSo far, however, the coronavirus does not seem to be promoting cooperation among world leaders or respect for global institutions. The pandemic has widened the gap between the U.S. and China. While the EU has moved quickly to remove limits on eurozone members’ fiscal deficits, Europe’s national governments so far have focused almost entirely on addressing their problems without much consultation. Steps like excluding Taiwan from emergency meetings and praising China’s response to the virus have made the World Health Organization look like a mouthpiece for Beijing. Neither the Group of Seven nor the Group of 20 has played a conspicuous role, and the IMF and World Bank haven’t been at the forefront of the world’s response. National governments, not international agencies and institutions, have primarily shaped the response.\n\nThis may all change as this unprecedented global crisis unfolds, but the current dynamic will likely continue for some time. With the partial exception of the eurozone, the sudden need for many businesses to seek loans and bailouts from national governments will increase the power of national politicians. It will also encourage voters—many of whose livelihoods will now depend on government help—to look to national leaders as their defenders against storms and dangers arising from foreign parts.\n\nYet some aspects of the crisis push the political trend the other way. Namely, many countries lack the resources needed to weather a shock of this kind. As the pandemic cripples economic activity in countries like Egypt and Pakistan, international organizations like the IMF and the World Bank will likely move back toward center stage.\n\nThe international trading system will face unprecedented pressure. The WTO was not designed for times like this; a period of nation-state-led economic recovery will put more pressure on that troubled organization. The potential for enduring shifts in the politics of trade should not be discounted. The Chinese origin of the virus and the ensuing recession and disruption of supply chains could lead voters in many countries to embrace the politics of protectionism and autarky. If national leaders conclude that the security of critical medical, information-technology and defense supply chains justifies the economic cost of the protectionist policies required to produce critical industrial and medical goods at home, the cause of free trade would suffer a major defeat.\n\nThe world will be looking at the U.S. elections this year with more than its usual concern. The verdict of American voters on Donald Trump, the world’s most prominent antiestablishment populist, will have both substantive and symbolic consequences for politics around the world. A victory for Joe Biden would put the weight of the U.S. government back on the side of the post-Cold War program of multilateralism and globalization.\n\nAt the level of symbolism, a Trump defeat would signal to politicians around the world that the populist surge might have peaked; we could see a return to more consensus-based centrist politics and policy making in other parts of the West.\n\nA Trump win, on the other hand, would be the strongest possible signal to the world that the politics of disruption have not run their course. Mr. Trump’s election was a shock to the old international system; his re-election in the aftermath of the pandemic would be more consequential still.",
    "published": "2020-03-23"
  },
  {
    "source": "WSJ",
    "title": "For Now, Pay Workers to Stay Home",
    "summary": "Service employees need aid during the lockdowns, but long-term cash transfers would leave them worse off.",
    "link": "https://www.wsj.com/articles/for-now-pay-workers-to-stay-home-11585005030?mod=Searchresults_pos13&page=17",
    "content": "Desperate times need extreme measures—and only in the face of the new coronavirus does it make sense for the federal government to send money directly to every American. Cash payments are the most direct way to reduce the economic harm that lockdowns will inflict on the one-fifth of workers employed in vulnerable service industries.\n\nMore than 32 million Americans work in retail trade, hospitality and leisure. In the past half-century, face-to-face services have become the great employer of less-educated Americans and the best hope for escaping a bleak, jobless future. As machinery replaced human labor, first on farms and then in factories, people found employment doing interpersonal tasks that are far harder to mechanize. A machine can make and even serve your coffee, but only a friendly barista can convincingly tell you that you look great today while doling out a latte.\n\nLarge metropolitan areas have thrived as places for work based on close, in-person interaction—information businesses with creative and professional workers, as well as services that offer a variety of retail products. The Covid-19 pandemic threatens the latter part of that interaction economy. Rich and poor alike need to self-isolate during this pandemic, but rich and poor can experience quarantine quite differently. If your job depends on selling directly to consumers and you struggle to make rent each month, this moment could be terrifying. Cash transfers are the simplest way of staving off the suffering.\n\nPolicy makers must resist the urge to extend these payments beyond the crisis, however, because most of the time Americans need to work more, not less. In 1967, less than 5% of prime-age men weren’t in the labor force. For most of the past decade, that figure has exceeded 15%. By almost every measure, joblessness creates far more misery than low-wage work. Work creates a sense of purpose and social connection. Happiness comes from doing, not from having. America should never accept the dystopian vision of a vast army of unemployed workers sustained by government handouts that are labeled “basic income.”\n\nThe major downside of cash transfer programs is that free money means that there is less need to put up with an unpleasant boss. The negative income tax experiments of the 1970s, which are a model for unconditional cash transfers today, are estimated to have reduced hours worked by one to five weeks a year among transfer recipients. But while we are in the maw of this plague, people should be discouraged from going to work outside the home anyway, and so the downsides of cash transfers are minimal.\n\nPhoto: Getty Images/iStockphoto\n\nIt is too soon to know what will happen on the other side of the pandemic. Rearrangements of businesses around the crisis might shift a large share of gross domestic product to online services even long after, which would make the face-to-face part of the U.S. economy look quite different. But not knowing exactly what changes this moment will bring, policy makers should structure their emergency payments to cause minimal economic distortion.\n\nOne way to do this would be to offer the payments to every American regardless of income, but then assess each recipient’s need after the fact and recoup the expense in a progressive manner. Everyone could get $2,000 right away, but if their household income exceeded $200,000 the following year they would be charged for 100% of the payment in taxes. Households below $100,000 might pay no tax, and intermediate earners could pay something in between. That way the money would be conditional, but people wouldn’t have to worry about it until the next tax season.\n\nThe U.S. will get through this emergency and shift its focus to recovery. As policy makers deliberate on the best form of long-term stimulus, they will need to think seriously about encouraging work and job creation. For now, however, jobless isolation is the right answer for many service-sector employees, and unconditional cash transfers are the best way to make that joblessness less painful.\n\nMr. Glaeser is a professor of economics at Harvard.",
    "published": "2020-03-23"
  },
  {
    "source": "WSJ",
    "title": "New Property Tax Would Hit Manhattan Billionaires, Many in Brooklyn’s Middle Class",
    "summary": "Proposal to overhaul New York City’s property tax system would dramatically raise taxes on one-to-three-family homes, hold down taxes on co-ops and condos",
    "link": "https://www.wsj.com/articles/new-property-tax-would-hit-manhattan-billionaires-many-in-brooklyns-middle-class-11584962188?mod=Searchresults_pos13&page=6",
    "content": "Multifamily brownstones such as this one in Brooklyn could face higher taxes under a tax-overhaul plan.\n\nA mayoral commission’s preliminary proposal to overhaul New York City’s complex property tax system would dramatically raise the tax burden on owners of one-to-three-family homes, while holding down taxes on co-op and condominium apartments, a Wall Street Journal analysis found.\n\nTaxes on houses would rise by a total of more than $1.13 billion, or about 25% above current taxes, even though more than a third of all owners of these homes would pay less.\n\nOwners of Manhattan penthouses and mansions would pay more too, but the plan would have the biggest tax shock on homeowners across an arc of newly fashionable Brooklyn neighborhoods, from Williamsburg in the north to Park Slope, where Mayor Bill de Blasio owns two row houses, to Bushwick to the east.\n\nThe commission was set up in 2018 to recommend changes to the city’s tax system after a lawsuit backed by renters, civil rights groups and major building owners threatened to upend it. The suit charged that the complex system was unconstitutional and rigged to favor owners of houses and co-op and condominium apartments at the expense of other taxpayers and the renters who indirectly pay the tax.\n\nThe initial recommendations, released in January, proposed sweeping away special rules that kept assessments and taxes low by limiting assessments, and providing significant abatements to co-op and condo owners who live in their units. Instead, they proposed taxing all owners of houses, co-ops and condos based on the full market value of properties, using a single combined tax rate that would raise the same amount of total tax revenue.\n\nThe plans call for the changes to be phased in over five years, and would include exemptions to protect taxpayers on limited incomes. James Parrott, a commission member and director of economic and fiscal policies at the Center for New York City Affairs, cautioned that the commission’s work was still at an early stage and could change.\n\nThe commission has begun holding hearings on its proposals.\n\nThe commission focused on examples of inequities by comparing tax burden to market values, which have risen sharply in many neighborhoods as the city’s economy boomed. The Journal looked at the impact and calculated estimated tax bills for 955,000 residential properties across the city, based on the commission plan.\n\nIn Brooklyn, owners of houses, co-ops and condominiums built before 2010 would face higher taxes, especially in neighborhoods where taxes haven't kept pace with the rise in values. Brooklyn taxpayers in total would pay $953 million more, a 42% increase.\n\nMore than four out of five homeowners in Brooklyn would see increases, while nearly three out of four taxpayers in Staten Island would pay less.\n\nOverall throughout the city, taxes on co-ops and condos would be little changed. Taxes on co-ops would fall 2% on average, while taxes on older condos would be unchanged on average. But condos built since 2010 would see taxes rise by nearly 20%.\n\nIn the past, homeowners who benefited from the city’s property tax system have been able to persuade politicians to protect them year after year. But tax reformers now hope that the plan will divide homeowners as it cuts taxes for some and raises them for others, giving it a chance of passage in Albany.\n\nTaxes on City Council member Brad Lander ’s brick row house in Park Slope would rise nearly fivefold, according to the Journal analysis.\n\n“I have been dramatically undertaxed and that is not, in aggregate, fair to the city,” he said. He attributed the discrepancy to change in “neighborhoods that have seen gentrification over the last decade or so.” But the Democrat said he would not support a system that is “fair on average” unless it protects homeowners on limited incomes.\n\nTaxes on two homes owned by Mayor de Blasio a few blocks away would rise from about $9,000 a year to more than $25,000, the Journal found. The mayor’s office had no comment.\n\nThe Journal analysis estimated market values of co-ops, condos and small apartment buildings by reviewing 400,000 past sales and identified $543 billion in additional market values for these properties by looking at sales of nearby properties with similar characteristics.\n\nIt then computed the tax rate that would be needed in the new tax system to produce the current revenue paid to the city. The rate was used to calculate individual tax bills under the plan.\n\nAt 220 Central Park South, a penthouse that sold last year for a New York record of $240 million would face a tax of $2.26 million, up from $557,881. At 834 Fifth Ave., a co-op where an apartment sold for $77.5 million in 2015, taxes were projected to rise to $323,000 per unit on average from $116,000.\n\nBut across much of Manhattan, co-op average taxes would fall sharply, and overall, two-thirds of co-ops would get lower bills.\n\nTo offset the impact of higher taxes, the commission proposed a discount for taxpayers who live in their homes and have limited incomes. The money to be paid for these subsidies and discounts would be raised through a higher tax rate for all residential taxpayers.\n\nA subsidy of $600 million would raise overall taxes by an additional 4.8%, the Journal analysis found. That would translate to nearly 71,000 fewer taxpayers getting a tax cut than projected by the analysis before any discounts or subsidies are applied.\n\nSince the commission made its recommendations, pressure from the constitutional challenge to the tax system has eased: In February, an appellate court panel, in a unanimous ruling, dismissed the suit.\n\nMany Brooklyn homes are owned and occupied by less affluent families, despite the paper wealth of rising real-estate values, who could be hard pressed to pay higher taxes.\n\nRobert Marvin , a retired city worker and his wife, Elaine, a retired teacher, face a potential tax increase of $9,700, according to the Journal analysis, more than double their current tax bill on the row house in Prospect Lefferts Gardens they purchased in 1974 for $28,000.\n\n“The higher taxes would be a considerable pain,” he said.\n\nWith a fixed income from pensions and Social Security of about $120,000 a year, he said their income would probably be too high to qualify for much in the way of tax relief the commission might offer lower income taxpayers. He said the plan might trigger a boisterous backlash.\n\n“Homeowners vote in disproportionate percentages and have a considerable amount of political clout,” he said.\n\nWrite to Josh Barbanel at josh.barbanel@wsj.com",
    "published": "2020-03-23"
  },
  {
    "source": "WSJ",
    "title": "Oil Collapse Sinks Hornbeck Offshore’s Debt Proposal",
    "summary": "With oil prices down and the coronavirus pandemic roiling markets, the owner of supply-and-support vessels abandoned a $674 million debt exchange",
    "link": "https://www.wsj.com/articles/oil-collapse-sinks-hornbeck-offshores-debt-proposal-11584999032?mod=Searchresults_pos12&page=10",
    "content": "Hornbeck Offshore Services vessels sit docked at a port in Louisiana. Photo: Luke Sharrett/Bloomberg News\n\nHornbeck Offshore Services Inc. said Monday it was scrapping its proposed out-of-court debt swap after the spreading coronavirus pandemic and oil price war have pushed crude prices below $24 a barrel.\n\nThe Covington, La.-based company said it was abandoning its debt exchange offer after “circumstances surrounding Covid-19 and the precipitous decline in oil prices” meant it wouldn’t get enough votes for approval of the deal.",
    "published": "2020-03-23"
  },
  {
    "source": "WSJ",
    "title": "Business Makes War on Coronavirus",
    "summary": "U.S. manufacturers turn their might from making cars to making ventilators.",
    "link": "https://www.wsj.com/articles/business-makes-war-on-coronavirus-11585004754?mod=Searchresults_pos6&page=12",
    "content": "Of all the coronavirus nightmares, the one most haunting doctors, governors and hospital administrators is finding themselves without enough ventilators to go around. When a patient can’t breathe on his own, a ventilator moves air in and out of his lungs. For a Covid-19 patient in critical care, a ventilator can be the one thing standing between him and certain death.\n\nBut in a shortage, who lives and who dies could become a coin toss. If there’s only one ventilator and three people need it, who’s the lucky winner? The 80-year-old grandmother in otherwise perfect health? The 65-year-old father of four with diabetes? Or the 70-year-old retired doctor or nurse who’s just come back into service to help defeat the virus?\n\nThere are two ways to address shortages. The first is by reducing demand, which in this case means trying to prevent the number of people infected from ever reaching the point of overwhelming the hospitals’ ability to treat them. This is why we have quarantines, shelter-in-place orders and self-distancing.\n\nThe other is to boost supply. On Friday Vice President Mike Pence announced that his team had identified “tens of thousands” of ventilators that can be “retrofitted and converted” to treat people with Covid-19. Unfortunately, it still may not be enough: Gov. Andrew Cuomo says New York alone may need 30,000 ventilators—more than five times what it now has. Which is why President Trump has invoked the Defense Production Act in hope of enlisting American manufacturers in the effort to ramp up production of ventilators and other badly needed medical items.\n\n“It won’t be easy or overnight,” says Chris Kiple , “but it can be done.” Mr. Kiple is CEO of Seattle-based Ventec Life Systems. He says Ventec is one of about a dozen players in the global market for ventilators, only about half of which are U.S.-based companies.\n\nThe smart governors, Mr. Kiple adds, have already been out shopping for the ventilators they need. Certainly Mr. Cuomo has made it clear that he is. But countries such as Italy and China have been placing orders for a while, giving them a jump on the U.S.\n\nThere are some technical challenges to rapid expansion. Ventilators aren’t one-size-fits-all. There are huge ventilators for hospital intensive-care units. Others are battery powered and portable. Ventec is unusual, its CEO says, because its VOCSN ventilator is not only portable but multifunctional. In addition to ventilation, it includes an oxygen concentrator, a cough assist, a hospital-grade suction system and a nebulizer. It can be used from hospitals to homes.\n\nSupply lines present a further challenge. Some parts, Mr. Kiple allows, might be made with a three-dimensional printer. But not an entire ventilator. And even if manufacturing is rapidly scaled up, it won’t mean anything unless provisions are also made to train the many thousands of new respiratory therapists needed to run the machines.\n\nBut even this isn’t the biggest problem.\n\n“The biggest problem,” Mr. Kiple says, “is that no one knows how many ventilators we need.”\n\nGiven the cost—ventilators run from roughly $25,000 to $50,000—no one is going to risk producing thousands that go unsold or buying thousands that go unused. If there’s a role for government, it’s probably to help set a number for how many are needed, and then provide a guarantee to manufacturers for any they can’t sell or to hospitals for any but end up not needing.\n\nThat’ll cost taxpayers a pile of money. But it is at least targeted to a defined need. Mr. Kiple says if the White House and hospitals want to see ventilators produced and deployed quickly, the orders need to come in now.\n\nThe good news, he says, is that players in the private sector, he says, have already been in touch with one another to see how they might team up. Before coronavirus hit, Ventec’s peak output was roughly 150 ventilators a month. Now his team is working around the clock to boost that to 1,000 within the next 90 days.\n\nThey are not stopping there. On Friday Ventec announced it will work in partnership with General Motors. The idea is to combine GM’s experience of mass-production manufacturing with Ventec’s technology. Mr. Kiple says the partnership will mean getting “more ventilators to more hospitals much faster.” The president tweeted Sunday: “Go for it auto execs.”\n\nMeanwhile, Mr. Trump has been vague about how exactly he intends to use the powers of the Defense Production Act. Right now he appears to want to require companies like Ventec to turn over the ventilators they make—and the federal government will distribute them. But there may be better ways. And indeed the president has also said that if the states find themselves outbid by the federal government, he would give the states priority because they are closer to the problem and have a better idea where the real need is.\n\nAs for Mr. Kiple, he says business is stepping up to the challenge. “There are many unknowns about this pandemic,” he says. “The only known is that every ventilator available has the potential to save lives.”\n\nWrite to mcgurn@wsj.com.",
    "published": "2020-03-23"
  },
  {
    "source": "WSJ",
    "title": "Will Coronavirus Kill Populism?",
    "summary": "Trump’s 2016 victory shook the world. His re-election would be more consequential.",
    "link": "https://www.wsj.com/articles/will-coronavirus-kill-populism-11585004780?mod=Searchresults_pos13&page=15",
    "content": "The coronavirus’s economic impact is dramatic; the virus’s consequences for world politics could be more consequential. To begin with, the balance of world power could change significantly as some nations recover with relative speed, while others face longer and deeper social and political crises. But the crisis is also affecting nations’ domestic politics, and it is through this channel that its most lasting consequences will likely be felt.\n\nWell before the pandemic, populist movements, sometimes under authoritarian leaders, were challenging established, centrist political parties and ideas around the world. The globalist, free-trade policies that had dominated the international agenda since the 1990s were among the populists’ chief targets, along with international institutions ranging from the International Monetary Fund and the World Trade Organization to the European Union.\n\nThe question is whether the pandemic will provoke renewed support for technical expertise and multilateralism or will accelerate the erosion of what critics call the “neoliberal order” of the post-Cold War world.\n\nThere is a clear case for a return to establishment politics and global policy making in the face of a problem like the coronavirus. Both the medical and economic dimensions of the pandemic call for expert leadership and international cooperation. Neither the spread of a global disease nor its economic consequences can be dealt with by national governments on their own. If one country succeeds in controlling the epidemic but its neighbors fail, the epidemic will return. And the disruption of world trade patterns and financial markets will require concerted action to get the global economy back on its feet.\n\nSo far, however, the coronavirus does not seem to be promoting cooperation among world leaders or respect for global institutions. The pandemic has widened the gap between the U.S. and China. While the EU has moved quickly to remove limits on eurozone members’ fiscal deficits, Europe’s national governments so far have focused almost entirely on addressing their problems without much consultation. Steps like excluding Taiwan from emergency meetings and praising China’s response to the virus have made the World Health Organization look like a mouthpiece for Beijing. Neither the Group of Seven nor the Group of 20 has played a conspicuous role, and the IMF and World Bank haven’t been at the forefront of the world’s response. National governments, not international agencies and institutions, have primarily shaped the response.\n\nThis may all change as this unprecedented global crisis unfolds, but the current dynamic will likely continue for some time. With the partial exception of the eurozone, the sudden need for many businesses to seek loans and bailouts from national governments will increase the power of national politicians. It will also encourage voters—many of whose livelihoods will now depend on government help—to look to national leaders as their defenders against storms and dangers arising from foreign parts.\n\nYet some aspects of the crisis push the political trend the other way. Namely, many countries lack the resources needed to weather a shock of this kind. As the pandemic cripples economic activity in countries like Egypt and Pakistan, international organizations like the IMF and the World Bank will likely move back toward center stage.\n\nThe international trading system will face unprecedented pressure. The WTO was not designed for times like this; a period of nation-state-led economic recovery will put more pressure on that troubled organization. The potential for enduring shifts in the politics of trade should not be discounted. The Chinese origin of the virus and the ensuing recession and disruption of supply chains could lead voters in many countries to embrace the politics of protectionism and autarky. If national leaders conclude that the security of critical medical, information-technology and defense supply chains justifies the economic cost of the protectionist policies required to produce critical industrial and medical goods at home, the cause of free trade would suffer a major defeat.\n\nThe world will be looking at the U.S. elections this year with more than its usual concern. The verdict of American voters on Donald Trump, the world’s most prominent antiestablishment populist, will have both substantive and symbolic consequences for politics around the world. A victory for Joe Biden would put the weight of the U.S. government back on the side of the post-Cold War program of multilateralism and globalization.\n\nAt the level of symbolism, a Trump defeat would signal to politicians around the world that the populist surge might have peaked; we could see a return to more consensus-based centrist politics and policy making in other parts of the West.\n\nA Trump win, on the other hand, would be the strongest possible signal to the world that the politics of disruption have not run their course. Mr. Trump’s election was a shock to the old international system; his re-election in the aftermath of the pandemic would be more consequential still.",
    "published": "2020-03-23"
  },
  {
    "source": "WSJ",
    "title": "Copper Slides as Coronavirus Hits Demand, Exchange Activity",
    "summary": "The LME closes its open-outcry Ring for the first time since World War II",
    "link": "https://www.wsj.com/articles/copper-slides-as-coronavirus-hits-demand-exchange-activity-11584973154?mod=Searchresults_pos8&page=15",
    "content": "Copper prices dropped Monday, posting a fresh multiyear low, with the coronavirus pandemic damaging demand for raw materials and changing the way business is conducted on one of the world’s biggest metals exchanges.\n\nFront-month copper futures ended the day down 3.2% at $2.1195 a pound on the New York Mercantile Exchange, closing at their lowest level since October 2016. The declines echoed a selloff in the industrial metal on the London Metal Exchange, which closed its Ring—where traders assemble in a circle to buy and sell metal—for the first time since World War II as part of the U.K.’s efforts to slow the spread of Covid-19.\n\nMonday’s loss extended copper’s decline for the month to 17%, and analysts said prices would have fallen further if miners such as Freeport-McMoRan Inc. FCX 0.36 %increase; green up pointing triangle hadn’t closed some production and put new projects on pause. In another sign of the pressure facing metals producers, Freeport said Monday it is suspending its first-quarter dividend to shareholders.\n\nThe drop in copper prices is a potentially dangerous signal for the world economy, since the metal’s use in infrastructure, manufacturing and electrical wiring makes it a barometer for global growth. Prices are likely to come under more pressure as production in metal-intensive industries slows down and consumers avoid buying appliances such as air-conditioning units.\n\n“The consumer’s not going to buy the washing machine because they don’t have the money or they’re insecure about whether they’re going to have the money,” said Eleni Joannides , a copper analyst at Wood Mackenzie, a consultancy. Copper production is now sure to exceed consumption this year, she said, leading to a buildup in supplies and weighing on prices.\n\nCopper prices are likely to come under more pressure as production in metal-intensive industries slows down. Photo: nguyen huy kham/Reuters\n\nThe closure of the LME’s Ring, which originated as a circle drawn with sawdust in the early 19th century and where traders buy and sell metals using arcane hand gestures, likely added to the pressure on prices Monday.\n\nAround 85%-90% of metals trading in London already takes place on the LME’s electronic LMEselect system and over the telephone, but the Ring plays an important role in setting official prices that are used as benchmarks throughout the metals industry. As of Monday, all official prices will be set electronically for the first time in the exchange’s 143-year history.\n\nThe Ring also plays a key role in allowing industrial users of the metal, as opposed to hedge funds and other investors, to hedge positions on specific future dates. The LME told members last week that its temporary closure could lead to short-term market disruption.\n\n“People are concerned—it’s quite an unprecedented switch,” said Tom Mulqueen , head of research at Amalgamated Metal Trading Ltd., one of the Category 1 LME members that normally trade in the Ring. “There’s a lot of uncertainty about exactly how it will work.”\n\nA downturn in the auto industry, which accounts for around 7% of global copper consumption, would deal a particular blow to metal markets. Detroit car companies have agreed to shut down factories in the U.S., Mexico and Canada temporarily. In Europe, most car plants have closed to protect workers from contracting Covid-19.\n\nOne potential bright spot for the copper market is China, which accounts for just under half of global copper demand and where business is slowly getting back up to speed after widespread lockdowns earlier in 2020. However, much of the copper that China buys is then re-exported to end consumers elsewhere, meaning Chinese demand isn’t immune to economic disruption in the U.S. and Europe.\n\nAnother pain point for metal markets is the energy industry, which is slashing investment in metal-intensive projects after a historic crash in prices. French giant Total SA plans to cut spending on oil-and-gas exploration by $2.5 billion, The Wall Street Journal reported Sunday.\n\nThe fall in oil prices, coupled with the strong dollar, is also pushing down production costs for miners. This could forestall further output cuts, which in turn could lead to an eventual recovery in prices, according to Citigroup analyst Maximilian Layton .\n\nU.S. crude oil closed up 3.2% at $23.36 a barrel Monday, remaining near last week’s 18-year low, with fuel demand crumbling and a price war between Saudi Arabia and Russia threatening to flood global energy markets.\n\nElsewhere in commodities, front-month gold futures rose 5.6% to $1,567 a troy ounce, trimming some of their recent slide, with investors favoring havens again. The rise marked gold’s best day in a decade. Prices are still 6.4% below a peak hit two weeks ago after investors sold bullion in previous sessions to raise cash.\n\nAmrith Ramkumar contributed to this article.\n\nWrite to Joe Wallace at Joe.Wallace@wsj.com",
    "published": "2020-03-23"
  }
]