[
  {
    "source": "WSJ",
    "title": "How a $12.98 T-Shirt Is Made in America\u2014at a Profit",
    "published": "2024-12-30",
    "inference_result": [
      {
        "label": "neutral",
        "score": 0.6824405789375305
      }
    ]
  },
  {
    "source": "WSJ",
    "title": "Modelo Brewer Constellation Brands Awaits Fateful Decision on Tariffs",
    "published": "2024-12-30",
    "inference_result": [
      {
        "label": "negative",
        "score": 0.9456647634506226
      }
    ]
  },
  {
    "source": "WSJ",
    "title": "Stocks Cap Best Two Years in a Quarter-Century",
    "published": "2024-12-30",
    "inference_result": [
      {
        "label": "positive",
        "score": 0.9221517443656921
      }
    ]
  },
  {
    "source": "WSJ",
    "title": "Credit Spreads Haven\u2019t Looked This Good Since the 2000s. Can They Get Better?",
    "published": "2024-12-30",
    "inference_result": [
      {
        "label": "positive",
        "score": 0.9433082342147827
      }
    ]
  },
  {
    "source": "WSJ",
    "title": "Trump\u2019s Tax Cuts Were Good. A Flat Tax Would Be Better",
    "published": "2024-12-30",
    "inference_result": [
      {
        "label": "neutral",
        "score": 0.8604627847671509
      }
    ]
  },
  {
    "source": "WSJ",
    "title": "Help Wanted: U.S. Factories Seek Workers for the Nearshoring Boom",
    "published": "2024-12-30",
    "inference_result": [
      {
        "label": "neutral",
        "score": 0.5296528339385986
      }
    ]
  },
  {
    "source": "WSJ",
    "title": "Africa Has Entered a New Era of War",
    "published": "2024-12-30",
    "inference_result": [
      {
        "label": "negative",
        "score": 0.8566271662712097
      }
    ]
  },
  {
    "source": "WSJ",
    "title": "Trump\u2019s Tax Cuts Were Good. A Flat Tax Would Be Better",
    "published": "2024-12-30",
    "inference_result": [
      {
        "label": "neutral",
        "score": 0.8604627847671509
      }
    ]
  },
  {
    "source": "WSJ",
    "title": "Jimmy Carter Was a Great Citizen",
    "published": "2024-12-30",
    "inference_result": [
      {
        "label": "neutral",
        "score": 0.7730289101600647
      }
    ]
  },
  {
    "source": "WSJ",
    "title": "A Record-Shattering $1 Trillion Poured Into ETFs This Year",
    "published": "2024-12-30",
    "inference_result": [
      {
        "label": "positive",
        "score": 0.8973070979118347
      }
    ]
  }
]