[
  {
    "source": "WSJ",
    "title": "Trump Picks Scott Bessent as Treasury Secretary",
    "published": "2024-11-22",
    "inference_result": [
      {
        "label": "neutral",
        "score": 0.8807142972946167
      }
    ]
  },
  {
    "source": "WSJ",
    "title": "Trump\u2019s Oil and Gas Donors Don\u2019t Really Want to \u2018Drill, Baby, Drill\u2019",
    "published": "2024-11-22",
    "inference_result": [
      {
        "label": "neutral",
        "score": 0.8000866770744324
      }
    ]
  },
  {
    "source": "WSJ",
    "title": "To Challenge China, India Needs to Get Out of the Way of Its Factory Owners",
    "published": "2024-11-22",
    "inference_result": [
      {
        "label": "negative",
        "score": 0.8321623802185059
      }
    ]
  },
  {
    "source": "WSJ",
    "title": "European Economies Slow as Tariff Threats Compound Political Turmoil",
    "published": "2024-11-22",
    "inference_result": [
      {
        "label": "negative",
        "score": 0.9735842347145081
      }
    ]
  },
  {
    "source": "WSJ",
    "title": "Republicans Are Feeling Good Again, Driving Up Consumer Sentiment",
    "published": "2024-11-22",
    "inference_result": [
      {
        "label": "negative",
        "score": 0.8196173906326294
      }
    ]
  },
  {
    "source": "WSJ",
    "title": "Is the Ukraine War Stoppable?",
    "published": "2024-11-22",
    "inference_result": [
      {
        "label": "negative",
        "score": 0.851897120475769
      }
    ]
  },
  {
    "source": "WSJ",
    "title": "Tulsi Gabbard Attacked Trump While a Democrat",
    "published": "2024-11-22",
    "inference_result": [
      {
        "label": "neutral",
        "score": 0.9202932119369507
      }
    ]
  },
  {
    "source": "WSJ",
    "title": "\u2018I Don\u2019t Know Where to Turn or What to Do.\u2019 His $763,094 Retirement Fund Is in Limbo.",
    "published": "2024-11-22",
    "inference_result": [
      {
        "label": "neutral",
        "score": 0.929641604423523
      }
    ]
  },
  {
    "source": "WSJ",
    "title": "Arizona Cities Will Pay a Price for Ignoring Homelessness",
    "published": "2024-11-22",
    "inference_result": [
      {
        "label": "negative",
        "score": 0.7998880743980408
      }
    ]
  },
  {
    "source": "WSJ",
    "title": "\u2018Four Against the West\u2019 Review: Judge Bean and Brothers",
    "published": "2024-11-22",
    "inference_result": [
      {
        "label": "neutral",
        "score": 0.8957884907722473
      }
    ]
  },
  {
    "source": "WSJ",
    "title": "\u2018The Art Front\u2019 Review: The Nemesis of the Looters",
    "published": "2024-11-22",
    "inference_result": [
      {
        "label": "neutral",
        "score": 0.7505091428756714
      }
    ]
  },
  {
    "source": "WSJ",
    "title": "For Some of the Best Values in Wine Now, Look for \u2018Vin de France\u2019 on the Label",
    "published": "2024-11-22",
    "inference_result": [
      {
        "label": "neutral",
        "score": 0.8106663227081299
      }
    ]
  },
  {
    "source": "WSJ",
    "title": "Have a Window With a Terrible View? Try These Design-Expert Fixes.",
    "published": "2024-11-22",
    "inference_result": [
      {
        "label": "neutral",
        "score": 0.9030410051345825
      }
    ]
  },
  {
    "source": "WSJ",
    "title": "Forget Italy. Why Albania Should Be Smart Travelers\u2019 Next Stop.",
    "published": "2024-11-22",
    "inference_result": [
      {
        "label": "neutral",
        "score": 0.8086972236633301
      }
    ]
  },
  {
    "source": "WSJ",
    "title": "Offbeat Layering: A Surprisingly Easy Way for Men to Look More Stylish",
    "published": "2024-11-22",
    "inference_result": [
      {
        "label": "neutral",
        "score": 0.8725502490997314
      }
    ]
  },
  {
    "source": "WSJ",
    "title": "How Hegseth Cultivated an Image That Caught Trump\u2019s Eye",
    "published": "2024-11-22",
    "inference_result": [
      {
        "label": "neutral",
        "score": 0.9043692350387573
      }
    ]
  }
]