[
  {
    "source": "WSJ",
    "title": "BP to Book Up to $2 Billion Impairment, Warns of Lower Refining Margins",
    "published": "2024-07-09",
    "inference_result": [
      {
        "label": "neutral",
        "score": 0.6179800033569336
      }
    ]
  },
  {
    "source": "WSJ",
    "title": "What Kind of Immigration Helps the U.S. Economy?",
    "published": "2024-07-09",
    "inference_result": [
      {
        "label": "neutral",
        "score": 0.7111631631851196
      }
    ]
  },
  {
    "source": "WSJ",
    "title": "The Hard Financial Lessons I Learned as a New Freelancer",
    "published": "2024-07-09",
    "inference_result": [
      {
        "label": "neutral",
        "score": 0.8445396423339844
      }
    ]
  },
  {
    "source": "WSJ",
    "title": "The Doctors and Mr. Biden\u2019s Decline",
    "published": "2024-07-09",
    "inference_result": [
      {
        "label": "negative",
        "score": 0.8350856304168701
      }
    ]
  },
  {
    "source": "WSJ",
    "title": "Hillsdale Bids a Hero Farewell",
    "published": "2024-07-09",
    "inference_result": [
      {
        "label": "negative",
        "score": 0.7251555919647217
      }
    ]
  },
  {
    "source": "WSJ",
    "title": "Nearly Two Million Without Power in Sweltering Heat After Beryl Pummels Texas",
    "published": "2024-07-09",
    "inference_result": [
      {
        "label": "positive",
        "score": 0.5485639572143555
      }
    ]
  },
  {
    "source": "WSJ",
    "title": "NATO Allies Confront \u2018Serious Gap\u2019 in Arms Production to Counter Russia",
    "published": "2024-07-09",
    "inference_result": [
      {
        "label": "negative",
        "score": 0.706282913684845
      }
    ]
  }
]