[
  {
    "source": "WSJ",
    "title": "Currency Tailspin Forces Brazil\u2019s Leader to Do the Unthinkable: Cut Spending",
    "published": "2024-12-20",
    "inference_result": [
      {
        "label": "negative",
        "score": 0.9712523221969604
      }
    ]
  },
  {
    "source": "WSJ",
    "title": "The Fed Cut Rates. Mortgage Costs Went Up.",
    "published": "2024-12-20",
    "inference_result": [
      {
        "label": "negative",
        "score": 0.933769702911377
      }
    ]
  },
  {
    "source": "WSJ",
    "title": "Vietnam Won Big in Donald Trump\u2019s First Trade War. Now, It\u2019s a Target.",
    "published": "2024-12-20",
    "inference_result": [
      {
        "label": "negative",
        "score": 0.4332655072212219
      }
    ]
  },
  {
    "source": "WSJ",
    "title": "Currency Tailspin Forces Brazil\u2019s Leader to Do the Unthinkable: Cut Spending",
    "published": "2024-12-20",
    "inference_result": [
      {
        "label": "negative",
        "score": 0.9712523221969604
      }
    ]
  },
  {
    "source": "WSJ",
    "title": "Vietnam Won Big in Donald Trump\u2019s First Trade War. Now, It\u2019s a Target.",
    "published": "2024-12-20",
    "inference_result": [
      {
        "label": "negative",
        "score": 0.4332655072212219
      }
    ]
  },
  {
    "source": "WSJ",
    "title": "Remembering the World War I Christmas Truce",
    "published": "2024-12-20",
    "inference_result": [
      {
        "label": "neutral",
        "score": 0.6177023649215698
      }
    ]
  },
  {
    "source": "WSJ",
    "title": "Trump Warns Europe to Buy More U.S. Oil and Gas or Face Tariffs",
    "published": "2024-12-20",
    "inference_result": [
      {
        "label": "neutral",
        "score": 0.9065992832183838
      }
    ]
  },
  {
    "source": "WSJ",
    "title": "Russia Taps Soviet-Era Stockpiles as Armored-Vehicle Supply Dwindles",
    "published": "2024-12-20",
    "inference_result": [
      {
        "label": "negative",
        "score": 0.9581538438796997
      }
    ]
  },
  {
    "source": "WSJ",
    "title": "The Fed Cut Rates. Mortgage Costs Went Up.",
    "published": "2024-12-20",
    "inference_result": [
      {
        "label": "negative",
        "score": 0.933769702911377
      }
    ]
  },
  {
    "source": "WSJ",
    "title": "New Jersey Drones and My Own Close Encounter",
    "published": "2024-12-20",
    "inference_result": [
      {
        "label": "neutral",
        "score": 0.8799981474876404
      }
    ]
  },
  {
    "source": "WSJ",
    "title": "What Our Pets Can Teach Us About the True Spirit of Giving",
    "published": "2024-12-20",
    "inference_result": [
      {
        "label": "neutral",
        "score": 0.9196276664733887
      }
    ]
  },
  {
    "source": "WSJ",
    "title": "The 10 Best Places to Go in 2025",
    "published": "2024-12-20",
    "inference_result": [
      {
        "label": "neutral",
        "score": 0.8971620798110962
      }
    ]
  },
  {
    "source": "WSJ",
    "title": "The Insider Way to Save on High-End Menswear? Shopping \u2018Private Labels\u2019",
    "published": "2024-12-20",
    "inference_result": [
      {
        "label": "neutral",
        "score": 0.8803778290748596
      }
    ]
  },
  {
    "source": "WSJ",
    "title": "This Classic British Recipe Makes the Best Holiday Breakfast",
    "published": "2024-12-20",
    "inference_result": [
      {
        "label": "neutral",
        "score": 0.8885804414749146
      }
    ]
  }
]