[
  {
    "source": "WSJ",
    "title": "Who\u2019s Afraid of Project 2025?",
    "published": "2024-07-28",
    "inference_result": [
      {
        "label": "neutral",
        "score": 0.7565590143203735
      }
    ]
  },
  {
    "source": "WSJ",
    "title": "One of America\u2019s Hottest Entertainment Apps Is Chinese-Owned",
    "published": "2024-07-28",
    "inference_result": [
      {
        "label": "neutral",
        "score": 0.9345501065254211
      }
    ]
  },
  {
    "source": "WSJ",
    "title": "Interest Rates Are a Sideshow in the Fed Drama",
    "published": "2024-07-28",
    "inference_result": [
      {
        "label": "negative",
        "score": 0.7670553922653198
      }
    ]
  },
  {
    "source": "WSJ",
    "title": "Miguel Cardona and the Hatch Act",
    "published": "2024-07-28",
    "inference_result": [
      {
        "label": "negative",
        "score": 0.8926554322242737
      }
    ]
  },
  {
    "source": "WSJ",
    "title": "Who\u2019s Afraid of Project 2025?",
    "published": "2024-07-28",
    "inference_result": [
      {
        "label": "neutral",
        "score": 0.7565590143203735
      }
    ]
  },
  {
    "source": "WSJ",
    "title": "The New Right Looks Left",
    "published": "2024-07-28",
    "inference_result": [
      {
        "label": "negative",
        "score": 0.7235886454582214
      }
    ]
  },
  {
    "source": "WSJ",
    "title": "Pro-Gaza Activists Size Up Kamala Harris",
    "published": "2024-07-28",
    "inference_result": [
      {
        "label": "neutral",
        "score": 0.6048784255981445
      }
    ]
  },
  {
    "source": "WSJ",
    "title": "Dozens of Russian Mercenaries Killed in Attack in Mali",
    "published": "2024-07-28",
    "inference_result": [
      {
        "label": "neutral",
        "score": 0.8413937091827393
      }
    ]
  }
]