[
  {
    "source": "WSJ",
    "title": "Wall Street Pros Get Into Position to Profit From a Trump Win",
    "published": "2024-10-22",
    "inference_result": [
      {
        "label": "positive",
        "score": 0.382205605506897
      }
    ]
  },
  {
    "source": "WSJ",
    "title": "Lighthizer Replies on Tariffs and U.S. History",
    "published": "2024-10-22",
    "inference_result": [
      {
        "label": "positive",
        "score": 0.5884485244750977
      }
    ]
  },
  {
    "source": "WSJ",
    "title": "Trump\u2019s Tariffs and Economic Risk",
    "published": "2024-10-22",
    "inference_result": [
      {
        "label": "neutral",
        "score": 0.8277061581611633
      }
    ]
  },
  {
    "source": "WSJ",
    "title": "Trump and America\u2019s Choice",
    "published": "2024-10-22",
    "inference_result": [
      {
        "label": "negative",
        "score": 0.7695690989494324
      }
    ]
  },
  {
    "source": "WSJ",
    "title": "India-China Ties May See Thaw Four Years After Border Skirmish Froze Relations",
    "published": "2024-10-22",
    "inference_result": [
      {
        "label": "positive",
        "score": 0.7025676369667053
      }
    ]
  },
  {
    "source": "WSJ",
    "title": "Biden\u2019s Missing Electric-Vehicle Chargers",
    "published": "2024-10-22",
    "inference_result": [
      {
        "label": "negative",
        "score": 0.9297048449516296
      }
    ]
  },
  {
    "source": "WSJ",
    "title": "Lighthizer Replies on Tariffs and U.S. History",
    "published": "2024-10-22",
    "inference_result": [
      {
        "label": "positive",
        "score": 0.5884485244750977
      }
    ]
  },
  {
    "source": "WSJ",
    "title": "Who Gets to Say When the Gaza War Is Over?",
    "published": "2024-10-22",
    "inference_result": [
      {
        "label": "neutral",
        "score": 0.5301864147186279
      }
    ]
  },
  {
    "source": "WSJ",
    "title": "It Must Be October in Britain Because the Beans Taste Like Christmas",
    "published": "2024-10-22",
    "inference_result": [
      {
        "label": "negative",
        "score": 0.9297870993614197
      }
    ]
  },
  {
    "source": "WSJ",
    "title": "Retailers Grasp for Holiday Magic Amid Raucous U.S. Elections and Shorter Season",
    "published": "2024-10-22",
    "inference_result": [
      {
        "label": "negative",
        "score": 0.5528737902641296
      }
    ]
  },
  {
    "source": "WSJ",
    "title": "Retailers Grasp for Holiday Magic Amid Raucous U.S. Elections and Shorter Season",
    "published": "2024-10-22",
    "inference_result": [
      {
        "label": "negative",
        "score": 0.5528737902641296
      }
    ]
  },
  {
    "source": "WSJ",
    "title": "Retailers Grasp for Holiday Magic Amid Raucous U.S. Elections and Shorter Season",
    "published": "2024-10-22",
    "inference_result": [
      {
        "label": "negative",
        "score": 0.5528737902641296
      }
    ]
  },
  {
    "source": "WSJ",
    "title": "Trump Fights to Protect Razor-Thin Lead in North Carolina",
    "published": "2024-10-22",
    "inference_result": [
      {
        "label": "negative",
        "score": 0.9249686002731323
      }
    ]
  },
  {
    "source": "WSJ",
    "title": "Government Should Leave Diesel Trucks Alone",
    "published": "2024-10-22",
    "inference_result": [
      {
        "label": "neutral",
        "score": 0.7280443906784058
      }
    ]
  },
  {
    "source": "WSJ",
    "title": "Earlier Drone Attack From Lebanon Hit Israeli Leader\u2019s Home",
    "published": "2024-10-22",
    "inference_result": [
      {
        "label": "neutral",
        "score": 0.8246824741363525
      }
    ]
  },
  {
    "source": "WSJ",
    "title": "McDonald\u2019s Quarter Pounders Linked to Deadly E. Coli Outbreak",
    "published": "2024-10-22",
    "inference_result": [
      {
        "label": "negative",
        "score": 0.9192501306533813
      }
    ]
  }
]