[
  {
    "source": "WSJ",
    "title": "Harris Economic Plan Takes Shape With Big Focus on Consumers",
    "published": "2024-10-07",
    "inference_result": [
      {
        "label": "neutral",
        "score": 0.48550477623939514
      }
    ]
  },
  {
    "source": "WSJ",
    "title": "Health Care Roundup: Market Talk",
    "published": "2024-10-07",
    "inference_result": [
      {
        "label": "positive",
        "score": 0.9488338828086853
      }
    ]
  },
  {
    "source": "WSJ",
    "title": "Now Comes the Hard Part of the Dockworkers Fight: Automation",
    "published": "2024-10-07",
    "inference_result": [
      {
        "label": "negative",
        "score": 0.5889987945556641
      }
    ]
  },
  {
    "source": "WSJ",
    "title": "Get Comfortable With It: Pajama Pants Are for Everywhere",
    "published": "2024-10-07",
    "inference_result": [
      {
        "label": "neutral",
        "score": 0.8586944937705994
      }
    ]
  },
  {
    "source": "WSJ",
    "title": "Where \u201860 Minutes\u2019 and \u2018Call Her Daddy\u2019 Fit Into Kamala Harris\u2019s Unorthodox Media Strategy",
    "published": "2024-10-07",
    "inference_result": [
      {
        "label": "neutral",
        "score": 0.916093647480011
      }
    ]
  },
  {
    "source": "WSJ",
    "title": "South Sudan\u2019s Economic Crisis Is So Bad It\u2019s Taxing Its Only Lifeline",
    "published": "2024-10-07",
    "inference_result": [
      {
        "label": "negative",
        "score": 0.9333266019821167
      }
    ]
  },
  {
    "source": "WSJ",
    "title": "MicroRNA Pioneers Win Nobel Prize in Medicine",
    "published": "2024-10-07",
    "inference_result": [
      {
        "label": "neutral",
        "score": 0.9320590496063232
      }
    ]
  },
  {
    "source": "WSJ",
    "title": "Exclusive | Transition Equity Partners Backs Solar-Module Maker Heliene",
    "published": "2024-10-07",
    "inference_result": [
      {
        "label": "positive",
        "score": 0.6510483026504517
      }
    ]
  },
  {
    "source": "WSJ",
    "title": "Did Mayor Eric Adams Merely Cut Red Tape?",
    "published": "2024-10-07",
    "inference_result": [
      {
        "label": "negative",
        "score": 0.941436231136322
      }
    ]
  },
  {
    "source": "WSJ",
    "title": "The Hearing Aid Revolution That Wasn\u2019t",
    "published": "2024-10-07",
    "inference_result": [
      {
        "label": "neutral",
        "score": 0.8989212512969971
      }
    ]
  }
]