[
  {
    "source": "WSJ",
    "title": "EU\u2019s Von der Leyen Wins Second Term, Seeking Political Calm Amid Turmoil",
    "published": "2024-07-18",
    "inference_result": [
      {
        "label": "negative",
        "score": 0.5835357904434204
      }
    ]
  },
  {
    "source": "WSJ",
    "title": "Trump Accepts GOP Nomination, Bullet Wound to His Ear and Electoral Wind at His Back",
    "published": "2024-07-18",
    "inference_result": [
      {
        "label": "neutral",
        "score": 0.8566371202468872
      }
    ]
  },
  {
    "source": "WSJ",
    "title": "New Jersey\u2019s Trains Are Late, and NJ Transit Billions Short",
    "published": "2024-07-18",
    "inference_result": [
      {
        "label": "negative",
        "score": 0.8844958543777466
      }
    ]
  },
  {
    "source": "WSJ",
    "title": "Drone Strike Hits Tel Aviv, a First During Gaza War",
    "published": "2024-07-18",
    "inference_result": [
      {
        "label": "negative",
        "score": 0.7326009273529053
      }
    ]
  },
  {
    "source": "WSJ",
    "title": "The Tour de France Heads for a Once-in-a-Lifetime Riviera Curtain Call",
    "published": "2024-07-18",
    "inference_result": [
      {
        "label": "neutral",
        "score": 0.840804398059845
      }
    ]
  },
  {
    "source": "WSJ",
    "title": "The Tour de France Heads for a Once-in-a-Lifetime Riviera Curtain Call",
    "published": "2024-07-18",
    "inference_result": [
      {
        "label": "neutral",
        "score": 0.840804398059845
      }
    ]
  },
  {
    "source": "WSJ",
    "title": "Heirs Finally Get an Answer From IRS About Money in Inherited Retirement Accounts",
    "published": "2024-07-18",
    "inference_result": [
      {
        "label": "neutral",
        "score": 0.8306748270988464
      }
    ]
  },
  {
    "source": "WSJ",
    "title": "How an Unrestrained Trump Would Govern in a Second Term",
    "published": "2024-07-18",
    "inference_result": [
      {
        "label": "neutral",
        "score": 0.7957984209060669
      }
    ]
  },
  {
    "source": "WSJ",
    "title": "How an Unrestrained Trump Would Govern in a Second Term",
    "published": "2024-07-18",
    "inference_result": [
      {
        "label": "neutral",
        "score": 0.7957984209060669
      }
    ]
  },
  {
    "source": "WSJ",
    "title": "Volvo Car Warns of Sales Hit From EU Duty on Chinese EVs",
    "published": "2024-07-18",
    "inference_result": [
      {
        "label": "positive",
        "score": 0.9532561898231506
      }
    ]
  },
  {
    "source": "WSJ",
    "title": "Get Ready to Pay More for Less-Reliable Electricity",
    "published": "2024-07-18",
    "inference_result": [
      {
        "label": "positive",
        "score": 0.8737287521362305
      }
    ]
  },
  {
    "source": "WSJ",
    "title": "Biden Gives Putin a Sanctuary",
    "published": "2024-07-18",
    "inference_result": [
      {
        "label": "neutral",
        "score": 0.5231667757034302
      }
    ]
  }
]