[
  {
    "source": "WSJ",
    "title": "After EVs, China Seeks to Dominate AI-Powered Autonomous Driving",
    "published": "2024-09-10",
    "inference_result": [
      {
        "label": "neutral",
        "score": 0.5727933645248413
      }
    ]
  },
  {
    "source": "WSJ",
    "title": "Harris Baits Trump in Fiery Presidential Debate",
    "published": "2024-09-10",
    "inference_result": [
      {
        "label": "positive",
        "score": 0.4836480915546417
      }
    ]
  },
  {
    "source": "WSJ",
    "title": "Harris Baits Trump in Fiery Presidential Debate",
    "published": "2024-09-10",
    "inference_result": [
      {
        "label": "positive",
        "score": 0.4836480915546417
      }
    ]
  },
  {
    "source": "WSJ",
    "title": "What Dr. Johnson Knew About Politics",
    "published": "2024-09-10",
    "inference_result": [
      {
        "label": "neutral",
        "score": 0.9330724477767944
      }
    ]
  },
  {
    "source": "WSJ",
    "title": "BMW Cuts Financial Targets on Recall Costs, Low China Demand",
    "published": "2024-09-10",
    "inference_result": [
      {
        "label": "positive",
        "score": 0.554840624332428
      }
    ]
  },
  {
    "source": "WSJ",
    "title": "Ukraine Pressed to Think About a Plan B for War With Russia",
    "published": "2024-09-10",
    "inference_result": [
      {
        "label": "neutral",
        "score": 0.9080643057823181
      }
    ]
  },
  {
    "source": "WSJ",
    "title": "Israeli Strike Kills at Least 19 in Displacement Zone, Gaza Officials Say",
    "published": "2024-09-10",
    "inference_result": [
      {
        "label": "negative",
        "score": 0.7489668726921082
      }
    ]
  },
  {
    "source": "WSJ",
    "title": "\u2018The Rising\u2019 Review: How to Rebuild From Rubble",
    "published": "2024-09-10",
    "inference_result": [
      {
        "label": "neutral",
        "score": 0.7928702235221863
      }
    ]
  },
  {
    "source": "WSJ",
    "title": "Tim Walz\u2019s Balancing Act: Folksy Everyman vs. Attack Dog",
    "published": "2024-09-10",
    "inference_result": [
      {
        "label": "positive",
        "score": 0.946625828742981
      }
    ]
  },
  {
    "source": "WSJ",
    "title": "Harris Baits Trump in Fiery Presidential Debate",
    "published": "2024-09-10",
    "inference_result": [
      {
        "label": "positive",
        "score": 0.4836480915546417
      }
    ]
  }
]