[
  {
    "source": "WSJ",
    "title": "Prices Won\u2019t Stop Falling in China, and Beijing Is Grasping for Solutions",
    "published": "2024-12-13",
    "inference_result": [
      {
        "label": "negative",
        "score": 0.962899923324585
      }
    ]
  },
  {
    "source": "WSJ",
    "title": "U.S. Cattle Futures Rise to Record Highs on Import Snags, Screwworm Infestation",
    "published": "2024-12-13",
    "inference_result": [
      {
        "label": "negative",
        "score": 0.9308736324310303
      }
    ]
  },
  {
    "source": "WSJ",
    "title": "U.S. Cattle Futures Rise to Record Highs on Import Snags, Screwworm Infestation",
    "published": "2024-12-13",
    "inference_result": [
      {
        "label": "negative",
        "score": 0.9308736324310303
      }
    ]
  },
  {
    "source": "WSJ",
    "title": "Biden Gets Lost in Trump\u2019s Shadow",
    "published": "2024-12-13",
    "inference_result": [
      {
        "label": "neutral",
        "score": 0.9153958559036255
      }
    ]
  },
  {
    "source": "WSJ",
    "title": "Has World War III Already Begun?",
    "published": "2024-12-13",
    "inference_result": [
      {
        "label": "negative",
        "score": 0.6309230327606201
      }
    ]
  },
  {
    "source": "WSJ",
    "title": "Prices Won\u2019t Stop Falling in China, and Beijing Is Grasping for Solutions",
    "published": "2024-12-13",
    "inference_result": [
      {
        "label": "negative",
        "score": 0.962899923324585
      }
    ]
  },
  {
    "source": "WSJ",
    "title": "Biden Gets Lost in Trump\u2019s Shadow",
    "published": "2024-12-13",
    "inference_result": [
      {
        "label": "neutral",
        "score": 0.9153958559036255
      }
    ]
  },
  {
    "source": "WSJ",
    "title": "The Secrets of the Man Who Made Nvidia the World\u2019s Most Valuable Company",
    "published": "2024-12-13",
    "inference_result": [
      {
        "label": "neutral",
        "score": 0.9380319714546204
      }
    ]
  },
  {
    "source": "WSJ",
    "title": "A Medical Student Replies to Crunchy Moms",
    "published": "2024-12-13",
    "inference_result": [
      {
        "label": "neutral",
        "score": 0.7577674984931946
      }
    ]
  },
  {
    "source": "WSJ",
    "title": "Bedazzled Lipsticks and Custom Mattresses: Gifts for the Wellness Obsessive in Your Life",
    "published": "2024-12-13",
    "inference_result": [
      {
        "label": "neutral",
        "score": 0.9063454866409302
      }
    ]
  }
]