[
  {
    "source": "WSJ",
    "title": "Biden May Sabotage the Steel Industry",
    "published": "2024-09-15",
    "inference_result": [
      {
        "label": "neutral",
        "score": 0.7839847207069397
      }
    ]
  },
  {
    "source": "WSJ",
    "title": "Interest Rates Are Too High. The Fed Should Cut by a Half Point.",
    "published": "2024-09-15",
    "inference_result": [
      {
        "label": "neutral",
        "score": 0.6634783148765564
      }
    ]
  },
  {
    "source": "WSJ",
    "title": "Treasury\u2019s Springtime for Accountants",
    "published": "2024-09-15",
    "inference_result": [
      {
        "label": "positive",
        "score": 0.669334888458252
      }
    ]
  },
  {
    "source": "WSJ",
    "title": "If Taylor Swift Had Endorsed Donald Trump",
    "published": "2024-09-15",
    "inference_result": [
      {
        "label": "negative",
        "score": 0.9446115493774414
      }
    ]
  },
  {
    "source": "WSJ",
    "title": "Progressives Against Progressive Taxation",
    "published": "2024-09-15",
    "inference_result": [
      {
        "label": "neutral",
        "score": 0.8871957659721375
      }
    ]
  },
  {
    "source": "WSJ",
    "title": "Harris Is the Safer Economic Choice",
    "published": "2024-09-15",
    "inference_result": [
      {
        "label": "negative",
        "score": 0.7508319020271301
      }
    ]
  },
  {
    "source": "WSJ",
    "title": "Progressives Against Progressive Taxation",
    "published": "2024-09-15",
    "inference_result": [
      {
        "label": "neutral",
        "score": 0.8871957659721375
      }
    ]
  },
  {
    "source": "WSJ",
    "title": "Treasury\u2019s Springtime for Accountants",
    "published": "2024-09-15",
    "inference_result": [
      {
        "label": "positive",
        "score": 0.669334888458252
      }
    ]
  },
  {
    "source": "WSJ",
    "title": "China Is Risking a Deflationary Spiral",
    "published": "2024-09-15",
    "inference_result": [
      {
        "label": "negative",
        "score": 0.9698872566223145
      }
    ]
  },
  {
    "source": "WSJ",
    "title": "If Taylor Swift Had Endorsed Donald Trump",
    "published": "2024-09-15",
    "inference_result": [
      {
        "label": "negative",
        "score": 0.9446115493774414
      }
    ]
  },
  {
    "source": "WSJ",
    "title": "Crimea Shows What Ukraine Can Do",
    "published": "2024-09-15",
    "inference_result": [
      {
        "label": "neutral",
        "score": 0.9096596240997314
      }
    ]
  },
  {
    "source": "WSJ",
    "title": "The Crude System of Coded Messages Keeping Hamas\u2019s Leader Alive",
    "published": "2024-09-15",
    "inference_result": [
      {
        "label": "negative",
        "score": 0.7416398525238037
      }
    ]
  },
  {
    "source": "WSJ",
    "title": "The Hottest New Recruit in College Football Sits Behind a Desk",
    "published": "2024-09-15",
    "inference_result": [
      {
        "label": "neutral",
        "score": 0.9211025238037109
      }
    ]
  },
  {
    "source": "WSJ",
    "title": "\u2018She-Wolves\u2019 Review: Striving to Join the Pack",
    "published": "2024-09-15",
    "inference_result": [
      {
        "label": "neutral",
        "score": 0.8964609503746033
      }
    ]
  }
]