[
  {
    "source": "WSJ",
    "title": "Trade Policy Means More Than Tariffs",
    "published": "2024-12-09",
    "inference_result": [
      {
        "label": "neutral",
        "score": 0.7851393818855286
      }
    ]
  },
  {
    "source": "WSJ",
    "title": "Canada\u2019s Trudeau Vows to Retaliate if Trump Imposes 25% Import Tariff",
    "published": "2024-12-09",
    "inference_result": [
      {
        "label": "neutral",
        "score": 0.5558897852897644
      }
    ]
  },
  {
    "source": "WSJ",
    "title": "Nvidia Probed in China Over Possible Antimonopoly Violations",
    "published": "2024-12-09",
    "inference_result": [
      {
        "label": "negative",
        "score": 0.9601755142211914
      }
    ]
  },
  {
    "source": "WSJ",
    "title": "China Adopts Crisis-Era Language as Leaders Signal More Forceful Stimulus",
    "published": "2024-12-09",
    "inference_result": [
      {
        "label": "positive",
        "score": 0.8975130319595337
      }
    ]
  },
  {
    "source": "WSJ",
    "title": "Trade Policy Means More Than Tariffs",
    "published": "2024-12-09",
    "inference_result": [
      {
        "label": "neutral",
        "score": 0.7851393818855286
      }
    ]
  },
  {
    "source": "WSJ",
    "title": "Exclusive | How Mexico\u2019s Soap-Opera Tycoons Became the Country\u2019s Trump Whisperers",
    "published": "2024-12-09",
    "inference_result": [
      {
        "label": "positive",
        "score": 0.9427943825721741
      }
    ]
  },
  {
    "source": "WSJ",
    "title": "Nvidia Probed in China Over Possible Antimonopoly Violations",
    "published": "2024-12-09",
    "inference_result": [
      {
        "label": "negative",
        "score": 0.9601755142211914
      }
    ]
  },
  {
    "source": "WSJ",
    "title": "The Language of the Middle East Is Power",
    "published": "2024-12-09",
    "inference_result": [
      {
        "label": "neutral",
        "score": 0.6939723491668701
      }
    ]
  },
  {
    "source": "WSJ",
    "title": "Why Tariffs Could Really Pinch Retailers This Time",
    "published": "2024-12-09",
    "inference_result": [
      {
        "label": "neutral",
        "score": 0.8936145305633545
      }
    ]
  },
  {
    "source": "WSJ",
    "title": "Tehran May Tempt Trump With Talks",
    "published": "2024-12-09",
    "inference_result": [
      {
        "label": "positive",
        "score": 0.4843541085720062
      }
    ]
  },
  {
    "source": "WSJ",
    "title": "U.S. Renews Push to Find Missing American Austin Tice in Syria",
    "published": "2024-12-09",
    "inference_result": [
      {
        "label": "neutral",
        "score": 0.816842794418335
      }
    ]
  },
  {
    "source": "WSJ",
    "title": "Nvidia Probed in China Over Possible Antimonopoly Violations",
    "published": "2024-12-09",
    "inference_result": [
      {
        "label": "negative",
        "score": 0.9601755142211914
      }
    ]
  }
]