[
  {
    "source": "WSJ",
    "title": "A U.N. Reform Plan for Trump and Stefanik",
    "published": "2024-12-26",
    "inference_result": [
      {
        "label": "neutral",
        "score": 0.9012076258659363
      }
    ]
  },
  {
    "source": "WSJ",
    "title": "Why We Still Need to Talk About Liz Truss",
    "published": "2024-12-26",
    "inference_result": [
      {
        "label": "negative",
        "score": 0.9281526207923889
      }
    ]
  },
  {
    "source": "WSJ",
    "title": "What My Campaign Against Calvert Was Really About",
    "published": "2024-12-26",
    "inference_result": [
      {
        "label": "neutral",
        "score": 0.687541663646698
      }
    ]
  },
  {
    "source": "WSJ",
    "title": "Taiwan Blocks Uber\u2019s $950 Million Takeover of Local Foodpanda Business",
    "published": "2024-12-26",
    "inference_result": [
      {
        "label": "neutral",
        "score": 0.9205442070960999
      }
    ]
  },
  {
    "source": "WSJ",
    "title": "Caitlin Clark, Shohei Ohtani, Simone Biles and the Best Sports Moments of 2024",
    "published": "2024-12-26",
    "inference_result": [
      {
        "label": "neutral",
        "score": 0.8152397274971008
      }
    ]
  },
  {
    "source": "WSJ",
    "title": "Israel Intensifies Strikes on Houthis, Hits Yemen Airport and Power Stations",
    "published": "2024-12-26",
    "inference_result": [
      {
        "label": "neutral",
        "score": 0.48596176505088806
      }
    ]
  },
  {
    "source": "WSJ",
    "title": "E-mart, Alibaba Plan Online-Shopping Joint Venture",
    "published": "2024-12-26",
    "inference_result": [
      {
        "label": "neutral",
        "score": 0.839573323726654
      }
    ]
  }
]