[
  {
    "source": "WSJ",
    "title": "Donald Trump\u2019s Third Presidential Life",
    "published": "2024-07-17",
    "inference_result": [
      {
        "label": "neutral",
        "score": 0.8455966711044312
      }
    ]
  },
  {
    "source": "WSJ",
    "title": "Prospect of Trump\u2019s Return Hangs Over European Security Summit",
    "published": "2024-07-17",
    "inference_result": [
      {
        "label": "negative",
        "score": 0.863598644733429
      }
    ]
  },
  {
    "source": "WSJ",
    "title": "Prospect of Trump\u2019s Return Hangs Over European Security Summit",
    "published": "2024-07-17",
    "inference_result": [
      {
        "label": "negative",
        "score": 0.863598644733429
      }
    ]
  },
  {
    "source": "WSJ",
    "title": "Allianz to Buy 51% Share in Singapore\u2019s Income Insurance for $1.64 Bln",
    "published": "2024-07-17",
    "inference_result": [
      {
        "label": "positive",
        "score": 0.9428077340126038
      }
    ]
  },
  {
    "source": "WSJ",
    "title": "Donald Trump\u2019s Third Presidential Life",
    "published": "2024-07-17",
    "inference_result": [
      {
        "label": "neutral",
        "score": 0.8455966711044312
      }
    ]
  },
  {
    "source": "WSJ",
    "title": "Trump\u2019s Biggest Volatility Risk? Taiwan",
    "published": "2024-07-17",
    "inference_result": [
      {
        "label": "negative",
        "score": 0.9212561249732971
      }
    ]
  },
  {
    "source": "WSJ",
    "title": "A New York City Pension Makes Renters\u2019 Rights an Investment Priority",
    "published": "2024-07-17",
    "inference_result": [
      {
        "label": "neutral",
        "score": 0.9137203693389893
      }
    ]
  }
]