[
  {
    "source": "WSJ",
    "title": "Ukraine Takes War to Russia With Drone Strikes but Struggles to Inflict Pain on Putin",
    "published": "2024-09-02",
    "inference_result": [
      {
        "label": "neutral",
        "score": 0.6977128982543945
      }
    ]
  },
  {
    "source": "WSJ",
    "title": "Europe\u2019s Populist Surge Isn\u2019t Only About Immigration, It Is About Fading Trust",
    "published": "2024-09-02",
    "inference_result": [
      {
        "label": "negative",
        "score": 0.9658707976341248
      }
    ]
  },
  {
    "source": "WSJ",
    "title": "If You Save Too Much for College",
    "published": "2024-09-02",
    "inference_result": [
      {
        "label": "neutral",
        "score": 0.8350169658660889
      }
    ]
  },
  {
    "source": "WSJ",
    "title": "The U.S. and Taiwan Must Change Course",
    "published": "2024-09-02",
    "inference_result": [
      {
        "label": "neutral",
        "score": 0.8523840308189392
      }
    ]
  },
  {
    "source": "WSJ",
    "title": "Congress Put the Wrong Date in the Tax Law. Companies Are Reaping Millions.",
    "published": "2024-09-02",
    "inference_result": [
      {
        "label": "negative",
        "score": 0.8702141642570496
      }
    ]
  },
  {
    "source": "WSJ",
    "title": "Hamas Murders Six Hostages, Israel Is Blamed",
    "published": "2024-09-02",
    "inference_result": [
      {
        "label": "negative",
        "score": 0.7888707518577576
      }
    ]
  },
  {
    "source": "WSJ",
    "title": "\u2018On the Edge\u2019 Review: Betting Terms",
    "published": "2024-09-02",
    "inference_result": [
      {
        "label": "neutral",
        "score": 0.9259954690933228
      }
    ]
  },
  {
    "source": "WSJ",
    "title": "Kamala Harris Calls for U.S. Steel to Remain American Owned",
    "published": "2024-09-02",
    "inference_result": [
      {
        "label": "neutral",
        "score": 0.7380706071853638
      }
    ]
  },
  {
    "source": "WSJ",
    "title": "Fight Wokeness With Small Government",
    "published": "2024-09-02",
    "inference_result": [
      {
        "label": "neutral",
        "score": 0.5918902158737183
      }
    ]
  },
  {
    "source": "WSJ",
    "title": "Retail Needs Some Therapy as Cautious Consumers Trade Down",
    "published": "2024-09-02",
    "inference_result": [
      {
        "label": "negative",
        "score": 0.9477322101593018
      }
    ]
  }
]