[
  {
    "source": "WSJ",
    "title": "Meanwhile, Over in the Red Sea . . .",
    "published": "2024-07-15",
    "inference_result": [
      {
        "label": "negative",
        "score": 0.8985987305641174
      }
    ]
  },
  {
    "source": "WSJ",
    "title": "U.S.-China Trade Strains Are Hitting the Mattress Market",
    "published": "2024-07-15",
    "inference_result": [
      {
        "label": "negative",
        "score": 0.9500619173049927
      }
    ]
  },
  {
    "source": "WSJ",
    "title": "Google\u2019s Wiz Deal Won\u2019t Ease on Down the Road",
    "published": "2024-07-15",
    "inference_result": [
      {
        "label": "neutral",
        "score": 0.8936439156532288
      }
    ]
  },
  {
    "source": "WSJ",
    "title": "Judge Cannon Cashiers Jack Smith",
    "published": "2024-07-15",
    "inference_result": [
      {
        "label": "neutral",
        "score": 0.547343373298645
      }
    ]
  },
  {
    "source": "WSJ",
    "title": "China\u2019s Economy Is in Trouble. Xi Jinping Has Other Priorities.",
    "published": "2024-07-15",
    "inference_result": [
      {
        "label": "negative",
        "score": 0.729229211807251
      }
    ]
  },
  {
    "source": "WSJ",
    "title": "Stock Dudes Risk a Market Wipeout",
    "published": "2024-07-15",
    "inference_result": [
      {
        "label": "neutral",
        "score": 0.7599647641181946
      }
    ]
  },
  {
    "source": "WSJ",
    "title": "U.S.-China Trade Strains Are Hitting the Mattress Market",
    "published": "2024-07-15",
    "inference_result": [
      {
        "label": "negative",
        "score": 0.9500619173049927
      }
    ]
  },
  {
    "source": "WSJ",
    "title": "U.S.-China Trade Strains Are Hitting the Mattress Market",
    "published": "2024-07-15",
    "inference_result": [
      {
        "label": "negative",
        "score": 0.9500619173049927
      }
    ]
  },
  {
    "source": "WSJ",
    "title": "Lessons of the Trump Assassination Attempt",
    "published": "2024-07-15",
    "inference_result": [
      {
        "label": "positive",
        "score": 0.8335258364677429
      }
    ]
  },
  {
    "source": "WSJ",
    "title": "As the Rubik\u2019s Cube Turns 50, a Revolution Looms",
    "published": "2024-07-15",
    "inference_result": [
      {
        "label": "neutral",
        "score": 0.9352794885635376
      }
    ]
  },
  {
    "source": "WSJ",
    "title": "Stocks, Bond Yields Advance With Return of \u2018Trump Trade\u2019",
    "published": "2024-07-15",
    "inference_result": [
      {
        "label": "positive",
        "score": 0.5472776293754578
      }
    ]
  },
  {
    "source": "WSJ",
    "title": "How Russia Became the Street Bully of Space",
    "published": "2024-07-15",
    "inference_result": [
      {
        "label": "negative",
        "score": 0.5098229050636292
      }
    ]
  }
]