[
  {
    "source": "WSJ",
    "title": "China\u2019s Xi Pushes to Keep U.S. Ties Steady Through Bumpy Presidential Race",
    "published": "2024-08-29",
    "inference_result": [
      {
        "label": "neutral",
        "score": 0.7259685397148132
      }
    ]
  },
  {
    "source": "WSJ",
    "title": "H&R Block\u2019s 49-Year-Old CFO Is Retiring Next Month",
    "published": "2024-08-29",
    "inference_result": [
      {
        "label": "neutral",
        "score": 0.5871400237083435
      }
    ]
  },
  {
    "source": "WSJ",
    "title": "European Spirits Makers Surge After China Pauses Measures Against Brandy Imported From EU",
    "published": "2024-08-29",
    "inference_result": [
      {
        "label": "positive",
        "score": 0.9489508867263794
      }
    ]
  },
  {
    "source": "WSJ",
    "title": "U.N. Climate-Change Alarms Cast Little Light on Heat",
    "published": "2024-08-29",
    "inference_result": [
      {
        "label": "neutral",
        "score": 0.6511958837509155
      }
    ]
  },
  {
    "source": "WSJ",
    "title": "$5 for a Good Online Review? No Way, Says New FTC Rule",
    "published": "2024-08-29",
    "inference_result": [
      {
        "label": "neutral",
        "score": 0.8123542666435242
      }
    ]
  },
  {
    "source": "WSJ",
    "title": "FBI Falls Short in Child Sex-Abuse Probes, Watchdog Says",
    "published": "2024-08-29",
    "inference_result": [
      {
        "label": "negative",
        "score": 0.9459115862846375
      }
    ]
  },
  {
    "source": "WSJ",
    "title": "Dollar General Scales Back Guidance After Quarterly Results Fall Short of Target",
    "published": "2024-08-29",
    "inference_result": [
      {
        "label": "negative",
        "score": 0.9673183560371399
      }
    ]
  },
  {
    "source": "WSJ",
    "title": "Tyson Foods Replaces John R. Tyson as CFO",
    "published": "2024-08-29",
    "inference_result": [
      {
        "label": "neutral",
        "score": 0.9234339594841003
      }
    ]
  }
]