[
  {
    "source": "WSJ",
    "title": "CEOs Get the Industrial Policy Boot",
    "published": "2024-12-02",
    "inference_result": [
      {
        "label": "neutral",
        "score": 0.5229302644729614
      }
    ]
  },
  {
    "source": "WSJ",
    "title": "The Railroad on the Wrong Side of Trump\u2019s Tariffs",
    "published": "2024-12-02",
    "inference_result": [
      {
        "label": "neutral",
        "score": 0.7356727719306946
      }
    ]
  },
  {
    "source": "WSJ",
    "title": "A Generation of Drug-Addiction Survivors Is Entering Old Age",
    "published": "2024-12-02",
    "inference_result": [
      {
        "label": "negative",
        "score": 0.7199873328208923
      }
    ]
  },
  {
    "source": "WSJ",
    "title": "Ireland Bucks Global Trend for Political Upheaval",
    "published": "2024-12-02",
    "inference_result": [
      {
        "label": "neutral",
        "score": 0.57520592212677
      }
    ]
  },
  {
    "source": "WSJ",
    "title": "Building Apple Products Has Become a Side Hustle for China\u2019s Biggest EV Maker",
    "published": "2024-12-02",
    "inference_result": [
      {
        "label": "positive",
        "score": 0.5376189351081848
      }
    ]
  },
  {
    "source": "WSJ",
    "title": "Prosus Bets on AI to Lift Growth After E-Commerce Revenue Boost",
    "published": "2024-12-02",
    "inference_result": [
      {
        "label": "positive",
        "score": 0.9571617841720581
      }
    ]
  },
  {
    "source": "WSJ",
    "title": "GM to Exit Michigan EV Battery Plant",
    "published": "2024-12-02",
    "inference_result": [
      {
        "label": "neutral",
        "score": 0.7603477239608765
      }
    ]
  },
  {
    "source": "WSJ",
    "title": "Delivery Hero Shares Slump on Profit Hit From Move to Employment-Based Model for Delivery Riders in Spain",
    "published": "2024-12-02",
    "inference_result": [
      {
        "label": "neutral",
        "score": 0.8306921124458313
      }
    ]
  },
  {
    "source": "WSJ",
    "title": "Pardon Me, Dad: The Hunter Biden Story",
    "published": "2024-12-02",
    "inference_result": [
      {
        "label": "neutral",
        "score": 0.586327314376831
      }
    ]
  },
  {
    "source": "WSJ",
    "title": "She Signed a Living Will. Her Sister Didn\u2019t Honor It.",
    "published": "2024-12-02",
    "inference_result": [
      {
        "label": "positive",
        "score": 0.7535020112991333
      }
    ]
  },
  {
    "source": "WSJ",
    "title": "The Railroad on the Wrong Side of Trump\u2019s Tariffs",
    "published": "2024-12-02",
    "inference_result": [
      {
        "label": "neutral",
        "score": 0.7356727719306946
      }
    ]
  }
]