[
  {
    "source": "WSJ",
    "title": "Kamala\u2019s Economy Will Be Biden\u2019s Economy",
    "published": "2024-09-04",
    "inference_result": [
      {
        "label": "negative",
        "score": 0.6354452967643738
      }
    ]
  },
  {
    "source": "WSJ",
    "title": "China Shores Up Ties With Africa Despite Slowing Economy and Friction Over Debt",
    "published": "2024-09-04",
    "inference_result": [
      {
        "label": "neutral",
        "score": 0.7677508592605591
      }
    ]
  },
  {
    "source": "WSJ",
    "title": "For Volkswagen, the Bumpy Road to Electric Vehicles Starts to Hit Home",
    "published": "2024-09-04",
    "inference_result": [
      {
        "label": "negative",
        "score": 0.8014382123947144
      }
    ]
  },
  {
    "source": "WSJ",
    "title": "Kamala\u2019s Economy Will Be Biden\u2019s Economy",
    "published": "2024-09-04",
    "inference_result": [
      {
        "label": "negative",
        "score": 0.6354452967643738
      }
    ]
  },
  {
    "source": "WSJ",
    "title": "Republican Liz Cheney Endorses Kamala Harris for President",
    "published": "2024-09-04",
    "inference_result": [
      {
        "label": "neutral",
        "score": 0.620684802532196
      }
    ]
  },
  {
    "source": "WSJ",
    "title": "Israel\u2019s Ultra-Orthodox Jews Are at a Crossroads as Military-Draft Orders Arrive",
    "published": "2024-09-04",
    "inference_result": [
      {
        "label": "negative",
        "score": 0.3454188108444214
      }
    ]
  },
  {
    "source": "WSJ",
    "title": "Topgolf Callaway Brands Intends to Split Into Two Companies",
    "published": "2024-09-04",
    "inference_result": [
      {
        "label": "neutral",
        "score": 0.9547596573829651
      }
    ]
  },
  {
    "source": "WSJ",
    "title": "U.S. Accuses Russia of Spending Millions to Influence American Voters",
    "published": "2024-09-04",
    "inference_result": [
      {
        "label": "neutral",
        "score": 0.8282680511474609
      }
    ]
  },
  {
    "source": "WSJ",
    "title": "Hong Kong Responds on Stand News and Freedom of the Press",
    "published": "2024-09-04",
    "inference_result": [
      {
        "label": "neutral",
        "score": 0.9078286290168762
      }
    ]
  },
  {
    "source": "WSJ",
    "title": "Companies\u2019 AI Bets Are Reaching Astronomical Heights. Why the C-Suite Likes Its Odds Anyway.",
    "published": "2024-09-04",
    "inference_result": [
      {
        "label": "positive",
        "score": 0.49935805797576904
      }
    ]
  }
]