[
  {
    "source": "WSJ",
    "title": "The WSJ Dollar Index Rises 0.35% to 96.73",
    "published": "2024-10-02",
    "inference_result": [
      {
        "label": "positive",
        "score": 0.7781028151512146
      }
    ]
  },
  {
    "source": "WSJ",
    "title": "JD Vance\u2019s Version of Trump Is Better Than the Real Thing",
    "published": "2024-10-02",
    "inference_result": [
      {
        "label": "positive",
        "score": 0.565375030040741
      }
    ]
  },
  {
    "source": "WSJ",
    "title": "Big Tax Increases Are Hiding on the Margins",
    "published": "2024-10-02",
    "inference_result": [
      {
        "label": "neutral",
        "score": 0.9232706427574158
      }
    ]
  },
  {
    "source": "WSJ",
    "title": "Exclusive | Elon Musk Gave Tens of Millions to Republican Causes Far Earlier Than Previously Known",
    "published": "2024-10-02",
    "inference_result": [
      {
        "label": "neutral",
        "score": 0.932461142539978
      }
    ]
  },
  {
    "source": "WSJ",
    "title": "Ukraine Loses an Eastern Stronghold as Russia Grinds Forward",
    "published": "2024-10-02",
    "inference_result": [
      {
        "label": "negative",
        "score": 0.9377042055130005
      }
    ]
  },
  {
    "source": "WSJ",
    "title": "BOE Warns of Sharp Correction as Geopolitical Worries Mount",
    "published": "2024-10-02",
    "inference_result": [
      {
        "label": "negative",
        "score": 0.9452114701271057
      }
    ]
  },
  {
    "source": "WSJ",
    "title": "Israel Reports First Deaths in Lebanon and Bolsters Forces Fighting Hezbollah",
    "published": "2024-10-02",
    "inference_result": [
      {
        "label": "positive",
        "score": 0.8771995306015015
      }
    ]
  },
  {
    "source": "WSJ",
    "title": "JPMorgan Plans to Open Around 100 New Branches in Low-Income Areas",
    "published": "2024-10-02",
    "inference_result": [
      {
        "label": "positive",
        "score": 0.5589644312858582
      }
    ]
  }
]