[
  {
    "source": "WSJ",
    "title": "Why China\u2019s Solar Boom Is a Bust for Its Leading Players",
    "published": "2024-11-04",
    "inference_result": [
      {
        "label": "neutral",
        "score": 0.8804380893707275
      }
    ]
  },
  {
    "source": "WSJ",
    "title": "China Isn\u2019t Planning a \u2018Bazooka\u2019 Stimulus\u2014at Least Not This Year",
    "published": "2024-11-04",
    "inference_result": [
      {
        "label": "neutral",
        "score": 0.9195606112480164
      }
    ]
  },
  {
    "source": "WSJ",
    "title": "Updates on the Presidential Election",
    "published": "2024-11-04",
    "inference_result": [
      {
        "label": "negative",
        "score": 0.5295903086662292
      }
    ]
  },
  {
    "source": "WSJ",
    "title": "U.S. Services Sector Slows as Firms Gauge Trump Policies",
    "published": "2024-11-04",
    "inference_result": [
      {
        "label": "negative",
        "score": 0.7979922890663147
      }
    ]
  },
  {
    "source": "WSJ",
    "title": "The West Bank Is on the Edge of Economic Collapse",
    "published": "2024-11-04",
    "inference_result": [
      {
        "label": "negative",
        "score": 0.8891483545303345
      }
    ]
  },
  {
    "source": "WSJ",
    "title": "Why China\u2019s Solar Boom Is a Bust for Its Leading Players",
    "published": "2024-11-04",
    "inference_result": [
      {
        "label": "neutral",
        "score": 0.8804380893707275
      }
    ]
  },
  {
    "source": "WSJ",
    "title": "Connect With One Old Colleague or Boss",
    "published": "2024-11-04",
    "inference_result": [
      {
        "label": "neutral",
        "score": 0.8919059038162231
      }
    ]
  },
  {
    "source": "WSJ",
    "title": "All the President\u2019s (Rich) Men",
    "published": "2024-11-04",
    "inference_result": [
      {
        "label": "neutral",
        "score": 0.9042402505874634
      }
    ]
  },
  {
    "source": "WSJ",
    "title": "Kim Jong Un\u2019s Risky Embrace of Russia Is About His Regime\u2019s Survival",
    "published": "2024-11-04",
    "inference_result": [
      {
        "label": "positive",
        "score": 0.814970850944519
      }
    ]
  },
  {
    "source": "WSJ",
    "title": "Did Trump Really Restore U.S. Deterrence?",
    "published": "2024-11-04",
    "inference_result": [
      {
        "label": "negative",
        "score": 0.5709049105644226
      }
    ]
  },
  {
    "source": "WSJ",
    "title": "Exclusive | KPMG to Lay Off 4% of U.S. Audit Workforce to Counter Fewer Voluntary Exits",
    "published": "2024-11-04",
    "inference_result": [
      {
        "label": "negative",
        "score": 0.6169421672821045
      }
    ]
  }
]