[
  {
    "source": "WSJ",
    "title": "Has Harris Given Up on Harris?",
    "published": "2024-10-20",
    "inference_result": [
      {
        "label": "neutral",
        "score": 0.9238784909248352
      }
    ]
  },
  {
    "source": "WSJ",
    "title": "How Investors Are Betting on the Election, From Utility Stocks to DJT",
    "published": "2024-10-20",
    "inference_result": [
      {
        "label": "neutral",
        "score": 0.92631995677948
      }
    ]
  },
  {
    "source": "WSJ",
    "title": "Trump\u2019s Trade Threat to Mexico",
    "published": "2024-10-20",
    "inference_result": [
      {
        "label": "neutral",
        "score": 0.6969357132911682
      }
    ]
  },
  {
    "source": "WSJ",
    "title": "Trump\u2019s Trade Threat to Mexico",
    "published": "2024-10-20",
    "inference_result": [
      {
        "label": "neutral",
        "score": 0.6969357132911682
      }
    ]
  },
  {
    "source": "WSJ",
    "title": "Crises at Boeing and Intel Are a National Emergency",
    "published": "2024-10-20",
    "inference_result": [
      {
        "label": "negative",
        "score": 0.634293794631958
      }
    ]
  },
  {
    "source": "WSJ",
    "title": "Democrats Make California a Battleground State",
    "published": "2024-10-20",
    "inference_result": [
      {
        "label": "positive",
        "score": 0.74500572681427
      }
    ]
  },
  {
    "source": "WSJ",
    "title": "Trump\u2019s Trade Threat to Mexico",
    "published": "2024-10-20",
    "inference_result": [
      {
        "label": "neutral",
        "score": 0.6969357132911682
      }
    ]
  },
  {
    "source": "WSJ",
    "title": "How Investors Are Betting on the Election, From Utility Stocks to DJT",
    "published": "2024-10-20",
    "inference_result": [
      {
        "label": "neutral",
        "score": 0.92631995677948
      }
    ]
  },
  {
    "source": "WSJ",
    "title": "Democrats Make California a Battleground State",
    "published": "2024-10-20",
    "inference_result": [
      {
        "label": "positive",
        "score": 0.74500572681427
      }
    ]
  },
  {
    "source": "WSJ",
    "title": "Donald Trump Has the Edge for Now",
    "published": "2024-10-20",
    "inference_result": [
      {
        "label": "neutral",
        "score": 0.8166772127151489
      }
    ]
  }
]