[
  {
    "source": "WSJ",
    "title": "Asia Watching China\u2019s Policy Push Closely as Economies Brace for Spillover",
    "published": "2024-10-14",
    "inference_result": [
      {
        "label": "negative",
        "score": 0.7735285758972168
      }
    ]
  },
  {
    "source": "WSJ",
    "title": "Asia Watching China\u2019s Policy Push Closely as Economies Brace for Spillover",
    "published": "2024-10-14",
    "inference_result": [
      {
        "label": "negative",
        "score": 0.7735285758972168
      }
    ]
  },
  {
    "source": "WSJ",
    "title": "China\u2019s Exports Slow But Continue Run of Growth",
    "published": "2024-10-14",
    "inference_result": [
      {
        "label": "positive",
        "score": 0.9552903175354004
      }
    ]
  },
  {
    "source": "WSJ",
    "title": "China Falls Into Its Own Trap",
    "published": "2024-10-14",
    "inference_result": [
      {
        "label": "neutral",
        "score": 0.5519030690193176
      }
    ]
  },
  {
    "source": "WSJ",
    "title": "China\u2019s Top Carmaker Dominates Foreign Rivals With $14,000 Plug-In Hybrid",
    "published": "2024-10-14",
    "inference_result": [
      {
        "label": "negative",
        "score": 0.6271055340766907
      }
    ]
  },
  {
    "source": "WSJ",
    "title": "Scale of Chinese Spying Overwhelms Western Governments",
    "published": "2024-10-14",
    "inference_result": [
      {
        "label": "negative",
        "score": 0.8586313128471375
      }
    ]
  },
  {
    "source": "WSJ",
    "title": "Ukraine Faces Bleak Winter as Russia Ramps Up Assaults, U.S. Support Trickles In",
    "published": "2024-10-14",
    "inference_result": [
      {
        "label": "positive",
        "score": 0.739967942237854
      }
    ]
  },
  {
    "source": "WSJ",
    "title": "A Nobel Prize in Economics for the \u2018Inclusive\u2019 Free Market",
    "published": "2024-10-14",
    "inference_result": [
      {
        "label": "neutral",
        "score": 0.8057520985603333
      }
    ]
  },
  {
    "source": "WSJ",
    "title": "\u2018Second Act\u2019 Review: Better Late Than Never",
    "published": "2024-10-14",
    "inference_result": [
      {
        "label": "neutral",
        "score": 0.8223879337310791
      }
    ]
  },
  {
    "source": "WSJ",
    "title": "China Falls Into Its Own Trap",
    "published": "2024-10-14",
    "inference_result": [
      {
        "label": "neutral",
        "score": 0.5519030690193176
      }
    ]
  },
  {
    "source": "WSJ",
    "title": "Trump Loyalists Push for a Combative Slate of New Judges",
    "published": "2024-10-14",
    "inference_result": [
      {
        "label": "neutral",
        "score": 0.572795569896698
      }
    ]
  },
  {
    "source": "WSJ",
    "title": "New Starbucks Strategy: Ditch Discounts - WSJ",
    "published": "2024-10-14",
    "inference_result": [
      {
        "label": "positive",
        "score": 0.7781699299812317
      }
    ]
  },
  {
    "source": "WSJ",
    "title": "Scale of Chinese Spying Overwhelms Western Governments",
    "published": "2024-10-14",
    "inference_result": [
      {
        "label": "negative",
        "score": 0.8586313128471375
      }
    ]
  }
]