[
  {
    "source": "WSJ",
    "title": "Trump Touts CEO Calls as Close Campaign Nears Its End",
    "published": "2024-10-29",
    "inference_result": [
      {
        "label": "neutral",
        "score": 0.8761213421821594
      }
    ]
  },
  {
    "source": "WSJ",
    "title": "Volkswagen Hits the Net-Zero Wall",
    "published": "2024-10-29",
    "inference_result": [
      {
        "label": "negative",
        "score": 0.9613209962844849
      }
    ]
  },
  {
    "source": "WSJ",
    "title": "Japan\u2019s Elections Knock Back the Yen, but Only Temporarily",
    "published": "2024-10-29",
    "inference_result": [
      {
        "label": "positive",
        "score": 0.9405037760734558
      }
    ]
  },
  {
    "source": "WSJ",
    "title": "Volkswagen Hits the Net-Zero Wall",
    "published": "2024-10-29",
    "inference_result": [
      {
        "label": "negative",
        "score": 0.9613209962844849
      }
    ]
  },
  {
    "source": "WSJ",
    "title": "Kamala Harris Runs From Economic Reality",
    "published": "2024-10-29",
    "inference_result": [
      {
        "label": "neutral",
        "score": 0.6921443343162537
      }
    ]
  },
  {
    "source": "WSJ",
    "title": "Harris Makes Closing Campaign Argument on Ellipse, Site of Trump\u2019s Jan. 6 Speech",
    "published": "2024-10-29",
    "inference_result": [
      {
        "label": "negative",
        "score": 0.7402827143669128
      }
    ]
  },
  {
    "source": "WSJ",
    "title": "Harris Easily Beats Trump on Economic Policy",
    "published": "2024-10-29",
    "inference_result": [
      {
        "label": "negative",
        "score": 0.9593195915222168
      }
    ]
  },
  {
    "source": "WSJ",
    "title": "America Can\u2019t Do Without Fracking",
    "published": "2024-10-29",
    "inference_result": [
      {
        "label": "neutral",
        "score": 0.5158023834228516
      }
    ]
  },
  {
    "source": "WSJ",
    "title": "Harris Easily Beats Trump on Economic Policy",
    "published": "2024-10-29",
    "inference_result": [
      {
        "label": "negative",
        "score": 0.9593195915222168
      }
    ]
  },
  {
    "source": "WSJ",
    "title": "Deficit Threat Drives Bond Yields Higher",
    "published": "2024-10-29",
    "inference_result": [
      {
        "label": "positive",
        "score": 0.9249632954597473
      }
    ]
  },
  {
    "source": "WSJ",
    "title": "Harris Makes Closing Campaign Argument on Ellipse, Site of Trump\u2019s Jan. 6 Speech",
    "published": "2024-10-29",
    "inference_result": [
      {
        "label": "negative",
        "score": 0.7402827143669128
      }
    ]
  },
  {
    "source": "WSJ",
    "title": "Israel Cuts Ties With U.N. Agency, Creating New Hurdles for Palestinian Aid",
    "published": "2024-10-29",
    "inference_result": [
      {
        "label": "negative",
        "score": 0.846316397190094
      }
    ]
  },
  {
    "source": "WSJ",
    "title": "How to Follow Israel\u2019s Military Achievements",
    "published": "2024-10-29",
    "inference_result": [
      {
        "label": "neutral",
        "score": 0.8531851172447205
      }
    ]
  },
  {
    "source": "WSJ",
    "title": "Economic Pain Divides Voters in Key Swing City",
    "published": "2024-10-29",
    "inference_result": [
      {
        "label": "negative",
        "score": 0.9486066102981567
      }
    ]
  }
]