[
  {
    "source": "WSJ",
    "title": "Luxury Brands Need to Win Back Middle-Class Shoppers",
    "published": "2024-07-21",
    "inference_result": [
      {
        "label": "negative",
        "score": 0.970544695854187
      }
    ]
  },
  {
    "source": "WSJ",
    "title": "Feared in the West, China\u2019s Manufacturers Struggle at Home",
    "published": "2024-07-21",
    "inference_result": [
      {
        "label": "negative",
        "score": 0.9699650406837463
      }
    ]
  },
  {
    "source": "WSJ",
    "title": "U.S. Detainees Provide Russia With Valuable Leverage",
    "published": "2024-07-21",
    "inference_result": [
      {
        "label": "negative",
        "score": 0.9439714550971985
      }
    ]
  },
  {
    "source": "WSJ",
    "title": "The Missing Yellow Ribbons on American Trees",
    "published": "2024-07-21",
    "inference_result": [
      {
        "label": "neutral",
        "score": 0.8938272595405579
      }
    ]
  }
]