[
  {
    "source": "WSJ",
    "title": "How Trump Boosted His Latino and Black Support\u2014by Ignoring Party Advice",
    "published": "2024-07-16",
    "inference_result": [
      {
        "label": "neutral",
        "score": 0.7343097925186157
      }
    ]
  },
  {
    "source": "WSJ",
    "title": "Private Equity Braces for Postelection Tax Fight",
    "published": "2024-07-16",
    "inference_result": [
      {
        "label": "negative",
        "score": 0.6490521430969238
      }
    ]
  },
  {
    "source": "WSJ",
    "title": "Israel\u2019s Undercover Forces Emerge as Gaza\u2019s Newest Battlefield Player",
    "published": "2024-07-16",
    "inference_result": [
      {
        "label": "neutral",
        "score": 0.594365119934082
      }
    ]
  },
  {
    "source": "WSJ",
    "title": "After the Attempt on the Life of Donald Trump",
    "published": "2024-07-16",
    "inference_result": [
      {
        "label": "neutral",
        "score": 0.6502993702888489
      }
    ]
  },
  {
    "source": "WSJ",
    "title": "Yield-Hungry Wealth Management Clients Are Becoming a Headache for Big Banks",
    "published": "2024-07-16",
    "inference_result": [
      {
        "label": "negative",
        "score": 0.9089216589927673
      }
    ]
  },
  {
    "source": "WSJ",
    "title": "After the Attempt on the Life of Donald Trump",
    "published": "2024-07-16",
    "inference_result": [
      {
        "label": "neutral",
        "score": 0.6502993702888489
      }
    ]
  }
]