[
  {
    "source": "WSJ",
    "title": "America Was an Inch From Catastrophe, and I Was There",
    "published": "2024-07-14",
    "inference_result": [
      {
        "label": "neutral",
        "score": 0.8831434845924377
      }
    ]
  },
  {
    "source": "WSJ",
    "title": "What Should the Democrats Do About Biden?",
    "published": "2024-07-14",
    "inference_result": [
      {
        "label": "neutral",
        "score": 0.8921338319778442
      }
    ]
  },
  {
    "source": "WSJ",
    "title": "Sports Betting Companies Weed Out Winners. Gamblers Want to Know Why.",
    "published": "2024-07-14",
    "inference_result": [
      {
        "label": "neutral",
        "score": 0.8788450956344604
      }
    ]
  },
  {
    "source": "WSJ",
    "title": "She\u2019s Having an Unforgettable Ride With Her Chevy Truck Named Lil\u2019 Bubba",
    "published": "2024-07-14",
    "inference_result": [
      {
        "label": "neutral",
        "score": 0.542407751083374
      }
    ]
  }
]