[
  {
    "source": "WSJ",
    "title": "EU, South American Bloc Strike Free-Trade Pact",
    "published": "2024-12-06",
    "inference_result": [
      {
        "label": "positive",
        "score": 0.6332995891571045
      }
    ]
  },
  {
    "source": "WSJ",
    "title": "Is This Wildly Overvalued Stock Market Doomed? Yes, but Maybe Not Yet",
    "published": "2024-12-06",
    "inference_result": [
      {
        "label": "neutral",
        "score": 0.8854857683181763
      }
    ]
  },
  {
    "source": "WSJ",
    "title": "A Bipartisan Slippage in Standards",
    "published": "2024-12-06",
    "inference_result": [
      {
        "label": "negative",
        "score": 0.9424645900726318
      }
    ]
  },
  {
    "source": "WSJ",
    "title": "Scott Walker: Unions Bosses Keep Trying to Kill Wisconsin\u2019s Act 10",
    "published": "2024-12-06",
    "inference_result": [
      {
        "label": "negative",
        "score": 0.5038818120956421
      }
    ]
  },
  {
    "source": "WSJ",
    "title": "An Undeserved Compliment for the United Nations",
    "published": "2024-12-06",
    "inference_result": [
      {
        "label": "positive",
        "score": 0.5012146830558777
      }
    ]
  },
  {
    "source": "WSJ",
    "title": "Americans\u2019 Cars Keep Getting Older\u2014and Creakier",
    "published": "2024-12-06",
    "inference_result": [
      {
        "label": "negative",
        "score": 0.841079592704773
      }
    ]
  },
  {
    "source": "WSJ",
    "title": "The Man Who Fought Fauci\u2014and Won",
    "published": "2024-12-06",
    "inference_result": [
      {
        "label": "neutral",
        "score": 0.861966609954834
      }
    ]
  },
  {
    "source": "WSJ",
    "title": "The Best Books of 2024 and More",
    "published": "2024-12-06",
    "inference_result": [
      {
        "label": "neutral",
        "score": 0.9120696187019348
      }
    ]
  },
  {
    "source": "WSJ",
    "title": "Romania Scraps Election After Russian Influence Allegations",
    "published": "2024-12-06",
    "inference_result": [
      {
        "label": "negative",
        "score": 0.9071446657180786
      }
    ]
  },
  {
    "source": "WSJ",
    "title": "Americans\u2019 Cars Keep Getting Older\u2014and Creakier",
    "published": "2024-12-06",
    "inference_result": [
      {
        "label": "negative",
        "score": 0.841079592704773
      }
    ]
  },
  {
    "source": "WSJ",
    "title": "How Strangers\u2019 Books Helped Me Through Grief on My Around-the-World Trip",
    "published": "2024-12-06",
    "inference_result": [
      {
        "label": "neutral",
        "score": 0.8749947547912598
      }
    ]
  },
  {
    "source": "WSJ",
    "title": "How to Spot a Rich Guy? Look for This Jacket.",
    "published": "2024-12-06",
    "inference_result": [
      {
        "label": "neutral",
        "score": 0.9197584390640259
      }
    ]
  },
  {
    "source": "WSJ",
    "title": "The Secret Weapon Helping Businesses Get Results From AI: Humans",
    "published": "2024-12-06",
    "inference_result": [
      {
        "label": "neutral",
        "score": 0.7806708216667175
      }
    ]
  },
  {
    "source": "WSJ",
    "title": "EU, South American Bloc Strike Free-Trade Pact",
    "published": "2024-12-06",
    "inference_result": [
      {
        "label": "positive",
        "score": 0.6332995891571045
      }
    ]
  },
  {
    "source": "WSJ",
    "title": "At the Top of Trump\u2019s Team: Angry Vets Who Want to Upend U.S. Foreign Policy",
    "published": "2024-12-06",
    "inference_result": [
      {
        "label": "neutral",
        "score": 0.729500412940979
      }
    ]
  }
]