[
  {
    "source": "WSJ",
    "title": "Apple Growers Can Compete With China, if You Let Us",
    "published": "2024-08-04",
    "inference_result": [
      {
        "label": "positive",
        "score": 0.8844003677368164
      }
    ]
  },
  {
    "source": "WSJ",
    "title": "J.D. Vance\u2019s Knockoff Theory of Manufacturing",
    "published": "2024-08-04",
    "inference_result": [
      {
        "label": "neutral",
        "score": 0.8948031067848206
      }
    ]
  },
  {
    "source": "WSJ",
    "title": "Trump Loses the Tax Cut Plot",
    "published": "2024-08-04",
    "inference_result": [
      {
        "label": "negative",
        "score": 0.9466249942779541
      }
    ]
  },
  {
    "source": "WSJ",
    "title": "These Steroid-Era Records Were Unbeatable. Until These Guys Came Along.",
    "published": "2024-08-04",
    "inference_result": [
      {
        "label": "neutral",
        "score": 0.6708089113235474
      }
    ]
  },
  {
    "source": "WSJ",
    "title": "Nippon Steel Deal Is Good for America",
    "published": "2024-08-04",
    "inference_result": [
      {
        "label": "positive",
        "score": 0.660851240158081
      }
    ]
  },
  {
    "source": "WSJ",
    "title": "Iran Rebuffs Calls for Restraint in Its Response to Killing of Hamas Leader",
    "published": "2024-08-04",
    "inference_result": [
      {
        "label": "negative",
        "score": 0.7043775916099548
      }
    ]
  },
  {
    "source": "WSJ",
    "title": "What Marketers Need to Know When Their Agencies Act as \u2018Principals\u2019",
    "published": "2024-08-04",
    "inference_result": [
      {
        "label": "neutral",
        "score": 0.921313464641571
      }
    ]
  }
]