[
  {
    "source": "WSJ",
    "title": "ON Semiconductor Looks to Bolster Supply Chain to Shield Against Rise of Chinese Chip Makers",
    "published": "2024-08-21",
    "inference_result": [
      {
        "label": "positive",
        "score": 0.6728883981704712
      }
    ]
  },
  {
    "source": "WSJ",
    "title": "Has Free Trade Left Us Vulnerable to China?",
    "published": "2024-08-21",
    "inference_result": [
      {
        "label": "neutral",
        "score": 0.5260853171348572
      }
    ]
  },
  {
    "source": "WSJ",
    "title": "America\u2019s Right Got Hungary\u2019s Viktor Orb\u00e1n Wrong",
    "published": "2024-08-21",
    "inference_result": [
      {
        "label": "neutral",
        "score": 0.6248164176940918
      }
    ]
  },
  {
    "source": "WSJ",
    "title": "China-EU Trade Rift Deepens With Probe of European Cheese",
    "published": "2024-08-21",
    "inference_result": [
      {
        "label": "negative",
        "score": 0.8502621054649353
      }
    ]
  },
  {
    "source": "WSJ",
    "title": "Two Ideas to Help Home Buyers",
    "published": "2024-08-21",
    "inference_result": [
      {
        "label": "neutral",
        "score": 0.7071300148963928
      }
    ]
  },
  {
    "source": "WSJ",
    "title": "Bill Pascrell, Long-Term New Jersey Congressman, Dies at 87",
    "published": "2024-08-21",
    "inference_result": [
      {
        "label": "neutral",
        "score": 0.8870325088500977
      }
    ]
  },
  {
    "source": "WSJ",
    "title": "The Risks of Trump\u2019s 10% Tariff",
    "published": "2024-08-21",
    "inference_result": [
      {
        "label": "positive",
        "score": 0.7123371362686157
      }
    ]
  },
  {
    "source": "WSJ",
    "title": "The Selling of Kamala Harris",
    "published": "2024-08-21",
    "inference_result": [
      {
        "label": "neutral",
        "score": 0.8406493663787842
      }
    ]
  },
  {
    "source": "WSJ",
    "title": "Biden Tried to Use Arms Sales to Pressure Israel. It Didn\u2019t Work.",
    "published": "2024-08-21",
    "inference_result": [
      {
        "label": "neutral",
        "score": 0.6830223798751831
      }
    ]
  },
  {
    "source": "WSJ",
    "title": "Exclusive | How a General\u2019s Blunder Left Russia\u2019s Border Vulnerable",
    "published": "2024-08-21",
    "inference_result": [
      {
        "label": "negative",
        "score": 0.9149786233901978
      }
    ]
  },
  {
    "source": "WSJ",
    "title": "Space-Based Missile Defense Is Still Practical",
    "published": "2024-08-21",
    "inference_result": [
      {
        "label": "negative",
        "score": 0.7692937850952148
      }
    ]
  },
  {
    "source": "WSJ",
    "title": "Lina Khan\u2019s Noncompete Ban Goes Down in Court",
    "published": "2024-08-21",
    "inference_result": [
      {
        "label": "negative",
        "score": 0.9305275082588196
      }
    ]
  },
  {
    "source": "WSJ",
    "title": "Gaza Cease-Fire Talks Put Iran Attack on Hold",
    "published": "2024-08-21",
    "inference_result": [
      {
        "label": "positive",
        "score": 0.6746802926063538
      }
    ]
  },
  {
    "source": "WSJ",
    "title": "In Crypto Bankruptcies, What Does \u2018Repay in Full\u2019 Mean? It Depends on Whom You Ask.",
    "published": "2024-08-21",
    "inference_result": [
      {
        "label": "positive",
        "score": 0.9538282155990601
      }
    ]
  },
  {
    "source": "WSJ",
    "title": "\u2018The Memory of \u201976\u2019 Review: Reinventing the Revolution",
    "published": "2024-08-21",
    "inference_result": [
      {
        "label": "neutral",
        "score": 0.8926671147346497
      }
    ]
  }
]