[
  {
    "source": "WSJ",
    "title": "Raimondo Says Holding Back China in Chips Race Is a \u2018Fool\u2019s Errand\u2019",
    "published": "2024-12-22",
    "inference_result": [
      {
        "label": "positive",
        "score": 0.5336440205574036
      }
    ]
  },
  {
    "source": "WSJ",
    "title": "Division Isn\u2019t So Bad",
    "published": "2024-12-22",
    "inference_result": [
      {
        "label": "neutral",
        "score": 0.8806990385055542
      }
    ]
  },
  {
    "source": "WSJ",
    "title": "The Not-So-Secret Way Around U.S. Tariffs",
    "published": "2024-12-22",
    "inference_result": [
      {
        "label": "negative",
        "score": 0.930934727191925
      }
    ]
  },
  {
    "source": "WSJ",
    "title": "Trump Threatens to Take Control of Panama Canal, Greenland",
    "published": "2024-12-22",
    "inference_result": [
      {
        "label": "negative",
        "score": 0.905336856842041
      }
    ]
  },
  {
    "source": "WSJ",
    "title": "What\u2019s Behind the Meltdown in Brazil",
    "published": "2024-12-22",
    "inference_result": [
      {
        "label": "negative",
        "score": 0.8723538517951965
      }
    ]
  },
  {
    "source": "WSJ",
    "title": "Satellite Images Show North Korea Boosting Arms Flow to Russia",
    "published": "2024-12-22",
    "inference_result": [
      {
        "label": "positive",
        "score": 0.9303939938545227
      }
    ]
  },
  {
    "source": "WSJ",
    "title": "Don\u2019t Succumb to Fatalism\u2014or Mercantilism",
    "published": "2024-12-22",
    "inference_result": [
      {
        "label": "neutral",
        "score": 0.4921840727329254
      }
    ]
  },
  {
    "source": "WSJ",
    "title": "End the Houthis\u2019 Threat to Global Trade",
    "published": "2024-12-22",
    "inference_result": [
      {
        "label": "positive",
        "score": 0.7626706957817078
      }
    ]
  },
  {
    "source": "WSJ",
    "title": "Steve Ballmer, the Non-Investing Guru of Investing",
    "published": "2024-12-22",
    "inference_result": [
      {
        "label": "neutral",
        "score": 0.9228907227516174
      }
    ]
  },
  {
    "source": "WSJ",
    "title": "Ukraine Bets a Free Market for Weapons Production Can Out-Innovate Russia",
    "published": "2024-12-22",
    "inference_result": [
      {
        "label": "neutral",
        "score": 0.8581544160842896
      }
    ]
  },
  {
    "source": "WSJ",
    "title": "Est\u00e9e Lauder Says It Spent $366 Million on Restructuring So Far",
    "published": "2024-12-22",
    "inference_result": [
      {
        "label": "neutral",
        "score": 0.9108283519744873
      }
    ]
  },
  {
    "source": "WSJ",
    "title": "The Sanctuary State Migrant Boom",
    "published": "2024-12-22",
    "inference_result": [
      {
        "label": "positive",
        "score": 0.8290412425994873
      }
    ]
  },
  {
    "source": "WSJ",
    "title": "Ukraine Bets a Free Market for Weapons Production Can Out-Innovate Russia",
    "published": "2024-12-22",
    "inference_result": [
      {
        "label": "neutral",
        "score": 0.8581544160842896
      }
    ]
  },
  {
    "source": "WSJ",
    "title": "U.S. Navy Shoots Down Own Plane as Fresh Strikes Target Houthi Rebels in Yemen",
    "published": "2024-12-22",
    "inference_result": [
      {
        "label": "negative",
        "score": 0.8445228934288025
      }
    ]
  },
  {
    "source": "WSJ",
    "title": "Activist Investor Palliser Capital Widens Call for Review of Rio Tinto\u2019s Dual-Listing Status",
    "published": "2024-12-22",
    "inference_result": [
      {
        "label": "neutral",
        "score": 0.5764622092247009
      }
    ]
  },
  {
    "source": "WSJ",
    "title": "Rickey Henderson: Hail to the Brilliant Thief",
    "published": "2024-12-22",
    "inference_result": [
      {
        "label": "neutral",
        "score": 0.883436918258667
      }
    ]
  },
  {
    "source": "WSJ",
    "title": "Activist Investor Palliser Capital Widens Call for Review of Rio Tinto\u2019s Dual-Listing Status",
    "published": "2024-12-22",
    "inference_result": [
      {
        "label": "neutral",
        "score": 0.5764622092247009
      }
    ]
  }
]