[
  {
    "source": "WSJ",
    "title": "The Family Business in Alabama That Fights China for Survival",
    "published": "2024-09-08",
    "inference_result": [
      {
        "label": "negative",
        "score": 0.8814557194709778
      }
    ]
  },
  {
    "source": "WSJ",
    "title": "Trump\u2019s Best Idea: Unleashing Elon Musk on Government",
    "published": "2024-09-08",
    "inference_result": [
      {
        "label": "neutral",
        "score": 0.9202841520309448
      }
    ]
  },
  {
    "source": "WSJ",
    "title": "Trump\u2019s Best Idea: Unleashing Elon Musk on Government",
    "published": "2024-09-08",
    "inference_result": [
      {
        "label": "neutral",
        "score": 0.9202841520309448
      }
    ]
  },
  {
    "source": "WSJ",
    "title": "What History Tells Us About Presidential Elections and the Stock Market",
    "published": "2024-09-08",
    "inference_result": [
      {
        "label": "neutral",
        "score": 0.43215617537498474
      }
    ]
  },
  {
    "source": "WSJ",
    "title": "Why Mexico\u2019s Looming Judiciary Overhaul Spooks U.S. Business",
    "published": "2024-09-08",
    "inference_result": [
      {
        "label": "neutral",
        "score": 0.7279959321022034
      }
    ]
  },
  {
    "source": "WSJ",
    "title": "The High-Tax State Brain Drain",
    "published": "2024-09-08",
    "inference_result": [
      {
        "label": "negative",
        "score": 0.9620202779769897
      }
    ]
  },
  {
    "source": "WSJ",
    "title": "More Cash for Kids Is Popular. It Might Not Be Wise.",
    "published": "2024-09-08",
    "inference_result": [
      {
        "label": "positive",
        "score": 0.807698667049408
      }
    ]
  },
  {
    "source": "WSJ",
    "title": "Jordanian Gunman Kills Three Israelis at Jordan-Israel Bridge",
    "published": "2024-09-08",
    "inference_result": [
      {
        "label": "negative",
        "score": 0.8315014243125916
      }
    ]
  },
  {
    "source": "WSJ",
    "title": "Should You Include REITs in Your Portfolio? And if So, Which Ones?",
    "published": "2024-09-08",
    "inference_result": [
      {
        "label": "negative",
        "score": 0.7078292369842529
      }
    ]
  },
  {
    "source": "WSJ",
    "title": "The Family Business in Alabama That Fights China for Survival",
    "published": "2024-09-08",
    "inference_result": [
      {
        "label": "negative",
        "score": 0.8814557194709778
      }
    ]
  },
  {
    "source": "WSJ",
    "title": "The High-Tax State Brain Drain",
    "published": "2024-09-08",
    "inference_result": [
      {
        "label": "negative",
        "score": 0.9620202779769897
      }
    ]
  },
  {
    "source": "WSJ",
    "title": "The Putin Propaganda Chief Who the U.S. Says Is Now After American Minds",
    "published": "2024-09-08",
    "inference_result": [
      {
        "label": "neutral",
        "score": 0.5509987473487854
      }
    ]
  },
  {
    "source": "WSJ",
    "title": "Trump\u2019s Problem in Michigan: A County Where Republicans Can\u2019t Get Along",
    "published": "2024-09-08",
    "inference_result": [
      {
        "label": "neutral",
        "score": 0.6495343446731567
      }
    ]
  },
  {
    "source": "WSJ",
    "title": "Speaker Mike Johnson Survived the Spring. Now Comes the Fall.",
    "published": "2024-09-08",
    "inference_result": [
      {
        "label": "neutral",
        "score": 0.6221706867218018
      }
    ]
  },
  {
    "source": "WSJ",
    "title": "The Putin Propaganda Chief Who the U.S. Says Is Now After American Minds",
    "published": "2024-09-08",
    "inference_result": [
      {
        "label": "neutral",
        "score": 0.5509987473487854
      }
    ]
  }
]