[
  {
    "source": "WSJ",
    "title": "How Democrats Blew It on Inflation",
    "published": "2024-11-18",
    "inference_result": [
      {
        "label": "negative",
        "score": 0.9424628019332886
      }
    ]
  },
  {
    "source": "WSJ",
    "title": "Milei Looks for Trump\u2019s Help to \u2018Make Argentina Great Again\u2019",
    "published": "2024-11-18",
    "inference_result": [
      {
        "label": "positive",
        "score": 0.8967408537864685
      }
    ]
  },
  {
    "source": "WSJ",
    "title": "Japan Exports Rebound But Outlook Remains Cloudy After Trump Re-Election",
    "published": "2024-11-18",
    "inference_result": [
      {
        "label": "negative",
        "score": 0.9060023427009583
      }
    ]
  },
  {
    "source": "WSJ",
    "title": "Can Trump\u2019s Hardball Tactics on China Ease America\u2019s Fentanyl Crisis?",
    "published": "2024-11-18",
    "inference_result": [
      {
        "label": "negative",
        "score": 0.9029090404510498
      }
    ]
  },
  {
    "source": "WSJ",
    "title": "Four More Years of Trump May Make America Normal Again",
    "published": "2024-11-18",
    "inference_result": [
      {
        "label": "neutral",
        "score": 0.7745571136474609
      }
    ]
  },
  {
    "source": "WSJ",
    "title": "A Wistful Biden Says Goodbye in a Closing Appearance on the World Stage",
    "published": "2024-11-18",
    "inference_result": [
      {
        "label": "neutral",
        "score": 0.4450936019420624
      }
    ]
  },
  {
    "source": "WSJ",
    "title": "Eurozone Trade Surplus Rises on Jump in Exports to U.S.",
    "published": "2024-11-18",
    "inference_result": [
      {
        "label": "positive",
        "score": 0.8829283714294434
      }
    ]
  },
  {
    "source": "WSJ",
    "title": "Maybe Europe Needs Trump",
    "published": "2024-11-18",
    "inference_result": [
      {
        "label": "positive",
        "score": 0.8827491402626038
      }
    ]
  },
  {
    "source": "WSJ",
    "title": "Now That Harris Has Lost, Let Israel Win",
    "published": "2024-11-18",
    "inference_result": [
      {
        "label": "negative",
        "score": 0.9159718751907349
      }
    ]
  },
  {
    "source": "WSJ",
    "title": "It Takes Two to Find Inefficiency in Government",
    "published": "2024-11-18",
    "inference_result": [
      {
        "label": "neutral",
        "score": 0.8320580720901489
      }
    ]
  },
  {
    "source": "WSJ",
    "title": "Exclusive | Charlesbank Acquires Economic Analysis Software Provider Implan",
    "published": "2024-11-18",
    "inference_result": [
      {
        "label": "negative",
        "score": 0.8602339029312134
      }
    ]
  }
]