[
  {
    "source": "WSJ",
    "title": "How I Differ With J.D. Vance on Industrial Policy",
    "published": "2024-08-16",
    "inference_result": [
      {
        "label": "negative",
        "score": 0.8907490968704224
      }
    ]
  },
  {
    "source": "WSJ",
    "title": "Harris Calls for Expanded Child Tax Credit, 3 Million New Housing Units",
    "published": "2024-08-16",
    "inference_result": [
      {
        "label": "negative",
        "score": 0.7837406396865845
      }
    ]
  },
  {
    "source": "WSJ",
    "title": "Harris Calls for Expanded Child Tax Credit, 3 Million New Housing Units",
    "published": "2024-08-16",
    "inference_result": [
      {
        "label": "negative",
        "score": 0.7837406396865845
      }
    ]
  },
  {
    "source": "WSJ",
    "title": "Harris, Trump Propose Divergent, Costly Solutions for Inflation",
    "published": "2024-08-16",
    "inference_result": [
      {
        "label": "neutral",
        "score": 0.8358336687088013
      }
    ]
  },
  {
    "source": "WSJ",
    "title": "Get Ready to Tip a Lot More",
    "published": "2024-08-16",
    "inference_result": [
      {
        "label": "neutral",
        "score": 0.8976788520812988
      }
    ]
  },
  {
    "source": "WSJ",
    "title": "Citadel\u2019s Ken Griffin Has Remade the Hedge-Fund Industry, With Himself on Top",
    "published": "2024-08-16",
    "inference_result": [
      {
        "label": "positive",
        "score": 0.9155924916267395
      }
    ]
  },
  {
    "source": "WSJ",
    "title": "The $3 Trillion Cash-for-Kids Bidding War",
    "published": "2024-08-16",
    "inference_result": [
      {
        "label": "neutral",
        "score": 0.9225758910179138
      }
    ]
  },
  {
    "source": "WSJ",
    "title": "Are You Using the Right Tax Breaks to Boost Investment Returns?",
    "published": "2024-08-16",
    "inference_result": [
      {
        "label": "neutral",
        "score": 0.9263806939125061
      }
    ]
  },
  {
    "source": "WSJ",
    "title": "Invest My Social Security Withholding, Please",
    "published": "2024-08-16",
    "inference_result": [
      {
        "label": "neutral",
        "score": 0.940196692943573
      }
    ]
  },
  {
    "source": "WSJ",
    "title": "Israel\u2019s Approach to Iran May Be Getting Bolder",
    "published": "2024-08-16",
    "inference_result": [
      {
        "label": "neutral",
        "score": 0.8851152658462524
      }
    ]
  },
  {
    "source": "WSJ",
    "title": "Ukraine Has a Strategy, the U.S. Doesn\u2019t",
    "published": "2024-08-16",
    "inference_result": [
      {
        "label": "neutral",
        "score": 0.919440746307373
      }
    ]
  },
  {
    "source": "WSJ",
    "title": "Vacation Tips for Anxious Workaholics",
    "published": "2024-08-16",
    "inference_result": [
      {
        "label": "neutral",
        "score": 0.8610048890113831
      }
    ]
  },
  {
    "source": "WSJ",
    "title": "It May Not Look Like an Ice Cream Sandwich, but It\u2019s the Best You\u2019ll Ever Eat",
    "published": "2024-08-16",
    "inference_result": [
      {
        "label": "neutral",
        "score": 0.9101676940917969
      }
    ]
  },
  {
    "source": "WSJ",
    "title": "Step Away From the Ugly A/C. We Found Well-Designed Versions of Mundane Home Decor.",
    "published": "2024-08-16",
    "inference_result": [
      {
        "label": "neutral",
        "score": 0.8289077877998352
      }
    ]
  },
  {
    "source": "WSJ",
    "title": "The Hottest Club in Town Is\u2026 Run by Your Credit-Card Company?",
    "published": "2024-08-16",
    "inference_result": [
      {
        "label": "neutral",
        "score": 0.7990738749504089
      }
    ]
  },
  {
    "source": "WSJ",
    "title": "Cybertruck Buyers Get Unusual Surprise: A Brand-New Truck Delivered With Dirt and Mud",
    "published": "2024-08-16",
    "inference_result": [
      {
        "label": "negative",
        "score": 0.6602859497070312
      }
    ]
  },
  {
    "source": "WSJ",
    "title": "\u2018Unit X\u2019 Review: Taking Tech Into Battle",
    "published": "2024-08-16",
    "inference_result": [
      {
        "label": "positive",
        "score": 0.8029195666313171
      }
    ]
  }
]