[
  {
    "source": "WSJ",
    "title": "New Jersey\u2019s Trains Are Late, and NJ Transit Billions Short",
    "published": "2024-07-19",
    "inference_result": [
      {
        "label": "negative",
        "score": 0.8844958543777466
      }
    ]
  },
  {
    "source": "WSJ",
    "title": "The Tesla of Stoves Comes With a Battery to Power Your Whole House",
    "published": "2024-07-19",
    "inference_result": [
      {
        "label": "positive",
        "score": 0.6803194284439087
      }
    ]
  },
  {
    "source": "WSJ",
    "title": "\u2018A Machine to Move Ocean and Earth\u2019 Review: How the Port of Los Angeles Was Born",
    "published": "2024-07-19",
    "inference_result": [
      {
        "label": "positive",
        "score": 0.49811652302742004
      }
    ]
  },
  {
    "source": "WSJ",
    "title": "The Next Commodity in the Taylor Swift Economy? $1,200 Friendship Bracelets",
    "published": "2024-07-19",
    "inference_result": [
      {
        "label": "neutral",
        "score": 0.841640293598175
      }
    ]
  },
  {
    "source": "WSJ",
    "title": "America\u2019s Next Great Wine Destination? Northern Virginia",
    "published": "2024-07-19",
    "inference_result": [
      {
        "label": "neutral",
        "score": 0.7245085835456848
      }
    ]
  },
  {
    "source": "WSJ",
    "title": "Walking Trips Aren\u2019t Just for Hard-Core Backpackers. Just Ask These Boomers.",
    "published": "2024-07-19",
    "inference_result": [
      {
        "label": "positive",
        "score": 0.4933779835700989
      }
    ]
  },
  {
    "source": "WSJ",
    "title": "California\u2019s Minimum Wage Backfire",
    "published": "2024-07-19",
    "inference_result": [
      {
        "label": "negative",
        "score": 0.9633223414421082
      }
    ]
  }
]