[
  {
    "source": "WSJ",
    "title": "EU Confirms Tariffs on Chinese-Made EVs",
    "published": "2024-07-04",
    "inference_result": [
      {
        "label": "neutral",
        "score": 0.9353388547897339
      }
    ]
  },
  {
    "source": "WSJ",
    "title": "EU Confirms Tariffs on Chinese-Made EVs",
    "published": "2024-07-04",
    "inference_result": [
      {
        "label": "neutral",
        "score": 0.9353388547897339
      }
    ]
  },
  {
    "source": "WSJ",
    "title": "LNG Exports Could Be a Boon for Climate and Security",
    "published": "2024-07-04",
    "inference_result": [
      {
        "label": "neutral",
        "score": 0.7926976084709167
      }
    ]
  },
  {
    "source": "WSJ",
    "title": "Some Apologies Say More Than Others",
    "published": "2024-07-04",
    "inference_result": [
      {
        "label": "neutral",
        "score": 0.7194876074790955
      }
    ]
  },
  {
    "source": "WSJ",
    "title": "When Should Israel Fight Hezbollah?",
    "published": "2024-07-04",
    "inference_result": [
      {
        "label": "negative",
        "score": 0.7785027623176575
      }
    ]
  },
  {
    "source": "WSJ",
    "title": "EU Confirms Tariffs on Chinese-Made EVs",
    "published": "2024-07-04",
    "inference_result": [
      {
        "label": "neutral",
        "score": 0.9353388547897339
      }
    ]
  },
  {
    "source": "WSJ",
    "title": "What\u2019s News: Business & Finance",
    "published": "2024-07-04",
    "inference_result": [
      {
        "label": "neutral",
        "score": 0.9413539171218872
      }
    ]
  },
  {
    "source": "WSJ",
    "title": "No One Wanted to Finance Their Stadium. Now Every Game Is a Sellout.",
    "published": "2024-07-04",
    "inference_result": [
      {
        "label": "neutral",
        "score": 0.8795879483222961
      }
    ]
  },
  {
    "source": "WSJ",
    "title": "President Biden, the Time to Leave Is Now",
    "published": "2024-07-04",
    "inference_result": [
      {
        "label": "negative",
        "score": 0.7486327290534973
      }
    ]
  },
  {
    "source": "WSJ",
    "title": "Exclusive | Sam Bankman-Fried\u2019s Campaign Spending Spree Was a Family Affair",
    "published": "2024-07-04",
    "inference_result": [
      {
        "label": "neutral",
        "score": 0.8548965454101562
      }
    ]
  },
  {
    "source": "WSJ",
    "title": "Some Apologies Say More Than Others",
    "published": "2024-07-04",
    "inference_result": [
      {
        "label": "neutral",
        "score": 0.7194876074790955
      }
    ]
  },
  {
    "source": "WSJ",
    "title": "Sudden Return of the Trump Trade Sends Treasurys Reeling",
    "published": "2024-07-04",
    "inference_result": [
      {
        "label": "positive",
        "score": 0.8905587196350098
      }
    ]
  },
  {
    "source": "WSJ",
    "title": "The IRS Has a High-Earner Delusion",
    "published": "2024-07-04",
    "inference_result": [
      {
        "label": "negative",
        "score": 0.5473385453224182
      }
    ]
  },
  {
    "source": "WSJ",
    "title": "Netflix, U.S. Companies Ask Canada Appeal Court to Stop Proposed Tax on Streaming Revenue",
    "published": "2024-07-04",
    "inference_result": [
      {
        "label": "neutral",
        "score": 0.4853871464729309
      }
    ]
  },
  {
    "source": "WSJ",
    "title": "The Blue-State Wealth Exodus Continues",
    "published": "2024-07-04",
    "inference_result": [
      {
        "label": "neutral",
        "score": 0.5952040553092957
      }
    ]
  },
  {
    "source": "WSJ",
    "title": "Biden Presses Netanyahu to Close Cease-Fire Deal After Talks Show Progress",
    "published": "2024-07-04",
    "inference_result": [
      {
        "label": "neutral",
        "score": 0.864529013633728
      }
    ]
  },
  {
    "source": "WSJ",
    "title": "Israel Is Ordering the Biggest Displacement of Gazans Since October",
    "published": "2024-07-04",
    "inference_result": [
      {
        "label": "neutral",
        "score": 0.941642165184021
      }
    ]
  },
  {
    "source": "WSJ",
    "title": "U.K.\u2019s Labour Party Wins Election Landslide as Conservative Vote Collapses",
    "published": "2024-07-04",
    "inference_result": [
      {
        "label": "negative",
        "score": 0.9705444574356079
      }
    ]
  },
  {
    "source": "WSJ",
    "title": "An Online Pharmacy Pledged to Make Prescriptions Easier. It Sent the Wrong Drugs Instead.",
    "published": "2024-07-04",
    "inference_result": [
      {
        "label": "negative",
        "score": 0.9213467836380005
      }
    ]
  }
]