[
  {
    "source": "WSJ",
    "title": "Remy Cointreau\u2019s Long-Term Story Remains Attractive",
    "published": "2024-11-27",
    "inference_result": [
      {
        "label": "positive",
        "score": 0.9496408700942993
      }
    ]
  },
  {
    "source": "WSJ",
    "title": "Retail Investors Are Key to Sustaining China\u2019s Stock-Market Rally",
    "published": "2024-11-27",
    "inference_result": [
      {
        "label": "negative",
        "score": 0.9534777998924255
      }
    ]
  }
]