[
  {
    "source": "WSJ",
    "title": "The Federal Reserve\u2019s New Dispensation",
    "published": "2024-12-23",
    "inference_result": [
      {
        "label": "negative",
        "score": 0.7051263451576233
      }
    ]
  },
  {
    "source": "WSJ",
    "title": "The Federal Reserve\u2019s New Dispensation",
    "published": "2024-12-23",
    "inference_result": [
      {
        "label": "negative",
        "score": 0.7051263451576233
      }
    ]
  },
  {
    "source": "WSJ",
    "title": "Xi Digs In With Top-Down Economic Plan Even as China Drowns in Debt",
    "published": "2024-12-23",
    "inference_result": [
      {
        "label": "positive",
        "score": 0.6309517025947571
      }
    ]
  },
  {
    "source": "WSJ",
    "title": "After Years of Going Big, American Car Buyers Are Downsizing",
    "published": "2024-12-23",
    "inference_result": [
      {
        "label": "positive",
        "score": 0.9431903958320618
      }
    ]
  },
  {
    "source": "WSJ",
    "title": "2024 Was a Year of Excellence, Ironic and Otherwise",
    "published": "2024-12-23",
    "inference_result": [
      {
        "label": "neutral",
        "score": 0.9284471273422241
      }
    ]
  },
  {
    "source": "WSJ",
    "title": "Here\u2019s What Retirement on a Pension Looks Like in America",
    "published": "2024-12-23",
    "inference_result": [
      {
        "label": "neutral",
        "score": 0.9281069040298462
      }
    ]
  },
  {
    "source": "WSJ",
    "title": "GOP Spending Rebellion Is Ominous Sign for Trump\u2019s All-Republican Government",
    "published": "2024-12-23",
    "inference_result": [
      {
        "label": "negative",
        "score": 0.7481958270072937
      }
    ]
  },
  {
    "source": "WSJ",
    "title": "U.K. Economy Slides Into Stagnation",
    "published": "2024-12-23",
    "inference_result": [
      {
        "label": "positive",
        "score": 0.8737339973449707
      }
    ]
  },
  {
    "source": "WSJ",
    "title": "Here\u2019s What Retirement on a Pension Looks Like in America",
    "published": "2024-12-23",
    "inference_result": [
      {
        "label": "neutral",
        "score": 0.9281069040298462
      }
    ]
  }
]