[
  {
    "source": "WSJ",
    "title": "How Tim Cook Cracked the Code on Working With Trump",
    "published": "2024-11-24",
    "inference_result": [
      {
        "label": "neutral",
        "score": 0.5649437308311462
      }
    ]
  },
  {
    "source": "WSJ",
    "title": "Shoppers Are Picky Heading Into Black Friday. Retailers Could Win or Lose Big.",
    "published": "2024-11-24",
    "inference_result": [
      {
        "label": "neutral",
        "score": 0.6754619479179382
      }
    ]
  },
  {
    "source": "WSJ",
    "title": "Canada\u2019s Plan for U.S. Trade Talks: Throw Mexico Under the Bus",
    "published": "2024-11-24",
    "inference_result": [
      {
        "label": "positive",
        "score": 0.4483705759048462
      }
    ]
  },
  {
    "source": "WSJ",
    "title": "Shoppers Are Picky Heading Into Black Friday. Retailers Could Win or Lose Big.",
    "published": "2024-11-24",
    "inference_result": [
      {
        "label": "neutral",
        "score": 0.6754619479179382
      }
    ]
  },
  {
    "source": "WSJ",
    "title": "Trump Chooses Brooke Rollins to Lead Agriculture Department",
    "published": "2024-11-24",
    "inference_result": [
      {
        "label": "neutral",
        "score": 0.920871376991272
      }
    ]
  },
  {
    "source": "WSJ",
    "title": "China Looks to Musk as Conduit to Trump, Seeking to Ward Off Harsh Policies",
    "published": "2024-11-24",
    "inference_result": [
      {
        "label": "neutral",
        "score": 0.9262955784797668
      }
    ]
  },
  {
    "source": "WSJ",
    "title": "How Trump\u2019s Tariffs on China Changed U.S. Trade, in Charts",
    "published": "2024-11-24",
    "inference_result": [
      {
        "label": "positive",
        "score": 0.829712450504303
      }
    ]
  },
  {
    "source": "WSJ",
    "title": "If Inflation Is Back, Protecting Against It Won\u2019t Be Simple",
    "published": "2024-11-24",
    "inference_result": [
      {
        "label": "negative",
        "score": 0.9119870066642761
      }
    ]
  },
  {
    "source": "WSJ",
    "title": "Trump Chooses Brooke Rollins to Lead Agriculture Department",
    "published": "2024-11-24",
    "inference_result": [
      {
        "label": "neutral",
        "score": 0.920871376991272
      }
    ]
  },
  {
    "source": "WSJ",
    "title": "How Scott Bessent Won the \u2018Knife Fight\u2019 to Be Trump\u2019s Treasury Secretary",
    "published": "2024-11-24",
    "inference_result": [
      {
        "label": "positive",
        "score": 0.9089237451553345
      }
    ]
  },
  {
    "source": "WSJ",
    "title": "Trump Can Get EVs Back on Track",
    "published": "2024-11-24",
    "inference_result": [
      {
        "label": "neutral",
        "score": 0.9095698595046997
      }
    ]
  },
  {
    "source": "WSJ",
    "title": "Gavin Newsom and the Democrats\u2019 Delusional Recovery",
    "published": "2024-11-24",
    "inference_result": [
      {
        "label": "neutral",
        "score": 0.6770906448364258
      }
    ]
  },
  {
    "source": "WSJ",
    "title": "Trump\u2019s Economic Plan Has Inflation Written All Over It",
    "published": "2024-11-24",
    "inference_result": [
      {
        "label": "negative",
        "score": 0.786482036113739
      }
    ]
  },
  {
    "source": "WSJ",
    "title": "Canada\u2019s Plan for U.S. Trade Talks: Throw Mexico Under the Bus",
    "published": "2024-11-24",
    "inference_result": [
      {
        "label": "positive",
        "score": 0.4483705759048462
      }
    ]
  },
  {
    "source": "WSJ",
    "title": "If Inflation Is Back, Protecting Against It Won\u2019t Be Simple",
    "published": "2024-11-24",
    "inference_result": [
      {
        "label": "negative",
        "score": 0.9119870066642761
      }
    ]
  },
  {
    "source": "WSJ",
    "title": "Welcome to the World of 24-Hour Stock Trading",
    "published": "2024-11-24",
    "inference_result": [
      {
        "label": "positive",
        "score": 0.8621071577072144
      }
    ]
  },
  {
    "source": "WSJ",
    "title": "Not All Trump 2.0 Regulatory Initiatives Will Survive\u2014Here\u2019s Why",
    "published": "2024-11-24",
    "inference_result": [
      {
        "label": "neutral",
        "score": 0.9235450029373169
      }
    ]
  },
  {
    "source": "WSJ",
    "title": "Northvolt\u2019s Bankruptcy and the EV Crash",
    "published": "2024-11-24",
    "inference_result": [
      {
        "label": "negative",
        "score": 0.9617494940757751
      }
    ]
  },
  {
    "source": "WSJ",
    "title": "Northvolt\u2019s Bankruptcy and the EV Crash",
    "published": "2024-11-24",
    "inference_result": [
      {
        "label": "negative",
        "score": 0.9617494940757751
      }
    ]
  }
]