[
  {
    "source": "WSJ",
    "title": "Japan Bid for U.S. Steel Runs Up Against U.S. Politics",
    "published": "2024-09-05",
    "inference_result": [
      {
        "label": "negative",
        "score": 0.8784976601600647
      }
    ]
  },
  {
    "source": "WSJ",
    "title": "Japan Bid for U.S. Steel Runs Up Against U.S. Politics",
    "published": "2024-09-05",
    "inference_result": [
      {
        "label": "negative",
        "score": 0.8784976601600647
      }
    ]
  },
  {
    "source": "WSJ",
    "title": "Volvo Car Waters Down Targets on Uncertainty in Auto Market, Trade Wars",
    "published": "2024-09-05",
    "inference_result": [
      {
        "label": "negative",
        "score": 0.9747322201728821
      }
    ]
  },
  {
    "source": "WSJ",
    "title": "Volvo Car Waters Down Targets on Uncertainty in Auto Market, Trade Wars",
    "published": "2024-09-05",
    "inference_result": [
      {
        "label": "negative",
        "score": 0.9747322201728821
      }
    ]
  },
  {
    "source": "WSJ",
    "title": "Exclusive | The Presidential Campaign Proposals Americans Like Best",
    "published": "2024-09-05",
    "inference_result": [
      {
        "label": "positive",
        "score": 0.5685211420059204
      }
    ]
  },
  {
    "source": "WSJ",
    "title": "Trump Proposes 15% Tax Rate for Some Companies and a Role for Elon Musk in Government",
    "published": "2024-09-05",
    "inference_result": [
      {
        "label": "neutral",
        "score": 0.8158596158027649
      }
    ]
  },
  {
    "source": "WSJ",
    "title": "Trump Proposes 15% Tax Rate for Some Companies and a Role for Elon Musk in Government",
    "published": "2024-09-05",
    "inference_result": [
      {
        "label": "neutral",
        "score": 0.8158596158027649
      }
    ]
  },
  {
    "source": "WSJ",
    "title": "Hamas Releases Video of Hersh Goldberg-Polin Filmed Before He Was Killed",
    "published": "2024-09-05",
    "inference_result": [
      {
        "label": "neutral",
        "score": 0.48511019349098206
      }
    ]
  },
  {
    "source": "WSJ",
    "title": "Volvo Car Waters Down Targets on Uncertainty in Auto Market, Trade Wars",
    "published": "2024-09-05",
    "inference_result": [
      {
        "label": "negative",
        "score": 0.9747322201728821
      }
    ]
  },
  {
    "source": "WSJ",
    "title": "Japan Bid for U.S. Steel Runs Up Against U.S. Politics",
    "published": "2024-09-05",
    "inference_result": [
      {
        "label": "negative",
        "score": 0.8784976601600647
      }
    ]
  },
  {
    "source": "WSJ",
    "title": "No Bias in Educating Judges About Climate",
    "published": "2024-09-05",
    "inference_result": [
      {
        "label": "neutral",
        "score": 0.5751711130142212
      }
    ]
  },
  {
    "source": "WSJ",
    "title": "Hunter Biden Makes Surprise Guilty Plea in Tax Case",
    "published": "2024-09-05",
    "inference_result": [
      {
        "label": "negative",
        "score": 0.6814422607421875
      }
    ]
  },
  {
    "source": "WSJ",
    "title": "U.S. Crude Oil Stockpiles Fall More Than Expected",
    "published": "2024-09-05",
    "inference_result": [
      {
        "label": "negative",
        "score": 0.9760437607765198
      }
    ]
  },
  {
    "source": "WSJ",
    "title": "Berkeley\u2019s Gas Stove Tax",
    "published": "2024-09-05",
    "inference_result": [
      {
        "label": "negative",
        "score": 0.5467976331710815
      }
    ]
  },
  {
    "source": "WSJ",
    "title": "JetBlue Shares Rise After Third-Quarter Guidance Boost",
    "published": "2024-09-05",
    "inference_result": [
      {
        "label": "positive",
        "score": 0.9542715549468994
      }
    ]
  },
  {
    "source": "WSJ",
    "title": "France\u2019s Macron Taps Former Brexit Negotiator as Prime Minister",
    "published": "2024-09-05",
    "inference_result": [
      {
        "label": "negative",
        "score": 0.506716787815094
      }
    ]
  },
  {
    "source": "WSJ",
    "title": "Judge Puts Trump\u2019s Jan. 6 Case in Spotlight Ahead of Election",
    "published": "2024-09-05",
    "inference_result": [
      {
        "label": "neutral",
        "score": 0.820209801197052
      }
    ]
  }
]