[
  {
    "source": "WSJ",
    "title": "For EV Startups, Things Are Going From Bad to Worse",
    "published": "2024-12-01",
    "inference_result": [
      {
        "label": "negative",
        "score": 0.9730488061904907
      }
    ]
  },
  {
    "source": "WSJ",
    "title": "Exclusive | China Is Studying Russia\u2019s Sanctions Evasion to Prepare for Taiwan Conflict",
    "published": "2024-12-01",
    "inference_result": [
      {
        "label": "neutral",
        "score": 0.8592274188995361
      }
    ]
  },
  {
    "source": "WSJ",
    "title": "Setbacks for Russia, Iran and Hezbollah Turn Into a Catastrophe for Syria\u2019s Assad",
    "published": "2024-12-01",
    "inference_result": [
      {
        "label": "negative",
        "score": 0.7939813733100891
      }
    ]
  },
  {
    "source": "WSJ",
    "title": "Russian and Syrian Regime Forces Strike Rebel-Held Territory as Assad Faces Biggest Threat in Years",
    "published": "2024-12-01",
    "inference_result": [
      {
        "label": "negative",
        "score": 0.868462860584259
      }
    ]
  },
  {
    "source": "WSJ",
    "title": "Donald Dos and Donald Don\u2019ts",
    "published": "2024-12-01",
    "inference_result": [
      {
        "label": "neutral",
        "score": 0.9175260066986084
      }
    ]
  },
  {
    "source": "WSJ",
    "title": "Cut, Don\u2019t Share, Our Taxes",
    "published": "2024-12-01",
    "inference_result": [
      {
        "label": "negative",
        "score": 0.5447958707809448
      }
    ]
  },
  {
    "source": "WSJ",
    "title": "Imports Are the Habit U.S. Small Businesses Can\u2019t Quit",
    "published": "2024-12-01",
    "inference_result": [
      {
        "label": "negative",
        "score": 0.6432318091392517
      }
    ]
  }
]