[
  {
    "source": "WSJ",
    "title": "BYD\u2019s First-Half Profit Rose on Strong EV Sales Despite Slowing China Demand",
    "published": "2024-08-28",
    "inference_result": [
      {
        "label": "positive",
        "score": 0.9172427654266357
      }
    ]
  },
  {
    "source": "WSJ",
    "title": "BYD\u2019s First-Half Profit Rose on Strong EV Sales Despite Slowing China Demand",
    "published": "2024-08-28",
    "inference_result": [
      {
        "label": "positive",
        "score": 0.9172427654266357
      }
    ]
  },
  {
    "source": "WSJ",
    "title": "If You Like Your Town, Can You Keep It?",
    "published": "2024-08-28",
    "inference_result": [
      {
        "label": "neutral",
        "score": 0.9070837497711182
      }
    ]
  },
  {
    "source": "WSJ",
    "title": "If You Like Your Town, Can You Keep It?",
    "published": "2024-08-28",
    "inference_result": [
      {
        "label": "neutral",
        "score": 0.9070837497711182
      }
    ]
  },
  {
    "source": "WSJ",
    "title": "The Forever War on Plastic Grocery Bags",
    "published": "2024-08-28",
    "inference_result": [
      {
        "label": "negative",
        "score": 0.6389405131340027
      }
    ]
  },
  {
    "source": "WSJ",
    "title": "Now Ukraine Could Be Our Failure",
    "published": "2024-08-28",
    "inference_result": [
      {
        "label": "neutral",
        "score": 0.7601965069770813
      }
    ]
  },
  {
    "source": "WSJ",
    "title": "ATACMS and Russia\u2019s Sanctuary",
    "published": "2024-08-28",
    "inference_result": [
      {
        "label": "neutral",
        "score": 0.8853070139884949
      }
    ]
  },
  {
    "source": "WSJ",
    "title": "Wanted: A Grand Strategy for More Than China",
    "published": "2024-08-28",
    "inference_result": [
      {
        "label": "neutral",
        "score": 0.8987450003623962
      }
    ]
  },
  {
    "source": "WSJ",
    "title": "GM Delays Indiana Battery Factory in Latest EV Pullback",
    "published": "2024-08-28",
    "inference_result": [
      {
        "label": "neutral",
        "score": 0.8845921754837036
      }
    ]
  },
  {
    "source": "WSJ",
    "title": "A Fake Spy, Russian Oil and $1 Million Funneled to Democrats",
    "published": "2024-08-28",
    "inference_result": [
      {
        "label": "neutral",
        "score": 0.5764549970626831
      }
    ]
  },
  {
    "source": "WSJ",
    "title": "Parenting Is Hazardous to Your Health, the Surgeon General Warns",
    "published": "2024-08-28",
    "inference_result": [
      {
        "label": "negative",
        "score": 0.6641904711723328
      }
    ]
  },
  {
    "source": "WSJ",
    "title": "\u2018Alfredo Campoli: The Bel Canto Violin\u2019 Review: Singing String Sounds",
    "published": "2024-08-28",
    "inference_result": [
      {
        "label": "neutral",
        "score": 0.8060497641563416
      }
    ]
  }
]