[
  {
    "source": "WSJ",
    "title": "Knowns and Unknowns of the Harris-Trump Presidential Debate",
    "published": "2024-09-11",
    "inference_result": [
      {
        "label": "neutral",
        "score": 0.818723738193512
      }
    ]
  },
  {
    "source": "WSJ",
    "title": "VW and Germany Were Great for Each Other. Now They\u2019re Not.",
    "published": "2024-09-11",
    "inference_result": [
      {
        "label": "negative",
        "score": 0.9705971479415894
      }
    ]
  },
  {
    "source": "WSJ",
    "title": "Welfare Is What\u2019s Eating the Budget",
    "published": "2024-09-11",
    "inference_result": [
      {
        "label": "neutral",
        "score": 0.5148069262504578
      }
    ]
  },
  {
    "source": "WSJ",
    "title": "Can India Keep Its Wealthy From Fleeing?",
    "published": "2024-09-11",
    "inference_result": [
      {
        "label": "negative",
        "score": 0.9466908574104309
      }
    ]
  },
  {
    "source": "WSJ",
    "title": "Exclusive | PwC Laying Off 1,800 Employees in First Formal Cuts Since 2009",
    "published": "2024-09-11",
    "inference_result": [
      {
        "label": "negative",
        "score": 0.9479809999465942
      }
    ]
  },
  {
    "source": "WSJ",
    "title": "A Catastrophic Debate for Trump",
    "published": "2024-09-11",
    "inference_result": [
      {
        "label": "neutral",
        "score": 0.5036991238594055
      }
    ]
  },
  {
    "source": "WSJ",
    "title": "Lululemon Is Seeing a Slowdown in Its Women\u2019s Business. Has It Reached Its Ceiling?",
    "published": "2024-09-11",
    "inference_result": [
      {
        "label": "negative",
        "score": 0.9565522074699402
      }
    ]
  },
  {
    "source": "WSJ",
    "title": "VW and Germany Were Great for Each Other. Now They\u2019re Not.",
    "published": "2024-09-11",
    "inference_result": [
      {
        "label": "negative",
        "score": 0.9705971479415894
      }
    ]
  }
]