[
  {
    "source": "WSJ",
    "title": "Donald Trump Calls for Making Car-Loan Interest Tax Deductible",
    "published": "2024-10-10",
    "inference_result": [
      {
        "label": "negative",
        "score": 0.7756487727165222
      }
    ]
  },
  {
    "source": "WSJ",
    "title": "Volkswagen Car Deliveries Fall as Industry Challenges Mount",
    "published": "2024-10-10",
    "inference_result": [
      {
        "label": "negative",
        "score": 0.9571582078933716
      }
    ]
  },
  {
    "source": "WSJ",
    "title": "Macron, the Man Who Cried Continental Crisis",
    "published": "2024-10-10",
    "inference_result": [
      {
        "label": "negative",
        "score": 0.5902643799781799
      }
    ]
  },
  {
    "source": "WSJ",
    "title": "WTO Raises Forecast for Trade Rebound as Interest Rates Fall",
    "published": "2024-10-10",
    "inference_result": [
      {
        "label": "positive",
        "score": 0.9524486064910889
      }
    ]
  },
  {
    "source": "WSJ",
    "title": "SEC Sues Crypto Unit of High-Speed Trading Firm DRW",
    "published": "2024-10-10",
    "inference_result": [
      {
        "label": "neutral",
        "score": 0.7393835186958313
      }
    ]
  },
  {
    "source": "WSJ",
    "title": "Empress Kamala\u2019s New Clothes",
    "published": "2024-10-10",
    "inference_result": [
      {
        "label": "negative",
        "score": 0.8418814539909363
      }
    ]
  },
  {
    "source": "WSJ",
    "title": "WTO Raises Forecast for Trade Rebound as Interest Rates Fall",
    "published": "2024-10-10",
    "inference_result": [
      {
        "label": "positive",
        "score": 0.9524486064910889
      }
    ]
  },
  {
    "source": "WSJ",
    "title": "Musk Shows Off Driverless Robotaxi to Be Priced Under $30,000",
    "published": "2024-10-10",
    "inference_result": [
      {
        "label": "neutral",
        "score": 0.772337794303894
      }
    ]
  }
]