[
  {
    "source": "WSJ",
    "title": "Harris Pledges $100 Billion in Tax Credits to Boost U.S. Manufacturing",
    "published": "2024-09-25",
    "inference_result": [
      {
        "label": "neutral",
        "score": 0.5486016273498535
      }
    ]
  },
  {
    "source": "WSJ",
    "title": "Sen. Rubio Responds on U.S. Trade Policy With China",
    "published": "2024-09-25",
    "inference_result": [
      {
        "label": "negative",
        "score": 0.9000915884971619
      }
    ]
  },
  {
    "source": "WSJ",
    "title": "Harris\u2019s Uncertainty and the Risk of Recession",
    "published": "2024-09-25",
    "inference_result": [
      {
        "label": "neutral",
        "score": 0.9321427345275879
      }
    ]
  },
  {
    "source": "WSJ",
    "title": "Joe Biden Evaporates but His Bureaucrats Don\u2019t",
    "published": "2024-09-25",
    "inference_result": [
      {
        "label": "neutral",
        "score": 0.873496413230896
      }
    ]
  },
  {
    "source": "WSJ",
    "title": "Harris\u2019s Uncertainty and the Risk of Recession",
    "published": "2024-09-25",
    "inference_result": [
      {
        "label": "neutral",
        "score": 0.9321427345275879
      }
    ]
  },
  {
    "source": "WSJ",
    "title": "Joe Biden Evaporates but His Bureaucrats Don\u2019t",
    "published": "2024-09-25",
    "inference_result": [
      {
        "label": "neutral",
        "score": 0.873496413230896
      }
    ]
  },
  {
    "source": "WSJ",
    "title": "Harris\u2019s Uncertainty and the Risk of Recession",
    "published": "2024-09-25",
    "inference_result": [
      {
        "label": "neutral",
        "score": 0.9321427345275879
      }
    ]
  },
  {
    "source": "WSJ",
    "title": "Ubisoft Slashes Guidance After Assassin\u2019s Creed, Star Wars Setbacks",
    "published": "2024-09-25",
    "inference_result": [
      {
        "label": "negative",
        "score": 0.9675320386886597
      }
    ]
  },
  {
    "source": "WSJ",
    "title": "Sen. Rubio Responds on U.S. Trade Policy With China",
    "published": "2024-09-25",
    "inference_result": [
      {
        "label": "negative",
        "score": 0.9000915884971619
      }
    ]
  },
  {
    "source": "WSJ",
    "title": "Harris\u2019s Uncertainty and the Risk of Recession",
    "published": "2024-09-25",
    "inference_result": [
      {
        "label": "neutral",
        "score": 0.9321427345275879
      }
    ]
  },
  {
    "source": "WSJ",
    "title": "U.S. \u2018Unimpressed\u2019 With Ukraine\u2019s Victory Plan Ahead of Biden-Zelensky Meeting",
    "published": "2024-09-25",
    "inference_result": [
      {
        "label": "neutral",
        "score": 0.7372158169746399
      }
    ]
  },
  {
    "source": "WSJ",
    "title": "Israel Prepares Possible Lebanon Invasion as Hezbollah Fires Missile at Tel Aviv",
    "published": "2024-09-25",
    "inference_result": [
      {
        "label": "neutral",
        "score": 0.8091862201690674
      }
    ]
  },
  {
    "source": "WSJ",
    "title": "Google Files EU Antitrust Complaint Against Microsoft",
    "published": "2024-09-25",
    "inference_result": [
      {
        "label": "negative",
        "score": 0.7953111529350281
      }
    ]
  }
]