[
  {
    "source": "WSJ",
    "title": "Exclusive | Harley-Davidson Dealers Accuse Bike Maker of Hogging Profits",
    "published": "2024-08-13",
    "inference_result": [
      {
        "label": "negative",
        "score": 0.9670603275299072
      }
    ]
  },
  {
    "source": "WSJ",
    "title": "Trump or Harris? It\u2019s a Tossup for Many CEOs",
    "published": "2024-08-13",
    "inference_result": [
      {
        "label": "negative",
        "score": 0.7535187602043152
      }
    ]
  },
  {
    "source": "WSJ",
    "title": "Notable & Quotable: Tip Flip",
    "published": "2024-08-13",
    "inference_result": [
      {
        "label": "positive",
        "score": 0.5669652223587036
      }
    ]
  },
  {
    "source": "WSJ",
    "title": "Ukraine Shocks Russia in Kursk",
    "published": "2024-08-13",
    "inference_result": [
      {
        "label": "neutral",
        "score": 0.5761362910270691
      }
    ]
  },
  {
    "source": "WSJ",
    "title": "In Israel, Support Grows for Offensive Against Hezbollah",
    "published": "2024-08-13",
    "inference_result": [
      {
        "label": "neutral",
        "score": 0.7904748320579529
      }
    ]
  },
  {
    "source": "WSJ",
    "title": "Betrayal and Capture of Sinaloa Cartel Leaders Spark Fears of Turf War",
    "published": "2024-08-13",
    "inference_result": [
      {
        "label": "negative",
        "score": 0.5039031505584717
      }
    ]
  },
  {
    "source": "WSJ",
    "title": "War Tears Apart Sudan\u2019s Capital City",
    "published": "2024-08-13",
    "inference_result": [
      {
        "label": "negative",
        "score": 0.8474640846252441
      }
    ]
  },
  {
    "source": "WSJ",
    "title": "Kamala Harris\u2019s Avoidant Campaign",
    "published": "2024-08-13",
    "inference_result": [
      {
        "label": "neutral",
        "score": 0.9238985180854797
      }
    ]
  },
  {
    "source": "WSJ",
    "title": "India Cut Out Iranian Oil From Its Diet",
    "published": "2024-08-13",
    "inference_result": [
      {
        "label": "positive",
        "score": 0.8009664416313171
      }
    ]
  },
  {
    "source": "WSJ",
    "title": "Trump or Harris? It\u2019s a Tossup for Many CEOs",
    "published": "2024-08-13",
    "inference_result": [
      {
        "label": "negative",
        "score": 0.7535187602043152
      }
    ]
  },
  {
    "source": "WSJ",
    "title": "Japanese Leader Fumio Kishida to Step Down",
    "published": "2024-08-13",
    "inference_result": [
      {
        "label": "neutral",
        "score": 0.6271916627883911
      }
    ]
  }
]