[
  {
    "source": "WSJ",
    "title": "Logging Is a Way of Life in Appalachia. It\u2019s Hanging on by a Thread.",
    "published": "2024-10-30",
    "inference_result": [
      {
        "label": "negative",
        "score": 0.9601370692253113
      }
    ]
  },
  {
    "source": "WSJ",
    "title": "The Message of 2.8% GDP Growth",
    "published": "2024-10-30",
    "inference_result": [
      {
        "label": "negative",
        "score": 0.9389185309410095
      }
    ]
  },
  {
    "source": "WSJ",
    "title": "Harris Easily Beats Trump on Economic Policy",
    "published": "2024-10-30",
    "inference_result": [
      {
        "label": "negative",
        "score": 0.9593195915222168
      }
    ]
  },
  {
    "source": "WSJ",
    "title": "Harris Easily Beats Trump on Economic Policy",
    "published": "2024-10-30",
    "inference_result": [
      {
        "label": "negative",
        "score": 0.9593195915222168
      }
    ]
  },
  {
    "source": "WSJ",
    "title": "Harris Easily Beats Trump on Economic Policy",
    "published": "2024-10-30",
    "inference_result": [
      {
        "label": "negative",
        "score": 0.9593195915222168
      }
    ]
  },
  {
    "source": "WSJ",
    "title": "Court Ruling Threatens to Curb Billions in Political \u2018Dark Money\u2019",
    "published": "2024-10-30",
    "inference_result": [
      {
        "label": "neutral",
        "score": 0.8803141117095947
      }
    ]
  },
  {
    "source": "WSJ",
    "title": "Supply Chain Woes Carry High Risks, Big Rewards for Some Companies",
    "published": "2024-10-30",
    "inference_result": [
      {
        "label": "negative",
        "score": 0.4745526909828186
      }
    ]
  },
  {
    "source": "WSJ",
    "title": "Britain\u2019s Labour Party Bets on Big Taxes, Borrowing to Boost Economy",
    "published": "2024-10-30",
    "inference_result": [
      {
        "label": "positive",
        "score": 0.6421486735343933
      }
    ]
  },
  {
    "source": "WSJ",
    "title": "Disney to Pay More Than $500 Million to Air the Grammys",
    "published": "2024-10-30",
    "inference_result": [
      {
        "label": "negative",
        "score": 0.7517358064651489
      }
    ]
  },
  {
    "source": "WSJ",
    "title": "American Airlines Busts Travelers Who Cut the Boarding Line",
    "published": "2024-10-30",
    "inference_result": [
      {
        "label": "negative",
        "score": 0.6726357936859131
      }
    ]
  },
  {
    "source": "WSJ",
    "title": "A Draft Avoider Finally Works the Polls",
    "published": "2024-10-30",
    "inference_result": [
      {
        "label": "neutral",
        "score": 0.9217121005058289
      }
    ]
  }
]