[
  {
    "source": "WSJ",
    "title": "Remy Cointreau Warns of Sales Plunge as U.S., China Woes Persist",
    "published": "2024-10-25",
    "inference_result": [
      {
        "label": "negative",
        "score": 0.9752660989761353
      }
    ]
  },
  {
    "source": "WSJ",
    "title": "Remy Cointreau Warns of Sales Plunge as U.S., China Woes Persist",
    "published": "2024-10-25",
    "inference_result": [
      {
        "label": "negative",
        "score": 0.9752660989761353
      }
    ]
  },
  {
    "source": "WSJ",
    "title": "The Harris Wealth Tax vs. Mark Cuban",
    "published": "2024-10-25",
    "inference_result": [
      {
        "label": "negative",
        "score": 0.46930503845214844
      }
    ]
  },
  {
    "source": "WSJ",
    "title": "Mercedes-Benz Earnings Slump on Tough Economic Backdrop, Fierce Competition",
    "published": "2024-10-25",
    "inference_result": [
      {
        "label": "negative",
        "score": 0.9741286039352417
      }
    ]
  },
  {
    "source": "WSJ",
    "title": "How Two Irreverent Historians Made Their Podcast a Global Sensation",
    "published": "2024-10-25",
    "inference_result": [
      {
        "label": "neutral",
        "score": 0.7462981939315796
      }
    ]
  },
  {
    "source": "WSJ",
    "title": "Israel Offered Hamas Safe Passage Out of Gaza for Hostages\u2019 Freedom",
    "published": "2024-10-25",
    "inference_result": [
      {
        "label": "negative",
        "score": 0.4573684632778168
      }
    ]
  },
  {
    "source": "WSJ",
    "title": "Not Sure Which Wine to Bring to a Dinner? Gr\u00fcner Veltliner Always Delivers",
    "published": "2024-10-25",
    "inference_result": [
      {
        "label": "neutral",
        "score": 0.8367565870285034
      }
    ]
  },
  {
    "source": "WSJ",
    "title": "Want to Dress Sharply, Not Like an \u2018Old Man\u2019? Tips From \u2018The Golden Bachelorette\u2019 Contestants",
    "published": "2024-10-25",
    "inference_result": [
      {
        "label": "neutral",
        "score": 0.8992652297019958
      }
    ]
  },
  {
    "source": "WSJ",
    "title": "U.S. Says North Korean Troops Heading to Russia\u2019s Kursk Region",
    "published": "2024-10-25",
    "inference_result": [
      {
        "label": "negative",
        "score": 0.7702441811561584
      }
    ]
  },
  {
    "source": "WSJ",
    "title": "On Jan. 6, Will Vice President Harris Certify the Election?",
    "published": "2024-10-25",
    "inference_result": [
      {
        "label": "negative",
        "score": 0.455159991979599
      }
    ]
  },
  {
    "source": "WSJ",
    "title": "Late Payments Say More About Lenders Than About Consumers or the Economy",
    "published": "2024-10-25",
    "inference_result": [
      {
        "label": "positive",
        "score": 0.9055933356285095
      }
    ]
  },
  {
    "source": "WSJ",
    "title": "Porsche AG Sales Fall Amid Slow EV Market, China Woes",
    "published": "2024-10-25",
    "inference_result": [
      {
        "label": "negative",
        "score": 0.976958692073822
      }
    ]
  }
]