[
  {
    "source": "WSJ",
    "title": "Beijing Shifts Stance on Economy, but Words Alone Won\u2019t Be Enough",
    "published": "2024-12-10",
    "inference_result": [
      {
        "label": "neutral",
        "score": 0.7778997421264648
      }
    ]
  },
  {
    "source": "WSJ",
    "title": "China Exports Growth Slows Unexpectedly, Imports Drop Further",
    "published": "2024-12-10",
    "inference_result": [
      {
        "label": "negative",
        "score": 0.9745211601257324
      }
    ]
  },
  {
    "source": "WSJ",
    "title": "Next Congress Likely to Tussle Over Cyber Oversight",
    "published": "2024-12-10",
    "inference_result": [
      {
        "label": "positive",
        "score": 0.8228631019592285
      }
    ]
  },
  {
    "source": "WSJ",
    "title": "Inside Assad\u2019s Ransacked Palace: Anxiety Pills, Graffiti and Shredded Posters",
    "published": "2024-12-10",
    "inference_result": [
      {
        "label": "neutral",
        "score": 0.8482055068016052
      }
    ]
  }
]