[
  {
    "source": "WSJ",
    "title": "Trump\u2019s Win Signals More Confrontation With Beijing",
    "published": "2024-11-07",
    "inference_result": [
      {
        "label": "positive",
        "score": 0.8744397163391113
      }
    ]
  },
  {
    "source": "WSJ",
    "title": "Trump Inc.: How a Second Administration Could Rewrite the Way America Does Business",
    "published": "2024-11-07",
    "inference_result": [
      {
        "label": "neutral",
        "score": 0.792613685131073
      }
    ]
  },
  {
    "source": "WSJ",
    "title": "Wall Street Luminaries Jockey for Influence on Next Trump Administration",
    "published": "2024-11-07",
    "inference_result": [
      {
        "label": "neutral",
        "score": 0.8295299410820007
      }
    ]
  },
  {
    "source": "WSJ",
    "title": "Bank of England Cuts Interest Rates Ahead of Fed Meeting",
    "published": "2024-11-07",
    "inference_result": [
      {
        "label": "negative",
        "score": 0.8687111139297485
      }
    ]
  },
  {
    "source": "WSJ",
    "title": "The Fed Thinks Inflation Is Vanquished",
    "published": "2024-11-07",
    "inference_result": [
      {
        "label": "neutral",
        "score": 0.5358709096908569
      }
    ]
  },
  {
    "source": "WSJ",
    "title": "Mortgage Rates are Rising Despite Fed Interest-Rate Cuts",
    "published": "2024-11-07",
    "inference_result": [
      {
        "label": "negative",
        "score": 0.7389610409736633
      }
    ]
  },
  {
    "source": "WSJ",
    "title": "Trump Tax Cuts Come at the Right Time for Stocks. Further Ahead, It Gets Murky.",
    "published": "2024-11-07",
    "inference_result": [
      {
        "label": "negative",
        "score": 0.8416497707366943
      }
    ]
  },
  {
    "source": "WSJ",
    "title": "German Industry Retreats Further as Government Collapse Deepens Crisis",
    "published": "2024-11-07",
    "inference_result": [
      {
        "label": "negative",
        "score": 0.9750437140464783
      }
    ]
  },
  {
    "source": "WSJ",
    "title": "Tycoon Drives India\u2019s Push Against China\u2019s Solar-Energy Dominance",
    "published": "2024-11-07",
    "inference_result": [
      {
        "label": "positive",
        "score": 0.9205724596977234
      }
    ]
  },
  {
    "source": "WSJ",
    "title": "Pakistan Authorities Tighten Grip on Power With Controversial Legal Changes",
    "published": "2024-11-07",
    "inference_result": [
      {
        "label": "positive",
        "score": 0.7871574759483337
      }
    ]
  },
  {
    "source": "WSJ",
    "title": "FedEx and UPS Locked in Price War to Lure Small Businesses",
    "published": "2024-11-07",
    "inference_result": [
      {
        "label": "positive",
        "score": 0.6116312146186829
      }
    ]
  },
  {
    "source": "WSJ",
    "title": "Week Ahead for FX, Bonds: U.S. Inflation Data in Focus as Investors Digest Trump\u2019s Election Win",
    "published": "2024-11-07",
    "inference_result": [
      {
        "label": "neutral",
        "score": 0.796055793762207
      }
    ]
  },
  {
    "source": "WSJ",
    "title": "Netanyahu Wanted Trump Back. But the Middle East Has Changed Since 2016.",
    "published": "2024-11-07",
    "inference_result": [
      {
        "label": "neutral",
        "score": 0.8992835879325867
      }
    ]
  },
  {
    "source": "WSJ",
    "title": "Stocks Keep Climbing as Fed Cuts Rates",
    "published": "2024-11-07",
    "inference_result": [
      {
        "label": "negative",
        "score": 0.9147806167602539
      }
    ]
  },
  {
    "source": "WSJ",
    "title": "German Political Crisis Leaves Europe Rudderless Ahead of Trump\u2019s Return",
    "published": "2024-11-07",
    "inference_result": [
      {
        "label": "negative",
        "score": 0.9605929851531982
      }
    ]
  },
  {
    "source": "WSJ",
    "title": "Tycoon Drives India\u2019s Push Against China\u2019s Solar-Energy Dominance",
    "published": "2024-11-07",
    "inference_result": [
      {
        "label": "positive",
        "score": 0.9205724596977234
      }
    ]
  },
  {
    "source": "WSJ",
    "title": "Airbnb Posts Higher Third-Quarter Revenue as Travel Demand Accelerates",
    "published": "2024-11-07",
    "inference_result": [
      {
        "label": "positive",
        "score": 0.9538703560829163
      }
    ]
  }
]