[
  {
    "source": "WSJ",
    "title": "Disruption Won\u2019t Work at Treasury",
    "published": "2024-11-17",
    "inference_result": [
      {
        "label": "negative",
        "score": 0.8889240026473999
      }
    ]
  },
  {
    "source": "WSJ",
    "title": "Xi Tells Biden China Is Ready to Work With Incoming Administration",
    "published": "2024-11-17",
    "inference_result": [
      {
        "label": "negative",
        "score": 0.9308224320411682
      }
    ]
  },
  {
    "source": "WSJ",
    "title": "Xi Tells Biden China Is Ready to Work With Incoming Administration",
    "published": "2024-11-17",
    "inference_result": [
      {
        "label": "negative",
        "score": 0.9308224320411682
      }
    ]
  },
  {
    "source": "WSJ",
    "title": "BOJ Governor Sticks to Stance on More Rate Hikes Despite U.S. Uncertainty",
    "published": "2024-11-17",
    "inference_result": [
      {
        "label": "neutral",
        "score": 0.8079098463058472
      }
    ]
  },
  {
    "source": "WSJ",
    "title": "Messy Fight for Trump\u2019s Treasury Chief Spills Into Public",
    "published": "2024-11-17",
    "inference_result": [
      {
        "label": "negative",
        "score": 0.9235726594924927
      }
    ]
  },
  {
    "source": "WSJ",
    "title": "Messy Fight for Trump\u2019s Treasury Chief Spills Into Public",
    "published": "2024-11-17",
    "inference_result": [
      {
        "label": "negative",
        "score": 0.9235726594924927
      }
    ]
  },
  {
    "source": "WSJ",
    "title": "As Beijing Threatens, Taiwan Looks Nervously at Trump",
    "published": "2024-11-17",
    "inference_result": [
      {
        "label": "neutral",
        "score": 0.5218906402587891
      }
    ]
  },
  {
    "source": "WSJ",
    "title": "The DOGE Cheat Sheet",
    "published": "2024-11-17",
    "inference_result": [
      {
        "label": "neutral",
        "score": 0.7570059299468994
      }
    ]
  },
  {
    "source": "WSJ",
    "title": "Investors Are Betting on a Market Melt-Up",
    "published": "2024-11-17",
    "inference_result": [
      {
        "label": "negative",
        "score": 0.66505366563797
      }
    ]
  },
  {
    "source": "WSJ",
    "title": "The Withering Dream of a Cheap American Electric Car",
    "published": "2024-11-17",
    "inference_result": [
      {
        "label": "negative",
        "score": 0.6054049134254456
      }
    ]
  },
  {
    "source": "WSJ",
    "title": "New York\u2019s Tax on Some",
    "published": "2024-11-17",
    "inference_result": [
      {
        "label": "neutral",
        "score": 0.7987040281295776
      }
    ]
  },
  {
    "source": "WSJ",
    "title": "Xi Tells Biden China Is Ready to Work With Incoming Administration",
    "published": "2024-11-17",
    "inference_result": [
      {
        "label": "negative",
        "score": 0.9308224320411682
      }
    ]
  },
  {
    "source": "WSJ",
    "title": "As Beijing Threatens, Taiwan Looks Nervously at Trump",
    "published": "2024-11-17",
    "inference_result": [
      {
        "label": "neutral",
        "score": 0.5218906402587891
      }
    ]
  },
  {
    "source": "WSJ",
    "title": "Trump\u2019s Choice for Energy Secretary Is a Fracking Booster and Climate Skeptic",
    "published": "2024-11-17",
    "inference_result": [
      {
        "label": "positive",
        "score": 0.734224796295166
      }
    ]
  },
  {
    "source": "WSJ",
    "title": "A Trump U.S. Energy Renaissance",
    "published": "2024-11-17",
    "inference_result": [
      {
        "label": "neutral",
        "score": 0.6366943120956421
      }
    ]
  },
  {
    "source": "WSJ",
    "title": "Inside Big Tech\u2019s Bid to Sink the Online Kid Safety Bill",
    "published": "2024-11-17",
    "inference_result": [
      {
        "label": "positive",
        "score": 0.7518343329429626
      }
    ]
  },
  {
    "source": "WSJ",
    "title": "Disruption Won\u2019t Work at Treasury",
    "published": "2024-11-17",
    "inference_result": [
      {
        "label": "negative",
        "score": 0.8889240026473999
      }
    ]
  }
]