[
  {
    "source": "WSJ",
    "title": "Allies and Adversaries Brace for U.S. Policy Shifts Whether Harris or Trump Wins",
    "published": "2024-11-01",
    "inference_result": [
      {
        "label": "positive",
        "score": 0.8207768797874451
      }
    ]
  },
  {
    "source": "WSJ",
    "title": "Journal Writers Reflect on the Trump vs. Harris Campaign",
    "published": "2024-11-01",
    "inference_result": [
      {
        "label": "neutral",
        "score": 0.8957147598266602
      }
    ]
  },
  {
    "source": "WSJ",
    "title": "Journal Writers Reflect on the Trump vs. Harris Campaign",
    "published": "2024-11-01",
    "inference_result": [
      {
        "label": "neutral",
        "score": 0.8957147598266602
      }
    ]
  },
  {
    "source": "WSJ",
    "title": "Exxon and Chevron Feel Brunt of Cheaper Oil",
    "published": "2024-11-01",
    "inference_result": [
      {
        "label": "negative",
        "score": 0.8242210745811462
      }
    ]
  },
  {
    "source": "WSJ",
    "title": "Iran Warns It Will Retaliate for Israel\u2019s Attack",
    "published": "2024-11-01",
    "inference_result": [
      {
        "label": "negative",
        "score": 0.859631359577179
      }
    ]
  },
  {
    "source": "WSJ",
    "title": "Journal Writers Reflect on the Trump vs. Harris Campaign",
    "published": "2024-11-01",
    "inference_result": [
      {
        "label": "neutral",
        "score": 0.8957147598266602
      }
    ]
  },
  {
    "source": "WSJ",
    "title": "\u2018The Wagner Group\u2019 Review: Russia\u2019s Guns for Hire",
    "published": "2024-11-01",
    "inference_result": [
      {
        "label": "neutral",
        "score": 0.879367470741272
      }
    ]
  },
  {
    "source": "WSJ",
    "title": "Investigate the ICC Before It Escalates",
    "published": "2024-11-01",
    "inference_result": [
      {
        "label": "negative",
        "score": 0.7687479853630066
      }
    ]
  },
  {
    "source": "WSJ",
    "title": "What Will Restrain the Next U.S. President?",
    "published": "2024-11-01",
    "inference_result": [
      {
        "label": "neutral",
        "score": 0.6680485606193542
      }
    ]
  },
  {
    "source": "WSJ",
    "title": "Where Will America Get the Energy It Needs?",
    "published": "2024-11-01",
    "inference_result": [
      {
        "label": "neutral",
        "score": 0.48769548535346985
      }
    ]
  },
  {
    "source": "WSJ",
    "title": "Allies and Adversaries Brace for U.S. Policy Shifts Whether Harris or Trump Wins",
    "published": "2024-11-01",
    "inference_result": [
      {
        "label": "positive",
        "score": 0.8207768797874451
      }
    ]
  },
  {
    "source": "WSJ",
    "title": "How a Working Mom Shrewdly Managed a Lake House Remodeling",
    "published": "2024-11-01",
    "inference_result": [
      {
        "label": "neutral",
        "score": 0.785858154296875
      }
    ]
  },
  {
    "source": "WSJ",
    "title": "Visa Has Deployed Hundreds of AI Use Cases. It\u2019s Not Stopping.",
    "published": "2024-11-01",
    "inference_result": [
      {
        "label": "neutral",
        "score": 0.7326675057411194
      }
    ]
  },
  {
    "source": "WSJ",
    "title": "The $100 Thanksgiving: Your Guide to a Fantastic, Fiscally Smart Feast",
    "published": "2024-11-01",
    "inference_result": [
      {
        "label": "neutral",
        "score": 0.7886582612991333
      }
    ]
  }
]