[
  {
    "source": "WSJ",
    "title": "The \u2018Drill, Baby, Drill\u2019 Mining Magnate Cozying Up to Trump",
    "published": "2024-11-15",
    "inference_result": [
      {
        "label": "neutral",
        "score": 0.9000765085220337
      }
    ]
  },
  {
    "source": "WSJ",
    "title": "The Man Expected to Lead Germany Is Ready to Strike Deals With Trump",
    "published": "2024-11-15",
    "inference_result": [
      {
        "label": "negative",
        "score": 0.8672113418579102
      }
    ]
  },
  {
    "source": "WSJ",
    "title": "The Score: Spirit, Tesla, Moderna and More Stocks That Defined the Week",
    "published": "2024-11-15",
    "inference_result": [
      {
        "label": "neutral",
        "score": 0.9132109880447388
      }
    ]
  },
  {
    "source": "WSJ",
    "title": "Is Trump Really So Great for Bitcoin?",
    "published": "2024-11-15",
    "inference_result": [
      {
        "label": "neutral",
        "score": 0.7121598720550537
      }
    ]
  },
  {
    "source": "WSJ",
    "title": "Smugglers Urge Migrants to Rush to U.S. Before Trump Takes Power",
    "published": "2024-11-15",
    "inference_result": [
      {
        "label": "neutral",
        "score": 0.8066553473472595
      }
    ]
  },
  {
    "source": "WSJ",
    "title": "Top Economic Jobs Are Next Up in Trump\u2019s Frenetic Transition Process",
    "published": "2024-11-15",
    "inference_result": [
      {
        "label": "neutral",
        "score": 0.8553153276443481
      }
    ]
  },
  {
    "source": "WSJ",
    "title": "How Inflation Ended Neoliberalism\u2014and Re-Elected Trump",
    "published": "2024-11-15",
    "inference_result": [
      {
        "label": "positive",
        "score": 0.5271499752998352
      }
    ]
  },
  {
    "source": "WSJ",
    "title": "The Man Expected to Lead Germany Is Ready to Strike Deals With Trump",
    "published": "2024-11-15",
    "inference_result": [
      {
        "label": "negative",
        "score": 0.8672113418579102
      }
    ]
  },
  {
    "source": "WSJ",
    "title": "The \u2018Drill, Baby, Drill\u2019 Mining Magnate Cozying Up to Trump",
    "published": "2024-11-15",
    "inference_result": [
      {
        "label": "neutral",
        "score": 0.9000765085220337
      }
    ]
  },
  {
    "source": "WSJ",
    "title": "Nissan Becomes Activist Investor\u2019s Next Prestigious Japanese Target",
    "published": "2024-11-15",
    "inference_result": [
      {
        "label": "neutral",
        "score": 0.6307510733604431
      }
    ]
  }
]