[
  {
    "source": "WSJ",
    "title": "Kamala Harris Rises, but She Could Fall",
    "published": "2024-08-06",
    "inference_result": [
      {
        "label": "negative",
        "score": 0.9130462408065796
      }
    ]
  },
  {
    "source": "WSJ",
    "title": "What to Do With Your Money if You\u2019re Worried About the Market",
    "published": "2024-08-06",
    "inference_result": [
      {
        "label": "neutral",
        "score": 0.9034128785133362
      }
    ]
  },
  {
    "source": "WSJ",
    "title": "KKR Founders Sued for Allegedly Getting Giant Payday for No Work",
    "published": "2024-08-06",
    "inference_result": [
      {
        "label": "negative",
        "score": 0.8931200504302979
      }
    ]
  },
  {
    "source": "WSJ",
    "title": "Microcredit Pioneer Muhammad Yunus to Lead Caretaker Bangladesh Government",
    "published": "2024-08-06",
    "inference_result": [
      {
        "label": "positive",
        "score": 0.5343297719955444
      }
    ]
  }
]