[
  {
    "source": "WSJ",
    "title": "Milton Friedman and the Ironies of Inflation",
    "published": "2024-11-20",
    "inference_result": [
      {
        "label": "neutral",
        "score": 0.44210705161094666
      }
    ]
  },
  {
    "source": "WSJ",
    "title": "Williams-Sonoma Beats Views With Third-Quarter Results, Boosts Outlook",
    "published": "2024-11-20",
    "inference_result": [
      {
        "label": "positive",
        "score": 0.9040380716323853
      }
    ]
  },
  {
    "source": "WSJ",
    "title": "Walmart and Target: A Tale of Two Retailers",
    "published": "2024-11-20",
    "inference_result": [
      {
        "label": "neutral",
        "score": 0.7862336039543152
      }
    ]
  },
  {
    "source": "WSJ",
    "title": "Target Shares Tumble on Earnings Miss",
    "published": "2024-11-20",
    "inference_result": [
      {
        "label": "negative",
        "score": 0.954988420009613
      }
    ]
  },
  {
    "source": "WSJ",
    "title": "Tariffs Aren\u2019t the Only Trump Threat Facing Asian Economies",
    "published": "2024-11-20",
    "inference_result": [
      {
        "label": "negative",
        "score": 0.9296797513961792
      }
    ]
  },
  {
    "source": "WSJ",
    "title": "Nvidia\u2019s Sales Soar as AI Spending Boom Barrels Ahead",
    "published": "2024-11-20",
    "inference_result": [
      {
        "label": "positive",
        "score": 0.9555650949478149
      }
    ]
  },
  {
    "source": "WSJ",
    "title": "In Brazil, Xi Jinping Cultivates a Friend as He Braces for Trump",
    "published": "2024-11-20",
    "inference_result": [
      {
        "label": "positive",
        "score": 0.7203626036643982
      }
    ]
  },
  {
    "source": "WSJ",
    "title": "America\u2019s Approach to Its Allies Is Backward",
    "published": "2024-11-20",
    "inference_result": [
      {
        "label": "neutral",
        "score": 0.8010037541389465
      }
    ]
  },
  {
    "source": "WSJ",
    "title": "NIO\u2019s Net Loss Widens on Lower Revenue Amid EV Pricing Pressure",
    "published": "2024-11-20",
    "inference_result": [
      {
        "label": "negative",
        "score": 0.9751499891281128
      }
    ]
  },
  {
    "source": "WSJ",
    "title": "In Brazil, Xi Jinping Cultivates a Friend as He Braces for Trump",
    "published": "2024-11-20",
    "inference_result": [
      {
        "label": "positive",
        "score": 0.7203626036643982
      }
    ]
  },
  {
    "source": "WSJ",
    "title": "The Politics of Punishment in New York",
    "published": "2024-11-20",
    "inference_result": [
      {
        "label": "neutral",
        "score": 0.5622984170913696
      }
    ]
  },
  {
    "source": "WSJ",
    "title": "Indian Billionaire Gautam Adani Charged in $250 Million Bribery Scheme",
    "published": "2024-11-20",
    "inference_result": [
      {
        "label": "negative",
        "score": 0.7668380737304688
      }
    ]
  },
  {
    "source": "WSJ",
    "title": "Indian Billionaire Gautam Adani Charged in $250 Million Bribery Scheme",
    "published": "2024-11-20",
    "inference_result": [
      {
        "label": "negative",
        "score": 0.7668380737304688
      }
    ]
  }
]