[
  {
    "source": "WSJ",
    "title": "Israel\u2019s \u2018War Between the Wars\u2019 Heats Up in Syria",
    "published": "2024-08-30",
    "inference_result": [
      {
        "label": "negative",
        "score": 0.8599889874458313
      }
    ]
  },
  {
    "source": "WSJ",
    "title": "\u2018A Day in September\u2019 Review: The Future Antietam Made",
    "published": "2024-08-30",
    "inference_result": [
      {
        "label": "neutral",
        "score": 0.8154265284538269
      }
    ]
  },
  {
    "source": "WSJ",
    "title": "Threat of Strike This Fall Hangs Over U.S. Ports",
    "published": "2024-08-30",
    "inference_result": [
      {
        "label": "negative",
        "score": 0.925258457660675
      }
    ]
  },
  {
    "source": "WSJ",
    "title": "A Key Western Ally Is Buckling Under Russian Pressure",
    "published": "2024-08-30",
    "inference_result": [
      {
        "label": "neutral",
        "score": 0.6394912004470825
      }
    ]
  },
  {
    "source": "WSJ",
    "title": "Exclusive | Ukraine General\u2019s Plan Surprised the Russians\u2014and His Own Troops",
    "published": "2024-08-30",
    "inference_result": [
      {
        "label": "neutral",
        "score": 0.4582291543483734
      }
    ]
  },
  {
    "source": "WSJ",
    "title": "\u2018The Third Man\u2019: Film-Noir Style With Moral Substance",
    "published": "2024-08-30",
    "inference_result": [
      {
        "label": "neutral",
        "score": 0.8492680788040161
      }
    ]
  },
  {
    "source": "WSJ",
    "title": "\u2018The Hollow Parties\u2019 Review: Fractured Factions",
    "published": "2024-08-30",
    "inference_result": [
      {
        "label": "negative",
        "score": 0.937616765499115
      }
    ]
  },
  {
    "source": "WSJ",
    "title": "Kamala Harris Soars Above CNN",
    "published": "2024-08-30",
    "inference_result": [
      {
        "label": "neutral",
        "score": 0.8031801581382751
      }
    ]
  },
  {
    "source": "WSJ",
    "title": "\u2018Heavy Perfume Is So Obvious.\u2019 Why the New Status Fragrance Is Watered Down.",
    "published": "2024-08-30",
    "inference_result": [
      {
        "label": "neutral",
        "score": 0.8981009721755981
      }
    ]
  },
  {
    "source": "WSJ",
    "title": "The Secret to Finding Great Meals While Traveling (Hint: It Doesn\u2019t Involve the Internet)",
    "published": "2024-08-30",
    "inference_result": [
      {
        "label": "positive",
        "score": 0.5200456976890564
      }
    ]
  },
  {
    "source": "WSJ",
    "title": "The Most Impressive Cake You Can Make Without Turning On Your Oven",
    "published": "2024-08-30",
    "inference_result": [
      {
        "label": "neutral",
        "score": 0.9153920412063599
      }
    ]
  },
  {
    "source": "WSJ",
    "title": "Biden Administration Rejects Plan to Send Americans to Ukraine to Maintain F-16s",
    "published": "2024-08-30",
    "inference_result": [
      {
        "label": "positive",
        "score": 0.662078320980072
      }
    ]
  }
]