[
  {
    "source": "WSJ",
    "title": "Harris Puts Government Intervention at Heart of Economic Policy",
    "published": "2024-09-26",
    "inference_result": [
      {
        "label": "positive",
        "score": 0.8638780117034912
      }
    ]
  },
  {
    "source": "WSJ",
    "title": "Nine Words for a Trump Victory in the 2024 Election",
    "published": "2024-09-26",
    "inference_result": [
      {
        "label": "neutral",
        "score": 0.842349112033844
      }
    ]
  },
  {
    "source": "WSJ",
    "title": "Kamala Harris and Keir Starmer Come for Your Investments",
    "published": "2024-09-26",
    "inference_result": [
      {
        "label": "neutral",
        "score": 0.6431017518043518
      }
    ]
  },
  {
    "source": "WSJ",
    "title": "Trump Is Not an \u2018America-First Libertarian\u2019",
    "published": "2024-09-26",
    "inference_result": [
      {
        "label": "neutral",
        "score": 0.8228594064712524
      }
    ]
  },
  {
    "source": "WSJ",
    "title": "Leading Economists and Policymakers Push for Higher Integrity in Carbon Markets",
    "published": "2024-09-26",
    "inference_result": [
      {
        "label": "positive",
        "score": 0.5584216713905334
      }
    ]
  },
  {
    "source": "WSJ",
    "title": "Humanoid Robots Are the Next Threat From China",
    "published": "2024-09-26",
    "inference_result": [
      {
        "label": "neutral",
        "score": 0.9261789917945862
      }
    ]
  },
  {
    "source": "WSJ",
    "title": "Readers Reply to Janet Yellen\u2019s \u2018Economic Success\u2019 Story",
    "published": "2024-09-26",
    "inference_result": [
      {
        "label": "neutral",
        "score": 0.762723445892334
      }
    ]
  },
  {
    "source": "WSJ",
    "title": "Harris\u2019s Economic Plan Is Bidenomics II",
    "published": "2024-09-26",
    "inference_result": [
      {
        "label": "neutral",
        "score": 0.8698840737342834
      }
    ]
  },
  {
    "source": "WSJ",
    "title": "Israel Casts Doubt on Hezbollah Cease-Fire and Launches More Airstrikes",
    "published": "2024-09-26",
    "inference_result": [
      {
        "label": "negative",
        "score": 0.5276548862457275
      }
    ]
  },
  {
    "source": "WSJ",
    "title": "Ukraine Defends Kharkiv by Going on Offense",
    "published": "2024-09-26",
    "inference_result": [
      {
        "label": "positive",
        "score": 0.5917853116989136
      }
    ]
  },
  {
    "source": "WSJ",
    "title": "\u201810 to 25\u2019 Review: How to Speak Young Adult",
    "published": "2024-09-26",
    "inference_result": [
      {
        "label": "neutral",
        "score": 0.8409863710403442
      }
    ]
  },
  {
    "source": "WSJ",
    "title": "Intel\u2019s Foundry Shake-Up Doesn\u2019t Go Far Enough",
    "published": "2024-09-26",
    "inference_result": [
      {
        "label": "neutral",
        "score": 0.8374102115631104
      }
    ]
  },
  {
    "source": "WSJ",
    "title": "Intel\u2019s Foundry Shake-Up Doesn\u2019t Go Far Enough",
    "published": "2024-09-26",
    "inference_result": [
      {
        "label": "neutral",
        "score": 0.8374102115631104
      }
    ]
  },
  {
    "source": "WSJ",
    "title": "Exclusive | Secret Trusts, a Bitter Divorce and the Battle Over One of America\u2019s Biggest Homes",
    "published": "2024-09-26",
    "inference_result": [
      {
        "label": "neutral",
        "score": 0.5463312268257141
      }
    ]
  }
]