[
  {
    "source": "WSJ",
    "title": "2025 Volvo V60 Cross Country B5: To Plug In or Not?",
    "published": "2024-08-09",
    "inference_result": [
      {
        "label": "neutral",
        "score": 0.9112871885299683
      }
    ]
  },
  {
    "source": "WSJ",
    "title": "The Awful Quandary of the Super-Rich: Palm Beach or Manhattan?",
    "published": "2024-08-09",
    "inference_result": [
      {
        "label": "neutral",
        "score": 0.8282230496406555
      }
    ]
  },
  {
    "source": "WSJ",
    "title": "Luxury Brands Increase Prices in Japan Amid Sales Surge, Yen Weakness",
    "published": "2024-08-09",
    "inference_result": [
      {
        "label": "negative",
        "score": 0.9255672097206116
      }
    ]
  },
  {
    "source": "WSJ",
    "title": "\u2018Nelson Rockefeller\u2019s Dilemma\u2019 Review: Rocky\u2019s Road",
    "published": "2024-08-09",
    "inference_result": [
      {
        "label": "neutral",
        "score": 0.5101677775382996
      }
    ]
  },
  {
    "source": "WSJ",
    "title": "Super Mario Is Winning the Console Wars",
    "published": "2024-08-09",
    "inference_result": [
      {
        "label": "neutral",
        "score": 0.6997005939483643
      }
    ]
  },
  {
    "source": "WSJ",
    "title": "In One Nation, Anger Over U.S.\u2019s Gaza Policy Opens Door Wider for China",
    "published": "2024-08-09",
    "inference_result": [
      {
        "label": "negative",
        "score": 0.6468386054039001
      }
    ]
  },
  {
    "source": "WSJ",
    "title": "What\u2019s Behind the Violent U.K. Riots",
    "published": "2024-08-09",
    "inference_result": [
      {
        "label": "negative",
        "score": 0.8442549705505371
      }
    ]
  },
  {
    "source": "WSJ",
    "title": "The Foolproof Way to Make Jam at Home, According to an Expert",
    "published": "2024-08-09",
    "inference_result": [
      {
        "label": "neutral",
        "score": 0.9260737895965576
      }
    ]
  },
  {
    "source": "WSJ",
    "title": "Wine Snobs, Don\u2019t Let a Cute Critter on the Label Come Between You and a Great Bottle",
    "published": "2024-08-09",
    "inference_result": [
      {
        "label": "neutral",
        "score": 0.8879663348197937
      }
    ]
  },
  {
    "source": "WSJ",
    "title": "The Latest Glamping Craze? Mirrored Cabins That Blend Into Their Surroundings",
    "published": "2024-08-09",
    "inference_result": [
      {
        "label": "neutral",
        "score": 0.9177420139312744
      }
    ]
  }
]