[
  {
    "source": "WSJ",
    "title": "RFK Jr. Would Have Made JFK Proud",
    "published": "2024-09-12",
    "inference_result": [
      {
        "label": "neutral",
        "score": 0.7239460349082947
      }
    ]
  },
  {
    "source": "WSJ",
    "title": "China\u2019s Economy Slowed Further in August, Extending Gloomy Summer Slide",
    "published": "2024-09-12",
    "inference_result": [
      {
        "label": "negative",
        "score": 0.7856749892234802
      }
    ]
  },
  {
    "source": "WSJ",
    "title": "Mastercard to Acquire Cyber Company Recorded Future in $2.65 Billion Deal",
    "published": "2024-09-12",
    "inference_result": [
      {
        "label": "neutral",
        "score": 0.8333839774131775
      }
    ]
  },
  {
    "source": "WSJ",
    "title": "Biden\u2019s 15% Minimum Tax on Big Companies Gets 603-Page Rulebook",
    "published": "2024-09-12",
    "inference_result": [
      {
        "label": "neutral",
        "score": 0.9251701235771179
      }
    ]
  }
]