[
  {
    "source": "WSJ",
    "title": "What\u2019s News: Business & Finance",
    "published": "2024-10-27",
    "inference_result": [
      {
        "label": "neutral",
        "score": 0.9424922466278076
      }
    ]
  },
  {
    "source": "WSJ",
    "title": "About Trump\u2019s \u2018Reciprocal\u2019 Tariffs",
    "published": "2024-10-27",
    "inference_result": [
      {
        "label": "neutral",
        "score": 0.6147462725639343
      }
    ]
  },
  {
    "source": "WSJ",
    "title": "America\u2019s Immigration Conundrum",
    "published": "2024-10-27",
    "inference_result": [
      {
        "label": "neutral",
        "score": 0.7407267689704895
      }
    ]
  },
  {
    "source": "WSJ",
    "title": "Can You Handle Four More Years?",
    "published": "2024-10-27",
    "inference_result": [
      {
        "label": "neutral",
        "score": 0.7462953329086304
      }
    ]
  },
  {
    "source": "WSJ",
    "title": "How Trump and Harris Both Misread Taiwan",
    "published": "2024-10-27",
    "inference_result": [
      {
        "label": "neutral",
        "score": 0.7574803233146667
      }
    ]
  },
  {
    "source": "WSJ",
    "title": "Economists Warn of New Inflation Hazards After Election",
    "published": "2024-10-27",
    "inference_result": [
      {
        "label": "positive",
        "score": 0.6374776363372803
      }
    ]
  },
  {
    "source": "WSJ",
    "title": "LinkedIn Co-Founder Reid Hoffman Thinks Kamala Harris Is Better for Business",
    "published": "2024-10-27",
    "inference_result": [
      {
        "label": "neutral",
        "score": 0.9256089925765991
      }
    ]
  },
  {
    "source": "WSJ",
    "title": "About Trump\u2019s \u2018Reciprocal\u2019 Tariffs",
    "published": "2024-10-27",
    "inference_result": [
      {
        "label": "neutral",
        "score": 0.6147462725639343
      }
    ]
  },
  {
    "source": "WSJ",
    "title": "Can You Handle Four More Years?",
    "published": "2024-10-27",
    "inference_result": [
      {
        "label": "neutral",
        "score": 0.7462953329086304
      }
    ]
  },
  {
    "source": "WSJ",
    "title": "About Trump\u2019s \u2018Reciprocal\u2019 Tariffs",
    "published": "2024-10-27",
    "inference_result": [
      {
        "label": "neutral",
        "score": 0.6147462725639343
      }
    ]
  },
  {
    "source": "WSJ",
    "title": "Oil Prices Slide After Israeli Strike Avoids Iranian Energy Facilities",
    "published": "2024-10-27",
    "inference_result": [
      {
        "label": "neutral",
        "score": 0.602663516998291
      }
    ]
  },
  {
    "source": "WSJ",
    "title": "What \u2018Farmers for Trump\u2019 Say About Another Trade War",
    "published": "2024-10-27",
    "inference_result": [
      {
        "label": "negative",
        "score": 0.6124169230461121
      }
    ]
  },
  {
    "source": "WSJ",
    "title": "Republicans Put Pressure on Democrats in \u2018Blue Wall\u2019 Senate Races",
    "published": "2024-10-27",
    "inference_result": [
      {
        "label": "neutral",
        "score": 0.501847505569458
      }
    ]
  },
  {
    "source": "WSJ",
    "title": "How Israel Pulled Off Its Largest-Ever Strike on Iran",
    "published": "2024-10-27",
    "inference_result": [
      {
        "label": "neutral",
        "score": 0.8170823454856873
      }
    ]
  },
  {
    "source": "WSJ",
    "title": "Israeli Strikes on Iran Expose Gap in Prowess Between Two Arch Foes",
    "published": "2024-10-27",
    "inference_result": [
      {
        "label": "neutral",
        "score": 0.6796407103538513
      }
    ]
  },
  {
    "source": "WSJ",
    "title": "What Is the FBI Hiding About Iran?",
    "published": "2024-10-27",
    "inference_result": [
      {
        "label": "negative",
        "score": 0.5649244785308838
      }
    ]
  },
  {
    "source": "WSJ",
    "title": "Wealthier Americans Are Paying Millions to Age in Luxury Campuses",
    "published": "2024-10-27",
    "inference_result": [
      {
        "label": "neutral",
        "score": 0.8517736792564392
      }
    ]
  },
  {
    "source": "WSJ",
    "title": "They\u2019re Close Friends\u2014and Stars in America\u2019s Biggest Succession Dramas",
    "published": "2024-10-27",
    "inference_result": [
      {
        "label": "neutral",
        "score": 0.7505657076835632
      }
    ]
  },
  {
    "source": "WSJ",
    "title": "My First Censorship Experience",
    "published": "2024-10-27",
    "inference_result": [
      {
        "label": "negative",
        "score": 0.5270475149154663
      }
    ]
  },
  {
    "source": "WSJ",
    "title": "Israel\u2019s Strike on Iran Also Hit Russian Arms Industry\u2019s Once-Strong Image",
    "published": "2024-10-27",
    "inference_result": [
      {
        "label": "negative",
        "score": 0.8033561706542969
      }
    ]
  }
]