[
  {
    "source": "WSJ",
    "title": "Biden, Harris, Trump, Vance and the Dumbest Economic Idea",
    "published": "2024-09-03",
    "inference_result": [
      {
        "label": "negative",
        "score": 0.6947685480117798
      }
    ]
  },
  {
    "source": "WSJ",
    "title": "Glynn\u2019s Take: Australian Consumers May Be Down, But Not Out",
    "published": "2024-09-03",
    "inference_result": [
      {
        "label": "negative",
        "score": 0.9672042727470398
      }
    ]
  },
  {
    "source": "WSJ",
    "title": "U.S. Effort to Broker Mideast Cease-Fire Gets a New Sense of Urgency",
    "published": "2024-09-03",
    "inference_result": [
      {
        "label": "negative",
        "score": 0.9337289929389954
      }
    ]
  },
  {
    "source": "WSJ",
    "title": "How Best Can Government Secure Our Rights?",
    "published": "2024-09-03",
    "inference_result": [
      {
        "label": "negative",
        "score": 0.5215163230895996
      }
    ]
  },
  {
    "source": "WSJ",
    "title": "U.K. Ban on Some Weapons to Israel Signals Diplomatic Shift",
    "published": "2024-09-03",
    "inference_result": [
      {
        "label": "negative",
        "score": 0.9350847601890564
      }
    ]
  },
  {
    "source": "WSJ",
    "title": "BMW Recalls 140,000 Electric Mini Coopers Due to Battery Fire Threat",
    "published": "2024-09-03",
    "inference_result": [
      {
        "label": "negative",
        "score": 0.9372015595436096
      }
    ]
  }
]