[
  {
    "source": "WSJ",
    "title": "Canada and Mexico Fear a More Protectionist America",
    "published": "2024-10-31",
    "inference_result": [
      {
        "label": "positive",
        "score": 0.6965726613998413
      }
    ]
  },
  {
    "source": "WSJ",
    "title": "Canada and Mexico Fear a More Protectionist America",
    "published": "2024-10-31",
    "inference_result": [
      {
        "label": "positive",
        "score": 0.6965726613998413
      }
    ]
  },
  {
    "source": "WSJ",
    "title": "How Risky Is a Trump Second Term?",
    "published": "2024-10-31",
    "inference_result": [
      {
        "label": "neutral",
        "score": 0.6049429178237915
      }
    ]
  },
  {
    "source": "WSJ",
    "title": "How to Build on Trump\u2019s Tax Success",
    "published": "2024-10-31",
    "inference_result": [
      {
        "label": "positive",
        "score": 0.7988827228546143
      }
    ]
  },
  {
    "source": "WSJ",
    "title": "U.S. Officials in Israel Working on Proposal to End Lebanon War",
    "published": "2024-10-31",
    "inference_result": [
      {
        "label": "negative",
        "score": 0.6681915521621704
      }
    ]
  },
  {
    "source": "WSJ",
    "title": "Canada and Mexico Fear a More Protectionist America",
    "published": "2024-10-31",
    "inference_result": [
      {
        "label": "positive",
        "score": 0.6965726613998413
      }
    ]
  },
  {
    "source": "WSJ",
    "title": "Maersk Net Profit Rises on Higher Freight Rates as Red Sea Disruptions Continue",
    "published": "2024-10-31",
    "inference_result": [
      {
        "label": "positive",
        "score": 0.9472048282623291
      }
    ]
  },
  {
    "source": "WSJ",
    "title": "How Risky Is a Trump Second Term?",
    "published": "2024-10-31",
    "inference_result": [
      {
        "label": "neutral",
        "score": 0.6049429178237915
      }
    ]
  },
  {
    "source": "WSJ",
    "title": "How to Build on Trump\u2019s Tax Success",
    "published": "2024-10-31",
    "inference_result": [
      {
        "label": "positive",
        "score": 0.7988827228546143
      }
    ]
  },
  {
    "source": "WSJ",
    "title": "Germany Is Forgetting How to Make Cars",
    "published": "2024-10-31",
    "inference_result": [
      {
        "label": "negative",
        "score": 0.9463995099067688
      }
    ]
  },
  {
    "source": "WSJ",
    "title": "\u2018Here\u2019 Review: Tom Hanks\u2019s Home Across Eons",
    "published": "2024-10-31",
    "inference_result": [
      {
        "label": "neutral",
        "score": 0.8593785762786865
      }
    ]
  },
  {
    "source": "WSJ",
    "title": "Amazon Shares Rise on Robust Demand, Surge in AI Infrastructure Spending",
    "published": "2024-10-31",
    "inference_result": [
      {
        "label": "positive",
        "score": 0.7632236480712891
      }
    ]
  }
]