[
  {
    "source": "WSJ",
    "title": "This Garment Maker Is Finding New York Manufacturing Is Back in Style",
    "published": "2024-09-29",
    "inference_result": [
      {
        "label": "positive",
        "score": 0.938345730304718
      }
    ]
  },
  {
    "source": "WSJ",
    "title": "Inside the Critical Fight for the Working-Class Voter",
    "published": "2024-09-29",
    "inference_result": [
      {
        "label": "negative",
        "score": 0.5409154295921326
      }
    ]
  },
  {
    "source": "WSJ",
    "title": "Welcome Home, Hostages, and Pay Up",
    "published": "2024-09-29",
    "inference_result": [
      {
        "label": "neutral",
        "score": 0.8380467891693115
      }
    ]
  },
  {
    "source": "WSJ",
    "title": "Biden Speaks Softly but Forgets the Big Stick",
    "published": "2024-09-29",
    "inference_result": [
      {
        "label": "neutral",
        "score": 0.8617669939994812
      }
    ]
  },
  {
    "source": "WSJ",
    "title": "Welcome Home, Hostages, and Pay Up",
    "published": "2024-09-29",
    "inference_result": [
      {
        "label": "neutral",
        "score": 0.8380467891693115
      }
    ]
  },
  {
    "source": "WSJ",
    "title": "What Do Immigrants Do for Government Budgets? New Research Has Answers.",
    "published": "2024-09-29",
    "inference_result": [
      {
        "label": "positive",
        "score": 0.8307034373283386
      }
    ]
  },
  {
    "source": "WSJ",
    "title": "AMLO Seizes a U.S.-Owned Port",
    "published": "2024-09-29",
    "inference_result": [
      {
        "label": "neutral",
        "score": 0.9196169376373291
      }
    ]
  },
  {
    "source": "WSJ",
    "title": "Why Drug Distributors Are Buying Cancer Specialists",
    "published": "2024-09-29",
    "inference_result": [
      {
        "label": "neutral",
        "score": 0.9006392359733582
      }
    ]
  },
  {
    "source": "WSJ",
    "title": "California\u2019s Plastic-Bag Ban Was Only the Beginning",
    "published": "2024-09-29",
    "inference_result": [
      {
        "label": "negative",
        "score": 0.9416331648826599
      }
    ]
  },
  {
    "source": "WSJ",
    "title": "Nasrallah\u2019s Killing Leaves Hezbollah Diminished\u2014With a Void at the Top",
    "published": "2024-09-29",
    "inference_result": [
      {
        "label": "neutral",
        "score": 0.7673306465148926
      }
    ]
  }
]