[
  {
    "source": "WSJ",
    "title": "Exclusive | Tax Firm Carrying On Arthur Andersen Brand Explores IPO",
    "published": "2024-08-19",
    "inference_result": [
      {
        "label": "neutral",
        "score": 0.9439283013343811
      }
    ]
  },
  {
    "source": "WSJ",
    "title": "The Democratic Party\u2019s Project 2025",
    "published": "2024-08-19",
    "inference_result": [
      {
        "label": "neutral",
        "score": 0.8277607560157776
      }
    ]
  },
  {
    "source": "WSJ",
    "title": "What Superfans Know That the Rest of Us Should Learn",
    "published": "2024-08-19",
    "inference_result": [
      {
        "label": "neutral",
        "score": 0.7676693201065063
      }
    ]
  },
  {
    "source": "WSJ",
    "title": "The Harley-Davidson Tariff Backfire",
    "published": "2024-08-19",
    "inference_result": [
      {
        "label": "positive",
        "score": 0.78537517786026
      }
    ]
  }
]