[
  {
    "source": "WSJ",
    "title": "The Case for Trump\u2019s Tariffs",
    "published": "2024-09-19",
    "inference_result": [
      {
        "label": "positive",
        "score": 0.845996618270874
      }
    ]
  },
  {
    "source": "WSJ",
    "title": "The Teamsters\u2019 Lesson for Trump",
    "published": "2024-09-19",
    "inference_result": [
      {
        "label": "neutral",
        "score": 0.8814770579338074
      }
    ]
  },
  {
    "source": "WSJ",
    "title": "Trump Dangles Tax Relief to Blue-State Voters. His Supporters Cheer.",
    "published": "2024-09-19",
    "inference_result": [
      {
        "label": "neutral",
        "score": 0.6600120663642883
      }
    ]
  },
  {
    "source": "WSJ",
    "title": "U.S. Officials Concede Middle East Peace Deal Out of Reach During Biden\u2019s Term - WSJ",
    "published": "2024-09-19",
    "inference_result": [
      {
        "label": "positive",
        "score": 0.8039882183074951
      }
    ]
  },
  {
    "source": "WSJ",
    "title": "The Teamsters\u2019 Lesson for Trump",
    "published": "2024-09-19",
    "inference_result": [
      {
        "label": "neutral",
        "score": 0.8814770579338074
      }
    ]
  },
  {
    "source": "WSJ",
    "title": "Ukraine\u2019s Lessons for the Pentagon",
    "published": "2024-09-19",
    "inference_result": [
      {
        "label": "neutral",
        "score": 0.8416399955749512
      }
    ]
  },
  {
    "source": "WSJ",
    "title": "Israel Scored a Stunning Blow Against Hezbollah. Its Path to Victory Is Less Clear.",
    "published": "2024-09-19",
    "inference_result": [
      {
        "label": "neutral",
        "score": 0.823108971118927
      }
    ]
  },
  {
    "source": "WSJ",
    "title": "Hillary Clinton\u2019s New Speech Code",
    "published": "2024-09-19",
    "inference_result": [
      {
        "label": "negative",
        "score": 0.6062257289886475
      }
    ]
  },
  {
    "source": "WSJ",
    "title": "Tucker Carlson, Taking Aim at Zyn, Plans New Nicotine-Pouch Brand",
    "published": "2024-09-19",
    "inference_result": [
      {
        "label": "neutral",
        "score": 0.8640534281730652
      }
    ]
  }
]