[
  {
    "source": "WSJ",
    "title": "Big-Bank CEOs Like to Wield Influence\u2014Except in Presidential Politics",
    "published": "2024-08-26",
    "inference_result": [
      {
        "label": "neutral",
        "score": 0.9129140377044678
      }
    ]
  },
  {
    "source": "WSJ",
    "title": "The Bad Economic Idea That Will Never Die",
    "published": "2024-08-26",
    "inference_result": [
      {
        "label": "neutral",
        "score": 0.8865013122558594
      }
    ]
  },
  {
    "source": "WSJ",
    "title": "SharkNinja Is Coming for Your Home",
    "published": "2024-08-26",
    "inference_result": [
      {
        "label": "positive",
        "score": 0.6286141276359558
      }
    ]
  },
  {
    "source": "WSJ",
    "title": "No Tax on Tips? Try Again",
    "published": "2024-08-26",
    "inference_result": [
      {
        "label": "neutral",
        "score": 0.8986237049102783
      }
    ]
  },
  {
    "source": "WSJ",
    "title": "Campaign Lays Bare Debate Over What It Means to Be a \u2018Real American\u2019",
    "published": "2024-08-26",
    "inference_result": [
      {
        "label": "neutral",
        "score": 0.596065878868103
      }
    ]
  },
  {
    "source": "WSJ",
    "title": "After Barrage From Russia, Ukraine Calls on West to Lift Restrictions on Missiles",
    "published": "2024-08-26",
    "inference_result": [
      {
        "label": "negative",
        "score": 0.956747829914093
      }
    ]
  },
  {
    "source": "WSJ",
    "title": "Telegram CEO Pavel Durov Is Being Held in Probe of Online Criminality, France Says",
    "published": "2024-08-26",
    "inference_result": [
      {
        "label": "neutral",
        "score": 0.8286583423614502
      }
    ]
  },
  {
    "source": "WSJ",
    "title": "How to Think About Orb\u00e1n and Hungary",
    "published": "2024-08-26",
    "inference_result": [
      {
        "label": "neutral",
        "score": 0.9034562110900879
      }
    ]
  },
  {
    "source": "WSJ",
    "title": "Edgar Bronfman Drops Bid for Paramount, Paving Way for Skydance Deal",
    "published": "2024-08-26",
    "inference_result": [
      {
        "label": "neutral",
        "score": 0.8985202312469482
      }
    ]
  },
  {
    "source": "WSJ",
    "title": "Long Covid Knocked a Million Americans Off Their Career Paths",
    "published": "2024-08-26",
    "inference_result": [
      {
        "label": "neutral",
        "score": 0.550341784954071
      }
    ]
  }
]