[
  {
    "source": "WSJ",
    "title": "The Post-Biden Foreign Policy",
    "published": "2024-07-22",
    "inference_result": [
      {
        "label": "negative",
        "score": 0.7158976793289185
      }
    ]
  },
  {
    "source": "WSJ",
    "title": "Views of Biden\u2019s Economic Record Burden His Successor",
    "published": "2024-07-22",
    "inference_result": [
      {
        "label": "neutral",
        "score": 0.772377610206604
      }
    ]
  },
  {
    "source": "WSJ",
    "title": "China\u2019s Long Blueprint for Economy Falls Short on Details, Raising Concerns",
    "published": "2024-07-22",
    "inference_result": [
      {
        "label": "negative",
        "score": 0.40678268671035767
      }
    ]
  },
  {
    "source": "WSJ",
    "title": "CrowdStrike Is Too Big to Fail",
    "published": "2024-07-22",
    "inference_result": [
      {
        "label": "neutral",
        "score": 0.8747996687889099
      }
    ]
  },
  {
    "source": "WSJ",
    "title": "How Kamala Harris Views Policy",
    "published": "2024-07-22",
    "inference_result": [
      {
        "label": "neutral",
        "score": 0.8118745684623718
      }
    ]
  },
  {
    "source": "WSJ",
    "title": "Nvidia, Chip Stocks Power Market Rebound",
    "published": "2024-07-22",
    "inference_result": [
      {
        "label": "negative",
        "score": 0.6867886185646057
      }
    ]
  },
  {
    "source": "WSJ",
    "title": "Verizon Communications Shares Fall on Second-Quarter Revenue Miss",
    "published": "2024-07-22",
    "inference_result": [
      {
        "label": "positive",
        "score": 0.7751896381378174
      }
    ]
  },
  {
    "source": "WSJ",
    "title": "CrowdStrike Is Too Big to Fail",
    "published": "2024-07-22",
    "inference_result": [
      {
        "label": "neutral",
        "score": 0.8747996687889099
      }
    ]
  }
]