[
  {
    "source": "WSJ",
    "title": "The Nippon Deal Is America First in Action",
    "published": "2024-09-30",
    "inference_result": [
      {
        "label": "neutral",
        "score": 0.4896211624145508
      }
    ]
  },
  {
    "source": "WSJ",
    "title": "British Labour Has an Economics Lesson for Democrats",
    "published": "2024-09-30",
    "inference_result": [
      {
        "label": "neutral",
        "score": 0.5895400643348694
      }
    ]
  },
  {
    "source": "WSJ",
    "title": "Port of Montreal Dockworkers Begin Three-Day Strike at Two Terminals",
    "published": "2024-09-30",
    "inference_result": [
      {
        "label": "negative",
        "score": 0.9199032783508301
      }
    ]
  },
  {
    "source": "WSJ",
    "title": "Parents Must Lead By Example on Cellphone Use",
    "published": "2024-09-30",
    "inference_result": [
      {
        "label": "neutral",
        "score": 0.9220129251480103
      }
    ]
  },
  {
    "source": "WSJ",
    "title": "Rent or Buy? How Falling Mortgage Rates Change the Math",
    "published": "2024-09-30",
    "inference_result": [
      {
        "label": "positive",
        "score": 0.6544063091278076
      }
    ]
  },
  {
    "source": "WSJ",
    "title": "Israel Defends Itself\u2014and May Save Western Civilization",
    "published": "2024-09-30",
    "inference_result": [
      {
        "label": "neutral",
        "score": 0.6662142872810364
      }
    ]
  },
  {
    "source": "WSJ",
    "title": "Israel Says It Carried Out Secret Raids Into Lebanon in Past Year",
    "published": "2024-09-30",
    "inference_result": [
      {
        "label": "negative",
        "score": 0.5430384874343872
      }
    ]
  },
  {
    "source": "WSJ",
    "title": "Israeli Special Forces Launch Raids Into Lebanon Ahead of Expected Ground Incursion",
    "published": "2024-09-30",
    "inference_result": [
      {
        "label": "neutral",
        "score": 0.924978494644165
      }
    ]
  },
  {
    "source": "WSJ",
    "title": "Israeli Special Forces Launch Raids Into Lebanon Ahead of Expected Ground Incursion",
    "published": "2024-09-30",
    "inference_result": [
      {
        "label": "neutral",
        "score": 0.924978494644165
      }
    ]
  },
  {
    "source": "WSJ",
    "title": "\u2018Diamond City\u2019 Thousands of Miles From Ukraine Is Rocked by War",
    "published": "2024-09-30",
    "inference_result": [
      {
        "label": "negative",
        "score": 0.9367209672927856
      }
    ]
  },
  {
    "source": "WSJ",
    "title": "How JD Vance Wins the Vice-Presidential Debate With Tim Walz",
    "published": "2024-09-30",
    "inference_result": [
      {
        "label": "neutral",
        "score": 0.9287952780723572
      }
    ]
  },
  {
    "source": "WSJ",
    "title": "Exclusive | Republicans Deploy Cash to Crack Democrats\u2019 Blue Wall in Senate",
    "published": "2024-09-30",
    "inference_result": [
      {
        "label": "positive",
        "score": 0.7368566989898682
      }
    ]
  },
  {
    "source": "WSJ",
    "title": "Pete Rose, Baseball\u2019s All-Time Hit Leader and Ultimate Pariah, Dies at 83",
    "published": "2024-09-30",
    "inference_result": [
      {
        "label": "neutral",
        "score": 0.5543533563613892
      }
    ]
  },
  {
    "source": "WSJ",
    "title": "The Teamsters Make a Lonely Stand for Democracy",
    "published": "2024-09-30",
    "inference_result": [
      {
        "label": "negative",
        "score": 0.8623365163803101
      }
    ]
  }
]