[
  {
    "source": "WSJ",
    "title": "Global Chip Stocks Rally; Mexican Peso Rises",
    "published": "2024-11-28",
    "inference_result": [
      {
        "label": "negative",
        "score": 0.9113667011260986
      }
    ]
  },
  {
    "source": "WSJ",
    "title": "Still Not Cancelled",
    "published": "2024-11-28",
    "inference_result": [
      {
        "label": "neutral",
        "score": 0.6192846894264221
      }
    ]
  },
  {
    "source": "WSJ",
    "title": "Biden Says Trump\u2019s Tariff Plan Would Be \u2018Counterproductive\u2019 and Set Back Global Ties",
    "published": "2024-11-28",
    "inference_result": [
      {
        "label": "neutral",
        "score": 0.7007491588592529
      }
    ]
  },
  {
    "source": "WSJ",
    "title": "Trump\u2019s Tariff Message: I\u2019m in Charge of the Economic Agenda",
    "published": "2024-11-28",
    "inference_result": [
      {
        "label": "positive",
        "score": 0.6587371230125427
      }
    ]
  },
  {
    "source": "WSJ",
    "title": "Biden Says Trump\u2019s Tariff Plan Would Be \u2018Counterproductive\u2019 and Set Back Global Ties",
    "published": "2024-11-28",
    "inference_result": [
      {
        "label": "neutral",
        "score": 0.7007491588592529
      }
    ]
  },
  {
    "source": "WSJ",
    "title": "Trump Treasury Nominee\u2019s Oil Math Doesn\u2019t Add Up",
    "published": "2024-11-28",
    "inference_result": [
      {
        "label": "neutral",
        "score": 0.7677710652351379
      }
    ]
  },
  {
    "source": "WSJ",
    "title": "Remy Cointreau Expects Sales Slump Amid Challenges in China, U.S.",
    "published": "2024-11-128",
    "inference_result": [
      {
        "label": "neutral",
        "score": 0.8265429139137268
      }
    ]
  },
  {
    "source": "WSJ",
    "title": "Eurozone Business Confidence Edges Up Despite Tariff Threat",
    "published": "2024-11-28",
    "inference_result": [
      {
        "label": "negative",
        "score": 0.4978528916835785
      }
    ]
  },
  {
    "source": "WSJ",
    "title": "What the Top 1% Really Pays the IRS",
    "published": "2024-11-28",
    "inference_result": [
      {
        "label": "positive",
        "score": 0.5179250240325928
      }
    ]
  },
  {
    "source": "WSJ",
    "title": "British Labour Meets the Laffer Curve",
    "published": "2024-11-28",
    "inference_result": [
      {
        "label": "positive",
        "score": 0.5000643730163574
      }
    ]
  },
  {
    "source": "WSJ",
    "title": "The Sand Wars Dividing Cranberry Growers and Their Neighbors",
    "published": "2024-11-28",
    "inference_result": [
      {
        "label": "negative",
        "score": 0.9017649292945862
      }
    ]
  },
  {
    "source": "WSJ",
    "title": "It\u2019s Getting Even More Expensive to Buy a European Ski Home",
    "published": "2024-11-28",
    "inference_result": [
      {
        "label": "neutral",
        "score": 0.9257820844650269
      }
    ]
  },
  {
    "source": "WSJ",
    "title": "Trump Should Challenge the Fed\u2019s Policies",
    "published": "2024-11-28",
    "inference_result": [
      {
        "label": "neutral",
        "score": 0.7167898416519165
      }
    ]
  },
  {
    "source": "WSJ",
    "title": "Why Republican Governance Is Spooking Hospitals",
    "published": "2024-11-28",
    "inference_result": [
      {
        "label": "neutral",
        "score": 0.6642323732376099
      }
    ]
  },
  {
    "source": "WSJ",
    "title": "Customers Are Quitting Luxury Brands as Price Hikes Go Too Far",
    "published": "2024-11-28",
    "inference_result": [
      {
        "label": "neutral",
        "score": 0.618613600730896
      }
    ]
  }
]