[
  {
    "source": "WSJ",
    "title": "Intuit to Cut, Then Hire, 1,800 Workers in Pivot Toward AI",
    "published": "2024-07-10",
    "inference_result": [
      {
        "label": "negative",
        "score": 0.9538431763648987
      }
    ]
  },
  {
    "source": "WSJ",
    "title": "Israel Calls on Civilians to Leave Gaza City After Deadly Strike on School Building in South",
    "published": "2024-07-10",
    "inference_result": [
      {
        "label": "negative",
        "score": 0.8900367617607117
      }
    ]
  },
  {
    "source": "WSJ",
    "title": "Germany to Remove Huawei From Mobile Networks",
    "published": "2024-07-10",
    "inference_result": [
      {
        "label": "negative",
        "score": 0.8578625321388245
      }
    ]
  }
]