[
  {
    "source": "WSJ",
    "title": "Campaigns Carry On Despite Apparent Assassination Attempt on Trump",
    "published": "2024-09-17",
    "inference_result": [
      {
        "label": "neutral",
        "score": 0.610192060470581
      }
    ]
  },
  {
    "source": "WSJ",
    "title": "How Biden Let Europe Slip Away",
    "published": "2024-09-17",
    "inference_result": [
      {
        "label": "negative",
        "score": 0.8995091915130615
      }
    ]
  },
  {
    "source": "WSJ",
    "title": "Federal Debt Is Soaring. Here\u2019s Why Trump and Harris Aren\u2019t Talking About It.",
    "published": "2024-09-17",
    "inference_result": [
      {
        "label": "positive",
        "score": 0.6088593602180481
      }
    ]
  },
  {
    "source": "WSJ",
    "title": "A U.S. National Debt Crisis Is Coming",
    "published": "2024-09-17",
    "inference_result": [
      {
        "label": "positive",
        "score": 0.4995133876800537
      }
    ]
  },
  {
    "source": "WSJ",
    "title": "The Media vs. Ukrainian Peace?",
    "published": "2024-09-17",
    "inference_result": [
      {
        "label": "negative",
        "score": 0.6136633157730103
      }
    ]
  },
  {
    "source": "WSJ",
    "title": "Hotel and Airline Junk Fees Are Easier to Spot\u2013and You\u2019ll Keep Paying",
    "published": "2024-09-17",
    "inference_result": [
      {
        "label": "neutral",
        "score": 0.9140675067901611
      }
    ]
  },
  {
    "source": "WSJ",
    "title": "Hezbollah Gets a Pager Message",
    "published": "2024-09-17",
    "inference_result": [
      {
        "label": "negative",
        "score": 0.7940823435783386
      }
    ]
  },
  {
    "source": "WSJ",
    "title": "Flutter Entertainment Buys Snaitech From Playtech for $2.6 Billion",
    "published": "2024-09-17",
    "inference_result": [
      {
        "label": "neutral",
        "score": 0.9113864898681641
      }
    ]
  },
  {
    "source": "WSJ",
    "title": "Flutter Entertainment Buys Snaitech From Playtech for $2.6 Billion",
    "published": "2024-09-17",
    "inference_result": [
      {
        "label": "neutral",
        "score": 0.9113864898681641
      }
    ]
  },
  {
    "source": "WSJ",
    "title": "\u2018Squanto\u2019 Review: An Encounter at Plymouth",
    "published": "2024-09-17",
    "inference_result": [
      {
        "label": "neutral",
        "score": 0.7288538217544556
      }
    ]
  },
  {
    "source": "WSJ",
    "title": "Federal Debt Is Soaring. Here\u2019s Why Trump and Harris Aren\u2019t Talking About It.",
    "published": "2024-09-17",
    "inference_result": [
      {
        "label": "positive",
        "score": 0.6088593602180481
      }
    ]
  },
  {
    "source": "WSJ",
    "title": "Hezbollah Gets a Pager Message",
    "published": "2024-09-17",
    "inference_result": [
      {
        "label": "negative",
        "score": 0.7940823435783386
      }
    ]
  },
  {
    "source": "WSJ",
    "title": "A U.S. National Debt Crisis Is Coming",
    "published": "2024-09-17",
    "inference_result": [
      {
        "label": "positive",
        "score": 0.4995133876800537
      }
    ]
  },
  {
    "source": "WSJ",
    "title": "Universal Music Looks to Subscriptions, Superfans for Fresh Growth",
    "published": "2024-09-17",
    "inference_result": [
      {
        "label": "positive",
        "score": 0.7314067482948303
      }
    ]
  }
]