[
  {
    "source": "WSJ",
    "title": "Nasrallah Did Nothing for the People of Iran",
    "published": "2024-10-03",
    "inference_result": [
      {
        "label": "negative",
        "score": 0.7453318238258362
      }
    ]
  },
  {
    "source": "WSJ",
    "title": "Oil Surges After Biden Says U.S. Discussing Israel Attack on Iran Facilities",
    "published": "2024-10-03",
    "inference_result": [
      {
        "label": "positive",
        "score": 0.9122666120529175
      }
    ]
  },
  {
    "source": "WSJ",
    "title": "They\u2019re the WNBA\u2019s Best Teams\u2014and Its Biggest Rule-Breakers",
    "published": "2024-10-03",
    "inference_result": [
      {
        "label": "neutral",
        "score": 0.5768978595733643
      }
    ]
  },
  {
    "source": "WSJ",
    "title": "Nasrallah Did Nothing for the People of Iran",
    "published": "2024-10-03",
    "inference_result": [
      {
        "label": "negative",
        "score": 0.7453318238258362
      }
    ]
  },
  {
    "source": "WSJ",
    "title": "Trump Has a Right to a Jury in the Fraud Trial",
    "published": "2024-10-03",
    "inference_result": [
      {
        "label": "negative",
        "score": 0.4813998341560364
      }
    ]
  },
  {
    "source": "WSJ",
    "title": "You Have Homeowners Insurance. Is It Enough to Rebuild Your House?",
    "published": "2024-10-03",
    "inference_result": [
      {
        "label": "neutral",
        "score": 0.5715306401252747
      }
    ]
  },
  {
    "source": "WSJ",
    "title": "Israel Warns Some Southern Lebanon Communities to Evacuate as It Battles Hezbollah",
    "published": "2024-10-03",
    "inference_result": [
      {
        "label": "negative",
        "score": 0.8965668082237244
      }
    ]
  },
  {
    "source": "WSJ",
    "title": "U.S. Ports Reopen After Dockworkers End Strike",
    "published": "2024-10-03",
    "inference_result": [
      {
        "label": "positive",
        "score": 0.9278048872947693
      }
    ]
  },
  {
    "source": "WSJ",
    "title": "Why Landlords and Even Tenants Are Picking Up After Other People\u2019s Pooches",
    "published": "2024-10-03",
    "inference_result": [
      {
        "label": "negative",
        "score": 0.68387770652771
      }
    ]
  },
  {
    "source": "WSJ",
    "title": "SEC Sends a Message to Startups About \u2018Fake It\u2019 Culture",
    "published": "2024-10-03",
    "inference_result": [
      {
        "label": "neutral",
        "score": 0.7478477358818054
      }
    ]
  },
  {
    "source": "WSJ",
    "title": "FanDuel and VIP Perks: The Unraveling of an NFL Team Worker\u2019s Betting Scheme",
    "published": "2024-10-03",
    "inference_result": [
      {
        "label": "negative",
        "score": 0.8409242033958435
      }
    ]
  },
  {
    "source": "WSJ",
    "title": "You Can\u2019t Buy That Diesel Truck",
    "published": "2024-10-03",
    "inference_result": [
      {
        "label": "negative",
        "score": 0.792050838470459
      }
    ]
  }
]