[
  {
    "source": "WSJ",
    "title": "Why Did Biden Say Hunter Did Nothing Wrong?",
    "published": "2024-07-02",
    "inference_result": [
      {
        "label": "neutral",
        "score": 0.496497243642807
      }
    ]
  },
  {
    "source": "WSJ",
    "title": "Being Tax-Free Doesn\u2019t Mean Being Cost-Free",
    "published": "2024-07-02",
    "inference_result": [
      {
        "label": "negative",
        "score": 0.7543427348136902
      }
    ]
  },
  {
    "source": "WSJ",
    "title": "\u2018John Quincy Adams\u2019 Review: Standing on Principle",
    "published": "2024-07-02",
    "inference_result": [
      {
        "label": "neutral",
        "score": 0.6963973045349121
      }
    ]
  },
  {
    "source": "WSJ",
    "title": "Notable & Quotable: Is Biden a \u2018Super-Ager\u2019?",
    "published": "2024-07-02",
    "inference_result": [
      {
        "label": "neutral",
        "score": 0.5152031779289246
      }
    ]
  },
  {
    "source": "WSJ",
    "title": "The Other Age Issue: Old Voters Are Gaining Power Around World",
    "published": "2024-07-02",
    "inference_result": [
      {
        "label": "neutral",
        "score": 0.665095329284668
      }
    ]
  },
  {
    "source": "WSJ",
    "title": "China EV Sales Rallied in June on Policy, Price Cuts",
    "published": "2024-07-02",
    "inference_result": [
      {
        "label": "positive",
        "score": 0.9438838362693787
      }
    ]
  },
  {
    "source": "WSJ",
    "title": "Robberies, Revenge Killings Send Gaza Deeper Into Chaos",
    "published": "2024-07-02",
    "inference_result": [
      {
        "label": "negative",
        "score": 0.9090235233306885
      }
    ]
  },
  {
    "source": "WSJ",
    "title": "Germany, Poland Team Up Against Russia as U.S. and French Elections Test West\u2019s Unity",
    "published": "2024-07-02",
    "inference_result": [
      {
        "label": "negative",
        "score": 0.9241723418235779
      }
    ]
  },
  {
    "source": "WSJ",
    "title": "Biden\u2019s Telegraph Diplomacy",
    "published": "2024-07-02",
    "inference_result": [
      {
        "label": "neutral",
        "score": 0.807989776134491
      }
    ]
  },
  {
    "source": "WSJ",
    "title": "Biden\u2019s Worst Liability Isn\u2019t His Infirmity",
    "published": "2024-07-02",
    "inference_result": [
      {
        "label": "neutral",
        "score": 0.9115718603134155
      }
    ]
  },
  {
    "source": "WSJ",
    "title": "Liontown, LG Energy Consider Lithium Refinery That Could Help Feed U.S. Battery Demand",
    "published": "2024-07-02",
    "inference_result": [
      {
        "label": "positive",
        "score": 0.9343540072441101
      }
    ]
  },
  {
    "source": "WSJ",
    "title": "Airbus Wins $24 Billion Jet Order From Cebu Air",
    "published": "2024-07-02",
    "inference_result": [
      {
        "label": "positive",
        "score": 0.6968483924865723
      }
    ]
  }
]