[
  {
    "source": "WSJ",
    "title": "The End of Chevron Deference Could Be Good for Free Trade",
    "published": "2024-08-27",
    "inference_result": [
      {
        "label": "neutral",
        "score": 0.622592568397522
      }
    ]
  },
  {
    "source": "WSJ",
    "title": "Kamala Harris\u2019s Tax Increases and Cuts Take Shape",
    "published": "2024-08-27",
    "inference_result": [
      {
        "label": "neutral",
        "score": 0.611262857913971
      }
    ]
  },
  {
    "source": "WSJ",
    "title": "Abortion May Not Be a Winner for Democrats This Fall",
    "published": "2024-08-27",
    "inference_result": [
      {
        "label": "negative",
        "score": 0.8756840229034424
      }
    ]
  },
  {
    "source": "WSJ",
    "title": "The End of Chevron Deference Could Be Good for Free Trade",
    "published": "2024-08-27",
    "inference_result": [
      {
        "label": "neutral",
        "score": 0.622592568397522
      }
    ]
  },
  {
    "source": "WSJ",
    "title": "The End of Chevron Deference Could Be Good for Free Trade",
    "published": "2024-08-27",
    "inference_result": [
      {
        "label": "neutral",
        "score": 0.622592568397522
      }
    ]
  },
  {
    "source": "WSJ",
    "title": "Why 7-Eleven Is So Enticing to Circle K\u2019s Owner",
    "published": "2024-08-27",
    "inference_result": [
      {
        "label": "positive",
        "score": 0.5413460731506348
      }
    ]
  },
  {
    "source": "WSJ",
    "title": "Kamala Harris\u2019s Tax Increases and Cuts Take Shape",
    "published": "2024-08-27",
    "inference_result": [
      {
        "label": "neutral",
        "score": 0.611262857913971
      }
    ]
  },
  {
    "source": "WSJ",
    "title": "Colorado Reaches a Property-Tax Crossroads",
    "published": "2024-08-27",
    "inference_result": [
      {
        "label": "neutral",
        "score": 0.561343789100647
      }
    ]
  },
  {
    "source": "WSJ",
    "title": "Massachusetts Fumbles the Tax Ball",
    "published": "2024-08-27",
    "inference_result": [
      {
        "label": "neutral",
        "score": 0.8425877094268799
      }
    ]
  },
  {
    "source": "WSJ",
    "title": "Walmart to Offer Logistics Outside Its Own Marketplace Sales",
    "published": "2024-08-27",
    "inference_result": [
      {
        "label": "neutral",
        "score": 0.9468834400177002
      }
    ]
  },
  {
    "source": "WSJ",
    "title": "Can a Closed Nuclear Power Plant From the \u201970s Be Brought Back to Life?",
    "published": "2024-08-27",
    "inference_result": [
      {
        "label": "positive",
        "score": 0.6194677352905273
      }
    ]
  },
  {
    "source": "WSJ",
    "title": "The End of Chevron Deference Could Be Good for Free Trade",
    "published": "2024-08-27",
    "inference_result": [
      {
        "label": "neutral",
        "score": 0.622592568397522
      }
    ]
  }
]