[
  {
    "source": "WSJ",
    "title": "Kamala Harris Will Pay You Not to Work",
    "published": "2024-08-14",
    "inference_result": [
      {
        "label": "neutral",
        "score": 0.8039730191230774
      }
    ]
  },
  {
    "source": "WSJ",
    "title": "Kamala Harris\u2019s Economic Team and Agenda Start to Take Shape",
    "published": "2024-08-14",
    "inference_result": [
      {
        "label": "positive",
        "score": 0.7176907658576965
      }
    ]
  },
  {
    "source": "WSJ",
    "title": "New U.K. Government Bets on Green Energy. Companies Are Wary.",
    "published": "2024-08-14",
    "inference_result": [
      {
        "label": "positive",
        "score": 0.535214900970459
      }
    ]
  },
  {
    "source": "WSJ",
    "title": "The Missteps in Washington and Tehran That Brought Middle East to the Brink",
    "published": "2024-08-14",
    "inference_result": [
      {
        "label": "negative",
        "score": 0.7380983829498291
      }
    ]
  },
  {
    "source": "WSJ",
    "title": "The Big Risk for the Market: Becoming an AI Echo Chamber",
    "published": "2024-08-14",
    "inference_result": [
      {
        "label": "positive",
        "score": 0.47616422176361084
      }
    ]
  },
  {
    "source": "WSJ",
    "title": "Foxconn Posts Higher Profit, Record Revenue on AI Server Demand",
    "published": "2024-08-14",
    "inference_result": [
      {
        "label": "positive",
        "score": 0.9492215514183044
      }
    ]
  }
]