[
  {
    "source": "WSJ",
    "title": "Battery Maker Northvolt to Cut Jobs Amid Cooling EV Market",
    "published": "2024-09-09",
    "inference_result": [
      {
        "label": "positive",
        "score": 0.7973587512969971
      }
    ]
  },
  {
    "source": "WSJ",
    "title": "Kamala Harris\u2019s Ode to Joy on Her Road to Nowhere",
    "published": "2024-09-09",
    "inference_result": [
      {
        "label": "negative",
        "score": 0.9416040182113647
      }
    ]
  },
  {
    "source": "WSJ",
    "title": "You Would Pay Harris\u2019s Wealth Tax",
    "published": "2024-09-09",
    "inference_result": [
      {
        "label": "negative",
        "score": 0.9654319286346436
      }
    ]
  },
  {
    "source": "WSJ",
    "title": "Is Kamala Harris Qualified? Compared to What?",
    "published": "2024-09-09",
    "inference_result": [
      {
        "label": "neutral",
        "score": 0.9076990485191345
      }
    ]
  },
  {
    "source": "WSJ",
    "title": "Exclusive | Five Point Energy Banks $1.4 Billion for Infrastructure-Development Bets",
    "published": "2024-09-09",
    "inference_result": [
      {
        "label": "positive",
        "score": 0.9332752227783203
      }
    ]
  },
  {
    "source": "WSJ",
    "title": "SEC Fines Seven Companies for Violations to Whistleblower-Protections Rules",
    "published": "2024-09-09",
    "inference_result": [
      {
        "label": "negative",
        "score": 0.9364674687385559
      }
    ]
  },
  {
    "source": "WSJ",
    "title": "Readers Debate Medical Assistance in Dying",
    "published": "2024-09-09",
    "inference_result": [
      {
        "label": "neutral",
        "score": 0.9134863018989563
      }
    ]
  },
  {
    "source": "WSJ",
    "title": "Repeated Takes, Coaching on Lines: Inside Hamas\u2019s Hostage Video Machine",
    "published": "2024-09-09",
    "inference_result": [
      {
        "label": "neutral",
        "score": 0.8003455996513367
      }
    ]
  }
]