[
  {
    "source": "WSJ",
    "title": "China Hits Back at NATO After Rare Rebuke",
    "published": "2024-07-11",
    "inference_result": [
      {
        "label": "negative",
        "score": 0.8791828751564026
      }
    ]
  },
  {
    "source": "WSJ",
    "title": "Tony Robbins Bet $200 Million on a Green-Energy Breakthrough. Proof It Works Remains Elusive.",
    "published": "2024-07-11",
    "inference_result": [
      {
        "label": "neutral",
        "score": 0.9143519997596741
      }
    ]
  }
]