[
  {
    "source": "WSJ",
    "title": "The Antigrowth Agendas of Harris and Trump",
    "published": "2024-07-25",
    "inference_result": [
      {
        "label": "neutral",
        "score": 0.6570691466331482
      }
    ]
  },
  {
    "source": "WSJ",
    "title": "The Antigrowth Agendas of Harris and Trump",
    "published": "2024-07-25",
    "inference_result": [
      {
        "label": "neutral",
        "score": 0.6570691466331482
      }
    ]
  },
  {
    "source": "WSJ",
    "title": "The Antigrowth Agendas of Harris and Trump",
    "published": "2024-07-25",
    "inference_result": [
      {
        "label": "neutral",
        "score": 0.6570691466331482
      }
    ]
  },
  {
    "source": "WSJ",
    "title": "Biden, Netanyahu Meet Amid Push for Gaza Cease-Fire",
    "published": "2024-07-25",
    "inference_result": [
      {
        "label": "neutral",
        "score": 0.9239065647125244
      }
    ]
  },
  {
    "source": "WSJ",
    "title": "A Trump Peace Plan for Ukraine",
    "published": "2024-07-25",
    "inference_result": [
      {
        "label": "neutral",
        "score": 0.5979418158531189
      }
    ]
  },
  {
    "source": "WSJ",
    "title": "Anti-Israel Protesters Make Netanyahu\u2019s Point",
    "published": "2024-07-25",
    "inference_result": [
      {
        "label": "negative",
        "score": 0.7067214250564575
      }
    ]
  },
  {
    "source": "WSJ",
    "title": "Will Maduro Steal Another Election in Venezuela?",
    "published": "2024-07-25",
    "inference_result": [
      {
        "label": "negative",
        "score": 0.6109067797660828
      }
    ]
  },
  {
    "source": "WSJ",
    "title": "Once Hamas\u2019s Sworn Enemy, a Palestinian Exile Rises as a Potential Postwar Strongman",
    "published": "2024-07-25",
    "inference_result": [
      {
        "label": "neutral",
        "score": 0.5748609900474548
      }
    ]
  }
]