[
  {
    "source": "WSJ",
    "title": "Walmart Earnings: Holiday Shopping Is Off to a Strong Start",
    "published": "2024-11-19",
    "inference_result": [
      {
        "label": "positive",
        "score": 0.9575042724609375
      }
    ]
  },
  {
    "source": "WSJ",
    "title": "Trump Isn\u2019t at the G-20 Summit, but He\u2019s Dominating the Debate",
    "published": "2024-11-19",
    "inference_result": [
      {
        "label": "negative",
        "score": 0.7187676429748535
      }
    ]
  },
  {
    "source": "WSJ",
    "title": "Health Care Roundup: Market Talk",
    "published": "2024-11-19",
    "inference_result": [
      {
        "label": "neutral",
        "score": 0.9492449760437012
      }
    ]
  },
  {
    "source": "WSJ",
    "title": "Exclusive | Boeing CEO to Employees: We Can\u2019t Afford Another Mistake",
    "published": "2024-11-19",
    "inference_result": [
      {
        "label": "negative",
        "score": 0.9466601014137268
      }
    ]
  },
  {
    "source": "WSJ",
    "title": "Biden Team Races to Deliver Chip Grants Before Trump Takes Over",
    "published": "2024-11-19",
    "inference_result": [
      {
        "label": "positive",
        "score": 0.738132894039154
      }
    ]
  },
  {
    "source": "WSJ",
    "title": "Trump Wants RFK Jr. to \u2018Go Wild\u2019 on Healthcare. Investors Need Not Panic.",
    "published": "2024-11-19",
    "inference_result": [
      {
        "label": "negative",
        "score": 0.4824947714805603
      }
    ]
  },
  {
    "source": "WSJ",
    "title": "Irresistible March of Energy Realism",
    "published": "2024-11-19",
    "inference_result": [
      {
        "label": "neutral",
        "score": 0.9340779185295105
      }
    ]
  },
  {
    "source": "WSJ",
    "title": "Trump Probably Won\u2019t Try to Fire Jerome Powell",
    "published": "2024-11-19",
    "inference_result": [
      {
        "label": "negative",
        "score": 0.9101992249488831
      }
    ]
  },
  {
    "source": "WSJ",
    "title": "Walmart Earnings: Holiday Shopping Is Off to a Strong Start",
    "published": "2024-11-19",
    "inference_result": [
      {
        "label": "positive",
        "score": 0.9575042724609375
      }
    ]
  },
  {
    "source": "WSJ",
    "title": "For Retirees in Their 60s, the Move That Adds Years to a Nest Egg",
    "published": "2024-11-19",
    "inference_result": [
      {
        "label": "neutral",
        "score": 0.7256670594215393
      }
    ]
  },
  {
    "source": "WSJ",
    "title": "Thyssenkrupp Targets Return to Profitability After Posting Narrowed Net Loss",
    "published": "2024-11-19",
    "inference_result": [
      {
        "label": "negative",
        "score": 0.9699385762214661
      }
    ]
  },
  {
    "source": "WSJ",
    "title": "XPeng Halves Loss on Strong EV Sales, Record Margin",
    "published": "2024-11-19",
    "inference_result": [
      {
        "label": "positive",
        "score": 0.9578774571418762
      }
    ]
  },
  {
    "source": "WSJ",
    "title": "Trump Tests the Constitution\u2019s Limits",
    "published": "2024-11-19",
    "inference_result": [
      {
        "label": "neutral",
        "score": 0.9141653776168823
      }
    ]
  }
]