[
  {
    "source": "WSJ",
    "title": "Harley Will Ride or Die With the Graybeards",
    "published": "2024-07-12",
    "inference_result": [
      {
        "label": "neutral",
        "score": 0.79664546251297
      }
    ]
  },
  {
    "source": "WSJ",
    "title": "More People Are Dying at Home. Is That a Good Thing?",
    "published": "2024-07-12",
    "inference_result": [
      {
        "label": "positive",
        "score": 0.5647397637367249
      }
    ]
  },
  {
    "source": "WSJ",
    "title": "Americans Worried About Reagan\u2019s Age, Too",
    "published": "2024-07-12",
    "inference_result": [
      {
        "label": "positive",
        "score": 0.48818108439445496
      }
    ]
  },
  {
    "source": "WSJ",
    "title": "Japan Says Military Often Flouted Rules on Handling Secrets",
    "published": "2024-07-12",
    "inference_result": [
      {
        "label": "negative",
        "score": 0.9474954009056091
      }
    ]
  },
  {
    "source": "WSJ",
    "title": "Biden\u2019s Art of the Deal in Gaza",
    "published": "2024-07-12",
    "inference_result": [
      {
        "label": "neutral",
        "score": 0.7340277433395386
      }
    ]
  },
  {
    "source": "WSJ",
    "title": "It Was the Last Slave Ship to Reach the U.S. Or Was It a Hoax?",
    "published": "2024-07-12",
    "inference_result": [
      {
        "label": "neutral",
        "score": 0.8253338932991028
      }
    ]
  },
  {
    "source": "WSJ",
    "title": "The Latest Perk at Luxury Hotels? Over-the-Top Turndown Gifts",
    "published": "2024-07-12",
    "inference_result": [
      {
        "label": "neutral",
        "score": 0.8523460030555725
      }
    ]
  },
  {
    "source": "WSJ",
    "title": "The Latest Perk at Luxury Hotels? Over-the-Top Turndown Gifts",
    "published": "2024-07-12",
    "inference_result": [
      {
        "label": "neutral",
        "score": 0.8523460030555725
      }
    ]
  },
  {
    "source": "WSJ",
    "title": "How to Avoid the 5 Most Common Lighting Mistakes in Your Home",
    "published": "2024-07-12",
    "inference_result": [
      {
        "label": "negative",
        "score": 0.7789059281349182
      }
    ]
  },
  {
    "source": "WSJ",
    "title": "Interior Designers Love This Eclectic NYC Boutique. You Can Shop It From Anywhere.",
    "published": "2024-07-12",
    "inference_result": [
      {
        "label": "neutral",
        "score": 0.9346886277198792
      }
    ]
  },
  {
    "source": "WSJ",
    "title": "AT&T Says Hacker Stole Cell, Text Data on Nearly All Its Wireless Customers",
    "published": "2024-07-12",
    "inference_result": [
      {
        "label": "neutral",
        "score": 0.9497959017753601
      }
    ]
  }
]