[
  {
    "source": "WSJ",
    "title": "Trump Sees Opening in Battleground Pennsylvania: Courting Disaffected Democrats",
    "published": "2024-08-18",
    "inference_result": [
      {
        "label": "positive",
        "score": 0.7612114548683167
      }
    ]
  },
  {
    "source": "WSJ",
    "title": "Harris Was Hamstrung by Caution. Now She\u2019s the Democrats\u2019 Driving Force.",
    "published": "2024-08-18",
    "inference_result": [
      {
        "label": "positive",
        "score": 0.7213294506072998
      }
    ]
  },
  {
    "source": "WSJ",
    "title": "Trump Sees Opening in Battleground Pennsylvania: Courting Disaffected Democrats",
    "published": "2024-08-18",
    "inference_result": [
      {
        "label": "positive",
        "score": 0.7612114548683167
      }
    ]
  },
  {
    "source": "WSJ",
    "title": "A Russian Mother\u2019s Pleas to Find a Captured Conscript Are Met With Silence",
    "published": "2024-08-18",
    "inference_result": [
      {
        "label": "neutral",
        "score": 0.4815077781677246
      }
    ]
  },
  {
    "source": "WSJ",
    "title": "Chicago Police Say Democratic Convention Won\u2019t Replay 1968 Protest Chaos",
    "published": "2024-08-18",
    "inference_result": [
      {
        "label": "negative",
        "score": 0.48252448439598083
      }
    ]
  },
  {
    "source": "WSJ",
    "title": "The Lonely Death of a Forgotten Russian Dissident",
    "published": "2024-08-18",
    "inference_result": [
      {
        "label": "negative",
        "score": 0.7596160173416138
      }
    ]
  }
]