[
  {
    "source": "WSJ",
    "title": "Connecticut Democrats Try to Tax the Wealthy Away",
    "published": "2024-07-05",
    "inference_result": [
      {
        "label": "neutral",
        "score": 0.8703356385231018
      }
    ]
  },
  {
    "source": "WSJ",
    "title": "Politicians Usually Moderate When in Power. Britain\u2019s Starmer Could Be Different.",
    "published": "2024-07-05",
    "inference_result": [
      {
        "label": "neutral",
        "score": 0.7105402946472168
      }
    ]
  },
  {
    "source": "WSJ",
    "title": "This Ex-Hedge Fund Manager Is Trump\u2019s Secret Fundraising Weapon",
    "published": "2024-07-05",
    "inference_result": [
      {
        "label": "neutral",
        "score": 0.9333024024963379
      }
    ]
  },
  {
    "source": "WSJ",
    "title": "\u2018Mr. Churchill in the White House\u2019 Review: A Distinguished Guest in Washington",
    "published": "2024-07-05",
    "inference_result": [
      {
        "label": "neutral",
        "score": 0.9043862819671631
      }
    ]
  },
  {
    "source": "WSJ",
    "title": "\u2018Mr. Churchill in the White House\u2019 Review: A Distinguished Guest in Washington",
    "published": "2024-07-05",
    "inference_result": [
      {
        "label": "neutral",
        "score": 0.9043862819671631
      }
    ]
  },
  {
    "source": "WSJ",
    "title": "\u2018Reds\u2019 Review: Communism in the U.S.A.",
    "published": "2024-07-05",
    "inference_result": [
      {
        "label": "negative",
        "score": 0.7052240967750549
      }
    ]
  },
  {
    "source": "WSJ",
    "title": "The Formula for Impressive Wall Art: Large, Dynamic, No Frame Required",
    "published": "2024-07-05",
    "inference_result": [
      {
        "label": "neutral",
        "score": 0.9276863932609558
      }
    ]
  },
  {
    "source": "WSJ",
    "title": "This Chic Lakeside Retreat\u2019s Secret? It Looks Totally Custom, But Is Filled With Off-the-Rack Decor",
    "published": "2024-07-05",
    "inference_result": [
      {
        "label": "neutral",
        "score": 0.9199216365814209
      }
    ]
  }
]