[
  {
    "source": "WSJ",
    "title": "For What Comes Next in Markets, Look Back to 2016",
    "published": "2024-11-08",
    "inference_result": [
      {
        "label": "neutral",
        "score": 0.8941977620124817
      }
    ]
  },
  {
    "source": "WSJ",
    "title": "Trump\u2019s Promises and Threats: A Guide to What\u2019s Possible",
    "published": "2024-11-08",
    "inference_result": [
      {
        "label": "neutral",
        "score": 0.919697105884552
      }
    ]
  },
  {
    "source": "WSJ",
    "title": "Will Trump\u2019s Tariffs Spur U.S. Manufacturing? Executives Are Split",
    "published": "2024-11-08",
    "inference_result": [
      {
        "label": "positive",
        "score": 0.8838260769844055
      }
    ]
  },
  {
    "source": "WSJ",
    "title": "The Score: Warner Bros. Discovery, JPMorgan Chase, Sony and More Stocks That Defined the Week",
    "published": "2024-11-08",
    "inference_result": [
      {
        "label": "neutral",
        "score": 0.9132109880447388
      }
    ]
  },
  {
    "source": "WSJ",
    "title": "What to Buy if the Election Has You Worrying About Inflation",
    "published": "2024-11-08",
    "inference_result": [
      {
        "label": "neutral",
        "score": 0.6724141836166382
      }
    ]
  },
  {
    "source": "WSJ",
    "title": "Deals and Deterrence: Trump\u2019s Foreign Policy in a Dangerous World",
    "published": "2024-11-08",
    "inference_result": [
      {
        "label": "positive",
        "score": 0.8714896440505981
      }
    ]
  },
  {
    "source": "WSJ",
    "title": "\u2018The Illusionist\u2019 and \u2018The Army That Never Was\u2019: Fooling Hitler\u2019s Generals",
    "published": "2024-11-08",
    "inference_result": [
      {
        "label": "negative",
        "score": 0.5855776071548462
      }
    ]
  },
  {
    "source": "WSJ",
    "title": "\u2018Woodrow Wilson\u2019 Review: Liberty Limited",
    "published": "2024-11-08",
    "inference_result": [
      {
        "label": "negative",
        "score": 0.8730559349060059
      }
    ]
  },
  {
    "source": "WSJ",
    "title": "Left States Make Right Turns\u2014Even California",
    "published": "2024-11-08",
    "inference_result": [
      {
        "label": "neutral",
        "score": 0.5641799569129944
      }
    ]
  },
  {
    "source": "WSJ",
    "title": "Goldman Pitches a Personal CFO to the Ultrawealthy",
    "published": "2024-11-08",
    "inference_result": [
      {
        "label": "positive",
        "score": 0.9222607612609863
      }
    ]
  },
  {
    "source": "WSJ",
    "title": "Elon Musk Made Appearance on Trump-Zelensky Call",
    "published": "2024-11-08",
    "inference_result": [
      {
        "label": "neutral",
        "score": 0.8953092694282532
      }
    ]
  },
  {
    "source": "WSJ",
    "title": "Ukrainian Soldiers Say Trump\u2019s Peace Push Could Come With a Huge Cost",
    "published": "2024-11-08",
    "inference_result": [
      {
        "label": "negative",
        "score": 0.6507034301757812
      }
    ]
  },
  {
    "source": "WSJ",
    "title": "Young Voters Helped Fuel Trump\u2019s Win",
    "published": "2024-11-08",
    "inference_result": [
      {
        "label": "neutral",
        "score": 0.6633730530738831
      }
    ]
  },
  {
    "source": "WSJ",
    "title": "Whiskey Lovers, Would You Pay $31 for This Manhattan?",
    "published": "2024-11-08",
    "inference_result": [
      {
        "label": "positive",
        "score": 0.739366352558136
      }
    ]
  },
  {
    "source": "WSJ",
    "title": "Will Trump\u2019s Tariffs Spur U.S. Manufacturing? Executives Are Split",
    "published": "2024-11-08",
    "inference_result": [
      {
        "label": "positive",
        "score": 0.8838260769844055
      }
    ]
  }
]