[
  {
    "source": "WSJ",
    "title": "The Taliban Fighter Who Taught Me Why the U.S. Lost the Afghan War",
    "published": "2024-08-02",
    "inference_result": [
      {
        "label": "negative",
        "score": 0.546419084072113
      }
    ]
  },
  {
    "source": "WSJ",
    "title": "Historic Prisoner Swap Marks a Win for Biden\u2019s Focus on Alliances",
    "published": "2024-08-02",
    "inference_result": [
      {
        "label": "neutral",
        "score": 0.5184762477874756
      }
    ]
  },
  {
    "source": "WSJ",
    "title": "What I Wish I Knew Before I Downsized: Homeowners on Their Missteps and Smart Solutions",
    "published": "2024-08-02",
    "inference_result": [
      {
        "label": "neutral",
        "score": 0.671775758266449
      }
    ]
  },
  {
    "source": "WSJ",
    "title": "Trump Floats End to Taxes on Social Security Benefits",
    "published": "2024-08-02",
    "inference_result": [
      {
        "label": "positive",
        "score": 0.729217529296875
      }
    ]
  },
  {
    "source": "WSJ",
    "title": "Exxon Earnings Jump, While Chevron Drops",
    "published": "2024-08-02",
    "inference_result": [
      {
        "label": "positive",
        "score": 0.8757326602935791
      }
    ]
  },
  {
    "source": "WSJ",
    "title": "Chinese Solar Farms Are Crowding Out Much-Needed Crops",
    "published": "2024-08-02",
    "inference_result": [
      {
        "label": "negative",
        "score": 0.7068500518798828
      }
    ]
  },
  {
    "source": "WSJ",
    "title": "Coca-Cola Owes $6 Billion to IRS, Tax Court Rules",
    "published": "2024-08-02",
    "inference_result": [
      {
        "label": "negative",
        "score": 0.5600244402885437
      }
    ]
  },
  {
    "source": "WSJ",
    "title": "Five Best: Books on Espionage",
    "published": "2024-08-02",
    "inference_result": [
      {
        "label": "neutral",
        "score": 0.884295642375946
      }
    ]
  },
  {
    "source": "WSJ",
    "title": "Israel, U.S. Prepare for Severe Iranian Retaliation",
    "published": "2024-08-02",
    "inference_result": [
      {
        "label": "neutral",
        "score": 0.8081514239311218
      }
    ]
  },
  {
    "source": "WSJ",
    "title": "Wisconsin Voters Seethe Over Out-of-Control Housing Prices",
    "published": "2024-08-02",
    "inference_result": [
      {
        "label": "positive",
        "score": 0.5146766304969788
      }
    ]
  },
  {
    "source": "WSJ",
    "title": "Trans Medicine and Ideology in Med Schools",
    "published": "2024-08-02",
    "inference_result": [
      {
        "label": "neutral",
        "score": 0.6810617446899414
      }
    ]
  },
  {
    "source": "WSJ",
    "title": "For JD Vance\u2019s Kentucky, Politics Is About Pride and Jobs",
    "published": "2024-08-02",
    "inference_result": [
      {
        "label": "negative",
        "score": 0.9319748878479004
      }
    ]
  },
  {
    "source": "WSJ",
    "title": "The Americans Left Behind in Russia After Historic Prisoner Swap",
    "published": "2024-08-02",
    "inference_result": [
      {
        "label": "negative",
        "score": 0.6022724509239197
      }
    ]
  },
  {
    "source": "WSJ",
    "title": "Fiction: Ad\u00e8le Rosenfeld\u2019s \u2018Jellyfish Have No Ears\u2019",
    "published": "2024-08-02",
    "inference_result": [
      {
        "label": "neutral",
        "score": 0.890177845954895
      }
    ]
  },
  {
    "source": "WSJ",
    "title": "\u2018Butter\u2019 Review: Menu and Murderess",
    "published": "2024-08-02",
    "inference_result": [
      {
        "label": "neutral",
        "score": 0.7089883089065552
      }
    ]
  }
]