[
  {
    "source": "WSJ",
    "title": "The Era of Good Economic Policy Is Over",
    "published": "2024-08-20",
    "inference_result": [
      {
        "label": "negative",
        "score": 0.8261197209358215
      }
    ]
  },
  {
    "source": "WSJ",
    "title": "Tariffs Are on the Table for U.S. Importers, Whatever the Election Outcome",
    "published": "2024-08-20",
    "inference_result": [
      {
        "label": "negative",
        "score": 0.9470127820968628
      }
    ]
  },
  {
    "source": "WSJ",
    "title": "Tariffs Are on the Table for U.S. Importers, Whatever the Election Outcome",
    "published": "2024-08-20",
    "inference_result": [
      {
        "label": "negative",
        "score": 0.9470127820968628
      }
    ]
  },
  {
    "source": "WSJ",
    "title": "Biden Sees a Very Fine \u2018Point\u2019 on \u2018Both Sides\u2019",
    "published": "2024-08-20",
    "inference_result": [
      {
        "label": "neutral",
        "score": 0.41609862446784973
      }
    ]
  },
  {
    "source": "WSJ",
    "title": "How Israel Gathers Intelligence to Find Hostages in Gaza",
    "published": "2024-08-20",
    "inference_result": [
      {
        "label": "neutral",
        "score": 0.8840683698654175
      }
    ]
  },
  {
    "source": "WSJ",
    "title": "China Sends a Permitting Wake-Up Call",
    "published": "2024-08-20",
    "inference_result": [
      {
        "label": "negative",
        "score": 0.8116992115974426
      }
    ]
  },
  {
    "source": "WSJ",
    "title": "Kim Jong Un Wants to Block All North Koreans From Escaping. It Isn\u2019t Working.",
    "published": "2024-08-20",
    "inference_result": [
      {
        "label": "negative",
        "score": 0.6121420860290527
      }
    ]
  },
  {
    "source": "WSJ",
    "title": "Tesla Gets Lower Tariff Rate as EU Eases Penalties on Chinese-Made EVs",
    "published": "2024-08-20",
    "inference_result": [
      {
        "label": "neutral",
        "score": 0.8229665160179138
      }
    ]
  },
  {
    "source": "WSJ",
    "title": "Palo Alto Networks Pushes Forward With Platform Drive",
    "published": "2024-08-20",
    "inference_result": [
      {
        "label": "positive",
        "score": 0.9526816606521606
      }
    ]
  }
]