[
  {
    "source": "WSJ",
    "title": "What Ro Khanna Gets Wrong About the Economy",
    "published": "2024-08-23",
    "inference_result": [
      {
        "label": "neutral",
        "score": 0.9228357076644897
      }
    ]
  },
  {
    "source": "WSJ",
    "title": "Why China Is Starting a New Trade War",
    "published": "2024-08-23",
    "inference_result": [
      {
        "label": "neutral",
        "score": 0.8638085126876831
      }
    ]
  },
  {
    "source": "WSJ",
    "title": "\u2018The Last Days of the Schooner America\u2019 Review: Treacherous Waters",
    "published": "2024-08-23",
    "inference_result": [
      {
        "label": "negative",
        "score": 0.7715048789978027
      }
    ]
  },
  {
    "source": "WSJ",
    "title": "\u2018Supremacy at Sea\u2019 Review: Carried to Victory",
    "published": "2024-08-23",
    "inference_result": [
      {
        "label": "negative",
        "score": 0.48212680220603943
      }
    ]
  },
  {
    "source": "WSJ",
    "title": "RFK Jr.\u2019s Double-Edged Trump Endorsement",
    "published": "2024-08-23",
    "inference_result": [
      {
        "label": "negative",
        "score": 0.5738382935523987
      }
    ]
  },
  {
    "source": "WSJ",
    "title": "Behold, the Ideal Wine (According to Our Columnist)",
    "published": "2024-08-23",
    "inference_result": [
      {
        "label": "neutral",
        "score": 0.6517655253410339
      }
    ]
  },
  {
    "source": "WSJ",
    "title": "Just Want a Cold Beer\u2014or Something More Serious? Either Way, You\u2019ll Love These Pilsners",
    "published": "2024-08-23",
    "inference_result": [
      {
        "label": "neutral",
        "score": 0.7055377960205078
      }
    ]
  }
]