[
  {
    "source": "WSJ",
    "title": "China\u2019s EV Makers Set Sights on Latin America in Global Expansion",
    "published": "2024-11-03",
    "inference_result": [
      {
        "label": "positive",
        "score": 0.8210183382034302
      }
    ]
  },
  {
    "source": "WSJ",
    "title": "The Hemlock Election",
    "published": "2024-11-03",
    "inference_result": [
      {
        "label": "neutral",
        "score": 0.9316412806510925
      }
    ]
  },
  {
    "source": "WSJ",
    "title": "The Hemlock Election",
    "published": "2024-11-03",
    "inference_result": [
      {
        "label": "neutral",
        "score": 0.9316412806510925
      }
    ]
  },
  {
    "source": "WSJ",
    "title": "Puerto Rico Is a Political Football",
    "published": "2024-11-03",
    "inference_result": [
      {
        "label": "neutral",
        "score": 0.9423479437828064
      }
    ]
  },
  {
    "source": "WSJ",
    "title": "The Biden Economy Is \u2018Glorious\u2019\u2014if You\u2019re Wealthy",
    "published": "2024-11-03",
    "inference_result": [
      {
        "label": "negative",
        "score": 0.49530187249183655
      }
    ]
  },
  {
    "source": "WSJ",
    "title": "The \u2018Live Free\u2019 Election for Governor",
    "published": "2024-11-03",
    "inference_result": [
      {
        "label": "neutral",
        "score": 0.8222640752792358
      }
    ]
  },
  {
    "source": "WSJ",
    "title": "Day One Agenda: A Pardon",
    "published": "2024-11-03",
    "inference_result": [
      {
        "label": "neutral",
        "score": 0.8398666381835938
      }
    ]
  },
  {
    "source": "WSJ",
    "title": "China\u2019s EV Makers Set Sights on Latin America in Global Expansion",
    "published": "2024-11-03",
    "inference_result": [
      {
        "label": "positive",
        "score": 0.8210183382034302
      }
    ]
  },
  {
    "source": "WSJ",
    "title": "Private Equity Spends Heavily in 2024 Election",
    "published": "2024-11-03",
    "inference_result": [
      {
        "label": "neutral",
        "score": 0.8441622853279114
      }
    ]
  },
  {
    "source": "WSJ",
    "title": "You Bought Blockbuster I Bonds. Here\u2019s What to Do With Them Now.",
    "published": "2024-11-03",
    "inference_result": [
      {
        "label": "negative",
        "score": 0.9642958045005798
      }
    ]
  },
  {
    "source": "WSJ",
    "title": "New York Times Tech Workers Strike Ahead of Election Day",
    "published": "2024-11-03",
    "inference_result": [
      {
        "label": "negative",
        "score": 0.9670405983924866
      }
    ]
  },
  {
    "source": "WSJ",
    "title": "Nikki Haley: Trump Isn\u2019t Perfect, but He\u2019s the Better Choice",
    "published": "2024-11-03",
    "inference_result": [
      {
        "label": "neutral",
        "score": 0.8593440651893616
      }
    ]
  }
]