[
  {
    "source": "WSJ",
    "title": "Housing Is the Sleeper Issue of the 2024 Campaign",
    "published": "2024-08-25",
    "inference_result": [
      {
        "label": "positive",
        "score": 0.5146709680557251
      }
    ]
  },
  {
    "source": "WSJ",
    "title": "Behind Harris\u2019s New Mantra: \u2018The Opportunity Economy\u2019",
    "published": "2024-08-25",
    "inference_result": [
      {
        "label": "neutral",
        "score": 0.894415557384491
      }
    ]
  },
  {
    "source": "WSJ",
    "title": "The Legally Dubious Campaign Against Kentucky School Choice",
    "published": "2024-08-25",
    "inference_result": [
      {
        "label": "negative",
        "score": 0.8891612887382507
      }
    ]
  },
  {
    "source": "WSJ",
    "title": "Kamala Harris\u2019s \u2018Joyful\u2019 War on Entrepreneurs",
    "published": "2024-08-25",
    "inference_result": [
      {
        "label": "neutral",
        "score": 0.8408077955245972
      }
    ]
  },
  {
    "source": "WSJ",
    "title": "Kamala Harris\u2019s \u2018Joyful\u2019 War on Entrepreneurs",
    "published": "2024-08-25",
    "inference_result": [
      {
        "label": "neutral",
        "score": 0.8408077955245972
      }
    ]
  },
  {
    "source": "WSJ",
    "title": "In Defense of President Biden\u2019s Time in Office",
    "published": "2024-08-25",
    "inference_result": [
      {
        "label": "positive",
        "score": 0.8833999633789062
      }
    ]
  },
  {
    "source": "WSJ",
    "title": "France Detains Telegram CEO Pavel Durov, Fanning Tensions With Russia",
    "published": "2024-08-25",
    "inference_result": [
      {
        "label": "neutral",
        "score": 0.8425955176353455
      }
    ]
  },
  {
    "source": "WSJ",
    "title": "After Hezbollah\u2019s Retaliation, All Eyes Fix on Iran",
    "published": "2024-08-25",
    "inference_result": [
      {
        "label": "neutral",
        "score": 0.5456752181053162
      }
    ]
  }
]