[
  {
    "source": "WSJ",
    "title": "Israelis\u2019 Frustration With Netanyahu Builds as War Hits Nine Months",
    "published": "2024-07-07",
    "inference_result": [
      {
        "label": "neutral",
        "score": 0.695885419845581
      }
    ]
  },
  {
    "source": "WSJ",
    "title": "The Mission for Europe\u2019s New Rocket: Challenge SpaceX",
    "published": "2024-07-07",
    "inference_result": [
      {
        "label": "positive",
        "score": 0.9345133900642395
      }
    ]
  },
  {
    "source": "WSJ",
    "title": "NATO Matters More Than Ever to America\u2019s Role in the World",
    "published": "2024-07-07",
    "inference_result": [
      {
        "label": "negative",
        "score": 0.6002826690673828
      }
    ]
  },
  {
    "source": "WSJ",
    "title": "\u2018We\u2019re Not Dead Yet.\u2019 Baby Boomers\u2019 Good Times Drive the Economy.",
    "published": "2024-07-07",
    "inference_result": [
      {
        "label": "positive",
        "score": 0.8216675519943237
      }
    ]
  },
  {
    "source": "WSJ",
    "title": "NATO Matters More Than Ever to America\u2019s Role in the World",
    "published": "2024-07-07",
    "inference_result": [
      {
        "label": "negative",
        "score": 0.6002826690673828
      }
    ]
  },
  {
    "source": "WSJ",
    "title": "Crushing Debts Await Europe\u2019s New Leaders",
    "published": "2024-07-07",
    "inference_result": [
      {
        "label": "negative",
        "score": 0.9547113180160522
      }
    ]
  },
  {
    "source": "WSJ",
    "title": "\u2018Art and War in the Renaissance: The Battle of Pavia Tapestries\u2019 Review: Carnage in Cloth",
    "published": "2024-07-07",
    "inference_result": [
      {
        "label": "neutral",
        "score": 0.8733648061752319
      }
    ]
  },
  {
    "source": "WSJ",
    "title": "The Washington Post\u2019s Path to Oblivion",
    "published": "2024-07-07",
    "inference_result": [
      {
        "label": "negative",
        "score": 0.8923658132553101
      }
    ]
  }
]