[
  {
    "source": "WSJ",
    "title": "Why Inflation Might Not Win the Election for Trump",
    "published": "2024-08-15",
    "inference_result": [
      {
        "label": "neutral",
        "score": 0.5071282982826233
      }
    ]
  },
  {
    "source": "WSJ",
    "title": "Why Inflation Might Not Win the Election for Trump",
    "published": "2024-08-15",
    "inference_result": [
      {
        "label": "neutral",
        "score": 0.5071282982826233
      }
    ]
  },
  {
    "source": "WSJ",
    "title": "Exclusive | U.S. Battery Rush Spurs $1.4 Billion Sodium-Ion Factory in North Carolina",
    "published": "2024-08-15",
    "inference_result": [
      {
        "label": "positive",
        "score": 0.8756697773933411
      }
    ]
  },
  {
    "source": "WSJ",
    "title": "Interest Rate Cuts Are Coming but Won\u2019t Do Much",
    "published": "2024-08-15",
    "inference_result": [
      {
        "label": "positive",
        "score": 0.6468406915664673
      }
    ]
  },
  {
    "source": "WSJ",
    "title": "Trump\u2019s Reaganite \u2018Iron Dome\u2019 Idea",
    "published": "2024-08-15",
    "inference_result": [
      {
        "label": "negative",
        "score": 0.7320216298103333
      }
    ]
  },
  {
    "source": "WSJ",
    "title": "The Hidden Costs of Healthcare, Private vs. Public",
    "published": "2024-08-15",
    "inference_result": [
      {
        "label": "neutral",
        "score": 0.8485758304595947
      }
    ]
  },
  {
    "source": "WSJ",
    "title": "Las Vegas Strip Casino Accused of Hosting Criminals",
    "published": "2024-08-15",
    "inference_result": [
      {
        "label": "negative",
        "score": 0.9043396711349487
      }
    ]
  },
  {
    "source": "WSJ",
    "title": "Is Disparaging Military Service What We Do Now?",
    "published": "2024-08-15",
    "inference_result": [
      {
        "label": "positive",
        "score": 0.6129525899887085
      }
    ]
  },
  {
    "source": "WSJ",
    "title": "The Little-Known U.S. Agency Behind the String of Coups Against Mexico\u2019s Drug Lords",
    "published": "2024-08-15",
    "inference_result": [
      {
        "label": "neutral",
        "score": 0.7983945608139038
      }
    ]
  },
  {
    "source": "WSJ",
    "title": "Brian Niccol\u2019s Journey From Doritos Locos Tacos to Running Starbucks",
    "published": "2024-08-15",
    "inference_result": [
      {
        "label": "positive",
        "score": 0.7029175162315369
      }
    ]
  },
  {
    "source": "WSJ",
    "title": "Gaza Cease-Fire\u2019s Biggest Obstacles Are Israel\u2019s and Hamas\u2019s Leaders",
    "published": "2024-08-15",
    "inference_result": [
      {
        "label": "negative",
        "score": 0.7242960333824158
      }
    ]
  }
]