[
  {
    "source": "WSJ",
    "title": "Chinese Logistics Operators Are Getting Into U.S. Warehousing",
    "published": "2024-11-10",
    "inference_result": [
      {
        "label": "neutral",
        "score": 0.5108228325843811
      }
    ]
  },
  {
    "source": "WSJ",
    "title": "What Donald Trump Can Learn From Steve Jobs",
    "published": "2024-11-10",
    "inference_result": [
      {
        "label": "neutral",
        "score": 0.7826449871063232
      }
    ]
  },
  {
    "source": "WSJ",
    "title": "Rest of World\u2019s Growth Is at Trump\u2019s Mercy",
    "published": "2024-11-10",
    "inference_result": [
      {
        "label": "positive",
        "score": 0.9261771440505981
      }
    ]
  },
  {
    "source": "WSJ",
    "title": "Europe\u2019s Economy Faces Sink-or-Swim Moment as Trump Returns",
    "published": "2024-11-10",
    "inference_result": [
      {
        "label": "negative",
        "score": 0.9184527397155762
      }
    ]
  },
  {
    "source": "WSJ",
    "title": "The New Trump Trade Looks Scarier Than the Old One",
    "published": "2024-11-10",
    "inference_result": [
      {
        "label": "negative",
        "score": 0.9373869299888611
      }
    ]
  },
  {
    "source": "WSJ",
    "title": "What Trump Can\u2014and Can\u2019t\u2014Do on Day One",
    "published": "2024-11-10",
    "inference_result": [
      {
        "label": "neutral",
        "score": 0.8890979290008545
      }
    ]
  },
  {
    "source": "WSJ",
    "title": "Deals and Deterrence: Trump\u2019s Foreign Policy in a Dangerous World",
    "published": "2024-11-10",
    "inference_result": [
      {
        "label": "positive",
        "score": 0.8714896440505981
      }
    ]
  },
  {
    "source": "WSJ",
    "title": "What Donald Trump Can Learn From Steve Jobs",
    "published": "2024-11-10",
    "inference_result": [
      {
        "label": "neutral",
        "score": 0.7826449871063232
      }
    ]
  },
  {
    "source": "WSJ",
    "title": "Europe\u2019s Economy Faces Sink-or-Swim Moment as Trump Returns",
    "published": "2024-11-10",
    "inference_result": [
      {
        "label": "negative",
        "score": 0.9184527397155762
      }
    ]
  },
  {
    "source": "WSJ",
    "title": "Can Home Wind Turbines Take Off in the U.S.?",
    "published": "2024-11-10",
    "inference_result": [
      {
        "label": "positive",
        "score": 0.7091996073722839
      }
    ]
  },
  {
    "source": "WSJ",
    "title": "Americans Staged a Property Tax Revolt on Election Day",
    "published": "2024-11-10",
    "inference_result": [
      {
        "label": "neutral",
        "score": 0.8196825385093689
      }
    ]
  },
  {
    "source": "WSJ",
    "title": "Don\u2019t Punish Ukraine for Biden Family Sins",
    "published": "2024-11-10",
    "inference_result": [
      {
        "label": "neutral",
        "score": 0.8734287619590759
      }
    ]
  },
  {
    "source": "WSJ",
    "title": "Europe\u2019s Economy Faces Sink-or-Swim Moment as Trump Returns",
    "published": "2024-11-10",
    "inference_result": [
      {
        "label": "negative",
        "score": 0.9184527397155762
      }
    ]
  },
  {
    "source": "WSJ",
    "title": "Why the GOP Is Winning Over Minorities",
    "published": "2024-11-10",
    "inference_result": [
      {
        "label": "neutral",
        "score": 0.8295004963874817
      }
    ]
  },
  {
    "source": "WSJ",
    "title": "Calls for \u2018Jew Hunt\u2019 Preceded Attacks in Amsterdam",
    "published": "2024-11-10",
    "inference_result": [
      {
        "label": "negative",
        "score": 0.8650625348091125
      }
    ]
  },
  {
    "source": "WSJ",
    "title": "Markets Hail Trump\u2019s Economics",
    "published": "2024-11-10",
    "inference_result": [
      {
        "label": "positive",
        "score": 0.706449568271637
      }
    ]
  },
  {
    "source": "WSJ",
    "title": "\u2018Silk Roads\u2019 Review: At the British Museum, a Dense Web of Trade and Transit",
    "published": "2024-11-10",
    "inference_result": [
      {
        "label": "neutral",
        "score": 0.9197395443916321
      }
    ]
  }
]