[
  {
    "source": "WSJ",
    "title": "China Restricts Fentanyl Chemicals After Years of U.S. Pressure",
    "published": "2024-08-08",
    "inference_result": [
      {
        "label": "positive",
        "score": 0.7264618873596191
      }
    ]
  },
  {
    "source": "WSJ",
    "title": "The Financial Markets Will Disappoint Your Yen for Stability",
    "published": "2024-08-08",
    "inference_result": [
      {
        "label": "negative",
        "score": 0.8587204217910767
      }
    ]
  },
  {
    "source": "WSJ",
    "title": "Kamala Harris: Mystery Commander in Chief",
    "published": "2024-08-08",
    "inference_result": [
      {
        "label": "neutral",
        "score": 0.8826255202293396
      }
    ]
  },
  {
    "source": "WSJ",
    "title": "Attacks on Walz\u2019s Military Record Put Harris Campaign on Defensive",
    "published": "2024-08-08",
    "inference_result": [
      {
        "label": "negative",
        "score": 0.8872690200805664
      }
    ]
  },
  {
    "source": "WSJ",
    "title": "The March of Folly Over ESG Investing",
    "published": "2024-08-08",
    "inference_result": [
      {
        "label": "neutral",
        "score": 0.9168893694877625
      }
    ]
  },
  {
    "source": "WSJ",
    "title": "CVS Aims to Make Inventories Leaner, Move Faster",
    "published": "2024-08-08",
    "inference_result": [
      {
        "label": "negative",
        "score": 0.8798773288726807
      }
    ]
  }
]