[
  {
    "source": "WSJ",
    "title": "Cracks in Economy Pose Risk to Harris\u2019s Momentum",
    "published": "2024-08-05",
    "inference_result": [
      {
        "label": "neutral",
        "score": 0.9141049981117249
      }
    ]
  },
  {
    "source": "WSJ",
    "title": "The U.S. Has Been Spending Billions to Revive Manufacturing. But China Is in Another League.",
    "published": "2024-08-05",
    "inference_result": [
      {
        "label": "positive",
        "score": 0.8859033584594727
      }
    ]
  },
  {
    "source": "WSJ",
    "title": "Three Ways to Confront Iran",
    "published": "2024-08-05",
    "inference_result": [
      {
        "label": "neutral",
        "score": 0.8532665967941284
      }
    ]
  },
  {
    "source": "WSJ",
    "title": "The Culture War Came to Olympic Boxing. It Started in Russia.",
    "published": "2024-08-05",
    "inference_result": [
      {
        "label": "neutral",
        "score": 0.527292788028717
      }
    ]
  },
  {
    "source": "WSJ",
    "title": "A Recovery Plan for a Strong Postwar Ukraine",
    "published": "2024-08-05",
    "inference_result": [
      {
        "label": "neutral",
        "score": 0.8887637257575989
      }
    ]
  },
  {
    "source": "WSJ",
    "title": "Running Your Household Is a Second Job, but It Doesn\u2019t Have to Be",
    "published": "2024-08-05",
    "inference_result": [
      {
        "label": "neutral",
        "score": 0.7959651350975037
      }
    ]
  },
  {
    "source": "WSJ",
    "title": "Bangladesh Prime Minister Resigns After Weeks of Protests",
    "published": "2024-08-05",
    "inference_result": [
      {
        "label": "neutral",
        "score": 0.770596444606781
      }
    ]
  },
  {
    "source": "WSJ",
    "title": "Team Biden Can Help Mideast Peace",
    "published": "2024-08-05",
    "inference_result": [
      {
        "label": "positive",
        "score": 0.8627490997314453
      }
    ]
  }
]