[
  {
    "source": "WSJ",
    "title": "Trump\u2019s Return Sparks Hope for 2025 Deals Revival",
    "published": "2024-12-29",
    "inference_result": [
      {
        "label": "negative",
        "score": 0.5113812685012817
      }
    ]
  },
  {
    "source": "WSJ",
    "title": "After Another Bad Year for Bonds, Investors Lose Faith in a Turnaround",
    "published": "2024-12-29",
    "inference_result": [
      {
        "label": "negative",
        "score": 0.9643837213516235
      }
    ]
  },
  {
    "source": "WSJ",
    "title": "Discounts on the Dealership Lot Lift Car Sales",
    "published": "2024-12-29",
    "inference_result": [
      {
        "label": "negative",
        "score": 0.8290778398513794
      }
    ]
  },
  {
    "source": "WSJ",
    "title": "What I Got Right About Markets in 2024\u2014and Very Wrong",
    "published": "2024-12-29",
    "inference_result": [
      {
        "label": "neutral",
        "score": 0.7481254935264587
      }
    ]
  },
  {
    "source": "WSJ",
    "title": "China Has Limited Firepower to Counter U.S. Tariffs",
    "published": "2024-12-29",
    "inference_result": [
      {
        "label": "negative",
        "score": 0.810244083404541
      }
    ]
  },
  {
    "source": "WSJ",
    "title": "He Lost 35% Ignoring 2024\u2019s Biggest Trades: \u2018I Am Not Good at What I Am Doing\u2019",
    "published": "2024-12-29",
    "inference_result": [
      {
        "label": "neutral",
        "score": 0.5804737210273743
      }
    ]
  },
  {
    "source": "WSJ",
    "title": "China Has Limited Firepower to Counter U.S. Tariffs",
    "published": "2024-12-29",
    "inference_result": [
      {
        "label": "negative",
        "score": 0.810244083404541
      }
    ]
  },
  {
    "source": "WSJ",
    "title": "The Authorities Shrug at Bank Fraud",
    "published": "2024-12-29",
    "inference_result": [
      {
        "label": "negative",
        "score": 0.56883704662323
      }
    ]
  },
  {
    "source": "WSJ",
    "title": "Fear That China Rules the Waves Jolts U.S. to Pursue Maritime Revival",
    "published": "2024-12-29",
    "inference_result": [
      {
        "label": "negative",
        "score": 0.9331520795822144
      }
    ]
  },
  {
    "source": "WSJ",
    "title": "China Has Limited Firepower to Counter U.S. Tariffs",
    "published": "2024-12-29",
    "inference_result": [
      {
        "label": "negative",
        "score": 0.810244083404541
      }
    ]
  }
]