[
  {
    "source": "WSJ",
    "title": "Aperol Maker Campari Nominates Simon Hunt as CEO",
    "published": "2024-12-04",
    "inference_result": [
      {
        "label": "neutral",
        "score": 0.9069579243659973
      }
    ]
  },
  {
    "source": "WSJ",
    "title": "Eurozone Retail Trade Declines as Political Worries Mount",
    "published": "2024-12-04",
    "inference_result": [
      {
        "label": "negative",
        "score": 0.9736372232437134
      }
    ]
  },
  {
    "source": "WSJ",
    "title": "Powell Says Economic Strength Gives Fed Ability to Take Time on Rate Cuts",
    "published": "2024-12-04",
    "inference_result": [
      {
        "label": "positive",
        "score": 0.9460115432739258
      }
    ]
  },
  {
    "source": "WSJ",
    "title": "What Trump\u2019s Views on Too-Big-to-Fail Mean for Your Bank Account",
    "published": "2024-12-04",
    "inference_result": [
      {
        "label": "negative",
        "score": 0.8546031713485718
      }
    ]
  },
  {
    "source": "WSJ",
    "title": "Energy Billionaire\u2019s U.S. Bribery Scandal Shows Risks of India\u2019s Bet on Giant Firms",
    "published": "2024-12-04",
    "inference_result": [
      {
        "label": "neutral",
        "score": 0.6486926674842834
      }
    ]
  },
  {
    "source": "WSJ",
    "title": "Energy Billionaire\u2019s U.S. Bribery Scandal Shows Risks of India\u2019s Bet on Giant Firms",
    "published": "2024-12-04",
    "inference_result": [
      {
        "label": "neutral",
        "score": 0.6486926674842834
      }
    ]
  },
  {
    "source": "WSJ",
    "title": "Economic Growth Won\u2019t Reduce the Deficit Enough",
    "published": "2024-12-04",
    "inference_result": [
      {
        "label": "positive",
        "score": 0.7977795600891113
      }
    ]
  },
  {
    "source": "WSJ",
    "title": "Trump Picks Peter Navarro as Trade Adviser",
    "published": "2024-12-04",
    "inference_result": [
      {
        "label": "positive",
        "score": 0.890970766544342
      }
    ]
  },
  {
    "source": "WSJ",
    "title": "Ukraine Opens Talks With Trump Team on Halting War With Russia",
    "published": "2024-12-04",
    "inference_result": [
      {
        "label": "neutral",
        "score": 0.6543119549751282
      }
    ]
  },
  {
    "source": "WSJ",
    "title": "Aperol Maker Campari Nominates Simon Hunt as CEO",
    "published": "2024-12-04",
    "inference_result": [
      {
        "label": "neutral",
        "score": 0.9069579243659973
      }
    ]
  },
  {
    "source": "WSJ",
    "title": "Trump Picks Peter Navarro as Trade Adviser",
    "published": "2024-12-04",
    "inference_result": [
      {
        "label": "positive",
        "score": 0.890970766544342
      }
    ]
  },
  {
    "source": "WSJ",
    "title": "DOGE\u2019s Mission Is the Opposite of Mission Creep",
    "published": "2024-12-04",
    "inference_result": [
      {
        "label": "neutral",
        "score": 0.7570836544036865
      }
    ]
  },
  {
    "source": "WSJ",
    "title": "Pete Hegseth: I\u2019ve Faced Fire Before. I Won\u2019t Back Down",
    "published": "2024-12-04",
    "inference_result": [
      {
        "label": "neutral",
        "score": 0.8897913098335266
      }
    ]
  },
  {
    "source": "WSJ",
    "title": "Economic Growth Won\u2019t Reduce the Deficit Enough",
    "published": "2024-12-04",
    "inference_result": [
      {
        "label": "positive",
        "score": 0.7977795600891113
      }
    ]
  },
  {
    "source": "WSJ",
    "title": "Voters Back Trump\u2019s Foreign Policy of Peace Through Strength",
    "published": "2024-12-04",
    "inference_result": [
      {
        "label": "negative",
        "score": 0.5819375514984131
      }
    ]
  }
]