[
  {
    "source": "WSJ",
    "title": "South Korea\u2019s Export Growth Dims as Trade Uncertainty Rises",
    "published": "2024-11-29",
    "inference_result": [
      {
        "label": "positive",
        "score": 0.9549838900566101
      }
    ]
  },
  {
    "source": "WSJ",
    "title": "The Score: GM, Macy\u2019s, Novo Nordisk and More Stocks That Defined the Week",
    "published": "2024-11-29",
    "inference_result": [
      {
        "label": "neutral",
        "score": 0.9132109880447388
      }
    ]
  },
  {
    "source": "WSJ",
    "title": "Corporate America Launches Unorthodox Campaign to Gain Trump\u2019s Attention",
    "published": "2024-11-29",
    "inference_result": [
      {
        "label": "negative",
        "score": 0.6534157991409302
      }
    ]
  },
  {
    "source": "WSJ",
    "title": "Donald Trump Names Charles Kushner as Ambassador to France",
    "published": "2024-11-29",
    "inference_result": [
      {
        "label": "neutral",
        "score": 0.9363085031509399
      }
    ]
  },
  {
    "source": "WSJ",
    "title": "Inflation Heads Back Over Target in Eurozone But Fresh Rate Cuts Remain Likely",
    "published": "2024-11-29",
    "inference_result": [
      {
        "label": "positive",
        "score": 0.9428039789199829
      }
    ]
  },
  {
    "source": "WSJ",
    "title": "China\u2019s Local Governments Hold Back Wages in Desperate Scrape for Cash",
    "published": "2024-11-29",
    "inference_result": [
      {
        "label": "negative",
        "score": 0.5620947480201721
      }
    ]
  },
  {
    "source": "WSJ",
    "title": "Donald Trump\u2019s Rainbow Coalition",
    "published": "2024-11-29",
    "inference_result": [
      {
        "label": "neutral",
        "score": 0.48368382453918457
      }
    ]
  },
  {
    "source": "WSJ",
    "title": "South Korea\u2019s Export Growth Dims as Trade Uncertainty Rises",
    "published": "2024-11-29",
    "inference_result": [
      {
        "label": "positive",
        "score": 0.9549838900566101
      }
    ]
  },
  {
    "source": "WSJ",
    "title": "Corporate America Launches Unorthodox Campaign to Gain Trump\u2019s Attention",
    "published": "2024-11-29",
    "inference_result": [
      {
        "label": "negative",
        "score": 0.6534157991409302
      }
    ]
  },
  {
    "source": "WSJ",
    "title": "A Simpler Citigroup Begins to Take Shape",
    "published": "2024-11-29",
    "inference_result": [
      {
        "label": "neutral",
        "score": 0.8665304780006409
      }
    ]
  },
  {
    "source": "WSJ",
    "title": "China\u2019s Local Governments Hold Back Wages in Desperate Scrape for Cash",
    "published": "2024-11-29",
    "inference_result": [
      {
        "label": "negative",
        "score": 0.5620947480201721
      }
    ]
  },
  {
    "source": "WSJ",
    "title": "\u2018The Power and the Glory\u2019 Review: A Big House in the Country",
    "published": "2024-11-29",
    "inference_result": [
      {
        "label": "neutral",
        "score": 0.9098812937736511
      }
    ]
  },
  {
    "source": "WSJ",
    "title": "Trump\u2019s School-Choice Agenda Hits Pushback From Red-State Voters",
    "published": "2024-11-29",
    "inference_result": [
      {
        "label": "negative",
        "score": 0.924022912979126
      }
    ]
  },
  {
    "source": "WSJ",
    "title": "I Fell for a Ridiculously Expensive Flannel Shirt\u2014Then Hunted for Its Cheaper Equals",
    "published": "2024-11-29",
    "inference_result": [
      {
        "label": "neutral",
        "score": 0.8122413754463196
      }
    ]
  },
  {
    "source": "WSJ",
    "title": "Is It Finally Time to Embrace White Heels? A Guide",
    "published": "2024-11-29",
    "inference_result": [
      {
        "label": "neutral",
        "score": 0.5413707494735718
      }
    ]
  }
]