[
  {
    "source": "WSJ",
    "title": "It Was a Bad Year for the World\u2019s Autocrats",
    "published": "2024-12-27",
    "inference_result": [
      {
        "label": "negative",
        "score": 0.9612622857093811
      }
    ]
  },
  {
    "source": "WSJ",
    "title": "What Went Right in 2024? For One Thing, Free and Fair Elections",
    "published": "2024-12-27",
    "inference_result": [
      {
        "label": "positive",
        "score": 0.9026640057563782
      }
    ]
  },
  {
    "source": "WSJ",
    "title": "Mexico Worries Trump Will Order Strikes Against Drug Cartels",
    "published": "2024-12-27",
    "inference_result": [
      {
        "label": "negative",
        "score": 0.6145973801612854
      }
    ]
  },
  {
    "source": "WSJ",
    "title": "\u2018He\u2019s Not Going to Please Everyone.\u2019 John Thune\u2019s Delicate Task Under Trump",
    "published": "2024-12-27",
    "inference_result": [
      {
        "label": "positive",
        "score": 0.767043948173523
      }
    ]
  },
  {
    "source": "WSJ",
    "title": "Mexico Worries Trump Will Order Strikes Against Drug Cartels",
    "published": "2024-12-27",
    "inference_result": [
      {
        "label": "negative",
        "score": 0.6145973801612854
      }
    ]
  },
  {
    "source": "WSJ",
    "title": "Peter Teeley, Who Coined the Term \u2018Voodoo Economics,\u2019 Dies at 84",
    "published": "2024-12-27",
    "inference_result": [
      {
        "label": "neutral",
        "score": 0.8495086431503296
      }
    ]
  },
  {
    "source": "WSJ",
    "title": "The Wealthy Investor Who Is Trump\u2019s Choice to Rebuild the Navy",
    "published": "2024-12-27",
    "inference_result": [
      {
        "label": "neutral",
        "score": 0.6422090530395508
      }
    ]
  },
  {
    "source": "WSJ",
    "title": "New York Will Now Tax America for Climate Change",
    "published": "2024-12-27",
    "inference_result": [
      {
        "label": "negative",
        "score": 0.9391369819641113
      }
    ]
  },
  {
    "source": "WSJ",
    "title": "The President Who Wasn\u2019t There",
    "published": "2024-12-27",
    "inference_result": [
      {
        "label": "neutral",
        "score": 0.9265822172164917
      }
    ]
  },
  {
    "source": "WSJ",
    "title": "Tech That Will Change Your Life in 2025",
    "published": "2024-12-27",
    "inference_result": [
      {
        "label": "neutral",
        "score": 0.8800835609436035
      }
    ]
  },
  {
    "source": "WSJ",
    "title": "For Survivors of a Ravaged Kibbutz, the Journey Home Is Only Just Beginning",
    "published": "2024-12-27",
    "inference_result": [
      {
        "label": "neutral",
        "score": 0.859619677066803
      }
    ]
  },
  {
    "source": "WSJ",
    "title": "Netflix\u2019s Big Game Is Just Getting Started",
    "published": "2024-12-27",
    "inference_result": [
      {
        "label": "positive",
        "score": 0.9390310049057007
      }
    ]
  },
  {
    "source": "WSJ",
    "title": "\u2018A Century of Tomorrows\u2019 Review: The Future Looks Familiar",
    "published": "2024-12-27",
    "inference_result": [
      {
        "label": "neutral",
        "score": 0.8696660399436951
      }
    ]
  },
  {
    "source": "WSJ",
    "title": "The Right Way to Wear Blazers With Jeans\u2014and One Very Wrong Way",
    "published": "2024-12-27",
    "inference_result": [
      {
        "label": "neutral",
        "score": 0.5249330997467041
      }
    ]
  },
  {
    "source": "WSJ",
    "title": "Interior Design: What\u2019s In and Out for 2025, According to Hundreds of Pros",
    "published": "2024-12-27",
    "inference_result": [
      {
        "label": "neutral",
        "score": 0.8852552771568298
      }
    ]
  },
  {
    "source": "WSJ",
    "title": "David Rivkin, the Constitution\u2019s Stalwart Defender",
    "published": "2024-12-27",
    "inference_result": [
      {
        "label": "neutral",
        "score": 0.8896602392196655
      }
    ]
  }
]