[
  {
    "source": "WSJ",
    "title": "Biden\u2019s Moment of Truth on U.S. Steel",
    "published": "2024-12-08",
    "inference_result": [
      {
        "label": "positive",
        "score": 0.546623945236206
      }
    ]
  },
  {
    "source": "WSJ",
    "title": "Oil, Raspberries, Smartphones: What the U.S. Imports From Canada, Mexico and China",
    "published": "2024-12-08",
    "inference_result": [
      {
        "label": "negative",
        "score": 0.7704176902770996
      }
    ]
  },
  {
    "source": "WSJ",
    "title": "Oil, Raspberries, Smartphones: What the U.S. Imports From Canada, Mexico and China",
    "published": "2024-12-08",
    "inference_result": [
      {
        "label": "negative",
        "score": 0.7704176902770996
      }
    ]
  },
  {
    "source": "WSJ",
    "title": "Alan Blinder\u2019s Tariff Blind Spots",
    "published": "2024-12-08",
    "inference_result": [
      {
        "label": "positive",
        "score": 0.6389859318733215
      }
    ]
  },
  {
    "source": "WSJ",
    "title": "Trump Targets Canada With Tariff Threats\u2014and Trolling",
    "published": "2024-12-08",
    "inference_result": [
      {
        "label": "neutral",
        "score": 0.4970758259296417
      }
    ]
  },
  {
    "source": "WSJ",
    "title": "Stocks Like Trump. Bonds Like Bessent Better.",
    "published": "2024-12-08",
    "inference_result": [
      {
        "label": "negative",
        "score": 0.8854069113731384
      }
    ]
  },
  {
    "source": "WSJ",
    "title": "Trump Targets Canada With Tariff Threats\u2014and Trolling",
    "published": "2024-12-08",
    "inference_result": [
      {
        "label": "neutral",
        "score": 0.4970758259296417
      }
    ]
  },
  {
    "source": "WSJ",
    "title": "Biden Is Ceding Presidential Influence to Trump, and Some Democrats Are Furious",
    "published": "2024-12-08",
    "inference_result": [
      {
        "label": "neutral",
        "score": 0.718370258808136
      }
    ]
  },
  {
    "source": "WSJ",
    "title": "Can Stocks Pull Off a Third Consecutive Year of Big Gains?",
    "published": "2024-12-08",
    "inference_result": [
      {
        "label": "negative",
        "score": 0.6730799674987793
      }
    ]
  },
  {
    "source": "WSJ",
    "title": "Notre Dame Cathedral Is Reborn in a Darkened World",
    "published": "2024-12-08",
    "inference_result": [
      {
        "label": "neutral",
        "score": 0.7910763621330261
      }
    ]
  },
  {
    "source": "WSJ",
    "title": "Assad\u2019s Rule Collapses in Syria, Raising Concerns of a Vacuum",
    "published": "2024-12-08",
    "inference_result": [
      {
        "label": "negative",
        "score": 0.7569512724876404
      }
    ]
  },
  {
    "source": "WSJ",
    "title": "Does Antitrust Target Cartels or Consumers?",
    "published": "2024-12-08",
    "inference_result": [
      {
        "label": "neutral",
        "score": 0.8848370909690857
      }
    ]
  },
  {
    "source": "WSJ",
    "title": "Trump Targets Canada With Tariff Threats\u2014and Trolling",
    "published": "2024-12-08",
    "inference_result": [
      {
        "label": "neutral",
        "score": 0.4970758259296417
      }
    ]
  },
  {
    "source": "WSJ",
    "title": "Biden\u2019s Moment of Truth on U.S. Steel",
    "published": "2024-12-08",
    "inference_result": [
      {
        "label": "positive",
        "score": 0.546623945236206
      }
    ]
  },
  {
    "source": "WSJ",
    "title": "Meet the Small AI Chip Maker Now More Valuable Than Intel",
    "published": "2024-12-08",
    "inference_result": [
      {
        "label": "positive",
        "score": 0.952991783618927
      }
    ]
  },
  {
    "source": "WSJ",
    "title": "Assad Falls Thanks to a Weak Tehran",
    "published": "2024-12-08",
    "inference_result": [
      {
        "label": "negative",
        "score": 0.6567738652229309
      }
    ]
  }
]