[
  {
    "source": "WSJ",
    "title": "The Year Politicians Turned Their Backs on Economics",
    "published": "2024-08-22",
    "inference_result": [
      {
        "label": "neutral",
        "score": 0.87540602684021
      }
    ]
  },
  {
    "source": "WSJ",
    "title": "The Real Culprit in Britain\u2019s Bond Meltdown",
    "published": "2024-08-22",
    "inference_result": [
      {
        "label": "negative",
        "score": 0.6641311049461365
      }
    ]
  },
  {
    "source": "WSJ",
    "title": "The Risks of Trump\u2019s 10% Tariff",
    "published": "2024-08-22",
    "inference_result": [
      {
        "label": "positive",
        "score": 0.7123371362686157
      }
    ]
  },
  {
    "source": "WSJ",
    "title": "Harris Accepts Democratic Presidential Nomination, Vowing to Unite Nation \u2018Around Our Highest Aspirations\u2019",
    "published": "2024-08-22",
    "inference_result": [
      {
        "label": "neutral",
        "score": 0.8928461074829102
      }
    ]
  },
  {
    "source": "WSJ",
    "title": "Most Climate Policies Don\u2019t Work. Here\u2019s What Science Says Does Reduce Emissions.",
    "published": "2024-08-22",
    "inference_result": [
      {
        "label": "positive",
        "score": 0.8434354066848755
      }
    ]
  },
  {
    "source": "WSJ",
    "title": "\u2018Pachinko\u2019 Season 2 Review: The Game of Life on Apple TV+",
    "published": "2024-08-22",
    "inference_result": [
      {
        "label": "neutral",
        "score": 0.8750102519989014
      }
    ]
  },
  {
    "source": "WSJ",
    "title": "Ukraine Moves to Encircle Russian Troops in Kursk and Digs In for Long Fight",
    "published": "2024-08-22",
    "inference_result": [
      {
        "label": "neutral",
        "score": 0.3869158625602722
      }
    ]
  },
  {
    "source": "WSJ",
    "title": "Two Million Gazans Are Now Confined to 15 Square Miles",
    "published": "2024-08-22",
    "inference_result": [
      {
        "label": "negative",
        "score": 0.9196972250938416
      }
    ]
  },
  {
    "source": "WSJ",
    "title": "\u2018Pachinko\u2019 Season 2 Review: The Game of Life on Apple TV+",
    "published": "2024-08-22",
    "inference_result": [
      {
        "label": "neutral",
        "score": 0.8750102519989014
      }
    ]
  },
  {
    "source": "WSJ",
    "title": "The Electric Vehicle Transition That Isn\u2019t",
    "published": "2024-08-22",
    "inference_result": [
      {
        "label": "negative",
        "score": 0.9720472097396851
      }
    ]
  },
  {
    "source": "WSJ",
    "title": "Here\u2019s How One Retailer Is Finding Profits in Borrowed Clothing",
    "published": "2024-08-22",
    "inference_result": [
      {
        "label": "neutral",
        "score": 0.8712073564529419
      }
    ]
  }
]