[
  {
    "source": "WSJ",
    "title": "Exclusive | CEOs Are Feeling a Lot More Upbeat About the New Year",
    "published": "2024-12-16",
    "inference_result": [
      {
        "label": "positive",
        "score": 0.9237987399101257
      }
    ]
  },
  {
    "source": "WSJ",
    "title": "Americans Are Stockpiling to Get Ahead of Tariffs",
    "published": "2024-12-16",
    "inference_result": [
      {
        "label": "negative",
        "score": 0.7162524461746216
      }
    ]
  },
  {
    "source": "WSJ",
    "title": "Americans Are Stockpiling to Get Ahead of Tariffs",
    "published": "2024-12-16",
    "inference_result": [
      {
        "label": "negative",
        "score": 0.7162524461746216
      }
    ]
  },
  {
    "source": "WSJ",
    "title": "Trump Is Back, This Time Without Disdain",
    "published": "2024-12-16",
    "inference_result": [
      {
        "label": "positive",
        "score": 0.890936017036438
      }
    ]
  },
  {
    "source": "WSJ",
    "title": "Canada\u2019s Finance Minister Chrystia Freeland Resigns From Cabinet",
    "published": "2024-12-16",
    "inference_result": [
      {
        "label": "negative",
        "score": 0.9232888221740723
      }
    ]
  },
  {
    "source": "WSJ",
    "title": "Justin Trudeau Nears the End in Canada",
    "published": "2024-12-16",
    "inference_result": [
      {
        "label": "negative",
        "score": 0.915725827217102
      }
    ]
  },
  {
    "source": "WSJ",
    "title": "Germany Heads Toward Early Elections After Scholz Loses Confidence Vote",
    "published": "2024-12-16",
    "inference_result": [
      {
        "label": "negative",
        "score": 0.9513470530509949
      }
    ]
  },
  {
    "source": "WSJ",
    "title": "Trump Is Back, This Time Without Disdain",
    "published": "2024-12-16",
    "inference_result": [
      {
        "label": "positive",
        "score": 0.890936017036438
      }
    ]
  },
  {
    "source": "WSJ",
    "title": "China Races to Squelch Unrest as Signs of Economic Malaise Spread",
    "published": "2024-12-16",
    "inference_result": [
      {
        "label": "negative",
        "score": 0.8501990437507629
      }
    ]
  },
  {
    "source": "WSJ",
    "title": "Growth Must Be the GOP\u2019s Priority",
    "published": "2024-12-16",
    "inference_result": [
      {
        "label": "negative",
        "score": 0.8906500339508057
      }
    ]
  },
  {
    "source": "WSJ",
    "title": "Why the U.S. Economy Is Trouncing Europe\u2019s",
    "published": "2024-12-16",
    "inference_result": [
      {
        "label": "negative",
        "score": 0.8869181275367737
      }
    ]
  },
  {
    "source": "WSJ",
    "title": "DOGE Should Work at Warp Speed",
    "published": "2024-12-16",
    "inference_result": [
      {
        "label": "neutral",
        "score": 0.8878397941589355
      }
    ]
  },
  {
    "source": "WSJ",
    "title": "Germany Heads Toward Early Elections After Scholz Loses Confidence Vote",
    "published": "2024-12-16",
    "inference_result": [
      {
        "label": "negative",
        "score": 0.9513470530509949
      }
    ]
  },
  {
    "source": "WSJ",
    "title": "Vaccines, Drones, Pardons: Seven Takeaways From Trump\u2019s News Conference",
    "published": "2024-12-16",
    "inference_result": [
      {
        "label": "neutral",
        "score": 0.8854064345359802
      }
    ]
  },
  {
    "source": "WSJ",
    "title": "What Islamist Control Spells for Syria\u2019s Christians",
    "published": "2024-12-16",
    "inference_result": [
      {
        "label": "neutral",
        "score": 0.6930323839187622
      }
    ]
  },
  {
    "source": "WSJ",
    "title": "\u2018Serendipity\u2019 Review: Progress by Accident",
    "published": "2024-12-16",
    "inference_result": [
      {
        "label": "neutral",
        "score": 0.9215416312217712
      }
    ]
  },
  {
    "source": "WSJ",
    "title": "A GOP Gift for Randi Weingarten",
    "published": "2024-12-16",
    "inference_result": [
      {
        "label": "negative",
        "score": 0.807684063911438
      }
    ]
  },
  {
    "source": "WSJ",
    "title": "Syria\u2019s Aspiring Leader Promises Reform\u2014in Due Time",
    "published": "2024-12-16",
    "inference_result": [
      {
        "label": "negative",
        "score": 0.8033263087272644
      }
    ]
  },
  {
    "source": "WSJ",
    "title": "A GOP Gift for Randi Weingarten",
    "published": "2024-12-16",
    "inference_result": [
      {
        "label": "negative",
        "score": 0.807684063911438
      }
    ]
  }
]