[
  {
    "source": "WSJ",
    "title": "U.S. Stocks Post Election-Day Climb",
    "published": "2024-11-05",
    "inference_result": [
      {
        "label": "positive",
        "score": 0.8190469145774841
      }
    ]
  },
  {
    "source": "WSJ",
    "title": "The Tax Moves Investors Are Making No Matter Who Wins the Election",
    "published": "2024-11-05",
    "inference_result": [
      {
        "label": "neutral",
        "score": 0.9012518525123596
      }
    ]
  },
  {
    "source": "WSJ",
    "title": "Trump Nears 270 Electoral College Votes Needed to Defeat Harris",
    "published": "2024-11-05",
    "inference_result": [
      {
        "label": "negative",
        "score": 0.729398250579834
      }
    ]
  },
  {
    "source": "WSJ",
    "title": "Democrats Need a Recovery Plan",
    "published": "2024-11-05",
    "inference_result": [
      {
        "label": "neutral",
        "score": 0.8247273564338684
      }
    ]
  },
  {
    "source": "WSJ",
    "title": "What\u2019s Driving the Strong Market Reaction to Trump Win",
    "published": "2024-11-05",
    "inference_result": [
      {
        "label": "neutral",
        "score": 0.8388888835906982
      }
    ]
  },
  {
    "source": "WSJ",
    "title": "The Nebraska School-Choice Fight and the Popular Will",
    "published": "2024-11-05",
    "inference_result": [
      {
        "label": "neutral",
        "score": 0.5763837099075317
      }
    ]
  },
  {
    "source": "WSJ",
    "title": "The Nebraska School-Choice Fight and the Popular Will",
    "published": "2024-11-05",
    "inference_result": [
      {
        "label": "neutral",
        "score": 0.5763837099075317
      }
    ]
  },
  {
    "source": "WSJ",
    "title": "A Commander\u2019s Defection Sparks Revenge Killings, Rapes and a New Exodus in Sudan",
    "published": "2024-11-05",
    "inference_result": [
      {
        "label": "negative",
        "score": 0.9345086812973022
      }
    ]
  },
  {
    "source": "WSJ",
    "title": "Hugo Boss Profit Falls as Luxury Demand Weakness Persists",
    "published": "2024-11-05",
    "inference_result": [
      {
        "label": "neutral",
        "score": 0.896751880645752
      }
    ]
  },
  {
    "source": "WSJ",
    "title": "Hugo Boss Profit Falls as Luxury Demand Weakness Persists",
    "published": "2024-11-05",
    "inference_result": [
      {
        "label": "neutral",
        "score": 0.896751880645752
      }
    ]
  },
  {
    "source": "WSJ",
    "title": "The Cure for 2024 Election Anxiety",
    "published": "2024-11-05",
    "inference_result": [
      {
        "label": "neutral",
        "score": 0.7169219255447388
      }
    ]
  }
]