[
  {
    "source": "WSJ",
    "title": "Trump Considers Kevin Warsh Serving as Treasury Secretary\u2014and Then Fed Chair - WSJ",
    "published": "2024-11-21",
    "inference_result": [
      {
        "label": "neutral",
        "score": 0.8917620778083801
      }
    ]
  },
  {
    "source": "WSJ",
    "title": "Ben Stein\u2019s Econ 101 Lesson for the Trump Administration",
    "published": "2024-11-21",
    "inference_result": [
      {
        "label": "negative",
        "score": 0.7888669371604919
      }
    ]
  },
  {
    "source": "WSJ",
    "title": "Nvidia Is on Top but Does It Have Anywhere to Go but Down?",
    "published": "2024-11-21",
    "inference_result": [
      {
        "label": "negative",
        "score": 0.9405397176742554
      }
    ]
  },
  {
    "source": "WSJ",
    "title": "Ben Stein\u2019s Econ 101 Lesson for the Trump Administration",
    "published": "2024-11-21",
    "inference_result": [
      {
        "label": "negative",
        "score": 0.7888669371604919
      }
    ]
  },
  {
    "source": "WSJ",
    "title": "French Cognac Workers Plan Strike Over Fears Bottling Business Could Move to China",
    "published": "2024-11-21",
    "inference_result": [
      {
        "label": "negative",
        "score": 0.9393391609191895
      }
    ]
  },
  {
    "source": "WSJ",
    "title": "French Cognac Workers Plan Strike Over Fears Bottling Business Could Move to China",
    "published": "2024-11-21",
    "inference_result": [
      {
        "label": "negative",
        "score": 0.9393391609191895
      }
    ]
  },
  {
    "source": "WSJ",
    "title": "Has Harris Given Up on Harris?",
    "published": "2024-11-21",
    "inference_result": [
      {
        "label": "neutral",
        "score": 0.9238784909248352
      }
    ]
  },
  {
    "source": "WSJ",
    "title": "The Trump Stock Euphoria Starts to Fade",
    "published": "2024-11-21",
    "inference_result": [
      {
        "label": "negative",
        "score": 0.913605809211731
      }
    ]
  },
  {
    "source": "WSJ",
    "title": "Europe\u2019s Gas Prices Surge to Year-Highs Amid Supply Risks, Rising Demand",
    "published": "2024-11-21",
    "inference_result": [
      {
        "label": "negative",
        "score": 0.9694314002990723
      }
    ]
  },
  {
    "source": "WSJ",
    "title": "French Cognac Workers Plan Strike Over Fears Bottling Business Could Move to China",
    "published": "2024-11-21",
    "inference_result": [
      {
        "label": "negative",
        "score": 0.9393391609191895
      }
    ]
  },
  {
    "source": "WSJ",
    "title": "Putin Says Russia Fired a New Missile at Ukraine",
    "published": "2024-11-21",
    "inference_result": [
      {
        "label": "negative",
        "score": 0.8081144690513611
      }
    ]
  },
  {
    "source": "WSJ",
    "title": "They Wouldn\u2019t Know Inflation if It Bit Them in the Ballot",
    "published": "2024-11-21",
    "inference_result": [
      {
        "label": "neutral",
        "score": 0.5048947334289551
      }
    ]
  },
  {
    "source": "WSJ",
    "title": "The State, the Market and the Transgender Wave",
    "published": "2024-11-21",
    "inference_result": [
      {
        "label": "negative",
        "score": 0.9408861398696899
      }
    ]
  },
  {
    "source": "WSJ",
    "title": "French Cognac Workers Plan Strike Over Fears Bottling Business Could Move to China",
    "published": "2024-11-21",
    "inference_result": [
      {
        "label": "negative",
        "score": 0.9393391609191895
      }
    ]
  }
]