[
  {
    "source": "WSJ",
    "title": "The Palestinian Goal and the American Way of War",
    "published": "2024-07-08",
    "inference_result": [
      {
        "label": "negative",
        "score": 0.6164864897727966
      }
    ]
  },
  {
    "source": "WSJ",
    "title": "Modi\u2019s Moscow Visit Spotlights India\u2019s Tricky Balancing Act on Russia",
    "published": "2024-07-08",
    "inference_result": [
      {
        "label": "negative",
        "score": 0.7009915709495544
      }
    ]
  },
  {
    "source": "WSJ",
    "title": "Japan\u2019s $1.5 Trillion Pension Whale to Trigger Waves in Stocks, Currencies",
    "published": "2024-07-08",
    "inference_result": [
      {
        "label": "positive",
        "score": 0.8804376125335693
      }
    ]
  },
  {
    "source": "WSJ",
    "title": "Cities\u2019 New Fix for Dying Downtowns? Bring In Jugglers",
    "published": "2024-07-08",
    "inference_result": [
      {
        "label": "negative",
        "score": 0.8150304555892944
      }
    ]
  },
  {
    "source": "WSJ",
    "title": "Vanguard\u2019s Die-Hard Customers Have a Message for New CEO: \u2018The Service Is Abysmal\u2019",
    "published": "2024-07-08",
    "inference_result": [
      {
        "label": "negative",
        "score": 0.9626947045326233
      }
    ]
  }
]