[
  {
    "source": "WSJ",
    "title": "The U.S. and IMF Disagree About China. That\u2019s a Problem.",
    "published": "2024-10-24",
    "inference_result": [
      {
        "label": "negative",
        "score": 0.9660385251045227
      }
    ]
  },
  {
    "source": "WSJ",
    "title": "Expect the GOP to Win Big in the Senate",
    "published": "2024-10-24",
    "inference_result": [
      {
        "label": "neutral",
        "score": 0.8002678751945496
      }
    ]
  },
  {
    "source": "WSJ",
    "title": "The Nerdiest Sleeper Issue of the Presidential Election",
    "published": "2024-10-24",
    "inference_result": [
      {
        "label": "negative",
        "score": 0.9040517807006836
      }
    ]
  },
  {
    "source": "WSJ",
    "title": "Democrats Make Elon Musk\u2019s Pay Day",
    "published": "2024-10-24",
    "inference_result": [
      {
        "label": "positive",
        "score": 0.9200088977813721
      }
    ]
  },
  {
    "source": "WSJ",
    "title": "Inflation Has Cooled, but Americans Are Still Seething Over Prices",
    "published": "2024-10-24",
    "inference_result": [
      {
        "label": "negative",
        "score": 0.8398776650428772
      }
    ]
  },
  {
    "source": "WSJ",
    "title": "The U.S. and IMF Disagree About China. That\u2019s a Problem.",
    "published": "2024-10-24",
    "inference_result": [
      {
        "label": "negative",
        "score": 0.9660385251045227
      }
    ]
  },
  {
    "source": "WSJ",
    "title": "The U.S. and IMF Disagree About China. That\u2019s a Problem.",
    "published": "2024-10-24",
    "inference_result": [
      {
        "label": "negative",
        "score": 0.9660385251045227
      }
    ]
  },
  {
    "source": "WSJ",
    "title": "Unilever Underlying Sales Beat Forecasts as Shoppers Welcome Easing Price Hikes",
    "published": "2024-10-24",
    "inference_result": [
      {
        "label": "positive",
        "score": 0.9523676037788391
      }
    ]
  },
  {
    "source": "WSJ",
    "title": "The Nerdiest Sleeper Issue of the Presidential Election",
    "published": "2024-10-24",
    "inference_result": [
      {
        "label": "negative",
        "score": 0.9040517807006836
      }
    ]
  }
]