[
  {
    "source": "WSJ",
    "title": "Autocrats Wield Hostage-Taking as Potent Weapon Against West",
    "published": "2024-08-01",
    "inference_result": [
      {
        "label": "negative",
        "score": 0.7903881072998047
      }
    ]
  },
  {
    "source": "WSJ",
    "title": "The High Political Stakes of Fed Interest-Rate Cuts",
    "published": "2024-08-01",
    "inference_result": [
      {
        "label": "neutral",
        "score": 0.7156039476394653
      }
    ]
  },
  {
    "source": "WSJ",
    "title": "Who\u2019s Who in Russia\u2019s Prisoner Exchange With the West",
    "published": "2024-08-01",
    "inference_result": [
      {
        "label": "neutral",
        "score": 0.5550481677055359
      }
    ]
  },
  {
    "source": "WSJ",
    "title": "U.S. Looks for Ways to Revive Gaza Cease-Fire Talks",
    "published": "2024-08-01",
    "inference_result": [
      {
        "label": "negative",
        "score": 0.9440097212791443
      }
    ]
  },
  {
    "source": "WSJ",
    "title": "The Unluckiest American Is Finally Coming Home From Russia",
    "published": "2024-08-01",
    "inference_result": [
      {
        "label": "neutral",
        "score": 0.5437546372413635
      }
    ]
  },
  {
    "source": "WSJ",
    "title": "KSM Gets a Sorry 9/11 Plea Deal",
    "published": "2024-08-01",
    "inference_result": [
      {
        "label": "neutral",
        "score": 0.562711775302887
      }
    ]
  },
  {
    "source": "WSJ",
    "title": "The Supreme Court Has an Ethical Conundrum",
    "published": "2024-08-01",
    "inference_result": [
      {
        "label": "neutral",
        "score": 0.8928295969963074
      }
    ]
  },
  {
    "source": "WSJ",
    "title": "Nike Paid Him to Make Gold-Dipped Sneakers for LeBron. Now, It Is Suing Him.",
    "published": "2024-08-01",
    "inference_result": [
      {
        "label": "negative",
        "score": 0.9021568298339844
      }
    ]
  },
  {
    "source": "WSJ",
    "title": "Evan Gershkovich and the Hostage Takers",
    "published": "2024-08-01",
    "inference_result": [
      {
        "label": "neutral",
        "score": 0.8867629170417786
      }
    ]
  }
]