[
  {
    "source": "WSJ",
    "title": "Prada Posts Sales Growth Across Markets Despite Industry Slowdown",
    "published": "2024-07-30",
    "inference_result": [
      {
        "label": "neutral",
        "score": 0.7958198189735413
      }
    ]
  },
  {
    "source": "WSJ",
    "title": "Standard Chartered Posts Lower Profit, Announces $1.5 Billion Share Buyback",
    "published": "2024-07-30",
    "inference_result": [
      {
        "label": "negative",
        "score": 0.9769023656845093
      }
    ]
  },
  {
    "source": "WSJ",
    "title": "Lawbreakers, \u2018Useful Idiots\u2019 and Bibi\u2019s Speech",
    "published": "2024-07-30",
    "inference_result": [
      {
        "label": "neutral",
        "score": 0.9099924564361572
      }
    ]
  },
  {
    "source": "WSJ",
    "title": "The Stories Democrats Tell About Project 2025",
    "published": "2024-07-30",
    "inference_result": [
      {
        "label": "negative",
        "score": 0.5290238261222839
      }
    ]
  },
  {
    "source": "WSJ",
    "title": "Investors on Alert for Fed Signals of September Rate Cut",
    "published": "2024-07-30",
    "inference_result": [
      {
        "label": "positive",
        "score": 0.6023221611976624
      }
    ]
  },
  {
    "source": "WSJ",
    "title": "The Stories Democrats Tell About Project 2025",
    "published": "2024-07-30",
    "inference_result": [
      {
        "label": "negative",
        "score": 0.5290238261222839
      }
    ]
  },
  {
    "source": "WSJ",
    "title": "Make Permitting Easy Again",
    "published": "2024-07-30",
    "inference_result": [
      {
        "label": "positive",
        "score": 0.8334210515022278
      }
    ]
  }
]