[
  {
    "source": "WSJ",
    "title": "Trump Isn\u2019t President Yet. He\u2019s Already Spooking the Fed.",
    "published": "2024-12-19",
    "inference_result": [
      {
        "label": "neutral",
        "score": 0.8549007773399353
      }
    ]
  },
  {
    "source": "WSJ",
    "title": "The Unlikely Ingredient That Could End U.S. Dependence on Chinese Batteries",
    "published": "2024-12-19",
    "inference_result": [
      {
        "label": "positive",
        "score": 0.7007391452789307
      }
    ]
  },
  {
    "source": "WSJ",
    "title": "The Risky Strategy Behind Nike\u2019s Massive Holiday Discounts",
    "published": "2024-12-19",
    "inference_result": [
      {
        "label": "negative",
        "score": 0.9301586747169495
      }
    ]
  },
  {
    "source": "WSJ",
    "title": "Canada\u2019s Trudeau Is Losing Grip on Power as Allies Turn Against Him",
    "published": "2024-12-19",
    "inference_result": [
      {
        "label": "negative",
        "score": 0.9571868181228638
      }
    ]
  },
  {
    "source": "WSJ",
    "title": "How to Avoid the Coming Federal Debt Avalanche",
    "published": "2024-12-19",
    "inference_result": [
      {
        "label": "negative",
        "score": 0.851027250289917
      }
    ]
  },
  {
    "source": "WSJ",
    "title": "Treasury Wine Buys China Foothold for Penfolds Luxury Brand",
    "published": "2024-12-09",
    "inference_result": [
      {
        "label": "neutral",
        "score": 0.7613725662231445
      }
    ]
  },
  {
    "source": "WSJ",
    "title": "Trump, Touting Tariffs, Toys With a Tottering Trudeau",
    "published": "2024-12-19",
    "inference_result": [
      {
        "label": "negative",
        "score": 0.917167067527771
      }
    ]
  },
  {
    "source": "WSJ",
    "title": "Trump, Touting Tariffs, Toys With a Tottering Trudeau",
    "published": "2024-12-19",
    "inference_result": [
      {
        "label": "negative",
        "score": 0.917167067527771
      }
    ]
  },
  {
    "source": "WSJ",
    "title": "Biden\u2019s Unsavory Judicial Legacy",
    "published": "2024-12-19",
    "inference_result": [
      {
        "label": "negative",
        "score": 0.8075277805328369
      }
    ]
  },
  {
    "source": "WSJ",
    "title": "The Biden LNG Export Gambit Fails",
    "published": "2024-12-19",
    "inference_result": [
      {
        "label": "neutral",
        "score": 0.7517078518867493
      }
    ]
  },
  {
    "source": "WSJ",
    "title": "Exclusive | A Late Record-Label Exec\u2019s L.A. Mansion Just Sold for a Big Discount",
    "published": "2024-12-19",
    "inference_result": [
      {
        "label": "neutral",
        "score": 0.9462433457374573
      }
    ]
  },
  {
    "source": "WSJ",
    "title": "The Hidden Threat to National Security Is Not Enough Workers",
    "published": "2024-12-19",
    "inference_result": [
      {
        "label": "neutral",
        "score": 0.8732444643974304
      }
    ]
  },
  {
    "source": "WSJ",
    "title": "Biden\u2019s Unsavory Judicial Legacy",
    "published": "2024-12-19",
    "inference_result": [
      {
        "label": "negative",
        "score": 0.8075277805328369
      }
    ]
  }
]