[
  {
    "source": "WSJ",
    "title": "U.S. Importers Are Rushing Goods in Early Ahead of Shipping Disruptions",
    "published": "2024-07-23",
    "inference_result": [
      {
        "label": "positive",
        "score": 0.7284476161003113
      }
    ]
  },
  {
    "source": "WSJ",
    "title": "U.S. Importers Are Rushing Goods in Early Ahead of Shipping Disruptions",
    "published": "2024-07-23",
    "inference_result": [
      {
        "label": "positive",
        "score": 0.7284476161003113
      }
    ]
  },
  {
    "source": "WSJ",
    "title": "Tesla\u2019s Profit Falls for Second Straight Quarter",
    "published": "2024-07-23",
    "inference_result": [
      {
        "label": "positive",
        "score": 0.6303088665008545
      }
    ]
  },
  {
    "source": "WSJ",
    "title": "U.S. Importers Are Rushing Goods in Early Ahead of Shipping Disruptions",
    "published": "2024-07-23",
    "inference_result": [
      {
        "label": "positive",
        "score": 0.7284476161003113
      }
    ]
  },
  {
    "source": "WSJ",
    "title": "How Kamala Harris Manages Her Money: Index Funds and a 2.625% Mortgage",
    "published": "2024-07-23",
    "inference_result": [
      {
        "label": "neutral",
        "score": 0.942259669303894
      }
    ]
  },
  {
    "source": "WSJ",
    "title": "America Is Both an Idea and a Home",
    "published": "2024-07-23",
    "inference_result": [
      {
        "label": "neutral",
        "score": 0.8821460008621216
      }
    ]
  },
  {
    "source": "WSJ",
    "title": "The Secret Service Is Seeking PR Help",
    "published": "2024-07-23",
    "inference_result": [
      {
        "label": "neutral",
        "score": 0.7591460347175598
      }
    ]
  },
  {
    "source": "WSJ",
    "title": "Delta Air Lines Meltdown Probed by Transportation Department",
    "published": "2024-07-23",
    "inference_result": [
      {
        "label": "negative",
        "score": 0.9084949493408203
      }
    ]
  }
]