[
  {
    "source": "WSJ",
    "title": "Volvo Car Deputy CEO to Step Down as Part of Leadership Reshuffle",
    "published": "2024-10-09",
    "inference_result": [
      {
        "label": "negative",
        "score": 0.8611389994621277
      }
    ]
  },
  {
    "source": "WSJ",
    "title": "Volvo Car Deputy CEO to Step Down as Part of Leadership Reshuffle",
    "published": "2024-10-09",
    "inference_result": [
      {
        "label": "negative",
        "score": 0.8611389994621277
      }
    ]
  },
  {
    "source": "WSJ",
    "title": "Save the Qualified Business Tax Deduction",
    "published": "2024-10-09",
    "inference_result": [
      {
        "label": "neutral",
        "score": 0.7414809465408325
      }
    ]
  },
  {
    "source": "WSJ",
    "title": "What Trump Gets Wrong About McKinley",
    "published": "2024-10-09",
    "inference_result": [
      {
        "label": "neutral",
        "score": 0.9076850414276123
      }
    ]
  },
  {
    "source": "WSJ",
    "title": "The Turf War Between Tennis and Pickleball Is Escalating",
    "published": "2024-10-09",
    "inference_result": [
      {
        "label": "neutral",
        "score": 0.840958833694458
      }
    ]
  },
  {
    "source": "WSJ",
    "title": "Kamala Harris Struggling to Break Through With Working Class, Democrats Fear",
    "published": "2024-10-09",
    "inference_result": [
      {
        "label": "neutral",
        "score": 0.6252805590629578
      }
    ]
  },
  {
    "source": "WSJ",
    "title": "Internet Hype in the \u201990s Stoked a Power-Generation Bubble. Could It Happen Again With AI?",
    "published": "2024-10-09",
    "inference_result": [
      {
        "label": "neutral",
        "score": 0.8242522478103638
      }
    ]
  },
  {
    "source": "WSJ",
    "title": "How Oct. 7 Upended America\u2019s Global Military Strategy",
    "published": "2024-10-09",
    "inference_result": [
      {
        "label": "negative",
        "score": 0.9598314166069031
      }
    ]
  },
  {
    "source": "WSJ",
    "title": "London-Listed Companies Given More Freedom to Boost Top Executives Wages",
    "published": "2024-10-09",
    "inference_result": [
      {
        "label": "positive",
        "score": 0.8864678740501404
      }
    ]
  },
  {
    "source": "WSJ",
    "title": "Towns Find Strength in Unity After Helene",
    "published": "2024-10-09",
    "inference_result": [
      {
        "label": "positive",
        "score": 0.8752338290214539
      }
    ]
  },
  {
    "source": "WSJ",
    "title": "London-Listed Companies Given More Freedom to Boost Top Executives Wages",
    "published": "2024-10-09",
    "inference_result": [
      {
        "label": "positive",
        "score": 0.8864678740501404
      }
    ]
  },
  {
    "source": "WSJ",
    "title": "TreasuryDirect to Bond Buyers: Your Customer Service Request Could Take a Year - WSJ",
    "published": "2024-10-09",
    "inference_result": [
      {
        "label": "negative",
        "score": 0.9674875736236572
      }
    ]
  },
  {
    "source": "WSJ",
    "title": "Harris and Trump Lose Momentum",
    "published": "2024-10-09",
    "inference_result": [
      {
        "label": "neutral",
        "score": 0.44395750761032104
      }
    ]
  }
]