[
  {
    "source": "WSJ",
    "title": "Republicans\u2019 First Tax-Cut Challenge: How Much Red Ink Can They Live With?",
    "published": "2024-11-11",
    "inference_result": [
      {
        "label": "positive",
        "score": 0.8472779989242554
      }
    ]
  },
  {
    "source": "WSJ",
    "title": "Companies Have a Playbook for Tariffs Under Trump. It Includes Price Increases.",
    "published": "2024-11-11",
    "inference_result": [
      {
        "label": "neutral",
        "score": 0.7413583993911743
      }
    ]
  },
  {
    "source": "WSJ",
    "title": "From AI to Hardware Costs: Enterprise Tech Leaders Prepare for Trump 2.0",
    "published": "2024-11-11",
    "inference_result": [
      {
        "label": "negative",
        "score": 0.9637472033500671
      }
    ]
  },
  {
    "source": "WSJ",
    "title": "Exclusive | Exxon Says Trump Should Keep U.S. in Paris Climate Pact",
    "published": "2024-11-11",
    "inference_result": [
      {
        "label": "negative",
        "score": 0.9554499387741089
      }
    ]
  },
  {
    "source": "WSJ",
    "title": "Private Equity Gears Up for Deals to Take Off",
    "published": "2024-11-11",
    "inference_result": [
      {
        "label": "positive",
        "score": 0.9465581178665161
      }
    ]
  },
  {
    "source": "WSJ",
    "title": "Trump Victory Leaves China Calling the Shots at COP29 Climate Negotiations",
    "published": "2024-11-11",
    "inference_result": [
      {
        "label": "positive",
        "score": 0.7966893315315247
      }
    ]
  },
  {
    "source": "WSJ",
    "title": "If Trump Tries to Fire Powell, Fed Chair Is Ready for a Legal Fight",
    "published": "2024-11-11",
    "inference_result": [
      {
        "label": "negative",
        "score": 0.7750096321105957
      }
    ]
  },
  {
    "source": "WSJ",
    "title": "Trump Victory Leaves U.S. Farmers With Questions",
    "published": "2024-11-11",
    "inference_result": [
      {
        "label": "neutral",
        "score": 0.6213162541389465
      }
    ]
  },
  {
    "source": "WSJ",
    "title": "The Trump Economic Awakening",
    "published": "2024-11-11",
    "inference_result": [
      {
        "label": "positive",
        "score": 0.9353669881820679
      }
    ]
  },
  {
    "source": "WSJ",
    "title": "President Trump Can Save Europe",
    "published": "2024-11-11",
    "inference_result": [
      {
        "label": "neutral",
        "score": 0.8551514148712158
      }
    ]
  },
  {
    "source": "WSJ",
    "title": "Companies Have a Playbook for Tariffs Under Trump. It Includes Price Increases.",
    "published": "2024-11-11",
    "inference_result": [
      {
        "label": "neutral",
        "score": 0.7413583993911743
      }
    ]
  },
  {
    "source": "WSJ",
    "title": "Ukraine Is Scavenging for Power-Plant Parts as Mass Blackouts Loom",
    "published": "2024-11-11",
    "inference_result": [
      {
        "label": "positive",
        "score": 0.46461158990859985
      }
    ]
  },
  {
    "source": "WSJ",
    "title": "Vodacom Group Earnings Hit by Higher Costs",
    "published": "2024-11-11",
    "inference_result": [
      {
        "label": "negative",
        "score": 0.9753606915473938
      }
    ]
  },
  {
    "source": "WSJ",
    "title": "Continental Posts Higher Profit as Cost Cuts Offset Sales Pressure",
    "published": "2024-11-11",
    "inference_result": [
      {
        "label": "positive",
        "score": 0.9121326804161072
      }
    ]
  },
  {
    "source": "WSJ",
    "title": "Resolute Mining CEO, Two Other Employees Detained by Officials in Mali",
    "published": "2024-11-11",
    "inference_result": [
      {
        "label": "neutral",
        "score": 0.8557001352310181
      }
    ]
  },
  {
    "source": "WSJ",
    "title": "The Democrats\u2019 Religion",
    "published": "2024-11-11",
    "inference_result": [
      {
        "label": "negative",
        "score": 0.4990695118904114
      }
    ]
  }
]