[
  {
    "source": "WSJ",
    "title": "Gold Prices Set to Climb at Modest Pace if Market Conditions Persist in 2025, WGC Says",
    "published": "2024-12-11",
    "inference_result": [
      {
        "label": "negative",
        "score": 0.9005817174911499
      }
    ]
  },
  {
    "source": "WSJ",
    "title": "OPEC Further Trims Oil-Demand Forecast After Output-Hike Delay",
    "published": "2024-12-11",
    "inference_result": [
      {
        "label": "negative",
        "score": 0.659889280796051
      }
    ]
  },
  {
    "source": "WSJ",
    "title": "A Wish List From CEOs for the Trump Administration",
    "published": "2024-12-11",
    "inference_result": [
      {
        "label": "neutral",
        "score": 0.9409924745559692
      }
    ]
  },
  {
    "source": "WSJ",
    "title": "Strengthening Inflation Poses Challenge for Trump, Fed",
    "published": "2024-12-11",
    "inference_result": [
      {
        "label": "positive",
        "score": 0.7861916422843933
      }
    ]
  },
  {
    "source": "WSJ",
    "title": "The Fate of Markets Rests on Trump\u2019s Dollar Policy",
    "published": "2024-12-11",
    "inference_result": [
      {
        "label": "neutral",
        "score": 0.9257596135139465
      }
    ]
  },
  {
    "source": "WSJ",
    "title": "Trump, Biden and Animal Spirits",
    "published": "2024-12-11",
    "inference_result": [
      {
        "label": "positive",
        "score": 0.7171498537063599
      }
    ]
  },
  {
    "source": "WSJ",
    "title": "China Comes Out Swinging as Trump Trade War Looms",
    "published": "2024-12-11",
    "inference_result": [
      {
        "label": "neutral",
        "score": 0.7435029745101929
      }
    ]
  },
  {
    "source": "WSJ",
    "title": "RBA Watching For Tariff War But Won\u2019t Prejudge Inflation Fallout",
    "published": "2024-12-11",
    "inference_result": [
      {
        "label": "negative",
        "score": 0.7212832570075989
      }
    ]
  },
  {
    "source": "WSJ",
    "title": "China Comes Out Swinging as Trump Trade War Looms",
    "published": "2024-12-11",
    "inference_result": [
      {
        "label": "neutral",
        "score": 0.7435029745101929
      }
    ]
  },
  {
    "source": "WSJ",
    "title": "China Moves to Trump-Proof Its Economy",
    "published": "2024-12-11",
    "inference_result": [
      {
        "label": "positive",
        "score": 0.9383294582366943
      }
    ]
  },
  {
    "source": "WSJ",
    "title": "Trump, Biden and Animal Spirits",
    "published": "2024-12-11",
    "inference_result": [
      {
        "label": "positive",
        "score": 0.7171498537063599
      }
    ]
  },
  {
    "source": "WSJ",
    "title": "The Fate of Markets Rests on Trump\u2019s Dollar Policy",
    "published": "2024-12-11",
    "inference_result": [
      {
        "label": "neutral",
        "score": 0.9257596135139465
      }
    ]
  },
  {
    "source": "WSJ",
    "title": "iOS 18.2 Review: The AI Apple Promised Us",
    "published": "2024-12-11",
    "inference_result": [
      {
        "label": "neutral",
        "score": 0.8176231980323792
      }
    ]
  },
  {
    "source": "WSJ",
    "title": "The Onion\u2019s Bid for Infowars Rejected in Bankruptcy Court",
    "published": "2024-12-11",
    "inference_result": [
      {
        "label": "negative",
        "score": 0.9198696613311768
      }
    ]
  }
]