[
  {
    "source": "WSJ",
    "title": "The Best Things in Life\u2014and Presidential Campaigns\u2014Are Free",
    "published": "2024-10-15",
    "inference_result": [
      {
        "label": "neutral",
        "score": 0.6969842314720154
      }
    ]
  },
  {
    "source": "WSJ",
    "title": "The Best Things in Life\u2014and Presidential Campaigns\u2014Are Free",
    "published": "2024-10-15",
    "inference_result": [
      {
        "label": "neutral",
        "score": 0.6969842314720154
      }
    ]
  },
  {
    "source": "WSJ",
    "title": "Election 2024: The Salesman vs. the HR Exec",
    "published": "2024-10-15",
    "inference_result": [
      {
        "label": "neutral",
        "score": 0.8358427286148071
      }
    ]
  },
  {
    "source": "WSJ",
    "title": "Exclusive | Stellantis Expands Mexico Factory to Build More Ram Pickups Outside the U.S.",
    "published": "2024-10-15",
    "inference_result": [
      {
        "label": "negative",
        "score": 0.9648400545120239
      }
    ]
  },
  {
    "source": "WSJ",
    "title": "Election 2024: The Salesman vs. the HR Exec",
    "published": "2024-10-15",
    "inference_result": [
      {
        "label": "neutral",
        "score": 0.8358427286148071
      }
    ]
  },
  {
    "source": "WSJ",
    "title": "High Stakes and Small Fries",
    "published": "2024-10-15",
    "inference_result": [
      {
        "label": "neutral",
        "score": 0.936500608921051
      }
    ]
  },
  {
    "source": "WSJ",
    "title": "The Best Things in Life\u2014and Presidential Campaigns\u2014Are Free",
    "published": "2024-10-15",
    "inference_result": [
      {
        "label": "neutral",
        "score": 0.6969842314720154
      }
    ]
  },
  {
    "source": "WSJ",
    "title": "Election 2024: The Salesman vs. the HR Exec",
    "published": "2024-10-15",
    "inference_result": [
      {
        "label": "neutral",
        "score": 0.8358427286148071
      }
    ]
  },
  {
    "source": "WSJ",
    "title": "IMF Warns Rise in Government Debt Could Be Sharper Than Anticipated",
    "published": "2024-10-15",
    "inference_result": [
      {
        "label": "positive",
        "score": 0.9028904438018799
      }
    ]
  },
  {
    "source": "WSJ",
    "title": "Biden Administration Issues Warning to Israel on Gaza Aid",
    "published": "2024-10-15",
    "inference_result": [
      {
        "label": "negative",
        "score": 0.9412598013877869
      }
    ]
  },
  {
    "source": "WSJ",
    "title": "Tim Walz Talks Moderate, Acts Radical on Climate",
    "published": "2024-10-15",
    "inference_result": [
      {
        "label": "neutral",
        "score": 0.9163845777511597
      }
    ]
  },
  {
    "source": "WSJ",
    "title": "Exhausted Gazans Defy Evacuation Orders as Israel Presses New Offensive",
    "published": "2024-10-15",
    "inference_result": [
      {
        "label": "negative",
        "score": 0.5506858825683594
      }
    ]
  },
  {
    "source": "WSJ",
    "title": "The Silly Rhetoric Cancels Out",
    "published": "2024-10-15",
    "inference_result": [
      {
        "label": "neutral",
        "score": 0.7087665796279907
      }
    ]
  },
  {
    "source": "WSJ",
    "title": "Exhausted Gazans Defy Evacuation Orders as Israel Presses New Offensive",
    "published": "2024-10-15",
    "inference_result": [
      {
        "label": "negative",
        "score": 0.5506858825683594
      }
    ]
  }
]