[
  {
    "source": "WSJ",
    "title": "Exclusive | Milei Says Trump Backs Argentina\u2019s Free-Market Makeover",
    "published": "2024-12-18",
    "inference_result": [
      {
        "label": "positive",
        "score": 0.7305470705032349
      }
    ]
  },
  {
    "source": "WSJ",
    "title": "Dow Industrials Fall 1,100 Points After Fed Interest-Rate Decision",
    "published": "2024-12-18",
    "inference_result": [
      {
        "label": "negative",
        "score": 0.9602094888687134
      }
    ]
  },
  {
    "source": "WSJ",
    "title": "2024 Has Been a Year of Extremes in the Stock Market. Can It Last?",
    "published": "2024-12-18",
    "inference_result": [
      {
        "label": "neutral",
        "score": 0.834307074546814
      }
    ]
  },
  {
    "source": "WSJ",
    "title": "2024 Has Been a Year of Extremes in the Stock Market. Can It Last?",
    "published": "2024-12-18",
    "inference_result": [
      {
        "label": "neutral",
        "score": 0.834307074546814
      }
    ]
  },
  {
    "source": "WSJ",
    "title": "What Trump\u2019s Cabinet Picks Tell Us About His Agenda",
    "published": "2024-12-18",
    "inference_result": [
      {
        "label": "negative",
        "score": 0.6643282771110535
      }
    ]
  },
  {
    "source": "WSJ",
    "title": "Reducing Inflation Is Job One for Trump",
    "published": "2024-12-18",
    "inference_result": [
      {
        "label": "positive",
        "score": 0.5402827858924866
      }
    ]
  },
  {
    "source": "WSJ",
    "title": "How Trump Can Keep the Good Vibes Going",
    "published": "2024-12-18",
    "inference_result": [
      {
        "label": "neutral",
        "score": 0.5281784534454346
      }
    ]
  },
  {
    "source": "WSJ",
    "title": "God and Rainbow Man at the Goal Post",
    "published": "2024-12-18",
    "inference_result": [
      {
        "label": "neutral",
        "score": 0.8802736401557922
      }
    ]
  },
  {
    "source": "WSJ",
    "title": "Exclusive | Trump Pledged to Cut Taxes for Expats. This Republican Wants to Make It a Reality.",
    "published": "2024-12-18",
    "inference_result": [
      {
        "label": "neutral",
        "score": 0.8463866114616394
      }
    ]
  },
  {
    "source": "WSJ",
    "title": "\u2018Narrative Wisdom and African Arts\u2019 Review: Storytelling\u2019s Power and Purpose",
    "published": "2024-12-18",
    "inference_result": [
      {
        "label": "neutral",
        "score": 0.8809426426887512
      }
    ]
  },
  {
    "source": "WSJ",
    "title": "Stranded NASA Astronauts Will Be Stuck in Space a Little Longer",
    "published": "2024-12-18",
    "inference_result": [
      {
        "label": "negative",
        "score": 0.8880802392959595
      }
    ]
  },
  {
    "source": "WSJ",
    "title": "The NFL\u2019s Weirdest Quarterback Experiment Just Spectacularly Imploded",
    "published": "2024-12-18",
    "inference_result": [
      {
        "label": "negative",
        "score": 0.9236111640930176
      }
    ]
  }
]