[
  {
    "source": "WSJ",
    "title": "These Funds Are Like Candy for Boomers. The Taxes Aren\u2019t.",
    "published": "2024-07-26",
    "inference_result": [
      {
        "label": "negative",
        "score": 0.5687377452850342
      }
    ]
  },
  {
    "source": "WSJ",
    "title": "BASF Backs Guidance After Cost-Cutting Offsets Revenue Hit From Lower Prices",
    "published": "2024-07-26",
    "inference_result": [
      {
        "label": "positive",
        "score": 0.7951867580413818
      }
    ]
  },
  {
    "source": "WSJ",
    "title": "J.D. Vance\u2019s Basket of Deplorables",
    "published": "2024-07-26",
    "inference_result": [
      {
        "label": "negative",
        "score": 0.8465564846992493
      }
    ]
  },
  {
    "source": "WSJ",
    "title": "2024 Honda Prologue: An EV With Normcore Appeal",
    "published": "2024-07-26",
    "inference_result": [
      {
        "label": "neutral",
        "score": 0.735975980758667
      }
    ]
  },
  {
    "source": "WSJ",
    "title": "The Dallas Cowboys Cheerleaders Gave Me Beauty Tips. Did They Work in Real Life?",
    "published": "2024-07-26",
    "inference_result": [
      {
        "label": "neutral",
        "score": 0.8321710824966431
      }
    ]
  },
  {
    "source": "WSJ",
    "title": "CrowdStrike\u2019s CEO Has Known Failure\u2014but Never Like This",
    "published": "2024-07-26",
    "inference_result": [
      {
        "label": "neutral",
        "score": 0.7882100939750671
      }
    ]
  }
]