[
  {
    "source": "WSJ",
    "title": "GOP Takes Control, Headed for a Fiscal Cliff",
    "published": "2024-12-17",
    "inference_result": [
      {
        "label": "neutral",
        "score": 0.9071101546287537
      }
    ]
  },
  {
    "source": "WSJ",
    "title": "Canada Reveals Border-Security Plan to Avert Trump\u2019s Tariff Pledge",
    "published": "2024-12-17",
    "inference_result": [
      {
        "label": "neutral",
        "score": 0.5735102891921997
      }
    ]
  },
  {
    "source": "WSJ",
    "title": "Canada Reveals Border-Security Plan to Avert Trump\u2019s Tariff Pledge",
    "published": "2024-12-17",
    "inference_result": [
      {
        "label": "neutral",
        "score": 0.5735102891921997
      }
    ]
  },
  {
    "source": "WSJ",
    "title": "What\u2019s Behind Masayoshi Son\u2019s $100 Billion Pledge to Donald Trump",
    "published": "2024-12-17",
    "inference_result": [
      {
        "label": "neutral",
        "score": 0.9000216126441956
      }
    ]
  },
  {
    "source": "WSJ",
    "title": "Higher Education Is in Trouble",
    "published": "2024-12-17",
    "inference_result": [
      {
        "label": "neutral",
        "score": 0.8030117750167847
      }
    ]
  },
  {
    "source": "WSJ",
    "title": "If Fox Were NPR for a Day",
    "published": "2024-12-17",
    "inference_result": [
      {
        "label": "negative",
        "score": 0.6643049120903015
      }
    ]
  },
  {
    "source": "WSJ",
    "title": "GOP Takes Control, Headed for a Fiscal Cliff",
    "published": "2024-12-17",
    "inference_result": [
      {
        "label": "neutral",
        "score": 0.9071101546287537
      }
    ]
  },
  {
    "source": "WSJ",
    "title": "Higher Education Is in Trouble",
    "published": "2024-12-17",
    "inference_result": [
      {
        "label": "neutral",
        "score": 0.8030117750167847
      }
    ]
  },
  {
    "source": "WSJ",
    "title": "CPAs Deliberate on the Decline of Accounting",
    "published": "2024-12-17",
    "inference_result": [
      {
        "label": "neutral",
        "score": 0.8214777708053589
      }
    ]
  },
  {
    "source": "WSJ",
    "title": "Hotels, Concert Venues Must Now Show All Hidden \u2018Junk Fees\u2019 Right Away",
    "published": "2024-12-17",
    "inference_result": [
      {
        "label": "neutral",
        "score": 0.9356143474578857
      }
    ]
  },
  {
    "source": "WSJ",
    "title": "Canada Reveals Border-Security Plan to Avert Trump\u2019s Tariff Pledge",
    "published": "2024-12-17",
    "inference_result": [
      {
        "label": "neutral",
        "score": 0.5735102891921997
      }
    ]
  },
  {
    "source": "WSJ",
    "title": "\u2018The Roads to Rome\u2019 Review: Paths of Power",
    "published": "2024-12-17",
    "inference_result": [
      {
        "label": "neutral",
        "score": 0.890775203704834
      }
    ]
  },
  {
    "source": "WSJ",
    "title": "His 1982 Land Cruiser Rumbled Into His Life After Years of Yearning",
    "published": "2024-12-17",
    "inference_result": [
      {
        "label": "neutral",
        "score": 0.7816994190216064
      }
    ]
  },
  {
    "source": "WSJ",
    "title": "Will the Fed Keep Cutting in 2025?",
    "published": "2024-12-17",
    "inference_result": [
      {
        "label": "positive",
        "score": 0.5706179738044739
      }
    ]
  }
]