[
  {
    "source": "WSJ",
    "title": "JD Vance\u2019s Working-Class Pander",
    "published": "2024-09-24",
    "inference_result": [
      {
        "label": "neutral",
        "score": 0.8542604446411133
      }
    ]
  },
  {
    "source": "WSJ",
    "title": "A Deere in Trump\u2019s Political Headlights",
    "published": "2024-09-24",
    "inference_result": [
      {
        "label": "neutral",
        "score": 0.8401709794998169
      }
    ]
  },
  {
    "source": "WSJ",
    "title": "Boar\u2019s Head Shutdown Deals a Hard Blow to a Battered Corner of Virginia",
    "published": "2024-09-24",
    "inference_result": [
      {
        "label": "negative",
        "score": 0.9714125990867615
      }
    ]
  },
  {
    "source": "WSJ",
    "title": "JD Vance\u2019s Working-Class Pander",
    "published": "2024-09-24",
    "inference_result": [
      {
        "label": "neutral",
        "score": 0.8542604446411133
      }
    ]
  },
  {
    "source": "WSJ",
    "title": "Saving Is for Suckers Under Harris\u2019s Plan",
    "published": "2024-09-24",
    "inference_result": [
      {
        "label": "negative",
        "score": 0.7979584336280823
      }
    ]
  },
  {
    "source": "WSJ",
    "title": "The Case for Trump\u2019s Tariffs Doesn\u2019t Persuade",
    "published": "2024-09-24",
    "inference_result": [
      {
        "label": "neutral",
        "score": 0.5991078019142151
      }
    ]
  },
  {
    "source": "WSJ",
    "title": "U.S. and Allies Call for Three-Week Pause to Head Off Israel-Hezbollah Ground War",
    "published": "2024-09-24",
    "inference_result": [
      {
        "label": "neutral",
        "score": 0.5251040458679199
      }
    ]
  },
  {
    "source": "WSJ",
    "title": "Exclusive | A Private-Equity Executive Pushes for Workers\u2019 Stake in U.S. Companies",
    "published": "2024-09-24",
    "inference_result": [
      {
        "label": "neutral",
        "score": 0.8027771711349487
      }
    ]
  },
  {
    "source": "WSJ",
    "title": "Saving Is for Suckers Under Harris\u2019s Plan",
    "published": "2024-09-24",
    "inference_result": [
      {
        "label": "negative",
        "score": 0.7979584336280823
      }
    ]
  },
  {
    "source": "WSJ",
    "title": "JD Vance\u2019s Working-Class Pander",
    "published": "2024-09-24",
    "inference_result": [
      {
        "label": "neutral",
        "score": 0.8542604446411133
      }
    ]
  },
  {
    "source": "WSJ",
    "title": "\u2018Kingmaker\u2019 Review: Pamela Harriman\u2019s Ambition and Allure",
    "published": "2024-09-24",
    "inference_result": [
      {
        "label": "neutral",
        "score": 0.8361812829971313
      }
    ]
  },
  {
    "source": "WSJ",
    "title": "Boar\u2019s Head Shutdown Deals a Hard Blow to a Battered Corner of Virginia",
    "published": "2024-09-24",
    "inference_result": [
      {
        "label": "negative",
        "score": 0.9714125990867615
      }
    ]
  },
  {
    "source": "WSJ",
    "title": "They Bought Homes With Their Friends\u2014and Now They Want Out",
    "published": "2024-09-24",
    "inference_result": [
      {
        "label": "negative",
        "score": 0.7546162605285645
      }
    ]
  },
  {
    "source": "WSJ",
    "title": "Zelensky Appeals for More Pressure on Russia in U.N. Speech",
    "published": "2024-09-24",
    "inference_result": [
      {
        "label": "positive",
        "score": 0.7810070514678955
      }
    ]
  },
  {
    "source": "WSJ",
    "title": "Biden Tilts at Hezbollah Windmills",
    "published": "2024-09-24",
    "inference_result": [
      {
        "label": "neutral",
        "score": 0.7809305787086487
      }
    ]
  }
]