[
  {
    "source": "WSJ",
    "title": "An Alliance to Counter China\u2019s Aggression",
    "published": "2024-10-08",
    "inference_result": [
      {
        "label": "positive",
        "score": 0.5419085621833801
      }
    ]
  },
  {
    "source": "WSJ",
    "title": "Federal Deficit Hit $1.8 Trillion for 2024, CBO Says",
    "published": "2024-10-08",
    "inference_result": [
      {
        "label": "negative",
        "score": 0.9598811864852905
      }
    ]
  },
  {
    "source": "WSJ",
    "title": "Exclusive | Mexico Wants to Curb Chinese Imports With Help From U.S. Companies",
    "published": "2024-10-08",
    "inference_result": [
      {
        "label": "positive",
        "score": 0.944851815700531
      }
    ]
  },
  {
    "source": "WSJ",
    "title": "What\u2019s Going On With the Unemployment Rate?",
    "published": "2024-10-08",
    "inference_result": [
      {
        "label": "neutral",
        "score": 0.751056969165802
      }
    ]
  },
  {
    "source": "WSJ",
    "title": "China Slaps Provisional Tariffs on EU Brandy Imports, Hurting Drinks Stocks",
    "published": "2024-10-08",
    "inference_result": [
      {
        "label": "negative",
        "score": 0.9704749584197998
      }
    ]
  },
  {
    "source": "WSJ",
    "title": "New Book Reveals Trump\u2019s Putin Calls and Russian Nuclear Threats",
    "published": "2024-10-08",
    "inference_result": [
      {
        "label": "neutral",
        "score": 0.6653516888618469
      }
    ]
  },
  {
    "source": "WSJ",
    "title": "Harris\u2019s Fiscal \u2018Sandwich\u2019 Plan",
    "published": "2024-10-08",
    "inference_result": [
      {
        "label": "neutral",
        "score": 0.6105268001556396
      }
    ]
  },
  {
    "source": "WSJ",
    "title": "A Less Glamorous Group of Stocks Steps Into the Spotlight",
    "published": "2024-10-08",
    "inference_result": [
      {
        "label": "positive",
        "score": 0.9220550656318665
      }
    ]
  }
]