[
  {
    "source": "WSJ",
    "title": "Energy & Utilities Roundup: Market Talk",
    "published": "2024-11-26",
    "inference_result": [
      {
        "label": "neutral",
        "score": 0.9504127502441406
      }
    ]
  },
  {
    "source": "WSJ",
    "title": "Eurozone Assets Could Lag U.S. Peers as Economic Growth Diverges",
    "published": "2024-11-26",
    "inference_result": [
      {
        "label": "negative",
        "score": 0.9738181829452515
      }
    ]
  },
  {
    "source": "WSJ",
    "title": "Why Mexico Will Find It Tough to Heed Trump\u2019s Calls to Tame the Cartels",
    "published": "2024-11-26",
    "inference_result": [
      {
        "label": "negative",
        "score": 0.9617648124694824
      }
    ]
  },
  {
    "source": "WSJ",
    "title": "Trump Rounds Out His Economic Team",
    "published": "2024-11-26",
    "inference_result": [
      {
        "label": "neutral",
        "score": 0.9416757822036743
      }
    ]
  },
  {
    "source": "WSJ",
    "title": "What Trump\u2019s New Tariff Threats Mean for the U.S. Economy",
    "published": "2024-11-26",
    "inference_result": [
      {
        "label": "positive",
        "score": 0.8109999299049377
      }
    ]
  },
  {
    "source": "WSJ",
    "title": "Burlington Stores Revenue Surges, Outlook Signals Offerings Resonating Ahead of Holidays",
    "published": "2024-11-26",
    "inference_result": [
      {
        "label": "positive",
        "score": 0.9514633417129517
      }
    ]
  },
  {
    "source": "WSJ",
    "title": "What Is the USMCA?",
    "published": "2024-11-26",
    "inference_result": [
      {
        "label": "negative",
        "score": 0.9254835844039917
      }
    ]
  },
  {
    "source": "WSJ",
    "title": "Trump Returns to \u2018Maximum Pressure\u2019 as Era of Biden Alliances Ends",
    "published": "2024-11-26",
    "inference_result": [
      {
        "label": "neutral",
        "score": 0.9385290145874023
      }
    ]
  },
  {
    "source": "WSJ",
    "title": "Best Buy CEO Says Trump Tariffs Would Raise Electronics Prices",
    "published": "2024-11-26",
    "inference_result": [
      {
        "label": "negative",
        "score": 0.9700706005096436
      }
    ]
  },
  {
    "source": "WSJ",
    "title": "Trump Returns to \u2018Maximum Pressure\u2019 as Era of Biden Alliances Ends",
    "published": "2024-11-26",
    "inference_result": [
      {
        "label": "neutral",
        "score": 0.9385290145874023
      }
    ]
  },
  {
    "source": "WSJ",
    "title": "Trump Fires Salvo on North American Trade Pact",
    "published": "2024-11-26",
    "inference_result": [
      {
        "label": "positive",
        "score": 0.6815058588981628
      }
    ]
  },
  {
    "source": "WSJ",
    "title": "The U.S. Is Losing the Ability to Deter War With China",
    "published": "2024-11-26",
    "inference_result": [
      {
        "label": "neutral",
        "score": 0.7883409261703491
      }
    ]
  },
  {
    "source": "WSJ",
    "title": "What Trump\u2019s New Tariff Threats Mean for the U.S. Economy",
    "published": "2024-11-26",
    "inference_result": [
      {
        "label": "positive",
        "score": 0.8109999299049377
      }
    ]
  },
  {
    "source": "WSJ",
    "title": "European Carmakers Shares Fall as Trump Roils Market With Tariff Pledges",
    "published": "2024-11-26",
    "inference_result": [
      {
        "label": "negative",
        "score": 0.9675136208534241
      }
    ]
  },
  {
    "source": "WSJ",
    "title": "Democrats Need FBI Reform Too",
    "published": "2024-11-26",
    "inference_result": [
      {
        "label": "neutral",
        "score": 0.4850260019302368
      }
    ]
  },
  {
    "source": "WSJ",
    "title": "What Is the USMCA?",
    "published": "2024-11-26",
    "inference_result": [
      {
        "label": "negative",
        "score": 0.9254835844039917
      }
    ]
  },
  {
    "source": "WSJ",
    "title": "Trump Returns to \u2018Maximum Pressure\u2019 as Era of Biden Alliances Ends",
    "published": "2024-11-26",
    "inference_result": [
      {
        "label": "neutral",
        "score": 0.9385290145874023
      }
    ]
  },
  {
    "source": "WSJ",
    "title": "Got Debt? Try Some Fiscal Federalism",
    "published": "2024-11-26",
    "inference_result": [
      {
        "label": "neutral",
        "score": 0.8643824458122253
      }
    ]
  },
  {
    "source": "WSJ",
    "title": "Google Proposes Further Changes to Search Results in Europe",
    "published": "2024-11-26",
    "inference_result": [
      {
        "label": "neutral",
        "score": 0.8134042024612427
      }
    ]
  }
]