[
  {
    "source": "WSJ",
    "title": "Australia Wins Its China Trade War",
    "published": "2024-10-11",
    "inference_result": [
      {
        "label": "negative",
        "score": 0.7803629040718079
      }
    ]
  },
  {
    "source": "WSJ",
    "title": "Australia Wins Its China Trade War",
    "published": "2024-10-11",
    "inference_result": [
      {
        "label": "negative",
        "score": 0.7803629040718079
      }
    ]
  },
  {
    "source": "WSJ",
    "title": "Campus Protesters Hijack Academic Freedom",
    "published": "2024-10-11",
    "inference_result": [
      {
        "label": "neutral",
        "score": 0.908902645111084
      }
    ]
  },
  {
    "source": "WSJ",
    "title": "My Husband Wants a Japanese Toilet. Is He On to Something?",
    "published": "2024-10-11",
    "inference_result": [
      {
        "label": "neutral",
        "score": 0.7715654969215393
      }
    ]
  },
  {
    "source": "WSJ",
    "title": "You Think Minivans Are Uncool? Think Again.",
    "published": "2024-10-11",
    "inference_result": [
      {
        "label": "positive",
        "score": 0.800869345664978
      }
    ]
  },
  {
    "source": "WSJ",
    "title": "Cider-Vinegar Pork Chops Are the Easy Fall Dinner You Need Now",
    "published": "2024-10-11",
    "inference_result": [
      {
        "label": "neutral",
        "score": 0.8704518675804138
      }
    ]
  }
]