[
  {
    "source": "WSJ",
    "title": "Biden Takes Aim at China\u2019s Temu and Shein With Trade Crackdown",
    "published": "2024-09-13",
    "inference_result": [
      {
        "label": "negative",
        "score": 0.8231960535049438
      }
    ]
  },
  {
    "source": "WSJ",
    "title": "What Scared Ford\u2019s CEO in China",
    "published": "2024-09-13",
    "inference_result": [
      {
        "label": "positive",
        "score": 0.6520005464553833
      }
    ]
  },
  {
    "source": "WSJ",
    "title": "Luxury Brands\u2019 New Snag? Handbag Arbitrage",
    "published": "2024-09-13",
    "inference_result": [
      {
        "label": "negative",
        "score": 0.5549328923225403
      }
    ]
  },
  {
    "source": "WSJ",
    "title": "Ignore the Defeatists. America\u2019s Strategy Is Working in Ukraine.",
    "published": "2024-09-13",
    "inference_result": [
      {
        "label": "positive",
        "score": 0.7721304297447205
      }
    ]
  },
  {
    "source": "WSJ",
    "title": "Henry Ford: Cited by Hitler, Hero to the Allies",
    "published": "2024-09-13",
    "inference_result": [
      {
        "label": "positive",
        "score": 0.7105706930160522
      }
    ]
  },
  {
    "source": "WSJ",
    "title": "Harris Is Still Struggling to Blunt Trump\u2019s Edge on the Economy",
    "published": "2024-09-13",
    "inference_result": [
      {
        "label": "neutral",
        "score": 0.6763707399368286
      }
    ]
  },
  {
    "source": "WSJ",
    "title": "Older Voters Are Crucial for 2024\u2014and They\u2019re Up for Grabs",
    "published": "2024-09-13",
    "inference_result": [
      {
        "label": "neutral",
        "score": 0.9360913038253784
      }
    ]
  },
  {
    "source": "WSJ",
    "title": "\u2018Land Between the Rivers\u2019 Review: Iraq\u2019s Contested Ground",
    "published": "2024-09-13",
    "inference_result": [
      {
        "label": "neutral",
        "score": 0.8931815028190613
      }
    ]
  },
  {
    "source": "WSJ",
    "title": "U.K. Prime Minister and Biden Discuss Allowing Ukraine\u2019s Use of Long-Range Missiles Inside Russia",
    "published": "2024-09-13",
    "inference_result": [
      {
        "label": "negative",
        "score": 0.8501624464988708
      }
    ]
  },
  {
    "source": "WSJ",
    "title": "The College Football Rivalry Game That Has Become a Fight for Survival",
    "published": "2024-09-13",
    "inference_result": [
      {
        "label": "neutral",
        "score": 0.8668962121009827
      }
    ]
  },
  {
    "source": "WSJ",
    "title": "Biden Takes Aim at China\u2019s Temu and Shein With Trade Crackdown",
    "published": "2024-09-13",
    "inference_result": [
      {
        "label": "negative",
        "score": 0.8231960535049438
      }
    ]
  },
  {
    "source": "WSJ",
    "title": "Biden Takes Aim at China\u2019s Temu and Shein With Trade Crackdown",
    "published": "2024-09-13",
    "inference_result": [
      {
        "label": "negative",
        "score": 0.8231960535049438
      }
    ]
  },
  {
    "source": "WSJ",
    "title": "Biden Takes Aim at China\u2019s Temu and Shein With Trade Crackdown",
    "published": "2024-09-13",
    "inference_result": [
      {
        "label": "negative",
        "score": 0.8231960535049438
      }
    ]
  },
  {
    "source": "WSJ",
    "title": "Americans Clicked Ads to Get Free Cash. Their Health Insurance Changed Instead.",
    "published": "2024-09-13",
    "inference_result": [
      {
        "label": "neutral",
        "score": 0.9196049571037292
      }
    ]
  }
]