[
  {
    "source": "WSJ",
    "title": "For a Vice President, It\u2019s Hard to Succeed",
    "published": "2024-07-24",
    "inference_result": [
      {
        "label": "neutral",
        "score": 0.880898118019104
      }
    ]
  },
  {
    "source": "WSJ",
    "title": "If Republicans Don\u2019t Win, Get Ready for a Tax Hike",
    "published": "2024-07-24",
    "inference_result": [
      {
        "label": "neutral",
        "score": 0.8801755309104919
      }
    ]
  },
  {
    "source": "WSJ",
    "title": "The Paris Olympics Could Also Be the Protest Olympics",
    "published": "2024-07-24",
    "inference_result": [
      {
        "label": "neutral",
        "score": 0.642325222492218
      }
    ]
  },
  {
    "source": "WSJ",
    "title": "What Would a Harris Presidency Mean for the Economy?",
    "published": "2024-07-24",
    "inference_result": [
      {
        "label": "neutral",
        "score": 0.8771199584007263
      }
    ]
  },
  {
    "source": "WSJ",
    "title": "\u2018The Horse\u2019 Review: Beast of Burden, Partner in Battle",
    "published": "2024-07-24",
    "inference_result": [
      {
        "label": "neutral",
        "score": 0.8963093161582947
      }
    ]
  },
  {
    "source": "WSJ",
    "title": "Inside the Slow-Building Biden-Harris Relationship",
    "published": "2024-07-24",
    "inference_result": [
      {
        "label": "neutral",
        "score": 0.8585196137428284
      }
    ]
  },
  {
    "source": "WSJ",
    "title": "Oil Billionaires Bet on Trump\u2019s Energy Agenda",
    "published": "2024-07-24",
    "inference_result": [
      {
        "label": "positive",
        "score": 0.8594212532043457
      }
    ]
  }
]