[
  {
    "source": "WSJ",
    "title": "Cost of Buyer Incentives Looms Over Home Builders",
    "published": "2024-12-25",
    "inference_result": [
      {
        "label": "negative",
        "score": 0.9432163834571838
      }
    ]
  },
  {
    "source": "WSJ",
    "title": "Cost of Buyer Incentives Looms Over Home Builders",
    "published": "2024-12-25",
    "inference_result": [
      {
        "label": "negative",
        "score": 0.9432163834571838
      }
    ]
  },
  {
    "source": "WSJ",
    "title": "Exclusive | The Big Companies Funding Trump\u2019s Inauguration Despite Denouncing Jan. 6",
    "published": "2024-12-25",
    "inference_result": [
      {
        "label": "neutral",
        "score": 0.7395222783088684
      }
    ]
  },
  {
    "source": "WSJ",
    "title": "Exclusive | The Big Companies Funding Trump\u2019s Inauguration Despite Denouncing Jan. 6",
    "published": "2024-12-25",
    "inference_result": [
      {
        "label": "neutral",
        "score": 0.7395222783088684
      }
    ]
  },
  {
    "source": "WSJ",
    "title": "Inside the Plan to Halt U.S.-Bound Migrants at the Treacherous Dari\u00e9n Gap",
    "published": "2024-12-25",
    "inference_result": [
      {
        "label": "neutral",
        "score": 0.8699011206626892
      }
    ]
  },
  {
    "source": "WSJ",
    "title": "A True Budget Reconciliation Plan",
    "published": "2024-12-25",
    "inference_result": [
      {
        "label": "positive",
        "score": 0.8536465764045715
      }
    ]
  },
  {
    "source": "WSJ",
    "title": "Elite Colleges Have a Looming Money Problem",
    "published": "2024-12-25",
    "inference_result": [
      {
        "label": "negative",
        "score": 0.9150866270065308
      }
    ]
  },
  {
    "source": "WSJ",
    "title": "Exclusive | The Big Companies Funding Trump\u2019s Inauguration Despite Denouncing Jan. 6",
    "published": "2024-12-25",
    "inference_result": [
      {
        "label": "neutral",
        "score": 0.7395222783088684
      }
    ]
  },
  {
    "source": "WSJ",
    "title": "Washington\u2019s Naughty and Nice List",
    "published": "2024-12-25",
    "inference_result": [
      {
        "label": "neutral",
        "score": 0.7314100861549377
      }
    ]
  }
]