[
  {
    "source": "WSJ",
    "title": "No, Tariffs Don\u2019t Fuel Growth",
    "published": "2024-10-16",
    "inference_result": [
      {
        "label": "negative",
        "score": 0.6210355758666992
      }
    ]
  },
  {
    "source": "WSJ",
    "title": "Luxury\u2019s Last Growth Engine Has Stalled",
    "published": "2024-10-16",
    "inference_result": [
      {
        "label": "negative",
        "score": 0.9712130427360535
      }
    ]
  },
  {
    "source": "WSJ",
    "title": "Luxury\u2019s Last Growth Engine Has Stalled",
    "published": "2024-10-16",
    "inference_result": [
      {
        "label": "negative",
        "score": 0.9712130427360535
      }
    ]
  },
  {
    "source": "WSJ",
    "title": "Midwest, South Would Face Biggest Hit From Trump Tariffs, Report Says",
    "published": "2024-10-16",
    "inference_result": [
      {
        "label": "negative",
        "score": 0.8685808777809143
      }
    ]
  },
  {
    "source": "WSJ",
    "title": "The Policy Elephant in the 2024 Election",
    "published": "2024-10-16",
    "inference_result": [
      {
        "label": "neutral",
        "score": 0.6171116232872009
      }
    ]
  },
  {
    "source": "WSJ",
    "title": "After Sinwar\u2019s Death, Israel Has Stark Choice: Declare Victory or Keep Fighting",
    "published": "2024-10-16",
    "inference_result": [
      {
        "label": "negative",
        "score": 0.5733669400215149
      }
    ]
  },
  {
    "source": "WSJ",
    "title": "Gavin Newsom Raises Gas Prices Again",
    "published": "2024-10-16",
    "inference_result": [
      {
        "label": "negative",
        "score": 0.9644929766654968
      }
    ]
  },
  {
    "source": "WSJ",
    "title": "Hope Stirs in the Fight to Free the Milk and Sugar at Starbucks",
    "published": "2024-10-16",
    "inference_result": [
      {
        "label": "negative",
        "score": 0.783358097076416
      }
    ]
  }
]