[
  {
    "source": "WSJ",
    "title": "The America First Divide: Protectionism vs. Libertarianism",
    "published": "2024-09-20",
    "inference_result": [
      {
        "label": "negative",
        "score": 0.8842000365257263
      }
    ]
  },
  {
    "source": "WSJ",
    "title": "How Five Wall Street Investors Will Trade Falling Interest Rates",
    "published": "2024-09-20",
    "inference_result": [
      {
        "label": "neutral",
        "score": 0.7776306867599487
      }
    ]
  },
  {
    "source": "WSJ",
    "title": "The Montana Senate Race May Decide the Majority",
    "published": "2024-09-20",
    "inference_result": [
      {
        "label": "neutral",
        "score": 0.553679883480072
      }
    ]
  },
  {
    "source": "WSJ",
    "title": "Three Mile Island\u2019s Nuclear Plant to Reopen, Help Power Microsoft\u2019s AI Centers",
    "published": "2024-09-20",
    "inference_result": [
      {
        "label": "neutral",
        "score": 0.6285879015922546
      }
    ]
  },
  {
    "source": "WSJ",
    "title": "A Hard-Edged Battle Over Squishy Toys",
    "published": "2024-09-20",
    "inference_result": [
      {
        "label": "neutral",
        "score": 0.7317208051681519
      }
    ]
  },
  {
    "source": "WSJ",
    "title": "Michaela DePrince, Who Survived Sierra Leone\u2019s Civil War to Become a Star Ballerina, Dies at 29",
    "published": "2024-09-20",
    "inference_result": [
      {
        "label": "neutral",
        "score": 0.8810912370681763
      }
    ]
  },
  {
    "source": "WSJ",
    "title": "Israel Kills Top Hezbollah Commander in Beirut Strike",
    "published": "2024-09-20",
    "inference_result": [
      {
        "label": "negative",
        "score": 0.9505338668823242
      }
    ]
  },
  {
    "source": "WSJ",
    "title": "Are High-Fashion \u2018Sock-Shoes\u2019 Really Made for the Sidewalk?",
    "published": "2024-09-20",
    "inference_result": [
      {
        "label": "neutral",
        "score": 0.9203383326530457
      }
    ]
  },
  {
    "source": "WSJ",
    "title": "Wellness Resorts Are So Popular With Boomers, Some Are Moving In for Good",
    "published": "2024-09-20",
    "inference_result": [
      {
        "label": "neutral",
        "score": 0.8250400424003601
      }
    ]
  },
  {
    "source": "WSJ",
    "title": "How Adults Can Recapture September\u2019s Back-to-School Thrill",
    "published": "2024-09-20",
    "inference_result": [
      {
        "label": "neutral",
        "score": 0.8379672169685364
      }
    ]
  },
  {
    "source": "WSJ",
    "title": "This Is What a $120 Manicure Looks Like",
    "published": "2024-09-20",
    "inference_result": [
      {
        "label": "neutral",
        "score": 0.6466625928878784
      }
    ]
  },
  {
    "source": "WSJ",
    "title": "Why Boise Might Secretly Be the Coolest City in the Pacific Northwest",
    "published": "2024-09-20",
    "inference_result": [
      {
        "label": "positive",
        "score": 0.8965539336204529
      }
    ]
  },
  {
    "source": "WSJ",
    "title": "The Best Thing to Do With a Sabbatical Is Travel",
    "published": "2024-09-20",
    "inference_result": [
      {
        "label": "neutral",
        "score": 0.5324335694313049
      }
    ]
  },
  {
    "source": "WSJ",
    "title": "Want to Look Taller, Guys? Try the \u2018Rule of Thirds\u2019 Style Formula",
    "published": "2024-09-20",
    "inference_result": [
      {
        "label": "neutral",
        "score": 0.9218147993087769
      }
    ]
  },
  {
    "source": "WSJ",
    "title": "Motel 6 Sold to Oyo, Indian Hotel Giant That Is Ramping Up in U.S. - WSJ",
    "published": "2024-09-20",
    "inference_result": [
      {
        "label": "positive",
        "score": 0.5761705040931702
      }
    ]
  }
]