[
  {
    "source": "WSJ",
    "title": "A Bad Tax Policy Tips Over",
    "published": "2024-08-12",
    "inference_result": [
      {
        "label": "neutral",
        "score": 0.9060897827148438
      }
    ]
  },
  {
    "source": "WSJ",
    "title": "We All Pay the Price for Protectionism",
    "published": "2024-08-12",
    "inference_result": [
      {
        "label": "negative",
        "score": 0.8938599228858948
      }
    ]
  },
  {
    "source": "WSJ",
    "title": "A Bad Tax Policy Tips Over",
    "published": "2024-08-12",
    "inference_result": [
      {
        "label": "neutral",
        "score": 0.9060897827148438
      }
    ]
  },
  {
    "source": "WSJ",
    "title": "We All Pay the Price for Protectionism",
    "published": "2024-08-12",
    "inference_result": [
      {
        "label": "negative",
        "score": 0.8938599228858948
      }
    ]
  },
  {
    "source": "WSJ",
    "title": "OPEC Slightly Trims Oil Demand Forecast, Citing Softness in China",
    "published": "2024-08-12",
    "inference_result": [
      {
        "label": "positive",
        "score": 0.9449335336685181
      }
    ]
  },
  {
    "source": "WSJ",
    "title": "High Taxes, Big Spending, Low Unemployment: Tim Walz\u2019s Economic Record",
    "published": "2024-08-12",
    "inference_result": [
      {
        "label": "positive",
        "score": 0.42143237590789795
      }
    ]
  },
  {
    "source": "WSJ",
    "title": "Whistling Past a $1.9 Trillion Federal Deficit",
    "published": "2024-08-12",
    "inference_result": [
      {
        "label": "neutral",
        "score": 0.8185921907424927
      }
    ]
  },
  {
    "source": "WSJ",
    "title": "S&P 500 Holds Steady Ahead of Fresh Economic Data",
    "published": "2024-08-12",
    "inference_result": [
      {
        "label": "positive",
        "score": 0.9208677411079407
      }
    ]
  },
  {
    "source": "WSJ",
    "title": "Ukrainian Soldiers Describe Rapid Offensive Across Border as Russians Fled",
    "published": "2024-08-12",
    "inference_result": [
      {
        "label": "positive",
        "score": 0.6260718703269958
      }
    ]
  },
  {
    "source": "WSJ",
    "title": "The Boom in Travel Spending Has Slowed",
    "published": "2024-08-12",
    "inference_result": [
      {
        "label": "negative",
        "score": 0.8486300706863403
      }
    ]
  },
  {
    "source": "WSJ",
    "title": "War Maneuvers in the Middle East",
    "published": "2024-08-12",
    "inference_result": [
      {
        "label": "negative",
        "score": 0.5786147713661194
      }
    ]
  },
  {
    "source": "WSJ",
    "title": "Cyber Companies Report Mixed Results as Security Budgets Prove Challenging",
    "published": "2024-08-12",
    "inference_result": [
      {
        "label": "negative",
        "score": 0.8991347551345825
      }
    ]
  }
]