[
  {
    "source": "WSJ",
    "title": "Bob Casey Plays the Trump Card",
    "published": "2024-10-28",
    "inference_result": [
      {
        "label": "neutral",
        "score": 0.8273402452468872
      }
    ]
  },
  {
    "source": "WSJ",
    "title": "Will Free Trade Bring Peace and Prosperity?",
    "published": "2024-10-28",
    "inference_result": [
      {
        "label": "neutral",
        "score": 0.7845485210418701
      }
    ]
  },
  {
    "source": "WSJ",
    "title": "The Battle for Red Nebraska\u2019s \u2018Blue Dot\u2019",
    "published": "2024-10-28",
    "inference_result": [
      {
        "label": "neutral",
        "score": 0.5068212151527405
      }
    ]
  },
  {
    "source": "WSJ",
    "title": "The Battle for Red Nebraska\u2019s \u2018Blue Dot\u2019",
    "published": "2024-10-28",
    "inference_result": [
      {
        "label": "neutral",
        "score": 0.5068212151527405
      }
    ]
  },
  {
    "source": "WSJ",
    "title": "The Education Terminator Tries to Kill a School Choice Program in Nebraska",
    "published": "2024-10-28",
    "inference_result": [
      {
        "label": "negative",
        "score": 0.7163794636726379
      }
    ]
  },
  {
    "source": "WSJ",
    "title": "Nobelists for Harris Are Unburdened by Proof",
    "published": "2024-10-28",
    "inference_result": [
      {
        "label": "neutral",
        "score": 0.868728756904602
      }
    ]
  },
  {
    "source": "WSJ",
    "title": "The Middle East Drug Fueling War, Crime and All-Night Parties",
    "published": "2024-10-28",
    "inference_result": [
      {
        "label": "negative",
        "score": 0.7378274202346802
      }
    ]
  },
  {
    "source": "WSJ",
    "title": "Churches Look Skyward for Energy Savings",
    "published": "2024-10-28",
    "inference_result": [
      {
        "label": "neutral",
        "score": 0.4724206328392029
      }
    ]
  },
  {
    "source": "WSJ",
    "title": "Pentagon Runs Low on Air-Defense Missiles as Demand Surges",
    "published": "2024-10-28",
    "inference_result": [
      {
        "label": "negative",
        "score": 0.9467641711235046
      }
    ]
  },
  {
    "source": "WSJ",
    "title": "Ukraine Resorts to Shaking Down Nightlife Spots for Recruits as Troop Numbers Fall",
    "published": "2024-10-28",
    "inference_result": [
      {
        "label": "neutral",
        "score": 0.6215344667434692
      }
    ]
  },
  {
    "source": "WSJ",
    "title": "Apple iPhone 16 Sales Banned in Indonesia Over Investment Issue",
    "published": "2024-10-28",
    "inference_result": [
      {
        "label": "neutral",
        "score": 0.933282196521759
      }
    ]
  },
  {
    "source": "WSJ",
    "title": "Volvo and Daimler Truck Move Ahead With Vehicle Software Joint Venture",
    "published": "2024-10-28",
    "inference_result": [
      {
        "label": "neutral",
        "score": 0.7792232632637024
      }
    ]
  },
  {
    "source": "WSJ",
    "title": "Trump Fails George Washington\u2019s Civility Test",
    "published": "2024-10-28",
    "inference_result": [
      {
        "label": "neutral",
        "score": 0.6530155539512634
      }
    ]
  },
  {
    "source": "WSJ",
    "title": "Ford\u2019s Third-Quarter Profit Falls as EV Losses Persist",
    "published": "2024-10-28",
    "inference_result": [
      {
        "label": "negative",
        "score": 0.5193861126899719
      }
    ]
  }
]