[
  {
    "source": "WSJ",
    "title": "China\u2019s Economy Loses Momentum",
    "published": "2024-12-15",
    "inference_result": [
      {
        "label": "positive",
        "score": 0.7611885666847229
      }
    ]
  },
  {
    "source": "WSJ",
    "title": "U.S. Manufacturers Are Stocking Up on Imports Ahead of Tariffs",
    "published": "2024-12-15",
    "inference_result": [
      {
        "label": "positive",
        "score": 0.8426290154457092
      }
    ]
  },
  {
    "source": "WSJ",
    "title": "The Fed\u2019s Game Plan on Interest-Rate Cuts Keeps Shifting",
    "published": "2024-12-15",
    "inference_result": [
      {
        "label": "negative",
        "score": 0.7510367631912231
      }
    ]
  },
  {
    "source": "WSJ",
    "title": "A Computer Claims the U.S. Was Victorious in Vietnam",
    "published": "2024-12-15",
    "inference_result": [
      {
        "label": "neutral",
        "score": 0.5465754270553589
      }
    ]
  },
  {
    "source": "WSJ",
    "title": "Ruthless Politics of South Korea Is Rooted in Cold-War History",
    "published": "2024-12-15",
    "inference_result": [
      {
        "label": "neutral",
        "score": 0.6420214176177979
      }
    ]
  },
  {
    "source": "WSJ",
    "title": "CEOs Want Trump to Change Course on Tariffs. He Isn\u2019t Budging.",
    "published": "2024-12-15",
    "inference_result": [
      {
        "label": "negative",
        "score": 0.8574811816215515
      }
    ]
  },
  {
    "source": "WSJ",
    "title": "CEOs Want Trump to Change Course on Tariffs. He Isn\u2019t Budging.",
    "published": "2024-12-15",
    "inference_result": [
      {
        "label": "negative",
        "score": 0.8574811816215515
      }
    ]
  },
  {
    "source": "WSJ",
    "title": "U.S. Manufacturers Are Stocking Up on Imports Ahead of Tariffs",
    "published": "2024-12-15",
    "inference_result": [
      {
        "label": "positive",
        "score": 0.8426290154457092
      }
    ]
  },
  {
    "source": "WSJ",
    "title": "Hezbollah Chief Says Assad\u2019s Fall Severed Key Supply Line From Iran",
    "published": "2024-12-15",
    "inference_result": [
      {
        "label": "negative",
        "score": 0.9234166741371155
      }
    ]
  },
  {
    "source": "WSJ",
    "title": "My Father at the Battle of the Bulge",
    "published": "2024-12-15",
    "inference_result": [
      {
        "label": "neutral",
        "score": 0.9079015254974365
      }
    ]
  },
  {
    "source": "WSJ",
    "title": "The Middle East Is Up for Grabs",
    "published": "2024-12-15",
    "inference_result": [
      {
        "label": "positive",
        "score": 0.632901132106781
      }
    ]
  },
  {
    "source": "WSJ",
    "title": "Waste Management Keeps Focus on Renewable Energy, CEO Says",
    "published": "2024-12-15",
    "inference_result": [
      {
        "label": "positive",
        "score": 0.9178480505943298
      }
    ]
  },
  {
    "source": "WSJ",
    "title": "Are You Ultrarich, Rich or Merely Affluent? It Makes a Big Difference for Your Bank",
    "published": "2024-12-15",
    "inference_result": [
      {
        "label": "neutral",
        "score": 0.6983834505081177
      }
    ]
  },
  {
    "source": "WSJ",
    "title": "In Pennsylvania, the Electoral System Worked",
    "published": "2024-12-15",
    "inference_result": [
      {
        "label": "neutral",
        "score": 0.8776196241378784
      }
    ]
  },
  {
    "source": "WSJ",
    "title": "Debanking and the Return of Operation Choke Point",
    "published": "2024-12-15",
    "inference_result": [
      {
        "label": "negative",
        "score": 0.7991457581520081
      }
    ]
  }
]