[
  {
    "source": "WSJ",
    "title": "Harris Economic Plan Takes Shape With Big Focus on Consumers",
    "published": "2024-10-04",
    "inference_result": [
      {
        "label": "neutral",
        "score": 0.48550477623939514
      }
    ]
  },
  {
    "source": "WSJ",
    "title": "Exclusive | Shein\u2019s Founder Heads to U.S. to Meet Investors Ahead of London IPO",
    "published": "2024-10-04",
    "inference_result": [
      {
        "label": "neutral",
        "score": 0.6849004030227661
      }
    ]
  },
  {
    "source": "WSJ",
    "title": "EU to Move Ahead With New Tariffs on Chinese-Made EVs",
    "published": "2024-10-04",
    "inference_result": [
      {
        "label": "positive",
        "score": 0.6960752010345459
      }
    ]
  },
  {
    "source": "WSJ",
    "title": "EU to Move Ahead With New Tariffs on Chinese-Made EVs",
    "published": "2024-10-04",
    "inference_result": [
      {
        "label": "positive",
        "score": 0.6960752010345459
      }
    ]
  },
  {
    "source": "WSJ",
    "title": "Does a \u2018Status Handbag\u2019 Still Have Status in 2024? We Investigate.",
    "published": "2024-10-04",
    "inference_result": [
      {
        "label": "neutral",
        "score": 0.8975396752357483
      }
    ]
  },
  {
    "source": "WSJ",
    "title": "\u2018Serpent in Eden\u2019: Foreign Spies and False Allies",
    "published": "2024-10-04",
    "inference_result": [
      {
        "label": "negative",
        "score": 0.7768120169639587
      }
    ]
  },
  {
    "source": "WSJ",
    "title": "Iranian Missiles Overwhelmed Israeli Defenses at Some Sites, Analysts Say",
    "published": "2024-10-04",
    "inference_result": [
      {
        "label": "negative",
        "score": 0.9216868877410889
      }
    ]
  },
  {
    "source": "WSJ",
    "title": "Rock-Star Law Firms Are Billing Up to $2,500 per Hour. Clients Are Indignant.",
    "published": "2024-10-04",
    "inference_result": [
      {
        "label": "negative",
        "score": 0.9629024863243103
      }
    ]
  },
  {
    "source": "WSJ",
    "title": "Would We Tolerate What Israel Endures for One Day?",
    "published": "2024-10-04",
    "inference_result": [
      {
        "label": "neutral",
        "score": 0.5786775946617126
      }
    ]
  },
  {
    "source": "WSJ",
    "title": "A Yazidi Woman Is Liberated From Slavery in Gaza",
    "published": "2024-10-04",
    "inference_result": [
      {
        "label": "neutral",
        "score": 0.8590319752693176
      }
    ]
  },
  {
    "source": "WSJ",
    "title": "Food Prices Rose at Fastest Rate in 18 Months in September, UN Says",
    "published": "2024-10-04",
    "inference_result": [
      {
        "label": "positive",
        "score": 0.9476355314254761
      }
    ]
  },
  {
    "source": "WSJ",
    "title": "There\u2019s a New Hit Podcast That Will Blow Your Mind",
    "published": "2024-10-04",
    "inference_result": [
      {
        "label": "neutral",
        "score": 0.8941294550895691
      }
    ]
  },
  {
    "source": "WSJ",
    "title": "Does a \u2018Status Handbag\u2019 Still Have Status in 2024? We Investigate.",
    "published": "2024-10-04",
    "inference_result": [
      {
        "label": "neutral",
        "score": 0.8975396752357483
      }
    ]
  }
]