[
  {
    "source": "WSJ",
    "title": "China Is Turning Japanese",
    "published": "2024-10-13",
    "inference_result": [
      {
        "label": "negative",
        "score": 0.8973901867866516
      }
    ]
  },
  {
    "source": "WSJ",
    "title": "How the Election Results Will Raise or Lower Your Taxes",
    "published": "2024-10-13",
    "inference_result": [
      {
        "label": "neutral",
        "score": 0.7745236158370972
      }
    ]
  },
  {
    "source": "WSJ",
    "title": "Economists Say Inflation, Deficits Will Be Higher Under Trump Than Harris",
    "published": "2024-10-13",
    "inference_result": [
      {
        "label": "positive",
        "score": 0.7732833623886108
      }
    ]
  },
  {
    "source": "WSJ",
    "title": "Used EVs Sell for Bargain Prices Now, Putting Owners and Dealers in a Bind",
    "published": "2024-10-13",
    "inference_result": [
      {
        "label": "negative",
        "score": 0.9610155820846558
      }
    ]
  },
  {
    "source": "WSJ",
    "title": "A Port Deal Unsettles U.S. Counterterror Fight in the Horn of Africa",
    "published": "2024-10-13",
    "inference_result": [
      {
        "label": "positive",
        "score": 0.921889066696167
      }
    ]
  },
  {
    "source": "WSJ",
    "title": "Abortion Debate Has Republicans on the Run",
    "published": "2024-10-13",
    "inference_result": [
      {
        "label": "negative",
        "score": 0.5333170294761658
      }
    ]
  },
  {
    "source": "WSJ",
    "title": "Abortion Debate Has Republicans on the Run",
    "published": "2024-10-13",
    "inference_result": [
      {
        "label": "negative",
        "score": 0.5333170294761658
      }
    ]
  },
  {
    "source": "WSJ",
    "title": "In Sailing\u2019s Most Famous Race, Britannia Definitely Doesn\u2019t Rule the Waves",
    "published": "2024-10-13",
    "inference_result": [
      {
        "label": "neutral",
        "score": 0.8806279897689819
      }
    ]
  }
]