[
  {
    "source": "WSJ",
    "title": "China\u2019s Drive for Global EV Dominance and the Roadblocks It\u2019s Facing, in Charts",
    "published": "2024-10-06",
    "inference_result": [
      {
        "label": "positive",
        "score": 0.5811597108840942
      }
    ]
  },
  {
    "source": "WSJ",
    "title": "China\u2019s Drive for Global EV Dominance and the Roadblocks It\u2019s Facing, in Charts",
    "published": "2024-10-06",
    "inference_result": [
      {
        "label": "positive",
        "score": 0.5811597108840942
      }
    ]
  },
  {
    "source": "WSJ",
    "title": "Kamala Harris Is Eyeing Your 401(k)",
    "published": "2024-10-06",
    "inference_result": [
      {
        "label": "neutral",
        "score": 0.5823507905006409
      }
    ]
  },
  {
    "source": "WSJ",
    "title": "Israel Is Targeted by Militants in Gaza, Yemen and Lebanon on Oct. 7 Anniversary",
    "published": "2024-10-06",
    "inference_result": [
      {
        "label": "negative",
        "score": 0.7697211503982544
      }
    ]
  },
  {
    "source": "WSJ",
    "title": "With Interest Rates Falling, Which Bonds Should You Buy?",
    "published": "2024-10-06",
    "inference_result": [
      {
        "label": "neutral",
        "score": 0.9361568689346313
      }
    ]
  },
  {
    "source": "WSJ",
    "title": "Which Countries Have the Strongest Stock-Market Returns? Guess Again.",
    "published": "2024-10-06",
    "inference_result": [
      {
        "label": "neutral",
        "score": 0.8773223757743835
      }
    ]
  },
  {
    "source": "WSJ",
    "title": "With Interest Rates Falling, Which Bonds Should You Buy?",
    "published": "2024-10-06",
    "inference_result": [
      {
        "label": "neutral",
        "score": 0.9361568689346313
      }
    ]
  },
  {
    "source": "WSJ",
    "title": "Punctuation Can Save Lives",
    "published": "2024-10-06",
    "inference_result": [
      {
        "label": "neutral",
        "score": 0.7818313837051392
      }
    ]
  },
  {
    "source": "WSJ",
    "title": "Trump\u2019s Plan Boosts Budget Deficits by $7.5 Trillion, Double Harris\u2019s Proposal",
    "published": "2024-10-06",
    "inference_result": [
      {
        "label": "neutral",
        "score": 0.9061189293861389
      }
    ]
  },
  {
    "source": "WSJ",
    "title": "A Single Day Changed These Gazans\u2019 Lives Forever",
    "published": "2024-10-06",
    "inference_result": [
      {
        "label": "negative",
        "score": 0.7424197196960449
      }
    ]
  },
  {
    "source": "WSJ",
    "title": "Is Europe Becoming Ungovernable?",
    "published": "2024-10-06",
    "inference_result": [
      {
        "label": "negative",
        "score": 0.918414294719696
      }
    ]
  },
  {
    "source": "WSJ",
    "title": "They Call Him the Pitcher Whisperer\u2014and He Could Quietly Decide the Baseball Playoffs",
    "published": "2024-10-06",
    "inference_result": [
      {
        "label": "neutral",
        "score": 0.8532928228378296
      }
    ]
  },
  {
    "source": "WSJ",
    "title": "They Call Him the Pitcher Whisperer\u2014and He Could Quietly Decide the Baseball Playoffs",
    "published": "2024-10-06",
    "inference_result": [
      {
        "label": "neutral",
        "score": 0.8532928228378296
      }
    ]
  },
  {
    "source": "WSJ",
    "title": "A Tried-and-True Investing Pattern Has Lost Its Shape",
    "published": "2024-10-06",
    "inference_result": [
      {
        "label": "neutral",
        "score": 0.6955827474594116
      }
    ]
  },
  {
    "source": "WSJ",
    "title": "I Was a Hamas Hostage, and My Dad Still Is",
    "published": "2024-10-06",
    "inference_result": [
      {
        "label": "neutral",
        "score": 0.9005083441734314
      }
    ]
  },
  {
    "source": "WSJ",
    "title": "\u2018Chernobyl Roulette\u2019 Review: Reckless Nuclear Endangerment",
    "published": "2024-10-06",
    "inference_result": [
      {
        "label": "negative",
        "score": 0.5067344903945923
      }
    ]
  },
  {
    "source": "WSJ",
    "title": "Is Europe Becoming Ungovernable?",
    "published": "2024-10-06",
    "inference_result": [
      {
        "label": "negative",
        "score": 0.918414294719696
      }
    ]
  }
]