[
  {
    "source": "WSJ",
    "title": "Harris vs. Trump: the Inflation Record",
    "published": "2024-10-18",
    "inference_result": [
      {
        "label": "negative",
        "score": 0.8948010802268982
      }
    ]
  },
  {
    "source": "WSJ",
    "title": "The Oprah Phase and the Trump Danger",
    "published": "2024-10-18",
    "inference_result": [
      {
        "label": "neutral",
        "score": 0.8595981001853943
      }
    ]
  },
  {
    "source": "WSJ",
    "title": "Weekend Interview: Trump Tangles With the Journal\u2019s Editors",
    "published": "2024-10-18",
    "inference_result": [
      {
        "label": "negative",
        "score": 0.738140881061554
      }
    ]
  },
  {
    "source": "WSJ",
    "title": "Weekend Interview: Trump Tangles With the Journal\u2019s Editors",
    "published": "2024-10-18",
    "inference_result": [
      {
        "label": "negative",
        "score": 0.738140881061554
      }
    ]
  },
  {
    "source": "WSJ",
    "title": "Weekend Interview: Trump Tangles With the Journal\u2019s Editors",
    "published": "2024-10-18",
    "inference_result": [
      {
        "label": "negative",
        "score": 0.738140881061554
      }
    ]
  },
  {
    "source": "WSJ",
    "title": "The Oprah Phase and the Trump Danger",
    "published": "2024-10-18",
    "inference_result": [
      {
        "label": "neutral",
        "score": 0.8595981001853943
      }
    ]
  },
  {
    "source": "WSJ",
    "title": "\u2018Karla\u2019s Choice\u2019 Review: George Smiley Returns",
    "published": "2024-10-18",
    "inference_result": [
      {
        "label": "neutral",
        "score": 0.6418590545654297
      }
    ]
  },
  {
    "source": "WSJ",
    "title": "Israel Kills Sinwar, and Biden Wants to \u2018Move On\u2019",
    "published": "2024-10-18",
    "inference_result": [
      {
        "label": "negative",
        "score": 0.78807532787323
      }
    ]
  },
  {
    "source": "WSJ",
    "title": "Trump Adopts RFK Jr.\u2019s War on Junk Food to Win Over His Fans",
    "published": "2024-10-18",
    "inference_result": [
      {
        "label": "neutral",
        "score": 0.7908565402030945
      }
    ]
  },
  {
    "source": "WSJ",
    "title": "\u2018Henri Bendel and the Worlds He Fashioned\u2019 Review: Inspired by Paris",
    "published": "2024-10-18",
    "inference_result": [
      {
        "label": "neutral",
        "score": 0.9122670888900757
      }
    ]
  },
  {
    "source": "WSJ",
    "title": "The Smartest Ways to Decorate an Annoyingly L-Shaped Room",
    "published": "2024-10-18",
    "inference_result": [
      {
        "label": "neutral",
        "score": 0.9239799380302429
      }
    ]
  },
  {
    "source": "WSJ",
    "title": "Which Brand Sells Better Menswear: L.L.Bean or Lands\u2019 End?",
    "published": "2024-10-18",
    "inference_result": [
      {
        "label": "neutral",
        "score": 0.7851706743240356
      }
    ]
  },
  {
    "source": "WSJ",
    "title": "\u2018Karla\u2019s Choice\u2019 Review: George Smiley Returns",
    "published": "2024-10-18",
    "inference_result": [
      {
        "label": "neutral",
        "score": 0.6418590545654297
      }
    ]
  },
  {
    "source": "WSJ",
    "title": "New Mexico Can\u2019t Afford California\u2019s Green Deal",
    "published": "2024-10-18",
    "inference_result": [
      {
        "label": "neutral",
        "score": 0.8209598660469055
      }
    ]
  }
]