[
  {
    "source": "WSJ",
    "title": "Harris Is the Safer Economic Choice",
    "published": "2024-09-16",
    "inference_result": [
      {
        "label": "negative",
        "score": 0.7508319020271301
      }
    ]
  },
  {
    "source": "WSJ",
    "title": "Harris Is the Safer Economic Choice",
    "published": "2024-09-16",
    "inference_result": [
      {
        "label": "negative",
        "score": 0.7508319020271301
      }
    ]
  },
  {
    "source": "WSJ",
    "title": "Why Europe Is Embracing the New American Growth Model",
    "published": "2024-09-16",
    "inference_result": [
      {
        "label": "neutral",
        "score": 0.7888252139091492
      }
    ]
  },
  {
    "source": "WSJ",
    "title": "Exclusive | U.S. Officials Jet to Beijing Amid Flood of Cheap Chinese Exports",
    "published": "2024-09-16",
    "inference_result": [
      {
        "label": "positive",
        "score": 0.5310863256454468
      }
    ]
  },
  {
    "source": "WSJ",
    "title": "Trump Adopts Strong-Arm Approach to a Second Term",
    "published": "2024-09-16",
    "inference_result": [
      {
        "label": "neutral",
        "score": 0.6571621894836426
      }
    ]
  },
  {
    "source": "WSJ",
    "title": "How Biden Let Europe Slip Away",
    "published": "2024-09-16",
    "inference_result": [
      {
        "label": "negative",
        "score": 0.8995091915130615
      }
    ]
  },
  {
    "source": "WSJ",
    "title": "U.S. Shrugs as World War III Approaches",
    "published": "2024-09-16",
    "inference_result": [
      {
        "label": "negative",
        "score": 0.8628584742546082
      }
    ]
  },
  {
    "source": "WSJ",
    "title": "Nippon Steel Finds Unlikely Ally in Pittsburgh Workers",
    "published": "2024-09-16",
    "inference_result": [
      {
        "label": "negative",
        "score": 0.825136661529541
      }
    ]
  },
  {
    "source": "WSJ",
    "title": "Exclusive | Why Washington and Big Oil Are Investing Billions in Ammonia",
    "published": "2024-09-16",
    "inference_result": [
      {
        "label": "positive",
        "score": 0.8994861841201782
      }
    ]
  },
  {
    "source": "WSJ",
    "title": "Harris Is the Safer Economic Choice",
    "published": "2024-09-16",
    "inference_result": [
      {
        "label": "negative",
        "score": 0.7508319020271301
      }
    ]
  },
  {
    "source": "WSJ",
    "title": "Oracle Turns Rivals Into Partners In Pursuit of Cloud Ambitions",
    "published": "2024-09-16",
    "inference_result": [
      {
        "label": "positive",
        "score": 0.7237986326217651
      }
    ]
  },
  {
    "source": "WSJ",
    "title": "The Moderators\u2019 Failure Was Also Donald Trump\u2019s",
    "published": "2024-09-16",
    "inference_result": [
      {
        "label": "neutral",
        "score": 0.8758790493011475
      }
    ]
  },
  {
    "source": "WSJ",
    "title": "iOS 18 Is Here: A Worthy iPhone Upgrade, No AI Necessary",
    "published": "2024-09-16",
    "inference_result": [
      {
        "label": "neutral",
        "score": 0.8539848923683167
      }
    ]
  },
  {
    "source": "WSJ",
    "title": "Oracle Turns Rivals Into Partners In Pursuit of Cloud Ambitions",
    "published": "2024-09-16",
    "inference_result": [
      {
        "label": "positive",
        "score": 0.7237986326217651
      }
    ]
  },
  {
    "source": "WSJ",
    "title": "Lego\u2019s Business Cards Are Made of Lego\u2014but Not for Long",
    "published": "2024-09-16",
    "inference_result": [
      {
        "label": "neutral",
        "score": 0.9320447444915771
      }
    ]
  },
  {
    "source": "WSJ",
    "title": "U.S. Shrugs as World War III Approaches",
    "published": "2024-09-16",
    "inference_result": [
      {
        "label": "negative",
        "score": 0.8628584742546082
      }
    ]
  }
]