[
  {
    "source": "WSJ",
    "title": "China PMIs Signal Continued Softness in Manufacturing, Slowdown in Services",
    "published": "2024-07-29",
    "inference_result": [
      {
        "label": "negative",
        "score": 0.975904107093811
      }
    ]
  },
  {
    "source": "WSJ",
    "title": "America\u2019s Post-Covid Factory Boom Is Running Out of Steam",
    "published": "2024-07-29",
    "inference_result": [
      {
        "label": "negative",
        "score": 0.9735140800476074
      }
    ]
  },
  {
    "source": "WSJ",
    "title": "America Is Running Out of Generic Drugmakers. Another One Is on the Brink.",
    "published": "2024-07-29",
    "inference_result": [
      {
        "label": "neutral",
        "score": 0.8003350496292114
      }
    ]
  },
  {
    "source": "WSJ",
    "title": "When CFOs Are Married to Each Other, Who Does the Taxes?",
    "published": "2024-07-29",
    "inference_result": [
      {
        "label": "neutral",
        "score": 0.5873685479164124
      }
    ]
  },
  {
    "source": "WSJ",
    "title": "How \u2018Varsity Blues\u2019 Swept Up an Innocent Father",
    "published": "2024-07-29",
    "inference_result": [
      {
        "label": "negative",
        "score": 0.6723290681838989
      }
    ]
  },
  {
    "source": "WSJ",
    "title": "When CFOs Are Married to Each Other, Who Does the Taxes?",
    "published": "2024-07-29",
    "inference_result": [
      {
        "label": "neutral",
        "score": 0.5873685479164124
      }
    ]
  },
  {
    "source": "WSJ",
    "title": "Kamala Harris\u2019s Chicago Moment",
    "published": "2024-07-29",
    "inference_result": [
      {
        "label": "negative",
        "score": 0.8675234913825989
      }
    ]
  },
  {
    "source": "WSJ",
    "title": "\u2018Rebels With a Cause\u2019 and \u2018BoyMom\u2019: The Challenge of Raising Young Men",
    "published": "2024-07-29",
    "inference_result": [
      {
        "label": "neutral",
        "score": 0.5797602534294128
      }
    ]
  },
  {
    "source": "WSJ",
    "title": "America\u2019s New Political War Pits Young Men Against Young Women",
    "published": "2024-07-29",
    "inference_result": [
      {
        "label": "positive",
        "score": 0.4891835153102875
      }
    ]
  }
]