[
  {
    "source": "WSJ",
    "title": "Kamala Harris\u2019s Record Offers Only Hints of a China Worldview",
    "published": "2024-07-31",
    "inference_result": [
      {
        "label": "neutral",
        "score": 0.6698803901672363
      }
    ]
  },
  {
    "source": "WSJ",
    "title": "As JD Vance Takes Heat, Trump Fans Rally to His Side",
    "published": "2024-07-31",
    "inference_result": [
      {
        "label": "neutral",
        "score": 0.7994668483734131
      }
    ]
  },
  {
    "source": "WSJ",
    "title": "The Haves and Have-Nots at the Center of America\u2019s Inflation Fight",
    "published": "2024-07-31",
    "inference_result": [
      {
        "label": "negative",
        "score": 0.7585557103157043
      }
    ]
  },
  {
    "source": "WSJ",
    "title": "Not All Octogenarians Are as Feeble as Biden",
    "published": "2024-07-31",
    "inference_result": [
      {
        "label": "neutral",
        "score": 0.7400217056274414
      }
    ]
  },
  {
    "source": "WSJ",
    "title": "Killing of Two Israeli Enemies Puts Middle East on Brink of Wider War",
    "published": "2024-07-31",
    "inference_result": [
      {
        "label": "negative",
        "score": 0.9307578802108765
      }
    ]
  },
  {
    "source": "WSJ",
    "title": "Kamala Harris\u2019s Record Offers Only Hints of a China Worldview",
    "published": "2024-07-31",
    "inference_result": [
      {
        "label": "neutral",
        "score": 0.6698803901672363
      }
    ]
  },
  {
    "source": "WSJ",
    "title": "CBIZ Strikes Deal to Acquire Fellow Accounting Firm Marcum",
    "published": "2024-07-31",
    "inference_result": [
      {
        "label": "neutral",
        "score": 0.8662383556365967
      }
    ]
  },
  {
    "source": "WSJ",
    "title": "Israel Returns Fire on Iran and Its Proxies",
    "published": "2024-07-31",
    "inference_result": [
      {
        "label": "positive",
        "score": 0.7582041025161743
      }
    ]
  },
  {
    "source": "WSJ",
    "title": "Marxism and the Xi-Putin Link",
    "published": "2024-07-31",
    "inference_result": [
      {
        "label": "neutral",
        "score": 0.7529940009117126
      }
    ]
  },
  {
    "source": "WSJ",
    "title": "Exclusive | New Venture Firm Hopes to Build on a Saudi-U.S. Alignment",
    "published": "2024-07-31",
    "inference_result": [
      {
        "label": "positive",
        "score": 0.8601015210151672
      }
    ]
  },
  {
    "source": "WSJ",
    "title": "U.S. Crude Oil Inventories Fall for Fifth Consecutive Week",
    "published": "2024-07-31",
    "inference_result": [
      {
        "label": "negative",
        "score": 0.9761409759521484
      }
    ]
  },
  {
    "source": "WSJ",
    "title": "CBIZ Strikes Deal to Acquire Fellow Accounting Firm Marcum",
    "published": "2024-07-31",
    "inference_result": [
      {
        "label": "neutral",
        "score": 0.8662383556365967
      }
    ]
  }
]