[
  {
    "source": "WSJ",
    "title": "Why First Responders Don\u2019t Want the U.S. to Ban Chinese Drones",
    "published": "2024-08-07",
    "inference_result": [
      {
        "label": "neutral",
        "score": 0.564434289932251
      }
    ]
  },
  {
    "source": "WSJ",
    "title": "Iran Wants to Strike Back at Israel but Can\u2019t Afford a Wider War",
    "published": "2024-08-07",
    "inference_result": [
      {
        "label": "negative",
        "score": 0.8431195616722107
      }
    ]
  },
  {
    "source": "WSJ",
    "title": "Will America Buy the Dip and Hold Bitcoin?",
    "published": "2024-08-07",
    "inference_result": [
      {
        "label": "positive",
        "score": 0.7161852717399597
      }
    ]
  },
  {
    "source": "WSJ",
    "title": "Tesla Recalling 1.68 Million Cars in China Over Hood Problem",
    "published": "2024-08-07",
    "inference_result": [
      {
        "label": "neutral",
        "score": 0.8442756533622742
      }
    ]
  },
  {
    "source": "WSJ",
    "title": "Ukraine\u2019s Army Surprises Russia With Move Across Border",
    "published": "2024-08-07",
    "inference_result": [
      {
        "label": "negative",
        "score": 0.8982905149459839
      }
    ]
  },
  {
    "source": "WSJ",
    "title": "College Financial Aid Applications Delayed for Second Straight Year",
    "published": "2024-08-07",
    "inference_result": [
      {
        "label": "neutral",
        "score": 0.3904360830783844
      }
    ]
  },
  {
    "source": "WSJ",
    "title": "Delta\u2014Yes, Delta\u2014Is Haggling With Fliers, and Nicking Its Gold-Plated Reputation",
    "published": "2024-08-07",
    "inference_result": [
      {
        "label": "negative",
        "score": 0.9481882452964783
      }
    ]
  }
]