[
  {
    "source": "WSJ",
    "title": "A Real Populist Agenda for Trump and Harris",
    "published": "2024-08-11",
    "inference_result": [
      {
        "label": "neutral",
        "score": 0.8748104572296143
      }
    ]
  },
  {
    "source": "WSJ",
    "title": "Welcome to Y\u2019all Street, Texas\u2019 Burgeoning Financial Hub",
    "published": "2024-08-11",
    "inference_result": [
      {
        "label": "positive",
        "score": 0.8657445311546326
      }
    ]
  },
  {
    "source": "WSJ",
    "title": "Why Is a New York Hospital Setting Up Its Own Movie Studio?",
    "published": "2024-08-11",
    "inference_result": [
      {
        "label": "neutral",
        "score": 0.8091294169425964
      }
    ]
  },
  {
    "source": "WSJ",
    "title": "China\u2019s Nightmare: A Second Trade War With Trump",
    "published": "2024-08-11",
    "inference_result": [
      {
        "label": "negative",
        "score": 0.9520958662033081
      }
    ]
  },
  {
    "source": "WSJ",
    "title": "Harris Calls for No Taxes on Tips, Borrowing a Trump Idea",
    "published": "2024-08-11",
    "inference_result": [
      {
        "label": "neutral",
        "score": 0.6316540837287903
      }
    ]
  },
  {
    "source": "WSJ",
    "title": "Former YouTube CEO Susan Wojcicki Dies at Age 56",
    "published": "2024-08-11",
    "inference_result": [
      {
        "label": "negative",
        "score": 0.6953966021537781
      }
    ]
  },
  {
    "source": "WSJ",
    "title": "Palestinian Deaths in Israeli Custody Fuel Allegations of Abuse",
    "published": "2024-08-11",
    "inference_result": [
      {
        "label": "negative",
        "score": 0.8985500335693359
      }
    ]
  },
  {
    "source": "WSJ",
    "title": "Israeli Airstrike Kills Dozens of Displaced Civilians in Gaza",
    "published": "2024-08-11",
    "inference_result": [
      {
        "label": "negative",
        "score": 0.7594131827354431
      }
    ]
  }
]