[
  {
    "source": "WSJ",
    "title": "Mexico Gets Cold Feet Over New Chinese EV Plant After Trump Win",
    "published": "2024-11-25",
    "inference_result": [
      {
        "label": "negative",
        "score": 0.8719368577003479
      }
    ]
  },
  {
    "source": "WSJ",
    "title": "Scott Bessent Sees a Coming \u2018Global Economic Reordering.\u2019 He Wants to Be Part of It.",
    "published": "2024-11-25",
    "inference_result": [
      {
        "label": "neutral",
        "score": 0.7674859762191772
      }
    ]
  },
  {
    "source": "WSJ",
    "title": "The U.S. and Europe May Be Headed for a Divorce",
    "published": "2024-11-25",
    "inference_result": [
      {
        "label": "negative",
        "score": 0.9556329250335693
      }
    ]
  },
  {
    "source": "WSJ",
    "title": "Scott Bessent\u2019s Treasury Gauntlet",
    "published": "2024-11-25",
    "inference_result": [
      {
        "label": "negative",
        "score": 0.8744195103645325
      }
    ]
  },
  {
    "source": "WSJ",
    "title": "Backlash Against Chinese Steel Gives Preview of Trump Trade Tensions",
    "published": "2024-11-25",
    "inference_result": [
      {
        "label": "negative",
        "score": 0.9215758442878723
      }
    ]
  },
  {
    "source": "WSJ",
    "title": "Scott Bessent Sees a Coming \u2018Global Economic Reordering.\u2019 He Wants to Be Part of It.",
    "published": "2024-11-25",
    "inference_result": [
      {
        "label": "neutral",
        "score": 0.7674859762191772
      }
    ]
  },
  {
    "source": "WSJ",
    "title": "Scott Bessent\u2019s Treasury Gauntlet",
    "published": "2024-11-25",
    "inference_result": [
      {
        "label": "negative",
        "score": 0.8744195103645325
      }
    ]
  },
  {
    "source": "WSJ",
    "title": "Trump\u2019s Economic Plan Has Inflation Written All Over It",
    "published": "2024-11-25",
    "inference_result": [
      {
        "label": "negative",
        "score": 0.786482036113739
      }
    ]
  },
  {
    "source": "WSJ",
    "title": "Republicans\u2019 Big Tax Challenge Is Fitting All Their Priorities in One Bill",
    "published": "2024-11-25",
    "inference_result": [
      {
        "label": "neutral",
        "score": 0.7520344853401184
      }
    ]
  },
  {
    "source": "WSJ",
    "title": "Trump Pledges Tariffs on Mexico, Canada and China",
    "published": "2024-11-25",
    "inference_result": [
      {
        "label": "positive",
        "score": 0.40607500076293945
      }
    ]
  },
  {
    "source": "WSJ",
    "title": "Backlash Against Chinese Steel Gives Preview of Trump Trade Tensions",
    "published": "2024-11-25",
    "inference_result": [
      {
        "label": "negative",
        "score": 0.9215758442878723
      }
    ]
  },
  {
    "source": "WSJ",
    "title": "The IRS Wants to Prep Your Tax Return",
    "published": "2024-11-25",
    "inference_result": [
      {
        "label": "neutral",
        "score": 0.5140888690948486
      }
    ]
  },
  {
    "source": "WSJ",
    "title": "Israel and Hezbollah Edge Closer to Cease-Fire",
    "published": "2024-11-25",
    "inference_result": [
      {
        "label": "neutral",
        "score": 0.5592801570892334
      }
    ]
  },
  {
    "source": "WSJ",
    "title": "Are Value Meals Worth It for Restaurants?",
    "published": "2024-11-25",
    "inference_result": [
      {
        "label": "neutral",
        "score": 0.9220811128616333
      }
    ]
  },
  {
    "source": "WSJ",
    "title": "Are Value Meals Worth It for Restaurants?",
    "published": "2024-11-25",
    "inference_result": [
      {
        "label": "neutral",
        "score": 0.9220811128616333
      }
    ]
  },
  {
    "source": "WSJ",
    "title": "Starbucks, Other Retailers Hit by Ransomware Attack on Tech Provider",
    "published": "2024-11-25",
    "inference_result": [
      {
        "label": "neutral",
        "score": 0.902819037437439
      }
    ]
  }
]