[
  {
    "source": "WSJ",
    "title": "Trump\u2019s Tariffs Won\u2019t Bring Us Peace and Prosperity",
    "published": "2024-10-23",
    "inference_result": [
      {
        "label": "neutral",
        "score": 0.8526986241340637
      }
    ]
  },
  {
    "source": "WSJ",
    "title": "Mixed Earnings Extend Stocks\u2019 Pullback From Highs",
    "published": "2024-10-23",
    "inference_result": [
      {
        "label": "positive",
        "score": 0.5914773941040039
      }
    ]
  },
  {
    "source": "WSJ",
    "title": "A Mess at the International Criminal Court",
    "published": "2024-10-23",
    "inference_result": [
      {
        "label": "negative",
        "score": 0.7723624110221863
      }
    ]
  },
  {
    "source": "WSJ",
    "title": "Democrats Run a Bait-and-Switch in the 2024 Senate Elections",
    "published": "2024-10-23",
    "inference_result": [
      {
        "label": "neutral",
        "score": 0.8481228351593018
      }
    ]
  },
  {
    "source": "WSJ",
    "title": "Volvo Car Cuts Guidance on Worsening Auto Market",
    "published": "2024-10-23",
    "inference_result": [
      {
        "label": "positive",
        "score": 0.954479455947876
      }
    ]
  },
  {
    "source": "WSJ",
    "title": "Trump\u2019s Tariffs Won\u2019t Bring Us Peace and Prosperity",
    "published": "2024-10-23",
    "inference_result": [
      {
        "label": "neutral",
        "score": 0.8526986241340637
      }
    ]
  },
  {
    "source": "WSJ",
    "title": "How Hezbollah Is Hitting Back After Being Pummeled by Israel",
    "published": "2024-10-23",
    "inference_result": [
      {
        "label": "negative",
        "score": 0.9188124537467957
      }
    ]
  },
  {
    "source": "WSJ",
    "title": "\u2018Predator of the Seas\u2019 Review: A Slave Ship Gets a New Mission",
    "published": "2024-10-23",
    "inference_result": [
      {
        "label": "neutral",
        "score": 0.8144907355308533
      }
    ]
  },
  {
    "source": "WSJ",
    "title": "Brown Says No to Divestment From Israel",
    "published": "2024-10-23",
    "inference_result": [
      {
        "label": "negative",
        "score": 0.8123513460159302
      }
    ]
  }
]