[
  {
    "source": "WSJ",
    "title": "Mexico\u2019s First Female President Has a Big Problem: Her Mentor\u2019s Legacy",
    "published": "2024-10-01",
    "inference_result": [
      {
        "label": "negative",
        "score": 0.8994092345237732
      }
    ]
  },
  {
    "source": "WSJ",
    "title": "\u2018No Road Leading Back\u2019 Review: The Pits of Ponar",
    "published": "2024-10-01",
    "inference_result": [
      {
        "label": "negative",
        "score": 0.5289073586463928
      }
    ]
  },
  {
    "source": "WSJ",
    "title": "\u2018Collusion\u2019 and World War III",
    "published": "2024-10-01",
    "inference_result": [
      {
        "label": "negative",
        "score": 0.5131637454032898
      }
    ]
  },
  {
    "source": "WSJ",
    "title": "\u2018Collusion\u2019 and World War III",
    "published": "2024-10-01",
    "inference_result": [
      {
        "label": "negative",
        "score": 0.5131637454032898
      }
    ]
  },
  {
    "source": "WSJ",
    "title": "Dawn Airstrikes, Clogged Highways: A Desperate Escape From South Lebanon",
    "published": "2024-10-01",
    "inference_result": [
      {
        "label": "positive",
        "score": 0.4513133764266968
      }
    ]
  },
  {
    "source": "WSJ",
    "title": "North Carolina in Crisis Mode as Helene Rescues Continue",
    "published": "2024-10-01",
    "inference_result": [
      {
        "label": "negative",
        "score": 0.9087927937507629
      }
    ]
  },
  {
    "source": "WSJ",
    "title": "Dockworkers Launch Strike at Ports From Maine to Texas",
    "published": "2024-10-01",
    "inference_result": [
      {
        "label": "negative",
        "score": 0.9655094742774963
      }
    ]
  },
  {
    "source": "WSJ",
    "title": "Port Strike Puts Pressure on Harris, Biden Ahead of Election",
    "published": "2024-10-01",
    "inference_result": [
      {
        "label": "negative",
        "score": 0.9521920084953308
      }
    ]
  },
  {
    "source": "WSJ",
    "title": "Taxing a Traditional IRA Distribution",
    "published": "2024-10-01",
    "inference_result": [
      {
        "label": "neutral",
        "score": 0.9379827976226807
      }
    ]
  },
  {
    "source": "WSJ",
    "title": "Tariffs Are Not the Policy Tool of the Future",
    "published": "2024-10-01",
    "inference_result": [
      {
        "label": "negative",
        "score": 0.8031973838806152
      }
    ]
  },
  {
    "source": "WSJ",
    "title": "Iran Attacks Israel With Missiles, Drawing Vows of Retaliation",
    "published": "2024-10-01",
    "inference_result": [
      {
        "label": "negative",
        "score": 0.8743206858634949
      }
    ]
  },
  {
    "source": "WSJ",
    "title": "Why Kamala Harris Wants to Stockpile Minerals You\u2019ve Probably Never Heard Of",
    "published": "2024-10-01",
    "inference_result": [
      {
        "label": "neutral",
        "score": 0.7730101943016052
      }
    ]
  },
  {
    "source": "WSJ",
    "title": "Iran Opens the Door to Retaliation",
    "published": "2024-10-01",
    "inference_result": [
      {
        "label": "neutral",
        "score": 0.6698153614997864
      }
    ]
  },
  {
    "source": "WSJ",
    "title": "Mexico\u2019s First Female President Has a Big Problem: Her Mentor\u2019s Legacy",
    "published": "2024-10-01",
    "inference_result": [
      {
        "label": "negative",
        "score": 0.8994092345237732
      }
    ]
  },
  {
    "source": "WSJ",
    "title": "A Way Forward on Immigration",
    "published": "2024-10-01",
    "inference_result": [
      {
        "label": "positive",
        "score": 0.7948274612426758
      }
    ]
  }
]