[
  {
    "source": "WSJ",
    "title": "Trump Proposal to Cut Tax Rate for U.S. Manufacturers Spurs Flurry of Questions",
    "published": "2024-09-06",
    "inference_result": [
      {
        "label": "negative",
        "score": 0.8987306356430054
      }
    ]
  },
  {
    "source": "WSJ",
    "title": "Exclusive | The Presidential Campaign Proposals Americans Like Best",
    "published": "2024-09-06",
    "inference_result": [
      {
        "label": "positive",
        "score": 0.5685211420059204
      }
    ]
  },
  {
    "source": "WSJ",
    "title": "China\u2019s Forex Reserves Rose in August as U.S. Dollar Weakened",
    "published": "2024-09-06",
    "inference_result": [
      {
        "label": "positive",
        "score": 0.939189612865448
      }
    ]
  },
  {
    "source": "WSJ",
    "title": "Trump and Harris Get Set to Debate",
    "published": "2024-09-06",
    "inference_result": [
      {
        "label": "neutral",
        "score": 0.7305024862289429
      }
    ]
  },
  {
    "source": "WSJ",
    "title": "The Biden-Harris Subprime Bank",
    "published": "2024-09-06",
    "inference_result": [
      {
        "label": "negative",
        "score": 0.9559086561203003
      }
    ]
  },
  {
    "source": "WSJ",
    "title": "Trump and Harris Get Set to Debate",
    "published": "2024-09-06",
    "inference_result": [
      {
        "label": "neutral",
        "score": 0.7305024862289429
      }
    ]
  },
  {
    "source": "WSJ",
    "title": "Exclusive | U.S. Tells Allies Iran Has Sent Ballistic Missiles to Russia",
    "published": "2024-09-06",
    "inference_result": [
      {
        "label": "positive",
        "score": 0.7636140584945679
      }
    ]
  },
  {
    "source": "WSJ",
    "title": "Exclusive | U.S. Tells Allies Iran Has Sent Ballistic Missiles to Russia",
    "published": "2024-09-06",
    "inference_result": [
      {
        "label": "positive",
        "score": 0.7636140584945679
      }
    ]
  },
  {
    "source": "WSJ",
    "title": "Scholarly Associations Aren\u2019t Entitled to Their Opinions",
    "published": "2024-09-06",
    "inference_result": [
      {
        "label": "negative",
        "score": 0.8448387384414673
      }
    ]
  },
  {
    "source": "WSJ",
    "title": "Job Growth Slows, Stocks Slump",
    "published": "2024-09-06",
    "inference_result": [
      {
        "label": "negative",
        "score": 0.5498769283294678
      }
    ]
  },
  {
    "source": "WSJ",
    "title": "Press-On Pedicures Are Weird. They Also Saved Us Time and Money.",
    "published": "2024-09-06",
    "inference_result": [
      {
        "label": "positive",
        "score": 0.6455631852149963
      }
    ]
  },
  {
    "source": "WSJ",
    "title": "Was There a Chinese Agent Working in the New York Governor\u2019s Office?",
    "published": "2024-09-06",
    "inference_result": [
      {
        "label": "neutral",
        "score": 0.7737717628479004
      }
    ]
  },
  {
    "source": "WSJ",
    "title": "Parents and School Shooters",
    "published": "2024-09-06",
    "inference_result": [
      {
        "label": "negative",
        "score": 0.6898107528686523
      }
    ]
  }
]