[
  {
    "source": "WSJ",
    "title": "China Moves to Trump-Proof Its Economy",
    "published": "2024-12-12",
    "inference_result": [
      {
        "label": "positive",
        "score": 0.9383294582366943
      }
    ]
  },
  {
    "source": "WSJ",
    "title": "Investors Shouldn\u2019t Count on Much Help From the Fed Next Year",
    "published": "2024-12-12",
    "inference_result": [
      {
        "label": "negative",
        "score": 0.9091103672981262
      }
    ]
  },
  {
    "source": "WSJ",
    "title": "Trump\u2019s Inauguration Won\u2019t Have Xi Jinping Among the Guests",
    "published": "2024-12-12",
    "inference_result": [
      {
        "label": "negative",
        "score": 0.6347647309303284
      }
    ]
  },
  {
    "source": "WSJ",
    "title": "Trump\u2019s Inauguration Won\u2019t Have Xi Jinping Among the Guests",
    "published": "2024-12-12",
    "inference_result": [
      {
        "label": "negative",
        "score": 0.6347647309303284
      }
    ]
  },
  {
    "source": "WSJ",
    "title": "We Are All Mercantilists Now",
    "published": "2024-12-12",
    "inference_result": [
      {
        "label": "positive",
        "score": 0.7324913740158081
      }
    ]
  },
  {
    "source": "WSJ",
    "title": "Inflation Is Stuck. Can Trump Unstick It?",
    "published": "2024-12-12",
    "inference_result": [
      {
        "label": "neutral",
        "score": 0.8847756385803223
      }
    ]
  },
  {
    "source": "WSJ",
    "title": "ECB Cuts Rates Again to Boost Flagging Growth. What to Know.",
    "published": "2024-12-12",
    "inference_result": [
      {
        "label": "negative",
        "score": 0.7416237592697144
      }
    ]
  },
  {
    "source": "WSJ",
    "title": "Trump to Europe: Overseeing a Ukraine Cease-Fire Would Be Your Job",
    "published": "2024-12-12",
    "inference_result": [
      {
        "label": "neutral",
        "score": 0.8852332234382629
      }
    ]
  },
  {
    "source": "WSJ",
    "title": "Chinese Solar Stocks Shrug Off New U.S. Tariffs",
    "published": "2025-12-12",
    "inference_result": [
      {
        "label": "positive",
        "score": 0.8392220139503479
      }
    ]
  },
  {
    "source": "WSJ",
    "title": "The Great RFK Jr. Charade",
    "published": "2024-12-12",
    "inference_result": [
      {
        "label": "neutral",
        "score": 0.784436821937561
      }
    ]
  },
  {
    "source": "WSJ",
    "title": "Biden Announces Largest Single-Day Act of Clemency in Modern History",
    "published": "2024-12-12",
    "inference_result": [
      {
        "label": "negative",
        "score": 0.4614395797252655
      }
    ]
  },
  {
    "source": "WSJ",
    "title": "Republicans Watch for Trump to Break Impasse on 2025 Plans",
    "published": "2024-12-12",
    "inference_result": [
      {
        "label": "neutral",
        "score": 0.9104579091072083
      }
    ]
  },
  {
    "source": "WSJ",
    "title": "Trump to Europe: Overseeing a Ukraine Cease-Fire Would Be Your Job",
    "published": "2024-12-12",
    "inference_result": [
      {
        "label": "neutral",
        "score": 0.8852332234382629
      }
    ]
  },
  {
    "source": "WSJ",
    "title": "Fall of Syrian Regime Exposes Limits of Russia\u2019s Global Ambitions",
    "published": "2024-12-12",
    "inference_result": [
      {
        "label": "negative",
        "score": 0.9711329936981201
      }
    ]
  },
  {
    "source": "WSJ",
    "title": "Investors Shouldn\u2019t Count on Much Help From the Fed Next Year",
    "published": "2024-12-12",
    "inference_result": [
      {
        "label": "negative",
        "score": 0.9091103672981262
      }
    ]
  },
  {
    "source": "WSJ",
    "title": "Google\u2019s Quantum Boost Doesn\u2019t Really Compute",
    "published": "2024-12-12",
    "inference_result": [
      {
        "label": "negative",
        "score": 0.7847448587417603
      }
    ]
  },
  {
    "source": "WSJ",
    "title": "Janet Yellen on Biden\u2019s Economic Legacy\u2014and How Her Thinking About Trade Has Shifted",
    "published": "2024-12-12",
    "inference_result": [
      {
        "label": "negative",
        "score": 0.5916762351989746
      }
    ]
  },
  {
    "source": "WSJ",
    "title": "Vets Recognize Hegseth as One of Their Own",
    "published": "2024-12-12",
    "inference_result": [
      {
        "label": "negative",
        "score": 0.9216765761375427
      }
    ]
  },
  {
    "source": "WSJ",
    "title": "Investors Shouldn\u2019t Count on Much Help From the Fed Next Year",
    "published": "2024-12-12",
    "inference_result": [
      {
        "label": "negative",
        "score": 0.9091103672981262
      }
    ]
  },
  {
    "source": "WSJ",
    "title": "Biden Administration Cracks Down on Bank Overdraft Fees",
    "published": "2024-12-12",
    "inference_result": [
      {
        "label": "neutral",
        "score": 0.9033052921295166
      }
    ]
  },
  {
    "source": "WSJ",
    "title": "Biden Announces Largest Single-Day Act of Clemency in Modern History",
    "published": "2024-12-12",
    "inference_result": [
      {
        "label": "negative",
        "score": 0.4614395797252655
      }
    ]
  },
  {
    "source": "WSJ",
    "title": "Biden\u2019s Midnight Trade Sabotage",
    "published": "2024-12-12",
    "inference_result": [
      {
        "label": "negative",
        "score": 0.8700754642486572
      }
    ]
  }
]