[
  {
    "source": "WSJ",
    "title": "A Populist Democrat Fights to Survive the Trump-Fueled Populist Wave",
    "published": "2024-09-18",
    "inference_result": [
      {
        "label": "negative",
        "score": 0.8144427537918091
      }
    ]
  },
  {
    "source": "WSJ",
    "title": "The Case for Trump\u2019s Tariffs",
    "published": "2024-09-18",
    "inference_result": [
      {
        "label": "positive",
        "score": 0.845996618270874
      }
    ]
  },
  {
    "source": "WSJ",
    "title": "A Populist Democrat Fights to Survive the Trump-Fueled Populist Wave",
    "published": "2024-09-18",
    "inference_result": [
      {
        "label": "negative",
        "score": 0.8144427537918091
      }
    ]
  },
  {
    "source": "WSJ",
    "title": "Exclusive | Lionsgate, Studio Behind \u2018John Wick,\u2019 Signs Deal With AI Startup Runway",
    "published": "2024-09-18",
    "inference_result": [
      {
        "label": "neutral",
        "score": 0.6698124408721924
      }
    ]
  },
  {
    "source": "WSJ",
    "title": "How a Covert Attack Against Hezbollah Unfolded Across Lebanon\u2019s Streets and Malls",
    "published": "2024-09-18",
    "inference_result": [
      {
        "label": "neutral",
        "score": 0.7658101916313171
      }
    ]
  },
  {
    "source": "WSJ",
    "title": "TikTok\u2019s Bad Free-Speech Case",
    "published": "2024-09-18",
    "inference_result": [
      {
        "label": "neutral",
        "score": 0.8907185196876526
      }
    ]
  }
]