[
  {
    "source": "WSJ",
    "title": "The Establishment Tries to \u2018Truss\u2019 Trump\u2019s Tax Cuts",
    "published": "2024-10-17",
    "inference_result": [
      {
        "label": "negative",
        "score": 0.660375714302063
      }
    ]
  },
  {
    "source": "WSJ",
    "title": "China Considering Higher Tariffs on Car Imports",
    "published": "2024-10-17",
    "inference_result": [
      {
        "label": "positive",
        "score": 0.9231950640678406
      }
    ]
  },
  {
    "source": "WSJ",
    "title": "China Considering Higher Tariffs on Car Imports",
    "published": "2024-10-17",
    "inference_result": [
      {
        "label": "positive",
        "score": 0.9231950640678406
      }
    ]
  },
  {
    "source": "WSJ",
    "title": "New York Gets a Competitive Election",
    "published": "2024-10-17",
    "inference_result": [
      {
        "label": "neutral",
        "score": 0.8882161974906921
      }
    ]
  },
  {
    "source": "WSJ",
    "title": "Best-Case Scenario for Trump Tariffs: \u2018E2D\u2019",
    "published": "2024-10-17",
    "inference_result": [
      {
        "label": "neutral",
        "score": 0.7039286494255066
      }
    ]
  },
  {
    "source": "WSJ",
    "title": "The Establishment Tries to \u2018Truss\u2019 Trump\u2019s Tax Cuts",
    "published": "2024-10-17",
    "inference_result": [
      {
        "label": "negative",
        "score": 0.660375714302063
      }
    ]
  },
  {
    "source": "WSJ",
    "title": "Hamas Leader Yahya Sinwar Studied Israel in Mission to Topple It",
    "published": "2024-10-17",
    "inference_result": [
      {
        "label": "negative",
        "score": 0.8441172242164612
      }
    ]
  },
  {
    "source": "WSJ",
    "title": "Republicans Rush to Bolster Trump\u2019s Ground Game",
    "published": "2024-10-17",
    "inference_result": [
      {
        "label": "negative",
        "score": 0.5827443599700928
      }
    ]
  },
  {
    "source": "WSJ",
    "title": "The Establishment Tries to \u2018Truss\u2019 Trump\u2019s Tax Cuts",
    "published": "2024-10-17",
    "inference_result": [
      {
        "label": "negative",
        "score": 0.660375714302063
      }
    ]
  },
  {
    "source": "WSJ",
    "title": "Trading Opulent for Sleek in Pakistan, They Learned That Less Costs More",
    "published": "2024-10-17",
    "inference_result": [
      {
        "label": "neutral",
        "score": 0.9264069199562073
      }
    ]
  },
  {
    "source": "WSJ",
    "title": "ECB Accelerates Rate Cuts to Counteract Flagging Growth",
    "published": "2024-10-17",
    "inference_result": [
      {
        "label": "neutral",
        "score": 0.4948052763938904
      }
    ]
  }
]