[
  {
    "source": "WSJ",
    "title": "\u2018The Scientist Turned Spy\u2019 Review: Cultivating a Revolt in America",
    "published": "2024-09-27",
    "inference_result": [
      {
        "label": "neutral",
        "score": 0.9235283136367798
      }
    ]
  },
  {
    "source": "WSJ",
    "title": "\u2018Westfallen\u2019 Review: If the Bad Guys Won",
    "published": "2024-09-27",
    "inference_result": [
      {
        "label": "negative",
        "score": 0.5885147452354431
      }
    ]
  },
  {
    "source": "WSJ",
    "title": "A Tax-Shelter Crackdown Uncovers a Dentist\u2019s \u2018Smile High Trust\u2019",
    "published": "2024-09-27",
    "inference_result": [
      {
        "label": "neutral",
        "score": 0.6066167950630188
      }
    ]
  },
  {
    "source": "WSJ",
    "title": "Chicago\u2019s Nasty Schools Showdown",
    "published": "2024-09-27",
    "inference_result": [
      {
        "label": "negative",
        "score": 0.8997032046318054
      }
    ]
  },
  {
    "source": "WSJ",
    "title": "Why Silver Is Having a Golden Moment",
    "published": "2024-09-27",
    "inference_result": [
      {
        "label": "neutral",
        "score": 0.5026833415031433
      }
    ]
  },
  {
    "source": "WSJ",
    "title": "Meet Bradley, the U.S. Army Veteran Ukrainian Soldiers Love",
    "published": "2024-09-27",
    "inference_result": [
      {
        "label": "positive",
        "score": 0.7008400559425354
      }
    ]
  },
  {
    "source": "WSJ",
    "title": "How the Migrant Crisis Strains Whitewater, Wis.",
    "published": "2024-09-27",
    "inference_result": [
      {
        "label": "neutral",
        "score": 0.8287819027900696
      }
    ]
  },
  {
    "source": "WSJ",
    "title": "\u2018The Bible\u2019: A Book on a Mission",
    "published": "2024-09-27",
    "inference_result": [
      {
        "label": "neutral",
        "score": 0.8471077084541321
      }
    ]
  },
  {
    "source": "WSJ",
    "title": "When Did Cemeteries Become Tourist Attractions and Hot-Date Spots?",
    "published": "2024-09-27",
    "inference_result": [
      {
        "label": "neutral",
        "score": 0.7467014193534851
      }
    ]
  },
  {
    "source": "WSJ",
    "title": "\u2018The Muse of History\u2019 Review: Ancient Greece\u2019s Long Shadow",
    "published": "2024-09-27",
    "inference_result": [
      {
        "label": "neutral",
        "score": 0.9032962918281555
      }
    ]
  },
  {
    "source": "WSJ",
    "title": "A U.S. Crackdown Targeted an Adderall \u2018Pill Mill.\u2019 Secretly, It Had Already Moved to China.",
    "published": "2024-09-27",
    "inference_result": [
      {
        "label": "neutral",
        "score": 0.51779705286026
      }
    ]
  }
]