[
  {
    "source": "WSJ",
    "title": "Voters Love the Policies That Economists Love to Hate",
    "published": "2024-09-22",
    "inference_result": [
      {
        "label": "negative",
        "score": 0.7014530301094055
      }
    ]
  },
  {
    "source": "WSJ",
    "title": "Gov. Lamont Responds to Peggy Noonan in Defense of Kamala Harris",
    "published": "2024-09-22",
    "inference_result": [
      {
        "label": "neutral",
        "score": 0.7616031169891357
      }
    ]
  },
  {
    "source": "WSJ",
    "title": "Gov. Lamont Responds to Peggy Noonan in Defense of Kamala Harris",
    "published": "2024-09-22",
    "inference_result": [
      {
        "label": "neutral",
        "score": 0.7616031169891357
      }
    ]
  },
  {
    "source": "WSJ",
    "title": "Roche Chairman Calls Industrial Subsidies a \u2018Waste of Money\u2019",
    "published": "2024-09-22",
    "inference_result": [
      {
        "label": "negative",
        "score": 0.8411179184913635
      }
    ]
  },
  {
    "source": "WSJ",
    "title": "Like a Drug, a Gateway Tax Leads to More",
    "published": "2024-09-22",
    "inference_result": [
      {
        "label": "negative",
        "score": 0.6418779492378235
      }
    ]
  },
  {
    "source": "WSJ",
    "title": "Trump Can Take Heart: Mark Zandi Says Harris Will Win",
    "published": "2024-09-22",
    "inference_result": [
      {
        "label": "neutral",
        "score": 0.678082287311554
      }
    ]
  },
  {
    "source": "WSJ",
    "title": "The Civil War Still Echoes in the South, Forcing Towns to Take Sides",
    "published": "2024-09-22",
    "inference_result": [
      {
        "label": "negative",
        "score": 0.9229207038879395
      }
    ]
  },
  {
    "source": "WSJ",
    "title": "Senate Control Hinges on the \u2018Last Democrat\u2019 in Montana",
    "published": "2024-09-22",
    "inference_result": [
      {
        "label": "negative",
        "score": 0.8481234312057495
      }
    ]
  },
  {
    "source": "WSJ",
    "title": "Activists Opposing Offshore Wind Turbines Embrace Nearly Extinct Right Whale in Fight - WSJ",
    "published": "2024-09-22",
    "inference_result": [
      {
        "label": "neutral",
        "score": 0.9104862809181213
      }
    ]
  },
  {
    "source": "WSJ",
    "title": "Trump Can Take Heart: Mark Zandi Says Harris Will Win",
    "published": "2024-09-22",
    "inference_result": [
      {
        "label": "neutral",
        "score": 0.678082287311554
      }
    ]
  },
  {
    "source": "WSJ",
    "title": "Notable & Quotable: Kamala Harris on Safety",
    "published": "2024-09-22",
    "inference_result": [
      {
        "label": "negative",
        "score": 0.5307772159576416
      }
    ]
  }
]