[
  {
    "source": "WSJ",
    "title": "Trumponomics May Be More Oprah Than Reagan",
    "published": "2024-09-23",
    "inference_result": [
      {
        "label": "neutral",
        "score": 0.8338268399238586
      }
    ]
  },
  {
    "source": "WSJ",
    "title": "Pick Your Favorite Socialist for President",
    "published": "2024-09-23",
    "inference_result": [
      {
        "label": "neutral",
        "score": 0.8139439225196838
      }
    ]
  },
  {
    "source": "WSJ",
    "title": "Trump Issues Fresh Trade Threats, Targeting Deere",
    "published": "2024-09-23",
    "inference_result": [
      {
        "label": "neutral",
        "score": 0.7764711380004883
      }
    ]
  },
  {
    "source": "WSJ",
    "title": "How America Wins This November",
    "published": "2024-09-23",
    "inference_result": [
      {
        "label": "neutral",
        "score": 0.710150420665741
      }
    ]
  },
  {
    "source": "WSJ",
    "title": "How America Wins This November",
    "published": "2024-09-23",
    "inference_result": [
      {
        "label": "neutral",
        "score": 0.710150420665741
      }
    ]
  },
  {
    "source": "WSJ",
    "title": "Biden Administration Proposes Ban on Chinese, Russian Components in Connected Vehicles",
    "published": "2024-09-23",
    "inference_result": [
      {
        "label": "negative",
        "score": 0.4876750111579895
      }
    ]
  },
  {
    "source": "WSJ",
    "title": "America\u2019s Ambitious Climate Plan Is Faltering",
    "published": "2024-09-23",
    "inference_result": [
      {
        "label": "positive",
        "score": 0.6857594847679138
      }
    ]
  },
  {
    "source": "WSJ",
    "title": "How America Wins This November",
    "published": "2024-09-23",
    "inference_result": [
      {
        "label": "neutral",
        "score": 0.710150420665741
      }
    ]
  },
  {
    "source": "WSJ",
    "title": "The Kamala Harris Plan for More Housing Shortages",
    "published": "2024-09-23",
    "inference_result": [
      {
        "label": "neutral",
        "score": 0.8286999464035034
      }
    ]
  },
  {
    "source": "WSJ",
    "title": "Trumponomics May Be More Oprah Than Reagan",
    "published": "2024-09-23",
    "inference_result": [
      {
        "label": "neutral",
        "score": 0.8338268399238586
      }
    ]
  },
  {
    "source": "WSJ",
    "title": "The Vast Hezbollah Arsenal Awaiting Israel in Lebanon",
    "published": "2024-09-23",
    "inference_result": [
      {
        "label": "neutral",
        "score": 0.6973053216934204
      }
    ]
  },
  {
    "source": "WSJ",
    "title": "Bob Casey\u2019s Facade of Moderation",
    "published": "2024-09-23",
    "inference_result": [
      {
        "label": "neutral",
        "score": 0.7067248821258545
      }
    ]
  },
  {
    "source": "WSJ",
    "title": "South Korea Can Go Only So Far Copying Japan\u2019s Market Reforms",
    "published": "2024-09-23",
    "inference_result": [
      {
        "label": "negative",
        "score": 0.7358192205429077
      }
    ]
  },
  {
    "source": "WSJ",
    "title": "How a Surfer Who Never Finished College Became a Biotech Billionaire",
    "published": "2024-09-23",
    "inference_result": [
      {
        "label": "neutral",
        "score": 0.8851359486579895
      }
    ]
  },
  {
    "source": "WSJ",
    "title": "Deep-Sea Mining Hits Crunch Point Amid Academic Battle Over Ocean-Floor Resources",
    "published": "2024-09-23",
    "inference_result": [
      {
        "label": "negative",
        "score": 0.9690970778465271
      }
    ]
  },
  {
    "source": "WSJ",
    "title": "How America Wins This November",
    "published": "2024-09-23",
    "inference_result": [
      {
        "label": "neutral",
        "score": 0.710150420665741
      }
    ]
  },
  {
    "source": "WSJ",
    "title": "Ryan Routh\u2019s Political Motives",
    "published": "2024-09-23",
    "inference_result": [
      {
        "label": "negative",
        "score": 0.7505771517753601
      }
    ]
  },
  {
    "source": "WSJ",
    "title": "America\u2019s Ambitious Climate Plan Is Faltering",
    "published": "2024-09-23",
    "inference_result": [
      {
        "label": "positive",
        "score": 0.6857594847679138
      }
    ]
  },
  {
    "source": "WSJ",
    "title": "Robinhood Touts Rock-Bottom Fees for Options Trading. Then Come the Hidden Costs.",
    "published": "2024-09-23",
    "inference_result": [
      {
        "label": "negative",
        "score": 0.9346002340316772
      }
    ]
  }
]