[
  {
    "source": "WSJ",
    "title": "Trump Transition Co-Chair Makes Late Play for Treasury Secretary",
    "published": "2024-11-13",
    "inference_result": [
      {
        "label": "neutral",
        "score": 0.8549639582633972
      }
    ]
  },
  {
    "source": "WSJ",
    "title": "How China Capitalized on U.S. Indifference in Latin America",
    "published": "2024-11-13",
    "inference_result": [
      {
        "label": "negative",
        "score": 0.8851965665817261
      }
    ]
  },
  {
    "source": "WSJ",
    "title": "Inflation Stays Firm, but Not Enough to Derail December Fed Cut",
    "published": "2024-11-13",
    "inference_result": [
      {
        "label": "positive",
        "score": 0.6270080804824829
      }
    ]
  },
  {
    "source": "WSJ",
    "title": "Pentagon Has Two Years to Prevent World War III",
    "published": "2024-11-13",
    "inference_result": [
      {
        "label": "neutral",
        "score": 0.633383572101593
      }
    ]
  },
  {
    "source": "WSJ",
    "title": "Sweden\u2019s Klarna Files for U.S. IPO",
    "published": "2024-11-13",
    "inference_result": [
      {
        "label": "neutral",
        "score": 0.9542842507362366
      }
    ]
  },
  {
    "source": "WSJ",
    "title": "The Biggest Challenge Facing Musk\u2019s DOGE",
    "published": "2024-11-13",
    "inference_result": [
      {
        "label": "neutral",
        "score": 0.5202984809875488
      }
    ]
  },
  {
    "source": "WSJ",
    "title": "Republicans Clinch House Majority but Face Narrow Margin",
    "published": "2024-11-13",
    "inference_result": [
      {
        "label": "negative",
        "score": 0.5317978262901306
      }
    ]
  },
  {
    "source": "WSJ",
    "title": "Service Has Served Me Well",
    "published": "2024-11-13",
    "inference_result": [
      {
        "label": "neutral",
        "score": 0.723669171333313
      }
    ]
  },
  {
    "source": "WSJ",
    "title": "FBI Seizes Polymarket Founder\u2019s Phone in Raid of Home",
    "published": "2024-11-13",
    "inference_result": [
      {
        "label": "negative",
        "score": 0.8980299234390259
      }
    ]
  },
  {
    "source": "WSJ",
    "title": "How China Capitalized on U.S. Indifference in Latin America",
    "published": "2024-11-13",
    "inference_result": [
      {
        "label": "negative",
        "score": 0.8851965665817261
      }
    ]
  },
  {
    "source": "WSJ",
    "title": "\u2018The Highest Calling\u2019 Review: Inside the Oval Office",
    "published": "2024-11-13",
    "inference_result": [
      {
        "label": "neutral",
        "score": 0.7638019919395447
      }
    ]
  },
  {
    "source": "WSJ",
    "title": "Why Trump Wants Hegseth at Defense",
    "published": "2024-11-13",
    "inference_result": [
      {
        "label": "neutral",
        "score": 0.8798490166664124
      }
    ]
  }
]