[
  {
    "source": "WSJ",
    "title": "Gold Futures Set New Record on Safe-Haven Demand, Weaker U.S. Dollar",
    "published": "2025-01-30",
    "inference_result": [
      {
        "label": "negative",
        "score": 0.9468632340431213
      }
    ]
  },
  {
    "source": "WSJ",
    "title": "Trump, Facing Two Crises in His Second Week, Spreads the Blame Around",
    "published": "2025-01-30",
    "inference_result": [
      {
        "label": "neutral",
        "score": 0.8830997943878174
      }
    ]
  },
  {
    "source": "WSJ",
    "title": "The Score: Starbucks, Nvidia, American Airlines and More Stocks That Defined the Week",
    "published": "2025-01-30",
    "inference_result": [
      {
        "label": "neutral",
        "score": 0.9132109880447388
      }
    ]
  },
  {
    "source": "WSJ",
    "title": "Eurozone Inflation to Settle at 2% Target by Summer, Villeroy Says",
    "published": "2025-01-30",
    "inference_result": [
      {
        "label": "negative",
        "score": 0.9368816614151001
      }
    ]
  },
  {
    "source": "WSJ",
    "title": "Gramm and Summers: A Letter on Tariffs From Economists to Trump",
    "published": "2025-01-30",
    "inference_result": [
      {
        "label": "neutral",
        "score": 0.8537909388542175
      }
    ]
  },
  {
    "source": "WSJ",
    "title": "There\u2019s a Logjam in the U.S. Lumber Industry",
    "published": "2025-01-30",
    "inference_result": [
      {
        "label": "positive",
        "score": 0.5967003703117371
      }
    ]
  },
  {
    "source": "WSJ",
    "title": "Trump Inherits a So-So Economy",
    "published": "2025-01-30",
    "inference_result": [
      {
        "label": "positive",
        "score": 0.8790690898895264
      }
    ]
  },
  {
    "source": "WSJ",
    "title": "Trump Lashes Out at a Favorite Nemesis: The Federal Reserve",
    "published": "2025-01-30",
    "inference_result": [
      {
        "label": "neutral",
        "score": 0.7543143630027771
      }
    ]
  },
  {
    "source": "WSJ",
    "title": "PulteGroup Results Top Estimates Ahead of Crucial Spring Selling Season",
    "published": "2025-01-30",
    "inference_result": [
      {
        "label": "neutral",
        "score": 0.9028729796409607
      }
    ]
  },
  {
    "source": "WSJ",
    "title": "There\u2019s a Logjam in the U.S. Lumber Industry",
    "published": "2025-01-30",
    "inference_result": [
      {
        "label": "positive",
        "score": 0.5967003703117371
      }
    ]
  },
  {
    "source": "WSJ",
    "title": "ECB Cuts Rates With Economy at a Standstill",
    "published": "2025-01-30",
    "inference_result": [
      {
        "label": "positive",
        "score": 0.9433119297027588
      }
    ]
  },
  {
    "source": "WSJ",
    "title": "Here\u2019s What Stands in the Way of Trump\u2019s \u2018Big, Beautiful\u2019 Tax and Border Bill",
    "published": "2025-01-30",
    "inference_result": [
      {
        "label": "negative",
        "score": 0.9155758023262024
      }
    ]
  },
  {
    "source": "WSJ",
    "title": "Gramm and Summers: A Letter on Tariffs From Economists to Trump",
    "published": "2025-01-30",
    "inference_result": [
      {
        "label": "neutral",
        "score": 0.8537909388542175
      }
    ]
  },
  {
    "source": "WSJ",
    "title": "Paging DeepSeek\u2019s DEI Staff",
    "published": "2025-01-30",
    "inference_result": [
      {
        "label": "negative",
        "score": 0.511846125125885
      }
    ]
  },
  {
    "source": "WSJ",
    "title": "Trump Aides Hunt for 11th-Hour Deal to Dial Back Canada-Mexico Tariffs",
    "published": "2025-01-30",
    "inference_result": [
      {
        "label": "neutral",
        "score": 0.9264694452285767
      }
    ]
  },
  {
    "source": "WSJ",
    "title": "Here\u2019s What Stands in the Way of Trump\u2019s \u2018Big, Beautiful\u2019 Tax and Border Bill",
    "published": "2025-01-30",
    "inference_result": [
      {
        "label": "negative",
        "score": 0.9155758023262024
      }
    ]
  },
  {
    "source": "WSJ",
    "title": "The West\u2019s Arctic Defenses Rely on Some Sled Dogs and Aging Ships in Greenland",
    "published": "2025-01-30",
    "inference_result": [
      {
        "label": "negative",
        "score": 0.8675231337547302
      }
    ]
  },
  {
    "source": "WSJ",
    "title": "Notable & Quotable: The Right",
    "published": "2025-01-30",
    "inference_result": [
      {
        "label": "negative",
        "score": 0.5306271314620972
      }
    ]
  },
  {
    "source": "WSJ",
    "title": "Hamas Turns Hostage Releases Into a Humiliating Spectacle for Israel",
    "published": "2025-01-30",
    "inference_result": [
      {
        "label": "negative",
        "score": 0.938457190990448
      }
    ]
  }
]