[
  {
    "source": "WSJ",
    "title": "The WSJ Dollar Index Rises 0.1% to 101.33",
    "published": "2025-02-18",
    "inference_result": [
      {
        "label": "negative",
        "score": 0.5086608529090881
      }
    ]
  },
  {
    "source": "WSJ",
    "title": "Energy & Utilities Roundup: Market Talk",
    "published": "2025-02-18",
    "inference_result": [
      {
        "label": "neutral",
        "score": 0.9504127502441406
      }
    ]
  },
  {
    "source": "WSJ",
    "title": "Trump Makes Broad Use of Emergency Powers to Advance Policy Priorities",
    "published": "2025-02-18",
    "inference_result": [
      {
        "label": "negative",
        "score": 0.6696828603744507
      }
    ]
  },
  {
    "source": "WSJ",
    "title": "How Dirty Money From Fentanyl Sales Is Flowing Through China",
    "published": "2025-02-18",
    "inference_result": [
      {
        "label": "negative",
        "score": 0.8135530352592468
      }
    ]
  },
  {
    "source": "WSJ",
    "title": "Heineken CEO Aims to Tap Into Thirst for Zero-Alcohol Beer",
    "published": "2025-02-18",
    "inference_result": [
      {
        "label": "positive",
        "score": 0.9576390981674194
      }
    ]
  },
  {
    "source": "WSJ",
    "title": "An Investing Riddle: Stocks Are in Turmoil but Stock Markets Aren\u2019t",
    "published": "2025-02-18",
    "inference_result": [
      {
        "label": "negative",
        "score": 0.9509797692298889
      }
    ]
  },
  {
    "source": "WSJ",
    "title": "Europe Flails for Response After Trump Blames Kyiv for Ukraine War",
    "published": "2025-02-18",
    "inference_result": [
      {
        "label": "negative",
        "score": 0.4836191236972809
      }
    ]
  },
  {
    "source": "WSJ",
    "title": "U.S., Russia Forge New Path on Ukraine After First High-Level Talks",
    "published": "2025-02-18",
    "inference_result": [
      {
        "label": "negative",
        "score": 0.8570037484169006
      }
    ]
  },
  {
    "source": "WSJ",
    "title": "Trump Floats 25% Tariffs on Autos, Chips, Pharmaceuticals",
    "published": "2025-02-18",
    "inference_result": [
      {
        "label": "neutral",
        "score": 0.9298466444015503
      }
    ]
  },
  {
    "source": "WSJ",
    "title": "Birthright Citizenship and 19th-Century \u2018Illegal Aliens\u2019",
    "published": "2025-02-18",
    "inference_result": [
      {
        "label": "neutral",
        "score": 0.9133131504058838
      }
    ]
  },
  {
    "source": "WSJ",
    "title": "Exclusive | Payments Processor Shift4 Strikes $1.5 Billion Deal for Tax-Free Shopping Network",
    "published": "2025-02-18",
    "inference_result": [
      {
        "label": "positive",
        "score": 0.4966656267642975
      }
    ]
  },
  {
    "source": "WSJ",
    "title": "A Guide to U.S.-Russia Talks on Ending the War in Ukraine",
    "published": "2025-02-18",
    "inference_result": [
      {
        "label": "positive",
        "score": 0.566034197807312
      }
    ]
  },
  {
    "source": "WSJ",
    "title": "Anglo American Sells Nickel Business for Up to $500 Million",
    "published": "2025-02-18",
    "inference_result": [
      {
        "label": "neutral",
        "score": 0.9021600484848022
      }
    ]
  },
  {
    "source": "WSJ",
    "title": "What Trump\u2019s Plan to Stop Minting Pennies Means for Consumers",
    "published": "2025-02-18",
    "inference_result": [
      {
        "label": "negative",
        "score": 0.843281090259552
      }
    ]
  }
]