[
  {
    "source": "WSJ",
    "title": "Mild April Inflation Captures Early Stages of Tariff Effects",
    "published": "2025-05-13",
    "inference_result": [
      {
        "label": "positive",
        "score": 0.9532713890075684
      }
    ]
  },
  {
    "source": "WSJ",
    "title": "Honda, Nissan Expect to Be Hit Hard by U.S. Tariffs",
    "published": "2025-05-13",
    "inference_result": [
      {
        "label": "neutral",
        "score": 0.9017525315284729
      }
    ]
  },
  {
    "source": "WSJ",
    "title": "China Exults in Trump\u2019s Tariff Pullback",
    "published": "2025-05-13",
    "inference_result": [
      {
        "label": "neutral",
        "score": 0.6853825449943542
      }
    ]
  },
  {
    "source": "WSJ",
    "title": "Sony Sees Modest Hit From U.S. Tariffs",
    "published": "2025-05-13",
    "inference_result": [
      {
        "label": "negative",
        "score": 0.9756996631622314
      }
    ]
  },
  {
    "source": "WSJ",
    "title": "China Exults in Trump\u2019s Tariff Pullback",
    "published": "2025-05-13",
    "inference_result": [
      {
        "label": "neutral",
        "score": 0.6853825449943542
      }
    ]
  },
  {
    "source": "WSJ",
    "title": "Trade Court Grills Government Over Trump\u2019s \u2018Liberation Day\u2019 Tariffs",
    "published": "2025-05-13",
    "inference_result": [
      {
        "label": "neutral",
        "score": 0.610964834690094
      }
    ]
  },
  {
    "source": "WSJ",
    "title": "Trade Upheaval Might Offer Opportunity for Distressed-Debt Investors",
    "published": "2025-05-13",
    "inference_result": [
      {
        "label": "positive",
        "score": 0.8983736634254456
      }
    ]
  },
  {
    "source": "WSJ",
    "title": "Bayer Shares Jump After Results Beat Expectations on Pharma Strength",
    "published": "2025-05-13",
    "inference_result": [
      {
        "label": "positive",
        "score": 0.9333030581474304
      }
    ]
  },
  {
    "source": "WSJ",
    "title": "Trade Chaos Raises Big Question: Why Does China Eat So Many American Pistachios?",
    "published": "2025-05-13",
    "inference_result": [
      {
        "label": "neutral",
        "score": 0.5913580656051636
      }
    ]
  },
  {
    "source": "WSJ",
    "title": "Nissan Motor Posts More Than $4.5 Billion Loss, to Cut 20,000 Jobs",
    "published": "2025-05-13",
    "inference_result": [
      {
        "label": "negative",
        "score": 0.9067953824996948
      }
    ]
  },
  {
    "source": "WSJ",
    "title": "Burberry to Cut 1,700 Jobs on Persisting Luxury Demand Downturn",
    "published": "2025-05-13",
    "inference_result": [
      {
        "label": "neutral",
        "score": 0.6289052963256836
      }
    ]
  },
  {
    "source": "WSJ",
    "title": "Trump\u2019s Drug-Price Crackdown, Like His Trade War, Could Be More Bark Than Bite",
    "published": "2025-05-13",
    "inference_result": [
      {
        "label": "neutral",
        "score": 0.7973297238349915
      }
    ]
  },
  {
    "source": "WSJ",
    "title": "These Investors Cashed In by Holding Firm When Markets Slumped",
    "published": "2025-05-13",
    "inference_result": [
      {
        "label": "neutral",
        "score": 0.7884950637817383
      }
    ]
  },
  {
    "source": "WSJ",
    "title": "The NFL\u2019s Media Chief Thinks the League Still Has Room to Grow",
    "published": "2025-05-13",
    "inference_result": [
      {
        "label": "neutral",
        "score": 0.9196116328239441
      }
    ]
  },
  {
    "source": "WSJ",
    "title": "TPG\u2019s $13 Billion Buyout Fund Target Reflects Tough Market",
    "published": "2025-05-13",
    "inference_result": [
      {
        "label": "negative",
        "score": 0.9275762438774109
      }
    ]
  },
  {
    "source": "WSJ",
    "title": "SoftBank Group Posts First Annual Profit in Four Years Amid AI Investment Ramp-Up",
    "published": "2025-05-13",
    "inference_result": [
      {
        "label": "neutral",
        "score": 0.5388041734695435
      }
    ]
  },
  {
    "source": "WSJ",
    "title": "Trump Slashes \u2018De Minimis\u2019 Tariffs on Small Shipments From China",
    "published": "2025-05-13",
    "inference_result": [
      {
        "label": "positive",
        "score": 0.794583797454834
      }
    ]
  },
  {
    "source": "WSJ",
    "title": "China Exults in Trump\u2019s Tariff Pullback",
    "published": "2025-05-13",
    "inference_result": [
      {
        "label": "neutral",
        "score": 0.6853825449943542
      }
    ]
  },
  {
    "source": "WSJ",
    "title": "One Cheer for the House Tax Bill",
    "published": "2025-05-13",
    "inference_result": [
      {
        "label": "neutral",
        "score": 0.6183454394340515
      }
    ]
  },
  {
    "source": "WSJ",
    "title": "\u2018MAGA Accounts\u2019: What to Know About the $1,000 Child Savings Pitch in the Tax Bill",
    "published": "2025-05-13",
    "inference_result": [
      {
        "label": "neutral",
        "score": 0.9379336833953857
      }
    ]
  },
  {
    "source": "WSJ",
    "title": "Hospital Stocks Get Reprieve on Medicaid Spending, for Now",
    "published": "2025-05-13",
    "inference_result": [
      {
        "label": "negative",
        "score": 0.6855623126029968
      }
    ]
  },
  {
    "source": "WSJ",
    "title": "Is Social Security an Exemplar of Efficiency?",
    "published": "2025-05-13",
    "inference_result": [
      {
        "label": "positive",
        "score": 0.7579025626182556
      }
    ]
  },
  {
    "source": "WSJ",
    "title": "These Investors Cashed In by Holding Firm When Markets Slumped",
    "published": "2025-05-13",
    "inference_result": [
      {
        "label": "neutral",
        "score": 0.7884950637817383
      }
    ]
  },
  {
    "source": "WSJ",
    "title": "What if Republicans Ditch the Senate\u2019s Rules?",
    "published": "2025-05-13",
    "inference_result": [
      {
        "label": "neutral",
        "score": 0.8346562385559082
      }
    ]
  },
  {
    "source": "WSJ",
    "title": "Bayer Shares Jump After Results Beat Expectations on Pharma Strength",
    "published": "2025-05-13",
    "inference_result": [
      {
        "label": "positive",
        "score": 0.9333030581474304
      }
    ]
  },
  {
    "source": "WSJ",
    "title": "Trump\u2019s Drug-Price Crackdown, Like His Trade War, Could Be More Bark Than Bite",
    "published": "2025-05-13",
    "inference_result": [
      {
        "label": "neutral",
        "score": 0.7973297238349915
      }
    ]
  },
  {
    "source": "WSJ",
    "title": "Inside the Arizona Warehouse That Has Become Shelter in Tariff Storm",
    "published": "2025-05-13",
    "inference_result": [
      {
        "label": "neutral",
        "score": 0.8542524576187134
      }
    ]
  },
  {
    "source": "WSJ",
    "title": "Israel Targeted Hamas Leader Mohammed Sinwar in Gaza Airstrike",
    "published": "2025-05-13",
    "inference_result": [
      {
        "label": "negative",
        "score": 0.8268726468086243
      }
    ]
  },
  {
    "source": "WSJ",
    "title": "Inside the Arizona Warehouse That Has Become Shelter in Tariff Storm",
    "published": "2025-05-13",
    "inference_result": [
      {
        "label": "neutral",
        "score": 0.8542524576187134
      }
    ]
  },
  {
    "source": "WSJ",
    "title": "Trade Court Grills Government Over Trump\u2019s \u2018Liberation Day\u2019 Tariffs",
    "published": "2025-05-13",
    "inference_result": [
      {
        "label": "neutral",
        "score": 0.610964834690094
      }
    ]
  }
]