[
  {
    "source": "WSJ",
    "title": "IEA Says Trade Tensions Weigh on Oil Demand, Warns of Supply Surplus",
    "published": "2025-03-13",
    "inference_result": [
      {
        "label": "negative",
        "score": 0.9588647484779358
      }
    ]
  },
  {
    "source": "WSJ",
    "title": "Democrats\u2019 Feeble Trump Resistance",
    "published": "2025-03-13",
    "inference_result": [
      {
        "label": "neutral",
        "score": 0.9209162592887878
      }
    ]
  },
  {
    "source": "WSJ",
    "title": "How to Tell if the Market Selloff Has Hit Bottom",
    "published": "2025-03-13",
    "inference_result": [
      {
        "label": "neutral",
        "score": 0.935418426990509
      }
    ]
  },
  {
    "source": "WSJ",
    "title": "Lego Sales Increase Despite Falling Global Toy Market",
    "published": "2025-03-13",
    "inference_result": [
      {
        "label": "positive",
        "score": 0.8344754576683044
      }
    ]
  },
  {
    "source": "WSJ",
    "title": "Canada Finds Solidarity at G-7 in Push Against Trump\u2019s 51st State Idea",
    "published": "2025-03-13",
    "inference_result": [
      {
        "label": "negative",
        "score": 0.8101255893707275
      }
    ]
  },
  {
    "source": "WSJ",
    "title": "From Champagne to Bourbon, Alcohol Lands on Front Lines of Global Trade War",
    "published": "2025-03-13",
    "inference_result": [
      {
        "label": "neutral",
        "score": 0.7567112445831299
      }
    ]
  },
  {
    "source": "WSJ",
    "title": "Tesla\u2019s Stock Still Isn\u2019t Cheap",
    "published": "2025-03-13",
    "inference_result": [
      {
        "label": "negative",
        "score": 0.9472768306732178
      }
    ]
  },
  {
    "source": "WSJ",
    "title": "Consumer Angst Is Striking All Income Levels",
    "published": "2025-03-13",
    "inference_result": [
      {
        "label": "negative",
        "score": 0.9391894340515137
      }
    ]
  },
  {
    "source": "WSJ",
    "title": "Canada Finds Solidarity at G-7 in Push Against Trump\u2019s 51st State Idea",
    "published": "2025-03-13",
    "inference_result": [
      {
        "label": "negative",
        "score": 0.8101255893707275
      }
    ]
  },
  {
    "source": "WSJ",
    "title": "Liberals Learn a Tax Lesson",
    "published": "2025-03-13",
    "inference_result": [
      {
        "label": "positive",
        "score": 0.5222849249839783
      }
    ]
  },
  {
    "source": "WSJ",
    "title": "Trump\u2019s Tariffs Have McKinley Turning in His Grave",
    "published": "2025-03-13",
    "inference_result": [
      {
        "label": "neutral",
        "score": 0.8401010632514954
      }
    ]
  },
  {
    "source": "WSJ",
    "title": "Liberals Learn a Tax Lesson",
    "published": "2025-03-13",
    "inference_result": [
      {
        "label": "positive",
        "score": 0.5222849249839783
      }
    ]
  },
  {
    "source": "WSJ",
    "title": "Shoppers Are Skimping on Cigarettes, Doritos and Twinkies",
    "published": "2025-03-13",
    "inference_result": [
      {
        "label": "negative",
        "score": 0.974670946598053
      }
    ]
  },
  {
    "source": "WSJ",
    "title": "From Champagne to Bourbon, Alcohol Lands on Front Lines of Global Trade War",
    "published": "2025-03-13",
    "inference_result": [
      {
        "label": "neutral",
        "score": 0.7567112445831299
      }
    ]
  },
  {
    "source": "WSJ",
    "title": "Hugo Boss Warns of Lingering Uncertainty Amid Weak Consumer Sentiment",
    "published": "2025-03-13",
    "inference_result": [
      {
        "label": "positive",
        "score": 0.9460324645042419
      }
    ]
  },
  {
    "source": "WSJ",
    "title": "Top IRS Lawyer Set to Be Demoted Amid Taxpayer Data-Sharing Clash",
    "published": "2025-03-13",
    "inference_result": [
      {
        "label": "neutral",
        "score": 0.8609268069267273
      }
    ]
  },
  {
    "source": "WSJ",
    "title": "Russia Says Nyet to Trump\u2019s Ukraine Cease-Fire",
    "published": "2025-03-13",
    "inference_result": [
      {
        "label": "negative",
        "score": 0.775074303150177
      }
    ]
  },
  {
    "source": "WSJ",
    "title": "D.C. Mayor Tried to Appease the GOP. The City Is Facing a $1 Billion Budget Cut Anyway.",
    "published": "2025-03-13",
    "inference_result": [
      {
        "label": "negative",
        "score": 0.8999561071395874
      }
    ]
  },
  {
    "source": "WSJ",
    "title": "Puma Warns of Sluggish Sales Growth Amid Trade Wars, Currency Volatility",
    "published": "2025-03-13",
    "inference_result": [
      {
        "label": "positive",
        "score": 0.9435489773750305
      }
    ]
  },
  {
    "source": "WSJ",
    "title": "D.C. Mayor Tried to Appease the GOP. The City Is Facing a $1 Billion Budget Cut Anyway.",
    "published": "2025-03-13",
    "inference_result": [
      {
        "label": "negative",
        "score": 0.8999561071395874
      }
    ]
  },
  {
    "source": "WSJ",
    "title": "Putin and Trump May Rescue Europe\u2019s Economy",
    "published": "2025-03-13",
    "inference_result": [
      {
        "label": "neutral",
        "score": 0.5114070773124695
      }
    ]
  },
  {
    "source": "WSJ",
    "title": "The Epic Dynastic Feud Behind the Arrest of the Former Philippine President",
    "published": "2025-03-13",
    "inference_result": [
      {
        "label": "negative",
        "score": 0.8465810418128967
      }
    ]
  }
]