[
  {
    "source": "WSJ",
    "title": "ASML Warns on Tariff Uncertainty, Logs Weak Orders",
    "published": "2025-04-16",
    "inference_result": [
      {
        "label": "negative",
        "score": 0.9720718860626221
      }
    ]
  },
  {
    "source": "WSJ",
    "title": "Alcoa to Face Steep Costs From Tariffs Despite Strong Results",
    "published": "2025-04-16",
    "inference_result": [
      {
        "label": "positive",
        "score": 0.9541158080101013
      }
    ]
  },
  {
    "source": "WSJ",
    "title": "EQT Says Its Portfolio Has Limited Direct Tariff Exposure, but Sees Impact on Exit Plans",
    "published": "2025-04-16",
    "inference_result": [
      {
        "label": "negative",
        "score": 0.8212031126022339
      }
    ]
  },
  {
    "source": "WSJ",
    "title": "Bank of Canada Holds Rates Steady as It Examines Tariff Fallout",
    "published": "2025-04-16",
    "inference_result": [
      {
        "label": "positive",
        "score": 0.7276914119720459
      }
    ]
  },
  {
    "source": "WSJ",
    "title": "AI Can\u2019t Predict the Impact of Tariffs\u2014but It Will Try",
    "published": "2025-04-16",
    "inference_result": [
      {
        "label": "neutral",
        "score": 0.6110948920249939
      }
    ]
  },
  {
    "source": "WSJ",
    "title": "EQT Says Its Portfolio Has Limited Direct Tariff Exposure, but Sees Impact on Exit Plans",
    "published": "2025-04-16",
    "inference_result": [
      {
        "label": "negative",
        "score": 0.8212031126022339
      }
    ]
  }
]