[
  {
    "source": "WSJ",
    "title": "Businesses Preparing for Another Year of Geopolitical Tumult",
    "published": "2025-01-02",
    "inference_result": [
      {
        "label": "positive",
        "score": 0.5086961984634399
      }
    ]
  },
  {
    "source": "WSJ",
    "title": "China Adds to Sanctions of U.S. Defense Contractors Over Taiwan Arms Sales",
    "published": "2025-01-02",
    "inference_result": [
      {
        "label": "positive",
        "score": 0.5825249552726746
      }
    ]
  },
  {
    "source": "WSJ",
    "title": "U.S. Companies Vouched for China During Trump\u2019s First Term. Not Anymore.",
    "published": "2025-01-02",
    "inference_result": [
      {
        "label": "negative",
        "score": 0.8691191077232361
      }
    ]
  },
  {
    "source": "WSJ",
    "title": "China Adds to Sanctions of U.S. Defense Contractors Over Taiwan Arms Sales",
    "published": "2025-01-02",
    "inference_result": [
      {
        "label": "positive",
        "score": 0.5825249552726746
      }
    ]
  },
  {
    "source": "WSJ",
    "title": "Readers Respond on the Jimmy Carter Presidency",
    "published": "2025-01-02",
    "inference_result": [
      {
        "label": "neutral",
        "score": 0.9190436601638794
      }
    ]
  },
  {
    "source": "WSJ",
    "title": "Palestinian Authority Bans Al Jazeera in West Bank",
    "published": "2025-01-02",
    "inference_result": [
      {
        "label": "negative",
        "score": 0.9222672581672668
      }
    ]
  },
  {
    "source": "WSJ",
    "title": "Swisscom Cuts Earnings Guidance on Early Closing of Vodafone Italia Deal",
    "published": "2025-01-02",
    "inference_result": [
      {
        "label": "neutral",
        "score": 0.8948936462402344
      }
    ]
  },
  {
    "source": "WSJ",
    "title": "1,800 Miles to Satisfy a Craving: Meet the World\u2019s Most Dedicated Food-Delivery Guy",
    "published": "2025-01-02",
    "inference_result": [
      {
        "label": "positive",
        "score": 0.6955543160438538
      }
    ]
  }
]