[
  {
    "source": "WSJ",
    "title": "Walmart Becomes Biggest Retailer Yet to Pass Through Tariff Price Increases",
    "published": "2025-05-14",
    "inference_result": [
      {
        "label": "positive",
        "score": 0.7380422949790955
      }
    ]
  },
  {
    "source": "WSJ",
    "title": "Foxconn Posts Strong Profit but Lowers Guidance Amid Tariff Risks",
    "published": "2025-05-14",
    "inference_result": [
      {
        "label": "positive",
        "score": 0.9086044430732727
      }
    ]
  },
  {
    "source": "WSJ",
    "title": "Foxconn Posts Strong Profit but Lowers Guidance Amid Tariff Risks",
    "published": "2025-05-14",
    "inference_result": [
      {
        "label": "positive",
        "score": 0.9086044430732727
      }
    ]
  },
  {
    "source": "WSJ",
    "title": "U.S. Takes a Swing at Europe\u2019s Digital Rules",
    "published": "2025-05-14",
    "inference_result": [
      {
        "label": "negative",
        "score": 0.8686003684997559
      }
    ]
  },
  {
    "source": "WSJ",
    "title": "Shipping Rates Rise as U.S.-China Trade Truce Drives Import Surge",
    "published": "2025-05-14",
    "inference_result": [
      {
        "label": "negative",
        "score": 0.9587913155555725
      }
    ]
  },
  {
    "source": "WSJ",
    "title": "Secret Purges, Tense Standoffs: The War Over Household Clutter",
    "published": "2025-05-14",
    "inference_result": [
      {
        "label": "neutral",
        "score": 0.6773619055747986
      }
    ]
  },
  {
    "source": "WSJ",
    "title": "Dick\u2019s Sporting Goods to Buy Foot Locker for $2.4 Billion",
    "published": "2025-05-14",
    "inference_result": [
      {
        "label": "neutral",
        "score": 0.8590262532234192
      }
    ]
  },
  {
    "source": "WSJ",
    "title": "Tencent Posts Solid Results as AI Investments Start to Pay Off",
    "published": "2025-05-14",
    "inference_result": [
      {
        "label": "positive",
        "score": 0.888058066368103
      }
    ]
  },
  {
    "source": "WSJ",
    "title": "What if Your Salary Is Too High for Today\u2019s Job Market?",
    "published": "2025-05-14",
    "inference_result": [
      {
        "label": "negative",
        "score": 0.8802457451820374
      }
    ]
  },
  {
    "source": "WSJ",
    "title": "Birthright Citizenship Reaches the Supreme Court",
    "published": "2025-05-14",
    "inference_result": [
      {
        "label": "neutral",
        "score": 0.6156149506568909
      }
    ]
  },
  {
    "source": "WSJ",
    "title": "Cisco Systems Boosts Outlook After Posting Higher Profit, Sales",
    "published": "2025-05-14",
    "inference_result": [
      {
        "label": "positive",
        "score": 0.7743574976921082
      }
    ]
  },
  {
    "source": "WSJ",
    "title": "China Is Building Megaports in South America to Feed Its Need for Crops",
    "published": "2025-05-14",
    "inference_result": [
      {
        "label": "neutral",
        "score": 0.6856953501701355
      }
    ]
  },
  {
    "source": "WSJ",
    "title": "Rich vs. Poor: Who Gets What in the GOP Tax Bill",
    "published": "2025-05-14",
    "inference_result": [
      {
        "label": "neutral",
        "score": 0.5057272911071777
      }
    ]
  },
  {
    "source": "WSJ",
    "title": "The Pros and Cons of Four Alternatives to \u2018529\u2019 Plans for College",
    "published": "2025-05-14",
    "inference_result": [
      {
        "label": "neutral",
        "score": 0.8254190683364868
      }
    ]
  },
  {
    "source": "WSJ",
    "title": "Walmart\u2019s Price Hikes Open Door to Increases From \u2018Everybody Else\u2019",
    "published": "2025-05-14",
    "inference_result": [
      {
        "label": "positive",
        "score": 0.9296085238456726
      }
    ]
  },
  {
    "source": "WSJ",
    "title": "Hapag-Lloyd Confirms Guidance but Warns on Uncertainty",
    "published": "2025-05-14",
    "inference_result": [
      {
        "label": "negative",
        "score": 0.956423819065094
      }
    ]
  }
]