[
  {
    "source": "WSJ",
    "title": "Trump Says He Settled on \u2018Liberation Day\u2019 Tariff Plan but Doesn\u2019t Reveal It",
    "published": "2025-03-31",
    "inference_result": [
      {
        "label": "positive",
        "score": 0.7403565645217896
      }
    ]
  },
  {
    "source": "WSJ",
    "title": "EU Has Plan to Retaliate on U.S. Tariffs, Von der Leyen Says",
    "published": "2025-03-31",
    "inference_result": [
      {
        "label": "neutral",
        "score": 0.8263344168663025
      }
    ]
  },
  {
    "source": "WSJ",
    "title": "What to Know About Trump\u2019s Latest Tariffs",
    "published": "2025-03-31",
    "inference_result": [
      {
        "label": "negative",
        "score": 0.6575466990470886
      }
    ]
  },
  {
    "source": "WSJ",
    "title": "EU Has Plan to Retaliate on U.S. Tariffs, Von der Leyen Says",
    "published": "2025-03-31",
    "inference_result": [
      {
        "label": "neutral",
        "score": 0.8263344168663025
      }
    ]
  },
  {
    "source": "WSJ",
    "title": "Auto Stocks Fall After Trump Says He \u2018Couldn\u2019t Care Less\u2019 About Higher Prices",
    "published": "2025-03-31",
    "inference_result": [
      {
        "label": "negative",
        "score": 0.7147570848464966
      }
    ]
  },
  {
    "source": "WSJ",
    "title": "What Tariffs Are Already in Place and What Is Trump Planning This Week?",
    "published": "2025-03-31",
    "inference_result": [
      {
        "label": "neutral",
        "score": 0.8516351580619812
      }
    ]
  },
  {
    "source": "WSJ",
    "title": "Auto Stocks Fall After Trump Says He \u2018Couldn\u2019t Care Less\u2019 About Higher Prices",
    "published": "2025-03-31",
    "inference_result": [
      {
        "label": "negative",
        "score": 0.7147570848464966
      }
    ]
  },
  {
    "source": "WSJ",
    "title": "A $6 Trillion Trump Tax Increase?",
    "published": "2025-03-31",
    "inference_result": [
      {
        "label": "positive",
        "score": 0.650905191898346
      }
    ]
  },
  {
    "source": "WSJ",
    "title": "A $6 Trillion Trump Tax Increase?",
    "published": "2025-03-31",
    "inference_result": [
      {
        "label": "positive",
        "score": 0.650905191898346
      }
    ]
  }
]