[
  {
    "source": "WSJ",
    "title": "Volvo Car Warns of Challenging Year Ahead as Competition Heats Up",
    "published": "2025-02-06",
    "inference_result": [
      {
        "label": "negative",
        "score": 0.9515820741653442
      }
    ]
  },
  {
    "source": "WSJ",
    "title": "Venezuela\u2019s Citgo Is Proving a Tough Sell for Bidders",
    "published": "2025-02-06",
    "inference_result": [
      {
        "label": "negative",
        "score": 0.9006636142730713
      }
    ]
  },
  {
    "source": "WSJ",
    "title": "Volvo Car Warns of Challenging Year Ahead as Competition Heats Up",
    "published": "2025-02-06",
    "inference_result": [
      {
        "label": "negative",
        "score": 0.9515820741653442
      }
    ]
  },
  {
    "source": "WSJ",
    "title": "China\u2019s Firms Are Bleeding Cash\u2014and Vulnerable to Trump\u2019s Trade War",
    "published": "2025-02-06",
    "inference_result": [
      {
        "label": "negative",
        "score": 0.9706032872200012
      }
    ]
  },
  {
    "source": "WSJ",
    "title": "AstraZeneca Expects Revenue, Earnings Growth Despite Sales Drop in China",
    "published": "2025-02-06",
    "inference_result": [
      {
        "label": "negative",
        "score": 0.8828688263893127
      }
    ]
  },
  {
    "source": "WSJ",
    "title": "Bank of England Cuts Interest Rates to 4.5%, Warns of Trump Tariff Impact",
    "published": "2025-02-06",
    "inference_result": [
      {
        "label": "negative",
        "score": 0.962540864944458
      }
    ]
  },
  {
    "source": "WSJ",
    "title": "A.P. Moller-Maersk Swings to Profit as Red Sea Disruptions Boost Freight Rates",
    "published": "2025-02-06",
    "inference_result": [
      {
        "label": "positive",
        "score": 0.953931987285614
      }
    ]
  },
  {
    "source": "WSJ",
    "title": "Amazon Earnings: Shares Fall After Sales Outlook Is Weaker Than Expected",
    "published": "2025-02-06",
    "inference_result": [
      {
        "label": "positive",
        "score": 0.531416118144989
      }
    ]
  },
  {
    "source": "WSJ",
    "title": "The Left Didn\u2019t Always Love USAID",
    "published": "2025-02-06",
    "inference_result": [
      {
        "label": "negative",
        "score": 0.9240230917930603
      }
    ]
  },
  {
    "source": "WSJ",
    "title": "Anglo American Warns of De Beers Impairment Amid Subdued Diamond Demand",
    "published": "2025-02-06",
    "inference_result": [
      {
        "label": "negative",
        "score": 0.9716320037841797
      }
    ]
  },
  {
    "source": "WSJ",
    "title": "America Is Abandoning DEI. The NFL Remains All-In.",
    "published": "2025-02-06",
    "inference_result": [
      {
        "label": "neutral",
        "score": 0.7804161310195923
      }
    ]
  },
  {
    "source": "WSJ",
    "title": "America Is Abandoning DEI. The NFL Remains All-In.",
    "published": "2025-02-06",
    "inference_result": [
      {
        "label": "neutral",
        "score": 0.7804161310195923
      }
    ]
  },
  {
    "source": "WSJ",
    "title": "Donald Trump\u2019s Two Minds on Tariffs",
    "published": "2025-02-06",
    "inference_result": [
      {
        "label": "neutral",
        "score": 0.8393959403038025
      }
    ]
  }
]