[
  {
    "source": "WSJ",
    "title": "Trump Tariffs Are a Wealth Killer",
    "published": "2025-01-26",
    "inference_result": [
      {
        "label": "negative",
        "score": 0.7712513208389282
      }
    ]
  },
  {
    "source": "WSJ",
    "title": "What\u2019s News: World-Wide",
    "published": "2025-01-26",
    "inference_result": [
      {
        "label": "neutral",
        "score": 0.9424922466278076
      }
    ]
  },
  {
    "source": "WSJ",
    "title": "Energy & Utilities Roundup: Market Talk",
    "published": "2025-01-26",
    "inference_result": [
      {
        "label": "neutral",
        "score": 0.9504127502441406
      }
    ]
  },
  {
    "source": "WSJ",
    "title": "Justin Trudeau Puts Canada on Ice",
    "published": "2025-01-26",
    "inference_result": [
      {
        "label": "neutral",
        "score": 0.8441986441612244
      }
    ]
  },
  {
    "source": "WSJ",
    "title": "Trump 47 Brings a Long Awaited Spring for Businesses",
    "published": "2025-01-26",
    "inference_result": [
      {
        "label": "neutral",
        "score": 0.7970911264419556
      }
    ]
  },
  {
    "source": "WSJ",
    "title": "Scott Bessent Can Walk the Trade Tightrope",
    "published": "2025-01-26",
    "inference_result": [
      {
        "label": "neutral",
        "score": 0.9078095555305481
      }
    ]
  },
  {
    "source": "WSJ",
    "title": "Scott Bessent Can Walk the Trade Tightrope",
    "published": "2025-01-26",
    "inference_result": [
      {
        "label": "neutral",
        "score": 0.9078095555305481
      }
    ]
  },
  {
    "source": "WSJ",
    "title": "The Extra Reward for Owning Stocks Over Bonds Has Disappeared",
    "published": "2025-01-26",
    "inference_result": [
      {
        "label": "negative",
        "score": 0.7499014735221863
      }
    ]
  },
  {
    "source": "WSJ",
    "title": "Dollar, Bitcoin, Treasury Yields Ease as Investors Weigh Trump\u2019s Approach to Tariffs",
    "published": "2025-01-26",
    "inference_result": [
      {
        "label": "negative",
        "score": 0.4454554319381714
      }
    ]
  },
  {
    "source": "WSJ",
    "title": "Trump Says Colombia Will Accept Deportees, Ending Tariff Standoff",
    "published": "2025-01-26",
    "inference_result": [
      {
        "label": "neutral",
        "score": 0.5949057340621948
      }
    ]
  },
  {
    "source": "WSJ",
    "title": "Trump Aides Want to Hit Mexico, Canada With Tariffs Before Talks",
    "published": "2025-01-26",
    "inference_result": [
      {
        "label": "neutral",
        "score": 0.9296686053276062
      }
    ]
  },
  {
    "source": "WSJ",
    "title": "Senate Confirms Scott Bessent as Treasury Secretary",
    "published": "2025-01-26",
    "inference_result": [
      {
        "label": "neutral",
        "score": 0.9198123812675476
      }
    ]
  },
  {
    "source": "WSJ",
    "title": "\u2018This One\u2019s Mine.\u2019 Ukraine Says Russia Is Executing More POWs and Capturing It on Video.",
    "published": "2025-01-26",
    "inference_result": [
      {
        "label": "negative",
        "score": 0.8917158246040344
      }
    ]
  },
  {
    "source": "WSJ",
    "title": "Trump Adds Fuel to Claims That Big Banks Discriminate Against Conservatives",
    "published": "2025-01-26",
    "inference_result": [
      {
        "label": "neutral",
        "score": 0.5356137752532959
      }
    ]
  },
  {
    "source": "WSJ",
    "title": "Trump Tariffs Are a Wealth Killer",
    "published": "2025-01-26",
    "inference_result": [
      {
        "label": "negative",
        "score": 0.7712513208389282
      }
    ]
  }
]