[
  {
    "source": "WSJ",
    "title": "Where to Invest Your Money in 2025",
    "published": "2025-01-05",
    "inference_result": [
      {
        "label": "neutral",
        "score": 0.920499324798584
      }
    ]
  },
  {
    "source": "WSJ",
    "title": "House and Senate Split on How to Deliver for Trump",
    "published": "2025-01-05",
    "inference_result": [
      {
        "label": "neutral",
        "score": 0.7744028568267822
      }
    ]
  },
  {
    "source": "WSJ",
    "title": "A Tax-Cutting New Year in the States",
    "published": "2025-01-05",
    "inference_result": [
      {
        "label": "neutral",
        "score": 0.7294051051139832
      }
    ]
  },
  {
    "source": "WSJ",
    "title": "\u2018America First\u2019 Review: The President and the Pilot",
    "published": "2025-01-05",
    "inference_result": [
      {
        "label": "negative",
        "score": 0.4626155495643616
      }
    ]
  },
  {
    "source": "WSJ",
    "title": "Immigration Needs Reform, but What Kind?",
    "published": "2025-01-05",
    "inference_result": [
      {
        "label": "neutral",
        "score": 0.8233092427253723
      }
    ]
  },
  {
    "source": "WSJ",
    "title": "The One Day a Year I Spend a Lot of Money",
    "published": "2025-01-05",
    "inference_result": [
      {
        "label": "neutral",
        "score": 0.9206172227859497
      }
    ]
  },
  {
    "source": "WSJ",
    "title": "How Uber and Lyft Are Gearing Up for the Robotaxi Revolution",
    "published": "2025-01-05",
    "inference_result": [
      {
        "label": "neutral",
        "score": 0.701480507850647
      }
    ]
  }
]