[
  {
    "source": "WSJ",
    "title": "The Day Trump\u2019s Tariffs Shook Corporate America",
    "published": "2025-04-03",
    "inference_result": [
      {
        "label": "neutral",
        "score": 0.8846083879470825
      }
    ]
  },
  {
    "source": "WSJ",
    "title": "How Are Trump\u2019s Tariff Rates Calculated?",
    "published": "2025-04-03",
    "inference_result": [
      {
        "label": "neutral",
        "score": 0.9411413073539734
      }
    ]
  },
  {
    "source": "WSJ",
    "title": "The Day Trump\u2019s Tariffs Shook Corporate America",
    "published": "2025-04-03",
    "inference_result": [
      {
        "label": "neutral",
        "score": 0.8846083879470825
      }
    ]
  },
  {
    "source": "WSJ",
    "title": "Resistance Is Futile, Make a Deal: Trump\u2019s Tariff Message to the World",
    "published": "2025-04-03",
    "inference_result": [
      {
        "label": "negative",
        "score": 0.8866903185844421
      }
    ]
  },
  {
    "source": "WSJ",
    "title": "The White House Whirlwind That Led to Trump\u2019s All-Out Tariff Strategy",
    "published": "2025-04-03",
    "inference_result": [
      {
        "label": "negative",
        "score": 0.7790628671646118
      }
    ]
  },
  {
    "source": "WSJ",
    "title": "Resistance Is Futile, Make a Deal: Trump\u2019s Tariff Message to the World",
    "published": "2025-04-03",
    "inference_result": [
      {
        "label": "negative",
        "score": 0.8866903185844421
      }
    ]
  },
  {
    "source": "WSJ",
    "title": "Republicans Raise Concerns About Trump\u2019s Tariff Blitz",
    "published": "2025-04-03",
    "inference_result": [
      {
        "label": "neutral",
        "score": 0.8036081194877625
      }
    ]
  },
  {
    "source": "WSJ",
    "title": "The Rest of the World Is Bracing for a Flood of Cheap Chinese Goods",
    "published": "2025-04-03",
    "inference_result": [
      {
        "label": "negative",
        "score": 0.695343554019928
      }
    ]
  },
  {
    "source": "WSJ",
    "title": "What to Know About the U.S. Trade Imbalance, in Charts",
    "published": "2025-04-03",
    "inference_result": [
      {
        "label": "neutral",
        "score": 0.8703285455703735
      }
    ]
  }
]