[
  {
    "source": "WSJ",
    "title": "An American in Vietnam Tries to Navigate Trump\u2019s Trade War",
    "published": "2025-04-30",
    "inference_result": [
      {
        "label": "negative",
        "score": 0.8870019316673279
      }
    ]
  },
  {
    "source": "WSJ",
    "title": "Why Making an All-American Product Is So Hard",
    "published": "2025-04-30",
    "inference_result": [
      {
        "label": "negative",
        "score": 0.9188345074653625
      }
    ]
  },
  {
    "source": "WSJ",
    "title": "GM\u2019s Barra: \u2018We\u2019re Going to Leverage Assets That We Have\u2019",
    "published": "2025-04-30",
    "inference_result": [
      {
        "label": "positive",
        "score": 0.6940310001373291
      }
    ]
  },
  {
    "source": "WSJ",
    "title": "Lindsey Graham Pushes for New Crackdown on Russia With Bill That Has Broad Bipartisan Support - WSJ",
    "published": "2025-04-30",
    "inference_result": [
      {
        "label": "neutral",
        "score": 0.36513853073120117
      }
    ]
  },
  {
    "source": "WSJ",
    "title": "Facebook Parent Posts $42 Billion in Sales, Points to Strong Growth",
    "published": "2025-04-30",
    "inference_result": [
      {
        "label": "negative",
        "score": 0.6725258231163025
      }
    ]
  },
  {
    "source": "WSJ",
    "title": "Exclusive | Coming Soon for CEOs, a MAGA-Infused Business Association",
    "published": "2025-04-30",
    "inference_result": [
      {
        "label": "neutral",
        "score": 0.8930748105049133
      }
    ]
  },
  {
    "source": "WSJ",
    "title": "Stellantis Suspends Guidance on Tariff Uncertainty",
    "published": "2025-04-30",
    "inference_result": [
      {
        "label": "negative",
        "score": 0.976081907749176
      }
    ]
  },
  {
    "source": "WSJ",
    "title": "Tariffs Shrink the U.S. Economy",
    "published": "2025-04-30",
    "inference_result": [
      {
        "label": "negative",
        "score": 0.9702123999595642
      }
    ]
  },
  {
    "source": "WSJ",
    "title": "Airbus Backs Guidance, but Warns Tariffs Are Bringing Uncertainty",
    "published": "2025-04-30",
    "inference_result": [
      {
        "label": "negative",
        "score": 0.9505541324615479
      }
    ]
  },
  {
    "source": "WSJ",
    "title": "Stock Market News, May 1, 2025: Meta, Microsoft Earnings Help Ease Fears of Tariff Hit to Magnificent Seven",
    "published": "2025-04-30",
    "inference_result": [
      {
        "label": "neutral",
        "score": 0.48435667157173157
      }
    ]
  },
  {
    "source": "WSJ",
    "title": "Dow and S&P 500 End Tumultuous April With Seventh-Straight Daily Gain",
    "published": "2025-04-30",
    "inference_result": [
      {
        "label": "negative",
        "score": 0.8533634543418884
      }
    ]
  },
  {
    "source": "WSJ",
    "title": "Stanley Black & Decker Raising Prices to Offset Tariff Costs",
    "published": "2025-04-30",
    "inference_result": [
      {
        "label": "negative",
        "score": 0.9675514101982117
      }
    ]
  },
  {
    "source": "WSJ",
    "title": "Senate Effort to Repeal Trump\u2019s \u2018Liberation Day\u2019 Tariffs Fails",
    "published": "2025-04-30",
    "inference_result": [
      {
        "label": "neutral",
        "score": 0.45489832758903503
      }
    ]
  },
  {
    "source": "WSJ",
    "title": "China-to-U.S. Container Shipments Shrink as Tariffs Bite",
    "published": "2025-04-30",
    "inference_result": [
      {
        "label": "negative",
        "score": 0.8903664350509644
      }
    ]
  },
  {
    "source": "WSJ",
    "title": "Beijing-Backed Accounts Hint at U.S. Outreach on Trade as China Keeps Door Open",
    "published": "2025-04-30",
    "inference_result": [
      {
        "label": "positive",
        "score": 0.7050082683563232
      }
    ]
  },
  {
    "source": "WSJ",
    "title": "Volkswagen Warns Tariffs, Other Challenges Could Weigh on Guidance",
    "published": "2025-04-30",
    "inference_result": [
      {
        "label": "negative",
        "score": 0.9313892722129822
      }
    ]
  },
  {
    "source": "WSJ",
    "title": "Harley-Davidson Withdraws 2025 Forecast",
    "published": "2025-04-30",
    "inference_result": [
      {
        "label": "negative",
        "score": 0.972722589969635
      }
    ]
  },
  {
    "source": "WSJ",
    "title": "Apple Says Most of Its Devices Shipped Into U.S. Will Be From India, Vietnam",
    "published": "2025-04-30",
    "inference_result": [
      {
        "label": "positive",
        "score": 0.9446333646774292
      }
    ]
  },
  {
    "source": "WSJ",
    "title": "Chrysler-Owner Stellantis Hopes for Eventual Gains From Tariffs, but Investors Disagree",
    "published": "2025-04-30",
    "inference_result": [
      {
        "label": "neutral",
        "score": 0.8959163427352905
      }
    ]
  },
  {
    "source": "WSJ",
    "title": "Yen Falls After Japan Slashes Growth Forecast on Tariff Uncertainty",
    "published": "2025-04-30",
    "inference_result": [
      {
        "label": "positive",
        "score": 0.6891623735427856
      }
    ]
  },
  {
    "source": "WSJ",
    "title": "U.S. Economy Shrank in First Quarter as Imports Surged Ahead of Tariffs",
    "published": "2025-04-30",
    "inference_result": [
      {
        "label": "negative",
        "score": 0.9564496874809265
      }
    ]
  },
  {
    "source": "WSJ",
    "title": "Beijing Doesn\u2019t Want America to See Its Trade-War Pain",
    "published": "2025-04-30",
    "inference_result": [
      {
        "label": "negative",
        "score": 0.9669564366340637
      }
    ]
  },
  {
    "source": "WSJ",
    "title": "Exclusive | Citigroup Hires Robert Lighthizer, Trump\u2019s Former Trade Czar",
    "published": "2025-04-30",
    "inference_result": [
      {
        "label": "neutral",
        "score": 0.8735595345497131
      }
    ]
  },
  {
    "source": "WSJ",
    "title": "The Nasdaq Composite Is Back to Pre-\u2018Liberation Day\u2019 Levels",
    "published": "2025-04-30",
    "inference_result": [
      {
        "label": "negative",
        "score": 0.7394411563873291
      }
    ]
  },
  {
    "source": "WSJ",
    "title": "Jobless Claims Rise to Two-Month High",
    "published": "2025-04-30",
    "inference_result": [
      {
        "label": "negative",
        "score": 0.5223596692085266
      }
    ]
  },
  {
    "source": "WSJ",
    "title": "GSK Sales, Profit Rise on Boost from HIV, Cancer Drugs",
    "published": "2025-04-30",
    "inference_result": [
      {
        "label": "negative",
        "score": 0.9610324501991272
      }
    ]
  },
  {
    "source": "WSJ",
    "title": "UBS Profit Tops Forecasts on Trading Boost, but Sees Unpredictable Path Ahead",
    "published": "2025-04-30",
    "inference_result": [
      {
        "label": "positive",
        "score": 0.9519757032394409
      }
    ]
  }
]