[
  {
    "source": "WSJ",
    "title": "Powers of Trump and Congress Collide as Government Shutdown Nears",
    "published": "2025-02-28",
    "inference_result": [
      {
        "label": "negative",
        "score": 0.9019933938980103
      }
    ]
  },
  {
    "source": "WSJ",
    "title": "2025 Volvo V90 Cross Country: A Luxe Wagon With Moves Like Jagger",
    "published": "2025-02-28",
    "inference_result": [
      {
        "label": "neutral",
        "score": 0.881267786026001
      }
    ]
  },
  {
    "source": "WSJ",
    "title": "Exclusive | China Tells Its AI Leaders to Avoid U.S. Travel Over Security Concerns",
    "published": "2025-02-28",
    "inference_result": [
      {
        "label": "neutral",
        "score": 0.7717360258102417
      }
    ]
  },
  {
    "source": "WSJ",
    "title": "Drug Stocks Are the New Safe Bet in a Shaky Market",
    "published": "2025-02-28",
    "inference_result": [
      {
        "label": "positive",
        "score": 0.6034439206123352
      }
    ]
  },
  {
    "source": "WSJ",
    "title": "Trump\u2019s Threats Lift Canada\u2019s Liberals From Almost-Certain Defeat",
    "published": "2025-02-28",
    "inference_result": [
      {
        "label": "negative",
        "score": 0.7986540794372559
      }
    ]
  },
  {
    "source": "WSJ",
    "title": "Squeezed by Strong Dollar, Companies Try to Neutralize Currency Swings",
    "published": "2025-02-28",
    "inference_result": [
      {
        "label": "neutral",
        "score": 0.8802745342254639
      }
    ]
  },
  {
    "source": "WSJ",
    "title": "Squeezed by Strong Dollar, Companies Try to Neutralize Currency Swings",
    "published": "2025-02-28",
    "inference_result": [
      {
        "label": "neutral",
        "score": 0.8802745342254639
      }
    ]
  },
  {
    "source": "WSJ",
    "title": "The Clean Energy Revolution Is Unstoppable",
    "published": "2025-02-28",
    "inference_result": [
      {
        "label": "neutral",
        "score": 0.8762859106063843
      }
    ]
  },
  {
    "source": "WSJ",
    "title": "The Chinese EV Maker Threatening Ford and GM",
    "published": "2025-02-28",
    "inference_result": [
      {
        "label": "positive",
        "score": 0.5570528507232666
      }
    ]
  },
  {
    "source": "WSJ",
    "title": "China\u2019s Manufacturing Activity Expanded as Trade Risks Loom",
    "published": "2025-02-28",
    "inference_result": [
      {
        "label": "negative",
        "score": 0.7652542591094971
      }
    ]
  },
  {
    "source": "WSJ",
    "title": "The Chinese EV Maker Threatening Ford and GM",
    "published": "2025-02-28",
    "inference_result": [
      {
        "label": "positive",
        "score": 0.5570528507232666
      }
    ]
  },
  {
    "source": "WSJ",
    "title": "Republicans Need to Learn Government Unions Can\u2019t Be Trusted",
    "published": "2025-02-28",
    "inference_result": [
      {
        "label": "neutral",
        "score": 0.5539259910583496
      }
    ]
  },
  {
    "source": "WSJ",
    "title": "To Woo Trump, Britain Turns to Its Ultimate Celebrity: King Charles",
    "published": "2025-02-28",
    "inference_result": [
      {
        "label": "neutral",
        "score": 0.7462243437767029
      }
    ]
  },
  {
    "source": "WSJ",
    "title": "\u2018Life in Three Dimensions\u2019 Review: Victory of the Curious",
    "published": "2025-02-28",
    "inference_result": [
      {
        "label": "neutral",
        "score": 0.6460564136505127
      }
    ]
  },
  {
    "source": "WSJ",
    "title": "A Tale of Two Tax Regimes in Robert Frost\u2019s Old Home",
    "published": "2025-02-28",
    "inference_result": [
      {
        "label": "neutral",
        "score": 0.8040547370910645
      }
    ]
  },
  {
    "source": "WSJ",
    "title": "Most Trump Supporters Also Back Ukraine",
    "published": "2025-02-28",
    "inference_result": [
      {
        "label": "negative",
        "score": 0.7041715383529663
      }
    ]
  },
  {
    "source": "WSJ",
    "title": "Syria\u2019s Rebels-Turned-Rulers See This City as a Model for the Country",
    "published": "2025-02-28",
    "inference_result": [
      {
        "label": "neutral",
        "score": 0.6593219637870789
      }
    ]
  },
  {
    "source": "WSJ",
    "title": "Keeping Up With the Jones Act Is Hard to Do",
    "published": "2025-02-28",
    "inference_result": [
      {
        "label": "neutral",
        "score": 0.8441925644874573
      }
    ]
  },
  {
    "source": "WSJ",
    "title": "Keeping Up With the Jones Act Is Hard to Do",
    "published": "2025-02-28",
    "inference_result": [
      {
        "label": "neutral",
        "score": 0.8441925644874573
      }
    ]
  },
  {
    "source": "WSJ",
    "title": "\u2018Shift\u2019 Review: Riding the Ocean of Emotion",
    "published": "2025-02-28",
    "inference_result": [
      {
        "label": "neutral",
        "score": 0.8869451880455017
      }
    ]
  },
  {
    "source": "WSJ",
    "title": "Hungry for the \u2018Real\u2019 Paris? Discover This Idyllic Island, Hiding in Plain Sight",
    "published": "2025-02-28",
    "inference_result": [
      {
        "label": "positive",
        "score": 0.7298876643180847
      }
    ]
  },
  {
    "source": "WSJ",
    "title": "Feeling Anxious? There\u2019s a Sweatshirt for That.",
    "published": "2025-02-28",
    "inference_result": [
      {
        "label": "positive",
        "score": 0.7533129453659058
      }
    ]
  }
]