[
  {
    "source": "WSJ",
    "title": "Where Is Trump\u2019s Tariff Strategy Going?",
    "published": "2025-02-12",
    "inference_result": [
      {
        "label": "neutral",
        "score": 0.7777969241142273
      }
    ]
  },
  {
    "source": "WSJ",
    "title": "Taiwan Worries About Its Future Under Trump 2.0",
    "published": "2025-02-12",
    "inference_result": [
      {
        "label": "negative",
        "score": 0.9193242192268372
      }
    ]
  },
  {
    "source": "WSJ",
    "title": "Trumponomics and Rising Inflation",
    "published": "2025-02-12",
    "inference_result": [
      {
        "label": "neutral",
        "score": 0.7647675275802612
      }
    ]
  },
  {
    "source": "WSJ",
    "title": "Trumponomics and Rising Inflation",
    "published": "2025-02-12",
    "inference_result": [
      {
        "label": "neutral",
        "score": 0.7647675275802612
      }
    ]
  },
  {
    "source": "WSJ",
    "title": "Exclusive | China Tries to Play the Role of Peacemaker in Ukraine",
    "published": "2025-02-12",
    "inference_result": [
      {
        "label": "neutral",
        "score": 0.5886426568031311
      }
    ]
  },
  {
    "source": "WSJ",
    "title": "Zillow\u2019s Rentals Business Buoys Prospects, Even as Outlook Hits Shares",
    "published": "2025-02-12",
    "inference_result": [
      {
        "label": "negative",
        "score": 0.9610946178436279
      }
    ]
  },
  {
    "source": "WSJ",
    "title": "Food Lion Owner Posts Lower U.S. Sales, Profitability on Price Cuts",
    "published": "2025-02-12",
    "inference_result": [
      {
        "label": "negative",
        "score": 0.9120458960533142
      }
    ]
  },
  {
    "source": "WSJ",
    "title": "Trump Calls India a Tariff King, a Title Modi Wants to Shed",
    "published": "2025-02-12",
    "inference_result": [
      {
        "label": "negative",
        "score": 0.8752598166465759
      }
    ]
  },
  {
    "source": "WSJ",
    "title": "Why Tariffs Will Make Car Insurance Even More Expensive",
    "published": "2025-02-12",
    "inference_result": [
      {
        "label": "negative",
        "score": 0.9356012940406799
      }
    ]
  },
  {
    "source": "WSJ",
    "title": "Inflation Heated Up in January, Freezing the Fed",
    "published": "2025-02-12",
    "inference_result": [
      {
        "label": "positive",
        "score": 0.9394898414611816
      }
    ]
  },
  {
    "source": "WSJ",
    "title": "How Trump\u2019s Policies Have Shaken America\u2019s IT Departments",
    "published": "2025-02-12",
    "inference_result": [
      {
        "label": "neutral",
        "score": 0.9198587536811829
      }
    ]
  },
  {
    "source": "WSJ",
    "title": "Trump Says He and Putin Agreed to Begin Talks on Ending Ukraine War",
    "published": "2025-02-12",
    "inference_result": [
      {
        "label": "neutral",
        "score": 0.676338791847229
      }
    ]
  },
  {
    "source": "WSJ",
    "title": "House GOP Plan Envisions $4.5 Trillion in Tax Cuts",
    "published": "2025-02-12",
    "inference_result": [
      {
        "label": "neutral",
        "score": 0.6830596327781677
      }
    ]
  },
  {
    "source": "WSJ",
    "title": "Exclusive | How the Trumps Turned an Election Victory Into a Cash Bonanza",
    "published": "2025-02-12",
    "inference_result": [
      {
        "label": "neutral",
        "score": 0.6555347442626953
      }
    ]
  },
  {
    "source": "WSJ",
    "title": "Trump Orders Federal Agencies to Study Reciprocal Trade Tariffs",
    "published": "2025-02-12",
    "inference_result": [
      {
        "label": "neutral",
        "score": 0.9268380403518677
      }
    ]
  },
  {
    "source": "WSJ",
    "title": "The Five Trials of Trump 47",
    "published": "2025-02-12",
    "inference_result": [
      {
        "label": "negative",
        "score": 0.48294830322265625
      }
    ]
  },
  {
    "source": "WSJ",
    "title": "Why Tariffs Will Make Car Insurance Even More Expensive",
    "published": "2025-02-12",
    "inference_result": [
      {
        "label": "negative",
        "score": 0.9356012940406799
      }
    ]
  },
  {
    "source": "WSJ",
    "title": "SEC Looks to Muzzle Shareholder Culture Warriors",
    "published": "2025-02-12",
    "inference_result": [
      {
        "label": "neutral",
        "score": 0.8168008327484131
      }
    ]
  },
  {
    "source": "WSJ",
    "title": "Misreading the Canal Crisis",
    "published": "2025-02-12",
    "inference_result": [
      {
        "label": "positive",
        "score": 0.9075343608856201
      }
    ]
  },
  {
    "source": "WSJ",
    "title": "The Five Trials of Trump 47",
    "published": "2025-02-12",
    "inference_result": [
      {
        "label": "negative",
        "score": 0.48294830322265625
      }
    ]
  },
  {
    "source": "WSJ",
    "title": "House GOP Plan Envisions $4.5 Trillion in Tax Cuts",
    "published": "2025-02-12",
    "inference_result": [
      {
        "label": "neutral",
        "score": 0.6830596327781677
      }
    ]
  },
  {
    "source": "WSJ",
    "title": "Is Repeating Someone\u2019s Name Charming\u2014Or Creepy?",
    "published": "2025-02-12",
    "inference_result": [
      {
        "label": "negative",
        "score": 0.8984845280647278
      }
    ]
  },
  {
    "source": "WSJ",
    "title": "Banco BPM Raises Targets, Sweetens Bid for Anima",
    "published": "2025-02-12",
    "inference_result": [
      {
        "label": "positive",
        "score": 0.9463414549827576
      }
    ]
  },
  {
    "source": "WSJ",
    "title": "Are Trump\u2019s Attempts to Overhaul the Federal Workforce Legal?",
    "published": "2025-02-12",
    "inference_result": [
      {
        "label": "neutral",
        "score": 0.9257561564445496
      }
    ]
  },
  {
    "source": "WSJ",
    "title": "Russian Bitcoin Exchange Co-Founder to Be Freed in Deal for American\u2019s Release",
    "published": "2025-02-12",
    "inference_result": [
      {
        "label": "neutral",
        "score": 0.9082300662994385
      }
    ]
  }
]