[
  {
    "source": "WSJ",
    "title": "China Faces Harsh Dilemma as Yuan Comes Under Pressure",
    "published": "2025-01-13",
    "inference_result": [
      {
        "label": "positive",
        "score": 0.6883394718170166
      }
    ]
  },
  {
    "source": "WSJ",
    "title": "America\u2019s Bourbon Boom Is Over. Now the Hangover Is Here.",
    "published": "2025-01-13",
    "inference_result": [
      {
        "label": "negative",
        "score": 0.9657400250434875
      }
    ]
  },
  {
    "source": "WSJ",
    "title": "China\u2019s Export Boom Means Trump Tariffs Would Hit Beijing Where It Hurts",
    "published": "2025-01-13",
    "inference_result": [
      {
        "label": "negative",
        "score": 0.5652963519096375
      }
    ]
  },
  {
    "source": "WSJ",
    "title": "America\u2019s Bourbon Boom Is Over. Now the Hangover Is Here.",
    "published": "2025-01-13",
    "inference_result": [
      {
        "label": "negative",
        "score": 0.9657400250434875
      }
    ]
  },
  {
    "source": "WSJ",
    "title": "China\u2019s Export Boom Means Trump Tariffs Would Hit Beijing Where It Hurts",
    "published": "2025-01-13",
    "inference_result": [
      {
        "label": "negative",
        "score": 0.5652963519096375
      }
    ]
  },
  {
    "source": "WSJ",
    "title": "Greenland to Trump: \u2018We Don\u2019t Want to Be American\u2019",
    "published": "2025-01-13",
    "inference_result": [
      {
        "label": "positive",
        "score": 0.9388163685798645
      }
    ]
  },
  {
    "source": "WSJ",
    "title": "Elizabeth Warren: If Trump Wants to Unrig the Economy, I\u2019m In",
    "published": "2025-01-13",
    "inference_result": [
      {
        "label": "positive",
        "score": 0.5737013220787048
      }
    ]
  },
  {
    "source": "WSJ",
    "title": "Trump\u2019s CIA Pick Expected to Push for Bare-Knuckle Spycraft Against China",
    "published": "2025-01-13",
    "inference_result": [
      {
        "label": "neutral",
        "score": 0.8509847521781921
      }
    ]
  },
  {
    "source": "WSJ",
    "title": "Bessent\u2019s 3-3-3 Economic Growth Plan and the 5-4-3 Threat",
    "published": "2025-01-13",
    "inference_result": [
      {
        "label": "positive",
        "score": 0.6585941910743713
      }
    ]
  },
  {
    "source": "WSJ",
    "title": "Congress Keeps the Tax Code Overly Complex for a Reason",
    "published": "2025-01-13",
    "inference_result": [
      {
        "label": "neutral",
        "score": 0.8905282616615295
      }
    ]
  },
  {
    "source": "WSJ",
    "title": "Trump and Xi Face Off",
    "published": "2025-01-13",
    "inference_result": [
      {
        "label": "negative",
        "score": 0.6826817989349365
      }
    ]
  },
  {
    "source": "WSJ",
    "title": "China\u2019s Export Boom Means Trump Tariffs Would Hit Beijing Where It Hurts",
    "published": "2025-01-13",
    "inference_result": [
      {
        "label": "negative",
        "score": 0.5652963519096375
      }
    ]
  },
  {
    "source": "WSJ",
    "title": "Welcome to Aspen\u2019s Bezos Era: Diamond Cowboy Hats and Champagne Sprays",
    "published": "2025-01-13",
    "inference_result": [
      {
        "label": "neutral",
        "score": 0.881081223487854
      }
    ]
  },
  {
    "source": "WSJ",
    "title": "What\u2019s Arresting Millennials\u2019 Development?",
    "published": "2025-01-13",
    "inference_result": [
      {
        "label": "neutral",
        "score": 0.8951597213745117
      }
    ]
  },
  {
    "source": "WSJ",
    "title": "Robinhood to Pay $45 Million SEC Settlement Over Data Breach, Other Violations",
    "published": "2025-01-13",
    "inference_result": [
      {
        "label": "negative",
        "score": 0.72235506772995
      }
    ]
  }
]