[
  {
    "source": "WSJ",
    "title": "Trump\u2019s Conflicting Business Policies Sow Economic Uncertainty",
    "published": "2025-02-11",
    "inference_result": [
      {
        "label": "neutral",
        "score": 0.42033490538597107
      }
    ]
  },
  {
    "source": "WSJ",
    "title": "The World\u2019s Policeman Goes Rogue",
    "published": "2025-02-11",
    "inference_result": [
      {
        "label": "neutral",
        "score": 0.5721179842948914
      }
    ]
  },
  {
    "source": "WSJ",
    "title": "The Trump Business Uncertainty Principle",
    "published": "2025-02-11",
    "inference_result": [
      {
        "label": "negative",
        "score": 0.9495762586593628
      }
    ]
  },
  {
    "source": "WSJ",
    "title": "Why Today\u2019s Inflation Report Is Especially Important",
    "published": "2025-02-11",
    "inference_result": [
      {
        "label": "negative",
        "score": 0.9286013841629028
      }
    ]
  },
  {
    "source": "WSJ",
    "title": "Trump\u2019s Conflicting Business Policies Sow Economic Uncertainty",
    "published": "2025-02-11",
    "inference_result": [
      {
        "label": "neutral",
        "score": 0.42033490538597107
      }
    ]
  },
  {
    "source": "WSJ",
    "title": "European Commission Chief Vows Response to Trump\u2019s Steel Tariffs",
    "published": "2025-02-11",
    "inference_result": [
      {
        "label": "negative",
        "score": 0.7956377267837524
      }
    ]
  },
  {
    "source": "WSJ",
    "title": "Powell Says Fed Doesn\u2019t Need to Rush on Rate Cuts",
    "published": "2025-02-11",
    "inference_result": [
      {
        "label": "neutral",
        "score": 0.7713209986686707
      }
    ]
  },
  {
    "source": "WSJ",
    "title": "How a Chinese Animated Movie Reaped $1.2 Billion and Beat Hollywood Giants",
    "published": "2025-02-11",
    "inference_result": [
      {
        "label": "neutral",
        "score": 0.6387290954589844
      }
    ]
  },
  {
    "source": "WSJ",
    "title": "The Trump Business Uncertainty Principle",
    "published": "2025-02-11",
    "inference_result": [
      {
        "label": "negative",
        "score": 0.9495762586593628
      }
    ]
  },
  {
    "source": "WSJ",
    "title": "Why Today\u2019s Inflation Report Is Especially Important",
    "published": "2025-02-11",
    "inference_result": [
      {
        "label": "negative",
        "score": 0.9286013841629028
      }
    ]
  },
  {
    "source": "WSJ",
    "title": "Trump\u2019s Conflicting Business Policies Sow Economic Uncertainty",
    "published": "2025-02-11",
    "inference_result": [
      {
        "label": "neutral",
        "score": 0.42033490538597107
      }
    ]
  }
]