[
  {
    "source": "WSJ",
    "title": "Trump Calls Tariffs \u2018Kind\u2019",
    "published": "2025-04-01",
    "inference_result": [
      {
        "label": "neutral",
        "score": 0.7711161375045776
      }
    ]
  },
  {
    "source": "WSJ",
    "title": "Canada Will Fight Trump\u2019s Tariffs With Countermeasures, PM Carney Says",
    "published": "2025-04-01",
    "inference_result": [
      {
        "label": "neutral",
        "score": 0.7733123898506165
      }
    ]
  },
  {
    "source": "WSJ",
    "title": "\u2018The Case for Tariffs\u2019 Confuses U.S. History",
    "published": "2025-04-01",
    "inference_result": [
      {
        "label": "negative",
        "score": 0.8439355492591858
      }
    ]
  },
  {
    "source": "WSJ",
    "title": "Trump Tariff Threat Mobilizes Car Shoppers",
    "published": "2025-04-01",
    "inference_result": [
      {
        "label": "positive",
        "score": 0.9469653964042664
      }
    ]
  },
  {
    "source": "WSJ",
    "title": "Trump Announces Tariffs With a Chart Titled \u2018Reciprocal Tariffs\u2019",
    "published": "2025-04-01",
    "inference_result": [
      {
        "label": "neutral",
        "score": 0.887599766254425
      }
    ]
  },
  {
    "source": "WSJ",
    "title": "Trump Tariff Threat Mobilizes Car Shoppers",
    "published": "2025-04-01",
    "inference_result": [
      {
        "label": "positive",
        "score": 0.9469653964042664
      }
    ]
  },
  {
    "source": "WSJ",
    "title": "How to Find Internet Fame in 2025: Talk Tariffs",
    "published": "2025-04-01",
    "inference_result": [
      {
        "label": "neutral",
        "score": 0.5758925676345825
      }
    ]
  },
  {
    "source": "WSJ",
    "title": "Tariff News, April 2, 2025: Trump Unveils Sweeping Levies in Stark Shift in Trade Policy",
    "published": "2025-04-01",
    "inference_result": [
      {
        "label": "negative",
        "score": 0.9728365540504456
      }
    ]
  }
]