[
  {
    "source": "WSJ",
    "title": "Car Insurance Rates Were Ready to Drop. Then Tariffs Came Along.",
    "published": "2025-05-08",
    "inference_result": [
      {
        "label": "negative",
        "score": 0.871164083480835
      }
    ]
  },
  {
    "source": "WSJ",
    "title": "Car Insurance Rates Were Ready to Drop. Then Tariffs Came Along.",
    "published": "2025-05-08",
    "inference_result": [
      {
        "label": "negative",
        "score": 0.871164083480835
      }
    ]
  },
  {
    "source": "WSJ",
    "title": "With U.K. Deal, U.S. Signals That 10% Tariff on World Is New Baseline",
    "published": "2025-05-08",
    "inference_result": [
      {
        "label": "positive",
        "score": 0.6072366237640381
      }
    ]
  },
  {
    "source": "WSJ",
    "title": "Stocks Get a Break From Trade Chaos",
    "published": "2025-05-08",
    "inference_result": [
      {
        "label": "negative",
        "score": 0.9287881255149841
      }
    ]
  },
  {
    "source": "WSJ",
    "title": "Deploy the Tariff Parachute",
    "published": "2025-05-08",
    "inference_result": [
      {
        "label": "neutral",
        "score": 0.7774083614349365
      }
    ]
  },
  {
    "source": "WSJ",
    "title": "EU Targets American Aircraft, Car Parts for Possible Tariffs if Talks Fail",
    "published": "2025-05-08",
    "inference_result": [
      {
        "label": "neutral",
        "score": 0.6042018532752991
      }
    ]
  },
  {
    "source": "WSJ",
    "title": "Toyota Expects U.S. Tariffs, Material Costs to Dent Profit",
    "published": "2025-05-08",
    "inference_result": [
      {
        "label": "negative",
        "score": 0.7332364916801453
      }
    ]
  },
  {
    "source": "WSJ",
    "title": "U.S. and U.K. Unveil Framework for Trade Deal",
    "published": "2025-05-08",
    "inference_result": [
      {
        "label": "positive",
        "score": 0.7783501744270325
      }
    ]
  },
  {
    "source": "WSJ",
    "title": "Stock Market News, May 9, 2025: Trump Floats Lowering China Tariffs to 80%, Says Many Trade Deals to Come",
    "published": "2025-05-08",
    "inference_result": [
      {
        "label": "negative",
        "score": 0.9357469081878662
      }
    ]
  },
  {
    "source": "WSJ",
    "title": "Puma Says Tariff Impact on Outlook Remains Uncertain",
    "published": "2025-05-08",
    "inference_result": [
      {
        "label": "neutral",
        "score": 0.9262009859085083
      }
    ]
  },
  {
    "source": "WSJ",
    "title": "Puma Says Tariff Impact on Outlook Remains Uncertain",
    "published": "2025-05-08",
    "inference_result": [
      {
        "label": "neutral",
        "score": 0.9262009859085083
      }
    ]
  },
  {
    "source": "WSJ",
    "title": "Bank of England Cuts Rates After Fed Stands Pat",
    "published": "2025-05-08",
    "inference_result": [
      {
        "label": "neutral",
        "score": 0.9260240197181702
      }
    ]
  },
  {
    "source": "WSJ",
    "title": "Why First Solar Is a Long-Run Tariff Winner",
    "published": "2025-05-08",
    "inference_result": [
      {
        "label": "positive",
        "score": 0.9420673847198486
      }
    ]
  },
  {
    "source": "WSJ",
    "title": "Trump\u2019s Tariffs Aim to Boost Steelmakers. One of the Biggest Is Shrinking Instead.",
    "published": "2025-05-08",
    "inference_result": [
      {
        "label": "negative",
        "score": 0.9316670298576355
      }
    ]
  },
  {
    "source": "WSJ",
    "title": "Trump Stages a Trade-War Retreat",
    "published": "2025-05-08",
    "inference_result": [
      {
        "label": "positive",
        "score": 0.7272894978523254
      }
    ]
  },
  {
    "source": "WSJ",
    "title": "The U.S.-U.K. Trade Relationship Is Unique. Here\u2019s Why.",
    "published": "2025-05-08",
    "inference_result": [
      {
        "label": "neutral",
        "score": 0.8548307418823242
      }
    ]
  },
  {
    "source": "WSJ",
    "title": "Stocks Gain After Trump Touts U.K. Deal, High Hopes on China",
    "published": "2025-05-08",
    "inference_result": [
      {
        "label": "positive",
        "score": 0.8525334596633911
      }
    ]
  },
  {
    "source": "WSJ",
    "title": "The GOP Tax Bill Could Solve the Tariff Problem",
    "published": "2025-05-08",
    "inference_result": [
      {
        "label": "positive",
        "score": 0.9149495363235474
      }
    ]
  },
  {
    "source": "WSJ",
    "title": "Crocs Withdraws Guidance on Tariff Uncertainty",
    "published": "2025-05-08",
    "inference_result": [
      {
        "label": "negative",
        "score": 0.9745116233825684
      }
    ]
  },
  {
    "source": "WSJ",
    "title": "Crocs Withdraws Guidance on Tariff Uncertainty",
    "published": "2025-05-08",
    "inference_result": [
      {
        "label": "negative",
        "score": 0.9745116233825684
      }
    ]
  },
  {
    "source": "WSJ",
    "title": "Maersk Backs Guidance Despite Cautioning on Container Demand",
    "published": "2025-05-08",
    "inference_result": [
      {
        "label": "negative",
        "score": 0.9752674698829651
      }
    ]
  },
  {
    "source": "WSJ",
    "title": "One of Warren Buffett\u2019s Last Big Bets Is Souring",
    "published": "2025-05-08",
    "inference_result": [
      {
        "label": "negative",
        "score": 0.9739863872528076
      }
    ]
  },
  {
    "source": "WSJ",
    "title": "The Wall Street Journal Google Your News Update",
    "published": "2025-05-08",
    "inference_result": [
      {
        "label": "neutral",
        "score": 0.6944031715393066
      }
    ]
  },
  {
    "source": "WSJ",
    "title": "Trump\u2019s Mean Tweet",
    "published": "2025-05-08",
    "inference_result": [
      {
        "label": "negative",
        "score": 0.8703151345252991
      }
    ]
  },
  {
    "source": "WSJ",
    "title": "Kenvue Boosts 2025 Sales Growth View",
    "published": "2025-05-08",
    "inference_result": [
      {
        "label": "positive",
        "score": 0.9481674432754517
      }
    ]
  },
  {
    "source": "WSJ",
    "title": "SMIC\u2019s Quarterly Profit Jumps on Robust Chip Demand",
    "published": "2025-05-08",
    "inference_result": [
      {
        "label": "positive",
        "score": 0.9518267512321472
      }
    ]
  },
  {
    "source": "WSJ",
    "title": "What Does Your Car Model Say About You?",
    "published": "2025-05-08",
    "inference_result": [
      {
        "label": "neutral",
        "score": 0.9041935801506042
      }
    ]
  },
  {
    "source": "WSJ",
    "title": "\u2018Hey, Teacher, Leave Those Professors Alone\u2019",
    "published": "2025-05-08",
    "inference_result": [
      {
        "label": "neutral",
        "score": 0.9216274619102478
      }
    ]
  },
  {
    "source": "WSJ",
    "title": "The GOP Tax Bill Could Solve the Tariff Problem",
    "published": "2025-05-08",
    "inference_result": [
      {
        "label": "positive",
        "score": 0.9149495363235474
      }
    ]
  },
  {
    "source": "WSJ",
    "title": "U.S. Stocks End Mixed Ahead of China Trade Talks",
    "published": "2025-05-08",
    "inference_result": [
      {
        "label": "negative",
        "score": 0.9540677070617676
      }
    ]
  },
  {
    "source": "WSJ",
    "title": "Trump Stages a Trade-War Retreat",
    "published": "2025-05-08",
    "inference_result": [
      {
        "label": "positive",
        "score": 0.7272894978523254
      }
    ]
  },
  {
    "source": "WSJ",
    "title": "The GOP Tax Bill Could Solve the Tariff Problem",
    "published": "2025-05-08",
    "inference_result": [
      {
        "label": "positive",
        "score": 0.9149495363235474
      }
    ]
  },
  {
    "source": "WSJ",
    "title": "Harvard Should Stand Up for Itself More Often",
    "published": "2025-05-08",
    "inference_result": [
      {
        "label": "neutral",
        "score": 0.8422836661338806
      }
    ]
  },
  {
    "source": "WSJ",
    "title": "Puma Says Tariff Impact on Outlook Remains Uncertain",
    "published": "2025-05-08",
    "inference_result": [
      {
        "label": "neutral",
        "score": 0.9262009859085083
      }
    ]
  },
  {
    "source": "WSJ",
    "title": "The U.S.-U.K. Trade Relationship Is Unique. Here\u2019s Why.",
    "published": "2025-05-08",
    "inference_result": [
      {
        "label": "neutral",
        "score": 0.8548307418823242
      }
    ]
  },
  {
    "source": "WSJ",
    "title": "Trump Stages a Trade-War Retreat",
    "published": "2025-05-08",
    "inference_result": [
      {
        "label": "positive",
        "score": 0.7272894978523254
      }
    ]
  },
  {
    "source": "WSJ",
    "title": "U.S. and U.K. Unveil Framework for Trade Deal",
    "published": "2025-05-08",
    "inference_result": [
      {
        "label": "positive",
        "score": 0.7783501744270325
      }
    ]
  },
  {
    "source": "WSJ",
    "title": "Maersk Backs Guidance Despite Cautioning on Container Demand",
    "published": "2025-05-08",
    "inference_result": [
      {
        "label": "negative",
        "score": 0.9752674698829651
      }
    ]
  },
  {
    "source": "WSJ",
    "title": "Trump Brings Millionaire Tax Idea Back to Life",
    "published": "2025-05-08",
    "inference_result": [
      {
        "label": "negative",
        "score": 0.5441192984580994
      }
    ]
  },
  {
    "source": "WSJ",
    "title": "With U.K. Deal, U.S. Signals That 10% Tariff on World Is New Baseline",
    "published": "2025-05-08",
    "inference_result": [
      {
        "label": "positive",
        "score": 0.6072366237640381
      }
    ]
  }
]