[
  {
    "source": "WSJ",
    "title": "Understanding Trump\u2019s Trade War",
    "published": "2025-04-22",
    "inference_result": [
      {
        "label": "neutral",
        "score": 0.8783695101737976
      }
    ]
  },
  {
    "source": "WSJ",
    "title": "3M Keeps Guidance but Adds Tariff Hazards",
    "published": "2025-04-22",
    "inference_result": [
      {
        "label": "negative",
        "score": 0.970696747303009
      }
    ]
  },
  {
    "source": "WSJ",
    "title": "Ray-Ban Maker EssilorLuxottica to Implement Measures to Mitigate U.S. Tariffs",
    "published": "2025-04-22",
    "inference_result": [
      {
        "label": "positive",
        "score": 0.9524162411689758
      }
    ]
  },
  {
    "source": "WSJ",
    "title": "U.S. Slaps Steep Tariffs on Southeast Asian Solar Imports",
    "published": "2025-04-22",
    "inference_result": [
      {
        "label": "negative",
        "score": 0.8793503046035767
      }
    ]
  },
  {
    "source": "WSJ",
    "title": "U.S. Slaps Steep Tariffs on Southeast Asian Solar Imports",
    "published": "2025-04-22",
    "inference_result": [
      {
        "label": "negative",
        "score": 0.8793503046035767
      }
    ]
  },
  {
    "source": "WSJ",
    "title": "Roche to Invest $50 Billion in U.S. Manufacturing, R&D as Tariffs Loom",
    "published": "2025-04-22",
    "inference_result": [
      {
        "label": "positive",
        "score": 0.7186247110366821
      }
    ]
  },
  {
    "source": "WSJ",
    "title": "Understanding Trump\u2019s Trade War",
    "published": "2025-04-22",
    "inference_result": [
      {
        "label": "neutral",
        "score": 0.8783695101737976
      }
    ]
  }
]