[
  {
    "source": "WSJ",
    "title": "Trade-War Uncertainty Prompts Wave of Companies to Yank Forecasts",
    "published": "2025-04-29",
    "inference_result": [
      {
        "label": "negative",
        "score": 0.8447167277336121
      }
    ]
  },
  {
    "source": "WSJ",
    "title": "Retail Giants Manage to Keep a Lid on Prices but Warn It Can\u2019t Last",
    "published": "2025-04-29",
    "inference_result": [
      {
        "label": "positive",
        "score": 0.7155362367630005
      }
    ]
  },
  {
    "source": "WSJ",
    "title": "Mercedes-Benz Can\u2019t Offer Reliable Guidance Amid Market Turmoil",
    "published": "2025-04-29",
    "inference_result": [
      {
        "label": "negative",
        "score": 0.9232187271118164
      }
    ]
  },
  {
    "source": "WSJ",
    "title": "Eurozone Economy Picks Up Pace Ahead of Tariff Disruption",
    "published": "2025-04-29",
    "inference_result": [
      {
        "label": "negative",
        "score": 0.9717268347740173
      }
    ]
  },
  {
    "source": "WSJ",
    "title": "Exclusive | Merck to Spend $1 Billion on New Factory to Make U.S. Supplies of Blockbuster Drug",
    "published": "2025-04-29",
    "inference_result": [
      {
        "label": "positive",
        "score": 0.5562242865562439
      }
    ]
  },
  {
    "source": "WSJ",
    "title": "Coca-Cola Sales Dented by Hispanic Boycott, Lower Demand",
    "published": "2025-04-29",
    "inference_result": [
      {
        "label": "negative",
        "score": 0.8353674411773682
      }
    ]
  },
  {
    "source": "WSJ",
    "title": "China\u2019s Export Orders Plunge, Hit by Trump\u2019s Trade War",
    "published": "2025-04-29",
    "inference_result": [
      {
        "label": "negative",
        "score": 0.9616896510124207
      }
    ]
  },
  {
    "source": "WSJ",
    "title": "Honeywell Shifts Outlook for Tariffs After Strong Results",
    "published": "2025-04-29",
    "inference_result": [
      {
        "label": "neutral",
        "score": 0.9535424113273621
      }
    ]
  },
  {
    "source": "WSJ",
    "title": "Bank of Canada Officials Viewed April Rate Cut as \u2018Premature\u2019",
    "published": "2025-04-29",
    "inference_result": [
      {
        "label": "negative",
        "score": 0.7641481757164001
      }
    ]
  },
  {
    "source": "WSJ",
    "title": "Caterpillar Expects Tariffs to Cost Up to $350 Million This Quarter",
    "published": "2025-04-29",
    "inference_result": [
      {
        "label": "positive",
        "score": 0.9046517610549927
      }
    ]
  },
  {
    "source": "WSJ",
    "title": "Snap Says Advertisers Are Curbing Spending Due to End of Tariff Loophole; Stock Slides",
    "published": "2025-04-29",
    "inference_result": [
      {
        "label": "negative",
        "score": 0.9690567851066589
      }
    ]
  },
  {
    "source": "WSJ",
    "title": "Canada GDP Ticks Up After 0.2% Decline in February",
    "published": "2025-04-29",
    "inference_result": [
      {
        "label": "negative",
        "score": 0.9349445104598999
      }
    ]
  },
  {
    "source": "WSJ",
    "title": "Trump Touts Tariffs in Michigan Rally as Voters\u2019 Economic Concerns Mount",
    "published": "2025-04-29",
    "inference_result": [
      {
        "label": "neutral",
        "score": 0.8137126564979553
      }
    ]
  },
  {
    "source": "WSJ",
    "title": "Amazon Rules Out Displaying Tariff Impact After White House Attack",
    "published": "2025-04-29",
    "inference_result": [
      {
        "label": "negative",
        "score": 0.7990285754203796
      }
    ]
  },
  {
    "source": "WSJ",
    "title": "Stock Market News, April 30, 2025: Dow, S&P 500 Rally Into Close; GDP Data Shows Economy Contracting",
    "published": "2025-04-29",
    "inference_result": [
      {
        "label": "negative",
        "score": 0.9747052788734436
      }
    ]
  },
  {
    "source": "WSJ",
    "title": "Airbus Backs Guidance, but Warns Tariffs Are Bringing Uncertainty",
    "published": "2025-04-29",
    "inference_result": [
      {
        "label": "negative",
        "score": 0.9505541324615479
      }
    ]
  },
  {
    "source": "WSJ",
    "title": "Adidas Confirms Guidance But Warns of Potential Hit From U.S. Tariffs",
    "published": "2025-04-29",
    "inference_result": [
      {
        "label": "negative",
        "score": 0.5787354707717896
      }
    ]
  },
  {
    "source": "WSJ",
    "title": "Trump vs. Amazon\u2019s Brilliant Tariff Idea",
    "published": "2025-04-29",
    "inference_result": [
      {
        "label": "neutral",
        "score": 0.6253520846366882
      }
    ]
  },
  {
    "source": "WSJ",
    "title": "U.S. Economy Contracts in First Quarter Amid Economic Uncertainty",
    "published": "2025-04-29",
    "inference_result": [
      {
        "label": "negative",
        "score": 0.7674528956413269
      }
    ]
  },
  {
    "source": "WSJ",
    "title": "Pfizer Expands Cost-Cutting Measures, Reaffirms Outlook",
    "published": "2025-04-29",
    "inference_result": [
      {
        "label": "positive",
        "score": 0.6461713314056396
      }
    ]
  }
]