[
  {
    "source": "WSJ",
    "title": "Pork Giant Smithfield Returns to U.S. Stock Market",
    "published": "2025-01-28",
    "inference_result": [
      {
        "label": "negative",
        "score": 0.9612928628921509
      }
    ]
  },
  {
    "source": "WSJ",
    "title": "Levi Strauss Warns of Outlook on Short-Lived Return to Wholesale Growth",
    "published": "2025-01-28",
    "inference_result": [
      {
        "label": "negative",
        "score": 0.974726676940918
      }
    ]
  },
  {
    "source": "WSJ",
    "title": "Tulsi Gabbard, Edward Snowden and Intelligence",
    "published": "2025-01-28",
    "inference_result": [
      {
        "label": "neutral",
        "score": 0.8371166586875916
      }
    ]
  },
  {
    "source": "WSJ",
    "title": "In First White House Briefing, Youngest Press Secretary Ever Eschews Tradition",
    "published": "2025-01-28",
    "inference_result": [
      {
        "label": "neutral",
        "score": 0.9393450021743774
      }
    ]
  },
  {
    "source": "WSJ",
    "title": "GM Posts Quarterly Loss, Makes Plans for Potential Tariffs",
    "published": "2025-01-28",
    "inference_result": [
      {
        "label": "negative",
        "score": 0.9612162113189697
      }
    ]
  },
  {
    "source": "WSJ",
    "title": "Deported Colombian Migrants Complain of \u2018Despotic, Humiliating\u2019 Treatment",
    "published": "2025-01-28",
    "inference_result": [
      {
        "label": "neutral",
        "score": 0.6595064401626587
      }
    ]
  },
  {
    "source": "WSJ",
    "title": "Deported Colombian Migrants Complain of \u2018Despotic, Humiliating\u2019 Treatment",
    "published": "2025-01-28",
    "inference_result": [
      {
        "label": "neutral",
        "score": 0.6595064401626587
      }
    ]
  },
  {
    "source": "WSJ",
    "title": "How Much Do Tariffs Matter?",
    "published": "2025-01-28",
    "inference_result": [
      {
        "label": "negative",
        "score": 0.8145334720611572
      }
    ]
  },
  {
    "source": "WSJ",
    "title": "Lame-Duck Biden Snubbed Israel on AI",
    "published": "2025-01-28",
    "inference_result": [
      {
        "label": "positive",
        "score": 0.511955201625824
      }
    ]
  },
  {
    "source": "WSJ",
    "title": "Pork Giant Smithfield Returns to U.S. Stock Market",
    "published": "2025-01-28",
    "inference_result": [
      {
        "label": "negative",
        "score": 0.9612928628921509
      }
    ]
  },
  {
    "source": "WSJ",
    "title": "On the Ground in Palmyra, Where a Syrian Archaeological Gem Hopes for a Revival",
    "published": "2025-01-28",
    "inference_result": [
      {
        "label": "positive",
        "score": 0.7760258316993713
      }
    ]
  },
  {
    "source": "WSJ",
    "title": "Why Tariffs Are a Key Wild Card for the Fed",
    "published": "2025-01-28",
    "inference_result": [
      {
        "label": "neutral",
        "score": 0.5348978042602539
      }
    ]
  },
  {
    "source": "WSJ",
    "title": "How Much Do Tariffs Matter?",
    "published": "2025-01-28",
    "inference_result": [
      {
        "label": "negative",
        "score": 0.8145334720611572
      }
    ]
  },
  {
    "source": "WSJ",
    "title": "Hims & Hers to Advertise Weight-Loss Shots at the Super Bowl",
    "published": "2025-01-28",
    "inference_result": [
      {
        "label": "positive",
        "score": 0.9329667091369629
      }
    ]
  }
]