[
  {
    "source": "WSJ",
    "title": "The Wall Street Journal Google Your News Update",
    "published": "2025-04-06",
    "inference_result": [
      {
        "label": "neutral",
        "score": 0.8458846807479858
      }
    ]
  },
  {
    "source": "WSJ",
    "title": "How Tariff Damage Spreads, Auto Edition",
    "published": "2025-04-06",
    "inference_result": [
      {
        "label": "neutral",
        "score": 0.8849602341651917
      }
    ]
  },
  {
    "source": "WSJ",
    "title": "Calling Trump\u2019s Bluff on \u2018Reciprocal\u2019 Tariffs",
    "published": "2025-04-06",
    "inference_result": [
      {
        "label": "neutral",
        "score": 0.5872836112976074
      }
    ]
  },
  {
    "source": "WSJ",
    "title": "Trump\u2019s Tariffs Are a Major Legal Question",
    "published": "2025-04-06",
    "inference_result": [
      {
        "label": "neutral",
        "score": 0.8355808258056641
      }
    ]
  },
  {
    "source": "WSJ",
    "title": "Nike and Lululemon Bet Big on Vietnam. They Bet Wrong.",
    "published": "2025-04-06",
    "inference_result": [
      {
        "label": "neutral",
        "score": 0.6491795182228088
      }
    ]
  },
  {
    "source": "WSJ",
    "title": "Nike and Lululemon Bet Big on Vietnam. They Bet Wrong.",
    "published": "2025-04-06",
    "inference_result": [
      {
        "label": "neutral",
        "score": 0.6491795182228088
      }
    ]
  },
  {
    "source": "WSJ",
    "title": "Cars Were Already Unaffordable Before Tariffs",
    "published": "2025-04-06",
    "inference_result": [
      {
        "label": "neutral",
        "score": 0.5255098342895508
      }
    ]
  },
  {
    "source": "WSJ",
    "title": "Trump\u2019s Tariffs Are a Major Legal Question",
    "published": "2025-04-06",
    "inference_result": [
      {
        "label": "neutral",
        "score": 0.8355808258056641
      }
    ]
  }
]