[
  {
    "source": "WSJ",
    "title": "Car Buyers Rushing to Beat Tariffs Find It\u2019s Tougher to Get Financing",
    "published": "2025-05-05",
    "inference_result": [
      {
        "label": "negative",
        "score": 0.7947205901145935
      }
    ]
  },
  {
    "source": "WSJ",
    "title": "Car Buyers Rushing to Beat Tariffs Find It\u2019s Tougher to Get Financing",
    "published": "2025-05-05",
    "inference_result": [
      {
        "label": "negative",
        "score": 0.7947205901145935
      }
    ]
  },
  {
    "source": "WSJ",
    "title": "Trump Tariffs Are a Victory Against Climate Change",
    "published": "2025-05-05",
    "inference_result": [
      {
        "label": "neutral",
        "score": 0.7795628905296326
      }
    ]
  },
  {
    "source": "WSJ",
    "title": "Taiwan Central Bank Says U.S. Didn\u2019t Make Forex Demands, Urges Calm as Currency Surges",
    "published": "2025-05-05",
    "inference_result": [
      {
        "label": "negative",
        "score": 0.9559901356697083
      }
    ]
  },
  {
    "source": "WSJ",
    "title": "Mattel Plans Price Increases on American Toys",
    "published": "2025-05-05",
    "inference_result": [
      {
        "label": "negative",
        "score": 0.9517711400985718
      }
    ]
  },
  {
    "source": "WSJ",
    "title": "The World\u2019s Top Jet Fighter Is About to Get More Expensive",
    "published": "2025-05-05",
    "inference_result": [
      {
        "label": "positive",
        "score": 0.5699409246444702
      }
    ]
  },
  {
    "source": "WSJ",
    "title": "Audi Says Guidance Remains in Place, But Excludes Tariff Impact",
    "published": "2025-05-05",
    "inference_result": [
      {
        "label": "negative",
        "score": 0.9751049876213074
      }
    ]
  },
  {
    "source": "WSJ",
    "title": "Tariffs Threaten Semiconductor Supply Chains, Chip-Equipment Maker Warns",
    "published": "2025-05-05",
    "inference_result": [
      {
        "label": "positive",
        "score": 0.9592500329017639
      }
    ]
  },
  {
    "source": "WSJ",
    "title": "Hollywood Wanted Trump to Bring Movie-Making Back to the U.S.\u2014but Not Like This",
    "published": "2025-05-05",
    "inference_result": [
      {
        "label": "neutral",
        "score": 0.9227495193481445
      }
    ]
  },
  {
    "source": "WSJ",
    "title": "Trump Stands Firm on Canada Joining the U.S. During Meeting With Carney",
    "published": "2025-05-05",
    "inference_result": [
      {
        "label": "neutral",
        "score": 0.8272600769996643
      }
    ]
  },
  {
    "source": "WSJ",
    "title": "Solid 10-Year Note Auction Further Eases Concerns About Bond Demand",
    "published": "2025-05-05",
    "inference_result": [
      {
        "label": "negative",
        "score": 0.9505841732025146
      }
    ]
  },
  {
    "source": "WSJ",
    "title": "Oil Tumbles After OPEC+ Agrees on Another Large Supply Hike",
    "published": "2025-05-05",
    "inference_result": [
      {
        "label": "negative",
        "score": 0.9402207136154175
      }
    ]
  },
  {
    "source": "WSJ",
    "title": "The Wall Street Journal Google Your News Update",
    "published": "2025-05-05",
    "inference_result": [
      {
        "label": "neutral",
        "score": 0.9045084118843079
      }
    ]
  },
  {
    "source": "WSJ",
    "title": "What It Takes to Win\u2014or Lose\u2014in a Meeting With Trump",
    "published": "2025-05-05",
    "inference_result": [
      {
        "label": "neutral",
        "score": 0.8294975757598877
      }
    ]
  },
  {
    "source": "WSJ",
    "title": "Skechers to Go Private in $9.4 Billion 3G Deal",
    "published": "2025-05-05",
    "inference_result": [
      {
        "label": "neutral",
        "score": 0.9171934127807617
      }
    ]
  },
  {
    "source": "WSJ",
    "title": "Bessent on Potential Start of U.S.-China Talks: We Want Fair Trade",
    "published": "2025-05-05",
    "inference_result": [
      {
        "label": "neutral",
        "score": 0.8603801131248474
      }
    ]
  },
  {
    "source": "WSJ",
    "title": "RBNZ Governor Says Financial System Risks Have Increased as Trade War Rages",
    "published": "2025-05-05",
    "inference_result": [
      {
        "label": "positive",
        "score": 0.8876834511756897
      }
    ]
  },
  {
    "source": "WSJ",
    "title": "Corporate America Is Leaving More Jobs Unfilled",
    "published": "2025-05-05",
    "inference_result": [
      {
        "label": "negative",
        "score": 0.9567901492118835
      }
    ]
  },
  {
    "source": "WSJ",
    "title": "Outside the U.S., Countries Are Doubling Down on Free Trade",
    "published": "2025-05-05",
    "inference_result": [
      {
        "label": "negative",
        "score": 0.6899318099021912
      }
    ]
  },
  {
    "source": "WSJ",
    "title": "Can Merz Restore Germany\u2019s Leadership Role in Europe?",
    "published": "2025-05-05",
    "inference_result": [
      {
        "label": "negative",
        "score": 0.9173526167869568
      }
    ]
  },
  {
    "source": "WSJ",
    "title": "High Beef Costs Hurt Tyson Foods",
    "published": "2025-05-05",
    "inference_result": [
      {
        "label": "positive",
        "score": 0.6703633069992065
      }
    ]
  },
  {
    "source": "WSJ",
    "title": "The Case for Fixing Food Stamps",
    "published": "2025-05-05",
    "inference_result": [
      {
        "label": "negative",
        "score": 0.7135144472122192
      }
    ]
  },
  {
    "source": "WSJ",
    "title": "Donald Trump\u2019s Two-Doll Problem",
    "published": "2025-05-05",
    "inference_result": [
      {
        "label": "neutral",
        "score": 0.739729642868042
      }
    ]
  },
  {
    "source": "WSJ",
    "title": "\u2018Empty Vessel\u2019 Review: Sailing the Trade Winds",
    "published": "2025-05-05",
    "inference_result": [
      {
        "label": "neutral",
        "score": 0.5032957792282104
      }
    ]
  }
]