[
  {
    "source": "WSJ",
    "title": "Trump Warned U.S. Automakers Not to Raise Prices in Response to Tariffs",
    "published": "2025-03-27",
    "inference_result": [
      {
        "label": "negative",
        "score": 0.9526783227920532
      }
    ]
  },
  {
    "source": "WSJ",
    "title": "Trump Warned U.S. Automakers Not to Raise Prices in Response to Tariffs",
    "published": "2025-03-27",
    "inference_result": [
      {
        "label": "negative",
        "score": 0.9526783227920532
      }
    ]
  },
  {
    "source": "WSJ",
    "title": "Trump\u2019s Giant New Car and Truck Tax",
    "published": "2025-03-27",
    "inference_result": [
      {
        "label": "neutral",
        "score": 0.8347641229629517
      }
    ]
  },
  {
    "source": "WSJ",
    "title": "Ferrari to Raise Prices on Some Models in Response to U.S. Tariffs",
    "published": "2025-03-27",
    "inference_result": [
      {
        "label": "positive",
        "score": 0.9143938422203064
      }
    ]
  }
]