[
  {
    "source": "WSJ",
    "title": "Trump and His \u2018Little Disturbance\u2019 From Tariffs",
    "published": "2025-04-02",
    "inference_result": [
      {
        "label": "positive",
        "score": 0.8875256776809692
      }
    ]
  },
  {
    "source": "WSJ",
    "title": "China Says It Has Agreed to EV Tariffs Negotiations With EU",
    "published": "2025-04-02",
    "inference_result": [
      {
        "label": "neutral",
        "score": 0.8938687443733215
      }
    ]
  },
  {
    "source": "WSJ",
    "title": "Trump on Tariff Stock Turmoil: 'The Markets Are Going to Boom'",
    "published": "2025-04-02",
    "inference_result": [
      {
        "label": "neutral",
        "score": 0.9297717213630676
      }
    ]
  },
  {
    "source": "WSJ",
    "title": "\u2018The Case for Tariffs\u2019 Confuses U.S. History",
    "published": "2025-04-02",
    "inference_result": [
      {
        "label": "negative",
        "score": 0.8439355492591858
      }
    ]
  },
  {
    "source": "WSJ",
    "title": "Toy Stocks Tank as Tariffs Target Key Manufacturing Sites",
    "published": "2025-04-02",
    "inference_result": [
      {
        "label": "positive",
        "score": 0.6740279793739319
      }
    ]
  },
  {
    "source": "WSJ",
    "title": "Trump Tariffs Aim to Bring Down Curtain on Era of Globalization",
    "published": "2025-04-02",
    "inference_result": [
      {
        "label": "neutral",
        "score": 0.6733148097991943
      }
    ]
  },
  {
    "source": "WSJ",
    "title": "Trump\u2019s New Protectionist Age",
    "published": "2025-04-02",
    "inference_result": [
      {
        "label": "negative",
        "score": 0.6078030467033386
      }
    ]
  },
  {
    "source": "WSJ",
    "title": "Some GOP Senators Break With Trump to Reject Canada Tariffs",
    "published": "2025-04-02",
    "inference_result": [
      {
        "label": "negative",
        "score": 0.8510643243789673
      }
    ]
  },
  {
    "source": "WSJ",
    "title": "Trump\u2019s New Protectionist Age",
    "published": "2025-04-02",
    "inference_result": [
      {
        "label": "negative",
        "score": 0.6078030467033386
      }
    ]
  }
]