[
  {
    "source": "WSJ",
    "title": "We\u2019re Headed Toward a Landlord-Friendly Era. Expect Higher Rent Prices.",
    "published": "2025-02-14",
    "inference_result": [
      {
        "label": "negative",
        "score": 0.8527193069458008
      }
    ]
  },
  {
    "source": "WSJ",
    "title": "Birkin Bag Maker Hermes Posts Higher Revenue on Strong Americas Performance",
    "published": "2025-02-14",
    "inference_result": [
      {
        "label": "positive",
        "score": 0.9557439088821411
      }
    ]
  },
  {
    "source": "WSJ",
    "title": "Trump Somehow Lowers the Temperature in Washington",
    "published": "2025-02-14",
    "inference_result": [
      {
        "label": "neutral",
        "score": 0.5268195867538452
      }
    ]
  },
  {
    "source": "WSJ",
    "title": "Trump\u2019s Reciprocal Tariff Policy \u2018a Step in the Wrong Direction,\u2019 EU Says",
    "published": "2025-02-14",
    "inference_result": [
      {
        "label": "neutral",
        "score": 0.5374544858932495
      }
    ]
  },
  {
    "source": "WSJ",
    "title": "Eurozone Economy Grew a Little at End of 2024, Fresh Estimates Show",
    "published": "2025-02-14",
    "inference_result": [
      {
        "label": "negative",
        "score": 0.9640409350395203
      }
    ]
  },
  {
    "source": "WSJ",
    "title": "DeepSeek, Tariff Relief Fuel Rally in Chinese Tech Stocks",
    "published": "2025-02-14",
    "inference_result": [
      {
        "label": "positive",
        "score": 0.9538523554801941
      }
    ]
  },
  {
    "source": "WSJ",
    "title": "Hindsight Is 20/20 on Dr. Ridley\u2019s Invention",
    "published": "2025-02-14",
    "inference_result": [
      {
        "label": "negative",
        "score": 0.7588085532188416
      }
    ]
  },
  {
    "source": "WSJ",
    "title": "Republicans Reconcile on Taxes",
    "published": "2025-02-14",
    "inference_result": [
      {
        "label": "positive",
        "score": 0.8393029570579529
      }
    ]
  },
  {
    "source": "WSJ",
    "title": "Exclusive | A New Spy Unit Is Leading Russia\u2019s Shadow War Against the West",
    "published": "2025-02-14",
    "inference_result": [
      {
        "label": "negative",
        "score": 0.5547048449516296
      }
    ]
  },
  {
    "source": "WSJ",
    "title": "Five Best: Classics Retold",
    "published": "2025-02-14",
    "inference_result": [
      {
        "label": "neutral",
        "score": 0.865333616733551
      }
    ]
  },
  {
    "source": "WSJ",
    "title": "\u2018Poet in the New World\u2019 Review: Czes\u0142aw Mi\u0142osz Crosses Over",
    "published": "2025-02-14",
    "inference_result": [
      {
        "label": "neutral",
        "score": 0.7735716104507446
      }
    ]
  },
  {
    "source": "WSJ",
    "title": "The Score: Airbnb, Coke, Robinhood and More Stocks That Defined the Week",
    "published": "2025-02-14",
    "inference_result": [
      {
        "label": "neutral",
        "score": 0.9132109880447388
      }
    ]
  },
  {
    "source": "WSJ",
    "title": "On This One, Tesla Is a DOGE Loser",
    "published": "2025-02-14",
    "inference_result": [
      {
        "label": "negative",
        "score": 0.9476292133331299
      }
    ]
  },
  {
    "source": "WSJ",
    "title": "Order This Pasta. In 2025, It\u2019s the Exciting Choice and Best Value on the Menu.",
    "published": "2025-02-14",
    "inference_result": [
      {
        "label": "positive",
        "score": 0.6562804579734802
      }
    ]
  },
  {
    "source": "WSJ",
    "title": "Birkin Bag Maker Hermes Posts Higher Revenue on Strong Americas Performance",
    "published": "2025-02-14",
    "inference_result": [
      {
        "label": "positive",
        "score": 0.9557439088821411
      }
    ]
  },
  {
    "source": "WSJ",
    "title": "Fiction: \u2018Stone Yard Devotional\u2019 by Charlotte Wood",
    "published": "2025-02-14",
    "inference_result": [
      {
        "label": "neutral",
        "score": 0.8433161973953247
      }
    ]
  },
  {
    "source": "WSJ",
    "title": "Justice Department Moves to Drop Eric Adams Case After Wave of Resignations",
    "published": "2025-02-14",
    "inference_result": [
      {
        "label": "negative",
        "score": 0.8237185478210449
      }
    ]
  }
]