[
  {
    "source": "WSJ",
    "title": "WSJ Trade Reporter Explains What Happens Next With Trump\u2019s Tariff Plan",
    "published": "2025-04-11",
    "inference_result": [
      {
        "label": "neutral",
        "score": 0.9220728278160095
      }
    ]
  },
  {
    "source": "WSJ",
    "title": "WSJ Trade Reporter Explains What Happens Next With Trump\u2019s Tariff Plan",
    "published": "2025-04-11",
    "inference_result": [
      {
        "label": "neutral",
        "score": 0.9220728278160095
      }
    ]
  },
  {
    "source": "WSJ",
    "title": "That New Charge on Your Bill? Call It a \u2018This Tariff Isn\u2019t Our Fault\u2019 Fee",
    "published": "2025-04-11",
    "inference_result": [
      {
        "label": "neutral",
        "score": 0.6949973106384277
      }
    ]
  },
  {
    "source": "WSJ",
    "title": "Can Trump\u2019s Tariff Offensive Deliver New American Jobs?",
    "published": "2025-04-11",
    "inference_result": [
      {
        "label": "neutral",
        "score": 0.8892201781272888
      }
    ]
  },
  {
    "source": "WSJ",
    "title": "How Nintendo Is Navigating Tariff Chaos With Secret Shipments and New Factories",
    "published": "2025-04-11",
    "inference_result": [
      {
        "label": "neutral",
        "score": 0.9224385023117065
      }
    ]
  },
  {
    "source": "WSJ",
    "title": "The World Is Taking Urgent Steps to Prepare for Trade War Downturn",
    "published": "2025-04-11",
    "inference_result": [
      {
        "label": "positive",
        "score": 0.9313053488731384
      }
    ]
  }
]