[
  {
    "source": "WSJ",
    "title": "The CEO Who Says an Asteroid Is Coming to Destroy America\u2019s Businesses",
    "published": "2025-05-02",
    "inference_result": [
      {
        "label": "neutral",
        "score": 0.8920242190361023
      }
    ]
  },
  {
    "source": "WSJ",
    "title": "U.S. Economy Shows Remarkable Resilience in Face of Trade Turmoil",
    "published": "2025-05-02",
    "inference_result": [
      {
        "label": "negative",
        "score": 0.5692586302757263
      }
    ]
  },
  {
    "source": "WSJ",
    "title": "Your Money-Market Fund Is Ripping You Off",
    "published": "2025-05-02",
    "inference_result": [
      {
        "label": "neutral",
        "score": 0.758191704750061
      }
    ]
  },
  {
    "source": "WSJ",
    "title": "Warren Buffett, Mum So Far on the Trade War, Steps Up to the Mic",
    "published": "2025-05-02",
    "inference_result": [
      {
        "label": "negative",
        "score": 0.6015058755874634
      }
    ]
  },
  {
    "source": "WSJ",
    "title": "In Trump 2.0, \u2018Free Trade\u2019 Republicans Are a Dying Breed",
    "published": "2025-05-02",
    "inference_result": [
      {
        "label": "neutral",
        "score": 0.6596132516860962
      }
    ]
  },
  {
    "source": "WSJ",
    "title": "Exxon, Chevron Profits Fell Ahead of Tariff-Driven Oil Slump",
    "published": "2025-05-02",
    "inference_result": [
      {
        "label": "positive",
        "score": 0.5978736877441406
      }
    ]
  },
  {
    "source": "WSJ",
    "title": "Trump Is Right About Trade Imbalances. Does He Know How to Fix Them?",
    "published": "2025-05-02",
    "inference_result": [
      {
        "label": "neutral",
        "score": 0.7849502563476562
      }
    ]
  },
  {
    "source": "WSJ",
    "title": "BASF Confirms Outlook but Warns of Tariff Uncertainty",
    "published": "2025-05-02",
    "inference_result": [
      {
        "label": "positive",
        "score": 0.6432501077651978
      }
    ]
  },
  {
    "source": "WSJ",
    "title": "Is Donald Trump a \u2018Man of Destiny\u2019?",
    "published": "2025-05-02",
    "inference_result": [
      {
        "label": "neutral",
        "score": 0.8631165027618408
      }
    ]
  },
  {
    "source": "WSJ",
    "title": "Hopes on Trade, Economy Drive Week of Stock Gains",
    "published": "2025-05-02",
    "inference_result": [
      {
        "label": "positive",
        "score": 0.8371810913085938
      }
    ]
  },
  {
    "source": "WSJ",
    "title": "Exclusive | Beijing Weighs Fentanyl Offer to U.S. to Start Trade Talks",
    "published": "2025-05-02",
    "inference_result": [
      {
        "label": "positive",
        "score": 0.7563406825065613
      }
    ]
  },
  {
    "source": "WSJ",
    "title": "Employers Added 177,000 Jobs in April Despite Tariff Uncertainty",
    "published": "2025-05-02",
    "inference_result": [
      {
        "label": "negative",
        "score": 0.9539021849632263
      }
    ]
  },
  {
    "source": "WSJ",
    "title": "Japan Wary of China Import Surge, Finance Minister Says",
    "published": "2025-05-02",
    "inference_result": [
      {
        "label": "neutral",
        "score": 0.9021267890930176
      }
    ]
  },
  {
    "source": "WSJ",
    "title": "Donald Trump Says It\u2019s a Two-Doll Christmas",
    "published": "2025-05-02",
    "inference_result": [
      {
        "label": "neutral",
        "score": 0.8601675033569336
      }
    ]
  },
  {
    "source": "WSJ",
    "title": "Standard Chartered Posts Profit Growth, Maintains Guidance",
    "published": "2025-05-02",
    "inference_result": [
      {
        "label": "positive",
        "score": 0.954954981803894
      }
    ]
  },
  {
    "source": "WSJ",
    "title": "Exclusive | Trump, Mexico\u2019s Sheinbaum Spar Over Drug Cartels",
    "published": "2025-05-02",
    "inference_result": [
      {
        "label": "negative",
        "score": 0.9558067321777344
      }
    ]
  },
  {
    "source": "WSJ",
    "title": "What an IRS Battle Over an 850-Year-Old Painting Means for Your Taxes",
    "published": "2025-05-02",
    "inference_result": [
      {
        "label": "negative",
        "score": 0.7821628451347351
      }
    ]
  }
]