[
  {
    "source": "WSJ",
    "title": "Trade Thaw Sparks Stock Rally, Leaves Wall Street Cautious",
    "published": "2025-05-11",
    "inference_result": [
      {
        "label": "neutral",
        "score": 0.4868622422218323
      }
    ]
  },
  {
    "source": "WSJ",
    "title": "The New Right\u2019s Zombienomics",
    "published": "2025-05-11",
    "inference_result": [
      {
        "label": "neutral",
        "score": 0.8717670440673828
      }
    ]
  },
  {
    "source": "WSJ",
    "title": "Surprise U.S.-China Trade Deal Gives Global Economy Reprieve",
    "published": "2025-05-11",
    "inference_result": [
      {
        "label": "positive",
        "score": 0.7756860852241516
      }
    ]
  },
  {
    "source": "WSJ",
    "title": "Tariffs Are Crashing TV\u2019s Annual \u2018Upfront\u2019 Ad-Sales Party",
    "published": "2025-05-11",
    "inference_result": [
      {
        "label": "negative",
        "score": 0.8829030990600586
      }
    ]
  },
  {
    "source": "WSJ",
    "title": "Tariff Shock Reverberates in the Bond Market",
    "published": "2025-05-11",
    "inference_result": [
      {
        "label": "positive",
        "score": 0.8972308039665222
      }
    ]
  },
  {
    "source": "WSJ",
    "title": "U.S. and China Agree to Significantly Cut Tariffs",
    "published": "2025-05-11",
    "inference_result": [
      {
        "label": "negative",
        "score": 0.8008407354354858
      }
    ]
  },
  {
    "source": "WSJ",
    "title": "Energy & Utilities Roundup: Market Talk",
    "published": "2025-05-11",
    "inference_result": [
      {
        "label": "negative",
        "score": 0.5026779770851135
      }
    ]
  },
  {
    "source": "WSJ",
    "title": "Has Bessent Spent Any Time on Main Street?",
    "published": "2025-05-11",
    "inference_result": [
      {
        "label": "neutral",
        "score": 0.8115257024765015
      }
    ]
  },
  {
    "source": "WSJ",
    "title": "Investors Ease Up on Bearish Bets",
    "published": "2025-05-11",
    "inference_result": [
      {
        "label": "negative",
        "score": 0.9716660976409912
      }
    ]
  },
  {
    "source": "WSJ",
    "title": "The Spring Home Sales Season Is Shaping Up to Be a Dud",
    "published": "2025-05-11",
    "inference_result": [
      {
        "label": "negative",
        "score": 0.9191340208053589
      }
    ]
  },
  {
    "source": "WSJ",
    "title": "Hollywood Doesn\u2019t Need a Tax Subsidy",
    "published": "2025-05-11",
    "inference_result": [
      {
        "label": "positive",
        "score": 0.49522048234939575
      }
    ]
  },
  {
    "source": "WSJ",
    "title": "One Year From Software Fiasco, Sonos Can Still Carry a Tune",
    "published": "2025-05-11",
    "inference_result": [
      {
        "label": "positive",
        "score": 0.8922126293182373
      }
    ]
  },
  {
    "source": "WSJ",
    "title": "A Downtown Cool Brand\u2019s Secret Weapon: American Manufacturing",
    "published": "2025-05-11",
    "inference_result": [
      {
        "label": "positive",
        "score": 0.5230575799942017
      }
    ]
  },
  {
    "source": "WSJ",
    "title": "Tech News Briefing",
    "published": "2025-05-11",
    "inference_result": [
      {
        "label": "neutral",
        "score": 0.9069370627403259
      }
    ]
  },
  {
    "source": "WSJ",
    "title": "The Republicans and Democrats Pulling Off the Unthinkable: Staying Friends",
    "published": "2025-05-11",
    "inference_result": [
      {
        "label": "neutral",
        "score": 0.7037061452865601
      }
    ]
  },
  {
    "source": "WSJ",
    "title": "Record Beef Prices Poised to Hit Consumers This Summer",
    "published": "2025-05-11",
    "inference_result": [
      {
        "label": "negative",
        "score": 0.966194748878479
      }
    ]
  },
  {
    "source": "WSJ",
    "title": "The Wall Street Journal Google Your News Update",
    "published": "2025-05-11",
    "inference_result": [
      {
        "label": "neutral",
        "score": 0.9069370627403259
      }
    ]
  },
  {
    "source": "WSJ",
    "title": "Trump Faces a Moment of Truth on Iran",
    "published": "2025-05-11",
    "inference_result": [
      {
        "label": "neutral",
        "score": 0.627448558807373
      }
    ]
  },
  {
    "source": "WSJ",
    "title": "Record Beef Prices Poised to Hit Consumers This Summer",
    "published": "2025-05-11",
    "inference_result": [
      {
        "label": "negative",
        "score": 0.966194748878479
      }
    ]
  },
  {
    "source": "WSJ",
    "title": "The Trump Family Crypto Business",
    "published": "2025-05-11",
    "inference_result": [
      {
        "label": "neutral",
        "score": 0.9232674837112427
      }
    ]
  },
  {
    "source": "WSJ",
    "title": "How SMIC, China's Chip Giant, Could Threaten the U.S. Grip on the AI Industry",
    "published": "2025-05-11",
    "inference_result": [
      {
        "label": "neutral",
        "score": 0.9007835388183594
      }
    ]
  },
  {
    "source": "WSJ",
    "title": "The Nasdaq Enters a New Bull Market After U.S.-China Trade Deal",
    "published": "2025-05-11",
    "inference_result": [
      {
        "label": "neutral",
        "score": 0.8556982278823853
      }
    ]
  },
  {
    "source": "WSJ",
    "title": "Hollywood Doesn\u2019t Need a Tax Subsidy",
    "published": "2025-05-11",
    "inference_result": [
      {
        "label": "positive",
        "score": 0.49522048234939575
      }
    ]
  },
  {
    "source": "WSJ",
    "title": "WSJ Reporter Describes U.S.-China Trade Talks in Geneva",
    "published": "2025-05-11",
    "inference_result": [
      {
        "label": "neutral",
        "score": 0.9434152841567993
      }
    ]
  },
  {
    "source": "WSJ",
    "title": "Stocks to Watch Monday: Apple, Nvidia, Broadcom, Shopify",
    "published": "2025-05-11",
    "inference_result": [
      {
        "label": "negative",
        "score": 0.6850888133049011
      }
    ]
  },
  {
    "source": "WSJ",
    "title": "The Spring Home Sales Season Is Shaping Up to Be a Dud",
    "published": "2025-05-11",
    "inference_result": [
      {
        "label": "negative",
        "score": 0.9191340208053589
      }
    ]
  },
  {
    "source": "WSJ",
    "title": "Exclusive | America\u2019s Richest Foundations Team Up Against Feared Trump Assault",
    "published": "2025-05-11",
    "inference_result": [
      {
        "label": "neutral",
        "score": 0.8237624764442444
      }
    ]
  },
  {
    "source": "WSJ",
    "title": "Hollywood Doesn\u2019t Need a Tax Subsidy",
    "published": "2025-05-11",
    "inference_result": [
      {
        "label": "positive",
        "score": 0.49522048234939575
      }
    ]
  },
  {
    "source": "WSJ",
    "title": "Bessent Hails \u2018Productive\u2019 U.S.-China Trade Talks",
    "published": "2025-05-11",
    "inference_result": [
      {
        "label": "positive",
        "score": 0.8132376074790955
      }
    ]
  }
]