[
  {
    "source": "WSJ",
    "title": "Trump Imposes Global 25% Steel, Aluminum Tariffs",
    "published": "2025-02-10",
    "inference_result": [
      {
        "label": "positive",
        "score": 0.7073568105697632
      }
    ]
  },
  {
    "source": "WSJ",
    "title": "Trump Outsmarts China on Green Energy",
    "published": "2025-02-10",
    "inference_result": [
      {
        "label": "positive",
        "score": 0.6294852495193481
      }
    ]
  },
  {
    "source": "WSJ",
    "title": "Trump Stirs Hostility in Canada to the U.S.",
    "published": "2025-02-10",
    "inference_result": [
      {
        "label": "neutral",
        "score": 0.4820610284805298
      }
    ]
  },
  {
    "source": "WSJ",
    "title": "Trump Outsmarts China on Green Energy",
    "published": "2025-02-10",
    "inference_result": [
      {
        "label": "positive",
        "score": 0.6294852495193481
      }
    ]
  },
  {
    "source": "WSJ",
    "title": "Republicans Bank on Growth Boom to Claim Budget Math Adds Up",
    "published": "2025-02-10",
    "inference_result": [
      {
        "label": "positive",
        "score": 0.7231570482254028
      }
    ]
  },
  {
    "source": "WSJ",
    "title": "Ansell Could Shift Some Production as a Result of Tariffs",
    "published": "2025-02-10",
    "inference_result": [
      {
        "label": "negative",
        "score": 0.3878903090953827
      }
    ]
  },
  {
    "source": "WSJ",
    "title": "Ansell Could Shift Some Production as a Result of Tariffs",
    "published": "2025-02-10",
    "inference_result": [
      {
        "label": "negative",
        "score": 0.3878903090953827
      }
    ]
  },
  {
    "source": "WSJ",
    "title": "Trump Buries Wilsonian Foreign Policy",
    "published": "2025-02-10",
    "inference_result": [
      {
        "label": "neutral",
        "score": 0.845101535320282
      }
    ]
  },
  {
    "source": "WSJ",
    "title": "Trump Imposes Global 25% Steel, Aluminum Tariffs",
    "published": "2025-02-10",
    "inference_result": [
      {
        "label": "positive",
        "score": 0.7073568105697632
      }
    ]
  },
  {
    "source": "WSJ",
    "title": "\u2018People Are Afraid of Going Out\u2019\u2014Trump Immigration Moves Hurt Small Businesses",
    "published": "2025-02-10",
    "inference_result": [
      {
        "label": "negative",
        "score": 0.9722166657447815
      }
    ]
  },
  {
    "source": "WSJ",
    "title": "School Choice Revs Up Again in the States",
    "published": "2025-02-10",
    "inference_result": [
      {
        "label": "neutral",
        "score": 0.8711158037185669
      }
    ]
  },
  {
    "source": "WSJ",
    "title": "Wes Moore Defends Maryland\u2019s Tax Increase",
    "published": "2025-02-10",
    "inference_result": [
      {
        "label": "positive",
        "score": 0.789217472076416
      }
    ]
  },
  {
    "source": "WSJ",
    "title": "Trump Stirs Hostility in Canada to the U.S.",
    "published": "2025-02-10",
    "inference_result": [
      {
        "label": "neutral",
        "score": 0.4820610284805298
      }
    ]
  },
  {
    "source": "WSJ",
    "title": "Hims Super Bowl Ad Spotlights Weight-Loss Drug Copycats as Clock Ticks on Their Business",
    "published": "2025-02-10",
    "inference_result": [
      {
        "label": "neutral",
        "score": 0.6837742924690247
      }
    ]
  },
  {
    "source": "WSJ",
    "title": "McDonald\u2019s U.S. Sales Drop as Customers Spend Less",
    "published": "2025-02-10",
    "inference_result": [
      {
        "label": "positive",
        "score": 0.9363657832145691
      }
    ]
  }
]