[
  {
    "source": "WSJ",
    "title": "Trump Floats 25% Tariffs on Autos, Chips, Pharmaceuticals",
    "published": "2025-02-17",
    "inference_result": [
      {
        "label": "neutral",
        "score": 0.9298466444015503
      }
    ]
  },
  {
    "source": "WSJ",
    "title": "The WSJ Dollar Index Rises 0.2% to 101.27",
    "published": "2025-02-17",
    "inference_result": [
      {
        "label": "negative",
        "score": 0.7471489310264587
      }
    ]
  },
  {
    "source": "WSJ",
    "title": "Defense Rally Pushes European Stocks to New Record",
    "published": "2025-02-17",
    "inference_result": [
      {
        "label": "positive",
        "score": 0.851223349571228
      }
    ]
  },
  {
    "source": "WSJ",
    "title": "With Falling U.S. Sales, Companies Are Trying to Hit the Sweet Spot for Prices",
    "published": "2025-02-17",
    "inference_result": [
      {
        "label": "neutral",
        "score": 0.8280754685401917
      }
    ]
  },
  {
    "source": "WSJ",
    "title": "China Sends Message to Its Tech Leaders: We Need You",
    "published": "2025-02-17",
    "inference_result": [
      {
        "label": "neutral",
        "score": 0.8413524627685547
      }
    ]
  },
  {
    "source": "WSJ",
    "title": "For Thousands of Workers, the U.S.-Mexico Border Is Just a Commute",
    "published": "2025-02-17",
    "inference_result": [
      {
        "label": "negative",
        "score": 0.7678251266479492
      }
    ]
  },
  {
    "source": "WSJ",
    "title": "The New Plan for Western Companies Is ABC: \u2018Anything But China\u2019",
    "published": "2025-02-17",
    "inference_result": [
      {
        "label": "positive",
        "score": 0.5520210266113281
      }
    ]
  },
  {
    "source": "WSJ",
    "title": "The New Plan for Western Companies Is ABC: \u2018Anything But China\u2019",
    "published": "2025-02-17",
    "inference_result": [
      {
        "label": "positive",
        "score": 0.5520210266113281
      }
    ]
  },
  {
    "source": "WSJ",
    "title": "Republican Senators Try to Curb Influence of Trump Tariff Hawk",
    "published": "2025-02-17",
    "inference_result": [
      {
        "label": "neutral",
        "score": 0.46265673637390137
      }
    ]
  },
  {
    "source": "WSJ",
    "title": "BHP Sanguine on Tariff Threat to Canada Potash Bet",
    "published": "2025-02-17",
    "inference_result": [
      {
        "label": "neutral",
        "score": 0.5897634625434875
      }
    ]
  },
  {
    "source": "WSJ",
    "title": "Investors Spot Signs of Market Froth During Long Bull Market",
    "published": "2025-02-17",
    "inference_result": [
      {
        "label": "negative",
        "score": 0.6603482961654663
      }
    ]
  },
  {
    "source": "WSJ",
    "title": "The Trump Shock Comes to Europe",
    "published": "2025-02-17",
    "inference_result": [
      {
        "label": "positive",
        "score": 0.8861508369445801
      }
    ]
  },
  {
    "source": "WSJ",
    "title": "China Sends Message to Its Tech Leaders: We Need You",
    "published": "2025-02-17",
    "inference_result": [
      {
        "label": "neutral",
        "score": 0.8413524627685547
      }
    ]
  },
  {
    "source": "WSJ",
    "title": "What Ails Our Air-Traffic-Control System?",
    "published": "2025-02-17",
    "inference_result": [
      {
        "label": "neutral",
        "score": 0.9136093854904175
      }
    ]
  }
]