[
  {
    "source": "WSJ",
    "title": "Is This Trump\u2019s Mitterrand Moment?",
    "published": "2025-04-23",
    "inference_result": [
      {
        "label": "neutral",
        "score": 0.8167635798454285
      }
    ]
  },
  {
    "source": "WSJ",
    "title": "Trump White House Considers Slashing China Tariffs to De-Escalate Trade War - WSJ",
    "published": "2025-04-23",
    "inference_result": [
      {
        "label": "negative",
        "score": 0.8209425806999207
      }
    ]
  },
  {
    "source": "WSJ",
    "title": "Private-Equity Might Resort to Short-Term Workarounds on Tariffs",
    "published": "2025-04-23",
    "inference_result": [
      {
        "label": "negative",
        "score": 0.6828085780143738
      }
    ]
  },
  {
    "source": "WSJ",
    "title": "Rand Paul Fights Trump on Tariffs as Other Republicans Duck",
    "published": "2025-04-23",
    "inference_result": [
      {
        "label": "neutral",
        "score": 0.6587099432945251
      }
    ]
  }
]