[
  {
    "source": "WSJ",
    "title": "Shifting Signals on Tech Tariffs Fuel Fresh Trade Uncertainty",
    "published": "2025-04-13",
    "inference_result": [
      {
        "label": "neutral",
        "score": 0.47677379846572876
      }
    ]
  },
  {
    "source": "WSJ",
    "title": "Shifting Signals on Tech Tariffs Fuel Fresh Trade Uncertainty",
    "published": "2025-04-13",
    "inference_result": [
      {
        "label": "neutral",
        "score": 0.47677379846572876
      }
    ]
  },
  {
    "source": "WSJ",
    "title": "Democrats Are Fair-Weather Free-Traders",
    "published": "2025-04-13",
    "inference_result": [
      {
        "label": "neutral",
        "score": 0.6465103626251221
      }
    ]
  },
  {
    "source": "WSJ",
    "title": "Small Sellers of Fireworks, Ski Apparel and Other Imports Can\u2019t Escape Tariff War",
    "published": "2025-04-13",
    "inference_result": [
      {
        "label": "negative",
        "score": 0.8256627321243286
      }
    ]
  },
  {
    "source": "WSJ",
    "title": "Why Am I Paying for the President\u2019s Tariffs?",
    "published": "2025-04-13",
    "inference_result": [
      {
        "label": "neutral",
        "score": 0.8967301845550537
      }
    ]
  },
  {
    "source": "WSJ",
    "title": "Auto Tariffs Are Still On\u2014and Would Raise the Cost of Just Owning a Car",
    "published": "2025-04-13",
    "inference_result": [
      {
        "label": "negative",
        "score": 0.7876554727554321
      }
    ]
  }
]