[
  {
    "source": "WSJ",
    "title": "The Ditch-America Trade Now Has Its Own Acronym: ABUSA",
    "published": "2025-05-17",
    "inference_result": [
      {
        "label": "negative",
        "score": 0.9284318089485168
      }
    ]
  },
  {
    "source": "WSJ",
    "title": "Meet the China Factory Owner Who Voted for Trump and Doesn\u2019t Regret It",
    "published": "2025-05-17",
    "inference_result": [
      {
        "label": "negative",
        "score": 0.7980068325996399
      }
    ]
  },
  {
    "source": "WSJ",
    "title": "Exclusive | Hamas Wanted to Torpedo Israel-Saudi Deal With Oct. 7 Attacks, Documents Reveal",
    "published": "2025-05-17",
    "inference_result": [
      {
        "label": "negative",
        "score": 0.872825562953949
      }
    ]
  }
]