[
  {
    "source": "WSJ",
    "title": "U.K. Wages Accelerated Despite Tariff, Tax Pressures Ahead",
    "published": "2025-04-15",
    "inference_result": [
      {
        "label": "positive",
        "score": 0.9523985385894775
      }
    ]
  },
  {
    "source": "WSJ",
    "title": "Exclusive | U.S. Plans to Use Tariff Negotiations to Isolate China",
    "published": "2025-04-15",
    "inference_result": [
      {
        "label": "neutral",
        "score": 0.802397608757019
      }
    ]
  },
  {
    "source": "WSJ",
    "title": "Tariffs Will Hammer Solo Stove. Its Amish-Made Rival Is Ready.",
    "published": "2025-04-15",
    "inference_result": [
      {
        "label": "neutral",
        "score": 0.4255721867084503
      }
    ]
  },
  {
    "source": "WSJ",
    "title": "China\u2019s Port Cargos Start to Slow as Tariff Tensions Escalate",
    "published": "2025-04-15",
    "inference_result": [
      {
        "label": "negative",
        "score": 0.974881649017334
      }
    ]
  },
  {
    "source": "WSJ",
    "title": "Trump Gave Automakers a Tariff Break. It\u2019s Causing More Confusion.",
    "published": "2025-04-15",
    "inference_result": [
      {
        "label": "negative",
        "score": 0.9422436952590942
      }
    ]
  }
]