[
  {
    "source": "WSJ",
    "title": "Dick\u2019s Sporting Goods Maintains Outlook as Quarterly Sales Increase",
    "published": "2025-05-28",
    "inference_result": [
      {
        "label": "positive",
        "score": 0.9479347467422485
      }
    ]
  },
  {
    "source": "WSJ",
    "title": "Why Big Oil Turned to Trump for Help in Africa",
    "published": "2025-05-28",
    "inference_result": [
      {
        "label": "negative",
        "score": 0.9150650501251221
      }
    ]
  },
  {
    "source": "WSJ",
    "title": "JD Vance Responds to Matthew Hennessey on Markets and Politics",
    "published": "2025-05-28",
    "inference_result": [
      {
        "label": "neutral",
        "score": 0.8908162117004395
      }
    ]
  },
  {
    "source": "WSJ",
    "title": "JD Vance Responds to Matthew Hennessey on Markets and Politics",
    "published": "2025-05-28",
    "inference_result": [
      {
        "label": "neutral",
        "score": 0.8908162117004395
      }
    ]
  },
  {
    "source": "WSJ",
    "title": "Macy\u2019s to Tackle Tariffs With Some Price Raises, Supply Chain Changes",
    "published": "2025-05-28",
    "inference_result": [
      {
        "label": "negative",
        "score": 0.9680168032646179
      }
    ]
  },
  {
    "source": "WSJ",
    "title": "GM\u2019s Mary Barra Knows Who\u2019s Boss",
    "published": "2025-05-28",
    "inference_result": [
      {
        "label": "neutral",
        "score": 0.8468515276908875
      }
    ]
  },
  {
    "source": "WSJ",
    "title": "Japan Bonds Draw Weak Demand as Rise in Superlong Yields Sparks Concern",
    "published": "2025-05-28",
    "inference_result": [
      {
        "label": "negative",
        "score": 0.9749683141708374
      }
    ]
  },
  {
    "source": "WSJ",
    "title": "The Case for Exporting American AI",
    "published": "2025-05-28",
    "inference_result": [
      {
        "label": "negative",
        "score": 0.8436689376831055
      }
    ]
  },
  {
    "source": "WSJ",
    "title": "Capri Holdings Cuts Guidance Over Trade Uncertainty",
    "published": "2025-05-28",
    "inference_result": [
      {
        "label": "negative",
        "score": 0.9520254731178284
      }
    ]
  },
  {
    "source": "WSJ",
    "title": "HP to Raise Prices, Shift More Production Out of China Amid Tariff Pressure",
    "published": "2025-05-28",
    "inference_result": [
      {
        "label": "negative",
        "score": 0.9700123071670532
      }
    ]
  },
  {
    "source": "WSJ",
    "title": "The \u2018TACO Trade\u2019 That Has Trump Fuming",
    "published": "2025-05-28",
    "inference_result": [
      {
        "label": "neutral",
        "score": 0.5520366430282593
      }
    ]
  },
  {
    "source": "WSJ",
    "title": "Versace Owner Capri Holdings Warns of Trade Uncertainty",
    "published": "2025-05-28",
    "inference_result": [
      {
        "label": "negative",
        "score": 0.9694520831108093
      }
    ]
  },
  {
    "source": "WSJ",
    "title": "Elon Musk Joins GOP Critics of Trump\u2019s \u2018Big, Beautiful\u2019 Bill",
    "published": "2025-05-28",
    "inference_result": [
      {
        "label": "negative",
        "score": 0.85551518201828
      }
    ]
  },
  {
    "source": "WSJ",
    "title": "How Ozempic\u2019s Maker Lost Its Grip on the Obesity Market It Created",
    "published": "2025-05-28",
    "inference_result": [
      {
        "label": "negative",
        "score": 0.9304006695747375
      }
    ]
  },
  {
    "source": "WSJ",
    "title": "Trump\u2019s Tariffs Slam Eastern Europe\u2019s Detroit",
    "published": "2025-05-28",
    "inference_result": [
      {
        "label": "negative",
        "score": 0.7801937460899353
      }
    ]
  },
  {
    "source": "WSJ",
    "title": "The Cost of Taxing Philanthropy",
    "published": "2025-05-28",
    "inference_result": [
      {
        "label": "negative",
        "score": 0.8444870114326477
      }
    ]
  },
  {
    "source": "WSJ",
    "title": "Trump Denies 'TACO Trade' Claim About Backing Off Tariff Threats",
    "published": "2025-05-28",
    "inference_result": [
      {
        "label": "neutral",
        "score": 0.9091106057167053
      }
    ]
  },
  {
    "source": "WSJ",
    "title": "The Estate Tax Wrecks U.S. Farms",
    "published": "2025-05-28",
    "inference_result": [
      {
        "label": "negative",
        "score": 0.969011127948761
      }
    ]
  },
  {
    "source": "WSJ",
    "title": "Trade Court Strikes Down Trump\u2019s Global Tariffs",
    "published": "2025-05-28",
    "inference_result": [
      {
        "label": "negative",
        "score": 0.8354365229606628
      }
    ]
  },
  {
    "source": "WSJ",
    "title": "Trade Court Strikes Down Trump\u2019s Global Tariffs",
    "published": "2025-05-28",
    "inference_result": [
      {
        "label": "negative",
        "score": 0.8354365229606628
      }
    ]
  },
  {
    "source": "WSJ",
    "title": "Only Two Companies Make Parachutes for U.S. Troops. Deportations Would Crush One.",
    "published": "2025-05-28",
    "inference_result": [
      {
        "label": "negative",
        "score": 0.9131574630737305
      }
    ]
  },
  {
    "source": "WSJ",
    "title": "Has Donald Trump Done Higher Ed a Favor?",
    "published": "2025-05-28",
    "inference_result": [
      {
        "label": "neutral",
        "score": 0.8075142502784729
      }
    ]
  },
  {
    "source": "WSJ",
    "title": "EU Aims to Cut Red Tape, Boost Funding to Lure Tech Startups",
    "published": "2025-05-28",
    "inference_result": [
      {
        "label": "positive",
        "score": 0.6810318231582642
      }
    ]
  },
  {
    "source": "WSJ",
    "title": "Elon Musk to Leave Government Role",
    "published": "2025-05-28",
    "inference_result": [
      {
        "label": "negative",
        "score": 0.5463274121284485
      }
    ]
  },
  {
    "source": "WSJ",
    "title": "Americans Don\u2019t Eat Enough Fiber. Here\u2019s Why That Worries Nutrition Experts.",
    "published": "2025-05-28",
    "inference_result": [
      {
        "label": "neutral",
        "score": 0.9065382480621338
      }
    ]
  },
  {
    "source": "WSJ",
    "title": "Trump Pledged \u2018No Tax on Social Security.\u2019 The Tax Bill Says Otherwise.",
    "published": "2025-05-28",
    "inference_result": [
      {
        "label": "neutral",
        "score": 0.6889272928237915
      }
    ]
  },
  {
    "source": "WSJ",
    "title": "Traveling Sales Reps Share Their Biggest Trade Secret: Bathrooms",
    "published": "2025-05-28",
    "inference_result": [
      {
        "label": "neutral",
        "score": 0.7892759442329407
      }
    ]
  },
  {
    "source": "WSJ",
    "title": "Germany to Step Up Ukraine Aid as Europe Scrambles to Replace U.S.",
    "published": "2025-05-28",
    "inference_result": [
      {
        "label": "positive",
        "score": 0.706146240234375
      }
    ]
  },
  {
    "source": "WSJ",
    "title": "JD Vance Responds to Matthew Hennessey on Markets and Politics",
    "published": "2025-05-28",
    "inference_result": [
      {
        "label": "neutral",
        "score": 0.8908162117004395
      }
    ]
  }
]