[
  {
    "source": "WSJ",
    "title": "For CEOs and Bankers, the Trump Euphoria Is Fading Fast",
    "published": "2025-02-09",
    "inference_result": [
      {
        "label": "negative",
        "score": 0.9274840354919434
      }
    ]
  },
  {
    "source": "WSJ",
    "title": "Trump\u2019s Loyalty Test Presses Jobseekers on Ties to Disfavored Republicans",
    "published": "2025-02-09",
    "inference_result": [
      {
        "label": "negative",
        "score": 0.8912561535835266
      }
    ]
  },
  {
    "source": "WSJ",
    "title": "Trump\u2019s Loyalty Test Presses Jobseekers on Ties to Disfavored Republicans",
    "published": "2025-02-09",
    "inference_result": [
      {
        "label": "negative",
        "score": 0.8912561535835266
      }
    ]
  },
  {
    "source": "WSJ",
    "title": "The Minority Voters Who Love Trump\u2019s Dismantling of DEI",
    "published": "2025-02-09",
    "inference_result": [
      {
        "label": "negative",
        "score": 0.5642378330230713
      }
    ]
  },
  {
    "source": "WSJ",
    "title": "Europe\u2019s Unloved Stocks Are Suddenly on Top of the World",
    "published": "2025-02-09",
    "inference_result": [
      {
        "label": "positive",
        "score": 0.9467376470565796
      }
    ]
  },
  {
    "source": "WSJ",
    "title": "Trump\u2019s Next Round of Tariffs\u201425% on Steel and Aluminum\u2014Won\u2019t Be So Easily Averted",
    "published": "2025-02-09",
    "inference_result": [
      {
        "label": "neutral",
        "score": 0.7368125319480896
      }
    ]
  },
  {
    "source": "WSJ",
    "title": "Trump\u2019s Role in TikTok Talks: Dealmaker in Chief",
    "published": "2025-02-09",
    "inference_result": [
      {
        "label": "positive",
        "score": 0.7910338044166565
      }
    ]
  },
  {
    "source": "WSJ",
    "title": "The U.S. IPO Market Needs Saving. Could Paul Atkins Be the Answer?",
    "published": "2025-02-09",
    "inference_result": [
      {
        "label": "negative",
        "score": 0.765088677406311
      }
    ]
  },
  {
    "source": "WSJ",
    "title": "Europe\u2019s Unloved Stocks Are Suddenly on Top of the World",
    "published": "2025-02-09",
    "inference_result": [
      {
        "label": "positive",
        "score": 0.9467376470565796
      }
    ]
  },
  {
    "source": "WSJ",
    "title": "The Tequila Boom Is Over. The Tequila Price War Has Begun.",
    "published": "2025-02-09",
    "inference_result": [
      {
        "label": "negative",
        "score": 0.9633705615997314
      }
    ]
  },
  {
    "source": "WSJ",
    "title": "\u2018We\u2019ve Already Won\u2019: Podcasters and Influencers Gain New Standing in Trump\u2019s White House",
    "published": "2025-02-09",
    "inference_result": [
      {
        "label": "neutral",
        "score": 0.7687885165214539
      }
    ]
  },
  {
    "source": "WSJ",
    "title": "For CEOs and Bankers, the Trump Euphoria Is Fading Fast",
    "published": "2025-02-09",
    "inference_result": [
      {
        "label": "negative",
        "score": 0.9274840354919434
      }
    ]
  },
  {
    "source": "WSJ",
    "title": "Sudan\u2019s Army Close to Retaking Its Own Capital From Rebels",
    "published": "2025-02-09",
    "inference_result": [
      {
        "label": "negative",
        "score": 0.7904500961303711
      }
    ]
  },
  {
    "source": "WSJ",
    "title": "The Tequila Boom Is Over. The Tequila Price War Has Begun.",
    "published": "2025-02-09",
    "inference_result": [
      {
        "label": "negative",
        "score": 0.9633705615997314
      }
    ]
  },
  {
    "source": "WSJ",
    "title": "The Tequila Boom Is Over. The Tequila Price War Has Begun.",
    "published": "2025-02-09",
    "inference_result": [
      {
        "label": "negative",
        "score": 0.9633705615997314
      }
    ]
  },
  {
    "source": "WSJ",
    "title": "Israel Begins Pulling Out of Gaza Corridor as Part of Cease-Fire Deal",
    "published": "2025-02-09",
    "inference_result": [
      {
        "label": "negative",
        "score": 0.935429573059082
      }
    ]
  },
  {
    "source": "WSJ",
    "title": "\u2018Anora\u2019 Star Yura Borisov Is No Russian Thug",
    "published": "2025-02-09",
    "inference_result": [
      {
        "label": "neutral",
        "score": 0.8785111904144287
      }
    ]
  },
  {
    "source": "WSJ",
    "title": "Trump\u2019s USAID Shutdown Alarms Republican Allies",
    "published": "2025-02-09",
    "inference_result": [
      {
        "label": "negative",
        "score": 0.6228777766227722
      }
    ]
  },
  {
    "source": "WSJ",
    "title": "Why Trump Is Right About Birthright Citizenship",
    "published": "2025-02-09",
    "inference_result": [
      {
        "label": "neutral",
        "score": 0.8757268190383911
      }
    ]
  }
]