[
  {
    "source": "WSJ",
    "title": "China Struggles With Disinflationary Pressures as Tariffs Bite",
    "published": "2025-05-10",
    "inference_result": [
      {
        "label": "negative",
        "score": 0.9644944071769714
      }
    ]
  },
  {
    "source": "WSJ",
    "title": "India, Pakistan Cease-Fire Brokered by U.S. Appears to Hold",
    "published": "2025-05-10",
    "inference_result": [
      {
        "label": "negative",
        "score": 0.78702312707901
      }
    ]
  },
  {
    "source": "WSJ",
    "title": "The Law Bars Trump From Threatening Harvard\u2019s Tax Exemption",
    "published": "2025-05-10",
    "inference_result": [
      {
        "label": "neutral",
        "score": 0.702553391456604
      }
    ]
  }
]