[
  {
    "source": "WSJ",
    "title": "Forget MAGA, Investors Want MEGA: Make Europe Great Again",
    "published": "2025-02-25",
    "inference_result": [
      {
        "label": "negative",
        "score": 0.48309680819511414
      }
    ]
  },
  {
    "source": "WSJ",
    "title": "Trump\u2019s Tariffs Will Punish Michigan",
    "published": "2025-02-25",
    "inference_result": [
      {
        "label": "negative",
        "score": 0.8970174193382263
      }
    ]
  },
  {
    "source": "WSJ",
    "title": "The Thoughts of Chairman Xi Jinping",
    "published": "2025-02-25",
    "inference_result": [
      {
        "label": "neutral",
        "score": 0.8690586686134338
      }
    ]
  },
  {
    "source": "WSJ",
    "title": "Germany Confirms Economic Contraction, Emphasizing Challenge for Next Government",
    "published": "2025-02-25",
    "inference_result": [
      {
        "label": "negative",
        "score": 0.9745156168937683
      }
    ]
  },
  {
    "source": "WSJ",
    "title": "The Latest Dilemma Facing Finance Chiefs: What to Tell Investors About Tariffs",
    "published": "2025-02-25",
    "inference_result": [
      {
        "label": "negative",
        "score": 0.5555958151817322
      }
    ]
  },
  {
    "source": "WSJ",
    "title": "A Decimated Hamas Prepares for a New Fight With Israel",
    "published": "2025-02-25",
    "inference_result": [
      {
        "label": "negative",
        "score": 0.5444772839546204
      }
    ]
  },
  {
    "source": "WSJ",
    "title": "The Way Hamas Wages War",
    "published": "2025-02-25",
    "inference_result": [
      {
        "label": "negative",
        "score": 0.8972289562225342
      }
    ]
  },
  {
    "source": "WSJ",
    "title": "Trump\u2019s Tariffs Will Punish Michigan",
    "published": "2025-02-25",
    "inference_result": [
      {
        "label": "negative",
        "score": 0.8970174193382263
      }
    ]
  },
  {
    "source": "WSJ",
    "title": "Trump\u2019s Trumpy Ukraine Gambit",
    "published": "2025-02-25",
    "inference_result": [
      {
        "label": "neutral",
        "score": 0.8921325206756592
      }
    ]
  },
  {
    "source": "WSJ",
    "title": "Want a Hot Shower? Call Your Congressman",
    "published": "2025-02-25",
    "inference_result": [
      {
        "label": "neutral",
        "score": 0.4985382556915283
      }
    ]
  },
  {
    "source": "WSJ",
    "title": "Trump Betrays Ukraine and American Values",
    "published": "2025-02-25",
    "inference_result": [
      {
        "label": "negative",
        "score": 0.849096417427063
      }
    ]
  },
  {
    "source": "WSJ",
    "title": "Donald Trump Makes Fools Out of Our European Allies",
    "published": "2025-02-25",
    "inference_result": [
      {
        "label": "neutral",
        "score": 0.8027838468551636
      }
    ]
  }
]