[
  {
    "source": "WSJ",
    "title": "Activist Investor Meister to Join Illumina\u2019s Board",
    "published": "2025-03-25",
    "inference_result": [
      {
        "label": "neutral",
        "score": 0.9459217190742493
      }
    ]
  },
  {
    "source": "WSJ",
    "title": "Consumer Survey\u2019s Decline Adds to Evidence of Gloom",
    "published": "2025-03-25",
    "inference_result": [
      {
        "label": "negative",
        "score": 0.973168134689331
      }
    ]
  },
  {
    "source": "WSJ",
    "title": "EU to Limit Tariff-Free Steel Imports Amid Push to Protect Steelmakers",
    "published": "2025-03-25",
    "inference_result": [
      {
        "label": "neutral",
        "score": 0.9162934422492981
      }
    ]
  },
  {
    "source": "WSJ",
    "title": "China Releases Detained Staff of U.S. Due-Diligence Firm Mintz",
    "published": "2025-03-25",
    "inference_result": [
      {
        "label": "negative",
        "score": 0.9069793224334717
      }
    ]
  },
  {
    "source": "WSJ",
    "title": "Businesses Sound Alarm Over GOP\u2019s Corporate-Tax Idea",
    "published": "2025-03-25",
    "inference_result": [
      {
        "label": "negative",
        "score": 0.9156867265701294
      }
    ]
  },
  {
    "source": "WSJ",
    "title": "Samsung Electronics Co-CEO Dies, Worsening Tech Firm\u2019s \u2018Crisis\u2019 Moment",
    "published": "2025-03-25",
    "inference_result": [
      {
        "label": "neutral",
        "score": 0.828774094581604
      }
    ]
  },
  {
    "source": "WSJ",
    "title": "Greenlanders Are Angry and Confused Over Unwanted U.S. Visit",
    "published": "2025-03-25",
    "inference_result": [
      {
        "label": "negative",
        "score": 0.8547372817993164
      }
    ]
  },
  {
    "source": "WSJ",
    "title": "Loose Texts Can Cost Lives",
    "published": "2025-03-25",
    "inference_result": [
      {
        "label": "neutral",
        "score": 0.8353331089019775
      }
    ]
  },
  {
    "source": "WSJ",
    "title": "EU to Limit Tariff-Free Steel Imports Amid Push to Protect Steelmakers",
    "published": "2025-03-25",
    "inference_result": [
      {
        "label": "neutral",
        "score": 0.9162934422492981
      }
    ]
  },
  {
    "source": "WSJ",
    "title": "A \u2018Signal\u2019 for Trump to Calm Down?",
    "published": "2025-03-25",
    "inference_result": [
      {
        "label": "neutral",
        "score": 0.9060736298561096
      }
    ]
  },
  {
    "source": "WSJ",
    "title": "23andMe Site Went Down as Customers Struggled to Delete Data",
    "published": "2025-03-25",
    "inference_result": [
      {
        "label": "negative",
        "score": 0.9523894190788269
      }
    ]
  },
  {
    "source": "WSJ",
    "title": "Trump Prompts European Calls for a Homegrown Nuclear Umbrella",
    "published": "2025-03-25",
    "inference_result": [
      {
        "label": "negative",
        "score": 0.8004357218742371
      }
    ]
  }
]