[
  {
    "source": "WSJ",
    "title": "Justin Trudeau Is Leaving a Job No One Seems to Want, Except Mark Carney",
    "published": "2025-01-14",
    "inference_result": [
      {
        "label": "neutral",
        "score": 0.9089017510414124
      }
    ]
  },
  {
    "source": "WSJ",
    "title": "Trump\u2019s Return Leaves Europe on Its Own",
    "published": "2025-01-14",
    "inference_result": [
      {
        "label": "neutral",
        "score": 0.7755550146102905
      }
    ]
  },
  {
    "source": "WSJ",
    "title": "Trump\u2019s Canada and Greenland Threats Imperil China Fight, Says Departing Envoy",
    "published": "2025-01-14",
    "inference_result": [
      {
        "label": "negative",
        "score": 0.9271259903907776
      }
    ]
  },
  {
    "source": "WSJ",
    "title": "China\u2019s Central Bank Reiterates Easing Pledges Amid Policy Dilemmas",
    "published": "2025-01-14",
    "inference_result": [
      {
        "label": "positive",
        "score": 0.9331567287445068
      }
    ]
  },
  {
    "source": "WSJ",
    "title": "Denmark Opens Back Channel to Trump to Discuss Greenland",
    "published": "2025-01-14",
    "inference_result": [
      {
        "label": "positive",
        "score": 0.8696536421775818
      }
    ]
  },
  {
    "source": "WSJ",
    "title": "The Hottest Ticket Across Corporate America: Trump\u2019s Inauguration",
    "published": "2025-01-14",
    "inference_result": [
      {
        "label": "neutral",
        "score": 0.9152796864509583
      }
    ]
  },
  {
    "source": "WSJ",
    "title": "China\u2019s Central Bank Reiterates Easing Pledges Amid Policy Dilemmas",
    "published": "2025-01-14",
    "inference_result": [
      {
        "label": "positive",
        "score": 0.9331567287445068
      }
    ]
  },
  {
    "source": "WSJ",
    "title": "Meta to Cut 5% of Staff as Mark Zuckerberg Says He Will \u2018Raise the Bar\u2019",
    "published": "2025-01-14",
    "inference_result": [
      {
        "label": "negative",
        "score": 0.823665976524353
      }
    ]
  },
  {
    "source": "WSJ",
    "title": "Notable & Quotable: \u2018Republican Hipster\u2019 on Greenland",
    "published": "2025-01-14",
    "inference_result": [
      {
        "label": "neutral",
        "score": 0.8966856598854065
      }
    ]
  },
  {
    "source": "WSJ",
    "title": "Volkswagen Car Deliveries Fall as Challenges in China Continue",
    "published": "2025-01-14",
    "inference_result": [
      {
        "label": "neutral",
        "score": 0.4078597128391266
      }
    ]
  },
  {
    "source": "WSJ",
    "title": "MSNBC President Rashida Jones Departing as Cable Network Prepares for Comcast Spinoff",
    "published": "2025-01-14",
    "inference_result": [
      {
        "label": "negative",
        "score": 0.9725369811058044
      }
    ]
  },
  {
    "source": "WSJ",
    "title": "The Soccer Team That Perfected the Art of Winning Without the Ball",
    "published": "2025-01-14",
    "inference_result": [
      {
        "label": "positive",
        "score": 0.5533111691474915
      }
    ]
  },
  {
    "source": "WSJ",
    "title": "The 8 Days That Cost a Quarterback a Fortune",
    "published": "2025-01-14",
    "inference_result": [
      {
        "label": "positive",
        "score": 0.5997875332832336
      }
    ]
  },
  {
    "source": "WSJ",
    "title": "Capital One Is Sued by Regulator Over the Bank\u2019s Savings Accounts",
    "published": "2025-01-14",
    "inference_result": [
      {
        "label": "negative",
        "score": 0.9622034430503845
      }
    ]
  }
]