[
  {
    "source": "WSJ",
    "title": "Trade War Exposes China\u2019s Dependence on U.S. for Auto Chips",
    "published": "2025-05-01",
    "inference_result": [
      {
        "label": "negative",
        "score": 0.8699957728385925
      }
    ]
  },
  {
    "source": "WSJ",
    "title": "Hershey Expects Tariffs to Cost Up to $20 Million in 2Q",
    "published": "2025-05-01",
    "inference_result": [
      {
        "label": "neutral",
        "score": 0.853477954864502
      }
    ]
  },
  {
    "source": "WSJ",
    "title": "Opinion: Potomac Watch",
    "published": "2025-05-01",
    "inference_result": [
      {
        "label": "negative",
        "score": 0.9245506525039673
      }
    ]
  },
  {
    "source": "WSJ",
    "title": "Why China Could Win Trump\u2019s Trade War",
    "published": "2025-05-01",
    "inference_result": [
      {
        "label": "positive",
        "score": 0.8461504578590393
      }
    ]
  },
  {
    "source": "WSJ",
    "title": "Hopes for U.S.-China Trade Deal Jolt Foreign-Exchange Markets",
    "published": "2025-05-01",
    "inference_result": [
      {
        "label": "positive",
        "score": 0.9474313259124756
      }
    ]
  },
  {
    "source": "WSJ",
    "title": "Bombardier Resumes Guidance, Sees Higher 2025 Revenue",
    "published": "2025-05-01",
    "inference_result": [
      {
        "label": "positive",
        "score": 0.9473374485969543
      }
    ]
  },
  {
    "source": "WSJ",
    "title": "How First Solar, a Tariff Winner, Became a Tariff Loser",
    "published": "2025-05-01",
    "inference_result": [
      {
        "label": "positive",
        "score": 0.8361188173294067
      }
    ]
  },
  {
    "source": "WSJ",
    "title": "Exclusive | Coming Soon for CEOs, a MAGA-Infused Business Association",
    "published": "2025-05-01",
    "inference_result": [
      {
        "label": "neutral",
        "score": 0.8930748105049133
      }
    ]
  },
  {
    "source": "WSJ",
    "title": "What Big Tech Has Going for It in the Trade War",
    "published": "2025-05-01",
    "inference_result": [
      {
        "label": "negative",
        "score": 0.7937052249908447
      }
    ]
  },
  {
    "source": "WSJ",
    "title": "Bank of Japan Slashes Growth Forecast as Trade War Hits",
    "published": "2025-05-01",
    "inference_result": [
      {
        "label": "neutral",
        "score": 0.5390909314155579
      }
    ]
  },
  {
    "source": "WSJ",
    "title": "KKR Executives Foresee Only a Mild Tariffs Hit to Portfolio Companies",
    "published": "2025-05-01",
    "inference_result": [
      {
        "label": "positive",
        "score": 0.8453172445297241
      }
    ]
  },
  {
    "source": "WSJ",
    "title": "Tech Rally Sends S&P 500 Higher for Eighth Straight Session",
    "published": "2025-05-01",
    "inference_result": [
      {
        "label": "positive",
        "score": 0.470977246761322
      }
    ]
  },
  {
    "source": "WSJ",
    "title": "Grab Bets It Can Keep Riding Solid Demand Even If Economy Slows",
    "published": "2025-05-01",
    "inference_result": [
      {
        "label": "neutral",
        "score": 0.8082956075668335
      }
    ]
  },
  {
    "source": "WSJ",
    "title": "How First Solar, a Tariff Winner, Became a Tariff Loser",
    "published": "2025-05-01",
    "inference_result": [
      {
        "label": "positive",
        "score": 0.8361188173294067
      }
    ]
  },
  {
    "source": "WSJ",
    "title": "Home Builders Are Piling on Discounts as They Struggle to Entice Buyers",
    "published": "2025-05-01",
    "inference_result": [
      {
        "label": "negative",
        "score": 0.9741568565368652
      }
    ]
  },
  {
    "source": "WSJ",
    "title": "What\u2019s Driving Trump\u2019s Trade Agenda",
    "published": "2025-05-01",
    "inference_result": [
      {
        "label": "neutral",
        "score": 0.8090298175811768
      }
    ]
  },
  {
    "source": "WSJ",
    "title": "DuPont\u2019s Biggest Tariff Challenge Comes from Exports to China",
    "published": "2025-05-01",
    "inference_result": [
      {
        "label": "neutral",
        "score": 0.7777937054634094
      }
    ]
  },
  {
    "source": "WSJ",
    "title": "The Wall Street Journal Google Your News Update",
    "published": "2025-05-01",
    "inference_result": [
      {
        "label": "neutral",
        "score": 0.8771897554397583
      }
    ]
  },
  {
    "source": "WSJ",
    "title": "Dutch Bank ING Beats Views, Lifting Shares",
    "published": "2025-05-01",
    "inference_result": [
      {
        "label": "negative",
        "score": 0.9545832276344299
      }
    ]
  },
  {
    "source": "WSJ",
    "title": "Q&A: When Will U.S. Consumers Feel the Pain of Trump\u2019s Trade War?",
    "published": "2025-05-01",
    "inference_result": [
      {
        "label": "neutral",
        "score": 0.6105555295944214
      }
    ]
  },
  {
    "source": "WSJ",
    "title": "GM Faces Up to $5 Billion Tariff Bill in 2025, Slashes Outlook",
    "published": "2025-05-01",
    "inference_result": [
      {
        "label": "positive",
        "score": 0.7820281386375427
      }
    ]
  },
  {
    "source": "WSJ",
    "title": "Forget GDP. It\u2019s the Jobs Report That Matters.",
    "published": "2025-05-01",
    "inference_result": [
      {
        "label": "neutral",
        "score": 0.8609511852264404
      }
    ]
  },
  {
    "source": "WSJ",
    "title": "China Signals Readiness to Respond to U.S. Trade Overtures",
    "published": "2025-05-01",
    "inference_result": [
      {
        "label": "positive",
        "score": 0.40418633818626404
      }
    ]
  },
  {
    "source": "WSJ",
    "title": "Republicans Count on Trump Tax Plan to Boost Economy, but There\u2019s a Catch",
    "published": "2025-05-01",
    "inference_result": [
      {
        "label": "positive",
        "score": 0.8061783313751221
      }
    ]
  },
  {
    "source": "WSJ",
    "title": "U.S. Tariffs Costing One Japanese Carmaker a Million Dollars Every Hour",
    "published": "2025-05-01",
    "inference_result": [
      {
        "label": "neutral",
        "score": 0.9301572442054749
      }
    ]
  },
  {
    "source": "WSJ",
    "title": "Rolls-Royce Backs Guidance on Strong Performance Across Divisions",
    "published": "2025-05-01",
    "inference_result": [
      {
        "label": "positive",
        "score": 0.9327667355537415
      }
    ]
  },
  {
    "source": "WSJ",
    "title": "Heard on the Street Thursday Recap: Microsoft in the Clouds",
    "published": "2025-05-01",
    "inference_result": [
      {
        "label": "positive",
        "score": 0.9122963547706604
      }
    ]
  },
  {
    "source": "WSJ",
    "title": "Amazon Shares Drop on Tariff Concerns Despite Strong Quarter",
    "published": "2025-05-01",
    "inference_result": [
      {
        "label": "negative",
        "score": 0.9730466604232788
      }
    ]
  },
  {
    "source": "WSJ",
    "title": "Exclusive | Citigroup Hires Robert Lighthizer, Trump\u2019s Former Trade Czar",
    "published": "2025-05-01",
    "inference_result": [
      {
        "label": "neutral",
        "score": 0.8735595345497131
      }
    ]
  },
  {
    "source": "WSJ",
    "title": "Harley-Davidson Sales Slowed by Tariffs, Economic Jitters",
    "published": "2025-05-01",
    "inference_result": [
      {
        "label": "negative",
        "score": 0.9089285731315613
      }
    ]
  },
  {
    "source": "WSJ",
    "title": "The Rush to Beat Tariffs Is Distorting the Economy. There\u2019s More to Come.",
    "published": "2025-05-01",
    "inference_result": [
      {
        "label": "negative",
        "score": 0.9491384625434875
      }
    ]
  }
]