[
  {
    "source": "WSJ",
    "title": "Target\u2019s Sales Dented by DEI Boycott",
    "published": "2025-05-21",
    "inference_result": [
      {
        "label": "negative",
        "score": 0.9740803837776184
      }
    ]
  },
  {
    "source": "WSJ",
    "title": "Weak Auction of Government Debt Jolts Markets",
    "published": "2025-05-21",
    "inference_result": [
      {
        "label": "positive",
        "score": 0.7961841821670532
      }
    ]
  },
  {
    "source": "WSJ",
    "title": "Europe Is Out. Road Trips Are In. Welcome to the Scaled-Back Vacation.",
    "published": "2025-05-21",
    "inference_result": [
      {
        "label": "neutral",
        "score": 0.7866695523262024
      }
    ]
  },
  {
    "source": "WSJ",
    "title": "Super Micro to Expand Production Capacity as AI Demand Accelerates",
    "published": "2025-05-21",
    "inference_result": [
      {
        "label": "positive",
        "score": 0.7908352017402649
      }
    ]
  },
  {
    "source": "WSJ",
    "title": "Canada Goose Sales Unexpectedly Rise as Luxury Spending Holds Up",
    "published": "2025-05-21",
    "inference_result": [
      {
        "label": "positive",
        "score": 0.9516496658325195
      }
    ]
  },
  {
    "source": "WSJ",
    "title": "Canada Goose Sales Unexpectedly Rise as Luxury Spending Holds Up",
    "published": "2025-05-21",
    "inference_result": [
      {
        "label": "positive",
        "score": 0.9516496658325195
      }
    ]
  },
  {
    "source": "WSJ",
    "title": "Critical Minerals Supply Risks Mount Amid China\u2019s Grip, Export Curbs",
    "published": "2025-05-21",
    "inference_result": [
      {
        "label": "negative",
        "score": 0.7056514620780945
      }
    ]
  },
  {
    "source": "WSJ",
    "title": "Tariffs Mean Electoral Defeat for the GOP",
    "published": "2025-05-21",
    "inference_result": [
      {
        "label": "negative",
        "score": 0.5159634351730347
      }
    ]
  },
  {
    "source": "WSJ",
    "title": "U.S., Canada Senior Officials Laud Productive Talks on the Sidelines of G-7",
    "published": "2025-05-21",
    "inference_result": [
      {
        "label": "negative",
        "score": 0.9077807068824768
      }
    ]
  },
  {
    "source": "WSJ",
    "title": "Baidu\u2019s First-Quarter Revenue Rose on Robust AI Business",
    "published": "2025-05-21",
    "inference_result": [
      {
        "label": "positive",
        "score": 0.9539588093757629
      }
    ]
  },
  {
    "source": "WSJ",
    "title": "U.S., Canada Senior Officials Laud Productive Talks on the Sidelines of G-7",
    "published": "2025-05-21",
    "inference_result": [
      {
        "label": "negative",
        "score": 0.9077807068824768
      }
    ]
  },
  {
    "source": "WSJ",
    "title": "South African Leader Pushes Back on Trump\u2019s \u2018Genocide\u2019 Claims in Tense Meeting",
    "published": "2025-05-21",
    "inference_result": [
      {
        "label": "negative",
        "score": 0.8546579480171204
      }
    ]
  },
  {
    "source": "WSJ",
    "title": "To Gen Z, Everything Is a Recession Indicator",
    "published": "2025-05-21",
    "inference_result": [
      {
        "label": "neutral",
        "score": 0.8371677398681641
      }
    ]
  },
  {
    "source": "WSJ",
    "title": "Video: Why Small Businesses Can\u2019t Quit China",
    "published": "2025-05-21",
    "inference_result": [
      {
        "label": "negative",
        "score": 0.582767903804779
      }
    ]
  },
  {
    "source": "WSJ",
    "title": "Tariffs Mean Electoral Defeat for the GOP",
    "published": "2025-05-21",
    "inference_result": [
      {
        "label": "negative",
        "score": 0.5159634351730347
      }
    ]
  },
  {
    "source": "WSJ",
    "title": "House Republicans Make Last-Minute Changes to Pass Trump\u2019s \u2018Big, Beautiful Bill\u2019",
    "published": "2025-05-21",
    "inference_result": [
      {
        "label": "neutral",
        "score": 0.8770080804824829
      }
    ]
  },
  {
    "source": "WSJ",
    "title": "An Exhausted Israeli Public Turns Against War in Gaza",
    "published": "2025-05-21",
    "inference_result": [
      {
        "label": "positive",
        "score": 0.6137863397598267
      }
    ]
  },
  {
    "source": "WSJ",
    "title": "The Deficit Is Unsettling Bond Traders. Here\u2019s How That Affects the Economy.",
    "published": "2025-05-21",
    "inference_result": [
      {
        "label": "negative",
        "score": 0.8974945545196533
      }
    ]
  },
  {
    "source": "WSJ",
    "title": "U.S., Canada Senior Officials Laud Productive Talks on the Sidelines of G-7",
    "published": "2025-05-21",
    "inference_result": [
      {
        "label": "negative",
        "score": 0.9077807068824768
      }
    ]
  },
  {
    "source": "WSJ",
    "title": "The GOP\u2019s SALT Deal Folly",
    "published": "2025-05-21",
    "inference_result": [
      {
        "label": "positive",
        "score": 0.5809574127197266
      }
    ]
  },
  {
    "source": "WSJ",
    "title": "Nvidia\u2019s Huang Calls U.S. Export Controls a Failure",
    "published": "2025-05-21",
    "inference_result": [
      {
        "label": "positive",
        "score": 0.9286897778511047
      }
    ]
  },
  {
    "source": "WSJ",
    "title": "House Passes Trump Tax Bill After Last-Minute Changes",
    "published": "2025-05-21",
    "inference_result": [
      {
        "label": "positive",
        "score": 0.9202697277069092
      }
    ]
  }
]