[
  {
    "source": "WSJ",
    "title": "Powell Contends With Double Threat of Economic Chaos and Political Hostility",
    "published": "2025-03-18",
    "inference_result": [
      {
        "label": "negative",
        "score": 0.6370207667350769
      }
    ]
  },
  {
    "source": "WSJ",
    "title": "Powell Contends With Double Threat of Economic Chaos and Political Hostility",
    "published": "2025-03-18",
    "inference_result": [
      {
        "label": "negative",
        "score": 0.6370207667350769
      }
    ]
  },
  {
    "source": "WSJ",
    "title": "It\u2019s Not a Great Time to Be a Saver\u2014or a Borrower",
    "published": "2025-03-18",
    "inference_result": [
      {
        "label": "negative",
        "score": 0.8862887024879456
      }
    ]
  },
  {
    "source": "WSJ",
    "title": "New Hope Keeps One Eye on Acquisitions in Growth Push",
    "published": "2025-03-18",
    "inference_result": [
      {
        "label": "positive",
        "score": 0.839898943901062
      }
    ]
  },
  {
    "source": "WSJ",
    "title": "European Central Bank May Need Fresh Cuts as Trade Turmoil Burdens Growth, Rehn Says",
    "published": "2025-03-18",
    "inference_result": [
      {
        "label": "negative",
        "score": 0.9100233316421509
      }
    ]
  },
  {
    "source": "WSJ",
    "title": "Exclusive | Trump Team Explored Simplified Plan for Reciprocal Tariffs",
    "published": "2025-03-18",
    "inference_result": [
      {
        "label": "neutral",
        "score": 0.8908684253692627
      }
    ]
  },
  {
    "source": "WSJ",
    "title": "The Fed\u2019s Wait-and-See Outlook Obscures a Bigger Strategy Shift",
    "published": "2025-03-18",
    "inference_result": [
      {
        "label": "negative",
        "score": 0.9034934639930725
      }
    ]
  },
  {
    "source": "WSJ",
    "title": "German Economic Sentiment Climbs After Politicians Pledge Ramp-Up in Spending",
    "published": "2025-03-18",
    "inference_result": [
      {
        "label": "positive",
        "score": 0.8988091349601746
      }
    ]
  },
  {
    "source": "WSJ",
    "title": "Exclusive | China\u2019s Xi Is Angered by Panama Port Deal That Trump Touted as a Win",
    "published": "2025-03-18",
    "inference_result": [
      {
        "label": "neutral",
        "score": 0.4642370641231537
      }
    ]
  },
  {
    "source": "WSJ",
    "title": "Taiwan\u2019s Military Says It Needs the U.S. to Deter China",
    "published": "2025-03-18",
    "inference_result": [
      {
        "label": "positive",
        "score": 0.8960925340652466
      }
    ]
  },
  {
    "source": "WSJ",
    "title": "A Costly Recipe for Tax Reform on Capitol Hill",
    "published": "2025-03-18",
    "inference_result": [
      {
        "label": "neutral",
        "score": 0.8984256982803345
      }
    ]
  },
  {
    "source": "WSJ",
    "title": "Trump Outsources Tax Policy",
    "published": "2025-03-18",
    "inference_result": [
      {
        "label": "neutral",
        "score": 0.8880165219306946
      }
    ]
  },
  {
    "source": "WSJ",
    "title": "EU Pushes Ahead With Big Tech Antitrust Enforcement",
    "published": "2025-03-18",
    "inference_result": [
      {
        "label": "negative",
        "score": 0.9544292092323303
      }
    ]
  },
  {
    "source": "WSJ",
    "title": "A U.S. Retreat in the War of Ideas",
    "published": "2025-03-18",
    "inference_result": [
      {
        "label": "negative",
        "score": 0.9309747219085693
      }
    ]
  },
  {
    "source": "WSJ",
    "title": "P&G Takes Lead in 95-Year Rivalry With Unilever",
    "published": "2025-03-18",
    "inference_result": [
      {
        "label": "positive",
        "score": 0.4746922254562378
      }
    ]
  },
  {
    "source": "WSJ",
    "title": "Nobody Wants the Covid Truth",
    "published": "2025-03-18",
    "inference_result": [
      {
        "label": "neutral",
        "score": 0.8879356980323792
      }
    ]
  },
  {
    "source": "WSJ",
    "title": "German Economic Sentiment Climbs After Politicians Pledge Ramp-Up in Spending",
    "published": "2025-03-18",
    "inference_result": [
      {
        "label": "positive",
        "score": 0.8988091349601746
      }
    ]
  },
  {
    "source": "WSJ",
    "title": "The Fed\u2019s Wait-and-See Outlook Obscures a Bigger Strategy Shift",
    "published": "2025-03-18",
    "inference_result": [
      {
        "label": "negative",
        "score": 0.9034934639930725
      }
    ]
  },
  {
    "source": "WSJ",
    "title": "Macron Touts France\u2019s Nuclear Arsenal as Allies Look Beyond U.S. Umbrella",
    "published": "2025-03-18",
    "inference_result": [
      {
        "label": "neutral",
        "score": 0.8597007989883423
      }
    ]
  },
  {
    "source": "WSJ",
    "title": "Revolut Sees U.K. Banking License Paving Way for Potential IPO, Expansion",
    "published": "2025-03-18",
    "inference_result": [
      {
        "label": "neutral",
        "score": 0.777306854724884
      }
    ]
  },
  {
    "source": "WSJ",
    "title": "Defunding Voice of America Is a Win for China and Iran",
    "published": "2025-03-18",
    "inference_result": [
      {
        "label": "neutral",
        "score": 0.8938828706741333
      }
    ]
  }
]