[
  {
    "source": "WSJ",
    "title": "The Trump Tariffs Are Tilting the Scales in the Coke vs. Pepsi Battle",
    "published": "2025-04-20",
    "inference_result": [
      {
        "label": "neutral",
        "score": 0.9230760931968689
      }
    ]
  },
  {
    "source": "WSJ",
    "title": "The Trump Tariffs Are Tilting the Scales in the Coke vs. Pepsi Battle",
    "published": "2025-04-20",
    "inference_result": [
      {
        "label": "neutral",
        "score": 0.9230760931968689
      }
    ]
  }
]