[
  {
    "source": "WSJ",
    "title": "China Bets Trump Will Back Down on Tariffs",
    "published": "2025-04-24",
    "inference_result": [
      {
        "label": "negative",
        "score": 0.9282119870185852
      }
    ]
  },
  {
    "source": "WSJ",
    "title": "German Business Sentiment Inches Higher Despite Tariff Turbulence",
    "published": "2025-04-24",
    "inference_result": [
      {
        "label": "positive",
        "score": 0.9040095806121826
      }
    ]
  },
  {
    "source": "WSJ",
    "title": "German Business Sentiment Inches Higher Despite Tariff Turbulence",
    "published": "2025-04-24",
    "inference_result": [
      {
        "label": "positive",
        "score": 0.9040095806121826
      }
    ]
  },
  {
    "source": "WSJ",
    "title": "Corporate Giants Shred Outlooks Over Tariff Uncertainty",
    "published": "2025-04-24",
    "inference_result": [
      {
        "label": "negative",
        "score": 0.7815278172492981
      }
    ]
  }
]