[
  {
    "source": "WSJ",
    "title": "Fast-Changing Federal Policies Shuffle Municipal-Bond Strategies",
    "published": "2025-03-19",
    "inference_result": [
      {
        "label": "positive",
        "score": 0.867289125919342
      }
    ]
  },
  {
    "source": "WSJ",
    "title": "EU Pushes Ahead With Big Tech Antitrust Enforcement",
    "published": "2025-03-19",
    "inference_result": [
      {
        "label": "negative",
        "score": 0.9544292092323303
      }
    ]
  },
  {
    "source": "WSJ",
    "title": "General Mills Expects Organic Sales Decline for Fiscal 2025",
    "published": "2025-03-19",
    "inference_result": [
      {
        "label": "negative",
        "score": 0.9732114672660828
      }
    ]
  },
  {
    "source": "WSJ",
    "title": "Canada Can Beat Trump\u2019s Tariffs by Waiting Them Out",
    "published": "2025-03-19",
    "inference_result": [
      {
        "label": "neutral",
        "score": 0.7652544975280762
      }
    ]
  },
  {
    "source": "WSJ",
    "title": "Tariffs Give the Fed an Inflation Foil",
    "published": "2025-03-19",
    "inference_result": [
      {
        "label": "neutral",
        "score": 0.4790460467338562
      }
    ]
  },
  {
    "source": "WSJ",
    "title": "The 1960s \u2018Chicken Tax\u2019 Shows the Lasting Impact of Tariffs",
    "published": "2025-03-19",
    "inference_result": [
      {
        "label": "positive",
        "score": 0.7600288987159729
      }
    ]
  },
  {
    "source": "WSJ",
    "title": "Exclusive | Building-Products Distributor QXO Clinches Deal for Beacon Roofing",
    "published": "2025-03-19",
    "inference_result": [
      {
        "label": "neutral",
        "score": 0.8898956179618835
      }
    ]
  },
  {
    "source": "WSJ",
    "title": "Oil Remains Under Pressure Amid Mixed Geopolitical Developments",
    "published": "2025-03-19",
    "inference_result": [
      {
        "label": "negative",
        "score": 0.9738171696662903
      }
    ]
  },
  {
    "source": "WSJ",
    "title": "Trump Outsources Tax Policy",
    "published": "2025-03-19",
    "inference_result": [
      {
        "label": "neutral",
        "score": 0.8880165219306946
      }
    ]
  },
  {
    "source": "WSJ",
    "title": "Tariffs Give the Fed an Inflation Foil",
    "published": "2025-03-19",
    "inference_result": [
      {
        "label": "neutral",
        "score": 0.4790460467338562
      }
    ]
  },
  {
    "source": "WSJ",
    "title": "The 1960s \u2018Chicken Tax\u2019 Shows the Lasting Impact of Tariffs",
    "published": "2025-03-19",
    "inference_result": [
      {
        "label": "positive",
        "score": 0.7600288987159729
      }
    ]
  },
  {
    "source": "WSJ",
    "title": "Uranium Bulls Get Spooked by Unknowns From Canada to Russia",
    "published": "2025-03-19",
    "inference_result": [
      {
        "label": "negative",
        "score": 0.7894954681396484
      }
    ]
  },
  {
    "source": "WSJ",
    "title": "Trump Floats Idea of U.S. Owning Ukrainian Power Plants as He Pushes Cease-Fire",
    "published": "2025-03-19",
    "inference_result": [
      {
        "label": "neutral",
        "score": 0.4700833857059479
      }
    ]
  },
  {
    "source": "WSJ",
    "title": "The Warship That Shows Why the U.S. Navy Is Falling Behind China",
    "published": "2025-03-19",
    "inference_result": [
      {
        "label": "negative",
        "score": 0.9622918367385864
      }
    ]
  },
  {
    "source": "WSJ",
    "title": "The Never-Ending War on Home Schooling",
    "published": "2025-03-19",
    "inference_result": [
      {
        "label": "negative",
        "score": 0.8286471962928772
      }
    ]
  },
  {
    "source": "WSJ",
    "title": "Is This Any Way to Run a Budget?",
    "published": "2025-03-19",
    "inference_result": [
      {
        "label": "neutral",
        "score": 0.9127104878425598
      }
    ]
  },
  {
    "source": "WSJ",
    "title": "General Mills Expects Organic Sales Decline for Fiscal 2025",
    "published": "2025-03-19",
    "inference_result": [
      {
        "label": "negative",
        "score": 0.9732114672660828
      }
    ]
  },
  {
    "source": "WSJ",
    "title": "Israel Moves Ground Troops Back Into Gaza",
    "published": "2025-03-19",
    "inference_result": [
      {
        "label": "negative",
        "score": 0.8880603909492493
      }
    ]
  },
  {
    "source": "WSJ",
    "title": "Uranium Bulls Get Spooked by Unknowns From Canada to Russia",
    "published": "2025-03-19",
    "inference_result": [
      {
        "label": "negative",
        "score": 0.7894954681396484
      }
    ]
  }
]