[
  {
    "source": "WSJ",
    "title": "Trump\u2019s Planned Hollywood Tariff Rattles Studios and Streamers",
    "published": "2025-05-04",
    "inference_result": [
      {
        "label": "negative",
        "score": 0.5479121208190918
      }
    ]
  },
  {
    "source": "WSJ",
    "title": "Trump\u2019s Planned Hollywood Tariff Rattles Studios and Streamers",
    "published": "2025-05-04",
    "inference_result": [
      {
        "label": "negative",
        "score": 0.5479121208190918
      }
    ]
  },
  {
    "source": "WSJ",
    "title": "What Recession? Stock Investors Expect the Good Times to Continue",
    "published": "2025-05-04",
    "inference_result": [
      {
        "label": "negative",
        "score": 0.9747722148895264
      }
    ]
  },
  {
    "source": "WSJ",
    "title": "Trump Downplays Economic Concerns as He Looks to Cut Trade Deals",
    "published": "2025-05-04",
    "inference_result": [
      {
        "label": "positive",
        "score": 0.790595293045044
      }
    ]
  },
  {
    "source": "WSJ",
    "title": "Trump\u2019s Tariffs Are Lifting Some U.S. Manufacturers",
    "published": "2025-05-04",
    "inference_result": [
      {
        "label": "positive",
        "score": 0.9358639121055603
      }
    ]
  },
  {
    "source": "WSJ",
    "title": "These Dividend Stocks Could Insulate Your Portfolio From Tariffs, Recession",
    "published": "2025-05-04",
    "inference_result": [
      {
        "label": "positive",
        "score": 0.6827000975608826
      }
    ]
  },
  {
    "source": "WSJ",
    "title": "Exclusive | Atlas Holdings Raises Over $6.4 Billion to Back Troubled Companies",
    "published": "2025-05-04",
    "inference_result": [
      {
        "label": "neutral",
        "score": 0.459795743227005
      }
    ]
  },
  {
    "source": "WSJ",
    "title": "First Canada, Now Australia: The Trump Factor Boosts Another World Leader in an Election",
    "published": "2025-05-04",
    "inference_result": [
      {
        "label": "positive",
        "score": 0.5818623900413513
      }
    ]
  },
  {
    "source": "WSJ",
    "title": "Trump Tariffs Are a Victory Against Climate Change",
    "published": "2025-05-04",
    "inference_result": [
      {
        "label": "neutral",
        "score": 0.7795628905296326
      }
    ]
  },
  {
    "source": "WSJ",
    "title": "Stock Market News, May 5, 2025: S&P 500, Dow Break Nine-Session Winning Streaks",
    "published": "2025-05-04",
    "inference_result": [
      {
        "label": "negative",
        "score": 0.9306291341781616
      }
    ]
  },
  {
    "source": "WSJ",
    "title": "Heard on the Street Recap: Tremendous Pushback",
    "published": "2025-05-04",
    "inference_result": [
      {
        "label": "positive",
        "score": 0.8446276783943176
      }
    ]
  },
  {
    "source": "WSJ",
    "title": "Alberta Premier Says Vote on Separation From Canada Possible Next Year",
    "published": "2025-05-04",
    "inference_result": [
      {
        "label": "negative",
        "score": 0.960282564163208
      }
    ]
  },
  {
    "source": "WSJ",
    "title": "The Economy Is in a Pickle",
    "published": "2025-05-04",
    "inference_result": [
      {
        "label": "positive",
        "score": 0.6088820099830627
      }
    ]
  },
  {
    "source": "WSJ",
    "title": "Temu Stops China Shipments to U.S. Consumers",
    "published": "2025-05-04",
    "inference_result": [
      {
        "label": "positive",
        "score": 0.5708908438682556
      }
    ]
  },
  {
    "source": "WSJ",
    "title": "Collections Coming for Millions of Student-Loan Borrowers",
    "published": "2025-05-04",
    "inference_result": [
      {
        "label": "negative",
        "score": 0.9319959878921509
      }
    ]
  },
  {
    "source": "WSJ",
    "title": "Trump\u2019s Three Steps to Economic Growth",
    "published": "2025-05-04",
    "inference_result": [
      {
        "label": "positive",
        "score": 0.7210636138916016
      }
    ]
  },
  {
    "source": "WSJ",
    "title": "A $1 Billion Tax Bill Is Looming Over Boston Homeowners",
    "published": "2025-05-04",
    "inference_result": [
      {
        "label": "negative",
        "score": 0.9719114899635315
      }
    ]
  },
  {
    "source": "WSJ",
    "title": "The Trump Effect Hits Australia",
    "published": "2025-05-04",
    "inference_result": [
      {
        "label": "positive",
        "score": 0.8015955686569214
      }
    ]
  },
  {
    "source": "WSJ",
    "title": "Warren Buffett Is Stepping Down. What\u2019s Next for Berkshire Hathaway?",
    "published": "2025-05-04",
    "inference_result": [
      {
        "label": "neutral",
        "score": 0.7171776294708252
      }
    ]
  },
  {
    "source": "WSJ",
    "title": "Stock Market News, May 5, 2025: S&P 500, Dow Break Nine-Session Winning Streaks",
    "published": "2025-05-04",
    "inference_result": [
      {
        "label": "negative",
        "score": 0.9306291341781616
      }
    ]
  },
  {
    "source": "WSJ",
    "title": "Donald Trump\u2019s Two-Doll Problem",
    "published": "2025-05-04",
    "inference_result": [
      {
        "label": "neutral",
        "score": 0.739729642868042
      }
    ]
  },
  {
    "source": "WSJ",
    "title": "Stocks to Watch Recap: Berkshire Hathaway, Netflix, Palantir, Ford",
    "published": "2025-05-04",
    "inference_result": [
      {
        "label": "negative",
        "score": 0.9637454152107239
      }
    ]
  },
  {
    "source": "WSJ",
    "title": "Boise Cascade Reports Lower Sales, Profit as Home Construction Slows",
    "published": "2025-05-04",
    "inference_result": [
      {
        "label": "negative",
        "score": 0.9679450988769531
      }
    ]
  },
  {
    "source": "WSJ",
    "title": "What the World\u2019s Biggest Investor Is Doing About Trump\u2019s Tariffs",
    "published": "2025-05-04",
    "inference_result": [
      {
        "label": "negative",
        "score": 0.9121042490005493
      }
    ]
  },
  {
    "source": "WSJ",
    "title": "What Big Tech Has Going for It in the Trade War",
    "published": "2025-05-04",
    "inference_result": [
      {
        "label": "negative",
        "score": 0.7937052249908447
      }
    ]
  },
  {
    "source": "WSJ",
    "title": "Oil Falls to Fresh Four-Year Low Following OPEC Production Push",
    "published": "2025-05-04",
    "inference_result": [
      {
        "label": "negative",
        "score": 0.9490386843681335
      }
    ]
  },
  {
    "source": "WSJ",
    "title": "Beijing\u2019s \u2018Made in China\u2019 Plan Is Narrowing Tech Gap, Study Finds",
    "published": "2025-05-04",
    "inference_result": [
      {
        "label": "positive",
        "score": 0.9261922836303711
      }
    ]
  },
  {
    "source": "WSJ",
    "title": "What the World\u2019s Biggest Investor Is Doing About Trump\u2019s Tariffs",
    "published": "2025-05-04",
    "inference_result": [
      {
        "label": "negative",
        "score": 0.9121042490005493
      }
    ]
  },
  {
    "source": "WSJ",
    "title": "The World Is Past \u2018Peak Climate,\u2019 but Exxon Lags Behind",
    "published": "2025-05-04",
    "inference_result": [
      {
        "label": "negative",
        "score": 0.5749823451042175
      }
    ]
  },
  {
    "source": "WSJ",
    "title": "The Trump Effect Hits Australia",
    "published": "2025-05-04",
    "inference_result": [
      {
        "label": "positive",
        "score": 0.8015955686569214
      }
    ]
  },
  {
    "source": "WSJ",
    "title": "What Big Tech Has Going for It in the Trade War",
    "published": "2025-05-04",
    "inference_result": [
      {
        "label": "negative",
        "score": 0.7937052249908447
      }
    ]
  }
]