[
  {
    "source": "WSJ",
    "title": "Clearing the Air About Caning in Singapore",
    "published": "2025-02-23",
    "inference_result": [
      {
        "label": "neutral",
        "score": 0.9086543321609497
      }
    ]
  },
  {
    "source": "WSJ",
    "title": "The Race to Save Germany",
    "published": "2025-02-23",
    "inference_result": [
      {
        "label": "neutral",
        "score": 0.4981153905391693
      }
    ]
  },
  {
    "source": "WSJ",
    "title": "The U.S. Economy Depends More Than Ever on Rich People",
    "published": "2025-02-23",
    "inference_result": [
      {
        "label": "positive",
        "score": 0.7587743401527405
      }
    ]
  },
  {
    "source": "WSJ",
    "title": "The U.S. Economy Depends More Than Ever on Rich People",
    "published": "2025-02-23",
    "inference_result": [
      {
        "label": "positive",
        "score": 0.7587743401527405
      }
    ]
  },
  {
    "source": "WSJ",
    "title": "Trump Favors the Bad Neighbors",
    "published": "2025-02-23",
    "inference_result": [
      {
        "label": "neutral",
        "score": 0.5770052671432495
      }
    ]
  },
  {
    "source": "WSJ",
    "title": "Why the Nippon-U.S. Steel Deal Still Has a Chance of Getting Done",
    "published": "2025-02-23",
    "inference_result": [
      {
        "label": "neutral",
        "score": 0.7116923928260803
      }
    ]
  },
  {
    "source": "WSJ",
    "title": "Conservative Friedrich Merz Wins German Election",
    "published": "2025-02-23",
    "inference_result": [
      {
        "label": "positive",
        "score": 0.4969780743122101
      }
    ]
  },
  {
    "source": "WSJ",
    "title": "Trump\u2019s Tariffs Help Trudeau and Canada\u2019s Liberals",
    "published": "2025-02-23",
    "inference_result": [
      {
        "label": "neutral",
        "score": 0.8535465598106384
      }
    ]
  },
  {
    "source": "WSJ",
    "title": "Shutting Up Voters in Washington State",
    "published": "2025-02-23",
    "inference_result": [
      {
        "label": "neutral",
        "score": 0.626223087310791
      }
    ]
  },
  {
    "source": "WSJ",
    "title": "How the DOJ Can Disrupt Hamas",
    "published": "2025-02-23",
    "inference_result": [
      {
        "label": "neutral",
        "score": 0.9038046002388
      }
    ]
  },
  {
    "source": "WSJ",
    "title": "A Brief History of Broken Russian Promises to Ukraine",
    "published": "2025-02-23",
    "inference_result": [
      {
        "label": "neutral",
        "score": 0.7968108057975769
      }
    ]
  },
  {
    "source": "WSJ",
    "title": "Trump Favors the Bad Neighbors",
    "published": "2025-02-23",
    "inference_result": [
      {
        "label": "neutral",
        "score": 0.5770052671432495
      }
    ]
  },
  {
    "source": "WSJ",
    "title": "U.S. Wins Backing for U.N. Resolution on Ukraine War That Doesn\u2019t Blame Russia",
    "published": "2025-02-23",
    "inference_result": [
      {
        "label": "neutral",
        "score": 0.77848219871521
      }
    ]
  },
  {
    "source": "WSJ",
    "title": "Trump Paralyzes the U.S. Wind Power Industry",
    "published": "2025-02-23",
    "inference_result": [
      {
        "label": "negative",
        "score": 0.9433622360229492
      }
    ]
  },
  {
    "source": "WSJ",
    "title": "What Do Mass Federal Layoffs Mean for the Labor Market?",
    "published": "2025-02-23",
    "inference_result": [
      {
        "label": "negative",
        "score": 0.8006507754325867
      }
    ]
  },
  {
    "source": "WSJ",
    "title": "MAGA Faithful Urge Trump to Not Back Down\u2014No Matter the Cost in 2026",
    "published": "2025-02-23",
    "inference_result": [
      {
        "label": "neutral",
        "score": 0.5391067862510681
      }
    ]
  },
  {
    "source": "WSJ",
    "title": "The Long Nights and Drug Addiction That Drove a Banker to Insider Trading",
    "published": "2025-02-23",
    "inference_result": [
      {
        "label": "neutral",
        "score": 0.9322791695594788
      }
    ]
  }
]