[
  {
    "source": "WSJ",
    "title": "Karl Rove: How I Became Trump\u2019s \u2018Total Loser\u2019",
    "published": "2025-05-07",
    "inference_result": [
      {
        "label": "neutral",
        "score": 0.5424049496650696
      }
    ]
  },
  {
    "source": "WSJ",
    "title": "Jewelers Likely to Hike Prices Due to Tariffs, Pandora CEO Says",
    "published": "2025-05-07",
    "inference_result": [
      {
        "label": "positive",
        "score": 0.8850900530815125
      }
    ]
  },
  {
    "source": "WSJ",
    "title": "Trump Aims at Economic Growth and Misses",
    "published": "2025-05-07",
    "inference_result": [
      {
        "label": "neutral",
        "score": 0.5066789984703064
      }
    ]
  },
  {
    "source": "WSJ",
    "title": "Stock Market News, May 8, 2025: Trump Presents U.K. Trade Deal; Dow Rises 254 Points",
    "published": "2025-05-07",
    "inference_result": [
      {
        "label": "positive",
        "score": 0.9409239292144775
      }
    ]
  },
  {
    "source": "WSJ",
    "title": "Wall Street Is Watching This Shipping Data to Gauge Tariff Impact",
    "published": "2025-05-07",
    "inference_result": [
      {
        "label": "neutral",
        "score": 0.5594100952148438
      }
    ]
  },
  {
    "source": "WSJ",
    "title": "Fentanyl Crisis Provided Opening for U.S.-China Trade Talks",
    "published": "2025-05-07",
    "inference_result": [
      {
        "label": "neutral",
        "score": 0.9145026206970215
      }
    ]
  },
  {
    "source": "WSJ",
    "title": "Ford Increases Prices for Certain Vehicles Amid Tariff Uncertainty",
    "published": "2025-05-07",
    "inference_result": [
      {
        "label": "neutral",
        "score": 0.7381618618965149
      }
    ]
  },
  {
    "source": "WSJ",
    "title": "Trump\u2019s Worst Idea Since Tariffs",
    "published": "2025-05-07",
    "inference_result": [
      {
        "label": "positive",
        "score": 0.6918589472770691
      }
    ]
  },
  {
    "source": "WSJ",
    "title": "Stocks Rise After Fed Holds Rates Steady and U.S. Prepares for China Talks",
    "published": "2025-05-07",
    "inference_result": [
      {
        "label": "positive",
        "score": 0.9019711017608643
      }
    ]
  },
  {
    "source": "WSJ",
    "title": "BMW Deliveries Slip on China Weakness, Despite Strong Quarter in Europe and U.S.",
    "published": "2025-05-07",
    "inference_result": [
      {
        "label": "positive",
        "score": 0.9441440105438232
      }
    ]
  },
  {
    "source": "WSJ",
    "title": "Trump Still Has a Chance to Remake Rather Than Wreck Global Trade",
    "published": "2025-05-07",
    "inference_result": [
      {
        "label": "neutral",
        "score": 0.869752049446106
      }
    ]
  },
  {
    "source": "WSJ",
    "title": "Trump Is Threatening Big Pharma With Tariffs. Tax Changes Might Work Better.",
    "published": "2025-05-07",
    "inference_result": [
      {
        "label": "positive",
        "score": 0.8454063534736633
      }
    ]
  },
  {
    "source": "WSJ",
    "title": "A New Strategy to Fight Inflation",
    "published": "2025-05-07",
    "inference_result": [
      {
        "label": "neutral",
        "score": 0.8602415919303894
      }
    ]
  },
  {
    "source": "WSJ",
    "title": "Match Group to Cut 13% of Workforce Amid Weak Demand From Younger Users",
    "published": "2025-05-07",
    "inference_result": [
      {
        "label": "negative",
        "score": 0.9437182545661926
      }
    ]
  },
  {
    "source": "WSJ",
    "title": "Frieze, Spring/Break, Future and Esther Reviews: The Best Work at These New York Art Fairs",
    "published": "2025-05-07",
    "inference_result": [
      {
        "label": "neutral",
        "score": 0.4938608705997467
      }
    ]
  },
  {
    "source": "WSJ",
    "title": "Disney Plans New Theme Park in Abu Dhabi",
    "published": "2025-05-07",
    "inference_result": [
      {
        "label": "neutral",
        "score": 0.49824807047843933
      }
    ]
  },
  {
    "source": "WSJ",
    "title": "Novo Nordisk Investors Breathe Sigh of Relief Despite Guidance Hit From Copycat Drugs",
    "published": "2025-05-07",
    "inference_result": [
      {
        "label": "negative",
        "score": 0.9625186324119568
      }
    ]
  },
  {
    "source": "WSJ",
    "title": "What Social Security Could Teach DOGE About Efficiency",
    "published": "2025-05-07",
    "inference_result": [
      {
        "label": "neutral",
        "score": 0.8673349618911743
      }
    ]
  },
  {
    "source": "WSJ",
    "title": "U.S. to Overhaul Curbs on AI Chip Exports After Industry Backlash",
    "published": "2025-05-07",
    "inference_result": [
      {
        "label": "neutral",
        "score": 0.8923253417015076
      }
    ]
  },
  {
    "source": "WSJ",
    "title": "Tax Bill Imperiled by Trump\u2019s Loud Republican Critic",
    "published": "2025-05-07",
    "inference_result": [
      {
        "label": "negative",
        "score": 0.8861647844314575
      }
    ]
  },
  {
    "source": "WSJ",
    "title": "Trump Is Threatening Big Pharma With Tariffs. Tax Changes Might Work Better.",
    "published": "2025-05-07",
    "inference_result": [
      {
        "label": "positive",
        "score": 0.8454063534736633
      }
    ]
  }
]