[
  {
    "source": "WSJ",
    "title": "Tariffs, Fat Cats and Trump",
    "published": "2025-01-07",
    "inference_result": [
      {
        "label": "neutral",
        "score": 0.7886064648628235
      }
    ]
  },
  {
    "source": "WSJ",
    "title": "Trump Ratchets Up Campaign to Gain Control of Greenland, Panama Canal",
    "published": "2025-01-07",
    "inference_result": [
      {
        "label": "negative",
        "score": 0.9429547190666199
      }
    ]
  },
  {
    "source": "WSJ",
    "title": "Law Firms Pivot for Trump\u2019s Return",
    "published": "2025-01-07",
    "inference_result": [
      {
        "label": "positive",
        "score": 0.7041205763816833
      }
    ]
  },
  {
    "source": "WSJ",
    "title": "U.S. Services Sector Picks Up Pace Ahead of Trump Inauguration But Inflation Fears Linger",
    "published": "2025-01-07",
    "inference_result": [
      {
        "label": "positive",
        "score": 0.5796879529953003
      }
    ]
  },
  {
    "source": "WSJ",
    "title": "U.S. Services Sector Picks Up Pace Ahead of Trump Inauguration But Inflation Fears Linger",
    "published": "2025-01-07",
    "inference_result": [
      {
        "label": "positive",
        "score": 0.5796879529953003
      }
    ]
  },
  {
    "source": "WSJ",
    "title": "Left and Right Alike Are Blind to Trade-Offs",
    "published": "2025-01-07",
    "inference_result": [
      {
        "label": "neutral",
        "score": 0.8850570321083069
      }
    ]
  },
  {
    "source": "WSJ",
    "title": "The Great American Charitable Tax Deduction",
    "published": "2025-01-07",
    "inference_result": [
      {
        "label": "neutral",
        "score": 0.9131563901901245
      }
    ]
  },
  {
    "source": "WSJ",
    "title": "U.S. Accuses Paramilitary Group of Genocide in Sudan",
    "published": "2025-01-07",
    "inference_result": [
      {
        "label": "negative",
        "score": 0.8079859018325806
      }
    ]
  },
  {
    "source": "WSJ",
    "title": "Debt-Ceiling Fight Has New X Factor: Trump",
    "published": "2025-01-07",
    "inference_result": [
      {
        "label": "positive",
        "score": 0.8945235013961792
      }
    ]
  },
  {
    "source": "WSJ",
    "title": "Your Fancy, New ETF Might Be a Little Too Fancy",
    "published": "2025-01-07",
    "inference_result": [
      {
        "label": "neutral",
        "score": 0.5279179215431213
      }
    ]
  },
  {
    "source": "WSJ",
    "title": "Is Kathy Hochul\u2019s New York a Leader or a Laggard?",
    "published": "2025-01-07",
    "inference_result": [
      {
        "label": "neutral",
        "score": 0.8479703068733215
      }
    ]
  },
  {
    "source": "WSJ",
    "title": "Could This Be the Nail in U.S. Steel\u2019s Coffin?",
    "published": "2025-01-07",
    "inference_result": [
      {
        "label": "negative",
        "score": 0.5559589862823486
      }
    ]
  },
  {
    "source": "WSJ",
    "title": "\u2018The Palestinians Need a Sadat, Not a Sinwar\u2019",
    "published": "2025-01-07",
    "inference_result": [
      {
        "label": "neutral",
        "score": 0.7894759178161621
      }
    ]
  },
  {
    "source": "WSJ",
    "title": "\u2018Agent Zo\u2019 Review: The Fight for a Free Poland",
    "published": "2025-01-07",
    "inference_result": [
      {
        "label": "negative",
        "score": 0.5922003388404846
      }
    ]
  },
  {
    "source": "WSJ",
    "title": "Jean-Marie Le Pen, Far-Right French Firebrand Politician, Dies at 96",
    "published": "2025-01-07",
    "inference_result": [
      {
        "label": "neutral",
        "score": 0.8502126932144165
      }
    ]
  }
]