[
  {
    "source": "WSJ",
    "title": "The List of Trump\u2019s Reciprocal Tariffs by Country And Where They Stand",
    "published": "2025-04-09",
    "inference_result": [
      {
        "label": "neutral",
        "score": 0.7599195837974548
      }
    ]
  },
  {
    "source": "WSJ",
    "title": "The Math Behind Trump\u2019s 125% Tariffs on China",
    "published": "2025-04-09",
    "inference_result": [
      {
        "label": "neutral",
        "score": 0.776455283164978
      }
    ]
  },
  {
    "source": "WSJ",
    "title": "Trump Blinks on Tariffs, Again, for Now",
    "published": "2025-04-09",
    "inference_result": [
      {
        "label": "negative",
        "score": 0.7809904217720032
      }
    ]
  },
  {
    "source": "WSJ",
    "title": "Trump Tariffs on China Actually 145%, Says White House",
    "published": "2025-04-09",
    "inference_result": [
      {
        "label": "neutral",
        "score": 0.9095218181610107
      }
    ]
  },
  {
    "source": "WSJ",
    "title": "Fed Officials Flagged Risks of \u2018More Persistent\u2019 Inflation From Tariffs",
    "published": "2025-04-09",
    "inference_result": [
      {
        "label": "negative",
        "score": 0.9589836597442627
      }
    ]
  },
  {
    "source": "WSJ",
    "title": "Trump Blinks on Tariffs, Again, for Now",
    "published": "2025-04-09",
    "inference_result": [
      {
        "label": "negative",
        "score": 0.7809904217720032
      }
    ]
  },
  {
    "source": "WSJ",
    "title": "Tariff Tensions: Trump\u2019s Whipsawing Trade War",
    "published": "2025-04-09",
    "inference_result": [
      {
        "label": "negative",
        "score": 0.8079963326454163
      }
    ]
  }
]