[
  {
    "source": "WSJ",
    "title": "Mark Carney Wins Leadership of a Canadian Liberal Party Revived by Trump",
    "published": "2025-03-08",
    "inference_result": [
      {
        "label": "neutral",
        "score": 0.6903613805770874
      }
    ]
  },
  {
    "source": "WSJ",
    "title": "Tariff Wars Are Often Short. Their Legacies Aren\u2019t.",
    "published": "2025-03-08",
    "inference_result": [
      {
        "label": "negative",
        "score": 0.9466485977172852
      }
    ]
  }
]