[
  {
    "source": "WSJ",
    "title": "The Era of Cheap Stuff Was Already Ending. Now Comes the Tariff Threat.",
    "published": "2025-03-30",
    "inference_result": [
      {
        "label": "positive",
        "score": 0.901833176612854
      }
    ]
  },
  {
    "source": "WSJ",
    "title": "The Era of Cheap Stuff Was Already Ending. Now Comes the Tariff Threat.",
    "published": "2025-03-30",
    "inference_result": [
      {
        "label": "positive",
        "score": 0.901833176612854
      }
    ]
  },
  {
    "source": "WSJ",
    "title": "Tariffs on Screws Are Already Hitting Manufacturers",
    "published": "2025-03-30",
    "inference_result": [
      {
        "label": "negative",
        "score": 0.909829318523407
      }
    ]
  },
  {
    "source": "WSJ",
    "title": "Tariffs on Screws Are Already Hitting Manufacturers",
    "published": "2025-03-30",
    "inference_result": [
      {
        "label": "negative",
        "score": 0.909829318523407
      }
    ]
  }
]