[
  {
    "source": "WSJ",
    "title": "Tech, Media & Telecom Roundup: Market Talk",
    "published": "2025-05-25",
    "inference_result": [
      {
        "label": "neutral",
        "score": 0.9520524144172668
      }
    ]
  },
  {
    "source": "WSJ",
    "title": "Auto & Transport Roundup: Market Talk",
    "published": "2025-05-25",
    "inference_result": [
      {
        "label": "positive",
        "score": 0.954086184501648
      }
    ]
  },
  {
    "source": "WSJ",
    "title": "Trump\u2019s Tariffs: Where Things Stand",
    "published": "2025-05-25",
    "inference_result": [
      {
        "label": "neutral",
        "score": 0.8854671716690063
      }
    ]
  },
  {
    "source": "WSJ",
    "title": "China Turns to Consumers to Boost Growth, but Households Are Wary",
    "published": "2025-05-25",
    "inference_result": [
      {
        "label": "positive",
        "score": 0.6606030464172363
      }
    ]
  }
]