[
  {
    "source": "WSJ",
    "title": "The Democrats\u2019 Trump Concussion",
    "published": "2025-01-29",
    "inference_result": [
      {
        "label": "neutral",
        "score": 0.8505192995071411
      }
    ]
  },
  {
    "source": "WSJ",
    "title": "The Democrats\u2019 Trump Concussion",
    "published": "2025-01-29",
    "inference_result": [
      {
        "label": "neutral",
        "score": 0.8505192995071411
      }
    ]
  },
  {
    "source": "WSJ",
    "title": "Trump\u2019s Executive Orders Were the Easy Part",
    "published": "2025-01-29",
    "inference_result": [
      {
        "label": "neutral",
        "score": 0.7105278372764587
      }
    ]
  },
  {
    "source": "WSJ",
    "title": "EU Floats Simplification Plan for Companies\u2019 Regulatory Compliance",
    "published": "2025-01-29",
    "inference_result": [
      {
        "label": "neutral",
        "score": 0.9118279218673706
      }
    ]
  },
  {
    "source": "WSJ",
    "title": "A List of Trump\u2019s Key Executive Orders\u2014So Far",
    "published": "2025-01-29",
    "inference_result": [
      {
        "label": "negative",
        "score": 0.6301662921905518
      }
    ]
  },
  {
    "source": "WSJ",
    "title": "Fed Stands Pat on Rates, Entering New Wait-and-See Phase",
    "published": "2025-01-29",
    "inference_result": [
      {
        "label": "neutral",
        "score": 0.7715893983840942
      }
    ]
  },
  {
    "source": "WSJ",
    "title": "Howard Lutnick\u2019s Rebirth as One of Trump\u2019s Tariff Men",
    "published": "2025-01-29",
    "inference_result": [
      {
        "label": "negative",
        "score": 0.9071646928787231
      }
    ]
  },
  {
    "source": "WSJ",
    "title": "Is Now the Time to Buy Bonds? Watch the White House, Not the Fed",
    "published": "2025-01-29",
    "inference_result": [
      {
        "label": "positive",
        "score": 0.9362903237342834
      }
    ]
  },
  {
    "source": "WSJ",
    "title": "Tesla Caps Roller-Coaster Year With Mixed Fourth-Quarter Earnings",
    "published": "2025-01-29",
    "inference_result": [
      {
        "label": "negative",
        "score": 0.9745022654533386
      }
    ]
  },
  {
    "source": "WSJ",
    "title": "Farewell to Thursdays",
    "published": "2025-01-29",
    "inference_result": [
      {
        "label": "neutral",
        "score": 0.8307704329490662
      }
    ]
  },
  {
    "source": "WSJ",
    "title": "My High-Stakes Gamble on a $99 a Night Last-Minute Cruise",
    "published": "2025-01-29",
    "inference_result": [
      {
        "label": "neutral",
        "score": 0.9251740574836731
      }
    ]
  }
]