[
  {
    "source": "WSJ",
    "title": "Fed Official Says Further Rate Cuts Can Wait",
    "published": "2025-01-10",
    "inference_result": [
      {
        "label": "positive",
        "score": 0.6181303858757019
      }
    ]
  },
  {
    "source": "WSJ",
    "title": "The U.K. Is the Biggest Loser From the Rise in Yields",
    "published": "2025-01-10",
    "inference_result": [
      {
        "label": "negative",
        "score": 0.9093480706214905
      }
    ]
  },
  {
    "source": "WSJ",
    "title": "The Stock Market Embraced Higher Yields. Now It Fears Them.",
    "published": "2025-01-10",
    "inference_result": [
      {
        "label": "neutral",
        "score": 0.7637021541595459
      }
    ]
  },
  {
    "source": "WSJ",
    "title": "Hiring Blew Past Expectations With 256,000 Jobs Added in December",
    "published": "2025-01-10",
    "inference_result": [
      {
        "label": "positive",
        "score": 0.9304325580596924
      }
    ]
  },
  {
    "source": "WSJ",
    "title": "Hershey CEO Michele Buck to Retire Next Year",
    "published": "20265-01-10",
    "inference_result": [
      {
        "label": "negative",
        "score": 0.9597546458244324
      }
    ]
  },
  {
    "source": "WSJ",
    "title": "Trump\u2019s Talk of Buying Greenland Energizes Island\u2019s Independence Movement",
    "published": "2025-01-10",
    "inference_result": [
      {
        "label": "neutral",
        "score": 0.8119255900382996
      }
    ]
  },
  {
    "source": "WSJ",
    "title": "Did Trump Just Win a \u2018Tectonic\u2019 Election?",
    "published": "2025-01-10",
    "inference_result": [
      {
        "label": "neutral",
        "score": 0.7181011438369751
      }
    ]
  },
  {
    "source": "WSJ",
    "title": "The Stock Market Embraced Higher Yields. Now It Fears Them.",
    "published": "2025-01-10",
    "inference_result": [
      {
        "label": "neutral",
        "score": 0.7637021541595459
      }
    ]
  },
  {
    "source": "WSJ",
    "title": "The U.K. Is the Biggest Loser From the Rise in Yields",
    "published": "2025-01-10",
    "inference_result": [
      {
        "label": "negative",
        "score": 0.9093480706214905
      }
    ]
  },
  {
    "source": "WSJ",
    "title": "Peggy Caserta, Arbiter of Hippie Fashion in the 1960s, Dies at 84",
    "published": "2025-01-10",
    "inference_result": [
      {
        "label": "neutral",
        "score": 0.7996448278427124
      }
    ]
  },
  {
    "source": "WSJ",
    "title": "How to Plan a Safari Vacation That Delivers Adventure Without the Colonial Clich\u00e9s",
    "published": "2025-01-10",
    "inference_result": [
      {
        "label": "neutral",
        "score": 0.8941057324409485
      }
    ]
  },
  {
    "source": "WSJ",
    "title": "5 Ways to Make Windowless Rooms Less Dreary, According to Interior Designers",
    "published": "2025-01-10",
    "inference_result": [
      {
        "label": "neutral",
        "score": 0.9273368120193481
      }
    ]
  },
  {
    "source": "WSJ",
    "title": "This Italian Seafood Stew Has a Grand Pasta Finale",
    "published": "2025-01-10",
    "inference_result": [
      {
        "label": "neutral",
        "score": 0.9204453825950623
      }
    ]
  },
  {
    "source": "WSJ",
    "title": "Can Trump Bring Hope, and Biden Wisdom?",
    "published": "2025-01-10",
    "inference_result": [
      {
        "label": "neutral",
        "score": 0.9283269047737122
      }
    ]
  },
  {
    "source": "WSJ",
    "title": "\u2018The Last Tsar\u2019 Review: The Romanovs Reconsidered",
    "published": "2025-01-10",
    "inference_result": [
      {
        "label": "neutral",
        "score": 0.8077060580253601
      }
    ]
  }
]