[
  {
    "source": "WSJ",
    "title": "Power Is Shifting From Treasury to the Commerce Department",
    "published": "2025-01-09",
    "inference_result": [
      {
        "label": "neutral",
        "score": 0.8361771702766418
      }
    ]
  },
  {
    "source": "WSJ",
    "title": "China Makes More Cars Than It Needs. Now, It\u2019s Shakeout Time.",
    "published": "2025-01-09",
    "inference_result": [
      {
        "label": "negative",
        "score": 0.9561659097671509
      }
    ]
  },
  {
    "source": "WSJ",
    "title": "Did Someone Say Tight Money?",
    "published": "2025-01-09",
    "inference_result": [
      {
        "label": "negative",
        "score": 0.9324994087219238
      }
    ]
  },
  {
    "source": "WSJ",
    "title": "U.N. Raises Global Growth Forecast, but Warns of Potential Inflation Threat",
    "published": "2025-01-09",
    "inference_result": [
      {
        "label": "negative",
        "score": 0.5687544345855713
      }
    ]
  },
  {
    "source": "WSJ",
    "title": "Treasury Yields Slip After Recent Gains; U.S. Stock Market Closed",
    "published": "2025-01-09",
    "inference_result": [
      {
        "label": "positive",
        "score": 0.758676290512085
      }
    ]
  },
  {
    "source": "WSJ",
    "title": "China\u2019s Central Bank Beefs Up Support as Yuan Nears 16-Month Low",
    "published": "2025-01-09",
    "inference_result": [
      {
        "label": "neutral",
        "score": 0.8243770003318787
      }
    ]
  },
  {
    "source": "WSJ",
    "title": "BOJ Grows More Confident That Firms Will Keep Raising Wages",
    "published": "2025-01-09",
    "inference_result": [
      {
        "label": "neutral",
        "score": 0.7654761075973511
      }
    ]
  },
  {
    "source": "WSJ",
    "title": "AI Chip Curbs Trigger Rare Public Fight: Tech Giants vs. China Hawks",
    "published": "2025-01-09",
    "inference_result": [
      {
        "label": "negative",
        "score": 0.8277538418769836
      }
    ]
  },
  {
    "source": "WSJ",
    "title": "The CEOs Who Are Tearing Up the Policies Trump Hates",
    "published": "2025-01-09",
    "inference_result": [
      {
        "label": "negative",
        "score": 0.595525860786438
      }
    ]
  },
  {
    "source": "WSJ",
    "title": "Power Is Shifting From Treasury to the Commerce Department",
    "published": "2025-01-09",
    "inference_result": [
      {
        "label": "neutral",
        "score": 0.8361771702766418
      }
    ]
  },
  {
    "source": "WSJ",
    "title": "\u2018The Missing Thread\u2019 Review: Women of War and Empire",
    "published": "2025-01-09",
    "inference_result": [
      {
        "label": "negative",
        "score": 0.7965008020401001
      }
    ]
  },
  {
    "source": "WSJ",
    "title": "U.K. Bond Yields Hit Highs Not Seen Since 1998",
    "published": "2025-01-09",
    "inference_result": [
      {
        "label": "negative",
        "score": 0.9640275239944458
      }
    ]
  },
  {
    "source": "WSJ",
    "title": "Exclusive | UBS Close to Large Settlement Over Credit Suisse Tax Case",
    "published": "2025-01-09",
    "inference_result": [
      {
        "label": "negative",
        "score": 0.5831667184829712
      }
    ]
  },
  {
    "source": "WSJ",
    "title": "Lebanon Elects New President in Sign of Hezbollah\u2019s Waning Influence",
    "published": "2025-01-09",
    "inference_result": [
      {
        "label": "negative",
        "score": 0.6585699915885925
      }
    ]
  },
  {
    "source": "WSJ",
    "title": "Notable & Quotable: Voters Want Strength",
    "published": "2025-01-09",
    "inference_result": [
      {
        "label": "neutral",
        "score": 0.8039674758911133
      }
    ]
  }
]