[
  {
    "source": "WSJ",
    "title": "Americans Don\u2019t Eat Enough Bacon. The Pork King Has a Plan.",
    "published": "2025-01-31",
    "inference_result": [
      {
        "label": "neutral",
        "score": 0.8138115406036377
      }
    ]
  },
  {
    "source": "WSJ",
    "title": "Trump, Facing Two Crises in His Second Week, Spreads the Blame Around",
    "published": "2025-01-31",
    "inference_result": [
      {
        "label": "neutral",
        "score": 0.8830997943878174
      }
    ]
  },
  {
    "source": "WSJ",
    "title": "Tariff Threat Prompts Automakers to Find New Suppliers, Consider Higher Prices",
    "published": "2025-01-31",
    "inference_result": [
      {
        "label": "negative",
        "score": 0.7473187446594238
      }
    ]
  },
  {
    "source": "WSJ",
    "title": "Markets End January Higher, and With One More Speed Bump",
    "published": "2025-01-31",
    "inference_result": [
      {
        "label": "positive",
        "score": 0.9061340093612671
      }
    ]
  },
  {
    "source": "WSJ",
    "title": "Wall Street Is Booming, but Banks Are in a Lending Rut",
    "published": "2025-01-31",
    "inference_result": [
      {
        "label": "negative",
        "score": 0.9556319713592529
      }
    ]
  },
  {
    "source": "WSJ",
    "title": "DeepSeek\u2019s Breakthrough Sparks National Pride in China",
    "published": "2025-01-31",
    "inference_result": [
      {
        "label": "positive",
        "score": 0.9425879716873169
      }
    ]
  },
  {
    "source": "WSJ",
    "title": "Canada Delays Change to Capital-Gains Tax to 2026",
    "published": "2025-01-31",
    "inference_result": [
      {
        "label": "neutral",
        "score": 0.8592998385429382
      }
    ]
  },
  {
    "source": "WSJ",
    "title": "Trump Slaps Tariffs on Mexico, Canada and China in Opening Salvo of Trade War",
    "published": "2025-01-31",
    "inference_result": [
      {
        "label": "neutral",
        "score": 0.8941167593002319
      }
    ]
  },
  {
    "source": "WSJ",
    "title": "DeepSeek\u2019s Breakthrough Sparks National Pride in China",
    "published": "2025-01-31",
    "inference_result": [
      {
        "label": "positive",
        "score": 0.9425879716873169
      }
    ]
  },
  {
    "source": "WSJ",
    "title": "\u2018A Man on Fire\u2019 Review: Thomas Higginson\u2019s Battle",
    "published": "2025-01-31",
    "inference_result": [
      {
        "label": "neutral",
        "score": 0.8119058012962341
      }
    ]
  },
  {
    "source": "WSJ",
    "title": "The Dumbest Trade War in History",
    "published": "2025-01-31",
    "inference_result": [
      {
        "label": "neutral",
        "score": 0.721495509147644
      }
    ]
  },
  {
    "source": "WSJ",
    "title": "\u2018We Dared to Fly\u2019 Review: Missions Over Indochina",
    "published": "2025-01-31",
    "inference_result": [
      {
        "label": "neutral",
        "score": 0.9106851816177368
      }
    ]
  },
  {
    "source": "WSJ",
    "title": "They Suffered Brutal Rape and Spoke Out. Now Fighting Has Found Them Again.",
    "published": "2025-01-31",
    "inference_result": [
      {
        "label": "negative",
        "score": 0.9117524027824402
      }
    ]
  },
  {
    "source": "WSJ",
    "title": "\u2018Beyond the Call of Duty\u2019 Review: Col. Robert Howard\u2019s Service",
    "published": "2025-01-31",
    "inference_result": [
      {
        "label": "neutral",
        "score": 0.9120182394981384
      }
    ]
  },
  {
    "source": "WSJ",
    "title": "Exclusive | Texas Stock Exchange Startup Asks SEC to Clear 2026 Launch",
    "published": "2025-01-31",
    "inference_result": [
      {
        "label": "positive",
        "score": 0.6067852973937988
      }
    ]
  },
  {
    "source": "WSJ",
    "title": "Iran Is Funding Hezbollah via Suitcases Stuffed With Cash, Israel Warns",
    "published": "2025-01-31",
    "inference_result": [
      {
        "label": "negative",
        "score": 0.9389142394065857
      }
    ]
  },
  {
    "source": "WSJ",
    "title": "This Monkey Bread Delivers All the Caramel-Drenched Indulgence, Minus the Mess",
    "published": "2025-01-31",
    "inference_result": [
      {
        "label": "neutral",
        "score": 0.9178057909011841
      }
    ]
  },
  {
    "source": "WSJ",
    "title": "Commerzbank Lifts Shareholder Returns After 2024 Profit Breaks Record",
    "published": "2025-01-31",
    "inference_result": [
      {
        "label": "positive",
        "score": 0.9497075080871582
      }
    ]
  },
  {
    "source": "WSJ",
    "title": "\u2018The Conscience of the Party\u2019 Review: Hu Yaobang, True Believer",
    "published": "2025-01-31",
    "inference_result": [
      {
        "label": "negative",
        "score": 0.6643288731575012
      }
    ]
  }
]