[
  {
    "source": "WSJ",
    "title": "The French Billionaire Working His Trump Ties to Spare His Luxury Empire",
    "published": "2025-02-19",
    "inference_result": [
      {
        "label": "neutral",
        "score": 0.8916671276092529
      }
    ]
  },
  {
    "source": "WSJ",
    "title": "Canadian Tire Selling Helly Hansen to Kontoor Brands for C$1.28 Billion",
    "published": "2025-02-19",
    "inference_result": [
      {
        "label": "neutral",
        "score": 0.9207577109336853
      }
    ]
  },
  {
    "source": "WSJ",
    "title": "Trump Is Scrambling Global Automakers\u2019 Reliance on America",
    "published": "2025-02-19",
    "inference_result": [
      {
        "label": "positive",
        "score": 0.5497086048126221
      }
    ]
  },
  {
    "source": "WSJ",
    "title": "Fed Minutes Reveal Little Appetite for Near-Term Rate Cuts",
    "published": "2025-02-19",
    "inference_result": [
      {
        "label": "negative",
        "score": 0.9278811812400818
      }
    ]
  },
  {
    "source": "WSJ",
    "title": "Rio Tinto 2024 Profit Rises, but Weaker China Iron-Ore Demand Hurts Underlying Earnings",
    "published": "2025-02-19",
    "inference_result": [
      {
        "label": "positive",
        "score": 0.9441726803779602
      }
    ]
  },
  {
    "source": "WSJ",
    "title": "Trump\u2019s Attack on Zelensky Signals New World Order Taking Shape",
    "published": "2025-02-19",
    "inference_result": [
      {
        "label": "neutral",
        "score": 0.824800431728363
      }
    ]
  },
  {
    "source": "WSJ",
    "title": "Can Trump Lift the Fog of War?",
    "published": "2025-02-19",
    "inference_result": [
      {
        "label": "negative",
        "score": 0.844673752784729
      }
    ]
  },
  {
    "source": "WSJ",
    "title": "MTU Aero Engines Shares Slip After Cash Performance Misses Expectations",
    "published": "2025-02-19",
    "inference_result": [
      {
        "label": "neutral",
        "score": 0.7955262660980225
      }
    ]
  },
  {
    "source": "WSJ",
    "title": "Trump Weighs Direct Payments to Americans From DOGE Savings",
    "published": "2025-02-19",
    "inference_result": [
      {
        "label": "positive",
        "score": 0.6856619715690613
      }
    ]
  },
  {
    "source": "WSJ",
    "title": "Glencore Reviewing London Listing; Plans $2.2 Billion in Shareholder Returns",
    "published": "2025-02-19",
    "inference_result": [
      {
        "label": "negative",
        "score": 0.9279221296310425
      }
    ]
  },
  {
    "source": "WSJ",
    "title": "Philips Swings to Loss on Tax Charge, China Woes Mount",
    "published": "2025-02-19",
    "inference_result": [
      {
        "label": "negative",
        "score": 0.6134580969810486
      }
    ]
  },
  {
    "source": "WSJ",
    "title": "\u2018Crucibles of Power\u2019 Review: Terrible Crossroads",
    "published": "2025-02-19",
    "inference_result": [
      {
        "label": "negative",
        "score": 0.5290935635566711
      }
    ]
  },
  {
    "source": "WSJ",
    "title": "Trump\u2019s Attack on Zelensky Signals New World Order Taking Shape",
    "published": "2025-02-19",
    "inference_result": [
      {
        "label": "neutral",
        "score": 0.824800431728363
      }
    ]
  },
  {
    "source": "WSJ",
    "title": "Russians Are Cautiously Optimistic About Rapid U.S. Policy Shift",
    "published": "2025-02-19",
    "inference_result": [
      {
        "label": "negative",
        "score": 0.5312760472297668
      }
    ]
  },
  {
    "source": "WSJ",
    "title": "Support Among Asset Managers for Investor Action on Climate, DEI Falls",
    "published": "2025-02-19",
    "inference_result": [
      {
        "label": "neutral",
        "score": 0.7694774866104126
      }
    ]
  },
  {
    "source": "WSJ",
    "title": "Nikola, Once a Darling of Green Investment, Files for Bankruptcy",
    "published": "2025-02-19",
    "inference_result": [
      {
        "label": "negative",
        "score": 0.7133006453514099
      }
    ]
  }
]