[
  {
    "source": "WSJ",
    "title": "Treasury Secretary Pick Scott Bessent Says Trump Could Bring \u2018New Economic Golden Age\u2019",
    "published": "2025-01-16",
    "inference_result": [
      {
        "label": "neutral",
        "score": 0.41021981835365295
      }
    ]
  },
  {
    "source": "WSJ",
    "title": "Fixed-Income Investors Wrestle With Higher Yields Ahead of Inauguration",
    "published": "2025-01-16",
    "inference_result": [
      {
        "label": "positive",
        "score": 0.9061495661735535
      }
    ]
  },
  {
    "source": "WSJ",
    "title": "From Cartier to Target, Investors Find Cheer in Holiday Spending",
    "published": "2025-01-16",
    "inference_result": [
      {
        "label": "positive",
        "score": 0.9467419385910034
      }
    ]
  },
  {
    "source": "WSJ",
    "title": "From Cartier to Target, Investors Find Cheer in Holiday Spending",
    "published": "2025-01-16",
    "inference_result": [
      {
        "label": "positive",
        "score": 0.9467419385910034
      }
    ]
  },
  {
    "source": "WSJ",
    "title": "Why Getting Greenland\u2019s Mineral Riches Won\u2019t Be Easy",
    "published": "2025-01-16",
    "inference_result": [
      {
        "label": "negative",
        "score": 0.9227596521377563
      }
    ]
  },
  {
    "source": "WSJ",
    "title": "Donald Trump Jr. Visited Greenland. Then Things Got Weird.",
    "published": "2025-01-16",
    "inference_result": [
      {
        "label": "neutral",
        "score": 0.761730968952179
      }
    ]
  },
  {
    "source": "WSJ",
    "title": "Why Getting Greenland\u2019s Mineral Riches Won\u2019t Be Easy",
    "published": "2025-01-16",
    "inference_result": [
      {
        "label": "negative",
        "score": 0.9227596521377563
      }
    ]
  },
  {
    "source": "WSJ",
    "title": "Trump Can Make Russia Pay to Rebuild Ukraine",
    "published": "2025-01-16",
    "inference_result": [
      {
        "label": "neutral",
        "score": 0.7996020317077637
      }
    ]
  },
  {
    "source": "WSJ",
    "title": "American Express to Pay $230 Million in Fines for Aggressive Sales Practices",
    "published": "2025-01-16",
    "inference_result": [
      {
        "label": "negative",
        "score": 0.8552341461181641
      }
    ]
  },
  {
    "source": "WSJ",
    "title": "Readers Ponder Elizabeth Warren\u2019s Chutzpah",
    "published": "2025-01-16",
    "inference_result": [
      {
        "label": "neutral",
        "score": 0.7732386589050293
      }
    ]
  }
]