[
  {
    "source": "WSJ",
    "title": "Canada Suddenly Has No Leader, and No Plan, for a Trump Trade Fight",
    "published": "2025-01-08",
    "inference_result": [
      {
        "label": "negative",
        "score": 0.9160174131393433
      }
    ]
  },
  {
    "source": "WSJ",
    "title": "Canada Suddenly Has No Leader, and No Plan, for a Trump Trade Fight",
    "published": "2025-01-08",
    "inference_result": [
      {
        "label": "negative",
        "score": 0.9160174131393433
      }
    ]
  },
  {
    "source": "WSJ",
    "title": "Tencent Makes Biggest Buyback After Addition to Pentagon List",
    "published": "2025-01-08",
    "inference_result": [
      {
        "label": "negative",
        "score": 0.9585630893707275
      }
    ]
  },
  {
    "source": "WSJ",
    "title": "Fed Minutes Suggest Officials Will Hold Rates Steady for Now",
    "published": "2025-01-08",
    "inference_result": [
      {
        "label": "negative",
        "score": 0.7772313356399536
      }
    ]
  },
  {
    "source": "WSJ",
    "title": "With Port Strike Averted, Dockworkers Draw New Curbs on Automation",
    "published": "2025-01-08",
    "inference_result": [
      {
        "label": "positive",
        "score": 0.9331766963005066
      }
    ]
  },
  {
    "source": "WSJ",
    "title": "The \u2018Hidden Force\u2019 That Can Bring Mortgage Rates Down",
    "published": "2025-01-08",
    "inference_result": [
      {
        "label": "neutral",
        "score": 0.5963780879974365
      }
    ]
  },
  {
    "source": "WSJ",
    "title": "Fed Minutes Suggest Officials Will Hold Rates Steady for Now",
    "published": "2025-01-08",
    "inference_result": [
      {
        "label": "negative",
        "score": 0.7772313356399536
      }
    ]
  },
  {
    "source": "WSJ",
    "title": "Xi Jinping Muzzles Chinese Economist Gao Shanwen, Who Dared to Doubt GDP Numbers - WSJ",
    "published": "2025-01-08",
    "inference_result": [
      {
        "label": "positive",
        "score": 0.9067226648330688
      }
    ]
  },
  {
    "source": "WSJ",
    "title": "What Trump Wants With Greenland",
    "published": "2025-01-08",
    "inference_result": [
      {
        "label": "neutral",
        "score": 0.8535960912704468
      }
    ]
  },
  {
    "source": "WSJ",
    "title": "Xi Jinping Muzzles Chinese Economist Gao Shanwen, Who Dared to Doubt GDP Numbers - WSJ",
    "published": "2025-01-08",
    "inference_result": [
      {
        "label": "positive",
        "score": 0.9067226648330688
      }
    ]
  },
  {
    "source": "WSJ",
    "title": "What Trump Wants With Greenland",
    "published": "2025-01-08",
    "inference_result": [
      {
        "label": "neutral",
        "score": 0.8535960912704468
      }
    ]
  },
  {
    "source": "WSJ",
    "title": "The Supreme Court\u2019s Climate Stakes",
    "published": "2025-01-08",
    "inference_result": [
      {
        "label": "negative",
        "score": 0.8116257786750793
      }
    ]
  },
  {
    "source": "WSJ",
    "title": "Annexing Parts of Gaza Is the Way to Unleash \u2018Hell\u2019 on Hamas",
    "published": "2025-01-08",
    "inference_result": [
      {
        "label": "negative",
        "score": 0.833450198173523
      }
    ]
  }
]