[
  {
    "source": "WSJ",
    "title": "Newell Brands Forecasts Drop in 2025 Sales, Hitting Shares",
    "published": "2025-02-07",
    "inference_result": [
      {
        "label": "negative",
        "score": 0.9750057458877563
      }
    ]
  },
  {
    "source": "WSJ",
    "title": "Will the Other Two Branches Dare to Push Back Against Trump?",
    "published": "2025-02-07",
    "inference_result": [
      {
        "label": "neutral",
        "score": 0.8508756756782532
      }
    ]
  },
  {
    "source": "WSJ",
    "title": "The Mood of the American Consumer Is Souring",
    "published": "2025-02-07",
    "inference_result": [
      {
        "label": "negative",
        "score": 0.9032690525054932
      }
    ]
  },
  {
    "source": "WSJ",
    "title": "Trump Is Changing the World Order With Unprecedented Speed",
    "published": "2025-02-07",
    "inference_result": [
      {
        "label": "neutral",
        "score": 0.9176830649375916
      }
    ]
  },
  {
    "source": "WSJ",
    "title": "Trump Delays Crackdown on China Imports Loophole",
    "published": "2025-02-07",
    "inference_result": [
      {
        "label": "neutral",
        "score": 0.6914288401603699
      }
    ]
  },
  {
    "source": "WSJ",
    "title": "The Mood of the American Consumer Is Souring",
    "published": "2025-02-07",
    "inference_result": [
      {
        "label": "negative",
        "score": 0.9032690525054932
      }
    ]
  },
  {
    "source": "WSJ",
    "title": "German Industrial Production Ends 2024 on Weak Note as Sector Braces for Tariffs",
    "published": "2025-02-07",
    "inference_result": [
      {
        "label": "negative",
        "score": 0.9609811305999756
      }
    ]
  },
  {
    "source": "WSJ",
    "title": "Trump Delays Crackdown on China Imports Loophole",
    "published": "2025-02-07",
    "inference_result": [
      {
        "label": "neutral",
        "score": 0.6914288401603699
      }
    ]
  },
  {
    "source": "WSJ",
    "title": "The Washington Midair Collision and the 30 Years War",
    "published": "2025-02-07",
    "inference_result": [
      {
        "label": "neutral",
        "score": 0.7754227519035339
      }
    ]
  },
  {
    "source": "WSJ",
    "title": "The Score: Constellation, Mattel, Amazon and More Stocks That Defined the Week",
    "published": "2025-02-07",
    "inference_result": [
      {
        "label": "neutral",
        "score": 0.9132109880447388
      }
    ]
  },
  {
    "source": "WSJ",
    "title": "What Gazans Think of Trump\u2019s Plan",
    "published": "2025-02-07",
    "inference_result": [
      {
        "label": "negative",
        "score": 0.684366762638092
      }
    ]
  },
  {
    "source": "WSJ",
    "title": "Mysteries: \u2018Pro Bono\u2019 by Thomas Perry",
    "published": "2025-02-07",
    "inference_result": [
      {
        "label": "neutral",
        "score": 0.8176541924476624
      }
    ]
  },
  {
    "source": "WSJ",
    "title": "These Historic Spanish Hotels Are Haunted\u2014but in a Good Way",
    "published": "2025-02-07",
    "inference_result": [
      {
        "label": "neutral",
        "score": 0.7382866144180298
      }
    ]
  },
  {
    "source": "WSJ",
    "title": "The Mood of the American Consumer Is Souring",
    "published": "2025-02-07",
    "inference_result": [
      {
        "label": "negative",
        "score": 0.9032690525054932
      }
    ]
  },
  {
    "source": "WSJ",
    "title": "Trump Delays Crackdown on China Imports Loophole",
    "published": "2025-02-07",
    "inference_result": [
      {
        "label": "neutral",
        "score": 0.6914288401603699
      }
    ]
  },
  {
    "source": "WSJ",
    "title": "Cruises Keep Getting Greener. Here\u2019s What the New Rules Mean For Your Trip.",
    "published": "2025-02-07",
    "inference_result": [
      {
        "label": "neutral",
        "score": 0.6456617712974548
      }
    ]
  },
  {
    "source": "WSJ",
    "title": "Five Takeaways From Steve Bannon\u2019s Interview With The Wall Street Journal",
    "published": "2025-02-07",
    "inference_result": [
      {
        "label": "neutral",
        "score": 0.8320083022117615
      }
    ]
  },
  {
    "source": "WSJ",
    "title": "\u2018Mona Acts Out\u2019 Review: All Her Life\u2019s a Stage",
    "published": "2025-02-07",
    "inference_result": [
      {
        "label": "neutral",
        "score": 0.6294545531272888
      }
    ]
  }
]