[
  {
    "source": "WSJ",
    "title": "America\u2019s Love Affair With Posh British Cars Is Under Threat Despite Trade Deal",
    "published": "2025-05-15",
    "inference_result": [
      {
        "label": "negative",
        "score": 0.9582736492156982
      }
    ]
  },
  {
    "source": "WSJ",
    "title": "The Wall Street Journal Google Your News Update",
    "published": "2025-05-15",
    "inference_result": [
      {
        "label": "neutral",
        "score": 0.9100682735443115
      }
    ]
  },
  {
    "source": "WSJ",
    "title": "Walmart\u2019s Price Hikes Open Door to Increases From \u2018Everybody Else\u2019",
    "published": "2025-05-15",
    "inference_result": [
      {
        "label": "positive",
        "score": 0.9296085238456726
      }
    ]
  },
  {
    "source": "WSJ",
    "title": "Deere Adjusts FY25 View Amid Tariff Whiplash as 2Q Results Weaken",
    "published": "2025-05-15",
    "inference_result": [
      {
        "label": "positive",
        "score": 0.593890368938446
      }
    ]
  },
  {
    "source": "WSJ",
    "title": "Tariffs and the Truth Behind Trump\u2019s \u2018Two Dolls\u2019 Gaffe",
    "published": "2025-05-15",
    "inference_result": [
      {
        "label": "negative",
        "score": 0.8212618827819824
      }
    ]
  },
  {
    "source": "WSJ",
    "title": "Deere Adjusts FY25 View Amid Tariff Whiplash as 2Q Results Weaken",
    "published": "2025-05-15",
    "inference_result": [
      {
        "label": "positive",
        "score": 0.593890368938446
      }
    ]
  },
  {
    "source": "WSJ",
    "title": "Stock Market News, May 16, 2025: Stocks Rise After Trump Unveils New Tariff Wrinkle",
    "published": "2025-05-15",
    "inference_result": [
      {
        "label": "negative",
        "score": 0.9099041819572449
      }
    ]
  },
  {
    "source": "WSJ",
    "title": "U.S. Housing Starts Ticked Up in April",
    "published": "2025-05-15",
    "inference_result": [
      {
        "label": "positive",
        "score": 0.9511104822158813
      }
    ]
  },
  {
    "source": "WSJ",
    "title": "The Ultra Wealthy Are Riding Out the Market Chaos in Luxury Real Estate",
    "published": "2025-05-15",
    "inference_result": [
      {
        "label": "positive",
        "score": 0.9508330821990967
      }
    ]
  },
  {
    "source": "WSJ",
    "title": "The Ultra Wealthy Are Riding Out the Market Chaos in Luxury Real Estate",
    "published": "2025-05-15",
    "inference_result": [
      {
        "label": "positive",
        "score": 0.9508330821990967
      }
    ]
  },
  {
    "source": "WSJ",
    "title": "GlobalWafers Plans Additional $4 Billion Investment in U.S.",
    "published": "2025-05-15",
    "inference_result": [
      {
        "label": "positive",
        "score": 0.9147030115127563
      }
    ]
  },
  {
    "source": "WSJ",
    "title": "Sandal-Maker Birkenstock Lifts Earnings View After Strong Sales",
    "published": "2025-05-15",
    "inference_result": [
      {
        "label": "positive",
        "score": 0.950249433517456
      }
    ]
  },
  {
    "source": "WSJ",
    "title": "Vladimir Putin Is a Peace-Talks No Show",
    "published": "2025-05-15",
    "inference_result": [
      {
        "label": "neutral",
        "score": 0.7119570374488831
      }
    ]
  },
  {
    "source": "WSJ",
    "title": "Berkshire Sells Financial Stocks, Doubles Constellation Stake, Holds Steady on Apple",
    "published": "2025-05-15",
    "inference_result": [
      {
        "label": "neutral",
        "score": 0.9009260535240173
      }
    ]
  },
  {
    "source": "WSJ",
    "title": "Siemens Beats Views as Industrial Business Grows",
    "published": "2025-05-15",
    "inference_result": [
      {
        "label": "positive",
        "score": 0.9572263360023499
      }
    ]
  },
  {
    "source": "WSJ",
    "title": "Walmart Becomes Biggest Retailer Yet to Pass Through Tariff Price Increases",
    "published": "2025-05-15",
    "inference_result": [
      {
        "label": "positive",
        "score": 0.7380422949790955
      }
    ]
  },
  {
    "source": "WSJ",
    "title": "Inside the Tariff-Driven Price Increases at Walmart",
    "published": "2025-05-15",
    "inference_result": [
      {
        "label": "positive",
        "score": 0.9450255632400513
      }
    ]
  },
  {
    "source": "WSJ",
    "title": "America\u2019s Commercial Real-Estate Pain Tests Bank That Built Its Fortunes on Skyscrapers",
    "published": "2025-05-15",
    "inference_result": [
      {
        "label": "positive",
        "score": 0.6736053824424744
      }
    ]
  },
  {
    "source": "WSJ",
    "title": "Exclusive | Trump Administration Targets Europe\u2019s Digital Laws as a Threat to Basic Rights and U.S. Business",
    "published": "2025-05-15",
    "inference_result": [
      {
        "label": "negative",
        "score": 0.7407155632972717
      }
    ]
  },
  {
    "source": "WSJ",
    "title": "Tariffs and the Truth Behind Trump\u2019s \u2018Two Dolls\u2019 Gaffe",
    "published": "2025-05-15",
    "inference_result": [
      {
        "label": "negative",
        "score": 0.8212618827819824
      }
    ]
  },
  {
    "source": "WSJ",
    "title": "America Needs a Supply-Side Comeback",
    "published": "2025-05-15",
    "inference_result": [
      {
        "label": "neutral",
        "score": 0.7080174088478088
      }
    ]
  },
  {
    "source": "WSJ",
    "title": "Revisiting What Makes Tax Reform Successful",
    "published": "2025-05-15",
    "inference_result": [
      {
        "label": "positive",
        "score": 0.5014134645462036
      }
    ]
  },
  {
    "source": "WSJ",
    "title": "Conservatives Block Trump's 'Big, Beautiful Bill' in Committee Vote",
    "published": "2025-05-15",
    "inference_result": [
      {
        "label": "neutral",
        "score": 0.6373842358589172
      }
    ]
  },
  {
    "source": "WSJ",
    "title": "The Ultra Wealthy Are Riding Out the Market Chaos in Luxury Real Estate",
    "published": "2025-05-15",
    "inference_result": [
      {
        "label": "positive",
        "score": 0.9508330821990967
      }
    ]
  },
  {
    "source": "WSJ",
    "title": "Republicans Embrace Fees on EVs and Immigrants to Help Pay for Trump\u2019s Tax Cuts",
    "published": "2025-05-15",
    "inference_result": [
      {
        "label": "positive",
        "score": 0.8502641916275024
      }
    ]
  },
  {
    "source": "WSJ",
    "title": "Walmart\u2019s Price Hikes Open Door to Increases From \u2018Everybody Else\u2019",
    "published": "2025-05-15",
    "inference_result": [
      {
        "label": "positive",
        "score": 0.9296085238456726
      }
    ]
  },
  {
    "source": "WSJ",
    "title": "Nixing FEMA Is No Disaster",
    "published": "2025-05-15",
    "inference_result": [
      {
        "label": "neutral",
        "score": 0.9372192621231079
      }
    ]
  },
  {
    "source": "WSJ",
    "title": "Charter Communications Looks to Retain Workers With New Stock Program",
    "published": "2025-05-15",
    "inference_result": [
      {
        "label": "neutral",
        "score": 0.5639160871505737
      }
    ]
  },
  {
    "source": "WSJ",
    "title": "Walmart\u2019s Price Hikes Open Door to Increases From \u2018Everybody Else\u2019",
    "published": "2025-05-15",
    "inference_result": [
      {
        "label": "positive",
        "score": 0.9296085238456726
      }
    ]
  }
]