[
  {
    "source": "WSJ",
    "title": "Why the Dollar\u2019s Epic Rally Could Have a Little Further to Run",
    "published": "2025-01-01",
    "inference_result": [
      {
        "label": "neutral",
        "score": 0.8312978148460388
      }
    ]
  },
  {
    "source": "WSJ",
    "title": "Where the Panama Canal Quarrel Is Heading",
    "published": "2025-01-01",
    "inference_result": [
      {
        "label": "neutral",
        "score": 0.8567023873329163
      }
    ]
  },
  {
    "source": "WSJ",
    "title": "What Comes After the Chaos of 2024",
    "published": "2025-01-01",
    "inference_result": [
      {
        "label": "negative",
        "score": 0.9235482215881348
      }
    ]
  },
  {
    "source": "WSJ",
    "title": "How Five Pros Are Inflation-Proofing Their Investments",
    "published": "2025-01-01",
    "inference_result": [
      {
        "label": "neutral",
        "score": 0.5118924379348755
      }
    ]
  },
  {
    "source": "WSJ",
    "title": "China\u2019s Xi Jinping Nods to \u2018External Uncertainties\u2019 in New Year\u2019s Speech",
    "published": "2025-01-01",
    "inference_result": [
      {
        "label": "positive",
        "score": 0.9253177642822266
      }
    ]
  },
  {
    "source": "WSJ",
    "title": "Wall Street Expects Gold to Glitter Again in 2025",
    "published": "2025-01-01",
    "inference_result": [
      {
        "label": "positive",
        "score": 0.910839319229126
      }
    ]
  },
  {
    "source": "WSJ",
    "title": "Hopes for a \u2018Santa Claus Rally\u2019 Fade on Wall Street",
    "published": "2025-01-01",
    "inference_result": [
      {
        "label": "negative",
        "score": 0.42535412311553955
      }
    ]
  },
  {
    "source": "WSJ",
    "title": "Wall Street Expects Gold to Glitter Again in 2025",
    "published": "2025-01-01",
    "inference_result": [
      {
        "label": "positive",
        "score": 0.910839319229126
      }
    ]
  },
  {
    "source": "WSJ",
    "title": "Green-Energy Firms\u2019 Pitch to Trump: You\u2019re Going to Need a Lot of Power",
    "published": "2025-01-01",
    "inference_result": [
      {
        "label": "neutral",
        "score": 0.772345244884491
      }
    ]
  },
  {
    "source": "WSJ",
    "title": "Why the Dollar\u2019s Epic Rally Could Have a Little Further to Run",
    "published": "2025-01-01",
    "inference_result": [
      {
        "label": "neutral",
        "score": 0.8312978148460388
      }
    ]
  },
  {
    "source": "WSJ",
    "title": "Russian Gas to Europe Stops Flowing After Ukraine Refuses to Renew Pipeline Deal",
    "published": "2025-01-01",
    "inference_result": [
      {
        "label": "positive",
        "score": 0.7799366116523743
      }
    ]
  },
  {
    "source": "WSJ",
    "title": "The House\u2019s Unfinished Gender Business",
    "published": "2025-01-01",
    "inference_result": [
      {
        "label": "neutral",
        "score": 0.5470234155654907
      }
    ]
  },
  {
    "source": "WSJ",
    "title": "What\u2019s Better for You After a Workout, a Hot Sauna or Cold Plunge?",
    "published": "2025-01-01",
    "inference_result": [
      {
        "label": "neutral",
        "score": 0.8999603986740112
      }
    ]
  },
  {
    "source": "WSJ",
    "title": "Damascus Uncorked: Syria Throws a New Year\u2019s Party for the Ages",
    "published": "2025-01-01",
    "inference_result": [
      {
        "label": "neutral",
        "score": 0.7365739345550537
      }
    ]
  },
  {
    "source": "WSJ",
    "title": "What Comes After the Chaos of 2024",
    "published": "2025-01-01",
    "inference_result": [
      {
        "label": "negative",
        "score": 0.9235482215881348
      }
    ]
  },
  {
    "source": "WSJ",
    "title": "The Palestinian Authority Takes on Hamas Militants in West Bank Power Struggle",
    "published": "2025-01-01",
    "inference_result": [
      {
        "label": "negative",
        "score": 0.8584538698196411
      }
    ]
  },
  {
    "source": "WSJ",
    "title": "Buying Greenland Isn\u2019t a New Idea",
    "published": "2025-01-01",
    "inference_result": [
      {
        "label": "neutral",
        "score": 0.9292672872543335
      }
    ]
  },
  {
    "source": "WSJ",
    "title": "Taiwan Outperforms as Asia\u2019s Strongest Market in 2024",
    "published": "2025-01-01",
    "inference_result": [
      {
        "label": "positive",
        "score": 0.9488584399223328
      }
    ]
  },
  {
    "source": "WSJ",
    "title": "Beijing Pushes to Use China-Made Chips in Its EVs",
    "published": "2025-01-01",
    "inference_result": [
      {
        "label": "positive",
        "score": 0.6590459942817688
      }
    ]
  }
]