[
  {
    "source": "WSJ",
    "title": "Customs Brokers in Texas Are Rising Stars of the Trade Wars",
    "published": "2025-05-09",
    "inference_result": [
      {
        "label": "positive",
        "score": 0.5492314100265503
      }
    ]
  },
  {
    "source": "WSJ",
    "title": "Why This Stock-Market Bounce Won\u2019t Hold",
    "published": "2025-05-09",
    "inference_result": [
      {
        "label": "negative",
        "score": 0.8100332617759705
      }
    ]
  },
  {
    "source": "WSJ",
    "title": "Exclusive | China Sends Xi\u2019s Security Czar to Trade Talks With U.S.",
    "published": "2025-05-09",
    "inference_result": [
      {
        "label": "neutral",
        "score": 0.6354464292526245
      }
    ]
  },
  {
    "source": "WSJ",
    "title": "The Score: Disney, Berkshire Hathaway, Ford and More Stocks That Defined the Week",
    "published": "2025-05-09",
    "inference_result": [
      {
        "label": "neutral",
        "score": 0.9132109880447388
      }
    ]
  },
  {
    "source": "WSJ",
    "title": "Panasonic Holdings to Cut 10,000 Jobs Globally",
    "published": "2025-05-09",
    "inference_result": [
      {
        "label": "negative",
        "score": 0.9078883528709412
      }
    ]
  },
  {
    "source": "WSJ",
    "title": "British Airways Owner IAG to Buy 53 Boeing and Airbus Planes Despite Market Uncertainty",
    "published": "2025-05-09",
    "inference_result": [
      {
        "label": "positive",
        "score": 0.7999266386032104
      }
    ]
  },
  {
    "source": "WSJ",
    "title": "Cracker Barrel Updates Menu, Decor. Some Miss Its Country Charm.",
    "published": "2025-05-09",
    "inference_result": [
      {
        "label": "positive",
        "score": 0.912024199962616
      }
    ]
  },
  {
    "source": "WSJ",
    "title": "The Incredible Shrinking GOP Tax Cut",
    "published": "2025-05-09",
    "inference_result": [
      {
        "label": "negative",
        "score": 0.6281039714813232
      }
    ]
  },
  {
    "source": "WSJ",
    "title": "The Twisted Design Logic of Kia\u2019s K4 Sedan",
    "published": "2025-05-09",
    "inference_result": [
      {
        "label": "positive",
        "score": 0.9286063313484192
      }
    ]
  },
  {
    "source": "WSJ",
    "title": "GOP Tax Bill Seeks to Put Cash in Taxpayers\u2019 Pockets in Early 2026",
    "published": "2025-05-09",
    "inference_result": [
      {
        "label": "positive",
        "score": 0.904227614402771
      }
    ]
  },
  {
    "source": "WSJ",
    "title": "Beverage and Snack Giants Defend Sustainable-Packaging Plans Amid Investor Pressure",
    "published": "2025-05-09",
    "inference_result": [
      {
        "label": "negative",
        "score": 0.627238929271698
      }
    ]
  },
  {
    "source": "WSJ",
    "title": "The Ideological Gurus Battling for the Soul of Trump World",
    "published": "2025-05-09",
    "inference_result": [
      {
        "label": "neutral",
        "score": 0.7727757692337036
      }
    ]
  },
  {
    "source": "WSJ",
    "title": "Customs Brokers in Texas Are Rising Stars of the Trade Wars",
    "published": "2025-05-09",
    "inference_result": [
      {
        "label": "positive",
        "score": 0.5492314100265503
      }
    ]
  },
  {
    "source": "WSJ",
    "title": "The Stealthy Lab Cooking Up Amazon\u2019s Secret Sauce",
    "published": "2025-05-09",
    "inference_result": [
      {
        "label": "neutral",
        "score": 0.7476885318756104
      }
    ]
  },
  {
    "source": "WSJ",
    "title": "Trump Promised to End Two Wars Quickly. In Private, He Admits He\u2019s Frustrated.",
    "published": "2025-05-09",
    "inference_result": [
      {
        "label": "neutral",
        "score": 0.4736971855163574
      }
    ]
  },
  {
    "source": "WSJ",
    "title": "Last Summer\u2019s Most Regrettable Fashion Trends\u2014and What to Wear This Year Instead",
    "published": "2025-05-09",
    "inference_result": [
      {
        "label": "neutral",
        "score": 0.896355152130127
      }
    ]
  }
]