[
  {
    "source": "WSJ",
    "title": "The Score: Novo Nordisk, Oracle, Netflix, and More Stocks That Defined the Week",
    "published": "2025-01-24",
    "inference_result": [
      {
        "label": "neutral",
        "score": 0.9132109880447388
      }
    ]
  },
  {
    "source": "WSJ",
    "title": "Why Donald Trump Is Racing So Fast to Remake America",
    "published": "2025-01-24",
    "inference_result": [
      {
        "label": "negative",
        "score": 0.4793495237827301
      }
    ]
  },
  {
    "source": "WSJ",
    "title": "Stock Investors Like Trump 2.0",
    "published": "2025-01-24",
    "inference_result": [
      {
        "label": "positive",
        "score": 0.9219861626625061
      }
    ]
  },
  {
    "source": "WSJ",
    "title": "Amex Has a First-Class Problem: Can Consumer Spending Really Keep Up?",
    "published": "2025-01-24",
    "inference_result": [
      {
        "label": "negative",
        "score": 0.5488221645355225
      }
    ]
  },
  {
    "source": "WSJ",
    "title": "The Two Trump Problem",
    "published": "2025-01-24",
    "inference_result": [
      {
        "label": "negative",
        "score": 0.8952808380126953
      }
    ]
  },
  {
    "source": "WSJ",
    "title": "The Two Trump Problem",
    "published": "2025-01-24",
    "inference_result": [
      {
        "label": "negative",
        "score": 0.8952808380126953
      }
    ]
  },
  {
    "source": "WSJ",
    "title": "The Two Trump Problem",
    "published": "2025-01-24",
    "inference_result": [
      {
        "label": "negative",
        "score": 0.8952808380126953
      }
    ]
  },
  {
    "source": "WSJ",
    "title": "Investors Bet Trump Will Make Europe Investable Again",
    "published": "2025-01-24",
    "inference_result": [
      {
        "label": "positive",
        "score": 0.9307371377944946
      }
    ]
  },
  {
    "source": "WSJ",
    "title": "Investors Bet Trump Will Make Europe Investable Again",
    "published": "2025-01-24",
    "inference_result": [
      {
        "label": "positive",
        "score": 0.9307371377944946
      }
    ]
  },
  {
    "source": "WSJ",
    "title": "The Two Trump Problem",
    "published": "2025-01-24",
    "inference_result": [
      {
        "label": "negative",
        "score": 0.8952808380126953
      }
    ]
  },
  {
    "source": "WSJ",
    "title": "Beijing Signals Readiness to Talk to Trump\u2019s Team, Even Old Foes",
    "published": "2025-01-24",
    "inference_result": [
      {
        "label": "neutral",
        "score": 0.8268157243728638
      }
    ]
  },
  {
    "source": "WSJ",
    "title": "Trump Tries to Forge \u2018Golden Age\u2019 Economy of Self-Reliance and Defiance",
    "published": "2025-01-24",
    "inference_result": [
      {
        "label": "neutral",
        "score": 0.8636513948440552
      }
    ]
  },
  {
    "source": "WSJ",
    "title": "Tesla to Recall 1.2 Million Cars in China on Safety Concerns",
    "published": "2025-01-24",
    "inference_result": [
      {
        "label": "neutral",
        "score": 0.9338006973266602
      }
    ]
  },
  {
    "source": "WSJ",
    "title": "White House Calls for Israel to Stay in Lebanon Past Truce Deadline",
    "published": "2025-01-24",
    "inference_result": [
      {
        "label": "neutral",
        "score": 0.5208634734153748
      }
    ]
  },
  {
    "source": "WSJ",
    "title": "Why Donald Trump Is Racing So Fast to Remake America",
    "published": "2025-01-24",
    "inference_result": [
      {
        "label": "negative",
        "score": 0.4793495237827301
      }
    ]
  },
  {
    "source": "WSJ",
    "title": "Exclusive | Pentagon Prepares to Deploy Thousands of Troops From Combat Units to Southwest Border",
    "published": "2025-01-24",
    "inference_result": [
      {
        "label": "neutral",
        "score": 0.7250458598136902
      }
    ]
  }
]