[
  {
    "source": "WSJ",
    "title": "Trump\u2019s China Deal Makes Sense. How He Got Here Doesn\u2019t.",
    "published": "2025-05-12",
    "inference_result": [
      {
        "label": "negative",
        "score": 0.41686347126960754
      }
    ]
  },
  {
    "source": "WSJ",
    "title": "Companies Turn to Foreign-Trade Zones to Shelter From U.S. Tariffs",
    "published": "2025-05-12",
    "inference_result": [
      {
        "label": "negative",
        "score": 0.7208608984947205
      }
    ]
  },
  {
    "source": "WSJ",
    "title": "EBRD Sees Tariff Hit to Growth, But Some Hope in German Investment Boost",
    "published": "2025-05-12",
    "inference_result": [
      {
        "label": "negative",
        "score": 0.9621726274490356
      }
    ]
  },
  {
    "source": "WSJ",
    "title": "CEOs Rush to Get Their Shipments From China While Trade Truce Lasts",
    "published": "2025-05-12",
    "inference_result": [
      {
        "label": "negative",
        "score": 0.4364699721336365
      }
    ]
  },
  {
    "source": "WSJ",
    "title": "What the U.S.-China Trade Agreement Means for Markets",
    "published": "2025-05-12",
    "inference_result": [
      {
        "label": "neutral",
        "score": 0.570402979850769
      }
    ]
  },
  {
    "source": "WSJ",
    "title": "China Tariff Rollback Unlikely to Boost Imports, Port of L.A. Chief Says",
    "published": "2025-05-12",
    "inference_result": [
      {
        "label": "positive",
        "score": 0.8115039467811584
      }
    ]
  },
  {
    "source": "WSJ",
    "title": "The Great Trump Tariff Rollback",
    "published": "2025-05-12",
    "inference_result": [
      {
        "label": "negative",
        "score": 0.5061107277870178
      }
    ]
  },
  {
    "source": "WSJ",
    "title": "Rest of Year Isn\u2019t Looking Good for Retail-Property Market",
    "published": "2025-05-12",
    "inference_result": [
      {
        "label": "negative",
        "score": 0.9686353802680969
      }
    ]
  },
  {
    "source": "WSJ",
    "title": "This Obscure New York Court Is Set to Decide Fate of Trump\u2019s Tariffs",
    "published": "2025-05-12",
    "inference_result": [
      {
        "label": "neutral",
        "score": 0.8869464993476868
      }
    ]
  },
  {
    "source": "WSJ",
    "title": "Mondrian Sells for $47.6 Million",
    "published": "2025-05-12",
    "inference_result": [
      {
        "label": "neutral",
        "score": 0.75432288646698
      }
    ]
  },
  {
    "source": "WSJ",
    "title": "How to Think About the Stock Market When Earnings Guidance Becomes Meaningless",
    "published": "2025-05-12",
    "inference_result": [
      {
        "label": "negative",
        "score": 0.959971010684967
      }
    ]
  },
  {
    "source": "WSJ",
    "title": "How to Think About the Stock Market When Earnings Guidance Becomes Meaningless",
    "published": "2025-05-12",
    "inference_result": [
      {
        "label": "negative",
        "score": 0.959971010684967
      }
    ]
  },
  {
    "source": "WSJ",
    "title": "Worried About the Economy, America\u2019s Small Businesses Are Reducing Investment and Hiring, Survey Shows",
    "published": "2025-05-12",
    "inference_result": [
      {
        "label": "negative",
        "score": 0.9640302062034607
      }
    ]
  },
  {
    "source": "WSJ",
    "title": "S&P 500 Turns Positive on Year For First Time Since February",
    "published": "2025-05-12",
    "inference_result": [
      {
        "label": "negative",
        "score": 0.912925124168396
      }
    ]
  },
  {
    "source": "WSJ",
    "title": "Are We Entering the Golden Age of Secondhand Shopping?",
    "published": "2025-05-12",
    "inference_result": [
      {
        "label": "neutral",
        "score": 0.7916586995124817
      }
    ]
  },
  {
    "source": "WSJ",
    "title": "Gold Gains on Inflation and U.S.-China Questions",
    "published": "2025-05-12",
    "inference_result": [
      {
        "label": "positive",
        "score": 0.9406963586807251
      }
    ]
  },
  {
    "source": "WSJ",
    "title": "Auto & Transport Roundup: Market Talk",
    "published": "2025-05-12",
    "inference_result": [
      {
        "label": "neutral",
        "score": 0.952477753162384
      }
    ]
  },
  {
    "source": "WSJ",
    "title": "Trump\u2019s High-Flying Persian Gulf Strategy",
    "published": "2025-05-12",
    "inference_result": [
      {
        "label": "neutral",
        "score": 0.793549120426178
      }
    ]
  },
  {
    "source": "WSJ",
    "title": "China\u2019s Rare Earths Aren\u2019t as Rare as You Think",
    "published": "2025-05-12",
    "inference_result": [
      {
        "label": "neutral",
        "score": 0.8571790456771851
      }
    ]
  },
  {
    "source": "WSJ",
    "title": "Trump\u2019s Family Is Rapidly Striking Business Deals in the Mideast",
    "published": "2025-05-12",
    "inference_result": [
      {
        "label": "neutral",
        "score": 0.6888918280601501
      }
    ]
  },
  {
    "source": "WSJ",
    "title": "Drugmakers Avoid Worst-Case Pricing Scenario for Now",
    "published": "2025-05-12",
    "inference_result": [
      {
        "label": "neutral",
        "score": 0.4964653253555298
      }
    ]
  },
  {
    "source": "WSJ",
    "title": "Trump Surprised and Sidelined Israel Ahead of Landmark Middle East Trip",
    "published": "2025-05-12",
    "inference_result": [
      {
        "label": "negative",
        "score": 0.7358292937278748
      }
    ]
  },
  {
    "source": "WSJ",
    "title": "Is Social Security an Exemplar of Efficiency?",
    "published": "2025-05-12",
    "inference_result": [
      {
        "label": "positive",
        "score": 0.7579025626182556
      }
    ]
  },
  {
    "source": "WSJ",
    "title": "How Trump Softened His Trade Rhetoric and Started a Search for Deals",
    "published": "2025-05-12",
    "inference_result": [
      {
        "label": "negative",
        "score": 0.5313677191734314
      }
    ]
  },
  {
    "source": "WSJ",
    "title": "NRG Buys 18 Natural-Gas Power Plants in Bet on Soaring Energy Demand",
    "published": "2025-05-12",
    "inference_result": [
      {
        "label": "positive",
        "score": 0.9377570152282715
      }
    ]
  },
  {
    "source": "WSJ",
    "title": "Republican Tax Plan Boosts SALT Deduction, Ends Green-Energy Breaks",
    "published": "2025-05-12",
    "inference_result": [
      {
        "label": "neutral",
        "score": 0.5987852811813354
      }
    ]
  },
  {
    "source": "WSJ",
    "title": "U.K. Plans to Tighten Rules After Record Influx of Migrants",
    "published": "2025-05-12",
    "inference_result": [
      {
        "label": "negative",
        "score": 0.9127707481384277
      }
    ]
  },
  {
    "source": "WSJ",
    "title": "U.K. Plans to Tighten Rules After Record Influx of Migrants",
    "published": "2025-05-12",
    "inference_result": [
      {
        "label": "negative",
        "score": 0.9127707481384277
      }
    ]
  }
]