[
  {
    "source": "WSJ",
    "title": "Wall Street Braces for Higher Metals Prices as Tariff War Intensifies",
    "published": "2025-03-28",
    "inference_result": [
      {
        "label": "positive",
        "score": 0.9231603145599365
      }
    ]
  },
  {
    "source": "WSJ",
    "title": "Wall Street Braces for Higher Metals Prices as Tariff War Intensifies",
    "published": "2025-03-28",
    "inference_result": [
      {
        "label": "positive",
        "score": 0.9231603145599365
      }
    ]
  },
  {
    "source": "WSJ",
    "title": "Wall Street Braces for Higher Metals Prices as Tariff War Intensifies",
    "published": "2025-03-28",
    "inference_result": [
      {
        "label": "positive",
        "score": 0.9231603145599365
      }
    ]
  }
]