[
  {
    "source": "WSJ",
    "title": "Logistics Startups Are Back in Demand as Companies Navigate Tariffs",
    "published": "2025-03-10",
    "inference_result": [
      {
        "label": "positive",
        "score": 0.8600994348526001
      }
    ]
  },
  {
    "source": "WSJ",
    "title": "Canada\u2019s New Leader Mark Carney Embodies Trump\u2019s Least Favorite Things",
    "published": "2025-03-10",
    "inference_result": [
      {
        "label": "neutral",
        "score": 0.7275035977363586
      }
    ]
  },
  {
    "source": "WSJ",
    "title": "Nasdaq Suffers Worst Day Since 2022; Investors Weigh Possible Recession",
    "published": "2025-03-10",
    "inference_result": [
      {
        "label": "negative",
        "score": 0.9239983558654785
      }
    ]
  },
  {
    "source": "WSJ",
    "title": "Puma Warns of Sluggish Sales Growth Amid Trade Wars, Currency Volatility",
    "published": "2025-03-10",
    "inference_result": [
      {
        "label": "positive",
        "score": 0.9435489773750305
      }
    ]
  },
  {
    "source": "WSJ",
    "title": "Made-in-U.S.A. Lumber Futures Are Coming to Wall Street",
    "published": "2025-03-10",
    "inference_result": [
      {
        "label": "neutral",
        "score": 0.7848578691482544
      }
    ]
  },
  {
    "source": "WSJ",
    "title": "Will There Be a Trump Recession?",
    "published": "2025-03-10",
    "inference_result": [
      {
        "label": "negative",
        "score": 0.5858820080757141
      }
    ]
  },
  {
    "source": "WSJ",
    "title": "Exclusive | Illumina to Cut $100 Million in Costs, Lowers Guidance Because of China Sales Ban",
    "published": "2025-03-10",
    "inference_result": [
      {
        "label": "negative",
        "score": 0.8502731919288635
      }
    ]
  },
  {
    "source": "WSJ",
    "title": "Has Canada Learned From Its Lost Decade?",
    "published": "2025-03-10",
    "inference_result": [
      {
        "label": "neutral",
        "score": 0.9138979315757751
      }
    ]
  },
  {
    "source": "WSJ",
    "title": "Made-in-U.S.A. Lumber Futures Are Coming to Wall Street",
    "published": "2025-03-10",
    "inference_result": [
      {
        "label": "neutral",
        "score": 0.7848578691482544
      }
    ]
  },
  {
    "source": "WSJ",
    "title": "The Trade War Will Pound Stocks",
    "published": "2025-03-10",
    "inference_result": [
      {
        "label": "negative",
        "score": 0.5761283040046692
      }
    ]
  },
  {
    "source": "WSJ",
    "title": "Busting a \u2018Trust Fund\u2019 Myth",
    "published": "2025-03-10",
    "inference_result": [
      {
        "label": "neutral",
        "score": 0.7612839341163635
      }
    ]
  },
  {
    "source": "WSJ",
    "title": "KPMG Shrinking Number of Country Units in Revamp of Global Structure",
    "published": "2025-03-10",
    "inference_result": [
      {
        "label": "neutral",
        "score": 0.8247054815292358
      }
    ]
  },
  {
    "source": "WSJ",
    "title": "Canada\u2019s New Leader Mark Carney Embodies Trump\u2019s Least Favorite Things",
    "published": "2025-03-10",
    "inference_result": [
      {
        "label": "neutral",
        "score": 0.7275035977363586
      }
    ]
  }
]