[
  {
    "source": "WSJ",
    "title": "The Score: UnitedHealth, Walmart, Coinbase Global and More Stocks That Moved on the Week\u2019s News",
    "published": "2025-05-16",
    "inference_result": [
      {
        "label": "neutral",
        "score": 0.9132109880447388
      }
    ]
  },
  {
    "source": "WSJ",
    "title": "Trade Progress Sparks Bullish Week for Wall Street",
    "published": "2025-05-16",
    "inference_result": [
      {
        "label": "positive",
        "score": 0.9153831601142883
      }
    ]
  },
  {
    "source": "WSJ",
    "title": "The Score: UnitedHealth, Walmart, Coinbase Global and More Stocks That Moved on the Week\u2019s News",
    "published": "2025-05-16",
    "inference_result": [
      {
        "label": "neutral",
        "score": 0.9132109880447388
      }
    ]
  },
  {
    "source": "WSJ",
    "title": "Consumer Sentiment Darkens Further With Inflation Worries Rising",
    "published": "2025-05-16",
    "inference_result": [
      {
        "label": "neutral",
        "score": 0.6685734391212463
      }
    ]
  },
  {
    "source": "WSJ",
    "title": "India Offers to Charge U.S. No Tariffs, Trump Says",
    "published": "2025-05-16",
    "inference_result": [
      {
        "label": "positive",
        "score": 0.5667625069618225
      }
    ]
  },
  {
    "source": "WSJ",
    "title": "The Trump Doctrine of the Deal",
    "published": "2025-05-16",
    "inference_result": [
      {
        "label": "neutral",
        "score": 0.8291042447090149
      }
    ]
  },
  {
    "source": "WSJ",
    "title": "EU Exports to U.S. Surge Ahead of Trump Tariffs",
    "published": "2025-05-16",
    "inference_result": [
      {
        "label": "positive",
        "score": 0.9031169414520264
      }
    ]
  },
  {
    "source": "WSJ",
    "title": "China Loosens Grip on Magnet Exports, Relieving Carmakers",
    "published": "2025-05-16",
    "inference_result": [
      {
        "label": "positive",
        "score": 0.5699223279953003
      }
    ]
  },
  {
    "source": "WSJ",
    "title": "The Tax Code Gets a MAGA Makeover",
    "published": "2025-05-16",
    "inference_result": [
      {
        "label": "neutral",
        "score": 0.7059412598609924
      }
    ]
  },
  {
    "source": "WSJ",
    "title": "The Tax Code Gets a MAGA Makeover",
    "published": "2025-05-16",
    "inference_result": [
      {
        "label": "neutral",
        "score": 0.7059412598609924
      }
    ]
  },
  {
    "source": "WSJ",
    "title": "Rep. Mike Lawler: Why I Won\u2019t Give In on the SALT Deduction",
    "published": "2025-05-16",
    "inference_result": [
      {
        "label": "neutral",
        "score": 0.6890133619308472
      }
    ]
  },
  {
    "source": "WSJ",
    "title": "For Luxury Brands, There Are No Replacements as China and the U.S. Falter",
    "published": "2025-05-16",
    "inference_result": [
      {
        "label": "neutral",
        "score": 0.6539446115493774
      }
    ]
  },
  {
    "source": "WSJ",
    "title": "Trump Attacks Walmart for Tariff-Related Price Increases",
    "published": "2025-05-16",
    "inference_result": [
      {
        "label": "negative",
        "score": 0.922258734703064
      }
    ]
  },
  {
    "source": "WSJ",
    "title": "New Jersey Commuters Get Mugged",
    "published": "2025-05-16",
    "inference_result": [
      {
        "label": "negative",
        "score": 0.9508860111236572
      }
    ]
  },
  {
    "source": "WSJ",
    "title": "A Big, Beautiful Detour for the GOP",
    "published": "2025-05-16",
    "inference_result": [
      {
        "label": "negative",
        "score": 0.9483868479728699
      }
    ]
  },
  {
    "source": "WSJ",
    "title": "Conservatives Block GOP Tax Megabill, Demand Changes",
    "published": "2025-05-16",
    "inference_result": [
      {
        "label": "positive",
        "score": 0.8641271591186523
      }
    ]
  },
  {
    "source": "WSJ",
    "title": "Broken Windows at the White House",
    "published": "2025-05-16",
    "inference_result": [
      {
        "label": "neutral",
        "score": 0.7220017910003662
      }
    ]
  },
  {
    "source": "WSJ",
    "title": "Swiss Re Posts Profit Beat Despite Softer Revenue",
    "published": "2025-05-16",
    "inference_result": [
      {
        "label": "positive",
        "score": 0.9533084034919739
      }
    ]
  },
  {
    "source": "WSJ",
    "title": "Paul A. Strassmann, World War II Resistance Fighter Turned Computer Guru, Dies at 96",
    "published": "2025-05-16",
    "inference_result": [
      {
        "label": "neutral",
        "score": 0.6400780081748962
      }
    ]
  },
  {
    "source": "WSJ",
    "title": "EU Seeks Feedback on Microsoft\u2019s Offer to End Teams Antitrust Investigation",
    "published": "2025-05-16",
    "inference_result": [
      {
        "label": "neutral",
        "score": 0.8061864376068115
      }
    ]
  },
  {
    "source": "WSJ",
    "title": "Trump Can End the World Bank\u2019s Climate Hypocrisy",
    "published": "2025-05-16",
    "inference_result": [
      {
        "label": "neutral",
        "score": 0.7841050028800964
      }
    ]
  }
]