[
  {
    "source": "WSJ",
    "title": "The Ditch-America Trade Now Has Its Own Acronym: ABUSA",
    "published": "2025-05-18",
    "inference_result": [
      {
        "label": "negative",
        "score": 0.9284318089485168
      }
    ]
  },
  {
    "source": "WSJ",
    "title": "Economic Uncertainty Justifies Fed Patience, Williams Says",
    "published": "2025-05-18",
    "inference_result": [
      {
        "label": "negative",
        "score": 0.8699274063110352
      }
    ]
  },
  {
    "source": "WSJ",
    "title": "China Fills the U.S. Void in the Americas",
    "published": "2025-05-18",
    "inference_result": [
      {
        "label": "neutral",
        "score": 0.717674195766449
      }
    ]
  },
  {
    "source": "WSJ",
    "title": "U.S. Drillers Say Peak Shale Has Arrived",
    "published": "2025-05-18",
    "inference_result": [
      {
        "label": "negative",
        "score": 0.9585019946098328
      }
    ]
  },
  {
    "source": "WSJ",
    "title": "Donald Trump Plays Walmart CEO",
    "published": "2025-05-18",
    "inference_result": [
      {
        "label": "negative",
        "score": 0.5957522988319397
      }
    ]
  },
  {
    "source": "WSJ",
    "title": "'Hits and Misses' incl. a gene-editing breakthrough, Vladimir Putin and Trump's tariff leftovers",
    "published": "2025-05-18",
    "inference_result": [
      {
        "label": "neutral",
        "score": 0.8809666037559509
      }
    ]
  },
  {
    "source": "WSJ",
    "title": "Just How Expensive Are Stocks After All the Ups and Downs? We Check the Math.",
    "published": "2025-05-18",
    "inference_result": [
      {
        "label": "neutral",
        "score": 0.9308438897132874
      }
    ]
  },
  {
    "source": "WSJ",
    "title": "International Paper Is on a Quest to Build a Better Cardboard Box",
    "published": "2025-05-18",
    "inference_result": [
      {
        "label": "neutral",
        "score": 0.8560056686401367
      }
    ]
  },
  {
    "source": "WSJ",
    "title": "Trump Sounds Upbeat on Ukraine Cease-Fire as Russia Unleashes Drone Barrage",
    "published": "2025-05-18",
    "inference_result": [
      {
        "label": "negative",
        "score": 0.9062502980232239
      }
    ]
  },
  {
    "source": "WSJ",
    "title": "Jamie Dimon\u2019s Would-Be Successors Audition for the Top Job at JPMorgan",
    "published": "2025-05-18",
    "inference_result": [
      {
        "label": "neutral",
        "score": 0.9347649812698364
      }
    ]
  },
  {
    "source": "WSJ",
    "title": "The Stark Math on the GOP Tax Plan: It Doesn\u2019t Cut the Deficit",
    "published": "2025-05-18",
    "inference_result": [
      {
        "label": "negative",
        "score": 0.958031177520752
      }
    ]
  },
  {
    "source": "WSJ",
    "title": "Democrats Find an Ally in Josh Hawley",
    "published": "2025-05-18",
    "inference_result": [
      {
        "label": "negative",
        "score": 0.5006609559059143
      }
    ]
  },
  {
    "source": "WSJ",
    "title": "Citi\u2019s Fraser Sees Broad Shift in Global Economy",
    "published": "2025-05-18",
    "inference_result": [
      {
        "label": "positive",
        "score": 0.4577583074569702
      }
    ]
  },
  {
    "source": "WSJ",
    "title": "WSJ Congressional Reporter on What\u2019s Next for Trump's 'Big, Beautiful Bill'",
    "published": "2025-05-18",
    "inference_result": [
      {
        "label": "neutral",
        "score": 0.7729150652885437
      }
    ]
  },
  {
    "source": "WSJ",
    "title": "How SALT Republicans Help Big Taxers",
    "published": "2025-05-18",
    "inference_result": [
      {
        "label": "neutral",
        "score": 0.6458098888397217
      }
    ]
  },
  {
    "source": "WSJ",
    "title": "Johnnie Walker Maker Diageo Expects Tariff Hit, But Sticks With Guidance",
    "published": "2025-05-18",
    "inference_result": [
      {
        "label": "positive",
        "score": 0.5135800242424011
      }
    ]
  },
  {
    "source": "WSJ",
    "title": "Trump Sounds Upbeat on Ukraine Cease-Fire as Russia Unleashes Drone Barrage",
    "published": "2025-05-18",
    "inference_result": [
      {
        "label": "negative",
        "score": 0.9062502980232239
      }
    ]
  },
  {
    "source": "WSJ",
    "title": "China\u2019s Economy Feels the Sting From Trade War",
    "published": "2025-05-18",
    "inference_result": [
      {
        "label": "negative",
        "score": 0.9274466037750244
      }
    ]
  },
  {
    "source": "WSJ",
    "title": "California\u2019s EV Mandate Faces Automakers Pushing Hard to Tank It - WSJ",
    "published": "2025-05-18",
    "inference_result": [
      {
        "label": "positive",
        "score": 0.4785117208957672
      }
    ]
  },
  {
    "source": "WSJ",
    "title": "International Paper Is on a Quest to Build a Better Cardboard Box",
    "published": "2025-05-18",
    "inference_result": [
      {
        "label": "neutral",
        "score": 0.8560056686401367
      }
    ]
  },
  {
    "source": "WSJ",
    "title": "Exclusive | Hamas Wanted to Torpedo Israel-Saudi Deal With Oct. 7 Attacks, Documents Reveal",
    "published": "2025-05-18",
    "inference_result": [
      {
        "label": "negative",
        "score": 0.872825562953949
      }
    ]
  },
  {
    "source": "WSJ",
    "title": "Trump Sounds Upbeat on Ukraine Cease-Fire as Russia Unleashes Drone Barrage",
    "published": "2025-05-18",
    "inference_result": [
      {
        "label": "negative",
        "score": 0.9062502980232239
      }
    ]
  },
  {
    "source": "WSJ",
    "title": "What Is Big Tech Trying to Hide?",
    "published": "2025-05-18",
    "inference_result": [
      {
        "label": "negative",
        "score": 0.6037328839302063
      }
    ]
  },
  {
    "source": "WSJ",
    "title": "Pope Leo Calls for a United Church at His Inauguration Mass",
    "published": "2025-05-18",
    "inference_result": [
      {
        "label": "neutral",
        "score": 0.8863961100578308
      }
    ]
  },
  {
    "source": "WSJ",
    "title": "Travelers Are Trying Their Hardest to Avoid Newark Airport",
    "published": "2025-05-18",
    "inference_result": [
      {
        "label": "negative",
        "score": 0.9488081932067871
      }
    ]
  },
  {
    "source": "WSJ",
    "title": "Severed Fingers and \u2018Wrench Attacks\u2019 Rattle the Crypto Elite",
    "published": "2025-05-18",
    "inference_result": [
      {
        "label": "negative",
        "score": 0.870186448097229
      }
    ]
  }
]