[
  {
    "source": "WSJ",
    "title": "On the Front Lines of the Trade War: How Customs Officers Screen for Prohibited Goods at U.S. Ports",
    "published": "2025-01-06",
    "inference_result": [
      {
        "label": "neutral",
        "score": 0.7071940302848816
      }
    ]
  },
  {
    "source": "WSJ",
    "title": "The Challenge for Made-in-America Bikes? Made-in-China Parts",
    "published": "2025-01-06",
    "inference_result": [
      {
        "label": "neutral",
        "score": 0.8834900259971619
      }
    ]
  },
  {
    "source": "WSJ",
    "title": "Data Centers Need to Look Beyond Green Energy, Siemens Executive Says",
    "published": "2025-01-06",
    "inference_result": [
      {
        "label": "negative",
        "score": 0.8495296239852905
      }
    ]
  },
  {
    "source": "WSJ",
    "title": "German Inflation Jumps Further Above ECB Target",
    "published": "2025-01-06",
    "inference_result": [
      {
        "label": "negative",
        "score": 0.9200251698493958
      }
    ]
  },
  {
    "source": "WSJ",
    "title": "The Challenge for Made-in-America Bikes? Made-in-China Parts",
    "published": "2025-01-06",
    "inference_result": [
      {
        "label": "neutral",
        "score": 0.8834900259971619
      }
    ]
  },
  {
    "source": "WSJ",
    "title": "Trudeau to Resign as Voters Sour on His Vision for Canada",
    "published": "2025-01-06",
    "inference_result": [
      {
        "label": "negative",
        "score": 0.6526946425437927
      }
    ]
  },
  {
    "source": "WSJ",
    "title": "The Case for Subsidizing Electric Vehicles",
    "published": "2025-01-06",
    "inference_result": [
      {
        "label": "neutral",
        "score": 0.886656641960144
      }
    ]
  },
  {
    "source": "WSJ",
    "title": "Trudeau to Resign as Voters Sour on His Vision for Canada",
    "published": "2025-01-06",
    "inference_result": [
      {
        "label": "negative",
        "score": 0.6526946425437927
      }
    ]
  },
  {
    "source": "WSJ",
    "title": "Far Right Gets Chance to Form Government in Austria",
    "published": "2025-01-06",
    "inference_result": [
      {
        "label": "negative",
        "score": 0.945068359375
      }
    ]
  },
  {
    "source": "WSJ",
    "title": "In 2025, Accounting Rulemaker to Explore Non-GAAP and R&D Spending",
    "published": "2025-01-06",
    "inference_result": [
      {
        "label": "neutral",
        "score": 0.9250249266624451
      }
    ]
  },
  {
    "source": "WSJ",
    "title": "ArcelorMittal South Africa to Wind Down Long-Steel Products Business",
    "published": "2025-01-06",
    "inference_result": [
      {
        "label": "negative",
        "score": 0.9483786225318909
      }
    ]
  },
  {
    "source": "WSJ",
    "title": "Trudeau to Resign as Voters Sour on His Vision for Canada",
    "published": "2025-01-06",
    "inference_result": [
      {
        "label": "negative",
        "score": 0.6526946425437927
      }
    ]
  },
  {
    "source": "WSJ",
    "title": "Netanyahu\u2019s Gift to Joe Biden",
    "published": "2025-01-06",
    "inference_result": [
      {
        "label": "neutral",
        "score": 0.45413076877593994
      }
    ]
  },
  {
    "source": "WSJ",
    "title": "Iran Pulls Most Forces From Syria, in Blow to Tehran\u2019s Regional Ambitions",
    "published": "2025-01-06",
    "inference_result": [
      {
        "label": "negative",
        "score": 0.8571669459342957
      }
    ]
  },
  {
    "source": "WSJ",
    "title": "Trump Can Keep America\u2019s AI Advantage",
    "published": "2025-01-06",
    "inference_result": [
      {
        "label": "positive",
        "score": 0.8046022057533264
      }
    ]
  },
  {
    "source": "WSJ",
    "title": "\u2018History in the House\u2019 Review: Oxford Revisited",
    "published": "2025-01-06",
    "inference_result": [
      {
        "label": "neutral",
        "score": 0.8905087113380432
      }
    ]
  },
  {
    "source": "WSJ",
    "title": "Trump Seeks to Cancel Hush-Money Sentencing",
    "published": "2025-01-06",
    "inference_result": [
      {
        "label": "neutral",
        "score": 0.728162944316864
      }
    ]
  }
]