[
  {
    "source": "WSJ",
    "title": "How Your Town Can Feel the Weight of the National Debt",
    "published": "2025-05-27",
    "inference_result": [
      {
        "label": "positive",
        "score": 0.847906768321991
      }
    ]
  },
  {
    "source": "WSJ",
    "title": "Stock Market News, May 28, 2025: Stock-Index Futures Rise After Court Strikes Down Trump's Tariffs",
    "published": "2025-05-27",
    "inference_result": [
      {
        "label": "positive",
        "score": 0.9099081754684448
      }
    ]
  },
  {
    "source": "WSJ",
    "title": "Tesla Misses Out on European EV Market Growth as Sales Halved Last Month",
    "published": "2025-05-27",
    "inference_result": [
      {
        "label": "neutral",
        "score": 0.4988788664340973
      }
    ]
  },
  {
    "source": "WSJ",
    "title": "First-Time Home Buyers Downsize Amid Tight Supply, High Interest Rates",
    "published": "2025-05-27",
    "inference_result": [
      {
        "label": "negative",
        "score": 0.6992120742797852
      }
    ]
  },
  {
    "source": "WSJ",
    "title": "Iran Takes Trump\u2019s Negotiators for a Ride",
    "published": "2025-05-27",
    "inference_result": [
      {
        "label": "negative",
        "score": 0.6713435649871826
      }
    ]
  },
  {
    "source": "WSJ",
    "title": "Trump Says Putin Is \u2018Playing With Fire\u2019",
    "published": "2025-05-27",
    "inference_result": [
      {
        "label": "negative",
        "score": 0.4346112012863159
      }
    ]
  },
  {
    "source": "WSJ",
    "title": "Stocks to Watch Tuesday: PDD, Trump Media, Tesla, Navitas",
    "published": "2025-05-27",
    "inference_result": [
      {
        "label": "positive",
        "score": 0.9457142353057861
      }
    ]
  },
  {
    "source": "WSJ",
    "title": "EU Gets Tariff Deadline Extension",
    "published": "2025-05-27",
    "inference_result": [
      {
        "label": "neutral",
        "score": 0.9140980839729309
      }
    ]
  },
  {
    "source": "WSJ",
    "title": "Swiss Watch Exports Jump in April Boosted by U.S. Frontloading",
    "published": "2025-05-27",
    "inference_result": [
      {
        "label": "neutral",
        "score": 0.8098571300506592
      }
    ]
  },
  {
    "source": "WSJ",
    "title": "Swiss Watch Exports Jump in April Boosted by U.S. Frontloading",
    "published": "2025-05-27",
    "inference_result": [
      {
        "label": "neutral",
        "score": 0.8098571300506592
      }
    ]
  },
  {
    "source": "WSJ",
    "title": "Temu Owner PDD\u2019s Profit Slides as Woes in the U.S. and China Sink In",
    "published": "2025-05-27",
    "inference_result": [
      {
        "label": "negative",
        "score": 0.9733554720878601
      }
    ]
  },
  {
    "source": "WSJ",
    "title": "King Charles Defends Canada\u2019s Sovereignty From Trump",
    "published": "2025-05-27",
    "inference_result": [
      {
        "label": "neutral",
        "score": 0.8236358165740967
      }
    ]
  },
  {
    "source": "WSJ",
    "title": "Carney Says Canada and U.S. Are in Talks on a New Economic and Security Deal",
    "published": "2025-05-27",
    "inference_result": [
      {
        "label": "positive",
        "score": 0.8977439403533936
      }
    ]
  },
  {
    "source": "WSJ",
    "title": "U.S. Tariffs, Competition in China Hit Temu Owner PDD",
    "published": "2025-05-27",
    "inference_result": [
      {
        "label": "negative",
        "score": 0.9750652313232422
      }
    ]
  },
  {
    "source": "WSJ",
    "title": "Global Markets Mostly Higher, Boosted by EU Tariff Delays",
    "published": "2025-05-27",
    "inference_result": [
      {
        "label": "negative",
        "score": 0.9560791850090027
      }
    ]
  },
  {
    "source": "WSJ",
    "title": "EU Agrees to Fast-Track Trade Talks With U.S.",
    "published": "2025-05-27",
    "inference_result": [
      {
        "label": "positive",
        "score": 0.9323062300682068
      }
    ]
  },
  {
    "source": "WSJ",
    "title": "Does the President Want to Fix Harvard or Destroy It?",
    "published": "2025-05-27",
    "inference_result": [
      {
        "label": "neutral",
        "score": 0.5188319087028503
      }
    ]
  },
  {
    "source": "WSJ",
    "title": "How SALT Pits the Rich vs. Poor in New York",
    "published": "2025-05-27",
    "inference_result": [
      {
        "label": "positive",
        "score": 0.614724338054657
      }
    ]
  },
  {
    "source": "WSJ",
    "title": "Does the President Want to Fix Harvard or Destroy It?",
    "published": "2025-05-27",
    "inference_result": [
      {
        "label": "neutral",
        "score": 0.5188319087028503
      }
    ]
  },
  {
    "source": "WSJ",
    "title": "Trump\u2019s Foreign Policy Crossroads",
    "published": "2025-05-27",
    "inference_result": [
      {
        "label": "neutral",
        "score": 0.8284584283828735
      }
    ]
  },
  {
    "source": "WSJ",
    "title": "Wall Street Bets the Worst of Trump\u2019s Trade War Is Behind It",
    "published": "2025-05-27",
    "inference_result": [
      {
        "label": "positive",
        "score": 0.8794865608215332
      }
    ]
  },
  {
    "source": "WSJ",
    "title": "Trump Says Putin Is \u2018Playing With Fire\u2019",
    "published": "2025-05-27",
    "inference_result": [
      {
        "label": "negative",
        "score": 0.4346112012863159
      }
    ]
  },
  {
    "source": "WSJ",
    "title": "First-Time Home Buyers Downsize Amid Tight Supply, High Interest Rates",
    "published": "2025-05-27",
    "inference_result": [
      {
        "label": "negative",
        "score": 0.6992120742797852
      }
    ]
  },
  {
    "source": "WSJ",
    "title": "Exclusive | Southwest Airlines Sets Fee for First Checked Bag at $35",
    "published": "2025-05-27",
    "inference_result": [
      {
        "label": "neutral",
        "score": 0.9260636568069458
      }
    ]
  }
]