[
  {
    "source": "WSJ",
    "title": "An Ex-Tesla Engineer Is Turning EVs Into Affordable Family Cars",
    "published": "2025-05-23",
    "inference_result": [
      {
        "label": "positive",
        "score": 0.8597497940063477
      }
    ]
  },
  {
    "source": "WSJ",
    "title": "Behind Xi\u2019s Strongman Image, a Demanding Father Always Loyal to the Party",
    "published": "2025-05-23",
    "inference_result": [
      {
        "label": "neutral",
        "score": 0.878162682056427
      }
    ]
  },
  {
    "source": "WSJ",
    "title": "Trump Wants to Remake the Sports World Too",
    "published": "2025-05-23",
    "inference_result": [
      {
        "label": "neutral",
        "score": 0.8926883935928345
      }
    ]
  },
  {
    "source": "WSJ",
    "title": "Trade Between the U.S. and EU Is Massive. We Break It Down.",
    "published": "2025-05-23",
    "inference_result": [
      {
        "label": "negative",
        "score": 0.914324164390564
      }
    ]
  },
  {
    "source": "WSJ",
    "title": "The Gut-Wrenching Play in Investing Right Now: Buy and Hold",
    "published": "2025-05-23",
    "inference_result": [
      {
        "label": "negative",
        "score": 0.958084762096405
      }
    ]
  },
  {
    "source": "WSJ",
    "title": "Undeterred by Tariffs, Meat Giant JBS Secures NYSE Listing Plan",
    "published": "2025-05-23",
    "inference_result": [
      {
        "label": "positive",
        "score": 0.49380579590797424
      }
    ]
  },
  {
    "source": "WSJ",
    "title": "Why Is Policy Making So Bad?",
    "published": "2025-05-23",
    "inference_result": [
      {
        "label": "neutral",
        "score": 0.8774784803390503
      }
    ]
  },
  {
    "source": "WSJ",
    "title": "Podcast: This CEO Says Global Trade Is Broken. What Comes Next?",
    "published": "2025-05-23",
    "inference_result": [
      {
        "label": "neutral",
        "score": 0.5003325343132019
      }
    ]
  },
  {
    "source": "WSJ",
    "title": "President Trump Threatens New Tariffs on the EU and Smartphones",
    "published": "2025-05-23",
    "inference_result": [
      {
        "label": "negative",
        "score": 0.7165475487709045
      }
    ]
  },
  {
    "source": "WSJ",
    "title": "Bond Market to Washington: We\u2019ll Make You Pay",
    "published": "2025-05-23",
    "inference_result": [
      {
        "label": "negative",
        "score": 0.9079045057296753
      }
    ]
  },
  {
    "source": "WSJ",
    "title": "Yes, You Have Too Much Money in That One Hot Stock",
    "published": "2025-05-23",
    "inference_result": [
      {
        "label": "negative",
        "score": 0.49362245202064514
      }
    ]
  },
  {
    "source": "WSJ",
    "title": "Apple CEO Tim Cook Called Texas Governor to Stop Online Child-Safety Legislation - WSJ",
    "published": "2025-05-23",
    "inference_result": [
      {
        "label": "neutral",
        "score": 0.5952708721160889
      }
    ]
  },
  {
    "source": "WSJ",
    "title": "The Wall Street Journal Google Your News Update",
    "published": "2025-05-23",
    "inference_result": [
      {
        "label": "negative",
        "score": 0.7165475487709045
      }
    ]
  },
  {
    "source": "WSJ",
    "title": "Trump\u2019s EU Threat Is a Reminder: Trade Deals With Big Exporters Will Be Grueling",
    "published": "2025-05-23",
    "inference_result": [
      {
        "label": "negative",
        "score": 0.46876490116119385
      }
    ]
  },
  {
    "source": "WSJ",
    "title": "Trump Threatens 50% Tariff on EU",
    "published": "2025-05-23",
    "inference_result": [
      {
        "label": "negative",
        "score": 0.8986116647720337
      }
    ]
  },
  {
    "source": "WSJ",
    "title": "Can Thatcherism Rise Again?",
    "published": "2025-05-23",
    "inference_result": [
      {
        "label": "neutral",
        "score": 0.5044279098510742
      }
    ]
  },
  {
    "source": "WSJ",
    "title": "Bessent Hopes Trump\u2019s Tariff Threat Will \u2018Light a Fire Under the EU\u2019",
    "published": "2025-05-23",
    "inference_result": [
      {
        "label": "neutral",
        "score": 0.9205932021141052
      }
    ]
  },
  {
    "source": "WSJ",
    "title": "Can Thatcherism Rise Again?",
    "published": "2025-05-23",
    "inference_result": [
      {
        "label": "neutral",
        "score": 0.5044279098510742
      }
    ]
  },
  {
    "source": "WSJ",
    "title": "What the Era of \u2018Sovereign AI\u2019 Means for Chip Makers",
    "published": "2025-05-23",
    "inference_result": [
      {
        "label": "neutral",
        "score": 0.8499265313148499
      }
    ]
  },
  {
    "source": "WSJ",
    "title": "The Key to the Allies\u2019 Success",
    "published": "2025-05-23",
    "inference_result": [
      {
        "label": "positive",
        "score": 0.9108439683914185
      }
    ]
  },
  {
    "source": "WSJ",
    "title": "Russia and Ukraine Begin Biggest Prisoner Swap of the War",
    "published": "2025-05-23",
    "inference_result": [
      {
        "label": "positive",
        "score": 0.8465093374252319
      }
    ]
  },
  {
    "source": "WSJ",
    "title": "Exclusive | U.S., Iran Aim for Framework to Guide Talks Toward Nuclear Deal",
    "published": "2025-05-23",
    "inference_result": [
      {
        "label": "negative",
        "score": 0.7437047958374023
      }
    ]
  },
  {
    "source": "WSJ",
    "title": "Trump\u2019s Grip on Republican Party Is as Strong as Ever",
    "published": "2025-05-23",
    "inference_result": [
      {
        "label": "neutral",
        "score": 0.6358614563941956
      }
    ]
  },
  {
    "source": "WSJ",
    "title": "Can Thatcherism Rise Again?",
    "published": "2025-05-23",
    "inference_result": [
      {
        "label": "neutral",
        "score": 0.5044279098510742
      }
    ]
  },
  {
    "source": "WSJ",
    "title": "An Ex-Tesla Engineer Is Turning EVs Into Affordable Family Cars",
    "published": "2025-05-23",
    "inference_result": [
      {
        "label": "positive",
        "score": 0.8597497940063477
      }
    ]
  },
  {
    "source": "WSJ",
    "title": "\u2018Patton\u2019: George C. Scott in an Epic of Potent Patriotism",
    "published": "2025-05-23",
    "inference_result": [
      {
        "label": "neutral",
        "score": 0.767981767654419
      }
    ]
  },
  {
    "source": "WSJ",
    "title": "Step Aside, Cary Grant and Steve McQueen. Our Hunt for a New Men\u2019s Style Icon.",
    "published": "2025-05-23",
    "inference_result": [
      {
        "label": "neutral",
        "score": 0.9003710150718689
      }
    ]
  }
]