[
  {
    "source": "WSJ",
    "title": "The Economy Is Still Fine. Americans Are Still Gloomy.",
    "published": "2025-02-26",
    "inference_result": [
      {
        "label": "negative",
        "score": 0.8524191379547119
      }
    ]
  },
  {
    "source": "WSJ",
    "title": "Eli Lilly Plans to Spend $27 Billion on New U.S. Plants",
    "published": "2025-02-26",
    "inference_result": [
      {
        "label": "positive",
        "score": 0.829826831817627
      }
    ]
  },
  {
    "source": "WSJ",
    "title": "T.J. Maxx Owner Expects More Growth as Off-Price Bucks Retail Slump",
    "published": "2025-02-26",
    "inference_result": [
      {
        "label": "positive",
        "score": 0.9519329071044922
      }
    ]
  },
  {
    "source": "WSJ",
    "title": "Tariffs Fracture Aluminum Industry: \u2018It\u2019s Going to Cost Me a Lot of Money\u2019",
    "published": "2025-02-26",
    "inference_result": [
      {
        "label": "negative",
        "score": 0.5315728187561035
      }
    ]
  },
  {
    "source": "WSJ",
    "title": "Eli Lilly Plans to Spend $27 Billion on New U.S. Plants",
    "published": "2025-02-26",
    "inference_result": [
      {
        "label": "positive",
        "score": 0.829826831817627
      }
    ]
  },
  {
    "source": "WSJ",
    "title": "EBRD Lowers Ukraine Growth Forecast as Russia Targets Electricity Network",
    "published": "2025-02-26",
    "inference_result": [
      {
        "label": "negative",
        "score": 0.9541386961936951
      }
    ]
  },
  {
    "source": "WSJ",
    "title": "Who\u2019s Afraid of Medicaid Reform?",
    "published": "2025-02-26",
    "inference_result": [
      {
        "label": "neutral",
        "score": 0.8358973860740662
      }
    ]
  },
  {
    "source": "WSJ",
    "title": "European Leaders Seek to Perfect the Art of Trump Whispering",
    "published": "2025-02-26",
    "inference_result": [
      {
        "label": "positive",
        "score": 0.7254189252853394
      }
    ]
  },
  {
    "source": "WSJ",
    "title": "Congress Can Repeal the Inflation Tax",
    "published": "2025-02-26",
    "inference_result": [
      {
        "label": "neutral",
        "score": 0.8461490273475647
      }
    ]
  },
  {
    "source": "WSJ",
    "title": "Two Views on the \u2018Myth of the Trade Deficit\u2019",
    "published": "2025-02-26",
    "inference_result": [
      {
        "label": "positive",
        "score": 0.7973416447639465
      }
    ]
  },
  {
    "source": "WSJ",
    "title": "U.S. and Ukraine Prepare to Sign Minerals Deal\u2014With Critical Details Unresolved",
    "published": "2025-02-26",
    "inference_result": [
      {
        "label": "neutral",
        "score": 0.9106334447860718
      }
    ]
  },
  {
    "source": "WSJ",
    "title": "The Economy Is Still Fine. Americans Are Still Gloomy.",
    "published": "2025-02-26",
    "inference_result": [
      {
        "label": "negative",
        "score": 0.8524191379547119
      }
    ]
  },
  {
    "source": "WSJ",
    "title": "Hamas Hands Over Four Bodies in Last Hostage Release of Current Cease-Fire Phase",
    "published": "2025-02-26",
    "inference_result": [
      {
        "label": "neutral",
        "score": 0.6199319958686829
      }
    ]
  },
  {
    "source": "WSJ",
    "title": "Evaluating Elites and MAGA Evangelicalism",
    "published": "2025-02-26",
    "inference_result": [
      {
        "label": "neutral",
        "score": 0.7356799840927124
      }
    ]
  },
  {
    "source": "WSJ",
    "title": "\u2018Paper, Color, Line: European Master Drawings From the Wadsworth Atheneum\u2019 Review: Dazzlers on Display",
    "published": "2025-02-26",
    "inference_result": [
      {
        "label": "neutral",
        "score": 0.9031129479408264
      }
    ]
  }
]