[
  {
    "source": "WSJ",
    "title": "Stocks Tumble After Trump Issues Fresh Tariff Threats Against EU, Apple",
    "published": "2025-05-22",
    "inference_result": [
      {
        "label": "neutral",
        "score": 0.8423888683319092
      }
    ]
  },
  {
    "source": "WSJ",
    "title": "Trump Says Tariffs on the European Union Will Start June 1",
    "published": "2025-05-22",
    "inference_result": [
      {
        "label": "neutral",
        "score": 0.7775051593780518
      }
    ]
  },
  {
    "source": "WSJ",
    "title": "Stock Market News, May 23, 2025: Trump Threatens EU With 50% Tariffs, Takes Aim at Apple; Nasdaq Drops",
    "published": "2025-05-22",
    "inference_result": [
      {
        "label": "negative",
        "score": 0.9457892775535583
      }
    ]
  },
  {
    "source": "WSJ",
    "title": "Stock Market News, May 23, 2025: Trump Threatens EU With 50% Tariffs, Takes Aim at Apple; Nasdaq Drops",
    "published": "2025-05-22",
    "inference_result": [
      {
        "label": "negative",
        "score": 0.9457892775535583
      }
    ]
  },
  {
    "source": "WSJ",
    "title": "Advance Auto Parts Maintains 2025 Outlook",
    "published": "2025-05-22",
    "inference_result": [
      {
        "label": "negative",
        "score": 0.9758604764938354
      }
    ]
  },
  {
    "source": "WSJ",
    "title": "Energy & Utilities Roundup: Market Talk",
    "published": "2025-05-22",
    "inference_result": [
      {
        "label": "neutral",
        "score": 0.9463415145874023
      }
    ]
  },
  {
    "source": "WSJ",
    "title": "The Big Beautiful Bill Isn\u2019t What\u2019s Driving Bond Yields Up",
    "published": "2025-05-22",
    "inference_result": [
      {
        "label": "neutral",
        "score": 0.8125928640365601
      }
    ]
  },
  {
    "source": "WSJ",
    "title": "BJ\u2019s Wholesale Club Results Strengthen, Backs FY25 Outlook",
    "published": "2025-05-22",
    "inference_result": [
      {
        "label": "positive",
        "score": 0.805688738822937
      }
    ]
  },
  {
    "source": "WSJ",
    "title": "Hinge Health Gains in Market Debut",
    "published": "2025-05-22",
    "inference_result": [
      {
        "label": "negative",
        "score": 0.6918652653694153
      }
    ]
  },
  {
    "source": "WSJ",
    "title": "China\u2019s BYD Outsells Tesla in Europe for First Time",
    "published": "2025-05-22",
    "inference_result": [
      {
        "label": "negative",
        "score": 0.9744526743888855
      }
    ]
  },
  {
    "source": "WSJ",
    "title": "Home Sales in April Fell for the Second Straight Month",
    "published": "2025-05-22",
    "inference_result": [
      {
        "label": "negative",
        "score": 0.4812881648540497
      }
    ]
  },
  {
    "source": "WSJ",
    "title": "Europe and Japan See Drops in Business Activity as U.S. Rebounds",
    "published": "2025-05-22",
    "inference_result": [
      {
        "label": "positive",
        "score": 0.5874130725860596
      }
    ]
  },
  {
    "source": "WSJ",
    "title": "Lenovo Well-Placed to Tackle Tariff Risks, CEO Says",
    "published": "2025-05-22",
    "inference_result": [
      {
        "label": "positive",
        "score": 0.7483733296394348
      }
    ]
  },
  {
    "source": "WSJ",
    "title": "TD Bank Quarterly Earnings Buoyed by Sale of Schwab Stake",
    "published": "2025-05-22",
    "inference_result": [
      {
        "label": "negative",
        "score": 0.8993378281593323
      }
    ]
  },
  {
    "source": "WSJ",
    "title": "Ralph Lauren to Raise Prices as Luxury Shoppers Keep Spending",
    "published": "2025-05-22",
    "inference_result": [
      {
        "label": "positive",
        "score": 0.9296748638153076
      }
    ]
  },
  {
    "source": "WSJ",
    "title": "Exclusive | Intuit Seeing Stable Environment for Consumers, Businesses While Tariffs Play Out",
    "published": "2025-05-22",
    "inference_result": [
      {
        "label": "positive",
        "score": 0.9539512991905212
      }
    ]
  },
  {
    "source": "WSJ",
    "title": "Ralph Lauren to Raise Prices as Luxury Shoppers Keep Spending",
    "published": "2025-05-22",
    "inference_result": [
      {
        "label": "positive",
        "score": 0.9296748638153076
      }
    ]
  },
  {
    "source": "WSJ",
    "title": "Japan\u2019s U.S. Exports Fell in April, With Tariff Effects Kicking In",
    "published": "2025-05-22",
    "inference_result": [
      {
        "label": "negative",
        "score": 0.9696022868156433
      }
    ]
  },
  {
    "source": "WSJ",
    "title": "Ralph Lauren to Pass Through Tariff Price Increases",
    "published": "2025-05-22",
    "inference_result": [
      {
        "label": "neutral",
        "score": 0.48634958267211914
      }
    ]
  },
  {
    "source": "WSJ",
    "title": "The Fortress That China Built for Its Battle With America",
    "published": "2025-05-22",
    "inference_result": [
      {
        "label": "positive",
        "score": 0.6515326499938965
      }
    ]
  },
  {
    "source": "WSJ",
    "title": "Can Thatcherism Rise Again?",
    "published": "2025-05-22",
    "inference_result": [
      {
        "label": "neutral",
        "score": 0.5044279098510742
      }
    ]
  },
  {
    "source": "WSJ",
    "title": "The Big Beautiful Bill Isn\u2019t What\u2019s Driving Bond Yields Up",
    "published": "2025-05-22",
    "inference_result": [
      {
        "label": "neutral",
        "score": 0.8125928640365601
      }
    ]
  },
  {
    "source": "WSJ",
    "title": "New York, SALT and the \u2018Donor State\u2019 Myth",
    "published": "2025-05-22",
    "inference_result": [
      {
        "label": "neutral",
        "score": 0.8983772993087769
      }
    ]
  },
  {
    "source": "WSJ",
    "title": "Save Us From the CBO",
    "published": "2025-05-22",
    "inference_result": [
      {
        "label": "neutral",
        "score": 0.8403509259223938
      }
    ]
  },
  {
    "source": "WSJ",
    "title": "Trump Floats 25% Tariff for Apple on Foreign-Made iPhones",
    "published": "2025-05-22",
    "inference_result": [
      {
        "label": "neutral",
        "score": 0.6630921959877014
      }
    ]
  },
  {
    "source": "WSJ",
    "title": "Germany Upgrades First-Quarter Growth on Manufacturing Strength Ahead of Tariffs",
    "published": "2025-05-22",
    "inference_result": [
      {
        "label": "positive",
        "score": 0.9572936296463013
      }
    ]
  },
  {
    "source": "WSJ",
    "title": "Trump Threatens Fresh Tariffs on EU, iPhones and Rival Devices",
    "published": "2025-05-22",
    "inference_result": [
      {
        "label": "positive",
        "score": 0.8420710563659668
      }
    ]
  },
  {
    "source": "WSJ",
    "title": "The Bond Market Is Waking Up to the Fiscal Mess in Washington",
    "published": "2025-05-22",
    "inference_result": [
      {
        "label": "negative",
        "score": 0.9179952144622803
      }
    ]
  },
  {
    "source": "WSJ",
    "title": "How a New $40,000 SALT Cap Would Affect Your Tax Bill",
    "published": "2025-05-22",
    "inference_result": [
      {
        "label": "positive",
        "score": 0.8700373768806458
      }
    ]
  },
  {
    "source": "WSJ",
    "title": "New York, SALT and the \u2018Donor State\u2019 Myth",
    "published": "2025-05-22",
    "inference_result": [
      {
        "label": "neutral",
        "score": 0.8983772993087769
      }
    ]
  },
  {
    "source": "WSJ",
    "title": "How the Senate Can Improve the House Tax and Budget Bill",
    "published": "2025-05-22",
    "inference_result": [
      {
        "label": "neutral",
        "score": 0.6971532106399536
      }
    ]
  },
  {
    "source": "WSJ",
    "title": "Global Finance Officials Gloss Over Trade Tensions at G-7 Summit",
    "published": "2025-05-22",
    "inference_result": [
      {
        "label": "neutral",
        "score": 0.8870493769645691
      }
    ]
  },
  {
    "source": "WSJ",
    "title": "Killing of Embassy Staffers Stokes Israeli Fears of Increasingly Hostile World",
    "published": "2025-05-22",
    "inference_result": [
      {
        "label": "negative",
        "score": 0.8794435858726501
      }
    ]
  },
  {
    "source": "WSJ",
    "title": "The Big Beautiful Bill Isn\u2019t What\u2019s Driving Bond Yields Up",
    "published": "2025-05-22",
    "inference_result": [
      {
        "label": "neutral",
        "score": 0.8125928640365601
      }
    ]
  },
  {
    "source": "WSJ",
    "title": "Federal Trade Commission Drops Pricing Lawsuit Against PepsiCo",
    "published": "2025-05-22",
    "inference_result": [
      {
        "label": "negative",
        "score": 0.8047460317611694
      }
    ]
  }
]