[
  {
    "source": "WSJ",
    "title": "A Bond Selloff Is Rocking the World. You Might Want to Take the Other Side.",
    "published": "2025-01-12",
    "inference_result": [
      {
        "label": "negative",
        "score": 0.8136401772499084
      }
    ]
  },
  {
    "source": "WSJ",
    "title": "Trudeau Promises \u2018Robust\u2019 Response After Trump\u2019s Tariff Pledge",
    "published": "2025-01-21",
    "inference_result": [
      {
        "label": "positive",
        "score": 0.81694495677948
      }
    ]
  },
  {
    "source": "WSJ",
    "title": "Investors Hope Earnings Season Can Revive Faltering Stock Rally",
    "published": "2025-01-12",
    "inference_result": [
      {
        "label": "positive",
        "score": 0.5532046556472778
      }
    ]
  },
  {
    "source": "WSJ",
    "title": "Investors Hope Earnings Season Can Revive Faltering Stock Rally",
    "published": "2025-01-12",
    "inference_result": [
      {
        "label": "positive",
        "score": 0.5532046556472778
      }
    ]
  },
  {
    "source": "WSJ",
    "title": "\u2018Power Metal\u2019 Review: The Dirty Work of Clean Energy",
    "published": "2025-01-12",
    "inference_result": [
      {
        "label": "neutral",
        "score": 0.5177339911460876
      }
    ]
  },
  {
    "source": "WSJ",
    "title": "Trump Speaks Truth to Wind Power",
    "published": "2025-01-12",
    "inference_result": [
      {
        "label": "neutral",
        "score": 0.8322502374649048
      }
    ]
  },
  {
    "source": "WSJ",
    "title": "The Uncertain Future of Two U.S. Border Towns That Thrived Off Trade",
    "published": "2025-01-12",
    "inference_result": [
      {
        "label": "negative",
        "score": 0.9366543292999268
      }
    ]
  },
  {
    "source": "WSJ",
    "title": "Trump\u2019s New Economist Makes the Case for 20% Tariffs",
    "published": "2025-01-12",
    "inference_result": [
      {
        "label": "neutral",
        "score": 0.7573065757751465
      }
    ]
  },
  {
    "source": "WSJ",
    "title": "Tulsi Gabbard\u2019s Confirmation Conversion on Section 702",
    "published": "2025-01-12",
    "inference_result": [
      {
        "label": "neutral",
        "score": 0.7684012651443481
      }
    ]
  },
  {
    "source": "WSJ",
    "title": "Publisher Almar Latour: A Report to Our Readers",
    "published": "2025-01-12",
    "inference_result": [
      {
        "label": "neutral",
        "score": 0.7899283170700073
      }
    ]
  },
  {
    "source": "WSJ",
    "title": "Diary of a Dead North Korean Soldier Reveals Grisly Battlefield Tactics",
    "published": "2025-01-12",
    "inference_result": [
      {
        "label": "negative",
        "score": 0.5012853741645813
      }
    ]
  }
]