[
  {
    "source": "WSJ",
    "title": "At NY Auto Show, Talk of Trump\u2019s Tariffs Is Inescapable",
    "published": "2025-04-18",
    "inference_result": [
      {
        "label": "neutral",
        "score": 0.909528911113739
      }
    ]
  },
  {
    "source": "WSJ",
    "title": "Ford Halts Shipments to China of F-150s and Other Vehicle Models to Avoid Latest Tariffs - WSJ",
    "published": "2025-04-18",
    "inference_result": [
      {
        "label": "positive",
        "score": 0.944706916809082
      }
    ]
  }
]