[
  {
    "source": "WSJ",
    "title": "Apple Could Stay in Penalty Box on AI Delays",
    "published": "2025-03-17",
    "inference_result": [
      {
        "label": "negative",
        "score": 0.8820585608482361
      }
    ]
  },
  {
    "source": "WSJ",
    "title": "UBS Braces for Most Complex Phase of Credit Suisse Integration",
    "published": "2025-03-17",
    "inference_result": [
      {
        "label": "positive",
        "score": 0.9035080671310425
      }
    ]
  },
  {
    "source": "WSJ",
    "title": "The GOP Takes a Left Turn",
    "published": "2025-03-17",
    "inference_result": [
      {
        "label": "neutral",
        "score": 0.8710487484931946
      }
    ]
  },
  {
    "source": "WSJ",
    "title": "Exclusive | Spain\u2019s Biggest Bank Is Making a Big Push in the U.S.",
    "published": "2025-03-17",
    "inference_result": [
      {
        "label": "positive",
        "score": 0.8109427690505981
      }
    ]
  },
  {
    "source": "WSJ",
    "title": "Trump Doesn\u2019t Faze Xi Jinping",
    "published": "2025-03-17",
    "inference_result": [
      {
        "label": "positive",
        "score": 0.914904773235321
      }
    ]
  },
  {
    "source": "WSJ",
    "title": "The GOP Takes a Left Turn",
    "published": "2025-03-17",
    "inference_result": [
      {
        "label": "neutral",
        "score": 0.8710487484931946
      }
    ]
  },
  {
    "source": "WSJ",
    "title": "The GOP Takes a Left Turn",
    "published": "2025-03-17",
    "inference_result": [
      {
        "label": "neutral",
        "score": 0.8710487484931946
      }
    ]
  },
  {
    "source": "WSJ",
    "title": "Exclusive | Bank of America Tightens Oversight of Junior Bankers\u2019 Hours",
    "published": "2025-03-17",
    "inference_result": [
      {
        "label": "negative",
        "score": 0.8162208795547485
      }
    ]
  },
  {
    "source": "WSJ",
    "title": "Retail Sales Edge Up in February but Miss Expectations",
    "published": "2025-03-17",
    "inference_result": [
      {
        "label": "negative",
        "score": 0.9676334857940674
      }
    ]
  },
  {
    "source": "WSJ",
    "title": "\u2018The Wars of the Lord\u2019 Review: A Faith in Conquest",
    "published": "2025-03-17",
    "inference_result": [
      {
        "label": "negative",
        "score": 0.4895683526992798
      }
    ]
  },
  {
    "source": "WSJ",
    "title": "Military Startups and Investors Adapt to Shifting U.S. Role in Ukraine",
    "published": "2025-03-17",
    "inference_result": [
      {
        "label": "negative",
        "score": 0.9519897103309631
      }
    ]
  },
  {
    "source": "WSJ",
    "title": "Israeli Strikes Kill Hundreds, Tipping Gaza Back Toward War",
    "published": "2025-03-17",
    "inference_result": [
      {
        "label": "negative",
        "score": 0.9007450342178345
      }
    ]
  },
  {
    "source": "WSJ",
    "title": "PepsiCo to Acquire Prebiotic Soda Brand Poppi for $1.95 Billion",
    "published": "2025-03-17",
    "inference_result": [
      {
        "label": "neutral",
        "score": 0.8353976607322693
      }
    ]
  },
  {
    "source": "WSJ",
    "title": "Congress, Let Trump Cut Tariffs",
    "published": "2025-03-17",
    "inference_result": [
      {
        "label": "neutral",
        "score": 0.8410196900367737
      }
    ]
  },
  {
    "source": "WSJ",
    "title": "Merit Pay Won\u2019t Correct Our Education Crisis",
    "published": "2025-03-17",
    "inference_result": [
      {
        "label": "neutral",
        "score": 0.8181416988372803
      }
    ]
  },
  {
    "source": "WSJ",
    "title": "Investors Were Confident Heading Into 2025. That Was a Bad Sign.",
    "published": "2025-03-17",
    "inference_result": [
      {
        "label": "negative",
        "score": 0.7220078110694885
      }
    ]
  }
]