[
  {
    "source": "WSJ",
    "title": "Why Making an All-American Product Is So Hard",
    "published": "2025-04-27",
    "inference_result": [
      {
        "label": "negative",
        "score": 0.9188345074653625
      }
    ]
  },
  {
    "source": "WSJ",
    "title": "China Quietly Exempts Some U.S.-Made Products From Tariffs",
    "published": "2025-04-27",
    "inference_result": [
      {
        "label": "negative",
        "score": 0.7477871775627136
      }
    ]
  },
  {
    "source": "WSJ",
    "title": "Trump\u2019s Tariffs Unite Professional Economists",
    "published": "2025-04-27",
    "inference_result": [
      {
        "label": "neutral",
        "score": 0.9154617786407471
      }
    ]
  }
]