[
  {
    "source": "WSJ",
    "title": "Trump Plans to Impose 25% Tariff on Imported Vehicles",
    "published": "2025-03-26",
    "inference_result": [
      {
        "label": "negative",
        "score": 0.7267244458198547
      }
    ]
  },
  {
    "source": "WSJ",
    "title": "Tariffs Won\u2019t Bring a Boom in American Manufacturing",
    "published": "2025-03-26",
    "inference_result": [
      {
        "label": "positive",
        "score": 0.8951762318611145
      }
    ]
  },
  {
    "source": "WSJ",
    "title": "Tariffs Won\u2019t Bring a Boom in American Manufacturing",
    "published": "2025-03-26",
    "inference_result": [
      {
        "label": "positive",
        "score": 0.8951762318611145
      }
    ]
  },
  {
    "source": "WSJ",
    "title": "How Carney Can Call a Bluff",
    "published": "2025-03-26",
    "inference_result": [
      {
        "label": "neutral",
        "score": 0.7762411832809448
      }
    ]
  }
]