[
  {
    "source": "WSJ",
    "title": "Trump Shouldn\u2019t Take Lee Kuan Yew\u2019s Cane Seriously",
    "published": "2025-02-20",
    "inference_result": [
      {
        "label": "negative",
        "score": 0.7115609645843506
      }
    ]
  },
  {
    "source": "WSJ",
    "title": "Trump\u2019s Myth of the Trade Deficit",
    "published": "2025-02-20",
    "inference_result": [
      {
        "label": "neutral",
        "score": 0.9058233499526978
      }
    ]
  },
  {
    "source": "WSJ",
    "title": "Walmart Warns of Slower Sales Gains After a Bumper Year",
    "published": "2025-02-20",
    "inference_result": [
      {
        "label": "positive",
        "score": 0.9485137462615967
      }
    ]
  },
  {
    "source": "WSJ",
    "title": "Schneider Electric Beats Market Views",
    "published": "2025-02-20",
    "inference_result": [
      {
        "label": "positive",
        "score": 0.9493774771690369
      }
    ]
  },
  {
    "source": "WSJ",
    "title": "Hasbro Expects Mild Sales Growth in 2025 as Tariffs Loom",
    "published": "2025-02-20",
    "inference_result": [
      {
        "label": "positive",
        "score": 0.933169960975647
      }
    ]
  },
  {
    "source": "WSJ",
    "title": "Airbus Sets Higher Plane Delivery Goal Despite Lingering Supply-Chain Hurdles",
    "published": "2025-02-20",
    "inference_result": [
      {
        "label": "positive",
        "score": 0.9453532099723816
      }
    ]
  },
  {
    "source": "WSJ",
    "title": "Newmont Alert to Cost Risks From Tariff-Fueled Currency Swings",
    "published": "2025-02-20",
    "inference_result": [
      {
        "label": "neutral",
        "score": 0.6475891470909119
      }
    ]
  },
  {
    "source": "WSJ",
    "title": "Canadian Trucker TFI Plans Move to the U.S.",
    "published": "2025-02-20",
    "inference_result": [
      {
        "label": "positive",
        "score": 0.8397079110145569
      }
    ]
  },
  {
    "source": "WSJ",
    "title": "Trump\u2019s Myth of the Trade Deficit",
    "published": "2025-02-20",
    "inference_result": [
      {
        "label": "neutral",
        "score": 0.9058233499526978
      }
    ]
  },
  {
    "source": "WSJ",
    "title": "Russia\u2019s Advance in Ukraine Is Slowing. Here\u2019s What\u2019s Happening and Why.",
    "published": "2025-02-20",
    "inference_result": [
      {
        "label": "neutral",
        "score": 0.8918929100036621
      }
    ]
  },
  {
    "source": "WSJ",
    "title": "Trump\u2019s Myth of the Trade Deficit",
    "published": "2025-02-20",
    "inference_result": [
      {
        "label": "neutral",
        "score": 0.9058233499526978
      }
    ]
  },
  {
    "source": "WSJ",
    "title": "Washington\u2019s Embrace of Putin Aims to Drive Wedge Between Moscow and Beijing",
    "published": "2025-02-20",
    "inference_result": [
      {
        "label": "negative",
        "score": 0.6040813326835632
      }
    ]
  },
  {
    "source": "WSJ",
    "title": "Xi Is Trying to Secure the Devotion of China\u2019s Military",
    "published": "2025-02-20",
    "inference_result": [
      {
        "label": "neutral",
        "score": 0.9064083695411682
      }
    ]
  },
  {
    "source": "WSJ",
    "title": "Dark Clouds Over the German Election",
    "published": "2025-02-20",
    "inference_result": [
      {
        "label": "negative",
        "score": 0.6828457117080688
      }
    ]
  },
  {
    "source": "WSJ",
    "title": "Dark Clouds Over the German Election",
    "published": "2025-02-20",
    "inference_result": [
      {
        "label": "negative",
        "score": 0.6828457117080688
      }
    ]
  },
  {
    "source": "WSJ",
    "title": "IRS Begins to Fire 6,000 Workers, Threatening Tax-Season Delays",
    "published": "2025-02-20",
    "inference_result": [
      {
        "label": "negative",
        "score": 0.688826322555542
      }
    ]
  },
  {
    "source": "WSJ",
    "title": "How Tariffs Could Shock America\u2019s Power System",
    "published": "2025-02-20",
    "inference_result": [
      {
        "label": "negative",
        "score": 0.917633593082428
      }
    ]
  },
  {
    "source": "WSJ",
    "title": "Birkenstock\u2019s Revenue Rises on Strong Holiday Period",
    "published": "2025-02-20",
    "inference_result": [
      {
        "label": "positive",
        "score": 0.8577354550361633
      }
    ]
  },
  {
    "source": "WSJ",
    "title": "The American Who Went Undercover in Ukraine\u2014for Moscow",
    "published": "2025-02-20",
    "inference_result": [
      {
        "label": "neutral",
        "score": 0.8188214302062988
      }
    ]
  },
  {
    "source": "WSJ",
    "title": "Trump Shouldn\u2019t Take Lee Kuan Yew\u2019s Cane Seriously",
    "published": "2025-02-20",
    "inference_result": [
      {
        "label": "negative",
        "score": 0.7115609645843506
      }
    ]
  },
  {
    "source": "WSJ",
    "title": "Why Germany\u2019s Confidence Is Shattered and Its Economy Is Kaput",
    "published": "2025-02-20",
    "inference_result": [
      {
        "label": "negative",
        "score": 0.956106960773468
      }
    ]
  },
  {
    "source": "WSJ",
    "title": "Smaller Menus, Better Vibes: How Starbucks\u2019s CEO Is Shaking Up the Brand",
    "published": "2025-02-20",
    "inference_result": [
      {
        "label": "positive",
        "score": 0.8825151920318604
      }
    ]
  }
]