[
  {
    "source": "WSJ",
    "title": "Canada\u2019s Election Challenges Trump\u2019s Theory of Trade War",
    "published": "2025-04-28",
    "inference_result": [
      {
        "label": "neutral",
        "score": 0.8923979997634888
      }
    ]
  },
  {
    "source": "WSJ",
    "title": "Trump Softens Blow of Automotive Tariffs",
    "published": "2025-04-28",
    "inference_result": [
      {
        "label": "neutral",
        "score": 0.9091330766677856
      }
    ]
  },
  {
    "source": "WSJ",
    "title": "Trump Badmouthed Chicago but Scooped Up Its Bonds",
    "published": "2025-04-28",
    "inference_result": [
      {
        "label": "neutral",
        "score": 0.9398603439331055
      }
    ]
  },
  {
    "source": "WSJ",
    "title": "Dow Rises 300 Points After Commerce Secretary Hints at Trade Progress",
    "published": "2025-04-28",
    "inference_result": [
      {
        "label": "negative",
        "score": 0.9711200594902039
      }
    ]
  },
  {
    "source": "WSJ",
    "title": "Spanish Economy Keeps Growing But Tariffs Set to Drag Momentum",
    "published": "2025-04-28",
    "inference_result": [
      {
        "label": "negative",
        "score": 0.9638317227363586
      }
    ]
  },
  {
    "source": "WSJ",
    "title": "Hassett Says \u2018Multiple\u2019 Tariff Deals Are Close",
    "published": "2025-04-28",
    "inference_result": [
      {
        "label": "positive",
        "score": 0.5177326202392578
      }
    ]
  },
  {
    "source": "WSJ",
    "title": "Nucor Says Tariffs Aren\u2019t Hurting Steel Orders",
    "published": "2025-04-28",
    "inference_result": [
      {
        "label": "positive",
        "score": 0.9041922092437744
      }
    ]
  },
  {
    "source": "WSJ",
    "title": "Key Econ Data Releases Will Hint at Tariffs\u2019 Effects\u2014With Caveats",
    "published": "2025-04-28",
    "inference_result": [
      {
        "label": "neutral",
        "score": 0.8446820378303528
      }
    ]
  },
  {
    "source": "WSJ",
    "title": "U.S. Retail Giants Have Kept Prices Low. But How Long Can It Last?",
    "published": "2025-04-28",
    "inference_result": [
      {
        "label": "negative",
        "score": 0.7579817175865173
      }
    ]
  },
  {
    "source": "WSJ",
    "title": "Trump Signed Auto-Tariffs Executive Order on Air Force One, Kevin Hassett Says",
    "published": "2025-04-28",
    "inference_result": [
      {
        "label": "negative",
        "score": 0.4811106026172638
      }
    ]
  },
  {
    "source": "WSJ",
    "title": "Commodity Prices Set to Tumble as Tariffs Slow Global Economy",
    "published": "2025-04-28",
    "inference_result": [
      {
        "label": "negative",
        "score": 0.9649103283882141
      }
    ]
  },
  {
    "source": "WSJ",
    "title": "Trump Floats Improbable Income-Tax Cut Tied to Tariffs",
    "published": "2025-04-28",
    "inference_result": [
      {
        "label": "neutral",
        "score": 0.5306313037872314
      }
    ]
  },
  {
    "source": "WSJ",
    "title": "Porsche and Volvo Cars Skid on Auto Tariffs",
    "published": "2025-04-28",
    "inference_result": [
      {
        "label": "positive",
        "score": 0.5429635047912598
      }
    ]
  },
  {
    "source": "WSJ",
    "title": "Spanish Economy Keeps Growing But Tariffs Set to Drag Momentum",
    "published": "2025-04-28",
    "inference_result": [
      {
        "label": "negative",
        "score": 0.9638317227363586
      }
    ]
  },
  {
    "source": "WSJ",
    "title": "At 100 Days, Trump 2.0 Is in Trouble",
    "published": "2025-04-28",
    "inference_result": [
      {
        "label": "negative",
        "score": 0.9459892511367798
      }
    ]
  },
  {
    "source": "WSJ",
    "title": "Volvo Car Pulls Guidance, Launches Plan to Soften Tariff Blow",
    "published": "2025-04-28",
    "inference_result": [
      {
        "label": "negative",
        "score": 0.9610288143157959
      }
    ]
  },
  {
    "source": "WSJ",
    "title": "Tariffs Cut Both Ways for U.S. Upholstery Manufacturers",
    "published": "2025-04-28",
    "inference_result": [
      {
        "label": "negative",
        "score": 0.8910460472106934
      }
    ]
  }
]