[
  {
    "source": "WSJ",
    "title": "What\u2019s News: Business & Finance",
    "published": "2025-01-27",
    "inference_result": [
      {
        "label": "negative",
        "score": 0.9676066637039185
      }
    ]
  },
  {
    "source": "WSJ",
    "title": "Germany\u2019s Economic Model Is Broken, and No One Has a Plan B",
    "published": "2025-01-27",
    "inference_result": [
      {
        "label": "negative",
        "score": 0.8798145055770874
      }
    ]
  },
  {
    "source": "WSJ",
    "title": "Senate Confirms Scott Bessent as Treasury Secretary",
    "published": "2025-01-27",
    "inference_result": [
      {
        "label": "neutral",
        "score": 0.9198123812675476
      }
    ]
  },
  {
    "source": "WSJ",
    "title": "Trump Keeps Davos Man off Balance",
    "published": "2025-01-27",
    "inference_result": [
      {
        "label": "positive",
        "score": 0.6423333883285522
      }
    ]
  },
  {
    "source": "WSJ",
    "title": "The DeepSeek AI Freakout",
    "published": "2025-01-27",
    "inference_result": [
      {
        "label": "negative",
        "score": 0.8653525114059448
      }
    ]
  },
  {
    "source": "WSJ",
    "title": "A Critical Look at Trump\u2019s Economic Plans",
    "published": "2025-01-27",
    "inference_result": [
      {
        "label": "negative",
        "score": 0.8229116201400757
      }
    ]
  },
  {
    "source": "WSJ",
    "title": "The New Weapon Against China\u2019s Mineral Dominance: Plants",
    "published": "2025-01-27",
    "inference_result": [
      {
        "label": "neutral",
        "score": 0.6109308004379272
      }
    ]
  },
  {
    "source": "WSJ",
    "title": "A Critical Look at Trump\u2019s Economic Plans",
    "published": "2025-01-27",
    "inference_result": [
      {
        "label": "negative",
        "score": 0.8229116201400757
      }
    ]
  },
  {
    "source": "WSJ",
    "title": "Germany\u2019s Economic Model Is Broken, and No One Has a Plan B",
    "published": "2025-01-27",
    "inference_result": [
      {
        "label": "negative",
        "score": 0.8798145055770874
      }
    ]
  },
  {
    "source": "WSJ",
    "title": "What Six Families Took With Them as They Fled Los Angeles Fires",
    "published": "2025-01-27",
    "inference_result": [
      {
        "label": "neutral",
        "score": 0.9155042767524719
      }
    ]
  },
  {
    "source": "WSJ",
    "title": "Catholic Schools and Jewish Rye",
    "published": "2025-01-27",
    "inference_result": [
      {
        "label": "neutral",
        "score": 0.9133737087249756
      }
    ]
  },
  {
    "source": "WSJ",
    "title": "Arabica Coffee Prices Hit New High on U.S., Colombia Tariff Spat",
    "published": "2025-01-27",
    "inference_result": [
      {
        "label": "positive",
        "score": 0.8060021996498108
      }
    ]
  },
  {
    "source": "WSJ",
    "title": "New Voters Could Shake Up Fed Meetings This Year",
    "published": "2025-01-27",
    "inference_result": [
      {
        "label": "negative",
        "score": 0.9197906255722046
      }
    ]
  },
  {
    "source": "WSJ",
    "title": "MGM Agrees to Pay $45 Million to Settle Data-Breach Lawsuit",
    "published": "2025-01-27",
    "inference_result": [
      {
        "label": "negative",
        "score": 0.8660966157913208
      }
    ]
  },
  {
    "source": "WSJ",
    "title": "Lessons From My Father\u2019s Long, Good Life",
    "published": "2025-01-27",
    "inference_result": [
      {
        "label": "neutral",
        "score": 0.8863279223442078
      }
    ]
  }
]