[
  {
    "source": "WSJ",
    "title": "The Score: UnitedHealth, Intel, Walmart and More Stocks That Defined the Week",
    "published": "2025-02-21",
    "inference_result": [
      {
        "label": "neutral",
        "score": 0.9132109880447388
      }
    ]
  },
  {
    "source": "WSJ",
    "title": "After 150 Years of Friendship, the U.S. and Canada Come to Blows",
    "published": "2025-02-21",
    "inference_result": [
      {
        "label": "negative",
        "score": 0.908129096031189
      }
    ]
  },
  {
    "source": "WSJ",
    "title": "Trump Should Opt for Jefferson Over Jackson",
    "published": "2025-02-21",
    "inference_result": [
      {
        "label": "neutral",
        "score": 0.9235007762908936
      }
    ]
  },
  {
    "source": "WSJ",
    "title": "Private Equity Sees Deal Pipelines Filling In as Year Begins",
    "published": "2025-02-21",
    "inference_result": [
      {
        "label": "positive",
        "score": 0.9287728667259216
      }
    ]
  },
  {
    "source": "WSJ",
    "title": "\u2018Chokepoints\u2019 Review: The Dollar on Defense",
    "published": "2025-02-21",
    "inference_result": [
      {
        "label": "neutral",
        "score": 0.8180874586105347
      }
    ]
  },
  {
    "source": "WSJ",
    "title": "After 150 Years of Friendship, the U.S. and Canada Come to Blows",
    "published": "2025-02-21",
    "inference_result": [
      {
        "label": "negative",
        "score": 0.908129096031189
      }
    ]
  },
  {
    "source": "WSJ",
    "title": "Hockey\u2019s Spectacular Night Ends With an Overtime Thriller\u2014and Canada\u2019s Cold Revenge",
    "published": "2025-02-21",
    "inference_result": [
      {
        "label": "neutral",
        "score": 0.8563289046287537
      }
    ]
  },
  {
    "source": "WSJ",
    "title": "U.S. Consumer Confidence Falls Back on Fears of Tariff-Induced Price Increases",
    "published": "2025-02-21",
    "inference_result": [
      {
        "label": "positive",
        "score": 0.9343203902244568
      }
    ]
  },
  {
    "source": "WSJ",
    "title": "\u2018Chokepoints\u2019 Review: The Dollar on Defense",
    "published": "2025-02-21",
    "inference_result": [
      {
        "label": "neutral",
        "score": 0.8180874586105347
      }
    ]
  },
  {
    "source": "WSJ",
    "title": "Washington\u2019s Embrace of Putin Aims to Drive Wedge Between Moscow and Beijing",
    "published": "2025-02-21",
    "inference_result": [
      {
        "label": "negative",
        "score": 0.6040813326835632
      }
    ]
  },
  {
    "source": "WSJ",
    "title": "U.S. Pushes Kyiv to Kill Its U.N. Resolution Marking War\u2019s Anniversary",
    "published": "2025-02-21",
    "inference_result": [
      {
        "label": "negative",
        "score": 0.6166833639144897
      }
    ]
  },
  {
    "source": "WSJ",
    "title": "After 150 Years of Friendship, the U.S. and Canada Come to Blows",
    "published": "2025-02-21",
    "inference_result": [
      {
        "label": "negative",
        "score": 0.908129096031189
      }
    ]
  },
  {
    "source": "WSJ",
    "title": "Can This Developer Make West Palm Beach Into the Hottest City in America?",
    "published": "2025-02-21",
    "inference_result": [
      {
        "label": "neutral",
        "score": 0.8549248576164246
      }
    ]
  },
  {
    "source": "WSJ",
    "title": "Debt Has Always Been the Ruin of Great Powers. Is the U.S. Next?",
    "published": "2025-02-21",
    "inference_result": [
      {
        "label": "neutral",
        "score": 0.8647707104682922
      }
    ]
  },
  {
    "source": "WSJ",
    "title": "White House and Ukraine Close In on Deal for Mineral Rights",
    "published": "2025-02-21",
    "inference_result": [
      {
        "label": "positive",
        "score": 0.9381548166275024
      }
    ]
  },
  {
    "source": "WSJ",
    "title": "Russia Wants to Erase Ukraine\u2019s Future\u2014and Its Past",
    "published": "2025-02-21",
    "inference_result": [
      {
        "label": "negative",
        "score": 0.6072738766670227
      }
    ]
  },
  {
    "source": "WSJ",
    "title": "Trump Fires Top Pentagon Officers in Sweeping Overhaul",
    "published": "2025-02-21",
    "inference_result": [
      {
        "label": "neutral",
        "score": 0.9268417954444885
      }
    ]
  },
  {
    "source": "WSJ",
    "title": "The Weight of Trump\u2019s Agenda Sits on Mike Johnson\u2019s Shoulders",
    "published": "2025-02-21",
    "inference_result": [
      {
        "label": "negative",
        "score": 0.780305802822113
      }
    ]
  },
  {
    "source": "WSJ",
    "title": "Cruise Ship Food Doesn\u2019t Stink Anymore. Here\u2019s How That Happened.",
    "published": "2025-02-21",
    "inference_result": [
      {
        "label": "neutral",
        "score": 0.9148285388946533
      }
    ]
  }
]