[
  {
    "source": "WSJ",
    "title": "Trump Meets With GOP Leaders to Map Out Congressional Path",
    "published": "2025-01-21",
    "inference_result": [
      {
        "label": "neutral",
        "score": 0.6779472827911377
      }
    ]
  },
  {
    "source": "WSJ",
    "title": "CEOs Launch War Rooms, Hotlines to Cope With Trump\u2019s Order Blitz",
    "published": "2025-01-21",
    "inference_result": [
      {
        "label": "neutral",
        "score": 0.3749842941761017
      }
    ]
  },
  {
    "source": "WSJ",
    "title": "Prologis Sees Warehouse Leasing Picking Up Since Election",
    "published": "2025-01-21",
    "inference_result": [
      {
        "label": "positive",
        "score": 0.5520734190940857
      }
    ]
  },
  {
    "source": "WSJ",
    "title": "Prologis Sees Warehouse Leasing Picking Up Since Election",
    "published": "2025-01-21",
    "inference_result": [
      {
        "label": "positive",
        "score": 0.5520734190940857
      }
    ]
  },
  {
    "source": "WSJ",
    "title": "D.R. Horton Clears Wall Street\u2019s Estimates Despite Fewer Closings",
    "published": "2025-01-21",
    "inference_result": [
      {
        "label": "positive",
        "score": 0.8630951046943665
      }
    ]
  },
  {
    "source": "WSJ",
    "title": "Putin and Xi Stick Together in Video Call After Trump\u2019s Inauguration",
    "published": "2025-01-21",
    "inference_result": [
      {
        "label": "positive",
        "score": 0.9078678488731384
      }
    ]
  },
  {
    "source": "WSJ",
    "title": "German Economic Hopes Slump Amid Uncertainty at Home and Abroad",
    "published": "2025-01-21",
    "inference_result": [
      {
        "label": "negative",
        "score": 0.8328487277030945
      }
    ]
  },
  {
    "source": "WSJ",
    "title": "Dollar, Bitcoin, Treasury Yields Ease as Investors Weigh Trump\u2019s Approach to Tariffs",
    "published": "2025-01-21",
    "inference_result": [
      {
        "label": "negative",
        "score": 0.4454554319381714
      }
    ]
  },
  {
    "source": "WSJ",
    "title": "Trump Tariff Uncertainty Drives Currency Roller Coaster",
    "published": "2025-01-21",
    "inference_result": [
      {
        "label": "neutral",
        "score": 0.4664427936077118
      }
    ]
  },
  {
    "source": "WSJ",
    "title": "Trump Threatens Sanctions, Tariffs on Russia if Putin Won\u2019t End War in Ukraine",
    "published": "2025-01-21",
    "inference_result": [
      {
        "label": "positive",
        "score": 0.7503259181976318
      }
    ]
  },
  {
    "source": "WSJ",
    "title": "They Cared for Each Other Into Their 80s. Then He Shot Her and Killed Himself.",
    "published": "2025-01-21",
    "inference_result": [
      {
        "label": "neutral",
        "score": 0.5185696482658386
      }
    ]
  },
  {
    "source": "WSJ",
    "title": "They Cared for Each Other Into Their 80s. Then He Shot Her and Killed Himself.",
    "published": "2025-01-21",
    "inference_result": [
      {
        "label": "neutral",
        "score": 0.5185696482658386
      }
    ]
  },
  {
    "source": "WSJ",
    "title": "The End of the Global Tax Affair",
    "published": "2025-01-21",
    "inference_result": [
      {
        "label": "negative",
        "score": 0.8406721353530884
      }
    ]
  },
  {
    "source": "WSJ",
    "title": "Israel\u2019s Military Chief Resigns",
    "published": "2025-01-21",
    "inference_result": [
      {
        "label": "negative",
        "score": 0.9087991714477539
      }
    ]
  },
  {
    "source": "WSJ",
    "title": "Biden Leaves With an Uncertain Economic Legacy. Not So in This Indiana Town.",
    "published": "2025-01-21",
    "inference_result": [
      {
        "label": "negative",
        "score": 0.4830426871776581
      }
    ]
  },
  {
    "source": "WSJ",
    "title": "Biden Leaves With an Uncertain Economic Legacy. Not So in This Indiana Town.",
    "published": "2025-01-21",
    "inference_result": [
      {
        "label": "negative",
        "score": 0.4830426871776581
      }
    ]
  },
  {
    "source": "WSJ",
    "title": "Pentagon Plans for Bigger U.S. Troop Role at Border",
    "published": "2025-01-21",
    "inference_result": [
      {
        "label": "negative",
        "score": 0.48565971851348877
      }
    ]
  },
  {
    "source": "WSJ",
    "title": "These Frequent Fliers Are Done With Loyalty Programs",
    "published": "2025-01-21",
    "inference_result": [
      {
        "label": "neutral",
        "score": 0.8829094171524048
      }
    ]
  }
]