[
  {
    "source": "WSJ",
    "title": "Corrections & Amplifications",
    "published": "2025-02-27",
    "inference_result": [
      {
        "label": "negative",
        "score": 0.8860247731208801
      }
    ]
  },
  {
    "source": "WSJ",
    "title": "Trump Plans Another 10% Tariff on Products From China",
    "published": "2025-02-27",
    "inference_result": [
      {
        "label": "neutral",
        "score": 0.6021643280982971
      }
    ]
  },
  {
    "source": "WSJ",
    "title": "Reciprocal Tariffs Only Cause Reciprocal Pain",
    "published": "2025-02-27",
    "inference_result": [
      {
        "label": "negative",
        "score": 0.7464009523391724
      }
    ]
  },
  {
    "source": "WSJ",
    "title": "Trump Plans Another 10% Tariff on Products From China",
    "published": "2025-02-27",
    "inference_result": [
      {
        "label": "neutral",
        "score": 0.6021643280982971
      }
    ]
  },
  {
    "source": "WSJ",
    "title": "HP to Trim Up to 2,000 More Jobs in Expanded Cost-Cutting Push",
    "published": "2025-02-27",
    "inference_result": [
      {
        "label": "positive",
        "score": 0.6684525012969971
      }
    ]
  },
  {
    "source": "WSJ",
    "title": "Tokyo\u2019s Slowing Consumer Inflation Cools BOJ Rate Increase Expectations",
    "published": "2025-02-27",
    "inference_result": [
      {
        "label": "positive",
        "score": 0.9528115391731262
      }
    ]
  },
  {
    "source": "WSJ",
    "title": "Trump Sounds Warmer Tone on Ukraine but Stops Short of Security Guarantees",
    "published": "2025-02-27",
    "inference_result": [
      {
        "label": "neutral",
        "score": 0.5923126935958862
      }
    ]
  },
  {
    "source": "WSJ",
    "title": "Nasdaq, S&P Drop; Dow Near Flat",
    "published": "2025-02-27",
    "inference_result": [
      {
        "label": "negative",
        "score": 0.9290308356285095
      }
    ]
  },
  {
    "source": "WSJ",
    "title": "Remember Putin\u2019s Long and Bloody R\u00e9sum\u00e9",
    "published": "2025-02-27",
    "inference_result": [
      {
        "label": "neutral",
        "score": 0.7184133529663086
      }
    ]
  },
  {
    "source": "WSJ",
    "title": "A Total Subsidy That Needs DOGE",
    "published": "2025-02-27",
    "inference_result": [
      {
        "label": "neutral",
        "score": 0.5834214687347412
      }
    ]
  },
  {
    "source": "WSJ",
    "title": "Exclusive | Meet the World\u2019s 24 Superbillionaires",
    "published": "2025-02-27",
    "inference_result": [
      {
        "label": "neutral",
        "score": 0.8204677104949951
      }
    ]
  },
  {
    "source": "WSJ",
    "title": "LSEG Shares Rise on $633.8 Million Share Buyback",
    "published": "2025-02-27",
    "inference_result": [
      {
        "label": "positive",
        "score": 0.9516739249229431
      }
    ]
  },
  {
    "source": "WSJ",
    "title": "Ukraine Rattled as U.S. Negotiator Points to Russia-Backed Template for Peace",
    "published": "2025-02-27",
    "inference_result": [
      {
        "label": "neutral",
        "score": 0.621461808681488
      }
    ]
  },
  {
    "source": "WSJ",
    "title": "A Mineral Deal Ukraine Can\u2019t Refuse",
    "published": "2025-02-27",
    "inference_result": [
      {
        "label": "positive",
        "score": 0.6298341751098633
      }
    ]
  },
  {
    "source": "WSJ",
    "title": "Rubio Can Unhijack \u2018Human Rights\u2019",
    "published": "2025-02-27",
    "inference_result": [
      {
        "label": "neutral",
        "score": 0.7916123270988464
      }
    ]
  },
  {
    "source": "WSJ",
    "title": "Consumer Watchdog Moves to Drop Capital One Lawsuit",
    "published": "2025-02-27",
    "inference_result": [
      {
        "label": "neutral",
        "score": 0.5586391687393188
      }
    ]
  }
]