[
  {
    "source": "WSJ",
    "title": "The 1890s Economy? Tariffs Didn\u2019t Build That",
    "published": "2025-04-08",
    "inference_result": [
      {
        "label": "neutral",
        "score": 0.8651561737060547
      }
    ]
  },
  {
    "source": "WSJ",
    "title": "EU Chief and Chinese Premier Discuss Potential Oversupply of Goods",
    "published": "2025-04-08",
    "inference_result": [
      {
        "label": "negative",
        "score": 0.9286630749702454
      }
    ]
  },
  {
    "source": "WSJ",
    "title": "Apple Users Rush to Upgrade iPhones Ahead of Potential Tariffs-Related Price Hikes",
    "published": "2025-04-08",
    "inference_result": [
      {
        "label": "neutral",
        "score": 0.8163161873817444
      }
    ]
  },
  {
    "source": "WSJ",
    "title": "Japan Currency Official Vows to Stabilize Markets Amid Tariff Turmoil",
    "published": "2025-04-08",
    "inference_result": [
      {
        "label": "negative",
        "score": 0.7439096570014954
      }
    ]
  },
  {
    "source": "WSJ",
    "title": "Apple Users Rush to Upgrade iPhones Ahead of Potential Tariffs-Related Price Hikes",
    "published": "2025-04-08",
    "inference_result": [
      {
        "label": "neutral",
        "score": 0.8163161873817444
      }
    ]
  },
  {
    "source": "WSJ",
    "title": "EU Chief and Chinese Premier Discuss Potential Oversupply of Goods",
    "published": "2025-04-08",
    "inference_result": [
      {
        "label": "negative",
        "score": 0.9286630749702454
      }
    ]
  },
  {
    "source": "WSJ",
    "title": "Trump Locks Down the U.S. Economy\u2014Again",
    "published": "2025-04-08",
    "inference_result": [
      {
        "label": "negative",
        "score": 0.9112887382507324
      }
    ]
  }
]