[
  {
    "source": "WSJ",
    "title": "New 50% Tariff on China to Further Boost Inflation, Economist Says",
    "published": "2025-04-07",
    "inference_result": [
      {
        "label": "positive",
        "score": 0.946208655834198
      }
    ]
  },
  {
    "source": "WSJ",
    "title": "The Math Behind Trump\u2019s New 104% Tariffs on China",
    "published": "2025-04-07",
    "inference_result": [
      {
        "label": "positive",
        "score": 0.6971822381019592
      }
    ]
  },
  {
    "source": "WSJ",
    "title": "EU Response to Trump\u2019s Tariffs Could Come as Early as Next Week",
    "published": "2025-04-07",
    "inference_result": [
      {
        "label": "positive",
        "score": 0.7042668461799622
      }
    ]
  },
  {
    "source": "WSJ",
    "title": "Exclusive | Apple Plans to Source More iPhones From India as Potential Tariff Fix",
    "published": "2025-04-07",
    "inference_result": [
      {
        "label": "negative",
        "score": 0.9632287621498108
      }
    ]
  },
  {
    "source": "WSJ",
    "title": "A Win-Win Exit Strategy for Trump on Tariffs",
    "published": "2025-04-07",
    "inference_result": [
      {
        "label": "neutral",
        "score": 0.8566808104515076
      }
    ]
  },
  {
    "source": "WSJ",
    "title": "Canada\u2019s Economy Is Starting to Crack Under Trade-War Pressure",
    "published": "2025-04-07",
    "inference_result": [
      {
        "label": "negative",
        "score": 0.9648302793502808
      }
    ]
  },
  {
    "source": "WSJ",
    "title": "For This Frozen Fries Company, Trade Wars Are an Existential Crisis",
    "published": "2025-04-07",
    "inference_result": [
      {
        "label": "negative",
        "score": 0.668507993221283
      }
    ]
  }
]