[
  {
    "source": "WSJ",
    "title": "Bracing for Tariffs, Logistics Operators Stand by Their Border Investments",
    "published": "2025-01-03",
    "inference_result": [
      {
        "label": "positive",
        "score": 0.937778651714325
      }
    ]
  },
  {
    "source": "WSJ",
    "title": "U.S. Steel and the Corruption of Cfius",
    "published": "2025-01-03",
    "inference_result": [
      {
        "label": "negative",
        "score": 0.9066924452781677
      }
    ]
  },
  {
    "source": "WSJ",
    "title": "The Score: Boeing, Tesla, U.S. Steel and More Stocks That Defined the Week",
    "published": "2025-01-03",
    "inference_result": [
      {
        "label": "neutral",
        "score": 0.9132109880447388
      }
    ]
  },
  {
    "source": "WSJ",
    "title": "Bracing for Tariffs, Logistics Operators Stand by Their Border Investments",
    "published": "2025-01-03",
    "inference_result": [
      {
        "label": "positive",
        "score": 0.937778651714325
      }
    ]
  },
  {
    "source": "WSJ",
    "title": "The Score: Boeing, Tesla, U.S. Steel and More Stocks That Defined the Week",
    "published": "2025-01-03",
    "inference_result": [
      {
        "label": "neutral",
        "score": 0.9132109880447388
      }
    ]
  },
  {
    "source": "WSJ",
    "title": "Arizona\u2019s Sunset Law Is an Example for DOGE",
    "published": "2025-01-03",
    "inference_result": [
      {
        "label": "neutral",
        "score": 0.6582656502723694
      }
    ]
  },
  {
    "source": "WSJ",
    "title": "He\u2019s a Factory Owner and Friends With Trump. That Makes Tariffs Personal.",
    "published": "2025-01-03",
    "inference_result": [
      {
        "label": "neutral",
        "score": 0.9381083250045776
      }
    ]
  },
  {
    "source": "WSJ",
    "title": "Bracing for Tariffs, Logistics Operators Stand by Their Border Investments",
    "published": "2025-01-03",
    "inference_result": [
      {
        "label": "positive",
        "score": 0.937778651714325
      }
    ]
  },
  {
    "source": "WSJ",
    "title": "Mike Johnson Wins Speaker Vote After Trump Twists Arms",
    "published": "2025-01-03",
    "inference_result": [
      {
        "label": "neutral",
        "score": 0.6173471212387085
      }
    ]
  },
  {
    "source": "WSJ",
    "title": "\u2018Ancient Christianities\u2019 and \u2018Capernaum\u2019: A Faith Finds Its Feet",
    "published": "2025-01-03",
    "inference_result": [
      {
        "label": "neutral",
        "score": 0.8934949636459351
      }
    ]
  },
  {
    "source": "WSJ",
    "title": "\u2018The Granddaughter\u2019 Review: Darkness in a New Generation",
    "published": "2025-01-03",
    "inference_result": [
      {
        "label": "neutral",
        "score": 0.5992276072502136
      }
    ]
  },
  {
    "source": "WSJ",
    "title": "A Budget-Minded Living Room Design That Looks Anything but Cheap",
    "published": "2025-01-03",
    "inference_result": [
      {
        "label": "neutral",
        "score": 0.9054147601127625
      }
    ]
  },
  {
    "source": "WSJ",
    "title": "Arizona\u2019s Sunset Law Is an Example for DOGE",
    "published": "2025-01-03",
    "inference_result": [
      {
        "label": "neutral",
        "score": 0.6582656502723694
      }
    ]
  }
]