[
  {
    "source": "WSJ",
    "title": "Trump\u2019s Tariffs Get a Legal Challenge",
    "published": "2025-04-04",
    "inference_result": [
      {
        "label": "neutral",
        "score": 0.5748175382614136
      }
    ]
  },
  {
    "source": "WSJ",
    "title": "Banks Don\u2019t Pay Tariffs, but Tariffs Will Cost Them",
    "published": "2025-04-04",
    "inference_result": [
      {
        "label": "negative",
        "score": 0.883680522441864
      }
    ]
  },
  {
    "source": "WSJ",
    "title": "Notable & Quotable: Friedman on Tariffs",
    "published": "2025-04-04",
    "inference_result": [
      {
        "label": "neutral",
        "score": 0.7729740142822266
      }
    ]
  },
  {
    "source": "WSJ",
    "title": "Americans Soured on Trump\u2019s Economic Plans Even Before Tariff Bloodbath, WSJ Poll Finds - WSJ",
    "published": "2025-04-04",
    "inference_result": [
      {
        "label": "negative",
        "score": 0.8590592741966248
      }
    ]
  }
]