[
  {
    "source": "WSJ",
    "title": "The Score: Nvidia, Tesla, Nike and More Stocks That Defined the Week",
    "published": "2025-03-21",
    "inference_result": [
      {
        "label": "neutral",
        "score": 0.9132109880447388
      }
    ]
  },
  {
    "source": "WSJ",
    "title": "Save a Cent, Spend a Dollar",
    "published": "2025-03-21",
    "inference_result": [
      {
        "label": "neutral",
        "score": 0.9076939821243286
      }
    ]
  },
  {
    "source": "WSJ",
    "title": "Week Ahead for FX, Bonds: Data to Indicate How U.S. Economy Is Faring Amid Trump\u2019s Policies",
    "published": "2025-03-21",
    "inference_result": [
      {
        "label": "neutral",
        "score": 0.777791440486908
      }
    ]
  },
  {
    "source": "WSJ",
    "title": "Trump Has a China Trade War Weapon He Hasn\u2019t Picked Up",
    "published": "2025-03-21",
    "inference_result": [
      {
        "label": "neutral",
        "score": 0.8787495493888855
      }
    ]
  },
  {
    "source": "WSJ",
    "title": "Here\u2019s Why I Bought a Tesla (In Spite of Elon)",
    "published": "2025-03-21",
    "inference_result": [
      {
        "label": "neutral",
        "score": 0.9141097664833069
      }
    ]
  },
  {
    "source": "WSJ",
    "title": "New York\u2019s Storied Chinatown Fights Tourism, Crime in Bid to Stay Authentic",
    "published": "2025-03-21",
    "inference_result": [
      {
        "label": "negative",
        "score": 0.9234614372253418
      }
    ]
  },
  {
    "source": "WSJ",
    "title": "From Ford to Musk, the Perils of Trying to Build a Global Auto Empire",
    "published": "2025-03-21",
    "inference_result": [
      {
        "label": "negative",
        "score": 0.9536314010620117
      }
    ]
  },
  {
    "source": "WSJ",
    "title": "This White Burgundy Is Too Great a Bargain\u2014for Now\u2014to Keep Secret Any Longer",
    "published": "2025-03-21",
    "inference_result": [
      {
        "label": "neutral",
        "score": 0.8415986895561218
      }
    ]
  },
  {
    "source": "WSJ",
    "title": "The Constitutionalists: John Roberts and Donald Trump",
    "published": "2025-03-21",
    "inference_result": [
      {
        "label": "neutral",
        "score": 0.719774603843689
      }
    ]
  },
  {
    "source": "WSJ",
    "title": "The Warship That Shows Why the U.S. Navy Is Falling Behind China",
    "published": "2025-03-21",
    "inference_result": [
      {
        "label": "negative",
        "score": 0.9622918367385864
      }
    ]
  },
  {
    "source": "WSJ",
    "title": "Germany Set for Trillion-Euro Defense and Infrastructure Splurge",
    "published": "2025-03-21",
    "inference_result": [
      {
        "label": "positive",
        "score": 0.7094710469245911
      }
    ]
  },
  {
    "source": "WSJ",
    "title": "Greenpeace Loses a $667 Million Verdict",
    "published": "2025-03-21",
    "inference_result": [
      {
        "label": "negative",
        "score": 0.8574111461639404
      }
    ]
  },
  {
    "source": "WSJ",
    "title": "The Constitutionalists: John Roberts and Donald Trump",
    "published": "2025-03-21",
    "inference_result": [
      {
        "label": "neutral",
        "score": 0.719774603843689
      }
    ]
  },
  {
    "source": "WSJ",
    "title": "Millionaire Bars Are the Dessert Worth Splurging on Now",
    "published": "2025-03-21",
    "inference_result": [
      {
        "label": "neutral",
        "score": 0.916521430015564
      }
    ]
  },
  {
    "source": "WSJ",
    "title": "Here\u2019s Why I Bought a Tesla (In Spite of Elon)",
    "published": "2025-03-21",
    "inference_result": [
      {
        "label": "neutral",
        "score": 0.9141097664833069
      }
    ]
  },
  {
    "source": "WSJ",
    "title": "A Facelift at 35? Why Younger Women Are Going Under the Knife Now",
    "published": "2025-03-21",
    "inference_result": [
      {
        "label": "neutral",
        "score": 0.8897591829299927
      }
    ]
  }
]