[
  {
    "source": "WSJ",
    "title": "New China Tariffs Move Closer With Public Hearings This Week",
    "summary": "Consumer items would face 25% levies under Trump administration plan targeting $300 billion of Chinese goods",
    "link": "https://www.wsj.com/articles/new-china-tariffs-move-closer-with-public-hearings-this-week-11560677417?mod=Searchresults_pos16&page=1",
    "content": "President Trump and Chinese leader Xi Jinping may meet in Osaka, Japan, during a summit this month of the Group of 20 economies as part of a high-profile effort to revive trade talks that reached an impasse in May.\n\nWASHINGTON—The U.S.-China trade conflict is moving closer to home.\n\nConsumer items, largely spared by existing tariffs on Chinese imports, would face 25% levies under the Trump administration’s plan targeting $300 billion of Chinese goods that haven’t yet been taxed.\n\nOn Monday, the Office of the U.S. Trade Representative is due to open seven days of hearings on the new tariffs to solicit public comment, ending June 25. That is to be followed by a one-week period for submission of written comments, after which President Trump could direct the office to impose the new tariffs.\n\nIncreasing Tariffs The U.S. has steadily placed or proposed tariffs on most goods imported from China, excepting only a few items, including pharmaceuticals and some chemicals. The cumulative percentage of China import dollars covered by each tranche of tariffs, based on 2018 data July-Aug. 2018\n\nSept. 2018\n\nMay 2019\n\nProposed Next In 2018, the U.S. imported about $540 billion in goods from China Electrical equipment:\n\ncellphones, TVs,\n\nlamps, vacuums, etc.\n\n10.6% 42.3% 96.8% Machines and tools:\n\nappliances,\n\ncomputers, etc.\n\n15% 52.1% 100% Furniture\n\nand\n\nbedding\n\n0% 88.8% 96.5 Metals\n\n3.3% 68.4% 98.6% Toys\n\nand\n\ngames\n\n0% 0% 100% Plastic,\n\nrubber\n\n10.2% 57.1% 100% Vehicles,\n\nboats\n\n18.2% 92.1% 98.3% **\n\n0.1% 48.5% 65.8% Apparel\n\nand\n\ntextiles\n\n0% 9.8% 99.7% ‡\n\n0.1% 50.4% 100% † 0% 64.1% 98.6% Other*\n\n14.5% 59.4% 89.4% *Includes food, minerals, optical products, musical instruments, etc. †Wood and wood products ‡Stone and glass **Chemicals, pharmaceuticals\n\nNote: Categories may include finished products, components and raw materials.\n\nSource: U.S. Census Bureau\n\nYolanda Martinez/The Wall Street Journal\n\nThe biggest targets would be mobile phones and laptops, according to a Wall Street Journal analysis of 2018 Census Bureau data on the more than 3,800 categories of goods on which the U.S. has proposed new tariffs. The U.S. imported $43 billion in mobile phones last year from China, and $37 billion in laptops, data shows.\n\nOther major categories facing the looming possibility of tariffs: $11.9 billion of children’s vehicles like tricycles and scooters, $5.4 billion of videogame consoles and $4.6 billion of computer monitors.\n\nTo a large extent, these major items are almost entirely imported from China—the source of 82% of mobile phone imports, 94% of laptops, 85% of tricycles and scooters and 98% of videogame consoles.\n\nThe new round of tariffs would also hit $27.7 billion of apparel and clothing accessories, $14.1 billion of footwear, a total of $26.7 billion of toys, games and sports equipment and $2.3 billion of books.\n\nShare Your Thoughts What products do you buy a lot of that will be affected by tariffs, and how is that changing your purchasing habits? Join the conversation below.\n\nThe tariffs would be assessed to U.S. importers, who must pay 25% of the value of their imports to Customs and Border Protection. For example, the $43 billion in mobile-phone imports would be assessed $10.8 billion tariffs. Economists have found that in the previous rounds of tariffs the costs have been passed on almost entirely to consumers.\n\nChinese businesses would also suffer as the tariffs effectively make their goods more expensive, prompting American importers to cut their volume of imports or look elsewhere, when they can, for the goods.\n\nIn the hearings, companies will have a chance to make the case that the U.S. Trade Representative shouldn’t move forward. Much of American industry is united in opposition to tariffs of this extent, led by major business groups like the Business Roundtable and Chamber of Commerce, which are urging the Trump administration not to return to talks rather than carry through its threat. The administration has said the tariffs are warranted because China has moved too slowly in making a deal.\n\nAt a recent briefing with reporters, Cummins Inc. chief executive Tom Lineberger —who chairs the Business Roundtable’s trade committee—said the burden of new tariffs will largely fall on U.S. companies.\n\n“What you have now is a situation where U.S. companies are paying significant tax burden now from tariffs,” said Mr. Linebarger, whose company imports small diesel engines from its manufacturing plants in China. “We’re the one paying the Chinese import tariffs now.”\n\nThe tariffs are assessed via a complex system of tens of thousands of eight-digit and 10-digit codes that specify categories of commodities and finished products. The value of these categories has been estimated for this article using 2018 trade values, and the names of the categories are simplified to those familiar to consumers.\n\nOnly a few relatively narrow categories of items avoided the threat of all four rounds of tariffs. The eight- and 10-digit codes can be aggregated into 96 two-digit classification codes used for imports. Of these two-digit codes, pharmaceutical products are the only category to entirely avoid tariffs.\n\nIn total, about $16.8 billion a year of goods are being spared from any tariffs, as well as $7 billion of items that use special classification provisions. In addition to pharmaceuticals, the goods exempted consist almost entirely of chemicals, rare metals and medical supplies.\n\nThe U.S. Trade Representative can remove items from the list after receiving testimony and written public comments. The agency has done so sparingly—in the second round of tariffs last year it initially proposed tariffs on 6,031 different items, but after the comment period, it removed 297 of those items before completing the list.\n\nThe final steps in the tariff process will coincide with a gathering of the heads of state of the Group of 20 economies in Osaka, Japan, at the end of June. The summit includes the leaders of the world’s largest economies and Mr. Trump and China’s President Xi Jinping would typically attend.\n\nThe two leaders may meet in Osaka as part of a high-profile effort to revive trade talks that reached an impasse in May. The last time the two leaders reached a trade truce, at the 2018 summit of the Group of 20 major economies in Buenos Aires, they refrained from hitting each other with any tariffs for over 6 months, until last month’s breakdown led to the return of tariff escalation.\n\nWrite to Josh Zumbrun at Josh.Zumbrun@wsj.com",
    "published": "2019-06-16"
  },
  {
    "source": "WSJ",
    "title": "Wilbur Ross Tempers Expectations of U.S.-China Trade Deal at G-20",
    "summary": "Commerce secretary says a Trump-Xi meeting could help get stalled talks back on track",
    "link": "https://www.wsj.com/articles/wilbur-ross-tempers-expectations-of-u-s-china-trade-deal-at-g-20-11560701918?mod=Searchresults_pos10&page=16",
    "content": "“The most that might come is new ground rules for discussion and some sort of schedule for when detailed technical talks might resume,” said Mr. Ross, seen here in Washington last week.\n\nCommerce Secretary Wilbur Ross played down prospects of a major trade deal if President Trump and China’s President Xi Jinping meet at the Group of 20 summit in Japan later this month, but he said he believes the two sides will ultimately get back to negotiations.\n\n“I think the most that will come out of the G-20 might be an agreement to actively resume talks,” Mr. Ross said in a phone interview Sunday. “At the presidential level they’re not going to talk about the details of how do you enforce a trade agreement.”\n\n“The most that might come is new ground rules for discussion and some sort of schedule for when detailed technical talks might resume,” said Mr. Ross.\n\nMr. Ross was speaking from the Paris Air Show, where aerospace executives are gathering amid concerns for an industry grappling with the fallout of the four-month grounding of Boeing Co’s 737 Max airliner, as well as global trade tensions that have darkened the outlook for many businesses.\n\nThe assembled aerospace executives, like those in many industries, are closely watching developments in the U.S.-China trade talks, which U.S. officials said were nearing a deal before the talks reached an impasse last month.\n\n“Even real shooting wars end with negotiation, and this will ultimately end in negotiations,” Mr. Ross said. “Whether that will be in 10 minutes, 10 weeks, 10 months or longer, it’s not possible to judge.”\n\nNegotiations fell apart with U.S. accusations that China backtracked on terms already agreed upon. China denies it did so. Since then, in addition to increasing punitive tariffs on roughly $200 billion of imports, the U.S. has restricted Chinese tech giantHuawei Technologies Co.’s access to American technology on national-security concerns, and Mr. Trump has ordered plans be drawn up to impose tariffs of as much as 25% on the rest of the $300 billion in imports of Chinese goods not yet hit with levies.\n\nSeven days of hearings will begin Monday in Washington where businesses and other stakeholders can weigh in on the newest proposed tariffs, and businesses will then have an additional week—until July 2—to provide comment. After that, the U.S. can consider the feedback and act.\n\nBut before those tariffs can take effect, Messrs. Trump and Xi may meet at the annual G-20 summit of the world’s leading economies, which will be held June 28-29 in Osaka, Japan.\n\nThe meeting between the two presidents isn’t yet formally arranged, but the U.S. has indicated it wants to hold the meeting and is likely to take further action if China does not agree to the meeting.\n\nSecretary of State Mike Pompeo said in a television interview Sunday that he expected Messrs. Trump and Xi would meet and that the two leaders had an array of issues to discuss.\n\nAt the Paris Air Show, Mr. Ross said Washington would continue to push for trade terms more favorable to the U.S. and urged Beijing to return to the negotiating table.\n\n“The Chinese are the ones who precipitated the crisis;, they’re the ones that will have to end it by letting us know we’ll go back to where we were,” he said.\n\nWhile negotiations with China have been led by U.S. Trade Representative Robert Lighthizer and Treasury Secretary Steven Mnuchin , Mr. Ross has been closely involved in many trade issues. Mr. Ross has taken the lead as the administration has considered tariffs on the global automotive industry, a source of major concern in Europe because the auto makers have complex global supply chains, and many major European auto makers have large operations in the U.S. Last month, the U.S. postponed its decision on car tariffs for 180 days to allow time for negotiations.\n\n“They are worried,” Mr. Ross said. “Automotive is a very important industry here, most particularly for Germany.…I think they understand that, at the end of the day, the administration’s purpose is not to end up with a whole bunch of tariffs, it’s to end up with agreements.”\n\nWrite to Josh Zumbrun at Josh.Zumbrun@wsj.com",
    "published": "2019-06-16"
  },
  {
    "source": "WSJ",
    "title": "About Trump’s Migrant Problem",
    "summary": "Central America needs intellectual honesty. Not a Marshall Plan.",
    "link": "https://www.wsj.com/articles/about-trumps-migrant-problem-11560714444?mod=Searchresults_pos2&page=65",
    "content": "Under its agreement with the Trump administration, Mexico reportedly has 45 days from June 7 to reduce the numbers of non-Mexican migrants arriving at the U.S. border to claim asylum. If Mexican President Andrés Manuel López Obrador cannot show results, the White House says that it will make new demands to alter Mexico’s immigration policies and that Mexican exports to the U.S. will again face the threat of a 5% tariff.\n\nNote from Washington to investors: Don’t put capital in North America if you rely on the rule of law. We shred treaties when it suits us.\n\nStill, there’s always a dumber idea—and the latest comes from Democratic presidential candidate Julián Castro . The former Obama Housing and Urban Development secretary wants a “Marshall Plan” for Central America, which is code for payola to Beltway bandits in the name of development. Plenty of other political geniuses, on both sides of the aisle, are recommending similar things.\n\nReducing Central American out-migration requires economic growth. But one has to be either cynical or naive to prescribe a huge wealth transfer into a black hole of corruption, antidevelopment ideology and left-wing populism.\n\nIn the short run, Mr. Trump’s negotiated solution may help reduce U.S. border chaos. Mr. López Obrador has dispatched his new National Guard to Mexico’s frontier with Guatemala. He also agreed to expand the “remain in Mexico” program. More U.S. asylum seekers who have made it to the U.S. border will have to wait in Mexico until their hearings.\n\nThese changes may slow the flow of people through Mexico. But Central Americans with dreams of climbing the economic ladder won’t be easily deterred. There is a widespread belief among the region’s working class that going to el norte is the way to make it, and historically low unemployment in the U.S. is a further attraction.\n\nWith nearly 600 untamed miles of river and jungle border between Mexico and Guatemala, and a network of enterprising coyotes who navigate them, the young and the restless will keep coming. Many a back road in Guatemala’s northwestern department of Huehuetenango, for example, leads into Mexico—as I learned when I once got lost there.\n\nIn the long run, only development will keep migrants home. But that happens when capital is welcome and well-treated, a fact that U.S. policy too often ignores.\n\nConsider the Escobal silver mine in the Guatemalan municipality of San Rafael Las Flores. It supported more than 850 jobs and thousands more indirect jobs until it was idled by a Guatemalan court in July 2017. As I wrote in October , owner Tahoe Resources had invested $1.7 billion in the mine’s development and operation. A Tahoe spokesman told me that this included “more than $136 million paid to the Guatemalan government in taxes, royalties and voluntary payments” as well as “$66 million in salaries” and “$600 million spent on local suppliers.”\n\nThe company also put more than $10 million in “social investment and economic development programs,” including “community education, health and nutrition, infrastructure, capacity development, entrepreneurship and local governance initiatives,” the spokesman said. More than $1 million went into a vocational training center.\n\nTahoe was operating a kind of mini-Marshall Plan in Guatemala without billing taxpayers. But an antimining group went to court to complain that the government hadn’t consulted with the local indigenas, who numbered two, and operations were suspended. The mining company says it was asked for bribes and threatened with violence. The mine remains closed.\n\nThe broader Guatemalan investment climate is much the same. Property rights are mere suggestions for judges, who rarely call on the state to enforce the law against violent activists. Legal uncertainty inhibits capital formation.\n\nThe arbitrary exercise of power by the U.S.-funded U.N. International Commission Against Impunity in Guatemala—known by its Spanish initials as CICIG—increased juridical insecurity during its 11-year stint. The U.S. Embassy cheered CICIG, but the government expelled it in January. The U.N. has never answered for CICIG’s many human-rights violations.\n\nThe U.S. government’s Millennium Challenge Corp. was an attempt to tie aid to good governance. In practice it never happened. El Salvador was allowed to ruin a $77 million investment by Vancouver-based Pacific Rim Mining Corp. In 2015 the government of the former Marxist guerrilla group FMLN tried to jail two American citizens for bringing private investment to the energy sector. Even after the political nature of the persecution was obvious, the corporation shoveled millions more into the pockets of that notoriously corrupt government.\n\nCentral America doesn’t need a Marshall Plan. It needs intellectual honesty from bureaucrats and politicians.\n\nWrite to O’Grady@wsj.com.",
    "published": "2019-06-16"
  },
  {
    "source": "WSJ",
    "title": "New China Tariffs Move Closer With Public Hearings This Week",
    "summary": "Consumer items would face 25% levies under Trump administration plan targeting $300 billion of Chinese goods",
    "link": "https://www.wsj.com/articles/new-china-tariffs-move-closer-with-public-hearings-this-week-11560677417?mod=Searchresults_pos9&page=1",
    "content": "President Trump and Chinese leader Xi Jinping may meet in Osaka, Japan, during a summit this month of the Group of 20 economies as part of a high-profile effort to revive trade talks that reached an impasse in May.\n\nWASHINGTON—The U.S.-China trade conflict is moving closer to home.\n\nConsumer items, largely spared by existing tariffs on Chinese imports, would face 25% levies under the Trump administration’s plan targeting $300 billion of Chinese goods that haven’t yet been taxed.\n\nOn Monday, the Office of the U.S. Trade Representative is due to open seven days of hearings on the new tariffs to solicit public comment, ending June 25. That is to be followed by a one-week period for submission of written comments, after which President Trump could direct the office to impose the new tariffs.\n\nIncreasing Tariffs The U.S. has steadily placed or proposed tariffs on most goods imported from China, excepting only a few items, including pharmaceuticals and some chemicals. The cumulative percentage of China import dollars covered by each tranche of tariffs, based on 2018 data July-Aug. 2018\n\nSept. 2018\n\nMay 2019\n\nProposed Next In 2018, the U.S. imported about $540 billion in goods from China Electrical equipment:\n\ncellphones, TVs,\n\nlamps, vacuums, etc.\n\n10.6% 42.3% 96.8% Machines and tools:\n\nappliances,\n\ncomputers, etc.\n\n15% 52.1% 100% Furniture\n\nand\n\nbedding\n\n0% 88.8% 96.5 Metals\n\n3.3% 68.4% 98.6% Toys\n\nand\n\ngames\n\n0% 0% 100% Plastic,\n\nrubber\n\n10.2% 57.1% 100% Vehicles,\n\nboats\n\n18.2% 92.1% 98.3% **\n\n0.1% 48.5% 65.8% Apparel\n\nand\n\ntextiles\n\n0% 9.8% 99.7% ‡\n\n0.1% 50.4% 100% † 0% 64.1% 98.6% Other*\n\n14.5% 59.4% 89.4% *Includes food, minerals, optical products, musical instruments, etc. †Wood and wood products ‡Stone and glass **Chemicals, pharmaceuticals\n\nNote: Categories may include finished products, components and raw materials.\n\nSource: U.S. Census Bureau\n\nYolanda Martinez/The Wall Street Journal\n\nThe biggest targets would be mobile phones and laptops, according to a Wall Street Journal analysis of 2018 Census Bureau data on the more than 3,800 categories of goods on which the U.S. has proposed new tariffs. The U.S. imported $43 billion in mobile phones last year from China, and $37 billion in laptops, data shows.\n\nOther major categories facing the looming possibility of tariffs: $11.9 billion of children’s vehicles like tricycles and scooters, $5.4 billion of videogame consoles and $4.6 billion of computer monitors.\n\nTo a large extent, these major items are almost entirely imported from China—the source of 82% of mobile phone imports, 94% of laptops, 85% of tricycles and scooters and 98% of videogame consoles.\n\nThe new round of tariffs would also hit $27.7 billion of apparel and clothing accessories, $14.1 billion of footwear, a total of $26.7 billion of toys, games and sports equipment and $2.3 billion of books.\n\nShare Your Thoughts What products do you buy a lot of that will be affected by tariffs, and how is that changing your purchasing habits? Join the conversation below.\n\nThe tariffs would be assessed to U.S. importers, who must pay 25% of the value of their imports to Customs and Border Protection. For example, the $43 billion in mobile-phone imports would be assessed $10.8 billion tariffs. Economists have found that in the previous rounds of tariffs the costs have been passed on almost entirely to consumers.\n\nChinese businesses would also suffer as the tariffs effectively make their goods more expensive, prompting American importers to cut their volume of imports or look elsewhere, when they can, for the goods.\n\nIn the hearings, companies will have a chance to make the case that the U.S. Trade Representative shouldn’t move forward. Much of American industry is united in opposition to tariffs of this extent, led by major business groups like the Business Roundtable and Chamber of Commerce, which are urging the Trump administration not to return to talks rather than carry through its threat. The administration has said the tariffs are warranted because China has moved too slowly in making a deal.\n\nAt a recent briefing with reporters, Cummins Inc. chief executive Tom Lineberger —who chairs the Business Roundtable’s trade committee—said the burden of new tariffs will largely fall on U.S. companies.\n\n“What you have now is a situation where U.S. companies are paying significant tax burden now from tariffs,” said Mr. Linebarger, whose company imports small diesel engines from its manufacturing plants in China. “We’re the one paying the Chinese import tariffs now.”\n\nThe tariffs are assessed via a complex system of tens of thousands of eight-digit and 10-digit codes that specify categories of commodities and finished products. The value of these categories has been estimated for this article using 2018 trade values, and the names of the categories are simplified to those familiar to consumers.\n\nOnly a few relatively narrow categories of items avoided the threat of all four rounds of tariffs. The eight- and 10-digit codes can be aggregated into 96 two-digit classification codes used for imports. Of these two-digit codes, pharmaceutical products are the only category to entirely avoid tariffs.\n\nIn total, about $16.8 billion a year of goods are being spared from any tariffs, as well as $7 billion of items that use special classification provisions. In addition to pharmaceuticals, the goods exempted consist almost entirely of chemicals, rare metals and medical supplies.\n\nThe U.S. Trade Representative can remove items from the list after receiving testimony and written public comments. The agency has done so sparingly—in the second round of tariffs last year it initially proposed tariffs on 6,031 different items, but after the comment period, it removed 297 of those items before completing the list.\n\nThe final steps in the tariff process will coincide with a gathering of the heads of state of the Group of 20 economies in Osaka, Japan, at the end of June. The summit includes the leaders of the world’s largest economies and Mr. Trump and China’s President Xi Jinping would typically attend.\n\nThe two leaders may meet in Osaka as part of a high-profile effort to revive trade talks that reached an impasse in May. The last time the two leaders reached a trade truce, at the 2018 summit of the Group of 20 major economies in Buenos Aires, they refrained from hitting each other with any tariffs for over 6 months, until last month’s breakdown led to the return of tariff escalation.\n\nWrite to Josh Zumbrun at Josh.Zumbrun@wsj.com",
    "published": "2019-06-16"
  },
  {
    "source": "WSJ",
    "title": "The Case for Giving Money Away Now",
    "summary": "Lewis Cullman believed it was a more effective form of philanthropy than a perpetual foundation.",
    "link": "https://www.wsj.com/articles/the-case-for-giving-money-away-now-11560714097?mod=Searchresults_pos12&page=6",
    "content": "When it came to investing, no one was smarter than Lewis B. Cullman , who died June 7 at 100. In 1964 he engineered the first leveraged buyout, enabling him to acquire Orkin Exterminating Co., a company worth $62 million, with only $1,000 cash. In 1977 he bought a small calendar company, expanded and rebranded it as At-A-Glance, and sold it for $550 million.\n\nCullman then turned his attention to philanthropy. How does a smart investor act when his goal is to promote the long-term betterment of the world?\n\nThe usual answer is the perpetual private foundation, which allows donors to invest their capital and spend the income for charitable causes in perpetuity. The U.S. tax code encourages the creation of such foundations by giving full tax benefits to the donors and by requiring them to spend only 5% of their assets each year. If their investments earn a decent rate of return, the principal need never be spent on charity. The law even allows administrative expenses—including salaries paid to family members and costs for trustee meetings in exotic locales—to count toward the 5% spending requirement.\n\nMore than 90% of private foundations are set up to last in perpetuity, but Lewis Cullman was never one to follow the crowd. Although he knew he could produce impressive financial returns by investing in Wall Street, he believed he’d achieve a far better return for the public good by going all-in and investing his entire principal in charitable endeavors. So after he acquired his wealth, he set off to spend it all—more than $500 million—while he was still alive.\n\nCullman and his then-wife, Dorothy (who died in 2009), endowed innovative programs at New York’s most venerated institutions—among them education programs at the Museum of Modern Art, a fellowship for writers and scholars at the New York Public Library and a research center for the molecular and genomic studies of plants at the New York Botanical Gardens. Cullman’s greatest passion was Chess in the Schools, a program that has taught the game to more than 500,000 economically disadvantaged New York City public-school students and helped hundreds of them attend college.\n\nLike Julius Rosenwald (1862-1932), Cullman also did everything he could to urge fellow philanthropists to fund charity in the present. He talked about how fun it is to give, wrote books and articles on the importance of current giving, and warned that funds in a perpetual private foundation were unlikely to be spent after a donor’s death because professional trustees have a vested interest in preserving assets to preserve their jobs. His “spend now” philosophy was also embraced by Bill Gates and Warren Buffett.\n\nCullman urged lawmakers to change incentives so that more charitable resources would be spent up front. It rankled him that the government wasted money giving tax benefits for funds that never make it to charity. As he wrote in his 2004 memoir: “I really don’t get the tax laws that allow the wealthy to deduct the money they give to create private foundations yet never require those foundations to pay out the principal that earned the deduction. . . . To me that’s just nuts: bad tax policy, bad social policy, and morally indefensible in the bargain. . . . Foundations should be required to spend down their assets, all of them, within 50 years of their founding.”\n\nCullman succeeded in giving all of his money away during his life, but that doesn’t mean his giving has stopped yielding benefits. Millions of people will continue to be touched by it: not just the direct beneficiaries, but all those whose lives will be improved by their work and personal growth. Like compound interest, these secondary beneficiaries will pass on the benefits to others, in an ever-expanding ripple. That’s how smart money works—its impact keeps growing and growing. It’s a lesson the rest of us—and Congress—would be wise to heed.\n\nMs. Madoff is a professor at the Boston College Law School.",
    "published": "2019-06-16"
  },
  {
    "source": "WSJ",
    "title": "Markets Send Mixed Signals on Trade Battle",
    "summary": "Stocks approach records while bonds show caution; Fed hints at rate cut",
    "link": "https://www.wsj.com/articles/markets-send-mixed-signals-on-trade-battle-11560684600?mod=Searchresults_pos18&page=47",
    "content": "Relatively risky assets like stocks have continued to climb toward fresh highs. Here, a trader works on the floor of the New York Stock Exchange earlier this month.\n\nMarkets are sending conflicting signals about how big a threat the global trade rift presents, underscoring the difficulty investors face in sizing up the fallout from the U.S. and China’s spat.\n\nAs the trade standoff has intensified and the Federal Reserve has suggested its next move might be a rate cut, some investors have turned to safer assets, sending Treasury yields to their lows for the year. But relatively risky assets like stocks have continued to climb toward fresh highs, with the S&P 500 finishing Friday just 2% off a record.\n\nInvestors also haven’t rushed to take out protection in the options market against potential declines—a somewhat unusual development, since stocks tend to fall alongside bond yields when investors believe the economy is heading toward a soft patch. Yields fall as bond prices rise.\n\nOne yardstick measuring stock swings, the Cboe Volatility Index, has fallen 40% in 2019, on pace for its biggest annual decline in a decade. Volatility measures tracking crude oil and currencies have also dwindled this year.\n\nThe disconnect between markets points to lingering debate among investors about just how much the U.S. and China’s trade fight will hit consumer spending, investment and other key drivers of economic growth.\n\n“Who’s right? I want to go with the bond market at this point,” said Zhiwei Ren, a portfolio manager at Penn Mutual Asset Management. “I don’t see equities making significant new highs.”\n\nMr. Ren has bought shorter-dated bonds in anticipation of the Fed cutting interest rates. He added that he doesn’t see a trade truce between the two largest global economies coming soon.\n\nThe Fed will conclude a two-day policy meeting Wednesday, where it is expected to hold interest rates steady and potentially offer clues about the likelihood of future rate cuts.\n\nAlthough the central bank had at the end of 2018 signaled it was likely to raise rates this year, it has since retrenched. Fed Chairman Jerome Powell in early June said the central bank could cut rates if the trade spat causes a deterioration in the economic outlook. Now, investors have priced in a roughly 30% chance of two rate cuts and about a 38% chance of three rate cuts by the end of the year, according to CME Group, up from 24% and 6% respectively in mid-May.\n\nWith the Fed hinting it is willing to step in and cut interest rates if necessary, some investors say it is still too early to slash bets on U.S. stocks. That is especially true because economic data haven’t shown a recession on the horizon: The Labor Department’s latest employment report showed that the U.S. jobless rate hovered at a half-century low, though the pace of hiring slowed. Corporate earnings are also expected to grow at a single-digit percentage pace this year overall, according to FactSet—a slower pace than in 2018, but not the rollover that some had feared heading into the year.\n\nThe Fed’s posturing shows “they’re not asleep at the wheel,” said Jim Tierney, chief investment officer of concentrated U.S. growth at AllianceBernstein. Mr. Tierney’s fund, which holds large positions in shares of companies like Microsoft Corp. and Mastercard Inc., has risen 25% this year—outpacing the S&P 500’s 15% gain. “What that does is it takes the disaster scenario for equities off the table.”\n\nStill, others warn it may not be wise to assume that trade tensions will have a limited impact on consumers or to bet that the Fed will slash rates.\n\n“We have an idea of how tariffs will affect inflation and GDP, but what’s uncertain is how does that impact companies, consumers and stock volatility…and that’s where we come into a lot of uncertainty,” said Saira Malik, head of global equities at Nuveen, which has been trimming exposure to risky assets since the U.S. stock market rallied in the spring.\n\nCommerce Department data in May showed even though U.S. economic growth was robust in the first quarter, consumer spending slowed. A measure of U.S. household sentiment also fell in May from earlier in the month, weighed down by expectations of increased tariffs pushing prices higher.\n\n“There are significant headwinds that markets aren’t pricing in,” said Alexis Crow, who leads PricewaterhouseCoopers’s geopolitical investing practice.\n\nNervousness has showed up in the bond market, where investors have been placing bets on interest rates falling. The yield on the 10-year Treasury note has fallen this year and settled at its third-lowest level of 2019 on Friday.\n\nBond funds investing in relatively safer debt recently recorded strong inflows, according to Deutsche Bank AG. Investors also ramped up bullish bets on eurodollar futures, a derivative used to bet on central-bank moves, increasing positions that pay out if rates fall, according to the firm.\n\nEither way, many feel the current disconnect between the bond and stock markets is unsustainable. Fresh economic data ahead could spur one market to converge with the other.\n\n“This divergence cannot last,” said Mandy Xu, an equity derivatives strategist at Credit Suisse Group AG.\n\nWrite to Akane Otani at akane.otani@wsj.com and Gunjan Banerji at Gunjan.Banerji@wsj.com",
    "published": "2019-06-16"
  }
]