[
  {
    "source": "WSJ",
    "title": "U.S. Auto Makers Sweat Under Threat of Tariffs on Mexican Imports",
    "summary": "Mexico-built cars accounted for 17% of Detroit Big Three’s overall U.S. sales in 2018",
    "link": "https://www.wsj.com/articles/u-s-auto-makers-sweat-under-threat-of-tariffs-on-mexican-imports-11559308036?mod=Searchresults_pos2&page=200",
    "content": "General Motors’ Recruitment Center in San Luis Potosi, Mexico. GM sold about 663,000 Mexico-built vehicles in the U.S. last year, or 22% of its domestic sales.\n\nPresident Trump’s threat to impose escalating tariffs on Mexican imports foists fresh bad news on the U.S. auto industry, which had pinned hopes on a tentative deal reached last year to preserve free trade between the countries.\n\nFor executives at Detroit’s Big Three auto makers, the prospect of tariffs on Mexican imports has been the most worrisome of the trade threats leveled by Mr. Trump during his presidency. Mexico-built cars accounted for 17% of Detroit auto makers’ overall U.S. sales in 2018, including some of the industry’s biggest moneymakers, large pickup trucks.\n\nThe tariffs also would hit non-U.S. car companies and automotive suppliers. Overall, the U.S. imported $52.6 billion of vehicles and $59.4 billion in auto parts last year from Mexico, the highest totals of any country, according to Commerce Department data.\n\nCreated with Highcharts 6.0.4 Made in Mexico Both suppliers and car companies have ramped up production south of the border Both suppliers and car companies have ramped up production south of the border U.S. imports of new passenger vehicles, top countries in 2018 U.S. imports of new passenger vehicles, top countries in 2018 Created with Highcharts 6.0.4 . billion Mexico Japan Canada Germany South Korea South Korea 2015 ’16 ’17 ’18 0 10 20 30 40 50 $60\n\nMr. Trump on Thursday said the U.S. would implement a 5% tariff on all Mexican imports June 10 if the country doesn’t take steps to stem the flow of migrants over the U.S.-Mexico border. That tariff would rise gradually to 25% by October.\n\nThe companies declined to comment Friday on Mr. Trump’s threat. Automotive lobbying groups warned that tariffs on Mexican-built vehicles and parts would be passed on to buyers and dent car sales, potentially leading to job cuts in an industry already girding for a potential cyclical downturn.\n\n“The auto sector—and the 10 million jobs it supports—relies upon the North American supply chain and cross border commerce to remain globally competitive,” said the Alliance of Automobile Manufacturers, which represents about a dozen major auto makers including the Detroit car companies.\n\nLobbying groups also are concerned that imposing tariffs on Mexico could hurt the chances of congressional approval for revisions to the North American Free Trade Agreement. The auto industry supported a tentative deal struck last year among the U.S., Mexico and Canada that maintains tariff-free trade in the region while raising the amount of a car’s content that must be sourced in North America to avoid tariffs.\n\nMr. Trump’s Thursday evening tweet declaring his Mexico ultimatum sent automotive executives and lobbying teams scrambling. Some said they spent Friday morning on the phone with congressional staffs to hash over how the president’s threat will play into Congress’ deliberations over the Nafta revisions.\n\n“Right now it feels like we’re in uncharted territory,” said a lobbyist for one auto maker.\n\nGeneral Motors Co. is among the most exposed to fresh tariffs on Mexican-produced cars. GM sold about 663,000 Mexico-built vehicles in the U.S. last year, or 22% of its domestic sales, according to an estimate from research firm LMC Automotive.\n\nGM’s lucrative Chevrolet Silverado and GMC Sierra pickup trucks—which combined are its top-selling U.S. vehicles and biggest global profit generator—would be hard hit. This year through April, Mexico accounted for about one-third of GM’s production of the trucks, according to WardsAuto.com.\n\nAbout 18% of Fiat Chrysler Automobiles NV’s U.S. sales were imported from Mexico last year, including about a quarter of its profitable Ram pickup trucks. Ford Motor Co.’s F -1.36 %decrease; red down pointing triangle Mexican imports accounted for about 10% of U.S. sales, according to LMC.\n\nTesla Inc. sources from Mexico about 25% of the content used in its top-selling Model 3 sedan, according to a research note Friday from RBC Capital. A spokeswoman for the electric-car maker didn’t respond to a request for comment.\n\nEven the initial 5% tariff, if enacted, could trim earnings by as much as 10% on an annualized basis for the most exposed auto companies, including GM, Fiat Chrysler and suppliers such as seat maker Lear Corp., Evercore ISI estimated in a research note Friday.\n\nAuto stocks fell sharply in trading Friday, including drops of more than 4% in shares of GM and Fiat Chrysler.\n\nTariffs on auto parts from Mexico also would squeeze the industry. Both overseas and U.S. auto makers have established extensive supply chains in Mexico during the 25 years since the North American Free Trade Agreement took effect. Some parts cross the border multiple times before making their way into a finished automobile.\n\nSome of the Detroit auto makers’ U.S. vehicles are made with significant numbers of parts shipped in from Mexico, and tariffs would raise costs for those models. For example, the Cadillac Escalade, Chevy Suburban and GM’s other large sport-utility vehicles are built in Texas, but nearly half of the parts used to assemble the SUVs come from Mexico, federal data show.\n\nWhile President Trump has not been able to get Congress to act on his signature campaign issue of building a border wall, there's another important immigration story developing. WSJ's Gerald F. Seib explains. Photo: Getty\n\nKristin Dziczek , an economist at the Ann Arbor, Mich.-based Center for Automotive Research, said the interwoven nature of the automotive supply chains in the U.S. and Mexico would magnify any tariffs on Mexican imports. Some individual parts would face tariffs multiple times as they cross the border during the industry’s lengthy production process, she said.\n\n“These tariffs will have an almost immediate effect and will be fairly devastating,” she said.\n\nForeign auto makers also have taken advantage of Nafta by opening new Mexican plants to supply their U.S. dealerships and would be hurt by fresh tariffs. For example, nearly half of Volkswagen AG’s U.S. sales last year were imported from Mexico, according to LMC.\n\n“We believe tariffs of this kind are a tax on the U.S. consumer and will result in higher prices and also threaten job growth,” a Volkswagen spokesman said.\n\nThose changes could raise costs for car companies by forcing them to rejigger their supply chains to comply with the new thresholds, analysts have said. Still, Mr. Trump had threatened to scrap Nafta altogether, a prospect that executives have said would be disastrous, forcing them to raise vehicle prices and putting billions of dollars in profits at risk.\n\nAuto executives have complained that the mere prospect of future tariffs has stalled decisions on capital investments in factories as they wait to see how Mr. Trump’s trade policies—and potential retaliation from trading partners—shake out.\n\nWrite to Mike Colias at Mike.Colias@wsj.com and Adrienne Roberts at Adrienne.Roberts@wsj.com",
    "published": "2019-05-30"
  },
  {
    "source": "WSJ",
    "title": "U.S. Government Bond Yields Push Lower",
    "summary": "Yields edged up initially as stocks climbed in Europe and opened higher in early U.S. trading",
    "link": "https://www.wsj.com/articles/u-s-government-bond-yields-bounce-off-lows-11559229551?mod=Searchresults_pos5&page=82",
    "content": "U.S. government bond prices ticked higher Thursday, extending their monthlong rally after overcoming some selling pressure early in the session.\n\nThe yield on the benchmark 10-year U.S. Treasury note settled at 2.227%, setting a 20-month low for the third consecutive session, compared with 2.238% Wednesday.\n\nYields, which fall when bond prices rise, initially edged up as stocks climbed in Europe and opened higher in early U.S. trading. But they began to slip in the late morning and fell more sharply before the 3 p.m. close, as riskier assets such as oil and stocks also lost ground.\n\nStocks and bond yields have been falling this month due largely to increased trade tensions between the U.S. and China and a run of downbeat economic data out of Europe and the U.S., all of which have increased fears that developed-market economies may be headed for a rough patch.\n\nInvestors often buy Treasurys during times of political and economic uncertainty because they offer a regular stream of income with essentially no risk of nonpayment.\n\nTraders on the floor of the New York Stock Exchange on Thursday. Stocks and bond yields have been falling this month due largely to increased trade tensions between the U.S. and China. Photo: Richard Drew/Associated Press\n\nFurther increasing concerns, the yield on the 10-year Treasury note has fallen below the yield on the three-month Treasury bill, a so-called yield-curve inversion that has often occurred ahead of recessions.\n\nRecent yield declines have also coincided with a sharp drop in market-based inflation expectations. The 10-year break-even rate—a measure of annual inflation expectations over the next decade derived from the extra yield investors demand to hold 10-year Treasury notes over 10-year Treasury inflation-protected securities—finished Thursday at 1.76%, according to Tradeweb, down from 1.96% at the end of April.\n\nMuted inflation typically bolsters bonds by helping to preserve the purchasing power of their fixed coupon payments.\n\nDespite the market’s rally extending further than many had expected, some analysts are skeptical that yields are poised for a significant rebound.\n\nWhile some technical factors may point to a reversal, it is difficult “to see any significant alleviation of fundamental concerns of rising trade tensions, slipping global growth expectations, lower inflation expectations, etc. anytime soon,” analysts at NatWest Markets wrote in a note to clients.\n\nWrite to Sam Goldfarb at sam.goldfarb@wsj.com",
    "published": "2019-05-30"
  },
  {
    "source": "WSJ",
    "title": "Tariff Man Unchained",
    "summary": "Trump hits Mexico on trade to solve a U.S. immigration mess.",
    "link": "https://www.wsj.com/articles/tariff-man-unchained-11559343207?mod=Searchresults_pos3&page=1",
    "content": "The biggest economic risk of a Donald Trump Presidency has always been that his trade obsessions would swamp the benefits of tax reform and deregulation. For two years he has kept his worst protectionist impulses mostly in check, but as he seeks a second term we are now seeing Tariff Man unchained. Where he stops nobody knows, which is bad for the economy and perhaps his own re-election.\n\nMr. Trump’s trade talks with China have broken down and both countries are escalating their rhetoric. The U.S. is blocking Huawei from buying U.S. products, while China is threatening to block the export of rare-earth minerals that are crucial to many U.S. industries. A trade deal that looked imminent weeks ago now looks months away, if it happens at all. Mr. Trump’s threat of 25% tariffs on foreign autos also hangs over Europe and Japan.\n\n***\n\nThen out of the blue late Thursday Mr. Trump announced escalating tariffs up to 25% on U.S. imports from Mexico for alleged sins on immigration. The first 5% levy would hit June 10, with 5% increments through Oct. 1. “Mexico must step up and help solve this problem,” Mr. Trump declared in a statement charged with political rhetoric. “For years, Mexico has not treated us fairly—but we are now asserting our rights as a sovereign Nation.”\n\nThe first problem here is that Mr. Trump is blaming Mexico for a mess it can’t solve. The real cause of the recent border chaos is the lure of U.S. asylum policy. Migrants from Central America know that if they cross the border illegally with children they can’t be detained for more than 20 days. They are then released into the U.S. where they can work for years until their asylum hearing date, and most never show up.\n\nMr. Trump is right that Democrats refuse to help, but then why change the subject to Mexico? Our southern neighbor is already helping by agreeing to hold asylum seekers inside Mexico. Perhaps it could better control its border with Guatemala, but the caravans north are often led by gangs that know how to bribe or avoid police. Blaming Mexico is a distraction that lets Democrats off the hook.\n\nThe Mexico tariffs also heighten economic uncertainty because they aren’t even about trade. The risk is that Mr. Trump has come to view tariffs as a blunt-force tool to achieve any diplomatic goal. They are Mr. Trump’s magic elixir that will solve any political ailment. Like Barack Obama ’s willy-nilly regulation, tariffs can thus pop up at any time for any reason. No supply chain is safe from Tariff Man.\n\nThere’s also the matter of this President’s credibility around the world. Only months ago Mr. Trump signed a new trade pact with Mexico and Canada to replace Nafta. The deal reassured financial markets. But now he whacks Mexico with unilateral tariffs that violate Nafta and World Trade Organization (WTO) rules. Other national leaders can be forgiven for concluding that any trade deal with Mr. Trump is subject to revision on his personal political whim.\n\nThe tariffs could also complicate passage of the new U.S.-Mexico-Canada deal in Congress. Mr. Trump is invoking a 1977 statute—the International Emergency Economic Powers Act—to impose the tariffs after declaring an emergency. The Congressional Research Service says the law has never been invoked for tariffs. “This is a misuse of presidential tariff authority and counter to congressional intent,” Senate Finance Chairman Chuck Grassley said Friday.\n\nIf the tariffs are imposed, the economic damage could be considerable. Mexico exported $371 billion to the U.S. in 2018, and it is now our largest trading partner. A 25% tariff would impose costs of some $90 billion a year. Mexico may suffer the most, which could perversely drive more illegal migrants to the U.S., but America would also be a loser.\n\nMr. Trump, in his Fortress America mind, says businesses could merely move to the U.S. to avoid the tariffs. But that would impose enormous transition costs and take years to execute. Many exporters would move out of North America. Meantime, Texas imported $107 billion in goods from Mexico in 2018, and a 5% tariff would impose a $5.4 billion tax. A 25% tariff would mean $27 billion in border taxes.\n\nAll of this arrives at a moment when global trade has been growing more slowly amid rising trade tension. The WTO said in April it expects global trade volume to grow by a mere 2.6% this year, and trade growth typically exceeds growth in GDP. That estimate assumed an easing of trade anxiety, not a two-front U.S. trade brawl with China and Mexico.\n\n***\n\nThe best scenario is that this tariff threat is Mr. Trump’s familiar bluster in which he threatens chaos to get attention and then backs down. The Mexican reaction has been conciliatory, a good sign. Stock markets fell only about 1.4%, which suggests investors also think Mr. Trump will walk back from the ledge.\n\nBut then Tariff Man is impulsive and often his own worst enemy. Equities have fallen for six straight weeks and corporate profits are down. The job market is strong, but that isn’t guaranteed if investment starts to lag. Senate Republicans need to get off their sedan chairs and send this President a message on trade, or they may be in the minority in 2021.",
    "published": "2019-05-30"
  },
  {
    "source": "WSJ",
    "title": "Dollar-Store Chains Post Stronger Sales, But Tariffs Cloud Outlook",
    "summary": "Dollar Tree cuts earnings forecast for year, while Dollar General maintains guidance",
    "link": "https://www.wsj.com/articles/dollar-store-chains-post-stronger-sales-but-tariffs-cloud-outlook-11559229417?mod=Searchresults_pos20&page=5",
    "content": "Dollar Tree said its sales increased in the first quarter.\n\nSales at Dollar General Corp. DG -0.72 %decrease; red down pointing triangle and Dollar Tree Inc. DLTR 1.39 %increase; green up pointing triangle rose in the latest quarter, but both discount retailers said the prospect of tariffs being imposed on more products imported from China cast uncertainty on their businesses.\n\nDollar Tree on Thursday cut its profit forecast for the year as it works to trim its store count and deals with higher-than-expected import-freight costs. Dollar General maintained its financial guidance and store-growth outlook.\n\nBoth companies said their outlooks include current tariffs on certain Chinese imports, which the chains have been trying to mitigate. However, neither company adjusted its forecasts for a potential next round of tariffs on nearly all remaining goods from China, which could include many consumer goods such as additional apparel categories and toys.\n\nIf a further tariffs are implemented, “we expect that it will be impactful to both our business, and especially to consumers in general,” said Gary Philbin , chief executive of Dollar Tree, which also owns the Family Dollar chain. Company merchants have mitigated the cost of most tariffs so far, he said on a call with analysts. In January the company moved about $100 million of seasonal purchases out of China, he said.\n\nDollar Tree, based in Chesapeake, Va., now expects earnings per share for the fiscal year to be $4.77 to $5.07, off from its previously forecast range of $4.85 to $5.25.\n\nShares in Dollar General rose 7.2% to $127 on Thursday, while Dollar Tree’s stock rose 3.1% to $98.31.\n\nMany other retailers are formulating plans to manage the impact of higher tariffs on merchandise imported from China because of the continuing U.S.-China trade dispute.\n\nThe Trump administration this month imposed a 25% tariff on $200 billion in Chinese goods, up from a 10% duty put in place in October.\n\nFor the first quarter ended May 3, Dollar General said new stores and sales gains at existing locations helped sales growth. Net sales rose 8.3% to $6.62 billion and same-store sales increased 3.8%, both above analysts’ expectations. Profit at the company, based in Goodlettsville, Tenn., rose 5.5% to $385 million, from $364.9 million a year earlier.\n\nDollar General has been expanding its store footprint and working to become a bigger seller of food and home goods to grab more shoppers. During the quarter, it opened 240 new stores, remodeled 330 stores and relocated 27 stores.\n\nDollar Tree said its sales increased in the first quarter ended May 4 as the performance at its Family Dollar stores began to turn around.\n\nNet sales rose 4.6% to $5.81 billion and overall same-store sales increased 2.2%, both above analysts’ expectations. Same-store sales rose 2.5% at Dollar Tree, while sales at stores open at least a year under the Family Dollar banner rose 1.9%. Although the average amount spent rose at Family Dollar, boosting sales, the number of shoppers fell in the quarter.Dollar Tree’s profit rose 67% to $267.9 million from $160.5 million a year earlier.\n\nDollar Tree has worked to turn around Family Dollar after purchasing the struggling budget retailer in 2015. However, the Family Dollar chain has lagged behind competitors, which led activist investor Starboard Value LP to take a stake in the parent company, advocate for a sale of Family Dollar, and nominate a slate of new board directors.\n\nDollar Tree said earlier this year that it would close hundreds of Family Dollar stores and marked down the value of the chain while testing higher price points at Dollar Tree. Starboard withdrew its director nominations in April, saying the company showed improvement.\n\nIn the quarter, the company closed 16 Family Dollar stores and opened 45 Dollar Tree stores that had previously been Family Dollar locations.\n\n“Our Family Dollar turnaround is gaining traction,” Mr. Philbin said. Dollar Tree started testing a new line of products that cost more than $1 earlier this month, he said, and would add the test to 100 stores initially.\n\nWrite to Aisha Al-Muslim at aisha.al-muslim@wsj.com and Sarah Nassauer at sarah.nassauer@wsj.com",
    "published": "2019-05-30"
  },
  {
    "source": "WSJ",
    "title": "Mexican Peso Tumbles Against the Dollar",
    "summary": "Trump’s threat to impose tariffs on Mexico unnerves global markets",
    "link": "https://www.wsj.com/articles/mexican-peso-tumbles-against-the-dollar-11559312869?mod=Searchresults_pos1&page=12",
    "content": "The peso was recently down about 2.5% against the dollar after hitting its lowest levels of the year.\n\nInvestors dumped the Mexican peso and piled into haven assets Friday, as President Trump’s threat to impose tariffs on Mexico rattled global markets.\n\nThe peso was recently down around 2.5% against the dollar after hitting its lowest levels of the year earlier in the session. The dollar fell 1.3% against the Japanese yen, while other popular destinations for nervous investors, such as gold and the Swiss franc, also rose.\n\nMr. Trump said late Thursday that the U.S. would impose escalating tariffs on its southern neighbor starting June 10, unless the country takes action to deter the flow of Central American migrants passing through its borders. The levies could hit 25% by October if Mexico fails to satisfy the White House’s demands.\n\nMexican President Andrés Manuel López Obrador responded with a letter addressed to Mr. Trump in which he called for deeper dialogue on the migration issue. The measured response lifted some investors’ hopes for a quick resolution that could buoy the peso from its recent lows.\n\n“Based on this conciliatory and proactive reaction from Mexico, our baseline assumption is that the 5% tariff will be avoided, and there is little risk that a 25% tariff is implemented,” analysts at TD Securities said in a report. “The economic impetus to sort out this issue with the U.S. is simply too great for Mexico.”\n\nInvestors have been quick to back away from Mexican assets during past bouts of tension between the two countries. Mexico’s stocks and currency tumbled during the run-up to the U.S. president’s 2017 inauguration as Mr. Trump pledged to renegotiate the North American Free Trade Agreement, and asset prices have tended to waver when rhetoric has heated up.\n\nThe most recent announcement comes as investors are already grappling with an escalating trade fight between the U.S. and China, the world’s second-largest economy. Expectations of future flare-ups in trade tensions will likely keep investors in a defensive posture in coming months, analysts said.\n\n“As global growth fears challenge high asset valuations, safe-haven currencies will benefit,” said Kit Juckes, a strategist at Société Générale, in a note to clients.\n\nThe WSJ Dollar Index was recently down 0.4% at 90.78.\n\nWrite to Ira Iosebashvili at ira.iosebashvili@wsj.com",
    "published": "2019-05-30"
  },
  {
    "source": "WSJ",
    "title": "Real Time Economics: Will the Fed Be Forced to Cut Interest Rates?",
    "summary": "This is the web version of the WSJ’s newsletter on the economy. You can sign up for daily delivery here.",
    "link": "https://www.wsj.com/articles/real-time-economics-will-the-fed-be-forced-to-cut-interest-rates-01559213284?mod=Searchresults_pos10&page=63",
    "content": "This is the web version of the WSJ’s newsletter on the economy. You can sign up for daily delivery here.\n\nInvesors are putting Fed's wait-and-see strategy to the test, America's friends are tired of the dollar's dominance, and a productivity boom is maybe, possibly, hopefully just around the corner. Good morning. Jeff Sparshott here to take you through key developments in the global economy. Send us your questions, comments and suggestions by replying to this email.\n\nThe Fed is in a Bind\n\nTrade tensions are complicating the Federal Reserve's make-no-moves policy posture, Nick Timiraos writes.\n\nBond investors are increasingly betting the central bank will cut intererest rates to bolster the economy.\n\nare increasingly betting the central bank will cut intererest rates to bolster the economy. Fed officials have demonstrated their willingness to defuse looming economic threats. In January, they shelved plans to raise rates after a sharp pullback in stock and credit markets.\n\nhave demonstrated their willingness to defuse looming economic threats. In January, they shelved plans to raise rates after a sharp pullback in stock and credit markets. But the trade-war scenario is messy : It involves making assumptions around hard-to-predict geopolitical risks, and officials are unlikely to move preemptively.\n\n: It involves making assumptions around hard-to-predict geopolitical risks, and officials are unlikely to move preemptively. To make a cut, Fed officials would likely need to see proof that growth is slowing more than they expect: weaker data on consumer and business confidence, spending, and hiring. This raises the odds of a too-little, too-late reaction.\n\nWHAT TO WATCH TODAY\n\nU.S. gross domestic product for the first quarter is expected to be revised down to 3.0% from 3.2% annualized growth. (8:30 a.m. ET)\n\nU.S. trade in goods for April is out at 8:30 a.m. ET.\n\nU.S. jobless claims are expected to rise to 215,000 from 211,000 a week earlier. (8:30 a.m. ET)\n\nU.S. pending-home sales for April are expected to rise 0.9% from the prior month. (10 a.m. ET)\n\nFed Vice Chairman Richard Clarida speaks at the Economic Club of New York at 12 p.m. ET.\n\nChina's official manufacturing index for May is out at 9 p.m. ET.\n\nTOP STORIES\n\nDollar Undenominated\n\nU.S. friends and foes, looking to buck American control over international trade, are developing systems that don’t rely on U.S. currency. The catalyst was the Trump administration’s decision to reimpose trade sanctions on Iran, Justin Scheck and Bradley Hope report.\n\nThe U.K., Germany and France didn’t support the sanctions, which include a ban on dollar transactions with Iranian banks. So they are fine-tuning a system to enable trade with Iran without using dollars.\n\ndidn’t support the sanctions, which include a ban on dollar transactions with Iranian banks. So they are fine-tuning a system to enable trade with Iran without using dollars. India wasn’t happy either . It began using a similar alternative system in November.\n\n. It began using a similar alternative system in November. China and Russia are striking deals to trade with yuan and rubles instead of dollars.\n\nare striking deals to trade with yuan and rubles instead of dollars. Global trade runs on dollars, giving the U.S. extraordinary power over nearly every entity that imports or exports anything anywhere. That clout has long made allies and enemies vulnerable to U.S. trade sanctions. The new arrangements won’t change the dollar’s dominance, but they will diminish the U.S.’s power to impose its policies.\n\nBoom!\n\nIf the economy booms, thank software. Productivity and economic growth increasingly flow not from equipment, buildings or computer hardware, but from instructions, processes, coding and data: in other words, software, Greg Ip writes.\n\nTechnological evangelists have long argued artificial intelligence, machine learning, big data and other advances were about to unleash a new boom. But growth in productivity remained mired near generational lows.\n\nhave long argued artificial intelligence, machine learning, big data and other advances were about to unleash a new boom. But growth in productivity remained mired near generational lows. Recently, however, there have been intriguing signs a boom may be in the offing. In the first quarter, American companies for the first time invested more in software than in information-technology equipment. Outside of buildings and other structures, software surpassed every type of investment.\n\nGood News, Bad News\n\nCorn prices are vaulting higher. That's welcome news for farmers battered by weak commodity prices. But this time it's because inclement weather put farmers well behind in their planting schedules and raised worries that swaths of farmland wouldn’t be sown at all. Over the past five years, U.S. farmers had planted 90% of their corn crop on average by this point in the growing season. This year, that figure has dropped to 58%, Joe Wallace reports.\n\nAround the World\n\nBritain’s opposition Labour Party leader, Jeremy Corbyn, said any Brexit deal should be put to a referendum. That is the strongest signal yet that a major British political party is willing to open the door to a vote that could cancel the U.K.’s exit from the European Union.\n\nGermany’s jobless raterose for the first time in more than five years in May. The adjusted jobless rate climbed to 5% from a record low of 4.9% in April, a sign the recent slowdown in growth is spreading further through Europe’s largest economy.\n\nCanada’s Liberal government on Wednesday introduced legislation that would ratify the revised version of the North American free-trade pact, moving ahead less than two weeks after the Trump administration lifted tariffs on the country’s steel and aluminum exports.\n\nArgentine unions held a national strike Wednesday, forcing banks to shut their doors, airlines to ground flights and a soccer final to be postponed. Many Argentines are upset with a sharp recession and rising prices. In April, inflation hit 56% while the economy shrank 6.8% in March.\n\nQUOTE OF THE DAY\n\n“China definitely won’t accept any deal that harms sovereignty and dignity.” —China Commerce Ministry spokesman Gao Feng, speaking to reporters Thursday\n\nWHAT ELSE WE’RE READING (AND WATCHING)\n\nThese guys want to give the Fed a new mandate. \"There’s an increasingly strong case that the Federal Reserve should cut interest rates to weaken the U.S. dollar and encourage greater exports—and that it should do it soon,\" former CKE Restaurants CEO Andy Puzder and economics writer Jon Hartley write in a WSJ op-ed.\n\nMust Xi TV: Fox Business’s Trish Regan and China Global Television Network's Liu Xin squared off for a debate on U.S.-China trade relations. The broadcast was a rare chance for Beijing to reach out directly to an American audience. Look for yourself here.\n\nSign Up for Our Calendar\n\nReal Time Economics has launched a downloadable Google calendar with concise previews, forecasts and analysis of major U.S. data releases.\n\nTo add to your Google Calendar on desktop, click here.\n\nTo add to your Google calendar app on mobile, click here.\n\nIf you prefer to view the calendar using a web browser, with the option of adding select Real Time Economics entries to your calendar, click here.\n\nAnd here's our how-to.\n\nLet us know what you think. This is a pilot project, so we’d appreciate your feedback.",
    "published": "2019-05-30"
  },
  {
    "source": "WSJ",
    "title": "Low Yields Might Mean This Is as Good as It Gets",
    "summary": "A realization is growing that a stubborn shift lower is the new way of the world",
    "link": "https://www.wsj.com/articles/low-yields-might-mean-this-is-as-good-as-it-gets-11559240505?mod=Searchresults_pos11&page=71",
    "content": "In October, investors were worried that higher bond yields would hurt stocks. In January—after the Federal Reserve backtracked on rate rises—they thought lower yields would help stocks. Now, falling government-bond yields world-wide are spooking shareholders, with some on Wall Street again talking about recession.\n\nWhat’s going on? We saw something similar in 2016; then as now, the concerns were in large part made in China. But look deeper, and there is something else afoot: A rising sense not of imminent trouble but of a realization that central banks might not be able to spark growth and inflation, and that a stubborn shift lower is the new way of the world.\n\nIn 2016, bond markets freaked out and yields reached record lows. This week, the German 10-year bond, the benchmark for the eurozone, came within a hair’s breadth of that 2016 trough. In the U.S., the level of yield is much higher, but the scale of the fall since October is virtually identical to the fall to the lows over the same time frame in 2015-2016.\n\nThere are other similarities. Investors are worrying that future inflation will be subdued. In the U.S., the probability of inflation above 3% over the next five years has fallen below 7% for the first time, aside from the recession panic of December, since 2016, according to the Minneapolis Federal Reserve.\n\nIn both the U.S. and Europe, future inflation expectations priced into markets have fallen, in Europe’s case a lot. The eurozone inflation swap for the five years starting in five years’ time, a gauge closely watched by the European Central Bank, is back below 1.3% and close to the 2016 low.\n\nTraders are betting that the Fed will cut rates more than once by January. Meanwhile, the ECB isn’t expected to push rates back above zero for seven years, twice as long as was expected at the start of the year.\n\nIn 2016, investors feared that China’s economy was slowing, and there was a hangover from the previous year’s devaluation of the yuan. Today the danger is that the trade fight with China badly hurts global manufacturing, already struggling with a tepid world economy.\n\nIn some ways, a repeat of 2016 might be welcome. The rapid decline in bond yields in the summer of 2016 was ignored by equities, which were on the rebound from the oil slump at the start of that year. Bond yields snapped back up again fast, then soared when Donald Trump was elected president.\n\nYet, there are significant differences. The 2016 low in yields came amid serious concerns about Britain’s vote to leave the European Union. It didn’t take long for investors to conclude that this was a problem mainly for the British, as it has stayed since then.\n\n“It feels more like a slow burn this time as opposed to the shock of the Brexit event,” says Andrew Bosomworth, Pimco’s head of portfolio management in Germany. “Trade has been more of a drip-feed process.”\n\nDeflation was a more obvious problem in 2016, too. The big drop in oil prices had left Europe and Japan with headline deflation once again, encouraging talk of a deflationary spiral. Inflation options implied a 40% chance of price rises averaging less than 1% over five years.\n\nThis time, there is much less concern about deflation. Options markets suggest only a 12% chance of such “lowflation” on the way, and current headline inflation isn’t far below central banks’ 2% target in the U.S. and Europe; Japan is still failing to reach its goal, but at 0.9% in April was some way from deflation.\n\nInstead, the concern this time is that the economic models central banks and investors rely on to forecast inflation no longer work. Perhaps the internet, trade and manufacturing technology will cap price rises even with full employment?\n\n“It’s this growing sense that there might be little mini [economic] cycles but the long-term outlook is a rather depressing grind lower in potential growth and inflation prospects,” says Sebastian Mackay, a multi-asset fund manager at Invesco. “It just seems that central banks’ direct influence on inflation is quite limited.”\n\nThis view is one reason stocks and corporate bonds have fallen much less than the drop in bond yields might suggest. Sure, the S&P 500 is down 5.3% from its peak. And corporate-bond yields are up, although nowhere near as much as in 2016. But the general rush for safety that took place in 2016 hasn’t been repeated this year in classic havens such as gold and the yen.\n\nInvestors who fear specific events—higher tariffs, Brexit—can quickly change their minds if the events don’t pan out as expected. It takes a lot longer to shift entrenched views about what counts as normal for inflation or for the power of central banks, or a long-running confrontation with China. The danger is that unlike in 2016, this time around low yields are caused as much by a shift in mind-set as they are by the impact of trade barriers on the economy.\n\nWrite to James Mackintosh at James.Mackintosh@wsj.com",
    "published": "2019-05-30"
  },
  {
    "source": "WSJ",
    "title": "Fed Would Consider Interest-Rate Cuts if Growth Outlook Darkens",
    "summary": "Central bank’s vice chairman, Richard Clarida, says any persistent inflation shortfall would also prompt policy reassessment",
    "link": "https://www.wsj.com/articles/fed-would-consider-interest-rate-cuts-if-growth-outlook-darkens-11559231999?mod=Searchresults_pos13&page=78",
    "content": "Richard Clarida in Dallas on Feb. 25. The Fed official offered no suggestion that any cuts are imminent and affirmed the Fed’s current policy stance.\n\nFederal Reserve Vice Chairman Richard Clarida said the U.S. economy is in good shape but that central bank officials would consider interest-rate cuts should economic data reveal a material risk of a sharper slowdown than they currently expect.\n\n“Let me be very clear that we’re attuned to potential risks to the outlook,” Mr. Clarida said Thursday during a moderated discussion at the Economic Club of New York. “And if we saw a downside risk to the outlook, then that would be a factor that could call for a more accommodative policy.”\n\nFed officials didn’t indicate any willingness to change their make-no-moves policy footing at their April 30–May 1 meeting. Shortly after that meeting, a breakdown in trade talks between the U.S. and China led President Trump to raise tariffs on roughly $200 billion in goods to 25% from 10%, representing a significant escalation in tensions.\n\nIn recent days, bond investors have increasingly calculated that economic weakness would prompt the Fed to cut rates to bolster growth.\n\nAll of this has unfolded at the same time that Fed officials have been surprised by weakness in inflation that has defied forecasts of a sustained return to its 2% goal. Mr. Clarida said officials reaffirmed their current policy stance at the meeting because they expect some of the recent inflation softness to be temporary.\n\n“We think some of that, a lot of that may be transitory, but the reality is it has been softer,” he said.\n\nMr. Clarida, in prepared remarks Thursday, offered no suggestion that rate cuts are imminent or that he is in any hurry to change the Fed’s policy stance.\n\nBut he added an important caveat: Fed officials would reassess that stance “if the incoming data were to show a persistent shortfall in inflation below our 2% objective, or were it to indicate that global economic and financial developments present a material downside risk to our baseline outlook,” he said.\n\nThe Fed raised its short-term benchmark rate four times last year but scrapped plans in January to continue lifting it. Mr. Clarida cited two big factors for the pivot: weaker inflation and a slowdown in global growth.\n\nWhile the U.S. economy isn’t as exposed as others to shifts in global demand, “when there is a slowdown in the rest of the world, it does show up in our data,” Mr. Clarida said.\n\nHe added that it was too soon to draw conclusions about the implications of recent bond-market developments in which yields on long-term government debt have fallen below yields on shorter-maturity securities. Such so-called inverted yield curves have tended historically to precede interest-rate cuts and recessions. He said it was important to distinguish between the recent flat yield curve and an inversion that lasted for some period of time. “We really haven’t seen that yet,” he said.\n\nThe central bank’s No. 2 official also said the economy’s performance over the past year suggested it may have greater capacity to grow without pushing inflation to undesirable levels than Fed models had previously anticipated.\n\n“While predicting the future is difficult, with available data it appears that in 2018 and in the first quarter of 2019, the supply side of the economy—employment, participation and productivity—expanded faster than most forecasters outside and inside the Fed expected,” Mr. Clarida said.\n\nHe didn’t elaborate on the policy implications of any such rethinking, though at a minimum it would suggest even less need for the central bank to raise interest rates.\n\nSince raising rates in December, some Fed officials have grown uneasy about their inability to keep inflation at their 2% target. In March, inflation excluding volatile food and energy categories rose 1.6% from a year earlier, according to the Fed’s preferred gauge, down from 1.8% in January and 2% in December.\n\nAt issue is a framework that has long animated thinking in mainstream economics and inside the Fed. It holds that inflation rises as slack across the economy declines, and that the disappearance of slack can best be measured as unemployment falls below a level estimated to be consistent with stable prices.\n\nWhile the relationship between declining unemployment and rising wages has held up in recent years, the relationship between declining unemployment and rising prices has been very weak.\n\nFed officials have revised down their estimates of the lowest unemployment rate consistent with stable prices, to 4.3% in March from 4.7% two years ago. Mr. Clarida said Thursday that the range of plausible estimates “may extend to 4% or even below.” The unemployment rate was 3.6% in April, a half-century low.\n\nWrite to Nick Timiraos at nick.timiraos@wsj.com",
    "published": "2019-05-30"
  },
  {
    "source": "WSJ",
    "title": "Copper Continues to Pull Back",
    "summary": "Prices slide for seventh time in nine sessions, hitting four-month low",
    "link": "https://www.wsj.com/articles/copper-continues-to-pull-back-11559223506?mod=Searchresults_pos8&page=27",
    "content": "A worker processes copper pipes at a factory in Oizumi, Gunma prefecture in Japan. Photo: kazuhiro nogi/Agence France-Presse/Getty Images\n\nCopper prices fell Thursday, dropping for the seventh time in nine sessions, as worries about a global-growth slowdown continued to hurt the industrial metal.\n\nCopper for July delivery, the most-active futures contract, fell 0.4% to $2.6540 a pound on the Comex division of the New York Mercantile Exchange, hitting a fresh four-month low. Prices have erased nearly all of their 2019 gains and are about 11% below their April peaks, hurt by anxiety about escalating tariffs in the U.S.-China tariff fight.",
    "published": "2019-05-30"
  },
  {
    "source": "WSJ",
    "title": "Oil Slides to 12-Week Low on Small Decline in U.S. Inventories",
    "summary": "EIA report shows U.S. oil production has climbed back to a record 12.3 million barrels a day that it reached in late April",
    "link": "https://www.wsj.com/articles/oil-falls-after-small-decline-in-u-s-crude-inventories-11559234385?mod=Searchresults_pos12&page=40",
    "content": "• Oil prices fell to their lowest since March after data showed a very slight decline in U.S. oil inventories that remain near a 22-month high.\n\n• West Texas Intermediate futures, the U.S. oil benchmark, ended 3.8% lower at $56.59 a barrel on the New York Mercantile Exchange, marking the lowest closing price since March 8, and the fifth decline over the past seven sessions.\n\n• Brent crude, the global oil benchmark, ended down 3.7% at $66.87 a barrel on London’s Intercontinental Exchange. That was its lowest closing price since March 12.\n\nHIGHLIGHTS\n\nInventories: Crude prices rocketed higher during the first four months of the year as major producers including Saudi Arabia cut production to reduce supplies. But the month of May has seen U.S. oil prices slide 11% as U.S. oil inventories have surged to bloated levels not seen since mid-2017, and as investors worry the U.S.-China trade spat will curb economic growth and reduce oil demand.\n\nOn Thursday, the Energy Information Administration reported that stockpiles of crude oil in the U.S. declined by just 282,000 barrels last week. That compared with expectations in a Wall Street Journal survey for a 1-million-barrel decline, as analysts were expecting the unofficial start of the summer driving season would begin to boost demand. Total U.S. crude-oil inventories now stand at 476.4 million barrels, just slightly below the bearish 22-month high reached in last week’s report.\n\n“Oil prices are under pressure as inventories remain robust in the U.S.,” said Rob Haworth , senior investment strategist at U.S. Bank Wealth Management.\n\nThe EIA report was also bearish in that it showed U.S. oil production has climbed back to a record 12.3 million barrels a day that it reached in late April, while motor gasoline supplied to the market, a proxy for demand, fell slightly last week, to 9.4 million barrels a day.\n\nU.S.-China Trade: Also keeping downward pressure on oil prices are the seemingly endless trade negotiations between the U.S. and China that have been marked by tit-for-tat tariffs being applied on each other’s imports. Oil investors worry the tariffs could be slowing global economic growth and reducing demand for crude oil.\n\n“Broadly speaking, oil’s main drivers remain intact, with trade tensions and seemingly strong supply data undermining an elevated geopolitical risk environment,” said Robbie Fraser , senior commodities analyst at Schneider Electric in Louisville, Ky.\n\nINSIGHT\n\nOPEC: Even as U.S. oil inventories remain in focus, energy investors are beginning to turn their attention to a late June meeting of the Organization of the Petroleum Exporting Countries, and other producers including Russia. The high-level meeting’s participants are likely to decide whether to extend until the end of 2019 the production cuts they agreed to in December.\n\nMr. Haworth, from U.S. Bank Wealth Management, said the anticipation surrounding the OPEC meeting probably may keep a lid on prices over the next few weeks. “In our view, oil prices are likely to remain rangebound heading into next month’s OPEC meeting,” he said. “Soft global economic growth and the weaker trend in oil prices could lead OPEC to maintain their current production cuts to support oil prices. “\n\nAHEAD\n\n• The EIA will release its monthly report on oil production on Friday.\n\nWrite to Dan Molinski at Dan.Molinski@wsj.com",
    "published": "2019-05-30"
  },
  {
    "source": "WSJ",
    "title": "Mexico Gets Ball Rolling on Trade-Deal Ratification",
    "summary": "New deal needs approval from Mexican, Canadian and U.S. legislatures",
    "link": "https://www.wsj.com/articles/mexico-gets-ball-rolling-on-trade-deal-ratification-11559248675?mod=Searchresults_pos5&page=37",
    "content": "MEXICO CITY—The Mexican government has launched the process of securing legislative approval for the U.S. Mexico Canada Agreement, the trade deal negotiated last year to replace the North American Free Trade Agreement.\n\nTrade and foreign relations officials delivered the text and related documents to the Senate on Thursday afternoon. Mexican President Andrés Manuel López Obrador earlier said he was optimistic the deal would be ratified.\n\n“We consider it’s in our interest, that it’s beneficial for there to be more foreign investment, with companies participating to create well-paid jobs in the country,” he said at his daily press conference.\n\nThe trade agreement, which requires congressional ratification in all three countries, is expected to get broad support from Mexico’s main political parties.\n\nTwo obstacles to starting the ratification process were cleared in the past month when the Mexican Congress changed labor laws to bring them in line with the new trade deal, and the U.S. lifted tariffs on Mexican and Canadian steel-and-aluminum imports. Mexico and Canada in turn eliminated tariffs imposed in retaliation.\n\nMr. López Obrador said resolving the steel issue was a condition for Mexico to move forward in the ratification process.\n\n“We’ve said it before: free trade yes, trade war no,” he said.\n\nThe Canadian government introduced legislation Wednesday seeking to ratify the new pact, known as USMCA. The deal could face the stiffest opposition in the U.S.\n\nMexico’s private sector has recently stepped up its lobbying campaign with Democratic legislators to bolster U.S. congressional support for the deal.\n\n“A big part of them are young legislators who have never voted on trade treaties,” said Moisés Kalach , a textile-industry businessman who led Mexico’s private-sector advisory committee during negotiations to rewrite Nafta.\n\nDuring the negotiation process, Mr. Kalach lobbied Republican legislators and other political leaders in states such as Texas. Now the effort to ensure support for the trade deal has “shifted to California and the Democrats” following last year’s midterm elections, he said.\n\nThat effort focuses in large part on persuading U.S. legislators that Mexico’s labor overhaul addresses longstanding concerns among Democrats and U.S. labor groups over the wide income disparities between Mexican and U.S. workers, and Nafta’s failure to significantly narrow such wage gaps.\n\nMexican private-sector groups have held about 100 lobbying meetings, including with some 60 Democrat legislators elected last year, Mr. Kalach added.\n\nMexico’s hope is that the deal can be approved by all three legislatures before the U.S. Congress goes into recess at the end of July, said Jesús Seade , Mexico’s chief trade negotiator. The Mexican Congress is already in recess but the government said it would request that the Senate convene an extraordinary session to approve the trade deal.\n\nMr. López Obrador said he was optimistic the agreement would pass in all three countries, “even with the differences there could be in the U.S.” Mexico doesn’t have a Plan B in the event U.S. legislators demand changes to the agreement, he added.\n\nWrite to Anthony Harrup at anthony.harrup@wsj.com and Santiago Pérez at santiago.perez@wsj.com",
    "published": "2019-05-30"
  },
  {
    "source": "WSJ",
    "title": "U.S. Lets Some Countries Continue Limited Iran Oil Imports",
    "summary": "Nations granted temporary reprieve from sanctions if purchases were completed, loaded by May 2 deadline",
    "link": "https://www.wsj.com/articles/u-s-lets-some-countries-continue-limited-iran-oil-imports-11559233603?mod=Searchresults_pos15&page=12",
    "content": "Direct buyers of Iranian crude have all but vanished in recent weeks, traders said. Above, an offshore Iranian oil platform in 2017.\n\nCountries that haven’t yet hit a U.S. limit on imports of Iranian oil can continue the trade without risk of sanctions until they reach the negotiated cap, a senior U.S. official said.\n\nThe U.S. in November issued waivers for China, India and six other countries to continue importing limited amounts of oil from Iran. But the waivers expired in early May and the administration said no new waivers would be granted, as the Trump administration pursued a pressure campaign against Iran that has heightened tensions between Washington and Tehran.\n\nBrian Hook, the U.S. Special Representative for Iran, said countries with U.S. waivers could import Iranian oil until they reach limits set by the U.S. Photo: andrew caballero-reynolds/Agence France-Presse/Getty Images\n\nThe Wall Street Journal reported in early May that the Trump administration was considering measures that, while moving toward the goal of halting all Iranian oil exports, would make the transition easier for importers such as India and China.\n\nThe move could also represent a small gesture toward Iran at a time when Iranian officials have rebuffed President Trump’s calls for them to reach out and start fresh talks with him on Tehran’s nuclear program.\n\n“So once people have reached that cap of what was negotiated…that then would be the limit of the oil that we would permit to move through that would not be sanctioned,” Brian Hook , the U.S. Special Representative for Iran, said in a telephone briefing on Thursday.\n\n“We will sanction any efforts to import Iranian crude oil beyond the limits that were negotiated in the period that ran from November through May,” he said.\n\nMr. Hook later Thursday issued a statement clarifying the U.S. position. In that statement, he said that if oil was purchased, loaded and en route before the May 2 deadline, those deliveries would be allowed by the U.S. But, he added in the statement, any new purchases of oil after May 2 would be subject to possible U.S. sanctions, even if the country hadn’t yet reached its negotiated cap.\n\nJapan, South Korea, Turkey, Taiwan, Italy and Greece were the other countries granted waivers last November. The level of the caps for each country wasn’t made public.\n\nIranian officials have said the exempted oil buyers were purchasing up to 1.6 million barrels of Iranian crude oil a day until March, but direct buyers have all but vanished in recent weeks, according to Iranian traders and executives.\n\nMr. Hook said that once U.S. oil sanctions are fully effective, the Iranian regime will miss out on some $15 billion in revenues, 40% of its budget. That is a major part of the U.S. economic pressure that has pushed Iran into a deep recession, he said.\n\nIran has reacted angrily to Washington’s increased sanctions pressure and warned that it would start to scale up its nuclear activities. Tensions have risen as the U.S. bolstered its military presence in the Persian Gulf following what U.S. officials said were threats by Iran and its proxies against U.S. interests.\n\nMr. Hook, who was speaking ahead of an emergency summit of Arab leaders in Saudi Arabia focused on Iran, also said the U.S. move to scale up its military presence around Iran had proven to be a successful deterrent against Iranian threats.\n\n“We are very pleased with how we have managed Iran’s threats over the last few weeks,” he said. “We are postured in a way that if we are attacked, we will respond with military force.\n\nIan Talley and Benoit Faucon contributed to this article.\n\nWith tensions rising between Iran and the U.S. in recent days, amid concerns about a potential U.S.-Iran conflict, is there a chance the two countries could talk directly? WSJ's Gerald F. Seib explains how the scenario could play out. Photos: Getty\n\nWrite to Laurence Norman at laurence.norman@wsj.com",
    "published": "2019-05-30"
  },
  {
    "source": "WSJ",
    "title": "U.S. Treasurys Gain as Growth Concerns Deepen",
    "summary": "The fall in government-bond yields has been a global phenomenon",
    "link": "https://www.wsj.com/articles/u-s-government-bonds-gain-as-growth-concerns-deepen-11559146011?mod=Searchresults_pos15&page=49",
    "content": "Yields on government bonds around the world fell to new 20-month lows as a deepening rift between the U.S. and China over trade pushed investors to safer assets.\n\nThe yield on the benchmark 10-year Treasury note fell to its lowest level since September 2017, settling at 2.238% from 2.268% Tuesday.\n\nYields, which fall as bond prices rise, fell Wednesday along with global stocks after an unnamed Chinese official suggested that the government could consider restricting exports of rare earth minerals as a response to higher U.S. tariffs. Those are essential for making products such as smartphones.\n\nThe fall in yields has been a global phenomenon. The yield on the 10-year German bund yields fell further into negative territory after a report said that unemployment rose unexpectedly. The 10-year Australian government-bond yield fell to a record low, with officials assessing measures to protect the country’s 27-year-long expansion from the effects of reduced Chinese demand for its commodities exports.\n\nThe U.S. Treasury Department building in Washington. Photo: mandel ngan/Agence France-Presse/Getty Images\n\nInvestors are increasingly betting that the Federal Reserve could cut interest rates to try to prolong the expansion. Treasury notes maturing from two to 10 years are all trading below the 2.25% lower range of the federal-funds rate, a development analysts say suggests that investors are betting that the fed-funds rate will fall.\n\nThe rally “has not been triggered by any specific headline,” said Justin Lederer , an interest-rate strategist at Cantor Fitzgerald LP. Investors are trying to address uncertainty across a broad range of issues including trade tensions, slowing growth and inflation and Brexit, and have been flocking to Treasurys, he said.\n\nThe surge of demand for safe assets has triggered a widely watched measure of recession risk, sending the 10-year yield further below the yield on the three-month Treasury bill. Investors watch the dispersion between yields on short- and longer-term Treasurys—called the yield curve—because shorter-term yields tend to exceed longer-term ones before recessions. That has happened several times this year, a phenomenon known as an inverted yield curve.\n\nWrite to Daniel Kruger at Daniel.Kruger@wsj.com",
    "published": "2019-05-30"
  },
  {
    "source": "WSJ",
    "title": "U.S. Stocks, Bond Yields Fall Further Amid Trade Jitters",
    "summary": "Fears that U.S.-China trade row will add pressure on already slowing world economy have rocked markets",
    "link": "https://www.wsj.com/articles/global-stocks-and-treasury-yields-extend-declines-11559117035?mod=Searchresults_pos9&page=43",
    "content": "Stocks, bond yields and commodities around the world declined again Wednesday, as worries about slowing economic growth spurred a further retreat from riskier investments.\n\nRisk assets slid to start the day, at one point sending the Dow Jones Industrial Average down more than 400 points and oil prices down more than 3%, before they trimmed some of their drops near the end of the session.\n\nMarkets have been stung lately by fears that a drawn-out U.S.-China trade dispute will add pressure on an already slowing world economy. President Trump indicated Monday that a near-term deal between the two sides is unlikely, and economic data pointing to weakness around the globe have added to growth concerns in recent days.\n\nReports in Chinese media outlets Wednesday that China could cut exports of rare-earth metals critical to products ranging from electronics to military equipment were the latest trigger for trade-related volatility, investors said.\n\n“The industrial side of the world is still slowing, and that’s concerning,” said Paul Zemsky , chief investment officer of multiasset strategies and solutions at Voya Investment Management. “While I think the U.S. will continue to plow through, the rest of the world becomes more questionable.”\n\nMr. Zemsky said the firm has lowered the total amount of risk in its portfolios in recent months.\n\nThe Dow industrials closed down 221.36 points, or 0.9%, at 25126.41—its lowest level since Feb. 11—following a sixth decline in eight sessions.\n\nThe S&P 500 dropped 19.37 points, or 0.7%, to 2783.02, with each of its 11 sectors falling. The broad equity gauge logged its lowest close since March 8 and is 5.5% below its April 30 record.\n\nThe tech-laden Nasdaq Composite finished down 60.04 points, or 0.8%, to 7547.31.\n\nThe yield on the benchmark 10-year U.S. Treasury note—which is tied to interest rates on mortgages, auto loans and student debt—also extended a recent slide, dropping to 2.238% from 2.268% a day earlier. The yield is at its lowest level since September 2017. Bond yields fall as prices rise and have dropped with investors seeking safety in Treasurys lately.\n\nDrops in long-term bond yields have hurt shares of lenders recently, though bank stocks stabilized and were roughly flat Wednesday.\n\nData showed Germany’s jobless rate rose unexpectedly in May, according to the Federal Employment Agency, fueling fresh concerns about the health of Europe’s largest economy.\n\nAmid a shaky marketplace, investors are eyeing the yield curve for signs of economic stability. History shows that when the yield curve inverts, a recession may soon follow. Photo Composite: Stephanie Swart for The Wall Street Journal.\n\nCommodities that are the building blocks of construction and manufacturing slipped Wednesday, the latest example of demand concerns hurting growth-sensitive materials. U.S. crude prices declined 0.6%, after earlier falling more than 3%, with oil extending a recent stretch of volatility amid rising stockpiles. Copper futures fell 1.1%.\n\nBoth commodities are down 10% or more from their 2019 peaks, a warning sign to those who use materials as a gauge of momentum in the world economy.\n\nTheir recent declines also signal concerns that purchases by businesses would slow as the U.S.-China tariff fight continues.\n\n“Companies are just going to use up their inventories a bit more before reordering these new inputs to production,” Mr. Zemsky said.\n\nThe New York Stock Exchange. The S&P 500 on Wednesday was on track for its lowest close since mid-March. Photo: Michael Nagle/Bloomberg News\n\nAnalysts were looking ahead to a second reading of first-quarter U.S. economy growth, scheduled for Thursday. The first reading showed gross domestic product rose at a 3.2% annual rate, even with growth in consumer and business spending slowing.\n\nFriday consumer-spending figures from April could also shift expectations for the U.S. economy, after industrial production and retail sales for that month were weaker than expected.\n\nDespite strength in the U.S. labor market, some analysts expect weakness overseas to eventually spread as tariffs escalate, threatening the nearly 10-year old economic expansion.\n\nThe trade dispute “has caused the economy to slow and is going to continue to cause the economy to slow,” said Chris Cordaro, chief investment officer at RegentAtlantic.\n\nIn addition to Treasurys, some analysts have preferred buying the dollar recently to protect their portfolios, expecting the U.S. economy to remain steady relative to growth overseas. The WSJ Dollar Index, which tracks the dollar against a basket of 16 other currencies, rose for the third consecutive session and was near its highest level of the year.\n\nTraders have also lifted bets that the Federal Reserve will lower interest rates later this year. Federal-funds futures show the market pricing in an 83% chance the Fed will cut rates at least once in 2019, up from 64% a month ago, CME Group data show.\n\n“Rates markets are reflecting a bit of the insurance policy against a recession or a big market downturn,” said Adrian Helfert , director of multiasset portfolios at Westwood Holdings, which has increased positions in Treasurys recently.\n\nShare Your Thoughts How have you adjusted your portfolio in response to higher tariffs and projections for slower global economic growth? Join the conversation below.\n\nStill, Mr. Helfert said he thinks U.S. growth will stay sturdy given recent data points showing consumer strength and steady hiring.\n\nThe Fed’s patient stance with rates is another reason some analysts are still optimistic stocks can avoid a deeper slide, such as the one that nearly ended the S&P 500’s bull-market run late last year.\n\n“If interest rates are declining again, the relative expected return of stocks versus bonds keeps getting more attractive,” Mr. Cordaro of RegentAtlantic said, adding that the firm has recently maintained its allocation to stocks.\n\nElsewhere, the Stoxx Europe 600 fell 1.4%.\n\nIn Asia, Korea’s Kospi closed 1.2% lower, hitting a nearly five-month low, while Japan’s Nikkei Stock Average fell 1.2%. The Shanghai Composite inched up 0.2%.\n\nNathan Allen contributed to this article.\n\nWrite to Amrith Ramkumar at amrith.ramkumar@wsj.com",
    "published": "2019-05-30"
  },
  {
    "source": "WSJ",
    "title": "Pence Says Administration Seeks New Nafta’s Approval This Summer",
    "summary": "Getting pact through Congress is seen by White House as important for 2020 re-election effort",
    "link": "https://www.wsj.com/articles/pence-says-administration-seeks-new-naftas-approval-this-summer-11559238374?mod=Searchresults_pos17&page=44",
    "content": "Vice President Mike Pence and Canadian Prime Minister Justin Trudeau expressed optimism Thursday about the prospects for legislative approval in Canada and the U.S. of the trade agreement proposed to replace Nafta.\n\nOTTAWA—The Trump administration stepped up its campaign to win support for a new trade agreement with Canada and Mexico that faces congressional headwinds.\n\nIn a visit to Canada’s capital, Vice President Mike Pence said Thursday the White House was making “energetic efforts” to get the U.S.-Mexico-Canada Agreement passed through Congress this summer, calling it an “historic opportunity to strengthen the economic ties” of the three countries.\n\nThe agreement is intended to replace the North American Free Trade Agreement.\n\nIn Washington, officials submitted what is known as the draft statement of administrative intent, an early version of a document formally laying out how USMCA will affect U.S. international obligations and domestic law. The statement doesn’t commit the administration to submitting USMCA’s implementing legislation, a step that would require Congress to vote on the deal in a set time period.\n\nRather, the document signals to lawmakers that the White House wants to resolve any disagreements on the deal and send it to lawmakers if there is a path to majority votes in the House and Senate.\n\nHouse Speaker Nancy Pelosi (D., Calif.) said the administration’s procedural move was premature. “It indicates a lack of knowledge on the part of the administration on the policy and process to pass a trade agreement,” she said in a statement. “We all agree that we must replace Nafta, but without real enforcement mechanisms we would be locking American workers into another bad deal.”\n\nResponding to Mrs. Pelosi’s remarks, Mr. Pence said, “We remain very confident that the action we take today will facilitate more discussions” between the administration and congressional leaders.\n\nIn the administration’s statement sent to congressional leaders, Robert Lighthizer , the U.S. trade representative, said that the document “does not limit our ability to find solutions to address concerns members have raised about enforcement of labor and environmental provisions of the agreement and pharmaceutical pricing.”\n\nSharp words between Mr. Trump and Mrs. Pelosi have raised questions about whether they could work together on legislation. Mrs. Pelosi has demanded changes to tighten enforcement of new labor provisions aimed at Mexico, and Democrats have other concerns about the environment and drug affordability.\n\nThe new pact requires ratification from all three nations’ legislatures. The USMCA is a priority for the White House, which is looking to deliver an economic victory to voters before Mr. Trump’s re-election campaign kicks into high gear.\n\nMr. Trump had said last week he wouldn’t work with the Democrats in Congress until they stopped investigating his administration following the release of special counsel Robert Mueller ’s report on Russian interference in the 2016 election. However, in Japan this week, Mr. Trump said, “I think that we will work with them.”\n\n“We have a deal with Canada and Mexico that everybody wants,” Mr. Trump said. “It’s all done. And I think they probably want to be doing that.”\n\nMr. Pence further affirmed efforts to get the agreement passed. “I want to assure you we are making energetic efforts to move approval through the Congress of the United States this summer,” he said, appearing alongside Canada’s Prime Minister Justin Trudeau.\n\nMr. Trudeau joked that “it took some time to get it right,” but ultimately, his government was looking forward to the deal’s ratification.\n\nCanada’s Liberal government on Wednesday introduced legislation that would ratify the revised version of the North American free-trade pact. The action came less than two weeks after the Trump administration lifted tariffs on the country’s steel and aluminum exports. The government hasn’t said when a vote would be called.\n\nVice President Mike Pence was in Michigan in late April to sell the virtues of the new Nafta, or the U.S.-Mexico-Canada Agreement. But is Congress ever going to approve the agreement? WSJ's Gerald F. Seib explains. Photo: Getty (Originally published April 25, 2019)\n\nMeanwhile, the Mexican government has started the process of securing legislative approval for USMCA. Mexican President Andrés Manuel López Obrador said officials would deliver the text and related documents to the Senate on Thursday afternoon, adding he was optimistic the deal will be ratified.\n\nOn Thursday afternoon, Mr. Trump, administration officials and Customs and Border Protection officials were all expressing frustration at Mexico after the arrival of a group of more than 1,000 Central American migrants at the southern border.\n\n“Yesterday, Border Patrol agents apprehended the largest group of illegal aliens ever: 1,036 people who illegally crossed the border in El Paso around 4am,” Mr. Trump posted on Twitter.\n\nSoon after, Mr. Pence said that Mr. Trump was “considering additional action using his authority as president under the law to make it clear to Mexico that they have to do more.” Mr. Pence didn’t specifically refer to tariffs.\n\nAnthony Harrup contributed to this article.\n\nWrite to Vivian Salama at vivian.salama@wsj.com",
    "published": "2019-05-30"
  },
  {
    "source": "WSJ",
    "title": "Careful What You Wish for From the Fed",
    "summary": "The odds of a Federal Reserve rate cut this year are seen above 80%, but it is rare to see a cut without concrete signs of market turmoil or a slowdown—something that investors shouldn’t welcome",
    "link": "https://www.wsj.com/articles/careful-what-you-wish-for-from-the-fed-11559233125?mod=Searchresults_pos12&page=59",
    "content": "Getting the Federal Reserve to stop raising rates is one thing. Getting it to cut them is another.\n\nInvestors are getting jittery again. The trade spat between the U.S. and China, which up until recently seemed as if it were about to end, has instead intensified. Global growth is looking shaky, manufacturers are getting nervous and burgeoning U.S. crude stockpiles are raising concerns in the oil patch.\n\nThe result: A stumble in the stock market that has sent the S&P 500 down 5% so far this month. It might have been worse if investors didn’t believe the Fed had their back. Futures markets now imply there’s an 81% chance that the central bank will cut rates at least once before year end. Following the strong April jobs report earlier this month, the odds of a cut were set at 47%.\n\nThere is some sense to this. Up until January the Fed seemed bent on raising rates this year, but worries about trade tensions, the government shutdown, subdued inflation and turbulent markets led it to dial back its plans. As of March, most policy makers projected rates will stay on hold in 2019; back in December, their projections centered on two increases.\n\nBut the hurdle for the Fed to cut rates may be higher than investors suppose. Historically, it has eased only when the possibility of a recession is clear or when markets have fallen into such a funk that financial stability is at risk, points out Cornerstone Macro strategist Roberto Perli .\n\nA trader works on the floor of the New York Stock Exchange on May 9. Photo: Richard Drew/Associated Press\n\nIndeed, the only time in recent history when such perils weren’t completely obvious and the Fed cut rates anyway was in July 1995. Yet that came shortly after the Fed had raised its overnight rate by three percentage points in a single year, and amid clear signs of a slowdown. In contrast to today’s strong labor market, the last two job reports preceding that 1995 decision showed declines in U.S. payrolls.\n\nAs for worries that inflation is too low, it probably would need to get quite a bit cooler to spur the Fed to cut. That is unlikely, first because the Fed’s preferred inflation measure appears to have been pushed down by transitory factors that are now fading, and second because recently enacted tariffs on Chinese goods will probably nudge inflation higher.\n\nIt is still possible, of course, for conditions to worsen to the point where the Fed feels it needs to cut. On the economic front, there probably would need to be real signs of slowing. Policy makers will carefully watch sentiment-driven data, such as consumer-confidence readings or manufacturing surveys. Absent sharp deterioration, though, disappointments might not be enough to provoke a cut. Rather, the focus would be on hard data, such as jobs, spending and production.\n\nTrouble in financial markets could lead the Fed to cut, but things probably need to get a lot more pitched than what investors have experienced so far. The September 1998 cut, for example, came as the Russian debt default began spilling over to global credit markets.\n\nConsidering the conditions that would precede it, a Fed rate cut is hardly something investors should wish for.\n\nWrite to Justin Lahart at justin.lahart@wsj.com",
    "published": "2019-05-30"
  }
]