[
  {
    "source": "WSJ",
    "title": "Hardware Startups Struggle to Cope With Tariffs on Chinese Goods",
    "summary": "Companies are raising prices, changing sales strategies and evaluating new production locations as a way to counter higher costs",
    "link": "https://www.wsj.com/articles/hardware-startups-struggle-to-cope-with-tariffs-on-chinese-goods-11561134159?mod=Searchresults_pos15&page=10",
    "content": "Many American startups, especially consumer-hardware makers, are facing difficult choices as they cope with escalating trade tensions.\n\nThe U.S. government has been implementing wave after wave of tariffs on Chinese goods since last summer. During a new round in May, President Trump threatened to impose duties on potentially all imports from China.\n\nVenture-backed companies, including makers of educational robots, at-home health devices and electronic scooters, have seen significant cost increases as many rely heavily on Chinese manufacturers.\n\n“It’s all cost, friction, and additional overhead,” Brad Feld, partner at Boulder, Colo. venture firm Foundry Group, and an investor in numerous hardware startups, told WSJ Pro.\n\nStartups are responding by increasing prices, changing their sales strategy, and evaluating new production locations.\n\n“It’s forcing us to raise our prices and, ultimately, it’ll force us to sell fewer units, which means lower revenue,” said Paul Berberian, chief executive of Sphero Inc., known for its programmable rolling robot toys, which are made in China.\n\nOne of Sphero’s products—app-enabled musical rings called Specdrums—was slapped with an import tariff last year. The company increased the price to $64.99 from the planned $49, and decided to drop a cheaper version that was in development, Mr. Berberian said.\n\n“We sell to kids. It seems kind of bad to tax kids,” Mr. Berberian said.\n\nBig companies are switching manufacturing locations or reallocating resources to other products and revenue sources. Apple Inc., for instance, is asking suppliers to study shifting final assembly of some products out of China as it considers diversifying its supply chain, The Wall Street Journal reported.\n\nStartups don’t typically have that luxury.\n\n“There’s no Plan B,” said Nisan Lerea, co-founder and chief executive of Wazer Inc., a startup that sells precision-cutting tools which it makes in the Brooklyn Navy Yard using Chinese parts. “We need to stay the course because we are not going to say, ‘Oh, now I’ll do something differently, the company doesn’t have the scope.”\n\nWazer founders Matt Nowicki and Nisan Lerea. Photo: Wazer Inc.\n\nWazer was forced to increase its price for its desktop waterjet, passing on its costs to the American manufacturers that buy its product, Mr. Lerea said.\n\nEven without extra costs, hardware startups face high failure rates. Several well-funded venture-backed companies, such as robotics startups Anki Inc. and Jibo Inc., have gone out of business in the past few months for reasons other than tariffs. But costs stemming from tariffs are straining companies that already operate on low margins.\n\n“Incremental tariffs are not something that we modeled into our business model,” said Kal Vepuri, founder and CEO of Hero Health Inc., a New York maker of electronic-medication dispensers for home use. Hero Health raised $12 million in Series A funding last year before seeing tariff-related cost increases on many of the components it imports from China.\n\nBad timing\n\nTariffs are hitting a broad swath of venture portfolios, in part because firms have been ramping up investments in hardware startups such as Bird Rides Inc., which imports scooters from China. Venture-backed consumer electronics startups in the U.S., raised about $19.39 billion in capital in the past five years, according to Dow Jones VentureSource.\n\nThe U.S. in May raised tariffs on $200 billion worth of Chinese goods to 25% from 10%, increasing the toll on more businesses.\n\nMisty Robotics Inc., which has a few dozen employees, found out that its programmable robot, Misty II, would be subject to a 25% tariff after some of its customers had already preordered the robot for $1,699 via a crowdfunding campaign. Misty decided against changing the price for those customers, and will be delivering it for less than its cost, said Tim Enwall, head of Misty Robotics.\n\n“That alone will cost us half a month’s payroll,” Mr. Enwall said.\n\nMisty Robotics had to increase the price of its programmable robot Misty II. Photo: Misty Robotics\n\nNew customers would have to pay $2,400 if they preorder, making these robots less competitive on pricing.\n\n“All that means is that the Japanese and the French robots are more affordable,” Mr. Enwall said.\n\nHardware startups also are considering shifting production out of China. But it comes at a cost that most early-stage startups can’t afford, said David Pakman, partner at venture firm Venrock.\n\nPrimarily, the U.S. isn’t a suitable location for many of these companies seeking a low-cost location. Prohibitive costs and a lack of manufacturing facilities for low-volume electronics make shifting production to the U.S. untenable, Mr. Enwall said.\n\nIn the case of Hero Health Inc., the maker of the pill dispenser that displays a “Made in U.S.A.” label on its website, its executives are considering a plan to move the assembly from California to China, Mr. Vepuri said. The current tariff regime is such that while Hero’s components are taxed extra, the Hero machine itself could be imported without an additional duty, at least for now, Mr. Vepuri said.\n\nAs the trade talks remain in limbo, entrepreneurs are increasingly fretful.\n\n“I don’t know if our company could survive in a full-on tariff regime,” Sphero’s Mr. Berberian said.\n\nHas the relationship between the U.S. and China simply hit a speed bump or are the events of the Mid-May a sign of something more serious? WSJ's Gerald F. Seib explains. Photo: Getty\n\nWrite to Yuliya Chernova at yuliya.chernova@wsj.com\n\nCorrections & Amplifications\n\nMisty Robotics Inc., which has a few dozen employees, found out that its programmable robot, Misty II, would be subject to a 25% tariff after some of its customers had already preordered the robot for $1,699 via a crowdfunding campaign. Misty decided against changing the price for those customers, and will be delivering it for less than its cost, said Tim Enwall, head of Misty Robotics. An earlier version of this article incorrectly referred to Misty Robotics Inc. as Robotics Inc. and erroneously said Mr. Enwall was a founder of the startup. (June 21, 2019)",
    "published": "2019-06-21"
  },
  {
    "source": "WSJ",
    "title": "Today’s Logistics Report: Mega-Ship Shopping; Apple’s Core Conflicts; Oiling the Waters",
    "summary": "Today’s Top Supply Chain and Logistics News From WSJ",
    "link": "https://www.wsj.com/articles/todays-logistics-report-mega-ship-shopping-apples-core-conflicts-oiling-the-waters-11561127695?mod=Searchresults_pos14&page=74",
    "content": "The Ever Ulysses container ship at the Port of Oakland.\n\nSign up: With one click, get this newsletter delivered to your inbox.\n\nContainer lines are shopping for mega-ships again despite a gloomy outlook for global shipping.Evergreen Marine Corp. of Taiwan and Germany’s Hapag-Lloyd AG are asking Asian shipyards to build up to 15 supersize vessels worth about $2.2 billion combined, WSJ Logistics Report’s Costas Paris writes, in separate requests that could widen the gulf between capacity and demand on critical Asia-to-Europe trade lanes. The proposals from two members of competing shipping alliances mark an end to a months-long lull in orders even as demand for trans-Pacific shipments of retail and manufacturing goods is waning amid trade tensions and the slowing global economy. Operators say many older ships must be scrapped to meet 2020 limits on sulfur-emissions, and Taiwan’s Yang Ming Marine Transport Corp. and China’s Cosco Shipping Holdings Co. are also looking for new vessels.\n\nApple Inc. is wrestling with sharply conflicting interests in its supply chain. The company is asking suppliers to study shifting final assembly of some products out of China, the WSJ’s Yoko Kobuta and Tripp Mickle report, as it seeks to balance cost-saving efforts amid global trade tensions with its drive for a bigger share of China’s vast and growing market for consumer electronics. Any move could take months to years to put into motion, and wouldn’t affect the iPhone in the near term. But Apple’s requests to suppliers underscore how companies are struggling to reconcile manufacturing choices focused on cost and logistics with their attempts to sell in particular markets. Apple faces big exposure in China in both areas. The country accounts for about a fifth of its total sales and some three million jobs there are tied to Apple’s supply chain.\n\nSUPPLY CHAIN STRATEGIES\n\nMurky maritime shipping practices are snarling energy supply chains as the U.S. tightens sanctions on Tehran. Italian oil giant Eni SpA has rejected a cargo of suspected Iranian crude bound for a Silician refinery after its specifications didn’t match those of its contract for Iraqi oil, highlighting the challenges energy companies face in determining the origin of shipments that pass through multiple hands on the high seas. The WSJ’s Sarah McFarlane and Benoit Faucon report the cargo bought from Nigeria’s Oando PLC appears to have taken a circuitous route that included two ship-to-ship transfers, one from a vessel that turned its radio location signal off. U.S. officials say such tactics are red flags for potential sanctions-evasion behavior. Oando says the cargo passed muster on loading but that it has now rejected the crude and sent it back to the supplier, which the company declined to name.\n\nApple is showing support for a key supplier as both businesses cope withslowing demand for smartphones. The electronics giant has signaled it would consider requests for financial breaks for struggling Japan Display Inc., the WSJ’s Takashi Mochizuki and Kosaku Narioka report, another sign of the growing stresses in technology supply chains. Japan Display makes display panels for the iPhone XR and is running out of cash because of weaker-than-expected sales of the handset. Negotiations over a Japan Display rescue have repeatedly stumbled because of prospective investors’ concern over the company’s business outlook. The company gets half its revenue from Apple and got hefty financing help from the company to expand production, leaving it with payments due to its American customer. Apple has been involved in several run-ins with suppliers over the impact of strategy changes, but could provide key help for foundering Japan Display.\n\nQUOTABLE\n\n“These ships will run for the next 25 years and now is a good time to buy.” — A person familiar with pending container ship orders.\n\nIN OTHER NEWS\n\nU.S. initial jobless claims fell by 6,000 last week. (WSJ)\n\nThe Philadelphia Fed’s manufacturing index slowed to its lowest reading since February. (WSJ)\n\nFactory output is faltering in many economies, darkening the outlook for the global economy. (WSJ)\n\nCanada’s annual inflation rate climbed 2.4% in May. (WSJ)\n\nOil prices climbed sharply as pressures mounted in the Middle East. (WSJ)\n\nWalmart Inc. will pay $282 million to settle claims over corrupt payments abroad. (WSJ)\n\nKroger Co.’s quarterly digital sales rose 42% while overall revenue fell 1%. (WSJ)\n\nBrexit uncertainty contributed to a 20% drop in quarterly profit for cruise operator Carnival Corp. (WSJ)\n\nLocusts from Iran are threatening Pakistan’s cotton crop. (Bloomberg)\n\nMaersk Line will test the use of cooking oil as an alternative biofuel in a project with shipping customer H&M. (Port Technology)\n\nU.S. port operators want the Trump administration to remove cargo cranes from the latest round of tariffs on Chinese imports. (Hellenic Shipping News)\n\nThe first common digital standards for container shipping are expected to be proposed this year. (The Loadstar)\n\nThe average U.S. warehouse vacancy rate fell to 4.4% in the first quarter. (Journal of Commerce)\n\nThe U.S. Army Corps of Engineers approved a project to deepen the Brownsville, Texas, ship channel. (Brownsville Herald)\n\nQatar Airways ordered five Boeing Co. 777 freighters valued at $1.8 billion. (Air Cargo News)\n\nNew Balance Athletics Inc. is opening a $33 million factory in Massachusetts to test advanced manufacturing technology. (Boston Globe)\n\nItaly’s Prada is now selling on Chinese e-commerce platforms. (Glossy)\n\nThe Port Authority of New York and New Jersey completed the last piece of an intermodal rail network aimed at inland hubs. (Progressive Railroading)\n\nSome supermarkets in Vietnam and Thailand are using banana leaves as an alternative to plastic packaging. (Food Logistics)\n\nABOUT US\n\nPaul Page is editor of WSJ Logistics Report. Follow him at , and follow the entire WSJ Logistics Report team: @PaulPage, @jensmithWSJ and @CostasParis. Follow the WSJ Logistics Report on Twitter at @WSJLogistics.\n\nWrite to Jennifer Smith at jennifer.smith@wsj.com",
    "published": "2019-06-21"
  },
  {
    "source": "WSJ",
    "title": "The Daily Shot: Foreigners Own $18 Trillion of U.S. Stocks and Bonds",
    "summary": "To receive the Daily Shot newsletter in your inbox, please sign up at our Email Center. Previous issues of the Daily Shot are available online at DailyShotWSJ.com.",
    "link": "https://www.wsj.com/articles/the-daily-shot-foreigners-own-18-trillion-of-us-stocks-and-bonds-01561106284?mod=Searchresults_pos4&page=79",
    "content": "To receive the Daily Shot newsletter in your inbox, please sign up at our Email Center. Previous issues of the Daily Shot are available online at DailyShotWSJ.com.\n\nHave questions, feedback or comments? Contact author Lev.Borodovsky@DowJones.com.\n\nTwitter: @SoberLook\n\n\n\n\n\nThe Daily Shot: 22-Jun-19\n\n• The United States\n\n• The United Kingdom\n\n• Europe\n\n• Japan\n\n• Asia - Pacific\n\n• China\n\n• Emerging Markets\n\n• Cryptocurrency\n\n• Commodities\n\n• Energy\n\n• Equities\n\n• Credit\n\n• Food for Thought\n\n\n\n\n\nThe United States\n\n1. Let's begin with the Philly Fed's manufacturing report, which showed a mixed picture in the Mid-Atlantic Region's factory activity.\n\n• The headline index was sharply lower in June (well below forecasts).\n\nHere is the index of new factory orders.\n\n• However, other components showed an improvement. Perhaps, as was the case with the NY Fed's index, the timing of data collection coincided with the Mexico tariff uncertainty, which distorted sentiment.\n\n- CapEx expectations:\n\n- Unfilled orders:\n\n- Future orders:\n\n• Overall, the components of the Philly Fed's report point to a stronger ISM Manufacturing Index (at the national level).\n\nSource: Pantheon Macroeconomics\n\n• Price pressures continue to ease.\n\n--------------------\n\n2. Jobless claims remain at multi-year lows for this time of the year, making it hard to justify deep rate cuts (which the market expects from the Fed - see chart).\n\n3. When the Fed preemptively cut rates in the 1990s (as it is expected to do this year), the manufacturing sector was in much worse shape than it is now.\n\nSource: Barclays Research\n\nIt's worth noting that in the past the Fed lowered rates more aggressively than what the markets were expecting six months earlier. Is it different this time?\n\nSource: @AndreasSteno; Read full article\n\n--------------------\n\n4. This chart shows rising levels of uncertainty in the Fed's official communications.\n\nSource: Arbor Research & Trading\n\n5. With fewer jobs in cyclical sectors (such as manufacturing and construction), the economy is less sensitive to rate cuts.\n\nSource: @WSJ; Read full article\n\n6. The dollar continues to sink, boosting demand for risk assets (such as stocks, commodities, and emerging markets).\n\n--------------------\n\n7. The following two charts show the amount of US debt outstanding by sector.\n\nSource: Wells Fargo Securities\n\n8. Foreigners own $18 trillion of US stocks and bonds.\n\nSource: Morgan Stanley Research\n\n\n\n\n\n\n\nThe United Kingdom\n\n1. The Bank of England held rates steady but trimmed its GDP growth forecast.\n\nSource: Reuters; Read full article\n\nThe market is now pricing a higher chance of a rate cut.\n\nThe pound dipped slightly but remains stable.\n\n--------------------\n\n2. Retail sales slowed more than expected. However, given the relatively stable wage growth in the UK, economists expect retail sales to remain robust over the next few months.\n\n3. Finally, here is the regional housing market heat map (red = declining prices).\n\nSource: Pantheon Macroeconomics\n\n\n\n\n\n\n\nEurope\n\n1. Elsewhere in Europe, Norway's central bank hiked interest rates (which many economists had expected).\n\nThe Norwegian krone rose sharply in response to the hike (shown against the euro below).\n\nCapital Economics expects one more hike later this year.\n\nSource: @CapEconEurope; Read full article\n\nWhen it comes to rate changes, Norges Bank doesn't have a great deal of room for judgment. Economic and market factors drive the central bank's policy decisions.\n\nSource: Goldman Sachs\n\n--------------------\n\n2. The Eurozone's consumer sentiment continues to soften.\n\n3. The yield on German government bonds with maturities below 19 years is now negative.\n\n\n\n\n\n\n\nJapan\n\n1. The nation's manufacturing PMI dipped below 50 again, with the underlying trends showing persistent weakness.\n\nNew orders softened, and the 'backlog of work' index tumbled.\n\nSource: IHS Markit; Read full article\n\n--------------------\n\n2. A stronger yen is going to be another headwind for the manufacturing sector.\n\n3. Japan's bond yields continue to tumble. Will the BoJ intervene to push the 10-year yield back toward zero (as it has done previously)?\n\nHere is the yield curve (anything shorter than 15 years has a negative yield).\n\n\n\n\n\n\n\nAsia - Pacific\n\n1. For now, South Korea's exports show no signs of a rebound.\n\n2. Australia's PMI indices jumped, pointing to an improvement in business activity this month.\n\n\n\n\n\n\n\nChina\n\n1. The overnight repo rate has been quite volatile in recent months. It hit the lowest level since 2015 today.\n\n2. The weakness in South Korea's producer prices is expected to show up in China's PPI. Soft factory output price increases in China tend to indicate lower industrial profits.\n\nSource: Pantheon Macroeconomics\n\n3. Here is the ownership distribution of China's export sector.\n\nSource: Gavekal\n\n4. China's domestic bond market is attracting buyers from abroad.\n\nSource: Goldman Sachs\n\n5. The Hong Kong dollar continues to move higher.\n\n\n\n\n\n\n\nEmerging Markets\n\n1. EM currencies are rallying in response to the Fed's dovish shift.\n\nCommodity exporters are benefitting the most.\n\n--------------------\n\n2. EM stocks are also rallying.\n\n3. This chart shows the year-to-date performance of dollar-denominated and local-currency bonds (in dollar terms).\n\n4. Next, we have some updates on Russia, where the latest economic reports were firmer than expected.\n\n• Wage growth:\n\n• Retail sales:\n\n• The unemployment rate:\n\n--------------------\n\n5. The Philippine central bank left rates unchanged (economists were predicting a cut).\n\n6. The market expects rate cuts in South Africa as inflation expectations weaken.\n\nSource: @markets; Read full article\n\n\n\n\n\n\n\nCryptocurrency\n\n1. Bitcoin is heading for $10k.\n\nHere is the relative performance over the past month.\n\n--------------------\n\n2. Digital securities offerings have slowed. Will the recent crypto rally boost interest in the sector?\n\nSource: @WSJ; Read full article\n\n\n\n\n\n\n\nCommodities\n\n• Gold blasted past $1,400 for the first time since 2013.\n\n• Has gold become a crowded trade?\n\nSource: Credit Suisse\n\n• The dollar's recent weakness is not enough to explain the current rally in gold.\n\nSource: ANZ, @ISABELNET_SA\n\n• Over half of the discussions about gold on cable news focus on the physical metal/coins.\n\nSource: Arbor Research & Trading\n\n\n\n\n\n\n\nEnergy\n\n1. Crude oil rose sharply on Thursday amid increased geopolitical risks.\n\nSource: The New York Times; Read full article\n\nAll eyes are on the Strait of Hormuz.\n\nSource: @JavierBlas, @EIAgov; Read full article\n\nSource: BCA Research\n\n--------------------\n\n2. Saudi crude oil exports have been relatively stable over the past few years.\n\nSource: EIA; Read full article\n\nThe key change has been the recent shift from the US to China.\n\nSource: EIA; Read full article\n\n--------------------\n\n3. US natural gas futures remain under pressure as inventories (the amount of gas in storage) climb.\n\n\n\n\n\n\n\nEquities\n\n1. The S&P 500 hit a record high on Thursday in response to the Fed's dovish shift.\n\nSo far, it's been the best June since 1955.\n\nSource: @RyanDetrick\n\n--------------------\n\n2. Despite the rally, sentiment hasn't been overly buoyant.\n\n• Equity fund outflows are near record levels.\n\nSource: SunTrust Wealth Management\n\n• CNN's Fear & Greed Index is in 'neutral' territory.\n\nSource: CNN Business\n\n--------------------\n\n3. Next, let's take a look at some sector updates.\n\n• Year-to-date performance:\n\nSource: Yardeni Research\n\n• Foreign revenue:\n\nSource: SPDR Americas Research, @mattbartolini; Read full article\n\n• Performance over the past five days:\n\n- Aerospace/defense (a boost from the Iran situation):\n\n- Industrials:\n\n- Energy:\n\n- Tech:\n\n- Telecoms:\n\n--------------------\n\n4. Finally, here are some recent factor trends.\n\n• Growth vs. value:\n\nSource: Barclays Research\n\n• Low vol:\n\n\n\n\n\n\n\nCredit\n\n1. Below is the year-to-date total return of high-yield bonds and leveraged loans.\n\n2. Leveraged loans have increasingly dominated LBO deals.\n\nSource: Credit Suisse\n\nSource: Credit Suisse\n\n--------------------\n\n\n\n\n\n\n\nFood for Thought\n\n1. US retirement market assets:\n\nSource: @WSJ; Read full article\n\n2. Changes in life expectancy globally:\n\nSource: @page_eco, @MaxCRoser; Read full article\n\n3. Moral acceptability of 21 issues:\n\nSource: Gallup; Read full article\n\n4. President Trump's re-election campaign funds raised (vs. 2016):\n\nSource: @WSJ; Read full article\n\n5. The fiscal impact of a census undercount:\n\nSource: @WSJ; Read full article\n\nSource: The Washington Post, h/t HighTower Las Vegas; Read full article\n\n--------------------\n\n6. Bus ridership in the US:\n\nSource: @WSJ; Read full article\n\n• Means of transportation for commuters:\n\nSource: Statista\n\n--------------------\n\n7. Sources of methane pollution:\n\nSource: @LynnThomasson, @ainefquinn, @jeremylawhodges; Read full article\n\n8. Meat and milk alternatives:\n\nSource: @WSJ; Read full article\n\n9. LGBTQ protections in the workplace:\n\nSource: Statista\n\n10. Taxes evaded vs. the wealth percentile:\n\nSource: @gabriel_zucman, @annette_als\n\n--------------------",
    "published": "2019-06-21"
  },
  {
    "source": "WSJ",
    "title": "Make America Even Greater",
    "summary": "To win re-election, Trump needs a bold second-term agenda. Here are some ideas.",
    "link": "https://www.wsj.com/articles/make-america-even-greater-11561070058?mod=Searchresults_pos10&page=77",
    "content": "At one point in his Tuesday re-election launch in Orlando, Fla., President Trump polled the audience: Run again on “Make America Great Again”? Or switch the slogan to “Keep America Great”? A roaring crowd opted for the latter.\n\nConservative activists and GOP lawmakers hope Mr. Trump will add another option: “Make America Even Greater.” They’re happy the president is pointing out conservative achievements. They like that he’s contrasting those victories with the threat of liberal governance. But they’re also concerned by what was missing Tuesday night. Namely, an ambitious second-term agenda, one that builds on the themes that first propelled Mr. Trump to office.\n\nThose themes were a mix of traditional Republican positions (tax reform, deregulation, conservative judges, military strength) and a populist agenda (draining the swamp, trade, immigration). Mr. Trump spent much of Tuesday night highlighting the promises kept and the resulting prosperity, while vowing to complete those items that have had a rougher ride—the border, that China deal, health care. He threw in a few new proposals at the end, like eradicating AIDS in America and a mission to Mars. But broadly the president’s message was this: Give me four more years to protect and finish the plan.\n\nThat message comes with risk. Some of it will fire up the base. But new and undecided voters—or those who’ve soured on Mr. Trump—understand this president comes with drama. They require fresh reasons to give him four more years. And a campaign that mostly highlights first-term accomplishments is also a reminder of what didn’t get done. It’s not a position of strength.\n\nWhat makes this lack of a compelling agenda more curious is that there is no lack of big ideas among those most vested in a second Trump term. Grass-roots leaders, policy shops and GOP candidates have thought hard about Trump 2.0, an approach that would serve Republican campaigns for both the White House and Congress. And these aren’t left-field proposals but big and obvious “next steps” along the road voters first elected Mr. Trump to walk.\n\nEconomically, they include stage 2 of tax reform. Mr. Trump can promise that a reconstituted Republican Congress will deliver permanence to the individual tax cuts and make the corporate income-tax rate, which dropped from 35% to 21%, more globally competitive. How about 15%? There’s also the economically potent promise to index capital gains for inflation—which would potentially unlock trillions in assets. The president can pitch all this as part of his plan to create more jobs.\n\nNow’s the time for the Trump White House to release an updated list of potential Supreme Court nominees, to remind voters of the 2020 stakes. And speaking of the judiciary, it’s overdue for an overhaul. The Judicial Conference for years has flagged the many districts overwhelmed by cases. And congressional commissions have long advocated restructuring the insanely large Ninth Circuit, which has a staggering backlog. It’s time for new judgeships, and a split in that circuit.\n\nThis gets to Mr. Trump’s theme of government reform, and he can bolster it by renewing his campaign for term limits. And there’s even more to do in draining the swamp. How about a major overhaul of the federal civil service, reducing its size by attrition and changing rules that govern hiring, firing, seniority and unionization. Agriculture Secretary Sonny Perdue recently announced he is relocating several units from Washington to Kansas City, to make them more responsive and to cut costs. The president could promise more—a complete revamp of the federal bureaucracy’s size, scope and mission.\n\nThose changes would result in modest savings, but the president could also embrace former Speaker Paul Ryan ’s antipoverty plan: block-grant federal money for food stamps, Medicaid, and housing aid to states, and let them innovate and lift people back to work (as Bill Clinton did with welfare). Mr. Trump doesn’t want to touch Medicare and Social Security, but reforming means-tested programs is a huge first step and could put a big dent in the deficit.\n\nMr. Trump’s holdover ideas can be amped up. Infrastructure? Double down on overhauling the permit process. School choice? Pair it with a new focus on the searing problems in higher education, as well as the administration’s existing plans for more technical and vocational training.\n\nMr. Trump even has further bipartisan issues to pitch. How about a second round of criminal-justice reform, one that attacks civil asset forfeiture and goes after “overcriminalization” (the hundreds of thousands of statutes and regulations that can land the unwary in prison)? Even Democrats acknowledge these problems.\n\nAmericans elected Mr. Trump to tread where other presidents would not. He’s a disruptive choice, and his success rests in promising more (positive) disruption. Mr. Trump claims to know America well, which means he knows that Americans aren’t satisfied with being great. They always want to be even greater.\n\nWrite to kim@wsj.com.",
    "published": "2019-06-21"
  },
  {
    "source": "WSJ",
    "title": "Apple Explores Moving Some Production Out of China",
    "summary": "Trade tensions prompt iPhone maker to consider diversifying supply chain",
    "link": "https://www.wsj.com/articles/apple-examines-feasibility-of-shifting-some-production-out-of-china-11561030751?mod=Searchresults_pos11&page=22",
    "content": "Apple Inc. AAPL -0.23 %decrease; red down pointing triangle is asking suppliers to study shifting final assembly of some products out of China, people familiar with the matter said, as trade tensions prompt the company to consider diversifying its supply chain.\n\nWhile any major changes would be difficult and could take months to years to implement, Apple is looking into the feasibility of shifting up to about a third of the production for some devices, some of the people said. Destinations under consideration include Southeast Asia, the people said.\n\nNo decision has been made on such a move, some of the people said. Any transition, they said, is unlikely to significantly affect the iPhone in the near term because the company relies on hundreds of thousands of workers available in China to manufacture the high-volume product, which depends heavily on human hands for assembling, as well as a deep network of suppliers there.\n\nShare Your Thoughts If you were a CEO, what factors would you weigh in deciding whether to move operations in response to global trade tensions? Join the conversation below.\n\n“There is some flexibility to move Mac and other products, but it won’t be easy,” said Mehdi Hosseini , an analyst with Susquehanna International Group who focuses on the technology supply chain. “You have to have relatively skilled labor. You have to create an inventory hub. It would take time.”\n\nIn a letter to U.S. Trade Representative Robert Lighthizer this week, Apple said the latest tariffs on Chinese goods proposed by the Trump administration would limit the company’s contributions to the U.S. economy and impair its ability to compete world-wide. It said the tariffs would affect all of Apple’s major products, including the iPhone, iPad, Mac, AirPods and accessories.\n\nApple is expected to launch updated iPhone models in the fall. Foxconn Technology Group, its biggest assembler, is getting ready to ramp up production for those models in China, other people familiar with the matter said.\n\nTaiwan-based Foxconn said company policy precludes its commenting on current or potential customers or any of their products.\n\nManufacturers of apparel, footwear and other low-margin consumer items have been moving out of China in recent years due to rising costs, and tariffs have accelerated that trend. Many tech companies, however, find it more difficult to move production out of China.\n\nAmong China’s chief attractions for businesses are well-developed chains of suppliers and reliable infrastructure, much of it built in the past two decades. A plentiful labor force skilled in precision manufacturing as well as trained engineers and pro-business government policies to assist in recruitment also make China appealing. And for those companies looking to sell into the large Chinese market, tariffs and other barriers make producing in the country more competitive than importing.\n\nIf manufacturers are now looking outside the country to avoid the higher tariffs Washington is imposing on Chinese-made goods, Apple remains deeply rooted in China and sensitive to government policies. About a fifth of its total sales are recorded in China, while on the manufacturing side its supply chain accounts for three million jobs in the country.\n\nAn Apple spokesman declined to comment.\n\nApple assembles most of its products—including the iPhone, iPad and MacBook—in China through contract assemblers such as Foxconn, which is formally known as Hon Hai Precision Industry Co., 2317 2.63 %increase; green up pointing triangle and fellow Taiwanese companies Pegatron Corp. and Wistron Corp.\n\nFoxconn, which assembles iPhones, iPads and Macs, said this month that it is ready to shift production for Apple out of China to existing plants elsewhere if necessary.\n\nOutsourcing to China helped solidify Apple as one of the world’s largest and most profitable companies. Chief Executive Tim Cook helped build the company’s sophisticated and efficient supply chain there, relying on Foxconn, Pegatron and others to crank out hundreds of millions of iPhones annually.\n\nTepid iPhone sales aren't all that ail Apple in China. Competition from local smartphone rivals, trade-dispute fallout and a court battle could make 2019 a tough year for the company in its most important market outside the U.S. Photo composite: Crystal Tai.\n\nMr. Cook has tried to remain neutral in the trade feud, saying repeatedly that the countries are bound to reach an agreement because it was in their best interests. He met with President Trump last week and visited the office of Mr. Lighthizer in January, according to public records. He also attended a Chinese government event in March in Beijing.\n\nStill, Apple is making contingency plans. In May, the U.S. laid out nearly $300 billion of additional Chinese imports that could be hit with levies of up to 25% as early as this summer—including smartphones and notebook PCs.\n\nTo avoid this potential wave of new tariffs, Apple has accelerated production and shipment of some China-made products for stockpiling, people familiar with the matter said.\n\nApple has also been asking suppliers whether it is possible to further cut costs, some of the people said. Reductions in production expense could help Apple absorb the impact of added tariffs on its profit margins.\n\nThe Nikkei Asian Review earlier reported that Apple had asked its major suppliers to assess the costs of shifting 15% to 30% of their production capacity from China to Southeast Asia.\n\nMr. Trump and Chinese President Xi Jinping are to meet this month on the sidelines of a Group of 20 summit in Japan to discuss the two countries’ trade dispute. Even if the two sides eventually strike a deal, many tech companies are likely to still feel pressure to diversify supply chains as both Washington and Beijing see securing technology trade secrets and supplies as vital to national security.\n\nFoxconn has said it put more than $213 million into its India subsidiary late last year and early this year and that it is looking to invest in Vietnam, though detailed plans there haven’t been divulged.\n\nEarlier this week, Foxconn issued a statement noting that it started investing in mainland China in 1988 and that it isn’t leaving.\n\nPegatron is investing around $10 million to expand a plant on the Indonesian island of Batam, near Singapore. The contract assembler is shifting production of some smart devices out of China to avoid the impact of tariffs, according to a person familiar with the matter.\n\nSupply-chain executives have said that shifting production could be done in as little as three months if there is already a factory building at the destination.\n\nEven so, international moves won’t come easy. Production equipment and assembly lines would need to be dismantled, packed and cleared through customs before they can be shipped to a new location, one industry executive said. They then must be reinstalled, tested and calibrated, and their output rate adjusted.\n\nOn top of that, certain software and environmental-control systems would need to be put in place, and people such as line operators, engineers and quality managers must be available and trained, the person said.\n\nApple must approve the production lines built by its contract manufacturers, and the company is known to have tough standards, people familiar with the matter said.\n\n“It’s a big leviathan,” one of these people said. “You can’t just move these things around.”\n\nYang Jie contributed to this article.\n\nWrite to Yoko Kubota at yoko.kubota@wsj.com and Tripp Mickle at Tripp.Mickle@wsj.com",
    "published": "2019-06-21"
  },
  {
    "source": "WSJ",
    "title": "Carriers Evergreen, Hapag-Lloyd Seeking Megaships Worth $2.2 Billion",
    "summary": "Container lines are asking Asian shipyards for offers for a series of giant vessels despite concerns over dwindling demand on key trade routes",
    "link": "https://www.wsj.com/articles/shippers-evergreen-hapag-lloyd-seeking-megaships-worth-2-2-billion-11561046070?mod=Searchresults_pos9&page=40",
    "content": "Evergreen Marine, the world’s seventh largest container operator by capacity, is looking to add ships to its fleet.\n\nShipping lines Evergreen Marine Corp. of Taiwan and Germany’s Hapag-Lloyd AG have put in separate requests to Asian yards for the construction of more than a dozen mega-container ships that would have a combined value of about $2.2 billion.\n\nThe proposals signal that a lull in new orders in the sector is ending as carriers seek ever-bigger vessels to carry goods. The fleet additions would widen the gap between capacity and demand on container shipping’s critical Asia-to-Europe trade lanes, where operators have been mostly losing money over the past five years.\n\nHapag-Lloyd, the world’s fifth-largest container operator in terms of capacity, is sounding out yards in Japan, South Korea and China for up to six ships that could each move 23,000 containers, people with knowledge of the matter said. Evergreen, the seventh-biggest player, is considering adding eight or nine ships in a deal that may be signed by the end of the summer, these people said.\n\nNewsletter Sign-up The Logistics Report Top news and in-depth analysis on the world of logistics, from supply chain to transport and technology. Preview Subscribe\n\n“Evergreen’s order will come faster and Hapag-Lloyd will be later,” a person involved in the matter said.\n\nThe carriers are members of competing alliances that share ships and port calls to cut costs. A typical one-way trip from Asia to Northern Europe involves at least 10 port calls in which the megaships drop off and take on cargo.\n\n“Some of the vessels are to fulfill capacity commitments within the alliances and others to renew older and less efficient ships,” another person involved in the matter said. “Yes, there is overcapacity and the trade picture does not look good with the tariffs and the economic slowdown, but these ships will run for the next 25 years and now is a good time to buy.”\n\nTaiwan’s Yang Ming Marine Transport Corp. and China’s Cosco Shipping Holdings Co., the third-biggest box-ship operator, are also in the market for new ships but no orders are imminent, the people said.\n\nThe orders would be the first for big ships in the container-shipping sector since last fall, when South Korea’s Hyundai Merchant Marine signed contracts for 20 vessels. The order included 12 of the biggest ships, carrying up to 23,000 20-foot containers.\n\nDemand for shipping consumer goods, manufacturing parts and other staples of global trade is waning this year amid a slowing global economy and continuing tensions between the U.S. and China. Maritime data provider Alphaliner in late May cut its container volume growth estimate for this year to 2.5% from 3.6%.\n\nChinese shipping executives say they have withdrawn capacity in the trans-Pacific route since a first round of U.S. tariffs on Chinese goods happened last summer.\n\nOperators say they have little choice but to invest in new ships despite a gloomy outlook because of stricter environmental regulations kicking in next year. Starting in January, all oceangoing vessels will have to sharply reduce their sulfur emissions. Maritime operators expect to slash greenhouse gas emissions from ships by half by 2050.\n\n\"This means a lot of older ships will be scrapped because the cost of retrofitting them to meet clean-air standards will be too expensive,’’ one of the people familiar with the recent orders said. “We actually expect supply of new ships to match demand by 2021, which is just around the corner.”\n\nWrite to Costas Paris at costas.paris@wsj.com",
    "published": "2019-06-21"
  },
  {
    "source": "WSJ",
    "title": "Hardware Startups Struggle to Cope With Tariffs on Chinese Goods",
    "summary": "Companies are raising prices, changing sales strategies and evaluating new production locations as a way to counter higher costs",
    "link": "https://www.wsj.com/articles/hardware-startups-struggle-to-cope-with-tariffs-on-chinese-goods-11561134159?mod=Searchresults_pos18&page=6",
    "content": "Many American startups, especially consumer-hardware makers, are facing difficult choices as they cope with escalating trade tensions.\n\nThe U.S. government has been implementing wave after wave of tariffs on Chinese goods since last summer. During a new round in May, President Trump threatened to impose duties on potentially all imports from China.\n\nVenture-backed companies, including makers of educational robots, at-home health devices and electronic scooters, have seen significant cost increases as many rely heavily on Chinese manufacturers.\n\n“It’s all cost, friction, and additional overhead,” Brad Feld, partner at Boulder, Colo. venture firm Foundry Group, and an investor in numerous hardware startups, told WSJ Pro.\n\nStartups are responding by increasing prices, changing their sales strategy, and evaluating new production locations.\n\n“It’s forcing us to raise our prices and, ultimately, it’ll force us to sell fewer units, which means lower revenue,” said Paul Berberian, chief executive of Sphero Inc., known for its programmable rolling robot toys, which are made in China.\n\nOne of Sphero’s products—app-enabled musical rings called Specdrums—was slapped with an import tariff last year. The company increased the price to $64.99 from the planned $49, and decided to drop a cheaper version that was in development, Mr. Berberian said.\n\n“We sell to kids. It seems kind of bad to tax kids,” Mr. Berberian said.\n\nBig companies are switching manufacturing locations or reallocating resources to other products and revenue sources. Apple Inc., for instance, is asking suppliers to study shifting final assembly of some products out of China as it considers diversifying its supply chain, The Wall Street Journal reported.\n\nStartups don’t typically have that luxury.\n\n“There’s no Plan B,” said Nisan Lerea, co-founder and chief executive of Wazer Inc., a startup that sells precision-cutting tools which it makes in the Brooklyn Navy Yard using Chinese parts. “We need to stay the course because we are not going to say, ‘Oh, now I’ll do something differently, the company doesn’t have the scope.”\n\nWazer founders Matt Nowicki and Nisan Lerea. Photo: Wazer Inc.\n\nWazer was forced to increase its price for its desktop waterjet, passing on its costs to the American manufacturers that buy its product, Mr. Lerea said.\n\nEven without extra costs, hardware startups face high failure rates. Several well-funded venture-backed companies, such as robotics startups Anki Inc. and Jibo Inc., have gone out of business in the past few months for reasons other than tariffs. But costs stemming from tariffs are straining companies that already operate on low margins.\n\n“Incremental tariffs are not something that we modeled into our business model,” said Kal Vepuri, founder and CEO of Hero Health Inc., a New York maker of electronic-medication dispensers for home use. Hero Health raised $12 million in Series A funding last year before seeing tariff-related cost increases on many of the components it imports from China.\n\nBad timing\n\nTariffs are hitting a broad swath of venture portfolios, in part because firms have been ramping up investments in hardware startups such as Bird Rides Inc., which imports scooters from China. Venture-backed consumer electronics startups in the U.S., raised about $19.39 billion in capital in the past five years, according to Dow Jones VentureSource.\n\nThe U.S. in May raised tariffs on $200 billion worth of Chinese goods to 25% from 10%, increasing the toll on more businesses.\n\nMisty Robotics Inc., which has a few dozen employees, found out that its programmable robot, Misty II, would be subject to a 25% tariff after some of its customers had already preordered the robot for $1,699 via a crowdfunding campaign. Misty decided against changing the price for those customers, and will be delivering it for less than its cost, said Tim Enwall, head of Misty Robotics.\n\n“That alone will cost us half a month’s payroll,” Mr. Enwall said.\n\nMisty Robotics had to increase the price of its programmable robot Misty II. Photo: Misty Robotics\n\nNew customers would have to pay $2,400 if they preorder, making these robots less competitive on pricing.\n\n“All that means is that the Japanese and the French robots are more affordable,” Mr. Enwall said.\n\nHardware startups also are considering shifting production out of China. But it comes at a cost that most early-stage startups can’t afford, said David Pakman, partner at venture firm Venrock.\n\nPrimarily, the U.S. isn’t a suitable location for many of these companies seeking a low-cost location. Prohibitive costs and a lack of manufacturing facilities for low-volume electronics make shifting production to the U.S. untenable, Mr. Enwall said.\n\nIn the case of Hero Health Inc., the maker of the pill dispenser that displays a “Made in U.S.A.” label on its website, its executives are considering a plan to move the assembly from California to China, Mr. Vepuri said. The current tariff regime is such that while Hero’s components are taxed extra, the Hero machine itself could be imported without an additional duty, at least for now, Mr. Vepuri said.\n\nAs the trade talks remain in limbo, entrepreneurs are increasingly fretful.\n\n“I don’t know if our company could survive in a full-on tariff regime,” Sphero’s Mr. Berberian said.\n\nHas the relationship between the U.S. and China simply hit a speed bump or are the events of the Mid-May a sign of something more serious? WSJ's Gerald F. Seib explains. Photo: Getty\n\nWrite to Yuliya Chernova at yuliya.chernova@wsj.com\n\nCorrections & Amplifications\n\nMisty Robotics Inc., which has a few dozen employees, found out that its programmable robot, Misty II, would be subject to a 25% tariff after some of its customers had already preordered the robot for $1,699 via a crowdfunding campaign. Misty decided against changing the price for those customers, and will be delivering it for less than its cost, said Tim Enwall, head of Misty Robotics. An earlier version of this article incorrectly referred to Misty Robotics Inc. as Robotics Inc. and erroneously said Mr. Enwall was a founder of the startup. (June 21, 2019)",
    "published": "2019-06-21"
  },
  {
    "source": "WSJ",
    "title": "PE Daily: New Kings of Venture-Backed IPOs | Nexxus Capital’s Partners Split Up | New Mountain Exits Equian",
    "summary": "Good day from soggy New York, where many heads are turning to the results column nearly halfway through the year. WSJ Pro’s Tomio Geron provides an assessment of the IPO market full of details and analysis, posted below. Meanwhile, New Mountain Capital mapped an exit in a $3.2 billion deal with UnitedHealth, and Falfurrias Capital clinched its largest deal to date, bringing the maker of Southeast specialty Duke’s mayonnaise into its portfolio, as WSJ Pro’s Jaewon Kang reports.",
    "link": "https://www.wsj.com/articles/pe-daily-new-kings-of-venture-backed-ipos-nexxus-capitals-partners-split-up-new-mountain-exits-equian-11561122572?mod=Searchresults_pos5&page=50",
    "content": "Good day from soggy New York, where many heads are turning to the results column nearly halfway through the year. WSJ Pro’s Tomio Geron provides an assessment of the IPO market full of details and analysis, posted below. Meanwhile, New Mountain Capital mapped an exit in a $3.2 billion deal with UnitedHealth, and Falfurrias Capital clinched its largest deal to date, bringing the maker of Southeast specialty Duke’s mayonnaise into its portfolio, as WSJ Pro’s Jaewon Kang reports.\n\nFinally, WSJ Pro’s Luis Garcia has the details of a Mexican divorce of sorts. Three Nexxus Capital partners have quietly split with the Mexico City-based firm to set up their own shop, Bocel Private Equity, following a falling out over investment strategy. And WSJ Pro’s Chris Cumming offers a take on the impact of the U.S.-China trade battle, as tariffs begin eating into the value of Riverside Co. portfolio companies that rely on Chinese suppliers.",
    "published": "2019-06-21"
  },
  {
    "source": "WSJ",
    "title": "Vice President Pence to Postpone Policy Address on China Ahead of Trump-Xi Meeting",
    "summary": "Pence to hold off on speech amid ‘positive signs’ of progress with China",
    "link": "https://www.wsj.com/articles/vice-president-pence-to-postpone-policy-address-on-china-ahead-of-trump-xi-meeting-11561130145?mod=Searchresults_pos16&page=47",
    "content": "Vice President Mike Pence speaks at President Trump's 2020 re-election bid announcement in Orlando on June 18. Photo: cristobal herrera/Shutterstock\n\nWASHINGTON—Vice President Mike Pence will postpone his planned speech on China policy next week to avoid stoking additional tensions ahead of President Trump’s planned meeting with China’s President Xi Jinping later next week, a senior administration official said.\n\nMessrs. Trump and Xi had a “productive conversation” this week ahead of their meeting at next week’s Group of 20 summit in Japan, the official said, adding that the decision to postpone Mr. Pence’s speech was taken amid “positive signs” that trade talks with China could be back on track.",
    "published": "2019-06-21"
  },
  {
    "source": "WSJ",
    "title": "The World Doesn’t Need Trouble in Chinese Steel",
    "summary": "The world’s largest steel industry is coming under pressure again. That’s bad news for Western steelmakers and China alike.",
    "link": "https://www.wsj.com/articles/the-world-doesnt-need-trouble-in-chinese-steel-11561111908?mod=Searchresults_pos19&page=56",
    "content": "The world’s largest steel industry is coming under pressure again. That’s bad news for Western steelmakers and China alike.\n\nChinese steelmakers are dealing with a tough combination of rising material costs, still-high borrowing costs, and shaky demand at home. The problem could spread across the world if Chinese steel starts to flood global markets as it did in 2016. Another risk is financial: Weakness at China’s steelmakers, already among the most indebted Chinese firms, could deal another blow to a financial system already contending with skittish Chinese money markets.\n\nBlast-furnace operators world-wide have been hit by higher iron-ore prices since a major dam disaster in January knocked out a significant portion of Brazilian production. Until recently this didn’t matter too much, since construction demand in China was looking very strong too, helping Chinese steel prices rise in tandem.\n\nBut recent data has cast some doubt on the sector’s health. Property investment grew much more slowly in May than in April, while iron-ore imports fell at their fastest pace in nearly a year. Commercial property looks particularly weak.\n\nFor now, Chinese iron and steel companies remain in better financial shape than during the last real squeeze in 2015. Photo: jianan yu/Reuters\n\nMeanwhile, actual steel-product output has continued growing rapidly. It rose 11.5% on the year in May, the same rate as in April—which was the fastest since 2013. The combination of buoyant output and shaky demand has now knocked steel prices down about 5% since early May. Over the same period iron-ore prices have gained over 10%, for a total gain of around 60% since late 2018.\n\nFor now, Chinese iron and steel companies remain in better financial shape than during the last real squeeze in 2015. Margins for the sector as a whole clocked in at 3.5% during the year through April, down from nearly 7% in late 2018 but still far better than in late 2015, when they moved below 1%.\n\nDeteriorating finances come at a bad time, however, with ructions in China’s money markets threatening to damp demand for corporate bonds. Corporate borrowing costs are already mostly higher than they were in late 2015 and early 2016, after a wave of steel-sector bond defaults nearly tanked China’s bond market. China’s weighted average bank-lending rate was 5.69% in the first quarter, compared with 5.2% in early 2016. As long as steel prices don’t fall too far that is probably not a huge problem, but there is no sign of a bottom yet.\n\nPrices in the U.S. are already under pressure following the removal of President Trump’s steel tariffs on Canada and Mexico. If embattled Chinese steelmakers start sending more of their excess production abroad, steelmakers everywhere should be prepared for another kick in the teeth.\n\nWrite to Nathaniel Taplin at nathaniel.taplin@wsj.com",
    "published": "2019-06-21"
  },
  {
    "source": "WSJ",
    "title": "The World Doesn’t Need Trouble in Chinese Steel",
    "summary": "The world’s largest steel industry is coming under pressure again. That’s bad news for Western steelmakers and China alike.",
    "link": "https://www.wsj.com/articles/the-world-doesnt-need-trouble-in-chinese-steel-11561111908?mod=Searchresults_pos5&page=57",
    "content": "The world’s largest steel industry is coming under pressure again. That’s bad news for Western steelmakers and China alike.\n\nChinese steelmakers are dealing with a tough combination of rising material costs, still-high borrowing costs, and shaky demand at home. The problem could spread across the world if Chinese steel starts to flood global markets as it did in 2016. Another risk is financial: Weakness at China’s steelmakers, already among the most indebted Chinese firms, could deal another blow to a financial system already contending with skittish Chinese money markets.\n\nBlast-furnace operators world-wide have been hit by higher iron-ore prices since a major dam disaster in January knocked out a significant portion of Brazilian production. Until recently this didn’t matter too much, since construction demand in China was looking very strong too, helping Chinese steel prices rise in tandem.\n\nBut recent data has cast some doubt on the sector’s health. Property investment grew much more slowly in May than in April, while iron-ore imports fell at their fastest pace in nearly a year. Commercial property looks particularly weak.\n\nFor now, Chinese iron and steel companies remain in better financial shape than during the last real squeeze in 2015. Photo: jianan yu/Reuters\n\nMeanwhile, actual steel-product output has continued growing rapidly. It rose 11.5% on the year in May, the same rate as in April—which was the fastest since 2013. The combination of buoyant output and shaky demand has now knocked steel prices down about 5% since early May. Over the same period iron-ore prices have gained over 10%, for a total gain of around 60% since late 2018.\n\nFor now, Chinese iron and steel companies remain in better financial shape than during the last real squeeze in 2015. Margins for the sector as a whole clocked in at 3.5% during the year through April, down from nearly 7% in late 2018 but still far better than in late 2015, when they moved below 1%.\n\nDeteriorating finances come at a bad time, however, with ructions in China’s money markets threatening to damp demand for corporate bonds. Corporate borrowing costs are already mostly higher than they were in late 2015 and early 2016, after a wave of steel-sector bond defaults nearly tanked China’s bond market. China’s weighted average bank-lending rate was 5.69% in the first quarter, compared with 5.2% in early 2016. As long as steel prices don’t fall too far that is probably not a huge problem, but there is no sign of a bottom yet.\n\nPrices in the U.S. are already under pressure following the removal of President Trump’s steel tariffs on Canada and Mexico. If embattled Chinese steelmakers start sending more of their excess production abroad, steelmakers everywhere should be prepared for another kick in the teeth.\n\nWrite to Nathaniel Taplin at nathaniel.taplin@wsj.com",
    "published": "2019-06-21"
  }
]