[
  {
    "source": "WSJ",
    "title": "Transcript: Fed Chairman Jerome Powell’s Postmeeting Press Conference",
    "summary": "Federal Reserve Chairman Jerome Powell speaks at a press conference Wednesday after his bank said it was cutting interest rates for the first time since 2008. Photo: sarah silbiger/Reuters",
    "link": "https://www.wsj.com/articles/transcript-fed-chairman-jerome-powells-postmeeting-press-conference-11564604931?mod=Searchresults_pos5&page=83",
    "content": "Federal Reserve Chairman Jerome Powell speaks at a press conference Wednesday after his bank said it was cutting interest rates for the first time since 2008. Photo: sarah silbiger/Reuters\n\nFederal Reserve Chairman Jerome Powell discussed the central bank’s reasons for cutting interest rates and the outlook for monetary policy and the economy at a press conference following the conclusion of the Fed’s policy meeting Wednesday, July 31. Here is a transcript, lightly edited for length and clarity.\n\nJEROME POWELL: Good afternoon and welcome. We decided today to lower the target for the federal funds rate by a quarter of a percentage point to a range of 2 percent to 2 ¼ percent. The outlook for the U.S. economy remains favorable. And this action is designed to support that outlook. It is intended to insure against downside risks from weak global growth and trade policy uncertainty, to help offset the effects these factors are currently having on the economy, and to promote a faster return of inflation to our symmetric 2 percent objective.",
    "published": "2019-07-31"
  },
  {
    "source": "WSJ",
    "title": "Chinese Billionaire Indicted on Charges of Evading Nearly $2 Billion in Tariffs",
    "summary": "Accusations that aluminum mogul Liu Zhongtian committed fraud and money laundering come during tense trade talks between the two countries",
    "link": "https://www.wsj.com/articles/chinese-billionaire-indicted-in-u-s-in-alleged-tariff-evasion-scheme-11564586470?mod=Searchresults_pos20&page=7",
    "content": "China Zhongwang founder Liu Zhongtian, at a company plant in 2009, is accused of conspiring to smuggle aluminum into the U.S.\n\nA powerful Chinese billionaire has been indicted by a federal grand jury on charges that he evaded nearly $2 billion in tariffs as part of a conspiracy to smuggle massive quantities of aluminum into the U.S.\n\nThe indictment, which was reached in May but not unsealed until this week, accuses Liu Zhongtian, founder of Chinese aluminum giant China Zhongwang Holdings Inc., of conspiring to defraud the U.S. through a sprawling scheme spanning the company’s headquarters in Liaoning, China, ports in Los Angeles and a remote desert in Mexico. It alleges that the scheme began in 2008 and has continued to the present day.\n\nProsecutors said they believe it is one of the largest tariff-related cases ever brought by the Justice Department. The indictment comes as negotiations between the Trump administration and China over their ongoing trade dispute resumed this week after weeks of recriminations.\n\nShare Your Thoughts Do you think this indictment will affect U.S. tariffs? How? Join the conversation below.\n\nAn arrest warrant has been drawn up for Mr. Liu, one of the world’s wealthiest aluminum magnates, an official with knowledge of the investigation said. The 55-year-old, known as “Uncle Liu” and “Big Boss,” according to the indictment, is believed to be in China. He faces fraud and international money-laundering charges that carry a maximum prison term of 465 years if he is convicted, according to prosecutors.\n\n“America is not a playground for corrupt businessmen,” said Nicola Hanna, U.S. attorney for the Central District of California.\n\nA spokeswoman for China Zhongwang, which was also indicted, didn’t immediately respond to an email seeking comment and to speak with Mr. Liu. A call placed to a China Zhongwang representative in Hong Kong was not answered. The Journal couldn’t determine if Mr. Liu has a U.S.-based attorney. An attorney who has represented Mr. Liu in the past didn’t immediately respond to an email seeking comment.\n\nThe company is accused of using the aluminum shipments to inflate its revenue for years, creating the false impression that U.S. demand for its products was strong. China Zhongwang is publicly listed on the Hong Kong Stock Exchange.\n\nAluminum stockpiled in 2016 at Mexico’s Aluminicaste Fundición, a company owned at one time by s son, Liu Zuopeng. Photo: Janet Jarman for The Wall Street Journal\n\nMr. Liu previously denied a connection to any illegal shipping schemes. China Zhongwang has long denied any connection as well.\n\nJeremy Scott, assistant special agent in charge for Homeland Security Investigations in Los Angeles, which led the investigation, said efforts to bring Mr. Liu to the U.S. to face charges will likely have to be worked out through the State Department. The U.S. does not have an extradition treaty with China.\n\nThe foreign ministry in Beijing and the Chinese embassy in Washington, D.C., didn’t immediately respond to requests for comment.\n\nThe indictment accuses Mr. Liu and his associates of funneling cash to shell companies effectively owned by Mr. Liu to purchase aluminum from China Zhongwang and then market it to American buyers, masking the origins of the metal and skirting U.S. tariffs in the process.\n\nU.S. and Chinese trade negotiators are meeting this week in Shanghai, with the U.S. side pressing for expanded intellectual-property protections and cuts in state subsidies to business, while China is calling on the U.S. to drop all tariffs.\n\nThe Trump administration has alleged that billions of dollars of China-made goods dodge tariffs by entering the U.S. via other countries in Asia, especially Vietnam. Mr. Trump this week warned that if he is re-elected, he will impose a tougher trade agreement on China than is currently being discussed. A primary target of the administration’s tariffs has been steel and aluminum imports.\n\nA spokesman for the U.S. attorney in Los Angeles said the trade negotiations had no impact on the investigation into Mr. Liu.\n\nThe Wall Street Journal previously reported that Mr. Liu controlled a string of companies that avoided tariffs by shipping billions of dollars worth of China Zhongwang’s aluminum to the U.S. The ongoing Justice Department investigation began after the Journal—citing company records, trade documents and legal filings and interviews with people who have done business with Mr. Liu—published an article about the alleged scheme in 2016, prosecutors said.\n\nMr. Liu denied involvement at the time. “These things have nothing to do with me,” he said in an interview with the Journal in 2016.\n\nThe punitive U.S. tariffs on certain aluminum imports from several Chinese companies, including China Zhongwang, were imposed in 2011 after a Commerce Department investigation concluded that the companies were selling the metal at artificially low prices in the U.S. while receiving subsidies back home.\n\nA wall across the street from Aluminicaste Fundición hid more aluminum. Photo: Janet Jarman for The Wall Street Journal\n\nMr. Liu allegedly skirted the tariffs by shipping aluminum to the U.S. in the form of pallets, a finished product not on the list of penalized items. But most of the pallets weren’t actually finished products, according to the indictment, and were allegedly a way to smuggle aluminum into the U.S. without paying the appropriate tariffs, investigators said. Between 2011 and around 2014, companies controlled by Mr. Liu imported 2.2 million of the fake pallets into the U.S., according to the indictment, evading about $1.8 billion in import duties.\n\nIn 2016, much of the Chinese-made aluminum that had been shipped to Mexico and the U.S. began making its way to Vietnam as Mr. Liu allegedly sought to elude U.S. authorities investigating the scheme, according to the indictment.\n\nThe Journal previously reported that Mr. Liu was aided in stockpiling aluminum in Mexico by Po-Chi “Eric” Shen, a native of Taiwan and a U.S. citizen, according to court documents and interviews with Mr. Shen.\n\nMr. Shen has agreed to plead guilty to a charge of evading federal income tax and to cooperate with the investigation, Justice Department officials said. A lawyer for Mr. Shen declined to comment.\n\nWrite to Dan Frosch at dan.frosch@wsj.com and Scott Patterson at scott.patterson@wsj.com\n\nCorrections & Amplifications\n\nPo-Chi “Eric” Shen is a native of Taiwan and a U.S. citizen. An earlier version of this article incorrectly stated that Mr. Shen is a native of Singapore. (July 31, 2019)",
    "published": "2019-07-31"
  },
  {
    "source": "WSJ",
    "title": "Investors Shrug Off China’s Slump, Count On Consumers to Spend, Spend, Spend",
    "summary": "Chinese consumer stocks have hit record highs despite concerns about a slowing economy, trade tensions and a run-up in corporate debt",
    "link": "https://www.wsj.com/articles/investors-shrug-off-chinas-slump-count-on-consumers-to-spend-spend-spend-11564567206?mod=Searchresults_pos14&page=73",
    "content": "The market gains span companies providing goods considered staples, such as food and drink, and those specializing in discretionary items. Above, a factory of baijiu maker Kweichow Moutai in Renhuai, Guizhou province.\n\nChinese alcohol, sportswear, travel and home-appliance stocks have scaled record highs, reflecting rising confidence about the outlook for consumer spending in the world’s second-biggest economy.\n\nThe situation echoes patterns seen in both U.S. and European markets, where, despite worries about slowing growth, consumer stocks are among the best performers. As of Tuesday’s close, the S&P 500’s consumer discretionary index was up nearly 25% this year, against a 21% rise for the main index. In dollar terms, the equivalent MSCI Europe sector index is up 17%, against a broader market rise of 11%.\n\nStill, the rally in China is striking given broader concerns about the country’s slowing economic growth, trade tensions and a rapid run-up in corporate debt. Chinese and U.S. negotiators resumed trade talks on Wednesday after weeks of recriminations.\n\nArthur Kwong, head of Asia-Pacific equities at BNP Paribas Asset Management, said many companies had grown in experience, established strong brands and begun generating strong cash flows after earlier phases of heavy investment. “I’m a big fan of China’s consumer sector,’’ Mr. Kwong said, pointing to drinks, sportswear, travel and instant-noodle companies.\n\nThe market gains span companies providing goods considered staples, such as food and drink, and those specializing in discretionary items such as refrigerators or holidays, and are partly a reversal of a steep selloff last year.\n\nConsuming Passions The biggest gainers among providers of consumer discretionary and staple goods in China’s CSI 300 index. Performance, year to date Household durables Food Beverages Autos Muyuan Foods 167% New Hope Liuhe 166 Wuliangye 141 Luzhou Laojiao 98 Shanxi Xinghuacun Fen Wine 93 Tongwei 78 Kweichow Moutai 67 Gree Electric 56 Great Wall Motor 55 Midea 52\n\nShares in Shanghai-listed Kweichow Moutai Co., a distiller of the potent Chinese spirit baijiu, have risen 67% this year. Stock in several of the company’s smaller rivals, such as Wuliangye Yibin Co., has more than doubled. China International Travel Service Corp., the nation’s biggest travel agent, has risen more than 50%.\n\nThese and other mainland stocks, such as Foshan Haitian Flavouring and Food Co. Ltd., air-conditioner maker Gree Electric Appliances Inc. and cookware specialist Zhejiang Supor Co. have all hit records in 2019. In New York, e-commerce behemoth Alibaba has risen 27%. Like U.S. rival Amazon.com, it is considered a consumer-discretionary stock by major index providers.\n\nLouis Lau , director of investments at Brandes Investment Partners, said many makers of baijiu had shown solid growth in sales and profit, with healthy consumer demand helping them to push through price increases. Kweichow Moutai is the largest of these liquor makers.\n\nThe gains also contrast with signs of weakness in other parts of the consumer economy. These include falling car sales, declining imports, a slackening housing market, and even some public anxiety about the affordability of small luxuries.\n\nCars and houses are big-ticket items, making them more sensitive to even small shifts in consumer confidence and more dependent on the cost and availability of credit. That has made these markets more exposed to Beijing’s efforts in recent years to rein in the country’s big shadow-banking sector. Auto sales have slumped for 12 straight months, partly dented by market saturation in major urban centers and a credit crunch in smaller cities.\n\nGree Electric Appliances’ air conditioners on display at the company's showroom in Zhuhai. Shares of the company have hit a record high this year. Photo: Justin Chin/Bloomberg News\n\nSome money managers say consumer stocks have also benefited as investors switched money out of other sectors, like technology hardware, that are more exposed to U.S. import tariffs and other forms of trade friction.\n\nShare Your Thoughts Do you share the market’s optimism about the health of the Chinese consumer? Why or why not? Join the conversation below.\n\nSungho Im, chief executive at asset-management firm IM Capital Partners Ltd, said consumer-goods companies were likely to deliver more sustainable growth than corporations in industries that faced bigger trade or regulatory headaches, and so foreign investors had shown a preference for Chinese spirits, food and travel companies.\n\n“Many investors have started to believe that the Chinese government will boost domestic consumption to make up [for] any negative impact from the trade dispute, too,” he added.\n\nIn Hong Kong, makers of sneakers and sportswear have benefited. Shares of Li Ning Co., a sportswear brand named after its founder, a celebrated Chinese gymnast, have more than doubled this year to reach a more than eight-year high. Rival Anta Sports Products Ltd. has logged records, despite a series of skeptical reports by researchers and short sellers.\n\nHowever, Mr. Lau at Brandes said the rally had pushed up stocks to rich valuations, meaning share prices have increased as a multiple of earnings and other measures. He said his firm was now adding to its positions in other sectors such as banking, energy, health care and technology.\n\nChina’s leaders have long aimed to reorient the economy from investment- and export-driven growth to serving a vast domestic population that is becoming richer and more free-spending. The gains are effectively a vote of confidence from the market in this project.\n\n“A growing affluent middle class with higher disposable income will likely benefit companies which have the capability to serve their needs and offer more innovative services,” said Wenchang Ma, a Hong Kong-based fund manager at Investec Asset Management Hong Kong Ltd.\n\nChina’s household disposable income per capita stood at $5,897 in 2018, roughly one-eighth of the U.S.’s $46,322, according to Euromonitor International. However, the market-research firm forecasts the Chinese figure will grow by nearly a third to $7,799 by 2023, whereas the U.S. equivalent will grow just 6.5%. The figures are measured in constant 2018 prices.\n\nWrite to Joanne Chiu at joanne.chiu@wsj.com",
    "published": "2019-07-31"
  },
  {
    "source": "WSJ",
    "title": "Apple’s Revenue Rises Despite Continued iPhone Slump",
    "summary": "Revenue edges up 1% after declines the past two quarters; profit drops 13%",
    "link": "https://www.wsj.com/articles/apples-profit-slips-13-as-iphone-sales-continue-to-slump-11564520326?mod=Searchresults_pos5&page=80",
    "content": "Apple Inc. AAPL -0.23 %decrease; red down pointing triangle countered another quarter of weak iPhone sales with strong revenue growth from its supporting businesses, the latest in a series of positive results from Silicon Valley’s tech titans.\n\nRevenue rose 1% to $53.81 billion for the three months ended June 29, Apple said Tuesday, an improvement from back-to-back revenue declines in the previous quarters. Profit slid for the third straight quarter, dropping 13% to $10.04 billion, though per-share earnings of $2.18 exceeded analysts’ expectations.\n\nApple offset a 12% decline in iPhone sales during the period with revenue growth in every other area of its business, including iPad and Mac. Sales from services—a closely watched business that includes App Store sales, mobile payments and device insurance—rose 13% to $11.46 billion in the period, the smallest quarterly increase since 2015.\n\n“We’re thrilled to report a return to growth,” Apple Chief Executive Tim Cook said on an earnings call.\n\nThe iPhone business, which posted sales of $25.99 billion, continued to weigh on results as customers hold on to smartphones longer and competition increases from rivals in China offering lower-price, feature-rich handsets. It was the first time since 2013 iPhones didn’t account for the majority of Apple’s revenue in a quarter, according to eMarketer.\n\nApple said it expects revenue in the current quarter of between $61 billion and $64 billion, above consensus expectations. It returned $21 billion to shareholders during the quarter, including $17 billion in share repurchases.\n\nShares of Apple rose more than 4% in after-hours trading to $217.45. Before the report, the stock fell 0.4% Tuesday to $208.78.\n\nChina’s economic doldrums also hurt Apple, which counts on the country for about a fifth of its revenue. Sales in Greater China, which includes Hong Kong and Taiwan, sank 4% to $9.16 billion. The decline was a marked improvement from the prior two quarters, when revenue in China fell more than 20%.\n\nApple has reduced iPhone prices in China to be more competitive with lower-price handsets from rivals like Huawei Technologies Co. and Xiaomi Corp., but its share of the country’s smartphone market fell 0.6 percentage point to 5.8% during the June quarter, according to Canalys, a market research firm.\n\nHuawei has been gaining share from rivals in China, including Apple, by touting itself as the patriotic choice to Chinese consumers willing to weigh politics as they make a smartphone purchase, Canalys said. The Trump administration in May attacked Huawei, blocking sales of U.S. technology to the Chinese smartphone giant.\n\n“It’s not a matter of if but when Apple gets hit in China,” said Richard Kramer, an analyst who tracks the company for Arete Research. “They have a material brand and reputation issue to face, thanks to the Trump administration and Huawei.”\n\nHuawei said on Tuesday that revenue rose sharply in the first half of the year despite its blacklisting issues with the U.S.\n\nTuesday’s report followed a string of strong results from tech giants, which continue to deliver huge profits amid intensifying regulatory scrutiny. Facebook Inc., Alphabet Inc. and Amazon.com Inc. last week delivered revenue growth of about 20% or more behind sustained dominance of their core businesses: social media, digital advertising and e-commerce.\n\nThe tech titans’ supremacy has put them in the crosshairs of regulators on both sides of the Atlantic. The Justice Department is opening a broad antitrust review into whether the companies unlawfully stifle competition, and the European Union in March penalized Alphabet’s Google for limiting how websites displayed ads sold by its rivals.\n\nShare Your Thoughts What do you think of Apple’s quarterly earnings report? Join the conversation below.\n\nApple has largely avoided being drawn into the fray. It fielded fewer questions earlier this month than its peers during a House Judiciary Committee hearing on the power of online platforms. Still, it faces lawsuits from customers and developers in the U.S. over its control of the App Store, which serves as the only software distribution system for the more than 900 million iPhones world-wide. And Spotify Technology SA filed an antitrust complaint in Europe, alleging Apple has made it difficult for rival subscription services to market themselves in the App Store, which the company denies.\n\nThe legal challenges could undermine Apple’s growing services business, which counts on the App Store for about a third of sales. “History has shown these things tend to take a long time to play out, but we have to be aware that risk is out there,” said Trip Miller, founder of Gullane Capital Partners, a Memphis, Tenn.-based firm that counts Apple among its largest holdings.\n\nApple is mired in one of the weakest years of Mr. Cook’s tenure. In April, it reported its first back-to-back decline in quarterly revenue and profit in more than two years. That followed the slashing of its quarterly revenue forecast in January for the first time in more than 15 years, a move prompted by the sharp downturn in iPhone sales and struggles in China.\n\nThe company’s business challenges have come amid turnover in its executive ranks. Last month, it said its chief design officer, Jony Ive , was departing to form his own independent design company. His departure came less than three months after retail chief Angela Ahrendts left the company. Apple also has lost several members of its close-knit industrial design team and some key engineers earlier this year.\n\nMr. Cook has charted a new path forward, shifting the company’s focus from a business defined by hardware hits to one that aims to sell software and services. It plans to release new subscription services for original TV shows and videogames this fall, as well as a credit card in August.\n\nAnalysts say Apple’s plan for three iPhones—two with triple rear cameras and one with a double-rear camera—lacks the sizzling features that compel customers to upgrade, especially at prices of $1,000 or more.\n\nIt isn’t expected to deliver features that drive upgrades until 2020, when analysts expect Apple to release its first iPhones with 5G chips.\n\nApple faced criticism last week from President Trump, who said his administration wouldn’t provide waivers from tariffs for parts of its Mac Pro computers.\n\nMr. Cook told analysts Apple is seeking those exclusions because it wants to make its new Mac Pro in the U.S. It recently began manufacturing that high-end, desktop computer in China after making its previous Mac Pro model in Austin, Texas.\n\n“We’ve been making the Mac Pro in the U.S. We want to continue doing that,” Mr. Cook said. “We’re working and investing currently in capacity to do so because we want to continue to be here.”\n\nWrite to Tripp Mickle at Tripp.Mickle@wsj.com\n\nCorrections & Amplifications\n\nApple posted iPhone sales of $25.99 billion in the latest quarter. Meanwhile, its share of China’s smartphone market fell 0.6 percentage point, according to Canalys. An earlier version of this article incorrectly stated iPhone sales were $25.06 billion and the company’s market share in China fell 0.8 percentage point.",
    "published": "2019-07-31"
  },
  {
    "source": "WSJ",
    "title": "Brazil’s Guedes Says Trade Talks With U.S. Are Under Way",
    "summary": "Confirmation of talks comes after a meeting with U.S. Commerce Secretary Wilbur Ross",
    "link": "https://www.wsj.com/articles/brazils-guedes-says-trade-talks-with-u-s-are-under-way-11564604203?mod=Searchresults_pos6&page=65",
    "content": "BRASÍLIA—Brazil’s Economy Minister Paulo Guedes said Wednesday the country is in official negotiations with the U.S. over a trade deal, as the two biggest economies in the Americas look to strengthen ties.\n\nMr. Guedes made the announcement following a meeting in Brasília with U.S. Commerce Secretary Wilbur Ross , who also met with President Jair Bolsonaro .\n\n“We asked [Mr. Ross], ‘Are these talks now official?’ And he said, ‘They certainly are,’” Mr. Guedes said.\n\nThe announcement comes only a month after Mr. Bolsonaro’s administration helped close a landmark free trade treaty between the European Union and the South American Mercosur bloc, concluding two decades of talks. That pact and the country’s potential trade agreement with the U.S. come at a time of rising protectionism elsewhere and could mark a dramatic reversal for Brazil, traditionally one of the world’s most closed economies.\n\nWhile ratification of the pact with the European Union is expected to be painfully slow, Mr. Guedes said there are also still many points of conflict to iron out on the potential bilateral deal with the U.S. The Americans would like to export more ethanol to Brazil, for example, but that would depend on their openness to buying more Brazilian sugar, he said. Brazilian sugar producers also make ethanol out of sugar cane, a fuel widely used across the country.\n\n“Their corn ethanol is cheaper,” Mr. Guedes said, adding that local producers in Brazil can’t be ignored.\n\nPresident Trump and his Brazilian counterpart, Mr. Bolsonaro, have expressed interest in improved relations between the two nations, but have stopped short of announcing official trade talks.\n\nMr. Ross didn’t speak to reporters, but he is expected to give a public statement Thursday.\n\nMr. Trump said Tuesday that the U.S. would work on a free-trade agreement with Brazil, without giving further details. “Brazil is a big trading partner. They charge us a lot of tariffs but, other than that, we love the relationship,” Mr. Trump said outside the White House.\n\nWhen Mr. Bolsonaro, a right-wing former army captain, took office in January, he vowed to improve ties with the U.S. following a sometimes tense relationship with Brazil under the leftist Workers’ Party that governed the Latin American country from 2003 to 2016.\n\nIn March, Mr. Bolsonaro traveled to Washington to meet Mr. Trump, breaking tradition in Brazil where presidents typically first tour other South American countries. Brazil dropped visa requirements for visitors from the U.S., while Mr. Trump promised to deepen the U.S. military’s ties to Brazil by making the country a non-NATO ally.\n\n“He’s a wonderful man with a wonderful family,” Mr. Trump said of the Brazilian president Tuesday. “They say [he’s] the Trump of Brazil, I like that, that’s a compliment,” Mr. Trump said. He also praised Mr. Bolsonaro’s plans to name his sonEduardo Bolsonaro , a 35-year-old congressman, as ambassador to the U.S., a move critics in Brazil have called nepotism.\n\n“I know his son and that’s probably why they did it,” Mr. Trump said. “I don’t think it’s nepotism because his son helped him very much in the campaign, his son is outstanding.”\n\nMr. Bolsonaro has heaped praise on Mr. Trump ever since the beginning of his presidential campaign last year, adopting a similar style of combative politics to the American leader, communicating with his voters via Twitter and vowing to battle political correctness and defend “Christian family values.”\n\nSamantha Pearson in São Paulo contributed to this article.\n\nWrite to Paulo Trevisani at paulo.trevisani@wsj.com",
    "published": "2019-07-31"
  },
  {
    "source": "WSJ",
    "title": "What if the Fed Was Wrong?",
    "summary": "There were good reasons for Jerome Powell’s Federal Reserve to cut interest rates on Wednesday, but its action brings its own risks",
    "link": "https://www.wsj.com/articles/what-if-the-fed-was-wrong-11564604518?mod=Searchresults_pos13&page=35",
    "content": "The Federal Reserve has cut interest rates and it has given its reasons why. The big question now is whether those reasons will hold up.\n\nThe central bank’s decision on Wednesday to lower its target range on overnight rates by a quarter-point hardly counts as shock after all the signaling Fed policy makers provided. Considering the Fed was raising rates just over half a year ago, though, its policy shift is something of a head-scratcher—especially with the unemployment rate near 50-year lows and the stock market near records.\n\nBut the Fed is worried that weaker global growth and trade tensions are casting a pall over U.S. business spending and that there is a risk it might spread to other areas of the economy. In its statement, it also pointed to muted inflation pressures as a factor in the decision to lower rates—a nod to worries that the longer inflation remains below the Fed’s 2% target, the more ingrained too-low inflation will become in consumer expectations.\n\nAdditionally, some influential Fed policy makers have argued that because rates are already low, leaving them with less room to cut in the event of a downturn, pre-emptively cutting to head off risks lest things get out of hand makes sense. Or as Fed Chairman Jerome Powell recently put it, “an ounce of prevention is worth a pound of cure.”\n\nThe Fed may end up being correct on all three counts. If, for example, economic data weaken over the next several months, its worries about global spillovers will look prescient and its move to act pre-emptively will seem wise.\n\nBut the Fed also could be wrong in its assessment, and that carries its own risks.\n\nTake its concerns about how global weakness and trade uncertainty are hitting businesses: An analysis conducted by UBS economists suggests that declines in business investment and manufacturing activity earlier this year were driven by last year’s tariff increases and that those effects are now fading. The Fed, on the other hand, thought that any tariff effects would be small and has misread the slowdown as a confidence shock that could persist, the UBS economists argue.\n\nThe cooling in inflation that it is worried about also could end up being more noise than signal given how easy it is for figures to bounce around in a low-inflation environment. Its preferred measure of inflation, excluding food and energy costs, advanced at a 2.5% annual rate in the three months through June after increasing at just a 0.5% rate in the first three months of the year.\n\nFinally, while acting pre-emptively to head off danger when rates are low seems like a good idea, that is only if the danger is really there. Simulations run by economists at Goldman Sachs showed that following pre-emptive rules doesn’t actually lower the risk of recession. In some cases they lead policy makers to ease aggressively in response to false alarms, leaving them short of ammunition later. Moreover, the economists found that following such rules can lead to increased financial volatility and asset-price excesses—economic risks in their own right.\n\nStocks fell Wednesday after Mr. Powell signaled caution on whether the Fed would keep easing. Considering the costs more cuts could come with, that caution may be warranted.",
    "published": "2019-07-31"
  },
  {
    "source": "WSJ",
    "title": "U.S.-China Trade Talks Resume With No Breakthroughs in Sight",
    "summary": "American side aims to see what can be salvaged from draft deal scuttled by Beijing requiring Chinese  to curb subsidies and technology transfers",
    "link": "https://www.wsj.com/articles/trump-warns-china-of-tougher-trade-deal-if-he-wins-second-term-11564488023?mod=Searchresults_pos5&page=38",
    "content": "President Trump said in a series of tweets Tuesday that China might get a better deal—at the expense of the U.S.—if a Democrat like former Vice President Joe Biden won the presidency in 2020.\n\nSHANGHAI—Chinese and U.S. negotiators resumed trade talks, taking tentative steps to overcome mutual mistrust and limited political appetite for a breakthrough agreement after weeks of recriminations.\n\nThe U.S. team, led by U.S. Trade Representative Robert Lighthizer and Treasury Secretary Steven Mnuchin , gathered for dinner Tuesday with the Chinese side, led by Chinese Vice Premier Liu He, at the Fairmont Peace Hotel, a Shanghai landmark on the city’s riverfront, according to a person familiar with the situation. The negotiators then met for a more formal round of talks at a government guesthouse on Wednesday.\n\nBoth sides are looking to the other to demonstrate goodwill, said people briefed on the discussions, with the U.S. expecting a pickup in Chinese orders for American farm goods and Beijing waiting for Washington to relax restrictions on Chinese telecommunications gear maker Huawei Technologies Co.’s access to U.S. technology.\n\n“In trade negotiations, nothing is decided until everything is decided, although it’s possible there will be some baby steps, some partial landing zones, to build confidence,” said James Green , a former U.S. diplomat and trade official who is now an adviser at McLarty Associates, a consulting firm.\n\nApart from small steps, however, expectations are low for significant progress in resolving a trade dispute that has rattled global markets and seen both sides slap punitive tariffs on about half the more than $600 billion in goods they trade.\n\nChinese Vice Premier Liu He, left, talked with U.S. Treasury Secretary Steven Mnuchin, center, and Trade Representative Robert Lighthizer in Washington in May. Photo: clodagh kilcoyne/Reuters\n\nPresident Trump, in a series of tweets Tuesday morning, ratcheted up pressure on Beijing to quickly reach a deal and warned that if he were re-elected, the terms of an agreement “will be much tougher than what we are negotiating now…or no deal at all.”\n\nLater, in comments to reporters at the White House, he said, “We’re either going to make a great deal or we’re not going to make a deal at all.”\n\nHe also said he believed China would prefer to negotiate with a Democratic president. “They’ll pray that Trump loses,” Mr. Trump said.\n\nA senior Republican senator opposed to tariffs brushed aside Mr. Trump’s comments.\n\n“I don’t think you ought to make anything out of it except to forget the tweet,” said Sen. Chuck Grassley of Iowa, chairman of the Senate Finance Committee. “Just forget his tweet and say, ‘What a blessing it is that, in Shanghai, Lighthizer and Mnuchin are sitting down with their negotiators now, and when they’re talking there’s a chance of getting something done.’ ”\n\nAfter negotiations appeared to be close but then foundered in May, both sides blamed the other for the breakdown. Since then, each has side taken steps, from the Huawei limits to new Chinese rules on cybersecurity, that are likely to impede a broader agreement.\n\n“You can assume the remaining challenges are the most difficult ones to deal with. I don’t think one round in Shanghai can resolve it,” said Eric Zheng , chairman of the American Chamber of Commerce in Shanghai.\n\nU.S. negotiators are trying to see what can be salvaged from the lengthy draft agreement under negotiation before the impasse. That draft required Beijing to make structural and legal changes to pare back subsidies and technology-transfer requirements the U.S. side says are unfair. After negotiators thought a deal was in sight, the Chinese side rejected the draft as one-sided.\n\nLoading tweet...\n\nLoading tweet...\n\nMr. Trump and Chinese President Xi Jinping agreed late last month to restart negotiations, with Mr. Trump saying afterward that China agreed to step up agricultural purchases, while U.S. companies would soon be allowed to resume sales to Huawei.\n\nEven so, progress in carrying out those concessions has been slow. Beijing has said the country has bought millions of tons of U.S. soybeans since the two presidents met in late June. The U.S. has shipped out just over 1 million tons of U.S. soybeans to China in the three weeks ended July 18, according to U.S. Agriculture Department data.\n\nU.S. soybean exports for the current farm year ending Aug. 31 are just a third of what they were last year. Those soybeans being shipped now are likely the purchases it made at the start of the year that are only now being exported to China, said Xiaoping Zhang , the China country director for the U.S. Soybean Export Council.\n\nChina “was supposed to start buying our agricultural product now—no signs that they are doing so,” Mr. Trump tweeted Tuesday. “That is the problem with China, they just don’t come through.”\n\nThis week’s talks are the 12th face-to-face meetings between the negotiators and are being held in Shanghai for the first time. While Chinese experts following the talks see the Shanghai round as a symbolic restart, they also say the Beijing leadership can afford to drag out talks until next year, to see if the U.S. presidential election makes Mr. Trump amenable to a deal.\n\n“It depends on the willingness of both sides, especially the American side,” said Li Yong , a senior fellow at Beijing-based think tank China Association of International Trade.\n\nAs part of President Trump’s efforts to rebalance trade relationships, he has imposed tariffs on almost every country around the world. WSJ’s Josh Zumbrun explains where we stand with our largest trading partners. Photo composite: Laura Kammerman\n\nJoshua Zumbrun, William Mauldin, Andrew Restuccia and Lingling Wei contributed to this article.\n\nWrite to Chao Deng at Chao.Deng@wsj.com",
    "published": "2019-07-31"
  },
  {
    "source": "WSJ",
    "title": "Chinese Billionaire Indicted on Charges of Evading Nearly $2 Billion in Tariffs",
    "summary": "Accusations that aluminum mogul Liu Zhongtian committed fraud and money laundering come during tense trade talks between the two countries",
    "link": "https://www.wsj.com/articles/chinese-billionaire-indicted-in-u-s-in-alleged-tariff-evasion-scheme-11564586470?mod=Searchresults_pos18&page=20",
    "content": "China Zhongwang founder Liu Zhongtian, at a company plant in 2009, is accused of conspiring to smuggle aluminum into the U.S.\n\nA powerful Chinese billionaire has been indicted by a federal grand jury on charges that he evaded nearly $2 billion in tariffs as part of a conspiracy to smuggle massive quantities of aluminum into the U.S.\n\nThe indictment, which was reached in May but not unsealed until this week, accuses Liu Zhongtian, founder of Chinese aluminum giant China Zhongwang Holdings Inc., of conspiring to defraud the U.S. through a sprawling scheme spanning the company’s headquarters in Liaoning, China, ports in Los Angeles and a remote desert in Mexico. It alleges that the scheme began in 2008 and has continued to the present day.\n\nProsecutors said they believe it is one of the largest tariff-related cases ever brought by the Justice Department. The indictment comes as negotiations between the Trump administration and China over their ongoing trade dispute resumed this week after weeks of recriminations.\n\nShare Your Thoughts Do you think this indictment will affect U.S. tariffs? How? Join the conversation below.\n\nAn arrest warrant has been drawn up for Mr. Liu, one of the world’s wealthiest aluminum magnates, an official with knowledge of the investigation said. The 55-year-old, known as “Uncle Liu” and “Big Boss,” according to the indictment, is believed to be in China. He faces fraud and international money-laundering charges that carry a maximum prison term of 465 years if he is convicted, according to prosecutors.\n\n“America is not a playground for corrupt businessmen,” said Nicola Hanna, U.S. attorney for the Central District of California.\n\nA spokeswoman for China Zhongwang, which was also indicted, didn’t immediately respond to an email seeking comment and to speak with Mr. Liu. A call placed to a China Zhongwang representative in Hong Kong was not answered. The Journal couldn’t determine if Mr. Liu has a U.S.-based attorney. An attorney who has represented Mr. Liu in the past didn’t immediately respond to an email seeking comment.\n\nThe company is accused of using the aluminum shipments to inflate its revenue for years, creating the false impression that U.S. demand for its products was strong. China Zhongwang is publicly listed on the Hong Kong Stock Exchange.\n\nAluminum stockpiled in 2016 at Mexico’s Aluminicaste Fundición, a company owned at one time by s son, Liu Zuopeng. Photo: Janet Jarman for The Wall Street Journal\n\nMr. Liu previously denied a connection to any illegal shipping schemes. China Zhongwang has long denied any connection as well.\n\nJeremy Scott, assistant special agent in charge for Homeland Security Investigations in Los Angeles, which led the investigation, said efforts to bring Mr. Liu to the U.S. to face charges will likely have to be worked out through the State Department. The U.S. does not have an extradition treaty with China.\n\nThe foreign ministry in Beijing and the Chinese embassy in Washington, D.C., didn’t immediately respond to requests for comment.\n\nThe indictment accuses Mr. Liu and his associates of funneling cash to shell companies effectively owned by Mr. Liu to purchase aluminum from China Zhongwang and then market it to American buyers, masking the origins of the metal and skirting U.S. tariffs in the process.\n\nU.S. and Chinese trade negotiators are meeting this week in Shanghai, with the U.S. side pressing for expanded intellectual-property protections and cuts in state subsidies to business, while China is calling on the U.S. to drop all tariffs.\n\nThe Trump administration has alleged that billions of dollars of China-made goods dodge tariffs by entering the U.S. via other countries in Asia, especially Vietnam. Mr. Trump this week warned that if he is re-elected, he will impose a tougher trade agreement on China than is currently being discussed. A primary target of the administration’s tariffs has been steel and aluminum imports.\n\nA spokesman for the U.S. attorney in Los Angeles said the trade negotiations had no impact on the investigation into Mr. Liu.\n\nThe Wall Street Journal previously reported that Mr. Liu controlled a string of companies that avoided tariffs by shipping billions of dollars worth of China Zhongwang’s aluminum to the U.S. The ongoing Justice Department investigation began after the Journal—citing company records, trade documents and legal filings and interviews with people who have done business with Mr. Liu—published an article about the alleged scheme in 2016, prosecutors said.\n\nMr. Liu denied involvement at the time. “These things have nothing to do with me,” he said in an interview with the Journal in 2016.\n\nThe punitive U.S. tariffs on certain aluminum imports from several Chinese companies, including China Zhongwang, were imposed in 2011 after a Commerce Department investigation concluded that the companies were selling the metal at artificially low prices in the U.S. while receiving subsidies back home.\n\nA wall across the street from Aluminicaste Fundición hid more aluminum. Photo: Janet Jarman for The Wall Street Journal\n\nMr. Liu allegedly skirted the tariffs by shipping aluminum to the U.S. in the form of pallets, a finished product not on the list of penalized items. But most of the pallets weren’t actually finished products, according to the indictment, and were allegedly a way to smuggle aluminum into the U.S. without paying the appropriate tariffs, investigators said. Between 2011 and around 2014, companies controlled by Mr. Liu imported 2.2 million of the fake pallets into the U.S., according to the indictment, evading about $1.8 billion in import duties.\n\nIn 2016, much of the Chinese-made aluminum that had been shipped to Mexico and the U.S. began making its way to Vietnam as Mr. Liu allegedly sought to elude U.S. authorities investigating the scheme, according to the indictment.\n\nThe Journal previously reported that Mr. Liu was aided in stockpiling aluminum in Mexico by Po-Chi “Eric” Shen, a native of Taiwan and a U.S. citizen, according to court documents and interviews with Mr. Shen.\n\nMr. Shen has agreed to plead guilty to a charge of evading federal income tax and to cooperate with the investigation, Justice Department officials said. A lawyer for Mr. Shen declined to comment.\n\nWrite to Dan Frosch at dan.frosch@wsj.com and Scott Patterson at scott.patterson@wsj.com\n\nCorrections & Amplifications\n\nPo-Chi “Eric” Shen is a native of Taiwan and a U.S. citizen. An earlier version of this article incorrectly stated that Mr. Shen is a native of Singapore. (July 31, 2019)",
    "published": "2019-07-31"
  },
  {
    "source": "WSJ",
    "title": "In a Switch, Buyer of $1.2 Billion in Market-Rate Apartments Opts for Rent Limits",
    "summary": "L+M, Invesco venture to buy Manhattan rental properties and make them affordable",
    "link": "https://www.wsj.com/articles/l-m-invesco-venture-to-buy-manhattan-rental-properties-and-make-them-affordable-11564510936?mod=Searchresults_pos9&page=5",
    "content": "The Miles apartment building, part of the $1.2 billion deal, is a 32-story market-rate tower in East Harlem, N.Y. Two-thirds of its units will be rented to tenants on limited income.\n\nAn investment group has agreed to pay $1.2 billion for a portfolio of 2,800 New York rental apartments with an investment strategy that, at first glance, appears to run counter to conventional real-estate wisdom.\n\nIn the past, real-estate investors have purchased thousands of rent-regulated New York rental apartments with hopes of converting them into market-rate units.\n\nBut the venture of L+M Development Partners Inc. and its partner Invesco Real Estate is moving in the opposite direction: It is planning to convert two-thirds of the units it is purchasing from Brookfield Asset Management and Urban American into apartments that are affordable to tenants with limited incomes. All of them are now market rate.\n\nThe deal is one of the biggest examples of what may become an important tool in the city’s effort to create more affordable rental apartments. L+M and Invesco have agreed to subject the apartments to rent regulations in exchange for deep property-tax breaks.\n\nThe Parker apartment building in East Harlem, N.Y., is also part of the transaction and likewise is expected to offer two-thirds of its units to limited-income tenants. Photo: Mark Kauzlarich for The Wall Street Journal\n\nThe idea is that the value of the tax break will make up for the lost rent from the 2,800 apartments in East Harlem and Roosevelt Island. L+M is investing in the properties through its workforce-housing fund, which is focusing on units that will stay near fully rented regardless of economic conditions.\n\n“It’s defensive and more cycle-resistant than conventional executions where you are relying on market forces,” said Eben Ellertson , a managing director at L+M.\n\nSimilar strategies are being pursued by a small but growing group of other investors. In another large deal that closed in June, Camber Property Group and Belveron Partners paid $77 million to buy Highbridge House, a 400-unit high rise in the Bronx. That group is planning to rent all its units to tenants with low and moderate incomes in exchange for lower taxes.\n\nThe deals come when the city is facing an acute lack of affordable housing. Skyrocketing rents helped housing advocates win an unprecedented victory in Albany earlier this year as the state legislature added a range of obstacles preventing landlords from raising rents or freeing apartments from rent regulations.\n\nIn this atmosphere, city officials and investors have dusted off a 1960s-era city tax-exemption program known as Article XI. The provision allows the city to negotiate individual deals with property owners, where the city seeks to balance the cost of lost tax revenue with the benefit of rents set at no more than 30% of median income for renter households who meet specific income limits.\n\nHousing advocates and city officials estimate that thousands of affordable units could be created through the program. Landlords have removed more than 100,000 units from city rent regulations over the past decade.\n\n“We’ve seen an increase of these [Article XI] agreements since the start of the mayor’s housing plan,” said Matthew Creegan, a spokesman for the New York City Department of Housing Preservation and Development.\n\nBut Article XI isn’t a panacea. The program is complex and requires negotiations between owners and the city and approval by the city council.\n\nCity records show the taxes on just three of the four L+M projects for which figures are available would have totaled $11.2 million this year. They will now pay a fraction of that, but the exact figure wasn’t disclosed. The city put the cost of the lost tax revenue at $235 million over the next 40 years.\n\nThe venture of L+M and Invesco beat out offers from investors including sovereign-wealth funds from Asia and the Middle East and big foreign and domestic pension funds, said Adam Spies, co-head of the Cushman & Wakefield team representing the sellers.\n\nWrite to Keiko Morris at Keiko.Morris@wsj.com and Josh Barbanel at josh.barbanel@wsj.com",
    "published": "2019-07-31"
  },
  {
    "source": "WSJ",
    "title": "Fragile Rays Pierce Chinese Economic Gloom",
    "summary": "China’s July purchasing managers index had a few pieces of good news for investors",
    "link": "https://www.wsj.com/articles/fragile-rays-pierce-chinese-economic-gloom-11564552929?mod=Searchresults_pos4&page=19",
    "content": "China’s official July purchasing managers index brightened the country’s picture slightly. Photo: johannes eisele/Agence France-Presse/Getty Images\n\nIt’s typhoon season in Hong Kong, but up north on the Chinese mainland, the weather forecast cleared a bit on Wednesday.\n\nThe nation’s official July purchasing managers index, the first real read on the month’s growth, showed that service and construction activity kept expanding, albeit at a marginally slower pace. Meanwhile, manufacturing, which has been in the doldrums for months, nosed upward for the first time since March. Activity rose to 49.7 from 49.4 in June, nearing the 50-point mark that separates expansion from contraction. More important, the proportion of factories and service firms shedding, as opposed to hiring, workers was the lowest since April. And manufacturing orders and export orders both showed a milder decline than a month earlier.",
    "published": "2019-07-31"
  },
  {
    "source": "WSJ",
    "title": "California Requires Trump to Release Tax Returns for Spot on Primary Ballot",
    "summary": "President’s lawyer threatens court challenge, calling new law unconstitutional",
    "link": "https://www.wsj.com/articles/california-requires-trump-to-release-tax-returns-for-spot-on-primary-ballot-11564515926?mod=Searchresults_pos17&page=16",
    "content": "Under a law signed by Gov. Gavin Newsom, presidential candidates must turn over five years of tax returns at least 98 days before the March 3 primary.\n\nCalifornia will require presidential candidates to hand over their tax returns in order to appear on the state’s primary-election ballot, setting up a likely legal conflict with President Trump over his continued refusal to disclose any tax documents.\n\nUnder a law signed Tuesday by Gov. Gavin Newsom , candidates must turn over five years of tax returns at least 98 days before the March 3 primary. The state would then release a redacted version of the documents.\n\n“These are extraordinary times and states have a legal and moral duty to do everything in their power to ensure leaders seeking the highest offices meet minimal standards, and to restore public confidence,” Mr. Newsom, a Democrat, said in a statement.\n\nThe case is likely to land in federal court, joining two other cases over the president’s tax returns.\n\nShare Your Thoughts Do you think states should be allowed to require that presidential candidates release their tax returns? Why or why not? Join the conversation below.\n\n“The state of California’s attempt to circumvent the Constitution will be answered in court,” said Jay Sekulow, counsel to the president.\n\nLegal experts have said that states may be barred from adding qualifications to the Constitution’s age, citizenship and residency requirements for presidential candidates, based on the Supreme Court’s rejection of state laws imposing congressional term limits in 1995. But states do have more control over presidential elections than congressional elections.\n\nStates are allowed to limit ballot access by requiring candidates to pay filing fees or gather a certain number of signatures. They couldn’t, however, require that candidates be Protestant or Midwestern, said Jessica Levinson, a professor at Loyola Law School in Los Angeles who focuses on election law.\n\n“This looks a little bit like something in between,” she said. “Because anybody who wants to can release their taxes.”\n\nThe California law applies only to the primary, not the general election, and that may become a key legal distinction. If Mr. Trump doesn’t appear on the California primary ballot but he wins the Republican nomination, his name would still be on the state’s general-election ballot in November 2020.\n\nMr. Trump lost in California in 2016, getting less than 32% of the vote. And the overwhelmingly Democratic state is not expected to be competitive for him next year.\n\nBefore departing the White House on a Texas trip in mid-April, President Trump explained why he won’t share his tax returns. Photo: Reuters (Originally published April 10, 2019)\n\nMr. Newsom’s signing statement included opinions from several prominent lawyers, including University of California, Berkeley law school dean Erwin Chemerinsky arguing the law is constitutional in part because it is politically neutral and helps the state’s voters be informed.\n\n“This bill is clearly unconstitutional and Gov. Newsom should have listened to the concerns of his predecessor, Gov. [Jerry] Brown, who vetoed it two years ago,” said Jessica Millan Patterson, chairwoman of the California Republican Party, in a statement.\n\nMr. Brown in his 2017 veto message said that he worried the law might be unconstitutional or that it could lead to other, unwarranted requirements for candidates.\n\n“I think it’s very uncertain whether it’s unconstitutional or not,” said Rick Hasen , an election law professor at the University of California, Irvine. “I would not bet on it surviving.”\n\nDuring the 2016 campaign, Mr. Trump said he would release his tax returns. He didn’t, breaking a 40-year tradition among major-party candidates and presidents.\n\nDemocrats have been trying to pry them loose since then. The U.S. House Ways and Means Committee requested the returns in April, using a statute that lets that panel’s chairman obtain any taxpayer’s returns. But the Treasury Department refused the request and a subsequent subpoena, arguing that they lacked a legitimate legislative purpose and were thus outside of Congress’ constitutional powers. The House then sued, and the case is in federal court in Washington.\n\nNew York state took a different approach, passing a law that would let the Ways and Means Committee get Mr. Trump’s state tax returns. Mr. Trump then sued to block the committee from getting those documents.\n\nRebecca Ballhaus contributed to this article.\n\nWrite to Richard Rubin at richard.rubin@wsj.com",
    "published": "2019-07-31"
  },
  {
    "source": "WSJ",
    "title": "Investors Find Ways to Play a Fed Rate Cut",
    "summary": "Longer-duration securities, e-commerce companies,    some stock sectors look attractive to yield more income",
    "link": "https://www.wsj.com/articles/investors-find-ways-to-play-a-fed-rate-cut-11564582988?mod=Searchresults_pos13&page=13",
    "content": "Many financial advisers expect the Federal Reserve to lower rates this week and do so at least once more this year.\n\nThe Federal Reserve rate cut is prompting investors and financial advisers to reposition portfolios, including buying stocks, in order to yield more income.\n\nFed officials lowered their benchmark rate on Wednesday by a quarter percentage point from its previous range between 2.25% and 2.5%. For some investors and money managers, the shift has felt abrupt.\n\nPat Savu , a retired engineer in Minneapolis, has been a fan of fixed-income investments since weathering the tech-bubble bust in the early 2000s. Back then, she put 40% of her 401(k) in bonds to help her sleep at night, and she kept a big chunk in fixed income through the financial crisis and the recovery that followed. Lately, she and her husband are moving some of that money around in response to shifting Fed expectations.\n\n“It’s made me change what I’m doing,” Ms. Savu said of the Fed’s flip from raising rates after a decade at rock bottom and now heading back lower. “Treasurys are really stable but they don’t pay,” she said. Meanwhile, Ms. Savu said she is now putting the money she had in individual municipal bonds in muni bond funds, where she is still getting 4% or more in annual income.\n\nMany financial advisers expect the Fed to lower rates at least once more this year. David Romhilt , chief investment officer at Summit Trail Advisors in New York, said his firm is counseling clients to make several changes given the turn in monetary policy. Many were holding on to more cash or short-term municipal funds, but it now makes less sense to hold shorter-duration securities that tend to be more sensitive to monetary policy, he said.\n\nOne way investors can get exposure to medium- and longer-term municipal bonds, he said, is by buying funds such as Vanguard’s Intermediate-Term Tax-Exempt Fund and Long-Term Tax-Exempt Fund.\n\nIn addition to recommending a shift in duration, Mr. Romhilt said his firm is moving clients out of corporate credit and into mortgage funds. Falling interest rates will support home prices and encourage mortgage refinancing, he said, while corporate credit yields have declined. “You’re not being compensated for the risk,” while mortgages that survived the financial crisis have been stress-tested and could make sense, Mr. Romhilt said.\n\nDespite the message rate cuts typically send, investment strategists and financial advisers say investors shouldn’t shy away from the stock market. David Lefkowitz , senior equity strategist at UBS Group AG’s wealth management business, said lower interest rates should fuel economic growth and prolong the bull market.\n\nShare Your Thoughts As an investor, will your strategy change after the Federal Reserve’s announcement? How? Join the conversation below.\n\nIn particular, Mr. Lefkowitz said shares of companies that are tied to consumer spending, such as e-commerce, are poised to benefit from reduced borrowing costs. Mr. Romhilt, meanwhile, said yields on some stocks in the consumer staples, health-care, telecom and utility sectors will be relatively attractive amid lower rates and in the event of a market decline. Advisers at his firm use the iShares Select Dividend ETF, he said, to provide diversified exposure to income-generating stocks.\n\nBecause lower rates are meant in part to stoke inflation, advisers and strategists say it is important for investors to hedge now. UBS’s Mr. Lefkowitz said investors should consider Treasury inflation-protected securities, or TIPS, because the principal adjusts based on inflation, making them most desirable to investors when they believe prices across the economy are heading higher.\n\nThe Federal Reserve is expected to cut interest rates on Wednesday, although the U.S. economy is doing pretty well. WSJ’s Heard on the Street columnist Justin Lahart asks, “What’s the rush?” Photo illustration: Laura Kammermann\n\nWrite to Lisa Beilfuss at lisa.beilfuss@wsj.com",
    "published": "2019-07-31"
  }
]