[
  {
    "source": "WSJ",
    "title": "U.S. Issues Warrant to Seize Iranian Oil Tanker in Gibraltar",
    "summary": "Justice Department tries to stop Grace 1 vessel from being released",
    "link": "https://www.wsj.com/articles/u-s-unseals-warrant-to-seize-iranian-oil-tanker-in-gibraltar-11566041324?mod=Searchresults_pos9&page=62",
    "content": "The U.S. Justice Department alleges the Grace 1 tanker used the U.S. financial system in an attempt to send an illicit shipment of crude oil to Syria from Iran.\n\nLONDON—The U.S. launched new legal action to detain an Iranian tanker in Gibraltar that has become a symbol of tensions between Tehran and the West, unveiling a warrant to seize the ship for alleged violations of American sanctions.\n\nIn a federal warrant issued in Washington, the U.S. Justice Department alleges the tanker, the Grace 1, used the U.S. financial system in an attempt to send an illicit shipment of crude oil to Syria from Iran. The warrant said the shipment was meant to benefit Iran’s Islamic Revolutionary Guard Corps, which the Trump administration designated a terrorist organization this year.\n\nAccording to the warrant, the U.S. seeks the confiscation of the vessel, its cargo of 2.1 million barrels and a sum of $995,000 in cash.\n\nThe Grace 1 had been detained in the British overseas territory of Gibraltar for over a month, seized by local authorities there and the U.K.’s Royal Marines for allegedly carrying oil to Syria in violation of European sanctions. Gibraltar freed the vessel on Thursday, despite an attempt by the U.S. to stop the release. Gibraltar authorities said any such request had to be made through the territory’s judicial system.\n\nA spokesman for the Gibraltar government couldn’t immediately comment on the U.S. warrant. A Gibraltar government spokesman said Iran had offered guarantees the vessel wouldn’t go to Syria and therefore wouldn’t breach European Union sanctions.\n\nIran’s foreign ministry and the Iranian delegation at the United Nations in New York didn’t respond to a request for comment.\n\nThe U.S. may have time for the warrant to work through Gibraltar’s legal system. The Grace 1 won’t leave Gibraltar’s waters until at least Monday after its Indian captain asked to be replaced, according to a Gibraltar official.\n\nThe warrant could ratchet up tensions again in the Persian Gulf, where the U.K. has been trying to secure the release of a British-flagged tanker, the Stena Impero, that Iran seized last month. The Grace 1’s release was expected to pave the way for Iran to free the Stena Impero.\n\nThe U.S. and Iran have steadily escalated skirmishes across the Persian Gulf this year in a conflict stemming from the American withdrawal from a nuclear deal with Tehran and reimposing sanctions.\n\nIran has responded this year by reducing its commitments to the nuclear deal still in effect with European countries, Russia and China and downing an American drone over the Strait of Hormuz. The U.S. also says Iran has harassed and attacked commercial vessels in the area, which Iran denies.\n\nThe Grace 1’s managers had planned to move it to Moroccan waters and hold talks with Spanish and Portuguese buyers of the cargo, according to a person familiar with the plans.\n\nThe warrant comes amid aggressive enforcement of U.S. sanctions in international maritime waters.\n\nNewsletter Sign-up What’s News Catch up on the headlines, understand the news and make better decisions, free in your inbox daily. Enjoy a free article in every edition. Preview Subscribed\n\nIn May, the U.S. Department of Justice obtained the seizure a North Korean cargo ship it accused of illicit coal shipments in violation of U.S. and United Nations sanctions after it was detained in Indonesia in April 2018.\n\nIn the past two months, Iranian vessels have been stopped in Brazil and Singapore over alleged breaches of U.S. sanctions, though they were subsequently released.\n\nThe U.S. State Department has warned that crew members of vessels assisting the IRGC by transporting oil from Iran may be ineligible for visas or admission to the U.S. under the terrorism-related inadmissibility grounds.\n\nWrite to Benoit Faucon at benoit.faucon@wsj.com",
    "published": "2019-08-17"
  },
  {
    "source": "WSJ",
    "title": "What’s News: Business & Finance",
    "summary": "This copy is for your personal, non-commercial use only. Distribution and use of this material are governed by our Subscriber Agreement and by copyright law. ",
    "link": "https://www.wsj.com/articles/whats-news-business-finance-11566006574?mod=Searchresults_pos9&page=36",
    "content": "This copy is for your personal, non-commercial use only. Distribution and use of this material are governed by our Subscriber Agreement and by copyright law. For non-personal use or to order multiple copies, please contact Dow Jones Reprints at 1-800-843-0008 or visit www.djreprints.com.\n\nhttps://www.wsj.com/articles/whats-news-business-finance-11566006574",
    "published": "2019-08-17"
  },
  {
    "source": "WSJ",
    "title": "What’s News: Business & Finance",
    "summary": "This copy is for your personal, non-commercial use only. Distribution and use of this material are governed by our Subscriber Agreement and by copyright law.",
    "link": "https://www.wsj.com/articles/whats-news-business-finance-11566006574?mod=Searchresults_pos2&page=37",
    "content": "This copy is for your personal, non-commercial use only. Distribution and use of this material are governed by our Subscriber Agreement and by copyright law. For non-personal use or to order multiple copies, please contact Dow Jones Reprints at 1-800-843-0008 or visit www.djreprints.com.\n\nhttps://www.wsj.com/articles/whats-news-business-finance-11566006574",
    "published": "2019-08-17"
  }
]