[
  {
    "source": "WSJ",
    "title": "Trump Is Losing the Trade War With China",
    "summary": "The markets doubt tariffs will bring about any major concessions. The U.S. needs a multilateral approach.",
    "link": "https://www.wsj.com/articles/trump-is-losing-the-trade-war-with-china-11566255608?mod=Searchresults_pos7&page=11",
    "content": "President Trump’s China strategy is failing. His tougher approach has yielded no meaningful Chinese concessions but is increasingly damaging the U.S. economy. Today China is more integrated with the rest of the world while the U.S. is more isolated. To combat China’s unfair, statist economic practices effectively, the U.S. must change its approach, enlisting allies and international institutions to advance a more focused set of demands.\n\nTariffs on China have caused clear harm to the U.S. economy in the short run. In the second quarter of this year they contributed to the decline in business fixed investment, and they’re likely subtracting about half a percentage point from growth in gross domestic product this year. This isn’t necessarily an indictment of Mr. Trump’s policy. When workers go on strike, they do so knowing they will lose wages in the short run, but they expect to recoup those losses through larger long-run wage increases.\n\nYet equity markets have made clear that investors don’t expect potential concessions from China to make up for the short-run losses. The decline after the president announced a new round of tariffs Aug. 1 indicates that, in present value, the strategy is a negative.\n\nChina’s growth has also slowed, but much of the downturn can’t be credited to U.S. trade actions. Instead, the slowdown largely reflects the limits of Beijing’s tendency to prop up growth through short-term investment and state-owned enterprises, even as its demography worsens and productivity growth slows.\n\nMarket movements have also blunted some of the impact that tariffs might have had, reducing U.S. leverage in the trade war. The yuan has weakened, which offsets the tariffs by making Chinese exports cheaper. This is the inevitable result of Mr. Trump’s de facto strong-dollar policy, driven by larger budget deficits that have increased foreign demand for U.S. dollars as well as tariffs on China that have reduced U.S. demand for the yuan. Before the latest round of the tariff war, China was helping bring about Mr. Trump’s desired weak dollar by intervening in currency markets to keep the yuan strong. Yet when Beijing gave markets more latitude, the administration branded China a currency manipulator.\n\nIn January 2018 China had average tariffs of 8% on imports from the U.S. and the rest of the world. In response to U.S. actions it raised its average tariffs on the U.S. to 20.7% by this June while cutting its tariffs on the rest of the world to 6.7%, according to Chad Bown at the Peterson Institute for International Economics. China has cut its imports from the U.S. but increased its imports from elsewhere. China’s exports to the rest of the world are also growing.\n\nNo wonder China isn’t in a hurry to make the major concessions Mr. Trump has demanded. It isn’t even clear what concessions would get the U.S. to settle. One set of Trump administration demands is the “shopping list,” insisting that China purchase more U.S. products like soybeans and Boeing jets. Another set is that China change its economic model, relying less on state-owned enterprises, opening more to foreign direct investment, and honoring intellectual property. A third set, regarding alleged national-security threats from companies like Huawei, has moved in and out of negotiations as the administration has sought bans on Chinese technology.\n\nThe administration needs to change its strategy radically. The first step should be to work with, rather than against, U.S. allies. That means shelving Mr. Trump’s threatened trade wars against close partners, such as across-the-board tariffs on Mexico or tariffs on car imports from Europe. The U.S. should deepen ties with partners, including by re-entering the Trans-Pacific Partnership, which doesn’t include China.\n\nThe U.S. should also use multilateral organizations and international rules, bringing cases against China at the World Trade Organization, where past U.S. administrations have had a remarkable success rate. The Trump administration instead has chosen to undermine the WTO by blocking the appointment of appellate judges who likely would rule in America’s favor.\n\nAnother positive step would be to drop the shopping list. Demanding that China buy more Boeing jets isn’t a way to get Europe on our side in the trade dispute. Such a demand could also further entrench China’s statist economic model while doing little for the U.S. economy in the medium and long run.\n\nThe final change would be to adopt a consistent protocol for responding to Beijing’s national-security threats. If state-directed espionage through telecommunications equipment is a serious threat, the U.S. should address it as such and not signal that it’s willing to trade security for slightly more purchases of U.S. products. The notion that national-security concerns are merely another trade bargaining chip suggests that the U.S. is negotiating in bad faith, again making it more difficult to gain allies’ support.\n\nThese three changes would allow the U.S. to focus on combating China’s forced technology transfers, weak intellectual-property laws, biased treatment of foreign companies in antitrust law, unfair preference for domestic companies through state-owned enterprises, and many other practices about which the U.S. has legitimate grievances.\n\nSuch an approach could also win the support of reformers inside China, who understand that most of the practices America wants it to end are impeding China’s ability to shift to a new phase of innovation-led growth. But can it win over President Trump?\n\nMr. Furman, a professor of practice at the Harvard Kennedy School, was chairman of the White House Council of Economic Advisers, 2013-17.\n\nThe continuing trade war with China is leading both economies into uncharted and potentially dangerous waters. Image: AP/Getty/Composite: Brad Howard",
    "published": "2019-08-19"
  },
  {
    "source": "WSJ",
    "title": "Beauty Stocks Look Pretty After Upbeat Estée Lauder Earnings",
    "summary": "Skin-care and cosmetics companies have bucked the trend in the struggling retail sector",
    "link": "https://www.wsj.com/articles/beauty-stocks-look-pretty-after-upbeat-estee-lauder-earnings-11566237922?mod=Searchresults_pos9&page=12",
    "content": "Investors are still betting on cosmetics companies despite the retail sector’s tariff problems.\n\nShares of Estée Lauder EL 3.62 %increase; green up pointing triangle Cos. rallied 13% to $201.65 on Monday—a record—after the beauty company delivered strong second-quarter earnings, driven by robust demand for its high-end skin-care products. The stock has surged 55% in 2019.\n\nOther cosmetic companies followed, with shares of e.l.f. Beauty Inc., ELF 23.58 %increase; green up pointing triangle L’Oreal SA and Ulta Beauty Inc. ULTA 1.15 %increase; green up pointing triangle gaining 8.6%, 1.8% and 1%, respectively. Shares of each company have jumped at least 18% apiece this year.\n\nSeveral bricks-and-mortar retailers have struggled over the past year as companies contend with increased tariffs on goods from China.\n\nSome cosmetic companies were able to mitigate the costs of earlier tariffs last year, though another round of levies, or retaliatory moves, could be harder to absorb.\n\nThe SPDR S&P Retail exchange-traded fund, which includes companies such as L Brands Inc., Best Buy Co. and Guess Inc., has slumped 24% over the past 12 months, compared with the S&P 500’s 2.6% rise in that span.\n\nAn Estée Lauder store in Shanghai. Photo: Qilai Shen/Bloomberg News\n\nBut companies such as Estée Lauder, which includes brands like MAC Cosmetics, have continued to thrive. Estée Lauder saw modest improvement in the U.S. despite a tough retail environment, while China and emerging markets in Southeast Asia continued to deliver strong sales growth, the company said in its latest earnings release.\n\n“Cosmetic companies aren’t completely immune to tariff threats, but people are more willing to spend money on personal-care products in times of economic uncertainty, and they’re typically one of the last things that people will cut back on,” said Brian Yacktman , president and chief investment officer at YCG Investments, which has roughly $750 million in assets under management.\n\nSome cosmetic companies still face challenges in the face of changing consumer tastes. Coty Inc. COTY 4.61 %increase; green up pointing triangle announced a $600 million turnaround plan in July that fell short of analysts expectations. The stock has slumped 17% over the past month.\n\nMeanwhile, Revlon Inc. hired Goldman Sachs Group Inc. to help review strategic alternatives, including the sale of all or parts of its business, The Wall Street Journal reported last week. The stock has lost 34% of its value this year.\n\nCorrections & Amplifications\n\nShares of L’Oreal rose 1.8% on Monday. An earlier version of this article incorrectly said shares of Avon Products Inc. gained 1.8%. Shares of Avon rose 0.5%.\n\nWrite to Jessica Menton at Jessica.Menton@wsj.com",
    "published": "2019-08-19"
  },
  {
    "source": "WSJ",
    "title": "Trump Calls for a Big Fed Rate Cut, Again Criticizes Central Bank Chairman",
    "summary": "President says Jerome Powell has ‘horrendous lack of vision,’ says big reduction would improve economy",
    "link": "https://www.wsj.com/articles/trump-calls-for-a-big-fed-rate-cut-again-criticizes-central-bank-chairman-11566230832?mod=Searchresults_pos18&page=66",
    "content": "WASHINGTON—President Trump on Monday called for the Federal Reserve to sharply cut interest rates and again criticized the central bank’s chairman for a “horrendous lack of vision,” while reiterating his belief that the U.S. economy is strong.\n\nThe president said in a pair of tweets Monday morning that the Fed should cut its benchmark interest rate by at least a full percentage point and resume its crisis-era program of buying bonds to lower long-term borrowing costs. Such moves would typically be considered only when the economy faces serious peril, which Fed officials don’t believe to be the case.\n\nWhite House officials have said in recent days that they don’t believe the U.S. is headed toward a slowdown.\n\nLarry Kudlow , the director of the National Economic Council, said Sunday that there were no signs of a recession and that the White House is considering tax cuts aimed at the middle class, which Mr. Trump floated before the 2018 midterms but didn’t ultimately pursue.\n\nShare Your Thoughts Do you think President Trump should seek to influence Jerome Powell’s decision on rate cuts? Why or why not? Join the conversation below.\n\nWhite House aides said Monday they are examining other proposals to bolster the economy. Among the ideas being discussed is a cut in the payroll tax, but two people familiar with the matter said they didn’t expect such a proposal to be pursued.\n\nOne White House official said the president hasn’t endorsed the idea. Another White House official said Monday that “more tax cuts for the American people are certainly on the table, but cutting payroll taxes is not something under consideration at this time.”\n\nPayroll taxes, which are separate from the federal income tax, fund Medicare and Social Security and come out of workers’ paychecks, paired with employer levies. For 2011 and 2012, employees’ Social Security payroll tax rate was cut to 4.2% from 6.2% as a revamped tax break that was started in the 2009 stimulus law. Congress let that payroll-tax cut expire.\n\nThe Washington Post reported earlier Monday that White House officials had begun discussions on a temporary payroll-tax cut.\n\nIn his latest criticism of Fed Chairman Jerome Powell, who goes by Jay, Mr. Trump said Monday that the U.S. economy “is very strong, despite the horrendous lack of vision by Jay Powell and the Fed.”\n\nIf the Fed cut its benchmark rate by at least a percentage point and perhaps launched a new bond-buying program, the president tweeted, “our Economy would be even better, and the World Economy would be greatly and quickly enhanced.”\n\nLast month, the Fed trimmed rates by a quarter percentage point to a range between 2% and 2.25%, citing risks from slower global growth and unexpectedly soft inflation. Mr. Powell is navigating the Fed toward more rate reductions and is scheduled to speak Friday at the Kansas City Fed’s annual conference in Jackson Hole, Wyo.\n\nInvestors are hoping Mr. Powell will provide more insight into his policy approach at a time when the economic outlook is buffeted by heightened risks and as the Fed is being publicly attacked to a degree that is virtually without precedent in its 105-year history.\n\nA rate cut of the magnitude Mr. Trump called for Monday, which hasn’t happened since the global financial crisis in late 2008.\n\nInterest-rate futures are pricing in a 95% chance that the Fed will reduce rates by a quarter percentage point at its Sept. 17-18 meeting. The probability of the benchmark federal-funds rate being lowered by a full percentage point before the end of the year is estimated at 2.2%, according to CME Group.\n\nMr. Trump’s Twitter dispatch Monday came after he returned from a 10-day vacation at his golf resort in Bedminster, N.J., during which financial markets experienced wild swings and the Dow Jones Industrial Average suffered its biggest single-day loss of the year. While the president and his advisers have blamed the swoon on the Fed pushing interest rates too high last year, many economists and executives say Mr. Trump’s own trade policies are responsible for spooking financial markets, hurting business investment and weakening the global economy. Before Mr. Trump’s Aug. 1 announcement of the latest round of tariffs on Chinese goods, the Dow was less than 1% below its all-time high.\n\nWrite to Rebecca Ballhaus at Rebecca.Ballhaus@wsj.com, Andrew Restuccia at Andrew.Restuccia@wsj.com and Paul Kiernan at paul.kiernan@wsj.com",
    "published": "2019-08-19"
  },
  {
    "source": "WSJ",
    "title": "Investors Rush Into Havens as Growth Fears Persist",
    "summary": "Portfolio managers are hedging their bets in case the argument for recession becomes clearer",
    "link": "https://www.wsj.com/articles/investors-rush-into-havens-as-growth-fears-persist-11566207002?mod=Searchresults_pos2&page=76",
    "content": "Investors are snapping up safer assets including gold, dividend-paying stocks and the Japanese yen, as portfolio managers hedge their bets with major U.S. stock indexes near record highs.\n\nThe continued strength of the U.S. economy has buoyed equities. On Monday, the Dow industrials posted their third straight gain, rising 249 points, or almost 1%, to 26135. The gains were paced by banks—among the most economically sensitive sectors—and trade-facing technology firms such as chip makers Micron Technology MU 0.64 %increase; green up pointing triangle and Nvidia.\n\nBut some market indicators regarded as reliable forecasters of downturns are sending warning signals. Bond yields have plunged in the second half of 2019, despite Monday’s rise in the 10-year U.S. Treasury yield to 1.603%. The yields fall when the prices increase.\n\n“The market mood is very uncertain right now,” said James Bianco , head of Chicago-based advisory firm Bianco Research. “There are a lot of things happening at once and investors are not sure what to make of them.”\n\nThe prices of rich-country government bonds have surged since July, sending yields in Europe to record lows and pushing the global pool of negative-yielding debt above $15 trillion. The world’s best-performing major currency is the Japanese yen, which has long been the go-to destination for nervous investors. Gold has risen more than 10% in 2019 and stands near a six-year high. The S&P 500 has also logged a double-digit gain but has been outpaced by gold—a confluence that has occurred just four other times in the past four decades.\n\nSafety Play Gold and stocks have both rallied this year. Annual performance of gold and the S&P 500 since 1980 Years when gold and stocks have both risen at least 15% 40% 2009 20 2019 2003 front-month gold futures 0 –20 –40 –40% –20 0 20 40 S&P 500 Annual performance of gold and the S&P 500 since 1980 Years when gold and stocks have both risen at least 15% 40% 2009 2019 20 2003 front-month gold futures 0 –20 –40 –40% –20 0 20 40 S&P 500 Annual performance of gold and the S&P 500 since 1980 Years when gold and stocks have both risen at least 15% 40% 2009 20 2019 2003 front-month gold futures 0 –20 –40 –40% –20 0 20 40 S&P 500 Annual performance of gold and the S&P 500 since 1980 Years when gold and stocks have both risen at least 15% 40% 2019 2009 front-month gold futures 20 2003 0 –20 –40 –40% –20 0 20 40 S&P 500\n\nShares of real-estate firms, consumer-staples companies and utilities are the only S&P 500 sectors to notch significant gains this month. Investors tend to favor those sectors during rocky periods because of their relatively stable earnings and sizable dividend payments.\n\nThe shift to safer assets is the latest round in investors’ yearlong bout with fears that a global slowdown will end the decadelong U.S. expansion. While the evidence so far favors continued economic growth, more portfolio managers are hedging their bets in case the argument for recession becomes clearer.\n\nInvestors this week will parse minutes from the Federal Reserve’s last meeting, with many expecting the central bank to continue lowering interest rates to brace the economy from trade tensions. Comments from Fed Chairman Jerome Powell at the central bank’s annual retreat in Jackson Hole, Wyo., could also swing markets.\n\nMany investors think that trade uncertainty could last for months or years, even after the White House said last week it would delay some of its most recent tariffs on Chinese imports until December. Other concerns center on the impact of Brexit, political friction in such places as Italy, India and Korea, and violent protests in Hong Kong.\n\nThe decline in interest rates stands to be good for stocks, at least in the short term. Lower rates make shares look more attractive—the latest affirmation of the “There Is No Alternative” to stocks thesis known as Tina.\n\nAdvertisement\n\nYet many investors are skeptical that lower interest rates around the world will spur a pickup in economic activity. Many also believe that the buildup of negative-yielding debt, particularly in Europe and Japan, and the plunge to near-record lows of U.S. Treasury yields mark ominous signs for the world economy.\n\n“People would have thought these low interest rates would spur growth, but they’re not,” said Robert Tipp , chief investment strategist at PGIM Fixed Income. Mr. Tipp holds long-dated bonds in his portfolio, which he expects to rise in price as rates fall.\n\n“What that’s telling you is that interest rates may still be too high.”\n\nMore fund managers are bullish on bonds than during any other time since the financial crisis, a Bank of America Merrill Lynch survey conducted Aug. 2 to Aug. 8 showed. More than a third of those polled believe a recession is likely in the next 12 months, the highest reading in nearly eight years.\n\nInvestors’ fears help explain why both gold and stocks are up more than 15% in 2019, something that has occurred only two other times in the past 40 years, according to Dow Jones Market Data.\n\nAdvertisement\n\nSome investors are choosing to weather trade uncertainty by turning to U.S. stocks, which are perceived to benefit from the relative stability of domestic growth and ultralow interest rates around the world. The S&P 500’s dividend yield recently eclipsed the 10-year Treasury yield, and shares of consumer-products firms including Kellogg Co. and General Mills Inc. have been among the beneficiaries.\n\nOther investors believe the signal from the gold rally is stronger.\n\n“It’s too early to say that global growth is going to turn around,” said Aron Pataki , a portfolio manager at Newton Investment Management, which has increased positions in havens such as gold in recent months.\n\nAided by low interest rates, markets have repeatedly overcome past bouts of economic worry to continue climbing, including in 2011, when gold rose to a record near $1,900 a troy ounce.\n\nLow bond yields also benefit gold because they make the metal—which doesn’t generate any income for holders—more attractive to yield-seeking investors.\n\nAdvertisement\n\n“People are just looking for stability,” said Michael Hans , chief investment officer at Clarfeld Citizens Private Wealth.\n\nFund managers surveyed by Bank of America are also holding more cash than they have on average in the past decade. And hedge funds and other speculative investors have increased bets on continued gains in gold and the yen, figures from Scotiabank and the Commodity Futures Trading Commission show.\n\n“A lot of people just don’t like volatility, so they are looking for ways to find a buffer against the market,” said Mariann Montagne , a portfolio manager at Gradient Investments, which has been favoring gold recently. “We don’t think we’ve seen the last of the gyrating trade tweets.”\n\nWrite to Amrith Ramkumar at amrith.ramkumar@wsj.com and Ira Iosebashvili at ira.iosebashvili@wsj.com\n\nShare Your Thoughts Have you made any changes to your investments due to global worries? If so, which ones? Join the conversation below.",
    "published": "2019-08-19"
  },
  {
    "source": "WSJ",
    "title": "An Economic Warning Sign: RV Shipments Are Slipping",
    "summary": "Some manufacturers in Elkhart, Ind., cut production as tariffs drive up costs of components",
    "link": "https://www.wsj.com/articles/one-countys-rv-industry-points-to-recession-around-the-bend-11566207001?mod=Searchresults_pos15&page=37",
    "content": "Elkhart, Ind., is flashing a warning sign about the economy.\n\nCapital of the country’s recreational-vehicle industry, the northern Indiana city and the surrounding area are watched by economists and investors for early indications of waning consumer demand for luxury items, often the first sign of economic anxiety.\n\nShipments of recreational vehicles to dealers have fallen about 20% so far this year after a 4.1% drop last year, according to data from the RV Industry Association. Multiyear drops in shipments have preceded the last three recessions.\n\n“The RV industry is better at calling recessions than economists are,” said Michael Hicks, an economist at Ball State University, in Muncie, Ind. Mr. Hicks says softening consumer demand for RVs coupled with rising vehicle prices due to tariffs suggests the economy is either in a recession or soon headed for one.\n\nThe Dow Jones Industrial Average posted its largest one-day decline of the year last Wednesday, when yields on the 10-year Treasury note briefly fell below yields on two-year notes for the first time since 2007. The phenomenon is often viewed as an indicator of a recession.\n\nElkhart has long offered its own economic bellwether—with captains’ chairs and onboard bathrooms.\n\nAbout 65% of recreational vehicles in the U.S. are made in the Elkhart region, as well as many of the tires, wheels, appliances and furniture that go into them. Elkhart ships its RVs to dealers, who are careful to avoid carrying too much inventory andpull back orders when they sense cooling desire for a luxury item like an RV.\n\n“Elkhart is very distinctive because it is so highly dependent on the RV industry,” said Morton Marcus, a retired economist formerly at Indiana University’s Kelley School of Business. “As a result, it tends to be very cyclical with the kind of product consumers can very easily say, no that’s too big a ticket item for me to buy this year.”\n\nA drop in consumer demand can ricochet back to Elkhart. Unemployment in Elkhart County, which has a population of 200,000, was 3% in June, below the national rate of 3.6%, according to federal data. But it is up from a low of 2.1% in April 2018. Weekly hours worked fell by half a percent in June.\n\nDuring the last recession, Elkhart’s unemployment rate hit a high of 20% in 2009.\n\nA worker in 2018 installed a front section and windshield at Jayco's RV plant in Elkhart. Photo: David Kasnic for The Wall Street Journal\n\nRV manufacturing giant Thor Industries Inc., based in Elkhart, said in June in its third-quarter earnings release that it was cutting back production of RVs and shifting its staff to a four-day workweek. LCI Industries, another Elkhart manufacturer, consolidated some of its facilities to address the slowdown.\n\nBaird analyst Craig Kennison said he estimates based on proprietary data that retail sales of RVs this year are down by mid-to-high single digits and expects a similar decline next year.\n\nMany manufacturers attribute the slowdown to overbuilding after an increase in demand in 2017. When demand started slowing in 2018, dealers were left with too many RVs and began ordering fewer vehicles. Still, shipments remain historically strong. Executives say they expect inventory levels to balance out by the end of the year. The RV Industry Association is forecasting a 2.5% increase in shipments to dealers for 2020.\n\nMarc and Julie Bennett live on the road. They bought an RV for $25,000 and rehabbed it for $12,000. They say something comparable today would have cost them close to $350,000. Photo: Gabriela G Photography\n\nBill Murnane , chief executive of LazyDays Holdings Inc., a national dealership based in Tampa, Fla., doesn’t think 2020 will bring the relief some manufacturers anticipate. He said consumer demand began to weaken last fall and he didn’t see it recovering soon.\n\n“You need food, you need clothes but you don’t need an RV,” he said. “When people are starting to feel less confident about their job prospects, their 401(k), the broader economy, they’re going to feel less confident about buying an RV. And that’s what you’re seeing right now.”\n\nRVs can range in price from about $12,000 for a folding camping trailer to $212,000 for a high-end motor home, according to average retail prices collected by the RV Industry Association.\n\nThe prices have been sensitive to the U.S. tariffs imposed on some Chinese goods. The industry estimates that as many as 523 items could be hit by the tariffs, everything from the toilet-seat covers that go into RV bathrooms and cow hides for leather furniture to the aluminum or steel used throughout the vehicles.\n\nDivya Brown, the president of Houston-based TAXA Outdoors, a small RV manufacturer, said her company bought most of its parts from Elkhart. Her suppliers are raising prices to account for the hit they are taking from imported goods such as aluminum and steel. Ms. Brown said the company saw a 22% jump in the cost of steel and a 9% jump in the cost of aluminum.\n\n“When our suppliers are having price increases, we’re seeing price increases,” she said.\n\nRick and Susan Turner tailgate before every Auburn University football game. But with their 45-foot-long Tiffin Zephyr RV, it's not your average tailgate. Take a tour of the big rig with the Turners. Photo: Caleb Chancey for The Wall Street Journal\n\nMarc and Julie Bennett, who have been living on the road for the past five years, said they decided to buy an old RV for $25,000 and rehab it themselves for $12,000 after estimating something comparable on lots today would have cost them close to $350,000. The Bennetts say they think the economy is headed for a slowdown and didn’t want to be stuck with a quickly depreciating asset like an RV, which they saw happen to owners during the 2008 recession.\n\n“We couldn’t justify that amount of money, even though it’s a full-time home, on a depreciating asset,” Mr. Bennett said.\n\nCorrections & Amplifications\n\nMarc and Julie Bennett have been living on the road in an RV for the last five years, An earlier version of this article incorrectly stated that they had been living on the road for 3½ years. Aug. 19. In addition, RV manufacturer Thor Industries Inc. said in June in its third-quarter earnings news release that it was cutting back production of RVs and shifting its staff to a four-day workweek. An earlier version of this article didn’t say the news release was for the third quarter and that it was issued in June. Aug. 20\n\nWrite to Shayndi Raice at shayndi.raice@wsj.com",
    "published": "2019-08-19"
  },
  {
    "source": "WSJ",
    "title": "States Wanting Investment Must Be Fair to Business",
    "summary": "Kansas and Missouri can do even more to attract business by enacting civil justice reforms that improve their legal climates.",
    "link": "https://www.wsj.com/articles/states-wanting-investment-must-be-fair-to-business-11566244669?mod=Searchresults_pos15&page=6",
    "content": "Kansas Gov. Laura Kelly signs an executive order aimed at ending an economic \"border war\" between her state and Missouri over jobs in the Kansas City area, Friday, Aug. 2, 2019. Photo: John Hanna/Associated Press\n\nYour editorial, “The Kansas-Missouri Subsidy Armistice” (Aug. 15) correctly points to tax rates as an effective way for states to compete for business. Kansas and Missouri can do even more to attract business by enacting civil-justice reforms that improve their legal climates. Excessive tort litigation in Missouri costs the “Show Me Your Lawsuit” state $1.6 billion in direct costs annually and 26,548 jobs, according to a recent study by the Perryman Group for the American Tort Reform Association (ATRA). Missouri has appeared on ATRA’s annual “Judicial Hellholes” list for six consecutive years due mainly to liability-expanding court decisions. Gov. Michael Parson and key legislative leaders have taken some important steps to reform the system, but more remains to be done.\n\nAny state that wants to succeed in enticing businesses to invest must turn its attention to ensuring a fair and balanced judicial system.",
    "published": "2019-08-19"
  },
  {
    "source": "WSJ",
    "title": "Congress Must Resolve the Internet Sales-Tax Fiasco",
    "summary": "I can only wish that those on the Supreme Court who voted for Wayfair could come into my small business of six employees to see what it’s like to deal with this unmitigated disaster on daily basis.",
    "link": "https://www.wsj.com/articles/congress-must-resolve-the-internet-sales-tax-fiasco-11566244632?mod=Searchresults_pos15&page=20",
    "content": "Rugs and props sit on shelves in a storage area at the Wayfair Inc. photo studio in Westborough, Mass. Photo: Scott Eisen/Bloomberg News\n\nI appreciate your bringing attention to the Wayfair ruling in your editorial “State Tax Collectors Want You” (Aug. 13). With more space you might have expounded on the complexity and cost of complying with over 10,000 tax jurisdictions in the 45 states, plus Washington, D.C., that collect sales tax. We’ve had to spend over $50,000 on interstate sales-tax accountants and lawyers and will now spend at least $20,000 a year on software to manage the collections, exemption documents and filing of returns. I can only wish that those on the Supreme Court who voted for Wayfair could come into my small business of six employees to see what it’s like to deal with this unmitigated disaster on a daily basis.\n\nMarc A. Resnick",
    "published": "2019-08-19"
  },
  {
    "source": "WSJ",
    "title": "Australian Steelmaker BlueScope Plans U.S. Expansion",
    "summary": "BlueScope Steel will spend roughly US$700 million to increase production at Ohio plant",
    "link": "https://www.wsj.com/articles/australian-steelmaker-bluescope-plans-u-s-expansion-11566179042?mod=Searchresults_pos1&page=42",
    "content": "SYDNEY—An Australian steelmaker said it will spend roughly US$700 million to expand its U.S. business, joining American rivals that have outlined plans to add capacity domestically in the wake of President Trump’s import tariffs.\n\nBlueScope Steel Ltd. BSL -1.00 %decrease; red down pointing triangle said annual steelmaking capacity at its North Star facility in Delta, Ohio, would increase by 40%, or 850,000 metric tons, once the expansion is completed.\n\nThe North Star plant sells nearly all its steel to customers in the U.S. Midwest, in particular automotive and construction companies.\n\nU.S. steel prices have fallen about a third since approaching a decade-high last summer, but BlueScope and other steelmakers are looking beyond the current weakness in commodity markets. Slowing global growth is deepening confidence among steel executives that the U.S. and other countries will resort to infrastructure spending to give their economies a boost.\n\nSteel Dynamics Inc. plans to build a mill in the southwestern U.S. capable of producing 3 million short tons of flat-rolled sheet steel annually, which would make it one of the largest mills to open in the U.S. in decades. United States Steel Corp. is in the middle of US$1.5 billion program to repair and upgrade its facilities.\n\nNew low-cost capacity is being brought online at the expense of older steel mills. U.S. Steel, among the highest-cost producers of steel in the country, recently idled two blast furnaces in response to the sudden downswing in steel prices.\n\n“We continue to be attracted to the U.S. as a place to build our business,” BlueScope Chief Executive Mark Vassella said.\n\nEnergy costs in the U.S. are roughly a third of what BlueScope pays in Australia, he said, and recent price increases introduced by U.S. mills appear to be sticking.\n\nSince hitting a year-and-a-half low near US$500 a short ton on July 2, the price of hot-rolled coiled sheet steel in the U.S. has rebounded to approximately US$600 a short ton, according to S&P Global Platts’s price assessment.\n\nMr. Vassella said continued oversupply and the uncertainty caused by tit-for-tat tariffs continue to bedevil the steel industry. Also, prices for raw materials have been volatile.\n\n“It’s part of the dilemma we have,” he said, referring to prices for steel, iron ore and coal. “The numbers are swinging wildly.”\n\nFor BlueScope, whose operations span from Australia and New Zealand to China, expanding in the U.S. was part of a strategy hatched in 2007 to reduce its reliance on its home market for profits. Since then, the steelmaker has continued to predict strong steel demand in the U.S., driven by construction and autos.\n\nThe company says its North Star business ranks fifth by volume in the production of hot-rolled coil in North America.\n\nBlueScope’s growth in the U.S. included the 2007 purchase of IMSA Steel Corp. from Ternium SA for US$730 million and gaining of full ownership in North Star for US$720 million in 2015. It also exports more than US$200 million of metal to the U.S. each year from its Port Kembla steelworks south of Sydney.\n\nBlueScope expects to finish construction work at the Delta plant in Ohio at the end of 2022, and then take roughly 18 months to ramp up to full production. There is the potential to increase capacity by another 500,000 metric tons later, but Mr. Vassella said that wasn’t a priority right now.\n\nOn Monday, BlueScope reported a 35% fall in annual profit reflecting one-time gains a year earlier. Stripping out one-time items, earnings rose 17% because of higher steel prices in the 12 months through June.\n\nWrite to Rhiannon Hoyle at rhiannon.hoyle@wsj.com",
    "published": "2019-08-19"
  },
  {
    "source": "WSJ",
    "title": "Powell Caught Between Economy and Trump; China Reforms Rates for Businesses; Volcker Rule Update",
    "summary": " given signs of slowing growth and voluble pressure from the president. All eyes, therefore, will be on the minutes from the Fed’s July meeting, to be released Wednesday,",
    "link": "https://www.wsj.com/articles/powell-caught-between-economy-and-trump-china-reforms-rates-for-businesses-volcker-rule-update-11566218431?mod=Searchresults_pos2&page=50",
    "content": "Good day. It is unclear what the Federal Reserve’s next move will be following its first rate-cut in a decade, given signs of slowing growth and voluble pressure from the president. All eyes, therefore, will be on the minutes from the Fed’s July meeting, to be released Wednesday, and the bank’s annual symposium later in the week. Elsewhere, China’s central bank is introducing a new interest rate based on real-world bank lending prices as a reference for pricing new loans.\n\nNow on to today’s news and analysis.",
    "published": "2019-08-19"
  },
  {
    "source": "WSJ",
    "title": "Newsletter: The RV Industry Signals a Recession Around the Bend",
    "summary": "his is the web version of the WSJ’s newsletter on the economy. You can sign up for daily delivery here.\n\nU.S. recreational-vehicle sales are telling a story about the economy, the Fed is in focus and a strong dollar is a double-edged sword for countries around the world.",
    "link": "https://www.wsj.com/articles/newsletter-the-rv-industry-signals-a-recession-around-the-bend-01566211777?mod=Searchresults_pos17&page=41",
    "content": "This is the web version of the WSJ’s newsletter on the economy. You can sign up for daily delivery here.\n\nU.S. recreational-vehicle sales are telling a story about the economy, the Fed is in focus and a strong dollar is a double-edged sword for countries around the world. Good morning. Jeff Sparshott here to take you through key developments in the global economy. Send us your questions, comments and suggestions by replying to this email.\n\nOn the Road Again\n\nElkhart, Ind., is flashing a warning signal. Capital of the country’s recreational-vehicle industry, the northern Indiana city and the surrounding area are watched by economists and investors for early indications of waning consumer demand for luxury items, often the first sign of economic anxiety, Shayndi Raice reports.\n\nShipments of recreational vehicles to dealers have fallen about 20% so far this year, after a 4.1% drop last year. Multiyear drops in shipments have preceded the last three recessions.\n\nto dealers have fallen about 20% so far this year, after a 4.1% drop last year. Multiyear drops in shipments have preceded the last three recessions. About 65% of recreational vehicles in the U.S. are made in the Elkhart region, as well as many of the tires, wheels, appliances and furniture that goes into them. RV dealers, who are careful to avoid carrying too much inventory, pull back orders when they sense cooling desire for a luxury item like an RV.\n\nin the U.S. are made in the Elkhart region, as well as many of the tires, wheels, appliances and furniture that goes into them. RV dealers, who are careful to avoid carrying too much inventory, pull back orders when they sense cooling desire for a luxury item like an RV. “The RV industry is better at calling recessions than economists are,” said Michael Hicks, an economist at Ball State University, in Muncie, Ind.\n\nWHAT TO WATCH THIS WEEK\n\nThe Federal Reserve will dominate a week without much hard data. Minutes from the central bank's last meeting are out Wednesday. On Friday, Chairman Jerome Powell headlines the Fed's annual Jackson Hole, Wyo., symposium. \"Market participants will certainly be hanging on Powell’s every word for any indication of how the committee is leaning with respect to its rate decision on September 18th,\" says Deutsche Bank economist Justin Weidner.\n\nIn non-Fed news, watch for U.S. existing-home sales on Wednesday, and monthly purchasing managers indexes for major economies around the world on Thursday. Economists will pay close attention to U.S. manufacturing, looking for signs of further weakening in the sector.\n\nTOP STORIES\n\nBetween a Rock and a Hard Place\n\nJerome Powell is caught between a slowing economy and an angry president. The Federal Reserve chairman faces scrutiny from markets and the White House over his stewardship of interest rates in an unsettled U.S. economy, Nick Timiraos writes.\n\nMr. Trump’s unyielding criticism of the Fed has led people inside the central bank to feel like they are fighting to both buoy the U.S. economy and preserve the Fed’s independence from political interference.\n\nof the Fed has led people inside the central bank to feel like they are fighting to both buoy the U.S. economy and preserve the Fed’s independence from political interference. Mr. Powell is navigating the Fed toward more rate reductions, though conditions could change. The debate among his Fed colleagues is when and how much to move rates, as well as how to best frame the decision.\n\nthe Fed toward more rate reductions, though conditions could change. The debate among his Fed colleagues is when and how much to move rates, as well as how to best frame the decision. Investors and observers hope Mr. Powell's remarks Friday at the annual central bank conference in Jackson Hole, Wyo., will surface clues to the Fed’s next move.\n\nDialing for Dollars\n\nA prolonged dollar rally is pressuring U.S. corporate earnings, hitting commodity prices and threatening to deepen a selloff in emerging markets. The ICE Dollar Index, which tracks the dollar against a basket of six major currencies, stands near its highest level in more than two years, Ira Iosebashvili reports. That's been a double-edged sword, both inside and outside the U.S.\n\nU.S. exporters are less competitive abroad and U.S. multinationals are hit when they convert foreign revenues into U.S. currency.\n\nare less competitive abroad and U.S. multinationals are hit when they convert foreign revenues into U.S. currency. Developing countries pay more to service their dollar-denominated debt, pressuring those that have borrowed heavily in U.S. currency.\n\nto service their dollar-denominated debt, pressuring those that have borrowed heavily in U.S. currency. Oil, copper and most other raw materials are denominated in dollars and become more expensive to foreign buyers.\n\nare denominated in dollars and become more expensive to foreign buyers. U.S. companies that import goods from abroad benefit. It also, in theory, helps U.S. consumers buying foreign goods and American tourists spending dollars abroad.\n\nthat import goods from abroad benefit. It also, in theory, helps U.S. consumers buying foreign goods and American tourists spending dollars abroad. The dollar’s strength also has been a boon to countries trying to boost growth because it makes their own currencies—and exports—cheaper.\n\nThat 70s Show\n\nThe U.S.-China trade fight is the public face of a global slide toward protectionism. President Trump’s levies on products ranging from steel and solar panels to textiles have raised the average tariff applied on imports purchased by the U.S. to just over 4%, according to analyses by Deutsche Bank and UBS Group. The last time the average U.S. tariff levied on imports was anywhere near its current level was in the 1970s, Jason Douglas reports. That imposes costs: UBS calculates the blossoming trade conflict has kept the U.S. economy around 0.75% smaller than it would have been had tariffs stayed where they were.\n\nNew Kids on the Block\n\nSummer unemployment among young Americans is the lowest it has been since the 1960s. The share of those working or seeking work also ticked upward in July to the highest level in a decade, though the figure remains historically low. Why the low participation rate? Economists say more students are taking summer courses or building their resumes with unpaid internships, underscoring a shift to a knowledge-based economy. Further, wages from summer jobs are unlikely to make a dent in tuition costs, deterring some would-be summer workers, Sarah Chaney reports.\n\nI Call This One...Blue Steel\n\nAustralia's BlueScope Steel said it will expand its U.S. business, joining American rivals that have outlined plans to add capacity. Slowing global growth is deepening confidence among steel executives that the U.S. and other countries will resort to infrastructure spending to give their economies some much-needed juice, Rhiannon Hoyle reports.\n\nCEOs Ditch Milton Friedman\n\nThe Business Roundtable is changing its statement of “the purpose of a corporation.” No longer should decisions be based solely on whether they will yield higher profits for shareholders. Rather, corporate leaders should take into account “all stakeholders”—that is, employees, customers and society writ large. It is a major philosophical shift for the association, which counts the chief executives of dozens of the biggest U.S. companies as its members. Its old statement of purpose espoused economist Milton Friedman’s decades-old theory that companies’ only obligation is to maximize value for shareholders.\n\nTWEET OF THE DAY\n\nOk folks this isn't hard. Population of Greenland is approximately 60k. For a measly $600 billion we could give every person in Greenland 10 MILLION DOLLARS. Have them hold a referendum on it and watch it win 90%.\n\n— Ryan Decker (@UpdatedPriors) August 18, 2019\n\nWHAT ELSE WE’RE READING\n\nThe global economy is slowing. Get used to it. \"To avoid overreacting, the discussion about economic health needs to shift to measures that better capture satisfaction and contentment, like per capita income growth. In countries with shrinking populations, per capita incomes can continue to grow so long as the economy is shrinking less rapidly than the population,\" Morgan Stanley's Ruchir Sharma writes in the New York Times.\n\nSign Up for Our Calendar\n\nReal Time Economics has launched a downloadable Google calendar with concise previews, forecasts and analysis of major U.S. data releases.\n\nTo add to your Google Calendar on desktop, click here.\n\nTo add to your Google calendar app on mobile, click here.\n\nIf you prefer to view the calendar using a web browser, with the option of adding select Real Time Economics entries to your calendar, click here.\n\nAnd here's our how-to.\n\nLet us know what you think. This is a pilot project, so we’d appreciate your feedback.",
    "published": "2019-08-19"
  }
]