[
  {
    "source": "WSJ",
    "title": "Australia Looks to Siphon U.S. Oil Stockpile to Avoid Running Out of Gas",
    "summary": "The ally, which America hopes will play a more assertive regional role, is a weak link when it comes to oil security",
    "link": "https://www.wsj.com/articles/australia-looks-to-siphon-u-s-oil-stockpile-to-avoid-running-out-of-gas-11564998312?mod=Searchresults_pos1&page=63",
    "content": "CANBERRA, Australia—The U.S. is considering opening its emergency oil reserves to Australia, as concerns grow about shipping security and this Washington ally’s ability to withstand a global oil-supply shock.\n\nAustralia has long been the weakest link in the world’s last line of defense against a disruption to the trade in crude oil. It is the only buyer of crude among the 30 members of the International Energy Agency without enough oil in storage to cover net imports for three months. It has failed to meet that IEA requirement since at least 2012. It has 57 days of net coverage in backup supplies, according to most recent IEA data.\n\nCountries, including the U.S., set up strategic petroleum reserves several decades ago to deal with short-term disruptions and prevent a repeat of the 1973 oil price shock when Arab oil producers imposed a supply embargo and jolted the global economy.\n\nThe U.S.—which is threatening broader tariffs on Chinese imports and worries about Beijing’s drive to build a network of military bases offshore—wants Australia to play a more assertive military role in the Asia-Pacific region. At the weekend, U.S. and Australian officials discussed the potential for new ground-based, intermediate-range weapons to be placed in Asia to counter China’s growing military power.\n\nAt the Group of 20 summit in Japan in late June, Australia sought an agreement for access to the U.S. petroleum reserve in the event of an emergency. Concerns about the security of global oil supply have intensified since then, with Iran last month seizing the British-flagged Stena Impero in a move widely viewed as retaliation against the U.K. for the seizure in Gibraltar of an Iranian oil tanker.\n\nOn Monday, senior Australian ministers said the country could send a warship to the Strait of Hormuz to help the U.S. and allies police shipping routes in the Persian Gulf in exchange for access to the reserve.\n\n“We’re working as quickly as possible to get a deal done with the U.S.,” said Energy Minister Angus Taylor . “If there is disruption, if there are things that happen [that] are not helpful to the affordability and availability of oil, we have a solution available.”\n\nThe U.S. declined to comment on the talks.\n\nIt has more than 640 million barrels of oil stored in its Strategic Petroleum Reserve along the Texas and Louisiana Gulf Coast. In contrast, Australia has mostly relied on oil stockpiles owned by major companies to meet its obligations to the IEA since joining in 1979.\n\nA steep fall in Australia’s oil production and the closure of several refineries have complicated that approach, while lawmakers have balked at the billions of dollars in investment needed to build fuel stocks and storage infrastructure.\n\n“Australia is reliant on traffic through the Strait of Hormuz for a percentage of our oil supplies so we’re doing everything that we can to be a good government and be prudent to make sure that we get a continuity of supply,” Mr. Taylor said.\n\nStill, he said it could take up to a month for any oil to arrive from the U.S. reserve, underscoring the limits to any agreement.\n\nWhile a U.S. president can order a full drawdown of the Strategic Petroleum Reserve to counter a “severe energy supply interruption,” the U.S. Department of Energy also has the authority to tap the reserve for other reasons, including short-term “loans” to petroleum companies.\n\nSecretary of State Mike Pompeo delivered a speech in Australia on Sunday in which he warned Washington and the West had been asleep as China began to steal data, launch military exercises in the disputed South China Sea and saddle other countries with debt to increase its influence.\n\nAustralia is one of Washington’s closest allies in Asia and a training hub for 2,500 U.S. Marines each year. It is also home to important U.S. spy satellite and submarine communication ground stations.\n\nWrite to Rob Taylor at rob.taylor@wsj.com",
    "published": "2019-08-05"
  },
  {
    "source": "WSJ",
    "title": "HSBC’s Quiet Man Undone by a Lack of Action",
    "summary": "Bank could appoint an outside candidate to replace ousted CEO John Flint, breaking with 153-year tradition",
    "link": "https://www.wsj.com/articles/hsbcs-quiet-man-undone-by-a-lack-of-action-11565012776?mod=Searchresults_pos18&page=69",
    "content": "Before becoming HSBC’s chief executive, John Flint told colleagues he preferred not to be in the public eye, and would become CEO out of a sense of duty.\n\nJohn Flint hoped to be remembered for an expansion of HSBC Holdings PLC HSBC 0.85 %increase; green up pointing triangle into China, surging profits and making the bank a nicer place to work.\n\nInstead, his ouster as chief executive after 18 months—and a 30-year career with the bank—may mark a break with the lender’s colonial past and an attempt to shed its bureaucratic image.\n\nHSBC late on Sunday said it was parting ways with Mr. Flint, a decision it said was reached by mutual agreement. The move came after months of concern over Mr. Flint’s leadership style and ability to take decisive action, people familiar with the bank said. He was formally dismissed at a London board meeting Sunday, the people said.\n\nChairman Mark Tucker said Monday that “a change was needed” to put HSBC out in front of a variety of economic and geopolitical challenges, including the U.S.-China trade tensions and Britain’s pending exit from the European Union.\n\nThe quiet-spoken Mr. Flint was “the best decision” when he was selected by the bank’s board 18 months ago, Mr. Tucker said. But “we believe the environment we’re going into needs a different person to take that forward.”\n\nMr. Flint’s temporary replacement, head of global commercial banking Noel Quinn , “brings pace, decisiveness and ambition,” he said.\n\nThe bank will look inside and outside the bank for Mr. Flint’s permanent replacement, Mr. Tucker said.\n\nThe ouster makes Mr. Flint’s replacement “more likely to be external,” said Russell Quelch , financials analyst at equity broker Redburn—potentially breaking with a 153-year-old tradition.\n\nMr. Flint reached the unceremonious end of his HSBC career at a Sunday session with lawyers and the bank’s board to work out the details of his departure. He wasn’t immediately available for comment Monday.\n\nWhile still in high school, Mr. Flint learned about HSBC’s international officer program, a fast track into management that HSBC has likened to creating “DNA carriers” who can be deployed as needed into any of the dozens of countries where the bank operates. He joined the program in 1989 fresh out of college, and soon learned the ropes at the bank in retail branches and trading floors across Asia, Europe and the U.S.\n\nShare Your Thoughts Was HSBC right to oust John Flint? Why or why not? Join the conversation below.\n\nStuart Gulliver —the CEO whom Mr. Flint replaced and who retired from HSBC in February 2018—was an early mentor and also a product of the international officers program. Mr. Flint emerged early on as a likely replacement for Mr. Gulliver during the bank’s CEO search. He was considered a safe choice as Mr. Tucker had just become the first-ever chairman appointed from outside the bank.\n\nBefore getting the job, Mr. Flint told colleagues he preferred not to be in the public eye, and would become CEO out of a sense of duty rather than because he woke up each day wanting it, according to people familiar with the comments.\n\nIn contrast to Mr. Gulliver’s more rousing approach to leadership, demonstrated by an outward confidence and sharp grasp of the bank’s inner financial workings, Mr. Flint’s style was more low key.\n\nWhen faced with a problem, he liked to spend time considering it, and would map out potential actions and outcomes on pieces of paper, according to people familiar with his working methods. He often sat in meetings taking in information with a pensive air, but without expressing his own views, the people said.\n\nAfter starting as CEO in February 2018, Mr. Flint sought to make HSBC a more inclusive and pleasant place to work, developing a plan he called “the healthiest human system” to encourage a better work-life balance for HSBC employees. The touchy-feely message resonated with many of the bank’s staff, but also led some executives to question what the bank’s priorities were.\n\nIn June 2018, Mr. Flint updated the bank’s strategy, largely sticking to Mr. Gulliver’s plans but also announcing up to $17 billion in new spending on digital banking and developing HSBC’s small but growing retail business in the Pearl River Delta region of China. Another priority was to turn around the bank’s low-return U.S. business, which shrunk after losing billions of dollars in the financial crisis and still hasn’t right-sized its revenues.\n\nBut world events threw in obstacles.\n\nIn the U.K., HSBC faced a cooling economy and a loss of confidence from households and businesses because of Brexit.\n\nRhetoric and tariffs between the U.S. and China in a continuing trade dispute also stepped up, threatening to curb HSBC’s revenue in Asia, and elsewhere, from trade finance and loans to multinational companies for investment. The bank is one of the world’s largest in financing global trade.\n\nIn February, Mr. Flint faced another test when HSBC’s full-year earnings were worse than expected, in part because costs were outstripping revenue growth. Investments would be staggered or delayed this year, Mr. Flint said at the time.\n\nOn Monday, HSBC took a stronger approach, saying around 2% of jobs would be cut from its workforce of 237,685 to counteract expected falls in revenue.\n\nIn his last memo to staff, Mr. Flint thanked them for “support and kindness,” and said he had sought to elevate “the human dimension” of life at HSBC while he was CEO.\n\nWrite to Margot Patrick at margot.patrick@wsj.com",
    "published": "2019-08-05"
  },
  {
    "source": "WSJ",
    "title": "WSJ Wealth Adviser Briefing: Low Rates, Wells Fargo Vendors, Mountain Bike Vacations",
    "summary": "Curated news and analysis for wealth advisers and their clients from WSJ reporters and columnists",
    "link": "https://www.wsj.com/articles/wsj-wealth-adviser-briefing-low-rates-wells-fargo-vendors-mountain-bike-vacations-01564999329?mod=Searchresults_pos6&page=64",
    "content": "Tony Smith heads a $3.6 billion, ultra-high-net-worth practice with UBS and is Barron’s top-ranked advisor in Alabama. He cites the concerns that have kept him off the ETF bandwagon. And he explains how client meetings have completely changed from what they were just a few years ago.\n\nBelow, some of the best analysis and insight from WSJ writers and columnists, the Dow Jones Newswires team and occasionally beyond, on investing, the wealth-management business and more.\n\nPLANNING & INVESTING\n\nOne Cheer for Low Rates: Companies haven’t been doing so hot this year, but investors are too busy cheering on low rates to be all that worried. The problem is that the conventional wisdom is mostly flawed: Falling rates aren’t much of a reason to buy stocks.\n\nMARKET TALK\n\nFrom Dow Jones Newswires\n\nAlmost all Chinese exports to the U.S. will be subject to a 25% tariff by the middle of next year, says Caroline Bain, chief commodities economist at Capital Economics. \"The chances of a compromise deal are remote given that China is unlikely to accept U.S. demands to its industrial policies.\" That's bad news for metal prices since demand for metals are likely to fall further than global GDP, which Capital forecasts as being 0.5% smaller than it otherwise would have been by the end of 2020. Copper is trading at close to its lowest level of the year in London, falling 1.4% to $5,783 a ton. (joe.wallace@wsj.com)\n\nInvestment manager Kingswood turns more positive on equities in its 3Q outlook, having increased U.S. equity holdings in May. It looks to use summer pullbacks to boost its global equity position, particularly healthcare stocks. Kingswood aims to \"move to a broadly neutral position\" in equities as \"potential returns look relatively attractive,\" although risks remain. It favors emerging markets and Asia excluding Japan due to \"cheap valuations and relatively strong long-term growth prospects.\" Kingswood is neutral on the U.S. and Japan, but \"less positive\" on Europe and cautious on the U.K. \"While U.K. equities look increasingly cheap, the risk of a no-deal Brexit and/or general election means the danger of further underperformance remains,\" it said. (jessica.fleetham@wsj.com)\n\nBUSINESS & PRACTICE\n\nWells Fargo to Tech Vendors: Please Send Us a Check: Wells Fargo, in cost-cutting mode, recently asked outside technology consultants to refund some of the money the bank has spent with them in the past year.\n\nIMPACT INVESTING\n\nEnvironment-Focused Shareholder Proposals Among Most Popular in Fortune 250: Shareholder proposals focused on the environment were the third most popular among the Fortune 250 this proxy voting season, says the Manhattan Institute, a conservative think tank. There were 26 shareholder proposals focused on environmental issues this year, representing 11% of the resolutions the institute tracked. The institute says that social-investing funds or investors with social, religious or public-policy orientations proposed 44% of the resolutions this season. (dieter.holger@dowjones.com; @dieterholger)\n\nTALKING POINTS\n\nMeredith Vieira on What Motivates Her to Keep Working: Television journalist talks about how to evolve in an always-changing industry in this ‘Secrets of Wealthy Women’ podcast.\n\nTRAVEL & LIFESTYLE\n\nMountain Bike Getaways Just Got More Enticing: From British Columbia to the Italian Alps, these four places are ideally suited for mountain biking. Plus: why flying with your bike is easier than you think.\n\nABOUT US\n\nThe Wealth Adviser Briefing covers topics of interest to wealth managers, financial planners and other advisers. The content is curated by the Dow Jones Newswires team using articles from the Newswires, Barron's, MarketWatch and The Wall Street Journal. The briefing is delivered to subscribers by email each workday morning at 6:30 a.m. ET. You can sign up here for email delivery.\n\nFor more information about our services for financial professionals, please visit DowJones.com\n\nWe welcome feedback. Please email newsletters@dowjones.com or contact Glenn Hall, global chief editor of Dow Jones Newswires at glenn.hall@wsj.com.",
    "published": "2019-08-05"
  },
  {
    "source": "WSJ",
    "title": "Restaurants, Food Makers Find Consumers Are Willing to Pay Higher Prices",
    "summary": "McDonald’s, Mondelez and Chipotle are among companies charging more; ‘U.S. consumer continues to be strong’",
    "link": "https://www.wsj.com/articles/higher-prices-drive-sales-growth-for-restaurants-food-makers-11564997401?mod=Searchresults_pos6&page=73",
    "content": "Higher prices on foods from Ritz crackers to burritos are helping restaurants and food makers boost sales and profits.\n\nMondelez International Inc., MDLZ 1.28 %increase; green up pointing triangle Chipotle Mexican Grill Inc. CMG -0.68 %decrease; red down pointing triangle and McDonald’s Corp. MCD -0.31 %decrease; red down pointing triangle are among the U.S. companies wagering that customers are willing to pay more as the record-long economic expansion continues. Some are notching revenue at the expense of customer counts or unit volumes.\n\nThe higher prices and more premium products are helping their balance sheets and pushing up shares. The restaurants subset of the S&P 500 has risen 32.2% this year through Friday, while the broader index has gained 17%.\n\nConsumers are driving the decadelong U.S. economic expansion, as other sectors including manufacturing and the farm economy are hurt by trade tensions and tariffs. The tight labor market, meanwhile, is leading some companies to raise wages, giving households more to spend.\n\nWages, slow to rise throughout this expansion, gained 3.2% annually in July as the unemployment rate lingered near a 50-year low, the Labor Department said Friday. Indexes from the Conference Board and the University of Michigan both reported rising consumer sentiment in July.\n\nRestaurants and food makers are seizing the opportunity to charge more, in part to cover higher costs for ingredients, transport and labor that many companies say they are facing. Restaurant prices have climbed faster than generally modest inflation rates in recent months, Labor Department data showed. Grocery prices are rising again after a long slump in recent years.\n\n“The U.S. consumer continues to be strong and resilient and confident, I think, in the economy,” Kellogg Co. Chief Executive Steve Cahillane said in an interview last week after the food manufacturer reported strong demand for its snacks in the latest quarter at the higher prices it is charging retailers.\n\nShare Your Thoughts How have you adjusted to higher prices from restaurants and food makers alike? Join the conversation below.\n\nCoca-Cola Co. bolstered revenue with higher prices in the U.S. in the second quarter, though volumes were slightly down. PepsiCo Inc.’s stronger revenue in its businesses in the U.S. and Canada were driven for the most part by price gains. Dunkin’ Brands Group Inc. said sales rose in the quarter as customers ordered more expensive espresso drinks and breakfast bowls that the coffee chain added to its menu over the past year. Chipotle reported a 10% sales bump driven largely by bigger orders after raising prices last year.\n\n“We are seeing no resistance,” to the higher prices, Chipotle’s Chief Financial Officer Jack Hartung said in an interview last month.\n\nSome shoppers have noticed the higher prices. Grace Garza, a 38-year-old special-education teacher in San Antonio, received a raise recently but still looks for coupons and deals ahead of trips to Texas-based grocer H-E-B LP.\n\n“The cost of groceries is going up, so I feel like it’s kind of evening out with my paycheck,” Ms. Garza said. She added that higher health-insurance costs also are eating into her pay.\n\nOthers say higher wages are giving them more to spend. Sarah Cole, who works at a siding company in Columbus, Ohio, got a promotion and raise last year that have allowed her to shop more often at Kroger Co. stores rather than buying her groceries exclusively at discounter Aldi.\n\n“I’m definitely going to different stores,” said Ms. Cole, 37 years old.\n\nAnalysts caution that some companies risk eroding their customer base if price increases outpace wage gains. Consumers are more discerning about what they will pay up for than in the past, they say.\n\n“You can raise prices up to a point but you have to create underlying demand,” said David Garfield of consulting firm AlixPartners.\n\nHershey Co. has seen weaker volumes for some of its products since raising prices on bagged candies, gum and mints earlier this year by 2.5%. Hershey still plans to raise prices on chocolate bars and wrapped candies an additional 9%, expecting demand to rebound over time as consumers adjust.\n\n“Whether times are good or times are bad, people are looking for a way to treat themselves and everybody can do that with candy,” CEO Michele Buck said in an interview.\n\nSome restaurants also have seen flat or falling guest counts as they reported sales gains by raising prices. Louisville-based chain Texas Roadhouse Inc. said last month that price increases last year haven’t hurt traffic.\n\nOther chains are boosting discounts after traffic slowed. U.S. same-store sales at Applebee’s fell 0.5% in the latest quarter, prompting the chain to ramp up future deals.\n\n“For our guest, there is a strong appeal of value,” said Steve Joyce , CEO of Applebee’s parent company Dine Brands Global Inc., in an interview.\n\nPrices at McDonald’s restaurants in the U.S. have risen by about 2% on average in each of the past several quarters, helping to push up sales overall as guest counts have fallen. McDonald’s said last month ​that it is having new success drawing in guests through some discounts such as a two-for-$5 value menu.\n\nBurger King ​is studying how to better promote the value items on its menu after reporting roughly flat same-store sales in the U.S. in the latest quarter. Jose Cil , CEO of parent company Restaurant Brands International Inc., QSR -1.53 %decrease; red down pointing triangle said Burger King must do more to woo customers seeking out the best deals.\n\n“We can do an even better job,” he said.\n\nWrite to Heather Haddon at heather.haddon@wsj.com and Micah Maidenberg at micah.maidenberg@wsj.com",
    "published": "2019-08-05"
  },
  {
    "source": "WSJ",
    "title": "Beijing Risks Economic Self-Harm by Weaponizing the Yuan",
    "summary": "The yuan has weakened past seven to the U.S. dollar for the first time in over a decade, which carries more risks for Beijing than Washington",
    "link": "https://www.wsj.com/articles/beijing-risks-economic-self-harm-by-weaponizing-the-yuan-11564983069?mod=Searchresults_pos3&page=36",
    "content": "The yuan broke beyond 7 to the dollar for the first time in over a decade on Monday. Rarely has such a small move in markets been so closely watched—or had so much at stake.\n\nThe People’s Bank of China, which has defended seven to the dollar previously, undoubtedly allowed the currency to weaken in response to President Trump’s new tariff threat Thursday. The central bank Monday set the midpoint of the yuan’s daily trading band sharply weaker. Once the spot rate breached seven shortly thereafter, the PBOC issued a statement saying the currency had weakened under the influence of “protectionist measures and expectations of further tariffs against China.”\n\nA weaker yuan carries benefits: all else being equal, it makes the country’s goods more attractively priced abroad, and would widen the cavernous U.S. trade deficit with Beijing, a personal bugbear of President Trump.\n\nBut breaking levels previously thought unbreakable, or which investors believed would be defended, carries serious risks too.\n\nBundles of 100 yuan notes. The Chinese currency weakened against the U.S. dollar on Monday, breaching the 7 yuan mark for the first time in more than 10 years. Photo: johannes eisele/Agence France-Presse/Getty Images\n\nThe PBOC seems confident that capital controls are less leaky than in 2015-2016, when the last period of sharp yuan weakness produced the largest episode of capital flight in history, according to the Institute of International Finance. At that time, the country’s foreign-exchange reserves tumbled by around $1 trillion in the central bank’s attempt to stem the flood of nervous investors shifting money overseas.\n\nTraders and investors also crowd around such symbolic prices for protection. Options and futures are priced and sold with that presumptive stability in mind. That can add to wild moves after a shift begins.\n\nWhat’s more, debt denominated in foreign currencies has accumulated with the illusion of currency stability.\n\nIn China, that’s most true among the heavily leveraged property developers, which have become the driving force in the dollar high-yield-bond market in Asia, borrowing record amounts this year as expectations for higher U.S. interest rates slumped. A FTSE index of such debt has risen in size by 50% in 2019.\n\nAccording to credit ratings firm Moody’s, $33.8 billion of onshore and $19.3 billion in offshore bonds issued by developers either mature or become subject to put options—meaning investors can demand early repayment—in the next year.\n\nSeveral hundred minor players have already been bankrupted this year: wider failures could have a knock-on impact through an already fragile financial system, parts of which are short of dollars already. Last month, the government restrained the ability of developers to issue offshore bonds for anything other than refinancing maturing dollar debt, perhaps in anticipation of currency weakness.\n\nAll of that suggests that even if seven is no longer the magic number for the PBOC, policy makers will want to prevent the yuan from weakening too far.\n\nA short, sharp depreciation could be beneficial to the Chinese negotiating position, but if the fall takes on a momentum of its own, the shift will undoubtedly be far more painful in Beijing than Washington.",
    "published": "2019-08-05"
  },
  {
    "source": "WSJ",
    "title": "Real Time Economics: China Hits Back at Trump",
    "summary": "This is the web version of the WSJ’s newsletter on the economy. You can sign up for daily delivery here.",
    "link": "https://www.wsj.com/articles/real-time-economics-china-hits-back-at-trump-01565002667?mod=Searchresults_pos13&page=23",
    "content": "This is the web version of the WSJ’s newsletter on the economy. You can sign up for daily delivery here.\n\nThe U.S.-China trade spat is heating up, the Fed is having a hard time communicating and Japan is launching a big fiscal experiment. Good morning. Jeff Sparshott here to take you through key developments in the global economy. Send us your questions, comments and suggestions by replying to this email.\n\nMagnificent Seven\n\nChina’s currency Monday fell past the psychologically important level of 7 yuan to the dollar to a record low in offshore trading. The depreciation is likely to exacerbate the U.S.-China trade dispute just days after President Trump threatened to broaden U.S. tariffs to cover essentially all Chinese imports, Joanne Chiu and Steven Russolillo report.\n\nChina’s central bank suggested the depreciation was in response to more tariffs: The yuan’s weakening was “due to the effects of unilateralist and trade-protectionist measures and the expectations for tariffs against China.”\n\nsuggested the depreciation was in response to more tariffs: The yuan’s weakening was “due to the effects of unilateralist and trade-protectionist measures and the expectations for tariffs against China.” Mr. Trump and other U.S. officials have long accused China of weakening the yuan to make its exports cheaper and gain an unfair advantage in trade.\n\nHeard on the Street's Mike Bird says, yes, a weaker yuan would help make China’s goods more attractively priced abroad and widen the U.S. trade deficit with Beijing. But it carries serious risks too: the possibility of capital flight and higher costs for Chinese firms with debt denominated in foreign currencies.\n\nA short, sharp depreciation could be beneficial to the Chinese negotiating position, but if the fall takes on a momentum of its own, the shift will undoubtedly be far more painful in Beijing than Washington.\n\nWHAT TO WATCH TODAY\n\nIHS Markit's U.S. services index for July is out at 9:45 a.m. ET.\n\nThe Institute for Supply Management's nonmanufactruing index is expected to rise to 55.7 from 55.1 a month earlier. (10 a.m. ET)\n\nFederal Reserve governor Lael Brainard speaks at a town hall on payment systems at 1:30 p.m. ET.\n\nTOP STORIES\n\nTariff Time\n\nPresident Trump defied his advisers on new China tariffs. In a heated exchange, Mr. Trump insisted levies were the best way to make Beijing comply with U.S. demands. The U.S. is set to impose 10% tariffs on roughly $300 billion in Chinese imports that aren’t currently taxed starting Sept. 1, Vivian Salama and Josh Zumbrun report.\n\nEven before the new round of tariffs take effect, pressure from the Trump administration cost China its position as the U.S.’s top trading partner. During the first half of the year, imports from China dropped by 12%, and U.S. exports to China fell 19%. The new No. 1? Mexico, Paul Kiernan and Anthony DeBarros report.\n\nCommunication Breakdown\n\nFollowing the worst week for stocks of 2019, investors are adding to betsthat the Federal Reserve will continue lowering interest rates to stabilize the economy. Federal-funds futures, used by traders to wager on the direction of monetary policy, show a 100% chance of another rate cut in September, Amrith Ramkumar reports.\n\nInvestors, however, haven't had an easy timeinterpreting Fed Chairman Jerome Powell. The Fed leader jarred markets last week when he described a rate cut as a technical “mid-cycle adjustment,” leaving them to wonder if he was ruling out more reductions. That wasn't the first head fake. Mr. Powell's off-the cuff comments in December and May initially worried investors before the Fed walked them back, Nick Timiraos and Daniel Kruger report.\n\nThe latest episode highlights the difficulty giving markets what they crave—more clues about the Fed’s policy path—during a time of heightened uncertainty from trade tensions and a global manufacturing slowdown.\n\nBad Hours, Worse Pay\n\nSo, how tight is the labor market? FedEx and United Parcel Service drivers are set to start Sunday deliveries. One big difference for the Sunday service: Drivers working that day will be paid at a much lower rate than those who drive during the week, Paul Ziobro reports.\n\nTaxes, Loans and Phones\n\nJapan's national sales tax will rise to 10% from 8% on Oct. 1. Prime Minister Shinzo Abe's government is trying to make the fiscal medicine go down easier with sweetners such as one-time bargains and tax breaks that partially cancel out the increase. The experiment is worthy of the world’s attention because many other countries, including the U.S., are also grappling with large budget deficits.\n\nRussians have come to depend on easy loans. As real disposable income falls—it declined each year between 2013 and 2018—personal consumer lending has exploded. Most of Russians’ debt is due to a surge in unsecured cash loans, often with high interest rates. Why are they borrowing? To purchase goods, maintain a certain living standard or simply to survive.\n\nHuawei’s smartphone sales are surging in China as a patriotic buying spree helps to blunt the impact of widening U.S. restrictions. Huawei’s share of smartphone sales in China soared by almost a third to a record 38% during the second quarter. All of Huawei’s major rivals, including Apple and Xiaomi, lost ground in the period.\n\nService With a Smile\n\nEurope's service industries are propping up the region's economy. IHS Markit's services index inched down to 53.2 in July from 53.6 a month earlier but remained well above the 50 mark that separates expansion from contraction. That helped mask a sharp downturn in manufacturing—but may not be enough to revive economic growth. \"There are signs that the scale of the manufacturing downturn is starting to overwhelm,\" IHS Markit's Chris Williamson said.\n\nChina’s service sector activity, meanwhile, slowed to a five-month low. The Caixin China services purchasing managers index slipped to 51.6 in July from 52.0 in June.\n\nThe latest U.S. service-sector data is out this morning.\n\nWHAT ELSE WE’RE READING\n\nEnough fiddling around with interest rates. Central banks should just give people money when the next downturn hits. \"They can cut the interest rate on which they lend to banks, subject to these loans being extended to the private sector, and they can raise the interest rate paid on deposits. The evidence from economic history, and simple logic, suggests that if you boost household income in this way economies will recover,\" M&G Prudential's Eric Lonergan writes in the Financial Times.\n\nBig data has been more promise than practice when it comes to real-time tracking the economy. Economists at the Fed are working to change that. \"Using anonymized transactions data from a large electronic payments technology company, we create daily estimates of retail spending at detailed geographies. Our daily estimates are available only a few days after the transactions occur, and the historical time series are available from 2010 to the present,\" Aditya Aladangady, Shifrah Aron-Dine, Wendy Dunn, Laura Feiveson, Paul Lengermann and Claudia Sahm write in a staff working paper.\n\nSign Up for Our Calendar\n\nReal Time Economics has launched a downloadable Google calendar with concise previews, forecasts and analysis of major U.S. data releases.\n\nTo add to your Google Calendar on desktop, click here.\n\nTo add to your Google calendar app on mobile, click here.\n\nIf you prefer to view the calendar using a web browser, with the option of adding select Real Time Economics entries to your calendar, click here.\n\nAnd here's our how-to.\n\nLet us know what you think. This is a pilot project, so we’d appreciate your feedback.",
    "published": "2019-08-05"
  },
  {
    "source": "WSJ",
    "title": "Stocks Fall Sharply as Yuan Reels and Trump Jabs at China",
    "summary": "Dow, S&P, Nasdaq slide; Trump accuses China of engaging in currency manipulation.",
    "link": "https://www.wsj.com/articles/stocks-yuan-drop-sharply-as-trade-spat-intensifies-11564981961?mod=Searchresults_pos17&page=39",
    "content": "Waves of selling battered stock indexes from New York to Shanghai on Monday as fresh trade threats between Beijing and Washington raised fears of an economic slowdown.\n\nThe Dow Jones Industrial Average fell 767.27 points, or 2.9%, to 25717.74, notching its biggest one-day percentage drop since December. The S&P 500 shed 3% to 2844.74 and the Nasdaq Composite declined 3.5% to 7726.04. All three major U.S. indexes are now virtually even with where they were a year ago.\n\nAmong the biggest stock-market decliners Monday were shares of industrial and technology companies that rely on global trade. Caterpillar fell 2.3%, while Facebook , Amazon.com, Apple and Google parent Alphabet each fell more than 3%.\n\nTraders also bet on more stock swings ahead, sending the Cboe Volatility Index soaring 40%—its biggest one-day increase since October.\n\nThe stock-market declines, which have extended for six straight sessions, shaving 6% off the S&P 500 during that span, began last week after President Trump said he would extend tariffs to almost all Chinese imports. Selling accelerated Monday after the Chinese yuan dropped beyond the level of seven to the dollar, with local officials blaming the depreciation on Mr. Trump’s decision on tariffs. Mr. Trump responded on Twitter, accusing China of engaging in currency manipulation.\n\nThe back-and-forth dealt a blow to hopes the two countries would ultimately reach a trade agreement, forcing investors to rethink assumptions that had helped stocks climb to records this year.\n\nIn one sign of mounting pessimism, the yield on the benchmark 10-year U.S. Treasury note—used to help set borrowing costs for consumers and businesses around the world—fell from 1.864% Friday to 1.738% Monday, its lowest yield since October 2016. Yields fall as investors buy bonds, which typically happens when they are seeking relatively safe assets.\n\nThe downward lurch in yields, which can crimp profits of financial firms, hammered bank stocks. The KBW Nasdaq Bank Index lost 3.6%; Bank of America fell more than 4%.\n\nDespite the recent market downdraft, stocks remain up solidly in 2019. The S&P 500 is up 13%, about 6% below its July 26 record, and is outperforming the Stoxx Europe 600, Nikkei Stock Average, Shanghai Composite and Hong Kong’s Hang Seng Index.\n\nBut worries about the conflict have weighed on global growth. The trade fight also has had an impact on the U.S., where growth and consumer spending remain strong: The Federal Reserve last week cut interest rates for the first time since 2008, in part to cushion the economy against what it sees as rising financial risks.\n\n“Global stocks had been priced for perfection,” said Kenny Polcari , managing principal at Butcher Joseph Asset Management. “Now people are realizing we may not get a deal.”\n\nFears of the trade fight intensifying amplified bets on the Fed lowering interest rates multiple times by year-end. Federal-funds futures, used by traders to place bets on the course of monetary policy, reflected a roughly 41% probability of at least three more quarter-point rate cuts in 2019, according to CME Group. That is up from 8.2% one month ago.\n\n“I think it’s fair to say that if the markets soften further, the Fed might react to that,” said Craig Birk , chief investment officer at Personal Capital.\n\nAt the same time, Mr. Birk cautioned against trying to make short-term bets based on the U.S.-China trade fight. In past months, U.S. officials had suggested the two countries were close to a deal. Now, “it seems like things are actually regressing,” Mr. Birk said.\n\nA grain terminal at the Port of Nansha in China. Photo: Qilai Shen/Bloomberg News\n\nEarlier, Hong Kong’s Hang Seng Index fell nearly 3% as a citywide strike disrupted the airport and subway services. It followed a ninth weekend of protests against a controversial extradition bill and China’s growing influence on the city.\n\nIn a speech Monday, Hong Kong’s leader Carrie Lam said society has become dangerous and unstable. The city’s stock market has fallen 9% in the past few weeks as the protests dent business sentiment and weigh on economic growth.\n\nThe Stoxx Europe 600 fell 2.3% to its lowest level since May, while Japan’s Nikkei Stock Average ended down 1.7%.\n\nSteven Russolillo and Lauren Almeida contributed to this article.\n\nWrite to Akane Otani at akane.otani@wsj.com",
    "published": "2019-08-05"
  },
  {
    "source": "WSJ",
    "title": "Doubts Rise Over Europe’s Readiness for a No-Deal Brexit",
    "summary": "EU dusts off contingency plans for a messy split after Boris Johnson says the U.K. will leave with or without a pact by Oct. 31",
    "link": "https://www.wsj.com/articles/doubts-rise-over-europes-readiness-for-a-no-deal-brexit-11564916401?mod=Searchresults_pos11&page=28",
    "content": "BRUSSELS—The European Union says it is ready for Britain to leave the bloc without a deal to smooth the split. Growing evidence says otherwise.\n\nUntil recently, few European officials believed a no-deal Brexit would happen, as their governments set in motion preparations. Now, Prime Minister Boris Johnson’s rising threats to take Britain out of the EU with or without a deal by the Oct. 31 deadline is prompting EU officials to dust off plans ranging from information campaigns to fast hirings of customs officers.\n\nEuropean leaders aim to boost Brexit awareness among smaller and midsize enterprises, officials say. Big companies are preparing by hiring consultants, shifting headquarters, stockpiling merchandise, preparing alternate transport methods and determining tariff rates or customs procedures that would apply to products traded with Europe.\n\nBut smaller EU and British firms are still unprepared, warned the Confederation of British Industry in a recent report. “For hundreds of thousands of small companies, diverting precious resource—both human and financial—to Brexit preparedness measures is out of reach,” the report said.\n\nAs an EU member, the U.K. operates within the bloc’s customs union. In the event of a no-deal exit, tariffs for goods would default to World Trade Organization levels that are used among countries with no trade deals between them.\n\nSince December 2017, the EU has been crafting contingency plans to address that possibility. In some cases it prolonged existing rights, such as by extending access to European airspace for British companies or by allowing British citizens to continue staying in the EU visa-free after Brexit. But a no-deal Brexit would also likely mean border checks and tariffs, British fishermen unable to cast nets in EU waters, and U.K. police being cut off from Europe’s security databases.\n\nShare Your Thoughts How ready are Britain and the EU for a no-deal Brexit? Join the conversation below.\n\nIn France and the Netherlands, customs authorities have installed dedicated software for traders, built new parking lots and fast-tracked the hiring of hundreds of customs officials, to be ready for the traffic jams expected in the days after Brexit.\n\n“If they’re not registered, trucks won’t be allowed in the terminal,” said John Keefe, spokesman for Getlink, the French company operating the Eurotunnel connecting Britain and France. Over one quarter of the total trade in goods between the U.K. and Europe passes through this tunnel via road and rail.\n\nAbout 30% of all cargo crossing the tunnel under the English Channel is expected to face veterinary and customs checks or be pulled aside because shippers haven’t preregistered, said French customs chief Rodolphe Gintz . Drivers are getting leaflets in Polish, Romanian and Baltic languages to alert them of the obligation to preregister, he told a French senate hearing in April.\n\n“Registration remains the weak link,” Mr. Keefe said. “Particularly on the U.K. side, there’s nothing done to encourage traders to register with the customs facilitation process.”\n\nA Eurotunnel freight shuttle operated by Getlink. Over one quarter of the total trade in goods between the U.K. and Europe passes through the tunnel via road and rail. Photo: Christophe Morin/Bloomberg News\n\nIn the Netherlands, a similar system called PortBase used in the ports of Amsterdam and Rotterdam—Europe’s largest—has so far had about 70% of the traded volume with the U.K. preregistered, said a spokesman.\n\nDelays due to missing paperwork can upend supply chains: The British Freight Transport Association estimates roughly 20 miles of additional queues for each extra minute a truck spends at customs in Dover.\n\nEuropean auto makers are particularly vulnerable to delays and tariffs on car parts that would come with a no-deal Brexit.\n\nCarlos Tavares , chief executive of the PSA Group, which makes Peugeot Citroën and Opel brand cars, recently threatened to move Opel Astra production from the U.K. to Europe if a no-deal Brexit made production unprofitable.\n\nPorsche, Volkswagen AG’s sports car brand, has told customers that vehicles ordered before Brexit but delivered afterward could end up being 10% more expensive.\n\nGerman car maker BMW AG has even booked space on a giant Antonov cargo plane to avoid a potential logjam crossing the English Channel. The U.K. is one of BMW’s most important markets and the company produces Rolls-Royce and Mini vehicles there.\n\n“I’d like to say three or four things to Boris Johnson,” BMW CEO Harald Krüger said last week. “He should listen to the economy and listen to the people, and…he should be in dialogue with industry about this issue.”\n\nU.K. Chancellor of the Exchequer Sajid Javid and Home Secretary Priti Patel announced additional funds to prepare for a no-deal Brexit during a visit to Tilbury Docks outside London last week. Photo: Alex Lentati/Evening Standard/Zuma Press\n\nSince German car makers export more than €12 billion ($13.3 billion) to Britain annually, the German economy—Europe’s largest—would likely slow after a no-deal Brexit, analysts predict. A Bertelsmann Foundation study calculated that a no-deal Brexit would cut German personal incomes by €10 billion. Germany would also need to pay €4.4 billion more into the EU budget to offset the loss of British contributions, estimates Bruegel, a Brussels-based think tank.\n\nCountries closer to the U.K. are also bracing for a high toll from a no-deal Brexit. The Irish government in June said the country’s economic growth would be 3 percentage points lower in the first year after Brexit. France expects lower growth in case of a no-deal Brexit, with pharmaceuticals, electronics and apparel sectors most hit.\n\nDenmark, which sends large quantities of pork and dairy products to the U.K., could lose over €2 billion in exports due to higher tariffs, its government estimates. Both Denmark and the Netherlands each expect tens of thousands of job losses from a no-deal Brexit.\n\nMr. Johnson’s negotiator, David Frost , visited Brussels last week to reiterate the prime minister’s position that the U.K. “would leave the EU on 31 October whatever the circumstances,” a U.K. government spokesman said.\n\nBut while the likelihood for a no-deal Brexit is increasing, many EU officials think another deadline extension remains possible. Earlier this year, the U.K. government asked the EU twice to push back the Brexit deadline—first, from March 29 to April 12 and then again, to Oct. 31.\n\n“For now all we can do is keep calm and prepare for all scenarios,” said an EU official involved in Brexit discussions. “Instead of a hard Brexit, we may end up with another extension. But this will probably be the last one.”\n\nWilliam Boston in Berlin contributed to this article.\n\nWrite to Valentina Pop at valentina.pop@wsj.com",
    "published": "2019-08-05"
  },
  {
    "source": "WSJ",
    "title": "China’s Yuan Breaches Critical Level of 7 to the Dollar, Prompting Trump Critique",
    "summary": "Beijing suggests the currency’s weakening came in response to President Trump’s latest move to broaden tariffs on Chinese goods",
    "link": "https://www.wsj.com/articles/chinas-yuan-falls-past-key-level-of-7-to-the-dollar-11564977948?mod=Searchresults_pos20&page=23",
    "content": "China’s currency broke through the psychologically important level of 7 yuan to the dollar, prompting President Trump to accuse Beijing of manipulating its currency in a way that would backfire.\n\nMonday’s depreciation sent the currency to a record low for offshore trading, and came days after Mr. Trump threatened to broaden U.S. tariffs to cover essentially all Chinese imports. He and many other U.S. officials have long accused China of weakening the yuan to make its exports cheaper and gain an unfair advantage in trade. Beijing has denied doing so.\n\nEven so, China’s central bank suggested that the depreciation was in response to Mr. Trump’s decision last week to extend punitive tariffs to almost all Chinese goods.\n\nThe currency’s slump was “due to the effects of unilateralist and trade-protectionist measures and the expectations for tariffs against China,” the People’s Bank of China said in a statement.\n\nIn a tweet about 12 hours after the yuan crossed the 7 threshold, Mr. Trump described the move as “currency manipulation.” He said: “China dropped the price of their currency to an almost a historic low. It’s called “currency manipulation.” Are you listening Federal Reserve? This is a major violation which will greatly weaken China over time!”\n\nThe yuan slid as much as 1.9% to a record offshore low of 7.1087 to the dollar in Hong Kong on Monday, according to data from Refinitiv. It stood at around those levels in late afternoon New York trading.\n\nIt was the currency’s biggest single-day loss since August 2015, when Beijing allowed a sudden depreciation of the currency. China has let the yuan trade offshore, in locations such as Hong Kong, since 2010.\n\nIn mainland China, the yuan also weakened beyond the 7 level—which policy makers in recent years have defended at various points—for the first time since 2008.\n\nChina’s central bank “has effectively weaponized the exchange rate, even if it is not proactively weakening the currency” through direct intervention, Julian Evans-Pritchard , senior China economist at Capital Economics, wrote in a note to clients. His company now forecasts the yuan will end the year at 7.30 to the dollar, and stand at 7.5 a year later.\n\nLoading tweet...\n\nWeiqi Zhu , a fund manager at Gao Zheng Asset Management in Hong Kong, said many investors had expected the yuan to weaken in the coming weeks, but Chinese authorities’ allowing it to breach 7 now prompted a selloff in stocks and other riskier assets. Stock indexes in Japan, South Korea and Hong Kong dropped more than 2% each.\n\nThe yield on the benchmark 10-year U.S. Treasury note, a traditional haven asset, fell to 1.81%, the lowest since November 2016. Yields move inversely to prices.\n\nAside from the Japanese yen, which often rallies during market stress, other Asian currencies sold off, including the Indonesian rupiah, the Indian rupee and the South Korean won.\n\nGiven that China’s central bank isn’t independent, it would likely need approval from the political leadership to allow the yuan to depreciate below the 7 level. On Monday, the PBOC said the yuan remains stable and strong against a trade-weighted basket of currencies. The central bank also said it would clamp down on short-term speculation in the yuan.\n\nA weaker yuan makes it cheaper for U.S. buyers to purchase Chinese goods, helping offset the impact of higher tariffs. However, China doesn’t want to prompt an exodus of capital, which in turn could lead to further currency depreciation, and so economists and analysts say Beijing is unlikely to allow a sharp and potentially destabilizing selloff.\n\nBetty Wang , an economist at ANZ, said the PBOC had plenty of tools to control the yuan’s slide, including spending some of its vast foreign-exchange reserves, withdrawing liquidity from offshore yuan markets and ordering state banks to shore up the currency.\n\nChina botched the yuan’s surprise devaluation in 2015, adjusting the currency lower against the dollar without engaging in any of the signaling that central banks of major economies usually do. Global markets widely saw the devaluation as an admission that China’s economy was weaker than the government had previously acknowledged, and stocks, crude oil and emerging-market currencies all slumped.\n\nMr. Evans-Pritchard at Capital Economics said Chinese authorities now have a much better handle on capital outflows than in 2015, and had been holding back mainly to avoid derailing trade negotiations.\n\nShuang Ding , chief economist for greater China and north Asia at Standard Chartered Bank, said China was unlikely to tolerate a much larger depreciation because it wanted to avoid deterring foreign financial investors or hobbling trade talks with the U.S. “The ultimate goal of Beijing would still be assuring foreign investment confidence as it continues to open up its financial market,” Mr. Ding said.\n\nThroughout the year-and-a-half trade conflict, Beijing has largely shied away from a sharp weakening of the yuan. Mr. Trump has threatened to take action against Beijing if it were to do so. In trade talks this past spring, U.S. negotiators sought to include specific penalties should Beijing manipulate the yuan’s value to boost exports. Chinese leaders have also wanted to avoid a weaker yuan because it makes needed imports more expensive and crimps the purchasing power of the country’s consumers.\n\nBut as President Trump further ratchets up tariffs, Beijing finds itself with dwindling options. Because China exports far more to the U.S. than it imports, Beijing cannot continue its earlier strategy of matching Washington tit-for-tat on tariffs. Business groups in the U.S. have warned about intrusive inspections, bureaucratic delays in licensing and other nontariff retaliation by China, as well as a weakening of the yuan.\n\nIn a statement on its website, the PBOC said crossing the threshold of 7 wasn’t an irreversible event, like aging or a dam breaking. Instead, it said the exchange rate was more like the water level in a reservoir, which can rise or fall depending on the season.\n\nGrace Zhu contributed to this article.\n\nWrite to Joanne Chiu at joanne.chiu@wsj.com and Steven Russolillo at steven.russolillo@wsj.com",
    "published": "2019-08-05"
  },
  {
    "source": "WSJ",
    "title": "What’s News: World-Wide",
    "summary": "This copy is for your personal, non-commercial use only. Distribution and use of this material are governed by our Subscriber Agreement and by copyright law. For non-personal use or to order multiple copies, please contact Dow Jones Reprints at 1-800-843-0008 or visit www.djreprints.com.",
    "link": "https://www.wsj.com/articles/whats-news-world-wide-11564977697?mod=Searchresults_pos8&page=34",
    "content": "This copy is for your personal, non-commercial use only. Distribution and use of this material are governed by our Subscriber Agreement and by copyright law. For non-personal use or to order multiple copies, please contact Dow Jones Reprints at 1-800-843-0008 or visit www.djreprints.com.\n\nhttps://www.wsj.com/articles/whats-news-world-wide-11564977697",
    "published": "2019-08-05"
  },
  {
    "source": "WSJ",
    "title": "Powell’s Off-the-Cuff Approach Leaves Investors on Edge; Yuan Declines as Trade Fight Hits Markets",
    "summary": "Good day. The confusion sparked by Jerome Powell’s comments last week highlights the challenge facing the Fed chairman as he aims for a plain-spoken approach to communications at a time of heightened economic uncertainty. That uncertainty was underscored on Monday as markets fell after the latest escalation of the U.S.-China trade spat. The Chinese yuan hit a record low, with China’s central bank suggesting the depreciation was in response to President Trump’s decision to extend punitive tariffs to almost all Chinese goods.",
    "link": "https://www.wsj.com/articles/powells-off-the-cuff-approach-leaves-investors-on-edge-yuan-declines-as-trade-fight-hits-markets-11565010103?mod=Searchresults_pos4&page=27",
    "content": "Good day. The confusion sparked by Jerome Powell’s comments last week highlights the challenge facing the Fed chairman as he aims for a plain-spoken approach to communications at a time of heightened economic uncertainty. That uncertainty was underscored on Monday as markets fell after the latest escalation of the U.S.-China trade spat. The Chinese yuan hit a record low, with China’s central bank suggesting the depreciation was in response to President Trump’s decision to extend punitive tariffs to almost all Chinese goods.\n\nNow on to today’s news and analysis.",
    "published": "2019-08-05"
  },
  {
    "source": "WSJ",
    "title": "Luxury Investors Get a Wake-Up Call From China",
    "summary": "The richly valued shares of Europe’s designer brands are only just beginning to price in worries about the industry’s most important market",
    "link": "https://www.wsj.com/articles/luxury-investors-get-a-wake-up-call-from-china-11565017184?mod=Searchresults_pos4&page=36",
    "content": "A weaker yuan is a direct threat to the growth hopes of Europe’s top luxury brands. It will force investors to take the sector’s over-dependence on China more seriously.\n\nEuropean luxury stocks have fallen 7.5% since Friday morning, according to an index of 10 luxury names compiled by Heard on the Street. The wider Stoxx Europe index is down just 4%. The declines follow a period of remarkable resilience: Heard’s luxury index is still up 24% year to date, despite tensions between the U.S. and China.\n\nChina’s currency weakened below seven yuan to the dollar on Monday, the first time since 2008 that the Chinese central bank has allowed it to fall to this level. The decision not to defend the currency came just days after President Trump announced a 10% tariff on a further $300 billion of Chinese goods. China is also considering how to respond to violent protests in Hong Kong, one of the world’s most important cities for luxury shopping.\n\nUntil now, investors have found it easy to ignore worsening relations between the U.S. and China. Most European designer brands do their manufacturing close to home, protecting them from the kind of direct tariffs that have hit car manufacturers like BMW. Nor does exporting handbags to China pose the kind of national-security threats that have hurt the U.S. semiconductor industry. Then luxury companies themselves reassured investors by reporting strong demand from Chinese shoppers in their quarterly updates last month.\n\nBut a falling yuan is different, directly eroding the purchasing power of Chinese consumers, who account for a third of luxury-goods spending globally and the vast majority of its growth. Chinese tourists will have less to spend overseas, and brands may eventually have to decide whether to raise prices in Mainland China. After the yuan fell in 2015, growth across the industry ground to a halt.\n\nA man walks past a Louis Vuitton boutique in Beijing. Photo: thomas peter/Reuters\n\nUnrest in Hong Kong is also unhelpful for all the brands that pay exorbitant local rents. Watch stocks Richemont and Swatch are most exposed, given that the city was the biggest market for Swiss watches globally in the first half of 2019.\n\nLuxury’s so-called safe havens aren’t proving as defensive as investors thought—perhaps because they were previously such strong performers. LVMH Moët Hennessy Louis Vuitton, which owns Christian Dior and Celine as well as its namesake brands, was among the biggest fallers in the Euro Stoxx 50 Monday. Shares in Birkin handbag maker Hermès are down more than Italian label Salvatore Ferragamo’s.\n\nEven after the declines of recent days, European luxury stocks fetch an average of 26 times projected earnings, well above their five-year average of 22 times. Investors need to keep a close eye on the yuan in particular. With valuations so rich, the luxury sector looks vulnerable.\n\nWrite to Carol Ryan at carol.ryan@wsj.com",
    "published": "2019-08-05"
  },
  {
    "source": "WSJ",
    "title": "The Fed as Trade-War Enabler",
    "summary": "The re-escalation of President Trump’s trade spat with China make more rate cuts from the Federal Reserve seem like a certainty",
    "link": "https://www.wsj.com/articles/the-fed-as-trade-war-enabler-11565022967?mod=Searchresults_pos2&page=33",
    "content": "The U.S.-China trade fight has suddenly heated up again, and it now looks as if the Federal Reserve is going to be cutting rates much more deeply than seemed likely just last week. It all feels a bit familiar.\n\nThe tariffs President Trump imposed on a broad range of Chinese goods last year, and the countermeasures taken by China, stirred worries about U.S. growth, pushing stocks sharply lower late in 2018. Ultimately, the Fed decided to stop raising rates, sparking one of the sharpest U.S. stock rallies ever to start a year. Then Mr. Trump stoked tensions again in May. By June, the Fed signaled it would be cutting rates.\n\nWhen it did last Wednesday, Chairman Jerome Powell indicated that it might hold off on further cuts if economic data didn’t worsen. The next day, Mr. Trump, who had asked for a deeper cut and said that Mr. Powell “let us down,” announced the U.S. would set new tariffs on Chinese goods starting in September, sending stocks sharply lower. On Monday, China allowed its currency to break through a key psychological threshold, hammering stocks. Suddenly, more rate cuts seem like a sure thing.\n\nThe risk is that the Fed and Mr. Trump have entered into an adverse feedback loop, Bank of America Merrill Lynch economists warn. In it, the Fed cuts to steady the economy in times of stress. But when worries subside and stocks recover, the Trump administration re-escalates the trade fight, leading to renewed risks that prompt the Fed to ease up again.\n\nIf a loop has taken hold, there is really no way for the Fed to break free from it. It is mandated by Congress to support the economy, not to pass judgment on policy. And the belief that China’s trade policies, in particular, have been unfair is one area where Mr. Trump draws some support from Congressional Democrats.\n\nBut this can’t go on forever. The Fed’s target range on overnight rates is now just 2% to 2.25%, and investors now expect it to be at least a half-point lower by year-end. That is starting to get uncomfortably close to the so-called zero bound.\n\nEven now, overnight rates are dangerously low. To combat past recessions, the Fed typically has had to cut rates by about 5 percentage points. If a downturn really hits, the central bank will again have to tap unconventional policies such as bond buying. Those haven’t proven nearly as effective in restarting the economy as deep rate cuts.\n\nThat could throw everybody for a loop.\n\nAt a press conference following the Federal Reserve’s rate-cut announcement, Fed Chairman Jerome Powell explained that there was an “insurance aspect” to the decision. Photo: Reuters",
    "published": "2019-08-05"
  },
  {
    "source": "WSJ",
    "title": "Services-Sector Growth is Slowest in Three Years",
    "summary": "The Institute for Supply Management’s nonmanufacturing purchasing managers index eased to 53.7 in July from 55.1 in June",
    "link": "https://www.wsj.com/articles/service-sector-pmi-falls-to-lowest-level-since-august-2016-11565014974?mod=Searchresults_pos15&page=36",
    "content": "Employment activity in service industries was stronger in July than June, according to the ISM report.\n\nThe U.S. service sector expanded at the slowest pace in nearly three years in July, a sign that a key segment of the economy continues to cool.\n\nThe Institute for Supply Management’s nonmanufacturing purchasing managers index eased for the second month in a row to 53.7 in July from 55.1 in June, below economists’ expectations for a higher reading of 55.7. The July reading was the index’s lowest level since August 2016.\n\nThe index topped 60 for a few months in late 2018, but has fallen over the course of this year. Readings above 50 indicate activity is expanding, while those below 50 are a sign of contraction.\n\nLast month’s decrease “suggests that the downturn already evident in manufacturing is now spilling over into the much larger services sector,” Andrew Hunter , an economist at Capital Economics, said in a note to clients.\n\nThe data provide a barometer for the nation’s restaurants, builders, bankers and other service-providers. Consumer spending is the primary driver of the U.S. economy, and about two-thirds of those outlays are on services.\n\nA subindex tracking business activity dropped sharply last month, to 53.1 from 58.2 in June. New orders also decreased in July.\n\n“We do have some potential headwinds with the tariffs and we’re seeing an overall global slowing as well,” said Anthony Nieves , chairman of the ISM nonmanufacturing business survey committee. He said a little slowing is typical in the summer months, but activity will likely gear up during the back-to-school shopping season.\n\nSurvey respondents voiced concern about tariffs, but their comments remained generally upbeat. The ISM nonmanufacturing report comprises mainly comments from service-sector companies, but it also includes construction and public administration.\n\nA separate measure of service-sector activity released Monday from IHS Markit rose in July. The final reading of the IHS Markit U.S. Services Business Activity Index increased to a seasonally adjusted 53 in July, up from 51.5 in the previous month.\n\nEmployment activity in service industries was stronger in July than June, according to the ISM report, indicating the labor market remains robust.\n\nThe faster gain in service-sector employment followed Friday’s employment report from the Labor Department that showed private service-providing employers added a seasonally adjusted 133,000 new jobs in July, down from 150,000 in June. Employment gains in the service-sector made up most of the 164,000 new jobs added last month.\n\nServices activity by its nature provides a view of domestic demand since relatively few services are imported. Sustained job growth has supported domestically oriented areas of the economy, and household sentiment in the U.S. remains high.\n\nFor sectors of the economy more sensitive to overseas conditions, including manufacturing, growth has been more muted, according to the ISM’s manufacturing index.\n\nWrite to Harriet Torry at harriet.torry@wsj.com",
    "published": "2019-08-05"
  },
  {
    "source": "WSJ",
    "title": "Real Time Economics: China Hits Back at Trump",
    "summary": "This is the web version of the WSJ’s newsletter on the economy. You can sign up for daily delivery here.",
    "link": "https://www.wsj.com/articles/real-time-economics-china-hits-back-at-trump-01565002667?mod=Searchresults_pos15&page=4",
    "content": "This is the web version of the WSJ’s newsletter on the economy. You can sign up for daily delivery here.\n\nThe U.S.-China trade spat is heating up, the Fed is having a hard time communicating and Japan is launching a big fiscal experiment. Good morning. Jeff Sparshott here to take you through key developments in the global economy. Send us your questions, comments and suggestions by replying to this email.\n\nMagnificent Seven\n\nChina’s currency Monday fell past the psychologically important level of 7 yuan to the dollar to a record low in offshore trading. The depreciation is likely to exacerbate the U.S.-China trade dispute just days after President Trump threatened to broaden U.S. tariffs to cover essentially all Chinese imports, Joanne Chiu and Steven Russolillo report.\n\nChina’s central bank suggested the depreciation was in response to more tariffs: The yuan’s weakening was “due to the effects of unilateralist and trade-protectionist measures and the expectations for tariffs against China.”\n\nsuggested the depreciation was in response to more tariffs: The yuan’s weakening was “due to the effects of unilateralist and trade-protectionist measures and the expectations for tariffs against China.” Mr. Trump and other U.S. officials have long accused China of weakening the yuan to make its exports cheaper and gain an unfair advantage in trade.\n\nHeard on the Street's Mike Bird says, yes, a weaker yuan would help make China’s goods more attractively priced abroad and widen the U.S. trade deficit with Beijing. But it carries serious risks too: the possibility of capital flight and higher costs for Chinese firms with debt denominated in foreign currencies.\n\nA short, sharp depreciation could be beneficial to the Chinese negotiating position, but if the fall takes on a momentum of its own, the shift will undoubtedly be far more painful in Beijing than Washington.\n\nWHAT TO WATCH TODAY\n\nIHS Markit's U.S. services index for July is out at 9:45 a.m. ET.\n\nThe Institute for Supply Management's nonmanufactruing index is expected to rise to 55.7 from 55.1 a month earlier. (10 a.m. ET)\n\nFederal Reserve governor Lael Brainard speaks at a town hall on payment systems at 1:30 p.m. ET.\n\nTOP STORIES\n\nTariff Time\n\nPresident Trump defied his advisers on new China tariffs. In a heated exchange, Mr. Trump insisted levies were the best way to make Beijing comply with U.S. demands. The U.S. is set to impose 10% tariffs on roughly $300 billion in Chinese imports that aren’t currently taxed starting Sept. 1, Vivian Salama and Josh Zumbrun report.\n\nEven before the new round of tariffs take effect, pressure from the Trump administration cost China its position as the U.S.’s top trading partner. During the first half of the year, imports from China dropped by 12%, and U.S. exports to China fell 19%. The new No. 1? Mexico, Paul Kiernan and Anthony DeBarros report.\n\nCommunication Breakdown\n\nFollowing the worst week for stocks of 2019, investors are adding to betsthat the Federal Reserve will continue lowering interest rates to stabilize the economy. Federal-funds futures, used by traders to wager on the direction of monetary policy, show a 100% chance of another rate cut in September, Amrith Ramkumar reports.\n\nInvestors, however, haven't had an easy timeinterpreting Fed Chairman Jerome Powell. The Fed leader jarred markets last week when he described a rate cut as a technical “mid-cycle adjustment,” leaving them to wonder if he was ruling out more reductions. That wasn't the first head fake. Mr. Powell's off-the cuff comments in December and May initially worried investors before the Fed walked them back, Nick Timiraos and Daniel Kruger report.\n\nThe latest episode highlights the difficulty giving markets what they crave—more clues about the Fed’s policy path—during a time of heightened uncertainty from trade tensions and a global manufacturing slowdown.\n\nBad Hours, Worse Pay\n\nSo, how tight is the labor market? FedEx and United Parcel Service drivers are set to start Sunday deliveries. One big difference for the Sunday service: Drivers working that day will be paid at a much lower rate than those who drive during the week, Paul Ziobro reports.\n\nTaxes, Loans and Phones\n\nJapan's national sales tax will rise to 10% from 8% on Oct. 1. Prime Minister Shinzo Abe's government is trying to make the fiscal medicine go down easier with sweetners such as one-time bargains and tax breaks that partially cancel out the increase. The experiment is worthy of the world’s attention because many other countries, including the U.S., are also grappling with large budget deficits.\n\nRussians have come to depend on easy loans. As real disposable income falls—it declined each year between 2013 and 2018—personal consumer lending has exploded. Most of Russians’ debt is due to a surge in unsecured cash loans, often with high interest rates. Why are they borrowing? To purchase goods, maintain a certain living standard or simply to survive.\n\nHuawei’s smartphone sales are surging in China as a patriotic buying spree helps to blunt the impact of widening U.S. restrictions. Huawei’s share of smartphone sales in China soared by almost a third to a record 38% during the second quarter. All of Huawei’s major rivals, including Apple and Xiaomi, lost ground in the period.\n\nService With a Smile\n\nEurope's service industries are propping up the region's economy. IHS Markit's services index inched down to 53.2 in July from 53.6 a month earlier but remained well above the 50 mark that separates expansion from contraction. That helped mask a sharp downturn in manufacturing—but may not be enough to revive economic growth. \"There are signs that the scale of the manufacturing downturn is starting to overwhelm,\" IHS Markit's Chris Williamson said.\n\nChina’s service sector activity, meanwhile, slowed to a five-month low. The Caixin China services purchasing managers index slipped to 51.6 in July from 52.0 in June.\n\nThe latest U.S. service-sector data is out this morning.\n\nWHAT ELSE WE’RE READING\n\nEnough fiddling around with interest rates. Central banks should just give people money when the next downturn hits. \"They can cut the interest rate on which they lend to banks, subject to these loans being extended to the private sector, and they can raise the interest rate paid on deposits. The evidence from economic history, and simple logic, suggests that if you boost household income in this way economies will recover,\" M&G Prudential's Eric Lonergan writes in the Financial Times.\n\nBig data has been more promise than practice when it comes to real-time tracking the economy. Economists at the Fed are working to change that. \"Using anonymized transactions data from a large electronic payments technology company, we create daily estimates of retail spending at detailed geographies. Our daily estimates are available only a few days after the transactions occur, and the historical time series are available from 2010 to the present,\" Aditya Aladangady, Shifrah Aron-Dine, Wendy Dunn, Laura Feiveson, Paul Lengermann and Claudia Sahm write in a staff working paper.\n\nSign Up for Our Calendar\n\nReal Time Economics has launched a downloadable Google calendar with concise previews, forecasts and analysis of major U.S. data releases.\n\nTo add to your Google Calendar on desktop, click here.\n\nTo add to your Google calendar app on mobile, click here.\n\nIf you prefer to view the calendar using a web browser, with the option of adding select Real Time Economics entries to your calendar, click here.\n\nAnd here's our how-to.\n\nLet us know what you think. This is a pilot project, so we’d appreciate your feedback.",
    "published": "2019-08-05"
  },
  {
    "source": "WSJ",
    "title": "Powell’s Off-the-Cuff Approach Leaves Investors on Edge; Yuan Declines as Trade Fight Hits Markets",
    "summary": "Good day. The confusion sparked by Jerome Powell’s comments last week highlights the challenge facing the Fed chairman as he aims for a plain-spoken approach to communications at a time of heightened economic uncertainty. That uncertainty was underscored on Monday as markets fell after the latest escalation of the U.S.-China trade spat. The Chinese yuan hit a record low, with China’s central bank suggesting the depreciation was in response to President Trump’s decision to extend punitive tariffs to almost all Chinese goods.",
    "link": "https://www.wsj.com/articles/powells-off-the-cuff-approach-leaves-investors-on-edge-yuan-declines-as-trade-fight-hits-markets-11565010103?mod=Searchresults_pos4&page=13",
    "content": "Good day. The confusion sparked by Jerome Powell’s comments last week highlights the challenge facing the Fed chairman as he aims for a plain-spoken approach to communications at a time of heightened economic uncertainty. That uncertainty was underscored on Monday as markets fell after the latest escalation of the U.S.-China trade spat. The Chinese yuan hit a record low, with China’s central bank suggesting the depreciation was in response to President Trump’s decision to extend punitive tariffs to almost all Chinese goods.\n\nNow on to today’s news and analysis.",
    "published": "2019-08-05"
  },
  {
    "source": "WSJ",
    "title": "Farm-Income Pinch Filters Through U.S. Economy",
    "summary": "As China halts buying U.S. farm goods, American farmers’ own financials come under pressure.",
    "link": "https://www.wsj.com/articles/farm-income-pinch-filters-through-u-s-economy-11565028358?mod=Searchresults_pos10&page=55",
    "content": "U.S. soybean farmers are at the mercy of two issues out of their control: trade and weather. For some of them, it means planting may not be worth the effort.\n\nLosses are popping up in farmers’ income statements and the pain can be seen in the share prices of the companies that depend on them.\n\nAfter a challenging planting season due to wet weather, trade uncertainty has ravaged farm profitability. Flooding throughout the spring caused what JPMorgan Chase deemed a “planting season from hell.”\n\nCrop yields from U.S. farmers are uncertain. But that hasn’t been sufficient to boost U.S. soy prices. Brazilian production has picked up the slack and uncertainty over China’s purchasing of soybeans, caused by both trade disputes and an outbreak of African swine fever that has affected livestock demand, has left soybean demand wobbly.\n\nThen last week came more uncertainty: Shortly after farmers’ sentiment had improved, in part due to hopes that the trade dispute between China and the U.S. would be resolved, President Trump proposed tariffs of 10% on roughly $300 billion of imports from China. The Chinese government has responded by allowing the yuan to slide past a psychologically significant level and, according to a Bloomberg report, asking state-owned enterprises to suspend purchases of U.S. agricultural goods. Stocks tumbled Monday in response.\n\nSoybean futures prices were down slightly Monday bringing year-to-date losses to about 3%. That comes even after the White House, at a late-June meeting between Mr. Trump and Chinese President Xi Jinping, spoke of an unspecified agreement by China to make significant purchases of U.S. farm goods.\n\nShares of companies exposed to U.S. farmers dropped far more than the overall market on Monday. Equipment maker Deere DE -0.89 %decrease; red down pointing triangle & Co, fertilizer makers Mosaic Co. MOS -0.33 %decrease; red down pointing triangle and CF Industries CF -1.55 %decrease; red down pointing triangle and seed and chemical companies Bayer BAYN -0.38 %decrease; red down pointing triangle and Corteva CTVA -0.87 %decrease; red down pointing triangle all recorded sharp losses.\n\nU.S. farmers’ exports have reached a scary inflection point: They have historically been China’s largest oilseed trading partner, but that has changed. In the October-to-May season between 2017 and 2018, Brazil and the U.S. had roughly the same market share, above 40%, according to data from the U.S. Department of Agriculture. In the same period ended this May, U.S. market share was just above 10%, while Brazil’s approached 80%.\n\nLower prices and crop yields mean that farmers can’t keep up with fixed costs such as machinery payments and rent. At the price peak in the 2012/2013 planting season, Iowa soybean farmers’ profit after rent was roughly $18 per acre, according to JPMorgan. This planting season, the bank expects farmers to incur losses of more than $130 per acre after rent.\n\nFarmers who own their own land are still profitable on paper and cash aid to farmers is helping some of them. But as the trade war intensifies, farmers’ struggles foretell more pain for the businesses that depend on them.\n\nThe Chinese technology company Huawei and agriculture are key issues in U.S.-China trade negotiations. Both may help President Trump achieve another goal at home. Photo: Nicholas Kamm/AFP/Getty Images",
    "published": "2019-08-05"
  },
  {
    "source": "WSJ",
    "title": "Mounting U.S.-China Trade Tensions Whipsaw Hog Prices",
    "summary": "Conflict weighs on expectations that China will continue to rely on U.S. pork exports",
    "link": "https://www.wsj.com/articles/mounting-u-s-china-trade-tensions-whipsaw-hog-prices-11565030171?mod=Searchresults_pos7&page=43",
    "content": "Hog traders had hoped a swine-fever outbreak in China would cause the world’s biggest pork consumer to rely on U.S. exports.\n\nGlobal trade tensions weighed on expectations that China will continue to rely on U.S. pork exports, leading to a volatile session in hog futures Monday.\n\nU.S. hog prices on the Chicago Mercantile Exchange took a steep tumble last week, losing 16%. On Monday, most-active October futures shed as much as 5%, trading near 62 cents a pound earlier in the day before rebounding as buyers swooped in.\n\nBy the end of the trading session, the contract settled 2.6% higher at about 67 cents, after getting to as high as about 70 cents.\n\nThe Chinese yuan sank below 7 per dollar and hit a record low in offshore trading Monday, with local officials blaming the depreciation on President Trump’s decision last week to extend tariffs to almost all Chinese imports.\n\nSeparately, Bloomberg News reported that China has ordered state agricultural buyers to cease purchases of U.S. exports.\n\nThat soured expectations of hog traders who had wagered that an outbreak of African swine fever would continue to decimate China’s pig population, causing the world’s biggest pork consumer to rely on U.S. exports. Hog prices had rallied in the first half of the year on such bets.\n\n“We on the pork side thought that we would be immune to these kind of issues,” said Rich Nelson , chief strategist with agricultural trading firm Allendale Inc., referring to the U.S.-China trade tensions.\n\nThe yuan’s depreciation follows Mr. Trump’s decision last week to impose new 10% tariffs on $300 billion of Chinese goods starting Sept. 1. The announcement followed trade talks held in Shanghai last Monday, which concluded with little progress on a resolution between the two nations.\n\n“The U.S.-China trade relationship overall is probably at the worst it’s been since early on in the negotiations,” said Mike Zuzolo, president of Global Commodity Analytics & Consulting LLC.\n\nExport sales figures reported by the U.S. Department of Agriculture last week showed that China canceled 14,700 metric tons of previously agreed-to U.S. pork purchases on the week of July 19—before the Shanghai meeting even took place.\n\nMany livestock traders are maintaining some level of optimism, convinced that U.S. pork simply can’t be ignored in a world battling swine fever. African swine fever is highly contagious among pigs, though the disease isn’t dangerous to humans, scientists say.\n\n“Even if the Chinese try not to buy pork from the U.S., they are going to have to get it from Brazil or the E.U.” said independent trader Dan Norcini. “That means they could empty Brazil or the E.U. of all their hogs, forcing the customers of those countries to come here to the U.S. to secure supplies.”\n\nCombined, the E.U. and Brazil are projected to produce nearly 28 million metric tons of pork this year, according to USDA data, while the U.S. is projected to produce 12.6 million tons.\n\nMeat companies such as Tyson Foods Inc. and Pilgrim’s Pride have seen their stocks soar this year on the back of African swine fever concerns, with Tyson shares up 59% and Pilgrim’s Pride up 85%.\n\nTyson predicts that pork prices will rise again in the latter part of this year in reaction to the devastation of African swine fever. “Given the magnitude of the losses in China’s hog and pork supplies, the impending impact on global protein supply and demand fundamentals is likely to be a multi-year event,” the company said in a statement Monday.\n\nTrading in the oil market on Monday also signaled that the escalating U.S.-China trade spat carries more risk to international crude producers than to those drilling in the U.S.\n\nWhile Brent oil futures, the global benchmark, fell 3.4% to $59.81 per barrel, West Texas Intermediate, the main domestic oil price, lost just 1.7% to close at $54.69. Those moves brought the closely watched spread between benchmarks to $5.12, the lowest its been in a year and about half of what it was in February.\n\nTraders as “not only being spooked by the global oil demand deterioration that is being implied by reduced world trade but also by the fact that China is the largest crude importer in the world,” Ritterbusch and Associates wrote in a note to clients. “It is looking quite likely that Asia will bear the brunt of the expected slowing in oil demand growth.”\n\nOil prices fell Monday even after Iranian forces seized an Iraqi tanker that was allegedly smuggling fuel in the Persian Gulf over the weekend.\n\nRyan Dezember contributed to this article.\n\nWrite to Kirk Maltais at Kirk.Maltais@wsj.com",
    "published": "2019-08-05"
  },
  {
    "source": "WSJ",
    "title": "Pompeo Steps Up China Criticism: ‘We Were Asleep at the Switch’",
    "summary": "Secretary of state links trade deals to China’s military growth",
    "link": "https://www.wsj.com/articles/pompeo-steps-up-china-criticism-we-were-asleep-at-the-switch-11564916028?mod=Searchresults_pos6&page=60",
    "content": "U.S. Secretary of State Mike Pompeo delivers remarks at the State Library of New South Wales in Sydney, Australia Sunday, Aug. 4, 2019. (Jonathan Ernst/Pool Photo via AP)\n\nSecretary of State Mike Pompeo escalated his criticism of China during a visit to Australia on Sunday, drawing a direct link between what he called one-sided trade deals and China’s ability to strengthen its military.\n\nMr. Pompeo, speaking in the commercial capital Sydney, said, “We were asleep at the switch” as China began to steal data, launch military exercises in the disputed South China Sea and saddle other countries with debt to increase its influence.\n\n“Those are the kind of things that I think everyone needs to have their eyes wide open with respect to,” Mr. Pompeo said. “The United States certainly does.”\n\nAustralia is Mr. Pompeo’s second stop on an eight-day tour aimed at asserting the U.S. role as an Indo-Pacific power.\n\nEarlier this week in Thailand, Mr. Pompeo similarly called out China’s unfair economic practices but didn’t name the country until later in his prepared remarks. On Sunday, he appeared to take stronger aim at China during a question-and-answer session on stage at the State Library of New South Wales in downtown Sydney.\n\n“I’ll hear folks talk about trade and economic issues as separate from national security,” Mr. Pompeo said. “Let’s make no mistake about it, China’s capacity, the People’s Liberation Army’s capacity to do exactly what they’re doing is a direct result of trade relationships that they built.”\n\nAustralia, a staunch American ally that fought with the U.S. in two world wars, faces a difficult diplomatic balancing act with China, which is its biggest two-way trade partner but also poses a growing security threat.\n\nThe trade spat between the U.S. and China intensified this week when President Trump threatened to place fresh tariffs on another $300 billion worth of Chinese goods, sparking a threat from China to retaliate. Recent data showed trade tensions have taken a toll, with China no longer the U.S.’s top trading partner.\n\n“We have in the United States [a] deep economic relationship with China, we think there’s real opportunity there,” Mr. Pompeo said. “But we have to be very, very careful.”\n\nProtests by pro-democracy activists in Hong Kong, a former British colony that is now a special administrative region of China, have prompted concerns that China could intervene militarily in the territory. And in the South China Sea, Beijing has enforced its claims to the disputed waters by building artificial islands and equipping them with infrastructure that could be used for military purposes.\n\nThe U.S. and its allies have stepped up joint exercises in the South China Sea and elsewhere in the region in a bid to counter Chinese power projection.\n\nMeanwhile, China has signed a deal with Cambodia for exclusive rights to a major naval base in that country.\n\n“Those very same economic tools that President Trump is so focused on fixing are what also has enabled China to do all of the things they’re doing with their military,” Mr. Pompeo said Sunday. “It underwrites their capacity to build their military.”\n\nWrite to Mike Cherney at mike.cherney@wsj.com",
    "published": "2019-08-05"
  },
  {
    "source": "WSJ",
    "title": "The Daily Shot: China Retaliates",
    "summary": "To receive the Daily Shot newsletter in your inbox, please sign up at our Email Center. Previous issues of the Daily Shot are available online at DailyShotWSJ.com.",
    "link": "https://www.wsj.com/articles/the-daily-shot-the-daily-shot-china-retaliates-01564997922?mod=Searchresults_pos17&page=57",
    "content": "To receive the Daily Shot newsletter in your inbox, please sign up at our Email Center. Previous issues of the Daily Shot are available online at DailyShotWSJ.com.\n\nHave questions, feedback or comments? Contact author Lev.Borodovsky@DowJones.com.\n\nTwitter: @SoberLook\n\n\n\n\n\nThe Daily Shot: 05-Aug-19\n\n• China\n\n• Asia - Pacific\n\n• The Eurozone\n\n• The United Kingdom\n\n• Switzerland\n\n• The United States\n\n• Emerging Markets\n\n• Commodities\n\n• Equities\n\n• Credit\n\n• Rates\n\n• Global Developments\n\n• Food for Thought\n\n\n\n\n\nChina\n\n1. Beijing retaliated against the latest US tariff threat by weakening the yuan and halting the planned agricultural purchases.\n\n• Here is the official renminbi setting.\n\nAnd this is where the market took the nation's currency this morning. The dollar now buys more than seven yuan.\n\n• State-owned grain buyers have been told to pause.\n\nSource: @markets; Read full article\n\n--------------------\n\n2. China's stock market fell in response (as did markets around the world).\n\nHere is Hong Kong's stock market.\n\n--------------------\n\n3. China was already facing capital outflows. The renminbi's weakening is expected to accelerate this trend.\n\nSource: IIF\n\n4. Beijing is likely to boost its fiscal stimulus further.\n\nSource: @WSJ; Read full article\n\n5. The US-China investment activity has been slowing, a trend that will probably to continue.\n\nSource: @WSJ; Read full article\n\n6. Domestic accounting firms are increasingly under pressure to actually audit rather than just rubberstamp financial statements.\n\nSource: @WSJ; Read full article\n\n7. Local protests and the US-China trade war continue to pressure Hong Kong's business activity. The Markit PMI index hit the lowest level in years.\n\nSource: IHS Markit; Read full article\n\n\n\n\n\n\n\nAsia - Pacific\n\n1. Asian currencies tumbled in response to the yuan weakness.\n\n• The South Korean won:\n\n• The Aussie dollar:\n\n• Bloomberg's Asian currency index:\n\nThe yen, which trades as a safe-haven asset, jumped.\n\n--------------------\n\n2. Next, we have a couple of updates on South Korea.\n\n• The 2yr bond yield:\n\n• The stock market:\n\n• The South Korea - Japan trade:\n\nSource: @WSJ; Read full article\n\n--------------------\n\n3. Finally, here are a couple of updates on Australia.\n\n• Retail spending:\n\nSource: ANZ Research\n\n• Service-sector activity:\n\n\n\n\n\n\n\nThe Eurozone\n\n1. Germany's 30-year government bond yield is now firmly below zero, putting the whole yield curve in negative territory.\n\n--------------------\n\n2. European shares are sharply lower.\n\n3. Italy's industrial production continues to shrink.\n\n4. The Eurozone's retail sales surprised to the upside.\n\n5. The currency bloc's producer prices appear to be headed for deflation.\n\n--------------------\n\n\n\n\n\n\n\nThe United Kingdom\n\n1. Speculative accounts keep boosting their bets against the British pound. A crowded trade?\n\n2. Construction activity continues to shrink (PMI < 50).\n\nSource: IHS Markit; Read full article\n\nBelow is the UK construction PMI vs. construction output.\n\nSource: Pantheon Macroeconomics\n\n--------------------\n\n3. Here is the UK's industrial confidence index.\n\nSource: @WSJ; Read full article\n\n4. With a majority of one in Parliament, Boris Johnson has some challenges ahead.\n\nSource: @WSJ; Read full article\n\n5. Here is the UK government's outline of the risks in a no-deal Brexit scenario.\n\nSource: Sky News; Read full article\n\n\n\n\n\n\n\nSwitzerland\n\nThe Swiss franc keeps climbing amid global uncertainty and the expected easing by the ECB.\n\nWill the economy enter a fourth deflationary period over the past decade as a result of the currency's strength?\n\n\n\n\n\n\n\nThe United States\n\n1. Treasury yields tumbled in response to China's trade retaliation.\n\nHere is the 10yr - 1yr Treasury spread (inverted curve).\n\n--------------------\n\n2. Despite the Dallas Fed's \"Trimmed Mean PCE\" inflation measure remaining at 2%, the market is convinced that the next rate cut is in September (and more on the way).\n\n--------------------\n\n2. The US reduced its trade with China but increased imports from other countries.\n\nSource: @WSJ; Read full article\n\nSource: Commerzbank Research\n\n• Here is the trade deficit.\n\n• The two charts below show the evolution of US tariffs.\n\nSource: Oxford Economics\n\nSource: @acemaxx, @PictetWM\n\n--------------------\n\n3. Next, let's take a look at Friday's payrolls report.\n\n• The job gains were in line with expectations. However, earlier increases in payrolls were adjusted down, and the six-month average of US job gains is now the lowest in years (second chart).\n\n• Here is the breakdown of goods and services jobs.\n\nSource: @WSJ; Read full article\n\n• Under-employment continues to improve.\n\nBelow is the number of Americans who work part-time for \"economic reasons.\"\n\n• Wage growth appears to be leveling off.\n\n• Prime-age labor-force participation seems to have peaked.\n\n• Weekly hours are down on a year-over-year basis.\n\nSource: @WSJ; Read full article\n\nFactories saw the largest declines in worker hours in a decade.\n\n• The recent payrolls reports appear to be signaling an economic slowdown.\n\nSource: Thomas Costerg, Pictet Wealth Management\n\n\n\n\n\n\n\nEmerging Markets\n\n1. EM currencies are under pressure as China lets its currency weaken.\n\n• The JP Morgan EM Currency Index:\n\n• The Mexican peso:\n\n• The Indian rupee:\n\n• The Malaysian ringgit:\n\n--------------------\n\n2. EM stock futures are lower.\n\n3. The current level of EM sovereign bond spreads is too tight relative to the global economic growth (PMI).Â\n\nSource: Capital Economics\n\n4. Here is how much time these countries spent in recession since 1950.\n\nSource: @lisaabramowicz1; Read full article\n\n\n\n\n\n\n\nCommodities\n\n1. Gold and Bitcoin are higher in response to China's trade retaliation.\n\n--------------------\n\n2. Copper and iron ore took a hit.\n\n--------------------\n\n3. US grains are also lower.\n\n\n\n\n\n\n\nEquities\n\n1. Stock futures are down due to China's currency move.\n\nHere are the CBOE VIX futures.\n\n--------------------\n\n2. Despite the market weakness, investors ended last week on a bullish note.\n\n• The bull-bear sentiment spread:\n\n• VIX futures net non-commercial positions:\n\n--------------------\n\n3. Risk parity funds remain quite long the stock market.\n\nSource: Deutsche Bank Research\n\n4. The market technicals don't look great.\n\nSource: @StockCats\n\n5. Trading volumes rose last week (both in stocks and ETFs).\n\nSource: Deutsche Bank Research\n\n6. Next, we have some sector updates.\n\n• Fund flows:\n\nSource: SPDR Americas Research, @mattbartolini\n\n• Tech:\n\nSource: Reuters; Read full article\n\n• Semiconductors:\n\n• Telecoms:\n\n• Metals & mining:\n\n• Consumer Discretionary:\n\n\n\n\n\n\n\nCredit\n\n1. High-yield funds had substantial inflows in July.\n\nSource: SPDR Americas Research, @mattbartolini\n\n2. Outstanding leveraged loan balances have peaked.\n\nSource: @lcdnews\n\n3. High-yield munis continue to rally.\n\n\n\n\n\n\n\nRates\n\n1. The market expects the Fed to keep easing (more than just a \"mid-cycle adjustment\"). Here is the fed funds trajectory priced into the markets.\n\n2. Bond yields are following the ISM Manufacturing PMI.\n\nSource: Deutsche Bank Research\n\n3. Swap spreads keep falling amid expectations of further mortgage refinancing activity.\n\n4. There has been quite a bit of disagreement among the Fed officials recently.\n\nSource: Arbor Research & Trading\n\n\n\n\n\n\n\nGlobal Developments\n\n1. Market sentiment has been shifting toward \"risk-off.\"\n\n2. There is more downside to global trade volumes.\n\nSource: Capital Economics\n\n3. Bond yields are below central banks' policy rates (signaling more easing ahead).\n\nSource: @acemaxx, @michaellachlan, @FT; Read full article\n\n--------------------\n\n\n\n\n\n\n\nFood for Thought\n\n1. More apartments in big buildings:\n\nSource: @foxjust, @bopinion; Read full article\n\n2. The ease of doing business:\n\nSource: TD Securities\n\n3. Changes in the total net worth by wealth bracket:\n\nSource: @axios; Read full article\n\n4. Wealth disparities:\n\nSource: @WSJ; Read full article\n\n5. Top ten jobs by salary:\n\nSource: @business; Read full article\n\n6. Female labor-force participation:\n\nSource: @WSJ; Read full article\n\n7. North Korea's ballistic missiles:\n\nSource: @CFR_org; Read full article\n\n8. The 116th Congress:\n\nSource: Statista\n\n9. Spending on the US space program:\n\nSource: Commerzbank Research\n\n10. The best selling band or music artist from each state:\n\nSource: @BrilliantMaps; Read full article",
    "published": "2019-08-05"
  }
]