[
  {
    "source": "WSJ",
    "title": "U.S. Dollar Strengthens as Trade Concerns Persist",
    "summary": "Increase in odds that the U.S. and China won’t resolve their trade dispute has affected currencies around the world",
    "link": "https://www.wsj.com/articles/u-s-dollar-strengthens-as-trade-concerns-persist-11557342815?mod=Searchresults_pos14&page=82",
    "content": "The U.S. dollar strengthened Wednesday, with investors becoming increasingly pessimistic about the chances of a trade agreement between the U.S. and China.\n\nThe WSJ Dollar Index, which tracks the currency against a basket of 16 others, rose for a third consecutive session, climbing less than 0.1% to 90.75.\n\nThe dollar has gained this year as the U.S. economy has continued to grow at a faster pace than those of other developed markets, and as investors have faced persistent uncertainty about the prospects for a trade deal.\n\nThe dollar has gained this year as investors have faced persistent uncertainty about the prospects for a trade deal between the U.S. and China. Photo: Andrew Harrer/Bloomberg News\n\nThe U.S. currency tends to strengthen when investors are concerned about a slowing pace of global growth. The Federal Reserve has set interest rates higher than other major developed-market central banks as the U.S. economy has continued to grow even as the pace of expansion in Europe and Japan has faltered.\n\nAn increase in the odds that the world’s two largest economies won’t resolve their dispute has affected currencies around the world, whether they are directly linked to the trade tensions or not, said Alvise Marino, a currency strategist at Credit Suisse.\n\nEmerging-market currencies could be hurt should the U.S.-China trade talks collapse because those markets derive significant wealth from exporting raw material to manufacturers, while the euro could be hurt should China’s economy further slow, diminishing its appetite for European imports, analysts said.\n\nThe Chilean peso has slipped this year because one of its key exports, copper, is an important component in products that are manufactured in China. The Colombian peso has also declined, though the Colombian economy isn’t a leading exporter of a bellwether commodity. Instead its decline stems from its role as a broad proxy for sentiment about emerging markets, Mr. Marino said.\n\n“Confidence in U.S.-China trade talks has been dwindling,” Mr. Marino said. “This could go either way.”\n\nWrite to Daniel Kruger at Daniel.Kruger@wsj.com",
    "published": "2019-05-08"
  },
  {
    "source": "WSJ",
    "title": "Consumers Could Be Hit as New Front Opens in U.S.-China Trade Fight",
    "summary": "The conflict heads for America’s shopping centers as Trump administration prepares additional tariffs",
    "link": "https://www.wsj.com/articles/consumers-could-be-hit-as-new-front-opens-in-u-s-china-trade-fight-11557270817?mod=Searchresults_pos13&page=4",
    "content": "WASHINGTON—The U.S.-China trade conflict is headed for America’s shopping centers.\n\nWhen the Trump administration began placing tariffs on Chinese imports last year, it cushioned the blow to consumers by targeting items purchased by U.S. manufacturers and other businesses.\n\nBut the higher tariffs set to go into force Friday would apply 25% levies on more than $40 billion worth of items purchased directly by consumers—furniture, handbags, clothing, Christmas decorations, fire alarms and other things shoppers find on the shelves at Target, Walmart, Macy’s and other stores.\n\nPreviously only about $1 billion worth of consumer imports faced tariffs so high. What’s more, President Trump said he is prepared to expand the 25% levies to virtually everything imported from China—$539 billion worth of goods.\n\n“If we’re putting tariffs on things people consume directly, whether that’s iPhones or other things, the pain is going to be more apparent and we would certainly see that as a risk,” said Paul Gruenwald , chief global economist at S&P Global Ratings.\n\nWith trade talks set to resume Thursday in Washington, the threat of new tariffs could be a bargaining tactic. The U.S. is pressing for long-term changes, including a demand that China spell out revisions to its laws and regulations to enforce compliance with the new rules.\n\nEven so, the prospect of an extended trade dispute is unnerving Wall Street. The Dow Jones Industrial Average fell 1.8% Tuesday, with shares of chip makers and retailers among those hardest hit.\n\n“Even the slightest bad news on a wobble with China is enough to derail a [stock market] rally that’s overextended,” said Peter Cecchini , chief market strategist at Cantor Fitzgerald & Co.\n\nUntil this past weekend, expectations were high that the U.S. and China would wrap up their yearlong trade dispute this week. But on Sunday, Mr. Trump accused China of backtracking in the talks and vowed to raise existing tariffs on $200 billion in Chinese imports to 25% from 10% on Friday, followed by new 25% tariffs on $325 billion in goods.\n\nItems that will be subject to higher tariffs starting Friday include electronic circuit boards, computer chips, chemicals and other parts and business supplies. But also affected would be a wide range of consumer products, including grocery items, textiles, clothing, sporting goods, soap, lamps and air conditioners.\n\n“Tariffs are taxes paid by American businesses and consumers, not by China,” said David French , a senior vice president at the National Retail Federation. “A sudden tariff increase with less than a week’s notice would severely disrupt U.S. businesses, especially small companies that have limited resources to mitigate the impact.”\n\nHigher prices reduce consumer purchasing power, which means people generally either pay more or save less. A study by Trade Partnership Worldwide, which works with groups opposing the tariffs, estimates that raising tariffs to 25% will cost the average family of four $767 a year.\n\n“A deal that increases tariffs on everyday goods will be a loser for middle-class families,” said Hun Quach , vice president for international trade at the Retail Industry Leaders Association.\n\nIn the few instances so far that the White House has applied tariffs to consumer goods, the impact on those goods has been significant.\n\nOne of the administration’s earliest tariffs, in January 2018, was a 20% duty on washing machines. Prices of both washing machines and dryers rose by about 12% as appliance makers spread the cost increase across both items, even though dryers weren’t tariffed.\n\nA recent study by researchers at the Federal Reserve and University of Chicago found the washer tariff cost U.S. consumers $1.5 billion over a year.But that’s small in the grand scheme of the $21 trillion U.S. economy; people simply don’t purchase enough washing machines for a major price increase there to dent the economy.\n\nEconomists who studied the earlier round of tariffs against China found their effects to be small compared with the economy overall, but clearly negative, and mostly borne by consumers. Studies released in March found consumers faced $69 billion in additional costs.\n\n“Contrary to President Trump’s statement [in a tweet Sunday], the U.S. economic performance of late has been restrained, not facilitated, by tariffs,” said Gregory Daco , chief U.S. economist of Oxford Economics.\n\nThough consumers are much more likely to notice if tariffs increase to 25%, the move isn’t likely to derail the economy. Mr. Daco estimated that tariffs of 25% against all Chinese imports would reduce GDP growth by 0.3%. That may push the growth rate below 2% by the end of the year, but nowhere near the sort of rate that would lead to talk of a recession.\n\nAt the same time, higher U.S. tariffs could also prompt more retaliation from China— which could hurt American farmers who have already been hit hard by retaliatory Chinese tariffs on soybeans, corn and other crops.\n\nSen. Pat Roberts (R., Kan.), chairman of the Senate Agriculture Committee, emphasized that the trade tussle with China was harming U.S. farmers at a lunch meeting Tuesday with Senate Republicans attended by Vice President Mike Pence.\n\n“I’m not where the president is with regards to the good use or proper use of tariffs,” Mr. Roberts said. “We always take it first in agriculture. There’s a lot of feeling in farm country that we’re being used as pawns in this whole business.”\n\nMr. Pence said the president’s latest threat was part of the negotiating process with China and that the world’s two largest economies could still reach a deal, according to several Senators who attended the meeting.\n\nAnthony DeBarros, William Mauldin and Andrew Duehren contributed to this article.\n\nWrite to Josh Zumbrun at Josh.Zumbrun@wsj.com",
    "published": "2019-05-08"
  },
  {
    "source": "WSJ",
    "title": "Stocks Sink as Trade Tensions Mount",
    "summary": "Dow drops 473 points as U.S. doubles down on tariff threats; Chinese envoy will travel to Washington",
    "link": "https://www.wsj.com/articles/global-markets-cautious-after-trade-tensions-buffet-stocks-11557216793?mod=Searchresults_pos5&page=18",
    "content": "The stock market’s declines deepened Tuesday, with the Dow Jones Industrial Average sliding more than 450 points, as investors braced for the increased likelihood the U.S. will raise tariffs on Chinese goods later this week.\n\nChina said it would send its top trade envoy to Washington to resume negotiations Thursday, a day later than planned, following a period of uncertainty after President Trump tweeted his threat of higher tariffs and Chinese officials considered pulling out of the talks.\n\nBut news of negotiations restarting wasn’t enough to satisfy investors, who punished stocks after Washington doubled down on Mr. Trump’s threat, accusing Beijing of reneging on its promises and vowing to boost tariffs on $200 billion of Chinese goods to 25% from 10% on Friday.\n\nThe Dow dropped 473.39 points, or 1.8%, to 25965.09, its biggest fall since Jan. 3. It had fallen as much as 648 points earlier in the day. The S&P 500 fell 1.7% to 2884.05, and the tech-laden Nasdaq slid 2% to 7963.76. Shares of trade-exposed companies, such as chip makers and industrials, were hurt the most.\n\nShare Your Thoughts Where do you expect stock markets will go from here? Join the conversation below.\n\nTraders and analysts said they expect this is the beginning of a choppy stretch for the stock market. They also said they fear a momentum shift after markets have been pushing higher for months, helped by a more dovish Federal Reserve, solid U.S. economic data and quiet progress on the U.S.-China trade front.\n\nAn important question for investors was whether the latest U.S. threat marked a serious escalation in trade tensions or if it was intended to secure more concessions from China. By Tuesday, some investors and traders said they believed it was no bluff.\n\n“If the trade deal falls apart, the market is going to go even lower,” said Scott Wren , senior global equity strategist at Wells Fargo Investment Institute. He added that Tuesday’s drop could be the start of a roller-coaster ride for stocks. “The market will be pretty volatile in the next week or two reacting to headlines and comments and tweets.”\n\nThere is still hope that the trade talks could prove productive, though there is also a pile of issues that need to be resolved. At the top of the agenda is a U.S. demand that a trade agreement lay out an inventory of laws and regulations Beijing must revise for compliance, according to people briefed on the negotiations. China has objected to including the list, the people said. The U.S., though, sees it as essential to ensuring China delivers on promises of structural change.\n\nPresident Trump's announcement about the U.S.-China trade talks prompted sharp declines for markets across the globe. Above, the New York Stock Exchange. Photo: Spencer Platt/Getty Images\n\nIn pushing ahead with Vice Premier Liu He’s trip to Washington, China’s leadership decided a full breakdown in the talks may be difficult to repair and would exact costs on the Chinese economy, according to Chinese officials. In doing so, Chinese leaders broke from a public position that Beijing wouldn’t negotiate under threat.\n\n“There is definitely a sense of urgency that we should get this resolved sooner rather than later,” said one of the officials, who is involved in policy-making. “An all-out trade war is in no one’s interest.”\n\nAs part of Beijing’s deliberations, a group of vice ministerial-level officials involved in the trade negotiations huddled Tuesday to discuss whether it would still be productive to visit Washington, according to a person familiar with the matter. The officials dissected information obtained from a news conference held Monday by U.S. Trade Representative Robert Lighthizer and Treasury Secretary Steven Mnuchin , the person said. The officials’ conclusion: Yes.\n\nAsked about China’s decision, Chinese Foreign Ministry spokesman Geng Shuang objected to the U.S. raising tariffs but said talks were the best way forward. “It’s only natural for the two sides to have differences,” he said at a Tuesday briefing. “We are sincere about continuing the consultation.”\n\nDespite markets’ recent declines amid heightened trade anxiety, some traders and investment strategists note the S&P 500 remains up about 15% so far this year, and a day or two of declines isn’t coming close to wiping out those gains.\n\nMarkets staged a mini-recovery Monday, with the Dow dropping hundreds of points in the morning on trade worries, only to end the day just marginally lower.\n\n“With the rally back from lows yesterday, people got complacent,” said Mohit Bajaj, director of ETF trading solutions at broker WallachBeth Capital LLC, adding that even though trading volumes were elevated Tuesday, he wasn’t seeing any dramatic rush to the exits.\n\nHe said he worries that could change: “If we see a couple more days like today, we could see a bigger selloff.”\n\nTech companies were the biggest laggards in U.S. markets Tuesday. Not only is China where many chips are manufactured, but its citizens also drive demand for the smartphones, computers and cars that use the chips. Companies that manufacture products in China also stand to see their costs rise. Shares of Nvidia fell $6.74, or 3.7%, to $173.11, while Intel shares dropped 74 cents, or 1.4%, to $50.48. Tech companies in the S&P 500 lost 2.1%.\n\nThe trade discussions “had fallen out of people’s risk scenarios and I think the market reaction speaks for itself,” said Geoffrey Yu , head of the U.K. Investment Office at UBS Wealth Management. “For all investors around the world, this one came out of the blue.”\n\nU.S.-traded crude oil fell 1.4% to $61.40 a barrel, though prices were likely also supported by tensions in the Middle East that risked limiting oil supply. In Europe, auto and oil-and-gas companies dragged the pan-continental Stoxx Europe 600 down 1.4%, its largest decline since February.\n\n“Stocks are going to get a little rough here,” said John Brady , managing director at futures brokerage R.J. O’Brien & Associates. “The market’s getting a little nervous.”\n\nIn Asia, indexes performed better after China’s Commerce Ministry said the envoy would visit Washington. The Shanghai Composite rose 0.7% while the Hang Seng gained 0.5%. Japan’s Nikkei closed down 1.5%, however, as it played catch-up with other indexes after reopening following an extended period of holiday closures.\n\nWill Horner contributed to this article\n\nWrite to Corrie Driebusch at corrie.driebusch@wsj.com, Chao Deng at Chao.Deng@wsj.com and Lingling Wei at lingling.wei@wsj.com",
    "published": "2019-05-08"
  },
  {
    "source": "WSJ",
    "title": "Real Time Economics: Who Pays for Tariffs?",
    "summary": "This is the web version of the WSJ’s newsletter on the economy. You can sign up for daily delivery here.",
    "link": "https://www.wsj.com/articles/real-time-economics-who-pays-for-tariffs-01557314048?mod=Searchresults_pos3&page=17",
    "content": "This is the web version of the WSJ’s newsletter on the economy. You can sign up for daily delivery here.\n\nGood morning. Jeff Sparshott here to take you through key developments in the global economy, where U.S.-China trade tensions remain in focus.\n\nDo you think President Trump will raise tariffs on Chinese goods Friday? Send us your response by replying to this email.\n\nConsumers in the Crosshairs\n\nThe U.S.-China trade conflict is headed for America’s shopping centers. When the Trump administration began placing tariffs on Chinese imports last year, it cushioned the blow to consumers by targeting items purchased by U.S. manufacturers and other businesses. But the higher tariffs set to go into force Friday would apply 25% levies on more than $40 billion worth of items purchased directly by consumers—furniture, handbags, clothing, Christmas decorations, fire alarms and other items shoppers find on the shelves at Target, Walmart, Macy’s and other stores, Josh Zumbrun reports.\n\nConsumers pay : One of the administration’s earliest tariffs, in January 2018, was a 20% duty on washing machines. Prices of both washing machines and dryers rose by about 12% as appliance makers spread the cost increase across both items, even though dryers weren’t tariffed.\n\n: One of the administration’s earliest tariffs, in January 2018, was a 20% duty on washing machines. Prices of both washing machines and dryers rose by about 12% as appliance makers spread the cost increase across both items, even though dryers weren’t tariffed. Drop in the bucket: Though consumers are much more likely to notice if tariffs increase to 25%, the move isn’t likely to derail the U.S. economy. Oxford Economics estimated that tariffs of 25% against all Chinese imports would reduce economic growth by 0.3%. That may push the growth rate below 2% by the end of the year, but still nowhere near a recession.\n\nWHAT TO WATCH TODAY\n\nEuropean Central Bank President Mario Draghi speaks at youth dialogue event at 7:30 a.m. ET.\n\nFederal Reserve governor Lael Brainard speaks at community listening session at 8:30 a.m. ET.\n\nThe Central Bank of Brazil releases a policy statement at 5:00 p.m. ET.\n\nChina's consumer-price index for April is out at 9:30 p.m. ET.\n\nTOP STORIES\n\nTough Talks\n\nU.S.-China trade negotiations resume Thursday, just ahead of a deadline set by President Trump to raise tariffs on Chinese goods. At the top of the agenda: a U.S. demand that a trade agreement lay out an inventory of laws and regulations that Beijing must revise for compliance. China has objected to including the list. The U.S., though, sees it as essential to ensuring China delivers on promises of structural change. The disagreement adds to a pile of still-to-resolve issues that include China’s subsidies to domestic companies and opening key Chinese markets, such as cloud computing, Chao Deng and Lingling Wei report.\n\nThe latest trade developments jolted investors.\n\nChina's Exports Wobble\n\nChina’s exports dropped in April as demand weakened across most major markets. Trade, once a source of growth for China, now may become an additional drag as Beijing tries to shore up an economy amid rising trade tensions, Liyan Qi, Grace Zhu and Lin Zhu report.\n\nInflation, Poverty, Taxes and You\n\nThe Trump administration is weighing changes to a federal poverty measure that could reduce eligibility for a number of federal safety-net programs. The switch: using the chained consumer-price index rather than the standard consumer-price index to measure inflation. Right now, a family of four making less than $25,750 is eligible for benefits such as the school lunch program and Head Start. That threshold would rise more slowly if the alternative measure of inflation is used, Stephanie Armour reports.\n\nTax bite : The 2017 tax overhaul made a similar change to calculate adjustments on the standard deduction and tax brackets. The IRS shift on inflation will cost Americans $133.5 billion over a decade, Richard Rubin reported in November.\n\n: The 2017 tax overhaul made a similar change to calculate adjustments on the standard deduction and tax brackets. The IRS shift on inflation will cost Americans $133.5 billion over a decade, Richard Rubin reported in November. Social Security next? Many economists view chained CPI as more accurate because it better reflects consumers’ tendency to buy cheaper alternatives as prices increase.\n\nStudent Debt\n\nU.S. officials no longer think the government will make money off the federal student-loan program, Josh Mitchell reports.\n\nWhy? The program is losing money after a surge of borrowers defaulting on loans or enrolling in plans that ultimately will forgive a portion of their debt.\n\nThe program is losing money after a surge of borrowers defaulting on loans or enrolling in plans that ultimately will forgive a portion of their debt. How much? The Congressional Budget Office said the program will cost taxpayers $31.5 billion over the next decade, once administrative costs are factored in. The agency said a year ago that the program would return a profit of $8.7 billion.\n\nIt's Getting Hot in Here\n\nThe Federal Reserve is preparing banks and other financial institutions for severe weather events related to climate change, Michael S. Derby reports.\n\n“Over the short term, these events have the potential to inflict serious damage on the lives of individuals and families, devastate local economies (including financial institutions), and even temporarily affect national economic output and employment,” Fed Chairman Jerome Powell wrote in a letter to Sen. Brian Schatz (D., Hawaii). “As such, these events may affect economic conditions, which we take into account in our assessment of the outlook for the economy.”\n\nKiwis on the Move\n\nThe Reserve Bank of New Zealand lowered its official cash rate Wednesday, making it the first rich country out of the gate with interest-rate cuts since global growth stumbled late last year. The official cash rate was cut by 25 basis points to 1.5%. “There is uncertainty about the global economic outlook. Trade concerns remain,” RBNZ Governor Adrian Orr said.\n\nQUOTE OF THE DAY\n\n\"If Trump’s threat becomes reality, it will be a game changer for the global economy. This is the worst-case scenario we modeled last year that resulted in recession conditions in the U.S., a rapid reduction of growth in China, and slower global trade from which no country is immune.\" —Steve Cochrane, Moody’s Analytics\n\nTWEET OF THE DAY\n\nHang tough on China, President @realDonaldTrump. Don’t back down.\n\nStrength is the only way to win with China. https://t.co/pZqeR346ov\n\n— Chuck Schumer (@SenSchumer) May 5, 2019\n\nWHAT ELSE WE'RE READING\n\nHow much credit does President Trump deserve for U.S. job creation? \"Since the election, Trump has made 35 claims that companies would create 8.9 million jobs in the U.S. thanks to his policies and actions. ... We found that only about 154,000 of those jobs have been created so far,\" Daniela Porat, Lena Groeger and Isaac Arnsdorf write at ProPublica.\n\nBright lights, big city. New York City randomly allocated temporary streetlights to public housing developments in 2016. \"We find evidence that communities that were assigned more lighting experienced sizable reductions in crime. After accounting for potential spatial spillovers, we find that the provision of street lights led, at a minimum, to a 36 percent reduction in nighttime outdoor index crimes,\" Aaron Chalfin, Benjamin Hansen, Jason Lerner and Lucie Parker write in a National Bureau of Economic Research working paper.",
    "published": "2019-05-08"
  },
  {
    "source": "WSJ",
    "title": "WSJ Wealth Adviser Briefing: Retiring Advisers, Buy the Dip, Virtual Therapists",
    "summary": "Curated news and analysis for wealth advisers and their clients from WSJ reporters and columnists",
    "link": "https://www.wsj.com/articles/wsj-wealth-adviser-briefing-retiring-advisers-buy-the-dip-virtual-therapists-01557309728?mod=Searchresults_pos10&page=62",
    "content": "Plenty of advisers nearing retirement age lack succession plans, and that can be a source of worry for large firms concerned they’ll lose clients – and assets – when advisers retire. Raymond James is addressing these issues by developing a platform resembling an online dating service that will connect advisers and potential successors at the firm.\n\nBelow, some of the best analysis and insight from WSJ writers and columnists, the Dow Jones Newswires team and occasionally beyond, on investing, the wealth-management business and more.\n\nPLANNING & INVESTING\n\n‘Buy the Dip’ Stalls as Sidelined Investors Hunt for Bargains: Stocks just completed their best four-month start in 20 years, but the gains have left investors wary of buying high.\n\nMARKET TALK\n\nFrom Dow Jones Newswires\n\nFor the U.S. dollar to retain its current strong status, U.S.-China trade talks would need to fail, as the escalation of trade tensions would trigger a sharp risk-off market move \"that would support the dollar through safe-haven flows,\" says Bank of America Merrill Lynch. And \"if the ongoing U.S.-EU trade negotiations fail to lead to an agreement, tit-for-tat tariff increases could have the same effect and particularly push EUR/USD lower,\" BAML says. Moreover, \"Brexit without a deal in October could have broader implications, weakening EUR/USD.\" And \"renewed fiscal risks in Italy, as the government misses its deficit target and fails to bring the already high sovereign debt under control could also weaken EUR/USD.\" EUR/USD is last down by 0.2% at 1.1183, not far from its lowest level this year at around 1.1106.(olga.cotaga@wsj.com)\n\nWith flood risk and poor environmental management being key contributors to tailings-dam failures, MSCI identifies miners exposed to potential risk. Brazil and China both score low on environmental management and high on flood risk. Miners and steel makers with a high proportion of global mine production value in high flood-risk areas and lagging environmental performance include Jiangxi Copper Company Ltd., in China, and Companhia Siderurgica Nacional and Gerdau, in Brazil. MSCI also singles out Tahoe Resources Inc., whose Escobal mine in Guatemala faces high risks for both flood and seismic events. (alistair.macdonald@wsj.com)\n\nBUSINESS & PRACTICE\n\nFed Flags Risky Business Debt as Vulnerability for U.S. Financial System: The Federal Reserve identified rising sales of risky corporate debt as a top vulnerability facing the U.S. financial system.\n\nIMPACT INVESTING\n\nRolls-Royce Looks to CTO to Reduce Carbon Footprint: The chief technology officer of Rolls-Royce Holdings has become the public face of the U.K.-based power-systems company’s sustainability efforts, coming up with ways to reduce the environmental impact of its products and operations.\n\nTALKING POINTS\n\nProgram to Relieve Student Debt Proves Unforgiving: More than a decade after Congress set up a way to erase student debt for people who hold public-service jobs, the system is in disarray.\n\nTRAVEL & LIFESTYLE\n\nTherapists Without Couches: Apps Broaden Client Pools?: Talkspace counselor Alicia Winkle is the epitome of the modern psychotherapist: She has a traditional therapy practice where she sees local patients at her office in Madison, Ala.—as well as a virtual one where she can serve clients from all over Alabama, where she has her license.\n\nABOUT US\n\nThe Wealth Adviser Briefing covers topics of interest to wealth managers, financial planners and other advisers. The content is curated by the Dow Jones Newswires team using articles from the Newswires, Barron's, MarketWatch and The Wall Street Journal. The briefing is delivered to subscribers by email each workday morning at 6:30 a.m. ET. You can sign up here for email delivery.\n\nFor more information about our services for financial professionals, please visit DowJones.com\n\nWe welcome feedback. Please email newsletters@dowjones.com or contact Glenn Hall, global chief editor of Dow Jones Newswires at glenn.hall@wsj.com.",
    "published": "2019-05-08"
  },
  {
    "source": "WSJ",
    "title": "Fed Ready to Respond to Climate Change; Clarida: Monetary Policy in Good Place; U.S. Job Openings Rise",
    "summary": "Good day. Federal Reserve Chairman Jerome Powell told a senator last month in a letter that—while it isn’t the central bank’s job to deal with global warming—it would make sure banks are ready for severe weather and would pursue research on the issue. Fed Vice Chairman Richard Clarida said monetary policy is in the right place for now. Outside the U.S., New Zealand’s central bank cut interest rates for the first time since 2016.",
    "link": "https://www.wsj.com/articles/fed-ready-to-respond-to-climate-change-clarida-monetary-policy-in-good-place-u-s-job-openings-rise-11557317726?mod=Searchresults_pos11&page=61",
    "content": "Good day. Federal Reserve Chairman Jerome Powell told a senator last month in a letter that—while it isn’t the central bank’s job to deal with global warming—it would make sure banks are ready for severe weather and would pursue research on the issue. Fed Vice Chairman Richard Clarida said monetary policy is in the right place for now. Outside the U.S., New Zealand’s central bank cut interest rates for the first time since 2016.\n\nNow on to today’s news and analysis.",
    "published": "2019-05-08"
  },
  {
    "source": "WSJ",
    "title": "What’s News: Business & Finance",
    "summary": "This copy is for your personal, non-commercial use only. Distribution and use of this material are governed by our Subscriber Agreement and by copyright law. For non-personal use or to order multiple copies, please contact Dow Jones Reprints at 1-800-843-0008 or visit www.djreprints.com.",
    "link": "https://www.wsj.com/articles/whats-news-business-finance-11557284191?mod=Searchresults_pos4&page=40",
    "content": "This copy is for your personal, non-commercial use only. Distribution and use of this material are governed by our Subscriber Agreement and by copyright law. For non-personal use or to order multiple copies, please contact Dow Jones Reprints at 1-800-843-0008 or visit www.djreprints.com.\n\nhttps://www.wsj.com/articles/whats-news-business-finance-11557284191",
    "published": "2019-05-08"
  },
  {
    "source": "WSJ",
    "title": "Trade Shifts From Growth Engine to Potential Drag for China",
    "summary": "Chinese exports declined 2.7% in April, with demand weakening across most major markets",
    "link": "https://www.wsj.com/articles/trade-shifts-from-growth-engine-to-potential-drag-for-china-11557295839?mod=Searchresults_pos10&page=23",
    "content": "Plywood being loaded for export in the eastern Chinese city of Lianyungang.\n\nBEIJING—China’s exports dropped unexpectedly in April, likely adding a further complication to Beijing’s efforts to stabilize growth amid renewed trade tensions with the U.S.\n\nChina’s exports declined 2.7% from a year earlier in April, reversing a 14.2% gain in March, according to government data released Wednesday. Demand weakened across most major markets, some economists said. Also at work, they said, is that the rush to fill export orders last year, before threatened U.S. tariffs took effect, has petered out.\n\nTrade, once a source of growth for China, now may become an additional drag as Beijing tries to shore up an economy that was wobbly for much of the past year, the economists said.\n\n“Even without Trump’s tariff threats, softer external demand would create more pressure to [China’s] economic growth in the near future,” said Shuang Ding , an economist at Standard Chartered.\n\nForeign trade could be a net drag to economic growth in the second quarter after boosting growth early this year, Mr. Ding said. He expects growth in exports to remain at a low-single-digit pace throughout the rest of the year.\n\nChina’s total imports rose 4.0% from a year earlier in April, after declining 7.6% in March, the customs data showed. Economists had forecast a modest drop in Chinese imports.\n\nTrade tensions between China and the U.S. are escalating anew after President Trump called for higher tariffs on Chinese goods over what he sees as foot-dragging in trade negotiations. U.S. Trade Representative Robert Lighthizer has said the punitive levies on $200 billion of Chinese goods will be raised to 25%, from 10%, on Friday.\n\nLast year exporters frontloaded shipments as the two countries slapped punitive taxes on each other’s goods, juicing Chinese exports but creating a less favorable on-year comparison for April, said Liu Jian, an economist at Bank of Communications. Still, orders from the U.S. at the recent Canton Fair, the world’s largest trade expo, fell 30% from a year earlier, suggesting weaker demand ahead, Mr. Liu said.\n\nChina’s exports to the U.S. fell 13.1% on-year in April, following a 3.7% increase in March, customs data showed. Meanwhile, imports from the U.S. dropped 25.7% on year, on par with a 25.8% decline recorded in March.\n\nThe trade fight with the U.S. created uncertainty for investors in China last year, hitting an economy that was slowing in part due to government efforts to reduce debt. Reversing course, the government in recent months accelerated bond issuance to jump-start investment of public projects, eased the tax burden for households and businesses and released more funds into the banking system.\n\nThe better-than-expected imports suggested that the Chinese government’s policy stimulus may have bolstered domestic demand last month, said Julian Evans-Pritchard, an economist at Capital Economics. He expects that demand to hold up in the coming months due to supportive government policies.\n\nA rush to stockpile raw materials due to a value-added tax cut policy, which came into effect last month, could have also boosted imports, said economists, including Mr. Liu of Bank of Communications.\n\nTo lift sentiment, the government has in recent days called for confidence in the Chinese economy. State-run media, including the Communist Party’s flagship People’s Daily, ran a slew of commentaries Wednesday saying the Chinese economy remained resilient despite rising uncertainties.\n\nChina’s overall trade surplus stood at $13.8 billion in April, much smaller than the $32.7 billion surplus recorded in March. The country’s trade surplus with the U.S. widened slightly to $21 billion in April, compared with March’s $20.5 billion.\n\nLiyan Qi, Grace Zhu and Lin Zhu",
    "published": "2019-05-08"
  },
  {
    "source": "WSJ",
    "title": "Connecticut’s Tax Roulette",
    "summary": "Democrats in Hartford try to drive more hedge funds out of state.",
    "link": "https://www.wsj.com/articles/connecticuts-tax-roulette-11557271023?mod=Searchresults_pos13&page=3",
    "content": "Connecticut Gov. Ned Lamont delivers his State of the State address at the State Capitol in Hartford, Jan. 9.\n\nConnecticut is a gift that keeps on giving to low-tax states. Democratic Gov. Ned Lamont earlier this year pitched a suite of tax increases on everything from Netflix subscriptions to little Rover’s vet bill. Surprise, surprise, the liberals in Hartford have raised his tax bid with a two-percentage-point surcharge on capital gains.\n\nFolks in Connecticut pay taxes on capital gains at the same rate as ordinary income. For individuals earning more than $500,000, that’s 6.99%. Last week Democrats on the Legislature’s finance committee, which is in charge of developing the state budget, approved the surcharge for individuals in the top income bracket.\n\nMost high earners derive a substantial share of income from capital gains, so the surcharge would effectively raise the top rate to 8.99%. This will hit the hedge funds and finance employees who moved to Connecticut when it was a low-tax alternative to New York.\n\nOn the plus side, Democratic legislators junked the Governor’s proposal to tax legal services and horse boarding. They also scrubbed his plan to extend the state 6.35% sales tax to veterinary services, nonprescription drugs and haircuts, though their budget would tax parking, interior design, ride-sharing, dry cleaning and plastic bags.\n\nAsked recently about a capital-gains surcharge, Gov. Lamont said, “Everybody comes in and goes, ‘Hey, c’mon gov, it’s just a half a point. It’s just another point. It’s not that big a deal’” but “I’m not inclined to raise any of those rates.’’ The top income tax rate has been increased three times in the past decade.\n\nOne reason to oppose a capital-gains increase is the warning sign from the Greenwich real-estate market, a source of property-tax revenue, which has been struggling amid an exodus of high earners. Since Democrats raised income taxes on the wealthy and extended a surcharge on corporations in 2015, Fairfield County’s population has shrunk by 1,500. In 2015 and 2016, Connecticut lost $3.9 billion in net income, mostly to Florida.\n\nPopulation flight is taking a toll on the state’s economy and budget. Last week the federal Bureau of Economic Analysis reported that Connecticut’s GDP grew a paltry 1% in 2018, 44th in the country and the slowest in the Northeast after Rhode Island. The U.S. economy grew about 3%.\n\nSlow economic growth has depressed tax revenue and contributed to a $3.7 billion budget deficit that Democrats are now scrounging to fill with new taxes that will drive more taxpaying citizens out of Connecticut.",
    "published": "2019-05-08"
  },
  {
    "source": "WSJ",
    "title": "Trump Claims Goal Was to Show Deep Losses for Tax Purposes",
    "summary": "Comments come after report found Trump paid no income tax in eight of 10 years in the ’80s and ’90s",
    "link": "https://www.wsj.com/articles/trump-claims-goal-was-to-show-deep-losses-for-tax-purposes-11557326541?mod=Searchresults_pos1&page=15",
    "content": "President Trump has bucked decades of tradition set by every sitting president since Richard Nixon by refusing to make public his tax returns.\n\nWASHINGTON—President Trump said Wednesday that the deep losses he reported for tax purposes in the 1980s and 1990s amounted to “sport,” citing write-offs and tax shelters allowed at the time to avoid taxes by the federal government.\n\nMr. Trump’s remarks on Twitter early Wednesday morning were made in response to a New York Times report from Tuesday that showed he had claimed loses of $1.17 billion from 1985 to 1994, and paid no income taxes in eight of those 10 years.\n\n“You always wanted to show losses for tax purposes,” Mr. Trump said in a pair of early morning tweets. “Almost all real estate developers did—and often renegotiate with banks, it was sport.”\n\nMr. Trump claimed more losses than any other individual taxpayer in the U.S. during that time, according to the newspaper.\n\nLoading tweet...\n\n“Real estate developers in the 1980’s & 1990’s, more than 30 years ago, were entitled to massive write offs and depreciation,” Mr. Trump posted on Twitter. “Sometimes considered ’tax shelter,’ you would get it by building, or even buying.”\n\nUnder current law, real-estate developers can generate losses more easily than other taxpayers. They can take deductions for depreciation of their property and can also deduct interest when they borrow, among other steps.\n\nMr. Trump has bucked decades of tradition set by every sitting president since Richard Nixon by refusing to make public his tax returns. Mr. Trump’s predecessors and many of his potential rivals in the 2020 campaign have released tax returns as a show of transparency, allowing voters to see how they made money and where potential conflicts of interest may exist.\n\nMr. Trump has refused to release his returns, citing a continuing IRS audit. No law prevents him from releasing returns while under audit, as previous presidents have.\n\nEarlier this week, Treasury Secretary Steven Mnuchin rejected House Democrats’ request for Mr. Trump’s tax returns. The move will likely send the dispute into federal court.\n\nStates have also taken steps regarding Mr. Trump’s returns. The New York state Senate on Wednesday passed two bills aimed at Mr. Trump, including a measure that would let leaders of several congressional committees request his state tax return, but the bills’ chances of enactment are unclear. California’s state senate passed a bill last week requiring anyone appearing on the state’s presidential primary ballot to release five years of tax returns.\n\nThe Times report was based on what the newspaper said were printouts from Mr. Trump’s IRS transcripts.\n\nWrite to Michael C. Bender at Mike.Bender@wsj.com",
    "published": "2019-05-08"
  },
  {
    "source": "WSJ",
    "title": "Real Time Economics: Who Pays for Tariffs?",
    "summary": "This is the web version of the WSJ’s newsletter on the economy. You can sign up for daily delivery here.",
    "link": "https://www.wsj.com/articles/real-time-economics-who-pays-for-tariffs-01557314048?mod=Searchresults_pos12&page=8",
    "content": "This is the web version of the WSJ’s newsletter on the economy. You can sign up for daily delivery here.\n\nGood morning. Jeff Sparshott here to take you through key developments in the global economy, where U.S.-China trade tensions remain in focus.\n\nDo you think President Trump will raise tariffs on Chinese goods Friday? Send us your response by replying to this email.\n\nConsumers in the Crosshairs\n\nThe U.S.-China trade conflict is headed for America’s shopping centers. When the Trump administration began placing tariffs on Chinese imports last year, it cushioned the blow to consumers by targeting items purchased by U.S. manufacturers and other businesses. But the higher tariffs set to go into force Friday would apply 25% levies on more than $40 billion worth of items purchased directly by consumers—furniture, handbags, clothing, Christmas decorations, fire alarms and other items shoppers find on the shelves at Target, Walmart, Macy’s and other stores, Josh Zumbrun reports.\n\nConsumers pay : One of the administration’s earliest tariffs, in January 2018, was a 20% duty on washing machines. Prices of both washing machines and dryers rose by about 12% as appliance makers spread the cost increase across both items, even though dryers weren’t tariffed.\n\n: One of the administration’s earliest tariffs, in January 2018, was a 20% duty on washing machines. Prices of both washing machines and dryers rose by about 12% as appliance makers spread the cost increase across both items, even though dryers weren’t tariffed. Drop in the bucket: Though consumers are much more likely to notice if tariffs increase to 25%, the move isn’t likely to derail the U.S. economy. Oxford Economics estimated that tariffs of 25% against all Chinese imports would reduce economic growth by 0.3%. That may push the growth rate below 2% by the end of the year, but still nowhere near a recession.\n\nWHAT TO WATCH TODAY\n\nEuropean Central Bank President Mario Draghi speaks at youth dialogue event at 7:30 a.m. ET.\n\nFederal Reserve governor Lael Brainard speaks at community listening session at 8:30 a.m. ET.\n\nThe Central Bank of Brazil releases a policy statement at 5:00 p.m. ET.\n\nChina's consumer-price index for April is out at 9:30 p.m. ET.\n\nTOP STORIES\n\nTough Talks\n\nU.S.-China trade negotiations resume Thursday, just ahead of a deadline set by President Trump to raise tariffs on Chinese goods. At the top of the agenda: a U.S. demand that a trade agreement lay out an inventory of laws and regulations that Beijing must revise for compliance. China has objected to including the list. The U.S., though, sees it as essential to ensuring China delivers on promises of structural change. The disagreement adds to a pile of still-to-resolve issues that include China’s subsidies to domestic companies and opening key Chinese markets, such as cloud computing, Chao Deng and Lingling Wei report.\n\nThe latest trade developments jolted investors.\n\nChina's Exports Wobble\n\nChina’s exports dropped in April as demand weakened across most major markets. Trade, once a source of growth for China, now may become an additional drag as Beijing tries to shore up an economy amid rising trade tensions, Liyan Qi, Grace Zhu and Lin Zhu report.\n\nInflation, Poverty, Taxes and You\n\nThe Trump administration is weighing changes to a federal poverty measure that could reduce eligibility for a number of federal safety-net programs. The switch: using the chained consumer-price index rather than the standard consumer-price index to measure inflation. Right now, a family of four making less than $25,750 is eligible for benefits such as the school lunch program and Head Start. That threshold would rise more slowly if the alternative measure of inflation is used, Stephanie Armour reports.\n\nTax bite : The 2017 tax overhaul made a similar change to calculate adjustments on the standard deduction and tax brackets. The IRS shift on inflation will cost Americans $133.5 billion over a decade, Richard Rubin reported in November.\n\n: The 2017 tax overhaul made a similar change to calculate adjustments on the standard deduction and tax brackets. The IRS shift on inflation will cost Americans $133.5 billion over a decade, Richard Rubin reported in November. Social Security next? Many economists view chained CPI as more accurate because it better reflects consumers’ tendency to buy cheaper alternatives as prices increase.\n\nStudent Debt\n\nU.S. officials no longer think the government will make money off the federal student-loan program, Josh Mitchell reports.\n\nWhy? The program is losing money after a surge of borrowers defaulting on loans or enrolling in plans that ultimately will forgive a portion of their debt.\n\nThe program is losing money after a surge of borrowers defaulting on loans or enrolling in plans that ultimately will forgive a portion of their debt. How much? The Congressional Budget Office said the program will cost taxpayers $31.5 billion over the next decade, once administrative costs are factored in. The agency said a year ago that the program would return a profit of $8.7 billion.\n\nIt's Getting Hot in Here\n\nThe Federal Reserve is preparing banks and other financial institutions for severe weather events related to climate change, Michael S. Derby reports.\n\n“Over the short term, these events have the potential to inflict serious damage on the lives of individuals and families, devastate local economies (including financial institutions), and even temporarily affect national economic output and employment,” Fed Chairman Jerome Powell wrote in a letter to Sen. Brian Schatz (D., Hawaii). “As such, these events may affect economic conditions, which we take into account in our assessment of the outlook for the economy.”\n\nKiwis on the Move\n\nThe Reserve Bank of New Zealand lowered its official cash rate Wednesday, making it the first rich country out of the gate with interest-rate cuts since global growth stumbled late last year. The official cash rate was cut by 25 basis points to 1.5%. “There is uncertainty about the global economic outlook. Trade concerns remain,” RBNZ Governor Adrian Orr said.\n\nQUOTE OF THE DAY\n\n\"If Trump’s threat becomes reality, it will be a game changer for the global economy. This is the worst-case scenario we modeled last year that resulted in recession conditions in the U.S., a rapid reduction of growth in China, and slower global trade from which no country is immune.\" —Steve Cochrane, Moody’s Analytics\n\nTWEET OF THE DAY\n\nHang tough on China, President @realDonaldTrump. Don’t back down.\n\nStrength is the only way to win with China. https://t.co/pZqeR346ov\n\n— Chuck Schumer (@SenSchumer) May 5, 2019\n\nWHAT ELSE WE'RE READING\n\nHow much credit does President Trump deserve for U.S. job creation? \"Since the election, Trump has made 35 claims that companies would create 8.9 million jobs in the U.S. thanks to his policies and actions. ... We found that only about 154,000 of those jobs have been created so far,\" Daniela Porat, Lena Groeger and Isaac Arnsdorf write at ProPublica.\n\nBright lights, big city. New York City randomly allocated temporary streetlights to public housing developments in 2016. \"We find evidence that communities that were assigned more lighting experienced sizable reductions in crime. After accounting for potential spatial spillovers, we find that the provision of street lights led, at a minimum, to a 36 percent reduction in nighttime outdoor index crimes,\" Aaron Chalfin, Benjamin Hansen, Jason Lerner and Lucie Parker write in a National Bureau of Economic Research working paper.",
    "published": "2019-05-08"
  },
  {
    "source": "WSJ",
    "title": "Senate Revives Ex-Im Bank",
    "summary": "Confirmation of Trump nominees give bank quorum it needs to approve significant transactions",
    "link": "https://www.wsj.com/articles/senate-set-to-revive-ex-im-bank-11557313600?mod=Searchresults_pos1&page=12",
    "content": "WASHINGTON—Senate lawmakers brought back to life a long-hobbled agency that smooths export deals between U.S. manufacturers and overseas buyers, ending a four-year freeze—at least temporarily.\n\nThe Senate on Wednesday voted to confirm three Trump administration picks to serve on the board of the Export-Import Bank, providing the agency with the quorum necessary to approve significant transactions. About $40 billion of export deals have languished since the board lost its quorum four years ago, depriving it of the ability to approve deals of more than $10 million.\n\n“I’ll be glad to see Ex-Im back in business,” said Sen. Roy Blunt (R., Mo.), whose state is home to operations of Boeing Co., traditionally one of the biggest beneficiaries of the bank’s financing activities.\n\nThe bank’s revival could be short-lived. Congress must act again before Sept. 30 to reauthorize the bank for another five years.\n\nThe Ex-Im Bank helps support U.S. exports through a range of programs, including guaranteeing loans to foreign buyers, credit insurance and some direct lending to foreign companies.\n\nThe Senate confirmed Kimberly Reed as president of the bank in a 79-17 vote. It also confirmed two board members: former GOP Rep. Spencer Bachus and Judith Delzoppo Pryor , a former staffer at the Overseas Private Investment Corp., a U.S. development-finance agency.\n\nSpencer Bachus with Kimberly Reed at a Senate Banking, Housing, and Urban Affairs Committee confirmation hearing in November 2017 Photo: Zach Gibson/Bloomberg News\n\nConfirmation of the trio of Ex-Im nominees comes in large part because doing so now takes far less time on the Senate floor. Senate Republicans changed the chamber’s rules in early April to reduce the amount of debate time to two hours, down from 30 hours, after cloture votes on nominees to non-cabinet executive positions and district courts.\n\nSupporters of the bank say it puts U.S. firms on a level playing field with other countries that similarly offer financing for their domestic manufacturers.\n\nRestoring the bank’s quorum will ensure it can respond “to governments, like China, that provide aggressive subsidies and place U.S. exporters at a disadvantage,” Sen. Mike Crapo (R., Idaho) said Tuesday ahead of a crucial procedural vote on the nominees.\n\nSome Republicans think the bank’s function amounts to corporate welfare, saying it puts taxpayers at risk of losing money to finance sales that should be left to the private sector.\n\nLawmakers have fought over the agency for several years. In 2015, conservative opponents in Congress engineered a five-month lapse in the agency’s charter. More recently, Senate Republicans haven’t filled empty board seats, effectively rendering it dormant.\n\n“Historically, the fact is the Ex-Im Bank has used the American taxpayer to subsidize some of the largest and best connected companies in the world,” Sen. Pat Toomey (R., Pa.) said on the Senate floor Tuesday.\n\nSen. Pat Toomey says the bank has used the American taxpayer to subsidize some major companies. Photo: Douglas Christian/Zuma Press\n\nMr. Toomey also said the bank’s role in financing exports is overstated.s “Ninety-eight point something percent of all U.S. exports managed to get sold without Ex-Im financing. But yet we’re to believe that without Ex-Im financing we can’t have exports?” the Pennsylvania lawmaker said.\n\nStill, reauthorizing the bank is a top priority for lawmakers of both parties, particularly House Financial Services Committee Chairwoman Maxine Waters (D., Calif.) and Mr. Crapo, who chairs the Senate Banking Committee. North Carolina Rep. Patrick McHenry, the ranking GOP member on Ms. Waters’s panel, said he, too, supports renewing the bank later this year.\n\n“We now have an opportunity to modernize and reform the Bank to advance our economic and national security interests,” Mr. McHenry said in a written statement.\n\nBackers say the long-term shutdown of the bank has deprived U.S. manufacturers of billions of dollars of business that has instead migrated overseas, allowing foreign competitors to effectively steal American jobs. The bank estimates the total value of lost transactions at $21.5 billion since the agency lost its quorum in July 2015.\n\nMost export-credit agencies, including the Ex-Im Bank, require production and jobs for deals they finance to be located in their respective countries. As a result of the bank’s shutdown, deals that would have been sourced domestically are moving overseas, where companies can still obtain export assistance.\n\n“It’s unfortunate that so many jobs and so many transactions have been lost... while politics has entered in and while other countries have been able to steal jobs because financing was unavailable through Ex-Im,” said Scott Schloegel , who ran the bank on an acting basis from late 2017 through March 2018.\n\nSome $2 billion of heavy industrial equipment that Egyptian Carbon Holdings Ltd. had planned to source in Texas, Pennsylvania and 34 other states is instead being manufactured in Canada and Europe—places where the company was able to obtain export-credit assistance for a massive petrochemical plant it is constructing near the Suez Canal, its chief executive, Basil El-Baz , told The Wall Street Journal last year.\n\nEl Al Israel Airlines Ltd. outfitted a recent order of Boeing 787 Dreamliner jets with British-built Rolls-Royce engines, after gaining access to British export-credit assistance. That assistance helped the airline finance its entire order of the American-built passenger jets, but it meant their engines were manufactured by a British firm in England instead of by General Electric Co. in Ohio.\n\nKristina Peterson contributed to this article.\n\nWrite to Andrew Ackerman at andrew.ackerman@wsj.com",
    "published": "2019-05-08"
  },
  {
    "source": "WSJ",
    "title": "Senate Revives Ex-Im Bank",
    "summary": "Confirmation of Trump nominees give bank quorum it needs to approve significant transactions",
    "link": "https://www.wsj.com/articles/senate-set-to-revive-ex-im-bank-11557313600?mod=Searchresults_pos20&page=11",
    "content": "WASHINGTON—Senate lawmakers brought back to life a long-hobbled agency that smooths export deals between U.S. manufacturers and overseas buyers, ending a four-year freeze—at least temporarily.\n\nThe Senate on Wednesday voted to confirm three Trump administration picks to serve on the board of the Export-Import Bank, providing the agency with the quorum necessary to approve significant transactions. About $40 billion of export deals have languished since the board lost its quorum four years ago, depriving it of the ability to approve deals of more than $10 million.\n\n“I’ll be glad to see Ex-Im back in business,” said Sen. Roy Blunt (R., Mo.), whose state is home to operations of Boeing Co., traditionally one of the biggest beneficiaries of the bank’s financing activities.\n\nThe bank’s revival could be short-lived. Congress must act again before Sept. 30 to reauthorize the bank for another five years.\n\nThe Ex-Im Bank helps support U.S. exports through a range of programs, including guaranteeing loans to foreign buyers, credit insurance and some direct lending to foreign companies.\n\nThe Senate confirmed Kimberly Reed as president of the bank in a 79-17 vote. It also confirmed two board members: former GOP Rep. Spencer Bachus and Judith Delzoppo Pryor , a former staffer at the Overseas Private Investment Corp., a U.S. development-finance agency.\n\nSpencer Bachus with Kimberly Reed at a Senate Banking, Housing, and Urban Affairs Committee confirmation hearing in November 2017 Photo: Zach Gibson/Bloomberg News\n\nConfirmation of the trio of Ex-Im nominees comes in large part because doing so now takes far less time on the Senate floor. Senate Republicans changed the chamber’s rules in early April to reduce the amount of debate time to two hours, down from 30 hours, after cloture votes on nominees to non-cabinet executive positions and district courts.\n\nSupporters of the bank say it puts U.S. firms on a level playing field with other countries that similarly offer financing for their domestic manufacturers.\n\nRestoring the bank’s quorum will ensure it can respond “to governments, like China, that provide aggressive subsidies and place U.S. exporters at a disadvantage,” Sen. Mike Crapo (R., Idaho) said Tuesday ahead of a crucial procedural vote on the nominees.\n\nSome Republicans think the bank’s function amounts to corporate welfare, saying it puts taxpayers at risk of losing money to finance sales that should be left to the private sector.\n\nLawmakers have fought over the agency for several years. In 2015, conservative opponents in Congress engineered a five-month lapse in the agency’s charter. More recently, Senate Republicans haven’t filled empty board seats, effectively rendering it dormant.\n\n“Historically, the fact is the Ex-Im Bank has used the American taxpayer to subsidize some of the largest and best connected companies in the world,” Sen. Pat Toomey (R., Pa.) said on the Senate floor Tuesday.\n\nSen. Pat Toomey says the bank has used the American taxpayer to subsidize some major companies. Photo: Douglas Christian/Zuma Press\n\nMr. Toomey also said the bank’s role in financing exports is overstated.s “Ninety-eight point something percent of all U.S. exports managed to get sold without Ex-Im financing. But yet we’re to believe that without Ex-Im financing we can’t have exports?” the Pennsylvania lawmaker said.\n\nStill, reauthorizing the bank is a top priority for lawmakers of both parties, particularly House Financial Services Committee Chairwoman Maxine Waters (D., Calif.) and Mr. Crapo, who chairs the Senate Banking Committee. North Carolina Rep. Patrick McHenry, the ranking GOP member on Ms. Waters’s panel, said he, too, supports renewing the bank later this year.\n\n“We now have an opportunity to modernize and reform the Bank to advance our economic and national security interests,” Mr. McHenry said in a written statement.\n\nBackers say the long-term shutdown of the bank has deprived U.S. manufacturers of billions of dollars of business that has instead migrated overseas, allowing foreign competitors to effectively steal American jobs. The bank estimates the total value of lost transactions at $21.5 billion since the agency lost its quorum in July 2015.\n\nMost export-credit agencies, including the Ex-Im Bank, require production and jobs for deals they finance to be located in their respective countries. As a result of the bank’s shutdown, deals that would have been sourced domestically are moving overseas, where companies can still obtain export assistance.\n\n“It’s unfortunate that so many jobs and so many transactions have been lost... while politics has entered in and while other countries have been able to steal jobs because financing was unavailable through Ex-Im,” said Scott Schloegel , who ran the bank on an acting basis from late 2017 through March 2018.\n\nSome $2 billion of heavy industrial equipment that Egyptian Carbon Holdings Ltd. had planned to source in Texas, Pennsylvania and 34 other states is instead being manufactured in Canada and Europe—places where the company was able to obtain export-credit assistance for a massive petrochemical plant it is constructing near the Suez Canal, its chief executive, Basil El-Baz , told The Wall Street Journal last year.\n\nEl Al Israel Airlines Ltd. outfitted a recent order of Boeing 787 Dreamliner jets with British-built Rolls-Royce engines, after gaining access to British export-credit assistance. That assistance helped the airline finance its entire order of the American-built passenger jets, but it meant their engines were manufactured by a British firm in England instead of by General Electric Co. in Ohio.\n\nKristina Peterson contributed to this article.\n\nWrite to Andrew Ackerman at andrew.ackerman@wsj.com",
    "published": "2019-05-08"
  },
  {
    "source": "WSJ",
    "title": "Don’t Trade on China’s Terrible Trade Numbers",
    "summary": "April exports plummeted after a strong March, but the volatility is less meaningful than it appears",
    "link": "https://www.wsj.com/articles/dont-trade-on-chinas-terrible-trade-numbers-11557306274?mod=Searchresults_pos19&page=1",
    "content": "Just a month ago, many investors were convinced China’s economy was on the mend. What a difference a few weeks make.\n\nNot only have trade tensions with the U.S. unexpectedly ramped up again, but April data has come in broadly weak: first the purchasing managers index, and now exports. Up 14% from a year earlier in March, exports crashed in April, down 2.7% from a year earlier.",
    "published": "2019-05-08"
  },
  {
    "source": "WSJ",
    "title": "Trade Shifts From Growth Engine to Potential Drag for China",
    "summary": "Chinese exports declined 2.7% in April, with demand weakening across most major markets",
    "link": "https://www.wsj.com/articles/trade-shifts-from-growth-engine-to-potential-drag-for-china-11557295839?mod=Searchresults_pos9&page=2",
    "content": "Plywood being loaded for export in the eastern Chinese city of Lianyungang.\n\nBEIJING—China’s exports dropped unexpectedly in April, likely adding a further complication to Beijing’s efforts to stabilize growth amid renewed trade tensions with the U.S.\n\nChina’s exports declined 2.7% from a year earlier in April, reversing a 14.2% gain in March, according to government data released Wednesday. Demand weakened across most major markets, some economists said. Also at work, they said, is that the rush to fill export orders last year, before threatened U.S. tariffs took effect, has petered out.\n\nTrade, once a source of growth for China, now may become an additional drag as Beijing tries to shore up an economy that was wobbly for much of the past year, the economists said.\n\n“Even without Trump’s tariff threats, softer external demand would create more pressure to [China’s] economic growth in the near future,” said Shuang Ding , an economist at Standard Chartered.\n\nForeign trade could be a net drag to economic growth in the second quarter after boosting growth early this year, Mr. Ding said. He expects growth in exports to remain at a low-single-digit pace throughout the rest of the year.\n\nChina’s total imports rose 4.0% from a year earlier in April, after declining 7.6% in March, the customs data showed. Economists had forecast a modest drop in Chinese imports.\n\nTrade tensions between China and the U.S. are escalating anew after President Trump called for higher tariffs on Chinese goods over what he sees as foot-dragging in trade negotiations. U.S. Trade Representative Robert Lighthizer has said the punitive levies on $200 billion of Chinese goods will be raised to 25%, from 10%, on Friday.\n\nLast year exporters frontloaded shipments as the two countries slapped punitive taxes on each other’s goods, juicing Chinese exports but creating a less favorable on-year comparison for April, said Liu Jian, an economist at Bank of Communications. Still, orders from the U.S. at the recent Canton Fair, the world’s largest trade expo, fell 30% from a year earlier, suggesting weaker demand ahead, Mr. Liu said.\n\nChina’s exports to the U.S. fell 13.1% on-year in April, following a 3.7% increase in March, customs data showed. Meanwhile, imports from the U.S. dropped 25.7% on year, on par with a 25.8% decline recorded in March.\n\nThe trade fight with the U.S. created uncertainty for investors in China last year, hitting an economy that was slowing in part due to government efforts to reduce debt. Reversing course, the government in recent months accelerated bond issuance to jump-start investment of public projects, eased the tax burden for households and businesses and released more funds into the banking system.\n\nThe better-than-expected imports suggested that the Chinese government’s policy stimulus may have bolstered domestic demand last month, said Julian Evans-Pritchard, an economist at Capital Economics. He expects that demand to hold up in the coming months due to supportive government policies.\n\nA rush to stockpile raw materials due to a value-added tax cut policy, which came into effect last month, could have also boosted imports, said economists, including Mr. Liu of Bank of Communications.\n\nTo lift sentiment, the government has in recent days called for confidence in the Chinese economy. State-run media, including the Communist Party’s flagship People’s Daily, ran a slew of commentaries Wednesday saying the Chinese economy remained resilient despite rising uncertainties.\n\nChina’s overall trade surplus stood at $13.8 billion in April, much smaller than the $32.7 billion surplus recorded in March. The country’s trade surplus with the U.S. widened slightly to $21 billion in April, compared with March’s $20.5 billion.\n\nLiyan Qi, Grace Zhu and Lin Zhu",
    "published": "2019-05-08"
  },
  {
    "source": "WSJ",
    "title": "N.Y. Lawmakers Advance Measure on Trump’s Taxes",
    "summary": "Bill would let members of Congress request the president’s state tax returns",
    "link": "https://www.wsj.com/articles/n-y-lawmakers-advance-measure-on-trumps-taxes-11557340287?mod=Searchresults_pos12&page=1",
    "content": "New York Democratic state Sen. Brad Hoylman, center, spoke on Wednesday about a bill he sponsored to make President Trump’s state tax returns available to congressional committees in Washington, D.C. Photo: Hans Pennink/Associated Press\n\nThe New York state Senate on Wednesday passed two bills that sponsors said would hold President Trump accountable, including a measure that would let members of Congress request his state tax returns.\n\nLawmakers approved the bills with largely party-line votes in the Democratic-controlled chamber. The bills’ chances of enactment are unclear: Democrats dominate the state Assembly, but some members have raised concerns about bringing the bills to a floor vote. A spokesman for Assembly Speaker Carl Heastie said Democratic members would discuss the matter on Monday.",
    "published": "2019-05-08"
  },
  {
    "source": "WSJ",
    "title": "Consumers Could Be Hit as New Front Opens in U.S.-China Trade Fight",
    "summary": "The conflict heads for America’s shopping centers as Trump administration prepares additional tariffs",
    "link": "https://www.wsj.com/articles/consumers-could-be-hit-as-new-front-opens-in-u-s-china-trade-fight-11557270817?mod=Searchresults_pos7&page=13",
    "content": "WASHINGTON—The U.S.-China trade conflict is headed for America’s shopping centers.\n\nWhen the Trump administration began placing tariffs on Chinese imports last year, it cushioned the blow to consumers by targeting items purchased by U.S. manufacturers and other businesses.\n\nBut the higher tariffs set to go into force Friday would apply 25% levies on more than $40 billion worth of items purchased directly by consumers—furniture, handbags, clothing, Christmas decorations, fire alarms and other things shoppers find on the shelves at Target, Walmart, Macy’s and other stores.\n\nPreviously only about $1 billion worth of consumer imports faced tariffs so high. What’s more, President Trump said he is prepared to expand the 25% levies to virtually everything imported from China—$539 billion worth of goods.\n\n“If we’re putting tariffs on things people consume directly, whether that’s iPhones or other things, the pain is going to be more apparent and we would certainly see that as a risk,” said Paul Gruenwald , chief global economist at S&P Global Ratings.\n\nWith trade talks set to resume Thursday in Washington, the threat of new tariffs could be a bargaining tactic. The U.S. is pressing for long-term changes, including a demand that China spell out revisions to its laws and regulations to enforce compliance with the new rules.\n\nEven so, the prospect of an extended trade dispute is unnerving Wall Street. The Dow Jones Industrial Average fell 1.8% Tuesday, with shares of chip makers and retailers among those hardest hit.\n\n“Even the slightest bad news on a wobble with China is enough to derail a [stock market] rally that’s overextended,” said Peter Cecchini , chief market strategist at Cantor Fitzgerald & Co.\n\nUntil this past weekend, expectations were high that the U.S. and China would wrap up their yearlong trade dispute this week. But on Sunday, Mr. Trump accused China of backtracking in the talks and vowed to raise existing tariffs on $200 billion in Chinese imports to 25% from 10% on Friday, followed by new 25% tariffs on $325 billion in goods.\n\nItems that will be subject to higher tariffs starting Friday include electronic circuit boards, computer chips, chemicals and other parts and business supplies. But also affected would be a wide range of consumer products, including grocery items, textiles, clothing, sporting goods, soap, lamps and air conditioners.\n\n“Tariffs are taxes paid by American businesses and consumers, not by China,” said David French , a senior vice president at the National Retail Federation. “A sudden tariff increase with less than a week’s notice would severely disrupt U.S. businesses, especially small companies that have limited resources to mitigate the impact.”\n\nHigher prices reduce consumer purchasing power, which means people generally either pay more or save less. A study by Trade Partnership Worldwide, which works with groups opposing the tariffs, estimates that raising tariffs to 25% will cost the average family of four $767 a year.\n\n“A deal that increases tariffs on everyday goods will be a loser for middle-class families,” said Hun Quach , vice president for international trade at the Retail Industry Leaders Association.\n\nIn the few instances so far that the White House has applied tariffs to consumer goods, the impact on those goods has been significant.\n\nOne of the administration’s earliest tariffs, in January 2018, was a 20% duty on washing machines. Prices of both washing machines and dryers rose by about 12% as appliance makers spread the cost increase across both items, even though dryers weren’t tariffed.\n\nA recent study by researchers at the Federal Reserve and University of Chicago found the washer tariff cost U.S. consumers $1.5 billion over a year.But that’s small in the grand scheme of the $21 trillion U.S. economy; people simply don’t purchase enough washing machines for a major price increase there to dent the economy.\n\nEconomists who studied the earlier round of tariffs against China found their effects to be small compared with the economy overall, but clearly negative, and mostly borne by consumers. Studies released in March found consumers faced $69 billion in additional costs.\n\n“Contrary to President Trump’s statement [in a tweet Sunday], the U.S. economic performance of late has been restrained, not facilitated, by tariffs,” said Gregory Daco , chief U.S. economist of Oxford Economics.\n\nThough consumers are much more likely to notice if tariffs increase to 25%, the move isn’t likely to derail the economy. Mr. Daco estimated that tariffs of 25% against all Chinese imports would reduce GDP growth by 0.3%. That may push the growth rate below 2% by the end of the year, but nowhere near the sort of rate that would lead to talk of a recession.\n\nAt the same time, higher U.S. tariffs could also prompt more retaliation from China— which could hurt American farmers who have already been hit hard by retaliatory Chinese tariffs on soybeans, corn and other crops.\n\nSen. Pat Roberts (R., Kan.), chairman of the Senate Agriculture Committee, emphasized that the trade tussle with China was harming U.S. farmers at a lunch meeting Tuesday with Senate Republicans attended by Vice President Mike Pence.\n\n“I’m not where the president is with regards to the good use or proper use of tariffs,” Mr. Roberts said. “We always take it first in agriculture. There’s a lot of feeling in farm country that we’re being used as pawns in this whole business.”\n\nMr. Pence said the president’s latest threat was part of the negotiating process with China and that the world’s two largest economies could still reach a deal, according to several Senators who attended the meeting.\n\nAnthony DeBarros, William Mauldin and Andrew Duehren contributed to this article.\n\nWrite to Josh Zumbrun at Josh.Zumbrun@wsj.com",
    "published": "2019-05-08"
  },
  {
    "source": "WSJ",
    "title": "Roads and Bridges Can Bridge the Parties",
    "summary": "Lawmakers, unite to let states manage infrastructure.",
    "link": "https://www.wsj.com/articles/roads-and-bridges-can-bridge-the-parties-11557268940?mod=Searchresults_pos7&page=3",
    "content": "‘Finally—something America can agree on!” That was my thought seeing President Trump, Speaker Nancy Pelosi and Senate Minority Leader Chuck Schumer discuss infrastructure last week.\n\nTransportation, which is only possible with safe, solid infrastructure, is essential to the U.S. economy. A nation that grows and makes things must also be able to move things. Yet transportation infrastructure hasn’t kept pace with states’ most pressing needs.\n\nThat problem won’t be solved by piling even more debt on our children to finance central planning from Washington. Unfortunately, it appears that Congress and the White House are heading toward a $2 trillion federal spending plan. That’s getting it wrong. Getting it right would require returning money and control back to the states.\n\nWhen I became Ohio’s governor in 2011, we got creative. With an infrastructure funding shortfall and no help in sight from Washington, we leveraged the untapped value of the Ohio Turnpike. By issuing bonds against future turnpike revenue, we put an additional $1.5 billion into our highways—all without raising the state gasoline tax. During my eight years as governor, Ohio invested a record $16.4 billion in transportation infrastructure, financing important repairs and construction.\n\nWe found solutions in Ohio despite a flawed system that leaves states and municipalities responsible for building and repairing their streets, highways and bridges but leaves most of the fiscal and decision-making power in Washington. The problem is made worse by stagnating federal gasoline-tax revenue, which weakens federal support to the states for transportation infrastructure.\n\nAny new plan should shift control of infrastructure funding to states and municipalities, letting them directly manage their needs and establish their own priorities. That was the aim of a bill I sponsored in 1998 as a member of Congress. The bill failed, but the idea is needed more than ever.\n\nInstead of sending gas-tax money to Washington, which keeps some and returns only part of the money to the states, Congress should end the program. Scale back the 18.4-cent-a-gallon federal levy to a few cents a gallon, leaving enough money to maintain the interstate system and oversee other safety concerns. With the bulk of the tax eliminated, states would be responsible for levying their own taxes to build and maintain their transportation systems. States would regain control and stop losing money to Washington.\n\nWashington could also help by removing regulations that prohibit state-collected tolls on interstate highways and keep states from privatizing rest areas. States need more options to finance infrastructure improvements, and drivers would get more value for their gasoline-tax dollars.\n\nIt’s time for Congress and the Trump administration to prove they are serious about improving U.S. infrastructure and capable of finding common ground on behalf of the American people.\n\nMr. Kasich was governor of Ohio (2011-19), chairman of the House Budget Committee (1995-2001) and a candidate for the 2016 Republican presidential nomination.",
    "published": "2019-05-08"
  },
  {
    "source": "WSJ",
    "title": "Cuomo’s Trump Bill of Attainder",
    "summary": "Albany Democrats want to release the President’s New York tax return to Congress.",
    "link": "https://www.wsj.com/articles/cuomos-tax-bill-of-attainder-11557356009?mod=Searchresults_pos13&page=4",
    "content": "If Donald Trump’s claims of executive privilege are a threat to the Constitution, as his critics now claim, what are we to make of the unprecedented bill of attainder against Mr. Trump now moving through the New York Legislature? Every President in memory has claimed executive privilege, but New York Democrats want to hand over the state tax returns of one man, the U.S. President, to Congress.\n\nOur friends at the New York Sun call this an act of “constitutional nihilism,” and they’re not overstating the point. Encouraged by Governor Andrew Cuomo , a Joe Biden man, the Albany Democrats are poised to pass legislation that would let the state tax commissioner release Mr. Trump’s tax return to one of three Congressional committees.\n\nThe Democrats figure they can thus leap in a single bound over the battle now taking place in Washington between Mr. Trump and the House Ways and Means Committee over Mr. Trump’s federal returns. They’re also leaping over the Constitution.\n\nThe Albany Democrats claim they aren’t targeting Mr. Trump because their bill would let the tax commissioner release any individual’s New York tax return to Congress. This is hardly consolation. Mr. Cuomo and such altar boys as former Gov. Eliot Spitzer would have the power to turn over the returns of any political enemy. And once in the hands of Congress, they might as well be posted on Broadway.\n\nYet everyone knows that the immediate target here is one man, Mr. Trump. The rest is political cover. Why write the law now if not to assist Washington Democrats in harassing the President they loathe?\n\nThe ban on bills of attainder—laws targeting an individual—is as clear a constitutional principle as any in the great American charter. Article 1, Section 10 states that “No State shall . . . pass any Bill of Attainder.” The Founders wrote the passage to prohibit abuses that were common in England.\n\nIf Democrats want to go down this road, they should be ready for the boomerang. Both parties can use tax disclosure as a political weapon, and the Albany precedent will be repaid in kind by a Republican state legislature against a future Democratic officeholder. Recall that during the 1992 campaign Bill and Hillary Clinton hid Hillary’s implausible cattle-futures trading windfall in their undisclosed tax returns.\n\nThe fight over Mr. Trump’s federal returns is a classic struggle between legislative and executive branches held by competing parties. Congress says it has the power to see Mr. Trump’s returns from 2013-2018 under Section 6103(f) of the IRS code.\n\nTreasury Secretary Steven Mnuchin has rejected the House request on grounds that the law is “bounded by Congress’ authority under the Constitution” and the returns don’t “reasonably serve as a legitimate legislative purpose.” That’s the standard the Supreme Court has said should define the purview of Congressional oversight.\n\nWays and Means Chairman Richard Neal says his legislative purpose is to assess how the IRS fulfills its policy of auditing presidential tax returns. But Mr. Neal has requested six years of returns, though Mr. Trump has been President only since 2017. Mr. Neal has also not sought the returns of previous Presidents while they were in office. In its breadth of years but focus on only one President, Mr. Neal’s request undermines his stated legislative purpose.\n\n***\n\nA court may settle this if the two sides can’t reach an accommodation, though that might take months or years. In any case a state has no business injecting itself in this federal checks-and-balances brawl. New York’s action is another example of the ways that Mr. Trump’s failure to observe customary political norms, albeit within legal bounds, has led his opponents to assume they can get away with anything in response.\n\nFormer California Gov. Jerry Brown was wiser in 2017 when he vetoed a state bill that said presidential candidates had to provide tax returns as a condition for being on the state primary ballot. “While I recognize the political attractiveness—even the merits—of getting President Trump’s tax returns, I worry about the political perils of individual states seeking to regulate presidential elections in this manner,” Mr. Brown warned. “First, it may not be constitutional. Second, it sets a ‘slippery slope’ precedent.”\n\nWe wish Mr. Trump would release his tax returns for political transparency. But he has no legal obligation to do so and his refusal doesn’t justify an abuse of state power. When it comes to violating the Constitution, some Democrats make Mr. Trump look like James Madison.",
    "published": "2019-05-08"
  },
  {
    "source": "WSJ",
    "title": "Republicans Hire Nine Regional Directors for Trump 2020 Election",
    "summary": "Re-election team plans to more than double number of communications staff from 2016",
    "link": "https://www.wsj.com/articles/trump-campaign-hires-nine-regional-directors-for-2020-election-11557355628?mod=Searchresults_pos18&page=15",
    "content": "President Trump at a rally in Green Bay, Wis., last month. His re-election team, branded Trump Victory, plans to hire a team of nearly 50 regional communications staffers.\n\nWASHINGTON—President Trump’s re-election team is building out its political infrastructure with a round of hires that underscores the importance the Midwest and Florida are expected to have in the 2020 election.\n\nThe campaign has carved the nation into nine regions as it decides how best to spend its resources on contacting voters, motivating supporters and, eventually, getting them to the polls on Election Day, according to campaign officials. Each area will be overseen by a newly hired regional political director.\n\nOne of those regions is focused almost exclusively on Michigan and Pennsylvania, both states that hadn’t supported a Republican presidential candidate for 28 years until Mr. Trump. Wisconsin, which hadn’t supported a Republican for 32 years until 2016, is in a region that also includes Ohio, a traditional battleground.\n\nOne state is a region all its own: Florida, one of the nation’s longest standing presidential battlegrounds and among the country’s biggest electoral prizes, with 29 electoral votes. “We’re going to have a huge operation there,” Trump campaign political director Chris Carr said of the state.\n\nThe re-election team, branded Trump Victory, also has hired nine state political directors—including one each in Michigan, Pennsylvania and Florida—with another half dozen or so expected to be announced in the coming weeks. They also have plans to hire a team of nearly 50 regional communications staffers, more than double the size of the 2016 team. The regional communications team will be overseen by Rick Gorka, a former communications staffer on Mitt Romney ’s 2012 Republican presidential campaign. The regional press team will report to Tim Murtaugh, the campaign communication director.\n\nThe regional and state directors will be paid by the Republican National Committee while the communications team will be paid by the RNC and the Trump campaign.\n\nIn a joint statement Wednesday, Trump campaign manager Brad Parscale and RNC Chairwoman Ronna McDaniel said they are planning a voter-turnout operation and a communications team that will be “the largest ever undertaken by a presidential campaign.”\n\nMr. Carr said the nine political regions are up from six in 2016, and will be the most ever by a Republican presidential campaign. The aim, he said, was to give as much individual attention as possible to battleground states—no region is expected to include more than two battleground states—and to begin building grass-roots operations as soon as possible. In 2016, he said, voter turnout was 15% higher in neighborhoods where the RNC’s political infrastructure was fully developed.\n\nThe Trump Victory team said it already has 30,000 trained “fellows,” volunteers that will be responsible for organizing neighborhood teams and leading voter contact activities.\n\nThe latest expansion of the campaign effort follows an announcement in February of senior-level campaign hires, part of a push to put a more robust political structure around Mr. Trump than he had in 2016. Aides also are aiming to preserve for him a clear path to the Republican nomination.\n\nThe early hiring means more spending. The re-election team already has spent more than $83 million on rallies, fundraising and other expenses. President Obama didn’t actively raise money for his re-election campaign during his first two years in office and his operating expenditures for media, legal services and political travel totaled $10.4 million, FEC records show. President George W. Bush spent about $5 million during his first two years in office, according to the records.\n\nMr. Carr said he talks to Trump donors about the importance of an early investment, and how the results will pay off in 2020. “They understand that,” he said.\n\nThe Latest Trump Victory Hires\n\nMid-Atlantic region: Pennsylvania, Michigan, Delaware, Maryland and Washington, D.C., will be overseen by Jon Black , who was the Republican National Committee’s director of turnout and targeting in 2016.\n\nOhio Valley region: Wisconsin, Ohio, Indiana, West Virginia and Illinois will be overseen by Clayton Henson , the party’s coalitions director in Ohio in 2016 and a former regional political director for the Office of Political Affairs in the Trump White House.\n\nMidwest region: Iowa, Minnesota, Texas, Oklahoma, Kansas, Nebraska, North Dakota and South Dakota will be overseen by Stephanie Alexander , who was the battleground states director for the Trump campaign in 2016.\n\nFlorida region: Florida will be overseen by Alex Garcia , who most recently was the executive director of the Florida Senate caucus.\n\nNortheast region: Massachusetts, New Hampshire, Maine, Vermont, New York, Connecticut, Rhode Island and New Jersey will be overseen by Elissa Voccola , a 2018 regional political director.\n\nSouthern Atlantic region: North Carolina, Virginia, South Carolina, Tennessee and Kentucky will be overseen by Jason Simmons , who was the North Carolina state director for the Trump campaign in 2016 and joined the administration in the Small Business Administration.\n\nSouthern Gulf region: Georgia, Louisiana, Mississippi, Alabama, Arkansas, Missouri and the Caribbean U.S. territories will be overseen by Brian Barrett , the RNC Florida director in 2016.\n\nWest region: Arizona, Colorado, New Mexico, Utah, Wyoming and Montana will be overseen by Brian Seitchik , who was the Trump campaign’s Arizona director in 2016.\n\nPacific region: Nevada, California, Washington, Oregon, Hawaii, Alaska and Idaho will be overseen by Jeremy Hughes , worked on former U.S. Sen. Dean Heller’s campaign in 2018.\n\nState directors: Arizona, Drew Sexton ; Nevada, Joe Weaver ; Ohio, Steve Buckingham ; Texas, Taylor Maddox ; Georgia, Daniel Coats ; Florida, Kevin Cabrera ; Pennsylvania: Brittney Robinson ; Maine, Joe Turcotte ; Michigan: Chris Velasco .\n\nWrite to Michael C. Bender at Mike.Bender@wsj.com",
    "published": "2019-05-08"
  },
  {
    "source": "WSJ",
    "title": "Bank of Thailand Keeps Benchmark Rate Unchanged at 1.75%",
    "summary": "The monetary-policy committee unanimously voted to keep the policy rate steady",
    "link": "https://www.wsj.com/articles/bank-of-thailand-keeps-benchmark-rate-unchanged-at-1-75-11557300257?mod=Searchresults_pos4&page=46",
    "content": "The Bank of Thailand in Bangkok. Photo: jorge silva/Reuters\n\nThe Bank of Thailand left interest rates unchanged Wednesday against a backdrop of weak inflation and a subdued economic-growth outlook amid global uncertainty stemming from U.S.-China trade tensions.\n\nThe central bank’s monetary-policy committee kept its one-day repurchase rate at 1.75%, in line with forecasts of eight economists polled by The Wall Street Journal. The Bank of Thailand had raised the benchmark rate in December, the first change since a cut in April 2015, but stood pat in March.",
    "published": "2019-05-08"
  },
  {
    "source": "WSJ",
    "title": "What’s News: Business & Finance",
    "summary": "This copy is for your personal, non-commercial use only. Distribution and use of this material are governed by our Subscriber Agreement and by copyright law. For non-personal use or to order multiple copies, please contact Dow Jones Reprints at 1-800-843-0008 or visit www.djreprints.com.",
    "link": "https://www.wsj.com/articles/whats-news-business-finance-11557284191?mod=Searchresults_pos4&page=41",
    "content": "This copy is for your personal, non-commercial use only. Distribution and use of this material are governed by our Subscriber Agreement and by copyright law. For non-personal use or to order multiple copies, please contact Dow Jones Reprints at 1-800-843-0008 or visit www.djreprints.com.\n\nhttps://www.wsj.com/articles/whats-news-business-finance-11557284191",
    "published": "2019-05-08"
  },
  {
    "source": "WSJ",
    "title": "Oil Rises on Falling Supplies, Rising Hopes for U.S.-China Trade Deal",
    "summary": "Prices buoyed by drop in U.S. crude inventories, renewed optimism that trade agreement with China could be near",
    "link": "https://www.wsj.com/articles/oil-rises-on-falling-supplies-rising-hopes-for-u-s-china-trade-deal-11557331010?mod=Searchresults_pos17&page=43",
    "content": "Recent data indicated an unexpected four million-barrel fall in inventories for the week ended May 3. Above, a worker unloads crude oil from a tanker in Loving County, Texas.\n\n• Oil notched its largest gain in more than two weeks on Wednesday, after weekly data showed a sizable drop in U.S. crude inventories and on renewed confidence a U.S.-China trade deal could occur soon.\n\n• West Texas Intermediate futures, the U.S. oil benchmark, ended 1.2% higher at $62.12 a barrel on the New York Mercantile Exchange, its largest one-day increase since April 22.\n\n• Brent crude, the global oil benchmark, was 0.7% higher at $70.37 a barrel on London’s Intercontinental Exchange.\n\nHighlights\n\nInventories: U.S. oil prices had fallen by 7% over the past two weeks following a string of weekly increases in U.S. crude inventories that pushed storage to a 19-month high of 471 million barrels. But that trend began to reverse Wednesday as the Energy Information Administration reported an unexpected four million-barrel drop for the week ended May 3, leaving total storage at 466.6 million barrels.\n\nThe report also bullishly showed U.S. oil production, which recently hit a record 12.3 million barrels a day, has fallen back to 12.2 million barrels a day. Additionally, motor gasoline supplied to the market—a proxy for gas demand—jumped to 9.9 million barrels a day, suggesting consumption is rising strongly as the summer driving season approaches.\n\n“The reduction in stockpiles is obviously a positive,” said Peter Cardillo , chief market economist at Spartan Capital, who said the rare reduction in inventories of all three main components—crude oil, gasoline and distillates—was particularly bullish.\n\n“The crude oil and total petroleum stocks draws supported the prices and halted prices’ downward move,” said analysts at Austin, Texas-based Drillinginfo.\n\nIran and China: Geopolitical tensions between the U.S. and Iran over sanctions, along with a possible rise in global oil demand if the U.S. and China can agree to a final trade deal, also propelled prices higher Wednesday.\n\n“The fact that the Iranians aren’t honoring some commitments from the nuclear deal is raising geopolitical tensions,” Spartan’s Mr. Cardillo said. “And with the U.S.-China trade deal perhaps coming together, that could boost [oil] demand out of China.”\n\nIn a Twitter post Wednesday, President Trump signaled a China trade deal may be near, despite concerns that his recent threat of higher tariffs on Chinese imports could derail the talks. “China has just informed us that they (Vice-Premier) are now coming to the U.S. to make a deal. We’ll see, but I am very happy with over $100 Billion a year in Tariffs filling U.S. coffers…great for U.S., not good for China!” Mr. Trump wrote.\n\nInsight\n\nInfrastructure: A new report from Drillinginfo said infrastructure development will play a vital role in America’s energy future as oil production and exports continue to increase. “As U.S. crude oil production grows, all incremental barrels are (and will continue to be) exported,” said Bernadette Johnson , vice president of market intelligence at Drillinginfo. “To facilitate this rapid increase in exports, additional infrastructure will be critical. Without it, operators will be stuck with a valuable product, but limited options of how to send it to market.”\n\nDrillinginfo noted crude-oil exports have been increasing since 2017 as U.S. production reached historic levels thanks to growth from prolific shale basins. “Iranian sanctions by the U.S., the situation in Venezuela, and U.S.-China trade wars will play a big role in U.S. exports moving forward,” Drillinginfo said.\n\nAhead\n\n• The EIA’s monthly Drilling Productivity Report, which details oil production from the U.S.’s main shale regions, is due for release Monday.\n\n• OPEC’s monthly oil market report is due Tuesday.\n\nWrite to Dan Molinski at Dan.Molinski@wsj.com",
    "published": "2019-05-08"
  }
]