[
  {
    "source": "WSJ",
    "title": "SoftBank’s Bid to Build a Solar-Power Empire Founders",
    "summary": "Investor Masayoshi Son sought deals of immense scale and so far has done a fraction of what the firm promised",
    "link": "https://www.wsj.com/articles/softbanks-bid-to-build-a-solar-power-empire-founders-11565409688?mod=Searchresults_pos10&page=83",
    "content": "For years, SoftBank Group Corp. 9984 -3.27 %decrease; red down pointing triangle Chief Executive Masayoshi Son has talked about building a global renewable-energy empire capable of carrying solar power across continents.\n\nThe Japanese investor sought deals of immense scale in Saudi Arabia, India and beyond. He promised to spend hundreds of billions of dollars tackling one of the world’s toughest challenges—meeting its growing energy demand with less carbon-intensive sources.\n\nToday, his boldest proposals are foundering. Mr. Son has announced plans to build as much as 220 gigawatts of solar capacity in Saudi Arabia and India by 2030—equivalent to half of what exists today around the world. Yet SoftBank has managed to contract for around 3 gigawatts in India and has about 700 megawatts in Japan. The company hasn’t completed a project in Saudi Arabia and doesn’t appear close to winning a major contract there soon.\n\nIn India, developers including SoftBank were hit last year by unexpected increases in taxes and tariffs, cancellations of auctions and land disputes. One solar park in the country where SoftBank is building a plant has been hit by delays stemming from squatters refusing to move off the land allocated to the project.\n\nWorkers clean solar panels in New Delhi, where government officials have privately questioned whether SoftBank can deliver on its grand solar ambitions. Photo: Diego Cupolo/NurPhoto/Zuma Press\n\nRivals within the company have jousted over who would lead expansion efforts, and executives misread markets or fumbled relationships with government officials, according to interviews with people familiar with its solar business. Many of its new projects aren’t likely to generate the kinds of returns Mr. Son had hoped for, the people say.\n\nThe problems have sowed doubts among potential partners, leading government officials with grand energy visions of their own to question whether SoftBank is capable of delivering what it has proposed.\n\nIn the technology sector, betting big can accelerate growth and disrupt markets, says Manoj Upadhyay , CEO of ACME Solar Holdings Ltd., one of India’s biggest solar-power developers. “But in infrastructure, it cannot.”\n\nAdvertisement\n\nMr. Son said SoftBank’s solar business has been focusing on India and “is still expanding vigorously” at a pace that could eventually make it one of the world’s biggest developers. “As for Saudi Arabia, it has its own internal plans and things to manage, so it will take a little while,” he said at a press conference this week.\n\nSoftBank says it has made inroads in India and Japan, and company executives still see more to come.\n\nSolar Dreams SoftBank has sought to install more solar capacity in two countries than some analysts think the whole world will achieve by 2030. Solar-power market in gigawatts Batteries for electric-grid storage, installed capacity estimates in gigawatt hours 1,000 2,500 2,000 800 Optimistic estimate (15% annual increase) 1,500 600 Conservative estimate (10% annual increase) 1,000 400 500 200 0 0 2005 ’10 ’20 ’30 2015 ’20 ’25 ’30 Capacity proposed by SoftBank in 2030 Capacity proposed by SoftBank for India in 2030 Global capacity in 2030* Global capacity in 2030 Global capacity in 2018 For India For Saudi Arabia Global capacity in 2018 480 gw 2,587 gw 1,200 gw 1,500 gw 12gwh 854gwh 2,200gwh Solar-power market in gigawatts Batteries for electric-grid storage, installed capacity estimates in gigawatt hours 1,000 2,500 2,000 800 Optimistic estimate (15% annual increase) 1,500 600 Conservative estimate (10% annual increase) 1,000 400 500 200 0 0 2005 ’10 ’20 ’30 2015 ’20 ’25 ’30 Capacity proposed by SoftBank in 2030 Capacity proposed by SoftBank for India in 2030 Global capacity 2030* Global capacity in 2030 For India For Saudi Arabia Global capacity in 2018 2018 854 gwh 2,200 gwh 480 gw 2,587 gw 1,200 gw 1,500 gw 12gwh Solar-power market in gigawatts Batteries for electric-grid storage, installed capacity estimates in gigawatt hours 1,000 2,500 2,000 800 Optimistic estimate (15% annual increase) 1,500 600 Conservative estimate (10% annual increase) 1,000 400 500 200 0 0 2005 ’10 ’20 ’30 2015 ’20 ’25 ’30 Capacity proposed by SoftBank in 2030 Capacity proposed by SoftBank for India in 2030 Global capacity in 2030* Global capacity in 2030 Global capacity in 2018 For India For Saudi Arabia Global capacity in 2018 480 gw 2,587 gw 1,200 gw 1,500 gw 12gwh 854gwh 2,200gwh Solar-power market in gigawatts 2,500 2,000 Optimistic estimate (15% annual increase) 1,500 Conservative estimate (10% annual increase) 1,000 500 0 2005 ’10 ’20 ’30 Capacity proposed by SoftBank in 2030 Global capacity in 2030* Global capacity in 2018 For India For Saudi Arabia 480 gw 2,587 gw 1,200 gw 1,500 gw 1,000 Batteries for electric-grid storage, installed capacity estimates in gigawatt hours 800 600 400 200 0 2015 ’20 ’25 ’30 Capacity proposed by SoftBank for India in 2030 Global capacity in 2030 Global capacity in 2018 12gwh 854gwh 2,200gwh\n\n“I honestly believe what we’re doing today is a tenth, a fifteenth, a hundredth of what’s about to happen,” says Raman Nanda, chief executive of SoftBank’s Delhi-based energy unit.\n\nSoftBank runs and invests in the $100 billion Vision Fund, the world’s largest technology-investment vehicle. The company is launching a second fund it says will be even bigger.\n\nAn ACME solar installation at the Bhadla Solar Park in northern India, where SoftBank also has projects. Photo: Phred Dvorak/The Wall Street Journal\n\nFor solar ventures, SoftBank has two main energy units—one in Japan, the other in India. Both have said they are responsible for new projects in Africa, and both are exploring opportunities in Saudi Arabia, people familiar with them say. SoftBank never formally decided who would handle a major Saudi solar development, although the India unit ended up spearheading work, those people say. Both units are called SB Energy, although the India team late last year added “Global” to its name.\n\nMr. Son, who founded SoftBank in 1981, is famous for his grand visions, even among technology founders. In 2016, he orchestrated a $32 billion purchase of U.K. chip designer ARM Holdings PLC, predicting Arm’s architecture would be in 90% of a trillion connected devices by 2035. The Vision Fund, which poured billions into WeWork Cos., rarely cuts checks of less than $100 million and often presses companies to take more money than they had planned.\n\nShare Your Thoughts What do SoftBank’s solar struggles reveal about energy investing compared with funding tech startups? Join the conversation below.\n\nMr. Son’s alternative-energy efforts date from 2011, when a tsunami caused a nuclear meltdown and energy crisis in Japan. Mr. Son announced plans for dozens of solar projects at home and began seeking deals abroad, aiming to create transnational power grids that could export solar or wind energy from places including India, Mongolia or the Middle East.\n\nAt one point in 2011, Mr. Son told his board that he was planning to quit SoftBank for a year to focus on energy issues, prompting a shouting match as they argued him out of it, he has said.\n\nIn 2015, Mr. Son met Indian Prime Minister Narendra Modi —another renewable-energy fan—and they hit it off, according to Satoshi Shima, then-head of SoftBank’s office of the CEO. They exchanged cellphone numbers, Mr. Shima says.\n\nAdvertisement\n\nThe two discussed an investment of as much as $100 billion, Mr. Shima says. Mr. Son after the meeting announced a more modest plan for 20 gigawatts of solar-energy in India, at an estimated cost of $20 billion. That is almost seven times what the country had installed at the time.\n\nSoftBank CEO Masayoshi Son, right, with executives in New Delhi in 2015, announces plans to invest $20 billion on India solar projects. Photo: money sharma/Agence France-Presse/Getty Images\n\nSoftBank brought in Mr. Nanda, a solar veteran who had been working with the company’s renewable-energy team in Japan, to run the new India unit. It landed its first contract for a 350 megawatt plant in December of 2015—more than half the size of SoftBank’s entire Japan solar portfolio—four months after it was founded, with eight staffers.\n\nThe real boost to SoftBank’s solar ambitions would come months later in 2016, after Mr. Son connected with Saudi Arabia’s Crown Prince Mohammed bin Salman . Mr. Son has said it only took him 45 minutes to convince the Saudi royal to invest $45 billion in SoftBank’s Vision Fund. In return, Mr. Son has publicly promised to help remake the kingdom’s oil-dependent economy.\n\nAs SoftBank sought to deepen its financial ties in Saudi Arabia, discussions between Mr. Son and the country’s sovereign-wealth fund, called the Public Investment Fund, or PIF, turned to solar. SoftBank could help Saudi Arabia achieve its long-sought goal of using less oil in domestic power production and exporting it instead, Mr. Son said, by building up the kingdom’s solar-power capacity, according to a person familiar with the discussions.\n\nAdvertisement\n\nSunrise, Sunset SoftBank has announced big plans for solar power, but is far from realizing its ambitions. ← → 2010 2020 October 2011 SoftBank starts energy unit to develop solar projects in Japan. It later adds India. SoftBank founder and CEO Masayoshi Son meets Indian Prime Minister Narendra Modi and announces a plan to develop 20 gigawatts of solar power in the country, which at the time has around three gigawatts installed. Mr. Son and Saudi Arabia's Prince Mohammed bin Salman decide to work together, including a $45 billion investment by the kingdom's sovereign-wealth fund, PIF, in SoftBank's $100 billion Vision Fund. SoftBank and PIF propose 1,500 gigawatts of solar power in Saudi Arabia. After local energy officials balk, SoftBank and PIF release a plan for a more modest 200 gigawatts of solar power in Saudi Arabia by 2030. Saying it will need thousands of gigawatt hours of solar-power storage, SoftBank proposes a $400 million investment in Kentucky battery startup EnerBlu. SoftBank proposes 1,200 gigawatts of solar power and 2,200 gigawatt hours of battery capacity in India by 2030. The plan is later rejected by officials, who question its viability. Journalist Jamal Khashoggi is killed in Turkey by Saudi agents, complicating SoftBank's relationship with the kingdom. SoftBank calls off its investment in EnerBlu, which later files for bankruptcy protection. SoftBank has three gigawatts of solar-power plants running or in development in India, and none in Saudi Arabia. Source: Staff reports\n\nIn the fall of 2017, Mr. Son and PIF floated their initial plan with a group of Saudi energy officials. As partners, they would build 1,500 gigawatts of energy-generating capacity, complete with plants to make the solar panels and create 100,000 jobs.\n\nSaudi officials burst out laughing, according to people familiar with the proposal. The 1,500 gigawatt total was more than triple the entire world’s solar-power capacity at the time.\n\nMr. Son argued in one meeting that to compete with China, the world’s biggest solar-panel supplier, a developer would have to be at that scale and take on that kind of risk, one of the people says.\n\nAdvertisement\n\nFor decades, the country’s powerful energy ministry has driven a hard bargain with international oil companies, seeking to maximize the value of the kingdom’s abundant natural resources. They planned to do the same with Saudi Arabia’s abundant sunshine as well, and the ministry had its own renewable-energy unit with a less ambitious solar plan.\n\nIn March, Prince Mohammed and Mr. Son made a surprise appearance at New York’s Plaza Hotel. Together, SoftBank and PIF announced a plan to build 200 gigawatts of solar capacity at a cost of $200 billion by 2030. The press release, issued by the Saudi embassy in the U.S. and PIF, didn’t mention the energy ministry at all.\n\nMr. Son with Saudi Arabia’s Crown Prince, Mohammed bin Salman, in 2018. Photo: Jeenah Moon/Bloomberg News\n\nThe deal wasn’t subjected to the kind of vetting and bidding process energy officials in the country use for oil deals, according to people familiar with the process. Energy officials felt slighted by the announcement and viewed it as unrealistic, the people say.\n\nA month later, Mr. Son pitched Indian officials a plan to develop 1,200 gigawatts of solar power by 2030, along with 2,200 gigawatt hours of battery capacity to store that energy and manufacturing plants to make panels and batteries domestically, according to people familiar with the proposal. The local industry component was something India dearly wanted.\n\nSoftBank’s energy unit in India went shopping for companies to make the batteries needed to support all that capacity. It proposed to invest in a Kentucky-based startup called EnerBlu, which was seeking $60 million to build a modest battery-manufacturing plant, its first. SoftBank said it needed more.\n\nAdvertisement\n\nA SoftBank official said Mr. Son would want to make a far greater investment and pushed EnerBlu to build a facility that was 10 times the size of its initial plan. SoftBank said it would invest around $400 million, according to former EnerBlu CEO Daniel Elliott.\n\n“Frankly, $60 million doesn’t move our needle; I can’t take that back to Masa-san,” a senior SoftBank executive over India told EnerBlu at a May 2018 meeting, using a common moniker for Mr. Son, Mr. Elliott says.\n\nThe world’s biggest lithium-battery factory, run by Tesla, currently has a capacity of around 35 gigawatt hours. SoftBank wanted more than 2,000 gigawatt hours of storage for Saudi Arabia and India by 2030, according to one production plan.\n\nSoftBank’s Japan solar business was making high returns in the country’s heavily subsidized market, targeting around 30% investment returns, according to one person familiar with the matter. Mr. Son expected returns of 15% to 30% in Saudi Arabia and India, people familiar with the company say.\n\nAdvertisement\n\nIn India, government officials reviewing SoftBank’s proposal decided the country could absorb only a maximum of 350 gigawatts of solar energy by 2030, an energy official says. With solar technology and prices changing so fast, the government felt it wouldn’t be wise to award so much capacity at once, the official says.\n\nFierce competition for contracts, pressure from local governments wanting inexpensive power, land acquisition struggles and other complications were driving down the profitability of solar-project returns in the country. Mr. Nanda and his team were torn between Mr. Son’s demand for scale and his push for high returns, the people familiar with SoftBank’s business say.\n\nSoftBank skipped one tender for 10 gigawatts of solar-generation capacity. For another auction of 3 gigawatts last summer, SoftBank told officials it would take the entire amount at a favorable price if authorities revised regulations to let it do so, an Indian official says. When the government obliged, SoftBank bid for much less, at a much less favorable price, annoying New Delhi.\n\nThe award was subsequently canceled.\n\nSoftBank’s Tottori-Yonago Solar Park in western Japan. Photo: Softbank Corp./Associated Press\n\n“Masa has a big dream” for unprecedented solar-energy scale, says the Indian official. “But they are not capable of handling such a large project.”\n\nMr. Nanda says SoftBank’s India plants “have consistently performed above” targets set by his board and are getting “above-market returns.” He says the company has a business that can grow quickly when opportunities arise.\n\nIn Saudi Arabia, energy officials had auctioned off solar contracts to other developers based on the lowest price that builders could offer. Saudi officials proposed buying electricity from SoftBank at prices similar to those achieved at auction, which would allow profit margins of 4% to 6%, the people familiar with the matter say.\n\nAdvertisement\n\nBy early this year, Mr. Son had told officials their proposed returns were too low for SoftBank to invest, a person familiar with Saudi Arabia’s renewable program says. The murder of Saudi journalist Jamal Khashoggi in October, accompanied by allegations, which Saudi Arabia denied, that Prince Mohammed was involved, complicated the kingdom’s relationship with SoftBank and made it difficult for the company to do anything together with the country publicly, people with knowledge of the events say.\n\nSoftBank walked away its proposed deal with EnerBlu in January. EnerBlu, drained of money by the long courtship with SoftBank, has filed for bankruptcy protection.\n\n“SoftBank shows up and says they’re going to do all this stuff,” says Mr. Elliott, who is now working for a private-equity firm in California. “Shame on us for trusting them.”\n\nSoftBank says it decided not to proceed with the deal because its due diligence concluded EnerBlu wasn’t equipped to handle the scale needed. “No commitments were made at any stage,” according to a company statement.\n\nOn Jan. 15, the Saudi energy minister unveiled a scaled-down energy plan calling for 40 gigawatts of solar-power generation by 2030. The energy ministry, which has begun auctioning new projects, is responsible for 30% of that and PIF and international partners the remaining 70%, according to a diagram of the plan. SoftBank wasn’t mentioned in the new strategy, and it isn’t one of the 60 firms that have received an initial green light to bid on the ministry’s latest project.\n\nSoftBank remains an “important partner for PIF and for the Kingdom,” the fund said in a written response. It declined to comment on specific investment decisions.\n\nSummer Said and Mayumi Negishi contributed to this article.\n\nWrite to Phred Dvorak at phred.dvorak@wsj.com and Rory Jones at rory.jones@wsj.com",
    "published": "2019-08-10"
  },
  {
    "source": "WSJ",
    "title": "Guatemalans Vote in Election Shadowed by Migrant Deal With U.S.",
    "summary": "Both candidates have expressed concerns about whether Guatemala is capable of providing migrants with food, shelter and access to health care",
    "link": "https://www.wsj.com/articles/guatemalans-vote-in-election-shadowed-by-migrant-deal-with-u-s-11565439094?mod=Searchresults_pos7&page=74",
    "content": "GUATEMALA CITY—Guatemalans are voting for a new president in a Sunday runoff between a former prisons director and an ex-first lady, an election that comes against a backdrop of corruption and a deal with the U.S. that would make the country a hub for Central American asylum seekers.\n\nVoters in the impoverished country of 17 million people have expressed little enthusiasm ahead of the election, after two top contenders were barred from participating. The winner will have to deal with an unpopular agreement signed by the departing administration of President Jimmy Morales requiring migrants from neighboring El Salvador and Honduras to apply for asylum first in Guatemala instead of the U.S.\n\nA poll this week by CID-Gallup put Alejandro Giammattei , a center-right former doctor and one-time national prisons director, making his fourth bid for the presidency, ahead with 55% support. Former first lady Sandra Torres , a social democrat, had 45%.\n\nHead to Head Two candidates for president are facing off in a runoff in Guatemala after a crowded first round. If the second round was today, who would you vote for?* Alejandro Giammattei Sandra Torres (center-right) (center-left) 50% 25 54.9% 45.1% 0 What is your opinion of the candidates? Excellent Good Bad Very bad Don't know/no answer Alejandro Giammattei Sandra Torres 0% 25 50 75 100 What is the main problem that affects Guatemala? Insecurity 36.9% Unemployment 19.3 High cost of living 10.9 Corruption 10.9 Hospital quality 4.2 School quality 3.1 Extortions 2.9 Highway conditions 2.3 1.0 Water access 0.1 Housing Other 6.5 Don't know/ no answer 2.0\n\nThe runoff comes after a crowded first round in June. Ms. Torres got 25.5% of the vote compared with Mr. Giammattei who got 14%. But in the weeks since, Mr. Giammattei has surged, in large part because Ms. Torres is widely disliked in urban areas.\n\nMs. Torres, a powerful first lady from 2008 to 2011, oversaw the social programs of then-President Alvaro Colom . She faces her own allegations of illegal party financing and Mr. Colom, whom she divorced years ago, was indicted on corruption charges last year.\n\n“Many urban voters identify her with corruption and far-left politics, but she is popular in poor rural regions, where as first lady she distributed generous social programs,” said Quique Godoy, a political analyst.\n\nThe July agreement came after Mr. Trump threatened Guatemala with punitive tariffs. Migrants from El Salvador and Honduras apprehended at the U.S.-Mexico border would be returned to Guatemala to apply for asylum there.\n\nThe deal hasn’t come into effect yet and faces strong political and legal opposition in Guatemala. The country’s constitutional court is expected to soon rule on two injunctions filed against the deal. If the deal clears the courts, the government could face the arrival of thousands of migrants in coming months.\n\nSome 80% of Guatemalans are opposed because they see the deal as a burden, a recent poll by newspaper Prensa Libre showed\n\n“This will be a huge challenge for the new president,” said Eduardo Núñez, the director in Guatemala of the National Democratic Institute, a nonpartisan U.S. nonprofit that advocates for government accountability. “We still don’t know who would pay for this deal nor the potential volume of migrants to be sent to Guatemala.”\n\nMr. Giammattei and Ms. Torres strongly criticized Mr. Morales, who can’t seek re-election, for signing the immigration agreement just weeks before the runoff. They both expressed concerns about whether Guatemala is capable of providing migrants with food, shelter and access to health care and education that many Guatemalans don’t enjoy. But they have adopted a cautious tone so far, as the implementation plan is still being negotiated and many details are unknown.\n\nAlejandro Giammattei, a center-right candidate for president, is polling at 55%. Photo: johan ordonez/Agence France-Presse/Getty Images\n\nMs. Torres said in a recent TV interview that she would seek to renegotiate the agreement. Mr. Giammattei’s running mate, Guillermo Castillo, said in an interview they would review the deal before taking office in January.\n\n“This is a big deal for Guatemala and we want to make sure the agreement has some reciprocity,” Mr. Castillo said.\n\nNeither side appeared eager to antagonize the Trump administration. Ms. Torres’ campaign chief, Óscar Argueta, said they would have to assess the room for maneuver before any renegotiation. “To have a good relationship with the U.S. is a necessity,” he said. The U.S. last year bought 35% of Guatemala’s exports.\n\nShare Your Thoughts Regardless of the outcome of the election, what should be Guatemala’s focus when dealing with the U.S.?\n\nCorruption has also played a large role in the election debate. Mr. Morales, a former clown who ran on an anticorruption platform, decided not to renew the mandate of the International Commission Against Impunity in Guatemala, a United Nations-sponsored agency that played a key role in dismantling criminal networks since 2007.\n\nThe CICIG, as the agency is known, got more than 310 convictions, including of a former vice president, a former head of the central bank and a former president of Congress. It sought three times to strip Mr. Morales of immunity to charge him for illegal party financing, but Congress refused.\n\nThe commission, which is scheduled to leave in early September, faced a growing chorus of critics in the government and the business class, which accused the agency of abuse of power. A spokesman for the commission rejected accusations that it has a political bias.\n\nSandra Torres, a social democrat, has said she would seek to renegotiate a migrant agreement with the U.S. Photo: luis echeverria/Reuters\n\nNeither Mr. Giammattei nor Ms. Torres said they would bring back the U.N. agency, raising concerns about a setback to efforts to fight corruption. Both have proposed setting up a national anticorruption commission formed by independent experts.\n\nBoth candidates had a contentious relationship with CICIG, which works hand-in-hand with the attorney general’s office.\n\nIn February, the agency sought to strip Ms. Torres’ immunity as a candidate to charge her for illegal party financing in the 2015 election, but courts rejected the demand. She has denied any wrongdoing.\n\nMr. Giammattei was charged in 2010 in connection with a case of extrajudicial killings when he headed the country’s prisons system, but was acquitted after spending 10 months in prison. He has denied wrongdoing.\n\nAnticorruption crusader Thelma Aldana and Zury Ríos, a popular right-wing leader, were barred by the country’s top court from participating in the elections.\n\n“There is the sense that whoever wins, the big problems of poverty, violence and corruption will still be there in four years,” said Jordán Rodas, the country’s human-rights prosecutor.\n\nWrite to Juan Montes at juan.montes@wsj.com",
    "published": "2019-08-10"
  }
]