[
  {
    "source": "WSJ",
    "title": "Never Mind Those Tweets, Trump’s 2020 Re-Election Team Wants Order and Discipline",
    "summary": "Four years after the president flouted electioneering tradition, his re-election team is taking a more conventional approach",
    "link": "https://www.wsj.com/articles/trumps-2020-campaign-wants-order-and-discipline-down-to-font-sizes-11560524198?mod=Searchresults_pos9&page=82",
    "content": "ARLINGTON, Va.—President Trump’s path to a second term starts not in Florida, Pennsylvania or Wisconsin, but in the pages of a corporate-style branding book developed inside a spacious and well-equipped campaign office.\n\nThe document, “Branding Guidelines for the Trump Presidential Campaign,” covers design minutiae such as font size, spacing and authorized colors—“Trump Red” and “Trump Blue” for logos, and “Trump Gold” for special occasions. It specifies which images of Mr. Trump to use to convey compassion, which to show strength and, in the case of a photo of the president pointing into the camera, when to let donors know they need to boost contributions.\n\nFour years ago, Mr. Trump launched a first presidential bid that flouted presidential electioneering norms. His re-election campaign is looking a lot more conventional. It revolves around corporate tactics such as branding and merchandising, a direct-marketing push that relies on collecting supporters’ cellphone numbers and a data-mining operation involving a yet-to-be-released smartphone app.\n\nThat is the kind of planning, predictability and attention to detail the president eschewed last time around, when his more impromptu and instinctual approach turned him into a political phenomenon and a cultural lightning rod. The challenge for his re-election operation will be reaping benefits from a more professional approach without damping enthusiasm among his supporters or interfering with the kind of seat-of-the-pants campaigning that has proven effective in the past.\n\nSizing Up Trump's campaign has raised far more money than his 2016 campaign had at this point four years ago. 2020 Re-election campaign * 2016 Election campaign as of June 2015 Contributions $92K (2016) Self- funding $165.5 million (2020) $1.8M Cash on hand $488K $48.9 M Money spent $1.4M Online advertising $99.5 million $8.9M\n\nThe way his top campaign advisers see it, the key for his re-election is to push supporters to the polls, not to boost his approval rating or persuade skeptics. The campaign has plans to reach out to skeptical independents and Democrats, but advisers acknowledge those persuasion efforts are difficult with the president’s approval stuck below 50% in key states.\n\nMr. Trump continues to attack Joe Biden, the current front-runner for the Democratic nomination, to the chagrin of several advisers, who have preferred not to give any publicity to potential rivals. Some close to the campaign have suggested options to keep Mr. Trump away from Twitter when Democratic debates start, to avoid any running commentary.\n\nThe campaign aims to build a political infrastructure that can operate regardless of what Mr. Trump says on stage or on social media. Mr. Trump’s Twitter feed is spoken of as his own brand, separate from the campaign.\n\nAdvertisement\n\nDemocrats are taking the president’s campaign very seriously, said Adrienne Watson , a spokeswoman for the Democratic National Committee. “Congratulations to the president for having a functioning campaign this time,” she said, adding that Democrats plan to question his record on helping working-class Americans and lowering drug prices.\n\nFour years ago, Mr. Trump’s campaign aides were shoehorned into an unused corner of Trump Tower, where drywall was never hung on some wood-framed walls and the few low-level aides on the payroll were crammed into offices so tight their knees touched. Aides used their own computers and cellphones for campaign business.\n\nInside President Trump's re-election campaign office in Arlington, Va., where senior staffers and party officials work in space leased by the Republican National Committee. Photo: Greg Kahn/GRAIN for The Wall Street Journal\n\nNow, dozens of staffers are spread out across a central campaign office that occupies the 14th floor of an Arlington, Va., office building, where conference rooms overlook the Potomac River. Some advisers say they hope Mr. Trump never visits the sprawling campaign office, worried he will disapprove of the size of the operation.\n\n“It’s very Trumpian to be understaffed, underfunded and underestimated as an underdog,” said Kellyanne Conway , who was Mr. Trump’s final campaign manager in 2016 and is now a counselor in the White House.\n\nAlthough the president and his family have signed off on plans to make corporate branding and digital marketing the axis of the re-election campaign, Mr. Trump’s closest allies say he could change his mind in a moment’s notice. The president sees his penchant for going off-message as a way to keep supporters excited and his rivals off-balance.\n\nAdvertisement\n\nShare Your Thoughts Should the Trump 2020 re-election campaign “let Trump be Trump”? Join the conversation below.\n\nThe campaign’s relationship with the Republican National Committee, so far, appears seamless, a far cry from the mutual distrust and skepticism that characterized the partnership in 2016. The RNC leases the Arlington office space for both campaign and party staffers, and there is a bundling program for donors, which largely didn’t exist during the first campaign.\n\nThe campaign will have help from nine regional political directors and, so far, 13 state directors that have been hired by the RNC. Plans for the campaign’s Latino coalition—the men and women who will tailor the president’s message for Hispanic voters—was described by one campaign official as “bigger than our presidential campaign staff in 2015.”\n\nFour years ago, Mr. Trump often pitted campaign aides against one another, encouraging internal rivalries. Now, Brad Parscale , a Kansas-born businessman who was the Trump campaign’s digital-media director in 2016, sits atop a 50-person operation with a traditional chain of command. An organizational chart delineates specific roles for staffers and allows little opportunity to freelance.\n\nAdvertisement\n\nCampaign manager Brad Parscale, center, sits atop a 50-person operation with a traditional chain of command. Photo: Evan Vucci/Associated Press\n\nMr. Parscale is running his first political campaign after two decades of web design and digital marketing. He has close relationships with the president and his family. Eric Trump , who was closely involved in spending decisions in 2016, had initially hired Mr. Parscale to do work for the family business, and Jared Kushner , the president’s son-in-law and White House adviser, remains involved in major campaign decisions.\n\nNewsletter Sign-up WSJ Politics & Policy Scoops, analysis and insights driving Washington from the WSJ's D.C. bureau. Preview Subscribed\n\nMr. Trump has been focusing lately on which surrogates will speak on his behalf during the campaign rollout, and whether or not Facebook and Twitter are suppressing conservative news and viewpoints, according to advisers outside the campaign.\n\nHe also has been asking his aides repeatedly about his chances in Minnesota, telling his team that he could have overcome his narrow losing margin of 1.5 percentage points in 2016 if he had just one more rally in the state. The campaign’s advisers want to focus more on the states where they had the narrowest margin of victory in 2016: Florida, Wisconsin, Michigan and Pennsylvania.\n\nMr. Trump is kept abreast of every major campaign decision to make sure he is on board, campaign aides say. Few moves are made without a signoff from Mr. Kushner.\n\nAdvertisement\n\nMr. Parscale is a frequent visitor to the White House and often accompanies the president on Air Force One, where Mr. Trump is briefed on the latest polling data and asked to make decisions on campaign issues such as strategies for Democratic debate nights and whether the slogan should be “Make American Great Again” or “Keep America Great.” (The answer: The campaign will use both.)\n\nJared Kushner, the president’s son-in-law and White House adviser, is involved in major campaign decisions. Photo: brendan smialowski/Agence France-Presse/Getty Images\n\nAlthough Mr. Parscale thus far has encountered little serious resistance to his authority, the re-election campaign hasn’t been drama-free. David Bossie , a deputy campaign manager in 2016, drew the ire of the president last month after a report that a political-fundraising group he heads used his connections to the White House to raise money.\n\nMr. Trump initially wanted the RNC to publicly rebuke Mr. Bossie, an RNC committeeman from Maryland, but settled for a statement from the campaign that didn’t name Mr. Bossie but made it clear that he has been sidelined, according to people familiar with the conversations.\n\nThe campaign holds Wednesday conference calls, led by Mr. Parscale, that include 2016 campaign advisers from Pennsylvania, Ohio and Florida—states crucial to Mr. Trump’s re-election. Also on the calls are Mr. Trump’s oldest son, Donald Jr., former 2016 campaign manager Corey Lewandowski , senior adviser Katrina Pierson and Charlie Kirk , a 25-year-old conservative activist.\n\nAdvertisement\n\nMr. Parscale has said his only major blowup with Mr. Trump came in 2016, in the final weeks of the campaign. Mr. Trump expressed surprise at how much was being spent on digital marketing, much of it passing through Mr. Parscale’s companies. Mr. Trump accused his aide of getting rich off the campaign, according to those who witnessed the exchange. Mr. Parscale responded that reaching voters through Facebook—instead of television—was his best chance to win.\n\nNow, Mr. Parscale is overseeing spending of roughly $2 million a month for what he calls “prospecting.” In the business world, that refers to identifying prospective customers, the first step in the sales process. Mr. Parscale uses the word to refer to accumulating the phones numbers of Trump supporters.\n\nDozens of staffers are spread out across a campaign office that occupies the 14th floor of an Arlington, Va., office building. Photo: Greg Kahn/GRAIN for The Wall Street Journal\n\nTo drive voters to the polls, the campaign has been focusing to a greater degree than in 2016 on expanding its list of voter contacts, collecting that information in part through the president’s campaign rallies.\n\nAt the end of the 2016 campaign, the campaign had about 10 million voters on its list. Today it has more than 33 million, or about half of the number of Americans who voted for Mr. Trump in 2016. Mr. Parscale expects to have 50 million, or possibly more, by Election Day. Those phone numbers enable the campaign to reach supporters immediately, without having to buy TV ads or rely on the news media.\n\nMr. Parscale is building a phone app that will allow supporters to communicate with the campaign. It also will offer them a way to enter campaign rallies, whose lines often snake around the block, as VIPs, and help put the Trump team in contact with friends who might back the president.\n\nAdvertisement\n\n“It’s a potential way to get around the Palo Alto mafia,” Mr. Parscale said, referring to social-media companies that the president has accused of being biased against him.\n\nThe president’s fixation on social-media algorithms doesn’t mean the campaign won’t also rely heavily on those platforms. The Trump campaign has spent more than $4 million on Facebook ads in the last six months, according to Facebook’s ad tracker.\n\nDemocratic strategists have looked at the Trump campaign’s digital marketing approach with envy—and alarm. Facebook data analyzed by Bully Pulpit Interactive, a digital firm that worked for the Obama and Clinton campaigns, show that during the current election cycle Mr. Trump has outspent Democratic candidates in key battleground states.\n\nOne question was whether the slogan should be ‘Make American Great Again’ or ‘Keep America Great.’ The campaign decided to use both. Photo: Sean Rayford/Getty Images\n\nWhile most of the Democratic digital ads are aimed at fundraising, Mr. Trump is talking to voters about immigration and tariff policies and producing online content that features people praising him for his hard work. Democrats, meanwhile, are focused on differentiating themselves from one another.\n\n“The playbook of the Democratic candidates has us starting late to communicate a general-election message, especially online,” said Ben Coffey Clark , a founding partner at Bully Pulpit. “Because the Trump campaign has already been communicating with voters in swing states, the framework of this election is being set mostly by Trump.”\n\nMr. Parscale said getting the marketing right is essential, and that he has pushed to infuse corporate strategies into the campaign. “I have based many of my corporate years on Apple marketing strategies,” he said. “They have done a ton to revolutionize marketing.”\n\nDuring the 2016 presidential election, the Trump campaign cycled through three leadership teams. Three years later, one former campaign chairman, Paul Manafort , is in prison. Steve Bannon , the campaign’s former chief executive, has been exiled from Mr. Trump’s orbit. And Mr. Lewandowski, the first campaign manager, is a political consultant in Washington\n\nMr. Parscale, who was named campaign manager in February 2018, has already lasted longer than any of them.\n\nWrite to Michael C. Bender at Mike.Bender@wsj.com, Rebecca Ballhaus at Rebecca.Ballhaus@wsj.com and Alex Leary at alex.leary@wsj.com",
    "published": "2019-06-15"
  },
  {
    "source": "WSJ",
    "title": "China’s Economy Shows Fresh Signs of Weakness",
    "summary": "Lost momentum reflects battered sentiment stemming from the Trump administration’s tariffs on Chinese exports",
    "link": "https://www.wsj.com/articles/chinas-economy-shows-fresh-signs-of-weakness-11560512903?mod=Searchresults_pos2&page=70",
    "content": "SHANGHAI—Chinese economic data on industrial output and investment published Friday added to evidence of a slowdown that some economists said risks breaching the government’s 6% bottom line for growth, unless there is more stimulus.\n\nThe data for May included two key pieces of Chinese gross domestic product: value-added industrial production, which rose 5.0% from a year earlier, and fixed-asset investment, up 5.6% during the first five months of the year. Both increases were slower than prior-month reports from the National Bureau of Statistics. Beijing has targeted GDP growth this year between 6.0% and 6.5%—either would be the slowest in a quarter-century.\n\nThe factory output number, the weakest since 1992, follows disappointing trade data published this week showing exports nearly flat and imports falling 8.5% in May. Loan expansion in the period lagged every other month this year.\n\nLost momentum for the world’s No. 2 economy reflects battered sentiment stemming from the Trump administration’s tariffs on Chinese exports and its efforts to contain the country’s technology sector. The U.S. pressure on trade exacerbates weakness associated with Beijing’s efforts until recently to cool economic activity to better control debt.\n\n“It seems like all of China’s economic drivers are losing steam, from exports to property,” said Larry Hu , an economist at Macquarie Group in Hong Kong. “What’s a thorny issue for policy makers now is that their previous stimulus measures have failed to lift infrastructure investment, while at the same time its crucial property market is cooling.”\n\nHome sales rose 8.9% in the first five months of 2019 from the same period last year, the government said Friday, compared with 10.6% in the first four months. Investment in commercial and residential real estate, meanwhile, recorded 11.2% growth in the first five months against 11.9% during the January-April span. Construction starts increased 10.5% in the first five months, likewise slower than four-month figure of 13.1%.\n\nIt was a more hopeful story with consumer consumption in May as retail sales bounced from a more than 16-year low in April to 8.6%. But analysts aren’t betting that Chinese consumers will arrest the slowdown, and instead expect the government to build more infrastructure.\n\nJust this week, Beijing made it easier for municipalities to use the proceeds of bonds they issue to fund public works. After Friday’s data releases, the People’s Bank of China signaled a fresh effort to ease a credit crunch hitting private businesses by giving smaller banks new access to liquidity.\n\nChina’s leadership and the country’s state-run media have dismissed concerns about the country’s recent economic performance stemming from U.S. trade tensions. On Thursday, Vice Premier Liu He said the government has “ample tools” to support the economy. And speaking on a conference panel on Friday, China’s recently retired central bank governor, Zhou Xiaochuan , said it is likely authorities will lower the yuan’s value if the trade fight with the U.S. continues, a move that might support exports by making them cheaper in other countries.\n\n“China will have to introduce more fiscal stimulus to ensure it can reach the 6% bottom line of growth target this year,” said Iris Pang , an economist with ING Bank NV In March, the National People’s Congress approved a 2 trillion yuan ($288.95 billion) stimulus package that included tax and fee reductions that briefly appeared to improve business confidence.\n\nAfter first quarterly growth figures including a 6.4% rise in GDP reported in April suggested the economy was holdings its own, several economic forecasters lifted their predictions for China’s economic performance in 2019, though still within the range set by Beijing.\n\nAmong the firms initially confident growth would be underpinned were economists at Australia and New Zealand Banking Group Ltd.\n\nBut on Friday, ANZ cut its 2019 forecast to 6.2%, from 6.4%, saying in a note that, “The economic data coming out of China over the past two months have not lived up to our expectations.” Betty Wang , an economist at ANZ explained that there was less infrastructure building than expected while the struggling car industry has recently dragged down industrial production.\n\nBeijing has orchestrated heavy debt-funded spending on infrastructure to spur economic growth in the past, but there are risks to the strategy that will likely deter the government from repeating it, said Lu Zhengwei , an economist at Industrial Bank in Shanghai.\n\n“The second quarter will be the bottom of the year, then things will be better,” said Mr. Lu. He said growth for the second quarter is likely to be around 6.3%, and targets 6.4% growth in the two final quarters of this year.\n\nLiyan Qi and Grace Zhu in Beijing contributed to this article.\n\nWrite to James T. Areddy at james.areddy@wsj.com\n\nCorrections & Amplifications\n\nLiu He is a vice premier in China. An earlier version of this article incorrectly referred to him as premier. (June 14, 2019)",
    "published": "2019-06-15"
  },
  {
    "source": "WSJ",
    "title": "Hong Kong’s Clout as a Global Financial Center Clouded by Uncertainty",
    "summary": "Extradition bill controversy has prompted more wealthy Chinese in Hong Kong to consider moving money to places like Singapore",
    "link": "https://www.wsj.com/articles/hong-kongs-clout-as-a-global-financial-center-clouded-by-uncertainty-11560504645?mod=Searchresults_pos5&page=76",
    "content": "The controversial prospect of extraditions from Hong Kong to mainland China has thrown fresh doubt on the city’s status as a global financial hub.\n\nA bill that would allow alleged criminals to be extradited to China has sparked the biggest public unrest in years. Aside from the short-term disruption, some in Hong Kong say the bill poses legal risks for employees, who for now are protected by the autonomy Hong Kong enjoys under a framework with China dubbed “one country, two systems.”\n\n“Once the legal firewall between the ‘two systems’ is breached, there is no going back,” said David Webb , an outspoken private investor and corporate-governance advocate in Hong Kong. “This law would deter talented professionals from moving here to build their careers.”\n\nHong Kong has long been an outpost of free trade, reliable courts and freedom of expression, and bills itself as “Asia’s World City.” Since China regained sovereignty in 1997, the city has functioned as a semiautonomous region with a Western-style legal system. A key selling point: connecting foreign investors to what was at first a largely closed mainland economy.\n\nBut China’s influence has grown quickly, as its economy has mushroomed in size. Mainland companies have grown to dominate Hong Kong’s stock market, and banks have scaled up their onshore loan books.\n\nThe concern for years, investors say, has been whether Chinese pressure on Hong Kong would scare off investment and prompt a talent drain from the city. The latest demonstrations come nearly five years after the 2014 pro-democracy protests that blocked streets in part of the city’s center for months.\n\nHong Kong lawmakers postponed debate on a contentious extradition law, and gave no indication when the legislature would resume.\n\nOn Friday, there were signs that the government could soften its approach, with some members of Chief Executive Carrie Lam ’s cabinet saying publicly the impasse needed to be addressed.\n\n“The government should consider all options to avoid further bloodshed on the streets,” said Ronny Tong, a member of the cabinet, which is known as the executive council. He added he had advised the government to de-escalate the situation.\n\nMark Williams, chief Asia economist at Capital Economics, said the extradition law could hurt international firms with employees visiting or working in Hong Kong, especially as U.S.-Chinese relations deteriorate. “The outcome could be a drain of multinationals to other cities in Asia, with Singapore the most likely beneficiary,” he said.\n\nAnalyst Gillem Tulloch of GMT Research Ltd. said he is considering moving his four-person firm out of Hong Kong, perhaps to Singapore or the U.K.\n\n“It is getting increasingly difficult to write critical research on Chinese companies in Hong Kong,” he said. GMT is an accounting research firm that identifies suspicious activity among Asian companies, many of which are listed in either Hong Kong or mainland China. He said worries about China abusing the extradition law added to his concerns about employees’ safety when visiting the mainland, and Hong Kong regulators’ attitudes toward skeptical research.\n\nSimilarly, Mr. Webb, the private investor, said the bill, if passed, would have “a chilling effect on criticism by analysts of mainland companies and government policies.”\n\nEven for Chinese investors, the city has lost some of its edge. Since last September, mainland authorities have been able to collect information from Hong Kong about the assets and income of Chinese residents in the city. Recent legal changes also allow them to levy taxes on rich residents’ global income.\n\nThe extradition controversy has prompted more wealthy Chinese in Hong Kong to consider moving money to places like Singapore, which are more insulated from Beijing, mainland businesspeople in the city say, referring to conversations they have had with friends and contacts.\n\nMr. Webb said private bankers could be accused of money laundering for mainland clients and could face extradition. More broadly, a few private banks say clients have decided to move money out of Hong Kong in response to the recent turmoil, said one person in the private banking industry.\n\nHong Kong still ranks third in consulting firm Z-Yen’s Global Financial Centers Index, behind New York and London. But it is now closely followed by Shanghai and Tokyo, cities that once lagged well behind it. The index is based on measures such as political stability, infrastructure, market liquidity and the availability of capital.\n\nIn the extreme, Hong Kong could suffer if the U.S. were to stop treating it differently from mainland China, under a law that dates to 1992. That would mean treating Hong Kong in the same way as China for the purposes of customs, tariffs and restrictions on technology transfers. That would cut the large trade volumes that pass through the city, dealing a serious blow to the economy, and hitting everyone from shipping firms to lawyers and lenders financing that trade.\n\nJoin the Conversation What are the implications of tightening freedoms on Hong Kong’s position as an international finance center? Join the conversation below.\n\nHouse Speaker Nancy Pelosi (D., Calif.) said this week that if the extradition law passes, Congress would have to reassess whether Hong Kong remained sufficiently autonomous. A bipartisan bill led by Sen. Marco Rubio (R., Fla.), proposed as an amendment to the original U.S.-Hong Kong Policy Act, would penalize officials that “suppress fundamental freedoms” in the city.\n\nAnalysts at CLSA said passage of the extradition bill could be “the tipping point” in U.S.-Hong Kong relations, and that a loss of confidence could prompt a withdrawal of foreign investment in Hong Kong businesses and assets.\n\nThere are about 85,000 U.S. citizens and roughly 1,300 U.S. firms in Hong Kong—of which 300 base their Asian regional operations in the city, according to a May report from the U.S.-China Economic and Security Review Commission.\n\nOne hedge-fund manager in Hong Kong described the situation as “a boiling frog problem.” He said the latest developments were problematic, but not enough for him to move his firm.\n\nStella Yifan Xie, Phred Dvorak and Natasha Khan contributed to this article.\n\nCorrections & Amplifications\n\nA chart accompanying this story shows Hong Kong banks’ exposure to various countries in Hong Kong dollars. An earlier version of this chart incorrectly used U.S. dollars.(6/14/2019)\n\nWrite to Steven Russolillo at steven.russolillo@wsj.com and Mike Bird at Mike.Bird@wsj.com",
    "published": "2019-06-15"
  },
  {
    "source": "WSJ",
    "title": "Mexico Releases Terms of Migration Deal With Trump",
    "summary": "Under agreement signed to avoid punitive U.S. tariffs, Mexico is responsible for stemming flow",
    "link": "https://www.wsj.com/articles/mexicos-releases-terms-of-migration-deal-with-trump-11560566904?mod=Searchresults_pos11&page=27",
    "content": "MEXICO CITY—Mexico released the side agreement made with the U.S. that outlines additional measures it would take if it fails to stem a surge in migration from Central America to the U.S., including becoming a “safe third country.”\n\nThe supplementary agreement signed June 7 between the two countries shows that Mexico will require migrants fleeing their homelands through Mexico to seek asylum there. Mexico agreed to examine domestic laws and regulations to identify necessary changes to implement the side agreement.\n\nThe provisions included in the side agreement released Friday call for “burden-sharing and the assignment of responsibility for processing refugee claims” from migrants, part of a regional approach to tackling a rise in Central American migration to the U.S.\n\nMexico has long opposed any calls to designate itself as a “safe third country,” saying it lacks the necessary resources.\n\nForeign Minister Marcelo Ebrard , who led Mexico’s negotiating team, said early this week that Mexico would discuss U.S. demands that refugees setting foot in its territory request asylum in Mexico, but he didn’t make it clear Mexico had already agreed to those demands.\n\nLoading tweet...\n\nThe supplementary agreement shows that the “safe third country” designation is a key element of the deal that averted a threat of punitive U.S. tariffs on Mexican imports. Its disclosure came after President Trump tweeted Monday that the two countries had “fully signed and documented another very important part of the Immigration and Security deal with Mexico” that would require a vote by Mexican lawmakers.\n\nUnder the terms of the side agreement, if the U.S. determines “at its discretion and after consultation with Mexico” after 45 days that the measures adopted by Mexico haven't sufficiently achieved results in addressing the flow of migrants to the U.S. southern border, “Mexico will take all necessary steps under domestic law to bring the agreement into force.”\n\nMr. Ebrard has said he expects the measures the government is taking to curb the flow of migrants, including the deployment of the newly formed National Guard to Mexico’s border with Guatemala, will be successful.\n\nMexico is seeking a multilateral solution to the migration crisis and is asking other governments and agencies to be involved, according to Mr. Ebrard\n\n“This isn’t just a Mexican issue, not just an issue for El Salvador, Guatemala, Honduras, it’s one of the biggest migration flows in the world,” he said on Friday.\n\nHe said Mexico will begin working next week with several U.N. agencies, including Unicef, the refugee agency and the International Organization for Migration.\n\nEarlier on Friday, the head of Mexico’s migration agency tendered his resignation. The government said that Tonatiuh Guillén will be replaced by the country’s prisons director, as the administration of President Andrés Manuel López Obrador steps up enforcement at Mexico’s border with Guatemala to curb illegal migration.\n\nMr. López Obrador told reporters Friday that he requested Mr. Guillén’s departure as Mr. Ebrard takes the helm of the new migration policy.\n\nA Mexican delegation arrived in Washington for meetings with U.S. officials to discuss immigration after President Trump threatened escalated tariffs on all Mexican imports unless it does more to stem the flow of migrants. WSJ's Louise Radnofsky looks at what's at stake for each side. Photo: Reuters\n\nWrite to Santiago Pérez at santiago.perez@wsj.com",
    "published": "2019-06-15"
  },
  {
    "source": "WSJ",
    "title": "Justice Memo Backs Mnuchin on Trump Tax Returns",
    "summary": "The Treasury secretary had refused to turn the returns over to the House Ways and Means Committee",
    "link": "https://www.wsj.com/articles/justice-memo-backs-mnuchin-on-trump-tax-returns-11560546364?mod=Searchresults_pos13&page=17",
    "content": "In a 33-page opinion, the Office of Legal Counsel wrote that Treasury Secretary Steven Mnuchin, left, could conclude the Democrats’ request was really designed to make the tax returns of President Trump, right, public.\n\nWASHINGTON—The Justice Department backed Treasury Secretary Steven Mnuchin ’s refusal to turn over President Trump’s tax returns to the House Ways and Means Committee.\n\nIn a 33-page opinion released late Friday, the Office of Legal Counsel wrote that Mr. Mnuchin reasonably concluded that he couldn’t satisfy the request from Rep. Richard Neal (D., Mass), the committee chairman. The memo argues that the request was really designed to make the returns public, not to oversee the performance of the Internal Revenue Service.\n\n“Treasury acts as part of a politically accountable branch with a constitutional duty to resist legislative intrusions upon executive power and therefore does not act under the same institutional constraints as the Judiciary,” said the memo from Assistant Attorney General Steven Engel . “Here, because the Committee lacked a legitimate legislative purpose, its request did not qualify for the statutory exception to taxpayer confidentiality, and the law required Treasury to deny that request.”\n\nThe Office of Legal Counsel, which is run by Mr. Engel, a Trump appointee, offers advice to the executive branch, but its guidance doesn’t carry the force of law.\n\nThe release follows Mr. Mnuchin’s promise weeks ago that the Justice Department memo would be released as soon as possible.\n\nHouse Democrats and the Treasury Department have been tussling for months over the president’s tax returns, and the dispute appears headed for federal court.\n\nUnder the tax code, returns are private, and government officials face prosecution if they release them. But under the same law, the Ways and Means Committee chairman can request and review any taxpayer’s returns. It would take a separate committee vote to make any returns or information from them public. In April, Mr. Neal sought six years of Mr. Trump’s tax returns and audit records, first by request and then by subpoena.\n\nMr. Mnuchin has refused, arguing that the request was unprecedented and outside the scope of congressional authority. Mr. Neal hasn’t yet filed a lawsuit seeking to enforce the statute or his subpoena.\n\nUnder Supreme Court precedents, Congress can’t expose personal information just to do so and needs a legitimate legislative purpose for its inquiries.\n\nMr. Neal and House Democrats have said they have such a purpose—overseeing how well the IRS audits the president who oversees the tax agency. They argue that they are well within their constitutional authority and note that the statute requires Mr. Mnuchin to comply.\n\nRep. Don Beyer (D., Va.), a member of the Ways and Means Commitee, reiterated this stance on Friday after the Justice Department released its memo.\n\n“The statute pointedly does not require that Congress have a legislative purpose to request individual tax returns, but the one given by Chairman Neal is unquestionably legitimate,” Mr. Beyer said.\n\nPresidents are subject to mandatory audits under an IRS procedure, and Mr. Trump has used the existence of audits, both before and after he became president, to refuse to release his tax returns.\n\nIn the memo, the Justice Department’s lawyers point to years of statements from House Democrats about how they want to see the president’s tax returns and make them public.\n\n“No one could reasonably believe that the Committee seeks six years of President Trump’s tax returns because of a newly discovered interest in legislating on the presidential-audit process,” they wrote. “The Committee’s request reflects the next assay in a long-standing political battle over the President’s tax returns.”\n\nWrite to Richard Rubin at richard.rubin@wsj.com",
    "published": "2019-06-15"
  }
]