[
  {
    "source": "WSJ",
    "title": "U.S. Trade Gap Widened in May Despite Tariff Moves",
    "summary": "Trade deficit in goods and services jumped 8.4% in May from a month earlier",
    "link": "https://www.wsj.com/articles/u-s-trade-gap-widened-sharply-in-may-11562157465?mod=Searchresults_pos11&page=5",
    "content": "Semi-trucks crossing the border into the U.S. from Juarez, Mexico, in May.\n\nWASHINGTON—The U.S. trade gap widened sharply in May despite a new round of tariffs on Chinese goods that took effect in the first half of the month.\n\nThe trade deficit in goods and services jumped 8.4% in May from a month earlier to a seasonally adjusted $55.52 billion in May, the Commerce Department said Wednesday. The gap widened because of the biggest monthly rise in imports in more than four years along with moderate growth in exports amid a cooling global economy.\n\nThe monthly trade figures provide a window into how U.S. trade is affecting the economy. Sarah House, a senior economist at Wells Fargo, said that a bigger trade deficit appears likely to shave around half a percentage point off economic growth in the second quarter after adding almost twice that much in the first.\n\nRegarding U.S. trade with China, the bilateral goods deficit widened in May by 12% from the prior month to $30.2 billion, as both imports and exports rose sharply.\n\nPresident Trump raised tariffs on $200 billion worth of Chinese goods to 25% from 10% on May 10. Beijing retaliated by increasing levies on $60 billion of U.S. imports. Analysts didn’t expect the tariff moves to have a major impact on the May figures because the moves were unexpected and came midway through the month, giving companies little time to react.\n\nThe trade dispute between the world’s two largest economies has yet to be resolved. Though negotiations between Mr. Trump and his Chinese counterpart resumed last month, companies saw the latest round of tariff increases as a sign that trade tensions between the countries are likely to simmer, and executives are scrambling to contain the impact.\n\nWednesday’s numbers increase the likelihood that foreign trade will drag on broader U.S. economic growth in the second quarter. Capital Economics said it expects gross domestic product growth in the second quarter to come in around 1.5% in annual terms, down from 3.1% in the first quarter.\n\nTrade deficits subtract from GDP, and economists say a narrowing gap in the first quarter made growth appear better than underlying trends in U.S. investment and consumer spending implied.\n\nMs. House, of Wells Fargo, said the economy is “still relatively strong compared to what’s happening in the broader global economy,” a factor driving imports and the trade deficit.\n\nHow the trade balance performs going forward, she said, will in part depend on when Boeing Co. is able to resume exports of its best-selling 737 MAX aircraft, which has been grounded since March due to safety questions. Civilian-aircraft exports rose in May from April but were down 12% in the first five months of 2019 compared with a year earlier. Many economists expect aircraft shipments to decline further in the months ahead.\n\nImports rose 3.3% in May from April, the fastest monthly growth since March 2015, to $266.16 billion, the Commerce Department said Wednesday. The increase was led by a 7.5% rise in automotive imports, to a record $33.23 billion, as well as an 11% jump in crude-oil imports, to $13.02 billion.\n\nAs part of President Trump’s efforts to rebalance trade relationships, he has imposed tariffs on almost every country around the world. WSJ’s Josh Zumbrun explains where we stand with our largest trading partners. Photo composite: Laura Kammerman\n\nExports, meanwhile, increased 2% to $210.64 billion, the biggest monthly increase in a year. Outbound shipments were boosted by a 41% jump in exports of soybeans, which have been volatile in the past year after being targeted by China for retaliatory tariffs.\n\nExports of industrial supplies declined slightly, likely reflecting a slowdown in manufacturing in Europe and much of Asia. Capital-goods exports rose 3% thanks to strong growth in civilian aircraft and telecommunications equipment, while exports of consumer goods increased 4.7% in May from April.\n\n“We’re in constant communication with our manufacturing partners discussing strategies for offsetting impacts to these tariffs with alternate specifications and locations of manufacturing,” said Jonathan Jaffe, president of home builder Lennar Corp., in a conference call last month. He noted that the cost of the China tariffs amounts to about $500 per newly constructed home.\n\nWrite to Paul Kiernan at paul.kiernan@wsj.com",
    "published": "2019-07-03"
  },
  {
    "source": "WSJ",
    "title": "Dow Industrials Close at Record High",
    "summary": "The 30-stock index notches its highest close ever and its first record since October",
    "link": "https://www.wsj.com/articles/european-stocks-shrug-off-asian-losses-to-rise-11562140918?mod=Searchresults_pos10&page=72",
    "content": "The Dow Jones Industrial Average closed at a record on Wednesday, its first new high in nine months, as the index notched its fourth straight session of gains.\n\nThe Dow industrials climbed more than 170 points during a shortened trading session ahead of Thursday’s Independence Day holiday, putting it above its previous October milestone. The Dow was the last of the three major indexes to notch a record this year, as trade tensions, concerns of slowing economic growth and problems among individual companies such as Boeing and 3M weighed on its performance in recent months.\n\nLast weekend's trade truce spurred the latest leg of the Dow's recovery after the U.S. and China reached a pact that eased investors’ fears of an all-out trade war between the world’s two biggest economies. But the cease-fire only put additional tariffs on hold indefinitely, leaving investors concerned that lingering frictions could give way to another flare-up in trade tensions and market volatility.\n\nTraders work on the floor of the New York Stock Exchange on July 3. Photo: Drew Angerer/Getty Images\n\nEyes are now turned to the Federal Reserve and whether it will cut interest rates this year—a move that would support further stock gains, analysts said.\n\nThe yield on the benchmark U.S. Treasury 10-year note has fallen to multiyear lows as investors have priced in Fed rate cuts. The yield was recently at 1.953%, down from 2.684% at the end of last year.\n\nInvestors largely expect the central bank to slash rates at one of its coming meetings, according to CME Group data. Weakening economic figures, including slowing U.S. factory activity and a pullback in hiring activity, help support such a move, as do trade tensions, analysts said. Although it remains unclear if the trade truce will affect the Fed’s decision, money managers say the June jobs report, due Friday after the holiday, will also factor into the central bank’s thinking.\n\n“If the data is such that the central bank doesn’t need to move aggressively, investors will likely be disappointed,” said Jim Baird, chief investment officer at Plante Moran Financial Advisors. “Any hint that the Fed may not cut rates will be a catalyst for more volatility.”\n\nOn Wednesday, shares of McDonald’s led the Dow industrials higher, followed by Procter & Gamble and Johnson & Johnson, helping lift the index 179.32 points, or 0.7%, to 26966. That tops its previous record of 26828.39, set Oct. 3.\n\nThe Dow had previously topped that mark in intraday trading last month and again Monday, but it fell back below the record before markets closed. Altogether, the Dow took 188 trading sessions to reach its latest record, its longest drought since the 290-session stretch from May 2015 through July 2016.\n\nSeveral Dow heavyweights struggled through the first half of the year, holding the index back, while broader market gains pushed the S&P 500 and Nasdaq higher. Among the biggest drags on the price-weighted Dow last quarter were shares of 3M, which reported a big sales miss in April, and aerospace giant Boeing, which stumbled amid issues with its 737 MAX line of jets.\n\nThe S&P 500 and Nasdaq clinched their first records of the year in April. The benchmarks have hit several more since then, including on Wednesday.\n\nA Tesla Model 3 at the Seoul Motor Show. The company said it delivered a record 95,200 vehicles in its latest quarter. Photo: jung yeon-je/Agence France-Presse/Getty Images\n\nThe S&P 500 added 22.81 points, or 0.8%, to 2995.82, notching its eighth milestone of the year, while the Nasdaq rose 61.14 points, or 0.8%, to 8170.23, its fifth record this year.\n\nShares of Symantec led the S&P 500 higher, gaining $3, or 14%, to $25.10, its biggest gain in nearly 18 years, after reports it had drawn takeover interest from Broadcom, which declined $10.44, or 3.5%, to $284.89. Real-estate and consumer-staple stocks, meanwhile, notched the biggest gains, rising 1.5% and 1.4%, respectively, while shares of utilities added 0.8%.\n\nTesla rose $10.35, or 4.6%, to $234.90 after the car maker said Tuesday it had delivered a record 95,200 vehicles in its latest quarter. Its shares remain down 29% for the year.\n\nElsewhere, the Stoxx Europe 600 added 0.9%, its fifth consecutive gain, as shares of travel companies and food and beverage firms pushed the pan-European benchmark higher.\n\nAsian stock markets, meanwhile, fell. South Korea’s Kospi declined 1.2% after the country lowered growth and inflation forecasts, while the Shanghai Composite and Hong Kong’s Hang Seng shed 0.9% and 0.1%, respectively.\n\nWrite to Michael Wursthorn at Michael.Wursthorn@wsj.com",
    "published": "2019-07-03"
  },
  {
    "source": "WSJ",
    "title": "EU Leadership Nominees Share Tough Stances on Tech, Trade",
    "summary": "European Commission President nominee Ursula von der Leyen and her expected deputy Margrethe Vestager favor greater regulation of companies like Google and Facebook",
    "link": "https://www.wsj.com/articles/eu-leadership-nominees-share-tough-stances-on-tech-trade-11562179525?mod=Searchresults_pos13&page=72",
    "content": "German Defense Minister Ursula von der Leyen has been nominated by EU leaders to be the European Commission’s next president.\n\nBRUSSELS—The proposed new leaders of the European Union include strong trans-Atlanticists who nonetheless are expected to pursue a tough stance on U.S. tech firms and staunchly defend the bloc’s interests in trade talks with Washington.\n\nAfter days of torturous negotiations, EU leaders on Tuesday picked women to occupy two of the four most powerful posts in the bloc’s institutions.\n\nGerman Defense Minister Ursula von der Leyen was nominated to succeed Jean-Claude Juncker as the first female president of the European Commission, the EU’s executive. Christine Lagarde , head of the International Monetary Fund, is scheduled to take over as head of the European Central Bank. The appointments still need official confirmation through votes in the European Parliament and, in Ms. Lagarde’s case, by EU leaders after consulting parliament and the ECB board.\n\nBoth are experienced politicians who have worked for years with top U.S. policy makers. “In terms of knowing how Washington works, both Lagarde and von der Leyen are safe pairs of hands,” said Constanze Stelzenmueller, a senior fellow with Brookings Institution, a Washington-based think tank.\n\nMr. Juncker negotiated a trade truce with President Trump last July after he threatened to levy tariffs on major European imports. Mr. Trump afterward praised the EU leader, saying the two had developed a personal bond.\n\nMargrethe Vestager, the antitrust commissioner who has fined U.S. tech companies, is expected to become a main deputy of Mrs. von der Leyen’s. Photo: yves herman/Reuters\n\nMrs. von der Leyen, 60, will have the tougher task of crafting a new trade deal with Mr. Trump. She has sided with Mr. Trump in the past as defense minister, pushing her country to increase military spending. But her plans were thwarted amid disagreements in Germany’s ruling coalition. She is also an advocate of increased European defense coordination, a move Washington has said smacks of European protectionism.\n\nIf confirmed by parliament in coming months, Mrs. von der Leyen will oversee ongoing antitrust investigations affecting U.S. tech companies. In a 2017 interview, she favored greater regulation of Amazon, Google, Facebook , Microsoft and Apple. “These companies store everything they know about us,” she said.\n\nOne of her main deputies, under the EU leaders’ deal, will be antitrust commissioner Margrethe Vestager , who incurred Mr. Trump’s wrath for the hefty fines she slapped on U.S. tech companies for alleged anticompetitive behavior. Mr. Trump has derided her as the “tax lady” who “hates the U.S.,” a charge she strongly rejects.\n\n“On the tax and on the competition side, if anything we will continue to have a tough policy or even a tougher approach,” said Guntram Wolff , director of Brussels-based think tank Bruegel.\n\nFluent in German, French and English, Mrs. von der Leyen is the scion of a patrician family of politicians and industrialists, born and schooled in Brussels when her father served there. She trained as a medical doctor and lived in California before entering politics as a member of Chancellor Angela Merkel ’s Christian Democratic Union. A mother of seven, she was the first female German defense minister, a portfolio she had held since 2013, and was once seen as potential successor to Ms. Merkel.\n\nHowever, Mrs. von der Leyen has been criticized for her excessive reliance on expensive external advisers and some observers say she lost the confidence of some in the military over her response to far-right tendencies among the troops. She accused the troops of failing to report far-right actions to superiors and ordered an investigation that resulted in the purge of historic items including portraits of German statesmen who were forced to serve in the Nazi army. Only 25% of Germans were satisfied with her work, according to a representative poll by Infratest Dimap for public broadcaster ARD published in February.\n\nBelgian Prime Minister Charles Michel, right, has been nominated to succeed Donald Tusk, left, as president of the European Council. Photo: Donatella Giagnori/Eidon Press/Zuma Press\n\nEU leaders on Tuesday also picked departing Belgian Prime Minister Charles Michel to become the next president of the European Council, a job that entails seeking consensus among the bloc’s 28 governments and will have as one of its biggest tasks managing Brexit.\n\nMr. Michel, like Mrs. von der Leyen, was an outspoken critic of the Brexit decision, and there is no indication the new team would be more flexible in setting softer terms for Britain’s exit from the bloc.\n\nEU leaders also selected Spanish Foreign Minister Josep Borrell as the bloc’s next foreign-policy chief. The 72-year-old Socialist is a veteran politician who was also president of the European Parliament over a decade ago. A Catalan, he has played a leading role in opposing the region’s independence push.\n\nMr. Borrell has been supportive of closer coordination on European foreign policy and defense and has lamented Europe’s inability to play a more significant role on the world stage.\n\nThe EU’s next foreign-policy chief is expected to be Spanish Foreign Minister Josep Borell, a Catalan who has played a leading role in opposing the region’s independence push. Photo: Paco Freire/SOPA Images/Zuma Press\n\nHe is unlikely to significantly break with key policies under the current foreign-policy chief, Federica Mogherini . Strongly supportive of the Iranian nuclear deal, he has criticized Mr. Trump’s moves to impose tough U.S. sanctions on Iran and Cuba.\n\nLike Ms. Mogherini, Mr. Borrell isn’t considered a hawk on Russia and in a recent interview with the European Council on Foreign Relations, a think tank, he described the country as an “awkward neighbor” rather than an intractable enemy.\n\nNonetheless, said Nathalie Tocci, director of Italy’s Institute of International Affairs, the EU’s sanctions policy on Russia is unlikely to change since he is likely to be “cautious not to ruffle East European feathers.”\n\nBojan Pancevski in Berlin contributed to this article.\n\nWrite to Valentina Pop at valentina.pop@wsj.com and Laurence Norman at laurence.norman@wsj.com",
    "published": "2019-07-03"
  },
  {
    "source": "WSJ",
    "title": "Budweiser Readies Year’s Biggest IPO, Tapping Asia’s Growing Thirst",
    "summary": "Budweiser Brewing Co. APAC could raise as much as $9.8 billion ahead of its listing in Hong Kong",
    "link": "https://www.wsj.com/articles/budweiser-asia-unit-cracks-open-2019s-biggest-ipo-11562051890?mod=Searchresults_pos17&page=72",
    "content": "Market-research firm Euromonitor sees China—where Budweiser is the third-largest beer brand—surpassing the U.S. as the world’s largest beer market by sales in 2021.\n\nThe Asia-Pacific unit of Anheuser-Busch InBev SA BUD 1.09 %increase; green up pointing triangle aims to raise as much as $9.8 billion in what could be the largest initial public offering so far this year and the biggest-ever listing of a food or drink company.\n\nBudweiser Brewing Co. APAC Ltd. on Tuesday started taking orders from investors for the IPO set to debut on the Hong Kong stock exchange on July 19 and value the business at up to $63.7 billion, according to a deal document reviewed by The Wall Street Journal.\n\nDrinking Up Funds Budweiser APAC’s IPO is set to be the largest in the food and beverage sector. Global top 10 food and beverage IPOs Budweiser APAC (2019) Kraft Foods (2001) Suntory Beverage & Food (2013) Interbrew (2000) WH Group (2014) Pepsi Bottling Group (1999) Goodman Fielder (2005) China Huishan Dairy (2013) Nabisco (1995) RHM Plc (2005) $9.8 billion 8.7 4.0 2.8 2.4 2.3 1.6 1.5 1.3 1.2\n\nThe listing will help parent AB InBev, the world’s largest brewer, reduce its huge debt pile and the unit—whose major markets are China, Australia, South Korea, India and Vietnam—make acquisitions in the region.\n\nThe robust pricing for the stock offering shows how investors are betting AB InBev’s big beer brands can keep growing in Asia, even as Budweiser and Bud Light volumes slow in North America. Many younger drinkers have switched from beer to spirits, or are eschewing alcohol altogether.\n\nGreat Fragmentation The beer market in the Asia-Pacific region is highly competitive, with the top three brewers accounting for less than half of the total market share. 100 % 80 Others 60 Carlsberg 40 Tsingtao Brewery AB InBev 20 China Resources Beer 0 2018\n\nAB InBev’s Asia business, which includes such brands as Budweiser, Stella Artois and Corona, made up about 18% of the company’s total volume for the first quarter. The unit’s revenue rose 8.6% to $8.46 billion last year.\n\nBudweiser is the third-largest beer brand in China by retail sales, according to Euromonitor. AB InBev also owns Chinese brand Harbin, which ranks fifth in retail sales.\n\nSome of the trends playing out in the West are apparent in China as well. Per capita consumption of beer in the country has declined in recent years as consumers turn to wine and baijiu, a local spirit. Craft beer, which tends to be stronger and more flavorful than mainstream lagers, has also won favor.\n\nThe shift from mass-market brands reduces beer volumes overall since people drink smaller quantities. However, craft beers are pricier, and so brewers’ revenue in China has continued to grow. Euromonitor forecasts China will surpass the U.S. as the world’s largest beer market by sales in 2021.\n\nThose dynamics have helped Chinese brewers outperform the broader stock market in 2019 and trade at higher valuations than their rivals in the West command.\n\nOver the past decade, AB InBev has built its China operation from a fringe business into one of its top five markets, Chief Executive Carlos Brito said in an interview earlier this year. After establishing Budweiser as a leading premium brand in China, the brewer decided several years ago to introduce even pricier, higher-margin brands such as Stella Artois and Corona—which sell for twice the price of a Budweiser—through an alternate distribution system that delivers to restaurants and bars frequented by better-off customers.\n\nThe listing comes at a time when rival Heineken NV is pushing deeper into China. Heineken, the world’s second-biggest brewer, last year struck a multibillion-dollar deal with government-controlled China Resources Beer Holdings Co. that secured it a sprawling distribution network.\n\nHaving a separately listed division would give AB InBev a platform to make acquisitions in the region. Analysts have suggested the newly listed shares could be used to gain control of ThaiBev’s business in Vietnam or San Miguel ’s business in the Philippines. AB InBev has deployed a similar strategy in Latin America through separately listed AmBev.\n\nThe other main rationale for the listing, which has been under consideration for much of the year, is to reduce debt, an effort that has included a dividend cut. AB InBev’s debt stood at over $100 billion at the end of last year after a string of acquisitions including its purchase of SABMiller, the world’s No. 2 brewer.\n\nDepending on its final offer price, the stock offering could raise between $8.3 billion and $9.8 billion. At the top of that range, it would be the world’s largest food-and-beverage IPO, topping Kraft Foods Inc.’s $8.68 billion debut in 2001, according to Dealogic. It is also set to eclipse Uber Technologies Inc.’s $8.1 billion IPO as the largest of the year.\n\nThe listing by AB InBev comes despite trade tensions between the U.S. and China. On Saturday, President Trump and his Chinese counterpart, Xi Jinping , agreed to resume negotiations, while the U.S. holds off on imposing additional tariffs on Chinese goods.\n\nBudweiser APAC plans to sell 1.6 billion new shares at 40 to 47 Hong Kong dollars ($5.12 to $6.02) each, representing about 15% of its enlarged share capital. Total funds raised could increase to as much as $11.2 billion if an option to sell 15% more stock is exercised—which would be a boon to AB InBev’s debt-reduction efforts.\n\nAmericans are losing their taste for beer, with consumption sinking about 8.5% between 2010 and 2017. WSJ's Spencer Macnaughton takes a look at how U.S. beer makers are fighting back for a share of the market. Photo: Bud Light\n\nJennifer Maloney contributed to this article.\n\nWrite to Joanne Chiu at joanne.chiu@wsj.com, Saabira Chaudhuri at saabira.chaudhuri@wsj.com and P.R. Venkat at venkat.pr@wsj.com",
    "published": "2019-07-03"
  },
  {
    "source": "WSJ",
    "title": "Trade Progress Hides Undercurrent of Risks for Investors",
    "summary": "It isn’t just the U.S. and China. Other countries are following a pattern where trade has become just another bargaining chip in global politics.",
    "link": "https://www.wsj.com/articles/trade-progress-hides-undercurrent-of-risks-for-investors-11562064371?mod=Searchresults_pos6&page=30",
    "content": "Markets cautiously celebrated President Trump’s moves to defuse trade tensions with China over the weekend. Investors should be more wary. The type of deal on display reflects a worrisome trend that other countries are starting to follow: Trade has become just another bargaining chip in global politics.\n\nMr. Trump mixed national security and trade when he dropped the block on U.S. companies supplying telecoms firm Huawei Technologies Co. as part of the tariffs pause. The move is part of a pattern: He threatened tariffs against Mexico if it didn’t tighten border controls and suggested in December he could even intervene in a legal case against the daughter of the Huawei founder to secure a trade deal.\n\nHe isn’t alone. Others are heading down the same course, extending to trade partners a tool, like sanctions, traditionally used only against enemies.\n\nAn attempt by the European Union to force Switzerland into tighter ties to its giant neighbor led the alpine country to retaliate by banning the trading of Swiss stocks on EU stock exchanges, which had much of the volume in multinationals such as Nestlé SA, UBS Group AG and Novartis AG.\n\nNewsletter Sign-up Markets A.M. Let the WSJ's own Spencer Jakab prepare you for the trading day ahead, with expert insight into the companies and industries set to move markets. Preview Subscribed\n\nSHARE YOUR THOUGHTS How much does it matter for markets when trade policy gets mixed with noneconomic issues? Join the conversation below.\n\nPresident Trump mixed national security and trade when he dropped the block on U.S. firms supplying Huawei. Photo: aly song/Reuters\n\nThe Swiss have a tight relationship with the EU, which entirely surrounds them, but there has been domestic pressure to end free movement of workers, to reduce immigration from the EU. Brussels is pushing back, partly to show the U.K. that it will be no soft touch over Brexit.\n\nThe relationship never led to trade fights before. Unusually for two large trading partners, they have never taken a dispute to the World Trade Organization (based in Geneva).\n\nOn its own, this fight might be seen as a knock-on effect from the mess surrounding Brexit, with little implication for the rest of the world. Indeed, the EU has been positioning itself to replace the U.S. as the champion of trade, signing a series of big bilateral agreements, including Friday’s with the Mercosur countries of Argentina, Brazil, Paraguay and Uruguay.\n\nHowever, Japan also brought trade into an international dispute at the weekend, restricting exports to South Korea by reimposing bureaucratic checks on some materials used in semiconductor manufacturing.\n\nJapan says the additional checks are needed because of breakdown of trust between the two sides over World War II-era issues. These include the failure to agree on a deal over compensation for forced prostitution of Korean women during the Japanese occupation in World War II. There was also a ruling by South Korea’s supreme court that Japan’s Nippon Steel Corp. and others must pay compensation for forced labor at the time.\n\nJapan and South Korea have long had difficult relations. However, trade disputes in the past have been conventional, focused on subsidies and food safety rather than diplomatic disagreement.\n\nThe danger is that these cases are the corollary of a shift away from negotiated global rules toward the bilateral agreements preferred by Mr. Trump, where the stronger side can demand a better deal.\n\nIn his book “The Art of the Deal,” Mr. Trump says “leverage is having something the other guy wants. Or better yet, needs. Or best of all, simply can’t do without.” Huawei’s access to U.S. technology is a case in point. In Japan’s case, the country has a dominant position in supplying certain materials needed in chipmaking.\n\nAs part of President Trump’s efforts to rebalance trade relationships, he has imposed tariffs on almost every country around the world. WSJ’s Josh Zumbrun explains where we stand with our largest trading partners. Photo composite: Laura Kammerman\n\nThe period of history where politics was divorced from economics was relatively short-lived. It began arguably after the U.S. and EU settled a dispute over Cuban trade in the late 1990s.\n\nThe WTO, the bastion of rules-based free trading, ruled on national security issues for the first time in April, backing Russia’s argument, in a case brought by Ukraine, that trade rules don’t apply during an emergency in international relations. Qatar is next with a case against its neighbors over their politically driven blockade, and seven countries accuse the U.S. of breaking the rules by using national security laws to justify steel and aluminum tariffs.\n\nInvestors should watch the longer-term shifts. If might is right in trade, companies won’t be able to rely on long international supply chains. Technology and auto stocks have felt this most so far. Unproductive investment will be needed to secure production of vital parts in locations less vulnerable to disruption. Manufacturers will be forced to spend big to relocate plants or suppliers.\n\nEven if the U.S. and China manage to turn the truce into a definitive deal, the new vogue for mixing politics and trade seems here to stay, and it brings few winners.\n\nWrite to James Mackintosh at James.Mackintosh@wsj.com",
    "published": "2019-07-03"
  },
  {
    "source": "WSJ",
    "title": "WSJ Wealth Adviser Briefing: Independent Advisers, Share Buybacks, Hammock Safety",
    "summary": "Curated news and analysis for wealth advisers and their clients from WSJ reporters and columnists",
    "link": "https://www.wsj.com/articles/wsj-wealth-adviser-briefing-independent-advisers-share-buybacks-hammock-safety-01562148126?mod=Searchresults_pos20&page=16",
    "content": "More financial advisers said they would consider striking out on their own within the next year though rising market volatility and other factors may delay that decision right now. In the latest TD Ameritrade Institutional survey, 44% of brokers said they intend to make a move to an independent firm in the next year.\n\nBelow, some of the best analysis and insight from WSJ writers and columnists, the Dow Jones Newswires team and occasionally beyond, on investing, the wealth-management business and more.\n\nPLANNING & INVESTING\n\nDecline in Share Buybacks Poses a Hurdle for Stock Market: Some companies are easing up on share repurchases this year, potentially removing a pillar of support from the stock market as executives contend with the consequences of trade tensions and slowing economic growth.\n\nMARKET TALK\n\nFrom Dow Jones Newswires\n\nNew investment in the US by foreign direct investors rose 8.7% last year to $296.4B, the Commerce Department says. As usual, the vast majority of the money went toward acquisitions, rather than greenfield projects or expansions of existing businesses. Foreign direct investment remains below the levels registered in 2015 and 2016, though the reason immediately isn't clear from the data, some of which were hidden to avoid disclosure of confidential information. One interesting tidbit: New direct investment by China totaled just $1.79B, the lowest level since at least 2014, when the current data series started. (paul.kiernan@wsj.com; @pkwsj)\n\nThe U.K. economy is likely to fall into a recession if it crashes out of the European Union without an agreement, says Moody's Investors Service in a report. \"A no-deal outcome would, at best, cause economic pain and delay further the recovery of the U.K.'s pre-crisis fiscal strength,\" the credit-rating agency says. The pound would likely fall further, pushing up inflation and squeezing real wages during the first two to three years after Brexit due to higher import prices. Moreover, consumer consumption and business investment would fall further, weakening the U.K.'s fiscal position and further straining institutions, whose predictability and effectiveness of economic and fiscal policymaking has already suffered since the U.K.'s vote to leave the EU, it adds. (lorena.ruibal@wsj.com; @lorena_rbal)\n\nBUSINESS & PRACTICE\n\nBank of America Cut Off Private Prisons Weeks After Lending to One: Bank of America said last week it would stop dealing with private prisons. What the bank didn’t say: it had recently agreed to lend $90 million to one of the largest companies in the business through 2024.\n\nIMPACT INVESTING\n\nWalmart, Coca-Cola, Rio Tinto Pressured by Investors on Workforce Transparency: A coalition of investors with over $14 trillion in assets under management is calling for some of the world’s biggest companies to provide better data on how they manage their staff and workers in supply chains.\n\nTALKING POINTS\n\nYou Filed Returns. The IRS Compiled the Data. Here’s How the New Tax Law Is Working.: The first tax-filing season under the new law jostled the upper-middle class, as people making between $100,000 and $250,000 became less likely to receive refunds and more likely to owe money with their returns.\n\nTRAVEL & LIFESTYLE\n\nIs It Healthy to Sleep in a Hammock?: Relax, we talk to the experts on what this warm-weather pursuit means for your rest—and your back.\n\nABOUT US\n\nThe Wealth Adviser Briefing covers topics of interest to wealth managers, financial planners and other advisers. The content is curated by the Dow Jones Newswires team using articles from the Newswires, Barron's, MarketWatch and The Wall Street Journal. The briefing is delivered to subscribers by email each workday morning at 6:30 a.m. ET. You can sign up here for email delivery.\n\nFor more information about our services for financial professionals, please visit DowJones.com\n\nWe welcome feedback. Please email newsletters@dowjones.com or contact Glenn Hall, global chief editor of Dow Jones Newswires at glenn.hall@wsj.com.",
    "published": "2019-07-03"
  },
  {
    "source": "WSJ",
    "title": "U.S. Service-Sector Activity Slowed in June",
    "summary": "Overall U.S. economy has expanded at a healthy pace in recent months",
    "link": "https://www.wsj.com/articles/u-s-service-sector-activity-slowed-in-june-11562163476?mod=Searchresults_pos19&page=44",
    "content": "Diners at a sushi restaurant in New York on Tuesday. Photo: Richard B. Levine/Zuma Press\n\nActivity in the U.S. services sector pulled back in June, suggesting the economy is reverting to a slower but steady pace of growth after a strong 2018.\n\nThe Institute for Supply Management on Wednesday said its nonmanufacturing index—tracking industries including health care, finance and education—fell to 55.1 in June from 56.9 in May. The June reading was the lowest in about two years but still indicated the services sector remains in expansion mode.",
    "published": "2019-07-03"
  },
  {
    "source": "WSJ",
    "title": "China Knows What It Wants—the U.S. Still Doesn’t",
    "summary": "China, prioritizing Huawei, focuses on long-term growth while U.S. endgame is muddy",
    "link": "https://www.wsj.com/articles/china-knows-what-it-wantsthe-u-s-still-doesnt-11562151600?mod=Searchresults_pos3&page=48",
    "content": "In its trade negotiations with China, the U.S. should have all the leverage. It buys far more from China than vice versa, is sole supplier of numerous critical technologies and commands more loyalty from the rest of the world.\n\nBut China brings one powerful advantage of its own: clarity of purpose. Though its negotiating priorities change, over the decades its goal has remained the same: moving steadily up the development ladder while remaining a one-party state. The U.S. ban on supplying key inputs to Huawei Technologies Co. was an existential threat to the next stage in that development, competing globally in the world’s most advanced technologies. Thus, when President Xi Jinping met President Trump on the sidelines of the G-20 summit in Osaka, Japan, this past weekend, his main condition for restarting negotiations was to lift the ban.\n\nU.S. leaders, for their part, have long been divided over whether to treat China as a partner that can be managed or a rival that must be ostracized. The Trump administration is itself split, and the president’s decision to give Huawei a temporary reprieve has left the endgame as muddy as ever.\n\nShare Your Thoughts What should the U.S. prioritize in its trade negotiations with China? Join the conversation below.\n\nChina joined the World Trade Organization back in 2001 as a way to discipline its inefficient state-owned enterprises, secure access to foreign markets, and stoke export-led growth. Along with an undervalued Chinese currency, WTO membership attracted a flood of foreign capital and expertise that turned China into the world’s factory floor.\n\nThat led to widening Chinese trade surpluses and deepening friction with the U.S. Beijing addressed those tensions by letting its currency, the yuan, rise in value. Its priorities then shifted from attracting foreign investment and export-led growth to cultivating domestic champions. So even as China’s trade surplus began shrinking as a share of national output, Western companies faced tightened access to the Chinese market and pressure to transfer technology and know-how to Chinese rivals.\n\nChina is now embroiled in a tariff war over U.S. efforts to end that discriminatory treatment. Yet its priorities have again evolved, from protecting domestic champions at home to nurturing global champions in the most advanced industries, from energy-efficient cars to artificial intelligence.\n\n“The Chinese are still highly protective of their domestic market, but what they identify as most worthy of protection has changed over time and moved up market as their ambitions in technology have expanded,” says Scott Kennedy of the Center for Strategic and International Studies.\n\nPresident Trump says he will allow U.S. companies to resume selling high-tech equipment to Huawei, after he and his Chinese counterpart, Xi Jinping, agreed to restart trade talks. Photo: Kevin Lamarque/Reuters\n\nHuawei isn’t just any company; it is the leading supplier in arguably the world’s most important technology, fifth-generation telecommunications networks, and a considerable source of national pride.\n\nHuawei and state-owned ZTE Corp. and State Grid, the electricity monopoly, are strategic “tools to push China up the tech ladder,” says Derek Scissors of the American Enterprise Institute. “They’re at the heart of [Xi’s] approach to China’s development.”\n\nThe U.S. campaign against Huawei began as a national security matter based on the company’s potential to become a conduit for Chinese government spying. It is now integral to the broader debate over how to treat China.\n\nAmerican leaders thought WTO accession would strengthen the rule of law in China while encouraging economic and political liberalization. By the end of the Obama administration those hopes had been dashed, and the Trump administration has repudiated that view altogether. Yet it has yet to settle on an alternative, and Huawei symbolizes the divide.\n\nU.S. Trade Representative Robert Lighthizer has long argued China has exploited the WTO to run huge trade surpluses, steal intellectual property, coerce foreign companies into transferring their technology, and subsidize domestic firms. Yet he also believes China can be made to behave with an alternative set of rules, and sees Huawei as an unrelated national security issue.\n\nBy contrast, the hawks close to Mr. Trump believe China’s system is fundamentally incompatible with that of the U.S. and its allies. To them, blacklisting Huawei potentially matters more than tariffs in keeping China from displacing the U.S. economically and militarily. “This radical cadre of the Chinese Communist party has been running against the West for 15 or 20 years,” one of those hawks, former adviser Steve Bannon , told CNBC last week. “Huawei is a dirty bomb inside industrial democracies.” Secretary of State Mike Pompeo earlier this year accused China of wanting to “divide Western alliances through bits and bytes, not bullets and bombs.”\n\nYet Mr. Trump subscribes to neither of these world views. He judges China by the same transactional metrics he judges all countries: deficits, dollars and Dow points. On Saturday, explaining the Huawei reprieve, he said: “We sell to Huawei a tremendous amount of product.” He also justified his decision a year earlier to suspend a ban on selling to ZTE at Mr. Xi’s personal request because they paid the U.S. a steep fine and \"they also have to buy American product. Buying American product is very important to me.”\n\nSuccessful negotiation depends on knowing your own bottom line. That is something the U.S. still appears to be figuring out.\n\nWrite to Greg Ip at greg.ip@wsj.com",
    "published": "2019-07-03"
  }
]