[
  {
    "source": "WSJ",
    "title": "China Invites U.S. Negotiators to Continue Trade Talks, White House Economics Adviser Says",
    "summary": "Larry Kudlow says Chinese, U.S. leaders likely to speak at G-20 meeting in Japan at end of June",
    "link": "https://www.wsj.com/articles/china-invites-u-s-negotiators-to-continue-trade-talks-white-house-economics-adviser-says-11557684021?mod=Searchresults_pos8&page=246",
    "content": "White House economic adviser Larry Kudlow said the U.S. economy is strong enough to endure prolonged trade talks.\n\nWASHINGTON—China has invited U.S. Trade Representative Robert Lighthizer and Treasury Secretary Steven Mnuchin to Beijing to continue trade negotiations, White House economic adviser Larry Kudlow said Sunday.\n\nThe U.S. officials hadn’t firmed up plans to travel, Mr. Kudlow said in an interview on “Fox News Sunday.” President Trump and Chinese President Xi Jinping are likely to talk directly at a G-20 meeting in Japan at the end of next month, Mr. Kudlow said.\n\nThe two countries have been negotiating a trade plan for more than five months, and the latest round of talks reached an impasse Friday in Washington.\n\nThe U.S. raised punitive tariffs to 25%, from 10%, on $200 billion of Chinese imports, starting Friday. Mr. Trump also ordered staff to begin the paperwork to impose levies on the more than $300 billion of everything else China sells to the U.S.\n\nMr. Kudlow acknowledged Sunday that Americans, not the Chinese, pay the tariffs, contradicting Mr. Trump’s assertion that China pays.\n\n“In fact, both sides will pay,” Mr. Kudlow said. He responded “fair enough” to anchor Chris Wallace ’s statement that U.S. importers and companies pay what is in effect a tax, often one that is passed along to American consumers. But Mr. Kudlow added that the Chinese will suffer gross-domestic-product losses.\n\nMr. Kudlow said that the process to implement additional tariffs could take months because it includes hearings and a 60-day public comment period.\n\nSo far, China hasn’t responded with retaliatory measures, unlike in past rounds of escalation when it raised duties on U.S. goods.\n\nChina has more limited tariff options, since it imports fewer products from the U.S. than the other way around, and the Chinese leadership is also constrained by an economy that is in a shaky recovery from a sharp slowdown.\n\nThe tariff escalation is worrisome for Chinese officials, who are watching potential ripple effects, from weakening of the currency to crimping future foreign investment. Raising existing tariffs or imposing new ones could hit products China’s economy needs, like semiconductors, pork, oil and passenger jets.\n\nChina’s lead negotiator, Vice Premier Liu He, told Chinese reporters before leaving Washington that the domestic economy is in better shape than last year, with sufficient policy tools and business confidence to withstand pressure and “maintain smooth, healthy development.”\n\nMr. Kudlow, in his “Fox News Sunday” interview, said the U.S. economy also is strong enough to endure prolonged trade talks.\n\n“The economic costs are de minimis,” he said. “The potential economic gains of a good deal that opens up China and makes them legal trading partners, those gains are huge. So that’s a cost-benefit analysis that I really like.”\n\nChao Deng reported from Beijing.\n\nWrite to Julie Bykowicz at julie.bykowicz@wsj.com and Chao Deng at Chao.Deng@wsj.com",
    "published": "2019-05-12"
  },
  {
    "source": "WSJ",
    "title": "Lockstep Market Swings Worry Investors",
    "summary": "Stocks and commodities generally moved in tandem last week, stoking fears declines could gain momentum across riskier assets",
    "link": "https://www.wsj.com/articles/lockstep-market-swings-worry-investors-11557666006?mod=Searchresults_pos20&page=61",
    "content": "Stocks and commodities around the world generally moved in tandem last week, stoking fears that declines could accelerate across riskier assets if the U.S. and China aren’t able to resolve their trade fight.\n\nAfter President Trump and Treasury Secretary Steven Mnuchin called the most recent trade talks constructive, U.S. and global stocks trimmed their weekly drops to just over 2% Friday. Still, the S&P 500 and MSCI AC World ex USA Index posted their worst weekly performances of the year after a rocky week.\n\nThe Shanghai Composite slipped 4.5%, even including a Friday surge, reflecting investor worries that more stringent U.S. tariffs on $200 billion worth of Chinese imports could hurt the world’s second-largest economy.\n\nInvestors also retreated from commodities that are critical to the global transportation and manufacturing industries, pushing copper and oil down more than 6.5% from their 2019 peaks hit late last month.\n\nThe synchronous moves were reminiscent of trading patterns late in 2018, when fears about a sharp slowdown in the global economy sent many risk assets to their worst quarter in several years.\n\nAnalysts say the prospect of an extended trade fight between the U.S. and China could crimp business and consumer spending, constraining economic activity and fueling fresh angst about slower economic and profit growth. At the same time, some are holding out hope that an agreement eventually improves the outlook for the world economy.\n\n“It’s very much a challenge because you’re guessing,” said Jamie Cox , managing partner at Harris Financial Group. “There’s no systematized way any of us can game out what the eventual decision will be.”\n\nLast week’s market gyrations upended a calm stretch of trading during which optimism about a trade agreement, Chinese stimulus measures to spur growth and the Federal Reserve’s halt to interest-rate increases pushed the S&P 500 to a fresh all-time high late last month. Even with last week’s drop, the broad equity gauge is still up 15% for the year, and some analysts are optimistic a trade agreement will eventually spur a market rebound.\n\nStill, some analysts remain wary that a continuation of last week’s volatility could lead to further declines. Several upbeat momentum indicators helped support gains to start 2019, but a reversal could spur selling, these analysts say.\n\nAdding to the uncertainty, Mr. Trump threatened to impose additional levies on virtually everything China exports to the U.S., raising the prospect of duties on $325 billion in Chinese goods that aren’t currently taxed and higher prices for a host of consumer products.\n\nAlthough the U.S. economy has shown signs of continued strength this year, gauges of factory and manufacturing activity have continued to slide with trade talks ongoing.\n\nThe Citigroup Economic Surprise Index for the U.S., which measures in aggregate whether or not economic data are meeting expectations, has rebounded from its late-April lows but is still firmly in negative territory, indicating figures are broadly still missing targets. A comparable gauge for emerging markets is also still in negative territory.\n\nIn one sign that investors are fearful that the trade spat could slow down economic activity, safe-haven metal gold climbed for the fifth time in sixth sessions on Friday as riskier assets continued to swing. Treasurys have also stayed steady. The yield on the benchmark 10-year U.S. Treasury note ended the week at 2.455%, down from 2.531% a week earlier. Bond yields fall as prices rise.\n\nIn another cautious signal, traders also increased wagers that the Federal Reserve will lower interest rates in 2019. About 57% are anticipating at least one rate cut this year, up from 47% a week earlier when Fed chairman Jerome Powell said he expects inflation to rebound and April hiring figures exceeded expectations.\n\nWrite to Amrith Ramkumar at amrith.ramkumar@wsj.com",
    "published": "2019-05-12"
  },
  {
    "source": "WSJ",
    "title": "America’s Abusive Trade Practices",
    "summary": "China has legitimate grievances, too. The WTO often looks askance at U.S. antidumping tariffs.",
    "link": "https://www.wsj.com/articles/americas-abusive-trade-practices-11557688606?mod=Searchresults_pos1&page=24",
    "content": "President Trump and U.S. Trade Representative Robert Lighthizer are right: A trade deal with China must end the market distortions of Beijing’s illegal, often invisible subsidies, which allow state-owned enterprises and other Chinese companies to secure an unfair advantage. But tariffs won’t achieve that goal. Instead the administration should offer to end America’s own unfair trade practices, which discriminate against an array of imported Chinese products.\n\nAnti-dumping and other trade remedies that increase tariffs on imports have soared under the Trump administration, and Chinese products have been the target in about 40% of those U.S. investigations. Products affected include everything from aluminum alloy, silk ribbons and rubber bands to, most recently, metal file cabinets and ceramic tile.\n\nThe U.S. imposes higher anti-dumping duties on China than on any other country, and these duties have increased over time, particularly as they have been imposed together with duties countering Chinese subsidies. Relief from the burden of this recent surge of trade remedies is at the top of China’s agenda.\n\nSome of these U.S. trade remedies are legitimate under the rules of the World Trade Organization. Others, however, reflect the considerable influence on American administrative outcomes of trade-challenged U.S. industries—an egregious example of American crony capitalism.\n\nDuring the past 40 years, since responsibility was shifted from the Treasury to the Commerce Department and the U.S. International Trade Commission, America’s application of trade remedies has, as my Cato Institute colleague Dan Ikenson has put it, “gradually transformed from one predicated on protecting consumers from collusive or predatory trade practices into a tool to suppress competition in the name of remedying ‘injury’ experienced by domestic producers.”\n\nThis shift happened over time as a result of persistent pressure by import-competing domestic industries and their well-placed congressional tribunes from politically pivotal states. Commerce and the International Trade Commission have been heavily influenced by lawyers and lobbyists for U.S. industries seeking trade protection from foreign competition. (One of them, incidentally, was Mr. Lighthizer, an international-trade lawyer in private practice until 2017.) Through various protectionist sleights-of-hand, these agencies sometimes invent a justification for a trade remedy and impose a harsher penalty than the offense warrants.\n\nDumping occurs when a manufacturer charges lower prices for the same product in an export market than in the domestic market. Determining the existence and severity of dumping thus involves a comparison of prices. In deciding which prices are compared, U.S. anti-dumping rules and practices tend to inflate home-market prices and underestimate export prices.\n\nBelow-cost sales in the home market are excluded from any calculation of domestic prices. Discounted domestic sales to the producer’s corporate affiliates are excluded. The result, conveniently for protected American interests, is that sales in the U.S. are compared only with the highest-priced sales in the home market.\n\nPrice deductions for indirect selling expenses (such as sales staff salaries and overhead) are capped for the home market but not for the export market, which widens the margin of dumping.\n\nInstances in which export prices in the U.S. are higher than home-market prices are ignored in some dumping calculations, through the internationally controversial “zeroing” method. In addition, when there is supposedly no home market—as is often the case with China—fictional home-market prices are constructed using the proxy of prices from third countries, which may not reflect the reality of domestic Chinese pricing.\n\nTo the delight of all those seeking protection from foreign competition, all these devices and more increase the likelihood that the U.S. will determine that “dumping” has taken place—and will levy higher dumping duties.\n\nNone of these esoteric procedures are likely to come up in a presidential debate or campaign ad. Yet they have enormous economic consequences. Trade distortions resulting from their use insulate some U.S. industries from perfectly fair foreign competition, increase costs for U.S. industries that use imports in their production, and impose an ever-increasing hidden tax at the cash register for American consumers. This not only harms the Chinese. It also diminishes America’s global competitiveness.\n\nThe U.S. has lost a long string of WTO cases about its trade remedies—some based on complaints brought by China. Yet U.S. regulators continue to drag their feet on WTO compliance, gravitate toward the outer edges of WTO rules, and find new ways to discriminate against Chinese imports. The prospect of ending these practices could be a powerful inducement for China to abandon its own unfair trade practices.\n\nTo be sure, offering a carrot instead of a stick seems alien to the blunt bluster of Mr. Trump’s approach to deal-making. But both he and Mr. Lighthizer have said they want a deal that addresses the fundamental problem of Chinese industrial subsidies. Both have claimed that their ultimate goal is free trade. They can prove it by offering to end U.S. abuses of trade remedies in exchange for an end to trade-distorting Chinese industrial subsidies—a deal that would free more trade and create more prosperity for both countries.\n\nMr. Bacchus is a professor of global affairs at the University of Central Florida, adjunct scholar at the Cato Institute, and author of “The Willing World: Shaping and Sharing a Sustainable Global Prosperity.”",
    "published": "2019-05-12"
  },
  {
    "source": "WSJ",
    "title": "The Price is an Important Ingredient in All Drugs",
    "summary": "The government should require drug companies to provide drugs to all individuals without insurance or who haven’t yet met their deductible at the lowest net price they provide to others.",
    "link": "https://www.wsj.com/articles/the-price-is-an-important-ingredient-in-all-drugs-11557677094?mod=Searchresults_pos10&page=4",
    "content": "The office that runs Medicare has proposed a requirement that drugmakers disclose their list prices in consumer ads. Photo: Giacomo Bagnara\n\nThe Centers for Medicare and Medicaid Services’ proposed rule requiring drug companies to disclose list prices in advertising isn’t directed at the most relevant price, which is the lowest net price the drug company charges any demander (“Should Drug Prices Be Disclosed in Ads Targeted Directly to Consumers?,” Journal Report, April 30). That price is closest to a fair market price.\n\nThe government should not only require drug firms to provide that lowest net-price information but also stop the current unfair and perverse reverse price discrimination in drug pricing, in which poor individuals without insurance pay the full list price while insurance companies pay a much lower net price. The government can do that by requiring drug companies to provide drugs to all individuals without insurance or who haven’t yet met their deductible at the lowest net price they provide to others. Hospitals and other health-care-service providers also should face a similar requirement. The result would be a much fairer and rational pricing system.",
    "published": "2019-05-12"
  },
  {
    "source": "WSJ",
    "title": "Tax Revenue Keeps Rising",
    "summary": "The federal deficit is increasing, and the reason is spending.",
    "link": "https://www.wsj.com/articles/tax-revenue-keeps-rising-11557691166?mod=Searchresults_pos10&page=12",
    "content": "You wouldn’t know it from the press coverage, but there’s some modest good news about the federal budget. The deficit is rising, but not as much as feared because tax revenues are increasing due to faster economic growth.\n\nThe Congressional Budget Office reports in its April budget review that revenues rose 2% to $2.041 trillion in the first seven months of fiscal 2019 from a year ago. Payroll tax revenue rose 4.7% due in part to rising employment and wages.\n\nIndividual income taxes were essentially flat in the wake of the tax cut, but corporate income taxes were down only $7 billion for the first seven months to $114 billion despite the cut in the corporate tax rate to 21% from 35% in the 2017 tax reform. April was the deadline for final 2018 tax payments for most corporations, and tax revenue from higher corporate profits partly offset the lower rate.\n\nOverall revenues increased despite a sharp decline in payments to the Treasury from the Federal Reserve of $15 billion, or 34%. The decline is due to higher short-term interest rates that lead the Fed to pay banks more interest on their reserves. Watch this account closely in the future if the Fed’s reserve payments become a net Treasury drain. This is one cost of the Fed maintaining a very large balance sheet.\n\nSo why has the federal deficit increased by $145 billion this fiscal year to $531 billion? Because federal spending continued to rise rapidly—7% in the first seven months to $2.571 trillion. That’s $178 billion more than in the same period a year ago. As you’d expect, Social Security benefit payouts rose 6%, Medicare outlays 5% and Medicaid 4%. Anyone who thinks federal deficits and debt can be contained without entitlement reform probably still believes in the Russian collusion story.\n\nDefense spending rose 10%, or $33 billion, in the first seven months, as intended by Congress and the White House after eight years of neglect under Barack Obama . The higher outlays went for much-needed operations and maintenance and R&D. Outlays for the Pentagon are still only about 3.2% of GDP, which is close to the historic low since World War II.\n\nInterest payments on federal debt held by the public rose 13% to $234 billion, due to higher short-term interest rates and more debt. The Fed’s zero-rate policy disguised the size of the debt’s budget burden during the Obama years, but it is now coming due.\n\nThe media blame deficits on tax reform, but the facts show the main culprit is spending. No one in the political class wants to talk about entitlements but that’s where the money is.",
    "published": "2019-05-12"
  },
  {
    "source": "WSJ",
    "title": "America’s Abusive Trade Practices",
    "summary": "China has legitimate grievances, too. The WTO often looks askance at U.S. antidumping tariffs.",
    "link": "https://www.wsj.com/articles/americas-abusive-trade-practices-11557688606?mod=Searchresults_pos14&page=10",
    "content": "President Trump and U.S. Trade Representative Robert Lighthizer are right: A trade deal with China must end the market distortions of Beijing’s illegal, often invisible subsidies, which allow state-owned enterprises and other Chinese companies to secure an unfair advantage. But tariffs won’t achieve that goal. Instead the administration should offer to end America’s own unfair trade practices, which discriminate against an array of imported Chinese products.\n\nAnti-dumping and other trade remedies that increase tariffs on imports have soared under the Trump administration, and Chinese products have been the target in about 40% of those U.S. investigations. Products affected include everything from aluminum alloy, silk ribbons and rubber bands to, most recently, metal file cabinets and ceramic tile.\n\nThe U.S. imposes higher anti-dumping duties on China than on any other country, and these duties have increased over time, particularly as they have been imposed together with duties countering Chinese subsidies. Relief from the burden of this recent surge of trade remedies is at the top of China’s agenda.\n\nSome of these U.S. trade remedies are legitimate under the rules of the World Trade Organization. Others, however, reflect the considerable influence on American administrative outcomes of trade-challenged U.S. industries—an egregious example of American crony capitalism.\n\nDuring the past 40 years, since responsibility was shifted from the Treasury to the Commerce Department and the U.S. International Trade Commission, America’s application of trade remedies has, as my Cato Institute colleague Dan Ikenson has put it, “gradually transformed from one predicated on protecting consumers from collusive or predatory trade practices into a tool to suppress competition in the name of remedying ‘injury’ experienced by domestic producers.”\n\nThis shift happened over time as a result of persistent pressure by import-competing domestic industries and their well-placed congressional tribunes from politically pivotal states. Commerce and the International Trade Commission have been heavily influenced by lawyers and lobbyists for U.S. industries seeking trade protection from foreign competition. (One of them, incidentally, was Mr. Lighthizer, an international-trade lawyer in private practice until 2017.) Through various protectionist sleights-of-hand, these agencies sometimes invent a justification for a trade remedy and impose a harsher penalty than the offense warrants.\n\nDumping occurs when a manufacturer charges lower prices for the same product in an export market than in the domestic market. Determining the existence and severity of dumping thus involves a comparison of prices. In deciding which prices are compared, U.S. anti-dumping rules and practices tend to inflate home-market prices and underestimate export prices.\n\nBelow-cost sales in the home market are excluded from any calculation of domestic prices. Discounted domestic sales to the producer’s corporate affiliates are excluded. The result, conveniently for protected American interests, is that sales in the U.S. are compared only with the highest-priced sales in the home market.\n\nPrice deductions for indirect selling expenses (such as sales staff salaries and overhead) are capped for the home market but not for the export market, which widens the margin of dumping.\n\nInstances in which export prices in the U.S. are higher than home-market prices are ignored in some dumping calculations, through the internationally controversial “zeroing” method. In addition, when there is supposedly no home market—as is often the case with China—fictional home-market prices are constructed using the proxy of prices from third countries, which may not reflect the reality of domestic Chinese pricing.\n\nTo the delight of all those seeking protection from foreign competition, all these devices and more increase the likelihood that the U.S. will determine that “dumping” has taken place—and will levy higher dumping duties.\n\nNone of these esoteric procedures are likely to come up in a presidential debate or campaign ad. Yet they have enormous economic consequences. Trade distortions resulting from their use insulate some U.S. industries from perfectly fair foreign competition, increase costs for U.S. industries that use imports in their production, and impose an ever-increasing hidden tax at the cash register for American consumers. This not only harms the Chinese. It also diminishes America’s global competitiveness.\n\nThe U.S. has lost a long string of WTO cases about its trade remedies—some based on complaints brought by China. Yet U.S. regulators continue to drag their feet on WTO compliance, gravitate toward the outer edges of WTO rules, and find new ways to discriminate against Chinese imports. The prospect of ending these practices could be a powerful inducement for China to abandon its own unfair trade practices.\n\nTo be sure, offering a carrot instead of a stick seems alien to the blunt bluster of Mr. Trump’s approach to deal-making. But both he and Mr. Lighthizer have said they want a deal that addresses the fundamental problem of Chinese industrial subsidies. Both have claimed that their ultimate goal is free trade. They can prove it by offering to end U.S. abuses of trade remedies in exchange for an end to trade-distorting Chinese industrial subsidies—a deal that would free more trade and create more prosperity for both countries.\n\nMr. Bacchus is a professor of global affairs at the University of Central Florida, adjunct scholar at the Cato Institute, and author of “The Willing World: Shaping and Sharing a Sustainable Global Prosperity.”",
    "published": "2019-05-12"
  },
  {
    "source": "WSJ",
    "title": "Chamber of Commerce Delivers for Business in Washington",
    "summary": "The chamber is leading the transformation of how business gets done in Washington in a way no one else can.",
    "link": "https://www.wsj.com/articles/chamber-of-commerce-delivers-for-business-in-washington-11557677009?mod=Searchresults_pos7&page=5",
    "content": "President Donald Trump listens during a meeting on tax policy with business leaders in the Roosevelt Room of the White House, Tuesday, Oct. 31, 2017. Photo: AP\n\nContrary to the article “Washington’s Biggest Lobbyist Gets Shut Out” (page one, May 3), the U.S. Chamber of Commerce is at the center of the action and delivering results. The administration and Congress look to us for leadership, ideas and the collective muscle of the American business community. We have helped drive recent victories like historic tax reform and regulatory relief while strengthening America’s most valuable trade relationships and building momentum for infrastructure. (The Journal’s Gerald Seib recently wrote about our leadership in advancing infrastructure in “Gas Tax: An Idea Crossing Partisan Lines,” Capital Journal, March 21.)\n\nWe are providing pathbreaking leadership on urgent priorities, including data privacy. And because of the chamber’s pioneering work on 21st-century workforce development strategies, I have been asked to participate on the administration’s Task Force on Apprenticeship Expansion and the American Workforce Policy Advisory Board.",
    "published": "2019-05-12"
  }
]