[
  {
    "source": "WSJ",
    "title": "U.S.-China Trade War’s Global Impact Grows",
    "summary": "The conflict is hurting confidence among U.S. small businesses and crimping Asian trade; ‘there is great uncertainty’",
    "link": "https://www.wsj.com/articles/u-s-china-trade-wars-global-impact-grows-11567466809?mod=Searchresults_pos20&page=11",
    "content": "The escalating trade war between the U.S. and China is rippling through the global economy, hurting confidence among U.S. small businesses, crimping trade among industrial giants in Asia and hitting export-oriented factories in Europe.\n\nOn Sunday the U.S. imposed fresh tariffs of 15% on Chinese goods including clothing, tools and electronics. A round of retaliatory Chinese tariffs also took effect, targeting imports of U.S. soybeans, crude oil and pharmaceuticals.\n\nBeijing said on Monday it lodged a complaint with the World Trade Organization over the Trump administration’s tariffs.\n\nEconomic confidence among small U.S. companies fell in August to the lowest level since November 2012, according to a monthly survey of more than 670 small companies conducted for The Wall Street Journal. The portion of respondents that expect the economy to worsen over the next 12 months rose to 40%, compared with 29% in July and 23% a year ago.\n\nJapan, meanwhile, said Monday that capital spending by the country’s manufacturers fell 6.9% in the April-June quarter, the first decline in two years, as companies grappled with a nearly double-digit decline in exports to China. South Korea said Sunday its exports to China fell 21.3% in August compared with the same month a year earlier, driving an overall 13.6% decline in exports.\n\nA U.S. survey of manufacturing purchasing managers to be released Tuesday will shed further light on how much the trade conflict is affecting the U.S. industrial sector. Several reports in recent days suggested the fallout was deepening globally.\n\nTariffs are putting upward pressure on costs for multinational companies, forcing them to look for ways to offset it. Moreover, uncertainty about the outlook for negotiations between the U.S. and China is making it difficult for managers to plan.\n\nBoth Japan and South Korea have said the tariff impact is particularly pronounced in high-tech parts and materials purchased by factories in China, such as Japanese auto parts and South Korean semiconductors. The Chinese factories use those products to manufacture finished goods, some of which are exported to the U.S.\n\nSurveys of purchasing managers in Japan, Taiwan, South Korea and Indonesia also pointed to declines in manufacturing activity in August, with mixed results in China. In Europe reported drops in manufacturing activity were most pronounced in Germany, the continent’s exporting powerhouse and a leading global supplier of machinery and equipment.\n\n“Trade wars and tariffs remain the biggest concerns among producers, and the escalation of global trade war tensions in August encouraged further risk aversion,” said Chris Williamson , chief business economist at IHS Markit, which conducts the surveys.\n\nThe survey of small U.S. companies by Vistage Worldwide Inc., an executive coaching organization, was taken last month, just after President Trump announced additional tariffs on Chinese imports, but before he ordered U.S. companies to start looking for alternatives to China. Forty-five percent of the small firms—which have revenue between $1 million and $20 million—said the president’s tariff announcement would impact their businesses.\n\nShare Your Thoughts Do you, or someone you know, own a small business? How has it been affected by the trade war with China? Join the conversation below.\n\nIn the survey, some U.S. small-business owners said they supported the tariffs, even if they are painful in the short run, and a majority said they are optimistic about their finances. Also, tariffs are just one factor contributing to changes in the economic outlook.\n\nBut business owners on both sides of the tariff issue said the uncertainty—about if and when the duties will be applied, how large they will be and how long they will remain in effect—is making it hard to plan and is hurting their businesses.\n\n“It’s overwhelming. It’s exhausting. It’s demoralizing,” said Susan White Morrissey , founder of White + Warren, a cashmere brand in New York. “My employees just want to know what to do. This is probably the first time in my career that I can’t give them the answers.”\n\nWhite + Warren this year added five employees and boosted inventory to increase e-commerce sales, but the 30-person company is struggling to plan as the trade dispute heats up. Tariffs imposed this summer slashed profit on its ribbed cashmere hats made in China by 50%.\n\n“It’s hard enough to adjust to price increases, but it’s just more difficult when you are uncertain how policy will unfold in the future,” said Richard Curtin , a University of Michigan economist who analyzed the Vistage data. “For small firms that means being more cautious in your investment and hiring plans.”\n\nWiscon Products Inc., a precision machine shop in Racine, Wis., normally orders raw materials six months in advance, but these days it is having trouble getting customers to decide what they need in three weeks. One auto maker canceled a $2 million parts order destined for China because of escalating trade tensions.\n\nThe 75-year-old company has replaced about 40% of lost revenue through aggressive marketing and expects to end up stronger, with a more diversified customer base. Yet, it has put off plans to buy new machines.\n\n“This is the strangest I’ve ever seen it,” said Wiscon President Torben Christensen , who has run the company for the past decade. “It’s busy. The economy is booming, but there is great uncertainty. A lot of it has to do with trade policy.”\n\nTrade talks have mostly stalled since late May, when negotiators were believed to be close to a deal. Since then negotiators have sought, so far without success, to reach a limited preliminary arrangement that would have China committing to buying more U.S. farm products and the U.S. agreeing to ease off restrictions on China’s Huawei Technologies Co.\n\nAdditional U.S. tariffs of 15% on $156 billion of Chinese-made smartphones, laptops, toys, videogames and other products have been set for Dec. 15.\n\nOn Friday, Mr. Trump rejected the notion that his trade policies were hurting the U.S. economy. He blamed “badly run and weak companies” for any business setbacks and urged the Federal Reserve to cut interest rates to support the economy.\n\nArgosy Cruises, a Seattle tour-boat operator, recently postponed plans to replace two aging vessels after being told that the 500-passenger boat that cost $8.5 million two years ago would now cost about $1 million more. Boatyards blame tariffs for the price increase, said Argosy Chief Executive Kevin Clark, who also worries trade tensions are reducing the flow of Chinese tourists.\n\n“There needs to be some kind of stabilization in the tariff situation and pricing,” Mr. Clark said. “I hate to sign a contract for the next two years without an element of certainty.”\n\nTravis Luther , founder of Queen Anne Pillow Co., a Denver-based maker of high-end bed pillows, said larger competitors have accelerated purchases to get ahead of tariffs, something his six-year-old company can’t afford.\n\n“That’s not a very healthy move for small companies or upstarts,” said Mr. Luther, whose company is already paying higher tariffs on Chinese-made cotton textiles used to make pillows in the U.S.\n\nTo adapt, some companies are relocating production. LumiGrow Inc., a 30-employee maker of LED lighting used in horticulture, is shifting to a factory in Malaysia just one year after it moved production to China from the U.S. to reduce costs.\n\nJay Albere , the Emeryville, Calif.-based company’s chief executive, supports tariffs but not quick shifts in trade policy. One shipload of LED lights was on its way from China when higher tariffs were imposed this spring with just a few days notice. “Just give me the ability to plan for it and make a smart business decision,” he said. “The lack of certainty is really, really hard.”\n\nSome small-business owners say switching from Chinese suppliers isn’t an option. Charlotte, N.C.-based remodeez said other countries don’t have the know-how or infrastructure to produce its deodorizers. Even if it could find a new factory, the cost of switching at this stage of the 31-year-old company’s development would be debilitating given the investment it has made in China, it said.\n\nThe startup plans to absorb the cost of the tariffs rather than raise prices for the deodorizers, which typically retail for $9.99. “Today, we’re an impulse buy,” Chief Executive Jason Jacobs said. “Once you cross the $10 threshold, it’s a whole different retail psychology.”\n\nMeanwhile, the higher costs are pinching cash flow and crimping expansion plans. “It’s not going to crush us,” said Mr. Jacobs, who previously founded two successful software startups. “But if this was having to put food on my table, I’d be done. The reason I can get through this is I don’t need a paycheck.”\n\nKwanwoo Jun and Chao Deng contributed to this article.\n\nWrite to Ruth Simon at ruth.simon@wsj.com, Megumi Fujikawa at megumi.fujikawa@wsj.com and Paul Hannon at paul.hannon@wsj.com",
    "published": "2019-09-02"
  },
  {
    "source": "WSJ",
    "title": "U.S.-China Trade War’s Global Impact Grows",
    "summary": "The conflict is hurting confidence among U.S. small businesses and crimping Asian trade; ‘there is great uncertainty’",
    "link": "https://www.wsj.com/articles/u-s-china-trade-wars-global-impact-grows-11567466809?mod=Searchresults_pos7&page=12",
    "content": "The escalating trade war between the U.S. and China is rippling through the global economy, hurting confidence among U.S. small businesses, crimping trade among industrial giants in Asia and hitting export-oriented factories in Europe.\n\nOn Sunday the U.S. imposed fresh tariffs of 15% on Chinese goods including clothing, tools and electronics. A round of retaliatory Chinese tariffs also took effect, targeting imports of U.S. soybeans, crude oil and pharmaceuticals.\n\nBeijing said on Monday it lodged a complaint with the World Trade Organization over the Trump administration’s tariffs.\n\nEconomic confidence among small U.S. companies fell in August to the lowest level since November 2012, according to a monthly survey of more than 670 small companies conducted for The Wall Street Journal. The portion of respondents that expect the economy to worsen over the next 12 months rose to 40%, compared with 29% in July and 23% a year ago.\n\nJapan, meanwhile, said Monday that capital spending by the country’s manufacturers fell 6.9% in the April-June quarter, the first decline in two years, as companies grappled with a nearly double-digit decline in exports to China. South Korea said Sunday its exports to China fell 21.3% in August compared with the same month a year earlier, driving an overall 13.6% decline in exports.\n\nA U.S. survey of manufacturing purchasing managers to be released Tuesday will shed further light on how much the trade conflict is affecting the U.S. industrial sector. Several reports in recent days suggested the fallout was deepening globally.\n\nTariffs are putting upward pressure on costs for multinational companies, forcing them to look for ways to offset it. Moreover, uncertainty about the outlook for negotiations between the U.S. and China is making it difficult for managers to plan.\n\nBoth Japan and South Korea have said the tariff impact is particularly pronounced in high-tech parts and materials purchased by factories in China, such as Japanese auto parts and South Korean semiconductors. The Chinese factories use those products to manufacture finished goods, some of which are exported to the U.S.\n\nSurveys of purchasing managers in Japan, Taiwan, South Korea and Indonesia also pointed to declines in manufacturing activity in August, with mixed results in China. In Europe reported drops in manufacturing activity were most pronounced in Germany, the continent’s exporting powerhouse and a leading global supplier of machinery and equipment.\n\n“Trade wars and tariffs remain the biggest concerns among producers, and the escalation of global trade war tensions in August encouraged further risk aversion,” said Chris Williamson , chief business economist at IHS Markit, which conducts the surveys.\n\nThe survey of small U.S. companies by Vistage Worldwide Inc., an executive coaching organization, was taken last month, just after President Trump announced additional tariffs on Chinese imports, but before he ordered U.S. companies to start looking for alternatives to China. Forty-five percent of the small firms—which have revenue between $1 million and $20 million—said the president’s tariff announcement would impact their businesses.\n\nShare Your Thoughts Do you, or someone you know, own a small business? How has it been affected by the trade war with China? Join the conversation below.\n\nIn the survey, some U.S. small-business owners said they supported the tariffs, even if they are painful in the short run, and a majority said they are optimistic about their finances. Also, tariffs are just one factor contributing to changes in the economic outlook.\n\nBut business owners on both sides of the tariff issue said the uncertainty—about if and when the duties will be applied, how large they will be and how long they will remain in effect—is making it hard to plan and is hurting their businesses.\n\n“It’s overwhelming. It’s exhausting. It’s demoralizing,” said Susan White Morrissey , founder of White + Warren, a cashmere brand in New York. “My employees just want to know what to do. This is probably the first time in my career that I can’t give them the answers.”\n\nWhite + Warren this year added five employees and boosted inventory to increase e-commerce sales, but the 30-person company is struggling to plan as the trade dispute heats up. Tariffs imposed this summer slashed profit on its ribbed cashmere hats made in China by 50%.\n\n“It’s hard enough to adjust to price increases, but it’s just more difficult when you are uncertain how policy will unfold in the future,” said Richard Curtin , a University of Michigan economist who analyzed the Vistage data. “For small firms that means being more cautious in your investment and hiring plans.”\n\nWiscon Products Inc., a precision machine shop in Racine, Wis., normally orders raw materials six months in advance, but these days it is having trouble getting customers to decide what they need in three weeks. One auto maker canceled a $2 million parts order destined for China because of escalating trade tensions.\n\nThe 75-year-old company has replaced about 40% of lost revenue through aggressive marketing and expects to end up stronger, with a more diversified customer base. Yet, it has put off plans to buy new machines.\n\n“This is the strangest I’ve ever seen it,” said Wiscon President Torben Christensen , who has run the company for the past decade. “It’s busy. The economy is booming, but there is great uncertainty. A lot of it has to do with trade policy.”\n\nTrade talks have mostly stalled since late May, when negotiators were believed to be close to a deal. Since then negotiators have sought, so far without success, to reach a limited preliminary arrangement that would have China committing to buying more U.S. farm products and the U.S. agreeing to ease off restrictions on China’s Huawei Technologies Co.\n\nAdditional U.S. tariffs of 15% on $156 billion of Chinese-made smartphones, laptops, toys, videogames and other products have been set for Dec. 15.\n\nOn Friday, Mr. Trump rejected the notion that his trade policies were hurting the U.S. economy. He blamed “badly run and weak companies” for any business setbacks and urged the Federal Reserve to cut interest rates to support the economy.\n\nArgosy Cruises, a Seattle tour-boat operator, recently postponed plans to replace two aging vessels after being told that the 500-passenger boat that cost $8.5 million two years ago would now cost about $1 million more. Boatyards blame tariffs for the price increase, said Argosy Chief Executive Kevin Clark, who also worries trade tensions are reducing the flow of Chinese tourists.\n\n“There needs to be some kind of stabilization in the tariff situation and pricing,” Mr. Clark said. “I hate to sign a contract for the next two years without an element of certainty.”\n\nTravis Luther , founder of Queen Anne Pillow Co., a Denver-based maker of high-end bed pillows, said larger competitors have accelerated purchases to get ahead of tariffs, something his six-year-old company can’t afford.\n\n“That’s not a very healthy move for small companies or upstarts,” said Mr. Luther, whose company is already paying higher tariffs on Chinese-made cotton textiles used to make pillows in the U.S.\n\nTo adapt, some companies are relocating production. LumiGrow Inc., a 30-employee maker of LED lighting used in horticulture, is shifting to a factory in Malaysia just one year after it moved production to China from the U.S. to reduce costs.\n\nJay Albere , the Emeryville, Calif.-based company’s chief executive, supports tariffs but not quick shifts in trade policy. One shipload of LED lights was on its way from China when higher tariffs were imposed this spring with just a few days notice. “Just give me the ability to plan for it and make a smart business decision,” he said. “The lack of certainty is really, really hard.”\n\nSome small-business owners say switching from Chinese suppliers isn’t an option. Charlotte, N.C.-based remodeez said other countries don’t have the know-how or infrastructure to produce its deodorizers. Even if it could find a new factory, the cost of switching at this stage of the 31-year-old company’s development would be debilitating given the investment it has made in China, it said.\n\nThe startup plans to absorb the cost of the tariffs rather than raise prices for the deodorizers, which typically retail for $9.99. “Today, we’re an impulse buy,” Chief Executive Jason Jacobs said. “Once you cross the $10 threshold, it’s a whole different retail psychology.”\n\nMeanwhile, the higher costs are pinching cash flow and crimping expansion plans. “It’s not going to crush us,” said Mr. Jacobs, who previously founded two successful software startups. “But if this was having to put food on my table, I’d be done. The reason I can get through this is I don’t need a paycheck.”\n\nKwanwoo Jun and Chao Deng contributed to this article.\n\nWrite to Ruth Simon at ruth.simon@wsj.com, Megumi Fujikawa at megumi.fujikawa@wsj.com and Paul Hannon at paul.hannon@wsj.com",
    "published": "2019-09-02"
  },
  {
    "source": "WSJ",
    "title": "Trade Disputes Curb Global Factory Activity as Confidence Wanes",
    "summary": "The manufacturing activity slowdown has been exacerbated by the escalating trade war between the U.S. and China",
    "link": "https://www.wsj.com/articles/trade-disputes-curb-global-factory-activity-as-confidence-wanes-11567426178?mod=Searchresults_pos10&page=17",
    "content": "The manufacturing slowdown has been exacerbated by a series of trade disputes.\n\nThe fallout from an escalating trade war between the U.S. and China is rippling through the global economy, crimping growth in Asian industrial giants such as Japan and South Korea and hitting factories as far away from the front line as Germany.\n\nGlobal industrial production fell in the three months through June, as did trade flows, both signs that the economy is slowing. A series of surveys of manufacturing companies in Asia and Europe suggests a rebound is unlikely over coming months as tariffs on goods moving between the global economy’s two largest players continue to rise. A similar survey in the U.S. on Tuesday is expected to send the same message.\n\nFresh signs of weakness in global manufacturing will put central bankers around the world on alert to provide further stimulus following a synchronized wave of cuts in interest rates over recent months. They worry that the longer the factory slowdown continues and the wider it spreads, the more likely it is to drag on other parts of the economy that remain relatively healthy.\n\nManufacturing activity in many leading economies has been slowing since early 2018, as factories touched full capacity after a long expansion and central banks raised their interest rates to cool demand.\n\nHowever, the slowdown has been exacerbated by a series of trade disputes, which escalated Sunday when the U.S. imposed tariffs of 15% on Chinese goods including clothing, tools and electronics. A round of retaliatory Chinese tariffs also took effect, targeting imports of U.S. soybeans, crude oil and pharmaceuticals. Additional U.S. tariffs of 15% on $156 billion of Chinese-made smartphones, laptops, toys, videogames and other products have been postponed until Dec. 15, after the period when goods are typically imported for the holiday season.\n\nTrade talks have mostly stalled since late May, when negotiators were believed to be close to a deal. The U.S. side accused China of backing down on a pledge to make structural changes, such as legal measures to protect intellectual property, while Beijing said it wanted the U.S. to remove existing tariffs before implementing the accord.Since then negotiators have sought, so far without success, to reach a limited preliminary arrangement that would have China committing to buying more U.S. farm products and the U.S. agreeing to ease off restrictions on China’s Huawei Technologies Co.\n\nOn Monday, Beijing said that it had lodged a complaint with the World Trade Organization over the Trump administration’s tariffs on $300 billion in Chinese goods.\n\n“The US side’s tariff measures seriously violate the consensus that the US and Chinese leaders agreed to in Osaka,” said the commerce ministry in a statement. “The Chinese side is strongly dissatisfied and resolutely opposes it.”\n\nThe impact of higher tariffs is already being felt among China’s neighbors, which have seen exports to the world’s second-largest economy decline. South Korea said Sunday that its exports to China fell 21.3% in August compared with the same month a year earlier, driving an overall 13.6% decline in exports. And Japan said Monday that capital spending by the country’s manufacturers fell 6.9% in the April-June quarter, the first decline in two years, as companies grappled with a nearly double-digit decline in exports to China.\n\nBoth Japan and South Korea have said the effect is particularly pronounced in high-tech parts and materials purchased by factories in China, such as Japanese auto parts and South Korean semiconductors. The Chinese factories use those products to manufacture finished goods, some of which are exported to the U.S.\n\nManufacturers’ profits are falling. Kobe Steel Ltd. in August cut its profit forecast for the year ending March 2020 by 60% to about $95 million. It said that tech companies were expected to buy less aluminum and copper and that sales of hydraulic excavators were likely to drop in China.\n\nParcel company Yamato Holdings Co. took a special loss of nearly $30 million in July related to a Chinese affiliate that handles parcels at Chinese airports.\n\nNewsletter Sign-up What’s News Catch up on the headlines, understand the news and make better decisions, free in your inbox daily. Enjoy a free article in every edition. Preview Subscribed\n\n“There has been deterioration in the logistics market due to the U.S.-China trade friction, and uncertainty over the outlook for this market is growing,” a Yamato spokesman said Monday.\n\nIn China itself, August surveys of manufacturers sent mixed signals. One survey of purchasing managers that focuses on smaller, privately owned companies indicated a pickup in activity, while another that focuses on larger manufacturers pointed in the other direction.\n\nHowever, even the more positive news contained in the first of these—the Caixin—contained a warning on trade, as new export orders declined at the fastest pace this year.\n\n“China’s economy showed signs of a short-term recovery, but downward pressure remains a long-term problem,” said Zhengsheng Zhong , an economist at CEBM Group.\n\nIn a number of Asian economies, similar surveys of purchasing managers had a clearer message, pointing to declines in activity during August in Japan, Taiwan, South Korea and Indonesia.\n\nThat trend was replicated in Europe, where a drop in activity was most pronounced in Germany, the continent’s exporting powerhouse and a leading global supplier of machinery and equipment.\n\n“Trade wars and tariffs remain the biggest concerns among producers, and the escalation of global trade war tensions in August encouraged further risk aversion,” said Chris Williamson , chief business economist at IHS Markit, which conducts the surveys.\n\nThe purchasing managers index for Germany’s manufacturing sector rose slightly to 43.5 from 43.2 in July, pointing to a contraction as it stayed below the 50.0 mark.\n\nShare Your Thoughts What do these PMI figures indicate about the future of the global economy? Join the conversation below.\n\nOutside the eurozone, the U.K. saw a sharp fall in its PMI to its lowest level in seven years as concerns about the way in which the country will leave the European Union added to global headwinds.\n\n“Investment continued to peter out and heightened concerns about the U.K.’s political situation and the strength of the global economy acted as a drag on activity,” said Duncan Brock , group director at the Chartered Institute of Procurement and Supply.\n\nAdditional U.S. tariffs of 15% on $156 billion of Chinese-made smartphones, laptops, toys, videogames and other products have been postponed until Dec. 15, after the period when goods are typically imported for the holiday season.\n\nMeeting in Jackson Hole, Wyo., last week, central bankers from around the world expressed growing worries about the impact of the trade war on their economies.\n\nThe U.S. Federal Reserve has already sought to cushion the U.S. economy against the risks from slowing global growth and rising trade uncertainty by cutting its key interest rate in July for the first time since 2008. With signals from the global economy continuing to point to weakness, it is likely to move again in September. The European Central Bank is also expected to cut its key interest rate this month, following a raft of other central banks.\n\nKwanwoo Jun and Chao Deng contributed to this article.\n\nWrite to Megumi Fujikawa at megumi.fujikawa@wsj.com and Paul Hannon at paul.hannon@wsj.com\n\nCorrections & Amplifications\n\nAn earlier version of this article incorrectly referred to China’s Huawei Technologies Co. as Huawei Telecommunications Co. (Sept. 1, 2019)",
    "published": "2019-09-02"
  },
  {
    "source": "WSJ",
    "title": "Democrats Labor to Stem Flow of Union Voters to Trump",
    "summary": "Trump won in 2016 in part by peeling off rank-and-file union members. Now Democrats hope to lure them back.",
    "link": "https://www.wsj.com/articles/democrats-labor-to-stem-flow-of-union-voters-to-trump-11567422002?mod=Searchresults_pos8&page=79",
    "content": "Union organizers in Minnesota are concerned about the pull Donald Trump had in 2016. Determined to change that, they are mobilizing field workers already in preparation for the 2020 election.\n\nLike many in Virginia, Minn., Jim Pechonick works at an iron ore mine and was raised a Democrat. Then came Donald Trump with promises to restore the greatness of American steel.\n\n“The only time in my life I’ve ever been out of a job was under Obama,” said Mr. Pechonick, 51 years old, recalling a stretch in 2009-10 when the mine closed due to the poor economy. In 2016, he joined a sizable number of union workers, particularly white men, who voted for Mr. Trump. “Somebody needed to shake up the country,” he said.\n\nThe shift helped Mr. Trump win Pennsylvania, Wisconsin and Michigan, states with strong union traditions, and has put Minnesota—which he lost narrowly three years ago—into possible contention in 2020. The president’s appeal to builders, electricians, plumbers, roofers and miners has alarmed labor leaders, who are now scrambling to prevent further erosion.\n\n“It’s a serious problem for us,” said Alan Netland, president of the North East Area Labor Council in Duluth, Minn., which represents 40,000 union members. “People may say, ‘I voted Republican and the world didn’t fall in, so maybe I better keep doing that.’”\n\nUnion officials, along with Democratic presidential candidates, are now trying to highlight what they see as a yawning gap between the president’s pro-worker rhetoric and his policies.\n\nMr. Trump’s campaign points to the strong economy and steps he has taken to protect American jobs, including tearing up global trade deals, levying tariffs on foreign steel and clearing away environmental obstacles for mining and other industries. It plans to launch a grass-roots labor coalition in which pro-Trump union members would seek to recruit fellow workers to support the president.\n\nMr. Trump as a candidate sold himself as a friend to labor, blasting the North American Free Trade Agreement and pressing an “America First” agenda focused on returning manufacturing jobs lost to Mexico and China.\n\nAs a result, Mr. Trump did better among union members than any Republican since Ronald Reagan .\n\nThe Union Vote Donald Trump in 2016 did better among union members than any Republican presidential candidate since Ronald Reagan. This was largely driven by white men, who make up the core of Mr. Trump's base heading into the 2020 election. Percent of presidential vote by union members All union members Democrat Republican 2016 54% 39% 2012 65% 34% White men members 2016 39 52 2012 55 43 White women members 56 38 2016 61 38 2012 Nonwhite men members 68 20 2016 82 17 2012 Nonwhite women members 2016 87 8 2012 86 14\n\nWhile Hillary Clinton commanded the overall labor vote partly due to strength among public sector unions, which account for nearly half of union members, her numbers were down about 10 percentage points from President Barack Obama ’s in 2012. Mr. Trump’s stance on immigration and guns resonated with those voters and now, his campaign is counting on an increasingly liberal Democratic Party to turn off more.\n\n“They’ve gone so far left,” said Mr. Pechonick, who was having a beer at the Sawmill Saloon, a hangout for miners, said of Democrats. Still, Mr. Pechonick is waiting to see which Democratic candidate emerges, noting he felt the tax bill the president signed into law favored the wealthy.\n\nUnion leaders and Democrats see an opening. Mr. Trump, they point out, hasn’t delivered on his promise to push a massive job-creating infrastructure package and his administration has scaled back overtime and other worker protections. Last week, the president nominated Eugene Scalia , a former corporate lawyer who has battled unions, to be the next Labor Department secretary.\n\nDemocratic candidates have put appeals to working-class voters at the front of their campaigns. “I am a union man,” declared former Vice President Joe Biden, who leads in 2020 primary polls, during his campaign kickoff in Pennsylvania in May.\n\nThe president was paying attention. He unleashed a wave of tweets as Mr. Biden collected an endorsement from the national firefighters’ union. “I’ve done more for Firefighters than this dues sucking union will ever do, and I get paid ZERO!” Mr. Trump wrote. During a recent speech at a petrochemical plant in Pennsylvania, he urged rank-and-file union members to take action against leaders who continue to press them to back Democrats. “Vote them the hell out of office,” he said.\n\nJim Pechonick, 51, voted for Donald Trump in 2016, reflecting the trend among Northern Minnesota union members moving away from the Democratic Party. Photo: Alex Leary/The Wall Street Journal\n\nJoseph McCartin, a labor expert at Georgetown University, said 2016 wasn’t just about Mr. Trump pulling in significant amounts of union support in Midwestern states; it was a reflection on the decline of organized labor. Wisconsin, which Mr. Trump won by about 23,000 votes, lost 176,000 union members from 2008-2016, according to his research. The trend was similar in Pennsylvania and Michigan.\n\nUnion membership has declined nationally for decades as manufacturing jobs waned and outsourcing grew, in addition to other factors.\n\nThe concern seen in Minnesota was apparent in Erie County, Pa., a blue-collar stronghold since the 1980s that was one of several counties in the state that flipped for Mr. Trump. “He won the presidency here. I am determined to change that,” said Bill McLaughlin, business manager of the local chapter of the Laborers’ International Union of North America.\n\nOn a recent day, Mr. McLaughlin talked to three laborers in bright yellow shirts smoking on their break at a construction site. Two men said they had voted for Mrs. Clinton, and the third said he didn’t vote. Mr. McLaughlin started his pitch anyway. He said if a rule change to apprenticeship programs proposed by the U.S. Labor Department goes through, union laborers in Erie could see their wages and benefits cut to $17 an hour from more than $40 an hour. “I hope you have some very strong feelings about the election,” he said.\n\nAcross the city, Scott Johnson, business manager of Local 210 of the United Union of Roofers, Waterproofers and Allied Workers, said he thinks about 50% of the local supports the president. Mr. Johnson said he finds many of Mr. Trump’s tweets offensive and thinks the president gets too much credit for the economy. “It’s hard to get any of the members that are for him to even see that that’s not even 100% the case, but they’ll say Obama tanked the economy and killed the jobs,” he said.\n\nWorking a few feet away in the same office at the union hall was Ted Lunger, who worked for 15 years as a roofer and is a huge Trump supporter. He said he likes the president’s stands on immigration and the Second Amendment and finds the tweets and spats with Democrats entertaining. More than half the members of the union would vote for Mr. Trump, he predicted. “I just think he’s good for the economy.”\n\nSteve Bonach, president of the United Steelworkers Local Union 1938 in Virginia, Minn., says a lot of the union members backed Donald Trump in 2016 despite longstanding Democratic allegiance. Photo: Alex Leary/The Wall Street Journal\n\nThere are 720,000 union members in Pennsylvania, and Mr. Trump won the state by just 44,000 votes. Rick Bloomingdale, president of the state federation of the AFL-CIO, said the president will hold on to socially conservative members concerned about abortion and gun rights. “We just have to convince 44,000 or 30,000 people that voted for Trump last time to vote for someone else.”\n\nSome union members who backed the president in 2016 are rethinking their votes, Mr. Bloomingdale said. “In some areas where Trump did well there’s been some disillusionment, but not totally. They’re not convinced the Democrats are there yet either. They’re waiting to hear what the candidates are going to say about the economy.”\n\nDemocrats have made that a central focus of their campaign, pressing that they aren’t taking union votes for granted. Many candidates, including Sen. Elizabeth Warren of Massachusetts and South Bend, Ind., Mayor Pete Buttigieg , have joined workers on the picket lines.\n\nSen. Bernie Sanders of Vermont released a plan last month intended to double union membership and he, and others, tweaked his Medicare for All plan based on concerns from some union members that a government plan would be less generous than their union benefits.\n\nSome officials with industrial unions say they’re dissatisfied with Mr. Trump’s challengers so far. “It’s going to be tough to get our members to vote for a Democrat,” said Chuck Knissel, a vice president with the United Mine Workers of America in Uniontown, Pa., 45 miles south of Pittsburgh.\n\nMr. Knissel, a Democrat who said he doesn’t support Mr. Trump, said he wanted to throw up watching a recent Democratic debate as candidates all said they want to end the use of coal. He credits Mr. Trump with successfully targeting working class voters. “What he did to get elected was genius,” said Mr. Knissel.\n\n“He took the working-class people out of the Democratic Party.”\n\nEliza Collins contributed to this article.\n\nWrite to Alex Leary at alex.leary@wsj.com and Kris Maher at kris.maher@wsj.com",
    "published": "2019-09-02"
  },
  {
    "source": "WSJ",
    "title": "What’s News: Business & Finance",
    "summary": "This copy is for your personal, non-commercial use only. Distribution and use of this material are governed by our Subscriber Agreement and by copyright law. For non-personal use or to order multiple copies, please contact Dow Jones Reprints at 1-800-843-0008 or visit www.djreprints.com.",
    "link": "https://www.wsj.com/articles/whats-news-business-finance-11567383318?mod=Searchresults_pos1&page=31",
    "content": "This copy is for your personal, non-commercial use only. Distribution and use of this material are governed by our Subscriber Agreement and by copyright law. For non-personal use or to order multiple copies, please contact Dow Jones Reprints at 1-800-843-0008 or visit www.djreprints.com.\n\nhttps://www.wsj.com/articles/whats-news-business-finance-11567383318",
    "published": "2019-09-02"
  },
  {
    "source": "WSJ",
    "title": "Global Stocks Rise on Manufacturing Data",
    "summary": "Data shows modest uptick in Europe’s manufacturing sector; economic growth concerns remain",
    "link": "https://www.wsj.com/articles/global-stocks-gain-ahead-of-european-data-11567410813?mod=Searchresults_pos17&page=33",
    "content": "Global stocks rose after manufacturing data in both China and Europe showed some improvement, but economic growth concerns remained.\n\nThe Stoxx Europe 600 closed 0.3% higher on Monday, marking a third consecutive session of gains.\n\nThe U.K.’s FTSE 100 climbed 1%, topping regional gains as worries the government would turn to a general election to break the nation’s Brexit deadlock weighed on the British pound. Sterling weakened 0.7% against the dollar. That provided a boost to companies in the blue-chip index that make a significant portion of their profits overseas.\n\nThe broader rises in Europe came as data showed a modest uptick in the region’s manufacturing sector. The manufacturing purchasing-managers index for the eurozone—a gauge of activity in the region’s factories—came in at 47.0 for August, which signaled continued contraction, though it was modestly better than the 46.5 reading from July.\n\nStill, investors and analysts remained concerned about the region’s growth prospects, which have been buffeted by the threat of a no-deal Brexit and the U.S.-China trade fight.\n\n“Growth in the eurozone has not really recovered since 2008. It’s been pretty much in a zombie state,” said Christopher Peel , chief investment officer at Tavistock Wealth in London, adding that Monday’s factory figures were unlikely to alter that trend.\n\nAfter the economies of Germany and the U.K. contracted in the second quarter, investors were hoping that similar PMI surveys of those nations’ manufacturers released Monday might offer signs the two economies could dodge a recession. A common definition of a recession is at least two consecutive quarters of negative growth.\n\nInstead, the figures confirmed that “Germany and others are being caught up in the trade war between the U.S. and China,” said Peter Dixon , chief economist at Commerzbank, adding that Germany’s manufacturing PMI data suggested the sector was likely in recession.\n\nThe U.K. manufacturing PMI reading—which was the lowest in seven years—showed the nation’s stalled departure from the European Union weighing on factories, Mr. Dixon said. “The Brexit effect is clearly there.”\n\nLondon-listed pharmaceutical giant AstraZeneca made some of the largest gains in Europe. Its shares rose 2.9% after reaching a record level following positive results from trials of its Farxiga drug.\n\nAsian stock indexes were mixed, with Japan’s Nikkei and Hong Kong’s Hang Seng both down 0.4%, while Korea’s Kospi edged up 0.1%.\n\nU.S. markets were closed for the Labor Day holiday, leading to lower-than-usual trading volumes in Asia, said Stephen Innes , Asia-Pacific market strategist for AxiTrader, in a note.\n\nInvestors also had to reckon with an escalation in the U.S.-China trade dispute after both sides went ahead with a new round of tariffs on each other’s goods over the weekend.\n\n“The general market mood is likely to remain fragile with investors focused on trade war issues,” said analysts at Italian bank UniCredit in a note.\n\nU.S. tariffs of 15% on Chinese goods including clothing, tools and electronics came into force on Sunday, escalating the dispute ahead of further talks expected later in the month. A round of retaliatory Chinese tariffs also took effect, targeting imports of U.S. soybeans, crude oil and pharmaceuticals.\n\nStill, Chinese indexes performed strongly after a private survey of the nation’s manufacturers showed factory activity rebounded to a five-month high last month. The private survey was in contrast to official figures released Saturday, however, which pointed to a continuing downturn in Chinese factories.\n\nIn currencies, the British pound slipped 0.7% against the dollar as fears of a no-deal Brexit weighed on sentiment ahead of a crucial week for the U.K.’s departure from the European Union, said Commerzbank’s Mr. Dixon.\n\nIn the U.K., British lawmakers were due to return to Parliament Tuesday after a summer recess. Members opposed to a no-deal Brexit have less than one week to table legislation that would rule it out.\n\n“We are coming into the week where Parliament reconvenes and traders have had a weekend to think about the risks,” Mr. Dixon said.\n\nThe slide in the pound likely drove the strong gains for the FTSE 100, Mr. Dixon said. A large chunk of FTSE 100 companies’ profit is generated overseas, and those earnings become more valuable with a weaker pound.\n\nThe Argentine peso gained 2.6% against the dollar after the country moved to impose capital controls amid investors’ concerns that populist Alberto Fernández could succeed Mauricio Macri as president.\n\nThe euro hit a two-year low against the dollar after slipping last week as weak economic data raised expectations that the European Central Bank would move to ease monetary policy. The currency lost 0.2% against the dollar, bringing it to $1.0971.\n\nIn commodities markets, global benchmark Brent crude oil fell 1.4% to $58.42 a barrel, while gold prices ticked up 0.5% to $1,528.14 a troy ounce.",
    "published": "2019-09-02"
  },
  {
    "source": "WSJ",
    "title": "U.S.-China Trade War Takes Toll on South Korea and Japan",
    "summary": "Economies of China’s neighbors suffer, starting with manufacturers of high-tech equipment",
    "link": "https://www.wsj.com/articles/u-s-china-trade-war-takes-toll-on-south-korea-and-japan-11567415192?mod=Searchresults_pos19&page=26",
    "content": "TOKYO—The U.S.-China trade war is beginning to crimp the economies of China’s neighbors, starting with manufacturers of high-tech equipment.\n\nSouth Korea said Sunday that its exports to China fell 21.3% in August compared with the same month a year earlier, driving an overall 13.6% decline in exports. And Japan said Monday that capital spending by the country’s manufacturers fell 6.9% in the April-June quarter, the first decline in two years, as companies grappled with a nearly double-digit decline in exports to China.\n\n“Given that there is no sign of recovery in Japan’s exports due to the U.S.-China trade friction, the downtrend in manufacturers’ profits and capital expenditures is expected to continue,” said NLI Research Institute analyst Taro Saito.\n\nOn Sunday, the U.S. went ahead with new tariffs of 15% on clothing and other imports valued at $111 billion last year, on top of 25% tariffs previously imposed on about $250 billion of Chinese imports.\n\nSouth Korea’s industry minister, Sung Yun-mo , cited the rising tariffs as a warning sign alongside other regional tensions including Japan’s tighter restrictions on exports to South Korea. Tokyo attributed the restrictions to its lack of trust in Seoul after disputes over Japan’s colonial legacy.\n\n“The growing trade feud between the United States and China, along with Japan’s export curbs and the Hong Kong crisis sparked uncertainties in the global business environment,” Mr. Sung said.\n\nBoth Japan and South Korea have said the effect is particularly pronounced in high-tech parts and materials purchased by factories in China, such as Japanese auto parts and South Korean semiconductors. The Chinese factories use those products to manufacture finished goods, some of which are exported to the U.S.\n\nManufacturers’ profits are falling. Kobe Steel Ltd. in August cut its profit forecast for the year ending March 2020 by 60% to about $95 million. It said tech companies were expected to buy less aluminum and copper, and that sales of hydraulic excavators were likely to drop in China.\n\nParcel company Yamato Holdings Co. took a special loss of nearly $30 million in July related to a Chinese affiliate that handles parcels at Chinese airports. “There has been deterioration in the logistics market due to the U.S.-China trade friction, and uncertainty over the outlook for this market is growing,” a Yamato spokesman said Monday.\n\nEven after decades of growing economic interdependence, exports to China by themselves account for a small portion of the total output of countries like Japan and South Korea. In Japan’s case, exports to China equaled 2.8% of gross domestic product in the year ended March 2019. But a falloff in exports could trigger a broader downward cycle by leading companies to slash investment or by making consumers more cautious.\n\nThe Port of Busan in South Korea. The country’s decline in exports to China drove an overall decline. Photo: SeongJoon Cho/Bloomberg News\n\nThe data don’t provide a clear picture on whether those broader effects are taking hold. The economies of Japan and South Korea both grew in the April-June quarter, while Germany—another big exporter of high-tech goods to China—shrank slightly. Japan’s exports to the U.S. rose 8.4% on year in July, making up the losses from China.\n\nChina itself has yet to show a dramatic effect from the trade conflict. Its economy grew 6.2% in the April-June quarter, according to official figures, which was the lowest growth in decades but only slightly down from the previous quarter. A private gauge of China’s factory activity rebounded in August to a five-month high, although a subindex for new export orders dipped to its lowest level this year.\n\n“China’s economy showed signs of a short-term recovery, but downward pressure remains a long-term problem. Amid unstable Sino-American relations, China needs to step up countercyclical policies,” said Zhengsheng Zhong , director of macroeconomic analysis at CEBM Group, a Chinese research firm.\n\nSouth Korea’s central bank in July made the first cut to its benchmark interest rate in three years, and some economists expect another cut by the end of the year.\n\nYoshimasa Maruyama , chief market economist at SMBC Nikko Securities, said measures to counter the impact of trade conflicts were likely to fall short. “We continue to believe the Japanese economy will fall into a mild recession in the October-December period,” Mr. Maruyama said.\n\nGrace Zhu in Beijing contributed to this article.\n\nWrite to Megumi Fujikawa at megumi.fujikawa@wsj.com and Kwanwoo Jun at kwanwoo.jun@wsj.com",
    "published": "2019-09-02"
  },
  {
    "source": "WSJ",
    "title": "What’s News: Business & Finance",
    "summary": "This copy is for your personal, non-commercial use only. Distribution and use of this material are governed by our Subscriber Agreement and by copyright law. For non-personal use or to order multiple copies, please contact Dow Jones Reprints at 1-800-843-0008 or visit www.djreprints.com.",
    "link": "https://www.wsj.com/articles/whats-news-business-finance-11567383318?mod=Searchresults_pos5&page=3",
    "content": "This copy is for your personal, non-commercial use only. Distribution and use of this material are governed by our Subscriber Agreement and by copyright law. For non-personal use or to order multiple copies, please contact Dow Jones Reprints at 1-800-843-0008 or visit www.djreprints.com.\n\nhttps://www.wsj.com/articles/whats-news-business-finance-11567383318",
    "published": "2019-09-02"
  },
  {
    "source": "WSJ",
    "title": "The American Consumer Keeps Beating Expectations",
    "summary": "Equity analysts are pessimistic about earnings, but U.S. consumers keep fueling the stock market",
    "link": "https://www.wsj.com/articles/the-american-consumer-keeps-beating-expectations-11567430128?mod=Searchresults_pos7&page=56",
    "content": "Perhaps the biggest question facing investors right now is whether consumer spending will follow the deteriorating trend in the industrial economy that has spread from China to Germany and the U.S. in recent quarters.\n\nFor now, the pessimism of stock analysts clashes with the willingness of American consumers to keep boosting corporate profits.\n\nThe current economic malaise, while similar in origin to the slowdown that happened in 2015-16, is playing out quite differently.\n\nThen, as now, structural problems in China wreaked havoc among manufacturers. In fact, heavy industry has actually suffered more this time around because of the disruption caused by the U.S.-China tariff spat and tougher emissions regulations in the car industry. The German economy in particular has proven vulnerable.\n\nWhat is different now is that three years of rising employment and pay seem to have imbued household budgets with a higher degree of resilience. Last week, government statisticians revised down their reading of U.S. economic growth for the second quarter to 2%, due to the impact of weaker-than-expected exports and inventory investment, but recorded a strong pickup in company earnings and consumer spending—now upgraded to its strongest reading since 2014. Official figures also showed a sharp rise in U.S. consumer spending in July.\n\nThis has benefited much of the consumer-led economy. During the year’s first half, earnings declined in S&P 500 sectors including industrials, materials and energy, but this was offset by profit growth in consumer industries, health care and even banks. Manufacturing is, after all, only 10% of the U.S. economy.\n\nAs a result, S&P 500 earnings per share are up almost 20% relative to the second quarter of 2018. In more export-dependent Europe, Euro Stoxx 50 earnings are down only slightly over the same period. Profits were much weaker in the 2015-16 deceleration, particularly in Europe, where domestically focused industries are also holding up much better.\n\nThe disconcerting result has been strong equity returns despite an avalanche of gloomy headlines about the world economy.\n\nOne way stock analysts have made sense of the contradiction is with cautious earnings forecasts.\n\nThis can be seen in the gap between the profit growth they expect S&P 500 corporations to report in the next 12 months and the profit growth companies have actually reported for the past 12 months. The two metrics tend to be correlated. This year, however, trailing profits in the U.S. have started outpacing profit forecasts by the most since 2011. The opposite was true in 2015 and 2016.\n\nOf course, the gloom will prove justified if the unemployment rate rises and consumers’ pockets get squeezed. Consumer-sentiment data has started weakening and, unlike in 2016, there is the risk that Beijing won’t unleash enough fiscal stimulus to set global demand back on track.\n\nShoppers carrying retail bags while walking in the SoHo neighborhood of New York in March. Photo: Gabby Jones/Bloomberg News\n\nBut this scenario would most likely lead to a full-blown recession in the U.S., and analysts don’t seem willing to make that call either—at least not yet. Without a recession on the horizon, it seems unfair to dismiss the S&P 500 as overbought or simply supported by lower bond yields and central-bank policy.\n\nJudging by the resilience of corporate profits so far, equity investors should party like it isn’t 2015.\n\nWrite to Jon Sindreu at jon.sindreu@wsj.com",
    "published": "2019-09-02"
  }
]