[
  {
    "source": "WSJ",
    "title": "Retaliatory Tariffs Decide Which U.S. Industries Fail",
    "summary": "My industry is dying. Hardwood exporters cannot pivot to another crop and we will be helping China to build a secondary processing industry which will supplant ours.",
    "link": "https://www.wsj.com/articles/retaliatory-tariffs-decide-which-u-s-industries-fail-11562352756?mod=Searchresults_pos12&page=5",
    "content": "Products of Brian Tedesco’s company. Photo: Brian Tedesco\n\nBrian Tedesco is correct in his analysis (“My Customers Don’t Pay Trump’s Tariffs,” op-ed, July 1). Moreover, Chinese firms aren’t absorbing much of the tariffs since the yuan has fallen in value. Like so many economic concepts, the media, out of blindness or ignorance, miss the target.\n\nWhile the tariffs may help us determine which industries will succeed (although if China is absorbing the cost, then there is no benefit for domestic production), it is the retaliatory tariff which determines which American industries fail. We are still allowing China to destroy American industry—this is outsourcing 2.0.",
    "published": "2019-07-05"
  },
  {
    "source": "WSJ",
    "title": "Real Time Economics: What Will the June Jobs Report Tell Us About the Economy?",
    "summary": "This is the web version of the WSJ’s newsletter on the economy. You can sign up for daily delivery here.",
    "link": "https://www.wsj.com/articles/real-time-economics-what-will-the-june-jobs-report-tell-us-about-the-economy-01562323795?mod=Searchresults_pos12&page=63",
    "content": "This is the web version of the WSJ’s newsletter on the economy. You can sign up for daily delivery here.\n\nIt's jobs day! Jeff Sparshott here to walk you through key economic developments ahead of the June employment report. We'll be back with a special edition of the newsletter after the numbers are released. Send us your questions, comments and suggestions by replying to this email.\n\nSummer Job or Summer School?\n\nTeenagers aren't working like they used to. They are, in fact, one of the big reasons the U.S. labor-force participation rate is depressed. “If teens had still participated in the labor force at their 2000 rates, aggregate 16-64-year-old participation would be more than 1.3 percentage points higher,” the Hamilton Project says in a new blog post. That’s about one-third of the aggregate drop in labor-force participation among the working-age population.\n\nThey’re lazy, right? Nah. The Hamilton Project says declining teen labor-force participation reflects more time spent in school during the summer and during the academic year. \"In both cases, the increased attention to academics may in fact be a better outcome for society than increased youth employment.”\n\nNah. The Hamilton Project says declining teen labor-force participation reflects more time spent in school during the summer and during the academic year. \"In both cases, the increased attention to academics may in fact be a better outcome for society than increased youth employment.” Will a tighter labor market reverse the trend?Perhaps it already is. This spring, the 12-month average unemployment rate for teens was the lowest in 49 years.\n\n—Likhitha Butchireddygari\n\nWHAT TO WATCH TODAY\n\nU.S. nonfarm payrolls for June are expected to rise by 160,000 from the prior month, the unemployment rate is expected to hold steady at 3.6% and average hourly earnings are expected to rise 3.2% from a year earlier. (8:30 a.m. ET)\n\nCanada's June employment report is out at 8:30 a.m. ET.\n\nTOP STORIES\n\nWhat to Watch in the June Jobs Report\n\nThe U.S. has entered the longest economic expansion in its history. How much longer can it run? The June U.S. jobs report should help sort out some of the economic crosscurrents, from resilient consumers to brittle manufacturing, Eric Morath and Sarah Chaney write.\n\nTrade winds. Keep a careful eye on which sectors are adding jobs and which aren’t. After surging last year, manufacturing employment has held essentially flat so far in 2019, suggesting trade tensions are driving caution. But hiring also has cooled in some industries less exposed to the global economy, including construction and information, signs of a broader slowdown.\n\nUnemployment and wages. Economists generally expect that very low unemployment causes employers to boost wages to attract workers. And wages are growing—but that growth has been slowing, not speeding up. That could give Federal Reserve policy makers wiggle room to cut their benchmark interest rate in hopes of sparking better growth.\n\nParticipation rate. The share of women ages 25 to 54 who are working or looking for work hit a decade-high in January but has since ticked down. If labor-force participation among these women has peaked, that bodes poorly for the overall prime-age participation rate, which has been disappointingly weak for much of this year. The economy’s potential is shaped by its workers and their output.\n\nMind the Trade Gap\n\nThe U.S. trade gap widened in May despite a new round of tariffs on Chinese goods. Imports posted thier biggest monthly rise in more than four years while exports grew moderately. Wells Fargo expects the bigger trade deficit to shave around half a percentage point off economic growth in the second quarter after adding almost twice that much in the first, Paul Kiernan reports.\n\n‘We’re Going to Have to Blink’\n\nU.S. farmers built a once-obscure crop into a blockbuster. Then they lost their biggest customer—American soybean exports to China plunged 74% by volume last year. Brazil raced to fill the gap, while prices paid to U.S. farmers recently slid to a seven-year low. Farmers, in fighting to hang onto the Chinese market, are pressing the administration to settle the dispute and pursuing direct channels to Chinese buyers, Jesse Newman reports.\n\nThe goal: restore trade with China. “We’re going to have to blink,\" said James Lee Adams, a former president of the American Soybean Association.\n\nGoldbug\n\nThe Federal Reserve could use an outsider with alternative thinking. Based on her flawed advocacy of the gold standard and how she shifts with the political winds, it's not clear Judy Shelton should be the one to offer it, Greg Ip writes.\n\nShe has attacked the current system for things it hasn’t done, such as creating inflation, and credited the gold standard for things it doesn’t do, like taking control of interest rates away from central bankers.\n\nthe current system for things it hasn’t done, such as creating inflation, and credited the gold standard for things it doesn’t do, like taking control of interest rates away from central bankers. She has shifted her policy advice with the political winds. That may help her candidacy but diminish her credibility inside the Fed, which prides itself on political independence.\n\nThe Prussian in Chanel\n\nChristine Lagarde is set to take the reins of the European Central Bank as it faces critical decisions over how to support the eurozone’s sagging economy. That could test her relationship with the ECB's biggest shareholder and frequent opponent of key policies, Germany. Ms. Lagarde will need to master that relationship quickly, Tom Fairless reports. The early signs are promising: German newspapers praised her success in repairing the IMF’s reputation after the financial crisis. One German magazine described Ms. Lagarde as a “Prussian in Chanel.”\n\nOf course, Germany may decide on its own it needs monetary relief. German manufacturing orders fell more than expected in May, the latest sign economic growth is moving to a slower lane in Europe’s largest economy. Manufacturing orders fell by 2.2% from a month earlier and 8.6% from a year ago. J.P. Morgan now expects a contraction in second-quarter German GDP.\n\nWHAT ELSE WE’RE READING\n\nTrade policy is weighing on economic growth. The World Trade Uncertainty index, developed by the IMF's Hites Ahir and Davide Furceri, and Stanford's Nicholas Bloom, recently hit a new high. \"We find that increases in uncertainty foreshadow significant output declines. Based on our estimates, the increase in trade uncertainty observed in the first quarter could be enough to reduce global growth by up to 0.75 percentage points in 2019,\" they write at the Center for Economic Policy Research.\n\nSign Up for Our Calendar\n\nReal Time Economics has launched a downloadable Google calendar with concise previews, forecasts and analysis of major U.S. data releases.\n\nTo add to your Google Calendar on desktop, click here.\n\nTo add to your Google calendar app on mobile, click here.\n\nIf you prefer to view the calendar using a web browser, with the option of adding select Real Time Economics entries to your calendar, click here.\n\nAnd here's our how-to.\n\nLet us know what you think. This is a pilot project, so we’d appreciate your feedback.",
    "published": "2019-07-05"
  },
  {
    "source": "WSJ",
    "title": "Berkshire Hathaway, Nike, Micron: Stocks That Defined the Week",
    "summary": "Major U.S. indexes ended the holiday-shortened trading week higher, with the S&P 500 index gaining 1.7%. All three main indexes closed Wednesday’s shortened session at record highs for the first time in 17 months.",
    "link": "https://www.wsj.com/articles/berkshire-hathaway-nike-micron-stocks-that-defined-the-week-11562363983?mod=Searchresults_pos12&page=66",
    "content": "Major U.S. indexes ended the holiday-shortened trading week higher, with the S&P 500 index gaining 1.7%. All three main indexes closed Wednesday’s shortened session at record highs for the first time in 17 months.\n\nAmong individual movers, the past week was headlined by a thawing in U.S.-China trade tension that lifted chip makers like Micron and Qualcomm. Merger mania continued to have an impact as well, with Genesee & Wyoming jumping on a go-private deal and Symantec soaring on a report of a deal. And Nike fanned the flames of controversy by pulling a flag-themed shoe because of objections from its pitchman Colin Kaepernick.\n\nHere, the stocks that defined the week:\n\nMicron Technology Inc. MU 0.64 %increase; green up pointing triangle\n\nShares of semiconductor companies soared after President Trump and Chinese President Xi Jinping agreed to a cease-fire on trade that would remove some U.S. curbs on Huawei Technologies buying equipment from the U.S. Micron shares gained 3.9% Monday, while Qualcomm gained 1.9% and Nvidia gained 1.2%. Under the deal, the U.S. also agreed to put off additional tariffs on Chinese goods, while China will start buying large amounts of American agricultural products.\n\nGenesee & Wyoming Inc.\n\nGenesee & Wyoming agreed to be taken private for about $6.5 billion, a deal that comes as the railroad industry shifts to running fewer, longer trains on tighter schedules. G&W, which has acquired scores of smaller railroads in recent years, has a strong presence in short-line railroads that act as the last-mile carrier and serve local customers. G&W said the offer of $112 a share, by affiliates of Brookfield Infrastructure and Singapore’s sovereign-wealth fund GIC, represents a 39.5% premium to the closing price of $80.28 on March 8, the day before media speculation about a deal surfaced. Shares leapt 8.9% Monday\n\nCoty Inc.\n\nCoty shares plummeted 13% Monday as the cosmetics and fragrance giant said it would restructure its operations and take a $3 billion write-down on the multibillion-dollar beauty business it acquired from Procter & Gamble. That deal, completed in 2016, gave Coty more than 40 brands from P&G like CoverGirl, Max Factor and Clairol. Coty said it would cut staff and product offerings while also reorganizing the business into distinct geographic units. “Clearly we are underperforming, we want to close the performance gap,” Coty Chief Executive Pierre Laubies said.\n\nNike Inc.\n\nNike pulled a Betsy Ross flag-themed sneaker off the market late Monday after football star-turned-activist Colin Kaepernick said it shouldn’t sell a shoe with a symbol that he and others considered offensive because of its connection to an era of slavery. The move revived a debate over the emblem and Nike’s hiring of Mr. Kaepernick, who hasn’t played in the NFL since 2016 when he led national anthem protests. Arizona’s governor responded Tuesday by withdrawing financial incentives the state had promised Nike to open a plant in Goodyear, while the town’s mayor said the city still wanted the company.\n\nSymantec Corp.\n\nSymantec shares surged 13% Wednesday following a news report that Broadcom is in “advanced talks” to buy the cybersecurity company. A deal, if it is completed, would be Broadcom’s second major acquisition in the past year—it bought software maker CA Technologies in July 2018 for about $19 billion—that would take the chip maker’s focus beyond its core after a hostile bid for rival Qualcomm was blocked by the U.S. government. Symantec has been struggling with poor performance and the departure of its chief executive in May. Broadcom shares fell 3.5% on Wednesday.\n\nBerkshire Hathaway Inc. BRK.B 0.61 %increase; green up pointing triangle\n\nWarren Buffett will donate Berkshire Hathaway shares worth about $3.6 billion to five foundations as a part of his plan to give away most of his wealth to charities and other philanthropic efforts, the company said Monday. Mr. Buffett plans to donate the shares to the Bill & Melinda Gates Foundation, Susan Thompson Buffett Foundation, Sherwood Foundation, Howard G. Buffett Foundation and NoVo Foundation. Including this latest gift, Mr. Buffett has donated about 45% of his 2006 holdings to date to the five foundations.\n\nJefferies Financial Group Inc. JEF 0.63 %increase; green up pointing triangle\n\nFinancial stocks rose Friday as a better-than-expected jobs report diminished expectations of a rate cut by the Federal Reserve at its policy meeting later this month. Finance was the sole sector of the S&P 500 that rose after the jobs report showed U.S. employers added 224,000 nonfarm jobs and the unemployment rate ticked up to 3.7%, as the profitability of banks and brokerages decreases in a falling-rate environment. Jefferies Financial Group climbed 3.4% Friday, while Comerica was up 1.7% and SunTrust Banks added 1.8%.\n\nWrite to Francesca Fontana at francesca.fontana@wsj.com.",
    "published": "2019-07-05"
  },
  {
    "source": "WSJ",
    "title": "Stocks Edge Lower as Jobs Report Clouds Expectations of a Rate Cut",
    "summary": "Report eases fears of a hiring slowdown",
    "link": "https://www.wsj.com/articles/global-stocks-waver-ahead-of-u-s-jobs-report-11562313342?mod=Searchresults_pos15&page=72",
    "content": "U.S. stocks stumbled and Treasury yields jumped Friday after a better-than-expected June jobs report clouded expectations of an imminent interest-rate cut by the Federal Reserve.\n\nAll three major indexes fell from their records after new data showed U.S. employers hired at a robust pace in June, somewhat dashing investors’ expectations of an interest-rate cut at the Fed’s policy meeting later this month. A sustained slowdown in job growth could potentially nudge the central bank into taking steps that would have stoked further economic growth.\n\nInstead, U.S. employers added 224,000 jobs last month, according to the Labor Department’s latest data. That topped analysts’ expectations and sent stocks lower after the opening bell.\n\nOn Friday morning, White House economist Larry Kudlow attempted to soothe investors, saying the central bank should “take back” its December interest-rate hike because inflation is “way below the Fed’s target.” Although major indexes recouped some of their earlier losses, investors appeared to remain skeptical as both the Dow and S&P 500 lingered in the red throughout Friday’s session.\n\n“Markets have moved to all but price out the probability of a double interest-rate cut from the Federal Reserve in July,” said Oliver Blackbourn, a portfolio manager on Janus Henderson’s multiasset team. “If the U.S. labor market and, by extension, the U.S. consumer remain in reasonable health, recession risks may start to look overpriced.”\n\nThe Dow Jones Industrial Average fell 43.88 points, or 0.2%, to 26922.12, while the S&P 500 declined 5.41 points, or 0.2%, to 2990.41. The Nasdaq Composite also fell, shedding 8.44 points, or 0.1%, to 8161.79.\n\nDespite the losses, all three indexes rose over the week, thanks, in part to gains that followed the trade truce the U.S. and China reached at the Group of 20 meeting in Osaka, Japan at the end of last month. The Dow industrials added 1.2% over the week, while the S&P 500 and Nasdaq advanced 1.7% and 1.9%, respectively.\n\nAt the same time, U.S. Treasury yields climbed as investors sold stocks and bonds simultaneously. The yield on the benchmark 10-year U.S. Treasury note jumped to 2.044% following the release of the jobs report, its biggest one-day gain since early January.\n\nChris Dillon, a capital-markets investment specialist at T. Rowe Price Group, was somewhat more optimistic that the central bank will be able to eventually cut interest rates since the total number of jobs added last month fell below 225,000.\n\nTraders on the floor of the New York Stock Exchange on Wednesday. Photo: Drew Angerer/Getty Images\n\nIf June’s number was above 225,000, T. Rowe expected the Fed to have less justification for several interest-rate cuts this year. But 224,000 is more of a “Goldilocks” level that keeps some—not all—of the Fed’s monetary easing in play, Mr. Dillon said. This year, employers have been adding an average 172,000 jobs a month through June, compared with 223,00 jobs a month in 2018.\n\nLuke Bartholomew , an Aberdeen Standard investment strategist, added that the jobs report aside, other U.S. economic figures have been a mixed bag, from slowing manufacturing activity to declining consumer sentiment. Couple that with tepid inflation and the Fed could still justify a rate cut, just not one as big as the market expects.\n\nInvestors who trade futures continue to heavily lean toward at least one rate cut at the Fed’s July meeting and subsequent sessions this year, according to CME Group data.\n\nStill, major indexes like the Dow industrials and the S&P 500 remain up 15% and 19%, respectively, this year and had set fresh records through Wednesday’s trading session. (Major U.S. exchanges were closed Thursday for the Independence Day holiday). Analysts said stock prices will likely ebb and flow over the next several weeks until the Fed offers further guidance on its plans later this month.\n\nTrade tensions also remain in play and could give the Fed the justification it needs to cut interest rates, some analysts added. Although the U.S. and China have agreed to hold off on further tariffs indefinitely, the two sides still haven’t reached a final deal that would remove the levies already in place.\n\n“The combination of this more positive data, the Fed easing and the truce in the trade war should help debt and equity markets rally into the summer,” Mr. Bartholomew said.\n\nOn Friday, interest-rate sensitive stocks mostly led the market lower. Real-estate firms in the S&P 500 fell 0.6%, while consumer staples and utilities declined 0.5% and 0.2%, respectively. Health-care stocks also stumbled, shedding 0.7%, as shares of Regeneron Pharmaceuticals fell $11.39, or 3.6%, to $307.\n\nFinancial stocks, meanwhile, notched a small gain, rising 0.4%, due to the move in bond yields. Higher rates usually allow banks to charge more for loans.\n\n—Lauren Almeida contributed to this article.\n\nWrite to Michael Wursthorn at Michael.Wursthorn@wsj.com",
    "published": "2019-07-05"
  },
  {
    "source": "WSJ",
    "title": "A Tale of Two Economies",
    "summary": "Trump’s policies are helping workers more than Obama’s did.",
    "link": "https://www.wsj.com/articles/a-tale-of-two-economies-11562199595?mod=Searchresults_pos9&page=73",
    "content": "Judging from last week’s debate, Democrats running for President see America as a Dickensian nightmare of inequality. It’s the best of times for millionaires and billionaires, and the worst of times for everybody else. Time to wake up from the Barack Obama economy, folks, and admit how many more Americans are prospering from the faster economic growth and tighter labor market after the policy changes of 2017.\n\n“Who is this economy really working for? It’s doing great for a thinner and thinner slice at the top,” Massachusetts Sen. Elizabeth Warren declared at the debate. “When you’ve got a government, when you’ve got an economy that does great for those with money and isn’t doing great for everyone else, that is corruption, pure and simple.”\n\nSen. Cory Booker , who hails from high-tax New Jersey, moaned that “I live in a low-income black and brown community. I see every single day that this economy is not working for average Americans.” California Sen. Kamala Harris added: “You ask [the President], how are you measuring the greatness of this economy of yours? And they point to the jobless numbers.”\n\nSo job numbers and other economic evidence are fake news? Hardly. The reality is that wages are rising at the fastest rate in a decade for lower-skilled workers, and unemployment among less-educated Americans and minorities is near a record low. Democrats want Americans to believe the fictions they spin rather than what they see with their own eyes.\n\nThe press this week has noted that the economic expansion reached its 10th anniversary, the longest on record. But the accounts ignore that the last two years have been far different than the first eight in economic policies and results. We’re long enough into the Trump era to track the differences.\n\n***\n\nStart with Mr. Booker’s claim that minorities are being left behind. Really? The jobless rate for blacks is 6.2%, which is only 2.9 percentage-points higher than for whites versus a 4.6 percentage-point difference before the start of the 2008 recession. Unemployment has fallen twice as much among blacks as whites since December 2016.\n\nNearly one million more blacks and two million more Hispanics are employed than when Barack Obama left office, and minorities account for more than half of all new jobs created during the Trump Presidency. Unemployment among black women has hovered near 5% for the last six months, the lowest since 1972, and a mere 3.5% of high school graduates are unemployed.\n\nBut what about Senator Harris’s assertion that folks are stringing together jobs to make ends meet? About 5% of Americans hold more than one job, and this rate has held relatively constant since 2010. Yet there are now 1.3 million fewer Americans working part-time for economic reasons than at the end of the Obama Presidency.\n\nA tighter job market is also pushing up wages for the average Cory or Kamala. Average hourly earnings for production-level manufacturing workers have grown at an annual rate of 2.8% during the Trump Presidency compared to 1.9% during Barack Obama’s second term. Production-level manufacturing wages have accelerated even faster in Pennsylvania, Michigan and Indiana. (See the nearby chart.)\n\nWhile parts of Appalachia continue to struggle from a decline in coal mining, shale-gas drilling has created thousands of jobs including downstream in pipeline construction and petrochemicals—all of which Democrats want to kill. Private worker wage growth in West Virginia has averaged 5.1% annually during the Trump Presidency versus 1.2% in the second Obama term.\n\nMining and manufacturing have especially benefited from the Trump Administration’s deregulation, but wages have been growing faster for production-line workers across industries. (See the nearby chart.) Productivity growth spurred by capital investment and tax reform increased markedly last year, which should lift wages over time even if job growth weakens.\n\nDemocrats are trying to woo folks in swing states who have been harmed by President Trump’s trade brawls. But per capita incomes have grown at significantly faster rates under President Trump than they did under Barack Obama in Pennsylvania, Ohio, Nevada, Wisconsin and even Iowa despite retaliatory tariffs on American exports.\n\nThe disparity between middle America and coastal bastions of affluence has also shrunk. Incomes in Maryland, Massachusetts and Hawaii grew faster than the national average during the second Obama term but have since tracked lower. While New York state has become wealthier, its finance income over the last two years has declined.\n\n***\n\nAnd here is the great paradox of the Barack Obama economy. The Federal Reserve’s bond purchases and near-zero interest rates for eight years drove up asset values and let corporations borrow cheaply while the Administration’s punishing regulations bred business uncertainty that depressed investment in human and physical capital. Those with financial assets prospered more than middle-class wage earners. The Obama Democrats talked constantly about inequality rather than growth, and the result was less growth and more inequality.\n\nThe Trump Administration has for the most part focused on growth. Its policy mix of deregulation and tax reform has unleashed more private investment and job creation that has lifted productivity and wages for the non-affluent. The result has been faster growth and less inequality. Corporate profits have grown four times as much during President Trump’s first two years than during Mr. Obama’s second term. Yet investor dividend payments increased more during the Obama Presidency as businesses pulled back on investing in equipment, buildings and workers.\n\nThere are no guarantees this growth will continue, and bad trade and monetary policy could derail it. But the Democrats now running for President want to return to the Obama policy mix of high taxes, willy-nilly regulation and income redistribution, and more of it. To win the economic argument they have to deny the reality that Donald Trump’s policies are helping the Americans that Democratic policies left behind.\n\nTo win re-election, Trump needs a bold second-term agenda, one that builds on his first term successes. Image: Getty",
    "published": "2019-07-05"
  },
  {
    "source": "WSJ",
    "title": "Farmers Built a Soybean Export Empire Around China. Now They’re Fighting to Save It.",
    "summary": "Trade tensions have hammered sales of soybeans to the Chinese, a major export market it took U.S. agriculture decades to create",
    "link": "https://www.wsj.com/articles/farmers-built-a-soybean-export-empire-around-china-now-theyre-fighting-to-save-it-11562260248?mod=Searchresults_pos5&page=29",
    "content": "The U.S. Farm Belt is fighting to prevent an industry nightmare—the loss of its best customer for its biggest export.\n\nThe customer is China and the export is soybeans, of which the U.S. shipped $21 billion abroad in 2017, far more than anything else farmers grow. That marked a tripling in two decades, the fruit of a sweeping effort, by nearly every arm of U.S. agriculture, to build a once-obscure crop into a blockbuster.\n\nThen last year, sunk by a bitter trade dispute, American soybean exports to China plunged 74% by volume. Brazil raced to fill the gap, while prices paid to U.S. farmers recently slid to a seven-year low.\n\nThis pain explains why Jim Sutter was having tea at the Beijing headquarters of one of China’s biggest grain traders one day in April. Mr. Sutter, who grew up on a Colorado farm and is chief executive of the U.S. Soybean Export Council, is part of a cadre of industry leaders who are trying everything they can think of to save U.S. agriculture’s relationship with China.\n\nJim Sutter speaking in China Photo: U.S. Soybean Export Council\n\nMr. Sutter’s mission was simple—to reassure Chinese buyers that U.S. farmers bear them no ill will and are eager to resume doing big business if the trade fight ends. His hosts at the Chinese grain giant agreed that it would be good to get trade back on track, according to Mr. Sutter.\n\nSoybeans have factored into trade negotiations: Prior to a trade-dispute truce reached last weekend, the Trump administration said China bought 544,000 metric tons of U.S. soybeans just before President Trump and Chinese President Xi Jinping met on the sidelines of a conference in Japan. Mr. Trump, who draws strong support from rural America, has called farmers patriots for making sacrifices so the U.S. can work to improve its trade position vis-a-vis China.\n\nThe agreement to resume trade talks included a pledge by China to start buying large amounts of American farm goods, Mr. Trump said. Still, retaliatory Chinese tariffs on U.S. soybeans remain in place, along with the peril to farmers of billions of dollars in lost Chinese sales.\n\nAdvertisement\n\n“We must have this market,” said Derek Haigwood , an Arkansas farmer and chairman of the export council, who accompanied Mr. Sutter on an earlier visit to Beijing. “You can’t produce another China, at least not overnight.”\n\nMr. Trump first imposed tariffs on foreign steel and aluminum in the spring of 2018 in a move aimed especially at China, where overproduction had driven a global glut that hurt U.S. producers. Other measures followed, such as duties on Chinese goods ranging from seafood to handbags—an effort to remedy a trade imbalance and stop what the administration sees as unfair Chinese practices.\n\nChina hit back, affixing tariffs to various U.S. agricultural products. Twenty-five percent tariffs on American soybeans took effect in July 2018 and sent U.S. soybean prices falling.\n\nFarmers, in fighting to hang onto the Chinese market, are pressing the administration to settle the dispute, pursuing direct channels to Chinese buyers and seeking to address those buyers’ complaints, including foreign material like stems in soybean shipments.\n\nAdvertisement\n\nNext month, the Soybean Export Council will host a delegation of Chinese buyers during a weeklong trade exchange in the U.S. Buyers from China will join those from dozens of other countries on visits to Illinois grain farms and at meetings at a historic Chicago hotel, including speed-dating-like sessions designed to match U.S. soybean exporters with interested customers.\n\nShare Your Thoughts What do you think of the trade dispute with China and its effect on U.S. agriculture? Join the conversation below.\n\nIt has been four decades since American farmers first set their sights on China. They opened a Beijing office in 1982 to spread the word about U.S. soybeans, long before China began its drive to modernize and join the world’s economic and trading elite.\n\nSome farmers thought their leaders were wasting money, said James Lee Adams , a former president of the American Soybean Association. But in the mid-1990s, a shift in China’s food policy opened doors. China committed itself to becoming self-sufficient in the production of certain grains, while setting no such goal for soybeans.\n\nThe oilseeds, however, were growing in importance as China’s burgeoning middle class developed a taste for pork and poultry, fed partly with soybean meal. Before long, demand from China for soybeans was rising 10% a year.\n\nAdvertisement\n\nRushing to meet it, American farmers shifted millions of acres away from more traditional crops such as wheat. Acres planted to soybeans, a rarity in U.S. fields a century ago, increased 43% between 1995 and 2018 while wheat acreage fell 31%, according to USDA data.\n\nLast year, U.S. farmers planted soybeans on more than 89 million acres, an area roughly the size of Montana. That was more than the land planted to corn, long Midwestern farmers’ crop of choice.\n\nSeed companies, grain traders, railroads and other businesses have all been part of the soybean-industry buildup—investing heavily, rolling out new varieties and adding rail capacity to ferry crops to market.\n\nAdvertisement\n\nSoy Spread Farmers increasingly embraced soybeans as China's burgeoning middle class developed a taste for pork and poultry, produced in part with the oilseeds. N.D. Minn. Soybean acreage Mich. 1995 2018 Ill. Ohio Pa. Ind. N.Y. S.D. Iowa N.J. Del. Md. Ky. N.C. Mo. Neb. S.C. Tenn. Kan. Okla. Ark. Miss. Ga. Ala. Fla. Texas 5 million acres La. 1 N.D. Minn. Soybean acreage Mich. 1995 2018 Ill. Ohio Pa. Ind. N.Y. S.D. Iowa N.J. Del. Md. Ky. N.C. Mo. Neb. S.C. Tenn. Kan. Okla. Ark. Miss. Ga. Ala. Fla. Texas 5 million acres La. 1 N.D. Minn. Soybean acreage Mich. 1995 2018 Ill. Ohio Pa. Ind. N.Y. S.D. Iowa N.J. Del. Md. Ky. N.C. Mo. Neb. S.C. Tenn. Kan. Okla. Ark. Miss. Ga. Ala. Fla. Texas 5 million acres La. 1 Soybean acreage 1995 N.D. Minn. 2018 Mich. Ohio Pa. Ind. Ill. S.D. Iowa N.Y. Md. Ky. N.C. N.J. Mo. Neb. Del. S.C. Tenn. Kan. Okla. Ark. Miss. Ala. Ga. Fla. 5 million acres Texas La. 1\n\nMonsanto, now owned by Bayer AG, created a large seed and herbicide business with a heavy focus on soybeans. Seed-corn producer DuPont Pioneer built dozens of soybean-focused research centers and seed-production facilities, said Paul Schickler , who when he was president helped develop the Iowa company’s soybean business over many years. It now is part of Corteva Agriscience Inc., a spinoff from the merger of DuPont Co. and Dow Chemical Co.\n\nThe seed companies developed soybean varieties suited to a wider swath of climate and farmland. The crop spread across traditional wheat-growing states in the Great Plains such as North and South Dakota.\n\nWestern March Farmers planted more soybeans in states such as North Dakota as seed companies developed varieties suited to more diverse climates and farmland. North Dakota soybean fields 2000 2018 Minot Minot Fargo Fargo Bismarck Bismarck North Dakota soybean fields 2000 2018 Minot Minot Bismarck Bismarck Fargo Fargo North Dakota soybean fields 2000 2018 Minot Minot Bismarck Bismarck Fargo Fargo North Dakota soybean fields 2000 Minot Bismarck Fargo 2018 Minot Bismarck Fargo\n\nRailroads expanded service from the upper Midwest to the Pacific Northwest’s ports, which in turn devoted hundreds of millions of dollars to boost farm-commodity shipments eastward. In the past five years, BNSF Railway Co. has invested over $6.1 billion in its northern corridor, adding or repairing more than 30,000 miles of track and replacing nine million railroad ties.\n\nHarvesting soybeans near Tiskilwa, Ill., last September. Exports of the crop to China fell 74% last year because of tariffs. Photo: Daniel Acker/Bloomberg News\n\nCommodities giants such as Louis Dreyfus Co. and Cargill Inc., as well as other companies, have spent at least $518 million along the Pacific Northwest’s Columbia River building new terminals, increasing capacity or upgrading rail facilities. The Soybean Export Council says farmers themselves have spent $135 million to develop the Chinese market, through mandatory fees and other programs.\n\nDuring a January trip to Beijing, Messrs. Haigwood and Sutter extolled America’s export infrastructure and even argued that American farmers use more-sustainable growing practices than Brazil, where agriculture has been blamed for widespread deforestation. “Look, they’re cutting down trees and we’re planting ours,” Mr. Haigwood says he told Chinese executives.\n\nMr. Haigwood said Chinese buyers were cordial and listed ways U.S. farmers could improve their service, including reducing plant debris in soybean shipments.\n\nAdvertisement\n\nDerek Haigwood on a mission in China in 2015. Photo: U.S. Soybean Export Council\n\nBefore the U.S.-China trade dispute broke out, U.S. agricultural-firm executives who studied China’s rapid economic growth and shifting diet thought nothing would alter “the economic engine of China that was driving consumer demand,” said Mr. Schickler.\n\nSince the start of the tensions, soybean farmers and their industry leaders have traveled to Washington to urge the Trump administration to resolve the trade fight. They argue that farmers who have struggled with a long slump in income can’t withstand another year without access to their most important foreign market.\n\nJoe Steinkamp , an Indiana farmer and a director of the American Soybean Association, brought such a message to a recent meeting with Gregg Doud , chief agricultural negotiator for the Office of the U.S. Trade Representative. Mr. Steinkamp said he expressed concern about destroying export markets for younger farmers who are struggling with debt loads or access to credit.\n\nAdvertisement\n\n“We don’t want the next generation to be scared away from agriculture,” Mr. Steinkamp said, on what was his third trip to Washington since Chinese tariffs took effect. “Markets don’t just come back.”\n\nCargill weighed in with a June 17 letter to U.S. Trade Representative Robert Lighthizer , protesting the Trump administration’s threats to add new tariffs on some $300 billion in Chinese imports. Cargill said it worried that a new tranche of U.S. tariffs “could cause trade escalations that will damage the U.S. agricultural sector, diminish America’s global competitiveness, and harm our country’s long-term economic growth.”\n\nThe Office of the U.S. Trade Representative didn’t immediately respond to a request for comment.\n\nTo help offset the damage from China’s retaliatory tariffs, the Trump administration earlier this year rolled out a second aid package for farmers, pledging $16 billion in financial support. The first package, announced last year, allocated $12 billion to help them.\n\nWorkers moving soybean products at a port in Nantong, Jiangsu province, China Photo: Reuters\n\nBecause two main crops, soybeans and corn, dominate the U.S. farm economy, unwinding a large part of the system established over decades would entail real difficulties. Pioneer’s Mr. Schickler said long-lasting tariffs would spur U.S. farmers to plant fewer soybean acres and agricultural companies to divert resources from them.\n\nBrazil, which overtook the U.S. as the world’s biggest soybean exporter several years ago, stands to gain ground. The U.S. share of world soybean exports is expected to drop to 31% this season, the lowest on record, while Brazil’s portion is forecast to swell to 52%, which would be its largest ever.\n\nAt an agricultural forum in Beijing last fall, according to Mr. Schickler, China’s deputy agriculture minister said China would not easily forget the current standoff, and China is building alternatives for soybean imports so it will never again be so dependent on a single source.\n\n“It was just that black and white,” Mr. Schickler said. “China doesn’t care about this year or next year—they think in terms of centuries.”\n\nHe said Brazil’s ambassador to China told the group his country was working to become China’s most reliable supplier.\n\nAdvertisement\n\nAccording to Mr. Sutter, the CEO of the Soybean Export Council, Chinese companies are working to develop soybean production in Russia, where soybeans haven’t yet become a major crop.\n\nA U.S. Soybean Export Council stall at Shanghai’s National Exhibition and Convention Center last November Photo: aly song/Reuters\n\nAmerican farmers have few easy options if Chinese demand for U.S. soybeans remains depressed. Robust world grain supplies suggest there is little need for additional U.S. corn or wheat production. Switching to a new crop would require huge investments in equipment and infrastructure, to say nothing of finding viable markets.\n\n“Farmers don’t have the ability to pivot or turn on a dime and say, ‘I’ll just grow broccoli this year,’ ” said Mike Steenhoek , executive director of the Soy Transport Coalition, a trade group.\n\nFor that reason, the U.S. soybean industry is also working intensely to woo buyers in other international markets. The largest single-country export customer after China is Mexico. Industry leaders hosted 80 visitors from more than 10 countries in June, taking them on a tour from the upper Midwest to the Pacific Northwest to survey U.S. infrastructure for shipping soybeans. Additional delegations will make the trip this month.\n\nAdvertisement\n\nLast year, as part of a project aimed at making up for lost sales to China, the Soybean Export Council joined a regional trade exchange in Spain, where they worked to connect U.S. shippers with buyers from the European Union, Middle East and North Africa. Industry leaders met with members of Nigeria’s poultry sector in February and held events in Asia to market American crops to buyers in countries ranging from Pakistan to Myanmar.\n\nRestoring trade with China remains a critical goal for the export council. “We need to be looking for a way to get out of the mess we’re in” with China, said Mr. Adams, the former American Soybean Association president. In the trade fight, in his view, “We’re going to have to blink.”\n\nJoshua Zumbrun contributed to this article.\n\nSome Nebraska soybeans Photo: johannes eisele/Agence France-Presse/Getty Images\n\nWrite to Jesse Newman at jesse.newman@wsj.com",
    "published": "2019-07-05"
  },
  {
    "source": "WSJ",
    "title": "How to Avoid a Big Tax Bill in the Year of M&A",
    "summary": "Mergers often create tax headaches, but there are ways to find relief",
    "link": "https://www.wsj.com/articles/how-to-avoid-a-big-tax-bill-in-the-year-of-m-a-11562319005?mod=Searchresults_pos11&page=3",
    "content": "When one company seeks to buy another, shareholders of the target company often applaud an immediate run-up in value. But beware: deals can also come with a huge tax bill unless you’re careful.\n\nThis year has brought a bumper crop of mergers. U.S. merger volume jumped 27% to a record of about $1 trillion in the first half of 2019 compared with the same period in 2018, according to data from Dealogic.\n\nNot all of this year’s deals will generate big tax bills, but many could.\n\nIn particular, Anadarko Petroleum , Caesars Entertainment and drugmakers Celgene and Allergan are all set to be acquired with payments of cash and stock that are potentially fully taxable to their shareholders.\n\nCash payments in mergers are typically taxable. But what’s been happening more recently is a prevalence of taxable stock payments. This new wrinkle has surprised Robert Willens , a certified public accountant who advises on deal structures.\n\n“In the past, mergers were usually arranged so the stock portion of a deal wouldn’t be taxable to shareholders, but this seems to be changing,” he says.\n\nInvestors in some big companies being acquired need not worry. The largest proposed merger this year, which would join defense companies Raytheon and United Technologies , isn’t taxable because it qualifies under Internal Revenue Service rules as a tax-free reorganization.\n\nMany other investors can also breathe easy. Sales of shares held in tax-sheltered retirement accounts such as a 401(k) or Roth IRA typically are tax-deferred and don’t generate current tax bills.\n\nThe same largely holds true for shares held in exchange-traded funds or index mutual funds, even if they aren’t in retirement accounts. Dave Nadig , managing director of ETF.com, says ETFs have a way to defer taxes on sales of stock within them. In index mutual funds, taxable gains from a merger are likely small relative to the universe of stocks in the fund. These gains may also be offset by other losses.\n\nBut investors holding shares of target companies in taxable accounts should be aware of potential tax bills.\n\nHere’s what’s at stake for a hypothetical investor in Celgene, which is being acquired by Bristol-Myers Squibb.\n\nSay that Margaret bought shares of Celgene for $30 each years ago in her taxable account. Earlier this year, Bristol-Myers offered $50 in cash, $9 in rights and one share of its stock for each share of Celgene, for a total value of about $102 at the time. The deal is expected to close this year.\n\nThis means that Margaret will owe tax on long-term capital gains of about $72 per share, which is the total price of $102 minus her original cost of $30. Her tax rate on the gains could range from 0 to 23.8%, depending on her other income.\n\nBecause Margaret is getting cash, she’ll have money to pay the tax. But if the stock portion of the merger weren’t taxable, says Mr. Willens, her tax bill would be lower. She would owe tax on about $59 of gain, and defer tax on $13 of gain, saving up to about $3 of tax per share.\n\nThe lower her original purchase price for Celgene, the greater her tax deferral would be if the stock payment weren’t taxable.\n\nOf course, if Margaret then sold some of her new Bristol-Myers shares, she would owe tax then, using the same $30 cost.\n\nBut if the taxes were deferred and Margaret didn’t sell before her death, these taxes would never come due. Many current shareholders, such as former employees, have probably been hoping to hold until death and avoid taxes. Under the current deal structure, they can’t.\n\nWhat can affected shareholders do?\n\nOne possibility is to sell losing investments to offset coming taxable gains. Remember that losses taken in 2019 can carry forward to 2020, but 2020 losses can’t shelter 2019 gains.\n\nAnother is to donate shares to charity.\n\nThis is often a highly tax-efficient move for charitably inclined investors. The donor gets a deduction for the full value of the stock and doesn’t owe tax on the gain, within limits.\n\nIf the donation is to a so-called donor-advised fund, the giver can get an upfront deduction, invest the proceeds tax-free and parcel money out over many years to favorite charities.\n\nThe investor could also give shares to someone in a lower tax bracket that he wants to help. The tax savings could be substantial if the donor is in the 23.8% capital-gains bracket and the recipient is in the zero bracket.\n\nBut this move could backfire if the recipient is a young person. In that case, the gift could be subject to the “Kiddie Tax,” which often imposes higher rates on the unearned income of nearly all people under 18 and many under age 24.\n\nOne important caveat: Mr. Willens cautions investors donating shares or giving them to individuals to do it before the shareholder vote approving the merger. This, not the merger’s completion date, is usually the deadline to receive benefits.\n\nThe Celgene merger may be an exception to this rule, however. Although shareholders have already voted, pending regulatory approvals could give them more time to make tax-favored gifts or donations.\n\nWrite to Laura Saunders at laura.saunders@wsj.com\n\nShare Your Thoughts What strategies do you use to minimize taxes on investment gains? Join the conversation below.",
    "published": "2019-07-05"
  },
  {
    "source": "WSJ",
    "title": "India Moves to Spend More and Draw Investment to Spur Growth",
    "summary": "As country climbs global economic ranks, government looks to ease restrictions on foreign firms",
    "link": "https://www.wsj.com/articles/india-hopes-to-snap-out-of-slump-with-more-spending-11562327813?mod=Searchresults_pos13&page=1",
    "content": "“I am confident we will achieve our goals,” Indian Finance Minister Nirmala Sitharaman, center, told Parliament on Friday.\n\nNEW DELHI—India said it would increase state spending and allow more foreign investment in an effort to accelerate the growth of an economy that is increasingly important to the rest of the world.\n\nPrime Minister Narendra Modi ’s government, coming off a landslide re-election in May, said it is looking to ease restrictions on foreign businesses in the retail, insurance, media and aviation industries. It also lowered taxes on housing and on smaller companies, while raising taxes on the rich and increasing import tariffs.\n\n“We have set the ball rolling for a new India,” Finance Minister Nirmala Sitharaman said in a two-hour speech to Parliament, as she outlined the plans set out in India’s annual budget released on Friday.\n\nWhile economic growth continued at what for many countries would be a healthy clip of 6.8% in the year through March, that figure was India’s slowest since the fiscal year that ended in 2014—and below what some economists say the country can achieve if it does more to facilitate business and investment.\n\nSpurring growth is important both for Mr. Modi and for the global economy, where India has been climbing the ranks. India’s economy was the 10th largest when Mr. Modi took office in 2014 and is set to overtake the U.K. to become No. 5 this year, according to the International Monetary Fund.\n\nGrowth in India and headwinds elsewhere position the South Asian country to become a new engine of global growth and an investment magnet.\n\n“It would be good for the world if India came on like gang busters and really shot up,” said Vivek Dehejia, an economics professor at Carleton University in Ottawa, pointing to concerns about lost momentum in China, Europe and the U.S. “Given the state of the global economy we could use more drivers of global growth,” he said.\n\nMr. Modi has pledged to put in place policies that would make India a $5 trillion economy in the next five years. Its GDP is currently just under $3 trillion.\n\n“The aspirations of future generations are contained in this budget,” he said on Friday.\n\nBut as with all of the budgets since Mr. Modi took office in 2014, liberalization plans in the one unveiled on Friday fell short of what some economists say is necessary, such as lowering restrictions on how companies buy land and hire and fire employees.\n\nMr. Dehejia said Mr. Modi’s re-election mandate empowered him to push through economic overhauls—but that he has missed the opportunity.\n\nThe coming year offers more chances to attract investment as global manufacturers diversify away from China.\n\nIf India wants to capitalize on U.S. trade tensions with China it has to go much further to make it easier for companies set up factories in the country, said Mukul Kochhar , the Mumbai-based co-head of institutional equities at brokerage Investec India.\n\nIn drawing manufacturing from China, India still faces competition from places such as Vietnam, Malaysia and Indonesia, he said.\n\n“India is behind these countries in every aspect, with higher logistics costs, more troublesome labor and land acquisition laws and higher taxation,” Mr. Kochhar said.\n\nIndia expects growth of around 7% this year. It needs a sustained 8% pace or more a year to create more jobs for its 1.3 billion citizens. The current economic expansion hasn’t been generating the number of jobs the country needs to employ the millions of young people who enter its workforce every year.\n\nInstead, India’s unemployment rate has crept up, leaving Mr. Modi vulnerable to attacks from opposition politicians.\n\nEconomic planners made clear this week that to create jobs and growth they want India to follow in the footsteps of other Asian countries and stimulate the economy with investment.\n\n“India stands at a historic moment when sustained high economic growth has become a national imperative,” wrote Krishnamurthy V. Subramanian, chief economic adviser of the Ministry of Finance, in the country’s economic survey, a broader government plan released the day before the budget. “Drawing upon the trajectories followed by East Asian economies that experienced long periods of high growth, the Survey postulates the centrality of investment.”\n\nThe country’s total spending is set to rise around 13% to $410 billion in the year through next March, with the budget deficit targeted at 3.3% of GDP. Some analysts said it would be hard to meet that target without squeezing government spending later in the year.\n\nThe new budget includes plans to lower taxes on all but the largest businesses, and offer tax breaks to some with housing loans. To raise revenue, the budget increased the gasoline tax and added a special additional income tax on India’s wealthiest people. Import tariffs on gold, air conditioners, cars and other products were also raised.\n\nThe government also plans to raise around $15 billion by selling stakes in state-owned companies. In an effort to kick-start lending, the government will start guaranteeing some bank loans to nonbanking finance companies.\n\nIndia’s central bank has lowered its key lending rate three times this year, but the benefits aren’t being passed on to borrowers, as financial firms are still reluctant to lend as they struggle with bad loans. As a result, Indian consumers and companies have been spending less over the past year. Exports, another important source of growth, have also been slowing.\n\nVibhuti Agarwal and Rajesh Roy contributed to this article.\n\nWrite to Eric Bellman at eric.bellman@wsj.com",
    "published": "2019-07-05"
  },
  {
    "source": "WSJ",
    "title": "Homeland Security Chief Takes Border Focus Farther South",
    "summary": "Kevin McAleenan visited Central America in hopes of cutting new migration deals",
    "link": "https://www.wsj.com/articles/mcaleenan-takes-border-focus-farther-south-11562238000?mod=Searchresults_pos19&page=50",
    "content": "‘If we can’t change our laws to strengthen them to avoid the tragedies and risks that we’re seeing, we’re going to do it with international partners,’ said acting Homeland Security Secretary Kevin McAleenan.\n\nSAN SALVADOR, El Salvador—As the U.S. seeks to stem migrant flows, it is looking well beyond its own southern border to the southern borders of two other countries: Mexico and Guatemala.\n\nThat expanded focus is why, with immigration controversies roiling Washington, acting Homeland Security Secretary Kevin McAleenan ended up in El Salvador and Honduras for 36 hours.\n\nAs President Trump doubles down on building a border wall, he is also now working with Mexico after negotiating an interdictions agreement under the threat of escalating tariffs, and Guatemala on the controversial idea of the Central American nation becoming a final destination for some asylum-seekers.\n\nFor Mr. McAleenan, this meant a whirlwind day of meeting Nayib Bukele, the 37-year-old president of El Salvador, and exchanging warm greetings with the foreign minister, Alexandra Hill , along with presentations on U.S.-advised law enforcement practices at a model police precinct, dinner with business leaders and a tour of a gender-based violence-assistance program.\n\nThrough much of it, he was flanked by officials from the U.S. Agency for International Development and the programs it has backed in El Salvador, all pressing the value of funding for the region in making it more secure and reducing push factors for migration. Mr. Trump has frozen aid for recent fiscal years, and its future is uncertain.\n\nShare Your Thoughts What should governments do to make Central America more secure and reduce factors for migration? Join the conversation below.\n\n“We have to address challenges heading toward our border where they begin. Whether it’s drug trafficking starting in the Andes, or unlawful migration, which is primarily originating here in Central America now, you’ve got to have a comprehensive strategy,” Mr. McAleenan said in an interview. “Homeland security is by definition international.”\n\nHe frequently cites the physical geography of the region in making policy, including natural choke points for migrant flows through Central America, from Mexico to Guatemala to Honduras and El Salvador and beyond. “Looking at the map of the region and talking through where we have opportunities to create barriers for unlawful activity is definitely part of our strategy,” he said.\n\nActing Homeland Security Secretary Kevin McAleenan hears a presentation on gender-based violence services at the Comprehensive Victims Assistance Center at Isidro Menendez in San Salvador, El Salvador. To his left is Doris Luz Rivas, magistrate president of the criminal court. Photo: Louise Radnofsky/The Wall Street Journal\n\nThe idea has a footprint that predates the Trump administration. There are around 200 U.S. government officials already in El Salvador, some from DHS components such as Customs and Border Protection, Immigration and Customs Enforcement and U.S. Citizenship and Immigration Services. They coordinate with the Salvadoran government on issues such as investigations, information-sharing and the return of migrants.\n\n“We want to bring the border back south,” said a CBP official familiar with El Salvador operations. “We’re taking the fight back to its roots here in El Salvador,” said an ICE official.\n\nMr. McAleenan said he has pushed the idea of regional cooperation as a specific response to the Central American families surge since he became CBP commissioner in 2018. He was tapped for the interim Homeland Security job in April.\n\nIn May, he said, he presented an agenda to the administration that included goals requiring Congress to cooperate, such as enhancing border security and accelerating wall construction. But around half of the ideas were internationally focused, based on an increasing awareness that Congress is unlikely to move.\n\n“If we can’t change our laws to strengthen them to avoid the tragedies and risks that we’re seeing, we’re going to do it with international partners,” he said.\n\nMr. Bukele, whose inaugural signs still lined the streets, was exactly one month on the job on the day Mr. McAleenan arrived in San Salvador. The Salvadoran leader has pledged to end what he describes as forced migration within his five-year term, and his administration was enthusiastic about Mr. McAleenan’s visit.\n\n“Our meeting was outstanding,” said Ms. Hill, the Salvadoran foreign minister, of her time with Mr. McAleenan. “He was very well aware that this is a problem we share.... I see a real willingness with the United States to work with us.”\n\nBoth countries have been shaken by a devastating picture of a Salvadoran father and toddler daughter drowned in the Rio Grande trying to enter the U.S., whose burial coverage was adjacent to coverage of Mr. McAleenan’s visit on Tuesday. And both say they see reasons for optimism in focus-group research on migrants that suggest economic pressures, rather than violence, are currently drawing Salvadorans north.\n\nIn El Salvador Mr. McAleenan listened intently in a conversation about law- enforcement capacity-building, asking in particular about community-oriented policing strategies being deployed. He spoke careful Spanish to a child psychologist in a playroom filled with dolls and toy pianos at a court. And he was animated discussing the prospect of working to remove customs and inspections hurdles—or, as he describes them, non-tariff supply-chain-based barriers—which he believes could fuel economic growth for El Salvador.\n\nDemocrats and immigrant advocates contend that Mr. Trump has contributed to instability in the region by freezing aid and dismantling past regional initiatives, including those created during the Obama administration.\n\nCecilia Muñoz , who led immigration policy inside the White House for President Barack Obama, said that for a country like the U.S., “you can’t just enforce your way out of this problem,” and that international collaboration was important.\n\nShe said it remained unclear if any of Mr. McAleenan’s efforts could be seen as a governmentwide, or lasting, stance. “There are all kinds of signs that it’s much more of a free-for-all and that the good overtures of one individual could be overturned by a tweet from the boss at any one moment.”\n\nIndeed, the Trump administration has been known to shift immigration strategy even more frequently than it changes personnel. Mr. McAleenan is a survivor of sorts, the lone leader at the Department of Homeland Security who has been in the same job for more than a few weeks. Kirstjen Nielsen, his predecessor as secretary, Ron Vitiello , the acting head of ICE, and L. Francis Cissna , the head of USCIS have all departed; John Sanders , acting head at CBP, has tendered his resignation for July 5.\n\nMr. McAleenan says he is undeterred: “I’m working to solve these problems as long as I’m in the chair, and I think these strategies will work for the Department of Homeland Security and the U.S. with other folks operating them as well.”\n\nWrite to Louise Radnofsky at louise.radnofsky@wsj.com",
    "published": "2019-07-05"
  },
  {
    "source": "WSJ",
    "title": "India Moves to Spend More and Draw Investment to Spur Growth",
    "summary": "As country climbs global economic ranks, government looks to ease restrictions on foreign firms",
    "link": "https://www.wsj.com/articles/india-hopes-to-snap-out-of-slump-with-more-spending-11562327813?mod=Searchresults_pos2&page=48",
    "content": "“I am confident we will achieve our goals,” Indian Finance Minister Nirmala Sitharaman, center, told Parliament on Friday.\n\nNEW DELHI—India said it would increase state spending and allow more foreign investment in an effort to accelerate the growth of an economy that is increasingly important to the rest of the world.\n\nPrime Minister Narendra Modi ’s government, coming off a landslide re-election in May, said it is looking to ease restrictions on foreign businesses in the retail, insurance, media and aviation industries. It also lowered taxes on housing and on smaller companies, while raising taxes on the rich and increasing import tariffs.\n\n“We have set the ball rolling for a new India,” Finance Minister Nirmala Sitharaman said in a two-hour speech to Parliament, as she outlined the plans set out in India’s annual budget released on Friday.\n\nWhile economic growth continued at what for many countries would be a healthy clip of 6.8% in the year through March, that figure was India’s slowest since the fiscal year that ended in 2014—and below what some economists say the country can achieve if it does more to facilitate business and investment.\n\nSpurring growth is important both for Mr. Modi and for the global economy, where India has been climbing the ranks. India’s economy was the 10th largest when Mr. Modi took office in 2014 and is set to overtake the U.K. to become No. 5 this year, according to the International Monetary Fund.\n\nGrowth in India and headwinds elsewhere position the South Asian country to become a new engine of global growth and an investment magnet.\n\n“It would be good for the world if India came on like gang busters and really shot up,” said Vivek Dehejia, an economics professor at Carleton University in Ottawa, pointing to concerns about lost momentum in China, Europe and the U.S. “Given the state of the global economy we could use more drivers of global growth,” he said.\n\nMr. Modi has pledged to put in place policies that would make India a $5 trillion economy in the next five years. Its GDP is currently just under $3 trillion.\n\n“The aspirations of future generations are contained in this budget,” he said on Friday.\n\nBut as with all of the budgets since Mr. Modi took office in 2014, liberalization plans in the one unveiled on Friday fell short of what some economists say is necessary, such as lowering restrictions on how companies buy land and hire and fire employees.\n\nMr. Dehejia said Mr. Modi’s re-election mandate empowered him to push through economic overhauls—but that he has missed the opportunity.\n\nThe coming year offers more chances to attract investment as global manufacturers diversify away from China.\n\nIf India wants to capitalize on U.S. trade tensions with China it has to go much further to make it easier for companies set up factories in the country, said Mukul Kochhar , the Mumbai-based co-head of institutional equities at brokerage Investec India.\n\nIn drawing manufacturing from China, India still faces competition from places such as Vietnam, Malaysia and Indonesia, he said.\n\n“India is behind these countries in every aspect, with higher logistics costs, more troublesome labor and land acquisition laws and higher taxation,” Mr. Kochhar said.\n\nIndia expects growth of around 7% this year. It needs a sustained 8% pace or more a year to create more jobs for its 1.3 billion citizens. The current economic expansion hasn’t been generating the number of jobs the country needs to employ the millions of young people who enter its workforce every year.\n\nInstead, India’s unemployment rate has crept up, leaving Mr. Modi vulnerable to attacks from opposition politicians.\n\nEconomic planners made clear this week that to create jobs and growth they want India to follow in the footsteps of other Asian countries and stimulate the economy with investment.\n\n“India stands at a historic moment when sustained high economic growth has become a national imperative,” wrote Krishnamurthy V. Subramanian, chief economic adviser of the Ministry of Finance, in the country’s economic survey, a broader government plan released the day before the budget. “Drawing upon the trajectories followed by East Asian economies that experienced long periods of high growth, the Survey postulates the centrality of investment.”\n\nThe country’s total spending is set to rise around 13% to $410 billion in the year through next March, with the budget deficit targeted at 3.3% of GDP. Some analysts said it would be hard to meet that target without squeezing government spending later in the year.\n\nThe new budget includes plans to lower taxes on all but the largest businesses, and offer tax breaks to some with housing loans. To raise revenue, the budget increased the gasoline tax and added a special additional income tax on India’s wealthiest people. Import tariffs on gold, air conditioners, cars and other products were also raised.\n\nThe government also plans to raise around $15 billion by selling stakes in state-owned companies. In an effort to kick-start lending, the government will start guaranteeing some bank loans to nonbanking finance companies.\n\nIndia’s central bank has lowered its key lending rate three times this year, but the benefits aren’t being passed on to borrowers, as financial firms are still reluctant to lend as they struggle with bad loans. As a result, Indian consumers and companies have been spending less over the past year. Exports, another important source of growth, have also been slowing.\n\nVibhuti Agarwal and Rajesh Roy contributed to this article.\n\nWrite to Eric Bellman at eric.bellman@wsj.com",
    "published": "2019-07-05"
  }
]