[
  {
    "source": "WSJ",
    "title": "Jerome Powell Says Outlook Hasn’t Improved in Recent Weeks, Setting Stage for Rate Cut",
    "summary": "Fed chairman says trade uncertainties and concerns about global growth weakness continue to weigh on economy",
    "link": "https://www.wsj.com/articles/powell-says-outlook-hasnt-improved-in-recent-weeks-setting-stage-for-rate-cut-11562761822?mod=Searchresults_pos20&page=81",
    "content": "WASHINGTON—Federal Reserve Chairman Jerome Powell signaled the central bank is ready to cut interest rates later this month to cushion the U.S. economy against the risks of slower global growth and trade-policy uncertainty.\n\nIn testimony Wednesday on Capitol Hill, Mr. Powell said the economic outlook hadn’t improved in recent weeks and emphasized several risks. He played down developments that might have buoyed expectations such as the strong June jobs report and the recent trade truce between the U.S. and China.\n\n“The bottom line for me is the uncertainties around global growth and trade continue to weigh on the outlook,” Mr. Powell told the House Financial Services Committee.\n\nMr. Powell also warned of risks that weak inflation could prove more persistent than previously anticipated, a development that “strengthened the case for a somewhat more accommodative policy,” meaning lower rates, he said.\n\nHe said separately, in response to a question, that he wouldn’t leave his office if President Trump tried to replace him.\n\nStock indexes rose, reflecting growing expectations of a Fed rate cut. The Nasdaq Composite climbed 0.75% to close at a record 8202.53. The S&P 500 briefly eclipsed the 3000 level for the first time before ending the day at 2993.07, 0.5% higher. The Dow Jones Industrial Average gained 0.3% to 26860.20\n\nThe yield on 10-year U.S. Treasurys rose to 2.062% from 2.058% Tuesday. Yields and prices move in opposite directions.\n\nInvestors in interest-rate futures markets expect the central bank will reduce its benchmark rate by a quarter percentage point from its current range of between 2.25% and 2.5% at the July 30-31 meeting.\n\nMinutes of the Fed’s June 18-19 policy meeting released Wednesday showed its officials expected then they would cut rates soon if trade difficulties and slower growth in Europe and Asia didn’t quickly reverse.\n\nThe officials held rates steady at that meeting and didn’t foresee an imminent downturn, but the minutes said many of them “attached significant odds to scenarios with less favorable outcomes.”\n\nThey discussed signs of economic cooling, including weak shipments and orders of new capital goods, lower profit growth forecasts from private-sector analysts, declines in manufacturing activity, weaker global growth, soft U.S. export sales and elevated policy uncertainty.\n\nThe Fed is “looking to cut before they see confirmation in the U.S. data that those risks have softened growth,” said Michelle Meyer , head of U.S. economics at Bank of America Merrill Lynch.\n\nThe minutes suggest the Fed’s rate-setting committee is “more skewed in the direction of cuts than we had previously known,” she said.\n\nNotably, officials last month indicated a growing awareness that financial markets hadn’t shown greater signs of stress largely because investors anticipated the Fed would cut rates soon, according to the minutes.\n\nMr. Powell wouldn’t answer in detail a question about what would swing Fed officials toward considering a half-point rate cut instead of a quarter-point cut. Only one official, Minneapolis Fed President Neel Kashkari , has endorsed such a move.\n\nIn 1995 and 1998, the Fed made a series of quarter-point cuts to guard against rising recession risks despite few obvious signs of a slowdown, taking out what amounted to an insurance policy. This could serve as a template for officials to follow now.\n\nIn 2001 and 2007, the Fed initiated easing cycles with half-point cuts when faced with clearer signs of weakness. Both times the economy fell into recession within months of the first cut.\n\nFed officials face a mixed economic picture today. The U.S. labor market remains healthy, and consumer spending has been steady. Last week’s payroll report, which showed employers added 224,000 jobs in June, had led markets to reduce the odds that the central bank might deliver a half-percentage-point cut at their meeting in three weeks.\n\nBut Mr. Powell, when pressed on whether that jobs report suggested potential improvement in the economy, replied, “The straight answer to your question is ‘no.’”\n\nData on growth in Europe and China have continued to disappoint relative to expectations since Fed officials met in June, Mr. Powell said.\n\nAnd while an agreement by President Trump and President Xi Jinping of China to restart trade negotiations last month was a “constructive step,” Mr. Powell said, “It doesn’t remove the uncertainty that we see as, overall, weighing on the outlook.”\n\nAs the Fed contemplates rate adjustments, WSJ’s Nick Timiraos takes a look at four factors the Fed considers, and one thing it tries to ignore. Graphic Illustration: Adele Morgan\n\nMr. Powell’s comments on labor markets and inflation also signaled openness to reducing interest rates. Fed officials last year raised rates four times on the belief that tighter labor markets and stronger growth would boost inflation.\n\nRather than holding at the Fed’s 2% target, inflation has declined this year. Core inflation, which excludes volatile food and energy prices, rose 1.6% in May from a year earlier, compared with 2% in December, using the Fed’s preferred gauge.\n\n“There is a risk that weak inflation will be even more persistent than we currently anticipate,” Mr. Powell said. That was a notable shift from two months ago, when he suggested it was likely to be transitory.\n\nDormant inflation pressures make it easier for the central bank to justify lower rates because its officials see fewer risks from providing more stimulus.\n\nMr. Powell also pushed back against a characterization that the labor market is hot, or so tight it could fuel excessive inflation. “We don’t have any evidence for calling this a hot labor market,” he said, pointing to solid but steady wage gains. “To call something hot, you need to see some heat.”\n\nSeveral central banks in other nations—many with less room to cut interest rates than the Fed—have also shifted toward an easing posture, and others have underscored alarm about threats to growth from trade tensions.\n\nMr. Trump’s threats to raise tariffs on China and impose new ones on Mexico and Europe “raise the possibility that trade tensions could be far more pervasive, persistent and damaging than previously expected,” Bank of England Governor Mark Carney said last week. “The quality of global growth has deteriorated.”\n\nThe Fed and Mr. Powell have faced unusually sustained public criticism from the president in recent weeks. Mr. Trump wants the Fed to cut rates, in part out of concern that a stronger dollar will derail his efforts to boost economic growth. Mr. Trump tapped Mr. Powell for a four-year term that began in February 2018 but hasn’t ruled out trying to remove him. The law isn’t clear on whether he could do so.\n\nRep. Maxine Waters (D., Calif.), chairwoman of the House Financial Services Committee, asked Mr. Powell what he would do if the president called him and said, “I’m firing you. Pack up. It’s time to go.”\n\nMr. Powell responded quietly, “Of course I would not do that.”\n\n“I can’t hear you,” Ms. Waters replied, to laughter in the packed committee hearing room. “My answer would be ‘no,’” he said.\n\nMr. Powell has avoided any direct confrontation with the president. When asked Wednesday to respond to Mr. Trump’s statement last weekend that the central bank doesn’t know what it is doing, Mr. Powell replied, “Let’s take a look at the economy and let that be the report card.”\n\nLawmakers from both parties largely applauded Mr. Powell’s leadership. Republicans didn’t echo Mr. Trump’s Fed criticism, and Democrats encouraged Mr. Powell to ignore the president’s commentary.\n\n“Have no fear,” said Rep. David Scott (D., Ga.). “We in Congress, both Democrats and Republicans, got your back.”\n\nWrite to Nick Timiraos at nick.timiraos@wsj.com",
    "published": "2019-07-11"
  },
  {
    "source": "WSJ",
    "title": "No Turnaround in Sight for China Car Sales",
    "summary": "June decline was the 12th in a row as the market suffers its first protracted slowdown after decades of growth",
    "link": "https://www.wsj.com/articles/no-turnaround-in-sight-for-china-car-sales-11562757696?mod=Searchresults_pos1&page=73",
    "content": "Fords at a Shanghai dealership last year. The company has registered eight consecutive quarterly year-over-year sales declines in China.\n\nSHANGHAI—Major car makers are struggling in China as a slowing economy depresses sales of new vehicles and prolongs a yearlong downturn in the world’s largest auto market after three decades of growth.\n\nThe Chinese auto market in June slumped for a 12th straight month as consumers grew tightfisted given the uncertainty around U.S. trade relations and as dealers flooded car lots with older models, hoping to sell them ahead of a new emissions rule that took effect this month.\n\nU.S. auto makers Ford Motor Co., F 0.49 %increase; green up pointing triangle General Motors Co. GM 0.96 %increase; green up pointing triangle and Fiat ChryslerAutomotive NV’s Jeep division are among those struggling the most, all logging their worst first-half results in the country in several years. Many mainstream brands are now facing a question—unthinkable just a year or two ago—of whether to remain in China at all, analysts say.\n\n“We’ve hit a saturation point in China that may be interim, but maybe sort of the end game,” Bank of America analyst John Murphy said recently.\n\nCar Trouble Chinese auto sales in the year to June were at their lowest in three years. Chinese auto sales in the 12 months to June Full year 1H 30 million 25 20 15 10 5 0 2013- 2014 2014- 2015 2015- 2016 2016- 2017 2017- 2018 2018- 2019 Ford and General Motors both suffered depressed China sales in the first half of 2019. Car sales, 1H General Motors Ford 2.0 million 1.5 1.0 0.5 0 2012 ’13 ’14 ’15 ’16 ’17 ’18 ’19\n\nAuto sales in June fell 9.6% from a year earlier, to 2.06 million vehicles. For the first half, they were off 12% at 12.32 million, the weakest in four years, the government-backed China Association of Automobile Manufacturers said Wednesday. Sales for the 12 months through June were down 11%, at 26.29 million vehicles, the lowest July-June tally since 2015-16.\n\nSofter demand in smaller cities for cars and homes and other big-ticket items have forced sellers to cut prices, as President Trump targets the country’s exports with tariffs. Prices of vehicles in June were off 1.6% from a year earlier, following a 1.9% decline for May.\n\nChina has become tricky terrain for many global auto makers that rushed to build up operations there during the boom years. The country’s growing middle class fueled demand for new vehicles, prompting foreign car manufacturers to spend billions on new factories and additional dealerships.\n\nBut the market, which accounts for one-third of all vehicle sales globally, has rapidly gone from the industry’s most bankable source of growth to a more challenging prospect as demand for new cars levels off. More broadly, Chinese consumer demand is faltering.\n\nThe slowdown in China has dented earnings and forced auto executives to temper their outlooks, and trade tensions are further clouding expectations.\n\nGM reported a 15% drop in first-half sales to 1.57 million vehicles, its weakest showing since 2013. A company spokeswoman blamed China’s economic slowdown but said that 20 product launches in the country this year should help restore growth.\n\nFord’s first-half sales, at 290,321 vehicles, were down 27% from 2018 and half the total for the first half of 2016. Ford, which has registered eight consecutive quarterly declines in China, said it is accelerating the redesign of its business there.\n\nLike their U.S. rivals, European players are also facing a tougher road ahead. Volkswagen AG in May reported a nearly 10% drop in first-quarter profit that reflected in part a steep decline in sales in China.\n\nSome Chinese auto makers have also lost ground recently. Zhejiang Geely Holding Group Co., after sales increases of 63% in 2017 and 20% last year, suffered a first-half decline of 15%, at 651,680 vehicles. The company issued a profit warning on Monday and slashed its 2019 sales target, citing “continued uncertainties in China’s passenger-vehicle market.”\n\nCompetition is fiercer than ever, as much-improved Chinese brands challenge Ford, Hyundai Motor Co., Peugeot SA and other car manufacturers catering to the mass market. The worsening conditions have already forced out Japan’s Suzuki Motor Corp., which exited China last year. However, some Japanese brands have fared well. Honda Motor Co.’s HMC 3.25 %increase; green up pointing triangle first-half sales rose 22% to 745,409 vehicles, and Toyota Motor Corp.’s TM 1.77 %increase; green up pointing triangle sales were up 12% at 769,800.\n\nAuto analysts had previously expected a rebound in the middle of 2019, but some now say it won’t arrive soon.\n\nThe automobile manufacturers association in China appealed Wednesday to Beijing to implement policies to boost consumption. Help is more likely to come from local authorities, analysts said. The southern cities of Guangzhou and Shenzhen have said they would ease restrictions on sales of gasoline-powered cars, curbs intended to fight pollution and congestion.\n\nDealers desperate to move inventory—including older models that couldn’t be sold after July 1 due to new emission standards—shook a market grappling with weak consumer confidence, said Jing Yang , director of corporate research at Fitch Ratings. “That caused some chaotic pricing and an imbalanced supply,” she said. “It confused buyers.”\n\nFitch, which had forecast zero growth in the Chinese auto market this year, now expects a percentage decline in the low single digits. Nomura, which had said the market would shrink 5% this year, now predicts a 6.9% decline.\n\nSome global auto makers have responded to the slump by redoubling their commitment to China. Despite suffering short-term losses, they are investing more in new models and in local design and research centers to ensure they retain their position in the world’s largest auto market.\n\nMost analysts expect a return to growth in 2020 and see potential for sales to grow at least 20% from their current level given China’s low per-capita car ownership compared with developed markets. Electric-vehicle sales are a bright spot; they rose 50% in the first half, to 617,000, or 5% of national sales.\n\nLiyan Qi, Grace Zhu and Lin Zhu in Beijing contributed to this article.\n\nWrite to Trefor Moss at Trefor.Moss@wsj.com",
    "published": "2019-07-11"
  },
  {
    "source": "WSJ",
    "title": "France Presses On With Digital Tax Despite U.S. Probe",
    "summary": "The measure will apply a 3% tax on revenue in France from some digital activities by large companies",
    "link": "https://www.wsj.com/articles/france-presses-on-with-digital-tax-despite-u-s-probe-11562839468?mod=Searchresults_pos6&page=70",
    "content": "French Finance Minister Bruno Le Maire dismissed the U.S. digital tax probe in an address to French senators ahead of the vote.\n\nFrance’s legislature gave final approval to a new tax on large tech companies like Alphabet Inc.’s GOOGL -0.29 %decrease; red down pointing triangle Google and Amazon.com Inc., AMZN 0.48 %increase; green up pointing triangle shrugging off the threat posed by a new U.S. trade probe into whether the measure discriminates against American firms.\n\nFrance’s Senate gave a voice vote to approve the new tax, the first in a series of proposed national taxes on digital services being debated across Europe. The vote came just hours after U.S. Trade Representative Robert Lighthizer said his office would investigate the tax under the same broad law the Trump administration relied on for its trade conflict with China.\n\nFrench Finance Minister Bruno Le Maire dismissed the U.S. probe in an address to French senators ahead of the vote.\n\n“France is a sovereign state. It makes sovereign decisions on tax matters and will continue to make sovereign decisions on tax matters,” Mr. Le Maire said. “Between allies, we can and we must resolve our disputes without resorting to threats.”\n\nThe Franco-American dispute raises tension as the two countries participate in a new round of multilateral talks under the aegis of the Organization for Economic Cooperation and Development about how to overhaul the corporate taxation system for the digital age.\n\nFrance and other European countries want a system that allocates more of Silicon Valley’s profits to their territories for taxation. The U.S. wants to avoid a patchwork of unilateral taxes and opposes measures that target digital companies in particular.\n\nMr. Le Maire reiterated Thursday his pledge that France will repeal its new tax once a “credible agreement” is reached at the OECD, and said that France’s proposal should give the U.S. an additional incentive to negotiate such an agreement.\n\n“Let’s accelerate work at an international level,” Mr. Le Maire said. “Let’s find a solution at the OECD level, and work via agreements rather than threats.”\n\nThe Google Pixel 3a smartphone. The company is among the U.S. tech giants that are set to be subject to a 3% tax on revenue in France. Photo: David Paul Morris/Bloomberg News\n\nTech companies and their lobbyists have opposed the French tax and voiced support for the U.S.’s pugnacious response.\n\nAmazon said it applauded the Trump administration for “taking decisive action against France and for signaling to all of America’s trading partners that the U.S. government will not acquiesce to tax and trade policies that discriminate against American businesses.”\n\nThe Information Technology Industry Council, which represents Facebook Inc., Google, Amazon and other tech companies has rallied against digital tax proposals in France and other countries. Jennifer McCloskey , vice president of policy for the group, said she supported the probe but urged the U.S. to proceed “in a spirit of international cooperation and without using tariffs as a remedy.”\n\nA spokesman for Facebook declined to comment and Google didn’t respond to requests for comment. In the past, the companies have said they pay all the taxes they owe under current rules, but support multinational efforts to overhaul the corporate tax system.\n\nThe new French measure, which is retroactive to the beginning of 2019, will apply a 3% tax on revenue that companies reap in France from such activities as undertaking targeted advertising or running a digital marketplace. It is unusual because it will apply to gross revenue in France from certain digital activities, somewhat like a sales tax, rather than taxing companies’ profits after expenses.\n\nThe French government put forward its law in March after the European Union failed to agree on a similar measure. Several other countries are following suit, arguing that tech companies pay too little corporate tax under current rules, and that interim taxes are necessary until an international agreement is reached.\n\nThe U.K., for instance, Thursday published draft legislation that would impose its own digital-services tax in 2020 unless an international agreement is reached by then, according to a person familiar with the matter.\n\n“We’ve been clear that our strong preference is for a global/OECD solution,” a spokesman for the U.K. Treasury said. “Once an appropriate global solution is in place, we will no longer need our own digital services tax.”\n\nThe OECD’s top tax official played down the impact of the spat between the U.S. and France.\n\n“I am not sure that the escalation of the dispute between the U.S. and France jeopardizes progress toward a global solution,” said Pascal Saint-Amans , the OECD’s senior tax official. “I would even think it is the contrary. That said, this is an extraordinary complex project and it is hard to know how things will evolve.”\n\nWrite to Sam Schechner at sam.schechner@wsj.com and Paul Hannon at paul.hannon@wsj.com",
    "published": "2019-07-11"
  },
  {
    "source": "WSJ",
    "title": "Marco Rubio Introduces a Bill to Boost the U.S. Rare-Earth Industry",
    "summary": "Florida senator says China has subsidized its industry for rare earths",
    "link": "https://www.wsj.com/articles/marco-rubio-introduces-a-bill-to-boost-the-u-s-rare-earth-industry-11562837405?mod=Searchresults_pos2&page=63",
    "content": "Republican Sen. Marco Rubio of Florida said the Chinese government has subsidized its industry, causing “a market failure” that has hurt rare-earth development in the U.S. and elsewhere.\n\nWASHINGTON—Legislation aimed at making the U.S. more competitive with China for processing critical rare-earth minerals is set to be introduced in Congress on Thursday.\n\nThe bill by Sen. Marco Rubio (R., Fla.), would allow investors to form a cooperative that is exempt from antitrust laws, in an attempt to shield it from government-backed competition from China and volatile markets that have made it virtually nonexistent in the U.S. The Secretary of Commerce would secure a charter for the business, though it would need to be privately funded and operated under the terms of the legislation.\n\nRare earths are critical to making parts in high-tech applications including military equipment, parts almost exclusively supplied by China. One American mine recently restarted production and Mr. Rubio’s legislation aims to help develop a U.S.-based industry for turning those raw materials into alloys, magnets and other products.\n\nIn a statement, Mr. Rubio said the Chinese government has subsidized its industry, causing “a market failure” that has hurt rare-earth development in the U.S. and elsewhere.\n\n“Continued U.S. dependence on China for the mining and processing of rare earths and the manufacture of those metals into useful products is untenable—it threatens our national security, limits our economic productivity and robs working-class Americans of future opportunities for dignified work,” he said.\n\nThe bill’s aim is to give companies that need rare-earths-based products a vehicle to process alloys and manufacture parts in the U.S. at cost by allowing the co-op’s owners to split the profits. That could limit risk for end-users so they can invest in and develop a more secure U.S.-based supply chain.\n\nThe cooperative would be a monopoly open to investment from the Defense Department, the military’s private suppliers and technology companies, among others, according to Mr. Rubio’s staff members. They have already had talks with representatives of those industries, though they declined to provide additional details.\n\nThe legislation would allow international investors to join, but only with approval from the Committee on Foreign Investment in the U.S., known as Cfius. The only U.S. rare-earths producer, MP Materials, has a Chinese minority stakeholder, which has raised concerns among various critics.\n\nCurrently, what MP Materials mines from the California desert goes to be processed in China, where it has been hit with tariffs due to the U.S.-China trade fight.\n\nThe U.S. Geological Survey last year named rare earths among 35 minerals that are critical to the country’s economy and national defense. They are also one of the most concerning, according to the report, because of China’s control.\n\nRare-earth mining and processing is messy and markets are volatile. Environmental problems and commodity-price crashes have sunk U.S. operators over the past decade, allowing China to strengthen its grip.\n\nIn May Chinese President Xi Jinping toured a region of China that calls itself a rare-earths kingdom with his top trade negotiator. Many, including Mr. Rubio, saw that as a signal China would consider instituting an export embargo to gain leverage in trade talks.\n\nWrite to Timothy Puko at tim.puko@wsj.com",
    "published": "2019-07-11"
  },
  {
    "source": "WSJ",
    "title": "Mnuchin Said to Advise U.S. Firms to Seek Huawei Exemptions",
    "summary": "Licenses would allow U.S. suppliers to resume sales to blacklisted Chinese firm",
    "link": "https://www.wsj.com/articles/mnuchin-urges-u-s-firms-to-seek-huawei-exemptions-11562798183?mod=Searchresults_pos13&page=74",
    "content": "Treasury Secretary Steven Mnuchin in recent days urged U.S. suppliers of Huawei Technologies Co. to seek licenses to resume sales to the blacklisted Chinese firm, according to people familiar with the situation.\n\nThe development reflects a recent reversal of the Trump administration’s get-tough stance on Huawei, amid continuing rifts among officials over how far the U.S. should go in trying to reach an accord with Beijing. Huawei’s pariah status in the U.S. has become a stumbling block in trade talks with China.\n\nMr. Mnuchin’s actions came after President Trump, in a concession to China’s President Xi Jinping, agreed last month to grant exemptions to the Huawei blacklist in cases that wouldn’t affect national security.\n\nTreasury Department spokeswoman Monica Crowley disputed assertions that Mr. Mnuchin was advocating action on the part of Huawei suppliers.\n\n“Secretary Mnuchin speaks with CEOs in the private sector on a regular basis,” Ms. Crowley said. “At no point has the Secretary ‘urged’ any company to take any action with regard to Huawei.”\n\nThe actions are noteworthy as the Treasury Department isn’t directly involved in determining the parameters of the blacklist, a national-security process run by the Commerce Department.\n\nThe U.S.-China trade talks hit an impasse in early May. Days later, the Commerce Department cited national-security concerns when it added Huawei to its “entity list,” which prevents companies from supplying controlled U.S.-origin technology to Huawei without a license. Huawei founder Ren Zhengfei said last month that the U.S. campaign against his company—one of China’s most important firms—would likely result in a $30 billion hit to revenue this year and next. The blacklisting deeply rattled Chinese leaders, who have said its reversal is a precondition for any trade agreement with the U.S.\n\nNewsletter Sign-up What’s News Catch up on the headlines, understand the news and make better decisions, free in your inbox daily. Enjoy a free article in every edition. Preview Subscribed\n\nThe move also has affected a host of U.S. technology giants that supply Huawei, including chip firms and companies such as Alphabet’s Google, which provides Android services for Huawei smartphones.\n\nMany U.S. suppliers have argued that the Commerce action against Huawei is counterproductive, as they say Huawei will just start buying from other countries’ firms instead. U.S. national-security officials say the move is necessary to mitigate the risk posed by Huawei, which has grown into a global juggernaut that they believe could be used by Beijing to spy on or disrupt networks. Huawei has long denied it would do so.\n\nMr. Trump indicated a willingness to compromise on the Huawei issue in a meeting with Mr. Xi at the Group of 20 summit in Japan last month.\n\nMr. Trump also said at the time that China will soon begin to purchase U.S. agricultural products. China, however, has made no official mention of a commitment to purchasing more U.S. agricultural products, and a person with knowledge of the event said Mr. Xi made no such promise during his meeting with Mr. Trump.\n\nCommerce Secretary Wilbur Ross on Tuesday echoed Mr. Trump’s Huawei pledge, telling a conference organized by his department that officials will issue licenses to U.S. firms to sell to Huawei “where there is no threat to U.S. national security.”\n\nIt is unclear how flexible the Commerce Department will be, however, and some in the chip industry remain frustrated over the lack of explicit guidelines on which products companies would receive licenses for and which they wouldn’t.\n\n“They’re not defining what is a threat to national security,” an industry executive said. “It’s clear as mud.”\n\nMr. Mnuchin’s push to get major technology companies to apply for licenses to sell to Huawei may increase pressure on Mr. Ross to grant exemptions to the export restrictions in a bid to get trade talks restarted. Mr. Mnuchin and U.S. Trade Representative Robert Lighthizer spoke with senior Chinese officials by telephone Tuesday, but haven’t scheduled plans for new face-to-face meetings.\n\nIn talks to roll back tariffs on China, Mr. Mnuchin frequently has struck an optimistic tone this year, after he assumed a bigger role in December in the administration’s broad negotiations, which are led by Mr. Lighthizer.\n\nIn comparison, other Trump administration officials have recently played down the chances of a near-term deal with China. Senior trade adviser Peter Navarro told CNBC last week that U.S. firms will likely get licenses to sell less than $1 billion in products to Huawei.\n\nMr. Ross on Tuesday said there will continue to be a “presumption of denial” for applications for licenses to do business with Huawei, which he doesn’t plan to remove from the “entity list” of blacklisted firms.\n\nThe controversy around the U.S.’s Huawei policy mirrors last year’s fight involving Chinese telecommunications firm ZTE Corp., on which the Trump administration imposed a sales ban after it violated the terms of a settlement agreement for its evasion of U.S. sanctions. Mr. Trump eventually reversed the ban, despite opposition from a large, bipartisan group in Congress, after discussions with President Xi.\n\nFollowing Mr. Trump’s G-20 comments, Sen. Marco Rubio (R., Fla.), vowed not to let the same thing happen with Huawei. “If President Trump has in fact bargained away the recent restrictions on #Huawei, then we will have to get those restrictions put back in place through legislation,” he tweeted. “And it will pass with a large veto proof majority.”\n\nThe U.S. blacklisting of Huawei is cutting off American businesses from a big client. WSJ’s Dan Strumpf looks at the American technology that has powered the Chinese company’s smartphones. Photo composite: Sharon Shi\n\nLingling Wei in Beijing contributed to this article.\n\nWrite to Kate O’Keeffe at kathryn.okeeffe@wsj.com, William Mauldin at william.mauldin@wsj.com and Asa Fitch at asa.fitch@wsj.com",
    "published": "2019-07-11"
  },
  {
    "source": "WSJ",
    "title": "Guatemala to Discuss Absorbing Central American Asylum Seekers",
    "summary": "Trump officials, Guatemalan president to consider deal to stem influx to U.S., over critics’ concerns about migrants’ safety",
    "link": "https://www.wsj.com/articles/guatemala-to-discuss-absorbing-central-american-asylum-seekers-11562881204?mod=Searchresults_pos14&page=71",
    "content": "U.S. Customs and Border Patrol officials wait to hand a group of asylum-seekers over to Mexican authorities near Laredo, Texas, on July 10.\n\nGuatemalan President Jimmy Morales plans to travel to Washington, D.C., on Monday to discuss a deal that would require migrants from neighboring El Salvador and Honduras to seek asylum in Guatemala rather than the U.S., as the Trump administration seeks to slow migrant flows.\n\nThe goal of the visit is to consider an agreement that would designate Guatemala a safe third country for asylum seekers from the region, according to a spokeswoman for Guatemala’s foreign ministry and a Trump administration official. Guatemala has been negotiating the matter with the U.S. for more than a month.\n\nA senior Guatemalan official said Mr. Morales isn’t planning to sign any such agreement during his visit.\n\nGuatemalan President Jimmy Morales plans to meet with Trump administration officials in Washington, D.C., on Monday. Photo: juan ignacio roncoroni/epa/Shutterstock\n\nCritics say Guatemala isn’t equipped to serve as a haven for the thousands of Salvadorans and Hondurans fleeing from violence in their home countries. Opponents of the deal in Guatemala are preparing legal injunctions to stop Mr. Morales from signing an agreement with the U.S.\n\nOne of them is Manfredo Marroquín , the former head of the nonprofit Transparency International in Guatemala who presented a request for an injunction to the country’s constitutional court on Thursday. He said the Central American country is in no condition to offer safe haven when it can’t even guarantee the safety of its own nationals who flee the country seeking jobs and security.\n\n“How can it offer to do something for foreigners that it can’t do for Guatemalans?” said Mr. Marroquín.\n\nHe also questioned Guatemala’s ability to process the thousands of asylum requests it could receive. “Its irresponsible both for President Morales and President Trump to sign an agreement that both know Guatemala can’t honor,” he added.\n\nLast month, Mexico agreed to increase its immigration enforcement after Mr. Trump threatened to place tariffs on all imports from Mexico. The government deployed its newly formed National Guard to detain migrants across Mexico and agreed to receive thousands of asylum seekers from the U.S. while they await their court dates. If those measures fail to reduce migrant flows, Mexico agreed to consider signing a safe third country agreement itself.\n\nMexican authorities detained more than 29,000 migrants in June, by far the largest number for any month on record. The country’s efforts were also a big factor in the 28% drop that month in U.S. arrests of people crossing illegally or requesting asylum at ports of entry.\n\nIn the first five months of this year, Guatemala received just 172 asylum requests, according to the United Nations refugee agency, and has received about 1,300 since 2002. By comparison, some 259,000 people applied for asylum in the U.S. in 2017, according to the Department of Homeland Security. Nearly 74,000 of them were from Honduras and El Salvador.\n\nThe U.S. State Department plans to cut more than $550 million in development and security aid to the three Northern Triangle countries in response to their failure to reduce the surge of migrants seeking to the enter the U.S. over the last year. The cuts would affect violence-prevention programs, agricultural assistance and funding for schools and job-training programs.\n\nThe U.S. has a safe third country agreement solely with Canada. If such designation is agreed to with Guatemala, Hondurans and Salvadorans apprehended on the U.S.-Mexico border could be sent to Guatemala.\n\n“It’s a terrible idea which, if implemented, will put the lives of thousands of Central Americans at great risk,” said Eric Schwartz , president of Refugees International, an advocacy group. “A safe third country agreement with Guatemala would slam shut the door on people seeking to escape violence in parts of Central America and trap them in the very situations they are trying to flee.”\n\nMr. Morales met last month in Guatemala with U.S. Vice President Mike Pence to discuss the situation at the southern U.S. border. President Trump praised Mr. Morales last year after Guatemala became one of the few countries to follow the U.S. in moving its Israeli embassy to Jerusalem. The Trump administration’s decision to relocate the embassy drew sharp criticism from U.S. allies.\n\nMr. Trump invited Mr. Morales to the White House and didn’t object to Mr. Morales’ decision to expel the International Commission Against Impunity in Guatemala, an anticorruption agency backed by the U.N. that sought to strip Mr. Morales of immunity from prosecution for alleged illegal campaign contributions. Mr. Morales denies wrongdoing.\n\nJuan Montes and José de Córdoba contributed to this article.\n\nWrite to Robbie Whelan at robbie.whelan@wsj.com and Vivian Salama at vivian.salama@wsj.com",
    "published": "2019-07-11"
  },
  {
    "source": "WSJ",
    "title": "Charming Charlie Files Second Bankruptcy in Less Than Two Years",
    "summary": "Accessories and clothing retailer plans to close remaining 261 stores",
    "link": "https://www.wsj.com/articles/charming-charlie-files-second-bankruptcy-in-less-than-two-years-11562851841?mod=Searchresults_pos7&page=61",
    "content": "A Charming Charlie booth at the Operation Smile 8th Annual Park City Ski Challenge earlier this year. The company expects going-out-of-business sales to wrap up by the end of August.\n\nAccessories and clothing retailer Charming Charlie Holdings Inc. said it plans to close its remaining 261 stores and has permanently stopped online sales as part of its second bankruptcy filing in less than two years.\n\nThe Houston-based company, which has more than 3,300 employees, said it has “made the difficult decision to seek authority to close and wind down or conduct” store-closing sales for all of its remaining bricks-and-mortar stores.\n\nIt said it made the decision after trying numerous cost-cutting moves and closing about 100 stores during its earlier bankruptcy. “These efforts simply were not sufficient to stabilize” the businesses “and ensure long-term profitability.” Some stores had been staffed by a single employee for hours on end, it said.\n\nCharming Charlie said it “also faced significant headwinds given the continued decline of the bricks-and-mortar retail industry.”\n\nIt has suspended the issuance of new gift cards and estimates that it has about $19.8 million in gift cards outstanding. Based on experience, it expects about $7.8 million of those cards to be redeemed. It is seeking permission from the U.S. Bankruptcy Court in Wilmington, Del., to honor gift cards for 30 days.\n\nThe going-out-of-business sales are expected to wrap up by the end of August.\n\nIts major equity owners are THL Credit Inc., Cion Investment Corp. and Sierra Income Corp., which is managed by an affiliate of Medley Management Inc. Shareholders also include Apollo Investment Corp., Russell Investments, Stichting Blue Sky, Redding Ridge Asset Management, Congruent Investment Partners, FLP Investments Ltd., LCM Asset Management and Stone Tower Capital, a filing said.\n\nCharming Charlie has $82 million in debt. The going-out-of-business sales are expected to generate revenue of roughly $30 million. It filed for bankruptcy in 2017 and exited last year.\n\nThe latest bankruptcy filing, informally called a “Chapter 22,” was prompted by what the company said were many of the same problems, including “onerous” leases and a “liquidity crisis” that made it difficult to replenish inventory, further hurting its cash position.\n\nThose factors, combined with the continued decline of the bricks-and-mortar retail industry, made it increasingly difficult for the company to support its cost structure.\n\nIt also blamed bad weather earlier this year for keeping shoppers away, as well as increased trade tariffs and new tax laws that it believes reduced consumer spending.\n\nTo get through chapter 11 and run its store-closing sales, Charming Charlie has lined up $13 million in financing, subject to court approval, from existing lenders Second Avenue Capital Partners LLC and White Oak Commercial Finance LLC. The company entered bankruptcy with about $6,000 in cash.\n\nIts biggest unsecured creditor is Guggenheim Securities LLC, which is owed about $2.1 million in professional fees. Guggenheim had provided investment banking services in the earlier bankruptcy.\n\nCharming Charlie was founded by Charles Chanaratsopon in 2004. The merchandise in the stores was organized by color, offered in as many as 26 hues.\n\nAlthough that approach initially created brand loyalty, “it eventually caused Charming Charlie to be saddled with excess merchandise in underperforming color offerings,” Chief Financial Officer Alvaro Bellon said in a court filing.\n\nThe company also said that, while it significantly reduced its debt load after emerging from its earlier bankruptcy, it was still undercapitalized and lacked sufficient liquidity, including right before the holiday season.\n\nLaw firms Klehr Harrison Harvey Branzburg LLP and Paul Hastings LLP are handling the chapter 11 case. Clear Thinking Group LLC is restructuring adviser. Hilco Merchant Resources LLC and SB360 Capital Partners will handle store-closing sales. The case number is 19-11534.\n\nWrite to Becky Yerak at becky.yerak@wsj.com",
    "published": "2019-07-11"
  },
  {
    "source": "WSJ",
    "title": "U.S. Launches Probe of French Digital Tax",
    "summary": "French proposal will apply a 3% tax on revenue that big technology companies reap in France",
    "link": "https://www.wsj.com/articles/u-s-launches-probe-of-french-digital-tax-11562797720?mod=Searchresults_pos13&page=71",
    "content": "U.S. trade officials are launching a probe of France’s planned tax on digital services, kicking off a spat with Paris as well as a global fight over how to tax the growing internet economy.\n\nU.S. Trade Representative Robert Lighthizer said Wednesday his office would launch a probe of the digital services tax, or DST, under the same broad law the Trump administration relied on for its trade conflict with China.\n\n“The United States is very concerned that the digital services tax which is expected to pass the French Senate tomorrow unfairly targets American companies,” Mr. Lighthizer said in a statement. “The President has directed that we investigate the effects of this legislation and determine whether it is discriminatory or unreasonable and burdens or restricts United States commerce.”\n\nThe French proposal, likely the first in a wave of proposed digital-services taxes to take effect in Europe, will apply a 3% tax on revenue that companies like Alphabet Inc.’s Google or Amazon.com Inc. reap in France from such activities as undertaking targeted advertising or running a digital marketplace.\n\nFrance’s Senate is expected to vote Thursday on the final text of the bill, marking the final step before the law is promulgated. France’s Finance Ministry didn’t reply to a request for comment late Wednesday about the U.S. investigation.\n\nOfficials and business leaders in Washington have argued that the tax unfairly targets American companies and could lead to double taxation and multiple new overlapping tax regimes.\n\nThe French tax and others like it have spurred a Paris-based group of developed nations to seek a new set of rules for how nations should divide up taxing rights. Those negotiations are ongoing, and France has decided to implement its unilateral tax in the meantime.\n\nFrance has portrayed its tax as a way of keeping up pressure to reach a multilateral solution at the Organization for Economic Cooperation and Development. French officials credit the digital-tax proposal as helping push the U.S. to the international negotiating table, potentially heading off similar levies in other countries such as Spain and the U.K. Paris officials have also pledged to repeal the national tax once there is a global agreement on how to tax the digital economy.\n\nNewsletter Sign-up WSJ Politics & Policy Scoops, analysis and insights driving Washington from the WSJ's D.C. bureau. Preview Subscribed\n\nYet the Trump administration has repeatedly shown it won’t shy away from taking its own unilateral actions when threatened with what it sees as unfair economic conditions. U.S. officials have expressed impatience with achieving consensus in multilateral forums such as the OECD and World Trade Organization.\n\nSilicon Valley-based firms will be hit by the tax because it applies to companies with more than €750 million ($844 million) in annual global revenue, including at least €25 million in France.\n\n“France’s new digital services tax disproportionately affects innovative American companies while carving out French competitors,” said the Washington-based National Foreign Trade Council, which represents businesses. “The design of this new tax suggest it was tailored specifically to impose a financial burden on successful U.S. companies.”\n\nGoogle and Facebook Inc. said when the tax was formally proposed that they pay all the taxes they owe in every country where they operate. A Google spokeswoman said the company pays the “vast majority of its corporate income tax” in the U.S. A Facebook spokesman said the company backs the OECD talks and pointed to a change it made in 2017 to book some ad revenue in countries where it operates.\n\nUntil the U.S. probe began, multilateral tax discussions in Washington had typically fallen under the Treasury Department, with little public intervention from other agencies or Mr. Trump.\n\nWednesday’s announcement could change that, in some sense connecting the tax talks with other trade fights. Mr. Trump in the past has linked disparate trade and economic disputes when confronting other countries, in part to increase leverage.\n\nThe face-off with France comes as Mr. Lighthizer’s office is seeking to negotiate a trade agreement with Europe, and French officials have opposed U.S. calls to include agriculture in the talks. At the same time, Mr. Trump is presiding over a trade case that could penalize U.S. auto imports from the European Union or other economies.\n\nKey U.S. lawmakers on trade-focused committees oppose Mr. Trump’s threatened tariffs on imported cars, but many support a push to include agriculture in talks with Europe. U.S. lawmakers from both parties back an investigation into the French tax.\n\n“The digital services tax that France and other European countries are pursuing is clearly protectionist and unfairly targets American companies in a way that will cost U.S. jobs and harm American workers,“ said both the top Republican and top Democrat of the Senate Finance Committee, Sen. Chuck Grassley (R., Iowa) and Ron Wyden (D., Ore.), respectively, in a joint statement. ”The United States would not need to pursue this path if other countries would abandon these unilateral actions and focus their energies on the multilateral process that is underway at the Organisation for Economic Cooperation and Development.”\n\nRichard Rubin and Sam Schechner contributed to this article.\n\nWrite to William Mauldin at william.mauldin@wsj.com",
    "published": "2019-07-11"
  },
  {
    "source": "WSJ",
    "title": "Cargill Profit Drops on Trade, Flooding Challenges",
    "summary": "Grain giant’s earnings hurt by transportation disruptions and U.S.-China dispute",
    "link": "https://www.wsj.com/articles/cargill-profit-drops-on-trade-flooding-challenges-11562853807?mod=Searchresults_pos6&page=33",
    "content": "Cargill Inc. is altering its global food trading to navigate production problems and trade disputes that have cut deeply into the agricultural giant’s profit.\n\nThe Minnesota-based company is shipping more farm commodities to Europe and the Middle East due to China’s tariffs on U.S. goods like soybeans and ethanol, said David Dines , Cargill’s chief financial officer. Cargill is also boosting international sales of beef and poultry, as a hog disease sharply reduces into China’s pork production.\n\nCargill, along with competitors such as Archer Daniels Midland Co. ADM 0.04 %increase; green up pointing triangle and Bunge Ltd., BG -0.20 %decrease; red down pointing triangle is grappling with the continuing U.S.-China trade dispute, which has upended longstanding commerce patterns in food and forced crop traders to find new markets in other countries. The companies, which buy crops from farmers for processing and export, now face the toughest U.S. growing season in years after flooding and persistent rainstorms disrupted processing operations and put U.S. farmers months behind in raising this year’s crop.\n\nCargill said Thursday that trade disputes and springtime flooding factored into a 67% drop in the company’s fiscal fourth-quarter profit, which fell to $235 million, while quarterly revenue declined 1% to $29.9 billion.\n\nChina over the past decade has been the second-biggest buyer of U.S. farm commodities, purchasing $19.5 billion worth of agricultural exports in 2017, or about 14% of the total, according to U.S. Department of Agriculture data. But China’s spending on agricultural imports from the U.S. dropped by more than half in 2018 as the countries’ tariff battle escalated.\n\nThe decline has alarmed the U.S. agriculture industry, which worked for decades to cultivate China as a customer, and now see their crops displaced by South American competitors. Some U.S. farm officials fear lasting damage to the U.S. reputation as a reliable source of crops, meat and dairy products.\n\n“The longer it goes on, the more permanent it will be,” said Mr. Dines. Cargill has been redirecting sales typically made to China to other buyers in Europe, the Middle East and Africa, he said. For now, the company hasn’t altered any long-term investment plans as a result of the current trade disputes.\n\n“Our goal would be to have a fast resolution to it,” Mr. Dines said.\n\nChina’s struggle to contain African swine fever, an illness fatal to hogs but not harmful to humans, is also forcing Cargill to adjust. The disease has been estimated to have led to the deaths of 150 million to 200 million Chinese pigs, according to Rabobank, impacting about one-third of China’s pork production and reducing sales for animal feed makers like Cargill.\n\nThat steep decline in the world’s biggest hog herd is already lifting meat prices elsewhere, Mr. Dines said, and benefiting Cargill’s beef and poultry businesses. Springtime flooding also delayed cattle shipments and cut consumer demand for meat to grill, which reduced quarterly profit in Cargill’s North American meat operations.\n\nAfter adjusting for one-time costs and events, Cargill said the company earned $476 million, versus $809 million in the same quarter last year. For the full year, Cargill’s net profit fell 17% to $2.56 billion, the lowest level since 2016, and revenue declined 1% to $113.5 billion.\n\nWrite to Jacob Bunge at jacob.bunge@wsj.com",
    "published": "2019-07-11"
  },
  {
    "source": "WSJ",
    "title": "U.S. Budget Gap Widened 23% in First Nine Months of Fiscal Year",
    "summary": "The government collected $2.6 trillion in receipts, a 3% increase, but higher spending on the military and interest on the debt drove federal outlays up 7%",
    "link": "https://www.wsj.com/articles/u-s-budget-gap-widened-23-in-first-nine-months-of-fiscal-year-11562868054?mod=Searchresults_pos12&page=5",
    "content": "The latest deficit estimate puts pressure on Congress and the White House to reach an agreement on raising the limit before the House and Senate leave for their August recess..\n\nWASHINGTON—Government tax receipts rose again in June but not enough to offset higher federal spending, which pushed the U.S. budget gap to $747 billion for the first nine months of the fiscal year.\n\nThe Treasury Department said Thursday the deficit grew 23% from October through June, compared with the same period a year earlier. The government collected $2.6 trillion in receipts, a 3% increase, reflecting a substantial increase last month in corporate tax revenue, which had been running below Congressional Budget Office projections so far this year. Higher spending on the military and interest on the debt drove federal outlays up 7%, to $3.3 trillion since the start of the fiscal year, the Treasury said. Both revenues and outlays set a record for this point in the fiscal year.\n\nA strong economy typically leads to narrower deficits, as rising household income and corporate profits help boost tax collections, while spending on safety-net programs such as unemployment insurance tends to decline.\n\nThe U.S. economy has been growing for 10 years as of this month, the longest economic expansion on record. Yet annual U.S. deficits are on track to exceed $1 trillion over the next few years, due in part to the 2017 tax law, which constrained federal revenue collection last year, and a 2018 budget deal that busted spending caps enacted in 2011.\n\nU.S. employers added 224,000 jobs in June, a record 105th straight month of job creation, and wages rose 3.1% from a year earlier. That wage gain is near the best in a decade, though it is down from a recent peak of 3.4% in February.\n\nU.S. economic output grew at a 3.1% seasonally adjusted annual rate in the first quarter, but forecasters predict that momentum slowed in the second quarter, amid heightened trade tensions, slower global growth and tepid business investment.\n\nIn the 12 months that ended in June, the deficit totaled $919 billion, a 22.6% increase from the same period a year earlier. As a share of gross domestic product, the year-over-year deficit totaled 4.4%, much higher than the previous 12 months.\n\nCorporate tax revenue rebounded in June—a month with significant estimated tax payments—after a period when analysts were unsure why it was running below the CBO’s projections. The U.S. collected $51.3 billion in corporate taxes in June, up 35% from the $38 billion it collected in June 2018. Overall, corporate tax revenue is now up 1.6% for the fiscal year to date. As of the end of May, it had been down 9% compared with the prior fiscal year.\n\nMore broadly, annual deficits are projected to more than double as a share of the economy over the coming decades, as a wave of retiring baby boomers pushes up federal spending on retirement and health-care benefits.\n\nThe latest figures come as congressional leaders and Trump administration officials are negotiating a new deal to set overall spending levels for the next fiscal year. Administration officials have cited rising deficits in their push to hold spending at current levels, though that proposal faces increasing resistance from some Senate Republicans who want to increase military spending, and runs counter to their own desire to extend certain tax cuts.\n\nThe pace of revenue collection and the resulting budget gaps are also key to discussions over raising the federal borrowing limit.\n\nThe Treasury has warned lawmakers it could run out of room to keep paying the government’s bills—and risk defaulting on U.S. debt—by late summer unless Congress raises the debt ceiling. A new estimate from the Bipartisan Policy Center released Monday predicts the X-date could arrive in early September.\n\nThe latest estimate puts pressure on Congress and the White House to reach an agreement on raising the limit before the House and Senate leave for their August recess. Lawmakers are not scheduled to return to Washington until Sept. 9.\n\nTreasury Secretary Steven Mnuchin Photo: Andrew Harrer/Bloomberg News\n\n“There have been some outside numbers talking about the debt ceiling and that is something we’re having discussions about, updating the numbers and potentially the need to do something before everybody leaves,” Treasury Secretary Steven Mnuchin said Wednesday following a meeting with administration officials and Senate Republicans.\n\nHouse Speaker Nancy Pelosi (D., Calif.) maintained at a press conference Thursday that the debt-ceiling vote should be paired with a broader agreement on raising the spending caps. The current budget agreement is set to expire on Oct. 1.\n\nMrs. Pelosi said she was monitoring the arrival of the potential X-date.\n\n“We’ll just see about the timing. We’re having our back and forth conversations. We understand the value of that. We also understand how important it is for us to lift the caps so that we can meet the needs of the American people and we’re having those conversations at the same time,” she said.\n\nRichard Rubin and Andrew Duerhen contributed to this article.\n\nWrite to Kate Davidson at kate.davidson@wsj.com",
    "published": "2019-07-11"
  },
  {
    "source": "WSJ",
    "title": "Real Time Economics: Fed Signals a Rate Cut, Markets Rejoice",
    "summary": "This is the web version of the WSJ’s newsletter on the economy. You can sign up for daily delivery here.",
    "link": "https://www.wsj.com/articles/real-time-economics-fed-signals-a-rate-cut-markets-rejoice-01562841791?mod=Searchresults_pos3&page=12",
    "content": "This is the web version of the WSJ’s newsletter on the economy. You can sign up for daily delivery here.\n\nA Fed rate cut later this month looks like a slam dunk, Fed Chairman Jerome Powell heads to Capitol Hill for a second day of testimony, and tariffs aren't driving factories back to U.S. shores. Good morning. Jeff Sparshott here to take you through key developments in the global economy. Send us your questions, comments and suggestions by replying to this email.\n\nA Little Insurance\n\nFederal Reserve Chairman Jerome Powell signaled the central bank is ready to cut interest rates later this month to cushion the U.S. economy against the risks of slower global growth and trade-policy uncertainty, Nick Timiraos reports.\n\nBottom line : Mr. Powell told lawmakers the economic outlook hadn’t improved in recent weeks despite the strong June jobs report and recent U.S.-China trade truce. “The bottom line for me is the uncertainties around global growth and trade continue to weigh on the outlook.”\n\n: Mr. Powell told lawmakers the economic outlook hadn’t improved in recent weeks despite the strong June jobs report and recent U.S.-China trade truce. “The bottom line for me is the uncertainties around global growth and trade continue to weigh on the outlook.” Inflation : The Fed chairman warned that weak inflation could prove more persistent than previously anticipated, a development that “strengthened the case for a somewhat more accommodative policy.”\n\n: The Fed chairman warned that weak inflation could prove more persistent than previously anticipated, a development that “strengthened the case for a somewhat more accommodative policy.” No, Mr. Trump : In response to a question, Mr. Powell said he wouldn’t leave his office if President Trump tried to replace him.\n\n: In response to a question, Mr. Powell said he wouldn’t leave his office if President Trump tried to replace him. Day Two: Mr. Powell is back in Congress today for a second day of testimony.\n\nMarket reaction: The Nasdaq Composite closed at a record, the S&P 500 briefly eclipsed the 3000 level for the first time and the Dow Jones Industrial Average gained ground.\n\nWHAT TO WATCH TODAY\n\nThe European Central Bank releases June 5-6 meeting minutes at 7:30 a.m. ET.\n\nThe U.S. consumer-price index for June is expected to be flat from a month earlier and rise 1.6% from a year earlier. Excluding food and energy, CPI is expected to gain 0.2% from a month earlier and 2% from a year earlier. (8:30 a.m. ET)\n\nU.S. jobless claims are expected to rise to 224,000 from 221,000 a week earlier. (8:30 a.m. ET)\n\nThe WSJ survey of economistsis out at 10 a.m. ET.\n\nFed Chairman Jerome Powelltestifies before the Senate Banking Committee 10 a.m. ET.\n\nAlso on the Fed’s calendar: New York’s John Williams speaks on community revitalization in Albany, N.Y., at 11 a.m. ET, Richmond’s Thomas Barkin speaks on monetary policy at 12:30 p.m. ET, Atlanta’s Raphael Bostic speaks on monetary policy at 1 p.m. ET, Mr. Williams speaks again in Albany at 1:30 p.m. ET, Fed Vice Chairman Randal Quarles speaks on financial regulation and monetary policy at 1:30 p.m. ET, and Minneapolis’s Neel Kashkari holds a town hall in Aberdeen, S.D., at 5 p.m. ET.\n\nThe U.S. federal budget is expected to post a $2.5 billion surplus in June. (2 p.m. ET)\n\nTOP STORIES\n\nBubble, Bubble Toil and Trouble\n\nThe Fed is cutting rates when stock prices are high and unemployment is low. That risks creating more problems down the road, Justin Lahart writes.\n\nLower rates induce investors to take on more risk, moving their cash from safe holdings and into riskier assets such as stocks.\n\ninduce investors to take on more risk, moving their cash from safe holdings and into riskier assets such as stocks. But already stocks don’t look cheap. By the time the Fed gets the economic stimulus and higher inflation it is aiming for, stocks could be seriously overvalued. And if stocks fall sharply after that, the Fed could have a real problem on its hands.\n\nTime Is On My Side\n\nFor years, falling wages and high unemployment seemed proof that low-wage workers needed an entirely new set of skills to succeed in an economy shaped by technological change and globalization. It turns out what they needed most was time. As the economic expansion reaches a record age and unemployment remains near generation lows, the fortunes of low-skilled workers have turned up markedly. What looked like a permanent setback may be mostly cyclical, Greg Ip writes. It's one of the big reasons the Fed wants to keep the expansion running.\n\nDigital Divide\n\nFrance’s legislature gave final approval to a new tax on large tech companies, shrugging off the threat posed by a new U.S. trade probe into whether the measure discriminates against American firms. France’s Senate approved the new tax, the first in a series of proposed digital-services taxes being debated across Europe. The vote came just hours after U.S. Trade Representative Robert Lighthizer said his office would investigate the tax under the same broad law the Trump administration relied on for its trade conflict with China.\n\nCar Crash\n\nMajor car makers are struggling in China. The Chinese auto market in June slumped for a 12th straight month as consumers grew tightfisted amid trade-related uncertainty and as dealers flooded car lots with older models. U.S. auto makers Ford, General Motors and Fiat ChryslerAutomotive’s Jeep division are among those struggling the most and many mainstream brands are now facing a question—unthinkable just a year or two ago—of whether to remain in China at all.\n\nWhat Else We’re Following\n\nTariffs aren't driving factory work back to the U.S. Instead, higher levies appear to be accelerating a shift in production from China to Vietnam and other low-cost nations: American imports of manufactured goods from China and 13 other Asian countries rose 9% in 2018 to $816 billion, the largest annual increase in nearly a decade.\n\nHarvard University placed famed economist Roland Fryer Jr. on a two-year administrative leave on Wednesday after determining he had violated the school’s sexual-harassment policy. Harvard’s Office for Dispute Resolution found Dr. Fryer “engaged in unwelcome sexual conduct” toward several individuals, over several years, created a hostile work environment and violated professional-conduct policies.\n\nIron-ore prices have soared 67% this year. The surge is primarily linked to shrinking or stagnating supplies from the mining hubs of Australia and Brazil. Demand, meanwhile, is climbing. Output in China, the world’s No. 1 steelmaker and consumer, rose 10% in the first five months of 2019 from a year ago. U.S. production was up 6.2%. The fallout? U.S. Steel said last month it was struggling with rising raw material costs in Europe as it idled one furnace there and two in the U.S.\n\nQUOTE OF THE DAY\n\n“We don't have any evidence for calling this a hot labor market. ... To call something hot, you need to see some heat.” —Fed Chairman Jerome Powell\n\nWHAT ELSE WE’RE READING\n\nWestern intellectuals and economists share the blame for China's rise as a malevolent and murderous world power. \"We all agreed that new life would be brought to China, which had frozen under Mao, by the electric shock of marketisation and private property. All of us who advocated this plan were Frankensteins. Now, the fearsome monster is here,\" Harvard University's Janos Kornai writes in the Financial Times.\n\nPresident Trump's pick for the Fed wants a new mandate at the central bank: a stable currency. \"Given the need to reconcile domestic and international monetary objectives, the old labels of 'hawks' vs. 'doves'—focused strictly on domestic monetary policy—at the Federal Reserve are no longer useful. What’s needed is a woodpecker to hammer away with a message about the importance of money serving as a reliable measure of value—across borders and through time,\" economist Judy Shelton writes in the Washington Post.\n\nSign Up for Our Calendar\n\nReal Time Economics has launched a downloadable Google calendar with concise previews, forecasts and analysis of major U.S. data releases.\n\nTo add to your Google Calendar on desktop, click here.\n\nTo add to your Google calendar app on mobile, click here.\n\nIf you prefer to view the calendar using a web browser, with the option of adding select Real Time Economics entries to your calendar, click here.\n\nAnd here's our how-to.\n\nLet us know what you think. This is a pilot project, so we’d appreciate your feedback.",
    "published": "2019-07-11"
  },
  {
    "source": "WSJ",
    "title": "France Presses On With Digital Tax Despite U.S. Probe",
    "summary": "The measure will apply a 3% tax on revenue in France from some digital activities by large companies",
    "link": "https://www.wsj.com/articles/france-presses-on-with-digital-tax-despite-u-s-probe-11562839468?mod=Searchresults_pos10&page=14",
    "content": "French Finance Minister Bruno Le Maire dismissed the U.S. digital tax probe in an address to French senators ahead of the vote.\n\nFrance’s legislature gave final approval to a new tax on large tech companies like Alphabet Inc.’s GOOGL -0.29 %decrease; red down pointing triangle Google and Amazon.com Inc., AMZN 0.48 %increase; green up pointing triangle shrugging off the threat posed by a new U.S. trade probe into whether the measure discriminates against American firms.\n\nFrance’s Senate gave a voice vote to approve the new tax, the first in a series of proposed national taxes on digital services being debated across Europe. The vote came just hours after U.S. Trade Representative Robert Lighthizer said his office would investigate the tax under the same broad law the Trump administration relied on for its trade conflict with China.\n\nFrench Finance Minister Bruno Le Maire dismissed the U.S. probe in an address to French senators ahead of the vote.\n\n“France is a sovereign state. It makes sovereign decisions on tax matters and will continue to make sovereign decisions on tax matters,” Mr. Le Maire said. “Between allies, we can and we must resolve our disputes without resorting to threats.”\n\nThe Franco-American dispute raises tension as the two countries participate in a new round of multilateral talks under the aegis of the Organization for Economic Cooperation and Development about how to overhaul the corporate taxation system for the digital age.\n\nFrance and other European countries want a system that allocates more of Silicon Valley’s profits to their territories for taxation. The U.S. wants to avoid a patchwork of unilateral taxes and opposes measures that target digital companies in particular.\n\nMr. Le Maire reiterated Thursday his pledge that France will repeal its new tax once a “credible agreement” is reached at the OECD, and said that France’s proposal should give the U.S. an additional incentive to negotiate such an agreement.\n\n“Let’s accelerate work at an international level,” Mr. Le Maire said. “Let’s find a solution at the OECD level, and work via agreements rather than threats.”\n\nThe Google Pixel 3a smartphone. The company is among the U.S. tech giants that are set to be subject to a 3% tax on revenue in France. Photo: David Paul Morris/Bloomberg News\n\nTech companies and their lobbyists have opposed the French tax and voiced support for the U.S.’s pugnacious response.\n\nAmazon said it applauded the Trump administration for “taking decisive action against France and for signaling to all of America’s trading partners that the U.S. government will not acquiesce to tax and trade policies that discriminate against American businesses.”\n\nThe Information Technology Industry Council, which represents Facebook Inc., Google, Amazon and other tech companies has rallied against digital tax proposals in France and other countries. Jennifer McCloskey , vice president of policy for the group, said she supported the probe but urged the U.S. to proceed “in a spirit of international cooperation and without using tariffs as a remedy.”\n\nA spokesman for Facebook declined to comment and Google didn’t respond to requests for comment. In the past, the companies have said they pay all the taxes they owe under current rules, but support multinational efforts to overhaul the corporate tax system.\n\nThe new French measure, which is retroactive to the beginning of 2019, will apply a 3% tax on revenue that companies reap in France from such activities as undertaking targeted advertising or running a digital marketplace. It is unusual because it will apply to gross revenue in France from certain digital activities, somewhat like a sales tax, rather than taxing companies’ profits after expenses.\n\nThe French government put forward its law in March after the European Union failed to agree on a similar measure. Several other countries are following suit, arguing that tech companies pay too little corporate tax under current rules, and that interim taxes are necessary until an international agreement is reached.\n\nThe U.K., for instance, Thursday published draft legislation that would impose its own digital-services tax in 2020 unless an international agreement is reached by then, according to a person familiar with the matter.\n\n“We’ve been clear that our strong preference is for a global/OECD solution,” a spokesman for the U.K. Treasury said. “Once an appropriate global solution is in place, we will no longer need our own digital services tax.”\n\nThe OECD’s top tax official played down the impact of the spat between the U.S. and France.\n\n“I am not sure that the escalation of the dispute between the U.S. and France jeopardizes progress toward a global solution,” said Pascal Saint-Amans , the OECD’s senior tax official. “I would even think it is the contrary. That said, this is an extraordinary complex project and it is hard to know how things will evolve.”\n\nWrite to Sam Schechner at sam.schechner@wsj.com and Paul Hannon at paul.hannon@wsj.com",
    "published": "2019-07-11"
  },
  {
    "source": "WSJ",
    "title": "U.S. Launches Probe of French Digital Tax",
    "summary": "French proposal will apply a 3% tax on revenue that big technology companies reap in France",
    "link": "https://www.wsj.com/articles/u-s-launches-probe-of-french-digital-tax-11562797720?mod=Searchresults_pos1&page=2",
    "content": "U.S. trade officials are launching a probe of France’s planned tax on digital services, kicking off a spat with Paris as well as a global fight over how to tax the growing internet economy.\n\nU.S. Trade Representative Robert Lighthizer said Wednesday his office would launch a probe of the digital services tax, or DST, under the same broad law the Trump administration relied on for its trade conflict with China.\n\n“The United States is very concerned that the digital services tax which is expected to pass the French Senate tomorrow unfairly targets American companies,” Mr. Lighthizer said in a statement. “The President has directed that we investigate the effects of this legislation and determine whether it is discriminatory or unreasonable and burdens or restricts United States commerce.”\n\nThe French proposal, likely the first in a wave of proposed digital-services taxes to take effect in Europe, will apply a 3% tax on revenue that companies like Alphabet Inc.’s Google or Amazon.com Inc. reap in France from such activities as undertaking targeted advertising or running a digital marketplace.\n\nFrance’s Senate is expected to vote Thursday on the final text of the bill, marking the final step before the law is promulgated. France’s Finance Ministry didn’t reply to a request for comment late Wednesday about the U.S. investigation.\n\nOfficials and business leaders in Washington have argued that the tax unfairly targets American companies and could lead to double taxation and multiple new overlapping tax regimes.\n\nThe French tax and others like it have spurred a Paris-based group of developed nations to seek a new set of rules for how nations should divide up taxing rights. Those negotiations are ongoing, and France has decided to implement its unilateral tax in the meantime.\n\nFrance has portrayed its tax as a way of keeping up pressure to reach a multilateral solution at the Organization for Economic Cooperation and Development. French officials credit the digital-tax proposal as helping push the U.S. to the international negotiating table, potentially heading off similar levies in other countries such as Spain and the U.K. Paris officials have also pledged to repeal the national tax once there is a global agreement on how to tax the digital economy.\n\nNewsletter Sign-up WSJ Politics & Policy Scoops, analysis and insights driving Washington from the WSJ's D.C. bureau. Preview Subscribed\n\nYet the Trump administration has repeatedly shown it won’t shy away from taking its own unilateral actions when threatened with what it sees as unfair economic conditions. U.S. officials have expressed impatience with achieving consensus in multilateral forums such as the OECD and World Trade Organization.\n\nSilicon Valley-based firms will be hit by the tax because it applies to companies with more than €750 million ($844 million) in annual global revenue, including at least €25 million in France.\n\n“France’s new digital services tax disproportionately affects innovative American companies while carving out French competitors,” said the Washington-based National Foreign Trade Council, which represents businesses. “The design of this new tax suggest it was tailored specifically to impose a financial burden on successful U.S. companies.”\n\nGoogle and Facebook Inc. said when the tax was formally proposed that they pay all the taxes they owe in every country where they operate. A Google spokeswoman said the company pays the “vast majority of its corporate income tax” in the U.S. A Facebook spokesman said the company backs the OECD talks and pointed to a change it made in 2017 to book some ad revenue in countries where it operates.\n\nUntil the U.S. probe began, multilateral tax discussions in Washington had typically fallen under the Treasury Department, with little public intervention from other agencies or Mr. Trump.\n\nWednesday’s announcement could change that, in some sense connecting the tax talks with other trade fights. Mr. Trump in the past has linked disparate trade and economic disputes when confronting other countries, in part to increase leverage.\n\nThe face-off with France comes as Mr. Lighthizer’s office is seeking to negotiate a trade agreement with Europe, and French officials have opposed U.S. calls to include agriculture in the talks. At the same time, Mr. Trump is presiding over a trade case that could penalize U.S. auto imports from the European Union or other economies.\n\nKey U.S. lawmakers on trade-focused committees oppose Mr. Trump’s threatened tariffs on imported cars, but many support a push to include agriculture in talks with Europe. U.S. lawmakers from both parties back an investigation into the French tax.\n\n“The digital services tax that France and other European countries are pursuing is clearly protectionist and unfairly targets American companies in a way that will cost U.S. jobs and harm American workers,“ said both the top Republican and top Democrat of the Senate Finance Committee, Sen. Chuck Grassley (R., Iowa) and Ron Wyden (D., Ore.), respectively, in a joint statement. ”The United States would not need to pursue this path if other countries would abandon these unilateral actions and focus their energies on the multilateral process that is underway at the Organisation for Economic Cooperation and Development.”\n\nRichard Rubin and Sam Schechner contributed to this article.\n\nWrite to William Mauldin at william.mauldin@wsj.com",
    "published": "2019-07-11"
  },
  {
    "source": "WSJ",
    "title": "Get Incentives Right to Build More Housing",
    "summary": "Prof. Anup Malani is biased toward government action and, no surprise, in favor of another new tax to remedy the shortage of what today is commonly called affordable housing.",
    "link": "https://www.wsj.com/articles/get-incentives-right-to-build-more-housing-11562881723?mod=Searchresults_pos14&page=2",
    "content": "Regarding Anup Malani’s “To Encourage New Housing, Tax It” (op-ed, July 8): It seems the professor is biased toward government action and, no surprise, in favor of another new tax to remedy the shortage of what today is commonly called affordable housing. Citing Milton Friedman to bring free-market bona fides to his theory falls empty when Prof. Malani states in one sentence, “my proposal would improve the distribution of wealth” and, in another, “gains can be distributed to potential losers.”\n\nProviding our citizens with efficient transportation to work instead of them enduring 60- to 90-minute commutes from where they can afford to live safely will let the free market correct our housing ills. Sure, there will still be wealthy and middle-class areas and, yes, even low-priced areas. This is not a problem unless you are class-centric.\n\nJames Lomeo\n\nMonroeville, Pa.\n\nAnup Malani’s proposed solution to limited new housing makes wonderful sense if you are a Ph.D. economist. Unfortunately, it relies on local governments to lower property taxes of existing homeowners to compensate them for the diminished value of their homes when housing supply goes up. Nobody trusts local governments to lower taxes. They would pocket the higher-taxed new construction and retain the tax rates on existing housing. We must live in the real world.\n\nJack Wissner\n\nAtlanta\n\nBy proposing to tax new homes to compensate neighbors who object, Mr. Malani seeks practicality but raises an issue of principle: Whose property is it? If I have to pay off self-interested complainers to use my property as intended, then I’ve lost an important part of what my property rights were supposed to include. It’s true that elements of this are effectively followed already in many places, such as through costly “impact fees” or elevated utility hookup charges for new construction, but to empower neighborly greed openly and through the taxing authorities would be a much worse precedent.\n\nCarl Danner\n\nAlamo, Calif.\n\nProf. Malani refers to Milton Friedman, but he misses or ignores one of Friedman’s most famous observations that when you tax something, you get less of it, and when you subsidize something you get more of. In this case, adding additional property taxes to new construction will have the opposite effect that Mr. Malani intends.\n\nProperty taxes are an annual cost, thus becoming part of the annual operating cost of a home. If a new home and an existing home have the same or close to the same utility, the rational buyer will choose the home with the lowest overall cost, which is a combination of the purchase price and the annual operating cost. If the existing home has the lowest overall cost, that will be the home they choose. By artificially raising taxes on new construction and subsidizing operating cost on existing construction, the demand for existing construction increases and the demand for new construction decreases. This will cause prices to be bid up on existing construction and developers will reduce construction of new properties as demand decreases. This is the opposite of Mr. Malani’s desired outcome. Mr. Malani also doesn’t address at what point “new” construction becomes “existing” construction and, thus, eligible for the tax subsidy.\n\nTo test Friedman’s observation, you only have to look at the homeless situation in California. California continues to spend more and more money on the homeless (subsidizing homelessness) and can’t seem to understand why its homeless problem continues to grow.\n\nMark A. Bechel\n\nDenver",
    "published": "2019-07-11"
  }
]