[
  {
    "source": "WSJ",
    "title": "Outlook for Second-Quarter Growth Firms as Americans Shop, Factories Perk Up",
    "summary": "Retail sales rise for a fourth consecutive month and manufacturing strengthens in June",
    "link": "https://www.wsj.com/articles/u-s-retail-sales-rose-solidly-in-june-11563280383?mod=Searchresults_pos7&page=64",
    "content": "Shoppers in New York in June. Four consecutive months of rising retail sales suggest consumers remain a deep reservoir of strength for the U.S. economy.\n\nWASHINGTON—American shoppers increased their spending in June and factories picked up production, adding to evidence the U.S. economy is wrapping up a solid second quarter despite challenges from abroad.\n\nStrong retail sales in June, coupled with an increase in manufacturing output, set the stage for a stronger-than-expected reading for economic growth in the second quarter. After Tuesday’s reports, forecasting firm Macroeconomic Advisers raised its projection for gross domestic product to grow at a 2.1% seasonally adjusted annual rate in the quarter, from a previous forecast of 1.8%.\n\nDespite an overall solid economic picture, increasing risks from global growth and brewing trade tensions are primary concerns the Federal Reserve has cited in signaling it is ready to cut interest rates later this month to cushion the U.S. economy.\n\n“The bottom line for me is the uncertainties around global growth and trade continue to weigh on the outlook,” Fed Chairman Jerome Powell told the House Financial Services Committee last week.\n\nWhereas manufacturing accounts for a small share of the economy, consumer spending fuels more than two-thirds of economic output. Retail sales, a measure of purchases at stores, at restaurants and online, rose a seasonally adjusted 0.4% in June from a month earlier, the Commerce Department said Tuesday.\n\nFour consecutive months of rising retail sales suggests consumers remain a deep reservoir of strength for the U.S. economy. From a year earlier, retail sales were up 3.4% in June, and sales in April and May each logged increases of 0.4%. Meanwhile, manufacturers, the oft-cited pocket of weakness in the economy this year, increased output last month, according to a Federal Reserve report released Tuesday.\n\nJoseph Brusuelas, chief economist at RSM US LLP, said strong spending at restaurants and online shows consumers should help buffer against economic uncertainty from overseas.\n\n“The consumer has a fairly bright outlook at this point, just based on job gains and wage gains,” he said.\n\nAmericans’ spending increases were broad-based. They ramped up spending online, where outlays were up 13.4% from a year ago and 1.7% from May. Consumers also spent solidly at clothing stores, restaurants and building-material supply stores. Meanwhile, gasoline-station sales fell 2.8% in June from the prior month. The decline was widely anticipated by economists due to a pullback in gas prices.\n\nSharon Mulcahy, a 59-year-old stay-at-home grandmother from Blackstone, Mass., said last month she felt encouraged by an economy “that’s going really well.”\n\n“We’ve doubled our 401(k), and we’ve actually started traveling more because there is more income,” Ms. Mulcahy said, standing outside the White House on a late-June trip to Washington, D.C.\n\nWhile manufacturing output increased, some analysts cautioned it could be a temporary rise, given faltering demand abroad and recent weakness in other manufacturing surveys. Industrial output overall was flat in June, the Federal Reserve said Tuesday, suggesting not all segments of the economy are climbing.\n\nAn index of factory activity produced by the Institute for Supply Management slipped to 51.7 in June, the third straight month of slowing expansion, as manufacturers confronted renewed trade tensions and slowing growth abroad. U.S. manufacturers face higher costs for many components and metals because of U.S. tariffs on goods from China and a strong dollar that makes U.S. exports more expensive.\n\nHere's the truth about the ‘retail apocalypse’: it's more of a transformation. WSJ news editor Lee Hawkins reports. Photo illustration: Emily B. Hager/The Wall Street Journal\n\nLikhitha Butchireddygari contributed to this article.\n\nWrite to Sarah Chaney at sarah.chaney@wsj.com and Harriet Torry at harriet.torry@wsj.com",
    "published": "2019-07-17"
  },
  {
    "source": "WSJ",
    "title": "For U.S. and France, a Tax Fight Over Tech Giants Remains a Sore Point",
    "summary": "Stakes are rising after France approved new tax measures for companies like Amazon, Google",
    "link": "https://www.wsj.com/articles/for-u-s-and-france-a-tax-fight-over-tech-giants-remains-a-sore-point-11563300000?mod=Searchresults_pos1&page=71",
    "content": "French Economy and Finance Minister Bruno Le Maire at the Élysée Palace in Paris on June 17.\n\nThe stakes for thrashing out a global deal on how to tax tech giants doing cross-border business are rising now that national governments are taking matters into their own hands.\n\nFrench lawmakers last week gave final approval to a new tax on large tech companies like Alphabet Inc.’s Google and Amazon.com Inc., retroactive to the beginning of 2019. Other countries such as the U.K. are on a similar path, and the U.S. is already pushing back.\n\nShortly before she was confirmed on Tuesday as the next president of the European Commission, Ursula von der Leyen accused tech companies of playing Europe’s tax systems to their advantage.\n\nNegotiators have long known that failing to agree on a collective response to an increasingly digital world could mean companies pay tax on the same profit stream across multiple locations, and senior officials from the Group of Seven most developed nations are due to discuss it in Chantilly, France, on Wednesday and Thursday.\n\nBut tax experts say there now is a growing risk that governments making their own unilateral tax moves could trigger a fresh run of trade disputes if the U.S. or other governments sense their companies are being treated unfairly.\n\n“Trade disputes are very troubling,” said Will Morris, deputy leader for global tax policy at business-services firm PwC. “Tax disputes are troubling. When you mix them up, you stand the chance of supercharging the disputes.”\n\nJust before the French vote, U.S. Trade Representative Robert Lighthizer said his office would investigate the tax under the same broad law the Trump administration relied on for its trade conflict with China, which is known as a 301 procedure and could lead to tariffs.\n\nLast week’s salvos will likely add to the difficulty the G-7 faces in finding common ground in a wider round of talks shepherded by the Organization for Economic Cooperation and Development, aimed at reaching a solution to replace individual nations’ digital-tax plans by 2020.\n\n“The process to get to an agreement at the OECD is already very difficult and so anything that makes it more difficult may reduce the odds,” said Carol Doran Klein, vice president and international tax counsel at the U.S. Council for International Business, a trade group.\n\n“The unilateral measures and 301 probably don’t make it easier,” she said. “I think in all likelihood, it makes it harder.”\n\nTo succeed, negotiators will have to stop trading blows and engage in some give and take, participants say.\n\nNewsletter Sign-up What’s News Catch up on the headlines, understand the news and make better decisions, free in your inbox daily. Enjoy a free article in every edition. Preview Subscribed\n\n“If we are not able to find a compromise on Wednesday and Thursday, I think it will be difficult to find a compromise at the OECD level,” said French Economy and Finance Minister Bruno Le Maire in an interview.\n\nThe rise of the big tech companies and the growth of digital trade is threatening to undermine a system designed over decades to tax profits made by manufacturing companies in one country selling to customers overseas—and only once.\n\nCompanies providing digital services don’t require any local physical presence such as warehouses or factories. This enables them to lower their tax bills by registering their patents and trademarks—to which their profits accrue—in low-tax countries. And the sums involved are spectacular.\n\nThe OECD estimates that avoidance, including this practice of recording profits in low-tax jurisdictions, deprives governments of between $100 billion and $240 billion in revenue each year.\n\nThe loss to France alone is estimated at 6% to 23% of its corporate tax revenues annually. It isn’t known how much of that is generated by the heavily online business targeted by the new French tax, or how much large U.S. corporations add to the total.\n\nBut one clear divide between the U.S. and France is the question of whether those companies should be singled out for special treatment or all businesses should be treated equally.\n\nThe U.S. stands firmly against special treatment, arguing that many businesses now, and even more in the future, have aspects of digitization, such as automobiles and aircraft. Washington argues that countries should follow the OECD-led, multilateral approach. That is a view backed by technology companies.\n\n“For tax reform to be ambitious and fair it needs to be global and cover all industry sectors,” said Christian Borggreen, vice president for Europe at the U.S.-based Computer & Communications Industry Association, a trade group that includes Google, Facebook Inc. and Amazon.\n\nA spokesman for Facebook said the company supports the OECD-led process, and a spokesman for Google referred to a late June blog post in which the company expressed such support. A spokesman for Amazon didn’t immediately respond to a request for comment, but last week said the company supports “multilateral efforts to reform the global tax system.”\n\nThe overriding question is which countries win and lose under any of the proposals.\n\nOne key feature under any new regime, said Mr. Morris at PwC, is that it shouldn’t deprive any single government of a large chunk of its tax revenue.\n\n“It can’t be a third of your tax base,” he said.\n\nNoemie Bisserbe and Sam Schechner in Paris contributed to this article.\n\nWrite to Paul Hannon at paul.hannon@wsj.com and Richard Rubin at richard.rubin@wsj.com",
    "published": "2019-07-17"
  },
  {
    "source": "WSJ",
    "title": "Consumer Lending Powers Big-Bank Earnings, Upstaging Wall Street",
    "summary": "Credit cards, other consumer units boosted results at JPMorgan, Wells Fargo, Citigroup as Goldman slumped",
    "link": "https://www.wsj.com/articles/consumer-lending-powers-big-bank-earnings-upstaging-wall-street-11563301446?mod=Searchresults_pos9&page=72",
    "content": "Booming consumer businesses drove quarterly profits higher at JPMorgan Chase, Wells Fargo and Citigroup, while trading and deal fees shrank.\n\nU.S. consumers are taking advantage of low interest rates to borrow and spend, boosting banks that cater to Main Street and leaving behind those that don’t.\n\nBooming consumer businesses drove quarterly profits higher at JPMorgan Chase JPM 0.33 %increase; green up pointing triangle & Co., Wells Fargo WFC 1.06 %increase; green up pointing triangle & Co. and Citigroup Inc., C 0.67 %increase; green up pointing triangle while trading and deal fees shrank. Goldman Sachs Group Inc., GS -0.59 %decrease; red down pointing triangle which lacks a big consumer operation, was the only large U.S. bank to report lower profit in the second quarter than it did a year ago.\n\nThe results show American consumers are more upbeat about the economy than businesses and institutional investors. Low unemployment, rising wages and the Federal Reserve’s decision to hold interest rates steady prompted consumers to increase their credit-card spending and take out new mortgages.\n\nBut signs of slowing global growth, rising trade tensions with China and the prospect that the Fed will lower rates this year have made banks’ trading and corporate clients nervous.\n\nRevenue and net income Wells Fargo JPMorgan Chase Goldman Sachs $30 billion 25 Net income 20 Revenue 15 10 5 0 –5 2017 ’18 ’19 2017 ’18 ’19 2017 ’18 ’19 Revenue and net income Wells Fargo JPMorgan Chase Goldman Sachs $30 billion 25 Net income 20 Revenue 15 10 5 0 –5 2017 ’18 ’19 2017 ’18 ’19 2017 ’18 ’19 Revenue and net income Wells Fargo JPMorgan Chase Goldman Sachs $30 billion 25 Net income 20 Revenue 15 10 5 0 –5 2017 ’18 ’19 2017 ’18 ’19 2017 ’18 ’19 Revenue and net income Goldman Sachs $30 billion 25 Net income 20 Revenue 15 10 5 0 –5 2017 ’18 ’19 JPMorgan Chase $30 billion 25 20 15 10 5 0 –5 2017 ’18 ’19 Wells Fargo $30 billion 25 20 15 10 5 0 –5 2017 ’18 ’19\n\n“The consumer in the United States is doing fine,” JPMorgan Chief Executive James Dimon said on a call with analysts Tuesday morning. “The business sentiment is a little bit worse.”\n\nShare Your Thoughts Are you optimistic about the economy? Would you borrow for purchases or buy a house right now? Join the conversation below.\n\nBanks’ credit-card customers increased both their spending and borrowing in the quarter. At JPMorgan, card spending rose 11% to $192.5 billion, while balances rose 8% to $157.6 billion. The bank, the largest U.S. lender by assets, said most of the growth was from existing customers rather than new accounts.\n\nAt Citigroup, the purchase volume on its nearly 35 million branded credit-card accounts in the U.S. rose 8%, while balances increased 3%. Card purchases and balances rose 6% at Wells Fargo, which has a smaller card business.\n\n“People like their credit cards. They use their credit cards more than they use their debit cards,” Mr. Dimon said. “I don’t remember the last time I used my debit card.”\n\nMortgage originations rose in the second quarter at JPMorgan and Wells Fargo—two of the nation’s largest home lenders—as well as at Citigroup. The average rate for a 30-year, fixed-rate mortgage has fallen below 4%, spurring consumers to buy homes and refinance.\n\n‘The consumer in the United States is doing fine,’ said JPMorgan CEO James Dimon. ‘The business sentiment is a little bit worse.’ Photo: jeenah moon/Reuters\n\nThings were tougher for bank operations that help large investors and companies to make trades, raise money and do deals. Executives blamed a series of unnerving headlines, including escalating trade tensions with China and tariff battles with Mexico. Interest-rate cuts began to look likely, reversing investors’ expectations that the Fed would continue raising benchmark rates as the economy strengthened.\n\nGrowth jitters hit Goldman particularly hard. The bank’s quarterly profit fell 6%, with combined revenue from underwriting and debt-trading down twice that much. Corporate borrowers, seeing a Fed rate cut ahead, pulled back on bond offerings.\n\nInvestment banks tend to do well when their clients are confident enough about the direction of markets and interest rates to strike mergers, open new plants or put on big positions. Skittish investors and executives tend to hunker down rather than risk a loss.\n\nGoldman’s quarterly trading revenue was 3% lower than a year ago, driven by a 13% decline in fixed-income trading, which includes bonds, currencies and other products tied to interest rates and global economic indicators.\n\nThe quarter highlighted the urgency of Goldman’s pivot toward Main Street businesses. Without the big consumer-banking and lending businesses of its rivals, Goldman still gets most of its profits from investment banking and trading, which are more vulnerable to market twitches.\n\nAt JPMorgan, trading revenue declined 6% from a year ago, excluding a one-time gain on the bank’s stake in a trading platform. Investment-banking profit fell 8% from a strong year-ago quarter.\n\nThe prospect of Fed rate cuts as soon as this month further clouds the outlook. The central bank began raising rates in 2015 at a pace that allowed banks to charge borrowers more while keeping their deposit costs relatively low. A rate cut would leave less room to maneuver, crimping their lending margins.\n\nJPMorgan Chief Financial Officer Jennifer Piepszak said the bank now expects three rate cuts in 2019. When it reported first-quarter results in April, it wasn’t predicting any cuts this year.\n\nNewsletter Sign-up Markets P.M. Catch up on the day's most important markets moves, delivered after the closing bell. Preview Subscribed\n\nJPMorgan slightly lowered its expectations for net lending profits for the year to about $57.5 billion from more than $58 billion. Ms. Piepszak said multiple rate cuts could take a greater toll.\n\nThe bank’s net interest margin—the spread between what it earns on loans compared with what it pays out for deposits—fell to 2.49% from the first quarter’s 2.57%. At Wells Fargo, it fell to 2.82% from 2.91%.\n\nNet interest margins are expected to keep shrinking. Some banks, including Goldman, already have lowered their deposit rates in anticipation of a Fed cut.\n\n“We’re clearly pivoting from an environment where we had predicted…rising rates to this point,” Citigroup Chief Executive Michael Corbat told analysts Monday. “From our perspective, we don’t believe that the market has made that full adjustment.”\n\nTelis Demos contributed to this article.\n\nWrite to David Benoit at david.benoit@wsj.com, Liz Hoffman at liz.hoffman@wsj.com and Rachel Louise Ensign at rachel.ensign@wsj.com",
    "published": "2019-07-17"
  },
  {
    "source": "WSJ",
    "title": "One Time at Commie Camp...",
    "summary": "China’s dictator heads to the beach. Meanwhile, a New York Times columnist gets nervous about 2020.",
    "link": "https://www.wsj.com/articles/one-time-at-commie-camp-11563395164?mod=Searchresults_pos19&page=75",
    "content": "Chinese tyrant Xi Jinping is going to the beach to ponder a response to President Donald Trump’s tariff diplomacy. A crucial question for Mr. Xi is whether he’s going to have to deal with Mr. Trump for another five and a half years. In the U.S., even many Trump opponents suspect the answer is yes.\n\nBloomberg reports that the leaders of China’s Communist party are once again headed to their annual gathering to plot strategy and enjoy the summer weather in the northern Chinese resort town of Beidaihe:\n\nChina’s so-called summer capital... each year plays host to a conclave of party luminaries including President Xi Jinping, his top aides, as well as retired leaders. While the meeting’s agenda, guest list and exact dates are shrouded in secrecy, there are indications that events are already underway...\n\nThis year’s gathering, which likely won’t be joined by Xi and other sitting state leaders until early next month, may bear even closer watching than usual as China faces growing risks at home and abroad. Beidaihe’s mid-August conclusion has in the past heralded policy moves, with leaders this year likely to discuss the slowing economy, the simmering U.S. trade war and plans to mark seven decades of party rule over the People’s Republic of China.\n\nThere was one time at this “secretive summer camp” when the results of the gathering were so horrific that not even Alyson Hannigan could have mined any humor from it. According to Bloomberg:\n\nThe Beidaihe tradition dates to the earliest days of Mao Zedong ’s reign, when party patriarchs used to swim in the sea with their bodyguards. For instance, the decisions that led to Mao’s Great Leap Forward -- an aggressive push to develop industrial power that resulted in widespread famine -- were made there in 1958.\n\nOminously, China once again has a dictator-for-life. According to Bloomberg, this makes some wonder whether such leadership gatherings are even necessary if one man is calling every significant shot:\n\nXi’s consolidation of party power, including writing his status as China’s “core” leader into the constitution last year, has raised questions about the need for the summer meetings. The Liaowang Institute, a think tank affiliated with the official Xinhua News Agency, wrote in 2015 that Beidaihe was “gradually losing its political color and returning to its original role as a health resort in the northern China.”\n\nHere’s hoping Mr. Xi decides to leave the people of Hong Kong alone and to make trade peace with the United States. Along the way, he can stop pretending that intellectual property protections are simply too difficult for him to move through China’s sham legislature.\n\n***\n\nGray Lady with a Hint of Orange?\n\nThe secret ballot is a cherished treasure of the American republic, and in 2020 it might even allow a New York Times columnist to vote for Donald Trump. Timesman Thomas Friedman recently came upon a shocking discovery regarding the President’s potential 2020 rivals:\n\nI’m struck at how many people have come up to me recently and said, “Trump’s going to get re-elected, isn’t he?” And in each case, when I drilled down to ask why, I bumped into the Democratic presidential debates in June. I think a lot of Americans were shocked by some of the things they heard there. I was.\n\nI was shocked that so many candidates in the party whose nominee I was planning to support want to get rid of the private health insurance covering some 250 million Americans and have “Medicare for all” instead. I think we should strengthen Obamacare and eventually add a public option.\n\nI was shocked that so many were ready to decriminalize illegal entry into our country. I think people should have to ring the doorbell before they enter my house or my country.\n\nI was shocked at all those hands raised in support of providing comprehensive health coverage to undocumented immigrants. I think promises we’ve made to our fellow Americans should take priority, like to veterans in need of better health care.\n\nTo be fair, chances are low that a material number of Timesfolk will feel compelled to vote for Mr. Trump in order to prevent the U.S. from extending free insurance coverage to all of humanity. But running to the left of New York Times columnists is typically not the path to U.S. electoral success.\n\n***\n\nSpeaking of the Leftward Lurch\n\nUnderlining the distance the Democratic party has lately travelled, a government-run “public option” for health insurance now embraced by Joe Biden was rejected as too radical even by some Senate liberals when Mr. Biden served as vice president.\n\nTen years ago Sen. Joe Lieberman explained his opposition to the Journal’s Kimberley A. Strassel:\n\n“I’m being more stubborn and certain about this . . . I think it’s such a significant step for the country to create another entitlement program and to have the government going into a business, I feel like I’ve got to say no.”\n\n...Why is he adamant? Mr. Lieberman says that while he is not “a conspiratorial person,” he believes the public option is intended as a way for the government to take over health care. “I’ve been working for health-care reform in different ways since I arrived here,” he says. “It was always about how do we make the system more efficient and less costly, and how do we expand coverage to people who can’t afford it, and how do we adopt some consumer protections from the insurance companies . . . So where did this public option come from?” It was barely a blip, he says, in last year’s presidential campaign.\n\n“I started to ask some of my colleagues in the Democratic caucus, privately, and two of them said “some in our caucus, and some outside in interest groups, after the president won such a great victory and there were more Democrats in the Senate and the House, said this is the moment to go for single payer.’”\n\n...Mr. Lieberman notes that the public option serves no other purpose: “It doesn’t help one poor person get insurance who doesn’t have it now. It doesn’t compel one insurance company to provide insurance to somebody who has an illness. And . . . it doesn’t do anything to reduce the cost of insurance.”\n\nMr. Lieberman dismisses Democratic arguments that it is necessary to keep insurers honest. “Sometimes the private sector does things that are wrong, and when they do, you regulate -- sometimes you litigate,” he says. “But never in the history of America . . . have we tried to keep one industry honest by having government go into that business to compete with the industry.”\n\nShocking as it may be to Mr. Friedman, no one at the Times or anywhere else should expect private health plans to survive the rise of a “public option” in U.S. insurance.\n\n***\n\nLoading tweet...\n\nIn Other News\n\nAnnals of Swamp Draining\n\n“Court Delivers Blow to Federal Unions Fighting Trump’s Workforce Orders,” Government Executive, July 16\n\n***\n\nFollow James Freeman on Twitter.\n\nSubscribe to the Best of the Web email with one click.\n\nTo suggest items, please email best@wsj.com.\n\n(Teresa Vozzo helps compile Best of the Web. Thanks to Mark Zoeller, Matt Weir and Brad Benson.)\n\n***\n\nMr. Freeman is the co-author of “Borrowed Time,” now available from HarperBusiness.",
    "published": "2019-07-17"
  },
  {
    "source": "WSJ",
    "title": "Lighthizer Charms Congress, but Struggles to Sell USMCA",
    "summary": "Trump’s point man on U.S.-Mexico-Canada trade pact woos Democrats leery of deal’s fine points",
    "link": "https://www.wsj.com/articles/lighthizer-charms-congress-but-struggles-to-sell-usmca-11563355920?mod=Searchresults_pos17&page=76",
    "content": "WASHINGTON—When he isn’t trying to forge an elusive trade deal with China, U.S. Trade Representative Robert Lighthizer can often be found working Capitol Hill, schmoozing with lawmakers on that other trade deal, the one with Canada and Mexico.\n\nRep. Stephanie Murphy of Florida is one of the many Democrats Mr. Lighthizer has impressed with his attention to their concerns and the sheer amount of time he is devoting to win support for the U.S.-Mexico-Canada Agreement, or USMCA.\n\nWhen Mr. Lighthizer sees her approaching, Ms. Murphy said, he already knows that she plans to hound him about the seasonal strawberry and blueberry farmers in her district who want to stop Mexico from dumping cheap produce into the U.S.\n\nShare Your Thoughts How important is it that the U.S. passes a new trade deal with Mexico and Canada to replace Nafta? Join the conversation below.\n\n“He says, ‘I know, I know, seasonality,’ ” she said.\n\nDespite winning friends in Congress, Mr. Lighthizer is struggling to overcome resistance to ratifying the deal struck by President Trump last year.\n\n“We’re all frustrated,” House Ways and Means Committee Chairman Richard Neal said on Tuesday after leaving a meeting with Mr. Lighthizer where lawmakers presented their objections to the agreement.\n\nDemocrats, who took control of the House this year, are asking for stricter enforcement provisions—especially for new labor rules aimed at Mexico—and stronger environmental protections, as well as a shorter term on the 10-year exclusivity for costly biologic drugs. Lawmakers say that while Mr. Lighthizer has listened to their concerns, he needs to start taking concrete steps to reopen negotiations with Mexico and Canada.\n\nMr. Lighthizer shaking hands with Sen. Ron Wyden, a Democrat from Oregon, after a hearing on March 12. Photo: Anna Moneymaker/Bloomberg News\n\n“We’re at a place where he needs to pick up a pen and paper and start making changes,” Ms. Murphy said of the trade representative. “I think he understands fully what the concerns are from all corners of Congress.”\n\nIn a sharply worded letter last week, Rep. Derek Kilmer (D., Wash.) and the New Democrat Coalition said it was time for Mr. Lighthizer to move beyond talk.\n\n“While we appreciate your willingness to listen, we have not seen any meaningful progress or tangible proposals from you to address these concerns,” the letter said.\n\nMr. Lighthizer and the U.S. Trade Representative’s office declined to comment.\n\nAs part of President Trump’s efforts to rebalance trade relationships, he has imposed tariffs on almost every country around the world. WSJ’s Josh Zumbrun explains where we stand with our largest trading partners. Photo composite: Laura Kammerman\n\nThe deal struck last year to replace the 1994 North American Free Trade Agreement requires ratification by legislators in all three countries before it can take effect.\n\nMexico ratified the agreement last month, and it is expected to pass easily in Canada. The pact faces the steepest path in the U.S. Congress and must start in the Democratic-controlled House.\n\nMr. Trump has resisted making changes and has threatened to withdraw from Nafta or impose tariffs on U.S. neighbors if Congress doesn’t pass his new agreement. He appeared to renew those warnings Monday.\n\n“If it doesn’t happen, I have a better plan, OK?” Mr. Trump said at a White House event on American manufacturing.\n\nNewsletter Sign-up WSJ Politics & Policy Scoops, analysis and insights driving Washington from the WSJ's D.C. bureau. Preview Subscribed\n\nBut to Democrats in Congress, other priorities are looming, including a humanitarian crisis at the Mexican border and a battle over funding the government. That appears to have made the trade deal a back-burner issue at a time when it needs to be building momentum.\n\nBlocking USMCA could also be a means for Democrats to deny Mr. Trump a trade victory as he heads to a 2020 re-election campaign.\n\nMr. Lighthizer, who has been leading efforts to cut a trade deal with China, has recently shifted more of his attention to USMCA.\n\nHe has trekked to Capitol Hill at least weekly to meet with House Democrats. He has also met repeatedly with the Ways and Means Committee, as well as the centrist Democratic groups known as the Blue Dogs and the New Democrat Coalition, which support reworking Nafta.\n\nHe has also met with the Progressive Caucus as well as the Hispanic Caucus, groups that have ardently opposed policies in Mr. Trump’s administration.\n\n“He’ll do one on ones, he’ll pick up phone calls, he’ll come up on the Hill and have larger group meetings,” said Rep. Ron Kind (D., Wis.). “A, he’s trying to inform people what’s in the agreement and why this makes sense for the country. But B, he’s trying to listen to people’s concerns and what accommodations could be made.”\n\nSuch praise for a cabinet-level appointee in the Trump administration is rare from Democrats, but that might be because Mr. Lighthizer knows Congress. He went to work for Sen. Bob Dole (R., Kan.) in the late 1970s and served as chief of staff for the Senate Finance Committee, which oversees trade, when Mr. Dole became chairman in 1981.\n\nBut Democrats, while applauding Mr. Lighthizer, aren’t certain his views reflect those of the White House overall.\n\n“Usually when there’s a pending trade agreement, it is all hands on deck,” said Mr. Kind. “Every member of the administration is on the Hill talking to members...Bob is doing yeoman’s work in that regard, but he’s doing it by himself. And that’s unfortunate.”\n\nThe White House formally notified Congress last month that it is starting the approval process for the trade agreement and could at any time submit the agreement to Congress, though chief White House economic adviser Larry Kudlow said last week that they are waiting on House Speaker Nancy Pelosi (D., Calif.).\n\n“Lighthizer has said that we will submit formal legislation when she gives the green light on the vote,” he said in an interview at CNBC’s Capital Exchange event.\n\nMrs. Pelosi, who has a monthly meeting with Mr. Lighthizer, as well as phone calls, according to an aide, has said the deal may need to be reopened with surgical precision to accommodate Democrats’ requests.\n\nMost Democrats say mid-fall is a more likely time to take up the agreement, given that the July agenda is full and Congress will then recess until after Labor Day.\n\nWilliam Mauldin and Andrew Duehren contributed to this article.\n\nWrite to Natalie Andrews at Natalie.Andrews@wsj.com\n\nCorrections & Amplifications\n\nThe U.S.-Mexico-Canada Agreement is the U.S. trade pact with Canada and Mexico to replace Nafta. An earlier version of this article misstated its name as the U.S.-Canada-Mexico Trade Agreement. (July 17)",
    "published": "2019-07-17"
  },
  {
    "source": "WSJ",
    "title": "Fed’s Beige Book Reports Modest Growth, Trade Worries",
    "summary": "Many businesses express optimism, but say they are keeping an eye on trade talks",
    "link": "https://www.wsj.com/articles/feds-beige-book-reports-modest-economic-activity-11563386571?mod=Searchresults_pos11&page=35",
    "content": "American businesses see economic activity expanding modestly amid lingering fears over trade, according to a Federal Reserve report released Wednesday.\n\n“The outlook generally was positive for the coming months, with expectations of continued modest growth despite widespread concerns about the possible negative impact of trade-related uncertainty,” said the Fed’s beige book survey, a report of anecdotes drawn from business contacts around the country by the central bank’s 12 regional banks.\n\nThe report should reassure Fed officials that the economy is in little danger of tipping into recession anytime soon. Despite a healthy economy, Fed Chairman Jerome Powell signaled in congressional testimony last week that the central bank was ready to cut interest rates—perhaps as soon as the July 30-31 meeting—because of concerns about slowing global growth and trade tensions.\n\nBusinesses pointed to consumer spending as a strong point, despite flat vehicle sales. Home improvement stores in Oregon saw sales rising moderately, and a major apparel company based in the state said it expected demand to remain healthy. Retail sales have been rising for four straight months, according to the Commerce Department.\n\nTourism-industry participants were generally upbeat as well, except on Cape Cod where 20 days of rain in June dampened spirits. In Delaware, business contacts said traffic was “massive” over the July Fourth holiday with long waits for restaurants on a Tuesday night.\n\nManufacturers continued to express concern about the uncertainty surrounding trade negotiations. A maker of electronic components in the Northeast said it had laid off people in response to tariffs and moved an assembly line from the U.S. to Germany, where it could receive Chinese imports without paying tariffs.\n\nBusinesses also continued to complain of worker shortages. Some construction companies in Idaho debated relaxing drug testing for applicants. Wages grew at a modest-to-moderate pace, the report said, with some employers expanding benefit packages to draw workers.\n\nInflation pressures were slightly weaker from the previous reporting period, the report said. Some respondents noted competitive pressures prevented them from passing on increases in input prices.\n\nAgricultural producers in the Midwest continued to suffer from spring floods. Many farmers in the Chicago area said it was too late to plant corn and soybeans, forcing them to plant less-profitable crops and file for insurance claims.\n\n“I have been farming for 48 years now and this is the worst spring/summer planting season we have experienced,” said an Indiana contact.\n\nTestifying before the Senate Banking Committee Thursday, Federal Reserve Chairman Jerome Powell again signaled that the central bank is ready to cut interest rates later this month. Photo: AP\n\nWrite to David Harrison at david.harrison@wsj.com and Paul Kiernan at paul.kiernan@wsj.com",
    "published": "2019-07-17"
  },
  {
    "source": "WSJ",
    "title": "France Starts a Digital Tax War",
    "summary": "Macron’s levy on U.S. tech giants plays into Trump’s hands.",
    "link": "https://www.wsj.com/articles/france-starts-a-digital-tax-war-11563318469?mod=Searchresults_pos15&page=38",
    "content": "Rule No. 1 for international economic affairs ought to be “Don’t give Donald Trump a legitimate excuse for a trade war.” French President Emmanuel Macron missed the memo, which explains why Paris is pushing a new digital tax that even the Germans don’t want for Europe.\n\nThe digital services tax approved by the National Assembly last week imposes a 3% levy on sales by global tech companies in France. If the companies have no profits, they will still pay the tax. The theory is that 80-year-old global agreements that tax profits in a company’s home country are outdated in the digital era: Tech companies are too good at exploiting loopholes that allow them to book profits arising from their intellectual property and other intangible assets somewhere other than where they earn revenue. Instead, the thinking goes, they should have to pay tax where the sales are made.\n\nPlenty of European Union countries would love to impose a tax of this sort on U.S. tech, and the U.K., Italy and Spain are debating their own versions. But most Europeans worry about retaliation, which is why governments like Germany’s scuttled earlier proposals for an EU-wide version of the French plan. Mr. Macron seems to hope his unilateral act will spur others to move faster.\n\nInstead he may spur a trade war. The U.S. Trade Representative’s office last week opened a Section 301 investigation to determine whether the French tax unfairly discriminates against American companies. This would pave the way for retaliatory tariffs.\n\nSenior members of the Senate Finance Committee in June also encouraged Treasury Secretary Steven Mnuchin to double U.S. taxes on French companies and nationals trading in America under a provision of the tax law allowing retaliation for tax discrimination against Americans abroad.\n\nIn this case the Trump Administration’s invocation of a trade law seems justified. The tax is aimed specifically at tech firms, a field where America enjoys a comparative advantage. The revenue thresholds at which the tax kicks in (global revenue of €750 million, of which €25 million or more must be earned in France) conveniently exclude almost all of France’s tech companies. The intent is so thinly disguised they could have passed a law with similar effect by taxing only companies whose names rhyme with “moogle” or “hamazon.”\n\nMeanwhile, countries such as France are dragging their heels on the Trump Administration’s offer to revisit rules for taxation of all intangible-related income. Paris and other governments know if this debate expands beyond tech companies, their own national champions will get caught in the crossfire.\n\nAs of 2017 France exported services worth €17 billion to America that could be subject to a digital-style tax on local sales, according to Hosuk Lee-Makiyama of the European Center for International Political Economy in Brussels. He also notes that French subsidiaries in the U.S. made sales of $279 billion in 2016 but claimed only an average 4% net profit and barely paid taxes to Washington. Rightly or wrongly, that won’t sound fair to Mr. Trump, who is already itching to impose 25% tariffs on European cars.\n\nFor all his reforming zeal, tax policy is Mr. Macron’s biggest and worst blind spot. He’s fresh off last year’s ill-fated attempt to impose a diesel tax on French drivers, which produced protests that nearly crippled his administration. American tech companies look like an inviting target, but France can ill-afford a new trade war with Mr. Trump—or a new global tax raid on its own national champions. Mr. Macron may hurt Europe and the U.S. with his unilateral revenue grab.\n\nOn June 6, 2019, Gene Kimmelman, CEO of Public Knowledge and Carl Szabo VP of NetChoice, discuss the possibility of a Big Tech antitrust push by Congress against Google, Facebook, and Amazon. Image: AP",
    "published": "2019-07-17"
  },
  {
    "source": "WSJ",
    "title": "France Hopes to Hammer Out Deal With U.S. on Taxing Big Tech",
    "summary": "French finance minister supports U.S. push for safeguards on Facebook’s cryptocurrency, Libra",
    "link": "https://www.wsj.com/articles/france-hopes-to-hammer-out-deal-with-u-s-on-taxing-big-tech-11563369317?mod=Searchresults_pos14&page=18",
    "content": "CHANTILLY, France—France’s finance minister said he shared the Trump administration’s concerns about Facebook Inc.’s plan for its cryptocurrency, but suggested a gulf remains between Europe and the U.S. on how to tax the profits of the biggest tech companies.\n\nSpeaking on the sidelines of a meeting of the Group of Seven nations in Chantilly, France, on Wednesday, Bruno Le Maire suggested there is a broader global consensus on how to approach Libra than there is on a cross-border digital tax.\n\nMr. Le Maire, who also serves as economy minister, defended France’s new digital tax, and expressed hope to reach a compromise soon with U.S. officials, who argue the measure discriminates against American firms.\n\nRegarding Facebook’s hopes to launch a new digital coin, Mr. Le Maire said, the necessary safeguards to prevent risks of money laundering and terror financing, weren’t in place yet. “We do not want any private company to have the possibility to create a sovereign currency,” Mr. Le Maire said, ahead of a meeting with G-7 finance ministers and central bankers. “We cannot accept to have a new currency having exactly the same kind of power without the same kind of rules,” he added.\n\nMr. Le Maire’s remarks come one day after Facebook executive David Marcus was questioned by U.S. senators, who said they don’t trust the social-media giant to operate a global cryptocurrency.\n\nG-7 finance ministers and central bankers discussed on Wednesday risks posed by Libra in terms of data protection and financial stability, and how such a new currency should be regulated, French officials said. Benoît Coeuré , an executive board member of the European Central Bank, delivered an intermediary report on the topic during the meeting. He will submit another more detailed report in October.\n\nMr. Le Maire also said he looked forward to “tough and lively discussions about the digital taxation” with U.S. Treasury Secretary Steven Mnuchin .\n\n“I really hope we will be able to pave the way for a compromise between Steven and myself,” Mr. Le Maire said, adding that the French tax doesn’t target any specific companies. The two ministers held brief bilateral talks on Wednesday afternoon, and discussions were set to continue in the evening.\n\nFrench lawmakers approved last week a new tax on large tech companies like Alphabet Inc.’s Google and Amazon.com Inc. shrugging off the threat posed by a U.S. trade probe into whether the measure discriminates against American firms.\n\nFrance’s new measure is the first in a series of proposed national taxes on digital services being debated across Europe. The vote came just hours after U.S. Trade Representative Robert Lighthizer said his office would investigate the tax under the same broad law the Trump administration relied on for its trade conflict with China.\n\nThe Franco-American dispute raises tension as the two countries participate in a new round of multilateral talks under the aegis of the Organization for Economic Cooperation and Development, or OECD, about how to overhaul the corporate taxation system for the digital age.\n\nFrance and other European countries want a system that allocates more of Silicon Valley’s profits to their territories for taxation. The U.S. wants to avoid a patchwork of unilateral taxes and opposes measures that target specifically digital companies.\n\nMr. Le Maire repeated his pledge that France will repeal its new tax once an agreement is reached at the OECD, and said France’s proposal should give the U.S. an additional incentive to negotiate such an agreement.\n\nThe new French tax, which is retroactive to the beginning of 2019, will apply a 3% tax on revenue that companies reap in France from such activities as undertaking targeted advertising or running a digital marketplace.\n\nSeveral other countries are following suit, including the U.K. and Spain, arguing that tech companies pay too little corporate tax under current rules, and that interim taxes are necessary until an international agreement is reached.\n\nWrite to Noemie Bisserbe at noemie.bisserbe@wsj.com",
    "published": "2019-07-17"
  },
  {
    "source": "WSJ",
    "title": "San Francisco Delays ‘IPO Tax’ Measure",
    "summary": "Sponsor of plan intended to address inequality plans to put it back on the ballot in 2020 with changes making it easier to pass",
    "link": "https://www.wsj.com/articles/san-francisco-delays-ipo-tax-measure-11563401564?mod=Searchresults_pos7&page=20",
    "content": "Supervisor Gordon Mar, the ballot measure’s main sponsor, spoke during an Uber strike in May. Photo: kate munsch/Reuters\n\nSAN FRANCISCO—Facing a backlash from the business community, city officials here have tabled until next year a proposed ballot measure to raise a tax on stock compensation to address concerns over wealth disparity.\n\nUnder the initial proposal announced in May, a measure would have been placed on the Nov. 5 ballot to nearly quadruple the levy on corporations for stock-based compensation to 1.5% from the current rate of 0.38%—restoring the rate to a 2011 level before the city cut it to help recover from the recession.",
    "published": "2019-07-17"
  },
  {
    "source": "WSJ",
    "title": "France Starts a Digital Tax War",
    "summary": "Macron’s levy on U.S. tech giants plays into Trump’s hands.",
    "link": "https://www.wsj.com/articles/france-starts-a-digital-tax-war-11563318469?mod=Searchresults_pos10&page=15",
    "content": "Rule No. 1 for international economic affairs ought to be “Don’t give Donald Trump a legitimate excuse for a trade war.” French President Emmanuel Macron missed the memo, which explains why Paris is pushing a new digital tax that even the Germans don’t want for Europe.\n\nThe digital services tax approved by the National Assembly last week imposes a 3% levy on sales by global tech companies in France. If the companies have no profits, they will still pay the tax. The theory is that 80-year-old global agreements that tax profits in a company’s home country are outdated in the digital era: Tech companies are too good at exploiting loopholes that allow them to book profits arising from their intellectual property and other intangible assets somewhere other than where they earn revenue. Instead, the thinking goes, they should have to pay tax where the sales are made.\n\nPlenty of European Union countries would love to impose a tax of this sort on U.S. tech, and the U.K., Italy and Spain are debating their own versions. But most Europeans worry about retaliation, which is why governments like Germany’s scuttled earlier proposals for an EU-wide version of the French plan. Mr. Macron seems to hope his unilateral act will spur others to move faster.\n\nInstead he may spur a trade war. The U.S. Trade Representative’s office last week opened a Section 301 investigation to determine whether the French tax unfairly discriminates against American companies. This would pave the way for retaliatory tariffs.\n\nSenior members of the Senate Finance Committee in June also encouraged Treasury Secretary Steven Mnuchin to double U.S. taxes on French companies and nationals trading in America under a provision of the tax law allowing retaliation for tax discrimination against Americans abroad.\n\nIn this case the Trump Administration’s invocation of a trade law seems justified. The tax is aimed specifically at tech firms, a field where America enjoys a comparative advantage. The revenue thresholds at which the tax kicks in (global revenue of €750 million, of which €25 million or more must be earned in France) conveniently exclude almost all of France’s tech companies. The intent is so thinly disguised they could have passed a law with similar effect by taxing only companies whose names rhyme with “moogle” or “hamazon.”\n\nMeanwhile, countries such as France are dragging their heels on the Trump Administration’s offer to revisit rules for taxation of all intangible-related income. Paris and other governments know if this debate expands beyond tech companies, their own national champions will get caught in the crossfire.\n\nAs of 2017 France exported services worth €17 billion to America that could be subject to a digital-style tax on local sales, according to Hosuk Lee-Makiyama of the European Center for International Political Economy in Brussels. He also notes that French subsidiaries in the U.S. made sales of $279 billion in 2016 but claimed only an average 4% net profit and barely paid taxes to Washington. Rightly or wrongly, that won’t sound fair to Mr. Trump, who is already itching to impose 25% tariffs on European cars.\n\nFor all his reforming zeal, tax policy is Mr. Macron’s biggest and worst blind spot. He’s fresh off last year’s ill-fated attempt to impose a diesel tax on French drivers, which produced protests that nearly crippled his administration. American tech companies look like an inviting target, but France can ill-afford a new trade war with Mr. Trump—or a new global tax raid on its own national champions. Mr. Macron may hurt Europe and the U.S. with his unilateral revenue grab.\n\nOn June 6, 2019, Gene Kimmelman, CEO of Public Knowledge and Carl Szabo VP of NetChoice, discuss the possibility of a Big Tech antitrust push by Congress against Google, Facebook, and Amazon. Image: AP",
    "published": "2019-07-17"
  },
  {
    "source": "WSJ",
    "title": "Powell: Fed Must Pay Attention to Global Developments; Kaplan Discusses Bond-Market Signals",
    "summary": "Good day. What happens around the world has become more important to Federal Reserve policy-making, Fed Chairman Jerome Powell said. “U.S. economic developments affect the rest of the world, and the reverse is also true,” he told a Paris conference. Dallas Fed chief Robert Kaplan said he could consider cutting rates based on signals from the bond market, and Chicago Fed leader Charles Evans said the central bank should lower rates to defend its inflation target.",
    "link": "https://www.wsj.com/articles/powell-fed-must-pay-attention-to-global-developments-kaplan-discusses-bond-market-signals-11563368845?mod=Searchresults_pos19&page=12",
    "content": "Good day. What happens around the world has become more important to Federal Reserve policy-making, Fed Chairman Jerome Powell said. “U.S. economic developments affect the rest of the world, and the reverse is also true,” he told a Paris conference. Dallas Fed chief Robert Kaplan said he could consider cutting rates based on signals from the bond market, and Chicago Fed leader Charles Evans said the central bank should lower rates to defend its inflation target.\n\nNow on to today’s news and analysis.",
    "published": "2019-07-17"
  },
  {
    "source": "WSJ",
    "title": "For U.S. and France, a Tax Fight Over Tech Giants Remains a Sore Point",
    "summary": "Stakes are rising after France approved new tax measures for companies like Amazon, Google",
    "link": "https://www.wsj.com/articles/for-u-s-and-france-a-tax-fight-over-tech-giants-remains-a-sore-point-11563300000?mod=Searchresults_pos15&page=15",
    "content": "French Economy and Finance Minister Bruno Le Maire at the Élysée Palace in Paris on June 17.\n\nThe stakes for thrashing out a global deal on how to tax tech giants doing cross-border business are rising now that national governments are taking matters into their own hands.\n\nFrench lawmakers last week gave final approval to a new tax on large tech companies like Alphabet Inc.’s Google and Amazon.com Inc., retroactive to the beginning of 2019. Other countries such as the U.K. are on a similar path, and the U.S. is already pushing back.\n\nShortly before she was confirmed on Tuesday as the next president of the European Commission, Ursula von der Leyen accused tech companies of playing Europe’s tax systems to their advantage.\n\nNegotiators have long known that failing to agree on a collective response to an increasingly digital world could mean companies pay tax on the same profit stream across multiple locations, and senior officials from the Group of Seven most developed nations are due to discuss it in Chantilly, France, on Wednesday and Thursday.\n\nBut tax experts say there now is a growing risk that governments making their own unilateral tax moves could trigger a fresh run of trade disputes if the U.S. or other governments sense their companies are being treated unfairly.\n\n“Trade disputes are very troubling,” said Will Morris, deputy leader for global tax policy at business-services firm PwC. “Tax disputes are troubling. When you mix them up, you stand the chance of supercharging the disputes.”\n\nJust before the French vote, U.S. Trade Representative Robert Lighthizer said his office would investigate the tax under the same broad law the Trump administration relied on for its trade conflict with China, which is known as a 301 procedure and could lead to tariffs.\n\nLast week’s salvos will likely add to the difficulty the G-7 faces in finding common ground in a wider round of talks shepherded by the Organization for Economic Cooperation and Development, aimed at reaching a solution to replace individual nations’ digital-tax plans by 2020.\n\n“The process to get to an agreement at the OECD is already very difficult and so anything that makes it more difficult may reduce the odds,” said Carol Doran Klein, vice president and international tax counsel at the U.S. Council for International Business, a trade group.\n\n“The unilateral measures and 301 probably don’t make it easier,” she said. “I think in all likelihood, it makes it harder.”\n\nTo succeed, negotiators will have to stop trading blows and engage in some give and take, participants say.\n\nNewsletter Sign-up What’s News Catch up on the headlines, understand the news and make better decisions, free in your inbox daily. Enjoy a free article in every edition. Preview Subscribed\n\n“If we are not able to find a compromise on Wednesday and Thursday, I think it will be difficult to find a compromise at the OECD level,” said French Economy and Finance Minister Bruno Le Maire in an interview.\n\nThe rise of the big tech companies and the growth of digital trade is threatening to undermine a system designed over decades to tax profits made by manufacturing companies in one country selling to customers overseas—and only once.\n\nCompanies providing digital services don’t require any local physical presence such as warehouses or factories. This enables them to lower their tax bills by registering their patents and trademarks—to which their profits accrue—in low-tax countries. And the sums involved are spectacular.\n\nThe OECD estimates that avoidance, including this practice of recording profits in low-tax jurisdictions, deprives governments of between $100 billion and $240 billion in revenue each year.\n\nThe loss to France alone is estimated at 6% to 23% of its corporate tax revenues annually. It isn’t known how much of that is generated by the heavily online business targeted by the new French tax, or how much large U.S. corporations add to the total.\n\nBut one clear divide between the U.S. and France is the question of whether those companies should be singled out for special treatment or all businesses should be treated equally.\n\nThe U.S. stands firmly against special treatment, arguing that many businesses now, and even more in the future, have aspects of digitization, such as automobiles and aircraft. Washington argues that countries should follow the OECD-led, multilateral approach. That is a view backed by technology companies.\n\n“For tax reform to be ambitious and fair it needs to be global and cover all industry sectors,” said Christian Borggreen, vice president for Europe at the U.S.-based Computer & Communications Industry Association, a trade group that includes Google, Facebook Inc. and Amazon.\n\nA spokesman for Facebook said the company supports the OECD-led process, and a spokesman for Google referred to a late June blog post in which the company expressed such support. A spokesman for Amazon didn’t immediately respond to a request for comment, but last week said the company supports “multilateral efforts to reform the global tax system.”\n\nThe overriding question is which countries win and lose under any of the proposals.\n\nOne key feature under any new regime, said Mr. Morris at PwC, is that it shouldn’t deprive any single government of a large chunk of its tax revenue.\n\n“It can’t be a third of your tax base,” he said.\n\nNoemie Bisserbe and Sam Schechner in Paris contributed to this article.\n\nWrite to Paul Hannon at paul.hannon@wsj.com and Richard Rubin at richard.rubin@wsj.com",
    "published": "2019-07-17"
  },
  {
    "source": "WSJ",
    "title": "Bipartisan House Coalition Votes to Repeal Health Law’s Cadillac Tax",
    "summary": "Business- and labor-backed measure would cancel levy on high-cost employer insurance",
    "link": "https://www.wsj.com/articles/bipartisan-house-coalition-strikes-against-health-laws-cadillac-tax-11563357600?mod=Searchresults_pos17&page=14",
    "content": "The bill, though it faces an uncertain fate in the Senate, where a companion bill has bipartisan support.\n\nWASHINGTON—The House of Representatives overwhelmingly voted to repeal the “Cadillac tax” on high-cost employer health insurance, removing a piece of the Affordable Care Act that never took effect.\n\nThe 419-6 vote delivered a victory to labor unions and employers that teamed up against the tax. On the losing side: deficit hawks and health economists who worry about distortions caused by favorable tax treatment of employer-sponsored insurance.\n\nThe tax is a 40% levy on health insurance above certain thresholds—about $11,200 for individuals and $30,100 for families, starting in 2022. It counters the tax law that says employees must pay individual income taxes on wages but not on the value of their health policies.\n\nThe House used expedited procedures that imposed a two-thirds majority threshold, waiving rules that require lawmakers to make up for revenue lost to tax cuts. Lawmakers easily cleared the two-thirds bar. Still, the measure now faces an uncertain fate in the Senate, where a companion bill has bipartisan support.\n\n“This seems to be a more serious threat than we’ve had before,” said Paul Van de Water, a senior fellow at the left-leaning Center on Budget and Policy Priorities, who supports the tax.\n\nAt first glance, it seems odd for House Democrats to pass a roughly $200 billion tax cut that removes an ACA plank. It is a tax cut without the revenue-raising offsets Democrats say they favor, and it is a strike against Obamacare while Democrats defend the law.\n\nBut the Cadillac tax has always been different. Many House Democrats opposed it as the ACA was written. They won concessions to scale it back and then helped delay it so it didn’t start as scheduled in 2018.\n\n“I’ve been working on this since it first popped its head up,” said Rep. Joe Courtney (D., Conn.), the bill’s sponsor. “The most noticeable change in the environment is just the extraordinary outpouring of support for repealing the tax from a much more diverse group of people.”\n\nRepeal backers include the American Federation of Teachers, General Motors Co., the International Union of Operating Engineers and insurer Cigna Corp, according to a letter from a group supporting repeal.\n\nShare Your Thoughts Is a hit to the budget deficit worth repealing the Affordable Care Act’s Cadillac tax? Why or why not? Join the conversation below.\n\nBecause wages are taxed and health plans aren’t, that distorts choices by employers and workers, economists say. That gap contributed to decisions by unions to negotiate for benefits in lieu of wage hikes.\n\n“They thought that only the top—the head, the big execs—got these lucrative plans,” Rep. Mike Kelly (R., Pa.) said of the Democrats who created the tax. “We’re talking about everyday people who are on the line, busting their rear end. And I thought, to me, what a punch in the gut to these guys.”\n\nThe Cadillac tax would force changes or penalize some existing plans, and its supporters argue that it would help curb the growth of health costs. They also say employers would raise wages once there is a smaller difference between paying wages or insurance.\n\n“If this is repealed and we don’t cap the [tax] exclusion or do something else, then we’re back pretty much to the unlimited tax preference for health coverage,” Mr. Van de Water said.\n\nMr. Courtney said the tax merely encourages companies to increase deductibles. Repeal, he said, isn’t undermining the ACA.\n\nThe Senate bill has more than 40 co-sponsors, including Democratic presidential candidates Kamala Harris of California and Elizabeth Warren of Massachusetts.\n\nSenate Majority Leader Mitch McConnell (R., Ky.) isn’t moving much legislation, focusing instead on confirming judges. Chuck Grassley (R., Iowa), the Finance Committee chairman, is open to considering repeal but is focused on lapsed tax breaks and those expiring this year, said spokesman Michael Zona .\n\nBusinesses have said they have already trimmed health plans to minimize the looming effect of the tax. Among firms offering health benefits, 7% of small firms and 26% of large firms said they considered the potential impact when making benefit decisions for 2018, according to the Kaiser Family Foundation.\n\nAbout 21% of employers would face the tax in 2022 because they have at least one plan that exceeds the threshold, according to their analysis. Because of the way the thresholds are indexed to inflation, the tax’s reach climbs rapidly, hitting 46% of employers in 2030.\n\nMore employers are offering high-deductible plans because preferred provider organizations, or PPOs, are subject to the tax, said Chatrane Birbal, director of policy engagement with the Society for Human Resource Management, a membership association. There is then a higher out-of-pocket cost for employees.\n\n“Some employees with health-care conditions may opt to no longer have employer coverage, or they may view it as employers just looking to cut costs,” said Ms. Birbal.\n\nSome companies have limited the amount that workers can put in flexible spending accounts for certain out-of-pocket medical expenses. The tax threshold takes into account the value of premiums and those other benefits.\n\nSome experts say much of the tax’s effect has waned but could pick up as 2022 nears if there is a risk the tax might actually happen.\n\nIf Congress kills the Cadillac tax, Obamacare’s levies on medical device makers and health insurers could be next.\n\n“We have continual near-death experiences with the medical device tax,” Mr. Van de Water said. “The device manufacturers are going to come back once more and say, what about us?”\n\nWrite to Richard Rubin at richard.rubin@wsj.com and Stephanie Armour at stephanie.armour@wsj.com",
    "published": "2019-07-17"
  },
  {
    "source": "WSJ",
    "title": "Three States Sue Trump Administration Over Federal Tax Changes",
    "summary": "New York, New Jersey and Connecticut say IRS targeted them for attempted workaround to cap on SALT deductions",
    "link": "https://www.wsj.com/articles/three-states-sue-trump-administration-over-federal-tax-changes-11563392033?mod=Searchresults_pos3&page=14",
    "content": "‘It was a complete and utter politicization of the federal tax code,’ said New Jersey Gov. Phil Murphy, a Democrat, at a news conference.\n\nNew Jersey, New York and Connecticut filed a federal lawsuit challenging the U.S. Treasury Department’s move to block the states’ attempted workaround of a key part of the 2017 federal tax law.\n\nThe tax law, which was pushed by the Trump administration and congressional Republicans, placed a $10,000 cap on state and local tax deductions that people could claim on their federal tax filings.\n\nThe three states—all led by Democratic governors—passed legislation in 2018 with the intention of helping taxpayers in their regions who could be hurt by the cap.\n\nThe state legislation allowed taxpayers to make payments to charitable organizations controlled by state or local governments in exchange for credits against their state or local taxes.\n\nThe workaround was designed to allow taxpayers to deduct these payments as charitable contributions for federal income-tax purposes, while using the same payments to satisfy local tax liabilities.\n\nThe Internal Revenue Service finalized a new rule in June requiring taxpayers to subtract the value of the state or local tax credits from their federal charitable deduction—essentially negating the states’ new programs and limiting the benefits of them in states such as Alabama, South Carolina and Arizona that predated the new tax law.\n\n“For the sake of pure politics and the future weaponization of the tax code, the IRS has decided to change its policy to countermand nearly 35 years of established legal precedent,” said New Jersey Gov. Phil Murphy , a Democrat, at a news conference. “It was a complete and utter politicization of the federal tax code.”\n\nThe lawsuit, led by New Jersey and filed Wednesday in the Southern District of New York, noted that at least 33 states created charitable-contribution programs before the passage of the 2017 tax law that provide a state or local tax benefit in return for a donation. The three states argued in the filing that the IRS only changed the rule this year to sharply limit this option after the plaintiffs sought to establish their own programs.\n\nThe Treasury Department declined to comment. The department generally had allowed those programs in other states to continue, but in most cases before 2018, they had little effect on federal tax liability because charitable contributions and state taxes were both deductible.\n\nRepublicans in New Jersey opposed the litigation.\n\n“This lawsuit is a political stunt and another waste of taxpayer money,” said Doug Steinhardt , chairman of the New Jersey Republican Party.\n\nMunicipalities in New Jersey have shown interest in setting up such programs but none has done so yet due to the IRS indicating last year that it would change the rule to limit their benefits, New Jersey Attorney General Gurbir Grewal said at the news conference.\n\nIn New Jersey and Connecticut, four out of 10 tax filers claimed more than $10,000 in state and local tax deductions in 2015, according to Moody’s Investors Service. In New York, it was more than one-third of tax filers.\n\nStill, because of other changes in the tax law, the vast majority of taxpayers, even in those states, received tax cuts under the 2017 federal law.\n\nNew York, New Jersey, Connecticut and Maryland filed a separate federal lawsuit last year alleging that the federal tax law passed in 2017 was politically motivated and designed to interfere with the rights of states to manage their finances.\n\nThe Trump administration has asked the court to dismiss the complaint, saying the states don’t have standing to bring the suit. That case is ongoing.\n\nRichard Rubin contributed to this article.\n\nWrite to Joseph De Avila at joseph.deavila@wsj.com",
    "published": "2019-07-17"
  },
  {
    "source": "WSJ",
    "title": "Omnicom Defends Its Data Strategy After Rivals Make Big Deals",
    "summary": "Ad company continues to swim against the tide in the wake of mergers by Publicis Groupe and Interpublic Group of Cos.",
    "link": "https://www.wsj.com/articles/omnicom-defends-its-data-strategy-after-rivals-make-big-deals-11563379615?mod=Searchresults_pos10&page=58",
    "content": "Omnicom Group Inc. continued to justify its decision to rent data services instead of making large acquisitions, a sign that the ad holding company will continue to swim against the tide of its competitors.\n\n“We prefer to rent the right data and technology that can improve our agility and client integration at any point in time rather than investing in legacy data assets and platforms that can easily become obsolete,” said Omnicom Chief Executive Officer John Wren during a second-quarter earnings call Wednesday.\n\nOmnicom considered acquiring the two large data firms that were recently sold to ad-industry rivals, Mr. Wren acknowledged, but didn’t see enough upside. Although he didn’t name names, Mr. Wren likely was likely referring to Interpublic Group of Cos.’ $2.3 billion acquisition of Acxiom Corp.’s Marketing Solutions business unit last summer and Publicis Groupe SA’s $4.4 billion purchase of Epsilon this year.\n\nIntegrating such major acquisitions would create new challenges at a time when ad companies are coping with ambiguities around new data privacy rules in Europe and in the U.S., Mr. Wren said.\n\n“There was no [return on investment] on the transactions for us,” said Mr. Wren. “Our systems have always been open and unbiased and we think that’s critical.”\n\nOmnicom owns large creative and media buying firms, including BBDO, DDB and OMD.\n\nMr. Wren also bashed consulting firms, which have been increasingly investing in ad services.\n\n“They put in enterprise systems and do fancy things and pretend that they’re in our business, but in fact they don’t have any creative assets,” he said. “Creating a global network of creative assets is not a simple matter.”\n\nWhile macroeconomic uncertainty looms around the world, it is not currently having a serious impact on Omnicom’s business, Mr. Wren said.\n\n“We cannot predict what’s going to happen with Brexit,” he said. “The good news is we don’t have a lot of financial services clients in the U.K. We don’t know what’s going to happen with tariffs and what the reactions are going to be. We remain cautious in trying to gain market share in all the places we operate in.”\n\nOmnicom reported a 3.6% decrease in revenue in the second quarter, to $3.7 billion. The revenue drop met analyst expectations.\n\nThe company attributes the dip to the effect of foreign exchange rates and spinoffs exceeded acquisitions over the past year.\n\nOrganic revenue, a key metric that strips out currency effects and acquisitions, increased 2.8% in the quarter compared with the same period last year. Organic revenue grew 3.2% in the U.S.\n\nEarnings per share in the quarter rose to $1.68 from $1.60. Operating profit in the quarter decreased 1.5% to $574 million.\n\nThe revenue results are a slight improvement from the first quarter, when the company reported a 4.4% decrease in revenue and a 2.5% increase in organic revenue.\n\nOmnicom shares were down 2.8% at $81.66 in late-morning trading.\n\nWrite to Alexandra Bruell at alexandra.bruell@wsj.com",
    "published": "2019-07-17"
  }
]