[
  {
    "source": "WSJ",
    "title": "What’s News: World-Wide",
    "summary": "This copy is for your personal, non-commercial use only. Distribution and use of this material are governed by our Subscriber Agreement and by copyright law. For non-personal use or to order multiple copies, please contact Dow Jones Reprints at 1-800-843-0008 or visit www.djreprints.com.",
    "link": "https://www.wsj.com/articles/whats-news-world-wide-11568429369?mod=Searchresults_pos5&page=35",
    "content": "This copy is for your personal, non-commercial use only. Distribution and use of this material are governed by our Subscriber Agreement and by copyright law. For non-personal use or to order multiple copies, please contact Dow Jones Reprints at 1-800-843-0008 or visit www.djreprints.com.\n\nhttps://www.wsj.com/articles/whats-news-world-wide-11568429369",
    "published": "2019-09-14"
  },
  {
    "source": "WSJ",
    "title": "Hey CEOs, Have You Hugged the Uncertainty Monster Lately?",
    "summary": "Businesspeople are haunted, and sometimes paralyzed, by uncertainty. This monster, however, can be a friend.",
    "link": "https://www.wsj.com/articles/hey-ceos-have-you-hugged-the-uncertainty-monster-lately-11568433606?mod=Searchresults_pos16&page=40",
    "content": "Uncertainty is the monster that lives under the bed of every CEO. It waits until the door is shut and the lights are out, and even then, it bides its time. Pulses race, sweat beads, no move seems the right one.\n\nThe first eight years of my life were spent in the sprawling farmlands of Howell, Mich., and I learned firsthand that uncertainty is a constant.\n\nMy father scratched out a living selling Ford pickups to farmers, and the line chart tracking his income through the late 1970s and early 1980s mimics a roller coaster that rises and falls alongside inflation, weather patterns, oil shocks and trade embargoes.\n\nFor corporate executives, fear today about tariffs has displaced fear about fiscal policy, which displaced fear about government regulation, which displaced fear about geopolitical shifts, which displaced fear about market volatility and so forth.\n\nShare Your Thoughts In your experience, is it better to act or wait in times of uncertainty? Join the conversation below.\n\nLet’s consider for a moment that the Uncertainty Monster, as climate scientist Judith Curry refers to it, has proven to be as much of a friend as it is a foe. She argues that debates about the rate and cause of global warming can get so extreme and contentious that it creates indecision about how to address the problem. Instead of taking baby steps toward solutions, we let uncertainty paralyze us.\n\nThe same moral applies to broader business issues. You’ll miss a lot if you spend all your time focusing on the unknown.\n\n“Uncertainty comes with plenty of upside,” Nicholas Bloom, a Stanford University economist, told me this week.\n\nMr. Bloom conducts regular studies published by the Atlanta Federal Reserve that track just how uncertain we are, and his World Uncertainty Index, developed for the International Monetary Fund, suggests we are suffering from near-historic heights of uncertainty.\n\nThis is when it would be good to remember we’ve been here before.\n\nThink back just a little earlier in this decade about how then-unprecedented levels of uncertainty, caused by the 2008 financial crisis, were still wreaking havoc even as the economy boomed. Executives, burdened by concerns about the European Union debt crisis and fragility of America’s recovery, were slow-walking investments, hiring and expansion.\n\nWarren Buffett in 2012 warned against being paralyzed by uncertainty. Photo: Scott Eells/Bloomberg News\n\nBillionaire Warren Buffett addressed this in real time, telling his peers in his 2012 annual letter to quit whining. Withholding investment when confidence is shaky is a recipe for being underprepared when everyone’s confidence returns. For instance, the same manufacturers or retailers who scrimped back then were forced to scurry to hire and buy new equipment later in the decade.\n\n“There was a lot of hand-wringing last year among CEOs who cried ‘uncertainty’ when faced with capital allocation decisions (despite many of their businesses having enjoyed record levels of both earnings and cash),” Mr. Buffett wrote in that 2012 letter. “We didn’t share their fears.” His firm loves “investing large sums in worthwhile projects, whatever the pundits are saying.”\n\nTo be sure, Mr. Bloom said 2019’s concerns are a unique brand of fear because many of them are founded by trade disputes between the world’s two largest economies, China and the U.S. The tariff implications are unprecedented and hard to calculate.\n\nStill, it would be foolish to forget the level of uncertainty that ran through business when crises such as the 9/11 terrorist attacks and the bursting of the dot-com bubble created a cloud over the entire economy.\n\nAs many executives fretted in the late 1990s and early 2000s over what the internet would grow into, how risky internet investments were proving to be, and at what speed the online world was evolving, certain entrepreneurs started building empires. Three of the top-five valued companies in the world—Google, Facebook and Amazon—were started or expanded within a couple years of the dot-com bubble bursting.\n\nAmazon.com Inc. founder Jeff Bezos is an evangelist for math-based decision making, and has said that much of what you need to know can be derived from data. However, a lack of concrete information isn’t an excuse for inaction.\n\n“All of my best decisions in business and in life have been made with heart, intuition, guts; not analysis,” Mr. Bezos said last September during an appearance at the Economic Club of Washington that I attended. He left a job at a New York hedge fund to start a website selling books in 1995, a time when many questioned whether consumers would spend a dime on products they had never held from a business they had never entered.\n\n“There is always unknown,” wrote Chet Pipkin , who founded Belkin International, in an email this week. “As the unknown becomes known, a choice is to expect it, welcome it, embrace it, and make choices that create a new competitive advantage.” This is wisdom that the founders of WeWork, Airbnb, Slack and Uber—all starting their companies during or in the immediate aftermath of the financial crisis—seemed to live by.\n\nAirstream’s production facility in Jackson Center, Ohio. Photo: Andrew Spear for The Wall Street Journal\n\nIt isn’t just techies who thrive in uncertainty. Recently, while touring Airstream’s recreational vehicle factory in Jackson Center, Ohio, I was surprised to learn about the decision to build a new plant on nearby vacant land. It was late 2018, a time when threats of punishing tariffs combined with a slowdown in RV deliveries were giving executives ample excuse to hold off on sinking big money in hard assets that take years to pay off.\n\nI later asked Bob Martin, chief executive of Airstream’s parent Thor Industries, about his logic. Mr. Martin said his business is always facing uncertainty. Dealers order too much, causing an inventory glut. Summer gets off to a cool start, softening demand for $100,000 trailers. Investors pay guys like him to think longer-term, he said.\n\nSame goes for the high seas.\n\nCarnival Corp. CEO Arnold Donald spent his career in agriculture but more recently took the corner office at the cruise operator, which sends ships to hundreds of ports around the world. Being able to plan for a long list of unknowns is core to his job.\n\nGeopolitical disruptions or currency fluctuations are among the many variables he has to deal with. Hurricanes, tsunamis and cold snaps are also top of mind.\n\n“The problem is that shareholders don’t care about the weather,” Mr. Donald said. “We need to assume bad weather and make a plan to deal with that. We’ve got to ask ourselves how are we going to organize so we can deliver?”\n\nWrite to John D. Stoll at john.stoll@wsj.com",
    "published": "2019-09-14"
  }
]