[
  {
    "source": "WSJ",
    "title": "Real Time Economics: Slower U.S. Growth, Central Bank Stimulus for Europe and a Hard Brexit on the Horizon",
    "summary": "This is the web version of the WSJ’s newsletter on the economy. You can sign up for daily delivery here.",
    "link": "https://www.wsj.com/articles/real-time-economics-slower-u-s-growth-central-bank-stimulus-for-europe-and-a-hard-brexit-on-the-horizon-01564051229?mod=Searchresults_pos3&page=81",
    "content": "This is the web version of the WSJ’s newsletter on the economy. You can sign up for daily delivery here.\n\nToday we look at what to expect in Friday's U.S. GDP report, why the European Central Bank is readying new stimulus and the kind of welcome a post-Brexit U.K. should expect from the world. Good morning. Jeff Sparshott here to take you through key developments in the global economy. Send us your questions, comments and suggestions by replying to this email.\n\nHow Slow Can You Go?\n\nThe U.S. economy likely slowed in the second quarter of the year. But it's not all bad news.\n\nEconomists are forecasting a 2% pace of growth for 2Q gross domestic product, a big step down from the first quarter's 3.1% rate. But 1Q was pumped up by an unsustainable rise in business inventories and a short-lived narrowing of the trade deficit—combined they accounted for nearly half of the overall GDP gain in the quarter. Both are expected to drag down top-line GDP in 2Q.\n\nThe good news: Consumer spending is expected to pick up much of the slack. Forecasting firm Macroeconomic Advisers estimates personal-consumption expenditures advanced at a 4.3% pace in the second quarter, which would be the best since the end of 2014. Strong job creation and rising wages are supporting household spending, which in turn is lifting the economy.\n\nThe wild cards: Business investment, Boeing’s 737 MAX woes and government spending. Keep an especially close eye on businesses: Since the start of 2018, they've been investing in intellectual property—software, R&D and the like—at a blistering pace. That should help make the economy more productive over time. But spending on structures and equipment is expected to be a drag in 2Q, a possible sign of fading optimism about future economic prospects amid trade tensions and slowing global growth.\n\nSide note for my fellow nerds: The Commerce Department on Friday also releases GDP revisions for 2014 through the first quarter of 2019 based on updated source data.\n\nThe advance estimate for second-quarter GDP is out Friday at 8:30 a.m. ET.\n\n—Jeff Sparshott\n\nWHAT TO WATCH TODAY\n\nThe European Central Bank releases a policy statement at 7:45 a.m. ET and ECB President Mario Draghi holds a press conference at 8:30 a.m. ET.\n\nU.S. new orders for durable goods in June are expected to rise 0.5% from a month earlier. (8:30 a.m. ET)\n\nThe Commerce Department releases June advance economic indicators at 8:30 a.m. ET.\n\nU.S. jobless claims are expected to rise to 220,000 from 216,000 a week earlier. (8::30 a.m. ET)\n\nThe Kansas City Fed's manufacturing survey for July is out at 11 a.m. ET.\n\nTOP STORIES\n\nPump it Up\n\nThe European Central Bank is preparing fresh stimulus to help prop up the eurozone's faltering economy. The question for investors is, when, and how, will the ECB act? With some economic indicators flashing red, an early rate cut would be an aggressive signal of intent, coming ahead of a likely quarter-percentage-point cut by the Federal Reserve next week, Tom Fairless reports.\n\nWhat’s the problem? Even though European companies might seem out of the line of fire of U.S.-China trade tensions, a slowdown in China's manufacturing base is causing a lull in European exports. That's especially bad news for an economy that depends heavily on trade for growth, Paul Hannon and Nick Kostov report.\n\nSay Hello to Alexander Boris de Pfeffel Johnson\n\nBoris Johnson assembled a team of mainly euroskeptic ministers to prepare an all-out push to get the U.K. out of the European Union. The new U.K. prime minister handed key roles to loyalists who have said they are unafraid to abruptly exit the EU by the Oct. 31 deadline without a divorce deal.\n\nMoody’s Analytics estimates a no-deal exit would shave 0.5 to 1 percentage point from U.S. (as in United States) GDP growth over the course of the subsequent year. \"Though unlikely to cause a recession by itself, [it] would leave the U.S. extremely vulnerable,\" says economist Ryan Sweet.\n\nestimates a no-deal exit would shave 0.5 to 1 percentage point from U.S. (as in United States) GDP growth over the course of the subsequent year. \"Though unlikely to cause a recession by itself, [it] would leave the U.S. extremely vulnerable,\" says economist Ryan Sweet. The WSJ's Greg Ip writes that Mr. Johnson has picked a singularly bad time to seek a new place for Britain in the world. From U.S. to China to Italy, protectionism, nationalism and hostility to globalization are on the rise. And Britain isn't negotiating from strength.\n\nPlanes … and Automobiles\n\nBoeing said it might slow or halt production of its 737 MAX jetliner if regulators don’t approve its return to service by the end of this year. Chief Executive Dennis Muilenburg said Boeing plans to continue producing its 737 jets but any slippage in the timeline for the return of the MAX could oblige the company to lower output. J.P. Morgan estimates a halt in 737 MAX production could take about 0.6 percentage point off the quarterly annualized growth rate of U.S. gross domestic product.\n\nNissan said it would cut 12,500 jobs globally by March 2023 as it seeks to overhaul its business in the U.S., where profits have fallen sharply over the past two years. The company, which is struggling to recover from the turmoil created by the arrest of former Chairman Carlos Ghosn, said it also plans to cut global production capacity by 10%.\n\nTWEET OF THE DAY\n\nMe, in undergrad- “Wow, this math is confusing. Could you explain this in words?” Me, in grad school- “Wow, this writing is confusing. Please show me the math.”\n\n— Lindsey Buck (@lindseybuck95) July 24, 2019\n\nWHAT ELSE WE’RE READING\n\nThe future of the city is childless. \"In high-density cities like San Francisco, Seattle, and Washington, D.C., no group is growing faster than rich college-educated whites without children, according to Census analysis by the economist Jed Kolko. By contrast, families with children older than 6 are in outright decline in these places. In the biggest picture, it turns out that America’s urban rebirth is missing a key element: births,\" Derek Thompson writes in The Atlantic.\n\nNashville, Tenn., added 820,000 private-sector jobs from 2010 through 2017, double the national job growth rate of around 15%. \"It is in many ways a positive story of how new winners can emerge even after a devastating recession. But it also represents a major fault line in the recovery that followed: Winning places like Nashville have won big, often for reasons that can’t obviously or quickly be replicated, while much of the rest of the country has struggled to stay even or slipped behind,\" Howard Schneider writes for Reuters.\n\nSign Up for Our Calendar\n\nReal Time Economics has launched a downloadable Google calendar with concise previews, forecasts and analysis of major U.S. data releases.\n\nTo add to your Google Calendar on desktop, click here.\n\nTo add to your Google calendar app on mobile, click here.\n\nIf you prefer to view the calendar using a web browser, with the option of adding select Real Time Economics entries to your calendar, click here.\n\nAnd here's our how-to.\n\nLet us know what you think. This is a pilot project, so we’d appreciate your feedback.",
    "published": "2019-07-24"
  },
  {
    "source": "WSJ",
    "title": "China Sales, Higher Costs Weigh on Caterpillar",
    "summary": "Equipment maker says machine sales declined 8% in Asia",
    "link": "https://www.wsj.com/articles/costs-weigh-on-caterpillars-profit-11563969795?mod=Searchresults_pos20&page=10",
    "content": "Caterpillar said tariff costs so far this year already have surpassed last year’s total.\n\nCaterpillar Inc. CAT 0.66 %increase; green up pointing triangle trimmed back its profit forecast, amid lower sales in China and higher tariff and labor costs, as the machinery giant steers through a tricky moment in the global economy.\n\nThe maker of bulldozers and excavators said machine sales in Asia declined 8% in the second quarter due to competitive pricing pressure and the timing of a Chinese holiday that slowed purchases. Meanwhile, revenue in the U.S. and Canada grew 11% in the quarter thanks to strong demand from construction and mining clients.\n\n“China was down” Caterpillar financial chief Andrew Bonfield said on Wednesday in an interview. “That was more than offset by the strength of our North American business.”\n\nCaterpillar said that earnings per share for the year would now come in at the low end of its previously given range of $12.06 to $13.06. Its shares closed down 4.5% on Wednesday.\n\nThe Deerfield, Ill., company’s list of clients across the global construction and mining industries make it a barometer for the state of the industrial economy. While growth in the U.S. remains relatively robust, the world economy has slowed this year as trade tensions take a toll on commerce and sentiment.\n\nEarlier this month, China’s economic growth decelerated to its slowest rate in decades. Caterpillar said it expects demand in China to be stable in the second half of the year.\n\nCaterpillar is also facing higher costs as a result of tariffs enacted by the U.S. in its trade fight with China and other nations.\n\nCaterpillar said it had $70 million in costs related to tariffs in the quarter. On top of $70 million in costs for the first quarter, that is already more this year than the $110 million in tariff costs the company booked last year after U.S. tariffs on foreign steel and aluminum took effect in March 2018. The company continues to expect $250 million to $300 million in tariff-related costs this year.\n\nCaterpillar has raised prices that offset those costs, and higher prices raised the company’s operating profit by $427 million in the quarter.\n\nWeakness in the company’s domestic natural-gas business also weighed on results. Natural-gas prices have fallen 21% this year, according to FactSet, which has hurt investment in the sector. Caterpillar saw lower demand for new equipment in the Permian Basin, an important oil and gas area in the southern U.S.\n\nSpending on infrastructure projects by state and local governments helped boost construction-equipment sales, Caterpillar’s said, while weak home construction weighed on results.\n\nCaterpillar also sold a larger number of smaller, less-profitable machines in the quarter, which had a negative impact on profit.\n\n“We are selling more machines, but some of the smaller machines,” Mr. Bonfield said.\n\nCaterpillar said second-quarter revenue rose 3% from a year earlier to $14.43 billion.\n\nProfit per share rose 1 cent to $2.83, coming in below the $3.12 that analysts were expecting, according to FactSet.\n\nThe company reported a total profit $1.62 billion, down from $1.71 billion, as the number of shares outstanding dropped 5%.\n\nMicah Maidenberg contributed to this article.\n\nWrite to Austen Hufford at austen.hufford@wsj.com",
    "published": "2019-07-24"
  },
  {
    "source": "WSJ",
    "title": "Fedspeak Cheat Sheet; Promise of Rate Cuts Lifts Range of Assets; IMF Cuts Global GDP Forecast for 2019",
    "summary": "Good day. With Federal Reserve officials set to make an interest-rate decision next Wednesday, we round up their key comments on monetary policy from recent weeks. The prospect of rate cuts by the Fed and other central banks has boosted prices of a range of assets, including the Swiss franc, gold and emerging-markets stocks. And the U.S. budget deal announced this week should remove one worry for the Fed, but overseas economic growth could remain a concern, as the International Monetary Fund cut its global growth forecast for this year.",
    "link": "https://www.wsj.com/articles/fedspeak-cheat-sheet-promise-of-rate-cuts-lifts-range-of-assets-imf-cuts-global-gdp-forecast-for-2019-11564004056?mod=Searchresults_pos7&page=72",
    "content": "Good day. With Federal Reserve officials set to make an interest-rate decision next Wednesday, we round up their key comments on monetary policy from recent weeks. The prospect of rate cuts by the Fed and other central banks has boosted prices of a range of assets, including the Swiss franc, gold and emerging-markets stocks. And the U.S. budget deal announced this week should remove one worry for the Fed, but overseas economic growth could remain a concern, as the International Monetary Fund cut its global growth forecast for this year.\n\nNow on to today’s news and analysis.",
    "published": "2019-07-24"
  },
  {
    "source": "WSJ",
    "title": "Chip Makers Help Lift U.S. Stocks",
    "summary": "Dow industrials decline, meanwhile, weighed down by Caterpillar and Boeing",
    "link": "https://www.wsj.com/articles/global-stock-rally-pauses-in-europe-11563954595?mod=Searchresults_pos12&page=65",
    "content": "The S&P 500 climbed Wednesday, as chip makers rallied, helping the broad index overcome earlier losses that followed disappointing earnings from industrial giants Caterpillar and Boeing.\n\nShares of semiconductor companies broadly rose, pulling the S&P 500 higher after Texas Instruments reported better-than-expected earnings for the second quarter and offered upbeat guidance on the chip industry for the months ahead.\n\nThe gains nudged the S&P 500 back into positive territory later in Wednesday’s session, more than making up for steep losses in other corners of the stock market to reach its highest close ever—the S&P 500’s 12th record this year. Shares of industrial giants Caterpillar and Boeing both stumbled after reporting lackluster earnings results weighed on the price-weighted Dow Jones Industrial Average throughout the trading session, keeping the blue-chip index in the red.\n\nCaterpillar and Boeing aside, corporate earnings have been mostly topping expectations, giving major U.S. stock indexes a boost this week. Of the 138 S&P 500 companies to release results so far, 77% have exceeded analysts’ projections, according to FactSet, with more than half of reporting companies notching solid gains in their share prices.\n\nTraders work on the floor of the New York Stock Exchange on July 2, in New York City. Photo: Spencer Platt/Getty Images\n\n“Earnings have been quite good,” said Ed Keon, chief investment strategist at QMA. “It’s no surprise that they have beaten estimates…it’s clearly been a tailwind for stock prices.”\n\nThe S&P 500 added 14.09 points, or 0.5%, to 3019.56, while the Nasdaq Composite climbed 70.10 points, or 0.8%, to 8321.50—also notching a record. The Dow industrials fell 79.22 points, or 0.3%, to 27269.97.\n\nAlthough earnings and expectations of an interest-rate cut by the Federal Reserve have aided stocks’ climb in recent weeks, the market continues to face several business risks, from trade tensions between the U.S. and China to slowing global growth. And even though some companies are beating initial projections, S&P 500 second-quarter earnings remain on track to contract 3.7% from a year earlier, according to FactSet.\n\nCaterpillar reported lower sales in China and higher costs due to tariffs and labor, sending shares down $6.19, or 4.5%, to $131.91. The Deerfield, Ill., company said the tough economic climate isn’t expected to abate, guiding its full-year profit to the lower end of its forecast.\n\nMr. Keon and other investors say they aren’t ignoring those risks. They just aren’t “playing big roles in our investment decisions, though they are always at the back of our minds.”\n\nTrade tensions in May, for example, pulled the S&P 500 down 6.6%. The broad index has more than recouped those losses, rising 20% so far this year. But analysts warn that any sign the U.S. and China are moving further away from a deal could unravel some of those gains and push the market toward a fresh bout of volatility.\n\nFor now, investors remained focused on corporate earnings. Shares of Texas Instruments added $8.93, or 7.4%, to $129, leading all other chip makers higher, after reporting solid earnings for the second quarter and a smaller-than-expected decline in revenue.\n\nFreight companies also rallied after United Parcel Service posted earnings and revenue that topped analysts’ expectations, sending shares of the company up $9.12, or 8.7%, to $114.39.\n\nBesides Caterpillar falling Wednesday, Boeing declined $11.64, or 3.1%, to $361.43 after it said it lost $2.94 billion in the June quarter, its biggest loss ever, due to the grounding and slowed production of the 737 MAX jetliner.\n\nIn Europe, stocks edged slightly higher. The Stoxx Europe 600 added less than 0.1%, as tech and auto makers in the region posted gains. Shares in Asia mostly rose, with the Shanghai Composite and Japan’s Nikkei climbing 0.8% and 0.4%, respectively.\n\nWrite to Michael Wursthorn at Michael.Wursthorn@wsj.com",
    "published": "2019-07-24"
  },
  {
    "source": "WSJ",
    "title": "Ford Results Disappoint, but Company Stands by Outlook for Improved Profits",
    "summary": "Auto giant shows some early signs of progress in Chief Executive Jim Hackett’s turnaround strategy",
    "link": "https://www.wsj.com/articles/ford-operating-income-flat-stands-by-forecast-for-improved-profitability-11563999368?mod=Searchresults_pos9&page=64",
    "content": "Ford is adding more trucks and sport-utility vehicles to its lineup while trimming smaller, less-profitable car lines in the U.S. and other markets.\n\nFord Motor Co. F 0.49 %increase; green up pointing triangle posted flat second-quarter operating income and a disappointing earnings outlook, but stood by a forecast for improved profitability this year as it begins to reverse steep losses overseas.\n\nThe company’s shares fell in after-hours trading as its quarterly results and full-year earnings forecast fell short of analysts’ expectations.\n\nFord on Wednesday reported $1.7 billion in operating profit for the April-to-June period, helped by strong sales and pricing on pickup trucks and sport-utility vehicles in its home U.S. market. In another sign of some early progress on Chief Executive Jim Hackett ’s turnaround strategy, the company also sharply cut losses in China and swung to a small profit in Europe.\n\nFord’s earnings per share, adjusted for one-time items, was 28 cents, lower than the 31-cent average forecast from Wall Street analysts. That result included a 4-cent drag from a loss in value on Ford’s investment in a software company, Pivotal Software .\n\nNet income also sank to $148 million, from $1.1 billion a year earlier. The drop is largely explained by more than $1 billion in charges stemming from plant closures and layoffs in Europe and South America, where Ford recently undertook major restructurings.\n\nFord shares slid nearly 7% in after-hours trading Wednesday. The stock has rallied 35% this year amid improved financial results and progress on a global restructuring plan aimed at restoring profitability to money-losing business overseas.\n\nFord said earnings per share for 2019 would be $1.20 to $1.35, lower than the $1.40 analysts’ average estimate. It expects operating income this year to be between $7 billion and $7.5 billion, up from $7 billion last year. Ford previously said it expected an improvement, but hadn’t pegged a range.\n\nSecond-quarter revenue was flat at $38.9 billion. After a rough two-year stretch, Mr. Hackett crafted a turnaround plan which is showing some success. The company said operating income from its automotive business has grown for two straight quarters, the first time that has happened in more than three years.\n\nFord is adding more trucks and sport-utility vehicles to its lineup while trimming smaller, less-profitable car lines in the U.S. and other markets. It also is shrinking its presence in Europe and South America to focus on higher-margin categories, like commercial vans and pickup trucks.\n\nDecades after expanding Europe, General Motors both scaled back in region, part gravitate back their sweet spot: trucks SUVs. WSJ explains why two U.S. giants struggled to turn European market. Photo composite: Heather Seidel/Wall Street Journal\n\nFord trimmed losses in China to $155 million, from $483 million a year earlier. The company has seen its market share dwindle in the world’s largest car market over the last two years, largely the result of a tired product lineup, current and former executives have said.\n\nIn the second quarter, Ford’s China business got a lift from its Lincoln luxury brand, which grew 7% in a down market and also benefited from lighter import tariffs compared to a year earlier. The company also said it is squeezing out more cost savings from its China business as it tries to return to a profit.\n\nFord’s Europe business swung to a $53 million operating profit, from a $73 million loss a year earlier, as stronger sales of vehicles to business buyers helped offset higher regulatory costs.\n\nShare Your Thoughts What are your thoughts on Ford’s earnings this quarter? Join the conversation below.\n\n“We expect continued strong execution” in China and Europe, Ford finance chief Tim Stone told reporters Wednesday.\n\nProfits from North America and its strong finance arm, Ford Credit, continue to carry the auto maker despite slight setbacks.\n\nOperating profit from North America slipped 3% to $1.7 billion. Overall U.S. vehicle sales were down in the quarter, but Ford benefited from continued strong pricing on its F-Series pickup trucks, the company’s biggest moneymaker. The company boosted average selling prices on the trucks by $1,200, to around $47,500.\n\nFord also benefited from a 50% jump in sales of freshly redesigned Ford Expedition large sport-utility vehicle, which routinely sells for more than $60,000 and carries big profit margins.\n\nWrite to Mike Colias at Mike.Colias@wsj.com",
    "published": "2019-07-24"
  },
  {
    "source": "WSJ",
    "title": "A No-Deal Brexit, Just in Time for Christmas, Has U.K. Businesses Worried",
    "summary": "A separation in October coincides with the start of retail stockpiling for the holidays and flu season",
    "link": "https://www.wsj.com/articles/a-no-deal-brexit-just-in-time-for-christmas-has-u-k-businesses-worried-11563966488?mod=Searchresults_pos8&page=76",
    "content": "LONDON—As Prime Minister Boris Johnson prepares to lead the country out of the European Union, businesses are confronting the renewed prospect of leaving the bloc without a deal. This time, it is even more complicated.\n\nBusinesses have already spent millions of dollars stockpiling goods and making alternative transport arrangements to guard against potential disruption at the border. But for some, preparing for a divorce date in October is more challenging than it was for the originally scheduled exit in March.\n\nRetailers say mitigating the fallout would be harder because warehouses will be filling up for Christmas, while drugmakers have cautioned that October coincides with preparations for flu season.\n\nPrepared The vast majority of British companies have made preparations for Brexit. How has the Brexit extension affected your contingency plans? Implemented plans in Q1 and will maintain 51% Implemented some plans in Q1, will do more ahead of October 27 Implemented plans in Q1, will now scale back 12 Didn't have plans and not intending to plan 11 Didn't have plans, but developing ahead of October 0\n\nA no-deal Brexit is back on the agenda, with Mr. Johnson saying the U.K. must be willing to leave the EU without a deal that would smooth the country’s departure. That would hinder Britain’s trading relationship with the bloc, leading to a reintroduction of steep tariffs and new border checks.\n\nFor British stores, that could threaten the vital Christmas shopping period. About 20% of U.K. retail sales are generated in November and December, according to the British Retail Consortium. Big grocers start preparing for Christmas in January and ramp up as the holiday nears.\n\n“October, from a retail point of view, will be much more challenging than March was,” Dave Lewis , chief executive of Tesco PLC, said last month. “We’ll be building up for the Christmas peak, so the capacity in the supply chain in the U.K. will be more challenged.”\n\nTesco, Britain’s largest supermarket chain, has sold most of the stock it built up ahead of the previous Brexit deadline, and Mr. Lewis said the industry’s capacity to stockpile in October would be very different to March.\n\nRival J. Sainsbury PLC echoed those comments, with CEO Mike Coupe recently telling reporters that its warehouses “start to get pretty crammed” through October.\n\nThe CEO of British retailer Sainsbury, Mike Coupe, says his company’s warehouses typically are already packed in October, leaving little room to increase storage capacity. Photo: peter nicholls/Reuters\n\nBusinesses aren’t jockeying to find additional warehousing space in the run up to October “because there isn’t any,” says Peter Ward , who heads the U.K. Warehousing Association, a trade body. “Everybody is getting a bit hacked off with the whole thing now,” he said, citing “a whole load of Brexit fatigue.”\n\nShare Your Thoughts Do you think a no-deal on Brexit is likely to happen in the proposed deadline? Why or why not? Join the conversation below.\n\nTaylors Transport Group said its three U.K. warehouses, which hold items like home furnishings, are at 90% capacity. “We have a lot of customers who stockpiled with us, and we still have queries from other local companies saying can you take more stock,” said general manager Jean-Gil Abbate . Some customers are stockpiling for Christmas earlier than usual, he added.\n\nA potential no-deal Brexit in October is also a headache for vaccine makers. Unlike drugs and other vaccines, the flu shot can’t be stockpiled because it is made with a short lead time.\n\nEvery spring, the World Health Organization tells vaccine makers which strains of the virus they need to include in the shot, based on the flu season in the Southern Hemisphere. It takes about six months to manufacture the shots, and companies typically ship them from September to November.\n\n“We stepped up our provision of air transport knowing that now the [flu-vaccine] delivery was going to be straddling the Brexit date,” said Hugo Fry , managing director of the U.K. arm of Sanofi SA, the world’s largest maker of flu vaccine. The company is maintaining other stockpiles it built earlier this year.\n\nSanofi normally sends the shots to the U.K. from a plant in northern France by road and ferry, crossing from Calais to Dover. To guard against possible delays in the event of a disorderly Brexit, it has tested several alternative crossings and will use air transport if necessary. “It’s a headache for us, so it doesn’t have to be for anyone else,” Mr. Fry said.\n\nTiming is also a concern for the food industry. “An end of October exit is not optimal from the point of view of domestic production; we’re moving back into being more reliant on imports,” Tim Rycroft , chief operating officer of the Food and Drink Federation, told lawmakers last month. There could be shortages of fresh fruit and vegetables, he said.\n\nWith Boris Johnson the new U.K. prime minister, WSJ’s Max Colchester examines what kind of relationship the new leader will have with President Trump. Photo: Zuma\n\nGovernment officials acknowledge the potential difficulties. The EU agreed in April to postpone Brexit until Oct. 31 to allow the U.K. government more time to try to get parliament to approve the country’s divorce deal with the bloc.\n\n“Clearly, there are different challenges with an October deadline compared to March, so if you think of storage in the run-up to Christmas, it’s in a different place to March,” Stephen Barclay , the U.K.’s Brexit secretary, said in a recent interview. “On the other hand you have fewer tourists going through Dover in late October, November compared to April. So there are swings and roundabouts.”\n\nSome businesses can’t repeat contingency measures they already took earlier in the year. For instance, some car makers, which rely on just-in-time delivery of parts made in Europe, scheduled factory shutdowns for April to avoid disruption. But idling plants again in November isn’t an option, industry officials have said.\n\nOthers have said a no-deal Brexit in October could set back plans for next year. “We will be OK by end of October for what we need to complete this year,” Airbus Chief Executive Guillaume Faury said last month. “But an inappropriate and a poorly managed no-deal Brexit by end of October could impact the start of 2020.”\n\nU.K. Brexit Secretary Stephen Barclay, outside 10 Downing Street in London, says ‘there are different challenges with an October deadline compared to March.’ Photo: Kirsty O'Connor/Zuma Press\n\nRobert Wall and Stephen Fidler contributed to this article.\n\nWrite to Denise Roland at Denise.Roland@wsj.com and Saabira Chaudhuri at saabira.chaudhuri@wsj.com",
    "published": "2019-07-24"
  },
  {
    "source": "WSJ",
    "title": "U.S., China Set to Resume Trade Talks in Shanghai Next Week",
    "summary": "China is looking at buying more American agricultural products, Kudlow says",
    "link": "https://www.wsj.com/articles/trade-negotiators-expected-to-meet-in-china-kudlow-says-11563907338?mod=Searchresults_pos14&page=31",
    "content": "WASHINGTON—A U.S. delegation is expected to travel to China for trade talks next week, according to a senior administration official, marking what would be the first in-person talks since the Group of 20 summit last month.\n\nU.S. Trade Representative Robert Lighthizer and Treasury Secretary Steven Mnuchin will travel to Shanghai for meetings with China’s Vice Premier Liu He and his team to resume formal negotiations following their collapse in May, the person said.\n\nA White House spokesman declined to provide further details about the trip.\n\nMessrs. Lighthizer and Mnuchin stressed in “very strong terms” in recent phone calls with Chinese negotiators that the U.S. wants China to agree to buy more American agricultural products, White House economic adviser Lawrence Kudlow told reporters earlier Tuesday. He said China appears willing to do so as a “good-will gesture.”\n\n“They are indicating that they are looking at purchases of agriculture,” Mr. Kudlow said. “We hope strongly that China will very soon start buying agriculture products.”\n\nPresident Trump said at a news conference after the G-20 last month that China would start buying a “tremendous amount” of U.S. agricultural products “almost immediately.” China at that point had made no official mention of any commitment to buy more agricultural products, and a person familiar with the matter said Chinese President Xi Jinping had made no such promise during his meeting with Mr. Trump at the summit.\n\nMr. Lighthizer has emphasized that the U.S. wants to “go back to where we were in early May, when we had been moving very nicely, perhaps only 10% left to be negotiated,” Mr. Kudlow said.\n\nThe last round of face-to-face negotiations between U.S. and Chinese officials took place in Washington in May, and ended in an impasse. Mr. Trump subsequently raised tariff rates on $200 billion of Chinese goods.\n\nIn June, Mr. Trump and Mr. Xi met in person at the G-20 in Osaka, Japan, where they agreed to formally resume talks. Mr. Trump said he would put aside plans for additional tariffs on about $300 billion in Chinese imports and said he would ease a U.S. blacklist of China’s Huawei Technologies Co. by allowing U.S. companies to sell some components to Huawei if the exports aren’t seen as a security risk.\n\nAmerican and Chinese negotiators began speaking again by phone earlier this month, and a face-to-face meeting would give China’s leadership positive progress to discuss during their summer conclave at China’s Beidaihe beach resort, a Chinese vacation town where Mr. Xi and his top aides retreat in August to plan for the year ahead.\n\nBut several major sticking points remain, among them U.S. demands for China to buy more American agricultural and industrial products and to enforce protection of intellectual property. The U.S. also wants China to return to a working draft of the deal that had been negotiated as of early May, but China hasn’t yet agreed to return to that version of the agreement, according to a person familiar with the talks.\n\nFor its part, China wants the U.S. to remove the tariffs Mr. Trump imposed earlier this year.\n\nThe announcement of a trip to China next week comes a day after Mr. Trump met with the chief executives of seven top technology companies at the White House, as the U.S. considers relief for Huawei in the form of licenses that would allow U.S. companies to supply products to world’s largest telecommunications equipment company. Mr. Trump said Monday the U.S. agreed to “timely licensing decisions” on doing business with Huawei.\n\nChina has taken tentative steps toward increased purchases of U.S. farm products in recent days.\n\nThe Chinese state-run news agency, Xinhua, reported Sunday that some Chinese firms have asked U.S. companies about the prices of their agricultural products. These firms have also submitted applications to the State Council, requesting the cabinet remove the tariffs imposed on these goods so that the companies may make these planned purchases, the report said, citing unnamed government agencies.\n\nThe report didn’t say how much China will eventually buy from the U.S. or when the purchases will happen.\n\nOn Tuesday, Mr. Kudlow expressed optimism about where talks were headed. “I’m going to strike a note of hopefulness,” he said.\n\nAs part of President Trump’s efforts to rebalance trade relationships, he has imposed tariffs on almost every country around the world. WSJ’s Josh Zumbrun explains where we stand with our largest trading partners. Photo composite: Laura Kammerman\n\nWrite to Vivian Salama at vivian.salama@wsj.com, Rebecca Ballhaus at Rebecca.Ballhaus@wsj.com and Josh Zumbrun at Josh.Zumbrun@wsj.com",
    "published": "2019-07-24"
  },
  {
    "source": "WSJ",
    "title": "Trump Wants to Punish Guatemala Over Failed ‘Safe Third Country’ Deal",
    "summary": "Guatemalan president had canceled U.S. trip to discuss agreement requiring migrants to seek asylum there",
    "link": "https://www.wsj.com/articles/trump-says-he-will-punish-guatemala-for-not-reaching-safe-third-country-agreement-11563887818?mod=Searchresults_pos17&page=34",
    "content": "President Trump threatened to punish Guatemala for what he described as the country’s reneging on a proposed deal to welcome Central American asylum seekers.\n\nMr. Trump said on Twitter Tuesday that the U.S. had been “ready to go” but was now considering tariffs, remittance fees and an unspecified “BAN.”\n\nLast year, Guatemalans living outside the country sent more than $9 billion home, making up about 12% of Guatemala’s gross domestic product.\n\nLoading tweet...\n\nNewsletter Sign-up WSJ Politics & Policy Scoops, analysis and insights driving Washington from the WSJ's D.C. bureau. Preview Subscribed\n\n“Guatemala, which has been forming Caravans and sending large numbers of people, some with criminal records, to the United States, has decided to break the deal they had with us on signing a necessary Safe Third Agreement,” Mr. Trump wrote on Twitter.\n\nGuatemalan President Jimmy Morales canceled a trip to Washington this month for discussions on a deal that would have required migrants from El Salvador and Honduras to seek asylum there rather than in the U.S.\n\nFor several months, Mr. Morales’s government had been negotiating the possibility of designating Guatemala a safe third country for asylum seekers. But he called off the planned meeting with Mr. Trump after Guatemala’s top court blocked him from signing such a deal amid growing concerns that the Central American country is unprepared to absorb the influx of migrants.\n\nA senior Guatemalan government official said the country is ready to sign a bilateral agreement with the U.S. that would include “important compensations.” Guatemala is seeking U.S. financial assistance and wants the U.S. to expand the number of working visas it grants for Guatemalans to migrate legally to the U.S., he added.\n\nThe government in recent days asked Guatemala’s top court to clarify what actions the government would need to take to sign an agreement with the U.S., the Guatemalan official said. The court said any deal must be approved by the nation’s legislature, but the government said it considers that ruling ambiguous.\n\nMr. Morales on Tuesday blamed the Constitutional Court for prompting Mr. Trump’s threats against Guatemala, saying it illegally interfered in the country’s foreign policy.\n\n“I hope that now the Constitutional Court assumes before the Guatemalan people the consequences of its decisions,” he said in a statement posted to his Facebook account.\n\nU.S. sanctions would have terrible economic consequences for the country, fueling crime and the flow of migrants, said Enrique Degenhart, Guatemala’s interior minister. Guatemala is already the top country of origin for migrants apprehended at the U.S.-Mexico border.\n\n“More than one million jobs are in danger,” Mr. Degenhart said in an interview. He is currently in Washington to meet with U.S. government officials.\n\nOn Monday, the Department of Homeland Security said the U.S. was making progress toward an agreement with Guatemala.\n\nDespite Mr. Trump’s remarks Tuesday, ministers and security secretaries from Guatemala, Honduras and El Salvador are due to meet with U.S. Acting Homeland Security Secretary Kevin McAleenan in Washington on Wednesday.\n\nGuatemala is one of the poorest countries in the region, and its murder rate is four times that of the U.S. Critics of a safe-third-country agreement say it is ill-equipped to serve as a haven for the thousands of Salvadorans and Hondurans fleeing violence. Opponents of the deal in Guatemala are preparing legal challenges should Mr. Morales sign an agreement with the U.S.\n\nWashington has been in negotiations with countries across the region about a safe-third-country approach to asylum, under which the U.S. could deport migrants to the first safe country in which they arrived after fleeing their homelands. The U.S. has a safe-third-country agreement only with Canada, which it signed in 2004.\n\nSuch an agreement with Guatemala would fit into Mr. Trump’s broader strategy to overhaul the region’s asylum rules to stem the unprecedented flow of Central American migrants, mostly traveling in families, arriving at the southern U.S. border.\n\nThreatened with tariffs from recently agreed to enforce its border Guatemala. The now has less a month contain surging migration WSJ’s Santiago Perez travels to southern to see the effects of increased border enforcement. Photo Illustration: Drew Evans/ Video: Jake Nicol/​WSJ\n\nLast week, the Trump administration moved to sharply limit Central American migrants’ ability to seek asylum at the U.S. border with Mexico, announcing that, with limited exceptions, migrants who pass through another country first must seek asylum there rather than at the U.S. border, where they will be ineligible to do so. The vast majority of asylum seekers at the U.S.-Mexico border come from Central America, passing through Mexico, and in some cases Guatemala, first.\n\nLast month, Mexico agreed to ramp up its migration enforcement after Mr. Trump threatened to impose tariffs on all imports from Mexico.\n\nThe U.S. State Department plans to cut more than $550 million in development and security aid to the three Northern Triangle countries—Guatemala, El Salvador and Honduras—in response to their failure to reduce the surge of migrants seeking to enter the U.S. over the past year. The cuts would affect violence-prevention programs, agricultural assistance and funding for schools and job-training programs.\n\nRelated Trump Administration Tightens Visa Rules for Immigrant Investors\n\nWrite to Vivian Salama at vivian.salama@wsj.com and Juan Montes at juan.montes@wsj.com",
    "published": "2019-07-24"
  },
  {
    "source": "WSJ",
    "title": "Improve, Don’t Repeal, ObamaCare’s Cadillac Tax",
    "summary": "It’s the law’s least popular provision, but its goal of discouraging lavish employer plans is worthy.",
    "link": "https://www.wsj.com/articles/improve-dont-repeal-obamacares-cadillac-tax-11564007975?mod=Searchresults_pos8&page=14",
    "content": "There’s one provision of ObamaCare almost everyone wants to repeal. Last week the House voted 419-6 to repeal the so-called Cadillac tax, a 40% excise on high-cost employer-sponsored health insurance. The bill now moves to the Senate.\n\nCongress has twice delayed the tax—originally set to take effect in 2018—and weakened it by allowing employers to deduct the levy itself from their profits. But repealing the Cadillac tax is a bad idea. Instead, Congress should modify it to encourage the use of health savings accounts.\n\nThe Cadillac tax was one of roughly 20 new or expanded taxes contained in the 2010 health law. Along with provisions to reduce Medicare spending, the taxes were meant to pay for ObamaCare’s expensive subsidies and Medicaid expansion. The Congressional Budget Office estimates the Cadillac tax would apply to health-insurance plans with premiums of more than $11,200 for individuals and $30,100 for families in 2022, when it is now scheduled to take effect. The Joint Committee on Taxation projects the tax to generate $197 billion in total revenue from 2022-29. But the true policy goal of the Cadillac tax is to address the tax code’s preference for lavish plans, since premiums—both the employer and worker share—aren’t subject to federal income or payroll taxes.\n\nThe Cadillac tax has consistently been one of ObamaCare’s most reviled taxes, scorned by business and labor interests as well as hospitals and private insurers. The main constituencies of the Cadillac tax are health-care economists and deficit hawks—a weak political coalition.\n\nAn uncapped tax benefit for health-insurance premiums is costly. It drags down wages and pushes up health-care spending by contributing to the third-party-payment problem. Ninety percent of health-care payments run through government bureaucracies or insurance companies. Consumers tend not to care how much things cost when someone else is paying for them. And so it is with health care: Providers cater to the interests of payers—in this case the insurer, employer or government bureaucracy—not consumers.\n\nDuring the effort to repeal and replace ObamaCare in 2017, Republicans attempted to replace the Cadillac tax with a cap on the amount of tax-free coverage the law allowed. This would have reduced the problems with the current tax treatment of employer-sponsored coverage and would have been fairer than the Cadillac tax. Low-income workers suffer more from a 40% excise tax than do upper-income workers in higher tax brackets.\n\nHealth savings accounts can be a bulwark against the third-party-payment problem. They encourage consumers to shop around and assess what’s worth the cost. Research shows HSAs reduce unnecessary services and tests. A better policy would shift the tax advantage toward HSAs and away from third-party payment—especially high-cost employer-sponsored insurance. This would give employees greater control over their health spending and reduce the incentive to overconsume care.\n\nInstead of repealing the Cadillac tax, Congress should exempt both employer and employee HSA contributions from the calculation of the value of the plan for the purpose of enforcing the Cadillac tax. Exempting these contributions would give employers an incentive to offer their employees HSA-qualified plans and fund their accounts. This would erode the third-party-payment problem and nudge more Americans to consume health care the way they consume other services. We’ll know we’re on the right track when more health-care providers begin to compete directly for consumers’ business, and those consumers feel empowered to make decisions on price. It would be far better for Congress to relax the Cadillac tax threshold to encourage HSAs than to kill ObamaCare’s main provision for lowering health-care cost inflation.\n\nMr. Blase served as a special assistant to President Trump at the National Economic Council, 2017-19. He is president of Blase Policy Strategies LLC.",
    "published": "2019-07-24"
  },
  {
    "source": "WSJ",
    "title": "Transport Sector Signals Problems Ahead for Industrial Stocks",
    "summary": "Shipments by truck, rail declined in June for a seventh consecutive month",
    "link": "https://www.wsj.com/articles/transport-sector-signals-problems-ahead-for-industrial-stocks-11563997472?mod=Searchresults_pos12&page=46",
    "content": "An employee assembles an excavator stick at the Caterpillar Inc. manufacturing facility in Victoria, Texas, on Aug. 7, 2018.\n\nCaterpillar Inc.’s CAT 0.66 %increase; green up pointing triangle earnings disappointed on Wednesday, and there are early indications that there’s more pain coming for industrial stocks.\n\nOften, investors look to transport companies to glean what’s ahead for big industrial firms—and the sector has had a bumpy ride recently. Muted results from railroad operators, including CSX Corp., were the latest dose of gloomy news.\n\nAnother worrisome sign for industrials: According to the Cass Freight Index of North American shipments by truck and rail, shipments declined 5.3% in June, the seventh consecutive monthly decline. Cass Information Systems Inc., a processor of freight payments for companies, points especially to a drop in chemical shipments.\n\n“We have asserted for years that one of the best predictive indicators of U.S. domestic industrial activity is the chemical carload volume moved via railroad,” said the index report. “It is almost impossible to manufacture, even assemble, anything in mass quantity without chemicals.”\n\nThe threat of tariffs are also weighing on industrial companies.\n\n“What’s worrisome is that we’re seeing high inventories across the industrial world, perhaps related to trade tensions as companies buy extra inventories,” said Rob Wertheimer , a founding partner and machinery analyst at Melius Research.\n\nBut even as the industrial economy comes under pressure, there are signs from the transport industry that the consumer economy is holding up. Packaging giant United Parcel Service Inc. reported a 30% jump in next-day air-shipping volumes for the second quarter Wednesday, sending shares 8.7% higher—their best day since October 2008. Airliner JetBlue Airways Corp. beat analysts’ earnings estimates Tuesday.\n\nTrucks, which are also closely tied to the retail sector, also suggest consumer firms may fare better than industrials. Heavy-duty truck maker Paccar Inc. missed profit estimates Tuesday, but delivered a better-than-expected outlook for orders next year.\n\nWrite to Jessica Menton at Jessica.Menton@wsj.com",
    "published": "2019-07-24"
  },
  {
    "source": "WSJ",
    "title": "Stocks to Watch: UPS, Caterpillar, Sprint, Tupperware, Snap, Visa and Chipotle",
    "summary": "Here are some of the companies with shares expected to trade actively Wednesday",
    "link": "https://www.wsj.com/articles/stocks-to-watch-amazon-chipotle-snap-texas-instruments-visa-11563966835?mod=Searchresults_pos13&page=53",
    "content": "Chipotle Mexican Grill beat expectations on earnings for its second quarter.\n\nHere are some of the companies with shares expected to trade actively in Tuesday’s session. Stock movements noted by ticker reflect movements during regular trading hours; premarket trading is specified separately.\n\nUnited Parcel Service Inc.—Up 4.3% Premarket: The company posted earnings and revenue that beat analysts’ estimates and reaffirmed its adjusted earnings guidance.\n\nCaterpillar Inc.—Down 4.7% Premarket: Profit was negatively impacted by higher materials costs from labor and tariffs. The company’s earnings missed estimates while revenue beat.\n\nSprint Corp.—Up 6.4% Premarket: The Wall Street Journal reported that the Justice Department is poised to approve the merger between Sprint and T-Mobile US TMUS -0.92 %decrease; red down pointing triangle . Shares of T-Mobile rose 1.4% premarket.\n\nTupperware Brands Corp.—Down 16% Premarket: The company said it expects adjusted earnings and sales to fall more than it was expecting for this year.\n\nAlexion Pharmaceuticals Inc.—Up 2.6% Premarket: The pharmaceutical company’s revenue and earnings topped estimates and Alexion upped its outlook for adjusted profit and revenue.\n\nAmazon.com Inc.—Down 1.1% Premarket: The Justice Department is opening a broad antitrust review into whether large technology firms are unlawfully stifling competition, The Wall Street Journal reported.\n\nChipotle Mexican Grill Inc.—Up 3.2% Premarket: The fast-casual burrito chain beat second-quarter earnings expectations, continuing its rebound from E. coli outbreaks and other food-safety scares from recent years. Shares are up 71% this year.\n\nNewsletter Sign-up Markets A.M. Let the WSJ's own Spencer Jakab prepare you for the trading day ahead, with expert insight into the companies and industries set to move markets. Preview Subscribed\n\nSnap Inc.—Up 10% Premarket: Snapchat’s parent company posted record user growth and beat sales expectations in the second quarter.\n\nTexas Instruments Inc.—Up 6.3% Premarket: The chip maker reported better-than-expected earnings and a smaller decline in sales than Wall Street anticipated.\n\nVisa Inc.—Down 0.4% Premarket: The credit-card provider slightly lowered its target for client incentives—long-term contracts with partners to expand its network—though it beat projections in last quarter and lifted profits 33% from a year earlier.\n\nDiscover Financial Services —Up 2.1% Premarket on Low Volume: The financial-services company topped quarterly revenue targets.\n\nNetflix Inc.—Up 0.7% Premarket: Shares of the streaming giant dropped for the ninth consecutive session Tuesday, its longest streak since March 2014, according to Dow Jones Market Data.\n\nChubb Ltd.—Flat Premarket: The Zurich-based insurance company reported lower profit in the second quarter from a year earlier, though results were largely in line with analyst targets.\n\nThis is an expanded version of the “Stocks to Watch” section of our Markets newsletter. To receive it every morning via email, click here.\n\nWrite to Allison Prang at allison.prang@wsj.com",
    "published": "2019-07-24"
  },
  {
    "source": "WSJ",
    "title": "Real Time Economics: Housing Sales Slump, U.S.-China Talks Are Back On and Germany’s Economy Is in Trouble",
    "summary": "This is the web version of the WSJ’s newsletter on the economy. You can sign up for daily delivery here.",
    "link": "https://www.wsj.com/articles/real-time-economics-housing-sales-slump-u-s-china-talks-are-back-on-and-germanys-economy-is-in-trouble-01563965715?mod=Searchresults_pos12&page=60",
    "content": "This is the web version of the WSJ’s newsletter on the economy. You can sign up for daily delivery here.\n\nWest Coast home prices are falling for the first time since 2012, the hometown of Pixar Animation Studios now has the nation's highest minimum wage, and the Justice Department is opening an antitrust review on Big Tech. Good morning. Jeff Sparshott here to take you through key developments in the global economy. Send us your questions, comments and suggestions by replying to this email.\n\nHouse of Pain\n\nHome prices in major West Coast cities declined for the first time since 2012 and the nation's home sales slumped in June, ending the spring selling season with a thud, Laura Kusisto, Will Parker and Abigail Summerville report. The lack of momentum is expected to weigh on second-quarter economic growth.\n\nHome values in the Bay Area, Los Angeles and Seattle have roughly doubled over the past seven years; prices may have to retreat further before buyers do more than look\n\nin the Bay Area, Los Angeles and Seattle have roughly doubled over the past seven years; prices may have to retreat further before buyers do more than look Nationwide, existing-home sales fell 2.2% compared with a year earlier, marking the 16th consecutive month of annual declines.\n\nfell 2.2% compared with a year earlier, marking the 16th consecutive month of annual declines. Falling sales have puzzled economists: The economy is expanding, borrowing rates have fallen to their lowest levels in two years, wages are rising and unemployment is at a 50-year low.\n\nWHAT TO WATCH TODAY\n\nCaterpillar reports earnings this morning. The manufacturer is often viewed as a barometer for the wider economy.\n\nIHS Markit's U.S. flash manufacturing index for July is expected to tick up to 51.0 from 50.6 at the end of June. (9:45 a.m. ET)\n\nU.S. new-home sales for June are expected to rise to an annual pace of 659,000 from 626,000 a month earlier. (10 a.m. ET)\n\nTOP STORIES\n\nFace Time\n\nA U.S. delegation is expected to travel to China for trade talks next week, marking what would be the first in-person talks since the Group of 20 summit last month. U.S. Trade Representative Robert Lighthizer and Treasury Secretary Steven Mnuchin will meet with China’s Vice Premier Liu He and his team in Shanghai, Vivian Salama, Rebecca Ballhaus and Josh Zumbrun report.\n\nStarting point : The U.S. wants China to agree to buy more American agricultural products, White House economic adviser Lawrence Kudlow said. China appears willing to do so as a “good-will gesture.”\n\n: The U.S. wants China to agree to buy more American agricultural products, White House economic adviser Lawrence Kudlow said. China appears willing to do so as a “good-will gesture.” The last round of face-to-face negotiations between U.S. and Chinese officials took place in Washington in May, and ended in an impasse. Mr. Trump subsequently raised tariff rates on $200 billion of Chinese goods.\n\nUp\n\nEmeryville, Calif., has America's highest minimum wage. Proponents say a boost to $16.30 an hour was desperately needed in the hometown of Pixar Animation Studios, where the median rent for a one-bedroom apartment is $2,840, the median home price is more than $560,000, and a salad costs more than $15. But local businesses are nervous about their financial viability, Jim Carlton reports. “There is a tipping point,” said Erik Hansen, a restaurant owner who is deciding whether to raise sandwich prices by as much as $1.50 or lay off one of his three employees.\n\nCost of Climate Change\n\nU.S. production of corn and soybeans could decline as much as 80% over the next 60 years if greenhouse gases are allowed to continue to increase, a U.S. Department of Agriculture report found. As a result, corn and soybean prices would skyrocket and the cost of crop insurance to the federal government could rise to $7.6 billion a year for corn and $3.3 billion for soybeans. By comparison, the USDA has spent roughly $300 million on insurance for the 2019 crop year as of mid-July, Kirk Maltais reports. Federally subsidized crop insurance covers as much as 85% of a farmer’s acres against natural disasters or declines in commodity prices.\n\nBreaking Up Is Hard to Do\n\nThe Justice Department is opening a broad antitrust review into whether dominant technology firms are unlawfully stifling competition. The new inquiry could ratchet up the already considerable regulatory pressures on Facebook, Google, Amazon.com, Apple and other top U.S. tech firms. There is no defined end-goal yet for the Big Tech review other than to understand whether there are antitrust problems that need addressing, but the inquiry could eventually lead to more focused investigations of specific company conduct, Brent Kendall reports.\n\nGerman Manufacturing Worst in 7 Years\n\nGermany's manufacturing sector posted its worst performance in seven years. IHS Markit's purchasing managers index for manufacturing fell to 43.1 in July from 45 at the end of June, well below the 50 level that separates expansion from contraction. The country's service sector continued to grow, keeping the overall economy afloat for now. \"The health of German manufacturing went from bad to worse in July...raising the risk of the euro area’s largest member state entering a mild technical recession,\" said Phil Smith, economist at IHS Markit.\n\nHello My Precious\n\nGold is hovering near its highest level in six years as the prospect of easier global monetary policy burnishes the allure of owning the metal. Central banks have purchased nearly 250 tons of gold this year through May after hoarding over 650 tons during 2018 in their biggest buying spree in decades, according to data from the World Gold Council and TD Securities. Central banks \"may be concerned over massive U.S. budget deficits and believe the Fed could be fairly aggressive in cutting rates,\" said Bart Melek, head of commodity strategy at TD Securities.\n\nWHAT ELSE WE’RE READING\n\nThe past few years have been a jobs bonanza in the U.K. But they've been a pay disaster. \"A strong jobs recovery has not resulted in workers vigorously re-climbing the jobs ladder. Both their willingness to climb, and the pace of this climb, has been subdued relative to the strength and tightness of the jobs market. Post-crisis risk aversion, and changes in the nature of work, may have increased insecurities and dimmed workers’ appetite for a vertiginous career climb–or indeed any climb. The result has been subdued rates of pay and, in particular, productivity growth,\" Bank of England chief economist Andrew Haldane said in a speech.\n\nGovernment spending is the Trump economy's secret sauce. From 2011 through 2016, fiscal policy at the federal, state and local levels subtracted 0.5 percentage points from GDP a year. \"Since Trump took office, fiscal policy has by contrast contributed an average of 0.3 percentage points a year to GDP growth. That represents a 0.8 percentage point shift. Meanwhile, the average real GDP growth rate has risen from 2.1% a year during those six years to 2.8% since the beginning of 2017, a difference of 0.7 percentage points. Coincidence?\" Justin Fox writes at Bloomberg Opinion.\n\nSign Up for Our Calendar\n\nReal Time Economics has launched a downloadable Google calendar with concise previews, forecasts and analysis of major U.S. data releases.\n\nTo add to your Google Calendar on desktop, click here.\n\nTo add to your Google calendar app on mobile, click here.\n\nIf you prefer to view the calendar using a web browser, with the option of adding select Real Time Economics entries to your calendar, click here.\n\nAnd here's our how-to.\n\nLet us know what you think. This is a pilot project, so we’d appreciate your feedback.",
    "published": "2019-07-24"
  },
  {
    "source": "WSJ",
    "title": "Trade Wars Are Sending Jobs Elsewhere",
    "summary": "Foreign investors are building fewer factories in the U.S.",
    "link": "https://www.wsj.com/articles/trade-wars-are-sending-jobs-elsewhere-11564008528?mod=Searchresults_pos7&page=52",
    "content": "The costs of America’s trade disputes with the world continue to mount. Academic studies document clearly, for example, that new U.S. tariffs on washing machines and other products have raised U.S. consumer prices of those goods, thereby cutting into Americans’ real incomes.\n\nNew government data suggest that another cost is building. Foreign direct investment into America by multinational companies headquartered abroad is falling.\n\nIn 2015 and 2016, America’s FDI inflows totaled $482 billion and $486 billion, respectively. Soon after taking office in January 2017, President Trump launched several new trade disputes; that year FDI into the U.S. tumbled nearly 40% to $292 billion. As many of these trade disputes persisted and deepened throughout 2018, FDI inflows slumped further, down 8.2% to $268 billion. Earlier this month, the Commerce Department reported that first-quarter FDI inflows for 2019 were down another 5% from the previous quarter. According to the United Nations Conference on Trade and Development, in 2018 America’s share of global FDI flows fell for the first time since 2008, from 25% to 23%.\n\nNot surprisingly, FDI into the U.S. from China—the country with which America is on the verge of full-blown trade war—plummeted 87.9% from 2016 to 2018, to $5.4 billion.\n\nWhy does declining FDI matter? Because multinational companies headquartered outside America create high-quality jobs inside America.\n\nAccording to the Commerce Department’s most recent data, in 2016 more than 7.1 million Americans—5.6% of all private-sector workers—were employed at the U.S. affiliates of global multinationals. That year those affiliates spent $258.9 billion on property, plant and equipment, 16.4% of total U.S. private-business capital expenditures. They conducted $60.1 billion in research and development, 16% of total U.S. business R&D. Much of this activity is in manufacturing. Thirty-five percent of Americans working for foreign multinationals, nearly 2.5 million people, are in manufacturing, in contrast to merely 8.5% of all private-sector U.S. workers.\n\nWhat ultimately makes these jobs high-quality is their high pay. In 2016 average compensation at these multinational companies was $81,220. That was 26.3% higher than average annual compensation in the U.S. private sector. And many of these jobs are concentrated in places most in need of economic opportunity. Two of the three states where these affiliates accounted for more than 8% of all private-sector jobs were Kentucky and South Carolina.\n\nAs part of their overall dynamism, U.S. affiliates of global multinationals also tend to be trade-intensive. In 2016 they accounted for 25.6% of America’s total exports of goods, and 29.3% of total goods imports.\n\nUnfortunately, America’s widening trade disputes and slumping FDI inflows might end up dampening the U.S. operations of these foreign multinationals. The uncertainty of the trade disputes tends to deter all kinds of investments, but especially the long-term, large-scale investments of multinationals.\n\nNever fear, some will claim: New U.S. trade barriers will force foreign companies to invest here to sell here. But this simplistic logic ignores how trade and FDI tend to reinforce each other. Foreign multinationals often need their supply-chain connections abroad to serve America competitively. It also ignores how U.S. trade disputes enhance opportunities beyond America that foreign multinationals regularly encounter.\n\nThe economic gains of inward FDI must be balanced against legitimate national-security concerns. The Committee on Foreign Investment in the United States, on which I served for two years, plays an essential role in assessing and mitigating national-security risks created by foreign businesses expanding and operating in America. But driving away legitimate foreign investment does nothing to enhance our national security.\n\nThe U.S. cannot take for granted its attractiveness to global multinationals. Every time a global company passes on investing in America, the country loses dynamism, wealth and good jobs.\n\nMr. Slaughter is dean of the Tuck School of Business at Dartmouth College. From 2005 to 2007, he served on the President’s Council of Economic Advisers.",
    "published": "2019-07-24"
  },
  {
    "source": "WSJ",
    "title": "United Technologies Defends Raytheon Deal",
    "summary": "Under fire from activists, conglomerate says aerospace combination will reward long-term investors",
    "link": "https://www.wsj.com/articles/united-technologies-raises-outlook-11563882610?mod=Searchresults_pos18&page=42",
    "content": "United Technologies is balancing pressures from trade tensions and from the grounding of Boeing’s Max jets.\n\nUnited Technologies Corp. executives defended their deal making and slightly raised the company’s 2019 profit outlook on the strength of its aerospace business.\n\nThe industrial conglomerate is pursuing a restructuring that will split it into three companies by mid-2020. It also closed its acquisition of aircraft-parts maker Rockwell Collins late last year, and last month agreed to merge with defense contractor Raytheon Co.\n\nActivist investors have attacked the Raytheon deal, in particular, saying United Technologies risks losing its focus. But in an interview, finance chief Akhil Johri deflected the criticism.\n\n“Things are starting to come together,” he said. “The investments are paying off.”\n\nThe Farmington, Conn.-based company also is dealing with pressures from trade tensions, including higher U.S. tariffs on inputs, and the grounding of Boeing Co.’s MAX jets. In the recent quarter, the company said increased volume and pricing for some of its products offset tariff costs.\n\nUnited Technologies provides numerous parts for the Boeing airplane and still expects an earnings reduction of as much as 10 cents a share for 2019 if production of the aircraft continues at current rates, which Mr. Johri said is likely.\n\nHe said the new Collins Aerospace division and its aftermarket business are benefiting from the grounding as airlines and maintenance shops make sure they have plenty of spare parts to keep their non-MAX fleet flying. For the MAX components Collins makes, the company is relying on Boeing to lead the way, Mr. Johri said.\n\n“We are doing what Boeing tells us,” he said. “We do things as per their instructions.”\n\nUnited Technologies aimed to narrow its focus by splitting off its Otis elevator and Carrier air-conditioner businesses. But since the Raytheon deal was announced, activist investors Pershing Square Capital Management and Third Point LLC have criticized the company for branching out again.\n\n“Yes, we understand some of our shareholders’ concerns that it dilutes in the near term,” Mr. Johri said Tuesday. But for long-term shareholders with a horizon of five years or more, he said, “this deal would be something that people would be supporting.”\n\nShort-term investors, he said, can expect the company to return $18 billion to $20 billion in cash to shareholders over three years, almost double what Raytheon and United Technologies as separate companies could do in total.\n\nMr. Johri conceded it could take some time for investors to appreciate the company’s strategy. “It was a surprise,” he said of the decision to merge with Raytheon. “It took me a couple of months to get my head around the benefits of this.”\n\nChief Executive Greg Hayes said on a conference call Tuesday that the Raytheon deal will give the new company “the scale to compete anywhere” in the aerospace sector. He said the separation of Otis and Carrier remains on track.\n\nUnited Technologies reported a second-quarter profit of $1.9 billion, down from $2 billion a year earlier. Adjusted per-share earnings of $2.20 exceeded the $2.05 consensus estimate from analysts, according to Refinitiv. Revenue rose to $19.63 billion from $16.7 billion.\n\nThe company projected 2019 adjusted earnings of $7.90 to $8.05 a share, up from previous guidance of $7.80 to $8 a share. Its sales expectations held at $75.5 billion to $77 billion.\n\nOtis saw improvement in China, Mr. Johri said, but Carrier’s business grew more slowly than expected on weakness in the Middle East, the Americas and Europe. He said broader economic pressure in Europe is expected to hurt results across the entire business.\n\nUnited Technologies now expects $600 million in savings from the Collins deal this year, an increase of $100 million. The combined company, valued at more than $100 billion after planned spinoffs, would be the world’s second-largest aerospace-and-defense company by sales behind Boeing.\n\nWrite to Thomas Gryta at thomas.gryta@wsj.com",
    "published": "2019-07-24"
  }
]