[
  {
    "source": "WSJ",
    "title": "Sony Warns of PlayStation Price Rise if U.S. Expands China Tariffs",
    "summary": "Trump has threatened to extend tax to $300 billion more exports from China, where most units are made",
    "link": "https://www.wsj.com/articles/sony-warns-of-playstation-price-rise-if-u-s-expands-china-tariffs-11564488442?mod=Searchresults_pos2&page=5",
    "content": "TOKYO— Sony Corp. said it would need to raise U.S. retail prices of its PlayStation consoles if the Trump administration goes ahead with a higher tariff on Chinese-made videogame machines, warning such a move would hurt consumers.\n\nContract manufacturers in China account for most PlayStation production.\n\n“We believe, and therefore have told the U.S. government, that higher tariffs would ultimately damage the U.S. economy,” Sony finance chief Hiroki Totoki said Tuesday.\n\nThe U.S. and China are resuming talks this week to resolve their trade conflict.\n\nIn May, President Trump increased import tariffs on $200 billion of Chinese goods to 25% from 10%. He has threatened to place the tariff on an additional $300 billion of Chinese exports, including PlayStation consoles, if negotiations with Beijing fall apart.\n\nHiroki Totoki said Sony should remain vigilant about the potential risk should the U.S. impose a threatened new batch of tariffs. Photo: Kiyoshi Ota/Bloomberg News\n\nLast month, Sony together with rivals Nintendo Co. and Microsoft Corp. submitted a letter to the U.S. trade representative’s office to make the case against tariffs.\n\nMr. Totoki said Sony hadn’t decided how it would respond to an expansion of tariffs, but was studying its options, including asking consumers to bear part of the burden. Tariffs to date “haven’t affected us that much, but we should remain vigilant about the potential risk,” he said.\n\nThe PlayStation business constitutes Sony’s biggest unit by profit.\n\nSony is planning to introduce a next-generation console as soon as 2020. It has said the next machine would include some more expensive technologies that could lift the price, even without tariffs.\n\nSony said Tuesday that profit for the April-June quarter fell 33% from a year earlier to ¥152 billion ($1.4 billion).\n\nSales of the PlayStation 4 console, released in late 2013, were weaker than expected, and Sony cut its sales projection for the year ending March 2020 by one million units to 15 million units. It sold 17.8 million units the prior fiscal year.\n\nA stronger yen weighed on earnings, as did lower commission fees from free-to-play games on the platform, including Epic Games Inc.’s “Fortnite.”\n\nWrite to Takashi Mochizuki at takashi.mochizuki@wsj.com",
    "published": "2019-07-30"
  },
  {
    "source": "WSJ",
    "title": "Cherry Capital of the U.S. Faces Threat From Turkish Imports",
    "summary": "In Michigan, some growers chop down trees or leave crop on the ground as prices tumble",
    "link": "https://www.wsj.com/articles/cherry-capital-of-the-u-s-faces-threat-from-turkish-imports-11564410934?mod=Searchresults_pos9&page=71",
    "content": "WILLIAMSBURG, Mich.—Dorance Amos pulls handfuls of tart red cherries out of large tanks filled with cold water, looking for blemishes. “These will grade well,” he says.\n\nThe apparent bounty hides a grim reality: He hasn’t made a profit in three years.\n\nMr. Amos is one of many Michigan tart-cherry farmers struggling amid a flood of low-price dried cherries from Turkey. The industry petitioned the U.S. government to impose duties on the imports, claiming Turkish importers underprice the fruit and the Turkish government unfairly subsidizes the industry. The U.S. government said in June that there was enough evidence to proceed with an investigation.\n\n“If we don’t have luck with the tariffs, I don’t know how any of us can survive,” Mr. Amos said.\n\nThe fight centers on the tart Montmorency cherries grown around nearby Traverse City, which is nestled along Lake Michigan’s Traverse Bay, about four hours northwest of Detroit. The region has crowned itself the cherry capital of the U.S., where it supplies two-thirds of the country’s supply of tart cherries. It battles the state of Washington for the title, where more sweet cherries are grown.\n\nAbout 300 million pounds of tart cherries worth about $56 million were produced in Michigan last year. Almost the same amount was worth $107 million in 2014, according to USDA data. Tart cherries are used for pie filling and juice, or are dried and put into cereal and breakfast bars. Neat rows of cherry trees resembling Mediterranean groves line the highways around the region. The sandy loam soil and proximity to Lake Michigan, which moderates the climate, creates rich ground for the fruit to grow. Tart cherries are a small crop compared with the much larger sweet cherry industry, which produced 344,400 tons of fruit in 2018 worth $638 million.\n\nDorance Amos, managing partner at Amos Farms, stands near trees of tart cherries in Williamsburg, Mich. Mr. Amos is one of many Michigan tart-cherry farmers struggling to make a profit.\n\nThe tart-cherry industry collectively agrees to freeze or destroy a percentage of their crops annually to ensure price stability for the overall market. Some Michigan processors—the companies that pit, freeze and dry the cherries—are now selling old inventories of frozen cherries at discounted prices because keeping them is too expensive due to the flood of cheap Turkish product. That has put even more low-cost cherries on the market.\n\nA fourth generation Michigan cherry farmer, Mr. Amos mowed down 60 acres of tart-cherry trees last year because harvesting the fruit was more expensive than selling it.\n\nShare Your Thoughts Is it more important to you to get cheap fruit or to buy fruit grown by U.S. farmers? Join the conversation below.\n\nHe’s not sure what he’ll do this year. He’s hoping he has enough money to harvest the rest of his 375 acres, which is done by applying a mechanical shaker to a tree. The loosened cherries fall into another machine.\n\nIf he can’t harvest all the fruit, he might have to abandon some of his orchards, a practice that can allow pests to fester and make their way to nearby trees and neighbor’s farms.\n\nTurkish imports of tart dried cherries have nearly doubled annually over the last three years to 1.5 million pounds in 2018, selling at 89 cents a pound. U.S. processors sell the same product for about $4.60 a pound, according to data from USDA.\n\nAdvertisement\n\nThe average price per pound that growers could command for tart cherries dropped from 27 cents a pound in 2016 to 20 cents a pound last year, according to USDA data.\n\nIn a May letter to the Department of Commerce, the Turkish government disputed the charges leveled by the U.S. cherry industry. The letter said the programs provided to Turkish cherry farmers are either no longer in use or provide negligible support. Turkey also said it is concerned about the growing number of trade investigations by the U.S. government. A representative for the Turkish embassy to the U.S. declined to comment.\n\nLoading tweet...\n\nThe U.S. International Trade Commission made a preliminary ruling in June that Turkish imports “had a significant adverse impact on the domestic industry.” A final ruling is expected early next year. The Department of Commerce will simultaneously determine the duties to be imposed if Turkish imports are determined to be injurious to the U.S. market.\n\nFor this region of northern Michigan, cherry farming is often a family affair. Farms and processing plants have been owned for generations. High-school students spend their summers working 12-hour days in the field along with seasonal workers from Mexico. Thousands of employees work in the processing plants year round, pitting, freezing and drying cherries.\n\nNels Veliquette, chief financial officer for Cherry Ke Inc., works with his brother, Bruce, to run the orchards and processing plants that were founded by his father and uncles in 1969. Earlier this year he had to lay off 20% of the employees, or about 25 people, who work all year at his dried cherry plant.\n\nIf the industry loses its case against Turkey, he thinks a few cherry growers will make it, but it will be nothing more than a niche tourist attraction. The regional industry that has supplied a livelihood to farmers for generations will die. He says he’s more optimistic than most.\n\n“All this beauty exists because I can make a living at it,” he said. “If I can’t make a living, there won’t be a farm here.”\n\nNels Veliquette, chief financial officer for Cherry Ke Inc. Earlier this year he had to lay off 20% of the employees, or about 25 people, who work all year at his dried cherry plant.\n\nWrite to Shayndi Raice at shayndi.raice@wsj.com",
    "published": "2019-07-30"
  },
  {
    "source": "WSJ",
    "title": "Higher Costs Hold Down Profit at Heineken",
    "summary": "Brewer has been investing in low- and no-alcohol beverages",
    "link": "https://www.wsj.com/articles/higher-costs-hold-down-profit-at-heineken-11564434464?mod=Searchresults_pos10&page=65",
    "content": "Six-pack packages of alcohol-free Heineken 0.0 in production in Den Bosch, the Netherlands. Heineken logged higher expenses tied to advertising for the launch of Heineken 0.0 in the U.S.\n\nHigher costs held down profit in the first half of the year for Heineken HEIA 0.70 %increase; green up pointing triangle NV, despite the world’s second biggest brewer selling more beer globally and launching its nonalcoholic Heineken variant in the U.S.\n\nShares of Heineken fell 6.3% to €96.52 in trading in Amsterdam after the brewer reported operating profit that missed expectations Monday. The Dutch brewer—which also owns Sol, Birra Moretti and Tiger beer—blamed its higher costs on strong aluminum prices and expenses tied to the rollout of a new technology system.\n\nChief Financial Officer Laurence Debroux said Heineken had also logged higher expenses tied to advertising for the introduction of its nonalcoholic beer Heineken 0.0 in the U.S.\n\n“In the U.S. you always have to punch above your weight in terms of advertising investment,” she said.\n\nIn the six months through June 30, Heineken’s operating profit grew 0.3% organically to €1.78 billion ($1.98 billion), missing analyst estimates by 6.7%. Its expenses for the half climbed 6.8% to €9.66 billion.\n\nLike its rivals Anheuser-Busch InBev SA and Carlsberg A/S, Heineken has been investing in non- and low-alcohol brews as millennials across much of the developed world cut back on drinking alcohol.\n\nOn Monday, the brewer said its low and no-alcohol volumes had increased to 6.9 million hectoliters in the reporting period, and 48 of its brands now sold nonalcoholic variants.\n\nIn the U.S., Heineken’s eponymous brand continued to struggle, but the company said that was offset by the launch of Heineken 0.0.\n\nHeineken’s exposure to the U.S. is far smaller than that of AB InBev or Molson Coors Brewing Co. That is holding it in good stead when many Americans are spurning mainstream lagers for craft or imported brews, as well as wine and spirits.\n\nGlobally, the company’s beer volume rose 3.1% organically, while the Heineken brand saw volume rise by 6.9%. Beer volumes climbed strongly in the Asia Pacific region, Africa, the Middle East and Eastern Europe. They declined in the rest of Europe, which faced a tough comparison with the year-before period that benefited from the men’s soccer World Cup and warmer weather.\n\nAsia is becoming a bigger focus for brewers who hope to accelerate efforts in the region’s higher-growth markets at a time of sluggish growth in many developed countries. In April, Heineken closed its multibillion-dollar deal with government-controlled China Resources Beer Holdings Co., which gives it access to a sprawling distribution network in the country.\n\nAB InBev recently tried to publicly list its Asia arm saying this would help it create a platform to do more acquisitions in the region, but the world’s biggest brewer scrapped the potential listing after it couldn’t get the price it was after.\n\nOn Monday, Ms. Debroux said Heineken’s aluminum prices for the first half of 2019 were locked in through hedges last year when prices were very high, raising the brewer’s costs. Aluminum prices last year were hit by a range of factors including higher tariffs and production curbs at the world’s largest alumina refinery in Brazil.\n\nNonetheless, Heineken backed its guidance for the year. Bernstein analyst Trevor Stirling said the second half of the year “needs to be exceptionally strong” but added that this was “doable.” Heineken should see some of its challenges ebb amid more favorable hedges on aluminum and an easier comparison on expenses tied to the technology rollout which began in the second half of last year as well as on marketing expenses.\n\nAnthony Shevlin contributed to this article.\n\nWrite to Saabira Chaudhuri at saabira.chaudhuri@wsj.com",
    "published": "2019-07-30"
  },
  {
    "source": "WSJ",
    "title": "Cherry Capital of the U.S. Faces Threat From Turkish Imports",
    "summary": "In Michigan, some growers chop down trees or leave crop on the ground as prices tumble",
    "link": "https://www.wsj.com/articles/cherry-capital-of-the-u-s-faces-threat-from-turkish-imports-11564410934?mod=Searchresults_pos4&page=8",
    "content": "WILLIAMSBURG, Mich.—Dorance Amos pulls handfuls of tart red cherries out of large tanks filled with cold water, looking for blemishes. “These will grade well,” he says.\n\nThe apparent bounty hides a grim reality: He hasn’t made a profit in three years.\n\nMr. Amos is one of many Michigan tart-cherry farmers struggling amid a flood of low-price dried cherries from Turkey. The industry petitioned the U.S. government to impose duties on the imports, claiming Turkish importers underprice the fruit and the Turkish government unfairly subsidizes the industry. The U.S. government said in June that there was enough evidence to proceed with an investigation.\n\n“If we don’t have luck with the tariffs, I don’t know how any of us can survive,” Mr. Amos said.\n\nThe fight centers on the tart Montmorency cherries grown around nearby Traverse City, which is nestled along Lake Michigan’s Traverse Bay, about four hours northwest of Detroit. The region has crowned itself the cherry capital of the U.S., where it supplies two-thirds of the country’s supply of tart cherries. It battles the state of Washington for the title, where more sweet cherries are grown.\n\nAbout 300 million pounds of tart cherries worth about $56 million were produced in Michigan last year. Almost the same amount was worth $107 million in 2014, according to USDA data. Tart cherries are used for pie filling and juice, or are dried and put into cereal and breakfast bars. Neat rows of cherry trees resembling Mediterranean groves line the highways around the region. The sandy loam soil and proximity to Lake Michigan, which moderates the climate, creates rich ground for the fruit to grow. Tart cherries are a small crop compared with the much larger sweet cherry industry, which produced 344,400 tons of fruit in 2018 worth $638 million.\n\nDorance Amos, managing partner at Amos Farms, stands near trees of tart cherries in Williamsburg, Mich. Mr. Amos is one of many Michigan tart-cherry farmers struggling to make a profit.\n\nThe tart-cherry industry collectively agrees to freeze or destroy a percentage of their crops annually to ensure price stability for the overall market. Some Michigan processors—the companies that pit, freeze and dry the cherries—are now selling old inventories of frozen cherries at discounted prices because keeping them is too expensive due to the flood of cheap Turkish product. That has put even more low-cost cherries on the market.\n\nA fourth generation Michigan cherry farmer, Mr. Amos mowed down 60 acres of tart-cherry trees last year because harvesting the fruit was more expensive than selling it.\n\nShare Your Thoughts Is it more important to you to get cheap fruit or to buy fruit grown by U.S. farmers? Join the conversation below.\n\nHe’s not sure what he’ll do this year. He’s hoping he has enough money to harvest the rest of his 375 acres, which is done by applying a mechanical shaker to a tree. The loosened cherries fall into another machine.\n\nIf he can’t harvest all the fruit, he might have to abandon some of his orchards, a practice that can allow pests to fester and make their way to nearby trees and neighbor’s farms.\n\nTurkish imports of tart dried cherries have nearly doubled annually over the last three years to 1.5 million pounds in 2018, selling at 89 cents a pound. U.S. processors sell the same product for about $4.60 a pound, according to data from USDA.\n\nAdvertisement\n\nThe average price per pound that growers could command for tart cherries dropped from 27 cents a pound in 2016 to 20 cents a pound last year, according to USDA data.\n\nIn a May letter to the Department of Commerce, the Turkish government disputed the charges leveled by the U.S. cherry industry. The letter said the programs provided to Turkish cherry farmers are either no longer in use or provide negligible support. Turkey also said it is concerned about the growing number of trade investigations by the U.S. government. A representative for the Turkish embassy to the U.S. declined to comment.\n\nLoading tweet...\n\nThe U.S. International Trade Commission made a preliminary ruling in June that Turkish imports “had a significant adverse impact on the domestic industry.” A final ruling is expected early next year. The Department of Commerce will simultaneously determine the duties to be imposed if Turkish imports are determined to be injurious to the U.S. market.\n\nFor this region of northern Michigan, cherry farming is often a family affair. Farms and processing plants have been owned for generations. High-school students spend their summers working 12-hour days in the field along with seasonal workers from Mexico. Thousands of employees work in the processing plants year round, pitting, freezing and drying cherries.\n\nNels Veliquette, chief financial officer for Cherry Ke Inc., works with his brother, Bruce, to run the orchards and processing plants that were founded by his father and uncles in 1969. Earlier this year he had to lay off 20% of the employees, or about 25 people, who work all year at his dried cherry plant.\n\nIf the industry loses its case against Turkey, he thinks a few cherry growers will make it, but it will be nothing more than a niche tourist attraction. The regional industry that has supplied a livelihood to farmers for generations will die. He says he’s more optimistic than most.\n\n“All this beauty exists because I can make a living at it,” he said. “If I can’t make a living, there won’t be a farm here.”\n\nNels Veliquette, chief financial officer for Cherry Ke Inc. Earlier this year he had to lay off 20% of the employees, or about 25 people, who work all year at his dried cherry plant.\n\nWrite to Shayndi Raice at shayndi.raice@wsj.com",
    "published": "2019-07-30"
  },
  {
    "source": "WSJ",
    "title": "Notable & Quotable: Blame Taxes for Baltimore’s Rot",
    "summary": "‘Those of us who live in Baltimore are often asked whether our city really is the hellhole it is portrayed to be on TV.’",
    "link": "https://www.wsj.com/articles/notable-quotable-blame-taxes-for-baltimores-rot-11564441095?mod=Searchresults_pos3&page=19",
    "content": "From “Blame Taxes for Baltimore’s Rot” by Steve H. Hanke and Stephen J.K. Walters in the Journal, July 5, 2008:\n\nIf you’ve seen HBO’s “The Wire,” you know why those of us who live in Baltimore are often asked whether our city really is the hellhole it is portrayed to be on TV.\n\nOur answer is, well, yes. Baltimore deserves the Third-World profile it has developed because it has expanses of crumbling, crime-riddled neighborhoods populated by low-income renters, an absent middle class, and just a few enclaves of high-income gentry near the Inner Harbor or in suburbs. . . .\n\nTo the extent that city officials recognize the problem, they seem to confuse symptoms with the root cause of the economy’s disease. For them, poverty, street crime or bad schools are the problem. Their solution is always more social spending and still-higher taxes, together with targeted tax breaks and subsidies aimed at bringing “big footprint” development projects downtown. And because the city has managed to entice developers to build a few large projects . . . the champions of public redevelopment argue that the city is on the right track.\n\nTrue enough, the ability to hand out subsidies gives officials great power. But it also gives them a reason, and incentive, to dismiss the common sense that if tax breaks for the well-connected are a good idea, lower tax rates across the board would lead to broad-based redevelopment.",
    "published": "2019-07-30"
  },
  {
    "source": "WSJ",
    "title": "U.S. Stocks Fall on Trade Concerns",
    "summary": "Trump tweets about difficulties with China; investors to watch Fed on Wednesday",
    "link": "https://www.wsj.com/articles/european-stocks-slip-as-pound-extends-decline-11564473701?mod=Searchresults_pos1&page=60",
    "content": "U.S. stocks slipped after President Trump warned of difficulties in trade talks with China.\n\nThe S&P 500 fell 7.79 points, or 0.3%, to 3013.18. The Dow Jones Industrial Average declined 23.33 points, or less than 0.1%, to 27198.02, while the Nasdaq Composite dropped 19.71 points, or 0.2%, to 8273.61.\n\nMr. Trump tweeted on Tuesday morning that there were “no signs” of China making a new effort to buy U.S. agricultural products.\n\n“That is the problem with China, they just don’t come through,” he added.\n\nChinese and U.S. negotiators are resuming trade talks this week in Shanghai. Uncertainty over trade has clouded the U.S. economic outlook in recent months, weighing on sectors like manufacturing even as unemployment is low and consumer spending remains strong.\n\n“We could see a situation arise where additional tariffs are forthcoming as President Trump tries to ratchet up the pressure on China,” said Michael Stritch, chief investment officer of BMO Wealth Management.\n\nIn a sign that Americans are shrugging off trade tensions, the Conference Board, a private research group, said its closely watched index of consumer confidence rebounded in July to its highest level this year.\n\nNew data from the Commerce Department showed that Americans’ spending remained healthy in June. Personal-consumption expenditures increased 0.3%, while personal income rose 0.4%, in line with expectations of economists surveyed by The Wall Street Journal.\n\nTraders working on the New York Stock Exchange on Monday. Photo: johannes eisele/Agence France-Presse/Getty Images\n\nThe Federal Reserve is widely expected to announce an interest-rate cut on Wednesday, a prospect that has lifted stocks in recent weeks. Investors will be closely watching comments from Fed Chairman Jerome Powell on Wednesday afternoon for signs of how much further the U.S. central bank could go in slashing rates.\n\nSome of the biggest U.S. companies reported second-quarter results. Procter & Gamble rose 3.8% to $120.41 after the consumer-goods company posted its highest quarterly sales growth in more than a decade. Merck gained 0.9% to $83.27 after the drugmaker beat analysts’ expectations for sales and earnings.\n\nCapital One Financial fell 5.9% to $91.21 after the bank reported a huge data breach. Class A shares of Under Armour tumbled 12% to $24.08 after the sportswear retailer said it expected North American sales to decline this year.\n\nU.S. government bond prices fell. The yield on the benchmark 10-year Treasury note rose to 2.063% from 2.056% Monday. Yields move in the opposite direction from prices.\n\nOverseas, the Stoxx Europe 600 dropped 1.5% amid flagging consumer confidence and fears of a messy Brexit.\n\nThe British pound fell 0.5% Tuesday against the dollar, after having declined by more than 1% Monday to its lowest close since March 2017. Investors were reacting to the hardened tone from the U.K.’s new Boris Johnson-led government on quitting the European Union without a deal.\n\n“The market right now is evolving toward no-deal Brexit as a base case,” said Geoffrey Yu , head of the U.K. investment office at UBS Wealth Management.\n\nMarkets across Asia ticked up, with the Shanghai Composite and Nikkei up 0.4% after the Bank of Japan met expectations to hold steady on interest rates.\n\nU.S. crude oil jumped 2.1% to $58.05 a barrel. Gold climbed 0.7% to $1429.70.\n\nWrite to Alexander Osipovich at alexander.osipovich@dowjones.com",
    "published": "2019-07-30"
  },
  {
    "source": "WSJ",
    "title": "Copper Slides as Trade Hopes Recede",
    "summary": "Metal falls more than 1% as latest Trump tweets warn on China trade",
    "link": "https://www.wsj.com/articles/copper-slides-as-trade-hopes-recede-11564495465?mod=Searchresults_pos3&page=57",
    "content": "Optimism about Chinese stimulus measures have boosted copper prices sporadically in recent months. Here, workers build an electric bus at a factory in eastern China.\n\nCopper prices slid again Tuesday after President Trump increased pressure on China in a series of tweets, a potential setback for investors hoping that the world’s two largest economies can quickly reach a trade agreement.\n\nThe most-active copper futures, for September delivery, fell 1.4% to $2.6785 a pound on the Comex division of the New York Mercantile Exchange, their largest one-day drop since early June. Prices of the industrial metal used heavily in construction and manufacturing are about 10% below their April peaks, hurt by fears that trade tensions and slowing economic growth will crimp demand.\n\nAnalysts are keeping a close eye on copper and other industrial metals amid trade uncertainty because China is the largest source of demand, accounting for roughly half of global copper consumption. That is a main reason many view base metals prices as an economic indicator.\n\nHopes for a trade agreement and optimism about Chinese stimulus measures have boosted prices sporadically in recent months, while setbacks in talks have caused anxiety about a sharp demand slowdown.\n\nThose worries intensified again Tuesday after Mr. Trump warned that the terms of a trade agreement with China would be tougher if he is re-elected next year. He also accused Beijing of not holding up its end of previous agreements.\n\n“My team is negotiating with them now, but they always change the deal in the end to their benefit,” Mr. Trump tweeted.\n\nMarkets slid in May after talks between the two sides fell apart, though the talks have since restarted and expectations for lower interest rates have boosted stocks and other risky investments. Chinese and U.S. negotiators resumed trade talks Tuesday, with U.S. Trade Representative Robert Lighthizer and Treasury Secretary Steven Mnuchin dining with Chinese representatives led by Chinese Vice Premier Liu He in Shanghai.\n\nSome analysts are hopeful that easing monetary policy globally will spur economic growth, but many remain concerned that manufacturing activity and business investment will remain sluggish until the U.S.-China tariff fight is resolved.\n\nLoading tweet...\n\nIn another sign of investor caution Tuesday, most-active gold futures rose 0.6% to $1,441.80 a troy ounce, extending their recent rally to six-year highs. Lower interest rates make the metal more attractive to yield-seeking investors, while increased geopolitical uncertainty also tends to boost the safe-haven asset.\n\nIn energy markets, U.S. crude-oil futures rose 2.1% to $58.05 a barrel on the New York Mercantile Exchange as analysts looked ahead to weekly figures on domestic stockpiles. Falling inventories have lifted oil lately, though prices remain stuck in their recent trading range. Brent crude, the global price gauge, added 1.6% to $64.72 a barrel on the Intercontinental Exchange.\n\nNatural gas rebounded 1% to $2.1370 a million British thermal units, recovering slightly following a recent slide to three-year lows.\n\nWrite to Amrith Ramkumar at amrith.ramkumar@wsj.com",
    "published": "2019-07-30"
  },
  {
    "source": "WSJ",
    "title": "Ohio Farmers Face Lean Year, Hard Decisions After Spring Floods",
    "summary": "Wet weather compounds challenges posed by low prices, tariffs",
    "link": "https://www.wsj.com/articles/ohio-farmers-face-lean-year-hard-decisions-after-spring-floods-11564479000?mod=Searchresults_pos14&page=57",
    "content": "WOOD COUNTY, Ohio—American farmers are reeling after unrelenting rain delayed planting across the Midwest while trade battles continue to drag down exports and crop prices. Now, the prospect of another lean year is spreading farmers’ pain to the agricultural suppliers, traders and food makers that depend on them.\n\nWood County, south of Toledo in Ohio’s northwestern corner, is usually among the state’s biggest crop-producing areas. This summer, it is among the Farm Belt’s hardest hit. About 131,000 acres lay unplanted this month, nearly half the county’s total, according to estimates from the county’s Farm Service Agency. Only one in five cornfields has a crop growing.\n\nDriving between fields where scrubby brown and green weeds run unchecked for miles, Alan Sundermeier wonders how Wood County’s farmers, cooperatives and equipment dealers will make it through the coming year. Mr. Sundermeier, county educator for Ohio State University Extension, rattles off a litany of worries that emerged after storms kept local farmers out of their fields until it was too late to plant.\n\nCooperatives, unable to sell seed, fertilizer and chemicals, are cutting employees’ hours. Cattlemen and dairies face feed shortages. Banks are negotiating lower payments on farm loans. And some farmers, already struggling after years of low crop prices, will have to make it until autumn of next year before they produce a crop.\n\n“The ripple effect will be devastating for some,” Mr. Sundermeier said.\n\nAlan Sundermeier, county educator for Ohio State University Extension, says heavy rains have had a catastrophic impact on the farm economy in Wood County, Ohio. Photo: Brittany Greeson for The Wall Street Journal\n\nThe wettest 12-month period on record in the continental U.S. is compounding challenges for farmers after five consecutive bumper crops swelled stockpiles and pushed down farm incomes. Over the past year, tariffs from top food importers such as Mexico and China slashed exports and further pressured prices.\n\nYour browser does not support HTML5 video. Keep hovering to play Video: Experts explain why Midwest flooding is so bad in 2019. Photo: Getty Images\n\nRepeated rainstorms and flooding are also pressuring agriculture-industry giants, as farmers return crop seeds to companies like Bayer AG and Corteva Inc., ethanol giants cut production of the corn-based fuel additive, and grain companies such as Cargill Inc. and Archer Daniels Midland Co. are forced to boost offers to secure grain ahead of a lean harvest. U.S. Department of Agriculture officials have projected that crop-insurance payouts could top $1 billion this year, with around 10 million acres unplanted nationwide.\n\nEarlier Tuesday, Bayer warned that severe weather impacting its crop-science division could strain its ability to hit full-year sales targets.\n\nInvestors expect the wet spring to weigh on agriculture-industry profits. Farmers’ inability to plant crops and spray herbicides could slice $200 million to $250 million from Corteva’s quarterly profits, according to Sanford C. Bernstein analysts, and JPMorgan analysts predicted continued costs and logistical challenges for agricultural trader and processors ADM and Bunge Ltd.\n\nAdvertisement\n\nThe North Branch Portage River swells next to farmland outside of Bowling Green, Ohio. Photo: Brittany Greeson for The Wall Street Journal\n\n“I’ve never remembered any years like this,” said Loren Bechstein, 92, who said he had farmed in Wood County his entire life. This year, he said, his family was unable to plant a single acre. “We never got a window big enough to really get in the field,” he said.\n\nOut of 2,000 acres Paul Herringshaw intended to plant on his corn and soybean fields near Bowling Green, Ohio, only 325 had anything growing in mid-July. “What’s happening around here is a disaster that’s unfolded in slow motion,” he said.\n\nAt a kitchen table spread with bills, farming catalogs and a quilting magazine, Mr. Herringshaw prepared to fill out insurance paperwork for his unplanted fields while more rain drenched the weedy, brown field across the road.\n\nSome of Mr. Herringshaw’s crop-insurance forms were bound for the Farm Service Agency office in Bowling Green, where farmers’ paperwork awaited review in piles a few feet high. In a typical year, the county receives 15 to 20 such claims. The number this year likely will top 1,500, said Jody Haines, the agency’s county executive director. Mr. Haines, who farms himself and only got one-third of his corn planted, added his own forms in mid-July to the piles.\n\nWood County farmers said insurance coverage would help but won’t fully make up for this year’s lost crops.\n\nAdvertisement\n\nFor other agricultural businesses in the county of 131,000, no such safety net exists.\n\nAt Findlay Implement Co., a John Deere dealership, Bowling Green store manager Jeff Maas said farmers’ interest in new equipment had tailed off, and he had postponed hiring a new salesman and parts technician.\n\nRain-driven delays already are cutting into profits for companies that buy farmers’ goods and sell them supplies. Cargill said this month that spring rain and flooding slowed grain and cattle shipments, contributing to a 67% drop in quarterly profits. CHS Inc., the biggest U.S. farm cooperative, said bad weather impeded crop shipping and purchasing, helping push quarterly earnings 70% lower.\n\nThe lack of cultivated acreage this year is straining local businesses such as the Countyline Cooperative, in Pemberville, Ohio. Photo: Brittany Greeson for The Wall Street Journal\n\nIn Findlay, Ohio, Legacy Farmers Cooperative Chief Executive Mark Sunderman in late May sat down to tally lost revenue from fuel sales, crop-spraying services, and less grain likely sold to Legacy’s facilities this fall. Legacy’s overall sales are likely to drop by 50% from 2018, he said.\n\nTo cut costs, Legacy skipped hiring seasonal employees and curtailed overtime, which Mr. Sunderman estimated would reduce employees’ take-home pay by 20%. The cooperative also dropped its cleaning service. “We’ve got a chore list,” said Mr. Sunderman, who was getting ready to take his turn sweeping the hallway.\n\nIn nearby Weston, Northern Ohio Grain Coop Inc. plans to shift to a four-day workweek starting in September, lasting for one year, financial chief H.D. Roe said.\n\nAdvertisement\n\nWith local farmers producing less grain, Countyline Cooperative general manager Marc Schaller has worked to buy corn from other sources to meet the needs of his customers, including dairies. Photo: Brittany Greeson for The Wall Street Journal\n\nAbout 20 miles east, Countyline Cooperative Inc. general manager Marc Schaller has been working the phones, seeking spare corn. Usually, Countyline buys local farmers’ grain after harvest and ships it to feed mills, ethanol plants or other buyers. But with just one-tenth of the anticipated corn crop planted around Pemberville this year, Mr. Schaller has reversed his usual role, calling nearby grain companies for corn that could help cover Countyline’s projected sales to local dairies and cattle producers.\n\nNext door, Frobose Market IGA owner Bob Frobose said shoppers worried the poor crop would drive up prices for the supermarket’s namesake bratwursts and other products. While Mr. Frobose is bracing for his livestock feed costs to jump by 25% this year, he said raising prices risked sending shoppers to chain stores in nearby towns.\n\n“People working in a grocery store don’t think of themselves as having an agriculture job, but they do,” Mr. Frobose said.\n\nAt Drewes Farms, 16 miles southwest of Bowling Green, Mark Drewes isn’t sure whether his late-planted crop will yield enough to supply nearby dairies, his customers. “We’re going to need perfect weather to even come close to feeding these cows,” he said.\n\nAdvertisement\n\nShare Your Thoughts What safeguards should be put in place, if any, to maintain a strong agricultural industry in the U.S.? Join the conversation below.\n\nAs the rain came down last spring, Mr. Drewes initially commiserated with other farmers, tipping back beers in machinery sheds. But as the weeks dragged on, he said it stopped being fun. Mr. Drewes withdrew, and started to hate coming to his farm. He began to worry about depression.\n\nMr. Drewes sat inside his farm office as another rainstorm pelted his pickup outside, he went through his plans. He and his son had been pricing new planters, but instead will invest in more field drainage. He has worked with state agricultural officials to help secure disaster assistance for the area, but he expects the economic fallout to last for years.\n\n“There are no precedents for what’s happening now,” Mr. Drewes said as the rain tapered off and a brilliant rainbow appeared east of his farm. “It’s going to leave scars.”\n\nOutside Bowling Green, Ohio, a billboard stands in an expanse of weeds that typically would be a field of crops. Photo: Brittany Greeson for The Wall Street Journal\n\nWrite to Jacob Bunge at jacob.bunge@wsj.com",
    "published": "2019-07-30"
  },
  {
    "source": "WSJ",
    "title": "Why Russia and China Are Joining Forces",
    "summary": "The past few years have witnessed a marked increase in American power.",
    "link": "https://www.wsj.com/articles/why-russia-and-china-are-joining-forces-11564441072?mod=Searchresults_pos11&page=44",
    "content": "Russian and Chinese military aircraft probed South Korean and Japanese air defenses last week, leading the South Koreans to fire more than 300 warning shots before the intruders departed.\n\nThis was just the latest manifestation of a deepening alliance between Russia and China. James Dobbins , Howard Shatz and Ali Wyne described the emerging alignment in an April essay in the Diplomat. In 2016, Russia displaced Saudi Arabia as China’s largest source of imported oil. In 2017, the two countries held their first joint naval exercise in the Baltic Sea. In June 2018, Xi Jinping called Vladimir Putin “my best, most intimate friend,” and later that year Chinese forces participated in the largest military exercise on Russian soil since 1981.\n\nThe departing director of national intelligence, Dan Coats , says the two Eurasian supergiants are as close as they were in the 1950s. From Venezuela to Syria to Serbia, they are working to frustrate the West. They are also increasingly cooperating in sub-Saharan Africa and have found ways to reduce their competition in Central Asia.\n\nMany analysts discounted the prospects for deep Sino-Russian coordination. Mr. Putin’s overarching foreign policy objective has long been to build up Russia as an independent great power between Europe and China; a close alliance with a rising China works against this goal. Tensions along their lengthy border, commercial rivalries, and Russian suspicion of Chinese designs on its Far Eastern territories tend to drive the two countries apart. Given Russia’s slow decline and China’s rapid rise, some expected Russia would support Western efforts to balance China rather than undermine them.\n\nInstead Moscow seems to have concluded that the door to the West is closed. The European Union is too weak, too indecisive and too liberal to serve as a strategic partner for Mr. Putin’s Russia. President Trump is too mercurial and Congress too hostile for the U.S. to meet Russia’s needs. That leaves a stark choice between an alliance with China and isolation.\n\nThere is another factor driving Moscow and Beijing together. The circus atmosphere of the Trump presidency sometimes obscures this, but the past few years have witnessed a marked increase in American power. Washington’s reach is expanding, its ability to enforce its will on others has grown, and it has become more willing and able to use its power disruptively. Moreover, as recent protests in Moscow and Hong Kong demonstrate, liberal ideas still have the power to challenge the world’s autocrats. Russia and China have decided to work together more closely in large part because both countries are more worried about the U.S.\n\nIntelligent people disagree about the wisdom of the Trump administration’s Iran policy, and success is far from certain—but as a demonstration of American power, the economic isolation of a major oil producer in the teeth of stiff European, Chinese and Russian opposition is an extraordinary spectacle. To Russia—another major oil producer dependent on trade with the West that has felt the bite of American sanctions—it is terrifying.\n\nThree factors contribute to this surge in American power. First, the success of fracking and related technologies together with the increased use of renewable energy in the West makes world energy markets more resilient. Oil prices are stable and relatively low even though Iran and Venezuela have essentially been forced out of the market.\n\nSecond, the growing sophistication of information technology means that U.S. authorities can track complex transactions and enforce secondary sanctions to an unprecedented degree. European governments have been shocked to discover that they cannot protect national companies wishing to do business with Iran from American law. Moscow and Beijing cannot help but notice that these tools could one day be turned against them.\n\nThe third factor is Mr. Trump. By using trade and tariffs as weapons in unrelated negotiations, the president has increased America’s clout. European efforts to resist U.S. sanctions on Iran, for example, must be carried out in the shadow cast by Mr. Trump’s threats to impose massive tariffs on key European products on vaguely defined “national security” grounds.\n\nMr. Trump’s critics argue that Washington can’t afford to alienate longtime allies as adversaries coalesce against the U.S. They also warn that the institutions that constrained great-power competition are decaying at an accelerating pace. And businesses around the world need the kind of policy predictability that Trump-era diplomacy is steadily eroding.\n\nTrue enough, and worrying—but the new world disorder has deeper causes than Mr. Trump. There are two rising great powers in the world today—not just one—and the U.S. as well as China is developing a more expansive view of its interests as its power grows.\n\nChina has responded to the newly competitive international situation by deepening its relationship with a strategic partner. Combine the jostling ambitions of two rising world powers with the disruptive economic, military and cultural consequences of the information revolution, and the causes of our distemper are easier to understand if not, unfortunately, to resolve.",
    "published": "2019-07-30"
  },
  {
    "source": "WSJ",
    "title": "U.S. Stocks Fall on Trade Concerns",
    "summary": "Trump tweets about difficulties with China; investors to watch Fed on Wednesday",
    "link": "https://www.wsj.com/articles/european-stocks-slip-as-pound-extends-decline-11564473701?mod=Searchresults_pos20&page=59",
    "content": "U.S. stocks slipped after President Trump warned of difficulties in trade talks with China.\n\nThe S&P 500 fell 7.79 points, or 0.3%, to 3013.18. The Dow Jones Industrial Average declined 23.33 points, or less than 0.1%, to 27198.02, while the Nasdaq Composite dropped 19.71 points, or 0.2%, to 8273.61.\n\nMr. Trump tweeted on Tuesday morning that there were “no signs” of China making a new effort to buy U.S. agricultural products.\n\n“That is the problem with China, they just don’t come through,” he added.\n\nChinese and U.S. negotiators are resuming trade talks this week in Shanghai. Uncertainty over trade has clouded the U.S. economic outlook in recent months, weighing on sectors like manufacturing even as unemployment is low and consumer spending remains strong.\n\n“We could see a situation arise where additional tariffs are forthcoming as President Trump tries to ratchet up the pressure on China,” said Michael Stritch, chief investment officer of BMO Wealth Management.\n\nIn a sign that Americans are shrugging off trade tensions, the Conference Board, a private research group, said its closely watched index of consumer confidence rebounded in July to its highest level this year.\n\nNew data from the Commerce Department showed that Americans’ spending remained healthy in June. Personal-consumption expenditures increased 0.3%, while personal income rose 0.4%, in line with expectations of economists surveyed by The Wall Street Journal.\n\nTraders working on the New York Stock Exchange on Monday. Photo: johannes eisele/Agence France-Presse/Getty Images\n\nThe Federal Reserve is widely expected to announce an interest-rate cut on Wednesday, a prospect that has lifted stocks in recent weeks. Investors will be closely watching comments from Fed Chairman Jerome Powell on Wednesday afternoon for signs of how much further the U.S. central bank could go in slashing rates.\n\nSome of the biggest U.S. companies reported second-quarter results. Procter & Gamble rose 3.8% to $120.41 after the consumer-goods company posted its highest quarterly sales growth in more than a decade. Merck gained 0.9% to $83.27 after the drugmaker beat analysts’ expectations for sales and earnings.\n\nCapital One Financial fell 5.9% to $91.21 after the bank reported a huge data breach. Class A shares of Under Armour tumbled 12% to $24.08 after the sportswear retailer said it expected North American sales to decline this year.\n\nU.S. government bond prices fell. The yield on the benchmark 10-year Treasury note rose to 2.063% from 2.056% Monday. Yields move in the opposite direction from prices.\n\nOverseas, the Stoxx Europe 600 dropped 1.5% amid flagging consumer confidence and fears of a messy Brexit.\n\nThe British pound fell 0.5% Tuesday against the dollar, after having declined by more than 1% Monday to its lowest close since March 2017. Investors were reacting to the hardened tone from the U.K.’s new Boris Johnson-led government on quitting the European Union without a deal.\n\n“The market right now is evolving toward no-deal Brexit as a base case,” said Geoffrey Yu , head of the U.K. investment office at UBS Wealth Management.\n\nMarkets across Asia ticked up, with the Shanghai Composite and Nikkei up 0.4% after the Bank of Japan met expectations to hold steady on interest rates.\n\nU.S. crude oil jumped 2.1% to $58.05 a barrel. Gold climbed 0.7% to $1429.70.\n\nWrite to Alexander Osipovich at alexander.osipovich@dowjones.com",
    "published": "2019-07-30"
  },
  {
    "source": "WSJ",
    "title": "Copper Slides as Trade Hopes Recede",
    "summary": "Metal falls more than 1% as latest Trump tweets warn on China trade",
    "link": "https://www.wsj.com/articles/copper-slides-as-trade-hopes-recede-11564495465?mod=Searchresults_pos17&page=56",
    "content": "Optimism about Chinese stimulus measures have boosted copper prices sporadically in recent months. Here, workers build an electric bus at a factory in eastern China.\n\nCopper prices slid again Tuesday after President Trump increased pressure on China in a series of tweets, a potential setback for investors hoping that the world’s two largest economies can quickly reach a trade agreement.\n\nThe most-active copper futures, for September delivery, fell 1.4% to $2.6785 a pound on the Comex division of the New York Mercantile Exchange, their largest one-day drop since early June. Prices of the industrial metal used heavily in construction and manufacturing are about 10% below their April peaks, hurt by fears that trade tensions and slowing economic growth will crimp demand.\n\nAnalysts are keeping a close eye on copper and other industrial metals amid trade uncertainty because China is the largest source of demand, accounting for roughly half of global copper consumption. That is a main reason many view base metals prices as an economic indicator.\n\nHopes for a trade agreement and optimism about Chinese stimulus measures have boosted prices sporadically in recent months, while setbacks in talks have caused anxiety about a sharp demand slowdown.\n\nThose worries intensified again Tuesday after Mr. Trump warned that the terms of a trade agreement with China would be tougher if he is re-elected next year. He also accused Beijing of not holding up its end of previous agreements.\n\n“My team is negotiating with them now, but they always change the deal in the end to their benefit,” Mr. Trump tweeted.\n\nMarkets slid in May after talks between the two sides fell apart, though the talks have since restarted and expectations for lower interest rates have boosted stocks and other risky investments. Chinese and U.S. negotiators resumed trade talks Tuesday, with U.S. Trade Representative Robert Lighthizer and Treasury Secretary Steven Mnuchin dining with Chinese representatives led by Chinese Vice Premier Liu He in Shanghai.\n\nSome analysts are hopeful that easing monetary policy globally will spur economic growth, but many remain concerned that manufacturing activity and business investment will remain sluggish until the U.S.-China tariff fight is resolved.\n\nLoading tweet...\n\nIn another sign of investor caution Tuesday, most-active gold futures rose 0.6% to $1,441.80 a troy ounce, extending their recent rally to six-year highs. Lower interest rates make the metal more attractive to yield-seeking investors, while increased geopolitical uncertainty also tends to boost the safe-haven asset.\n\nIn energy markets, U.S. crude-oil futures rose 2.1% to $58.05 a barrel on the New York Mercantile Exchange as analysts looked ahead to weekly figures on domestic stockpiles. Falling inventories have lifted oil lately, though prices remain stuck in their recent trading range. Brent crude, the global price gauge, added 1.6% to $64.72 a barrel on the Intercontinental Exchange.\n\nNatural gas rebounded 1% to $2.1370 a million British thermal units, recovering slightly following a recent slide to three-year lows.\n\nWrite to Amrith Ramkumar at amrith.ramkumar@wsj.com",
    "published": "2019-07-30"
  }
]