[
  {
    "source": "WSJ",
    "title": "Trump Administration Goes Ahead With New Tariffs on Chinese Products",
    "summary": "U.S. duties of 15% on tools, apparel items, some footwear and many electronics are expected to hit consumers",
    "link": "https://www.wsj.com/articles/trump-administration-goes-ahead-with-new-tariffs-on-chinese-products-11567337797?mod=Searchresults_pos20&page=3",
    "content": "Container trucks arrive at the Port of Long Beach in Long Beach, Calif.\n\nTariffs on clothing and other imports from China went into effect on Sunday, escalating the trade war in a move expected to squarely hit consumers.\n\nThe U.S. tariffs of 15% on tools, apparel items, some footwear and many electronics will be charged on imports valued at $111 billion last year, according to an analysis by The Wall Street Journal. Additional tariffs of 15% on $156 billion of smartphones, laptops, toys, videogames and other products have been postponed until Dec. 15, after the period when goods are typically imported for the holiday season.\n\nSHARE YOUR THOUGHTS Which predictions do you believe about the potential effects of tariffs? Join the conversation below.\n\n“Absolutely worth it, we don’t want to be servants to the Chinese!” President Trump said Sunday in a tweet, referring to the process of tariffs forcing American importers to look for other suppliers. The tariffs are “about American freedom,” he added in another tweet. “There is no reason to buy everything from China!”\n\nMr. Trump cited the views of economist Peter Morici, who was interviewed Sunday on Fox News and said the tariffs would impact average Americans “not as much as the critics say” due to shifts in exchange rates and supply chains.\n\nBusiness groups and others criticized the tariffs as harmful for American companies and consumers.\n\nAFL-CIO President Richard Trumka credited Mr. Trump for “taking on China” but said, “unfortunately, he’s done it the wrong way.”\n\n“To take on China, there has to be a multilateral approach. One country can’t take on China to try to dry up its overcapacity because they just send it through to you in other ways,” Mr. Trumka said in an interview on Fox News.\n\nMyron Brilliant, head of international affairs at the U.S. Chamber of Commerce, said that the president was using the wrong tactic to take on unfair Chinese trade practices. “The tariffs—import taxes by any other name—are or will cost every American household between $600 and $1,000 by the end of the year.”\n\nPrevious tariffs on Chinese imports are costing the average U.S. household $831 a year through higher prices and reduced economic efficiency, according to a May paper published by the Federal Reserve Bank of New York.\n\nThe U.S. previously imposed tariffs of 25% on about $250 billion of Chinese imports, largely on items used by businesses, and those tariffs are set to rise to 30% in a month. Mr. Trump has characterized them as a penalty on China, but they are paid by importers in the U.S.\n\nChinese retaliatory measures also went into effect on Sunday, with more to come on Dec. 15. The biggest categories of American exports to be hit with extra tariffs Sunday include $3.2 billion in annual soybean shipments, $2.55 billion in crude oil and $1.16 billion in pharmaceuticals, according to Panjiva Research.\n\nAs Mr. Trump lays on more tariffs, Beijing’s hopes for a trade deal are waning, say people following the trade talks. “China’s leadership has concluded they’re probably not going to get a deal from Trump,” said Arthur Kroeber, founding partner at research firm Gavekal Dragonomics. “China doesn’t see an incentive to help out at this point.”\n\nMr. Kroeber and other analysts say China’s strategy involves toughing out the trade turbulence by shoring up its own economy, and waiting for the increased pain on American farmers and companies to translate into lobbying efforts against the Trump administration strategy.\n\nAt the same time, Beijing appears willing to continue engaging in negotiations with the U.S.\n\nWei Jianguo , a former Chinese vice minister of commerce now with Beijing-based think tank China Center for International Economic Exchanges, said Beijing still plans to send trade negotiators to Washington this month to try to get a deal to remove tariffs, however unlikely. “China is prepared either way,” he said.\n\nChinese foreign ministry spokesman Geng Shuang said at a briefing Friday that “trade teams on both the U.S. and China sides have always maintained effective communication.” He added, “We hope the U.S. side can demonstrate good faith and take real action, to work in concert with the Chinese side, to find a solution to the problem on the basis of equality and mutual respect.”\n\nTargeting China Each round of tariffs has targeted imports the U.S. relies more on China for than the previous set. $250 billion September 2018 The largest set of tariffs, covering $200 billion worth of imports, affects categories the U.S. imports about a fifth of from China. 200 Value of imports from China 150 Dec. 15, 2019 87% of imports in the categories for which tariffs were delayed come from China. July and August 2018 Early tariffs covered products where a small share comes from China. Sept. 1, 2019 The tariffs not delayed this round cover $111 billion worth of imports, though less than a quarter of imports in those categories come from China. 100 50 0 0% 10 20 30 40 50 60 70 80 90 100 Share of U.S. imports from China for affected categories $250 September 2018 The largest set of tariffs, covering $200 billion worth of imports, affects categories the U.S. imports about a fifth of from China. billion 200 July and August 2018 Early tariffs covered products where a small share comes from China. Value of imports from China 150 Dec. 15, 2019 87% of imports in the categories for which tariffs were delayed come from China. 100 Sept. 1, 2019 The tariffs not delayed this round cover $111 billion worth of imports, though less than a quarter of imports in those categories come from China. 50 0 0% 20 40 60 80 100 Share of U.S. imports from China for affected categories $250 September 2018 The largest set of tariffs, covering $200 billion worth of imports, affects categories the U.S. imports about a fifth of from China. billion 200 Value of imports from China Dec. 15, 2019 87% of imports in the categories for which tariffs were delayed come from China. July and August 2018 Early tariffs covered products where a small share comes from China. 150 Sept. 1, 2019 The tariffs not delayed this round cover $111 billion worth of imports, though less than a quarter of imports in those categories come from China. 100 50 0 0% 10 20 30 40 50 60 70 80 90 100 Share of U.S. imports from China for affected categories $250 September 2018 The largest set of tariffs, covering $200 billion worth of imports, affects categories the U.S. imports about a fifth of from China. billion 200 Value of imports from China Dec. 15, 2019 87% of imports in the categories for which tariffs were delayed come from China. 150 Sept. 1, 2019 The tariffs not delayed this round cover imports, for which less than a quarter of which come from China. 100 50 0 0% 20 40 60 80 100 Share of U.S. imports from China for affected categories\n\nTrade talks have mostly stalled since late May, when negotiators were believed to be close to a deal. The U.S. side accused China of backing down on a pledge to make structural changes, such as legal measures to protect intellectual property, while Beijing said it wanted the U.S. to remove existing tariffs before implementing the accord.\n\nSince then negotiators have sought, so far without success, to reach a limited preliminary arrangement that would have China committing to buying more U.S. farm products and the U.S. agreeing to ease off restrictions on China’s Huawei Technologies Co.\n\nMr. Trump said late Friday he couldn’t say if he would speak to Chinese President Xi Jinping over the weekend. The two presidents in the past have used personal contact to de-escalate trade tensions, but recent friction over Huawei and other issues have weighed on the relationship.\n\nJosh Zumbrun and Andrew Restuccia in Washington contributed to this article.\n\nWrite to William Mauldin at william.mauldin@wsj.com and Chao Deng at Chao.Deng@wsj.com\n\nCorrections & Amplifications\n\nHuawei Technologies Co. is the name of the Chinese telecommunications giant facing restrictions from the U.S. government. An earlier version of this article incorrectly referred to the company as Huawei Telecommunications Co. (Sept. 2, 2019)",
    "published": "2019-09-01"
  },
  {
    "source": "WSJ",
    "title": "Trump Administration Goes Ahead With New Tariffs on Chinese Products",
    "summary": "U.S. duties of 15% on tools, apparel items, some footwear and many electronics are expected to hit consumers",
    "link": "https://www.wsj.com/articles/trump-administration-goes-ahead-with-new-tariffs-on-chinese-products-11567337797?mod=Searchresults_pos10&page=4",
    "content": "Container trucks arrive at the Port of Long Beach in Long Beach, Calif.\n\nTariffs on clothing and other imports from China went into effect on Sunday, escalating the trade war in a move expected to squarely hit consumers.\n\nThe U.S. tariffs of 15% on tools, apparel items, some footwear and many electronics will be charged on imports valued at $111 billion last year, according to an analysis by The Wall Street Journal. Additional tariffs of 15% on $156 billion of smartphones, laptops, toys, videogames and other products have been postponed until Dec. 15, after the period when goods are typically imported for the holiday season.\n\nSHARE YOUR THOUGHTS Which predictions do you believe about the potential effects of tariffs? Join the conversation below.\n\n“Absolutely worth it, we don’t want to be servants to the Chinese!” President Trump said Sunday in a tweet, referring to the process of tariffs forcing American importers to look for other suppliers. The tariffs are “about American freedom,” he added in another tweet. “There is no reason to buy everything from China!”\n\nMr. Trump cited the views of economist Peter Morici, who was interviewed Sunday on Fox News and said the tariffs would impact average Americans “not as much as the critics say” due to shifts in exchange rates and supply chains.\n\nBusiness groups and others criticized the tariffs as harmful for American companies and consumers.\n\nAFL-CIO President Richard Trumka credited Mr. Trump for “taking on China” but said, “unfortunately, he’s done it the wrong way.”\n\n“To take on China, there has to be a multilateral approach. One country can’t take on China to try to dry up its overcapacity because they just send it through to you in other ways,” Mr. Trumka said in an interview on Fox News.\n\nMyron Brilliant, head of international affairs at the U.S. Chamber of Commerce, said that the president was using the wrong tactic to take on unfair Chinese trade practices. “The tariffs—import taxes by any other name—are or will cost every American household between $600 and $1,000 by the end of the year.”\n\nPrevious tariffs on Chinese imports are costing the average U.S. household $831 a year through higher prices and reduced economic efficiency, according to a May paper published by the Federal Reserve Bank of New York.\n\nThe U.S. previously imposed tariffs of 25% on about $250 billion of Chinese imports, largely on items used by businesses, and those tariffs are set to rise to 30% in a month. Mr. Trump has characterized them as a penalty on China, but they are paid by importers in the U.S.\n\nChinese retaliatory measures also went into effect on Sunday, with more to come on Dec. 15. The biggest categories of American exports to be hit with extra tariffs Sunday include $3.2 billion in annual soybean shipments, $2.55 billion in crude oil and $1.16 billion in pharmaceuticals, according to Panjiva Research.\n\nAs Mr. Trump lays on more tariffs, Beijing’s hopes for a trade deal are waning, say people following the trade talks. “China’s leadership has concluded they’re probably not going to get a deal from Trump,” said Arthur Kroeber, founding partner at research firm Gavekal Dragonomics. “China doesn’t see an incentive to help out at this point.”\n\nMr. Kroeber and other analysts say China’s strategy involves toughing out the trade turbulence by shoring up its own economy, and waiting for the increased pain on American farmers and companies to translate into lobbying efforts against the Trump administration strategy.\n\nAt the same time, Beijing appears willing to continue engaging in negotiations with the U.S.\n\nWei Jianguo , a former Chinese vice minister of commerce now with Beijing-based think tank China Center for International Economic Exchanges, said Beijing still plans to send trade negotiators to Washington this month to try to get a deal to remove tariffs, however unlikely. “China is prepared either way,” he said.\n\nChinese foreign ministry spokesman Geng Shuang said at a briefing Friday that “trade teams on both the U.S. and China sides have always maintained effective communication.” He added, “We hope the U.S. side can demonstrate good faith and take real action, to work in concert with the Chinese side, to find a solution to the problem on the basis of equality and mutual respect.”\n\nTargeting China Each round of tariffs has targeted imports the U.S. relies more on China for than the previous set. $250 billion September 2018 The largest set of tariffs, covering $200 billion worth of imports, affects categories the U.S. imports about a fifth of from China. 200 Value of imports from China 150 Dec. 15, 2019 87% of imports in the categories for which tariffs were delayed come from China. July and August 2018 Early tariffs covered products where a small share comes from China. Sept. 1, 2019 The tariffs not delayed this round cover $111 billion worth of imports, though less than a quarter of imports in those categories come from China. 100 50 0 0% 10 20 30 40 50 60 70 80 90 100 Share of U.S. imports from China for affected categories $250 September 2018 The largest set of tariffs, covering $200 billion worth of imports, affects categories the U.S. imports about a fifth of from China. billion 200 July and August 2018 Early tariffs covered products where a small share comes from China. Value of imports from China 150 Dec. 15, 2019 87% of imports in the categories for which tariffs were delayed come from China. 100 Sept. 1, 2019 The tariffs not delayed this round cover $111 billion worth of imports, though less than a quarter of imports in those categories come from China. 50 0 0% 20 40 60 80 100 Share of U.S. imports from China for affected categories $250 September 2018 The largest set of tariffs, covering $200 billion worth of imports, affects categories the U.S. imports about a fifth of from China. billion 200 Value of imports from China Dec. 15, 2019 87% of imports in the categories for which tariffs were delayed come from China. July and August 2018 Early tariffs covered products where a small share comes from China. 150 Sept. 1, 2019 The tariffs not delayed this round cover $111 billion worth of imports, though less than a quarter of imports in those categories come from China. 100 50 0 0% 10 20 30 40 50 60 70 80 90 100 Share of U.S. imports from China for affected categories $250 September 2018 The largest set of tariffs, covering $200 billion worth of imports, affects categories the U.S. imports about a fifth of from China. billion 200 Value of imports from China Dec. 15, 2019 87% of imports in the categories for which tariffs were delayed come from China. 150 Sept. 1, 2019 The tariffs not delayed this round cover imports, for which less than a quarter of which come from China. 100 50 0 0% 20 40 60 80 100 Share of U.S. imports from China for affected categories\n\nTrade talks have mostly stalled since late May, when negotiators were believed to be close to a deal. The U.S. side accused China of backing down on a pledge to make structural changes, such as legal measures to protect intellectual property, while Beijing said it wanted the U.S. to remove existing tariffs before implementing the accord.\n\nSince then negotiators have sought, so far without success, to reach a limited preliminary arrangement that would have China committing to buying more U.S. farm products and the U.S. agreeing to ease off restrictions on China’s Huawei Technologies Co.\n\nMr. Trump said late Friday he couldn’t say if he would speak to Chinese President Xi Jinping over the weekend. The two presidents in the past have used personal contact to de-escalate trade tensions, but recent friction over Huawei and other issues have weighed on the relationship.\n\nJosh Zumbrun and Andrew Restuccia in Washington contributed to this article.\n\nWrite to William Mauldin at william.mauldin@wsj.com and Chao Deng at Chao.Deng@wsj.com\n\nCorrections & Amplifications\n\nHuawei Technologies Co. is the name of the Chinese telecommunications giant facing restrictions from the U.S. government. An earlier version of this article incorrectly referred to the company as Huawei Telecommunications Co. (Sept. 2, 2019)",
    "published": "2019-09-01"
  },
  {
    "source": "WSJ",
    "title": "Trump Administration Goes Ahead With New Tariffs on Chinese Products",
    "summary": "U.S. duties of 15% on tools, apparel items, some footwear and many electronics are expected to hit consumers",
    "link": "https://www.wsj.com/articles/trump-administration-goes-ahead-with-new-tariffs-on-chinese-products-11567337797?mod=Searchresults_pos5&page=1",
    "content": "Container trucks arrive at the Port of Long Beach in Long Beach, Calif.\n\nTariffs on clothing and other imports from China went into effect on Sunday, escalating the trade war in a move expected to squarely hit consumers.\n\nThe U.S. tariffs of 15% on tools, apparel items, some footwear and many electronics will be charged on imports valued at $111 billion last year, according to an analysis by The Wall Street Journal. Additional tariffs of 15% on $156 billion of smartphones, laptops, toys, videogames and other products have been postponed until Dec. 15, after the period when goods are typically imported for the holiday season.\n\nSHARE YOUR THOUGHTS Which predictions do you believe about the potential effects of tariffs? Join the conversation below.\n\n“Absolutely worth it, we don’t want to be servants to the Chinese!” President Trump said Sunday in a tweet, referring to the process of tariffs forcing American importers to look for other suppliers. The tariffs are “about American freedom,” he added in another tweet. “There is no reason to buy everything from China!”\n\nMr. Trump cited the views of economist Peter Morici, who was interviewed Sunday on Fox News and said the tariffs would impact average Americans “not as much as the critics say” due to shifts in exchange rates and supply chains.\n\nBusiness groups and others criticized the tariffs as harmful for American companies and consumers.\n\nAFL-CIO President Richard Trumka credited Mr. Trump for “taking on China” but said, “unfortunately, he’s done it the wrong way.”\n\n“To take on China, there has to be a multilateral approach. One country can’t take on China to try to dry up its overcapacity because they just send it through to you in other ways,” Mr. Trumka said in an interview on Fox News.\n\nMyron Brilliant, head of international affairs at the U.S. Chamber of Commerce, said that the president was using the wrong tactic to take on unfair Chinese trade practices. “The tariffs—import taxes by any other name—are or will cost every American household between $600 and $1,000 by the end of the year.”\n\nPrevious tariffs on Chinese imports are costing the average U.S. household $831 a year through higher prices and reduced economic efficiency, according to a May paper published by the Federal Reserve Bank of New York.\n\nThe U.S. previously imposed tariffs of 25% on about $250 billion of Chinese imports, largely on items used by businesses, and those tariffs are set to rise to 30% in a month. Mr. Trump has characterized them as a penalty on China, but they are paid by importers in the U.S.\n\nChinese retaliatory measures also went into effect on Sunday, with more to come on Dec. 15. The biggest categories of American exports to be hit with extra tariffs Sunday include $3.2 billion in annual soybean shipments, $2.55 billion in crude oil and $1.16 billion in pharmaceuticals, according to Panjiva Research.\n\nAs Mr. Trump lays on more tariffs, Beijing’s hopes for a trade deal are waning, say people following the trade talks. “China’s leadership has concluded they’re probably not going to get a deal from Trump,” said Arthur Kroeber, founding partner at research firm Gavekal Dragonomics. “China doesn’t see an incentive to help out at this point.”\n\nMr. Kroeber and other analysts say China’s strategy involves toughing out the trade turbulence by shoring up its own economy, and waiting for the increased pain on American farmers and companies to translate into lobbying efforts against the Trump administration strategy.\n\nAt the same time, Beijing appears willing to continue engaging in negotiations with the U.S.\n\nWei Jianguo , a former Chinese vice minister of commerce now with Beijing-based think tank China Center for International Economic Exchanges, said Beijing still plans to send trade negotiators to Washington this month to try to get a deal to remove tariffs, however unlikely. “China is prepared either way,” he said.\n\nChinese foreign ministry spokesman Geng Shuang said at a briefing Friday that “trade teams on both the U.S. and China sides have always maintained effective communication.” He added, “We hope the U.S. side can demonstrate good faith and take real action, to work in concert with the Chinese side, to find a solution to the problem on the basis of equality and mutual respect.”\n\nTargeting China Each round of tariffs has targeted imports the U.S. relies more on China for than the previous set. $250 billion September 2018 The largest set of tariffs, covering $200 billion worth of imports, affects categories the U.S. imports about a fifth of from China. 200 Value of imports from China 150 Dec. 15, 2019 87% of imports in the categories for which tariffs were delayed come from China. July and August 2018 Early tariffs covered products where a small share comes from China. Sept. 1, 2019 The tariffs not delayed this round cover $111 billion worth of imports, though less than a quarter of imports in those categories come from China. 100 50 0 0% 10 20 30 40 50 60 70 80 90 100 Share of U.S. imports from China for affected categories $250 September 2018 The largest set of tariffs, covering $200 billion worth of imports, affects categories the U.S. imports about a fifth of from China. billion 200 July and August 2018 Early tariffs covered products where a small share comes from China. Value of imports from China 150 Dec. 15, 2019 87% of imports in the categories for which tariffs were delayed come from China. 100 Sept. 1, 2019 The tariffs not delayed this round cover $111 billion worth of imports, though less than a quarter of imports in those categories come from China. 50 0 0% 20 40 60 80 100 Share of U.S. imports from China for affected categories $250 September 2018 The largest set of tariffs, covering $200 billion worth of imports, affects categories the U.S. imports about a fifth of from China. billion 200 Value of imports from China Dec. 15, 2019 87% of imports in the categories for which tariffs were delayed come from China. July and August 2018 Early tariffs covered products where a small share comes from China. 150 Sept. 1, 2019 The tariffs not delayed this round cover $111 billion worth of imports, though less than a quarter of imports in those categories come from China. 100 50 0 0% 10 20 30 40 50 60 70 80 90 100 Share of U.S. imports from China for affected categories $250 September 2018 The largest set of tariffs, covering $200 billion worth of imports, affects categories the U.S. imports about a fifth of from China. billion 200 Value of imports from China Dec. 15, 2019 87% of imports in the categories for which tariffs were delayed come from China. 150 Sept. 1, 2019 The tariffs not delayed this round cover imports, for which less than a quarter of which come from China. 100 50 0 0% 20 40 60 80 100 Share of U.S. imports from China for affected categories\n\nTrade talks have mostly stalled since late May, when negotiators were believed to be close to a deal. The U.S. side accused China of backing down on a pledge to make structural changes, such as legal measures to protect intellectual property, while Beijing said it wanted the U.S. to remove existing tariffs before implementing the accord.\n\nSince then negotiators have sought, so far without success, to reach a limited preliminary arrangement that would have China committing to buying more U.S. farm products and the U.S. agreeing to ease off restrictions on China’s Huawei Technologies Co.\n\nMr. Trump said late Friday he couldn’t say if he would speak to Chinese President Xi Jinping over the weekend. The two presidents in the past have used personal contact to de-escalate trade tensions, but recent friction over Huawei and other issues have weighed on the relationship.\n\nJosh Zumbrun and Andrew Restuccia in Washington contributed to this article.\n\nWrite to William Mauldin at william.mauldin@wsj.com and Chao Deng at Chao.Deng@wsj.com\n\nCorrections & Amplifications\n\nHuawei Technologies Co. is the name of the Chinese telecommunications giant facing restrictions from the U.S. government. An earlier version of this article incorrectly referred to the company as Huawei Telecommunications Co. (Sept. 2, 2019)",
    "published": "2019-09-01"
  },
  {
    "source": "WSJ",
    "title": "After Rush to Beat New Tax, Manhattan Luxury-Apartment Sales Slump",
    "summary": "July sales plummeted from June levels as new transfer tax took effect",
    "link": "https://www.wsj.com/articles/after-rush-to-beat-new-tax-manhattan-luxury-apartment-sales-slump-11567342801?mod=Searchresults_pos19&page=18",
    "content": "The Park Loggia condo building in New York City. In July, the median sale price of a Manhattan apartment fell to $970,000, the lowest level in four years.\n\nIn June, sales of luxury residential real estate soared like a Midtown skyscraper as buyers rushed to beat a looming July 1 tax increase.\n\nIn July, they plummeted back to earth to the slowest pace in years, according to a Wall Street Journal analysis.\n\nJuly sales of Manhattan homes and apartments for $2 million or more shrank to the lowest level for any month in more than six years. It was the slowest pace for such sales in the month of July since 2009.\n\nWhen residential sales accelerated in June, some brokers said the rush to beat the tax could trigger a broader sales rebound, as buyers who had been hesitating for many months could decide to buy. The market had been weakening for several years.\n\nThe new July sales figures cast doubt on that idea and suggest the tax surge simply sped up sales that would have happened anyway. “Consumer behavior is modified by tax-policy change, and this is exactly what we are seeing,” said Jonathan Miller, an appraiser and market analyst.\n\nMr. Miller said that the July slump may actually be overstating the pace of the slowdown—which he says may be nearing a bottom—after steep price cuts last year.\n\nThe new state transfer tax—a one-time payment on any property selling for at least $2 million in New York City ranges from 0.25%, or $5,000, on a $2 million sale, to 3.15% on sales of $25 million or more—triggered a rush to close. The result: Records were set for the most sales above $2 million, above $10 million and even above $25 million.\n\nJuly represented a reversal, the Journal analysis found. There were 162 sales for $2 million or more in July, 62% of average monthly sales over the last decade. That compares with 685 in June. Total Manhattan sales fell from a record $4.9 billion to just under $1.54 billion, the lowest July total since 2009 and the lowest month overall since 2013.\n\nThe new Hudson Yards real-estate development in Manhattan. Photo: justin lane/Shutterstock\n\nThe median sale price of a Manhattan apartment fell to $970,000, the lowest level in four years. That was down 40% from the figure in June, which was pushed up by the many high-end sales.\n\nAt the same time, sales below $2 million, which weren’t subject to the new tax, chugged along at a steady pace. These sales were up 2.5% from June and were the largest July total since 2015. The analysis includes sales filed through Aug. 31.\n\nDonna Olshan, a broker who tracks the luxury market, said the slowdown has continued. She said the number of contracts signed for properties listed for $4 million or more fell 17% this year through August, including a steep decline this month.\n\nShe attributed much of the slowdown to the long-term effects of another change in taxation that increased the cost of owning real estate: federal limits placed on the deductibility of state and local taxes, including on New York’s relatively high property taxes. The new limits took effect in 2018.\n\n“The crisis seems to be going sideways,” she said. Sellers who lower their prices are doing deals, she said, while other listings sit on the market. Many condo developers aren’t lowering prices, but they are telling brokers to “‘just make me an offer,’” she said.\n\nThere were 12 transactions for $10 million or more in July, a below-average month, and the lowest monthly total since 2015. The biggest was the $65.75 million purchase of a penthouse at a new condominium at 220 Central Park South by the Gordon M. Sumner, better known as the musician Sting.\n\nBut Sting’s 5,845 square foot four-story apartment wasn’t hit by the new tax, since he went into contract on it in June 2016.\n\nThe new tax rates took effect on July 1 for most transactions, but the state grandfathered in sales that were in contract by the start of the state’s fiscal year on April 1 at the old rates.\n\nAll but one of the $10 million-plus transactions, including eight sales in new developments, were exempt from the new tax.\n\nThe only one hit by the tax was the purchase of a three-bedroom co-op by Georgina Bloomberg , a daughter of former New York City Mayor Michael Bloomberg . She paid $10.2 million for an apartment on the 12th floor of 101 Central Park West, a building where she already has a home. She paid an extra $229,400 in taxes because of the higher rates, according to property records.\n\nWrite to Josh Barbanel at josh.barbanel@wsj.com",
    "published": "2019-09-01"
  },
  {
    "source": "WSJ",
    "title": "Truck Makers Apply the Brakes",
    "summary": "Trade tensions, slower global growth are depressing freight volumes after banner year for industry",
    "link": "https://www.wsj.com/articles/truck-makers-apply-the-brakes-11567330206?mod=Searchresults_pos12&page=44",
    "content": "Workers installed a dashboard at a Mack Trucks assembly facility in Macungie, Pa., in December. New purchases of heavy trucks are declining across the industry and production rates are dropping.\n\nTruck makers are logging sharply lower orders, adding another stress point for a decelerating U.S. manufacturing sector.\n\nThe U.S. trucking industry had one of its strongest years ever in 2018, as high demand for freight encouraged transportation companies to expand their fleets. Now, trade tensions and slower global growth are depressing freight volumes. Freight rates have fallen more than 20% from a record in June 2018, says St. Louis-based research firm Broughton Capital LLC. Trucking companies, in turn, are ordering fewer trucks.\n\n“There are more trucks than there are loads now,” said Kyle Kottke , general manager for Kottke Trucking Inc. in Buffalo Lake, Minn.\n\nProduction for heavy trucks is still brisk, as manufacturers work to fill orders placed over the past year, but new purchases are declining and production rates are dropping.\n\nOrders for heavy-duty models from the four largest truck makers in North America—Daimler Trucks North America LLC, Paccar Inc., PCAR 0.26 %increase; green up pointing triangle Volvo Trucks USA and Navistar International Corp.—fell 80% in July from a year earlier, says market forecaster ACT Research. Orders in June declined 69% from a year earlier.\n\nThe slowdown is rippling through to the companies’ suppliers, contributing to a broader slowdown for U.S. manufacturers. Manufacturing production as a whole was down 1.6% this year through July, according to the Federal Reserve. Eaton Corp., one of the largest makers of truck transmissions, recently warned of lower auto-related sales for the year, and cab builder Commercial Vehicle Group Inc. said order rates have been falling.\n\nShare Your Thoughts How would you manage truck traffic congestion on U.S. highways? Join the conversation below.\n\nInvestors in truck manufacturers have been anticipating a slumping truck market for months. Over the past 12 months, stock prices for Paccar and Navistar have declined more than the overall stock market.\n\nXL Specialized Trailers Inc., which assembles flatbed trailers for hauling big loads such as construction equipment, has experienced a drop in orders over the past 90 days, said Stuart Sleper , president of the Manchester, Iowa-based company.\n\n“We are planning for a 2020 that is not going to be as good,” he said.\n\nBig swings in production are typical in the truck industry. Like farmers, truckers tend to aggressively buy equipment when they are flush with cash but quit buying when their incomes drop.\n\nACT Research estimated that trucking companies have added about 6% more capacity to their fleets, or about 90,000 heavy-duty trucks, than what was actually needed to handle the freight volumes over the past two years. Production of heavy-duty models is expected to reach about 350,000 vehicles this year, the second-highest level since 2006.\n\nBut a reversal is predicted. ACT Research expects production of heavy-duty trucks to fall to about 238,000 vehicles next year, a rate more typical of years when trucking companies are only replacing worn-out vehicles in their fleets.\n\n“It would not take much of a weaker [gross domestic product] to send the truck industry down more,” said Don Ake , vice president of commercial vehicles at transportation-equipment research group FTR.\n\nA worker painted a truck chassis at a Mack Trucks assembly plant in Macungie, Pa., last year. Manufacturing production as a whole was down 1.6% this year through July, the Federal Reserve said. Photo: Luke Sharrett/Bloomberg\n\nSome truck manufacturers have already told their suppliers they intend to cut truck production beginning in the current quarter, Mr. Ake said. He expects other truck builders to follow suit and predicted production will be down by 20% in the fourth quarter from the current level.\n\nSome of the trucking industry’s biggest customers, including the steel industry, automotive suppliers and farmers, are scaling back too.\n\n“Everybody is fighting over the same pool of freight,” said Robert Haag , vice president of operations for Indianapolis-based Perfect Transportation LLC.\n\nOrder cancellations are also rising. Dave de Poincy , president of East Manufacturing Corp., said the truck-trailer maker’s cancellation rate is nearly 8%, compared with a typical rate of below 1%. He expects production to fall 20% in the company’s fiscal year ending in May.\n\n“They don’t need any more trailers right now,” he said. “The flatbed industry is a real indicator of economic health.”\n\nChina’s retaliatory tariffs on U.S. farm exports have reduced shipments of meat from the Midwest to the West Coast, said Dave Wozniak Jr., vice president of M.C. VanKampen Trucking Inc., a Grand Rapids, Mich.-based specialist at hauling office furniture and perishable cargo.\n\nVanKampen has cut its fleet by 10 trucks, to 140 this year, and Mr. Wozniak said freight demand will likely fall further if President Trump follows through on plans to apply new tariffs to Chinese goods.\n\n“The market is weak,” he said.\n\nWrite to Bob Tita at robert.tita@wsj.com and Austen Hufford at austen.hufford@wsj.com",
    "published": "2019-09-01"
  }
]