[
  {
    "source": "WSJ",
    "title": "A Metals Tariff Reprieve",
    "summary": "Good news for steel consumers, but border taxes could be reimposed.",
    "link": "https://www.wsj.com/articles/a-metals-tariff-reprieve-11558134211?mod=Searchresults_pos20&page=4",
    "content": "Construction workers are seen as they work with steel rebar during the construction of a building in Miami, May 17.\n\nTrade policy is never a straight line with the Trump Administration, and Friday’s agreement among the U.S., Mexico and Canada to lift steel and aluminum tariffs is a good example of two steps forward and one step back.\n\nThe good news is that the countries agreed to lift the tit-for-tat tariffs that the U.S. imposed last year on the dubious grounds that steel and aluminum from our close northern ally is a threat to national security. Canada and Mexico in turn will lift their retaliatory tariffs that have been hurting the U.S. Farm Belt, among other American exporters.\n\nThis will provide more metal for U.S. manufacturers that have been struggling under price increases and supply crunches in many products. It will also provide more competition for U.S. steel makers that have been profiting from this government favoritism at the expense of everyone else.\n\nThe agreement removes a major obstacle to consideration of President Trump’s U.S.-Mexico-Canada trade deal that would replace Nafta. Republican Senators had made lifting the steel and aluminum tariffs a condition of even considering support for the new Nafta deal, as Iowa Senator Chuck Grassley explained on our pages last month.\n\nThe new Nafta deal is still a long way from having the votes to pass, and Democrats want to rewrite the labor and drug-patent provisions, but at least the pact won’t fail because of Trump Administration steel-tariff suicide.\n\nThe step backward is that Friday’s tariff-lifting deal allows the U.S. to re-impose the tariffs if either aluminum or steel imports “surge meaningfully beyond historic volumes of trade over a period of time, with consideration of market share, ” according to the joint U.S.-Canada statement.\n\nThis is a U.S. warning to Canada in particular to restrain its exports, since the word “meaningfully” is likely to be defined by the U.S. steel and aluminum industries. They’ll complain to the White House at the first sign of price and supply competition and call it a “surge.”\n\nAt the very least this provision means there will continue to be uncertainty in steel and aluminum trade flows and supply chains, which will hang over Canadian exporters and American consumers. At worst it could lead to de- facto quotas on steel and aluminum imports, which means politically managed trade. The Canadians are taking a risk in agreeing to this provision, but they must believe that lifting the tariffs and aiding the prospects for ratification of new Nafta were worth it.\n\nLifting the tariffs offers some relief to the harm that trade policy has done to the North American economy. Mr. Trump also agreed Friday to postpone a decision on tariffs on European cars for 180 days pending negotiations with Europe. Both moves are welcome in particular given that U.S.-China trade talks have broken down and may take weeks or even months to strike a deal, if one is still possible before the 2020 election.\n\nTrade policy is the Trump Administration’s version of regulation in the Obama years—a political risk that never really goes away.",
    "published": "2019-05-18"
  },
  {
    "source": "WSJ",
    "title": "A Metals Tariff Reprieve",
    "summary": "Good news for steel consumers, but border taxes could be reimposed.",
    "link": "https://www.wsj.com/articles/a-metals-tariff-reprieve-11558134211?mod=Searchresults_pos4&page=5",
    "content": "Construction workers are seen as they work with steel rebar during the construction of a building in Miami, May 17.\n\nTrade policy is never a straight line with the Trump Administration, and Friday’s agreement among the U.S., Mexico and Canada to lift steel and aluminum tariffs is a good example of two steps forward and one step back.\n\nThe good news is that the countries agreed to lift the tit-for-tat tariffs that the U.S. imposed last year on the dubious grounds that steel and aluminum from our close northern ally is a threat to national security. Canada and Mexico in turn will lift their retaliatory tariffs that have been hurting the U.S. Farm Belt, among other American exporters.\n\nThis will provide more metal for U.S. manufacturers that have been struggling under price increases and supply crunches in many products. It will also provide more competition for U.S. steel makers that have been profiting from this government favoritism at the expense of everyone else.\n\nThe agreement removes a major obstacle to consideration of President Trump’s U.S.-Mexico-Canada trade deal that would replace Nafta. Republican Senators had made lifting the steel and aluminum tariffs a condition of even considering support for the new Nafta deal, as Iowa Senator Chuck Grassley explained on our pages last month.\n\nThe new Nafta deal is still a long way from having the votes to pass, and Democrats want to rewrite the labor and drug-patent provisions, but at least the pact won’t fail because of Trump Administration steel-tariff suicide.\n\nThe step backward is that Friday’s tariff-lifting deal allows the U.S. to re-impose the tariffs if either aluminum or steel imports “surge meaningfully beyond historic volumes of trade over a period of time, with consideration of market share, ” according to the joint U.S.-Canada statement.\n\nThis is a U.S. warning to Canada in particular to restrain its exports, since the word “meaningfully” is likely to be defined by the U.S. steel and aluminum industries. They’ll complain to the White House at the first sign of price and supply competition and call it a “surge.”\n\nAt the very least this provision means there will continue to be uncertainty in steel and aluminum trade flows and supply chains, which will hang over Canadian exporters and American consumers. At worst it could lead to de- facto quotas on steel and aluminum imports, which means politically managed trade. The Canadians are taking a risk in agreeing to this provision, but they must believe that lifting the tariffs and aiding the prospects for ratification of new Nafta were worth it.\n\nLifting the tariffs offers some relief to the harm that trade policy has done to the North American economy. Mr. Trump also agreed Friday to postpone a decision on tariffs on European cars for 180 days pending negotiations with Europe. Both moves are welcome in particular given that U.S.-China trade talks have broken down and may take weeks or even months to strike a deal, if one is still possible before the 2020 election.\n\nTrade policy is the Trump Administration’s version of regulation in the Obama years—a political risk that never really goes away.",
    "published": "2019-05-18"
  },
  {
    "source": "WSJ",
    "title": "Hopes of Brexit Breakthrough Dashed as Bipartisan Talks Collapse",
    "summary": "The decision means the U.K.’s path out of the EU remains unclear",
    "link": "https://www.wsj.com/articles/hopes-of-brexit-breakthrough-dashed-as-bipartisan-talks-collapse-11558088143?mod=Searchresults_pos15&page=64",
    "content": "Britain's opposition Labour Party leader Jeremy Corbyn said the talks “have now gone as far as they can.”\n\nLONDON—The U.K.’s main opposition Labour Party on Friday pulled the plug on Brexit talks with the government, dashing hopes for a formal bipartisan solution to break the logjam in Parliament over the terms of Britain’s withdrawal from the European Union.\n\nThe decision, which wasn’t a surprise, means the country’s path out of the EU remains unclear almost three years after voters chose to exit from the bloc in a 2016 referendum.\n\nThe collapse of the talks and the uncertainty around a possible successor to Prime Minister Theresa May in coming months sent the pound to its lowest level against the dollar since January. One pound traded for as low as $1.275. It also slid to a three-month low against the euro, trading for €1.142.\n\nIn a letter to Mrs. May, Labour leader Jeremy Corbyn said talks about finding a compromise plan that could win majority support from lawmakers on both sides of the political aisle “have now gone as far as they can.”\n\nThe six weeks of cross-party talks began after Parliament on three occasions rejected a withdrawal package Mrs. May negotiated with Brussels, prompting the U.K.’s beleaguered premier to reach out to her opponents to salvage her plan and secure both an orderly divorce and her own political legacy.\n\nMr. Corbyn said Labour was stepping away from the talks because negotiators proved unable to bridge gaps on Brexit policy. He added the party has also grown increasingly concerned that any deal reached risks being torn up by Mrs. May’s successor as Conservative Party leader and prime minister.\n\nMrs. May, who has come under increasing pressure to quit from hard-line pro-Brexit lawmakers unhappy with her Brexit plan, has signaled she will stand down within months.\n\nFollowing Labour’s announcement, a government spokesman said while real progress was made during the talks, “it is clear that we are not going to be able to reach a complete agreement.”\n\nRelated May Lays Out Her Plans for Resignation\n\nThe prime minister “continues to work hard…so that the U.K. can leave the EU with a deal as soon as possible,” he added.\n\nMajor sticking points on policy in the talks included whether to forge a customs union with the EU after Brexit and whether a second referendum should be held to ratify any Brexit deal.\n\nLabour argued a customs union, which would set common tariffs on goods entering both jurisdictions, would help preserve untrammeled trade and maintain delicate cross-border supply chains critical to some parts of British industry.\n\nThe Conservatives feared such an arrangement would hamper the country’s ability to sign trade deals with other countries. They are also opposed to another referendum.\n\nNewsletter Sign-up What’s News Catch up on the headlines, understand the news and make better decisions, free in your inbox daily. Enjoy a free article in every edition. Preview Subscribed\n\nLawmakers are due to vote again on Mrs. May’s withdrawal deal when they consider a key piece of Brexit legislation during the week of June 3.\n\nAhead of that vote, which the government is expected to lose, Conservative ministers will continue to lobby Labour lawmakers to back Mrs. May’s deal, though no formal talks with the opposition are planned, the government spokesman said.\n\nOne possible route to break the impasse—holding another round of voting in Parliament on various Brexit options—is being considered but no firm plans have been set, he added.\n\nFor U.K. Prime Minister Theresa May, Brexit has been an uphill battle, with roadblocks from U.K. and EU lawmakers forcing her to go back on promises she’s made along the way. Here’s a look at some key flip flops in May’s Brexit negotiations. Photo: Getty Images\n\nWrite to Jason Douglas at jason.douglas@wsj.com and Max Colchester at max.colchester@wsj.com",
    "published": "2019-05-18"
  },
  {
    "source": "WSJ",
    "title": "Trump’s Trade War With China Is Taxing Missouri Farmers",
    "summary": "My patriotic friends and neighbors support the president, but they’ve given about all they can.",
    "link": "https://www.wsj.com/articles/trumps-trade-war-with-china-is-taxing-missouri-farmers-11558126098?mod=Searchresults_pos5&page=23",
    "content": "Tarkio, Mo.\n\n“My family has owned our farm for 116 years,” says Roger Cordes , a farmer in central Missouri’s Pettis County. “I don’t want to be the one to lose it.” Trade wars may be easy to win, but even “easy” wars have casualties.\n\nIt’s been a tough year on U.S. farms. The loss of the Chinese market and historic flooding in much of the Midwest have hit farmers hard. Planting has been delayed everywhere by wet, cold weather, and last week’s collapse of the trade talks with China and the imposition of another round of tariffs by President Trump has led to a rout in the commodity markets. The Bloomberg Grains Subindex Total Return—composed of futures contracts on corn, soybeans and wheat—hit a 42-year low May 11.\n\nThe CEO of Revere Plastics Systems, a supplier to the washing-machine producer Whirlpool, recently told MSNBC that his business is booming because of tariffs. It’s good to know someone is benefiting. The story is somewhat different in my part of the world.\n\nAtchison County, my small farming community in northwest Missouri, is home to about 5,000 people. One hundred thousand acres of soybeans are planted here each year. The drop in soybean prices has meant a loss of around $100 in potential income on each of those acres. Atchison County farmers will be looking at a decline of $10 million in gross income this year, or about $2,000 per capita. We won’t be buying many Whirlpool washers.\n\nSupporters of the tariffs begin each conversation with a litany of Chinese wrongs. They say China ignores the rules governing international trade and is at best a geopolitical rival and maybe something far worse. It’s true that the U.S. response to China’s bad behavior has been inadequate. Yet rarely does the conversation move to Canada, Mexico or South Korea, other formerly reliable customers for U.S. agricultural products that have also become targets in Mr. Trump’s world-wide trade war.\n\nMr. Cordes, a lifelong Republican, is worried about China as well. But he’s also worried about having to take out a mortgage on his farm so he can plant this year’s crop and feed his family. The economic reality has dimmed his ardor for trade wars.\n\nI’d like to stop China’s abuses too, but I’m more concerned with my farm’s financial future. My family produces 150,000 bushels of soybeans a year, but with the price bottoming out, we expect to take a $250,000 hit to our gross income in 2019. Farmers are patriotic. We love our country and don’t want to see it cheated. But we’ve given about as much to this battle as we are able.\n\nTariffs are a tax on U.S. consumers. We already tax ourselves to belong to international organizations that are supposed to enforce trading rules, as well as to fund the U.S. military, the State Department, intelligence organizations and a legal system that has tools to enforce laws against industrial espionage. All these institutions are better suited than Midwestern soybean growers to take on China’s bad behavior.\n\nMoreover, America’s diplomacy and law-enforcement bodies are funded according to tax laws passed by Congress. Tariffs are imposed unilaterally by the executive—even as they destroy the economic future of farms and other export-dependent businesses.\n\nJournalists never tire of writing with amazement (and no small amount of condescension) about the continuing support for President Trump among farmers and other rural citizens. It’s much easier to understand here on the farm. Mr. Trump so often says and does things that make perfect cultural sense to those of us who live far from the coasts. He can and should continue to count on overwhelming support from the heartland as he approaches the 2020 election.\n\nAfter all, there is no support for a world-class agriculture sector among his likely opponents. Both Bernie Sanders and Kamala Harris have recently sworn their opposition to the U.S.-Mexico-Canada Agreement, a trade pact that would improve relations with our top two markets for farm products.\n\nAt least part of the frustration felt by my neighbors is the feeling that no one in politics is looking out for our interests. Republicans and Democrats alike are pursuing policies that will shrink the size of our agricultural economy. Mr. Cordes won’t be the only farmer to see 100 years of history fall victim to a war that was neither easy nor necessary.\n\nMr. Hurst is a corn, soybean and greenhouse farmer.",
    "published": "2019-05-18"
  },
  {
    "source": "WSJ",
    "title": "What’s News: World-Wide",
    "summary": "This copy is for your personal, non-commercial use only. Distribution and use of this material are governed by our Subscriber Agreement and by copyright law. For non-personal use or to order multiple copies, please contact Dow Jones Reprints at 1-800-843-0008 or visit www.djreprints.com.",
    "link": "https://www.wsj.com/articles/whats-news-world-wide-11558147555?mod=Searchresults_pos19&page=36",
    "content": "This copy is for your personal, non-commercial use only. Distribution and use of this material are governed by our Subscriber Agreement and by copyright law. For non-personal use or to order multiple copies, please contact Dow Jones Reprints at 1-800-843-0008 or visit www.djreprints.com.\n\nhttps://www.wsj.com/articles/whats-news-world-wide-11558147555",
    "published": "2019-05-18"
  },
  {
    "source": "WSJ",
    "title": "If U.S.-China Marriage Can Be Saved, Huawei Is the Key",
    "summary": "Beijing needs something to gain. Access to the U.S. market for its tech champ heals many wounds.",
    "link": "https://www.wsj.com/articles/if-u-s-china-marriage-can-be-saved-huawei-is-the-key-11558126151?mod=Searchresults_pos9&page=22",
    "content": "A lot else was going on when the Smoot-Hawley Tariff Act of 1930 hit a world economy laboring under declining nominal spending thanks to an ill-starred monetary contraction. President Trump’s tariffs on China will have consequences but not as dramatic. They are a source of cash for the Treasury—yes. They are not a source of “wealth” for the country. Tariffs are a tax on consumers, but the U.S. market for cheap goods is highly competitive, so producers are likely to relocate production from China to countries not covered by the tariffs.\n\nIn China, business owners and workers will lose jobs and income. In other countries, factory owners and workers will gain jobs and income. U.S. importers and their customers will have to be dinged with the cost of finding new sources of supply. But prices of internationally traded goods are not likely to go up sharply or for long.\n\nLet us also understand that the world economy and nature of trade have changed since the 1930s. Manufactured goods are a smaller share of the consumption basket; services and intellectual property are a larger part. Factory workers are becoming like farmers—an esoteric class of producers on whom politicians find it useful to shower favors for sentimental reasons.\n\nBecause it imports less from the U.S., China is already running out of targets for retaliatory tariffs. Plus it worries about raising prices for its own consumers. Many U.S. companies still feel vulnerable, though, because of their direct investment in the China market. GM made and sold more cars in China than the U.S. last year. Apple’s dependence on its Chinese subcontractors is the paradigmatic case. But the truth is, China still wants such investment: The practices Mr. Trump complains about, such as extorted technology sharing, are calibrated not to deter such commitments but to keep the know-how coming so China can keep purloining it.\n\nIf the Trump tariffs are permanent, as they seem likely to be, their main effect will be to accelerate a shift of low-wage production from China to other low-wage countries. Then what?\n\nToo pat is the argument that we know now our openness to China has failed to spur Beijing down a path of liberalism. Countries in the industrial age, and China especially, hardly tend to follow smooth trajectories. We don’t know how long the Xi Jinping detour will last.\n\nSecond, China’s dependence on the outside world is still growing. Millions of its citizens work directly or indirectly for U.S. companies. Its economy is entwined with ours.\n\nWhich brings us to Huawei. While acknowledging the risks, the eminent trade economist Claude Barfield years ago recommended opening U.S. markets to China’s paramount high-tech equipment maker in return for various transparency measures, including the company listing its shares on a U.S. exchange. This is still a better idea than trying to shut it out.\n\nThe Trump administration, with its harsh new targeting of the company this week, has made solving the Huawei problem part of the larger trade negotiation with China, which has some hysterics bemoaning a threat to the global rollout of 5G. Yeah, yeah. But putting the fate of Huawei on the table finally gives Beijing something to gain, not just give up. If Mr. Trump can see his way to naming terms for letting the company enter long-closed U.S. markets for telecommunications equipment, a happy ending is still conceivable.\n\nHis desire to create trade-war melodramas to demonstrate his negotiating skills may or may not be good politics. My guess is Mr. Trump would have had a successful presidency based simply on not being President Obama and by calling off the Obama regulatory assault on America’s producers.\n\nBut even here the Trump trade myopia is tangled up with legitimate concerns about China’s direction, shared not only by Democrats and business folk but many Chinese. Mr. Xi’s modern totalitarianism based on state-promoted jingoism plus far-reaching digital surveillance is not a likely winner in the long run. It will not sit well with China’s rising middle class. It won’t sit well with its entrepreneurs, artists and scientists who want to be part of a global community.\n\nMr. Trump annoys economists and pundits with his sophomoric trade thinking, but he wouldn’t be the first president to prefer colorfulness to cogency. Yet the right moment may have come to serve up to China’s elite a warning about the wrong turn they’ve taken under Mr. Xi. His reversion to crypto-totalitarianism is not a cost-free indulgence. It isn’t serving China’s interests. It’s making a hash of China’s all-important economic ties with the U.S.\n\nA little carrot always goes well with stick. By naming terms for opening U.S. markets to Huawei, Mr. Trump could dangle a carrot that would make all the right points about beneficial interdependence and put the relationship back on a win-win path.",
    "published": "2019-05-18"
  },
  {
    "source": "WSJ",
    "title": "Stocks Lose Steam, Close Lower for the Week",
    "summary": "Dow industrials log a fourth straight week of declines",
    "link": "https://www.wsj.com/articles/global-stocks-dip-as-trade-hopes-falter-11558079273?mod=Searchresults_pos5&page=30",
    "content": "The Dow Jones Industrial Average slumped for a fourth consecutive week Friday, with some analysts saying stocks could face continued pressure as the trade dispute between Washington and Beijing drags on.\n\nAll three indexes notched weekly declines, with the blue-chip index posting its longest losing streak since May 2016, while the S&P 500 and Nasdaq recorded two straight weeks of losses.\n\nMajor averages have retreated from records amid heightened tensions between the world’s two biggest economies. Stocks bounced back midweek after the Dow and S&P 500 on Monday posted their biggest one-day losses since Jan. 3. But the rebound didn’t hold Friday.\n\nThe Dow industrials fell 98.68 points, or 0.4%, to 25764.00. The S&P 500 slipped 16.79 points, or 0.6%, to 2859.53. Ten of the 11 sectors in the broad index declined, led by losses in trade-sensitive industrial shares. The technology-heavy Nasdaq Composite lost 81.76 points, or 1%, to 7816.28.\n\nTrade talks between the U.S. and China have stalled this month, with Washington on May 10 raising tariffs on $200 billion of Chinese goods to 25% from 10%. The new escalation in trade tensions has upended investors’ hopes that the dispute would be swiftly resolved.\n\n“It’s been really challenging as an investor to try and figure out which direction things are headed with the U.S.-China trade conflict,” said Timothy Chubb, chief investment officer at Girard. “There’s a lot of confusion. A lot of investors at this point are sitting on their hands looking to take some profits or rebalance their portfolios but aren’t making a [convincing] move in one direction or another.”\n\nStill, all three major averages are each within 4.3% of the closing records. Investors are looking ahead to next month, when President Trump and Chinese President Xi Jinping attend a Group of 20 meeting in Japan that could give them a chance to arrange another summit.\n\nThe spat also has raised investor anxiety over global growth fears. Investors pulled $19.5 billion out of global mutual and exchange-traded funds in the week ended May 15, while bonds added $5.1 billion for their 19th week of inflows, according to a Bank of America Merrill Lynch analysis of data from fund tracker EPFR Global.\n\nStocks had pared losses in early trading Friday, after the Trump administration said it would put off for 180 days a final decision on whether to impose broad tariffs on cars produced by major trading partners including the European Union and Japan, citing national-security concerns.\n\n“The fact that we got this flexibility on auto tariffs is crucial because the market is trying to determine if both sides are taking a hard-line approach,” said Jeff Sica, chief executive at Circle Squared Alternative Investments. “Some investors are viewing these concessions as a breaking of the stalemate.”\n\nMeanwhile, the Trump administration reached a deal with Canada and Mexico that would end U.S.-imposed tariffs on steel and aluminum imports, removing a major barrier to the three countries’ new trade pact.\n\nA jump in U.S. consumer sentiment also helped boost investor confidence about the health of the U.S. economy. Household sentiment in May rose to the highest level since 2004, driven by a brighter outlook for the economy, the University of Michigan said.\n\nFred DeMarco works on the floor of the New York Stock Exchange on May 9. Photo: Richard Drew/Associated Press\n\nIn Friday’s action, shares of Deere fell $11.17, or 7.7%, to $134.82, after the company lowered its guidance for profit and equipment sales for the current fiscal year as its customers continue to face headwinds in the agricultural sector.\n\nThe yield on the benchmark 10-year Treasury note fell to 2.396% from 2.407%.\n\nThe WSJ Dollar Index, which tracks the dollar against a basket of currencies, rose 0.3%.\n\nThe British pound fell against the dollar for a sixth-straight session amid growing Brexit uncertainty. The currency declined 0.7% to $1.2711. Trade tensions also prompted a slide in the Chinese yuan, which fell 0.5% against the dollar.\n\nIn commodities markets, Brent crude oil fell 0.6% to settle at $72.21 a barrel, while gold lost 0.8% at $1274.50 an ounce.\n\nElsewhere, the Stoxx Europe 600 fell 0.4%. Chinese indexes led Asian markets lower, with the Shanghai Composite falling 2.5% and Hong Kong’s Hang Seng falling 1.1%. Japan’s Nikkei bucked the trend with a rise of 0.9%.\n\nCorrections & Amplifications\n\nDavid Folkerts-Landau is Group Chief Economist at Deutsche Bank. An earlier version of this article incorrectly spelled the name of the bank as Deutshce Bank. (May 17, 2019)\n\n--Will Horner contributed to this article.\n\nWrite to Jessica Menton at Jessica.Menton@wsj.com",
    "published": "2019-05-18"
  },
  {
    "source": "WSJ",
    "title": "If U.S.-China Marriage Can Be Saved, Huawei Is the Key",
    "summary": "Beijing needs something to gain. Access to the U.S. market for its tech champ heals many wounds.",
    "link": "https://www.wsj.com/articles/if-u-s-china-marriage-can-be-saved-huawei-is-the-key-11558126151?mod=Searchresults_pos8&page=18",
    "content": "A lot else was going on when the Smoot-Hawley Tariff Act of 1930 hit a world economy laboring under declining nominal spending thanks to an ill-starred monetary contraction. President Trump’s tariffs on China will have consequences but not as dramatic. They are a source of cash for the Treasury—yes. They are not a source of “wealth” for the country. Tariffs are a tax on consumers, but the U.S. market for cheap goods is highly competitive, so producers are likely to relocate production from China to countries not covered by the tariffs.\n\nIn China, business owners and workers will lose jobs and income. In other countries, factory owners and workers will gain jobs and income. U.S. importers and their customers will have to be dinged with the cost of finding new sources of supply. But prices of internationally traded goods are not likely to go up sharply or for long.\n\nLet us also understand that the world economy and nature of trade have changed since the 1930s. Manufactured goods are a smaller share of the consumption basket; services and intellectual property are a larger part. Factory workers are becoming like farmers—an esoteric class of producers on whom politicians find it useful to shower favors for sentimental reasons.\n\nBecause it imports less from the U.S., China is already running out of targets for retaliatory tariffs. Plus it worries about raising prices for its own consumers. Many U.S. companies still feel vulnerable, though, because of their direct investment in the China market. GM made and sold more cars in China than the U.S. last year. Apple’s dependence on its Chinese subcontractors is the paradigmatic case. But the truth is, China still wants such investment: The practices Mr. Trump complains about, such as extorted technology sharing, are calibrated not to deter such commitments but to keep the know-how coming so China can keep purloining it.\n\nIf the Trump tariffs are permanent, as they seem likely to be, their main effect will be to accelerate a shift of low-wage production from China to other low-wage countries. Then what?\n\nToo pat is the argument that we know now our openness to China has failed to spur Beijing down a path of liberalism. Countries in the industrial age, and China especially, hardly tend to follow smooth trajectories. We don’t know how long the Xi Jinping detour will last.\n\nSecond, China’s dependence on the outside world is still growing. Millions of its citizens work directly or indirectly for U.S. companies. Its economy is entwined with ours.\n\nWhich brings us to Huawei. While acknowledging the risks, the eminent trade economist Claude Barfield years ago recommended opening U.S. markets to China’s paramount high-tech equipment maker in return for various transparency measures, including the company listing its shares on a U.S. exchange. This is still a better idea than trying to shut it out.\n\nThe Trump administration, with its harsh new targeting of the company this week, has made solving the Huawei problem part of the larger trade negotiation with China, which has some hysterics bemoaning a threat to the global rollout of 5G. Yeah, yeah. But putting the fate of Huawei on the table finally gives Beijing something to gain, not just give up. If Mr. Trump can see his way to naming terms for letting the company enter long-closed U.S. markets for telecommunications equipment, a happy ending is still conceivable.\n\nHis desire to create trade-war melodramas to demonstrate his negotiating skills may or may not be good politics. My guess is Mr. Trump would have had a successful presidency based simply on not being President Obama and by calling off the Obama regulatory assault on America’s producers.\n\nBut even here the Trump trade myopia is tangled up with legitimate concerns about China’s direction, shared not only by Democrats and business folk but many Chinese. Mr. Xi’s modern totalitarianism based on state-promoted jingoism plus far-reaching digital surveillance is not a likely winner in the long run. It will not sit well with China’s rising middle class. It won’t sit well with its entrepreneurs, artists and scientists who want to be part of a global community.\n\nMr. Trump annoys economists and pundits with his sophomoric trade thinking, but he wouldn’t be the first president to prefer colorfulness to cogency. Yet the right moment may have come to serve up to China’s elite a warning about the wrong turn they’ve taken under Mr. Xi. His reversion to crypto-totalitarianism is not a cost-free indulgence. It isn’t serving China’s interests. It’s making a hash of China’s all-important economic ties with the U.S.\n\nA little carrot always goes well with stick. By naming terms for opening U.S. markets to Huawei, Mr. Trump could dangle a carrot that would make all the right points about beneficial interdependence and put the relationship back on a win-win path.",
    "published": "2019-05-18"
  },
  {
    "source": "WSJ",
    "title": "Mnuchin Defies Subpoena for President Trump’s Tax Returns",
    "summary": "Democrats now face choice about how to enforce their demand for six years of tax records",
    "link": "https://www.wsj.com/articles/mnuchin-defies-subpoena-for-president-trumps-tax-returns-11558123367?mod=Searchresults_pos1&page=18",
    "content": "WASHINGTON—Treasury Secretary Steven Mnuchin and IRS Commissioner Charles Rettig defied congressional subpoenas by missing a Friday deadline to hand over six years of President Trump’s tax returns and audit records.\n\nTheir decision was expected after weeks of rebuffing requests from Rep. Richard Neal (D., Mass.), the chairman of the House Ways and Means Committee, who invoked a statute that lets him obtain any taxpayer’s returns from the Treasury Department.\n\nMr. Mnuchin said he would reject the subpoena in a one-page letter to Mr. Neal on Friday.\n\nMessrs. Mnuchin and Neal have both said they expect courts to resolve the dispute.\n\n“We will likely proceed to court as quickly as next week,” Mr. Neal told reporters earlier Friday, anticipating Mr. Mnuchin’s rejection of the subpoena. Mr. Neal said he didn’t see holding Mr. Mnuchin in contempt as an option. In a statement late Friday, Mr. Neal said he was consulting with lawyers about how to enforce the subpoenas.\n\nDemocrats have several procedural paths as they seek the documents. They can ask a federal court to enforce the subpoena and their prior request. They can lump this request together with other Trump administration actions to ignore or reject congressional demands for information. They could even use what are known as Congress’s inherent contempt powers to levy fines against Messrs. Mnuchin and Rettig.\n\nNewsletter Sign-up WSJ Politics & Policy Scoops, analysis and insights driving Washington from the WSJ's D.C. bureau. Preview Subscribed\n\n“Mnuchin has no leg to stand on in court, and he knows it,” Rep. Don Beyer (D., Va.), a Ways and Means member, wrote on Twitter. “This isn’t about precedent or purpose, it is about hiding Trump’s tax returns and engaging in illegal stonewalling of Congress.”\n\nAsked earlier in the week whether he was concerned about fines, Mr. Mnuchin said he was following the advice of the Justice Department, which is expected to publish a legal opinion justifying Treasury’s withholding of the tax returns.\n\nMr. Trump said during the 2016 presidential campaign that he would release his tax returns but never did so, breaking a decadeslong tradition of voluntary disclosure of returns by presidential nominees of major parties. He has cited a variety of reasons, most frequently his reluctance to disclose his returns during an audit. His lawyers said in 2016 that he had been under audit continuously since his 2002 tax return and that tax years from 2009 forward were still under audit.\n\nNo law prevents him from releasing his tax returns during an audit. Since 1977, all presidents have been under mandatory audit under an Internal Revenue Service policy, and such audits didn’t prevent Mr. Trump’s predecessors from releasing their tax returns.\n\nIn his letter Friday, Mr. Mnuchin wrote that the Treasury Department is “not authorized” to provide the subpoenaed documents because it has determined that Mr. Neal lacks a legitimate legislative purpose for them. Mr. Neal has said he is trying to determine whether the IRS is adequately auditing the president who oversees the agency. Mr. Trump’s returns and audit records would shed light on that issue as well as the president’s tax strategies and any potential conflicts of interest.\n\nMr. Mnuchin wrote that Treasury would provide lawmakers, if they wanted it, with more information on how presidents are audited.\n\nIt could take a while to get a case into court, and once there, the dispute could take months, if not longer, to resolve. Congress may go through several more steps, with the committee and then the full House of Representatives potentially voting to hold the administration officials in contempt and authorize lawsuits before a case is filed, said Andy Wright, who was a lawyer for House Democrats and the Obama White House.\n\n“Part of the idea here is to build a record here to show that you have tried to bend over backwards to address legitimate concerns of the other branch while pursuing your own interests,” said Mr. Wright, now a partner at K&L Gates LLP.\n\nSiobhan Hughes contributed to this article.\n\nWrite to Richard Rubin at richard.rubin@wsj.com",
    "published": "2019-05-18"
  },
  {
    "source": "WSJ",
    "title": "A Metals Tariff Reprieve",
    "summary": "Good news for steel consumers, but border taxes could be reimposed.",
    "link": "https://www.wsj.com/articles/a-metals-tariff-reprieve-11558134211?mod=Searchresults_pos16&page=2",
    "content": "Construction workers are seen as they work with steel rebar during the construction of a building in Miami, May 17.\n\nTrade policy is never a straight line with the Trump Administration, and Friday’s agreement among the U.S., Mexico and Canada to lift steel and aluminum tariffs is a good example of two steps forward and one step back.\n\nThe good news is that the countries agreed to lift the tit-for-tat tariffs that the U.S. imposed last year on the dubious grounds that steel and aluminum from our close northern ally is a threat to national security. Canada and Mexico in turn will lift their retaliatory tariffs that have been hurting the U.S. Farm Belt, among other American exporters.\n\nThis will provide more metal for U.S. manufacturers that have been struggling under price increases and supply crunches in many products. It will also provide more competition for U.S. steel makers that have been profiting from this government favoritism at the expense of everyone else.\n\nThe agreement removes a major obstacle to consideration of President Trump’s U.S.-Mexico-Canada trade deal that would replace Nafta. Republican Senators had made lifting the steel and aluminum tariffs a condition of even considering support for the new Nafta deal, as Iowa Senator Chuck Grassley explained on our pages last month.\n\nThe new Nafta deal is still a long way from having the votes to pass, and Democrats want to rewrite the labor and drug-patent provisions, but at least the pact won’t fail because of Trump Administration steel-tariff suicide.\n\nThe step backward is that Friday’s tariff-lifting deal allows the U.S. to re-impose the tariffs if either aluminum or steel imports “surge meaningfully beyond historic volumes of trade over a period of time, with consideration of market share, ” according to the joint U.S.-Canada statement.\n\nThis is a U.S. warning to Canada in particular to restrain its exports, since the word “meaningfully” is likely to be defined by the U.S. steel and aluminum industries. They’ll complain to the White House at the first sign of price and supply competition and call it a “surge.”\n\nAt the very least this provision means there will continue to be uncertainty in steel and aluminum trade flows and supply chains, which will hang over Canadian exporters and American consumers. At worst it could lead to de- facto quotas on steel and aluminum imports, which means politically managed trade. The Canadians are taking a risk in agreeing to this provision, but they must believe that lifting the tariffs and aiding the prospects for ratification of new Nafta were worth it.\n\nLifting the tariffs offers some relief to the harm that trade policy has done to the North American economy. Mr. Trump also agreed Friday to postpone a decision on tariffs on European cars for 180 days pending negotiations with Europe. Both moves are welcome in particular given that U.S.-China trade talks have broken down and may take weeks or even months to strike a deal, if one is still possible before the 2020 election.\n\nTrade policy is the Trump Administration’s version of regulation in the Obama years—a political risk that never really goes away.",
    "published": "2019-05-18"
  },
  {
    "source": "WSJ",
    "title": "What’s News: World-Wide",
    "summary": "This copy is for your personal, non-commercial use only. Distribution and use of this material are governed by our Subscriber Agreement and by copyright law. For non-personal use or to order multiple copies, please contact Dow Jones Reprints at 1-800-843-0008 or visit www.djreprints.com.",
    "link": "https://www.wsj.com/articles/whats-news-world-wide-11558147555?mod=Searchresults_pos19&page=5",
    "content": "This copy is for your personal, non-commercial use only. Distribution and use of this material are governed by our Subscriber Agreement and by copyright law. For non-personal use or to order multiple copies, please contact Dow Jones Reprints at 1-800-843-0008 or visit www.djreprints.com.\n\nhttps://www.wsj.com/articles/whats-news-world-wide-11558147555",
    "published": "2019-05-18"
  },
  {
    "source": "WSJ",
    "title": "Cuomo vs. New York",
    "summary": "The Governor cancels another natural gas pipeline.",
    "link": "https://www.wsj.com/articles/cuomo-vs-new-york-11558134235?mod=Searchresults_pos13&page=44",
    "content": "New York Governor Andrew Cuomo in November 2018. Photo: jeenah moon/Reuters\n\nGovernor Andrew Cuomo proved again this week that the biggest threat to New York isn’t Donald Trump, but progressive anti-growth policies. Witness his administration’s permit rejection for a 23-mile natural gas pipeline connecting New York City and Long Island with Pennsylvania shale gas fields.\n\nBeyond creating hundreds of construction jobs, the pipeline would boost development. Low-income housing developers urged the Governor to approve the permit, noting “the uncertainty related to state approvals” is “particularly concerning, since alternative energy options are unavailable or would include costs and design changes that have not been factored into these developing projects.” Don’t they understand that political uncertainty is a cost of doing business in New York?",
    "published": "2019-05-18"
  },
  {
    "source": "WSJ",
    "title": "Government Bonds Rise on Trade Tensions",
    "summary": "Rise in Treasurys amid concerns about U.S.-China talks offset strong consumer report",
    "link": "https://www.wsj.com/articles/government-bonds-steady-following-strong-sentiment-data-11558109319?mod=Searchresults_pos14&page=50",
    "content": "U.S. government-bond prices ticked higher Friday as continuing trade tensions offset strong consumer-sentiment data.\n\nThe yield on the benchmark 10-year U.S. Treasury note settled at 2.396%, compared with 2.407% Thursday.\n\nYields, which fall when bond prices rise, drifted lower overnight along with most major stock indexes.\n\nAnalysts attributed the move at least in part to commentary in Chinese media indicating Chinese officials are hesitant to resume trade talks with the U.S. That reinforced concerns that the U.S.-China trade feud could last longer than investors had expected.\n\nYields, though, picked up near the start of U.S. trading after the University of Michigan said its consumer-sentiment index rose to the highest level in 15 years in early May, a sign American consumers may keep supporting the U.S. economy.\n\nYields generally rise on positive economic data. Faster economic growth can drive up inflation, which is a main threat to government bonds because it erodes the purchasing power of their fixed returns. It can also push the Federal Reserve to increase, or at least not lower, interest rates that help set a floor for yields on short-term Treasury debt.\n\nIn recent days, Treasury yields had failed to rebound as much as U.S. stocks, after both fell sharply on Monday. While stocks have been buoyed by positive corporate earnings and news the Trump administration is postponing a decision on whether to impose tariffs on autos, Treasury yields have been weighed down by a variety of factors, including weak economic data out of the U.S. and China and political uncertainty in Europe.\n\nHeightened trade tensions may also have increased the chances that the Fed will cut interest rates, in the view of some investors.\n\nIn a note to clients Friday, analysts at NatWest Markets said that Fed Chairman Jerome Powell had pointed to improvement in Chinese data in a May 1 news conference\n\nAlong with Mr. Powell’s suggestion that recent weakness in inflation could be transitory, investors interpreted the comments on China as one of two major “‘hawkish’ points of emphasis,” the NatWest analysts wrote.\n\nNow, one of those causes for optimism may have been undermined, pushing the Fed to rethink its policy stance, the analysts added.\n\nThat in turn could support both stocks and Treasurys given the typical positive economic impact of lower interest rates.\n\nWrite to Sam Goldfarb at sam.goldfarb@wsj.com",
    "published": "2019-05-18"
  }
]