[
  {
    "source": "WSJ",
    "title": "Aramco Talks: Not Your Typical Earnings Call—Energy Journal",
    "summary": "Aramco Talks Financials; It's Not Your Usual Earnings Call",
    "link": "https://www.wsj.com/articles/aramco-talks-not-your-typical-earnings-callenergy-journal-01565613248?mod=Searchresults_pos9&page=81",
    "content": "Aramco Talks Financials; It's Not Your Usual Earnings Call\n\nThe Saudi national oil firm’s first-ever earnings call today isn't just another chat with investors.\n\nIt's an important step in the corporate transformation of the world’s most valuable company.\n\nSaudi Aramco will go through its half-year earnings with analysts and journalists today at 9 a.m. Eastern. It released some highlights earlier today: Net income came in at $46.9 billion, off by about 11% from last year's $53 billion, thanks to lower oil prices.\n\nEarly Monday, it also had other big news: It agreed to buy a 20% stake (worth about $15 billion including debt) in the energy business of India's Reliance Industries, a move that helps match its crude output with global refining capacity.\n\nThe flurry of disclosures comes in sharp contrast to the recent past. Just a few years ago, very little was known about the Saudi Arabian Oil Co., as the company is officially known, beyond its oil production numbers. Its profit was a state secret.\n\nIts sole shareholder was the Saudi king, and by extension, the government. It didn’t adhere to Western accounting standards and didn’t pretend to.\n\nNow Saudi Aramco is revving up its plans to publicly list the company’s shares in what is expected to be the world’s largest ever IPO. It is fresh off a $12 billion bond issuance that proved its willingness to disclose its financial results and showed that some investors were willing to look past the circumstances of the murder of Jamal Khashoggi.\n\nThe webcast today to disclose half-year 2019 numbers provides a practice run at an important ritual for a public company. Close Aramco watchers will be interested less in its blockbuster financials than in any clues it provides about plans to publicly list as soon as 2020. Those efforts had stalled last year, but Aramco executives revived them in recent weeks.\n\nPotential IPO investors will want to know how independent Aramco's decision-making process is from King Salman and his 33-year-old son, Crown Prince Mohammed bin Salman.\n\nThey have taken a strong interest in Aramco since taking power in 2015, getting it to buy the national petrochemicals firm and pushing the IPO idea over the objections of Aramco executives.\n\nInvestors also want to know what Aramco executives say about how they plan to return value to shareholders, likely through large dividends. And they will be interested in learning more about how Aramco will remain accountable to shareholders, even as it seeks to maintain a stable oil market by moderating its production to influence oil prices.\n\n— Michael Amon, Deputy Bureau Chief for the Middle East and North Africa\n\nReach me at michael.amon@wsj.com, or on Twitter @michaelkamon\n\nThis is the web version of our weekly Energy Journal newsletter. Subscribe here.\n\nWhat We're Watching\n\n• State-backed Saudi Aramco, the world’s largest oil producer, holds its first-ever earnings call with investors on Monday.\n\n• The Organization of the Petroleum Exporting Countries publishes its monthly oil market report on Friday. It will be scrutinized for signs about how the group sees the global supply and demand balance.\n\nPrice Check\n\nOil investors are focusing their attention on the twin concerns of slowing demand and excess supply, as the market fears the U.S.-China trade fight will hurt the global economy and put a dent in consumer’s appetite for oil.\n\nBrent was trading down 1.04% at $57.94 a barrel on London’s Intercontinental Exchange Monday. WTI futures were down 1.49% at $53.69 a barrel on the New York Mercantile Exchange.\n\nPresident Trump’s unexpected (China) tariff announcement Thursday suddenly revived the specter of an economic slowdown—akin to bubonic plague for oil demand.\n\nEnergy News\n\nSaudi Aramco Set to Acquire Stake in Indian Venture, Ahead of Mammoth IPO\n\nSaudi Aramco is buying a 20% stake—worth some $15 billion including debt—in India’s Reliance Industries oil and chemicals business, a move that would help match its enormous crude production with refining capacity, as it gears back up for a planned initial public offering, write Corinne Abrams and Sarah McFarlane.\n\nIt's Back: Aramco's Plans For Biggest-Ever IPO Are on the Front Burner Again\n\nSaudi Arabia’s state oil firm is speeding up plans for an initial public offering, touted as the world’s biggest listing, reports Summer Said, Julie Steinberg and Ben Dummett.\n\nThe move to partly float Aramco could happen as soon as early next year. The float has been accelerated because Saudi Arabia wants to take advantage of the positive international reaction to the firm’s $12 billion debut bond sale in April. The planned IPO is also aimed at raising capital to help Saudi Arabia diversify its economy away from oil.\n\nAnd This Just Out: Aramco Profit Hit By Lower Oil Prices\n\nAramco said net income for the first half of the year was $46.9 billion, down around 11% from the same period a year ago due to lower oil prices, report Sarah McFarlane and Summer Said.\n\nThe results, while lower because of the fall in crude prices compared with the same period last year, was still the largest profit of any reporting company by far—outstripping the likes of Exxon Mobil Corp. and Apple Inc.\n\nSoftBank’s Solar Powered Ambitions Founder\n\nJapan's SoftBank Group’s ambitions to fund solar mega projects in places such as Saudi Arabia and India have fallen short of the projections or have failed to materialize, write Phred Dvorak and Rory Jones.\n\nThe firm's Chief Executive Masayoshi Son announced plans to build as much as 220 gigawatts of solar capacity in Saudi Arabia and India by 2030. Yet SoftBank has managed to contract for around 3 gigawatts in India, hasn’t completed a project in Saudi Arabia and doesn’t appear close to winning a major contract there soon.\n\nGiant Batteries Could Recharge Renewable Energy Push\n\nA global wave of investment in high-capacity batteries is poised to transform the market for renewable energy in coming years, making it more affordable to store wind and solar power and deploy it when needed, writes the Journal’s Neanda Salvaterra.\n\nInvestors Worry About the Environmental Impact of Gas\n\nU.S. energy companies are producing record volumes of natural gas, touted as a cleaner-burning fuel than oil or coal, writes the Journal’s Rebecca Elliott.\n\nStill, growing public concern over leaks and intentional releases of gas and its primary component, methane, threaten to derail the dominance of gas in the global energy transition. Methane is far more potent than carbon dioxide in contributing to climate change, according to scientists.\n\nEnergy Jolts\n\n• The question of whether solar power will overtake fossil fuels as the world’s preferred source of electricity is turning into a question of when. (New Scientist)\n\n• Military protection for Western tankers in the Persian Gulf is expanding, but how will U.S. and European navies guard against unconventional tactics? (Petroleum Economist)\n\n• More than a million electric vehicles on American roads are evading taxes paid by their dirtier counterparts. (Pacific Standard)\n\n• Changing the times at which we use electricity could cut 15% off our peak electricity needs by 2030. (Vox)\n\nBig Number: 1.1 million\n\nThat’s how many extra barrels of oil analysts at Goldman Sachs project the globe will need in 2019. The figure was revised down from an earlier forecast at the start of the year of 1.4 million barrels a day.\n\nReporter’s Notebook: Far-Reaching Demand Worries Dent Investor Sentiment\n\nInvestors are taking a dim view of oil’s future fortunes despite a slew of data that points to potential supply constraints, writes the Journal’s Amrith Ramkumar.\n\nWhen I began looking at expectations for 2020 supply and demand in the oil market, it was striking how weak sentiment was considering the number of recent incidents in and around the Strait of Hormuz, OPEC’s extended production cuts and slowing shale growth in the U.S.\n\nIt was particularly noticeable how many investors I spoke to said that fears about softening demand growth are overshadowing catalysts on the supply side. They argued supply could grow about 1 million barrels a day faster than demand in 2020 even if production continues to slow.\n\nThose discussions happened even before the latest escalations in the U.S.-China trade fight, which continues to drive caution across commodities.\n\n“Sentiment is so poor,” says Mike Morey, chief investment officer of Integrity Viking Funds, which manages a fund that invests in North American shale producers. “Bad news is taken as extremely negative. Good news is pretty much pushed aside.”\n\nShort bets on U.S. crude futures by hedge funds and other speculative investors have risen to their highest level since mid-February, while the ratio of bullish bets to bearish wagers has dropped to 3.2, Commodity Futures Trading Commission data show.\n\nThat ratio stood at 25 in July 2018. That context is helpful for understanding oil's wild swings recently, including one-day drops of nearly 8% and 5% in the past few weeks and subsequent rebounds.\n\n— amrith.ramkumar@wsj.com\n\nQ&A: Chevron Phillips Bets on Plastics\n\nChevron Phillips Chemical recently inked a joint-venture deal with state-owned Qatar Petroleum to build an $8 billion petrochemical plant on the U.S. Gulf Coast. The agreement comes after the two companies agreed in June to build a plant in Qatar. Chief Executive Mark Lashier, in an interview with the Journal’s Christopher M. Matthews, discussed the partnership and the long-term prospects for the chemical industry. Edited excerpts:\n\nQ:Global demand seems to be slowing. Was this the best time to announce these projects?\n\nA: Headwinds are always coming and going in this business. We are focused on the long term. These projects have a long lead time and they take a long time to develop and build.\n\nWe look at the fundamentals, and we will go wherever in the world we can access the most abundant, low-cost feed stocks.\n\nQ: The U.S. and Qatar compete in the global natural gas markets. Why does this deal make sense for both sides?\n\nA: Certainly the countries compete on liquefied natural gas, but I do think you can have large competitors that find ways to successfully cooperate to lower their investment risks.\n\nThey expressed an interest in [investing outside] Qatar. They were willing to come and invest billions of dollars here in the U.S. For us, it helps mitigate challenges with trade, mitigate different risks associated with location. They don't have hurricanes in Qatar, for example.\n\nQ:Many of the world’s largest oil companies are pouring more investment into chemicals. Why?\n\nA: More and more hydrocarbons are going to be going into the downstream and petrochemicals. It's a smart move based on the growth of demand for our product.\n\nThe global middle class is growing, and most of the products we make are targeted at that middle class. Plastic materials make their lifestyle more sustainable, whether it is light weight vehicles or keeping food fresher for longer.\n\n--\n\nAbout Us\n\nWe want to be your first energy read of the week. This newsletter is a production of the global WSJ energy team, which is made up of a dozen editors and reporters in Houston, New York, London and Dubai. Send feedback to John Simons and Neanda Salvaterra at EnergyJournal@wsj.com.",
    "published": "2019-08-12"
  },
  {
    "source": "WSJ",
    "title": "Fed Rate Pulls Ahead in Race to Replace Libor; Trump Casts Doubt on China Talks; Yield Curve Warning",
    "summary": "Good day. The secured overnight financing rate, or SOFR, appears to be gaining traction as a replacement for the the London interbank offered rate. Last week, the Treasury Department said it is considering floating-rate notes linked to SOFR, which was introduced by the Federal Reserve Bank of New York. President Trump suggested U.S.-China trade talks tentatively planned for September might not happen. And bond-market warning signals of a possible recession are growing louder.",
    "link": "https://www.wsj.com/articles/fed-rate-pulls-ahead-in-race-to-replace-libor-trump-casts-doubt-on-china-talks-yield-curve-warning-11565613644?mod=Searchresults_pos6&page=81",
    "content": "Good day. The secured overnight financing rate, or SOFR, appears to be gaining traction as a replacement for the the London interbank offered rate. Last week, the Treasury Department said it is considering floating-rate notes linked to SOFR, which was introduced by the Federal Reserve Bank of New York. President Trump suggested U.S.-China trade talks tentatively planned for September might not happen. And bond-market warning signals of a possible recession are growing louder.\n\nNow on to today’s news and analysis.",
    "published": "2019-08-12"
  },
  {
    "source": "WSJ",
    "title": "10% Tariffs Were Manageable. At 25%, Businesses Are Squirming.",
    "summary": "An importer of vinyl flooring spends ‘nearly 100% of my energy’ trying to defray the cost of Washington’s levies on Chinese products",
    "link": "https://www.wsj.com/articles/10-tariffs-were-manageable-at-25-businesses-are-squirming-11565623036?mod=Searchresults_pos1&page=7",
    "content": "ZHANGJIAGANG, China—When the U.S. raised its tariffs on Chinese imports in May, Harlan Stone knew his U.S. vinyl flooring importing business had to move fast.\n\nHe got on the phone with his main customer, Home Depot Inc., to update it. Soon he was on a plane to China, prepared for tough conversations with suppliers.\n\nMr. Stone cajoled his Chinese suppliers not to let the now-25% tariff deter them from the American market. He worked across time zones to see if Home Depot would absorb part of the added costs. He tried to time ocean shipments so that some might not be subject to the punitive levies. And his U.S. team looked at rejiggering transport and packaging costs for more savings.\n\n“It comes down to every little thing,” said Mr. Stone, wearing sneakers and a Yankees cap as he moved between meetings in the Yangtze River port city of Zhangjiagang. \"We find every quarter-point we can. If you have 10 quarter-points, then you have 2½ points.”\n\nTariff Trail Trade duties imposed by the U.S. and China on each other’s goods Up to 10% tariff Up to 25% tariff Chinese imports from U.S. U.S. imports from China July-August 2018 $50 billion $120 billion in goods from U.S. in 2018 $540 billion in goods from China in 2018 September 2018 China imposes tariffs on an additional $60 billion. U.S. imposes tariffs on an additional $200 billion. May 2019 China also raises tariffs on the additional $60 billion. Tariffs increase on the additional $200 billion. Aug. 1, 2019 China allows yuan to depreciate significantly against the dollar in retaliation. Trump announces tariffs on the remaining imports.\n\nWhen the Trump administration first imposed 10% tariffs on many Chinese goods about a year ago, suppliers, importers, distributors and retailers worked together to defray the cost and try to avoid passing it on to consumers for fear of losing sales. Mr. Stone and his Chinese partners initially ate most of the vinyl flooring tariff cost, passing just a tad on to retailers.\n\nTariffs at the 25% level are quite another matter. They are upending cost projections and business models and straining relationships built up over decades. For operations such as Mr. Stone’s, the math is painful. He and others are trying to figure out how much of the new expense can be dispersed throughout the supply chain, how much should be passed to customers, at what potential cost in lost sales, and how much they must swallow.\n\nThese tit-for-tat tariffs, at their new higher levels, are forcing businesses into tortuous calculations and negotiations. How these ultimately turn out will have ramifications throughout the U.S. economy, determining how the higher costs get distributed and what effects they may have on sales, as the U.S. and China dig in for what is becoming a protracted trade battle.\n\n“This is a chaos moment. If I pay the tariffs, I don’t have any money,” said Mr. Stone.\n\nThe 61-year-old has been buying goods from Asia since the 1970s, first from Taiwan and later mainland China, having followed his father into the vinyl flooring business.\n\nThe product, often made to look like hardwood flooring or stone, was one of the largest categories of Chinese exports on the U.S. target list for tariffs. The U.S. vinyl flooring market was worth about $3 billion last year, with most coming from China, according to Stifel Equity Research Group. High-end flooring, the kind Mr. Stone imports and sells through his wholesale and distribution business, makes up most of that market and is growing roughly 25% annually.\n\nAdvertisement\n\nFactory workers stack vinyl floorboards for packaging at Zhangjiagang Yihua Plastic Co. Photo: Chao Deng/The Wall Street Journal\n\nMr. Stone’s Chinese suppliers, partners for decades, were shellshocked by the latest tariffs, fearing they and their thousands of workers would face canceled orders from American customers. Some smaller Chinese suppliers began offering discounts to European buyers to unload inventory.\n\nOn his trip to China, part of a multipronged search for tariff solutions that has absorbed him for months, Mr. Stone acted as a cheerleader, trying to rally his partners.\n\n“Do not stop production. Do not let your workers go home. Finance yourselves locally,” he instructed managers at Zhangjiagang Elegant Home-Tech Co., a family business started by a Chinese factory worker-turned-entrepreneur and now run by that man’s Canada-educated son.\n\nMr. Stone and his Connecticut-headquartered HMTX Industries LLC wanted a commitment from Home Depot to absorb some of the higher tariff. A Home Depot spokesman declined to share details about the retailer’s approach, saying only that its strategy varies across vendors and products and that it makes “every effort to lessen the impact on the consumer.”\n\nAdvertisement\n\nHMTX, which Mr. Stone said has about $700 million in annual revenue and a net profit margin in the mid-single digits, has a wholesale division that sells to other regional distributors in the U.S. That division decided to raise prices by nearly 20% on flooring. Wholesalers in general have raised prices of luxury vinyl flooring by as much as 50 cents a square foot, or close to 25%, according to estimates from industry executives.\n\nThe cost of home renovations could rise by thousands of dollars thanks to the increase in U.S. tariffs on Chinese goods. WSJ’s Jason Bellini takes a look at how consumers will be affected. Photo: Angus Mordant/Bloomberg\n\nThe 18 Flooring Liquidators retail stores in California carry Chinese-made products from HMTX, among others. The chain has raised prices for some products because of the tariffs. Tiles for a living room, dining room and hallway space can run up to hundreds of dollars more than before.\n\n“You can’t have a 25% increase and not have an effect on retail prices,” said Stephen Kellogg , president and owner.\n\nShare Your Thoughts When the U.S. tariff on Chinese goods is 25%, who should bear the cost? Join the conversation below.\n\nAs for other tariff-hit household goods, such as washing machines and furniture, FFO Home in Fort Smith, Ark., is raising prices on couches and dining-room sets with parts from China. Store owner Larry Zigerelli said some items have already gone up by 10% because of the tariffs imposed last year, and he expects to raise prices more as manufacturers pass on the 25% tariff.\n\nFor now, consumer spending in the U.S. is solid. By economists’ estimates, it will take three to six months for some portion of the tariff costs to be fully reflected in consumer prices.\n\nOn average, an American household will pay about $770 more each year under the 25% tariffs the U.S. has imposed on $250 billion in Chinese goods, according to Trade Partnership Worldwide, a Washington-based consulting firm working with industry groups. Consumers’ costs to are likely to rise more if President Trump carries through with 10% tariffs he announced this month on the roughly $300 billion in annual Chinese imports not yet taxed.\n\nAdvertisement\n\nHarlan Stone inspects new vinyl flooring designs in Zhangjiagang, Jiangsu province, China. Photo: Raul Ariano for The Wall Street Journal\n\n“There’s certainly going to be people who just can’t afford the same good,” said Katheryn Russ, an economics professor at University of California, Davis.\n\nCFL Flooring, one of the largest exporters of flooring from China to the U.S., with around 2,600 workers at factories in Jiaxing city south of Shanghai, sees the tariffs as a portent of permanent change. CFL decided last fall to set up factories in Taiwan and Vietnam and started shipping goods from those sites in March.\n\n“The desire to not be dependent on China is here to stay,” said Thomas Baert , a CFL co-owner. “Whatever happens with tariffs, certain customers have made up their mind that they want to be out of China for X% of their business.”\n\nMr. Stone thinks most manufacturing of vinyl flooring will remain in China. Since he began purchasing the product in China in the 1980s, he said, the country has developed a deep pool of skilled labor and quality manufacturers that would be hard to replicate.\n\nAdvertisement\n\nHundreds of Chinese factories compete for business, investing in new technologies to improve costs and products. Chinese suppliers, Mr. Stone said, have led the way in producing a thinner but stronger and more affordable form of vinyl flooring in recent years.\n\nWhen he started working with Zhangjiagang Yihua Plastic Co., the company was still state-owned. The government assigned a demobilized military officer, Sun Yonghua , to run the company and he later privatized it, retaining Mr. Stone as a customer.\n\nIn May, over a dinner of crayfish, beef hot pot, fish and red wine, the two men discussed the tariffs and what to do about them. Mr. Sun said he was confident his company would get support from big Chinese banks, and that would help him weather the tariffs.\n\nSun Yonghua, right, chairman of Zhangjiagang Yihua Plastic Co., hosted a dinner for U.S. importer Harlan Stone in May. Photo: Chao Deng/The Wall Street Journal\n\nMr. Sun bellowed that their more than 30-year partnership would survive. “Under your leadership, we aren’t afraid of the trade war,” he said, raising a toast to Mr. Stone. The two exchanged pictures of their grandchildren.\n\nThroughout his trip, Mr. Stone took care to project optimism with Mr. Sun and other suppliers. Fresh designs were in the pipeline, he reminded them, and a new digital printing method from Italy would allow them to adapt designs more quickly. American customers would see that their offerings were higher-quality and pick those, Mr. Stone said.\n\nHe reminded them, too, that Home Depot hadn’t canceled any orders and was prepared to fight the tariffs too. Still, the lack of a firm deal with the retailer, at the time, nagged him.\n\nAdvertisement\n\nOver the following weeks, there were emails, phone calls and texts with the Home Depot team. Mr. Stone’s colleagues made trips to the chain’s Atlanta headquarters. Their pitch was that Home Depot should share the tariff burden, otherwise HMTX and its manufacturers wouldn’t have money to invest in designs and processes to remain competitive.\n\n“All that costs money,” Mr. Stone recalled saying. “I’ve built warehouses, I’ve stocked them, I have robots taking orders. If I don’t keep doing this, we’ll both lose.”\n\nHome Depot’s argument for footing less of the bill, according to Mr. Stone, was that with this type of product, raising retail prices risked driving away customers. Unlike fixing a leaky roof or replacing a broken washing machine, homeowners could put off buying a new floor.\n\nVinyl floorboards ready for shipment at Zhangjiagang Elegant Home-Tech Photo: Chao Deng/The Wall Street Journal\n\nHome Depot set up what employees called a “tariffs war room” to analyze products and costs and devise pricing strategies, Mr. Stone said. In late June, Home Depot’s chief executive told CNBC it was working with suppliers to offset tariff costs, although part of the 25% would be passed to consumers.\n\nA few weeks later, according to Mr. Stone, after six different offers and multiple revisions, he and Home Depot reached an agreement that will last until February. Without providing specifics, he said it was “in the spirit of half-half.” His Chinese partners, he said, were relieved.\n\nMeanwhile, Mr. Stone is trying to get luxury vinyl flooring off the list of tariffed products. One argument he makes is that U.S. manufacturers can’t meet the huge demand for vinyl flooring at home. He has teams of lawyers in New York, Washington and Hong Kong working the issue and said he is in touch with legislators to help lobby the Trump administration.\n\nIn another challenge he faces, a rival that makes vinyl tiles in America, Mohawk Industries Inc., has lobbied in Washington in favor of tariffs on China-made goods. This year, Mohawk petitioned the U.S. International Trade Commission to block Chinese imports, alleging patent infringement.\n\nOn a recent Friday, Mr. Stone was in New York to meet a lawyer about next steps in the patent-infringement case. It had been nearly a year since the Trump administration imposed duties that hit the vinyl flooring business.\n\n“Eighty percent of my time and nearly 100% of my energy goes to dealing with the tariffs,” Mr. Stone said.\n\nWrite to Chao Deng at Chao.Deng@wsj.com",
    "published": "2019-08-12"
  },
  {
    "source": "WSJ",
    "title": "The Daily Shot: U.S. Inventory-to-Sales Ratio Remains Elevated",
    "summary": "To receive the Daily Shot newsletter in your inbox, please sign up at our Email Center. Previous issues of the Daily Shot are available online at DailyShotWSJ.com.",
    "link": "https://www.wsj.com/articles/the-daily-shot-u-s-inventory-to-sales-ratio-remains-elevated-01565580951?mod=Searchresults_pos14&page=79",
    "content": "To receive the Daily Shot newsletter in your inbox, please sign up at our Email Center. Previous issues of the Daily Shot are available online at DailyShotWSJ.com.\n\nHave questions, feedback or comments? Contact author Lev.Borodovsky@DowJones.com.\n\nTwitter: @SoberLook\n\n\n\n\n\nThe Daily Shot: 12-Aug-19\n\n• Administrative Update\n\n• The United States\n\n• Canada\n\n• The United Kingdom\n\n• The Eurozone\n\n• Asia - Pacific\n\n• China\n\n• Emerging Markets\n\n• Commodities\n\n• Energy\n\n• Equities\n\n• Rates\n\n• Global Developments\n\n• Food for Thought\n\n\n\n\n\nAdministrative Update\n\n1. Please note that the Daily Shot will not be published from August 21st to August 27th.\n\n2. As a reminder, Gmail tends to clip the Daily Shot, usually cutting off the last one or two sections. The best way to see the full newsletter is by clicking \"View in web browser\" at the top. Reading the Daily Shot in your browser will also help with navigation (the Table of Contents links), which doesn't work well on Apple devices.\n\n\n\n\n\n\n\nThe United States\n\n1. Let's begin with the PPI report, which showed slower inflation at the wholesale level (see story). The core PPI (second chart) was below the consensus estimate.\n\nHere is the core PPI less \"trade services,\" which are essentially business markups (and tend to be volatile). It's worth noting that slower or even negative producer price inflation is a global phenomenon (here is China's PPI, for example).\n\nIn particular, some industrial products saw slower year-over-year price increases.\n\n• Industrial material handling equipment:\n\n• Heavy trucks:\n\n--------------------\n\n2. Several leading indicators, such as manufacturing labor costs and oil prices, point to slower inflation ahead.\n\nSource: Alpine Macro\n\n3. Wholesalers' inventory-to-sales ratio remains elevated, especially for durable goods.\n\n4. Here is Goldman's estimate of the trade war's impact on the GDP (FCI = financial conditions index).\n\nSource: Goldman Sachs\n\n5. With the Fed now halting the contraction of its balance sheet, the overall credit growth is expected to accelerate.\n\nSource: Gavekal\n\n6. Any further strengthening in the US dollar will pressure risk assets such as stocks and commodities and is likely to be a drag on economic growth.\n\nSource: @markets; Read full article\n\n\n\n\n\n\n\nCanada\n\n1. The employment report was disappointing, with payrolls unexpectedly declining in July.\n\n• Total payrolls:\n\n• Private payrolls:\n\nSource: @EconguyRosie\n\nThe unemployment rate rose.\n\nAnd the participation rate ticked down.\n\nOne positive aspect of the report was the growth in wages, which hit the highest level in a decade (see story). However, given the weakness in hiring, these pay increases don't look sustainable.\n\n--------------------\n\n2. New home prices are declining.\n\n3. Housing starts remain robust (chart below), but building permits unexpectedly decreased (second chart).\n\n--------------------\n\n4. The whole Canadian yield curve is now below the BoC's overnight rate.\n\nSource: @TaviCosta\n\n\n\n\n\n\n\nThe United Kingdom\n\n1. The GDP unexpectedly contracted in the second quarter.\n\n• The UK consumer is keeping the economy from deteriorating further (2 charts below).\n\nSource: Pantheon Macroeconomics\n\n• On the other hand, business investment has been soft.\n\n--------------------\n\n2. Industrial production was weaker than expected.\n\nConstruction output also disappointed.\n\nAnd services are barely growing.\n\n--------------------\n\n3. Trade activity declined sharply after the Brexit deadline at the end of Q1. The trade balance unexpectedly swung into surplus (third chart below), but economists view this as noise.\n\n4. The pound fell to the lowest level in years after the GDP report.\n\nHere is the euro vs. the pound.\n\nHedge funds (and other \"non-commercial\" accounts) continue to raise their bets against the pound. Has this become a crowded trade?\n\n\n\n\n\n\n\nThe Eurozone\n\n1. Let's begin with Italy, where the likelihood of fresh elections is rising.\n\nSource: @TheEconomist; Read full article\n\nA center-right alliance seems to be the most likely outcome (between Lega and Forza Italia). That, of course, assumes that Salvini and Berlusconi can work together.\n\nSource: Commerzbank Research\n\nThe rising political uncertainty put pressure on Italian financial assets.\n\n- The 10yr bond spread to Germany:\n\n- The Italian stock market:\n\n- Bank stocks:\n\nUniCredit shares hit the lowest level in years.\n\n--------------------\n\n• Separately, Italy's trade surplus remains robust.\n\n• Is Italian consumer inflation heading for zero?\n\n--------------------\n\n2. Germany's trade surplus was lower than expected.\n\n3. French June manufacturing output was below economists' forecasts.\n\n4. Finally, Dutch industrial sales fell by more than 10% (from the previous year) for the first time in a decade.\n\n\n\n\n\n\n\nAsia - Pacific\n\n1. Speculative accounts have unwound their bearish bets against the yen (an indication of increased risk aversion).\n\n2. Here is Bloomberg's Asia currency index.\n\n3. Singapore's June retail sales were well below economists' forecasts.\n\nSource: @ChannelNewsAsia; Read full article\n\n\n\n\n\n\n\nChina\n\n1. China's currency is weaker again in Monday trading. Here is the offshore renminbi.\n\n2. Goldman estimates that capital outflows have picked up, although nothing like we saw in 2015.\n\nSource: Goldman Sachs\n\n3. The increased MSCI index weight in Chinese shares hasn't brought in much foreign investment flow.\n\nSource: @WSJ; Read full article\n\n4. Nonetheless, foreign investors own only 3% of Chinese stocks, suggesting significant room for growth in foreign holdings.\n\nSource: IIF\n\nAnd foreign institutional investor access to China-A shares via programs such as QFII and RQFII is still limited, as program quotas represent only 3% of the broad market.\n\nSource: IIF\n\n--------------------\n\n5. The ongoing protests have been taking a toll on Hong Kong's retailers.\n\nSource: @WSJ; Read full article\n\n\n\n\n\n\n\nEmerging Markets\n\n1. Mexico's June industrial production was weaker than expected.\n\n2. Argentina's stock market rallied going into the primary elections.\n\nAs of 10 PM EST, it appears that Mauricio Macri has lost, which is a negative outcome for Argentina's economy. Here is the betting market result.\n\nSource: @PredictIt\n\n--------------------\n\n3. India's industrial production is holding up despite global pressures.\n\n4. Will South Africa need an IMF bailout?\n\nSource: @markets; Read full article\n\nHere is the rand.\n\n--------------------\n\n5. The chart below shows how US sanctions on Russia have been impacting the ruble.\n\nSource: @economics, @sjinlondon; Read full article\n\n6. Online search activity shows an increasing demand for credit/lending across Asia.\n\nSource: Arbor Research & Trading\n\n\n\n\n\n\n\nCommodities\n\n1. Iron ore is in bear market territory amid higher inventories and trade tensions.\n\nChina's steel prices are falling as well.\n\n--------------------\n\n2. The copper market is expected to be in deficit in the next few years.\n\nSource: @WSJ; Read full article\n\nFor now, however, speculators are betting against the metal.\n\n--------------------\n\n3. Hedge funds' bets on gold continue to climb.\n\nGold fund inflows spiked last week.\n\nSource: Deutsche Bank Research\n\n--------------------\n\n4. Cocoa futures keep sinking.\n\n\n\n\n\n\n\nEnergy\n\n1. Crude oil futures jumped on Friday as the Saudis moved to cut exports. Lower oil stockpiles in Europe also helped.\n\nSource: @business; Read full article\n\n--------------------\n\n2. The Brent - WTI spread continues to tighten. The drivers are the trade tensions and softer demand in Asia (which impacts Brent more) and falling inventories at Cushing, OK (the settlement hub for NYMEX WTI).\n\n--------------------\n\n3. The US oil rig count is still drifting lower.\n\n\n\n\n\n\n\nEquities\n\n1. Despite the recent market jitters, insiders haven't been selling.\n\nSource: MarketWatch; Read full article\n\n2. When adjusted for inflation, the S&P 500 has stayed virtually flat for the past 18 months.\n\nSource: Alpine Macro\n\nBy the way, here is the S&P 500 priced in ounces of gold.\n\n--------------------\n\n3. Stocks of companies known for share repurchases continue to widen their underperformance, indicating slower buyback activity.\n\n4. There is an increasing amount of cash on the sidelines.\n\nSource: Deutsche Bank Research\n\n5. Next, we have some sector performance updates from last week.\n\n• Healthcare:\n\n• Retail (walloped by the trade war):\n\n• Semiconductors:\n\n• Communication Services:\n\n• Transportation:\n\n• Oil & Gas Services:\n\n• Metals & Mining:\n\n--------------------\n\n6. Finally, here are a couple of equity factor charts.\n\n• Momentum:\n\n• Dividend Dogs:\n\n\n\n\n\n\n\nRates\n\n1. The 10yr -2yr Treasury spread hit a multi-year low.\n\n2. Speculators continue to boost their bets on short-term rate futures amid expectations of multiple Fed rate cuts this year.\n\n3. Treasury ETFs didn't see the capital inflows that usually accompany a rally in bonds.\n\nSource: @benbreitholtz\n\n4. Finally, this chart shows the implied volatility index for rates (MOVE) vs. the Treasury term premium.\n\nSource: Longview Economics\n\n\n\n\n\n\n\nGlobal Developments\n\n1. The Swiss franc continues to grind higher amid increased global uncertainty and expectations of further easing by the ECB.\n\n2. This chart shows the global cross-sector correlation.\n\nSource: FTN Financial\n\n3. Capital Economics expects global bond yields to rebound from multi-year lows.\n\nSource: Capital Economics\n\n--------------------\n\n\n\n\n\n\n\nFood for Thought\n\n1. Growth in NYC banking employment:\n\nSource: @financialtimes, @GregDaco; Read full article\n\n2. Credit card burden by state:\n\nSource: @howmuch_net; Read full article\n\n3. Top 10 locations for Chinese buyers of US homes:\n\nSource: Ali Wolf, Meyers Research\n\n4. Tariff revenue (as % of total federal government receipts):\n\nSource: Commerzbank Research\n\n5. The US labor force, by age and type of employer.\n\nSource: Visual Capitalist; Read full article\n\n6. US aid to Pakistan:\n\nSource: @WSJ; Read full article\n\n7. Malnourished people worldwide:\n\nSource: Statista\n\n8. FDNY deaths related to 9/11:\n\nSource: Statista\n\n9. The demographic composition of US voters and nonvoters:\n\nSource: The NY Times; Read full article\n\n10. Evolution of the modern Latin alphabet:\n\nSource: @SteveStuWill; Read full article\n\n--------------------",
    "published": "2019-08-12"
  },
  {
    "source": "WSJ",
    "title": "Pro Bankruptcy Briefing: Who Will Fund PG&E’s Exit? | Neiman Bond Trustee Sues Owner | Johnson Publishing Chief Lent Company Millions Before Bankruptcy",
    "summary": "Good Day. Competition to fund PG&E Corp.’s bankruptcy is heating up after California Gov. Gavin Newsom failed in his bid to set ground rules in a battle over reshaping the utility. Neiman Marcus Group Ltd.bondholder trustee sued the retailer and private-equity owner Ares Management Corp. over the transfer of the retailer’s Mytheresasubsidiary. The head of Johnson Publishing Co. the former owner of Ebony and Jet magazines, millions in the years before the Chicago company she led filed for bankruptcy.",
    "link": "https://www.wsj.com/articles/pro-bankruptcy-briefing-who-will-fund-pg-es-exit-neiman-bond-trustee-sues-owner-johnson-publishing-chief-lent-company-millions-before-bankruptcy-11565613176?mod=Searchresults_pos16&page=66",
    "content": "Good Day. Competition to fund PG&E Corp.’s bankruptcy is heating up after California Gov. Gavin Newsom failed in his bid to set ground rules in a battle over reshaping the utility. Neiman Marcus Group Ltd.bondholder trustee sued the retailer and private-equity owner Ares Management Corp. over the transfer of the retailer’s Mytheresasubsidiary. The head of Johnson Publishing Co. the former owner of Ebony and Jet magazines, millions in the years before the Chicago company she led filed for bankruptcy.\n\nNow for more of today’s news...",
    "published": "2019-08-12"
  },
  {
    "source": "WSJ",
    "title": "Fewer Reasons for Another Fed Cut",
    "summary": "Inflation picked up and the Trump administration delayed some tariffs. Yet investors still expect Fed to lower rates again next month",
    "link": "https://www.wsj.com/articles/fewer-reasons-for-another-fed-cut-11565710182?mod=Searchresults_pos2&page=21",
    "content": "Federal Reserve Chairman Jerome Powell speaking at a news conference in May. Photo: yuri gripas/Reuters\n\nJust like that, Federal Reserve policy makers have two fewer reasons to cut rates when they meet next month. They may cut them anyway.\n\nOn Tuesday morning, the Labor Department reported that inflation is starting to run a bit warmer. Overall consumer prices rose 0.3% in July from a month earlier, while core prices, which exclude food and energy items to better capture inflation’s trend, rose 0.3% as well. That put core prices up 2.2% versus a year earlier, the largest increase since December.",
    "published": "2019-08-12"
  },
  {
    "source": "WSJ",
    "title": "Bank Stocks Are Having a Rough August",
    "summary": "So far, bank investors aren’t betting on a rebound",
    "link": "https://www.wsj.com/articles/bank-stocks-are-having-a-rough-august-11565634530?mod=Searchresults_pos13&page=32",
    "content": "A specialist works on the floor of the New York Stock Exchange. Financials were the worst-performing sector in the S&P 500 on Monday.\n\nFalling interest rates, fears of a global economic slowdown and unrest in the Asian financial hub of Hong Kong have conspired to beat up bank stocks this month.\n\nFinancials were the worst-performing sector in the S&P 500 on Monday, down 1.9%. Among the losers were Citigroup Inc., which slid 2.7%; Bank of America Corp., which fell 2.4%; and Goldman Sachs Group Inc., which was down 2.7%.\n\nBank shares held their ground until the end of July, but they started heading south on Aug. 1 after President Trump unexpectedly threatened new tariffs on China. That triggered a broad selloff and raised expectations that the Federal Reserve would keep cutting interest rates to protect U.S. economic growth.\n\nLower interest rates are bad for banks because they can’t make as much money from lending—although the effect can be mitigated if central-bank rate cuts stimulate economic growth.\n\nSo far, bank investors aren’t betting on a rebound. The KBW Nasdaq Bank Index has fallen 9.4% this month, compared with a drop of 3.3% in the S&P 500.\n\n“If a [half percentage-point] cut in September were to occur it would set up the sector for a particularly weak Q4,” analysts at UBS Group AG warned in a report on Friday. They added that bank stocks could begin to look attractive again by mid-2020, if yields stopped sliding by then.\n\nWhat’s even gloomier for U.S. banks is the prospect of negative yields. Banks typically stash a lot of their money in government bonds. But more than $15 trillion in government debt around the world has negative yields, meaning that buyers of those bonds are paying governments to store their money, rather than being paid. That is happening in Germany, Denmark and other European countries. Not coincidentally, shares in European banks have taken a beating over the past year.\n\nUntil recently it seemed unlikely that negative yields would take hold in the U.S. But after a big slide in Treasury yields last week, some investors are asking if it could happen here too.\n\nWrite to Alexander Osipovich at alexander.osipovich@dowjones.com",
    "published": "2019-08-12"
  },
  {
    "source": "WSJ",
    "title": "Just How Important Is a Presidential Candidate’s Hair?",
    "summary": "Donald Trump’s comb-over has become the President’s sartorial signature. Can any of the democratic presidential candidates compete when it comes to memorable hairdos?",
    "link": "https://www.wsj.com/articles/just-how-important-is-a-presidential-candidates-hair-11565625092?mod=Searchresults_pos3&page=8",
    "content": "AFTER LAST MONTH’S two Democratic primary presidential debates, one thing was certain: Never before in the history of political campaigns have we seen such a diverse array of…hair styles. Compared to the straightforward, crisply combed styles that Republican candidates typically sported in 2016, the coifs of the 20 Democrats on stage ran the full gamut: from Cory Booker ’s cue-ball dome to Joe Biden’s shock-white mop to Tulsi Gabbard ’s gray streak. At this early stage, with an array of candidates that rivals the number of toilet-paper rolls in a big-box value pack, hair is one of the few things that voters may actually remember. “[Hair] is part of a candidate’s appearance and presence,” one of the standard ways we size people up, said Peter Loge, an associate professor of political communication at George Washington University.\n\nThese Democratic hopefuls are, of course, vying to challenge Donald Trump, a president whose gravity-defying combover has generated more attention than perhaps any other governmental hairdo ever. That hair has become a crucial part of the Trump brand, appearing in Halloween costumes, doodles on homemade campaign posters and merchandise on Mr. Trump’s campaign website. Politicians are judged, jeered at and even sometimes revered for their hairstyles. Some ’dos, like Mr. Trump’s, are more memorable than others. As the democratic campaigns forge on, have any rivals successfully made hair a signature?\n\nSome see South Bend, Ind., mayor Pete Buttigieg’s cropped haircut as a callback to his military background, while Senator Bernie Sanders’s messy mop has become the candidate’s signature. Photo: Justin Sullivan/Getty Images\n\nSenator Bernie Sanders is the obvious choice. His trademark mess of fly-away, white strands underscores an “I’m working for the everyman” attitude. “The message behind it is he’s so busy and so passionate about what he’s doing, [hair] is not important,” said Carol Davidson, a New York-based image consultant. And the look is now part of 77-year-old Mr. Sanders’s brand. His website sells “Feel the Bern” merch featuring a silhouette of his disheveled tufts and glasses. (Mr. Sanders’s campaign did not respond to a request for comment.)\n\nSenator Cory Booker stands out as the only totally bald candidate on the trail while former Vice President Joe Biden’s full head of hair has long stoked speculation that the 76-year-old has undergone some form of hair transplant. Photo: Scott Olson/Getty Images\n\nNext in line would be Cory Booker, whose lack of hair has separated him from the pack. “Right now there’s 20 candidates on stage—people need to be remembered,” said Sharrona Pearl, an associate professor of medical ethics at Drexel University and a historian and theorist of all things face and body. “Cory Booker, we’re gonna remember him. He stands out on stage.” During a campaign stop in Iowa last month, Mr. Booker convinced three supporters to shave their heads in exchange for his offer to donate sums of $1,000 to Iowa charities of their choice. According to Newsweek, as Mr. Booker posed with the three men for a photo, the crowd chanted “the bald brotherhood.” (Mr. Booker’s campaign did not provide comment regarding his hair.)\n\nRepresentative Tulsi Gabbard has garnered social media attention for a gray streak sprinkled in with her black hair. Photo: Jim Watson/Agence France-Presse/Getty Images\n\nHawaii congresswoman Tulsi Gabbard, 38, has a strip of gray running down the left side of her black mane. A March Tweet posted to her Twitter account, attributed to her sister Vrindavan, explained that the silvery streak appeared naturally after Ms. Gabbard’s military deployment in Iraq. “She keeps it as a daily reminder of her experience and her purpose,” the Tweet read. Even as a recent Quinnipiac poll showed Ms. Gabbard’s support hovering around 1%, the splash of gray has garnered her social-media attention: One user called it “strikingly subversive”; another less kindly compared it to the hairdo of Dalmatian-thief Cruella de Vil. “She’s making a statement with her hair that reflects her personality. It seems authentic and organic,” said Lauren Rothman, a Washington, D.C.-based image consultant. (Ms. Gabbard’s campaign did not respond to a request for comment.)\n\nTo some observers, South Bend, Ind., mayor Pete Buttigieg ’s hairstyle similarly ties into his military backstory. “With his haircut you see a little bit of that military [inspiration],” said Ms. Rothman. His precise crop may also help the 37-year-old, among the youngest candidates in the race, appear more serious. (Mr. Buttigieg’s campaign did not respond to a request for comment.)\n\nIn the same way, Beto O’Rourke ’s salt-and-pepper hair might be doing its bit to package the 46-year-old former Texas congressman as a weightier candidate. “I think for men there’s gravitas associated with salt-and-pepper or even white hair,” said Professor Pearl. (Mr. O’Rourke’s campaign did not provide comment regarding his hair.)\n\nFormer Maryland congressman John Delaney has been meme-ified online for his unique balding pattern. Photo: Brendan Smialowski/Agence France-Presse/Getty Images\n\nOn the other end, former Vice President Joe Biden, 76, has a startlingly robust head of hair for a man of his age. The “impressively full” hairstyle shows that Mr. Biden “might be old, but he’s virile,” said Professor Pearl. That said, Washington, D.C., has long teemed with speculation that Mr. Biden received some sort of hair transplant around the 1980s. Photos of Mr. Biden during the Anita Hill hearings reveal a senator with hair that is far more thinned-out than the white mane he sports today. (Mr. Biden’s campaign did not respond to a request for comment.)\n\nAfter the last debate, the candidate who garnered the most attention on the follicular front was probably former Maryland congressman John Delaney . The tomato-throwers on Twitter were quick to compare Mr. Delaney to Bill, a hapless cartoon character on the TV show “King of the Hill.” (Mr. Delaney’s campaign did not respond to a request for comment.) Despite the mocking this male contender endured, Professor Pearl maintains that female candidates “in general tend to be submitted to far harsher critiques based on how they look.” Mr. Sanders’s shaggy hair has become a cornerstone of his brand. Yet if Elizabeth Warren or Kamala Harris were to blaze the campaign trail with similarly unkempt hair, would voters be as forgiving?\n\nWrite to Jacob Gallagher at Jacob.Gallagher@wsj.com\n\nShare Your Thoughts Have you ever voted for someone based on their hair style? If so, why? Join the conversation below.",
    "published": "2019-08-12"
  },
  {
    "source": "WSJ",
    "title": "Cyber Daily: Bug Hunters Professionalize for Huge Payouts; Elizabeth Warren Focuses on Capital One; CISOs Get Big Bucks",
    "summary": "Good day. Back doors, tunnels and…tax codes? As hackers make more of a living from discovering vulnerabilities in websites and corporate software, they are also discovering the joys of setting up legitimate businesses. ",
    "link": "https://www.wsj.com/articles/cyber-daily-bug-hunters-professionalize-for-huge-payouts-elizabeth-warren-focuses-on-capital-one-cisos-get-big-bucks-11565613891?mod=Searchresults_pos17&page=9",
    "content": "Good day. Back doors, tunnels and…tax codes? As hackers make more of a living from discovering vulnerabilities in websites and corporate software, they are also discovering the joys of setting up legitimate businesses. Charging tax, invoicing and contracting are but a few of the chores they now perform, WSJ Pro’s James Rundle reports.\n\nAlso today: Broadcom to buy Symantec ’s corporate security business; CISO compensation soars; and Sen. Warren requests information from Capital One’s chief executive about the bank’s breach.\n\nHackers Go Pro, Seeking Bounties for Bugs\n\nBy James Rundle\n\nLAS VEGAS—Finding fundamental flaws in software used to be a shady business. Companies often mistrusted the researchers who brought bugs to their attention, dealing with them at arm’s length, if at all.\n\nThat relationship is beginning to change due to pervasive attacks that exploit software problems, combined with a tighter regulatory focus on cybersecurity at companies that store sensitive data. Now companies are willing to shell out huge sums to researchers who find zero-day vulnerabilities, or those that are totally unknown to developers.\n\nFor their part, the researchers who look for bugs have also had to change. Now, they calculate tax in their invoices, draw up contracts and obtain import-export licenses.\n\n“Five years ago, if you wanted to sell a vulnerability, it was in a dark alley and you didn’t talk about it with anyone,” said Maor Schwartz, a cybersecurity consultant who previously brokered transactions between hacker-researchers and software firms. “These days, more companies and researchers openly say they’re dealing with zero-days and they’re willing to acquire them,” he said during a talk at the Black Hat USA conference last week in Las Vegas.\n\nHackerOne Inc., which manages bug-bounty programs, said that it has registered more than 300,000 hackers and that companies have paid out $42 million in bounties through its platform since November 2013.\n\nMicrosoft Corp. plans to expand the bounty program for its Azure cloud service, it said at Black Hat last week, and has built a secure server for researchers to probe its platform for weaknesses. Hackers can earn up to $40,000 for severe flaws. Apple Inc. plans to let top-notch hackers access its devices to stress-test defenses. The company is dangling up to $1 million for those who achieve objectives such as breaking into the iOS operating system’s core without asking a device’s owner to tap on an app or provide other help.\n\nStill, few hacker-researchers focus on the complex work of attacking professional-grade software for mega payouts. Around 75% of researchers go after quick wins relating to website vulnerabilities, which garner far smaller rewards, such as a few thousand dollars, according to HackerOne.\n\nMajor companies including Apple and Microsoft promote contests, but many others hesitate to engage. Concerns related to reputation are a factor. Adam Ruddermann, director of bug-bounty services at security firm NCC Group PLC, said that the services of security researchers should be seen as “opportunities, not risks,” speaking in a separate panel at Black Hat.\n\nAs the bug-hunting market grows, hackers have to deal with the culture shock of running a legitimate business.\n\nRealities can include drawing up formal specification documents for the vulnerabilities they discover, writing contracts to govern payments and support costs or charging value-added tax.\n\nThose researchers who wish to develop tools to exploit vulnerabilities may also fall under the provisions of treaties like the Wassenaar Arrangement. The 1996 agreement among 42 countries governs the export of so-called dual-use technologies, which can have both civilian and military applications. These include software designed to break encryption or surveil user activity on networks.\n\nThe treaty exempts vulnerability disclosures between a hacker and a company, but not nonexclusive agreements, in which a researcher can sell technology used to exploit vulnerabilities to multiple parties. These transactions could require a license from government agencies.\n\nComplicated deals like that can be handled by brokers who often have such licenses at the ready, Mr. Schwartz said. But they take a cut. When he operated a brokering company, he charged companies 17% of the bounty and governments 15%.\n\nSometimes the broker will act as a reseller, buying the vulnerability from the researcher and selling it to clients. In rare cases, they will even pay a retainer or subscription fee to prodigious hackers.\n\nQuotable\n\n“Five years ago, if you wanted to sell a vulnerability, it was in a dark alley and you didn’t talk about it with anyone.”\n\n— Maor Schwartz, a cybersecurity consultant who used to broker deals between hacker-researchers and software firms\n\nMore Cyber News\n\nSenator Warren wants details about Capital One breach. Sen. Elizabeth Warren (D., Mass.), in a five-page letter dated Aug. 8, asked Capital One Financial Corp. CEO Richard Fairbank for information about how the bank’s recent breach happened and what it is doing about it, Roll Call reports. Among many details requested, she wants to know why Capital One itself didn’t detect the breach but heard about it from an external security researcher.\n\nBroadcom makes $10.7 billion deal to buy Symantec’s corporate-focused security business. Broadcom Inc. seeks to further diversify beyond chip-making with a $10.7 billion cash offer for Symantec Corp.’s enterprise cybersecurity business. Broadcom expects about $2 billion in annual revenue from the acquisition, The Wall Street Journal reports. Symantec will keep its consumer business, mainly comprised of anti-virus software. Broadcom company last year bought software firm CA Technologies for $19 billion.\n\nData stored on Amazon cloud servers exposed. Some companies and government agencies that use the feature known as Elastic Block Storage in Amazon.com Inc.’s cloud services may have inadvertently exposed their data to the public, TechCrunch reports. Affected firms include some in health care and technology, researchers at security firm Bishop Fox said in a presentation at the Defcon hacker conference in Las Vegas last week. Amazon told TechCrunch it has notified customers with public settings and advised them to take their databases offline if the setting was unintentional.\n\nCISO salaries rise. Large companies are spending more to hire chief information security officers, the Los Angeles Times reports. Big West Coast technology companies pay up to $6.5 million to cybersecurity leaders, according to Matt Comyns, managing partner at Caldwell Partners International Inc. One cybersecurity executive who considered leaving his job was recently offered a 50% salary increase and bonus, according to Mr. Comyns.",
    "published": "2019-08-12"
  },
  {
    "source": "WSJ",
    "title": "Hackers Go Pro, Seeking Bounties for Bugs",
    "summary": "Market for pointing out flaws in software becomes more structured; researchers need skills in computers as well as contracts",
    "link": "https://www.wsj.com/articles/hackers-go-pro-seeking-bounties-for-bugs-11565602203?mod=Searchresults_pos7&page=10",
    "content": "Cybersecurity consultant Maor Schwartz, speaking Aug. 7 at the Black Hat USA conference in Las Vegas, said selling details of software vulnerabilities to technology providers has become a legitimate business for hackers.\n\nLAS VEGAS—Finding fundamental flaws in software used to be a shady business. Companies often mistrusted the researchers who brought bugs to their attention, dealing with them at arm’s length, if at all.\n\nThat relationship is beginning to change due to pervasive attacks that exploit software problems, combined with a tighter regulatory focus on cybersecurity at companies that store sensitive data. Now companies are willing to shell out huge sums to researchers who find zero-day vulnerabilities, or those that are totally unknown to developers.\n\nFor their part, the researchers who look for bugs have also had to change. Now, they calculate tax in their invoices, draw up contracts and obtain import-export licenses.\n\n“Five years ago, if you wanted to sell a vulnerability, it was in a dark alley and you didn’t talk about it with anyone,” said Maor Schwartz , a cybersecurity consultant who previously brokered transactions between hacker-researchers and software firms. “These days, more companies and researchers openly say they’re dealing with zero-days and they’re willing to acquire them,” he said during a talk at the Black Hat USA conference last week in Las Vegas.\n\nHackerOne Inc., which manages bug-bounty programs, said that it has registered more than 300,000 hackers and that companies have paid out $42 million in bounties through its platform since November 2013.\n\nMicrosoft Corp. plans to expand the bounty program for its Azure cloud service and has built a secure server for researchers to probe its platform for weaknesses. Hackers can earn up to $40,000 for severe flaws. Apple Inc. plans to let top-notch hackers access its devices to stress-test defenses. The company is dangling up to $1 million for those who achieve objectives such as breaking into the iOS operating system’s core without asking a device’s owner to tap on an app or provide other help.\n\nStill, few hacker-researchers focus on the complex work of attacking professional-grade software for mega payouts. Around 75% of researchers go after quick wins relating to website vulnerabilities, which garner far smaller rewards, such as a few thousand dollars, according to HackerOne.\n\nMajor companies including Apple and Microsoft promote contests, but many others hesitate to engage. Concerns related to reputation are a factor. Adam Ruddermann , director of bug-bounty services at security firm NCC Group PLC, said that the services of security researchers should be seen as “opportunities, not risks,” speaking in a separate panel at Black Hat.\n\nAs the bug-hunting market grows, hackers have to deal with the culture shock of running a legitimate business.\n\nRealities can include drawing up formal specification documents for the vulnerabilities they discover, writing contracts to govern payments and support costs or charging value-added tax.\n\nThose researchers who wish to develop tools to exploit vulnerabilities may also fall under the provisions of treaties like the Wassenaar Arrangement. The 1996 agreement among 42 countries governs the export of so-called dual-use technologies, which can have both civilian and military applications. These include software designed to break encryption or surveil user activity on networks.\n\nThe treaty exempts vulnerability disclosures between a hacker and a company, but not nonexclusive agreements, in which a researcher can sell technology used to exploit vulnerabilities to multiple parties. These transactions could require a license from government agencies.\n\nComplicated deals like that can be handled by brokers who often have such licenses at the ready, Mr. Schwartz said. But they take a cut. When he operated a brokering company, he charged companies 17% of the bounty and governments 15%.\n\nSometimes the broker will act as a reseller, buying the vulnerability from the researcher and selling it to clients. In rare cases, they will even pay a retainer or subscription fee to prodigious hackers.\n\nWrite to James Rundle at james.rundle@wsj.com",
    "published": "2019-08-12"
  },
  {
    "source": "WSJ",
    "title": "Chinese Financial Institutions’ Lending Dives",
    "summary": "July slump reflects trade tensions with U.S. and is expected to spur more stimulus efforts",
    "link": "https://www.wsj.com/articles/chinese-financial-institutions-lending-dives-11565613599?mod=Searchresults_pos19&page=58",
    "content": "BEIJING—Lending by Chinese financial institutions slumped in July on weakening demand, signaling further economic headwinds from trade tensions with the U.S. and potentially paving the way for more stimulus efforts by Beijing’s policy makers.\n\nChinese banks issued 1.06 trillion yuan ($150.2 billion) of new yuan loans in July, down from 1.66 trillion yuan in June, the People’s Bank of China said on Monday—lower than the median forecast of 1.25 trillion yuan by economists polled by The Wall Street Journal.\n\nA protracted trade war with the U.S. has dented market confidence as companies scale back investment plans amid increasing uncertainties, reducing their borrowing needs.\n\n“The lower-than-expected credit growth reflects weak demand in the real economy,” said Liu Xuezhi , an economist with Bank of Communications.\n\nTotal social financing, a measure of credit in the economy, stood at 1.01 trillion yuan in July, as some nonbank financial institutions withdrew credit they issued earlier. In June, total social financing was at 2.26 trillion yuan.\n\nAccording to official data, the sharp month-over-month pullback was largely the result of steep declines in entrusted loans, trust loans and undiscounted bankers’ acceptances—unconventional loans known as “shadow bank lending.” The contraction may reflect a recent regulatory crackdown on shadow financing to property developers, economists say.\n\nNew loans typically ebb after June, when lenders move to window-dress their interim earnings at the end of a quarter. Home sales have weakened this year and the government last month announced tighter regulations for the property sector, potentially reducing demand for credit.\n\nChina’s broadest measure of money supply, M2, rose 8.1% at the end of July from a year earlier, compared with an 8.5% increase at the end of June. The figure was lower than the 8.4% growth estimated by economists.\n\nChina’s central bank has so far refrained from the massive loosening of credit it relied on during the global financial crisis, which jump-started the economy but left it saddled with debt.\n\nBut some economists say that more stimulus may be needed now, particularly as China’s trade war with the U.S. threatens to further escalate.\n\n“The latest slowdown in lending highlights the need for further monetary easing if policy makers are to succeed in putting a floor beneath growth,” said Julian Evans-Pritchard, an economist with Capital Economics.\n\nBeijing’s strategy of stimulating growth by cutting 2 trillion yuan in taxes and fees has shown little sign of success so far, with economic growth decelerating to 6.2% in the second quarter, the slowest pace for the country in more than two decades.\n\nWith more Chinese goods set to be hit with higher tariffs, UBS on Monday lowered its forecast for economic growth this year to 6.1%, from a previous estimate of 6.2%. The investment bank also expects the PBOC to increase liquidity offerings to Chinese banks in a bid to boost lending around the time of the next Federal Reserve meeting, at which rates are expected to be cut.\n\nGrace Zhu",
    "published": "2019-08-12"
  },
  {
    "source": "WSJ",
    "title": "Trump’s Threats to Devalue the Dollar Aren’t Credible",
    "summary": "U.S. policy makers don’t currently have the tools necessary to weaken the greenback",
    "link": "https://www.wsj.com/articles/trumps-threats-to-devalue-the-dollar-arent-credible-11565605800?mod=Searchresults_pos2&page=60",
    "content": "The U.S. dollar is unlikely to come out on top in a currency battle.\n\nWhat’s the Trump administration’s best course of action if devaluing the dollar is off the table? Join the conversation below.\n\nLast week, the Chinese yuan breached the closely watched threshold of seven to the dollar for the first time in a decade. China’s central bank controls the value of its currency, so many investors see this as a sign that officials will seek to offset tariffs imposed by the U.S. on their goods by cheapening the exchange rate.\n\nAlarms are ringing among foreign-exchange traders. If other countries, notably the U.S., weaken their currencies in response, this would trigger a self-defeating race to the bottom. The WSJ Dollar Index has gained 1.2% this year, and President Trump is threatening to take action to push it back down.\n\nBut the U.S. would have a hard time carrying out such threats.\n\nMany analysts think the greenback will go lower simply because the Federal Reserve is cutting borrowing costs for the first time since 2008 in response to a weakening global economy. Lower interest rates tend to push money abroad, particularly since the European Central Bank can’t respond by taking its policy rate—already at an unprecedented minus-0.4%—much lower.\n\nThe Fed’s cuts, however, already are priced into the market. Yields on 10-year Treasurys are roughly 1.7%, compared with almost 3% a year ago. Rates could go lower than expected if economic worries intensify, but this is a Catch-22: Any economic turmoil also would increase demand for haven assets, including the dollar.\n\nOutright sales of dollars by the government also would be unlikely to succeed, at least over the medium term.\n\nThe U.S. Treasury’s Exchange Stabilization Fund has just $23 billion worth of U.S. dollars to sell, plus another $51 billion held in International Monetary Fund reserve assets. This is a drop in the ocean compared with the $5 trillion foreign-exchange market.\n\nEven when central banks create money out of thin air and sell it, their impact is usually smaller than expected.\n\nThis is because highly liquid financial assets such as currencies trade more on expectations of future value than supply and demand, or even interest rates. Many investors expected the greenback to fall this year because of the Fed. In fact, the dollar appreciated due to the resilience of the U.S. economy compared with the rest of the world.\n\nAnother example is the Bank of Japan’s intervention to weaken the yen between 2010 and 2011: Only one out of four rounds of sales managed to push the currency down, and even then the impact dissipated in about 30 trading days.\n\nThe People’s Bank of China and other central banks that enforce currency pegs are effective because they guide and set boundaries for investors by announcing a daily value for the currency and intervening to keep it trading in a band around that level.\n\nThe BOJ also discovered this in 2016. After years of buying government bonds without any specific target, it started explicitly saying that it would keep 10-year yields pegged around 0%. It has since managed to keep bonds in that range without spending anything like as much on bond purchases.\n\nExplicitly targeting currencies, however, would require improbably radical changes to the mandates of central banks in Western nations. A coordinated large-scale intervention like the 1985 Plaza Accord—in which five of the world’s leading industrialized economies agreed to help weaken the greenback—also seems far off for now.\n\nPresident Trump may like the idea of retaliating against China’s yuan devaluation with a dollar countermove, but he faces a much less pliant currency market.\n\nWrite to Jon Sindreu at jon.sindreu@wsj.com",
    "published": "2019-08-12"
  },
  {
    "source": "WSJ",
    "title": "U.S. Budget Gap Widens 27% in First 10 Months of Fiscal Year",
    "summary": "The government collected $2.9 trillion in receipts, a 3% increase, while spending climbed 8% so far this fiscal year",
    "link": "https://www.wsj.com/articles/u-s-budget-gap-widens-27-in-first-10-months-of-fiscal-year-11565633008?mod=Searchresults_pos10&page=60",
    "content": "Rising enrollment in Medicare and higher interest rates have led to higher government costs on benefits and interest payments, pushing the federal deficit even higher.\n\nWASHINGTON—The U.S. budget gap widened further in July as federal spending outpaced revenue collection, bringing the deficit to $867 billion so far this fiscal year, a 27% increase from the same period a year earlier.\n\nThe Treasury Department said Monday federal receipts rose 3% from October through July, totaling $2.9 trillion, while outlays climbed 8%, to $3.7 trillion. A senior Treasury official said federal revenue collection has picked up significantly since April compared with a year earlier, when lower tax rates implemented under the 2017 tax overhaul weighed on receipts.\n\nAt the same time, rising enrollment in Medicare and higher interest rates have led to higher government costs on benefits and interest payments, pushing the deficit even higher despite robust economic growth that usually shrinks budget shortfalls.\n\nPart of the increase in the deficit so far this fiscal year, which began Oct. 1, can be attributed to calendar quirks, which made the gap appear slightly larger. If not for a shift in the timing of certain payments, the deficit would have been 20% higher during the first 10 months of the fiscal year, the Treasury said.\n\nHigher deficits have forced the government to ramp up borrowing since early 2018, due in part to slumping revenue following the tax cut and a 2018 budget deal that lifted domestic and military spending for two years.\n\nOver the 12 months that ended in July, the deficit totaled $961.8 billion, or 4.5% as a share of gross domestic product. Revenues over the previous 12 months rose 2.4%, while federal spending was up 6.3%.\n\nMuch of the increase in revenue collection so far this fiscal year has occurred in the past few months, the senior Treasury official said, thanks in part to a sturdy economy that has boosted tax receipts. Net individual taxes are up 7% since April, or $42 billion, and net corporate taxes have grown 30% since then, the official said.\n\nRevenue from tariffs, or customs duties, also increased 75% through July, a significant boost from the same period a year earlier but just 2% of total receipts collected during that time.\n\nThe Treasury said last month it expects to borrow more than $1 trillion this calendar year for the second year in a row, as the annual budget gap is on track to exceed $1 trillion for fiscal year 2019, which ends Sept. 30.\n\nA recently enacted budget deal, which President Trump signed earlier this month, will maintain the current government spending trajectory and add further to federal deficits over the next two years.\n\nMore broadly, deficits are projected to continue rising over the coming decades as a wave of retiring baby boomers pushes up government outlays on Social Security and Medicare.\n\nWrite to Kate Davidson at kate.davidson@wsj.com",
    "published": "2019-08-12"
  }
]