[
  {
    "source": "WSJ",
    "title": "Williams: Fed Open to New Ideas; Low-Inflation Trap Haunts Fed; Tariffs Seen Prompting Rate Cuts",
    "summary": "Good day. New York Fed President John Williams said the U.S. central bank has shown it is open to new economic ideas and not \"overly beholden to defunct economists.” Concern about persistent low inflation has been animating a Fed policy makers’ review that culminates at a conference starting this week. U.S. inflation picked up in April, while consumer spending remained solid. And some economists and analysts see President Trump’s threat of new tariffs on Mexican imports leading to Fed rate cuts.",
    "link": "https://www.wsj.com/articles/williams-fed-open-to-new-ideas-low-inflation-trap-haunts-fed-tariffs-seen-prompting-rate-cuts-11559565290?mod=Searchresults_pos3&page=12",
    "content": "Good day. New York Fed President John Williams said the U.S. central bank has shown it is open to new economic ideas and not \"overly beholden to defunct economists.” Concern about persistent low inflation has been animating a Fed policy makers’ review that culminates at a conference starting this week. U.S. inflation picked up in April, while consumer spending remained solid. And some economists and analysts see President Trump’s threat of new tariffs on Mexican imports leading to Fed rate cuts.\n\nNow on to today’s news and analysis.",
    "published": "2019-06-02"
  },
  {
    "source": "WSJ",
    "title": "India’s Modi Feels More U.S. Pressure to Open Nation’s Markets",
    "summary": "Trump’s removal of New Delhi from privileged-trading program will force prime minister to balance nationalist policies with desire for closer ties with Washington",
    "link": "https://www.wsj.com/articles/indias-modi-feels-more-u-s-pressure-to-open-nations-markets-11559497142?mod=Searchresults_pos4&page=17",
    "content": "President Trump, right, has stepped up pressure on India's Prime Minister Narendra Modi, seen with him in November 2017, to further open the country’s markets.\n\nNEW DELHI—President Trump’s move to pressure India to do more to open its markets will force Prime Minister Narendra Modi to walk a careful line as he balances a fresh mandate for his nationalist policies against New Delhi’s efforts to build closer ties with the U.S.\n\nMr. Trump on Friday said India would be removed from the U.S.’s privileged-trading program called the Generalized System of Preferences on Wednesday. Under the decadeslong program meant for some developing economies, the U.S. had allowed India to avoid tariffs on certain exports to the U.S. in the interest of promoting tighter trade ties and development.\n\nIn early March, Mr. Trump notified Congress and India of his intent to remove the special trade designation to pressure New Delhi to do more to open the country’s markets, particularly to U.S. medical devices and dairy products.\n\n“I have determined that India has not assured the United States that India will provide equitable and reasonable access to its markets,” Mr. Trump said on Friday.\n\nMr. Trump has mentioned high tariffs on Harley-Davidson motorcycles as something that particularly irks him. American technology companies are concerned about India’s recent moves to restrict the movement of foreign e-commerce companies as well as requiring international companies to store data in India and make it available to authorities.\n\nIndia, the U.S.’s ninth-largest trading partner, is a top beneficiary of the GSP program. Mr. Trump’s move will add tariffs of as much as 7% on Indian exports of goods like chemicals, auto parts and tableware to the U.S., which in 2018 accounted for more than 11%, or $6.3 billion, of India’s total exports of goods valued at $54.4 billion, according to the Congressional Research Service, a research agency for the U.S. Congress.\n\nIndia’s official response has been muted. The Ministry of Commerce and Industry, whose new minister was sworn in last week, suggested India would continue trade negotiations with the U.S. but continue to pursue its own interests and ask for special treatment as an emerging market.\n\n“We have significant development imperatives and concerns and our people also aspire for better standards of living. This will remain the guiding factor in the government’s approach,” it said on Saturday. “We view this issue as a part of this regular process and will continue to build on our strong ties with the U.S.”\n\nNew Delhi is in a tough position. Mr. Modi and his party were re-elected with a strong mandate to move forward on their nationalist platform. They are looking to raise the country’s global profile through closer U.S. ties and don’t want to be bunched together with China as trade tensions rise, but can’t allow it to appear as if India is getting bullied.\n\nThe end of the special status is a signal that India try to do more to avoid triggering further moves by Washington.\n\nIndia has been working to narrow its trade surplus with the U.S., but needs to do more to present itself as an alternative to China, said Kashish Parpiani , a research fellow at the Observer Research Foundation, a New Delhi think tank.\n\n“India may take a tempered approach,” he said. “However, the end of its GSP status may force India to rethink its approach to trade negotiations with the U.S.”\n\nBilateral tensions have risen in recent years over tariff policies. Mr. Trump has referred to India as a “very high-tariff nation.” India has said its tariffs are reasonable.\n\nIndia, in response to steel and aluminum tariffs the U.S. imposed that didn’t provide India an exception, has threatened retaliatory tariffs, but has yet to implement them as it hoped to continue negotiations.\n\nThere was a total of $87.5 billion of goods trading between the U.S. and India during 2018, according to the U.S. Trade Representative’s office. The U.S. goods trade deficit with India stood at $21.3 billion that year, a drastic increase from $8 billion in 2008 but a gradual decrease from $24.4 billion and $22.9 billion in 2016 and 2017, respectively.\n\nThe reduction of the deficit are steps in the right direction but the decision on the GSP status shows that Washington planned to keep up the pressure, said Sachin Chaturvedi , director-general of Research and Information System for Developing Countries, a New Delhi-based think tank.\n\n“Since U.S. is on conflicting course in trade and market access with China and trans-Atlantic partners, it is probably attempting to draw a new norm for deficit-free trade,” he said.\n\nWrite to Krishna Pokharel at krishna.pokharel@wsj.com",
    "published": "2019-06-02"
  },
  {
    "source": "WSJ",
    "title": "A Panda Could End the Trade War",
    "summary": "The U.S. should set zero tariffs on Chinese goods and have zero tolerance for abuse.",
    "link": "https://www.wsj.com/articles/a-panda-could-end-the-trade-war-11559507419?mod=Searchresults_pos10&page=10",
    "content": "China gave the U.S. two giant pandas in honor of Richard Nixon ’s 1972 visit—Ling-Ling and Hsing-Hsing. (We gifted two musk oxen. Fair trade?) China must have been trying to tell us something. “Ling” in Mandarin translates to zero, which happens to be the right percentage for tariffs. Zero, zip, nada, goose egg.\n\nLast July, President Trump and European Commission President Jean-Claude Juncker agreed to “work together toward zero tariffs, zero non-tariff barriers, and zero subsidies on non-auto industrial goods.” It’s not a done deal, and autos are—wink wink—national-security threats, but there’s that big fat zero.\n\nTragically, the U.S.-China trade war is out of hand and both economies are slowing. I’ve lost track of 10% and 25% tariffs on $200 billion in goods, or is it $325 billion? One more round of sanctions and already-expensive iPhones will pop another $200. No one wants that. It’s time to go back to basics.\n\nI get it. We run trade deficits with China. They make all our shoes and toys and lots of apparel and Hibachi grills. So what? You don’t like cheap sneakers? But in the next breath, we hear about intellectual-property theft and subsidies of state-owned companies and that China will soon spend double the U.S. on innovation. We hear the screams from the Mnuchin-Navarro-Lighthizer mercantilist wing of the Trump administration that “something must be done!”\n\nSo we get threats and tariffs and whispers that it’s all just a negotiating tactic to stop China’s trade abuses—the art of the trade deal. Some art—now China telecom giant Huawei’s products are banned in the U.S., causing giant disruptions for U.S. software companies and chip makers. U.S. companies are discouraged from hiring Chinese engineers. Soybean exports are curtailed. Critical rare-earth metals from China might get cut off.\n\nWhy the impasse? Currently, Vice Premier Liu He is part of China’s trade negotiation delegation, but maybe Treasury Secretary Steven Mnuchin is talking to the wrong people. I recently spoke with a Wall Street executive who was tasked years ago with collecting large debts from Chinese state-owned firms. It turns out that many People’s Liberation Army generals had commingled their own funds with state-owned firms doing derivative trades. The executive scrambled around Beijing until he finally got a meeting with the vice premier and diplomatically suggested he would have to sue these firms very publicly, but maybe that could be avoided. The vice premier replied, “I am not in a position to fix your problem,” meaning even he couldn’t cross the PLA generals.\n\nI have no idea what powerful insiders are involved in China, but they still have corruption problems. China might never agree to U.S. demands. Remember that Japan’s lost decades came about because banks couldn’t call in bad loans for Yakuza-connected real-estate projects. We would be doing China a favor by fixing this problem.\n\nSo how do both sides save face and end this reckless tariff escalation? Simple. Drop all punitive tariffs and agree to Ling-Ling: zero tariffs, zero tolerance.\n\nMeaning: Zero tariffs on everything, but if you’re caught stealing intellectual property, you can no longer sell into the U.S. at all. Rather than a political decision from faceless bureaucrats, give the World Trade Organization some teeth and a 30-day arbitration schedule on complaints. Don’t trust the WTO? (I sure don’t!) Have the Commerce Department and the Federal Trade Commission set up a similar violation court.\n\nHuawei is a $107 billion company and has already offered to sign “no-spy agreements” with the U.K. and others. Let’s sign one with them. But with zero tolerance. If they are caught spying, no more U.S. sales. Then they must prove they’ve fixed the problem and put up, say, a $50 billion surety bond to do business with the U.S. We’ll be amazed how quickly compliance comes around. Same for intellectual-property thieves. Zero tolerance. You’re cut off from U.S. sales until you fix the problem and then put up hard cash backing your word.\n\nIs China out-innovating the U.S.? Not yet, but bring it on. Huawei still uses Google Android software for their phones, though features are now cut off from Huawei. Their own operating system isn’t ready yet. Baidu, with research offices in Silicon Valley and Seattle, rivals Google and others in artificial intelligence. Great. Competition drives progress. An innovation war beats a trade war any day. Our startups will beat their state funding every time.\n\nLing-Ling. Zero tariffs, zero tolerance. Somewhere David Ricardo smiles. In addition to a stock-market relief rally, it would set up a huge global job and economic boom. And it would keep our trade partners honest. Apple doesn’t violate others’ patents because it knows a judge could shut down its $265 billion business overnight. Let’s make China think the same way.",
    "published": "2019-06-02"
  },
  {
    "source": "WSJ",
    "title": "Trump’s Mexico Tariff Threat Trips Up Manufacturers Shifting Out of China",
    "summary": "Companies moved operations to Mexico both to avoid Chinese tariffs and enjoy market access under the renegotiated Nafta; a trade fight over immigration would hit consumers",
    "link": "https://www.wsj.com/articles/trumps-mexico-tariff-threat-trips-up-manufacturers-shifting-out-of-china-11559478751?mod=Searchresults_pos8&page=4",
    "content": "TIJUANA, Mexico—The trade fight between the U.S. and China has pushed firms to shift manufacturing to Mexico to avoid tariffs and keep prices steady. Now the prospect of new U.S. tariffs over immigration threatens to disrupt that shift and drive up costs for American consumers.\n\nMany products made in China, from cosmetics to digital cameras, have been slowly gravitating to Mexico following a series of tariffs imposed on Chinese exports. If the U.S. begins hitting Mexico with steep tariffs—as President Trump last week threatened to do unless the country stems cross-border migrant flows—companies will start running out of options for affordable products.\n\nCosmetic Colors, a thriving Mexican producer of eyeliners and other cosmetic products, recently got a €7 million ($7.8 million) order from a European cosmetic giant for items that were previously made in China and faced a 25% tariff. The company’s high-end plant in the city of Toluca exports 85% of its products to the U.S. for the world’s top cosmetic brands.\n\nA worker checks a lipstick product at Cosmetic Colors’ Toluca plant in May. Photo: GINNETTE RIQUELME for The Wall Street Journal\n\n“If we are told to pay a 5% tariff, I could absorb the cost,” said company chairman Tomás Espinosa . But if tariffs reach 25%, he said, the costs would be spread along the supply chain, including manufacturers, retailers and consumers, and lead to a spike in prices paid by U.S. consumers.\n\n“Outside of Mexico or China, there’s no third country,” Mr. Espinosa said. “A similar product made in Europe could cost 40% more.”\n\nUntil now, Mexico has been seen as a winner in the trade dispute between the U.S. and China.\n\nCompanies like China’s Hisense, one of the world’s largest television manufacturers, is bringing more suppliers to Mexico as it aims to switch production of all U.S.-bound flat screen TVs to its largest plant outside of China—a high-end facility overlooking the Pacific Ocean near the U.S.-Mexico border.\n\nGoPro wants all of its U.S.-bound cameras to be in production in Guadalajara, Mexico, in the second half of the year as it seeks to insulate the firm against possible tariffs.\n\nFor the Trump administration, the shift is positive because Mexico’s exports on average contain about 35% or more U.S. parts, whereas Chinese exports contain far less, at about 4%.\n\nCargo trucks heading to the U.S. line up near the commercial port of entry in Otay, in Tijuana, on Thursday. Photo: guillermo arias/Agence France-Presse/Getty Images\n\nNow, a cloud of uncertainty is returning to Mexico, which sought to maintain its strong links with the U.S. by agreeing to renegotiate the North American Free Trade Agreement after Mr. Trump took office.\n\nFor the first time since China joined the World Trade Organization in 2001, Mexico edged out both China and Canada as the top trading partner of the U.S. on a quarterly basis, counting both imports and exports.\n\nU.S. imports of Mexican goods rose 5.4% in the quarter from the year-earlier period, while imports of Chinese goods were down nearly 15%, according to U.S. Census Bureau data.\n\nPart of the reason for the shift are tariffs. In September, the U.S. slapped 10% import tariffs on $200 billion worth of Chinese goods and in May raised the tariffs to 25% for products such as circuit boards and microprocessors, as the latest round of bilateral trade talks hit an impasse. Mr. Trump also has threatened to impose 25% tariffs on $325 billion in Chinese goods that aren’t currently taxed, virtually covering all Chinese exports to the U.S.\n\nSecurity-sensor producer Universal Electronics Inc., much like the action- camera maker GoPro, said it is moving some production operations from China to Mexico to avoid the tariffs.\n\nBut there is another, less obvious reason for the shift to Mexico: The Trump administration is more closely monitoring the percentage of Chinese parts in Mexican exports, as part of its effort to stop what it says is a flow of goods that are largely Chinese but carry a “made in Mexico” designation, according to company executives and trade lawyers. Goods branded as Mexican-made gain tariff-free access under the Nafta; those that don’t qualify face a 25% tariff.\n\nThe U.S. Customs and Border Protection, they say, has stepped up its use of a little-known rule—called substantial transformation analysis—to determine how much value-added work was added to goods from exporting countries.\n\nThe agency “is definitely more carefully scrutinizing any merchandise that is coming to the U.S., that they saw coming from China and now see it coming from another country,” said Lenny Feldman, an international trade attorney with the U.S.-based Sandler, Travis & Rosenberg law firm.\n\nTightly Knit The three North American economies have become more integrated in recent decades, a process that has accelerated during the U.S. trade fight with China. Economic-integration index* Financial Crisis 2000 China enters WTO 1750 NAFTA 1500 Trump Presidency 1250 1000 750 500 250 0 ’10 1990 2000\n\nA spokesman for the agency said that one of its roles is determining the proper duties for products from China and that it views the substantial transformation analysis as crucial.\n\nTo meet the agency’s tighter scrutiny, some companies have been bringing along growing numbers of suppliers to Mexico with them. The shift is likely to deepen supply chains in North America and could help Mexico move beyond simple assembly of products to more sophisticated processes, much as the country has become a leader in car manufacturing.\n\n“What I’ve been seeing is more training going on in Mexico. Training schools for elaborate sets of manufacturing and for complex types of manufacturing operations. Not simple screwdriver operations,” said Thomas Keating, an attorney at Rock Trade Law, a U.S. customs- and international-trade law firm. “This is good for Mexico. Instead of getting simple assembly jobs, now more technical production jobs will be moving to the country.”\n\nBut Mr. Trump’s latest tariff threat to Mexico is likely to push up prices of consumer electronics in the U.S. “There are no alternatives for U.S. consumers, it will affect 82% of TVs sold in the U.S. market because they come from Mexico or China,” said Román Caso , head of the country’s electronics-industry group Canieti in the northwest region, one of Mexico’s manufacturing centers.\n\nEconomists say higher tariffs for Mexico and China also won’t force companies to relocate to the U.S. as desired by Mr. Trump but instead push them to go farther afield in search of other low-cost nations.\n\n“Companies will just go elsewhere, Vietnam or wherever,” said Luis de la Calle , a former top Mexican trade official. “But if they go to Vietnam, sourcing from the U.S. goes to zero, because Vietnam has one supplier, which is China. So the U.S. loses.”\n\nWorkers assemble flat-screen television sets at a manufacturing factory owned by China’s Hisense. Photo: Sandy Huffaker for The Wall Street Journal\n\nThe consumer-electronics industry in Rosarito and neighboring Tijuana, just across the border from San Diego is home to one of the world’s largest TV assembly hubs for U.S. consumers, who buy some 45 million flat screens every year.\n\nUntil now, nearly all of the value of consumer-electronics goods assembled in Mexico originated in Asia, and for TV screens the value-added in Mexican assembly plants represents just 2% to 3%. Components such as glass panels and circuit boards are made in China and other Asian countries.\n\nThat is starting to change, however. Hisense invested some $30 million in 2018 to bring suppliers of packaging material and optical sheets for its flat screen TVs. It set up its own metal-stamping and plastic-injection operations at the factory, which operates with state-of-the-art robotic equipment to make circuit boards with chips that work as the brain of smart TVs.\n\nThis year the company plans to invest $5 million or $10 million to boost output of TV screens in Rosarito to 5 million in 2020 from 2.7 million last year, while expanding its workforce to 2,500 from 1,200.\n\nThat means moving production of more than two million TVs currently made in China for the U.S. market, and being prepared for substantial transformation tests, executives say. The next stage for the firm will be to manufacture home appliances such as refrigerators and air conditioners for tariff-free export to the U.S.\n\n“Trade tensions have some influence on investment decisions,” said Thomas Yu , head of Hisense’s Mexico unit. “The idea is to make Hisense a global company, and make Mexico a manufacturing hub due to its strategic location.”\n\nInti Pacheco and Anthony Harrup contributed to this article.\n\nWrite to Santiago Pérez at santiago.perez@wsj.com",
    "published": "2019-06-02"
  },
  {
    "source": "WSJ",
    "title": "Defending the Periphery of the West Without Going to War",
    "summary": "A strategy of economic sanctions could deter aggression and reduce the need for military options.",
    "link": "https://www.wsj.com/articles/defending-the-periphery-of-the-west-without-going-to-war-11559507259?mod=Searchresults_pos11&page=66",
    "content": "Are the Senkaku islands worth a war? In 2014 a reporter put the question to Lt. Gen. John Wissler , the top U.S. Marine officer in the Pacific: What would the U.S. and Japan do if China seized one or more of the Senkakus?\n\nGen. Wissler replied that military was prepared to retake the islands if so directed. He continued: “You wouldn’t maybe even necessarily have to put somebody on that island until you had eliminated the threat, so to speak”—perhaps alluding to the possibility of air or missile attack against any occupying Chinese troops.\n\nThat was the right answer, given the requirements of robust deterrence policy. Beijing should worry that a lethal response might ensue if it took a Senkaku island.\n\nYet at another level the policy he discussed seems surreal. The Senkakus are uninhabited and too small to qualify for economic zones under the Law of the Sea Treaty. Both Japan and China claim them—Beijing calls them the Diaoyu islands—and the U.S. has no official policy on whose they should be. But since they are “administered” by Japan—whatever that means, since no one lives there and nothing happens ashore—Washington has long maintained that the U.S.-Japan Mutual Security Treaty obligates America to back up Japan’s territorial claims.\n\nThe question isn’t idle. There have already been serious disputes in the waters around the Senkakus, such as a boat collision in 2010 that led Japan to arrest the offending Chinese skipper—which in turn prompted Beijing to suspend shipments of rare-earth metals to Japanese electronics manufacturers. Yet threatening a bombing run against exposed Chinese infantry may not even be fully credible as a deterrent, given the escalatory dangers that would result once nuclear-armed nations start shooting at each other.\n\nThere could be similar scenarios involving Russia in Europe. Perhaps Vladimir Putin would have covert operatives foment a faux threat to Russian-speakers in a small town in eastern Estonia or Latvia (each country’s population is about 25% ethnic Russian). Exercising the right he claimed in 2014 to defend Russian speakers anywhere, Mr. Putin might then dust off his “little green men” who seized Crimea that year and conduct a lightning grab of the town, perhaps without firing a shot.\n\nHis true goal would not be to protect Russians, or to seize territory, but to provoke an existential crisis for the North Atlantic Treaty Organization. Some of the alliance’s 29 members would likely waver in their willingness to respond militarily. NATO’s Article V mutual-defense pledge could then appear to be a paper tiger. In Mr. Putin’s wildest dreams, perhaps NATO would go into a funk of self-doubt and dissolve itself.\n\nTo avoid such conundrums and dangers, the U.S. and allies need resolute response options for such scenarios that do not unnecessarily risk great-power war. For these contingencies, it is generally not crucial to reverse an aggression, only prevent its snowballing. The smart strategy would therefore center on punitive economic warfare. Military responses would be important but would generally function in a support role, to create a defensive line against any further enemy advance and perhaps to support the enforcement of economic sanctions.\n\nAfter recent experiences with sanctions against Iran, Iraq, Russia, North Korea and al Qaeda, we know much more about these economic tools of foreign policy than ever before. A strategy for economic warfare can combine some or all of the following:\n\n• Broad tariffs against the aggressor nation, or outright embargoes and boycotts.\n\n• Asset seizures for individuals and companies most directly involved in the attack.\n\n• Sanctions against high-tech sectors of the Chinese or Russian economy.\n\n• Broad-ranging financial sanctions including denial of access to the U.S. banking system and to the Swift bank-telecommunications service.\n\n• Secondary sanctions against countries that don’t support the sanctions imposed by the U.S. and its allies.\n\nOther, more modest policy measures could be implemented in advance, so that the West can carry out such economic measures when the time comes. NATO infrastructure funds can be used to build additional liquefied natural gas terminals in Western Europe, as a hedge against future cutoffs of oil and gas from Russia. Restoring the U.S. National Defense Stockpile of strategic minerals and metals to Cold War-like levels of $15 billion or more—it’s now down to $1 billion in value—is another good idea. U.S. allies would be wise to create similar stocks.\n\nCongress can play a major role here by broadening the mandate of the Committee on Foreign Investment in the U.S. to include assessments of such matters as supply-chain vulnerabilities. It could even have the prerogative to set a quantitative ceiling on the percentage of a given type of commodity or manufactured product that came from either China or Russia, using subsidies to encourage alternative sources of supply in some cases.\n\nToday’s U.S. national-security and defense strategies are right to focus on great-power war. But the most plausible conflict scenarios against Russia or China require more than military action to handle correctly. The first step is for Washington and its allies to telegraph Beijing and Moscow that they have credible options, including nonlethal ones, in the event of a crisis.\n\nMr. O’Hanlon is a senior fellow at the Brookings Institution and author of “The Senkaku Paradox: Risking Great Power War Over Small Stakes.”",
    "published": "2019-06-02"
  },
  {
    "source": "WSJ",
    "title": "In Silver’s Slide, Another Sign of Global-Growth Worries",
    "summary": "Silver has fallen nearly 6% this year; gold-to-silver ratio has climbed to its highest point since March 1993",
    "link": "https://www.wsj.com/articles/in-silvers-slide-another-sign-of-global-growth-worries-11559499172?mod=Searchresults_pos11&page=43",
    "content": "Gold prices have risen around 2% for the year as silver stumbles.\n\nThe price of silver has fallen to its lowest level relative to gold in more than 26 years, a sign of slowing global growth to analysts who use the relationship between the two metals to gauge momentum in the global economy.\n\nAs silver prices closed out a fourth consecutive monthly drop last week, the gold-to-silver ratio climbed to its highest point since March 1993, according to Dow Jones Market Data. A hybrid that functions as both a precious metal and an industrial commodity, silver has fallen nearly 6% this year and is 10% below its 2019 peaks on worries that slowing global growth will limit demand.\n\nLast Tuesday, prices closed at their lowest level since late November before rebounding later in the week.\n\nAnalysts estimate industrial uses account for more than half of global silver consumption, so escalating tariffs in the U.S.-China trade dispute have dragged the metal down alongside other industrial materials used in manufacturing such as copper.\n\n“Sentiment is fragile for the silver market,” said Suki Cooper , precious-metals analyst at Standard Chartered. “It’s facing challenges on the industrial side and macro side as well.”\n\nSimilar worries have hurt copper, which has fallen 11% from its April peaks and closed Friday at its lowest level since mid-January. Oil prices and bond yields also have been under pressure, while the S&P 500 has slid 6.6% below its April 30 record to its lowest level since early March.\n\nOne of silver’s primary uses is for semiconductors, and sales of the computer chips used in everything from smartphones to data centers have fallen recently amid trade tensions and uncertainty about Chinese demand, analysts say. Asia accounts for 57% of silver industrial demand, according to data from GFMS Refinitiv and UBS.\n\nStockpiles of many products used in manufacturing have risen recently as businesses await more clarity on global trade policy. Silver inventories have also climbed. Stockpiles held in CME Group Inc. approved facilities have risen nearly 70% since the start of 2017. Their recent advance so far this year has added to negative sentiment by signaling there is plenty of material available, investors say.\n\n“A lot of producers and manufacturers are taking that into consideration,” said Maxwell Gold , director of investment strategy at Aberdeen Standard Investments. “That does impact the demand side of the equation.”\n\nStill, Mr. Gold said prices could rebound given how cheap silver is and if stock-market volatility pushes investors broadly back toward precious metals.\n\nSo far, gold and silver haven’t gotten much of a boost from nervous investors, who have preferred to protect their portfolios from recent stock-market swings with U.S. Treasurys and the dollar. That trend has come with analysts projecting that the U.S. economy will weather higher tariffs more effectively than other countries, hurting commodities that are priced in dollars.\n\nA stronger U.S. currency makes those assets more expensive for overseas buyers. The WSJ Dollar Index, which tracks the dollar against a basket of 16 other currencies, rose near its highest level of 2019 Wednesday before dropping later in the week.\n\nStill, gold prices have generally held steady, rising slightly more than 2% for the year and pushing up the gold-to-silver ratio as silver stumbles.\n\n“Investor indifference towards gold is amplified even more in silver,” said Joni Teves , a precious metals strategist at UBS, in a recent note.\n\nHedge funds and other speculative investors increased net bearish bets on silver prices in five consecutive weeks through May 28, pushing them to their highest level since early October, Commodity Futures Trading Commission data show.\n\nHoldings by silver exchange-traded funds have been roughly flat in recent months after falling significantly late last year and in January, according to data from UBS and Bloomberg. Coin sales around the world, a gauge of physical demand from individual investors, have also been weak in recent years, analysts say, contributing to the negative market momentum.\n\n“It’s really the technical and short-term investor side that’s been lacking,” Mr. Gold said.\n\nWrite to Amrith Ramkumar at amrith.ramkumar@wsj.com",
    "published": "2019-06-02"
  },
  {
    "source": "WSJ",
    "title": "Trade Tensions, Rising Costs Hit Profit Outlook for Airlines",
    "summary": "Carriers face a slump in airfreight demand, uncertainty over MAX grounding",
    "link": "https://www.wsj.com/articles/trade-tensions-rising-costs-hit-profit-outlook-for-airlines-11559442709?mod=Searchresults_pos8&page=47",
    "content": "SEOUL—Airline industry earnings this year are expected to fall 21% short of expectations with global trade tensions and rising costs denting the outlook for collective profits, the industry’s leading trade group said Sunday.\n\nAirlines this year should post $28 billion in collective net profit, down from $35.5 billion forecast six months ago, said the International Air Transport Association that represents more than 200 airlines from the U.S. to Australia. Carriers last year returned a combined net profit of $30 billion.\n\nMore than half the industry’s net profit, IATA said, should be generated by North American carriers. They are expected to return $15 billion in combined profit.\n\n“Margins are being squeezed by rising costs right across the board,” IATA Director General Alexandre de Juniac said at the lobby group’s annual meeting.\n\nThe Trump administration this summer plans to impose higher tariffs on numerous goods made in China, denting freight demand. The airline industry is only one of several to feel the sting. Danish shipping giant A.P. Moeller-Maersk AS last month reported a first-quarter loss and warned that rising trade tensions between the U.S. and China could cut container growth by up to a third this year.\n\nAmid signs of growing trade tensions, including a U.S. threat to place tariffs on Mexican goods, IATA’s chief economist, Brian Pearce , said “it could get worse.”\n\nThe effect of those trade tensions on airlines is varied, said executives at the IATA meeting. Alan Joyce , chief executive of Australia’s Qantas Airways Ltd. said demand growth has slowed notably on some routes as Chinese fliers prepare for protracted trade tensions. Delta Air Lines Inc. Chief Executive Ed Bastian , though, said “we are not seeing a significant impact.” Deutsche Lufthansa AG boss Carsten Spohr said airfreight demand has clearly been hurt, but the passenger business remains robust.\n\nCosts also are on the rise. IATA now expects fuel to represent about 25% of average airline costs, up from 23.5% last year. Nonfuel unit costs are expected to rise 39.5%, IATA said. Cost increases of $822 billion across the industry are outpacing $865 billion in higher sales.\n\nSome airlines also face a financial hit from the grounding of Boeing 737 MAX jetliners in March. The size of the cost is still uncertain, though, and dependent, in part, on when the jetliners are cleared to fly again.\n\nThe fleet of several hundred MAX planes was idled after the March 10 fatal crash of one of the jets in Ethiopia. It came less than five months after another MAX had crashed in Indonesia. Accident investigators have implicated a MAX flight-control system flaw in both accidents.\n\nBoeing Co. has been working on a fix that has been delayed several times. Mr. Juniac last week said airlines expect the fleet to remain idled at least 10 to 12 more weeks and he urged regulators to act in concert to return the plane to the air. Tim Clark , president of Emirates Airline, said he expects the MAX may still not be flying world-wide in late December.\n\nIn addition to having to sign off on the update to the MAX flight-control software, regulators also are considering adding extra training requirements for the plane’s pilots. That could add further costs for airlines.\n\n“The recent Boeing 737 MAX accidents have put our reputation in the spotlight,” Mr. Juniac said at the meeting Sunday. “Trust in the certification system has been damaged.”\n\nIATA this month plans to convene a second meeting of current and future MAX operators to discuss how to restore confidence in the plane among passengers and airline employees.\n\nAirlines in the U.S., Europe, China and other locations have said they expect Boeing to cover their losses from the MAX grounding. Boeing Chief Executive Dennis Muilenburg last week said the plane maker was holding discussions with carriers. Not all reimbursements are expected to be cash payments, he said, adding the financial hit to Boeing isn’t going to be “material.”\n\nAt a global scale, the profit impact for the industry of the MAX grounding is relatively minor, IATA’s Mr. Pearce said.\n\nIn a sign of continued anxiety about the plane, Tewolde Gebremariam , chief executive of Ethiopian Airlines, said the carrier is still unsure about the future of the MAX in its fleet after one of its planes was involved in the March accident. The carrier will wait for all regulators and all other operators of the grounded plane to put it back in the sky before deciding what to do, the Ethiopian Air boss said in an interview.\n\nWrite to Robert Wall at robert.wall@wsj.com",
    "published": "2019-06-02"
  },
  {
    "source": "WSJ",
    "title": "This Week on the Frontiers, June 1st 2019",
    "summary": "Note: This is a web-version of the WSJ’s weekly Frontier Markets newsletter. Click here to receive the newsletter in your inbox.",
    "link": "https://www.wsj.com/articles/this-week-on-the-frontiers-01559484404?mod=Searchresults_pos2&page=45",
    "content": "Note: This is a web-version of the WSJ’s weekly Frontier Markets newsletter. Click here to receive the newsletter in your inbox.\n\nVietnam reaps the benefit of trade tensions. Early predictions that Vietnam would benefit from a trade war between the U.S. and China are proving to be true, according to research from London-based research firm Capital Economics. Exports to the U.S. from the fast-growing South East Asian nation have grown by more than 50% over the past year on a seasonally adjusted basis.\n\nOn the back of the surge in exports, the firm has upgraded its forecast for Vietnam’s growth this year from 6% to 6.5%. That is still slightly lower than last year’s 7.1%, according to the IMF’s World Economic Outlook database.\n\nSri Lanka moves to support economy in wake of Easter Sunday attacks. Sri Lanka’s central bank cut interest rates this week in a move designed to ease pressure on the country’s economy in the wake of the devastating terrorist attacks in late April. According to Capital Economics, evidence is already emerging of the damage that the attacks have wrought on the economy.\n\nSri Lankan soldiers walk through the lobby of the Cinnamon Grand Hotel, one of the Colombo hotels hit by bombers on Easter Sunday. ILLUSTRATION: Getty Images\n\n“Tourist arrivals [fell] 7.6% year-on-year in April [and] the effects of the attacks are likely to persist for some time,” Katie Kwok, an analyst at CapEc said. The firm has cut its 2019 GDP growth forecast for Sri Lanka from 3.2% to 1.0%.\n\nSaurav Anand, an economist at Standard Chartered Bank, said the central bank’s move was unlikely to mark the start of an easing cycle as the country’s currency, which depreciated significantly last year, remains vulnerable. Sri Lanka also has high volumes of foreign-currency-denominated debt, which would become more expensive to service if the currency were to fall further. The country’s government is reportedly planning a $1.5 billion bond sale to help cover its debt obligations.\n\nPapua New Guinea’s prime minister resigns. Papua New Guinea’s veteran Prime Minister Peter O’Neill resigned following weeks of political turmoil and government defections over his handling of various budget and health crises, including a $13 billion plan to double liquefied natural gas exports, Rob Taylor writes.\n\nMr. O’Neill, who has led the resource-rich but tumultuous Pacific nation for seven years, said Sunday that he was stepping down, ahead of a vote of no confidence that his weakened People’s National Congress Party was expected to lose as political opponents moved against him in the Parliament.\n\nPeter O'Neill resigned as Papua New Guinea’s prime minister ahead of a no-confidence vote. ILLUSTRATION: Bloomberg News\n\nPapua New Guinea has faced numerous challenges in recent years, including a shortage of foreign currency and a sharp slowdown in growth, as well a polio outbreak and an earthquake in 2018. To bridge the revenue gap and revive the country’s slowing economy, Mr. O’Neill’s government has increasingly turned to China for low-cost loans to fund infrastructure and other construction projects.\n\nAmerican food giant said to be considering push into Kazakhstan. U.S. food producer Tyson Foods is reportedly considering building a beef plant in Kazakhstan specifically to supply China, a huge export market, Spencer Jakab reports. In response to U.S. tariffs on its products, China imposed a retaliatory levy on U.S. beef, taking China’s total tariff to 37%. Imports of beef from Kazakhstan to China are subject to a levy of just 12%.\n\nKazakhstan’s domestic market is also becoming more attractive as its economy continues to grow strongly. “Broad-based growth across industries, matched with rising and resilient consumer spending, ensures continued growth in opportunities,” Mark McNamee, an analyst at corporate advisory firm DuckerFrontier, said.\n\nAnd, although voters in the Central Asian nation head to the polls next weekend for a presidential election prompted by the surprise resignation in March of former President Nursultan Nazarbayev, Kazakhstan’s political stability is unlikely to be affected, “further contributing to the market’s resilience,” Mr. McNamee said.\n\nAfrica\n\nCourt upholds Kenya’s ban on gay sex. Kenyan appeals court upheld a colonial-era law that criminalizes gay sex, a bruising defeat for activists fighting to overturn such legislation across Africa, Gabriele Steinhauser reports. In explaining their decision, the judges said decriminalizing gay sex would open the door to same-sex marriage, which isn’t allowed under Kenya’s constitution. Justice Roselyne Aburili added “there is no conclusive scientific proof” that gay people “are born that way,” drawing gasps from the audience.\n\nHomosexuality is illegal in more than half of Africa’s 54 countries, with gay sex punishable by death in Mauritania, Sudan and parts of Nigeria and Somalia. Some governments, including Tanzania’s, have intensified their crackdown on lesbian, gay, bisexual and transgender communities in recent years.\n\nMiddle East\n\nSaudi Arabia tries to rally Arab support in face-off with Iran.Saudi Arabia brought together leaders of other Arab states to discuss security in the Middle East in an effort to rally support from its neighbors amid tensions with rival Iran, Jared Malsin reports. “Our Islamic world is undergoing extreme and dangerous changes and challenges,” said Saudi Foreign Minister Ibrahim al-Assaf at a meeting of Arab foreign ministers ahead of the Mecca summit.\n\nSince the Islamic Revolution that overthrew the Iranian monarchy in 1979, Iran and Saudi Arabia have engaged in a struggle for power and influence that spans the Middle East. The two powers now back opposing forces in Yemen, Syria and Lebanon.\n\nLatin America\n\nArgentina’s economic woes prompt more upheaval. Argentine unions held a national strike on Wednesday, forcing banks to shut their doors, airlines to ground flights and a soccer final to be postponed amid growing anger over President Mauricio Macri’s economic management, Ryan Dube reports. Many Argentines are upset over a sharp recession and rising prices for food and utilities. In April, inflation hit 56%, among the highest in the world, while the economy shrank 6.8% in March.\n\nStriking workers at the Buenos Aires Obelisk on Wednesday. ILLUSTRATION: Reuters\n\nThe upgrade by index provider MSCI of the country’s stock market from frontier- to emerging-market status took effect this week, a transition that according to fund manager Ashmore’s head of research, Jan Dehn, could result in “some $600m in passive flows into Argentinian stocks.” Despite the expected flood of new investment, the market slipped 3% this week although it did hang onto strong gains made in recent weeks to end the month up by 15%. The benchmark Merval index is now up almost 20% over the past year.\n\nPositive signs emerge from Venezuela talks. Both sides of Venezuela’s political divide joined a new round of negotiations in Norway this week, as Oslo looks to mediate a solution to the South American nation’s political standoff and humanitarian crisis, Kejal Vyas reports.\n\nPresident Nicolás Maduro’s representatives in Norway, led by longtime ally Jorge Rodriguez, were defiant during three days of talks, rejecting a major demand from opposition negotiators for Mr. Maduro to resign before free and fair elections, according to the people familiar with the talks.\n\nBut those people say the fact that the government’s representatives were willing to even discuss early elections was a positive sign that could lead to further negotiations mediated by Norway’s government, Laurence Norman and Ryan Dube write.\n\nKEY STORIES FROM THE WSJ\n\nEswatini—Formerly Swaziland—Finds Renaming a Country Is Complicated\n\nIndia’s Modi Win Lifts Hopes for Pakistan Talks\n\nThe Real Winners From Trump’s Tariffs Are China’s Neighbors\n\nSaudi Energy Conundrum Deepens With Gas Deal\n\nVenezuela’s Military Deserters Face Disappointment Across the Border\n\nPhantom Yields Boost JPMorgan EMBI Indexes\n\nAROUND THE WEB\n\nRwanda-Uganda Tension Rises After Killings at Border\n\nEthiopia PM Launches Four Billion Tree Planting Project\n\nZimbabwe Presses Exporters and Power Utility as Economic Crisis Mounts\n\nLibya’s New Civil War\n\nEgypt Lifts Ban on Cryptocurrency\n\nJapan Announces $1.2b Aid for Bangladesh Development and Infrastructure\n\nToyota to Build $53m Assembly Plant in Myanmar\n\nRomanian Social Democrat Leader Dragnea Sentenced to Jail\n\nUkraine Expects New IMF Program After Election",
    "published": "2019-06-02"
  }
]