[
  {
    "source": "WSJ",
    "title": "Transcript: WSJ Interview With Dallas Fed President Robert Kaplan",
    "summary": "Dallas Fed President Robert Kaplan spoke with The Wall Street Journal reporters and editors in Washington on Tuesday, July 16, 2019. He discussed his outlook for the economy and interest rates in an environment of heightened policy uncertainty. Here is a partial transcript of the interview, lightly edited for clarity and length.",
    "link": "https://www.wsj.com/articles/transcript-wsj-interview-with-dallas-fed-president-robert-kaplan-11563304894?mod=Searchresults_pos6&page=82",
    "content": "Dallas Fed President Robert Kaplan spoke with The Wall Street Journal reporters and editors in Washington on Tuesday, July 16, 2019. He discussed his outlook for the economy and interest rates in an environment of heightened policy uncertainty. Here is a partial transcript of the interview, lightly edited for clarity and length.\n\nWSJ: What has changed for you in the outlook since May 1?\n\nROBERT KAPLAN: So I’ll back up a little bit. For those who follow what I’ve been saying, all through 2018 we’ve been saying at the Dallas Fed, growth was going to slow in 2019, all through the year. And the reason primarily we said that is fiscal stimulus was going to wane, and it is waning. And if you asked me on April 30, a little bit of the surprise so far in the year for me was growth was stronger, actually, than I might have expected.\n\nThen you had the situation with China, which had some effect. But the thing that I think, talking to businesses, which I do regularly, extensively—the thing that had a significant effect was the threatened tariffs on Mexico. And I have lots and lots of businesses in my district who basically took me through—they literally said, let me tell you the dollar cost to our business of this if this were to happen, and I was surprised—substantial in terms of logistics, supply chains, increased costs. Even though it didn’t happen, though, the threat of it and the significance of that—I had thought it might dissipate more. It hasn’t dissipated that much in that most businesses I talk to regularly are basically saying to me, I think trade uncertainties is just going to be a feature of the outlook. And even though there are trade deals, most of them say we thought (the United States-Mexico-Canada Agreement) was done, OK? It was done. I know it hasn’t been ratified by Congress, but we assume it’s done. It shows even if there are trade agreements you’re going to have these skirmishes and threats, and for us it could have a material impact on our business.\n\nSo what’s most business assuming? It doesn’t mean—they’re not cutting back. But pretty much across the board they’re giving me examples of, and some of these capex projects we’re thinking about, we’re saying, let’s just slow this down. Let’s wait. So it’s had some chilling effect on that. A lot of companies are already trying to diversify their supply chains and logistics.\n\nSo roll forward to since May 1. Our forecast at the Dallas Fed went from the one I just described to you to being more in the neighborhood of 2%-2.25% with we think—if you would have asked me three or four weeks ago I’d say probably the risks are to that maybe to the downside because of these uncertainties and, related to that, global growth decelerating. If you ask me today—and I’ve said it to you in a couple interviews—let’s just take a little more time. Let’s just see. Let’s just see what’s going to happen.\n\nWe’re actually feeling a little more firm about—you know, 2%-2.25% is a reasonable base case for 2019. I had been worried that if these uncertainties and the impact on business was severe enough, maybe you’re going to start growing below potential. I don’t—we’re not seeing that, at least at this point, and I don’t see that in the outlook. We think growth is going to be 2%-2.25% by our measure. That’s at or above potential. It means the job market’s going to tighten. And so I’d say growth isn’t what it might have been, but we think it’s going to be solid.\n\nWhen I say all that, things can change quickly. And I’m watching very carefully because I’m worried global growth, no question, is decelerating. Manufacturing sector is weaker. Shipments, they’re weaker.\n\nWSJ: Can we drill down a little bit on business investment? You said it’s had a chilling effect, but you also sounded like you weren’t sure if it’s actually causing companies to cut back. So is business investment, in your mind, slowing because of trade uncertainties? What’s happening with business investment?\n\nMR. KAPLAN: They’re basically saying to me, listen, the good news is the consumer’s strong. 70% of (gross domestic product) is the consumer. Consumer’s solid. But what they’re saying is we’re conscious of the fact we’re later in the cycle and people saw some deceleration in their own businesses just between May 1 and today. And so they’re just saying let’s just be more cautious, and that’s what I hear from businesses—on a project we’re thinking about, let’s just be a little bit more cautious.\n\nWe just did look in our Dallas Fed survey of about 350, 400 companies, which we just looked at the results last week what we just got back. And what’s an example? I think something like 25% or 30% of the respondents said that this uncertainty is having some negative effect on capex. Another 20%, 25% said no change.\n\nWSJ: And how does that compare to previous surveys?\n\nMR. KAPLAN: That’s a little weaker. It’s a little unusual.\n\nWhat I’m trying to say is when I say things are stabilizing, I don’t hear businesses telling me they’re cutting back. They’re just saying they’re being more cautious. A lot of the businesses we talk to are—there’s an aspect of their business that’s domestic, many of them, but some of them are global, and they’re just being a little bit more careful. I think it’s more like a little bit of a dull headache than a—than something where they’re expecting a severe.\n\nSo I look at that, and this is a good example of something based on my conversations, surveys, data obviously. I saw retail sales came out this morning, was solid. That doesn’t surprise us. That’s consistent with what I’m saying. But we’ll keep watching and it’s subject to revision. And I am concerned if global growth got weak enough it could spill over in the United States.\n\nThe second (factor) is inflation. And again, for those who follow the Dallas Fed, we’ve been writing for now three years, done two conferences on it. We’ve been saying for three years we have expected inflation to be muted. Why? There’s a cyclical component to inflation which has to do with the tight labor market, and then there’s a structural component of inflation. And we spent a lot of time emphasizing structural means. Technology, technology-enabled disruption, and to a lesser extent globalization are taking away pricing power and limiting the pricing power of businesses.\n\nAnd the trend is businesses two years ago that I used to talk to that had pricing power I talk to today, they don’t have pricing power. It’s spreading. It’s intensifying. And so it’s not that inflation—the cyclical elements are dead. They’re not, but they’re being muted. I assure you, if people have wage costs they would like to pass them on into prices. Just in many industries they can’t. So what are they doing? They are trying to deal with the margin erosion. A lot of them are dealing with it by more investment in technology. I have these conversations everywhere I go: We’re investing more in technology to try to manage our costs.\n\nAnd for some businesses that are public, they’re also masking some of this by share repurchase. So they have some margin pressure, but they’re doing some financial engineering to continue to grow earnings per share. But even with that—you may notice S&P earnings are flat. Even with sizable share repurchase, that’s telling you that there’s margin pressure.\n\nThe only other comment I’d say which is—that is a sensitive, tricky one, it’s also possible—and I hear this from a number of industries—that a very low cost to capital is actually accelerating these structural forces. Why? Because it allows more and more of these platform companies to be funded having little or no gross margin in some cases, but very large market caps. And so you just have to keep in mind that much—some of this disruption—not all, but some of it—is a little bit of a product of or is facilitated by very low cost to capital.\n\nThen there’s the third consideration when I go into this meeting, and this one is for me significant. And that’s just the market—the level of market-determined rates.\n\nWSJ: The yield curve?\n\nMR. KAPLAN: Yield curve, yes. And when I say market-determined rates, U.S. yield curve and rates globally, OK? And when I’ve talked to you before I’ve said to you many, many times and repeated I need to see an inversion of some size and some duration. I’m starting to see some duration. This has been going on for a while. And this issue has really become more pronounced since May 1. So I think these issues we just talked about in number one are starting to—I’m starting to see reflected in the yield curve. I mean, sluggish outlook for U.S. growth, sluggish outlook for global growth, and it’s having an impact on market-determined rates. I’m sensitive to how much of that—these rates are being determined by central bank policy, but I think some of it is indicative of outlook for economic growth.\n\nWSJ: I just think a lot of it is being driven by (European Central Bank). I mean, the Bund—\n\nMR. KAPLAN: Some of it.\n\nWSJ: The Bund seems to be driving the global bond market. I mean, the Germans’ yield curve, negative out to 10 years—\n\nMR. KAPLAN: Some of it is.\n\nWSJ: There’s a real scramble for—\n\nMR. KAPLAN: And when the ECB just recently announced prospective measures, it’s having some effect, I agree. I think that’s not 100% of the effect, though. I think some of it is—\n\nWSJ: But doesn’t that—I mean, shouldn’t it make you somewhat circumspect about the inflation value of our yield curve?\n\nMR. KAPLAN: It does. It does. I factor this in. When we talk about this it’s always a factor in my thinking, is that there’s a substantial amount of global liquidity and central bank liquidity that’s having some effect.\n\nHaving said that, my own—this is a judgment, and we won’t even know the answer to this in hindsight. But my judgment is some of it has to do with, I think, skepticism about outlook for growth. And in particular I think you’ve seen a—if you go to April 30 and look at market-determined rates versus today, yes, some of the change has been a new pronouncement from the ECB. Before you ever got to that you saw, again, this threat of tariffs. The China issue plus the threat on Mexico you saw some move. And I’m observing this, and I’m talking to people who make duration decisions to try to get their thoughts.\n\nWSJ: But if the threats have diminished, then what’s actually—\n\nMR. KAPLAN: So my attitude on the curve is you never do know, but … let’s just take a little more time, thinking that if the outlook for growth stabilizes and you get a retail sales report like today, maybe the curve will reassert itself. And so all this is a way of—that’s the third factor I’m thinking of.\n\nSo what’s the outlook for growth, inflation, and market-determined level of rates versus where the fed-funds rate is set? Because on the third one, if I thought this was going to be persistent, and I think it’s—I’m starting to think it’s more persistent—this third issue would make you consider at least a tactical adjustment. Not a change in strategy, not the beginning of a rate-cutting cycle, but it would make you at least think about a tactical adjustment in the fed-funds rate. And I mentioned the word “tactical,” means modest, restrained, a limited move basically on the premise that as we sit here today maybe the fed-funds rate is a little bit out of kilter with market-determined rates. I’m open-minded to at least arguments on that subject.\n\nThe first two arguments (around trade uncertainty and inflation) are less persuasive to me than the third one, and the third one also makes me think—but you always are thinking at all times in this job, maybe I’m wrong, maybe I’m wrong, maybe I’m wrong. And then I look at the curve, one of these things is going to resolve. Either growth is going to turn out to be more stable and stronger than people think, and I would assume eventually the curve will adjust, or it could be the curve is foreshadowing something where we’re just—even though growth is solid now there’s going to be some weakening, and the curve is foreshadowing that. I don’t know the answer.\n\nWSJ: So that raises a question of how urgent is it to deal with that third factor. Is that something you can wait and see how it plays out? Or do you say, well, when this thing bursts, bad things happen—\n\nMR. KAPLAN: That’s one of the issues I expect we’re going to be debating and I plan to debate in this upcoming meeting in whatever it is, two-and-a-half weeks, two weeks.\n\nWSJ: You say we have financial conditions that are pretty available, a lot of liquidity—\n\nMR. KAPLAN: Robust.\n\nWSJ: Robust, OK. Relatively strong economy, still growing above potential.\n\nMR. KAPLAN: Yeah.\n\nWSJ: And here you’re potentially easing into this. Do you worry that you’re going to look back a few years from now and feel you overdid it and you set off another bubble?\n\nMR. KAPLAN: I’ve said this probably 50 times in written essays and I just said it—monetary policy accommodation is not free. And so I weigh every decision against the cost. And why do I say it’s not free? It creates excesses and imbalances. It can create distortions.\n\nWhat’s an example of one of those excesses? We have a historically high level of corporate debt right now. I think it is fueled by very low rates. And so history has shown as these excesses and imbalances build, at some point we actually have to deal with them, and they can be very painful and difficult to deal with. So, yeah, it is a factor I’m always thinking about, yes.\n\nListen, we knew that weaning off monetary policy stimulus and stimulus generally was going to be challenging. And I just think you have to be concerned with the impacts on excesses, imbalances, and distortions of accommodation. And so for me I take it very seriously when using that.\n\nAnd that was also a factor, to your point, in approaching neutral, wherever neutral is. It was a factor over the last three years in my thinking that it would be healthier for the U.S. economy to be gravitating toward a neutral policy setting if we could get there. That was one of the factors in my thinking.\n\nWSJ: In the last (Summary of Economic Projections), did you project a flat or a lower path?\n\nMR. KAPLAN: Flat.\n\nWSJ: It sounds like you’ve changed since the June meeting.\n\nMR. KAPLAN: Well, not yet, and I don’t have to do another SEP until September. When you get two-and-a-half weeks in front of the next meeting, I think at this stage I’m going to probably save my arguments. I’ll have an open mind going into the meeting. I’ve been saying leading up to this we should take more time, we should turn over a few more cards. I was hopeful in saying that on the third point that we’d see some improvement in the relationship between the fed-funds rate and market-determined rates. On the economic side I’ve seen a little stabilization. So it’s a bit of a—that waiting has produced a little bit for me of a mixed bag, and I’ll go into the meeting with an open mind and ready to debate these issues.\n\nWSJ: If the chairman wants to go toward a rate cut, you’ll follow?\n\nMR. KAPLAN: I’m not going to comment on that, but I’m going in with an open mind. But again, the key thing I’d say, if we’re going to make an adjustment for me it would be tactical, not a change in strategy. I still believe in the balanced approach that we articulate in our monetary policy framework, which says when you have an overshoot on one objective and an undershoot on another, you balance the two. That is our framework. I’m still an adherent to that framework.\n\nWSJ: Take us deeper into your thinking on corporate debt. Are you seeing financial leverage that could be risky in a changing environment? Are you seeing changes in corporate behavior as being driven by corporate debt?\n\nMR. KAPLAN: So the good news is 10 years ago the issue was the lenders were overleveraged. Today it’s not perfect and there are some issues with the shadow system, et cetera—you know, I’ve taken a hard look at CLOs and others—but I’d say lenders by and large, if we just stop the clock right here, I’d say the banking sector and financial sector is in much better shape. Not perfect, but in better shape. And I think we should continue with tough capital requirements and stress testing.\n\nThe issue today is corporate debt. So the household sector over the last 10 years has actually deleveraged. Not perfect, again, but better. And so the household sector has not grown. Its incomes have improved, job market, so that’s good. Government sector is a lot more leveraged. Come back to that. And the corporate sector is historically highly leveraged.\n\nSo why is this happening? One is the cost of debt is historically low. You have this lack of pricing power I just talked about earlier where you’ve got—it’s tougher to grow margins. And what businesses are doing is more aggressively using share repurchase and financial engineering to help grow earnings per share. And you’ve got the rise in activism. It’s no accident you have a rise in activism. And the playbook from a lot of the activists is either, leverage up and buy back your stock, or do some other transaction that usually involves debt. So when debt costs are this low, it’s hard to resist for companies to use debt to grow earnings per share or do other transactions—merger activity and others—particularly when it’s more difficult to get organic growth and grow your margins.\n\nAnd so in response you’re seeing a tripling in BBB debt, literally tripling, and you are seeing a pretty healthy, dramatic rise in leveraged loans and in high-yield debt. I caution to say, if we stop the music right now none of this creates, in my opinion, a systemic risk. But I do believe the reason it’s worth calling out is in a downturn, if we slow more than we’re slowing, it will be an amplifier to the slowing. And why is it an amplifier? It means that as revenues and profits slow, an increasing percentage of profits will have to go to servicing debt and are less likely to be able to go to investing in the business, and it will help amplify a slowing. And at this stage that’s where we are. And I would like to see us cull it out because it has the potential with cost of capital to slow to get worse.\n\nWSJ: The corporate sector doesn’t reach a point where it says, you know what, it’s getting tough to service this debt, we have to cut back on our investment?\n\nMR. KAPLAN: It will match—if you start to see a greater slowing in the economy than what we’re seeing. So if we continue to grow at or above potential, this is manageable. If you start to see a greater slowing, which eventually we will have a more severe downturn, I don’t know when, but sometime in the future—at that point, for those businesses that have a significant amount of debt, it may impede their ability to—they’re going to have a greater percentage of their cash flow used on debt service.\n\nNow, when you combine the corporate debt with the government debt, it’s fair to say that the economy is a lot more interest-sensitive than it was. And the reason we’re not screaming about it is the cost of debt is very, very low. And the prospects are the cost of debt is going to stay very, very low. But that’s an example of one excess that you worry about. Also, listen, if debt costs and the return on savings is very, very low, it just incentivizes people to take more risk, to over-allocate the risk assets.\n\nThat was appropriate 10 years ago when we were coming out of the severe downturn. I think at this stage in the cycle it’s probably not the kind of behavior—you would like people to be a little bit more moderate at this stage in the cycle.\n\nWSJ: So if you’re recalibrating monetary policy, and this year, where people thought policy was going to get tighter but now it may in fact get easier, at a time when regulatory policy has been getting tighter but has more recently been getting easier –\n\nMR. KAPLAN: You’re talking about financial regulatory?\n\nWSJ: Yeah. Would it be appropriate, if you’re going to recalibrate monetary policy, to also change the direction in which regulatory policy has been traveling?\n\nMR. KAPLAN: So I am one that has said, and pretty consistently, that certainly for the big banks—for small, mid-sized banks, I think streamline is appropriate. They don’t present a systemic risk. They’re important in their communities and serving their communities. But for the big banks, yeah, I am an advocate that we should be keeping, at this stage in the cycle, very tough capital requirements and stress testing. And I would be loath to actions that would dilute that.\n\nWSJ: And do you think the Board is moving too far?\n\nMR. KAPLAN: I think each individual step I understand the rationale for it. I just—let me leave it at—and I’m obviously having conversations. I don’t think we’re hurting the U.S. economy at all by keeping very tough capital requirements and stress testing for the big banks.\n\nWSJ: I want to go back to your point about market-determined rates, because one of the criticisms you hear right now about where it sounds like the Fed might be moving is that it’s being bullied by the bond market that it’s following market signals too much. What’s your response to that?\n\nMR. KAPLAN: It pays to pay attention to the markets and to observe what they might be saying. But we should not be overreading or overreacting what’s going on in these markets. I pay attention, particularly what’s going on in terms of credit spreads, credit availability, what’s happening with the yield curve. But I take it a little bit, understanding that markets can change on a dime. And sometimes they can change in reaction to prospects for economic conditions and they change in reaction to comments from central bankers. And I have to take that into account.\n\nWSJ: Do you think you’re at a place where the markets are so expecting a policy move that you would be tightening conditions now if you did not follow through on those?\n\nMR. KAPLAN: I’m not going to comment. I’ll leave that to others to comment on. I’ve been watching these markets carefully for most of my adult life. And I’ve been watching the curve, as you know. And I watch it intently every day. And it strikes me that this inversion, and elements of it, have been—are starting to become more persistent. And I think a factor is central bank policy. But I also do believe—and this is a judgment; you’ll never know the answer—I believe my own judgment is some of this is in reaction to prospects for economic growth. I think there’s some economic signaling, but also I can’t discern precisely which is which.\n\nAnd so one of the reasons I’ve been advocating, leading up to this, let’s take more time, is I didn’t want to contribute to what might be the central bank-determined impacts to this. But I also think some of this is economic. I do. And the reason I do is when I look at companies—or, countries around the world, I look at Germany what’s going on, I look at certain sectors, I look at what’s going on for prospects for economic growth, economic uncertainty. I think you’re seeing some of that reflected in the bond market.\n\nWSJ: They used to call this the looking in the mirror problem. You look at the bond market, and you’re seeing the bond market, and you’re seeing yourself as you’re looking at it.\n\nMR. KAPLAN: Well, that’s what you got to be careful of. I call it the echo chamber.\n\nWSJ: I want to ask about tactics, because you referred to the possible rate cut as something that would be modest, restrained, limited.\n\nMR. KAPLAN: If we do it at all, yes, it should be.\n\nWSJ: So, define that. Is that just one move?\n\nMR. KAPLAN: I’m not going to speculate here. And I told you, in my SEP, I had zero. But let me leave it this way: It should be limited, and it should be restrained. And we should be patient, in my view, in the intervals as we do it.",
    "published": "2019-07-16"
  },
  {
    "source": "WSJ",
    "title": "Brexit Position Saps Business Support From Britain’s Conservatives",
    "summary": "Candidates’ openness to a no-deal divorce alienates some disillusioned executives",
    "link": "https://www.wsj.com/articles/brexit-position-saps-business-support-from-britains-conservatives-11563220222?mod=Searchresults_pos3&page=74",
    "content": "Conservative Party leadership contender Boris Johnson has promised the U.K. would be out of the EU as of Oct. 31.\n\nLONDON—For British entrepreneurs like Tom Mercer , the ruling Conservative Party was the party of business. Then came Brexit.\n\nThe two politicians competing for the posts of party leader and, by extension, prime minister, have said they are prepared to leave the European Union without a deal—the outcome many businesses fear most.\n\nSome executives and senior managers—a base of support for the Conservative Party—said the party already mishandled negotiations with the EU and is now isolating them by trying to appease supporters of an abrupt Brexit.\n\n“It’s impossible to please everyone, and by doing so, I think the Conservatives lose credibility,” said Mr. Mercer, who founded porridge and muesli maker MOMA Foods Ltd. He was a Conservative Party member for three years and campaigned for them. He let his party membership lapse last year.\n\n“Business needs stability, and stability needs a transitional deal,” said Rowan Crozier , the chief executive of Brandauer, a steel pressings company based in Birmingham. No deal would be a disaster for British business, he said.\n\nThe Conservatives derive much of their funding from companies and people in business. Now, “it will be more difficult for the Conservative Party to raise money from its traditional pay masters,” said John Curtice , professor of politics, Strathclyde University.\n\nDonations to the party in the first three months of 2019 were the lowest for a first quarter since 2007 and down 24% from the same period in 2018.\n\nBrexit has upturned Britain’s political landscape. The issue has sapped support for the opposition Labour Party in its former heartlands, where the majority of voters supported the exit from the EU in the 2016 referendum. It has pushed Conservatives who want a quick separation from the EU toward the new Brexit Party, and pushed Conservative leaders to win them back by accepting the idea of a no-deal option.\n\nForeign Secretary Jeremy Hunt, a candidate to lead Britain’s Conservative Party, talks with other European diplomats at EU headquarters in Brussels on Monday. Photo: john thys/Agence France-Presse/Getty Images\n\nBoris Johnson, the former London mayor who is favored to win the race to succeed Theresa May as Conservative leader, has pledged to leave the bloc on Oct. 31, come what may. His opponent, foreign secretary Jeremy Hunt , has said a no-deal exit can’t be excluded.\n\nFor some, the Conservatives’ failure to deliver Brexit is what irks. Penny Power , an entrepreneur who founded a social network for businesses in the late 1990s, believes the party has lost interest in business.\n\nMs. Power voted remain in the 2016 Brexit referendum, but has since switched to the Brexit Party.\n\n“We’ve just got to get it over the line,” she said, after “three years of indecision and lack of focus on building this economy.”\n\nIn the referendum, six in 10 people in senior manager roles voted to remain in the EU, according to pollster YouGov. Owners and managers of large and midsize businesses were particularly likely to have voted to remain, fearing Britain’s exit from the deeply integrated trade bloc would hurt the economy. Some businesses also worried about covering skills gaps if workers stopped coming over from the EU.\n\nMalcolm Rifkind , who held senior cabinet roles in the Conservative governments of Margaret Thatcher and John Major, said that while business has legitimate frustrations, a government sometimes has to do things the community doesn’t like because it is in the wider public interest.\n\nMany businesses still support the Conservatives. Some of Britain’s best-known businessmen supported Brexit, including the inventor James Dyson and Anthony Bamford , whose company, J.C. Bamford Excavators Ltd., or JCB, is one of the world’s largest builders of industrial equipment.\n\nThe Conservatives have little competition for business votes. The Labour Party is led by a self-proclaimed socialist, Jeremy Corbyn , who promises to nationalize rail and utility companies.\n\nBut over the longer term, the Conservatives could lose votes, as well as funding. Mr. Mercer, the muesli maker, said he would vote for the Liberal Democrats, a centrist party that opinion polls suggest is drawing supporters away from the two main parties because of its anti-Brexit stance.\n\nFor some, Mr. Johnson’s rise deepens their disillusionment with the Conservative Party. Jennifer Brown , founder of luxury leather goods maker Pampeano, is wary of the front-runner. “He’s incredibly divisive and self-interested,” she said. A once-loyal Conservative, she said she would probably support the Liberal Democrats in a general election.\n\nPeter Matthews , the chief executive of Black Country Metals, echoed the sentiment. “If Boris wins, it’s going to be a disaster,” he said. Mr. Matthews was a Conservative voter but said he would “never, ever, ever” vote for them again.\n\nRepresentatives for Mr. Johnson declined to comment.\n\nMany businesses say they need the Brexit deal to have a transition period where economic relations stay as they are to allow future trade relations to be negotiated. In a no-deal exit, companies would have to pay tariffs on many products they export or import from the EU, while their goods would need paperwork to cross borders.\n\nThe party’s leadership contest is already affecting business for some. James Robson , who sits on the board of three manufacturers based in Northeast England, said an order one of the companies placed in April at around a half-million pounds will now cost £21,300 ($26,700) more because of the currency’s decline since Mrs. May said in May she would step down after failing to present a Brexit deal acceptable to Parliament.\n\nMr. Robson said he has voted for both the Liberal Democrats and Tories in the past, but is unlikely to vote Conservative now.\n\nMax Colchester contributed to this article.\n\nWrite to Alistair MacDonald at alistair.macdonald@wsj.com and Denise Roland at Denise.Roland@wsj.com",
    "published": "2019-07-16"
  },
  {
    "source": "WSJ",
    "title": "Vietnam Doesn’t Threaten U.S. Interests as China Does",
    "summary": "Vietnam isn’t building islands in the South China Sea and weaponizing them, threatening Hong Kong’s special democratic status, propping up a nuclear North Korea, assisting the Venezuelan dictatorship or setting up concentration camps.",
    "link": "https://www.wsj.com/articles/vietnam-doesnt-threaten-u-s-interests-as-china-does-11563299914?mod=Searchresults_pos19&page=25",
    "content": "A woman sells rice at a street side shop in Hanoi, Vietnam, April 5. Photo: luong thai linh/Shutterstock\n\nRegarding your editorial “Why Vietnam Loves Donald Trump” (July 11): You correctly point out that while the bilateral trade deficit will decrease with China because of the focused tariffs, the total trade deficit is not being affected. The deficit is just being redirected to other low-cost producers like Vietnam, Taiwan, South Korea and Mexico. However, that should be acknowledged to be a positive. The latter nations aren’t threatening us militarily, involved with intellectual property grand larceny and challenging our domination in superpower status. Vietnam and the Philippines aren’t building islands in the South China Sea and weaponizing them, aren’t threatening Hong Kong’s special democratic status, aren’t propping up a nuclear North Korea, aren’t assisting the Venezuelan dictatorship or setting up concentration camps.\n\nThere are good geopolitical reasons for using tariffs to weaken a malign “people’s democratic dictatorship” beyond leveling the playing field.",
    "published": "2019-07-16"
  },
  {
    "source": "WSJ",
    "title": "U.S. Industrial Production Unchanged in June",
    "summary": "Increases in manufacturing and mining offset by decline in utilities",
    "link": "https://www.wsj.com/articles/u-s-industrial-production-unchanged-in-june-11563283149?mod=Searchresults_pos14&page=36",
    "content": "A Ford employee works on the assembly line in a Chicago plant. Output at U.S. factories rose 0.4% in June.\n\nWASHINGTON—U.S. industrial output was flat in June, as increases for the manufacturing and mining sectors were offset by a decline in utilities output.\n\nIndustrial production, a measure of factory, mining and utility output, was unchanged in June from the prior month, the Federal Reserve said Tuesday.\n\nThat fell short of economists’ expectations for a seasonally adjusted 0.2% increase last month. May industrial production was unrevised at a 0.4% increase.\n\n“After falling slightly in early 2019, the industrial side of the U.S. economy is growing slowly in the middle of the year,” said Gus Faucher, chief economist at PNC Financial Services Group, in a note to clients. “The big drags are soft global economic growth, tariff and nontariff barriers on U.S.-made goods sold abroad, and uncertainty about the trade outlook,” he said.\n\nFrom a year earlier, industrial production rose 1.3% in June.\n\nOutput at U.S. factories rose 0.4% in June and the mining sector saw a 0.2% increase. The manufacturing industry accounts for about 75% of the nation’s total industrial output, and it got a boost in June from a 2.9% increase in motor vehicles and parts.\n\nUtility production dropped 3.6% in June, as milder-than-usual weather meant lower demand for air conditioning, the Fed said.\n\nCapacity utilization, which reflects how much industries are producing compared with what they could potentially produce, slipped by 0.2 percentage point to 77.9% in June. Economists had expected 78.1%.\n\nIndustrial production has struggled this year, due in part to trade-related headwinds. For the second quarter as a whole, industrial production declined at a 1.2% annual rate, dropping for the second quarter in a row.\n\nBroader economic growth was strong in the first quarter and the labor market has continued to add jobs.\n\nRetail sales rose a seasonally adjusted 0.4% in June from a month earlier, the Commerce Department said Tuesday. The June rise exceeded economists’ expectations and wrapped up a solid quarter for the resilient U.S. consumer.\n\nStill, Tuesday’s data from the Fed follow some signs of slowing momentum in the factory sector.\n\nAn index of factory activity produced by the Institute for Supply Management slipped to 51.7 in June, the third straight month of slowing expansion, as manufacturers confronted renewed trade tensions and slowing growth abroad.\n\nU.S. manufacturers face higher costs for many components and metals because of U.S. tariffs on goods from China and a strong dollar that makes U.S. exports more expensive.\n\nThough manufacturing accounts for a small share of gross domestic product, the sector is highly sensitive to shifts in global demand, making it a bellwether for the broader U.S. economy.\n\nForecasting firm Macroeconomic Advisers last week projected gross domestic product grew at a 1.8% seasonally adjusted annual rate in the second quarter, a slowdown from the 3.1% growth rate in the first three months of the year.\n\nWrite to Harriet Torry at harriet.torry@wsj.com",
    "published": "2019-07-16"
  },
  {
    "source": "WSJ",
    "title": "Fed's Kaplan Says Rate Cut Could Be Warranted Based on Bond-Market Signals",
    "summary": "A potential rate cut ‘should be limited, and it should be restrained’",
    "link": "https://www.wsj.com/articles/fed-s-kaplan-says-rate-cut-could-be-warranted-based-on-bond-market-signals-11563293519?mod=Searchresults_pos11&page=40",
    "content": "‘Maybe the fed-funds rate is a little bit out of kilter with market-determined rates,’ Dallas Fed President Robert Kaplan says.\n\nWASHINGTON—Dallas Fed President Robert Kaplan said he could be convinced by arguments to cut rates based on signals coming from bond markets, even though he hadn’t penciled in any rate cuts this year at the central bank’s June policy meeting.\n\nBond yields have tumbled over the last two months, a sign investors expect poorer economic growth and potential rate cuts from the Fed and other central banks.\n\nLong-term government bond yields have held below the level of some short-term yields, including the Fed’s benchmark federal-funds rate, for much of the past two months, a so-called inversion of the yield curve that has often preceded rate cuts.\n\n“Maybe the fed-funds rate is a little bit out of kilter with market-determined rates,” Mr. Kaplan said in an interview Tuesday morning. “I’m open-minded to at least arguments on that subject.”\n\nThe persistence of the yield curve inversion “would make you consider at least a tactical adjustment—not a change in strategy, not the beginning of a rate-cutting cycle,” he said.\n\nAny reduction in the benchmark fed-funds rate, currently in a range between 2.25% and 2.5%, should be “modest, restrained, a limited move,” Mr. Kaplan said.\n\nFor months, Mr. Kaplan has said he would want to see a yield curve inversion of some size and duration before adjusting rates in response. “I’m starting to see some duration. It’s been going on for a while,” he said. The dynamic has grown more pronounced since an escalation in trade tensions that exacerbated growth worries in early May, he added.\n\nMr. Kaplan said he still expects the economy to expand at a steady growth rate of 2% to 2.25% this year, but he said he was hearing more concerns from businesses that they were slowing down planned investments due to elevated trade uncertainty.\n\nIn May, President Trump announced plans to raise tariffs on Chinese imports after trade negotiations faltered. He later threatened to impose additional tariffs on Mexican imports before suspending them. The Mexico threat, in particular, has led businesses to conclude policy uncertainty may be a lasting feature of the current trade climate.\n\n“I’ve been surprised at how much air came out of the economy” as a result of the hit to business sentiment from trade worries, said Mr. Kaplan.\n\n“Most businesses came out of that with a view that trade uncertainty is going to be a more persistent aspect of running their business,” he said. “It shows even if there are trade agreements, you’re going to have these skirmishes and threats.”\n\nAt the same time, Mr. Kaplan signaled some skepticism about providing too much economic stimulus during a period in which the cost of credit doesn’t appear to be a drag on growth.\n\n“We’re in a period where financial conditions are robust,” he said. For all the concerns businesses are raising about the policy environment, “cost and availability of capital is not one of them.”\n\nAny prospect of lower rates should be balanced against the risk that more stimulus could create imbalances and distortions in the economy.\n\nMr. Kaplan said higher corporate borrowing fueled in part by low rates is one such risk. “Monetary policy accommodation is not free,” he said.\n\n“History has shown as these excesses and imbalances build, at some point we actually have to deal with them, and they can be very painful and difficult to deal with,” he said.\n\nTestifying before the Senate Banking Committee Thursday, Federal Reserve Chairman Jerome Powell again signaled that the central bank is ready to cut interest rates later this month. Photo: AP\n\nWrite to Nick Timiraos at nick.timiraos@wsj.com",
    "published": "2019-07-16"
  },
  {
    "source": "WSJ",
    "title": "Kentucky Skirmish: Mitch McConnell Irks Rand Paul With Push on Tax Treaties",
    "summary": "Senate majority leader moves ahead with tax votes, defying Paul’s long opposition to the international agreements",
    "link": "https://www.wsj.com/articles/kentucky-skirmish-mitch-mcconnell-irks-rand-paul-with-push-on-tax-treaties-11563300338?mod=Searchresults_pos18&page=1",
    "content": "WASHINGTON— Rand Paul has spent eight years in the Senate at odds with fellow Kentuckian and Republican Mitch McConnell , supporting marijuana legalization, tying up the chamber floor with a filibuster and defeating the majority leader’s efforts to preserve the government’s bulk phone-records collection program.\n\nThis week, Mr. McConnell will demonstrate the limits of his tolerance for Mr. Paul’s libertarian leanings. The six-term senator has scheduled a series of votes on changes that Mr. Paul opposes to four tax treaties, overriding Mr. Paul’s decadelong blockade against new or updated tax treaties. Supporters of the new protocols with Japan, Spain, Luxembourg and Switzerland say the changes would boost investment in the U.S. and make it easier for multinationals to operate overseas, but Mr. Paul says they would undermine Americans’ ability to keep their tax information out of easy government reach.\n\n“We were working with the administration on trying to come to an accommodation to protect Americans’ privacy,” Mr. Paul said last week, adding that he had complained directly to Mr. McConnell. “By doing this, he has destroyed the negotiations and made it much more difficult to accomplish what I’ve been trying to work on for eight years now.”\n\nMr. McConnell’s office declined to comment.\n\nThe new flare-up in the uneasy relationship between the Kentuckians stems from protocols that would reduce the taxes that companies have to pay on certain cross-border transactions, while also allowing tax authorities to exchange information to ensure compliance with tax laws. Mr. Paul has said that provisions on information-sharing put American taxpayers’ privacy at risk by making it too easy for governments to share information about the finances of individuals and businesses.\n\nBut business groups and companies have been pushing for updating the treaties for years, hoping to reduce taxes and to benefit from a more streamlined system.\n\nAmong other things, three of the protocols would force the settlement of tax disputes more quickly by requiring arbitration if a tax authority can’t resolve a tax spat within two years. The U.S. has a network of tax treaties with dozens of countries. The Tax Foundation, a right-leaning nonprofit, says that countries with more partners in their tax-treaty network are more globally competitive.\n\nIt is a measure of the importance of the issue to Mr. McConnell that he is willing to spend his most precious resource—floor time—to approve the new protocols. Because Mr. Paul has blocked expedited consideration of the treaties, Mr. McConnell needs to hold procedural votes to end debate, spending time he has indicated he would rather devote to confirming new judges. It will take two-thirds support in the Senate for the treaty revisions to take effect.\n\nMr. McConnell’s decision to act now, almost five years after becoming majority leader when Republicans regained control of the Senate, coincides with calls from a Kentucky company, North American Stainless, ahead of Mr. McConnell’s 2020 re-election bid.\n\nIn 2014, North American Stainless’s treasurer testified before a Senate committee that a new tax protocol with Spain would enable the parent company, Spain’s Acerinox, to increase investment in Kentucky because it would reduce a withholding tax that it must pay that is on top of the federal and state corporate income tax. North American Stainless has begun asking again for the tax treaty with Spain to be updated, according to a Senate aide. North American Stainless’s new treasurer didn’t return a call for comment.\n\n“I’ve heard from job creators in my state of Kentucky about the importance of creating more certainty by getting these treaties approved, and I expect my colleagues have heard similar things from employers in their states as well,” Mr. McConnell said on the floor on Monday. “These measures should be taken up and ratified without delay.”\n\nRichard Rubin contributed to this article.\n\nWrite to Siobhan Hughes at siobhan.hughes@wsj.com",
    "published": "2019-07-16"
  },
  {
    "source": "WSJ",
    "title": "Pemex Seeks to Reverse 15-Year Decline in Oil Output",
    "summary": "Mexico’s state oil company aims to increase investment in the coming years",
    "link": "https://www.wsj.com/articles/pemex-seeks-to-reverse-15-year-decline-in-oil-output-11563307556?mod=Searchresults_pos16&page=8",
    "content": "MEXICO CITY—Mexican state oil company Petróleos Mexicanos plans to ramp up investment with tax breaks and government support over the next three years to raise oil production that has been declining for the past 15 years, government officials said Tuesday.\n\nIn presenting an outline of the company’s long-awaited business plan, Pemex Chief Executive Octavio Romero said It aims to stabilize crude oil production this year at 1.71 million barrels a day by December, and to increase that each year to reach almost 2.7 million barrels a day in 2024.\n\nPemex’s crude output averaged 1.67 million barrels a day in the first five months of the year, compared with 1.82 million barrels a day in all of 2018. Production has fallen steadily since 2004, when it had reached a record 3.4 million barrels a day.\n\nMr. Romero blamed the long decline in production on a lack of investment by the government. At a news conference, he said that since 2011, 45% of investment in Pemex has gone toward exploring deep-water fields in the Gulf of Mexico, which until now “hasn’t produced a single barrel” of oil.\n\nThe government plans to lower a profit-sharing tax that Pemex, as a state-owned company, pays to the treasury to 58% in 2020 from the current 65%, and cut it further the following year to 54%. The tax break will give Pemex around $2.4 billion more to invest next year and $4.4 billion in 2021.\n\nThe business plan has been awaited by investors concerned about the financial situation at Pemex, which is the world’s most indebted oil company with debt of around $106 billion.\n\nFitch Ratings cut Pemex to below investment grade in June, saying it was concerned the company’s increased investment won’t be enough to reverse falling output. Moody’s Investors Service downgraded Pemex in 2015 and 2016, citing falling production and rising debt amid falling oil prices, and has the company at its lowest investment-grade rating with a negative outlook.\n\n“We believe the amounts are underwhelming, the strategy doesn’t solve the main structural problems of the company, and the government confirms that it neither understood the nature nor importance of Pemex’s fragility,” analysts at Citigroup wrote in a report. “In our view, the probability of a downgrade to junk by Moody’s has gone higher.”\n\nMoody’s had no immediate comment.\n\nAfter operating for the past 10 years with net losses, the goal is to get Pemex back into the black financially by 2021, Mr. Romero said. The company would begin lowering its debt in 2022, according to the presentation.\n\n“It’s a relatively weak plan, because it’s based on a misunderstanding of the state that Pemex is in,” said Gonzalo Monroy, an independent energy analyst in Mexico City. “They still think it’s all about money, and how much to invest in Pemex, when the reality is that Pemex does not have the capacity to pursue the reserves that they have now in both shallow and deep water.”\n\nThe plan focuses too heavily on money-losing business lines like refining, Mr. Monroy added. “It’s really unlikely that they will make any money at all from the refinery, and it will probably strain the company’s cash flow even more.”\n\nPemex is pressing ahead with a controversial project to build an $8 billion oil refinery, while also investing to revamp its six existing refineries in a bid to increase fuel output that has plummeted in recent years. It has budgeted around $2.5 billion for the refinery this year and plans to earmark about $2 billion in 2020.\n\nExploration and production efforts will focus mostly on onshore and shallow-water deposits, with private involvement through incentive-based service contracts rather than the joint-ventures that Pemex had made under the 2013 changes that opened the Mexican oil industry to private investment.\n\n“We’re contemplating significant private-sector participation,” Mr. Romero said. Under the service contracts, private companies will be paid per barrel produced, with the amount varying depending on the risk involved in the fields. “This should encourage them to invest and produce more,” he added.\n\nOf the 22 oil fields for which Pemex has awarded service contracts, 12 are expected to start producing oil this year, with the first one in August and others toward the end of the year, Mr. Romero said.\n\nPresident Andrés Manuel López Obrador , who has been critical of the 2013 energy overhaul and put a freeze on new auctions of oil blocks for private firms, said the plan is for the government to support Pemex for three years with budget funds and tax breaks, so that in the last three years of his administration the oil company will have greater output and contribute more to development.\n\nA key to the plan’s success is rooting out corruption at the state company, he added.\n\n“Pemex was one of the most corrupt companies in the world,” Mr. López Obrador said. “The transformation is going ahead and we’re confident we’ll come through. This is a new way of evaluating economic performance because before, corruption wasn’t taken into consideration.”\n\nWrite to Anthony Harrup at anthony.harrup@wsj.com and Robbie Whelan at robbie.whelan@wsj.com",
    "published": "2019-07-16"
  },
  {
    "source": "WSJ",
    "title": "MMT Advocate Calls for Japan to Cancel Sales-Tax Increase",
    "summary": "Modern monetary theory suggests tax increases are needed only when inflation is out of control",
    "link": "https://www.wsj.com/articles/mmt-advocate-calls-for-japan-to-cancel-sales-tax-increase-11563278683?mod=Searchresults_pos7&page=1",
    "content": "Stephanie Kelton, a Stony Brook University economist. Photo: Scott McIntyre/Bloomberg News\n\nJapan should scrap a planned sales-tax increase as the nation needs to focus on stabilizing consumer confidence instead of worrying about its fiscal deficit, said a leading advocate of an unorthodox economic theory known as modern monetary theory.\n\n“You have an economy like ours--most capitalistic economy that runs on sales. That means consumer, household spending is the most important driver of economic activities,” Stephanie Kelton, an economist and MMT advocate who has advised Sen. Bernie Sanders of Vermont, said at a press conference in Tokyo on Tuesday.",
    "published": "2019-07-16"
  },
  {
    "source": "WSJ",
    "title": "Slowing Growth Raises Pressure on China’s Stimulus Efforts",
    "summary": "Expectations grow that Beijing will ease credit to boost spending after GDP growth slows to 6.2%",
    "link": "https://www.wsj.com/articles/china-may-boost-stimulus-to-speed-economy-after-current-efforts-fall-short-11563193843?mod=Searchresults_pos18&page=8",
    "content": "People walk on Shanghai’s Bund with the buildings of Pudong, China's financial and commercial hub, in the background.\n\nBEIJING—A strategy by Chinese policy makers to stimulate the economy with tax and fee cuts hasn’t stopped growth from slowing, stoking expectations that Beijing will roll out more incentives such as easier credit conditions to get businesses and consumers spending.\n\nChinese economic growth slipped to 6.2% in the April-through-June quarter, as measured by gross domestic product, after holding steady at 6.4% in the previous two quarters, official statistics showed Monday.\n\nBarring a modest recovery in June, signs accumulated that business activity struggled to pick up in the quarter. Consumer spending, which Chinese leaders hoped would support growth, is adding to the picture of cooling demand. The breakdown of second-quarter figures shows how roughly 2 trillion yuan ($291 billion) of stimulus, introduced by Premier Li Keqiang in March, is failing to make business owners less risk-averse.\n\n“I wouldn’t say it’s not working, but it’s not as big an impact as people thought,” said Bo Zhuang , an economist at research firm TS Lombard.\n\nThe trade dispute with the U.S. is dragging on China’s economy and creating an uncertain business environment. To avoid the latest round of President Trump’s tariffs, some manufacturers are shifting production out of China, fueling worries about layoffs and declining demand.\n\nFoshan Gaoming Xingnuo Machine Equipment Co.,which produces equipment used in the pharmaceutical, chemical and rubber industries, was supposed to benefit from April’s cut in the value-added tax. Its rate fell to 13% from 16%, but clients then asked for lower prices, and the company still cut its investment this year because of lower revenue and profit, according to Liang Yongwen , a manager.\n\nGrowth Wanes Both investment and consumption are adding less to China's growth. Quarterly GDP, change from a year earlier 14 % 12 10 2Q 2019 6.2% 8 6 4 2 0 2008 ’09 ’10 ’11 ’12 ’13 ’14 ’15 ’16 ’17 ’18 ’19 Contribution to GDP growth 100 % Consumption 75 50 Investment 25 0 Net exports –25 –50 2008 ’09 ’10 ’11 ’12 ’13 ’14 ’15 ’16 ’17 ’18 ‘19 1H Manufacturing investment, change from a year earlier, year-to-date 40 % 35 30 25 20 15 10 5 0 2008 ’09 ’10 ’11 ’12 ’13 ’14 ’15 ’16 ’17 ’18 ’19\n\n“A lot of old clients slashed or canceled their orders this year as they scaled back equipment purchases or stopped expanding their production lines,” Mr. Liang added at a recent trade expo in Beijing.\n\nWhile Beijing has repeatedly said it wouldn’t resort to flooding the economy with credit, economists say it is growing more likely that policy makers will use broad-based measures to ensure economic stability. That would include fiscal and monetary stimulus that risks inflating debt levels.\n\nPolicy makers could lower interest rates, relax borrowing restrictions on local governments and ease limits on home purchases in big cities, economists say. Measures they could use to stimulate consumption include subsidies to boost purchases of cars, home appliances and other big-ticket items.\n\nComplicating stimulus efforts: Total debt climbed in the first quarter to over $40 trillion, or 304% of China’s economy, as measured by GDP, according to data Monday by the Institute of International Finance. The country saw one of the biggest increases in debt ratio among emerging markets during that quarter, after its debt ratio reached 298% at the end of 2018, it said.\n\nAnalysts say Beijing is unlikely to cut benchmark interest rates as it tries to get banks to lower the rates at which they lend. Instead, they say, it could cut the rates at which banks borrow from the central bank and the amount of reserves they have to keep with it.\n\nAlthough policy makers have relaxed controls on credit, Larry Hu , an economist at Macquarie Group, said Beijing has to do more to make credit growth sustainable. He said policy makers might have to artificially create demand for credit by loosening the property sector.\n\nMany companies that sell to the U.S. are vulnerable to the twists and turns of the trade dispute, which is weighing on business sentiment. Battery maker Zhongyin Battery Co., of Ningbo, enjoyed a rush of orders after the U.S. unveiled planned higher tariffs on $200 billion of Chinese goods including the company’s products, said salesman Sun Xiaodong . But the front-loading ended when the 25% duties kicked in. “Buyers don’t want to pay,” he said.\n\nConsumption contributed 60% of economic growth in the first half, down from 76% in the whole of 2018. Growth got a lift from a widening trade surplus, a trend analysts don’t expect to continue, as exports will likely slow faster than imports.\n\nIf Beijing doesn’t dig deeper into its policy tool box, economists predict that growth will gradually trend to the lower end of the official targeted range of 6% to 6.5% for the year. “Domestic demand is anemic,” said Lombard’s Mr. Zhuang, who expects 6.1% growth in the second half.\n\nFixed-asset investment growth slowed to 5.8% in the first half of the year, from 6.3% in the first quarter, weakening across the board, including in property and infrastructure. Manufacturing investment growth slowed to 3% in the first half from 4.6% in the first quarter.\n\nUnderpinning the lack of business demand is a slump in confidence. A survey conducted by private research firm IHS Markit Ltd. showed that business confidence and hiring expectations in June were at their lowest since at least 2009. Less than a 10th of the roughly 7,000 respondents expect an increase in business activity in the next 12 months as companies predict flat profits, the survey found.\n\nGrace Zhu and Liyan Qi contributed to this article.",
    "published": "2019-07-16"
  },
  {
    "source": "WSJ",
    "title": "BHP and the Long Goodbye From Coal",
    "summary": "Large miners are moving away from the thermal coal used to generate power, but getting good prices won’t be easy",
    "link": "https://www.wsj.com/articles/bhp-and-the-long-goodbye-from-coal-11563281253?mod=Searchresults_pos7&page=8",
    "content": "Coal producers face the risk that investors eyeing so-called environmental, social and governance benchmarks will desert them, as well as the possibility that a tougher global carbon regime could crush profits in the not-too-distant future. Photo: jorge silva/Reuters\n\nPower coal has generated big profits for miners over the years, but these days it mostly generates trouble. That doesn’t mean getting out of the business is easy.\n\nAustralian mining giant BHP signaled in May that it is losing interest in thermal coal, and reports in Bloomberg and the Financial Times last week suggested the company is actively exploring possible options for an exit. Rio Tinto, BHP’s Australian rival, divested its last coal assets in 2018. Big miners have increasingly come under pressure to cut exposure to the rock from investors like Norway’s huge sovereign-wealth fund, which in June announced plans to divest significant portions of its fossil-fuel portfolio.",
    "published": "2019-07-16"
  },
  {
    "source": "WSJ",
    "title": "The New Biden Tax",
    "summary": "Just because he’s not as radical as his Democratic rivals doesn’t mean he won’t cost you.",
    "link": "https://www.wsj.com/articles/the-new-biden-tax-11563311322?mod=Searchresults_pos6&page=10",
    "content": "For a candidate who was supposed to be the voice of moderation in the race for the Democratic presidential nomination, Joe Biden spends a lot of time proposing a surge in federal taxes and spending. Recent polling suggests that voters may still be looking for a genuine moderate.\n\nThis week the former vice president proposed his latest gut punch to taxpayers—the creation of a new government insurance plan known as a “public option.” His campaign is projecting a cost of $750 billion over a decade and his website suggests he plans to take it exclusively from rich people:\n\nThe Biden Plan will make health care a right by getting rid of capital gains tax loopholes for the super wealthy. Today, the very wealthy pay a tax rate of just 20% on long-term capital gains. According to the Joint Committee on Taxation, the capital gains and dividends exclusion is the second largest tax expenditure in the entire tax code: $127 billion in fiscal year 2019 alone.\n\nFor the uninitiated, a “tax expenditure” is often Beltway-speak for that portion of your money that politicians aren’t seizing yet but believe they should be entitled to collect. The Biden campaign elaborates:\n\nAs President, Biden will roll back the Trump rate cut for the very wealthy and restore the 39.6% top rate he helped restore when he negotiated an end to the Bush tax cuts for the wealthy in 2012. Biden’s capital gains reform will close the loopholes that allow the super wealthy to avoid taxes on capital gains altogether. The Biden plan will assure those making over $1 million will pay the top rate on capital gains, doubling the capital gains tax rate on the super wealthy.\n\nSome voters might conclude that as long as they are not rich people who like to invest, they have no problem with this plan to finance more government health care. But Mr. Biden has also recently signalled that he wants to raise taxes on companies that reduce their tax liability by investing in new plants and equipment.\n\nHe’s also made clear that his plans for new government spending go well beyond health care. In the prepared text for a speech in Iowa last month, Mr. Biden said:\n\nWe need to be doing everything in our power to confront the climate threat:\n\n• investing in clean energy innovation;\n\n• partnering with farmers and ranchers to develop the next generation of biofuels;\n\n• building clean energy infrastructure, from a nationwide network of charging stations for electric vehicles to a 21st century railroad system;\n\n• putting America on course to becoming a net-zero emissions, clean energy economy by 2050.\n\nIf he means what he says, $750 billion could end up as a rounding error in the Biden spending splurge. So how many times can he raise rates on rich investors before he starts hitting the rest of us? In the same speech in Iowa, Mr. Biden talked more about tax expenditures, but he was less clear on whose money he wants to seize:\n\nWhen I’m president we’re going to have a fairer tax code. We’re going to get rid of hundreds of billions of dollars in tax loopholes that have no economic or societal rationale.\n\nMore and more Democrats seem to be lacking a rationale to support him. Mr. Biden entered the race on April 25th and enjoyed an immediate popularity surge in surveys of Democratic voters. By May 9th he was the presidential choice of more than 41% of Democratic voters, according to the RealClearPolitics average of polls. But his standing soon began to erode and by the end of May he had fallen slightly below 35%. At that time this column was among those asking whether he had already peaked as a candidate. Today Mr. Biden stands just below 28% in the RealClear average. Is it possible that his recent moves leftward have alienated moderates while attracting few radicals?\n\nModerate taxpaying Democrats will have to ponder whether he is credible when saying he can pay for a new government-run health plan by taxing only “super wealthy” investors. On the issue of credibility, Monday’s roll-out was not ideal for the Biden camp. Thomas Beaumont and Bill Barrow of the Associated Press report:\n\nBiden’s aides framed his plan as more fiscally responsible and politically realistic than a single-payer overhaul. The idea behind a public option is to extend coverage to those who can’t afford decent private coverage while forcing corporate insurers to compete alongside the government, theoretically pressuring those firms to lower premiums and out-of-pocket costs for their customers.\n\nThe former vice president did perhaps lay for himself a future trap as he drew distinctions with proposals that would gut private insurance. “I’d like to get people the option: If you like your health care plan, or your employer-based plan, you can keep it,” Biden said. “If in fact you have private insurance, you can keep it.”\n\nIt was reminiscent, at least rhetorically, of Obama promising during the 2009-10 debate: “If you like your doctor, you can keep your doctor. If you like your health care plan, you can keep your health care plan.”\n\nThat ObamaCare whopper turned out to be the greatest consumer fraud of the last decade. Now Mr. Biden is telling another tall tale by claiming that the creation of a huge new government insurance provider will not change the private plans forced to compete with it. Where’s the moderation in that?\n\n***\n\nIn a Related Story\n\nWorst Appeals to Authority?\n\n“Joe Biden says AOC is ‘smart as hell’,” Washington Examiner, July 16\n\n***\n\nFollow James Freeman on Twitter.\n\nSubscribe to the Best of the Web email with one click.\n\nTo suggest items, please email best@wsj.com.\n\n(Teresa Vozzo helps compile Best of the Web. Thanks to Rod Pennington.)\n\n***\n\nMr. Freeman is the co-author of “Borrowed Time,” now available from HarperBusiness.",
    "published": "2019-07-16"
  },
  {
    "source": "WSJ",
    "title": "Slowing Growth Raises Pressure on China’s Stimulus Efforts",
    "summary": "Expectations grow that Beijing will ease credit to boost spending after GDP growth slows to 6.2%",
    "link": "https://www.wsj.com/articles/china-may-boost-stimulus-to-speed-economy-after-current-efforts-fall-short-11563193843?mod=Searchresults_pos15&page=51",
    "content": "People walk on Shanghai’s Bund with the buildings of Pudong, China's financial and commercial hub, in the background.\n\nBEIJING—A strategy by Chinese policy makers to stimulate the economy with tax and fee cuts hasn’t stopped growth from slowing, stoking expectations that Beijing will roll out more incentives such as easier credit conditions to get businesses and consumers spending.\n\nChinese economic growth slipped to 6.2% in the April-through-June quarter, as measured by gross domestic product, after holding steady at 6.4% in the previous two quarters, official statistics showed Monday.\n\nBarring a modest recovery in June, signs accumulated that business activity struggled to pick up in the quarter. Consumer spending, which Chinese leaders hoped would support growth, is adding to the picture of cooling demand. The breakdown of second-quarter figures shows how roughly 2 trillion yuan ($291 billion) of stimulus, introduced by Premier Li Keqiang in March, is failing to make business owners less risk-averse.\n\n“I wouldn’t say it’s not working, but it’s not as big an impact as people thought,” said Bo Zhuang , an economist at research firm TS Lombard.\n\nThe trade dispute with the U.S. is dragging on China’s economy and creating an uncertain business environment. To avoid the latest round of President Trump’s tariffs, some manufacturers are shifting production out of China, fueling worries about layoffs and declining demand.\n\nFoshan Gaoming Xingnuo Machine Equipment Co.,which produces equipment used in the pharmaceutical, chemical and rubber industries, was supposed to benefit from April’s cut in the value-added tax. Its rate fell to 13% from 16%, but clients then asked for lower prices, and the company still cut its investment this year because of lower revenue and profit, according to Liang Yongwen , a manager.\n\nGrowth Wanes Both investment and consumption are adding less to China's growth. Quarterly GDP, change from a year earlier 14 % 12 10 2Q 2019 6.2% 8 6 4 2 0 2008 ’09 ’10 ’11 ’12 ’13 ’14 ’15 ’16 ’17 ’18 ’19 Contribution to GDP growth 100 % Consumption 75 50 Investment 25 0 Net exports –25 –50 2008 ’09 ’10 ’11 ’12 ’13 ’14 ’15 ’16 ’17 ’18 ‘19 1H Manufacturing investment, change from a year earlier, year-to-date 40 % 35 30 25 20 15 10 5 0 2008 ’09 ’10 ’11 ’12 ’13 ’14 ’15 ’16 ’17 ’18 ’19\n\n“A lot of old clients slashed or canceled their orders this year as they scaled back equipment purchases or stopped expanding their production lines,” Mr. Liang added at a recent trade expo in Beijing.\n\nWhile Beijing has repeatedly said it wouldn’t resort to flooding the economy with credit, economists say it is growing more likely that policy makers will use broad-based measures to ensure economic stability. That would include fiscal and monetary stimulus that risks inflating debt levels.\n\nPolicy makers could lower interest rates, relax borrowing restrictions on local governments and ease limits on home purchases in big cities, economists say. Measures they could use to stimulate consumption include subsidies to boost purchases of cars, home appliances and other big-ticket items.\n\nComplicating stimulus efforts: Total debt climbed in the first quarter to over $40 trillion, or 304% of China’s economy, as measured by GDP, according to data Monday by the Institute of International Finance. The country saw one of the biggest increases in debt ratio among emerging markets during that quarter, after its debt ratio reached 298% at the end of 2018, it said.\n\nAnalysts say Beijing is unlikely to cut benchmark interest rates as it tries to get banks to lower the rates at which they lend. Instead, they say, it could cut the rates at which banks borrow from the central bank and the amount of reserves they have to keep with it.\n\nAlthough policy makers have relaxed controls on credit, Larry Hu , an economist at Macquarie Group, said Beijing has to do more to make credit growth sustainable. He said policy makers might have to artificially create demand for credit by loosening the property sector.\n\nMany companies that sell to the U.S. are vulnerable to the twists and turns of the trade dispute, which is weighing on business sentiment. Battery maker Zhongyin Battery Co., of Ningbo, enjoyed a rush of orders after the U.S. unveiled planned higher tariffs on $200 billion of Chinese goods including the company’s products, said salesman Sun Xiaodong . But the front-loading ended when the 25% duties kicked in. “Buyers don’t want to pay,” he said.\n\nConsumption contributed 60% of economic growth in the first half, down from 76% in the whole of 2018. Growth got a lift from a widening trade surplus, a trend analysts don’t expect to continue, as exports will likely slow faster than imports.\n\nIf Beijing doesn’t dig deeper into its policy tool box, economists predict that growth will gradually trend to the lower end of the official targeted range of 6% to 6.5% for the year. “Domestic demand is anemic,” said Lombard’s Mr. Zhuang, who expects 6.1% growth in the second half.\n\nFixed-asset investment growth slowed to 5.8% in the first half of the year, from 6.3% in the first quarter, weakening across the board, including in property and infrastructure. Manufacturing investment growth slowed to 3% in the first half from 4.6% in the first quarter.\n\nUnderpinning the lack of business demand is a slump in confidence. A survey conducted by private research firm IHS Markit Ltd. showed that business confidence and hiring expectations in June were at their lowest since at least 2009. Less than a 10th of the roughly 7,000 respondents expect an increase in business activity in the next 12 months as companies predict flat profits, the survey found.\n\nGrace Zhu and Liyan Qi contributed to this article.",
    "published": "2019-07-16"
  },
  {
    "source": "WSJ",
    "title": "Trump Administration Plans Tighter Asylum Rules at Southern Border",
    "summary": "Migrants who passed through another country first would be ineligible for asylum at the U.S. border, with some exceptions",
    "link": "https://www.wsj.com/articles/trump-prepares-new-rule-for-asylum-seekers-at-southern-border-11563195494?mod=Searchresults_pos4&page=60",
    "content": "Central American migrants who returned to Mexico from the U.S. to await their court hearing slept outside a cathedral in Ciudad Juarez, Mexico, on Sunday.\n\nThe Trump administration moved to dramatically limit Central American migrants’ ability to seek asylum at the U.S. border with Mexico, an escalation of the president’s push to stem the flood of border crossers that is severely straining the U.S. immigration system.\n\nUnder the rule published online on Monday, with limited exceptions, migrants who pass through another country first must seek asylum there rather than at the U.S. border, where they will be ineligible to do so. The vast majority of asylum seekers at the U.S.-Mexico border come from Central America, passing through Mexico, and in some cases Guatemala, first.\n\nThe rule, issued by the Department of Justice and the Department of Homeland Security, takes effect Tuesday. Trump officials said the Immigration and Nationality Act gives the attorney general the authority to set new limitations on who can seek asylum.\n\nImmigrant-rights groups pledged to challenge the new rule in court, arguing it is inconsistent with another portion of the same statute. That section generally allows people to request asylum when they arrive at the U.S., with some exceptions, including those coming through a country deemed “safe” pursuant to a bilateral or multilateral agreement. The U.S. currently has only one such pact, known as a safe-third-country agreement, and that is with Canada.\n\n“The Trump administration is trying to unilaterally reverse our country’s legal and moral commitment to protect those fleeing danger,” said Lee Gelernt , deputy director of the immigrants’ rights program at the American Civil Liberties Union. “This new rule is patently unlawful and we will sue.”\n\nSenior officials in President Trump’s administration have said the surge of families from Guatemala, Honduras and El Salvador fleeing gang violence and poverty for asylum in the U.S. has pushed the nation’s border-security infrastructure beyond its capacity. Officials noted that only a small number of asylum seekers are ultimately granted asylum and said the new rule is also meant to alleviate the strain from a large number of meritless asylum claims.\n\nKevin McAleenan , acting secretary of the Department of Homeland Security, said in a statement: “Today’s action will reduce the overwhelming burdens on our domestic system caused by asylum seekers failing to seek urgent protection in the first available country, economic migrants lacking a legitimate fear of persecution, and the transnational criminal organizations, traffickers, and smugglers exploiting our system for profits.”\n\n“We understand that the U.S. asylum system is under significant strain. And we are ready to play a constructive role if needed in helping alleviate this strain,” U.N. High Commissioner for Refugees Filippo Grandi said.\n\nBut, he added, the measure “will put vulnerable families at risk. It will undermine efforts by countries across the region to devise the coherent, collective responses that are needed.”\n\nTens of thousands of Central American families and unaccompanied children have arrived monthly in the past year, and nearly all have said they intend to apply for asylum. Although the number of people caught crossing the border illegally has declined in the last month, Border Patrol agents are likely to continue to see thousands of such migrants for the rest of the summer, most of whom would be affected by the new asylum rule.\n\nIt isn’t fully clear what will happen to Central American migrants who seek asylum starting Tuesday. As has been the case for other asylum seekers, they will most likely be released into either the U.S. or Mexico with an order that they appear at a future asylum hearing, where the new rule could come into consideration.\n\nShare Your Thoughts How should the U.S. deal with the flood of migrants at the U.S. border? Join the conversation below.\n\nThe new rule wouldn’t affect the roughly 20,000 mostly Central American asylum seekers in Mexico awaiting U.S. court dates. It also contains exceptions for people denied asylum in another country or victims of human trafficking.\n\nU.S. and Guatemalan officials were due to discuss a safe-third-country agreement on Monday, but President Jimmy Morales of Guatemala abruptly canceled after Guatemala’s Constitutional Court issued an injunction late Sunday night prohibiting him from signing such a pact.\n\nMonday’s proposed rule change comes a month after Mexico and the U.S. reached an agreement under which Mexico pledged to step up efforts to stem the surge of Central American migration in return for the U.S. not imposing broad tariffs on Mexican imports. As part of that deal, Mexico agreed to review its efforts after 45 days, and if they were judged to be insufficiently effective, to consider another solution to the problem, including signing a safe-third-country agreement with the U.S.\n\nMexico’s foreign secretary, Marcelo Ebrard , said Monday that he didn’t consider the Trump administration’s change to asylum rules a violation of that agreement.\n\n“Mexico defends and has another legal system and another approach to asylum,” Mr. Ebrard said. “We don’t see this as a violation of some sort of bilateral agreement.”\n\nMeanwhile, Mexican authorities and civil-society groups have been grappling with a surge of migrants stranded in towns on the Mexican side of the U.S. border as a result of the tougher measures already implemented by the Trump administration.\n\nA metering system instituted by the administration has allowed only a limited number of asylum seekers to request asylum every day, forcing the rest to stay in Mexico for weeks or months until their numbers are called. And some of those who manage to request asylum then return to Mexico to await their hearings in U.S. immigration court. The asylum cases sometimes take months or years to finish.\n\nSome 18,700 asylum seekers are on metering lists in Mexican border towns, according to estimates from the Robert Strauss Center at the University of Texas at Austin. In addition, there are the roughly 20,000 asylum seekers who have been sent back to Mexico to await court dates in the U.S. The vast majority come from Guatemala, Honduras, El Salvador and Cuba.\n\nThreatened with tariffs from the U.S., Mexico recently agreed to enforce its border with Guatemala. The country now has less than a month to contain surging migration from Central America. WSJ’s Santiago Perez travels to southern Mexico to see the effects of increased border enforcement. Photo Illustration: Drew Evans/ Video: Jake Nicol/​WSJ\n\nEven as more asylum seekers turn up, the number of migrants allowed to request asylum at U.S. ports of entry under this system has slowed down significantly in recent weeks, according to Mexican migration officials and rights activists.\n\nIn the past, U.S. authorities took as many as 130 people on a daily basis.\n\n“Now, two or three days would pass without allowing anyone in, and migrants get desperate,” said Rogelio Pinal, head of the human rights unit of the border city of Ciudad Juárez, Mexico.\n\nThere, local authorities, volunteers and migrant shelter workers are scrambling to cope with the swelling numbers. In the past, migrants would spend just a few days in shelters before resuming their trek north. Now, foreign asylum seekers face stays that could extend for months, if not years, says the Rev. Javier Calvillo, a Catholic priest who runs the church-backed Casa del Migrante shelter.\n\n“Most of them return [from trying to request asylum] defeated, starving and in crisis,” he said. About half of them try to get in touch with human smugglers known as coyotes to try their luck again—this time via illegal means.\n\nAt the Buen Pastor shelter run by Methodist pastor Juan Fierro, dozens of migrant families push aside the wooden benches of his temple to sleep on the floors. He is now planning to boost capacity by adapting a warehouse across the street.\n\nWhile U.S. authorities initially returned mostly Central American adult males to wait in Mexico, now they are returning growing numbers of single mothers with children, pregnant women and minors with health conditions, say local officials and migrant volunteers.\n\nHowever dire the migrants’ situation is on both sides of the border, signs have emerged that the U.S.’s campaign of pressure on the Mexican government has borne results. Under the deal that averted a threat of punitive U.S. tariffs on Mexican imports, Mexico agreed in early June to deploy thousands of members of its newly created National Guard to stem the surge in migration from Central America to the U.S.\n\nAs a result, Mexico sharply increased detentions of migrants seeking to illegally cross the border into the U.S. in June, hitting a record just weeks after the bilateral agreement was signed. Mexico’s efforts were also a big factor in the 28% drop that month in U.S. arrests of people crossing illegally or requesting asylum at ports of entry.\n\nAt the Annunciation House shelter in El Paso, Texas, the largest shelter for migrants in the U.S., the number of arrivals has dropped to 600 a week from as many as 6,000 a week in the first three months of 2018, says Rubén García , the shelter’s director.\n\nJosé de Córdoba and Robbie Whelan contributed to this article.\n\nCorrections & Amplifications\n\nA new rule on asylum seekers is being issued by the Department of Justice and the Department of Homeland Security. An earlier version of this article misidentified the second agency as the Department of Health and Human Services. (July 15, 2019)\n\nWrite to Sadie Gurman at sadie.gurman@wsj.com and Santiago Pérez at santiago.perez@wsj.com",
    "published": "2019-07-16"
  },
  {
    "source": "WSJ",
    "title": "Trucking Stocks Race Higher on J.B. Hunt’s Good News",
    "summary": "Upbeat report signals transport sector could be in for a recovery",
    "link": "https://www.wsj.com/articles/trucking-stocks-race-higher-on-j-b-hunts-good-news-11563293289?mod=Searchresults_pos10&page=46",
    "content": "America’s trucking companies are revving up thanks to an upbeat report from J.B. Hunt Transport Services JBHT 0.98 %increase; green up pointing triangle , signaling the transport sector could be turning a corner.\n\nJ.B. Hunt jumped 5.6% Tuesday following the release of its latest quarterly results. Other transportation companies rallied, too, with Knight-Swift Transportation up 6.3% and Hub Group rising 1.9%.\n\nOn the surface, the report seemed like a mixed bag: J.B. Hunt’s earnings actually fell short of analysts’ estimates, while revenue merely matched expectations.\n\nWhat sent the stock higher, analysts say, were some hidden nuggets: A unit of the company that provides outsourced trucking services delivered a better-than-expected $680 million in revenue in the second quarter. That is a good sign for other companies like Knight-Swift Transportation and Hub Group that offer similar services, Cowen analyst Jason Seidl wrote in a note.\n\nCompany officials also offered a relatively upbeat outlook for the months ahead, a reassuring sign for investors who have been worried about the environment for truckers. Though carriers enjoyed record profits in 2018, 2019 has been a tougher year, owing in part to a slowdown in industrial growth and uncertainty over trade policy.\n\nJ.B. Hunt officials suggested the tide might be turning.\n\n“From a demand perspective, our customers are optimistic,” said Shelley Simpson , chief commercial officer, on the company’s earnings call. “They did recognize the level of inventory that they brought in [was] incremental to avoid what was happening around tariffs, but they’re starting to work through that inventory and feel better about the back half of the year.”\n\nWrite to Akane Otani at akane.otani@wsj.com",
    "published": "2019-07-16"
  }
]