[
  {
    "source": "WSJ",
    "title": "Latest Round of Stock Volatility Adds to August Turbulence",
    "summary": "Equities, commodities and bond yields roiled by escalation of tariff dispute",
    "link": "https://www.wsj.com/articles/latest-round-of-stock-volatility-adds-to-august-turbulence-11566738001?mod=Searchresults_pos1&page=14",
    "content": "Stocks enter the final week of August coming off one of their rockiest stretches of 2019, the latest example of tariff-induced volatility that has some investors bracing for more fluctuation.\n\nWith the S&P 500’s 2.6% drop Friday, the broad equity index brought its average daily swing above 1% for a third consecutive week, the longest such streak of the year, according to Dow Jones Market Data. Stocks averaged a daily move of about 0.5% from mid-June to early August.\n\nIn another sign of investor anxiety, the Cboe Volatility Index, or VIX, logged a fourth consecutive weekly increase. Wall Street’s “fear gauge” measures expected swings in the S&P 500 and tends to move inversely to stocks. Commodities including oil and bond yields have also been volatile, with analysts worried that new tariffs will further weaken the world economy.\n\nMarkets had shown signs of stabilizing before China announced new tariffs on U.S. imports Friday and President Trump responded by ordering U.S. companies doing business in China to explore relocating. The latest developments in the monthslong trade dispute between the world’s two largest economies stoked fresh fears that an overseas economic slowdown will engulf the U.S. and hurt consumers.\n\nThis week, investors will parse figures on July consumer spending and another estimate of second-quarter gross domestic product to gauge whether the U.S. can continue outpacing the rest of the world. Upbeat July retail sales figures and strong earnings from companies including Target Corp. TGT -1.12 %decrease; red down pointing triangle and Lowe’s LOW 0.18 %increase; green up pointing triangle Cos. have offered encouraging signals about the health of the consumer.\n\nDespite recent market swings, some analysts are still hopeful that lower interest rates and an eventual U.S.-China trade compromise will improve the outlook for the world economy. While protectionist trade policies have dented manufacturing activity and limited business investment, some analysts are confident challenges to U.S. consumers won’t halt spending and economic growth.\n\n“We don’t see them actually showing up in the real economy yet, and for that reason we don’t think a recession is imminent,” said Nela Richardson, an investment strategist at Edward Jones, adding that she expects stocks to perform better than bonds.\n\nAt the same time, some analysts fear that the signals from the bond market and measures of investor confidence could cause more volatility.\n\nBond prices, which rise as yields fall, have surged with some investors seeking safety in Treasurys recently. The movement toward bonds has pushed longer-term Treasury yields to multiyear lows and caused one closely watched section of the yield curve, the gap between two- and 10-year yields, to invert.\n\nSuch inversions in which shorter-term yields eclipse longer-term yields have preceded past recessions, though the timing between inversions and slowdowns has varied and stocks have often rallied for months following such a move. On Friday, the 10-year yield fell below the two-year yield on a closing basis for the first time since 2007.\n\nPrices for commodities vital to construction and manufacturing have dropped in August, with investors expecting demand to weaken alongside economic activity. Copper fell Friday to its lowest level since May 2017, while a 2.1% decline in oil prices brought crude’s month-to-date decline to 7.5%.\n\nThose moves have prompted traders to increase wagers on lower interest rates. Federal-funds futures show nearly 90% of investors expect the Federal Reserve to cut rates at least two more times this year, CME Group data show. That is up from about 57% a month ago.\n\nMinutes from the central bank’s July meeting published last week showed officials expected trade uncertainty to continue, though they were reluctant to say how future adjustments to rate policy would unfold. Fed Chairman Jerome Powell said early Friday that the central bank was prepared to provide more stimulus if the global-growth slowdown spreads to the U.S.\n\nThe bets on lower interest rates have pushed some investors toward shares of companies with more-stable businesses and larger dividends. The S&P 500 utilities, real-estate and consumer-staples sectors—areas typically viewed as safer—are the only groups in the index that have risen this month.\n\nOther destinations for safety such as gold outpaced the broader market on Friday, with the haven metal rising almost 2% to a six-year high.\n\nShare Your Thoughts How have your stocks performed in August? What changes do you expect to make? Join the conversation below.\n\nWrite to Amrith Ramkumar at amrith.ramkumar@wsj.com",
    "published": "2019-08-24"
  },
  {
    "source": "WSJ",
    "title": "G-7 Summit Off to Rocky Start as U.S. Officials Assail France",
    "summary": "French president is accused of ignoring Washington’s input and focusing event on ‘niche’ issues",
    "link": "https://www.wsj.com/articles/world-leaders-meet-in-france-amid-divisions-over-trade-and-the-environment-11566645707?mod=Searchresults_pos15&page=78",
    "content": "BIARRITZ, France—The Group of Seven summit got off to a turbulent start Saturday as U.S. officials privately criticized President Emmanuel Macron for his handling of the meeting after the French leader invited President Trump to an impromptu lunch to press him on issues ranging from Iran to the fires in the Amazon.\n\nHours after Mr. Trump arrived in France, U.S. officials privately accused Mr. Macron of ignoring Washington’s input ahead of the event and of focusing its agenda on “niche” issues, such as climate change and development in Africa, to appeal to the French president’s political base.\n\nClimate change was a major focus of last year’s G-7, too, and other world leaders said the issue was a priority ahead of this year’s summit, particularly as fires raging in the Amazon have prompted concerns about damage to the region’s ecosystem and the global environment.\n\nThe flurry of criticism came after Mr. Macron intercepted Mr. Trump moments after his arrival in Biarritz, inviting him to a tête-à-tête lunch without any of their aides at the table. The two hadn’t been scheduled to meet one-on-one.\n\nMr. Macron used the lunch to explain his position on contentious issues, such as global trade tensions, France’s tax digital services and his push to de-escalate tensions between the U.S. and Iran, according to a senior French official. Mr. Macron also pressed Mr. Trump to help preserve and manage the Amazon rain forest, the official said. Mr. Trump has said the U.S. is ready to assist.\n\nThe leaders also discussed the European Union’s “unfair trade tactics,” according to a U.S. official, who added that the U.S. president raised France’s “discriminatory” tax on U.S. tech companies.\n\nMr. Macron has taken an untraditional approach to this year’s G-7 by forgoing months of negotiation over the statement the club of nations usually issues at the end of the summit, and opening up the sessions to more informal debates. Mr. Macron decided to ditch such conventions after last year’s G-7 when Mr. Trump directed his representatives not to sign the communiqué after he had departed the summit.\n\nOn Saturday, U.S. officials accused the French of privately blaming the White House in conversations with other countries for not wanting to reach a consensus ahead of the summit—a notion U.S. officials rejected. The U.S. does, however, support not issuing a joint communiqué this year, saying such statements have become a “catchall,” officials said.\n\nA close aide to Mr. Macron denied that French officials had blamed the U.S. for the lack of consensus. France never intended to antagonize the U.S. and the lunch between the two leaders went very well, the aide added.\n\nMoments after Mr. Trump accepted the French leader’s lunch invitation, he was brought to a small table bedecked with a white tablecloth, pink roses and two chairs. TV cameras also awaited.\n\n“We actually have a lot in common. We’ve been friends for a long time. Every now and then we go at it a little bit, not too much,” Mr. Trump said before the media was whisked out of the area.\n\nPresident Trump has lunch with French President Emmanuel Macron, on the first day of the G-7 summit at the Hotel du Palais in Biarritz. Photo: ludovic marin/pool/Shutterstock\n\nThe previous evening, as he departed for France, Mr. Trump threatened that if Mr. Macron moved forward with a tax on U.S. tech companies, “we’ll be taxing their wine, or doing something else.”\n\nU.S. and French officials also clashed Saturday over whose idea it was to hold a session on Sunday focused on the global economy. U.S. officials said that the session wasn’t on the draft agenda the White House received in early July and that it subsequently enlisted Germany and Japan to jointly request such a meeting. They added they were surprised by the absence of such a session given that the economy has typically been a focus for the summit.\n\nA copy of a draft agenda in June viewed by The Wall Street Journal included a session on the global economy and trade on Sunday morning. European officials disputed that it was added at the U.S.’s request.\n\nWhile French and U.S. aides bickered, other world leaders attending the summit called for harmony—even as they took swipes at Mr. Trump and his policies. Before his lunch with the U.S. president, Mr. Macron said, “We need to succeed in having a de-escalation and avoid this commercial war that is spreading everywhere.”\n\nGerman Chancellor Angela Merkel before traveling to Biarritz also called for joint problem solving. “Talking with each other is certainly better than talking about each other, and the G-7 is an excellent opportunity for that,” Ms. Merkel said in a video message published on Saturday.\n\nEuropean Council President Donald Tusk earlier Saturday criticized Mr. Trump for using “tariffs and taxation as a political instrument” that risks destabilizing the global economy and criticized the president’s call for Russia to rejoin the G-7, saying Ukraine should be invited to join instead. But Mr. Tusk also warned against focusing on “senseless disputes among each other.”\n\n“The last years have shown that it is increasingly difficult for all of us to find common language when the world needs our cooperation more, not less,” he said in a news conference.\n\nTensions aren’t expected to abate in the remaining two days of the summit, which in recent years has become an annual tug of war between leaders trying to preserve decades of international cooperation and ones like Mr. Trump, who wants to use the forum to push his nationalist agenda.\n\nShare Your Thoughts Which economic policies do you think President Trump should highlight when he addresses the G7 on Sunday? Join the conversation below.\n\nBeyond the U.S. and France, the G-7 includes Japan, Germany, Italy, the U.K. and Canada.\n\nThe Sunday morning session on the economy is expected to be particularly combative. There, Mr. Trump is expected to tout his economic policies to a group of leaders that have largely rebuked his approach, while contrasting his efforts with those of fellow G-7 members.\n\nMr. Trump arrived in France after a turbulent week in Washington, where the trade war with China sent stocks and government bonds tumbling amid new concerns about global growth and the potential for a recession.\n\nAfter he concluded his lunch with Mr. Macron, the president took to his Twitter account, where he said he was “being sarcastic” when he declared himself “the chosen one” to take on China earlier this week and promised a middle-class tax cut if he were re-elected next fall. He promised the same thing ahead of the 2018 elections; no such tax cut has materialized in the nine months since.\n\nBritish Prime Minister Boris Johnson, who is making his G-7 debut, Saturday warned that rising trade barriers risk hampering global growth. He also sought to play down fears that Britain’s departure from the European Union would lessen the U.K.’s clout on the global stage. Mr. Johnson is expected to use the G-7 as a platform to burnish Britain’s close relationship with the U.S., as his administration hopes to sign a trade deal soon after Brexit.\n\nOn Friday, France threatened Brazil with pulling out of the trade deal between the European Union and the Mercosur group of South American nations, accusing Brazilian President Jair Bolsonaro of lying about his country’s efforts to protect the environment.\n\nThe trade deal between the EU and Mercosur would create a bloc of 780 million people representing a quarter of the world’s economy. The accord still requires the approval of member states and the EU’s legislature, a difficult undertaking if powerful EU countries such as France are opposed.\n\nAbout 370 square miles of Amazonian forest, equivalent to the size of Indianapolis, were lost in June, an 88% increase from the same month a year earlier, according to preliminary data from Brazil’s Space Agency, Inpe, which is in charge of monitoring deforestation.\n\nForest fires, most set intentionally to clear land, have also ravaged the Amazon over recent weeks, blanketing Brazilian cities in thick smog. While forest fires are common in Brazil during the drier months in the middle of the year, environmentalists say Mr. Bolsonaro’s efforts to reduce enforcement action against deforestation have encouraged land grabbers to slash and burn the forest.\n\nMs. Merkel said one of the goals of the meeting is to make sure everything is done to stop the rain forest from burning. “Emmanuel Macron is right: Our house is burning and we mustn’t remain silent about it,” she said.\n\nValentina Pop, Max Colchester in Biarritz, France, and Ruth Bender in Berlin contributed to this article.\n\nWrite to Rebecca Ballhaus at Rebecca.Ballhaus@wsj.com, Noemie Bisserbe at noemie.bisserbe@wsj.com and Stacy Meichtry at stacy.meichtry@wsj.com",
    "published": "2019-08-24"
  },
  {
    "source": "WSJ",
    "title": "What’s News: World-Wide",
    "summary": "This copy is for your personal, non-commercial use only. Distribution and use of this material are governed by our Subscriber Agreement and by copyright law. For non-personal use or to order multiple copies, please contact Dow Jones Reprints at 1-800-843-0008 or visit www.djreprints.com.",
    "link": "https://www.wsj.com/articles/whats-news-world-wide-11566611259?mod=Searchresults_pos14&page=35",
    "content": "This copy is for your personal, non-commercial use only. Distribution and use of this material are governed by our Subscriber Agreement and by copyright law. For non-personal use or to order multiple copies, please contact Dow Jones Reprints at 1-800-843-0008 or visit www.djreprints.com.\n\nhttps://www.wsj.com/articles/whats-news-world-wide-11566611259",
    "published": "2019-08-24"
  },
  {
    "source": "WSJ",
    "title": "BOE’s Carney Says Trade War Imperils Global Growth",
    "summary": "‘The lesson from the Brexit is that these effects can be material’",
    "link": "https://www.wsj.com/articles/boes-carney-says-trade-war-imperils-global-growth-11566667594?mod=Searchresults_pos14&page=37",
    "content": "JACKSON HOLE, Wyo.—Bank of England Gov. Mark Carney said global growth prospects are flagging due to a trade war pursued by Washington, creating new challenges for economic policy makers.\n\n“The pickup that we’ve been expecting in global growth has not transpired,” Mr. Carney said in an interview Friday on the sidelines of the Federal Reserve Bank of Kansas City’s annual symposium in the Grand Teton National Park. “When we trace it, it’s not because of Fed policy. It’s not because of global financial conditions. It’s not because of Chinese deleveraging, which has been suspended.”\n\nThe one factor driving the latest slowdown “is a trade war” fueled by escalating tariffs between the U.S. and China and the threat of U.S. tariffs on other trading partners in Europe and Mexico, Mr. Carney said. “Certainly, the U.S. is involved in the theaters—all of the theaters—in this war,” he said.\n\nMr. Carney spoke shortly after President Trump announced he was stiffening tariffs on Chinese imports after Beijing unveiled its own new levies on U.S. goods and ahead of this week’s summit of world leaders in France.\n\nMr. Carney echoed worries from other central bankers gathered here that the trade war was harming business confidence, leading to a visible pullback in investment that could eventually imperil job growth, which has been healthy.\n\n“The big news in corporate earnings was, over the course the last 12 months, in terms of earnings expectations for this year and next year [are] coming off quite sharply in all major jurisdictions,” he said.\n\nHe warned that the U.S. and global economy could see the same kind of investment chill that has led to a slump in the U.K. over its yearslong, hard-to-predict separation from the European Union. The BOE estimates business investment is nearly 25 percentage points below what might otherwise had been expected before the 2016 Brexit referendum.\n\n“The lesson from the Brexit is that these effects can be material,” he said. “The lesson is you can have something of that order of magnitude.”\n\nThe British economy unexpectedly contracted in the second quarter as uncertainty over the country’s planned departure from the EU on Oct. 31 took its toll on business confidence.\n\nMr. Carney’s challenge leading the U.K. central bank through the political minefield of Brexit is similar in some ways to the challenges Fed Chairman Jerome Powell faces in calibrating U.S. monetary policy to address the potential fallout from a confidence shock generated by the trade war. Both central banks face an increasingly uncertain economic outlook driven by political decisions that are almost impossible to predict.\n\nMr. Carney, a Canadian, took the helm of the BOE in 2013. His term expires in January.\n\nShare Your Thoughts How do you feel about global growth after seeing what Carney had to say? Join the conversation below.\n\nIn a speech Friday, Mr. Carney floated a proposal to have central banks create a digital currency to replace the dollar’s role in the global economy, offering a novel solution to concerns about the greenback’s status as the world’s foremost reserve currency.\n\nMr. Carney said the dollar’s “domineering” place in world trade and the global financial system had created challenges for both the Fed and for policy makers outside the U.S. in managing inflation and safeguarding financial stability. He argued that elevating another currency would re-create the same problem and said the global economy would be better served by multiple reserve currencies.\n\nConcerns about the dollar’s outsize status aren’t new. Though the U.S. and other Western countries’ share of global economic activity has declined, the greenback remains the principal currency for settling international trade and issuing securities, and the favored currency for government reserves.\n\nThe question at the heart of his proposal was “how do we optimize the system that we have?” said Mr. Carney in the interview. “I’m not saying replace the dollar tomorrow.”\n\nBut he said the primacy of the U.S. in international finance wasn’t assured indefinitely, and policy makers should be thinking now about that transition.\n\n“The hegemon doesn’t get to keep being the reserve currency once they’re no longer the hegemon—they retain that role for much longer than one might expect, but ultimately, they lose it,” Mr. Carney said.\n\nMr. Carney said he wasn’t concerned that recent attacks on the Fed by President Trump would compromise the institution’s independence to set policy. Mr. Trump has criticized the Fed in increasingly vicious terms for not moving faster to cut interest rates. His attack Friday calling Mr. Powell an enemy of the state shocked conference attendees.\n\n“The Fed and Chair Powell are absolutely focused on achieving” its inflation and employment goals “and they call them like they see them,” said Mr. Carney, who said he had full confidence in the Fed.\n\nJason Douglas contributed to this article.\n\nWrite to Nick Timiraos at nick.timiraos@wsj.com",
    "published": "2019-08-24"
  },
  {
    "source": "WSJ",
    "title": "Emerging and Growth Markets, August 24th 2019",
    "summary": "Note: This is a web-version of the WSJ’s weekly Emerging & Growth Markets newsletter. Click here to receive the newsletter in your inbox.",
    "link": "https://www.wsj.com/articles/wsj-emerging-and-growth-markets-august-24th-01566659470?mod=Searchresults_pos11&page=52",
    "content": "Note: This is a web-version of the WSJ’s weekly Emerging & Growth Markets newsletter. Click here to receive the newsletter in your inbox.\n\nNigerian president swears in new cabinet for second term. Almost six months after he won a second term as Nigeria’s president, Muhammadu Buhari on Wednesday swore in a new cabinet of 43 ministers and reappointed himself as minister of petroleum resources, Obafemi Oredein reports. Almost a third of the ministers are reappointees from the preceding government, prompting concern that the government will do little to revive Nigeria’s flagging economy.\n\n“Though the appointments bring an end to several months of speculation [we] should not expect much in the way of business-friendly reforms,” said William Attwell, an Africa analyst at DuckerFrontier said.\n\nFitch this week criticized the West African nation’s financial management, warning that Nigeria’s effort to juice the economy by encouraging banks to lend conflicted with its desire to maintain a stable exchange rate. “Attempts to reconcile competing goals through unconventional macroeconomic management and weaknesses in policy settings are raising medium-term vulnerabilities to shocks, which could make the economy more exposed to falling oil prices or disruptions to hydrocarbon production,” the ratings firm said.\n\nSouth Sudan oil prospects brighten after new discovery. A consortium led by China National Petroleum Corp. announced a new crude oil discovery in South Sudan’s northern oilfields this week, Nicholas Bariyo writes. According to the country’s oil minister Awow Daniel Chuang, the new discovery holds more than 300 million barrels of recoverable oil, and could be even greater if two other wells being drilled yield recoverable oil.\n\nWar-torn South Sudan has 3.5 billion barrels of proven oil reserves, the third largest in sub-Saharan Africa, but 70% of its territory remains underexplored. Oil production has jumped nearly 40% to 180,000 barrels per day following the resumption of pumping in redundant fields affected by the civil war.\n\nAsia\n\nManufacturers face hurdles trying to move production to Vietnam. Supply chain constraints and a tightening labor market are hindering companies’ plans to move production to Vietnam from China, Niharika Mandhana reports. The specialized supply chains that made China a production powerhouse for smartphones and aluminum ladders and vacuum cleaners and dining tables are nowhere near as developed in Vietnam. Factories with U.S.-focused safety certifications and capital-intensive machinery aren’t as easy to find.\n\nAnd Vietnam, with less than one-tenth China’s population, is already running into labor shortages as global manufacturers rush to set up shop here to avoid U.S. tariffs. “You can’t just shift your business to Vietnam and expect to find what you’re looking for,” Wing Xu, the operations director for Omnidex Group, which helps make large pumps for Pennsylvania-based industrial equipment manufacturer McLanahan Corp., said.\n\nDespite the problems, Vietnam is seeing a surge of interest from manufacturers. Industrial parks have been flooded with inquiries. Ho Chi Minh City-based Seditex Co. Ltd., which connects foreign firms to local factories, began receiving 20 requests a week after tariffs were increased last September, up from 20 a month.\n\nLatin America\n\nArgentina’s presidential hopeful tries to reassure investors.Having transformed from a little-known politician to the next likely president of Argentina, Alberto Fernández moved this week to address investors’ concerns about the return to power of the Peronist movement, Ryan Dube reports. Mr. Fernández said at a conference on Thursday that his government wouldn’t default on Argentina’s debt, but it would discuss restructuring the debt.\n\nBond investors were apparently unimpressed, pushing the value of the country’s recently issued 100-year bonds down further toward the low they hit immediately after this month’s primary election that saw Mr. Fernández trounce his opponent, incumbent President Mauricio Macri. The benchmark Merval equity index fared worse, slumping on Thursday and Friday to end the week down 12.6%, bringing the total fall over the past two weeks to more than 40%.\n\nRatings firm Fitch this week said the recent slump in the Argentine peso “suggests a real risk of default.” Jan Dehn, global head of research at fund manager Ashmore, takes a more optimistic view: “Argentina has such a rich history of failure, [which] often leads to excessive market reactions, which can present opportunities,” he said. “The recent sell-off in Argentinian assets has gone too far. Current prices constitute an opportunity to buy.”\n\nU.S. and Venezuela hold secret talks. The Trump administration has been secretly talking with top aides of Nicolás Maduro in an effort to push Venezuela’s authoritarian president from power and clear the way for free elections in the economically devastated country, José de Córdoba, Juan Forero and Vivian Salama report.\n\nAccording to officials in Caracas and Washington familiar with the discussions, the talks have involved powerful Maduro lieutenant Diosdado Cabello, who heads the country’s National Constituent Assembly and has been put under sanctions by Washington for alleged involvement in drug trafficking, and other important backers of the president in an effort to find a negotiated solution to the country’s crisis.\n\nThe U.S. is pushing for democratic elections that would give opposition politicians, including Juan Guaidó, whom Washington considers Venezuela’s legitimate leader, a chance to take power. For Mr. Cabello, an essential goal is to receive assurances from the U.S. that he and others can remain in politics in Venezuela and not face sanctions if the regime loses power, according to a Venezuelan with high-level connections to both sides of the country’s political divide as well as to the U.S. government.\n\nKEY STORIES FROM THE WSJ\n\nJumia fires employees after investigation of sales practices. (WSJ)\n\nPakistan extends powerful army chief’s term. (WSJ)\n\nYoung Kashmiris, angry at India’s policy shift, pledge to resist. (WSJ)\n\nYemen demands U.A.E.’s expulsion from Saudi-led coalition. (WSJ)\n\nIranian tanker heads to Greece after leaving Gibraltar. (WSJ)\n\nAROUND THE WEB\n\nSlavery’s 400-year anniversary brings tourist boom to Ghana. (Christian Science Monitor)\n\nAbdalla Hamdok appointed new prime minister as Sudan embarks on transition to civilian rule. (BBC)\n\nPolice and soldiers patrol Zimbabwe's Bulawayo as opposition protest is thwarted. (Reuters)\n\nSADC urges U.S. and EU to lift Zimbabwe sanctions. (Africa News)\n\nPresidents of Rwanda and Uganda sign pact to ease tensions. (Al Jazeera)\n\nMalawi’s president says protests at borders and airports will be met with force. (Malawi24)\n\nEgypt joins rate-cutting party. (EgyptToday)\n\nPakistan accuses India of using water as a weapon in Kashmir. (SCMP)\n\nSri Lanka cuts rates in attempt to revive sagging economy. (ColomboPage)\n\nTensions rise as Vietnam demands Chinese ship leave disputed waters. (SCMP)\n\nChina urges Philippines to ban online gambling. (Reuters)\n\nCambodia to ban online gambling, citing threat to social order. (Bangkok Post)\n\nRomanian stock market emerges as a safe haven amid global turmoil. (Bloomberg)",
    "published": "2019-08-24"
  }
]