[
  {
    "source": "WSJ",
    "title": "Latest China Tariffs Will Cost $831 per Household, Report Says",
    "summary": "Increase in levies will result in higher prices paid by U.S. importers and consumers, according to NY Fed",
    "link": "https://www.wsj.com/articles/latest-china-tariffs-will-cost-831-per-household-report-says-11558637654?mod=Searchresults_pos13&page=1",
    "content": "Shipping containers at the Port of Los Angeles. A New York Fed report said the U.S. economy stands to take a hit from higher tariffs as companies buy more from suppliers outside China at higher prices.\n\nThe Trump administration’s latest increase in tariffs on Chinese imports is costing the average U.S. household $831 a year through higher prices and reduced economic efficiency, according to a paper published by the Federal Reserve Bank of New York.\n\nThe tariffs, which essentially impose taxes on imported goods, will result in higher prices paid by importers and consumers, the New York Fed’s report said.\n\nIn addition, it said, the U.S. economy stands to take a hit as companies buy more from suppliers outside China at prices higher than they paid before the tariffs. That shift means U.S. importers are paying more, but the additional money isn’t going into the U.S. Treasury.\n\nThe boost in the tariff rate is likely to accelerate the shift to other suppliers, the New York Fed report said.\n\n“These higher tariffs are likely to create large economic distortions and reduce U.S. tariff revenues,” economists Mary Amiti , Stephen Redding and David Weinstein wrote in the report. “Very high tariff rates can…cause tariff revenue to fall as buyers of imports stop purchasing imports from a targeted country and seek out imports from (less efficient) producers in other countries.”\n\nSome of the higher tariffs on Chinese imports have been passed on to U.S. consumers, such as those on washing machines, an IMF report said. Photo: Spencer Platt/Getty Images\n\nMr. Trump this month raised the tariff rate on approximately $200 billion in goods imported from China to 25% from 10% as talks on a deal to remove the levies hit an impasse. The Trump administration is also considering tariffs on most of the remaining $300 billion in imports from China, but the Fed paper didn’t consider those tariffs when estimating the impact on households.\n\nMr. Trump has sought to use tariffs to reduce the trade balance, shift manufacturing back to the U.S. and bring trading partners to the negotiating table to improve overseas conditions for U.S. exporters and investors.\n\nTechnically, tariffs must be paid by the company importing goods to the U.S. Importers can choose to pass that cost on to customers in the form of higher prices. Or they can choose to minimize price increases, reducing their profit margins. They can also seek lower prices from their Chinese suppliers to offset the cost of the tariffs.\n\nPresident Trump has said that China pays the tariffs. But several recent studies have concluded that the additional costs have been borne by U.S. importers and consumers.\n\nHas the relationship between the U.S. and China simply hit a speed bump or are the events of the last several days a sign of something more serious? WSJ's Gerald F. Seib explains. Photo: Getty\n\nOne of those reports, prepared by the same authors for the National Bureau of Economic Research in March, estimated that last year’s tariffs on Chinese imports cost the typical household $414 a year. Their latest estimate, of a cost to households of $831 a year, would be in addition to that.\n\nThe authors estimate that of the $831 in additional costs per household, $211 of that will come from tariffs paid on Chinese imports and $620 from the economic effect of buying high-price goods from other countries without a boost to U.S. tariff revenue.\n\nIn a separate report Thursday from the International Monetary Fund, economists used import data to quantify sudden jumps in U.S. prices for goods when tariffs were introduced.\n\n“Some of these tariffs have been passed on to U.S. consumers, like those on washing machines, while others have been absorbed by importing firms through lower profit margins,” economists Eugenio Cerutti , Gita Gopinath and Adil Mohommad said.\n\nAt the same time, the IMF economists said the increase in tariffs imposed by the U.S. and retaliatory duties from China have had a limited effect so far on the trade balance between the two countries.\n\nWrite to William Mauldin at william.mauldin@wsj.com",
    "published": "2019-05-23"
  },
  {
    "source": "WSJ",
    "title": "Logistics Bottlenecks Hamper Efforts to Produce Less in China",
    "summary": "Firms looking to shift some production to other parts of Asia face poor infrastructure, shipping delays and increased costs",
    "link": "https://www.wsj.com/articles/logistics-bottlenecks-hamper-efforts-to-produce-less-in-china-11558605608?mod=Searchresults_pos13&page=19",
    "content": "Companies looking to move some production from China to other Asian countries to avoid mounting U.S. tariffs on Chinese imports face significant bumps in the road.\n\nManufacturers and supply-chain experts say logistics infrastructure in Southeast Asia, where many goods-makers are scouting for new production sites, remains far less developed than China’s long-established connections between factories, suppliers and customers around the world.\n\nPoor roads, sparse rail lines and congested ports in Vietnam, Thailand, the Philippines, Cambodia and other potential manufacturing destinations in Southeast Asia have stretched out delivery schedules and raised shipping costs, according to manufacturing and transportation company executives, even as companies have migrated some factory work to the region in the past decade in search of lower labor costs.\n\nNewsletter Sign-up The Logistics Report Top news and in-depth analysis on the world of logistics, from supply chain to transport and technology. Preview Subscribe\n\nThose bottlenecks are coming under fresh scrutiny as more multinational companies look to shift some production as Washington and China load up a new round of tariffs that could alter the direction of significant volumes of global trade.\n\nInfrastructure investment in Southeast Asia ports has “simply not kept pace,” said Andrea Shaw Resnick, interim chief financial officer of New York-based Tapestry Inc., the owner of premium fashion brands Coach, Kate Spade and Stuart Weitzman, during an investor conference call this month.\n\nTapestry sources some of its handbags, apparel and shoes from suppliers in Vietnam, the Philippines and India, who send them to the U.S. and other markets on container ships. Ms. Resnick said logistics gridlock has led to “longer lead times, with more inventory in the water at any given time.”\n\nHong Kong-listed VTech Holdings, which owns educational toy company Leapfrog and other makers of products for children, has been considering expansion of its existing facilities in Malaysia to take over some Chinese manufacturing.\n\nVTech Chairman Allan Wong said factory capacity in the country is far behind that of China and can’t quickly catch up because of the sheer scale of China’s large workforce. “There’s no way you can move everything out of China,” Mr. Wong said.\n\nEven before U.S. tariffs, factory work in Southeast Asia has been growing as companies have sought lower costs while wages and other expenses in China have increased. That manufacturing migration has taken on more urgency for some producers as the trade conflict between the U.S. and Washington has heated up, with a new round of back-and-forth tariffs this spring and threats of higher levies this summer.\n\nJapanese copier maker Ricoh Inc. said this month it would shift some production for the North American market away from China to avoid potential losses of tens of millions of dollars from the U.S. levies.\n\nWorkers at a garment factory in Hanoi, Vietnam. Photo: kham/Reuters\n\nGlobal trade volumes reflect a likely shift in the region’s sourcing and manufacturing.\n\nU.S. seaborne imports from China were up 2% in April from a year ago, while those from Vietnam surged 29.3%, according to Panjiva Inc., a trade data provider. U.S. trade with Vietnam remains a fraction of the business with China, however.\n\nChina was the biggest source of U.S. imports by value in the first quarter of this year, according to the U.S. Census Bureau, accounting for 17.7% of inbound goods. It had seven times the imports of Vietnam, which was the 13th largest U.S. trading partner and seventh largest for imports.\n\nAgility Global Integrated Logistics, a Kuwait-based global logistics provider, said Vietnam has been the top choice among companies looking to lower their production costs. But growing trade has also challenged the country’s infrastructure.\n\n“In the first quarter of this year there was significant port congestion in Vietnam,” said James Hill, Agility’s chief executive officer for Asia-Pacific.\n\n“Trucks were waiting for four, five days to unload a container at Ho Chi Minh City Port. The road capacity is poor, there are huge traffic jams and limited rail links. Delays of up to a week for ships are not uncommon.”\n\nVietnam is the last stop on several Southeast Asia sea trade routes. Medium-size container vessels typically load up in countries such as Myanmar, Singapore, Malaysia, Thailand and Cambodia before reaching Vietnamese ports and then sailing across the Pacific Ocean to the U.S. West Coast. This means exporters in Vietnam often end up competing for scarce ship space.\n\nThe country’s overall port volumes soared from 4.4 million containers in 2008 to 12.3 million containers in 2017, the most recent year for which figures are available, but the lack of deep-water port facilities means smaller vessels often carry goods to other countries for transshipment to bigger markets.\n\nResearch firm Business Monitor International estimates that Vietnam pumped $11.1 billion into construction projects in 2017, substantially below the $16 billion annual investment the World Bank estimates that Vietnam needs to keep up with demand.\n\nU.S. fashion accessories manufacturer Vera Bradley Inc. has been sourcing products from Myanmar, Cambodia and Vietnam and expects less than a quarter of its output to come from China by the end of this year, from 54% last year. The company says higher tariffs have accelerated the shift.\n\n“One of the challenges is the timeline,” said Chief Executive Rob Wallstrom , in an email response to questions. “Deliveries from countries outside China add days to our production cycle based on factors including raw materials procurement and shipping routes. ”\n\nOthers looking outside the immediate region face similar trade-offs.\n\nHong Kong-listed Mainland Headwear Holdings Ltd, which makes licensed products for New Era Cap Co. and owns San Diego Hat Co. and H3 Sportgear LLC in the U.S., is looking to move production for a new acquisition to Bangladesh from China to save on labor costs.\n\nBut Managing Director Pauline Ngan Po Ling said the time it takes to export goods presents a challenge. “We need to transport our products by feeder vessels to the deep-water ports at Malaysia and Singapore,” she said, “adding another two weeks of transportation time for our shipments.”\n\nWrite to Costas Paris at costas.paris@wsj.com and Joanne Chiu at joanne.chiu@wsj.com",
    "published": "2019-05-23"
  },
  {
    "source": "WSJ",
    "title": "On China, Trump Leads a Coalition of the Unwilling",
    "summary": "Administration doesn’t need allies’ support, but sanctions will be less effective with the U.S. acting alone",
    "link": "https://www.wsj.com/articles/on-china-trump-leads-a-coalition-of-the-unwilling-11558517581?mod=Searchresults_pos5&page=9",
    "content": "After two years of treating adversaries and allies alike as trade villains, President Trump pivoted last week.\n\nWith China edging away from commitments to change its ways, Mr. Trump sharply ratcheted up tariffs and banned U.S. companies from doing business with Huawei Technologies Co. Separately, he lifted tariffs on metal imports from Canada and Mexico while delaying for six months tariffs on autos from the European Union and Japan. Meanwhile, U.S., European and Japanese trade officials are to meet this week on joint efforts to curb Chinese subsidies.\n\nShare Your Thoughts How should the U.S. leverage international pressure to persuade China to change its trade practices? Join the conversation below.\n\nBut before heralding a united front, let’s remember how Mr. Trump got here: not by working with allies, but by stiff-arming them. His confrontation with China today remains a largely unilateral affair, using American laws and leverage to address American grievances and priorities. He is dialing back tariffs on allies not out of some change of heart but because they have consumed time, energy and goodwill with paltry and arguably perverse results.\n\nThe outcome is that far from leading a coalition of the willing against China, he is leading a coalition of the ambivalent, sullen and resentful. That is a fragile foundation for global economic cooperation.\n\nIndeed, Trump’s decision to delay auto tariffs did little to reassure allies, given that he also agrees with a Commerce Department report that car imports threaten U.S. national security. German officials are resigned to him raising tariffs once he has secured a deal with China, which would almost certainly bring EU retaliation. Japan’s Toyota Motor Corp., not known for rocking the boat, said Mr. Trump’s “proclamation sends a message to Toyota that our investments are not welcomed, and the contributions from each of our employees across America are not valued.”\n\nHas the relationship between the U.S. and China simply hit a speed bump or are the events of the last several days a sign of something more serious? WSJ's Gerald F. Seib explains. Photo: Getty\n\nOn China, the U.S. and its allies are of one mind: China, they say, discriminates against foreign products, companies and investment and pursues their intellectual property via commerce, coercion and espionage. The European Union’s executive arm earlier this year labeled China an “economic competitor in the pursuit of technological leadership, and a systemic rival promoting alternative models of governance.”\n\nYet the U.S. has regularly spurned opportunities to cooperate. Mr. Trump pulled the U.S. out of the 12-nation Trans-Pacific Partnership, designed as a rules-based, free-market alternative to China’s state capitalism. He used a U.S. law, Section 301 of the Trade Act of 1974, to hit China with tariffs over its trade barriers and is pursuing remedies that may come at others’ expense, for example forcing China to shift purchases of energy and agricultural products to American producers. Should a deal emerge, it will be enforced bilaterally, bypassing the World Trade Organization.\n\nThe U.S. treats Huawei as a national security concern, but in practice, links that risk to the company’s commercial reach given the close ties between Chinese companies and the state. The U.S. has deployed a broad range of domestic laws to punish the company, such as for violating sanctions on Iran. Washington has threatened to withhold intelligence from allies that don’t ban Huawei equipment from fifth-generation mobile networks. Last week, the Trump administration barred U.S. companies from doing business with Huawei, though on Monday offered a 90-day reprieve.\n\nOther countries, drawing a sharper line between China’s commercial and security threat, have been less inclined to ostracize Huawei altogether. French President Emmanuel Macron said: “Our perspective is not to block Huawei or any company…. Launching now a technological war or a trade war vis-à-vis any other country is not appropriate.”\n\nThe administration doesn’t need its allies’ buy-in: It just needs to scare foreign companies that do business in the U.S. into observing its sanctions or risk devastating penalties. Simon Evenett, head of Global Trade Alert, a trade watchdog group, notes Britain has indicated it won’t ban Huawei, yet Britain’s BT Group and Vodafone Group have largely shunned Huawei in their 5G networks anyway.\n\nNor would a more cooperative U.S. necessarily have achieved more. All countries pursue their own interest no matter who’s in the White House. Japan, South Korea and Canada are virtually bound by geography and history to follow the U.S. on strategic questions. Conversely, Germany is forging ahead with a gas pipeline to Russia that both President Barack Obama and Mr. Trump oppose, while Italy’s populist coalition has both welcomed Huawei and China’s Belt and Road Initiative.\n\nStill, sanctions will be less effective with the U.S. acting alone. German chip maker Infineon Technologies AG halted deliveries to Huawei of some U.S.-made components, but not products originating elsewhere.\n\nInstead of making U.S. allies more amenable to U.S. demands, tariffs have done the opposite. Canada and Mexico had ample incentive to appease the U.S. in a renegotiated North American Free Trade Agreement. When the U.S. hit them with tariffs on steel and aluminum, both retaliated. U.S. steel companies claim to be adding 12,800 jobs, but Gary Hufbauer and Euijin Jung of the Peterson Institute for International Economics say higher steel prices cost American steel consumers $11.5 billion—or $900,000 to protect one steel job. Once those costs plus foreign retaliation are factored in, the tariffs have likely been a net negative, and provoked howls of protest at home and abroad. Chuck Grassley, the Iowa Republican who chairs the Senate Finance Committee, bluntly told Trump the new Nafta was “dead” unless tariffs were lifted.\n\nThe lesson is that Mr. Trump isn’t the only one who has leverage: so do Congress and foreign countries prepared to retaliate. Better they use that leverage together. Revamping the WTO to change China’s behavior would be a good place to start.\n\nCorrections & Amplifications\n\nU.S. steel production and import levels in a chart accompanying this article are measured in million metric tons. An earlier version incorrectly said it was metric tons. Additionally, an earlier version of the chart incorrectly labeled the import price index for iron and steel as “index prices.” (May 24, 2019)\n\nWrite to Greg Ip at greg.ip@wsj.com",
    "published": "2019-05-23"
  },
  {
    "source": "WSJ",
    "title": "Floods Swamp U.S. Farm Belt",
    "summary": "Wet year keeps farmers out of fields, hurting seed and chemical sales at agriculture firms like DowDuPont",
    "link": "https://www.wsj.com/articles/floods-swamp-u-s-farm-belt-11558603802?mod=Searchresults_pos4&page=77",
    "content": "The wettest year on record is raising costs for the nation’s biggest agricultural companies, stalling farmers’ fieldwork and slowing shipments across the U.S. Farm Belt.\n\n“It’s got to be the worst ever that we’ve seen,” said Jim Collins , head of Corteva Agriscience, the agricultural division of seed and pesticide maker DowDuPont Inc. Corteva’s sales fell 11% for the most recent quarter it reported this month, partly because of Midwestern floods.\n\nThe past 12 months were the wettest May-to-April period in the contiguous U.S. since record-keeping began in 1895, according to the National Oceanic and Atmospheric Administration. Since March, heavy snow and rain have brought record flooding to parts of the Midwest, and rivers have overflowed their banks from Illinois to Nebraska.\n\nWhile farmers run their tractors full-speed between rainstorms, time is growing short for agricultural companies to sell some of their most profitable products, such as full-season corn seed. Delays planting corn, which typically is sown in late April and early May, are leading some farmers to switch fields to soybeans or shorter-season corn varieties, which tend to be less lucrative for seed and farm-chemical companies such as DowDuPont and Bayer AG.\n\nThe spring 2019 outlook from the National Oceanic and Atmospheric Administration included a warning: The Midwest was due for severe flooding. The Journal spoke to the National Weather Service to learn what led to the prediction. Photo: Getty Images\n\nFarmers spent an estimated $244 an acre last year on seed, fertilizer and chemicals for corn, compared with $108 an acre for soybeans, according to the U.S. Department of Agriculture.\n\nIf the spring planting season grows too short, millions of acres could go unplanted, reducing farmers’ need for seed, pesticides and fertilizer, according to agricultural analysts and academics.\n\nThe dismal weather is another blow to farmers and agricultural companies during a prolonged slump in the U.S. farm economy. Six straight years of bumper crops have swelled grain supplies and pushed down prices for farmers, while protracted trade disputes have slowed crop exports, further pressuring farm income and agribusiness profits.\n\nThe Trump administration said Thursday that it would spend $16 billion to support farmers hit by tariffs on U.S. agricultural commodities, with the majority of funds distributed in direct payments to farmers. Many payments will be calculated based on the counties where they farm, rather than the individual crops they grow, a plan that will avoid distorting farmers’ planting decisions, the USDA said.\n\nNationwide, farmers have planted 49% of their intended corn acres, far below the 80% average for this time of year, according to the USDA. Just 19% of soybean acres have been planted, compared with the 47% average. This year’s corn planting is the slowest since record-keeping began in 1980, say agricultural economists at the University of Illinois.\n\nThe prospect of weather-diminished crops helped lift corn futures prices 3% in the past week. Soybean futures prices fell 2.3% on the potential for farmers to shift more acres to the oilseed.\n\nIllinois farmer Tom Mueller said he typically tries to get his 400 acres of corn and soybeans planted by the Kentucky Derby in early May. This year, nothing was planted by that date. Some fields still had pools of standing water and others were too muddy to work. “It seems like all the stress just keeps piling up,” he said, adding that earlier ice damage to his fields could leave him without enough hay to feed his beef cattle.\n\nIllinois farmer Paul Rasmussen, with bulk containers of unplanted seed behind him. Unable to plant, he has run family errands and repaired a lawn mower. Photo: Daniel Acker for The Wall Street Journal\n\nSHARE YOUR THOUGHTS What kind of help, if any, should the government offer farmers facing extremely wet weather? Join the conversation below.\n\nCorteva said less than 50% of its planned seed deliveries made it to buyers in the last five days of the first quarter. The company expects farmers would shift some acres to less-profitable crops, such as soybeans and faster-maturing corn. But high-capacity seeding equipment means farmers still have the chance to catch up before the season gets too late, Mr. Collins said, while corn prices remain attractive relative to soybeans.\n\nCold, wet weather has delayed farmers’ nitrogen fertilizer applications, denting first-quarter sales volumes for fertilizer makers CF Industries Holdings Inc. and Nutrien Ltd.\n\nHigh water, meanwhile, halted barge traffic on the Mississippi River, stranding in St. Louis some 80 northbound barges of fertilizer supplier Mosaic Co. That prompted Mosaic to ship products from Florida to Midwestern customers via rail, which is costlier, according to Corrine Ricard , Mosaic’s supply-chain chief.\n\nSome fertilizer-laden barges won’t reach Minnesota’s Twin Cities of Minneapolis and St. Paul until late June, well after many crops are typically planted, said Ms. Ricard. “By then, the party is largely over,” she said.\n\nEmpty barges were moored on the Mississippi River in Saint Paul, Minn., last week as high water interrupted river shipments. Photo: Jim Mone/Associated Press\n\nAfter barge traffic resumed on the Mississippi this week, the U.S. Coast Guard on Thursday again closed part of the river near St. Louis because of high water and fast currents. A large backlog of barges had been waiting to be towed upriver, but restrictions will remain in place until conditions improve. More severe weather and flooding are expected across parts of the central U.S. this week, according to NOAA.\n\nNutrien, a Saskatchewan-based fertilizer and pesticide supplier, could benefit as some farmers scrounge for fertilizer. The company mainly moves its products on railroads, and its 850 U.S. farm retail locations generally are sitting on very high inventories, said Chuck Magro , Nutrien’s chief executive.\n\nPoor weather is also slowing sales and processing for last year’s crop. As of May 11, the volume of grain that has passed through portions of the Mississippi, Ohio and Arkansas Rivers this year was down 32% from the previous three-year average and 24% compared with last year, according to the USDA.\n\nA Soggy Season Record rainfall in the U.S. has delayed the planting of corn nationwide, with many states far below their recent acreage averages for this time of year. Annual rainfall in the contiguous U.S. 12-month period ended in April Corn-crop progress through mid-May Share of total acreage planted in each state* Five-year average 2019† inches 40 Ohio Indiana 36.2 inches Michigan South Dakota 35 Illinois Wisconsin 2010-18 average North Dakota Pennsylvania Minnesota 30 Kansas Missouri Colorado Iowa 25 Nebraska Kentucky Tennessee Texas 20 North Carolina 0 20 100% 80 60 40 ’50 2000 ’10 1900 Corn-crop progress through mid-May Share of total acreage planted by state* Annual rainfall in the contiguous U.S. 12-month period ended in April 2019† Five-year average 40 inches Ohio Indiana 36.2 inches Michigan South Dakota 35 Illinois Wisconsin 2010-18 average North Dakota Pennsylvania Minnesota 30 Kansas Missouri Colorado Iowa 25 Nebraska Kentucky Tennessee Texas 20 North Carolina 40 60 80 20 0 100% 2000 ’10 1900 ’50 Corn-crop progress through mid-May Share of total acreage planted in each state* Annual rainfall in the contiguous U.S. 12-month period ended in April Five-year average 2019† inches 40 Ohio Indiana 36.2 inches Michigan South Dakota 35 Illinois Wisconsin 2010-18 average North Dakota Pennsylvania Minnesota 30 Kansas Missouri Colorado Iowa 25 Nebraska Kentucky Tennessee Texas 20 North Carolina 60 40 20 0 80 100% ’10 2000 ’50 1900 Annual rainfall in the contiguous U.S. 12-month period ended in April 40 inches 36.2 inches 35 2010-18 average 30 25 ’10 2000 ’50 1900 Corn-crop progress through mid-May Share of total acreage planted in each state* 2019† Five-year average Ohio Indiana Michigan South Dakota Illinois Wisconsin North Dakota Pennsylvania Minnesota Kansas Missouri Colorado Iowa Nebraska Kentucky Tennessee Texas North Carolina 40 60 80 100% 20 0\n\nGrain trader Bunge Ltd., which ferries crops down the Mississippi to export terminals at the Gulf of Mexico, said this month that adverse weather cut first-quarter profit by $20 million. Rival grain company Archer Daniels Midland Co. in April reported a $60 million hit to quarterly profit because of poor weather. ADM temporarily idled a Nebraska corn plant that month after floodwaters overwhelmed a nearby rail line.\n\nDeere & Co., the world’s largest manufacturer of tractors and harvesting combines, said last week that the delayed spring planting season is adding to farmers’ caution on making major purchases. The equipment maker reduced its 2019 profit and sales forecasts to reflect sagging demand for its tractors and planters.\n\nBarred from his fields by rain, Illinois farmer Paul Rasmussen has been filling his time with other tasks: running errands for his mother, attending his granddaughter’s band concerts, repairing a lawn mower.\n\n“Planting would be the preferred activity,” he said. “There are lots of unknowns that make a person nervous at this point.”\n\nWrite to Jesse Newman at jesse.newman@wsj.com and Jacob Bunge at jacob.bunge@wsj.com",
    "published": "2019-05-23"
  },
  {
    "source": "WSJ",
    "title": "Best Buy Is a Bargain",
    "summary": "Consumer electronic retailer’s stock is cheap despite reliably good sales performance",
    "link": "https://www.wsj.com/articles/best-buy-is-a-bargain-11558628040?mod=Searchresults_pos19&page=28",
    "content": "As others have gone out of business, Best Buy has emerged as the last specialty consumer electronics retailer left standing. Photo: Charlie Riedel/Associated Press\n\nEven when other retailers are suffering, Best Buy BBY -7.27 %decrease; red down pointing triangle can these days be counted on to perform. The consumer electronics retailer has been a standout in the retail sector and a model for how to fight e-commerce giant Amazon.com Inc. It proved that again Thursday, reporting earnings above estimates in a week when other retailers have been disappointing investors.\n\nBest Buy reported first-quarter adjusted earnings of $1.02 a share, above analysts’ estimates of 86 cents a share, and revenue of $9.14 billion, in line with estimates. Its online sales rose 14.5% to $1.31 billion, while same-store sales rose 1%.",
    "published": "2019-05-23"
  },
  {
    "source": "WSJ",
    "title": "Best Buy Rides Web to Lift Sales",
    "summary": "CEO says chain will press Trump to keep consumer electronics off Chinese tariff lists",
    "link": "https://www.wsj.com/articles/best-buy-performs-better-than-expected-11558611698?mod=Searchresults_pos9&page=21",
    "content": "Best Buy said its profit in the first quarter was $265 million, up from $208 million a year ago.\n\nBest Buy Co.’s BBY -7.27 %decrease; red down pointing triangle profit rose in the latest quarter as growing online sales of appliances and electronics offset flat sales in its stores.\n\nThe company said Thursday comparable sales increased 1.1% in the first quarter ended May 4, slower than previous periods but the ninth consecutive quarter of growth.\n\n“We’re still in the midst of this multiyear transformation, but we like where we are and where we’re going,” Chief Executive Hubert Joly said on an earnings call.\n\nBest Buy shares fell nearly 5% on Thursday. Executives kept their financial forecasts for the full year unchanged in part because of uncertainty around tariffs.\n\nMr. Joly recently announced he would step aside and hand over the CEO job to finance chief Corie Barry , who is 44, in June, making her one of the youngest CEOs of an S&P 500 company and one of the few women. He will serve as executive chairman and sit in an office across the hall from her to offer input on matters like strategy and acquisitions.\n\nResults from retailers have been mixed so far this spring. Amazon.com Inc. and Target Corp. posted strong sales in the recent quarter, while Kohl’s Corp. and J.C. Penney Co. clouded the outlook for the sector. Many retailers are also bracing for an increase in tariffs on goods imported from China.\n\nMr. Joly reassured investors about Best Buy’s ability to mitigate the impact of the tariffs and said the company plans to press the Trump administration to limit the inclusion of consumer products on the next list of tariffs on Chinese imports. So far, many electronics, from Apple Inc.’s smartwatches to Lenovo computers, have been largely spared.\n\n“While we understand the list as proposed is comprised of many consumer items, including many electronics, we think it’s premature to speculate on the impact of further tariffs,” he said.\n\nBest Buy has undergone a striking turnaround in the past five years, defying the fate that has befallen Circuit City, Sports Authority, Toys “R” Us and other so-called category killers. When Mr. Joly joined in 2012, the electronics retailer was struggling with plunging sales and dwindling profit as consumers browsed at bricks-and-mortar stores but made purchases on Amazon.com and other websites.\n\nHe matched prices, added services to reduce the company’s reliance on new product releases and used its stores to fulfill online orders. More recently, he struck a partnership with Amazon to sell smart TVs and acquired GreatCall Inc., the maker of senior-focused devices.\n\nOn Thursday, Mr. Joly said the company has been expanding GreatCall and acquired a senior-focused health services company called Critical Signal Technologies. “Our focus is to enable seniors to live longer in their homes and help reduce their health care cost,” he said.\n\nHe also said the company expanded a program that allows shoppers to pay for products in installments. The goal is to attract people who might not otherwise be able to buy computers and other big-ticket items.\n\nIn the latest quarter, growth in appliances, wearables and tablets offset weak demand in the entertainment category. Best Buy has been gaining share in some categories because of closures at Sears Holdings Corp. and other retailers.\n\nDomestic online revenue increased 15% to $1.31 billion due to larger orders and higher traffic. The company has been investing in its supply chain to speed up delivery times.\n\nTotal revenue was flat at $9.14 billion. Revenue from GreatCall partially offset the loss of sales from the closure of Best Buy’s smaller mobile-phone stores and a dozen large-format stores in the past year.\n\nThe retailer said profit in the quarter was $265 million, up from $208 million a year ago. Adjusted earnings were $1.02 a share, above the 86 cents a share analysts polled by Refinitiv were looking for.\n\nFor fiscal 2020, Best Buy reaffirmed its financial outlook, which includes the impact of the recent tariffs. The company said it still expects comparable sales to grow 0.5% to 2.5% for the full year. The retailer estimates adjusted per-share earnings of $5.45 to $5.65.\n\nWrite to Khadeeja Safdar at khadeeja.safdar@wsj.com and Aisha Al-Muslim at aisha.al-muslim@wsj.com",
    "published": "2019-05-23"
  },
  {
    "source": "WSJ",
    "title": "Trading a Trade Battle: ‘Markets Don’t Appear Ready for That’",
    "summary": "Some investors are shunning stocks with significant exposure to China",
    "link": "https://www.wsj.com/articles/trading-a-trade-war-markets-dont-appear-ready-for-that-11558517402?mod=Searchresults_pos9&page=34",
    "content": "Some investors are shunning stocks with significant exposure to China. Apple is on pace for its worst month this year.\n\nHow do you trade a trade fight? A previously abstract question is becoming more pressing for investors as U.S.-China trade relations fray.\n\n“What we’ve learned the last few weeks is this is a genuine negotiation and both sides appear willing to escalate this,” said Michael Metcalfe , head of global macro strategy at State Street Global Markets. “It’s a credible threat and markets don’t appear ready for that.”\n\nHere are ways investors are adapting.\n\nLimit Exposure to China\n\nSome investors are shunning stocks with significant exposure to China, including in materials, technology and industrials. Among major tech stocks, Apple Inc. is down 8.9% in May, on pace for its worst month this year, while Google parent Alphabet Inc. has lost 3.6%.\n\n“There are certain stocks I like longer term but I don’t need the headline risk associated with them,” said Robert Pavlik , senior portfolio manager at SlateStone Wealth, which has $700 million of assets under management. “I’ve broadened my radar to include avoiding any companies with direct exposure to China.” For example, Mr. Pavlik said he shelved plans to buy shares of smartphone chip maker Qualcomm Inc. after trade tensions flared. The stock is down 20% this month.\n\nSell Chinese Stocks\n\nInternational investors sold shares listed in Shanghai and Shenzhen through a trading link in Hong Kong at a record pace in the 20 trading days through May 17.\n\nThrough this trading link, foreigners had rarely sold mainland stocks on a net basis before.\n\nTake Flight to Safety\n\nUBS Group AG added more U.S. Treasurys to model portfolios used by clients after President Trump’s initial threats to raise tariffs, and cut its exposure to emerging-market hard-currency bonds.\n\nThe shift “reduces some risk in the portfolio without giving up much upside if a trade agreement is reached,” said Mark Haefele, global chief investment officer of UBS’s wealth-management division.\n\nIf the additional tariffs already introduced start to damage global growth, UBS expects U.S. bond prices to rise further, pushing yields lower, while emerging-market bonds would sell off.\n\nShort the Yuan\n\nEscalating trade tensions have hurt the yuan, reviving questions about China’s willingness to use its currency as a tool of trade policy.\n\nHowe Chung Wan at Principal Global Investors said he has been shorting, or betting against, the yuan using derivatives since just before the trade squabble reignited.\n\n“The market was not really expecting anything else but a deal, so to us this was the most efficient way to exploit that,” said Mr. Wan, a Singapore-based managing director who is Principal’s head of Asian fixed income. He said the yuan could potentially depreciate beyond 7 per dollar, which hasn’t happened since May 2008.\n\nSit Tight\n\n“We’re doing absolutely nothing,” said Steve Chiavarone , a portfolio manager of Federated Investors’ global allocation fund.\n\n“None of the trade outcomes are predictable right now and our bullish view on the economy and markets is based on the Fed’s about-face,” he said, referring to the Federal Reserve’s decision to hold interest rates steady.\n\nWhile trade tensions could shave 5% to 8% from the S&P 500, an eventual deal could yield significant upside, Mr. Chiavarone said. “You’d look foolish cutting early.”\n\nShare Your Thoughts How has your investment strategy changed and which investments do you think will do best as U.S.-China tensions escalate? Join the conversation below.\n\nWrite to Steven Russolillo at steven.russolillo@wsj.com and Michael Wursthorn at Michael.Wursthorn@wsj.com",
    "published": "2019-05-23"
  },
  {
    "source": "WSJ",
    "title": "Minutes Reinforce Fed on Hold; Fed Debates Composition of Holdings; Williams: No Need for Rate Move",
    "summary": "Good day. Minutes from the Federal Reserve’s most recent interest-rate-setting gathering reaffirmed that most officials see no reason to move rates anytime soon and think weak inflation is temporary. The minutes also showed officials weighing what the composition of their balance sheet should be once they have stopped shrinking it. And in a press briefing at his bank, New York Fed leader John Williams pushed back at the notion the Fed may need to cut rates to deal with low inflation.",
    "link": "https://www.wsj.com/articles/minutes-reinforce-fed-on-hold-fed-debates-composition-of-holdings-williams-no-need-for-rate-move-11558616213?mod=Searchresults_pos14&page=39",
    "content": "Good day. Minutes from the Federal Reserve’s most recent interest-rate-setting gathering reaffirmed that most officials see no reason to move rates anytime soon and think weak inflation is temporary. The minutes also showed officials weighing what the composition of their balance sheet should be once they have stopped shrinking it. And in a press briefing at his bank, New York Fed leader John Williams pushed back at the notion the Fed may need to cut rates to deal with low inflation.\n\nNow on to today’s news and analysis.",
    "published": "2019-05-23"
  },
  {
    "source": "WSJ",
    "title": "Best Buy Is a Bargain",
    "summary": "Consumer electronic retailer’s stock is cheap despite reliably good sales performance",
    "link": "https://www.wsj.com/articles/best-buy-is-a-bargain-11558628040?mod=Searchresults_pos1&page=29",
    "content": "As others have gone out of business, Best Buy has emerged as the last specialty consumer electronics retailer left standing. Photo: Charlie Riedel/Associated Press\n\nEven when other retailers are suffering, Best Buy BBY -7.27 %decrease; red down pointing triangle can these days be counted on to perform. The consumer electronics retailer has been a standout in the retail sector and a model for how to fight e-commerce giant Amazon.com Inc. It proved that again Thursday, reporting earnings above estimates in a week when other retailers have been disappointing investors.\n\nBest Buy reported first-quarter adjusted earnings of $1.02 a share, above analysts’ estimates of 86 cents a share, and revenue of $9.14 billion, in line with estimates. Its online sales rose 14.5% to $1.31 billion, while same-store sales rose 1%.",
    "published": "2019-05-23"
  },
  {
    "source": "WSJ",
    "title": "Trump’s Point Man on China Trade Is Still Trying to Close the Deal",
    "summary": "Robert Lighthizer’s push for Beijing to change its laws is typical of the longtime trade lawyer’s aggressive style",
    "link": "https://www.wsj.com/articles/trumps-point-man-on-china-trade-is-still-trying-to-close-the-deal-11558603801?mod=Searchresults_pos16&page=25",
    "content": "U.S. Trade Representative Robert Lighthizer spoke in October 2018 at the White House with President Trump and Treasury Secretary Steven Mnuchin looking on.\n\nWASHINGTON—As senior officials from the U.S. and China gathered in the Oval Office in February, President Trump had a simple message for his top negotiator, Robert Lighthizer : Close the deal.\n\n“Mr. Lighthizer has done a great job,” Mr. Trump told the negotiating teams, as reporters looked on. “But it’s only a great job, Bob, if you get it finished, right?”\n\nThree months later, the U.S.-China trade deal remains far from finished. Talks broke down this month as Beijing resisted U.S. demands that China change its laws to cement the accord, which Beijing saw as an assault on its sovereignty.\n\nThe impasse, after indications that a deal was in sight, reflects the Trump administration’s determination that any deal should focus on long-term changes in Chinese economic and business rules. To trade lawyers and others following the talks, Mr. Lighthizer’s fingerprints are plainly visible.\n\nBefore his appointment in 2017 as U.S. trade representative, Mr. Lighthizer spent three decades as a trade lawyer, largely representing U.S. Steel Corp. and other clients as they petitioned the U.S. government for tariffs on overseas rivals.\n\nAccording to lawyers who have worked alongside Mr. Lighthizer for years, for him the goal of negotiation isn’t to find a compromise or middle ground, but to pursue aggressively the best deal possible for his client. “He brings the characteristics to the table that you would want,” said Clete Willems , a former Trump administration trade adviser who recently joined law firm Akin, Gump Strauss, Hauer & Feld LLP. “His background suits him uniquely well to the situation” with China.\n\nChinese Vice Premier Liu He, left, and Mr. Lighthizer met with President Trump in the Oval Office at the White House on Feb. 22. Photo: Carlos Barria/Reuters\n\nNot everyone is a fan of the no-holds-barred approach. Miriam Sapiro, former acting U.S. trade representative in the Obama administration, said trade negotiators need to recognize that each side must score wins to reach a successful deal.\n\n“If you’re negotiating an agreement—a trade agreement or really any agreement—an approach of ‘my way or the highway’ is not likely to work,” said Ms. Sapiro, in comments aimed at U.S. trade negotiators in general. “An adversarial hat may work at certain moments, but it’s not necessarily going to be the strategy that gets you across the finish line.”\n\nHas the relationship between the U.S. and China simply hit a speed bump or are the events of the last several days a sign of something more serious? WSJ's Gerald F. Seib explains. Photo: Getty\n\nLike the president, Mr. Lighthizer, 71 years old, eschews complex deals with several countries at once and has sought concessions from China unilaterally, despite many lawmakers’ calls for a multilateral approach that wouldn’t expose U.S. firms to so much risk from trade fights. “The more people you bring into the negotiations, the harder it is,” Mr. Lighthizer told a House committee in March.\n\nMr. Lighthizer, who declined a request for an interview, does most of his work behind the scenes. But on occasion he will seize a public platform to attack trading partners’ positions at crucial moments in the negotiations.\n\nCanadian Foreign Minister Chrystia Freeland, left, Mr. Lighthizer and Mexican Economy Minister Ildefonso Guajardo talked during the third round of Nafta talks in Ottawa in September 2017. Photo: chris wattie/Reuters\n\nIn 2018 talks to overhaul the North American Free Trade Agreement, or Nafta, he used a news conference to vent frustration against Canadian Foreign Minister Chrystia Freeland in Montreal, attacking a Canadian proposal for new auto rules.\n\nMr. Lighthizer later used some of the Canadian ideas in an auto deal he struck with Mexico. Ms. Freeland called Mr. Lighthizer a “true professional” last week after the two struck a deal to eliminate U.S. steel and aluminum tariffs and Canadian retaliation.\n\nSimilarly, Mr. Lighthizer used a rare briefing at his office this month to attack China’s actions at the negotiating table, accusing Chinese officials working on the agreement of a “redrafting of it in ways that pulled back important commitments.”\n\nMr. Lighthizer cut his teeth in the 1980s as a deputy U.S. trade representative in the Republican Reagan administration. Mr. Reagan backed free trade, but officials including Mr. Lighthizer used America’s economic heft and influence at the latter stages of the Cold War to win concessions that limited U.S. imports from fast-growing emerging markets.\n\nJapanese officials at the time called him “missile man” after he took a proposal from Tokyo, made it into a paper airplane, and threw it back at them.\n\nLater, Mr. Lighthizer entered a long period as a trade lawyer at Skadden, Arps, Slate, Meagher & Flom LLP, focusing on corporate calls for tariffs. He took a break in 1996 to serve as the treasurer and an adviser to the presidential campaign of former GOP Sen. Bob Dole.\n\nAlong the way, he staked out a major position on China, saying in 2010 testimony before the U.S.-China Economic and Security Review Commission that Washington should consider putting aside its low-tariff commitments under the World Trade Organization if China continued to violate market principles.\n\nPresident Trump, with Mr. Lighthizer alongside, signed actions to impose tariffs on Jan. 23, 2018. Photo: jim watson/agence france-presse/Getty Images\n\nThus Mr. Lighthizer was a near-perfect fit for the Trump administration, since Mr. Trump had promised to tear up old agreements and use the threat of tariffs to put together new deals that he said would restore U.S. sovereignty. Recent U.S. trade representatives had leaned more toward free-trade orthodoxy.\n\nU.S. officials say one reason for Mr. Lighthizer’s hard line is the belief that China has ignored previous trade obligations, so he wants to make any new deal as legally binding as possible.\n\n“Our objectives are to foster reform in China,” Mr. Lighthizer told Congress recently, saying the country’s state capitalism and technology thefts were an “existential problem.”\n\nThe insistence on changing Chinese law is sensitive for Beijing because it represents an imbalance in the agreement: U.S. law isn’t expected to change, because the Trump administration isn’t planning to submit any deal with China to Congress.\n\n“You can’t have American officials going all over China without reciprocity, and we would have to have a similar concession to China for it to make sense,” said Jerome Cohen, an expert in Asian law at New York University’s law school.\n\nShare Your Thoughts What should U.S. negotiators push for to ensure enforcement of a China trade deal? Should they insist that China change its laws or is there another mechanism that would suffice? Join the conversation below.\n\nThere are other issues beyond the legal question, including the Trump administration’s desire to remove tariffs only gradually to ensure China complies with the terms of the deal.\n\nPolitics and geopolitics are also in play in both countries. Mr. Trump, who was elected in part by promising to be tough on China, could also be returning to a more hawkish approach as he prepares for the 2020 campaign.\n\n“If Bob can’t get a deal, there may not be a deal to be had,” said Michael Wessel , a trade consultant and member of the U.S.-China Economic and Security Review Commission.\n\nWrite to William Mauldin at william.mauldin@wsj.com",
    "published": "2019-05-23"
  },
  {
    "source": "WSJ",
    "title": "Heavyweight King Anthony Joshua Is Ready to Conquer America",
    "summary": "The British champion is set to make his U.S. debut at Madison Square Garden against Andy Ruiz",
    "link": "https://www.wsj.com/articles/the-heavyweight-king-is-ready-to-conquer-america-11558609200?mod=Searchresults_pos20&page=14",
    "content": "Anthony Joshua, the 6-foot-6 reigning heavyweight king, is such a sensation in his native England that he has fought in front of 80,000-plus fans at London’s Wembley Stadium. But as his U.S. debut looms next month, it’s clear he still has a few things to learn about conquering America.\n\nJoshua, who is 22-0 with 21 knockouts, holds four of the five major heavyweight championship belts, which he will defend against Andy Ruiz (32-1, 21 KOs) at Madison Square Garden on June 1. (The bout will air on the streaming service DAZN.) It’s a pivotal moment that marks the start of a long-term campaign to dramatically increase his profile here. He has decisions to make, like whether to fight in Las Vegas or New York.\n\n“I’d like to make somewhere home,” Joshua said during a recent visit to The Wall Street Journal’s offices in New York. “I like the Garden.” He added: “I’ve come to New York maybe three or four times. This is really the first time when I’m really feeling comfortable.”\n\nNewsletter Sign-up Sports A curated weekly tour of WSJ's unique take on the sports world. Preview Subscribe\n\nBut Joshua looked less comfortable when the Journal asked about the tax hit fighters face in New York compared with Nevada, which has no state income tax. “What?” Joshua asked, glancing down the table at his manager, Freddie Cunningham.\n\n“You are more heavily taxed in New York,” Cunningham explained.\n\n“So there’s different tax legislation in New York and Vegas? Why is that?” the champion asked. A brief WSJ Sports tax seminar ensued. The affable Joshua regained his footing.\n\n“I don’t mind stopping here, on my way there,” he said with a laugh.\n\nWherever he lands, it’s clear that Joshua and his team think it is time to expand beyond his powerful home base. The 29-year-old Joshua has never fought outside the U.K. in his professional career.\n\nAnthony Joshua is the reigning heavyweight king, with a 22-0 record (21 knockouts). Photo: Richard Heathcote/Getty Images\n\n“There’s nothing like starting off your career on home soil,” he said. “I got the U.K. fans behind me. Then the natural progression is to come to the States. That’s why I’m here now.”\n\nJoshua, who projects more humility than the typical heavyweight boxing champion, said it’s about business, not adoration. “It’s not about being famous, for me. Wanting to walk into every restaurant and be known is selfish,” Joshua said. “You could be big in the U.K. and you come here and you are a small fish in a big pond. What we’re doing now is coming to U.S. soil to build up our name.”\n\nA soccer and track athlete in his youth, Joshua didn’t start boxing until the age of 18, when his cousin Ben Ileyemi suggested he try it out. At the time, Joshua said, he was getting in trouble for “fighting and other crazy stuff.”\n\n“I had my issues when I was younger. I went down my own path for some stupid reason. I found myself, which is important, through the sport of boxing. When I first started boxing, I was on TAG. I think you call it parole here. I spent a lot of time by myself since I had to be home by 8 every [night]. You look inward. It helped me a lot.”\n\nHe made a splash by winning the gold medal in the Super Heavyweight division at the 2012 London Olympics and turned pro in 2013.\n\nJoshua landed his biggest win to date in April 2017, by beating Wladimir Klitschko in an 11th round technical knockout at Wembley Stadium.\n\nAnthony Joshua’s biggest professional win to date is an 11th round technical knockout of Wladimir Klitschko in April 2017. Photo: ben stansall/Agence France-Presse/Getty Images\n\nJoshua was initially scheduled to face undefeated challenger Jarrell Miller in New York, before Miller tested positive for banned substances.\n\n“It’s not the ideal situation. You put so much effort into studying, analyzing. I got to know Miller really well. To build the same motivation in a short period of time to study Ruiz is difficult,” Joshua said.\n\nJoshua said it takes discipline to avoid taking short cuts during training.\n\n“On the plane, they always have these lovely scones. I was going to order one but I went ‘No.’ I shouldn’t do it. I got fruit instead,” he said. “I don’t like running. But then I look at people who don’t train, who don’t have a fight. Who aren’t defending their heavyweight championship belts. So I’m doing it for the love of my sport. I hate it, but I’m going to do it like I love it.”\n\nTo the question of whether he thinks antidoping measures have made boxing a cleaner sport, Joshua isn’t sure.\n\n“I don’t know. When I look at the top-10, top-five guys that I’ve boxed, a lot of them have had issues,” Joshua said. “It’s serious. Imagine I would have fought Miller and he was on all that juice. Then, six months later, we find out. My reputation could have been damaged. He could have beaten me. He could have given me all sorts of problems.”\n\nJoshua said he is interested in being an advocate for stricter drug penalties, but thinks it would take too much energy while he is still an active fighter. “Maybe when I retire I will make more of an effort to make it a priority,” he said.\n\nAnthony Joshua during an appearance at Madison Square Garden. Photo: Barry Wilner/Associated Press\n\nIf Joshua beats Ruiz, calls are likely to get louder for a match against Deontay Wilder, the holder of the WBC belt, or Tyson Fury. Wilder and Fury fought to a 12-round split draw in December.\n\n“We made offers to those guys. I’m holding four of the world titles. If you believe you are the best in the world, you have to come see us,” Joshua said. “The fight with Wilder has been [talked] about for a long time. He’s been screaming and saying that he wants me. If he was that desperate, I’m sure he would have done it by now. Because once you beat me, you own all the rings.”\n\nWilder’s co-manager Shelly Finkel recently told Sky Sports, “The fight with Joshua will happen, but it’s not gonna happen on their terms.”\n\nJoshua warned his rivals that the longer they wait to make a potential bout, the worse off it would be for them.\n\n“I just think these guys won’t get any better,” Joshua said. “The longer they leave it, the tougher it will be to beat me. I’m catching up quick, quick.”\n\nThe June 1 bout at MSG will be Anthony Joshua’s first fight since beating Alexander Povetkin in Sept. 2018 at Wembley Stadium. Photo: andrew couldridge/Reuters\n\nShare Your Thoughts The emergence of Anthony Joshua and Deontay Wilder has been a boost for boxing. Can the heavyweights become the glamour division in the sport again? Join the discussion below.\n\nWrite to Jim Chairusmi at jim.chairusmi@wsj.com",
    "published": "2019-05-23"
  },
  {
    "source": "WSJ",
    "title": "Overtaxing Capital Gains Would Wallop Capitalism",
    "summary": "Modern investment strategies are highly adaptable to tax rates, in ways that sometimes decrease economic output.",
    "link": "https://www.wsj.com/articles/overtaxing-capital-gains-would-wallop-capitalism-11558631626?mod=Searchresults_pos12&page=20",
    "content": "Photo: Chad Crowe\n\nIn his May 6 op-ed “I’m Running to Save Capitalism,” new presidential candidate and former Colorado Gov. John Hickenlooper casts himself as a moderate. One glaring flaw in his plan is his intention to tax capital-gains income as ordinary income, an idea which will surely be a nonstarter with a huge segment of America, particularly investors and businesses. This plank in the Hickenlooper platform is something one would expect from Sens. Bernie Sanders and Elizabeth Warren —too far to the left to be elected president.\n\nMr. Hickenlooper asserts that this change would bring in as much as $2.4 trillion over 10 years. Yet history dictates that when something is taxed, demand for it decreases. Modern investment strategies are highly adaptable to tax rates, in ways that sometimes decrease economic output. If the capital-gains tax is increased sharply, investors will hold on to their investments longer and invest less altogether.",
    "published": "2019-05-23"
  },
  {
    "source": "WSJ",
    "title": "Latest China Tariffs Will Cost $831 per Household, Report Says",
    "summary": "Increase in levies will result in higher prices paid by U.S. importers and consumers, according to NY Fed",
    "link": "https://www.wsj.com/articles/latest-china-tariffs-will-cost-831-per-household-report-says-11558637654?mod=Searchresults_pos2&page=4",
    "content": "Shipping containers at the Port of Los Angeles. A New York Fed report said the U.S. economy stands to take a hit from higher tariffs as companies buy more from suppliers outside China at higher prices.\n\nThe Trump administration’s latest increase in tariffs on Chinese imports is costing the average U.S. household $831 a year through higher prices and reduced economic efficiency, according to a paper published by the Federal Reserve Bank of New York.\n\nThe tariffs, which essentially impose taxes on imported goods, will result in higher prices paid by importers and consumers, the New York Fed’s report said.\n\nIn addition, it said, the U.S. economy stands to take a hit as companies buy more from suppliers outside China at prices higher than they paid before the tariffs. That shift means U.S. importers are paying more, but the additional money isn’t going into the U.S. Treasury.\n\nThe boost in the tariff rate is likely to accelerate the shift to other suppliers, the New York Fed report said.\n\n“These higher tariffs are likely to create large economic distortions and reduce U.S. tariff revenues,” economists Mary Amiti , Stephen Redding and David Weinstein wrote in the report. “Very high tariff rates can…cause tariff revenue to fall as buyers of imports stop purchasing imports from a targeted country and seek out imports from (less efficient) producers in other countries.”\n\nSome of the higher tariffs on Chinese imports have been passed on to U.S. consumers, such as those on washing machines, an IMF report said. Photo: Spencer Platt/Getty Images\n\nMr. Trump this month raised the tariff rate on approximately $200 billion in goods imported from China to 25% from 10% as talks on a deal to remove the levies hit an impasse. The Trump administration is also considering tariffs on most of the remaining $300 billion in imports from China, but the Fed paper didn’t consider those tariffs when estimating the impact on households.\n\nMr. Trump has sought to use tariffs to reduce the trade balance, shift manufacturing back to the U.S. and bring trading partners to the negotiating table to improve overseas conditions for U.S. exporters and investors.\n\nTechnically, tariffs must be paid by the company importing goods to the U.S. Importers can choose to pass that cost on to customers in the form of higher prices. Or they can choose to minimize price increases, reducing their profit margins. They can also seek lower prices from their Chinese suppliers to offset the cost of the tariffs.\n\nPresident Trump has said that China pays the tariffs. But several recent studies have concluded that the additional costs have been borne by U.S. importers and consumers.\n\nHas the relationship between the U.S. and China simply hit a speed bump or are the events of the last several days a sign of something more serious? WSJ's Gerald F. Seib explains. Photo: Getty\n\nOne of those reports, prepared by the same authors for the National Bureau of Economic Research in March, estimated that last year’s tariffs on Chinese imports cost the typical household $414 a year. Their latest estimate, of a cost to households of $831 a year, would be in addition to that.\n\nThe authors estimate that of the $831 in additional costs per household, $211 of that will come from tariffs paid on Chinese imports and $620 from the economic effect of buying high-price goods from other countries without a boost to U.S. tariff revenue.\n\nIn a separate report Thursday from the International Monetary Fund, economists used import data to quantify sudden jumps in U.S. prices for goods when tariffs were introduced.\n\n“Some of these tariffs have been passed on to U.S. consumers, like those on washing machines, while others have been absorbed by importing firms through lower profit margins,” economists Eugenio Cerutti , Gita Gopinath and Adil Mohommad said.\n\nAt the same time, the IMF economists said the increase in tariffs imposed by the U.S. and retaliatory duties from China have had a limited effect so far on the trade balance between the two countries.\n\nWrite to William Mauldin at william.mauldin@wsj.com",
    "published": "2019-05-23"
  },
  {
    "source": "WSJ",
    "title": "Intuit Raises Financial Outlook Amid TurboTax Scrutiny",
    "summary": "Tax software unit’s business practices draw letter from federal lawmakers",
    "link": "https://www.wsj.com/articles/intuit-raises-financial-outlook-amid-turbotax-scrutiny-11558646795?mod=Searchresults_pos3&page=17",
    "content": "Intuit Inc. INTU 0.37 %increase; green up pointing triangle raised its profit and sales outlook for the year, citing strong results through April, despite mounting legislative and regulatory scrutiny over the business practices of its TurboTax tax-preparation software unit.\n\nResults for the quarter—which typically accounts for the lion’s share of business because it includes the deadline for most individuals to file federal income tax returns—showed profit rose 16% to $1.38 billion, or $5.22 a share. On an adjusted basis, profit rose to $5.55 a share from $4.78 a share a year earlier.\n\nRevenue rose 12% to $3.27 billion.\n\nAnalysts surveyed by FactSet expected a profit of $5.40 a share on an adjusted basis on $3.23 billion in revenue.\n\nFor the year that ends July 31, the company now expects profit of $5.72 to $5.74 a share, or $6.67 to $6.69 a share as adjusted, on $6.74 billion to $6.76 billion in revenue. It previously forecast $5.25 to $5.35 a share in profit, or $6.40 to $6.50 a share as adjusted, on $6.53 billion to $6.63 billion in revenue.\n\nShares of Intuit rose 1.3% in Thursday after-hours trading.\n\nThe latest results come weeks after nonprofit news organization ProPublica reported in a series of articles that TurboTax had steered low-income taxpayers, who would be eligible to file their federal returns for free, to paid products.\n\nIntuit, H&R Block Inc. and other commercial tax-preparation firms offer free-tax filing services under an agreement with the Internal Revenue Service. Taxpayers who earned adjusted gross income of $66,000 or less in 2018 are eligible to file free.\n\nJust 1.6% of taxpayers used Free File software in 2018, while 68% of taxpayers were eligible for the free software but didn’t use it, according to Nina Olson, the national taxpayer advocate who leads an independent watchdog office within the Internal Revenue Service. Usage declined from 2014 to 2018, according to Ms. Olson, who blames confusing navigation by tax-prep companies, the lack of a marketing budget and the lack of IRS oversight and evaluation of the program.\n\nOn Wednesday, a group of federal lawmakers including Sen. Elizabeth Warren (D., Mass.) and Rep. Brad Sherman (D., Calif.) sent a letter to Intuit, accusing the company of using the Free File program “as a way to steer lower-income taxpayers to their paying products, rather than a way to provide free tax filing services.”\n\n“Intuit’s track record of deception with regard to Free File is extensive, including its efforts to sabotage the service by hiding it from taxpayers, its false customer service claims, and its public relations campaign in support of the tax filing status quo,\" the lawmakers wrote, asking the company to respond to questions and information requests by June 5.\n\nIntuit denies wrongdoing. On Thursday during an earnings call, company officials again repeated that they remain committed to free filing.\n\n“We stand behind our marketing actions as both being appropriate and consistent with our core value, integrity without comprise,” Chief Executive Sasan Goodarzi said. “We stand behind our marketing actions as both being appropriate and consistent.”\n\nIRS Commissioner Charles Rettig told reporters last week that a contractor was reviewing the contracts and the process for Free File. He said he expected that review to be complete within 90 days.\n\n“We’re working on it,” Mr. Rettig said. “We need to get it right, and the people need to be able to file their returns.”\n\nRichard Rubin contributed to this article.\n\nWrite to Maria Armental at maria.armental@wsj.com",
    "published": "2019-05-23"
  },
  {
    "source": "WSJ",
    "title": "Real Time Economics: U.S. Blacklist Squeezes Chinese Companies",
    "summary": "This is the web version of the WSJ’s newsletter on the economy. You can sign up for daily delivery here.",
    "link": "https://www.wsj.com/articles/real-time-economics-u-s-blacklist-squeezes-chinese-companies-01558608950?mod=Searchresults_pos9&page=59",
    "content": "This is the web version of the WSJ’s newsletter on the economy. You can sign up for daily delivery here.\n\nTrump administration sanctions are reverberating beyond the U.S. border, Europe goes to the polls, the Fed debates inflation and honey prices aren't so sweet. Good morning. Jeff Sparshott here to take you through key developments in the global economy. Send us your questions, comments and suggestions by replying to this email.\n\nHuawei Feels the Heat\n\nHuawei’s foreign partners are backing away from the Chinese telecommunications giant after the U.S. blacklisted it, imperiling its global business, Dan Strumpf and Mayumi Negishi report.\n\nU.K.-based chip design company Arm Holdings is suspending its business with the Chinese company. Licenses from Arm are crucial to the underlying designs for an array of Huawei-made chips.\n\ndesign company Arm Holdings is suspending its business with the Chinese company. Licenses from Arm are crucial to the underlying designs for an array of Huawei-made chips. Mobile-phone carriers in Japan and the U.K. have suspended launches of Huawei smartphone models over concerns that U.S. curbs will jeopardize the phones’ performance.\n\nin Japan and the U.K. have suspended launches of Huawei smartphone models over concerns that U.S. curbs will jeopardize the phones’ performance. The fallout follows the Trump administration's escalating trade fight with China. The White House has raised tariffs and targeted individual companies as it seeks to rebalance commercial relations.\n\nWHAT TO WATCH TODAY\n\nEuropean parliamentary elections begin.\n\nThe European Central Bank releases minutes from its April 9-10 meeting at 7:30 a.m. ET.\n\nU.S. jobless claims are expected to rise to 215,000 from 212,000 a week earlier. (8:30 a.m. ET)\n\nIHS Markit's U.S. flash manufacturing index for May is expected to tick down to 52.5 from 52.6 at the end of last month. (9:45 a.m. ET)\n\nU.S. new-home sales for April are expected to fall to an annual pace of 673,000 from 692,000 a month earlier. (10 a.m. ET)\n\nThe Kansas City Fed's manufacturing survey for May is expected to rise to 7 from 5 a month earlier. (11 a.m. ET)\n\nThe Richmond Fed’s Thomas Barkin, Atlanta Fed’s Raphael Bostic, San Francisco Fed’s Mary Daly and Dallas Fed’s Robert Kaplan speak at a conference on technology-enabled disruption at 1:00 p.m. ET.\n\nPresident Trump delivers remarks on supporting America’s farmers and ranchers at 3:15 p.m. ET.\n\nJapan's consumer-price index for April is out at 7:30 p.m. ET.\n\nTOP STORIES\n\nYou Just Made the List, Buddy\n\nThe U.S. is considering expanding the list of Chinese companies on a blacklist for U.S. suppliers, Ryan Tracy and Dan Strumpf report.\n\nThe Commerce Department is reviewing whether other Chinese companies should join Huawei on its so-called entity list. U.S. companies need a special license to do business with such firms—a sanction that can cut foreign firms off from U.S. suppliers.\n\nis reviewing whether other Chinese companies should join Huawei on its so-called entity list. U.S. companies need a special license to do business with such firms—a sanction that can cut foreign firms off from U.S. suppliers. Members of Congress have already urged the Trump administration to consider sanctions on Hangzhou Hikvision Digital Technology and Dahua Technology. Both firms make video surveillance equipment.\n\nTrojan Horse\n\nElections this week are poised to create a new headache for the European Union: EU-skeptic parties are set gain strength inside the European Parliament, Valentina Pop and Giovanni Legorano report.\n\nRemain . The EU-skeptic parties’ resist-from-within strategy aims to reassure Europe’s often risk-averse voters that there will be no Brexit-style experiments, while still speaking to those frustrated with Europe’s direction.\n\n. The EU-skeptic parties’ resist-from-within strategy aims to reassure Europe’s often risk-averse voters that there will be no Brexit-style experiments, while still speaking to those frustrated with Europe’s direction. For the EU , it means more resistance for any further integration. Common policies could become harder to agree on, and some existing rules could be harder to maintain.\n\n, it means more resistance for any further integration. Common policies could become harder to agree on, and some existing rules could be harder to maintain. American companies are joining European peers in urging employees to vote. The fear? A low turnout could help anti-EU parties that would seek to roll back European integration, which has greatly benefited multinationals.\n\nThe Fed: Minute by Minute\n\nFederal Reserve officials were broadly comfortable with their make-no-moves posture on interest rates at their April 30-May 1 policy meeting, according to minutes releases Wednesday. Perhaps the most interesting topic on tap was inflation. The WSJ's Nick Timiraos writes:\n\nMany officials at the meeting said they expected a recent soft patch in inflation would be temporary. That echoes Chairman Jerome Powell's suggestion that one-off price declines had skewed recent inflation readings lower.\n\nat the meeting said they expected a recent soft patch in inflation would be temporary. That echoes Chairman Jerome Powell's suggestion that one-off price declines had skewed recent inflation readings lower. But several officials expressed concern that inflation expectations could become fixed at uncomfortably low levels “if inflation did not show signs of moving up over coming quarters.”\n\nexpressed concern that inflation expectations could become fixed at uncomfortably low levels “if inflation did not show signs of moving up over coming quarters.” Off target? Fed economists don't think inflation will stick at the central bank's target: \"Core [personal-consumption-expenditure] price inflation was expected to move up in the near term but nevertheless to run just below 2% over the medium term. Total PCE price inflation was forecast to run a bit below core inflation in 2020 and 2021.\"\n\nFed economists don't think inflation will stick at the central bank's target: \"Core [personal-consumption-expenditure] price inflation was expected to move up in the near term but nevertheless to run just below 2% over the medium term. Total PCE price inflation was forecast to run a bit below core inflation in 2020 and 2021.\" Fed officials believe 2% inflation is consistent with a healthy economy. Still, the minutes revealed no discussion of a rate cut.\n\nHoney Prices Start to Sting\n\nRising demand, meet flat supplies. Global honey prices are at their highest levels in years, due to a new wave of consumer demand and declining bee populations that are hampering mass production. In recent years, honey has become popular with people looking for healthier alternatives to cane sugar and high-fructose corn syrup. In addition, it is being used more as an ingredient in shampoos, moisturizers and other personal-care products. The result: Global prices have climbed about 25% since 2013, while the cost of sugar has fallen around 30% over the same time frame, Lucy Craymer reports.\n\nWhat We're Following\n\nDebt limit: Treasury Secretary Steven Mnuchin said the government could run out of room to keep paying its bills in full and on time in late summer unless Congress raised the federal borrowing limit. The Treasury Department has been using extraordinary measures to keep making on-time payments to bondholders and other federal-benefit recipients since March 2.\n\nThe eurozone economy's outlook isn't terribly bright: \"Jobs growth slipped to the joint-lowest since 2016 as firms scaled back expansion plans in the light of weak sales. Optimism about the future meanwhile slumped to a four-and-a-half year low,\" IHS Markit said alongside the release of its composite Purchasing Managers Index for the currency bloc. Manufacturing activity is contracting and fell to a two-month low in April. Service-sector activity expanded at the slowest pace in four months.\n\nMeanwhile, in the world's fifth-largest economy: India's Prime Minister Narendra Modi won re-election with a strong mandate, setting the stage for him to pursue more ambitious policies both at home and abroad. Many hope Mr. Modi will ride his momentum to roll out the tough economic changes—such as loosening the rules around hiring and firing employees. If India’s markets opened up and its growth accelerated, it could become an important engine of global growth.\n\nTWEET OF THE DAY\n\nHere's an idea. What if 5G is more trouble than it's worth? What if everybody's cellphone is fast enough already, the internet of things is a recipe for job destruction, and we can drive our own damn cars without AI?\n\n— Pete Sweeney (@petesweeneypro) May 23, 2019\n\nWHAT ELSE WE'RE READING\n\nRaj Chetty wants to change the way we learn economics. The Harvard professor this spring unveiled Economics 1152: Using Big Data to Solve Economic and Social Problems. \"There’s little discussion of supply and demand curves, of producer or consumer surplus, or other elementary concepts introduced in classes like Ec 10. There is no textbook, only a set of empirical papers. The material is relatively cutting-edge. Of the 12 papers students are required to read, 11 were released in 2010 or after. Half of the assigned papers were released in 2017 or 2018,\" Dylan Matthews writes at Vox.\n\nThe gender pay gap extends to the art world. \"In a new paper, four academics show that art made by women sells for lower prices at auction than men’s, and suggest that this discount has nothing to do with talent or thematic choices. It is solely because the artists are female,\" the Economist reports.\n\nSign Up for Our Calendar\n\nReal Time Economics has launched a downloadable Google calendar with concise previews, forecasts and analysis of major U.S. data releases.\n\nTo add to your Google Calendar on desktop, click here.\n\nTo add to your Google calendar app on mobile, click here.\n\nIf you prefer to view the calendar using a web browser, with the option of adding select Real Time Economics entries to your calendar, click here.\n\nAnd here's our how-to.\n\nLet us know what you think. This is a pilot project, so we’d appreciate your feedback.",
    "published": "2019-05-23"
  },
  {
    "source": "WSJ",
    "title": "Fed’s Kaplan Says He Is ‘Agnostic’ About Whether Next Rate Move Is Up or Down",
    "summary": "Dallas Fed President says he is comfortable leaving interest rates unchanged for now",
    "link": "https://www.wsj.com/articles/feds-kaplan-says-he-is-agnostic-about-whether-next-rate-move-is-up-or-down-11558643657?mod=Searchresults_pos18&page=51",
    "content": "Robert Kaplan, president of the Federal Reserve Bank of Dallas Photo: Christopher Goodney/Bloomberg News\n\nDALLAS—Federal Reserve Bank of Dallas President Robert Kaplan said Thursday he is concerned about the potential for trade-related uncertainty to exert a drag on U.S. economic growth but said he is comfortable leaving interest rates unchanged for now.\n\n“I’m agnostic at this point about whether the next move is up or down,” Mr. Kaplan told reporters on the sidelines of an event hosted by the Dallas Fed. “I’m watching very carefully how these trade tensions unfold because I have a concern…whether that could cause some deceleration in the rate of growth.”",
    "published": "2019-05-23"
  },
  {
    "source": "WSJ",
    "title": "The Daily Shot: How ‘Transitory’ Is the Recent Dip in Inflation?",
    "summary": "To receive the Daily Shot newsletter in your inbox, please sign up at our Email Center. Previous issues of the Daily Shot are available online at DailyShotWSJ.com.",
    "link": "https://www.wsj.com/articles/the-daily-shot-how-transitory-is-the-recent-dip-in-inflation-01558601218?mod=Searchresults_pos19&page=45",
    "content": "To receive the Daily Shot newsletter in your inbox, please sign up at our Email Center. Previous issues of the Daily Shot are available online at DailyShotWSJ.com.\n\nHave questions, feedback or comments? Contact author Lev.Borodovsky@DowJones.com.\n\nTwitter: @SoberLook\n\n\n\n\n\nThe Daily Shot: 23-May-19\n\n• The United States\n\n• Canada\n\n• The United Kingdom\n\n• Europe\n\n• Japan\n\n• Asia - Pacific\n\n• Emerging Markets\n\n• Commodities\n\n• Energy\n\n• Equities\n\n• Credit\n\n• Rates\n\n• Food for Thought\n\n\n\n\n\nThe United States\n\n1. Let's begin with the FOMC minutes, which suggest that the Fed will remain on hold for some time to come. Note that the FOMC meeting took place before the US-China trade tensions were ratcheted up again.\n\n• The FOMC viewed growth as 'solid' but acknowledged slower consumer spending and business investment.\n\nThe information available for the April 30-May 1 meeting indicated that labor market conditions remained strong and that real gross domestic product (GDP) increased at a solid rate in the first quarter even as household spending and business fixed investment rose more slowly in the first quarter than in the fourth quarter of last year.\n\n• The Committee saw the dip in inflation as 'transitory,' and there was no indication that the central bank is prepared to cut rates any time soon (even though the market 'wants' it to do so).\n\nMany participants viewed the recent dip in PCE inflation as likely to be transitory, and participants generally anticipated that a patient approach to policy adjustments was likely to be consistent with sustained expansion of economic activity, strong labor market conditions, and inflation near the Committee's symmetric 2 percent objective.\n\nThe Dallas Fed's 'trimmed mean' PCE index was discussed as evidence for the 'transitory' nature of the recent decline in inflation.\n\nConsistent with the view that recent lower inflation readings could be temporary, a number of participants mentioned the trimmed mean measure of PCE price inflation, produced by the Federal Reserve Bank of Dallas, which removes the influence of unusually large changes in the prices of individual items in either direction; these participants observed that the trimmed mean measure had been stable at or close to 2 percent over recent months.\n\nThere was some concern that inflation risks to the downside have risen.\n\nParticipants continued to view inflation near the Committee's symmetric 2 percent objective as the most likely outcome, but, in light of recent, softer inflation readings, some viewed the downside risks to inflation as having increased. Some participants also expressed concerns that long-term inflation expectations could be below levels consistent with the Committee's 2 percent target or at risk of falling below that level.\n\n• In general, the Fed officials are agreement on the FOMC's 'patient' approach to policy (staying put on rates).\n\nMembers observed that a patient approach to determining future adjustments to the target range for the federal funds rate would likely remain appropriate for some time, especially in an environment of moderate economic growth and muted inflation pressures, even if global economic and financial conditions continued to improve.\n\n----------------------\n\n2. So how 'transitory' is the dip in inflation? Some leading indicators suggest that softer inflation is here to stay.\n\n• Unit labor costs:\n\nSource: Capital Economics\n\n• Shipment activity (see #5 here):\n\nSource: The Daily Feather\n\n• A stronger US dollar (see chart)\n\n• In recent weeks, the market has also been pricing in softer inflation.\n\n----------------------\n\n3. Next, we have some updates on the housing market.\n\n• Mortgage applications for house purchase remain at multi-year highs for this time of the year.\n\n• Refi activity is still substantially above last year's levels.\n\n• However, shares of homebuilders are having a rough week.\n\n• Separately, this map shows the recent performance of the first-time homebuyer market by state.\n\nSource: Genworth Mortgage Insurance\n\n----------------------\n\n4. The Citi Economic Surprise Index bounced in recent weeks, following a pattern we saw in 2017. Will the recovery persist?\n\n5. Finally, these are the industries that will benefit from the de-escalation of North American trade tensions.\n\nSource: Moody's Investors Service\n\n\n\n\n\n\n\nCanada\n\n1. Retail sales rebounded in March.\n\n2. Business investment represents a smaller share of the economy in Canada than it does in the US.\n\nSource: CIBC Capital Markets\n\n3. This chart provides a measure of housing affordability (higher figures mean lower affordability).\n\nSource: Economics and Strategy Group, National Bank of Canada\n\n4. The BoC rate hikes have yet to fully propagate through the economy. This chart shows that Canada' growth has been more sensitive to rates in recent years.\n\nSource: Desjardins\n\n5. Temporary employment has been rising over the past couple of decades.\n\nSource: Economics and Strategy Group, National Bank of Canada\n\n\n\n\n\n\n\nThe United Kingdom\n\n1. Consumer inflation rose less than expected last month, with the core CPI remaining flat.\n\nHere are the components of the CPI and a forecast from Pantheon Macroeconomics.\n\nSource: Pantheon Macroeconomics\n\nThe PPI continues to trend lower.\n\n----------------------\n\n2. The official home price appreciation index was a bit stronger than expected.\n\n3. The Brexit impasse is making investors uneasy, and they continue to sell the British pound.\n\nSource: The New York Times; Read full article\n\n\n\n\n\n\n\nEurope\n\n1. Elsewhere in Europe, French corporate debt levels have risen substantially over the past decade.\n\nSource: @WSJ; Read full article\n\n2. The selloff in bank shares has been relentless over the past month.\n\n3. Sweden's capacity utilization remains at multi-year highs.\n\n4. Central European economies continue to perform well. Here is Poland's industrial output.\n\nHowever, these countries are highly exposed to the US automobile tariff risk.\n\nSource: Oxford Economics\n\nAlso, the number of articles mentioning tariffs pertaining to Europe spiked again in May.\n\nSource: Goldman Sachs\n\n----------------------\n\n5. Iceland's central bank cut rates as the economy weakens.\n\n6. Negative interest rates remain a fixture across many European economies. But these central bank policies haven't dented the persistently high saving ratios.\n\nSource: @WSJ; Read full article\n\n7. Finally, here is an illustration of the EU's institutions.\n\nSource: Gavekal\n\n\n\n\n\n\n\nJapan\n\n1. The manufacturing PMI dipped below 50 again, which tends to indicate contraction.\n\n2. Japan's exports to China were about to recover. But with the renewed US-China tensions, the rebound is much less certain now.\n\nSource: Pantheon Macroeconomics\n\n3. Weak machine orders point to slower CapEx.\n\nSource: Pantheon Macroeconomics\n\n4. The dividend yield of Japanese banks keeps climbing.\n\nSource: @WSJ; Read full article\n\n\n\n\n\n\n\nAsia - Pacific\n\n1. Asia's stock markets remain under pressure.\n\n2. The Aussie dollar has diverged from the Australian-US rate differential.\n\nSource: Credit Suisse\n\n3. This is Australia's 10-year government bond yield over the past decade.\n\nAnd here is the yield curve.\n\n\n\n\n\n\n\nEmerging Markets\n\n1. India's stock market keeps rallying amid indications that Modi's party has taken a commanding lead.\n\n2. Turkey's stock market hit a multi-year low as the lira continues to sink (second chart).\n\n----------------------\n\n3. Indonesia's stock market is rebounding after the elections despite violent protests.\n\n4. Russia's industrial production surprised to the upside.\n\n5. South Africa's CPI is moderating.\n\n6. Mexico's retail sales were softer than expected.\n\n7. There are no signs of stabilization in Argentina's economy.\n\n\n\n\n\n\n\nCommodities\n\n1. Copper prices continue to retreat.\n\n• Shanghai:\n\n• New York:\n\nHere is Bloomberg's industrial metals index.\n\n----------------------\n\n2. Gold gave up its recent gains as the dollar pushes higher.\n\n\n\n\n\n\n\nEnergy\n\n1. Increases in US crude oil and gasoline inventories sent crude prices lower.\n\n----------------------\n\n2. The efficiency of US crude oil production is worsening, which could slow gains in output (see this overview of oil \"production wedge\").\n\nSource: Barclays Research\n\n3. US crude oil imports from Saudi Arabia hit multi-year lows.\n\nSource: EIA, @JavierBlas\n\n4. International maritime rules will force ships to cut their fuel emissions dramatically in 2020.\n\nSource: @EIAgov; Read full article\n\nSome firms would like to deal with this requirement is by slowing their ships (and perhaps using more of them).\n\nSource: @WSJ; Read full article\n\n\n\n\n\n\n\nEquities\n\n1. The S&P 500 has been consolidating recently, suggesting higher volatility ahead.\n\nSource: @JohnKicklighter\n\n2. FAANG stocks have been lagging.\n\nSource: @JohnAuthers\n\n3. Companies exposed to tariffs have performed poorly over the past year.\n\nSource: Credit Suisse\n\n4. Here is the ratio of two ETF prices: materials vs. utilities. It's a measure of risk appetite.\n\nh/t BCA Research\n\n5. Below is an update on EPS consensus estimates by quarter (year-over-year growth).\n\nSource: Yardeni Research\n\n6. Next, we have some sector updates.\n\n• Energy:\n\n• Healthcare:\n\n• Retail:\n\n• Transportation:\n\n• Semiconductors:\n\nSource: @WSJ; Read full article\n\n----------------------\n\n7. Finally, here are some factor charts.\n\n• High-dividend:\n\n• Momentum:\n\n• Low vol:\n\n\n\n\n\n\n\nCredit\n\n1. Leverage in the leveraged loan market keeps climbing.\n\nSource: Barclays Research\n\n2. Bonds of companies exposed to tariffs have underperformed (higher spreads).\n\nSource: Credit Suisse\n\n3. As discussed before, this chart shows Bloomberg's AAA muni yield ratio to the 10yr Treasury.\n\nSource: @TheTerminal\n\nBelow is some color on this trend from Erin Ortiz (Municipal Research, Janney Montgomery Scott).\n\nLower ratios have been a theme for some time, with the average M/T ratio marching downward since 2015 after hitting around 100%. The downward trend is likely due to the combination of these factors:\n\n• Demand that well-exceeds a period of low supply, particularly year-to-date - and also in 2018, post the implementation of the new tax law, which eliminated advance refundings.\n\n• More recent increased demand from investors in SALT states or impacted by the cap of state and local tax deductions, as a result of TCJA.\n\n- Despite the low ratios, the market is still attractive because of the tax equivalent yield.\n\n• No major negative credit events to rattle muni-market investors, like unforeseen bankruptcies or issuers with unexpected large defaults (Puerto Rico aside - but that occurrence was a long time coming).\n\n• Diverging dynamic between flattening Treasury curve and steeping in the muni yield curve (pure math between numerator and denominator).\n\nWe could see the ratio shrinking further into the typically lower issuance summer months (absent a significant uptick in issuance).\n\n\n\n\n\n\n\nRates\n\n1. The FOMC discussed two scenarios for the Fed's Treasury portfolio composition going forward.\n\nThe staff presented two illustrative scenarios as a way of highlighting a range of implications of different long-run target portfolio compositions.\n\n• In the first scenario, the maturity composition of the U.S. Treasury securities in the target portfolio was similar to that of the universe of currently outstanding U.S. Treasury securities (a \"proportional\" portfolio).\n\n• In the second, the target portfolio contained only shorter-term securities with maturities of three years or less (a \"shorter maturity\" portfolio).\n\nThere is some concern that shifting into a short-term portfolio will steepen the yield curve (by boosting term premium).\n\nBased on the staff's standard modeling framework, all else equal, a move to the illustrative shorter maturity portfolio would put significant upward pressure on term premiums and imply that the path of the federal funds rate would need to be correspondingly lower to achieve the same macroeconomic outcomes as in the baseline outlook.\n\n2. SOFR, the expected replacement for LIBOR, isn't catching on as quickly as some had hoped.\n\n• Floating-rate debt deals linked to SOFR:\n\nSource: @WSJ; Read full article\n\n• SOFR futures:\n\nSource: Oxford Economics\n\n----------------------\n\n\n\n\n\n\n\nFood for Thought\n\n1. Uber's path to IPO:\n\nSource: @WSJ; Read full article\n\n2. Twitter concentration:\n\nSource: @financialtimes; Read full article\n\n3. Mobile payment penetration:\n\nSource: @StatistaCharts; Read full article\n\n4. Music CD sales:\n\nSource: @WSJ; Read full article\n\n5. The FBI's approval ratings:\n\nSource: Gallup; Read full article\n\n6. The economy and presidential elections:\n\nSource: Mehlman Castagnetti Rosen & Thomas; Read full article\n\n7. Daily prayer vs. the GDP per capita:\n\nSource: @PewHispanic; Read full article\n\n8. Flooding in the US:\n\nSource: @WSJ; Read full article\n\n9. Updated drug overdose rates:\n\nSource: @TheEconomist; Read full article\n\n10. Average MLB attendance:\n\nSource: The Daily Feather\n\n----------------------\n\nThe Daily Shot provides objective and disinterested analysis and commentary regarding macroeconomic and market trends. Other than indirectly through country or sector specific exchange-traded or mutual funds, the author of the Daily Shot does not have any interest in or own any of the individual securities which may be mentioned. The Daily Shot does not provide investment advice or any recommendations regarding particular securities. Nothing in the Daily Shot should be relied upon in making an investment decision, nor considered to be a solicitation to offer or buy any securities.",
    "published": "2019-05-23"
  }
]