[
  {
    "source": "WSJ",
    "title": "Democrats’ Emerging Tax Idea: Look Beyond Income, Target Wealth",
    "summary": "Lawmakers and 2020 candidates offer a range of options focused on capturing some of the trillions of dollars in assets belonging to the nation’s richest",
    "link": "https://www.wsj.com/articles/democrats-emerging-tax-idea-look-beyond-income-target-wealth-11566916571?mod=Searchresults_pos13&page=83",
    "content": "The income tax is the Swiss Army Knife of the U.S. tax system, an all-purpose policy tool for raising revenue, rewarding and punishing activities and redistributing money between rich and poor.\n\nThe system could change fundamentally if Democrats win the White House and Congress. The party’s presidential candidates, legislators and advisers share a conviction that today’s income tax is inadequate for an economy where a growing share of rewards flows to a sliver of households.\n\nFor the richest Americans, Democrats want to shift toward taxing their wealth, instead of just their salaries and the income their assets generate. The personal income tax indirectly touches wealth, but only when assets are sold and become income.\n\nAt the end of 2017, U.S. households had $3.8 trillion in unrealized gains in stocks and investment funds, plus more in real estate, private businesses and artwork, according to the Economic Innovation Group, a nonprofit focused on bringing investment to low-income areas. Most of the value of estates over $100 million consists of unrealized gains, said a 2013 Federal Reserve study. Much has never been touched by individual income taxes and may never be.\n\nDemocrats are eager to tap that mountain of wealth to finance priorities such as expanding health-insurance coverage, combating climate change and aiding low-income households. Their ideas range from new rules on inherited assets, to a plan by Sen. Ron Wyden for annual taxes on unrealized gains, to a proposal from Sen. Elizabeth Warren to tax wealth itself. These come atop more conventional proposals to raise income taxes and expand estate taxes.\n\n“The whole tax system is stacked in favor of the tax-avoidance crowd,” said Mr. Wyden, who would lead the tax-writing Finance Committee if Democrats retook the Senate. “When you stand up and you say, hey look, you’ve got one system for a cop and a nurse and another for highfliers to pay what they want to, when they want to, everybody nods.”\n\nThe Democratic debate on taxing wealth is one facet of a bigger, often contentious discussion. Experts across the political spectrum agree income inequality widened in recent decades, and wealth inequality even more. There is little agreement on what, if anything, the government should do about it.\n\nMany on the right believe narrowing the gap between the rich and middle class matters less than raising the incomes of the middle class. That, they say, calls for measures to boost investment and educational opportunity. Many conservatives argue that taxes targeted at the rich could hinder investment in ways that would hurt everyone’s wages and discourage the creation of wealth in the first place.\n\nNew taxes on wealth would complicate tax administration and bring unknown economic consequences. “It would be incredibly disruptive to markets,” said Sen. John Thune (R., S.D.). “People would start looking for how to game it and ways to shield and shelter.”\n\nLiberals, by contrast, see extreme inequality as morally wrong and socially divisive, and regard the current system, which taxes income generated by wealth more lightly than wages, as especially objectionable and a contributor to wealth gaps between blacks and whites.\n\nAdvertisement\n\nWhile the current income tax is already progressive—rates are higher for people whose income is higher—Democrats say progressivity breaks down at the very top because reduced corporate taxes, preferential rates for capital gains and a narrowed estate tax are especially favorable to the wealthiest Americans. If Democrats gain unified control of government in 2021, rich households, including heirs living off inheritances and company founders compensated with stock, will be in the crosshairs.\n\nThe U.S. has taxed capital gains since introducing the modern income tax in 1913, when the country decided tariffs and excise taxes were insufficient and unreliable.\n\nSince then, Congress has mostly kept lower tax rates on capital gains for three main reasons: to offset inflation’s effects, encourage investment and discourage people from holding onto assets for tax reasons.\n\nThe problem, Democrats say, is that capital gains are taxed only when gains are realized through a sale and become income. An investor who buys $10 million in stock that pays no dividend and watches it grow to $50 million doesn’t pay income tax on that appreciation unless the stock is sold.\n\nAdvertisement\n\nIf that investor dies before selling, the unrealized gains get wiped out, for income-tax purposes. The heirs treat the assets’ cost basis as $50 million, not $10 million; they face no income tax on the $40 million of capital gains if they sell, although an estate tax may be due. This long-standing elimination of unrealized gains at death, for tax purposes, is called “stepped-up basis.”\n\nIt means the optimal tax strategy for the very rich, fine-tuned and promoted by the wealth-planning industry, is straightforward: Hold assets until death, borrow against them for living expenses and barely pay income taxes.\n\nDemocrats are attacking the foundations of that strategy. They talked for years about raising taxes on high-income investors, citing Warren Buffett’s claim of paying a lower tax rate than his secretary. They’ve succeeded in raising the top capital gains rate from 15% under President George W. Bush to 20%, plus the 3.8% tax on investment income added to fund the Affordable Care Act. The top ordinary-income rate is 37%.\n\nJust raising capital-gains tax rates further wouldn’t require the likes of Mr. Buffett to report more of their growing wealth on their returns, make them more willing to sell assets or raise much revenue. In fact, if the capital-gains rate went above 28.5% without other changes, investors would delay so many sales that federal revenue would drop, according to the Tax Policy Center, a research group.\n\nThat would be a rare instance of the U.S. being on the wrong side of the Laffer Curve, named for economist Arthur Laffer , who projected that government revenue drops if tax rates get high enough.\n\nAdvertisement\n\nRepublicans see the same money accumulating and want to deploy it by not taxing it. Their goal, rather than generating money for expanded government programs, is to incentivize the private holders of capital to realize the gains and spur economic growth. The 2017 tax law created opportunity zones, which offer deferral and rate discounts for reinvesting capital gains in low-income areas. GOP lawmakers are pushing the Trump administration to consider the idea of indexing capital gains to inflation, reducing taxes on sales of long-held appreciated assets.\n\nStill, some conservatives are moving closer to Democratic positions. In June, the Peterson Foundation, which favors budget-deficit reduction, invited plans from others, and three conservative groups proposed limiting or repealing stepped-up basis.\n\nThe Manhattan Institute’s Brian Riedl said it was the sort of concession conservatives would be willing to make “in exchange for tax reform or a grand deal” to curb entitlement spending.\n\nIn campaigns, Congress and academia, Democrats are shaping tax plans for 2021, when they hope to have narrow majorities. There are three main options.\n\nThe Biden Plan\n\nPresident Obama left office with a list of ideas for taxing the rich that might have raised nearly $1 trillion over a decade. The most important was taxing capital gains at death.\n\nThe idea was too radical for a serious look from Congress at the time. Now, to a Democratic base that has moved left, it looks almost moderate.\n\nRethinking Capital Gains Taxation Democrats are looking at major changes to the way capital gains taxation works. The effects of their tax proposals would depend on each taxpayer's circumstances and on market performance. CURRENT LAW BIDEN PLAN WYDEN PLAN WARREN PLAN Net worth above $50 million subject to a 2% annual tax, plus a 1% tax on net worth above $1 billion. Assets can appreciate without capital gains taxes and heirs pay taxes only on gains in value after the original owner's death. Death would be considered a realization event, triggering capital gains taxes on appreciated assets, paid at ordinary income tax rates. Each year, investors would pay income taxes on the gain in their assets. This is called a mark-to-market system. Example one: Asset value begins at $40 million, 5% growth until person dies in year 25 Taxes taken out when transferred to heirs $150 million Current law 100 50 0 Year 1 25 Total taxes taken under law/plans: $0 $35.6 million $21.4 million $11.9 million Example two: Asset value begins at $200 million, 7% growth until year 12, person dies in year 25 $450 million Current law 400 350 300 Taxes taken out when transferred to heirs 250 200 Year 1 25 Total taxes taken under law/plans: $0 $88.4 million $58.3 million $121.2 million CURRENT LAW BIDEN PLAN Assets can appreciate without capital gains taxes and heirs pay taxes only on gains in value after the original owner's death. Death would be considered a realization event, triggering capital gains taxes on appreciated assets, paid at ordinary income tax rates. WYDEN PLAN WARREN PLAN Net worth above $50 million subject to a 2% annual tax, plus a 1% tax on net worth above $1 billion. Each year, investors would pay income taxes on the gain in their assets. This is called a mark-to-market system. Example one: Asset value begins at $40 million, continuous 5% growth until person dies in year 25 Example two: Asset value begins at $200 million, continuous 7% growth until year 12, person dies in year 25 Total taxes taken under law/plan: Total taxes taken under law/plan: Current law $0 Current law $0 Biden plan Biden plan 35.6 million 88.4 million Warren plan Warren plan 11.9 million 121.2 million 21.4 million Wyden plan Wyden plan 58.3 million CURRENT LAW BIDEN PLAN WYDEN PLAN WARREN PLAN Assets can appreciate without capital gains taxes and heirs pay taxes only on gains in value after the original owner's death. Each year, investors would pay income taxes on the gain in their assets. This is called a mark-to-market system. Net worth above $50 million subject to a 2% annual tax, plus a 1% tax on net worth above $1 billion. Death would be considered a realization event, triggering capital gains taxes on appreciated assets, paid at ordinary income tax rates. Example one: Asset value begins at $40 million, 5% growth until person dies in year 25 Taxes taken out when transferred to heirs $150 million Current law 100 50 0 Year 1 25 Total taxes taken under law/plans: $0 $35.6 million $21.4 million $11.9 million Example two: Asset value begins at $200 million, 7% growth until year 12, person dies in year 25 $450 million Current law 400 350 300 Taxes taken out when transferred to heirs 250 200 Year 1 25 Total taxes taken under law/plans: $0 $88.4 million $58.3 million $121.2 million CURRENT LAW Assets can appreciate without capital gains taxes and heirs pay taxes only on gains in value after the original owner's death. BIDEN PLAN Death would be considered a realization event, triggering capital gains taxes on appreciated assets, paid at ordinary income tax rates. WYDEN PLAN Each year, investors would pay income taxes on the gain in their assets. This is called a mark-to-market system. WARREN PLAN Net worth above $50 million subject to a 2% annual tax, plus a 1% tax on net worth above $1 billion. Example one: Asset value begins at $40 million, continuous 5% growth until person dies in year 25 Total taxes taken under law/plan: Current law $0 35.6 million Biden plan 21.4 million Wyden plan 11.9 million Warren plan Example two: Asset value begins at $200 million, continuous 7% growth until year 12, person dies in year 25 Total taxes taken under law/plan: Current law $0 88.4 million Biden plan Wyden plan 58.3 million 121.2 million Warren plan\n\nFormer Vice President Joe Biden, the candidate most prominently picking up where Mr. Obama left off, has proposed repealing stepped-up basis. Taxing unrealized gains at death could let Congress raise the capital gains rate to 50% before revenue from it would start to drop, according to the Tax Policy Center, because investors would no longer delay sales in hopes of a zero tax bill when they die.\n\nAnd indeed, Mr. Biden has proposed doubling the income-tax rate to 40% on capital gains for taxpayers with incomes of $1 million or more.\n\nBut for Democrats, repealing stepped-up basis has drawbacks. Much of the money wouldn’t come in for years, until people died. The Treasury Department estimated a plan Mr. Obama put out in 2016 would generate $235 billion over a decade, less than 10% of what advisers to Sen. Warren’s campaign say her tax plan would raise.\n\nAdvertisement\n\nThat lag raises another risk. Wealthy taxpayers would have incentives to get Congress to reverse the tax before their heirs face it.\n\nFormer Vice President Joe Biden has proposed repealing “stepped-up basis” and taxing capital gains at death. Photo: Kevin E. Schmidt/Quad-City Times/Zuma Press\n\nMr. Obama’s administration never seriously explored a wealth tax or a tax on accrued but unrealized gains, said Lily Batchelder , who helped devise his policies.\n\n“If someone’s goal is to raise trillions of dollars from the very wealthy, then it becomes necessary to think about these more ambitious proposals,” she said.\n\nThe Wyden Plan\n\nInstead of attacking favorable treatment of inherited assets, Mr. Wyden goes after the other main principle of capital-gains taxation—that gains must be realized before taxes are imposed.\n\nThe Oregon senator is designing a “mark-to-market” system. Annual increases in the value of people’s assets would be taxed as income, even if the assets aren’t sold. Someone who owned stock that was worth $400 million on Jan. 1 but $500 million on Dec. 31 would add $100 million to income on his or her tax return.\n\nThe tax would diminish the case for a preferential capital-gains rate, since people couldn’t get any benefit from deferring asset sales. Mr. Wyden would raise the rate to ordinary-income levels. Presidential candidate Julián Castro also just endorsed a mark-to-market system.\n\nAdvertisement\n\nFor the government, money would start flowing in immediately. The tax would hit every year, not just when an asset-holder died. Mr. Wyden would apply this regime to just the top 0.3% of taxpayers, said spokeswoman Ashley Schapitl . Mr. Castro’s tax would apply to the top 0.1%.\n\nDemocratic Sen. Ron Wyden of Oregon, center, would tax annual increases in the value of assets, whether or not they were sold. Photo: jim lo scalzo/EPA/Shutterstock\n\nThere are serious challenges. Revenue could be volatile as markets rise and fall. Also, the IRS would determine asset increases annually, requiring baseline values and ways to measure change. That’s easy for stocks and bonds but far more complicated for private businesses or artwork.\n\nThe rules would have to address how to treat assets that lose instead of gain value in a year, and how taxpayers would raise cash to pay taxes on assets they didn’t sell. Under Mr. Castro’s proposal, losses could be used to offset other taxes or carried forward to future years.\n\nMr. Wyden would include exemptions for primary residences and 401(k) plans. For assets that aren’t publicly traded, Mr. Castro would impose taxes only upon a sale, plus a charge applied to limit the benefits of tax deferral.\n\nAdvertisement\n\n“We’re obviously going to spend a lot of time working this through because when you’re talking about an issue this important, this substantial, it’s important to get it right,” Mr. Wyden said.\n\nThe Warren Plan\n\nThe most ambitious plan comes from Sen. Warren of Massachusetts, whose annual wealth tax would fund spending proposals such as universal child care and student-loan forgiveness.\n\nThe ultra-rich would pay whether they make money or not, whether they sell assets or not and whether their assets are growing or shrinking.\n\nMs. Warren, who draws cheers at campaign events when she mentions the tax, would impose a 2% tax each year on individuals’ assets above $50 million and a further 1% on assets above $1 billion. Fellow candidate Beto O’Rourke has also backed a wealth tax, and it is one of Vermont Sen. Bernie Sanders ’ options for financing Medicare-for-All.\n\nMs. Warren’s plan appeals to some Democrats because it would raise a lot of money from a tiny number of people. According to economists working with her campaign, it would generate $2.75 trillion over a decade from 75,000 households. That would be roughly a 6% boost in federal revenue from under 0.1% of households.\n\nFor Democrats, the Warren plan has advantages: Money would come only from the very wealthiest. The IRS could focus enforcement on very few people. Revenue would come quickly.\n\n“Look at Mark Zuckerberg,” said Gabriel Zucman , an economist at the University of California, Berkeley, who advised Ms. Warren, speaking of the Facebook Inc. founder. “Are you going to wait 50 years before you start taxing him through the estate tax?”\n\nAdvertisement\n\nSen. Elizabeth Warren (D., Mass.), seen at the Iowa State Fair, would impose a wealth tax on the very rich. Photo: brian snyder/Reuters\n\nIn the real world, a wealth tax would emerge from Congress riddled with gaps that the tax-planning industry would exploit, said Jason Oh , a law professor at the University of California, Los Angeles. For example, if private foundations were exempted, the wealthy might shift assets into them.\n\n“We’ve never seen in the history of taxation a pristine tax of any form,” Mr. Oh said. “People who want to pursue a wealth tax for the revenue may be a little disappointed when we see the estimates roll in.”\n\nEuropean countries tried—and largely abandoned—wealth taxes. They struggled because rich people could switch countries and because some assets were exempt. Mr. Zucman said Ms. Warren’s tax would escape the latter problem by hitting every kind of asset, from artwork to stock to privately held businesses to real estate.\n\nAdvertisement\n\nWhile he and fellow economist Emmanuel Saez assume 15% of the tax owed would be avoided, former Treasury Secretary Larry Summers and University of Pennsylvania law professor Natasha Sarin wrote a paper estimating the plan would raise less than half what Mr. Zucman projects, based on how much wealth escapes the estate tax.\n\nA paper by economists Matthew Smith of the Treasury Department, Eric Zwick of the University of Chicago and Owen Zidar of Princeton University contends top-end wealth is overstated. Acccording to their preliminary estimate, the top 0.1% have 15% of national wealth, instead of the 20% estimated by Mr. Zucman. Their findings imply that Ms. Warren’s tax might raise about half of what’s promised.\n\nFor an investment yielding a steady 1.5% return, a 2% wealth levy would be equivalent to an income-tax rate above 100% and cause the asset to shrink. That leads to the criticism that wealth taxes could push people to seek higher returns, possibly discouraging productive investment and adding risk to the financial system.\n\n“You hear 1%, 2%, doesn’t sound that much. Paying 1%, 2% on an asset you have every single year, that can add up,” said Ben Ritz of the Progressive Policy Institute, a centrist Democratic-affiliated think tank. “You’re basically having the asset shed money over time.”\n\nSen. John Thune (R., S.D.) said wealth taxes would complicate tax administration and people would try to game them. Photo: Stefani Reynolds/CNP/Zuma Press\n\nTo audit 30% of wealthy taxpayers, as Mr. Zucman recommends, would involve tens of thousands of complex investigations, a challenge even if the IRS were beefed up as Ms. Warren proposes. The agency already struggles with similar calculations for estate taxes, engaging in long battles over valuing such things as fractional shares of family businesses. Under the wealth tax, those once-per-lifetime audits would become annual affairs.\n\nThe wealth tax also has an extra asterisk: it would be challenged as unconstitutional.\n\nThe Constitution says any direct tax must be structured so each state contributes a share of it equal to the state’s share of the population. A state such as Connecticut has far more multimillionaires per capita than many others, so its share of the wealth tax would far exceed its share of the U.S. population. How Ms. Warren’s wealth tax might be categorized or affected is an unsettled area of law relying on century-old Supreme Court precedents.\n\nStill, the wealth tax polls well, and Democratic candidates are eager to draw a contrast with President Trump, a tax-cutting billionaire.\n\nRepublicans will push back. Rep. Tom Reed (R., N.Y.) says tax increases aimed at the top would reach the middle class. “It easily goes down the slippery slope,” he said. “If it’s the 1%, it’s the top 20%.” he said.\n\nWrite to Richard Rubin at richard.rubin@wsj.com",
    "published": "2019-08-27"
  },
  {
    "source": "WSJ",
    "title": "WSJ Wealth Adviser Briefing: Big Tech, Banking Alliance, Female Advisers",
    "summary": "Curated news and analysis for wealth advisers and their clients from WSJ reporters and columnists",
    "link": "https://www.wsj.com/articles/wsj-wealth-adviser-briefing-big-tech-banking-alliance-female-advisers-01566900130?mod=Searchresults_pos14&page=61",
    "content": "Stocks are a few percentage points away from records. Data are pointing to a slowdown in the U.S. economy. The dueling narratives are challenging investors, who say they are finding it increasingly difficult to reconcile the sustained rise in share prices with widening cracks in the U.S. economy. Many are also worried that the back-and-forth between President Trump and China, as well as the Federal Reserve, is heightening the pressure on an economy that they fear is starting to falter.\n\nBelow, some of the best analysis and insight from WSJ writers and columnists, the Dow Jones Newswires team and occasionally beyond, on investing, the wealth-management business and more.\n\nPLANNING & INVESTING\n\nBig Tech Shares Lose Their Luster: The FAANG trade is losing its bite. Owning shares of Facebook, Amazon.com, Apple, Netflix and Google parent Alphabet has given investors little upside over the past 12 months, depriving the long-running bull market of one of its biggest drivers.\n\nMARKET TALK\n\nFrom Dow Jones Newswires\n\nPension funds, insurers and corporates turn increasingly toward real assets and alternative investments in order to diversify their portfolios and to achieve their return objectives, according to the monthly analysis of institutional investor behavior by Universal-Investment, a leading independent investment company in the German-speaking countries. Real assets, such as shopping centers, office buildings or residential constructions, account for more than 6%, equivalent of around EUR21 billion, of the overall assets on Universal's platform, with investments in this area having doubled over the last three years. Alternative investments account for 12% of Universal's overall assets, having increased to EUR40 billion from around EUR3 billion eight years ago. (emese.bartha@wsj.com)\n\nGlobal semiconductor sales are likely to decline 14% this year as recent tariff announcements from both the Chinese and US governments could undermine the demand for market electronics, Nomura analysts say. Global semiconductor equipment sales could also decline 17%, Nomura says. \"We think that the continuing uncertainties related to international trade may well undermine end market electronics demand, possibly delaying a recovery from the current semiconductor and semiconductor equipment downturn,\" noting that Analog Devices' 5% sales decline in fiscal 3Q reported last week shows no obvious signs of recovery in the semiconductor downturn. (dave.sebastian@wsj.com; @depsebastian)\n\nBUSINESS & PRACTICE\n\nDeutsche Bank and UBS Explored European Banking Alliance: Deal talks in June never coalesced but show how far European lenders are willing to go to address a punishing banking environment.\n\nIMPACT INVESTING\n\nKappAhl Sews Up More Sustainable Jeans for Fall: Swedish retailer KappAhl said that it would use more sustainable fabrics and manufacturing to make all of its denim starting this fall.\n\nTALKING POINTS\n\nClients Want to Work With Female Advisers, and Firms Are Taking Notice: Women are a minority in the wealth-management business, making it difficult for clients who ask for female financial advisers.\n\nTRAVEL & LIFESTYLE\n\nWhy We Should Teach Kids to Call the Robot ‘It’: As a new generation grows up surrounded by artificial intelligence, researchers find education as early as preschool can help avoid confusion about robots’ role.\n\nABOUT US\n\nThe Wealth Adviser Briefing covers topics of interest to wealth managers, financial planners and other advisers. The content is curated by the Dow Jones Newswires team using articles from the Newswires, Barron's, MarketWatch and The Wall Street Journal. The briefing is delivered to subscribers by email each workday morning at 6:30 a.m. ET. You can sign up here for email delivery.\n\nFor more information about our services for financial professionals, please visit DowJones.com\n\nWe welcome feedback. Please email newsletters@dowjones.com or contact Glenn Hall, global chief editor of Dow Jones Newswires at glenn.hall@wsj.com.",
    "published": "2019-08-27"
  },
  {
    "source": "WSJ",
    "title": "Modest Rate Cut Still Expected From Fed; Trump Softens Tone on China",
    "summary": "Good day. All the drama around the U.S.-China trade war in recent days hasn’t swayed market views of what the Federal Reserve will do at its policy meeting next month: Officials are still expected to deliver a quarter-percentage-point rate cut. Meanwhile, President Trump sounded more positive about trade talks with China on the last day of the Group of Seven summit, saying, \"I think they want to make a deal.” And San Francisco Fed researchers looking at Japan’s experience in recent years found that negative interest rates may not be effective in boosting inflation expectations.",
    "link": "https://www.wsj.com/articles/modest-rate-cut-still-expected-from-fed-trump-softens-tone-on-china-11566908699?mod=Searchresults_pos2&page=64",
    "content": "Good day. All the drama around the U.S.-China trade war in recent days hasn’t swayed market views of what the Federal Reserve will do at its policy meeting next month: Officials are still expected to deliver a quarter-percentage-point rate cut. Meanwhile, President Trump sounded more positive about trade talks with China on the last day of the Group of Seven summit, saying, \"I think they want to make a deal.” And San Francisco Fed researchers looking at Japan’s experience in recent years found that negative interest rates may not be effective in boosting inflation expectations.\n\nNow on to today’s news and analysis.",
    "published": "2019-08-27"
  },
  {
    "source": "WSJ",
    "title": "Swing-District Democrats Push for Vote on North America Trade Pact",
    "summary": "Pact to replace Nafta takes on heightened significance in Texas; Rep. Allred assures business leaders he understands the value of consistency in trade",
    "link": "https://www.wsj.com/articles/swing-district-democrats-push-for-vote-on-north-america-trade-pact-11566898201?mod=Searchresults_pos13&page=26",
    "content": "RICHARDSON, Texas—Tensions over global trade have ramped up the importance of the U.S. trade agreement with Canada and Mexico to businesses in this Dallas suburb—and to the freshman Democratic congressman seeking a second term here.\n\nRep. Colin Allred visited the office of Mitchell Enterprises Inc. here last week to assure the company’s principals that he was doing all he could to push Congress to approve the U.S.-Mexico-Canada Agreement, President Trump’s renegotiated version of the North American Free Trade Agreement.\n\n“Y’all need to get this thing figured out,” said David Mitchell , president of the company, which sells heating and air-conditioning parts in five states and Mexico. “Get it voted, and get it going.”\n\nShare Your Thoughts What benefits or drawbacks do you see in Congress moving forward with a trade agreement with Mexico and Canada? Join the conversation below.\n\nOn a bookshelf behind Mr. Mitchell’s desk was a picture of him with Pete Sessions, the 11-term GOP lawmaker whom Mr. Allred ousted last year.\n\nRepublicans are gearing up to win the seat back, but it won’t be easy: While GOP presidential nominee Mitt Romney won the district in the 2012 election, Democratic nominee Hillary Clinton won it in 2016. Demographic changes in metropolitan areas like the Texas Triangle—the megaregion that includes Dallas, San Antonio and Houston—mean voters there aren’t as reliably Republican as they were during the redistricting that followed the 2010 census.\n\n“For Texas, trade is enormously important,” Mr. Allred said in his still sparsely decorated office. While he said the trade deal needs to be changed to pass, he stressed his “concern is more about dealing with uncertainty and trying to give our businesses the certainty to plan…and building on the current supply chains we already have.”\n\nWhile trade policy is often not a top issue for voters, the state of the economy usually is, and in Texas, the two go hand-in-hand. Mexico is Texas’ biggest trading partner, and Canada is its second, measured by the percentage of the state’s exports, Census Bureau data show.\n\nLawmakers see the trade deal—which among other changes mandates that 75% of automobiles be assembled in Mexico, the U.S. or Canada to qualify for zero tariffs, up from 62.5% under Nafta—as injecting a sense of certainty into the market while the Trump administration battles with China.\n\n“They don’t know what’s going to happen day to day,” Rep. Lizzie Fletcher , a Democrat in Houston, said of business owners in her district.\n\nMr. Mitchell generally supports Republicans but said he was open to backing Mr. Allred next year, depending on what he accomplishes for the community.\n\nMr. Allred and Ms. Fletcher, the only Texas Democrats to flip GOP-held House seats last year, are trying to show their willingness to work with the president to benefit their districts. Democrats are looking to chip away at the GOP advantage in the state next year with Mr. Trump on the ballot.\n\n“For Democrats, refusing to pass this [trade pact] out of spite to President Trump will only hurt them. In fact, it kicks in the gut American auto workers, manufacturers, farmers and small businesses who will benefit greatly from the agreement,” said Houston-area Rep. Kevin Brady , the top Republican on the Ways and Means Committee.\n\nFrom his meeting with Mitchell Enterprises, Mr. Allred went next to a chamber of commerce meeting where trade policy also was top of mind.\n\nJohn Hurst , a vice president at Richardson-based Lennox International, which makes heating, ventilation and air-conditioning products, said after the meeting that consistency was crucial for his business. “We understand that we need to be adaptable to changing environments, but this has been a bit much,” he said.\n\nMr. Allred visiting Mitchell Enterprises in the Dallas suburb of Richardson. Photo: Louis DeLuca for The Wall Street Journal\n\nMr. Trump this summer threatened to impose escalating tariffs on billions of dollars of Mexican imports, but dropped the proposal after negotiators reached a deal on measures to stem the flow of migrants entering the U.S. over the southern border. More recently, China said Friday it would impose new tariffs on $75 billion worth of U.S. products to retaliate against U.S. moves to slap punitive tariffs on an additional $300 billion of Chinese goods. That prompted Mr. Trump to respond hours later by increasing tariffs on Chinese goods.\n\nDemocratic lawmakers across the U.S., unlike most in Texas, have become wary of free-trade deals since Nafta took effect in 1994. Some are hesitant to give President Trump a victory as he runs for re-election.\n\nMembers of the Congressional Progressive Caucus are concerned that Mexico won’t comply with the environmental and labor standards in the agreement. Democrats also want a shorter term on the 10-year exclusivity for costly biologic drugs—pharmaceuticals produced from living organisms, such as certain types of insulin—saying the provision could prevent lawmakers from lowering the cost of prescription medicine.\n\nHouse Speaker Nancy Pelosi has said the deal may require surgical changes to pass the chamber. She assembled a working group that has told U.S. Trade Representative Robert Lighthizer that the pact must be reopened to add stricter enforcement provisions and change the terms on the biologics.\n\nFrustration is building because Mr. Lighthizer doesn’t want to reopen the deal, which has already been certified by Mexico.\n\nTrade agreements must start in the House. Should it pass the House, it would likely have enough support in the GOP-controlled Senate to make it to the president’s desk.\n\nRep. Rosa DeLauro (D., Conn.) is a member of the working group that has been holding conference calls during the August congressional recess. Ms. DeLauro sees USMCA as unrelated to China.\n\n“One should not make decisions on the renegotiated Nafta based on our relationship with China,” she said in an interview.\n\nMr. Allred along with 13 other Democrats, many in competitive districts, sent a letter to Mrs. Pelosi last month encouraging her to put the trade agreement to a floor vote before the end of the year. “It was to indicate that we’re willing to move forward on trying to figure out what the hurdles are and how we get over them,” Mr. Allred said.\n\nThe Trump administration, which negotiated the new Nafta deal, also known as USMCA, has not yet submitted the initiative to Congress for formal ratification. Is time running out? WSJ's Gerald F. Seib explains. Photo: SAUL LOEB / AFP\n\nWrite to Natalie Andrews at Natalie.Andrews@wsj.com",
    "published": "2019-08-27"
  },
  {
    "source": "WSJ",
    "title": "North America Leads First Post-Crisis Jump in Global Insolvencies",
    "summary": "Trade tensions, slowing investment fuel first annual upturn in corporate insolvencies in advanced markets since 2008",
    "link": "https://www.wsj.com/articles/north-america-leads-first-post-crisis-jump-in-global-insolvencies-11566941272?mod=Searchresults_pos7&page=29",
    "content": "Insolvency rates in the U.S. in 2019 are expected to be 3% higher than in 2018, according to a new report. Photo: Daniel Acker/Bloomberg News\n\nCorporate insolvencies are expected to rise globally for the first time in 10 years, with North America leading the trend, due to a more challenging economic environment and heightened uncertainty surrounding trade policy, according to a new research report.\n\nThe first annual upturn in corporate insolvencies in advanced markets since the global financial crisis in 2008 and 2009 comes as the worldwide economy slows down, business investment growth remains subdued and financing risks rise due to ongoing trade tensions, according to a report released Tuesday by Dutch trade finance insurer Atradius NV.",
    "published": "2019-08-27"
  },
  {
    "source": "WSJ",
    "title": "Vintage Capital-backed Liberty Tax agrees to buy the Sears Outlet business",
    "summary": "Liberty Tax says adding Sears Outlets will advance its plans to become a franchise business holding company, supported by minority investor Vintage Capital",
    "link": "https://www.wsj.com/articles/vintage-capital-backed-liberty-tax-agrees-to-buy-the-sears-outlet-business-11566926355?mod=Searchresults_pos18&page=17",
    "content": "Liberty Tax Inc. has agreed to buy the outlet business of Sears Hometown & Outlet Stores Inc. in an all-cash deal valued at up to $132.9 million, the companies said Tuesday.\n\nAs a result of the deal, Sears Hometown said its shareholders will now receive about $3.25 a share in a takeover by Kmart and Sears parent Transform Holdco LLC, up from the $2.25 a share originally agreed to in a June deal.",
    "published": "2019-08-27"
  },
  {
    "source": "WSJ",
    "title": "Democrats’ Emerging Tax Idea: Look Beyond Income, Target Wealth",
    "summary": "Lawmakers and 2020 candidates offer a range of options focused on capturing some of the trillions of dollars in assets belonging to the nation’s richest",
    "link": "https://www.wsj.com/articles/democrats-emerging-tax-idea-look-beyond-income-target-wealth-11566916571?mod=Searchresults_pos18&page=2",
    "content": "The income tax is the Swiss Army Knife of the U.S. tax system, an all-purpose policy tool for raising revenue, rewarding and punishing activities and redistributing money between rich and poor.\n\nThe system could change fundamentally if Democrats win the White House and Congress. The party’s presidential candidates, legislators and advisers share a conviction that today’s income tax is inadequate for an economy where a growing share of rewards flows to a sliver of households.\n\nFor the richest Americans, Democrats want to shift toward taxing their wealth, instead of just their salaries and the income their assets generate. The personal income tax indirectly touches wealth, but only when assets are sold and become income.\n\nAt the end of 2017, U.S. households had $3.8 trillion in unrealized gains in stocks and investment funds, plus more in real estate, private businesses and artwork, according to the Economic Innovation Group, a nonprofit focused on bringing investment to low-income areas. Most of the value of estates over $100 million consists of unrealized gains, said a 2013 Federal Reserve study. Much has never been touched by individual income taxes and may never be.\n\nDemocrats are eager to tap that mountain of wealth to finance priorities such as expanding health-insurance coverage, combating climate change and aiding low-income households. Their ideas range from new rules on inherited assets, to a plan by Sen. Ron Wyden for annual taxes on unrealized gains, to a proposal from Sen. Elizabeth Warren to tax wealth itself. These come atop more conventional proposals to raise income taxes and expand estate taxes.\n\n“The whole tax system is stacked in favor of the tax-avoidance crowd,” said Mr. Wyden, who would lead the tax-writing Finance Committee if Democrats retook the Senate. “When you stand up and you say, hey look, you’ve got one system for a cop and a nurse and another for highfliers to pay what they want to, when they want to, everybody nods.”\n\nThe Democratic debate on taxing wealth is one facet of a bigger, often contentious discussion. Experts across the political spectrum agree income inequality widened in recent decades, and wealth inequality even more. There is little agreement on what, if anything, the government should do about it.\n\nMany on the right believe narrowing the gap between the rich and middle class matters less than raising the incomes of the middle class. That, they say, calls for measures to boost investment and educational opportunity. Many conservatives argue that taxes targeted at the rich could hinder investment in ways that would hurt everyone’s wages and discourage the creation of wealth in the first place.\n\nNew taxes on wealth would complicate tax administration and bring unknown economic consequences. “It would be incredibly disruptive to markets,” said Sen. John Thune (R., S.D.). “People would start looking for how to game it and ways to shield and shelter.”\n\nLiberals, by contrast, see extreme inequality as morally wrong and socially divisive, and regard the current system, which taxes income generated by wealth more lightly than wages, as especially objectionable and a contributor to wealth gaps between blacks and whites.\n\nAdvertisement\n\nWhile the current income tax is already progressive—rates are higher for people whose income is higher—Democrats say progressivity breaks down at the very top because reduced corporate taxes, preferential rates for capital gains and a narrowed estate tax are especially favorable to the wealthiest Americans. If Democrats gain unified control of government in 2021, rich households, including heirs living off inheritances and company founders compensated with stock, will be in the crosshairs.\n\nThe U.S. has taxed capital gains since introducing the modern income tax in 1913, when the country decided tariffs and excise taxes were insufficient and unreliable.\n\nSince then, Congress has mostly kept lower tax rates on capital gains for three main reasons: to offset inflation’s effects, encourage investment and discourage people from holding onto assets for tax reasons.\n\nThe problem, Democrats say, is that capital gains are taxed only when gains are realized through a sale and become income. An investor who buys $10 million in stock that pays no dividend and watches it grow to $50 million doesn’t pay income tax on that appreciation unless the stock is sold.\n\nAdvertisement\n\nIf that investor dies before selling, the unrealized gains get wiped out, for income-tax purposes. The heirs treat the assets’ cost basis as $50 million, not $10 million; they face no income tax on the $40 million of capital gains if they sell, although an estate tax may be due. This long-standing elimination of unrealized gains at death, for tax purposes, is called “stepped-up basis.”\n\nIt means the optimal tax strategy for the very rich, fine-tuned and promoted by the wealth-planning industry, is straightforward: Hold assets until death, borrow against them for living expenses and barely pay income taxes.\n\nDemocrats are attacking the foundations of that strategy. They talked for years about raising taxes on high-income investors, citing Warren Buffett’s claim of paying a lower tax rate than his secretary. They’ve succeeded in raising the top capital gains rate from 15% under President George W. Bush to 20%, plus the 3.8% tax on investment income added to fund the Affordable Care Act. The top ordinary-income rate is 37%.\n\nJust raising capital-gains tax rates further wouldn’t require the likes of Mr. Buffett to report more of their growing wealth on their returns, make them more willing to sell assets or raise much revenue. In fact, if the capital-gains rate went above 28.5% without other changes, investors would delay so many sales that federal revenue would drop, according to the Tax Policy Center, a research group.\n\nThat would be a rare instance of the U.S. being on the wrong side of the Laffer Curve, named for economist Arthur Laffer , who projected that government revenue drops if tax rates get high enough.\n\nAdvertisement\n\nRepublicans see the same money accumulating and want to deploy it by not taxing it. Their goal, rather than generating money for expanded government programs, is to incentivize the private holders of capital to realize the gains and spur economic growth. The 2017 tax law created opportunity zones, which offer deferral and rate discounts for reinvesting capital gains in low-income areas. GOP lawmakers are pushing the Trump administration to consider the idea of indexing capital gains to inflation, reducing taxes on sales of long-held appreciated assets.\n\nStill, some conservatives are moving closer to Democratic positions. In June, the Peterson Foundation, which favors budget-deficit reduction, invited plans from others, and three conservative groups proposed limiting or repealing stepped-up basis.\n\nThe Manhattan Institute’s Brian Riedl said it was the sort of concession conservatives would be willing to make “in exchange for tax reform or a grand deal” to curb entitlement spending.\n\nIn campaigns, Congress and academia, Democrats are shaping tax plans for 2021, when they hope to have narrow majorities. There are three main options.\n\nThe Biden Plan\n\nPresident Obama left office with a list of ideas for taxing the rich that might have raised nearly $1 trillion over a decade. The most important was taxing capital gains at death.\n\nThe idea was too radical for a serious look from Congress at the time. Now, to a Democratic base that has moved left, it looks almost moderate.\n\nRethinking Capital Gains Taxation Democrats are looking at major changes to the way capital gains taxation works. The effects of their tax proposals would depend on each taxpayer's circumstances and on market performance. CURRENT LAW BIDEN PLAN WYDEN PLAN WARREN PLAN Net worth above $50 million subject to a 2% annual tax, plus a 1% tax on net worth above $1 billion. Assets can appreciate without capital gains taxes and heirs pay taxes only on gains in value after the original owner's death. Death would be considered a realization event, triggering capital gains taxes on appreciated assets, paid at ordinary income tax rates. Each year, investors would pay income taxes on the gain in their assets. This is called a mark-to-market system. Example one: Asset value begins at $40 million, 5% growth until person dies in year 25 Taxes taken out when transferred to heirs $150 million Current law 100 50 0 Year 1 25 Total taxes taken under law/plans: $0 $35.6 million $21.4 million $11.9 million Example two: Asset value begins at $200 million, 7% growth until year 12, person dies in year 25 $450 million Current law 400 350 300 Taxes taken out when transferred to heirs 250 200 Year 1 25 Total taxes taken under law/plans: $0 $88.4 million $58.3 million $121.2 million CURRENT LAW BIDEN PLAN Assets can appreciate without capital gains taxes and heirs pay taxes only on gains in value after the original owner's death. Death would be considered a realization event, triggering capital gains taxes on appreciated assets, paid at ordinary income tax rates. WYDEN PLAN WARREN PLAN Net worth above $50 million subject to a 2% annual tax, plus a 1% tax on net worth above $1 billion. Each year, investors would pay income taxes on the gain in their assets. This is called a mark-to-market system. Example one: Asset value begins at $40 million, continuous 5% growth until person dies in year 25 Example two: Asset value begins at $200 million, continuous 7% growth until year 12, person dies in year 25 Total taxes taken under law/plan: Total taxes taken under law/plan: Current law $0 Current law $0 Biden plan Biden plan 35.6 million 88.4 million Warren plan Warren plan 11.9 million 121.2 million 21.4 million Wyden plan Wyden plan 58.3 million CURRENT LAW BIDEN PLAN WYDEN PLAN WARREN PLAN Assets can appreciate without capital gains taxes and heirs pay taxes only on gains in value after the original owner's death. Each year, investors would pay income taxes on the gain in their assets. This is called a mark-to-market system. Net worth above $50 million subject to a 2% annual tax, plus a 1% tax on net worth above $1 billion. Death would be considered a realization event, triggering capital gains taxes on appreciated assets, paid at ordinary income tax rates. Example one: Asset value begins at $40 million, 5% growth until person dies in year 25 Taxes taken out when transferred to heirs $150 million Current law 100 50 0 Year 1 25 Total taxes taken under law/plans: $0 $35.6 million $21.4 million $11.9 million Example two: Asset value begins at $200 million, 7% growth until year 12, person dies in year 25 $450 million Current law 400 350 300 Taxes taken out when transferred to heirs 250 200 Year 1 25 Total taxes taken under law/plans: $0 $88.4 million $58.3 million $121.2 million CURRENT LAW Assets can appreciate without capital gains taxes and heirs pay taxes only on gains in value after the original owner's death. BIDEN PLAN Death would be considered a realization event, triggering capital gains taxes on appreciated assets, paid at ordinary income tax rates. WYDEN PLAN Each year, investors would pay income taxes on the gain in their assets. This is called a mark-to-market system. WARREN PLAN Net worth above $50 million subject to a 2% annual tax, plus a 1% tax on net worth above $1 billion. Example one: Asset value begins at $40 million, continuous 5% growth until person dies in year 25 Total taxes taken under law/plan: Current law $0 35.6 million Biden plan 21.4 million Wyden plan 11.9 million Warren plan Example two: Asset value begins at $200 million, continuous 7% growth until year 12, person dies in year 25 Total taxes taken under law/plan: Current law $0 88.4 million Biden plan Wyden plan 58.3 million 121.2 million Warren plan\n\nFormer Vice President Joe Biden, the candidate most prominently picking up where Mr. Obama left off, has proposed repealing stepped-up basis. Taxing unrealized gains at death could let Congress raise the capital gains rate to 50% before revenue from it would start to drop, according to the Tax Policy Center, because investors would no longer delay sales in hopes of a zero tax bill when they die.\n\nAnd indeed, Mr. Biden has proposed doubling the income-tax rate to 40% on capital gains for taxpayers with incomes of $1 million or more.\n\nBut for Democrats, repealing stepped-up basis has drawbacks. Much of the money wouldn’t come in for years, until people died. The Treasury Department estimated a plan Mr. Obama put out in 2016 would generate $235 billion over a decade, less than 10% of what advisers to Sen. Warren’s campaign say her tax plan would raise.\n\nAdvertisement\n\nThat lag raises another risk. Wealthy taxpayers would have incentives to get Congress to reverse the tax before their heirs face it.\n\nFormer Vice President Joe Biden has proposed repealing “stepped-up basis” and taxing capital gains at death. Photo: Kevin E. Schmidt/Quad-City Times/Zuma Press\n\nMr. Obama’s administration never seriously explored a wealth tax or a tax on accrued but unrealized gains, said Lily Batchelder , who helped devise his policies.\n\n“If someone’s goal is to raise trillions of dollars from the very wealthy, then it becomes necessary to think about these more ambitious proposals,” she said.\n\nThe Wyden Plan\n\nInstead of attacking favorable treatment of inherited assets, Mr. Wyden goes after the other main principle of capital-gains taxation—that gains must be realized before taxes are imposed.\n\nThe Oregon senator is designing a “mark-to-market” system. Annual increases in the value of people’s assets would be taxed as income, even if the assets aren’t sold. Someone who owned stock that was worth $400 million on Jan. 1 but $500 million on Dec. 31 would add $100 million to income on his or her tax return.\n\nThe tax would diminish the case for a preferential capital-gains rate, since people couldn’t get any benefit from deferring asset sales. Mr. Wyden would raise the rate to ordinary-income levels. Presidential candidate Julián Castro also just endorsed a mark-to-market system.\n\nAdvertisement\n\nFor the government, money would start flowing in immediately. The tax would hit every year, not just when an asset-holder died. Mr. Wyden would apply this regime to just the top 0.3% of taxpayers, said spokeswoman Ashley Schapitl . Mr. Castro’s tax would apply to the top 0.1%.\n\nDemocratic Sen. Ron Wyden of Oregon, center, would tax annual increases in the value of assets, whether or not they were sold. Photo: jim lo scalzo/EPA/Shutterstock\n\nThere are serious challenges. Revenue could be volatile as markets rise and fall. Also, the IRS would determine asset increases annually, requiring baseline values and ways to measure change. That’s easy for stocks and bonds but far more complicated for private businesses or artwork.\n\nThe rules would have to address how to treat assets that lose instead of gain value in a year, and how taxpayers would raise cash to pay taxes on assets they didn’t sell. Under Mr. Castro’s proposal, losses could be used to offset other taxes or carried forward to future years.\n\nMr. Wyden would include exemptions for primary residences and 401(k) plans. For assets that aren’t publicly traded, Mr. Castro would impose taxes only upon a sale, plus a charge applied to limit the benefits of tax deferral.\n\nAdvertisement\n\n“We’re obviously going to spend a lot of time working this through because when you’re talking about an issue this important, this substantial, it’s important to get it right,” Mr. Wyden said.\n\nThe Warren Plan\n\nThe most ambitious plan comes from Sen. Warren of Massachusetts, whose annual wealth tax would fund spending proposals such as universal child care and student-loan forgiveness.\n\nThe ultra-rich would pay whether they make money or not, whether they sell assets or not and whether their assets are growing or shrinking.\n\nMs. Warren, who draws cheers at campaign events when she mentions the tax, would impose a 2% tax each year on individuals’ assets above $50 million and a further 1% on assets above $1 billion. Fellow candidate Beto O’Rourke has also backed a wealth tax, and it is one of Vermont Sen. Bernie Sanders ’ options for financing Medicare-for-All.\n\nMs. Warren’s plan appeals to some Democrats because it would raise a lot of money from a tiny number of people. According to economists working with her campaign, it would generate $2.75 trillion over a decade from 75,000 households. That would be roughly a 6% boost in federal revenue from under 0.1% of households.\n\nFor Democrats, the Warren plan has advantages: Money would come only from the very wealthiest. The IRS could focus enforcement on very few people. Revenue would come quickly.\n\n“Look at Mark Zuckerberg,” said Gabriel Zucman , an economist at the University of California, Berkeley, who advised Ms. Warren, speaking of the Facebook Inc. founder. “Are you going to wait 50 years before you start taxing him through the estate tax?”\n\nAdvertisement\n\nSen. Elizabeth Warren (D., Mass.), seen at the Iowa State Fair, would impose a wealth tax on the very rich. Photo: brian snyder/Reuters\n\nIn the real world, a wealth tax would emerge from Congress riddled with gaps that the tax-planning industry would exploit, said Jason Oh , a law professor at the University of California, Los Angeles. For example, if private foundations were exempted, the wealthy might shift assets into them.\n\n“We’ve never seen in the history of taxation a pristine tax of any form,” Mr. Oh said. “People who want to pursue a wealth tax for the revenue may be a little disappointed when we see the estimates roll in.”\n\nEuropean countries tried—and largely abandoned—wealth taxes. They struggled because rich people could switch countries and because some assets were exempt. Mr. Zucman said Ms. Warren’s tax would escape the latter problem by hitting every kind of asset, from artwork to stock to privately held businesses to real estate.\n\nAdvertisement\n\nWhile he and fellow economist Emmanuel Saez assume 15% of the tax owed would be avoided, former Treasury Secretary Larry Summers and University of Pennsylvania law professor Natasha Sarin wrote a paper estimating the plan would raise less than half what Mr. Zucman projects, based on how much wealth escapes the estate tax.\n\nA paper by economists Matthew Smith of the Treasury Department, Eric Zwick of the University of Chicago and Owen Zidar of Princeton University contends top-end wealth is overstated. Acccording to their preliminary estimate, the top 0.1% have 15% of national wealth, instead of the 20% estimated by Mr. Zucman. Their findings imply that Ms. Warren’s tax might raise about half of what’s promised.\n\nFor an investment yielding a steady 1.5% return, a 2% wealth levy would be equivalent to an income-tax rate above 100% and cause the asset to shrink. That leads to the criticism that wealth taxes could push people to seek higher returns, possibly discouraging productive investment and adding risk to the financial system.\n\n“You hear 1%, 2%, doesn’t sound that much. Paying 1%, 2% on an asset you have every single year, that can add up,” said Ben Ritz of the Progressive Policy Institute, a centrist Democratic-affiliated think tank. “You’re basically having the asset shed money over time.”\n\nSen. John Thune (R., S.D.) said wealth taxes would complicate tax administration and people would try to game them. Photo: Stefani Reynolds/CNP/Zuma Press\n\nTo audit 30% of wealthy taxpayers, as Mr. Zucman recommends, would involve tens of thousands of complex investigations, a challenge even if the IRS were beefed up as Ms. Warren proposes. The agency already struggles with similar calculations for estate taxes, engaging in long battles over valuing such things as fractional shares of family businesses. Under the wealth tax, those once-per-lifetime audits would become annual affairs.\n\nThe wealth tax also has an extra asterisk: it would be challenged as unconstitutional.\n\nThe Constitution says any direct tax must be structured so each state contributes a share of it equal to the state’s share of the population. A state such as Connecticut has far more multimillionaires per capita than many others, so its share of the wealth tax would far exceed its share of the U.S. population. How Ms. Warren’s wealth tax might be categorized or affected is an unsettled area of law relying on century-old Supreme Court precedents.\n\nStill, the wealth tax polls well, and Democratic candidates are eager to draw a contrast with President Trump, a tax-cutting billionaire.\n\nRepublicans will push back. Rep. Tom Reed (R., N.Y.) says tax increases aimed at the top would reach the middle class. “It easily goes down the slippery slope,” he said. “If it’s the 1%, it’s the top 20%.” he said.\n\nWrite to Richard Rubin at richard.rubin@wsj.com",
    "published": "2019-08-27"
  },
  {
    "source": "WSJ",
    "title": "Deutsche Bank Tells Court It Has Trump-Related Tax Returns Sought by Congress",
    "summary": "House Intelligence and Financial Services committees in April subpoenaed bank for documents and financial records",
    "link": "https://www.wsj.com/articles/deutsche-bank-tells-court-it-has-trump-tax-returns-sought-by-congress-11566946669?mod=Searchresults_pos11&page=19",
    "content": "Deutsche Bank AG, for decades President Trump’s primary lender, has copies of tax returns sought under a congressional subpoena for the president and his family’s financial information, the bank told a federal appeals court on Tuesday.\n\nRedactions in the letter Deutsche Bank filed on Tuesday conceal whether it has the president’s returns or those of others named in the subpoena.\n\nThe House Intelligence and Financial Services committees in April subpoenaed Deutsche Bank for documents and financial records—including tax returns—related to Mr. Trump, Donald Trump Jr., Eric Trump , Ivanka Trump and various business entities they own spanning the last decade.\n\nThe same month, Mr. Trump and his family sued Deutsche Bank and Capital One Financial Corp., another bank subpoenaed by the House committees for the same information, in an attempt to block the banks from complying with the subpoenas.\n\nIn May, after a hearing in New York, U.S. District Judge Edgardo Ramos ruled that Mr. Trump couldn’t temporarily block the subpoenas while the case is being decided. Judge Ramos, who was appointed by President Obama, said the subpoenas were a legitimate use of congressional authority.\n\nMr. Trump’s lawyers appealed the district court ruling, and the Second U.S. Circuit Court of Appeals hasn’t yet ruled on the lawsuit. The House Intelligence Committee declined to comment on ongoing litigation, and the House Financial Services Committee didn’t respond to a request for comment. Jay Sekulow, a lawyer for the president, called the subpoena unconstitutional and said, “We will continue in court.” The Trump Organization didn’t respond to a request for comment.\n\nThe bank’s disclosure that it has tax returns responsive to the congressional subpoenas raises the stakes for the already heated court battle. Since Democrats took over control of the House in January, they have been trying to obtain the president’s tax returns. Mr. Trump in 2016 broke with four decades of precedent for presidential candidates and declined to release his tax returns.\n\nIn July, the House Ways and Means Committee sued the Treasury Department and the Internal Revenue Service for the president’s tax returns. In a separate dispute, the president sued that committee and New York state officials in an attempt to block his state tax returns from being turned over to the panel.\n\nLawyers for Mr. Trump have argued the subpoenas target banks that his family and businesses used for private affairs long before his election. They said the subpoenas, which they view as overly broad, amount to a law-enforcement investigation that belongs in the executive branch.\n\n“This is not a case that simply pushes the limits of Congress’s ability to compel the production of sensitive, private financial records; it is an attempt to override those limits and insulate Congress’s subpoena power from any meaningful review,” lawyers representing Mr. Trump and his businesses wrote in court papers filed with the appeals court.\n\nLawyers representing the House committees have said the investigations are within the scope of congressional authority. “The Financial Services Committee subpoenaed documents from Deutsche Bank and Capital One that will identify any failures in the banks’ practices or anti-money-laundering programs, including whether any illicit transactions related to Mr. Trump, his family, or his businesses—longtime clients of those banks,” House lawyers wrote in July.\n\nIn court papers, the banks have said they took no position on the matter.\n\nDuring arguments before judges from the Second Circuit last week, lawyers for the two banks declined to answer questions about whether they were in possession of Mr. Trump’s tax returns. The court ordered that both banks file a letter by Tuesday detailing if they possess tax returns from the individuals and entities in question. Capital One said it doesn’t have tax returns sought by the subpoena.\n\nDeutsche Bank, Germany’s largest lender, has for decades had a relationship with Mr. Trump and his businesses and has been the president’s primary bank. Since 1998, the bank has led or participated in loans of at least $2.5 billion to companies affiliated with Mr. Trump, The Wall Street Journal has reported.\n\nPublic disclosures during his candidacy showed borrowings from Deutsche Bank of more than $300 million by entities affiliated with Mr. Trump, including two 2012 mortgages—one valued at more than $50 million and the other at between $5 million and $25 million—for the Trump National Doral Miami, a Florida golf resort where Mr. Trump has said he wants to host next year’s Group of Seven summit.\n\nWrite to Rebecca Ballhaus at Rebecca.Ballhaus@wsj.com and Corinne Ramey at Corinne.Ramey@wsj.com",
    "published": "2019-08-27"
  },
  {
    "source": "WSJ",
    "title": "Trump Obsession, North of the Border",
    "summary": "Sick of hearing about the president? Don’t move to Canada.",
    "link": "https://www.wsj.com/articles/trump-obsession-north-of-the-border-11566945928?mod=Searchresults_pos5&page=10",
    "content": "Toronto\n\nDonald Trump is wearing out American liberals. “His corrosive effect on American politics forces Americans to devote far more hours of their life to thinking about him than they should,” complains the New Republic’s Matt Ford in a recent article. “All of this amounts to a tax of sorts on the national psyche—one that can never be repaid.”\n\nHere in Canada, Doug Ford —no relation—has a similar complaint. “People always say, ‘Oh, you’re like Trump,’ ” said Ontario’s Conservative premier in a March speech. “No, I’m Doug Ford. I’m not Donald Trump.” He told a reporter from the CTV network: “We’ve been in politics for 30 years, before . . . Donald Trump even existed.”\n\nPoliticians from all four of Canada’s significant parties can’t seem to keep their minds off Mr. Trump. Liberal Prime Minister Justin Trudeau felt compelled to weigh in on the president’s June spat with Rep. Ilhan Omar and the “squad.” “Why don’t they go back and help fix the totally broken and crime infested places from which they came,” the president tweeted. “Then come back and show us how it is done.”\n\nTo which the prime minister replied by telling reporters: “I think Canadians and indeed people around the world know exactly what I think about those particular comments. That is not how we do things in Canada.”\n\nOne of the oddest episodes occurred in January, when Jagmeet Singh , leader of the leftist New Democratic Party, appeared on CTV. The network’s Evan Solomon asked Mr. Singh about a comment made by Lu Shaye , China’s ambassador to Canada. Beijing had imprisoned two Canadians on bogus charges, apparently in retaliation for Canada’s arrest of a Chinese executive under indictment in the U.S. Mr. Lu accused Western countries of “white supremacy” for demanding the Canadians’ release. (They’re still being held.)\n\nMr. Singh was confused: “Sorry, who accused who of white supremacy?” Mr. Solomon apprised him of the ambassador’s remark, to which Mr. Singh replied: “I don’t know if there is any evidence of that suggestion.” He proceeded to condemn . . . Mr. Trump: “I know that there is a very important role that Canada plays in supporting the rule of law. There are concerns folks legitimately are raising about the Trump administration, and suggestions the Trump administration is going to use arrests as a political tool in negotiations for trade, which is completely unacceptable and wrong. That should never happen.”\n\nThen there’s Green Party leader Elizabeth May . During an August 2017 speech at the University of Prince Edward Island’s School of Sustainable Design Engineering, she declared that Canada has “to pick up the slack”: “The minister for international development has put more money into helping women’s reproductive health around the world because the Trump presidency has removed that money.”\n\nWhen a Republican is president, American liberals often talk of moving to Canada. Even if they do, they won’t escape the Trump attention tax.\n\nMr. Taube, a Troy Media syndicated columnist and political commentator, was a speechwriter for former Canadian Prime Minister Stephen Harper .",
    "published": "2019-08-27"
  },
  {
    "source": "WSJ",
    "title": "U.S. Stocks Slip as Investors Wary of Trade Talks",
    "summary": "Most S&P 500 sectors reversed their earlier gains as investors accelerated their buying of bonds, gold and other haven assets",
    "link": "https://www.wsj.com/articles/global-stocks-seesaw-on-trade-hopes-weak-economic-data-11566893279?mod=Searchresults_pos18&page=49",
    "content": "U.S. stocks fell and bond yields slipped again Tuesday as guarded investors hedged their bets on whether U.S.-Sino relations were improving.\n\nThe Dow Jones Industrial Average closed about 121 points lower, squandering an early gain. The blue-chip index traded in broad 332-point range that included several reversals among shares of technology, communication and other companies.\n\nLosses picked up in afternoon trading as investors stepped up their buying of haven assets, like gold and U.S. Treasurys, which tend to be more durable during periods of economic turbulence.\n\nThe stock market’s struggle to extend Monday’s big gains underscored investors’ apprehension that the U.S. and China are working to avoid further escalations in trade tensions. The more optimistic tone President Trump struck at the Group of Seven summit helped fuel the Dow industrials’ roughly 270-point advance on Monday.\n\nA day later, some investors and analysts said they aren’t convinced the U.S. and China are on a path toward a deal and remain wary of fully buying in to a narrative that could suddenly change. And weak economic data out of Europe and Asia in recent weeks has only added to investors’ unease about the direction of the stock market.\n\nIn late June, for example, Mr. Trump’s upbeat comments on negotiations with China spurred optimism that the two sides were working toward a deal that would head off further tariffs. Instead, he threatened new tariffs on Chinese imports earlier this month, extending the tit-for-tat trade antagonism that has troubled investors around the world for more than a year.\n\n“A lot of investors are throwing up their hands, saying since I’m not privy to any conversations, I don’t know what I should believe or not believe from a trade perspective,” said Sam Stovall, chief investment strategist at CFRA Research.\n\nThe Dow industrials slid 120.93 points, or 0.5%, to 25777.90, while the S&P 500 declined 9.22 points, or 0.3%, to 2869.16. And the Nasdaq Composite fell 26.79 points, or 0.3%, to 7826.95.\n\nThat level of uncertainty has given investors little confidence stocks can march firmly higher, analysts said, contributing to their flight to less risky assets, like gold and bonds. About 40% of investors surveyed by the American Association of Individual Investors last week said they expect stocks to fall over the next six months, a reading that has remained elevated most of this month. Just 27% of respondents said they expected stocks to rise.\n\nWithout a solid trade deal or firm signs the global economy is doing better than feared, the stock market will likely be further buffeted by waves of volatility, analysts and investors added.\n\nOn Tuesday, most S&P 500 sectors reversed their earlier gains as investors accelerated their buying of bonds, gold and other haven assets. Shares of banks, pressured by the drop in bond yields, and energy firms led the broad index lower.\n\nShares of Citigroup fell $1.06, or 1.7%, to $61.66, while Bank of America declined 31 cents, or 1.2%, to $26.47. Both are down at least 13% this month.\n\nJ.M. Smucker, meanwhile, fell $9.24, or 8.2%, to $103.69 after the food company reported earnings that fell short of analysts’ expectations and lowered its guidance for the year.\n\nShares of Philip Morris International also slid, falling $6.03, or 7.8%, to $71.70, following reports the tobacco giant is in talks to merge with Altria Group, which fell $1.87, or 4%, to $45.25.\n\nBond yields, meanwhile, slumped further. The yield on the 10-year U.S. Treasury note fell to 1.493%, while two-year Treasury yields declined to 1.553%. The spread between the two maturities remained inverted, a situation that has often preceded recessions.\n\nAt the same time, gold prices added about 1%.\n\nSome stocks, however, managed to buck the broader market moves and notch a gain. Health-care giant Johnson & Johnson added $1.84, or 1.4%, to $129.64 after an Oklahoma judge ordered the company to pay $572 million for contributing to the state’s opioid-addiction crisis. Investors had been expecting a bigger penalty, helping to send the stock higher, some analysts said.\n\nCostco Wholesale added $13.92, or 5%, to $292.38 after reports that crowds at its first mainland China store were so large that it had to shut early, suggesting the company’s ongoing international expansion is meeting success.\n\nElsewhere, stocks mostly rose around the world. The Stoxx Europe 600 added 0.6% thanks to strong regional gains in Germany, Spain and France.\n\nThe U.S. market rallied on Aug. 26 in response to Mr. Trump’s remarks about prospects for a trade deal. Photo: andrew kelly/Reuters\n\nIn Asia, the Shanghai Composite added 1.4% and Japan’s Nikkei climbed 1%. Hong Kong’s Hang Sang was the outlier in Asia, dropping 0.1% amid ongoing political uncertainty about its future relations with China after three months of protests in the city.\n\n--Anna Isaac contributed to this article.\n\nWrite to Michael Wursthorn at Michael.Wursthorn@wsj.com",
    "published": "2019-08-27"
  }
]