[
  {
    "source": "WSJ",
    "title": "Fed’s Rosengren Sees No Reason to Change Rate Policy Right Now",
    "summary": "The Boston Fed president said Trump’s tariffs could accelerate a return to the central bank’s 2% inflation target",
    "link": "https://www.wsj.com/articles/feds-rosengren-sees-no-reason-to-change-rate-policy-right-now-11558455001?mod=Searchresults_pos13&page=5",
    "content": "Eric Rosengren, president of the Federal Reserve Bank of Boston, described the continuing trade dispute between the U.S. and China as a negative for the economy’s outlook.\n\nFederal Reserve Bank of Boston chief Eric Rosengren said Tuesday he sees no “clarion call” to change central bank interest rate policy right now, in comments that indicated sustained trade tariffs could accelerate a return to the Fed’s 2% inflation target.\n\n“I view current policy as slightly accommodative and likely to be consistent with inflation returning to the Fed’s 2% inflation target over time,” Mr. Rosengren said in a speech at the Economic Club of New York. He added that when it comes to price pressures moving back to desired levels, “this is likely to occur more rapidly if tariffs are imposed.”\n\nMr. Rosengren holds a voting role on the rate-setting Federal Open Market Committee this year. His view that the central bank faces no imminent need to change short-term borrowing costs mirrors that of many of his colleagues.\n\nWith solid growth, a healthy labor market and low inflation, central bankers by and large see no reason to raise or lower a short-term target rate range that now stands at between 2.25% and 2.50%. Financial markets, however, reckon there is a good chance that the Fed may have to lower rates by year-end, in large part due to the persistent weakness of inflation relative to the 2% target.\n\nThe Fed adopted its inflation target in 2012 and failed to achieve it in a sustainable fashion at any point. What is more, inflation pressures have weakened this year, as have expectations of future price rises. Key Fed officials like Chairman Jerome Powell and New York Fed leader John Williams have all said they believe the weakness of inflation is temporary and that inflation will rise back to desired levels over time.\n\nIn his speech, Mr. Rosengren was upbeat about the outlook, but he described the continuing trade dispute between the U.S. and China as a negative for the outlook. He expects the trade disagreements to be resolved, but if they aren’t, they could have an impact on the U.S. economy.\n\n“The presence of a prominent downside risk—more disruptive trade negotiations—seems to me to be another important reason for policy maker patience until this source of uncertainty is more resolved,” he said.\n\nContrary to President’s Trump ’s repeated assertions that China is paying for the significant tariffs he has erected on their goods, Mr. Rosengren explained how that isn’t true.\n\n“U.S. tariffs are effectively taxes on imports, and our trading partners’ tariffs are taxes they pay on our exports,” Mr. Rosengren said. “Tariffs matter when it comes to inflation” and “tariffs will tend to raise prices on imported goods to the U.S.”\n\nHow much of an effect tariffs have on the economy and on inflation depends on whether the tariffs are prolonged, and whether consumers can find domestically produced goods to substitute for the more expensive Chinese goods, Mr. Rosengren said. He didn’t quantify how much inflationary upside might result from prolonged tariffs.\n\nMr. Rosengren told the audience that if sustained trade tariffs caused a persistent rise in inflation, it could draw a monetary-policy response.\n\nLong-running tariffs could push up inflation and become a bigger factor for the job market, and the Fed wouldn’t shrug this off, he said. “It’s going to be really hard to distinguish [the tariff impact] particularly in tight labor market,” so the Fed would have to focus on the headline number and proceed accordingly, Mr. Rosengren explained.\n\nWhen it comes to the economy’s performance so far, things are looking pretty good, Mr. Rosengren said.\n\n“The broader U.S. economy seems to be displaying a sounder footing than it was at the beginning of this year,” he said. “Both the consensus outlook and my own forecast suggest a modest step down from last year’s pace but still imply enough momentum to push the unemployment rate down even further.”\n\nWrite to Michael S. Derby at michael.derby@wsj.com",
    "published": "2019-05-21"
  },
  {
    "source": "WSJ",
    "title": "Case of the Killer Toyotas",
    "summary": "Are foreign-owned car plants in the U.S. a national security threat?",
    "link": "https://www.wsj.com/articles/case-of-the-killer-toyotas-11558394076?mod=Searchresults_pos3&page=13",
    "content": "China, Cuba, Russia, al Qaeda, Islamic State, the Toyota Motor Corp., North Korea, Hezbollah, the Islamic Revolutionary Guard Corps. Which one of the above doesn’t belong on a list of national security threats to the United States?\n\nIf you answered Toyota, you must not work for the Trump Administration, which declared last week that autos or auto parts pose a threat to U.S. national security unless they are “American-owned.” Financial markets were relieved Friday when the White House proclamation offered a 180-day tariff reprieve during trade negotiations with Europe and Japan. But the proclamation’s “American-owned” language is a sour and illogical note that could lead to punishing tariffs or even controls on investment in the U.S.\n\nMr. Trump’s argument, provided by the Commerce Department, is that “the lag in R&D expenditures by American-owned producers is weakening innovation and, accordingly, threatening to impair our national security.” Therefore, “domestic conditions of competition must be improved by reducing imports.”\n\nNever mind that Toyota, Honda, Volkswagen, Mercedes-Benz, Mazda, BMW, Subaru, Nissan, Kia and Hyundai all make or assemble cars and parts in the United States. The nearly 500 facilities are located in multiple American states and directly employ 130,000 Americans. Volvo has a plant in South Carolina that may employ 4,000. By the proclamation’s logic, the only car companies that matter to U.S. security are Ford, GM, Tesla and maybe not even Fiat Chrysler, since Italians are significant owners.\n\nAnd here we thought Mr. Trump wanted companies to build plants in America. He certainly boasts about the investment his tax reform and deregulation policies are attracting, and he’s right. But as Toyota put it Friday, “Today’s proclamation sends a message to Toyota that our investments are not welcomed, and the contributions from each of our employees across America are not valued.”\n\nToyota has 10 manufacturing plants across eight states, including Alabama, California, Indiana, Kentucky, Mississippi, Missouri, Tennessee and West Virginia. For the political record, Mr. Trump won all those states in 2016 except for California. Do the Governors of those states care to comment on whether all of these jobs and wages are a security threat?\n\nToyota also has a network of 1,500 auto dealers that employ 100,000 Americans, and directly or indirectly through its suppliers Toyota employs a total of 475,000 Americans. Company headquarters is in Japan but Toyota has invested more than $60 billion in the U.S. More than 36 million Toyota and Lexus vehicles are on America’s roads.\n\nAs for R&D, Toyota points out that it contributes to American knowhow by “open-sourcing of patents” for the likes of fuel cells and hybrid electrification while continuing to invest in artificial intelligence, autonomous technology and robotics. The only threat any of this poses would be if Toyota gave up on America and moved everything somewhere else.\n\nToyota, Honda and most of these foreign car companies are also publicly traded companies with significant American ownership. U.S. institutional investors hold millions of shares on behalf of millions of Americans. While management control resides in Japan, their business success depends in large part on success in the American market. And their success pays off for American investors.\n\n***\n\nIf “American-owned” is now a requirement to invest in the U.S., there will be a lot less investment here. And what happens if foreign countries respond by limiting American exports or sales in their markets because those American companies aren’t locally owned? Isn’t this the kind of bad trade behavior that Team Trump is trying to get the Chinese to cease and desist?\n\nMr. Trump’s trade strategy with China at least has the logic that it could lead to more trade opening and less mercantilism in Beijing. But his argument for auto tariffs, or restraints on auto imports and foreign investment, is pure protectionism that would help only a few American-owned firms. This is an argument for making America small again.",
    "published": "2019-05-21"
  },
  {
    "source": "WSJ",
    "title": "Trade Disputes Are Weakening Future Growth, OECD Says",
    "summary": "Business investment to grow at an average 1.75% this year, down from 3.5% in 2017 and 2018",
    "link": "https://www.wsj.com/articles/trade-disputes-are-weakening-future-growth-oecd-says-11558429231?mod=Searchresults_pos17&page=12",
    "content": "A port in Qingdao in Shandong province, China. If kept in place, new tariffs would shrink the U.S. and Chinese economies by 0.2% or 0.3% by 2021, said the OECD.\n\nConflicts between the U.S. and its major trade partners have weakened business investment around the world, threatening to hamper future as well as current rates of economic growth, the Organization for Economic Cooperation and Development said Tuesday.\n\nThe OECD said a series of trade disputes between the U.S. and its trading partners that have seen tariffs placed on a widening spread of goods have been largely responsible for a slowdown in global economic growth since 2017. It warned that uncertainty about the extent and duration of the trade disputes is holding back business investment, and harming longer-term growth prospects.\n\nThe OECD estimates that business investment will grow globally at an average rate of 1.75% this year and next, down from 3.5% in 2017 and 2018. It said lower spending on tools and equipment is contributing to a slowdown in trade flows, which it estimates flat lined in the first three months of the year. Capital goods account for a larger share of trade than they do economic output.\n\n“It’s something that’s super worrying,” said Laurence Boone , the OECD’s chief economist. “The less we invest today, the more we will be missing in the future.”\n\nIn a quarterly report, the Paris-based research body lowered its growth forecast for the global economy this year, to 3.2% from 3.3% previously. That would mark a slowdown from the 3.5% expansion in 2018, and the 3.7% expansion in 2017.\n\nIn an interview with The Wall Street Journal, Ms. Boone said changes in the way businesses operate internationally—which have increased the need for protection of intellectual property—means there is reason to “reassess and modernize” the global trade system.\n\nBut she said that unilateral actions by individual governments weren’t the way to proceed, given how interconnected the global economy has become.\n\n“It’s better to do this through a multilateral process,” she said.\n\nIn its latest outlook, the OECD raised its growth projections for the U.S., the eurozone and the U.K., albeit slightly, and left its growth forecast for China unchanged, while slightly lowering its projections for Japan. In the U.S., it now expects to see economic growth of 2.8% this year, and 2.3% next, up from 2.6% and 2.2% respectively.\n\nNewsletter Sign-up What’s News Catch up on the headlines, understand the news and make better decisions, free in your inbox daily. Enjoy a free article in every edition. Preview Subscribed\n\nThose upgrades largely reflect a better-than-expected start to the year. But the forecasts were finalized before the U.S. raised tariffs on $200 billion of Chinese goods to 25% from 10% and said it is considering higher levies on the roughly $300 billion of Chinese goods not yet covered by the punitive duties. China retaliated by raising tariffs on $60 billion in U.S. imports to as much as 25%.\n\nThe OECD said that, if kept in place, those new tariffs would shrink the U.S. and Chinese economies by 0.2% or 0.3% by 2021, while U.S. consumer prices would be 0.3% higher in 2020 than they would have been without the new duties. The measures therefore double the negative impact on economic output from tariffs announced in 2018.\n\nIt said further tariff increases would deepen the damage. In a scenario where both the U.S. and China imposed 25% tariffs on all goods traded between them, the OECD said U.S. economic output would be lowered by 0.6%, and Chinese output by 0.8%, with other countries being hit to the degree that they export to the main participants.\n\nThe Trump administration also retains the option of imposing tariffs on automobile imports, which would hit Germany and other parts of Europe that supply it with parts.\n\n“Such measures could add considerably to the costs of the tariff increases imposed so far and adversely affect business investment plans around the world,” the OECD said.\n\nHas the relationship between the U.S. and China simply hit a speed bump or are the events of the last several days a sign of something more serious? WSJ's Gerald F. Seib explains. Photo: Getty\n\nWrite to Paul Hannon at paul.hannon@wsj.com",
    "published": "2019-05-21"
  },
  {
    "source": "WSJ",
    "title": "U.S. Stocks Dragged Down by Tech Sector",
    "summary": "Investors worry move against Huawei could further inflame tensions between the U.S. and China",
    "link": "https://www.wsj.com/articles/global-stocks-slip-as-trade-skirmish-drags-on-11558338168?mod=Searchresults_pos15&page=73",
    "content": "Shares of technology companies skidded after some U.S. businesses moved to comply with restrictions against Huawei Technologies, setting up major stock indexes for another tough week amid the escalating trade spat.\n\nInvestors retreated from Google parent Alphabet, Qualcomm and other technology stocks following reports that those businesses were cutting Huawei’s access to their technology after the Trump administration put Huawei on a trade blacklist. The moves prompted concerns that the latest actions could further inflame trade tensions between the world’s two largest economies.\n\nMost concerning is China’s potential to retaliate against U.S. tech companies that have significant exposure to the country, some investors said.\n\nThe S&P 500 ended up falling 19.30 points, or 0.7%, to 2840.23, potentially setting the broad index up for its third straight weekly loss. The likelihood of the S&P 500 recouping some of those losses brightened late Monday after U.S. officials said they planned to permit some temporary exemptions to the export blacklist against Huawei. Stock futures, which don’t necessarily reflect moves after the opening bell, rose following the news.\n\nChip makers and hardware manufacturers were among the hardest hit during Monday’s trading session, with Apple, Alphabet and Qualcomm logging significant losses.\n\n“With the news around the U.S. and Huawei taking a turn for the worse, it seems that the trade war is increasingly showing signs of becoming a tech war,” said Seema Shah , a senior global investment strategist at Principal Global Investors. “The further this trend develops, the bigger the collateral damage will be, particularly in Asia and the U.S.”\n\nU.S. Trade Representative Robert Lighthizer, left, U.S. Treasury Secretary Steven Mnuchin, second from left, and Chinese Vice Premier Liu He, second from right, after a meeting in Beijing on May 1. Photo: Andy Wong/Press Pool\n\nThe Dow Jones Industrial Average and Nasdaq Composite followed the S&P 500 lower. The blue-chip index shed 84.10 points, or 0.3%, to 25679.90, while the tech-heavy Nasdaq declined 113.91 points, or 1.5%, to 7702.38.\n\nMonday’s losses extended the recent pain tech stocks have experienced since trade tensions resurfaced earlier this month. Those stocks fell by an additional 1.7% on Monday, extending tech’s losses for May to 6.1%—the second biggest loss month to date out of the 11 major S&P 500 sectors, behind shares of materials companies.\n\nThose losses could worsen, analysts warn, as the trade dispute continues to roil the market. There is the potential for a reprisal from China against U.S. tech companies, many of which, like Apple, have significant exposure to China. The latest round of tariffs are also expected to put additional pressure on profit margins. Tech stocks are the best-performing sector of the year, and some investors say they have been trimming those holdings to lock in gains in case market conditions deteriorate.\n\n“The recent action against Huawei confirms our view that the relationship between Washington and Beijing will remain tense,” analysts at UBS Group AG’s global wealth-management arm wrote in a note to clients. “The growing rivalry between the world’s two largest economies will simmer in the background, with repercussions on business and investments.”\n\nShares of Alphabet slid $24.12, or 2.1%, to $1,144.66 after it was reported the company will restrict Huawei’s access to certain Android features. Alphabet put those plans on hold after U.S. officials said there would be a temporary reprieve from tough trade policies, The Wall Street Journal reported. Qualcomm, which fell by $4.88, or 6%, to $76.62, suspended shipments of its chips to Huawei.\n\nShares of Apple declined $5.91, or 3.1%, to $183.09 after HSBC cut the iPhone maker’s price target, pointing to its exposure to the trade conflict.\n\nTesla fell to its lowest level in a year after analysts cited concerns about the electric-car maker’s growth prospects and the underlying demand for its Model 3 vehicle. Shares fell $5.67, or 2.7%, to $205.36. Including Monday’s declines, the S&P 500 has given up more than 3% this month since the U.S.-China trade tensions re-emerged.\n\nInvestors are now positioning themselves for more bouts of volatility, a sign that many expect the market’s erratic swings to continue. Assets in exchange-traded funds that tend to profit when volatility rises hit a record $3.1 billion in May, according to FactSet data.\n\nWrite to Avantika Chilkoti at Avantika.Chilkoti@wsj.com and Michael Wursthorn at Michael.Wursthorn@wsj.com",
    "published": "2019-05-21"
  },
  {
    "source": "WSJ",
    "title": "Trump to Press for Trade Deal in Trip to Japan",
    "summary": "President will also show he is still aligned with Tokyo on North Korea",
    "link": "https://www.wsj.com/articles/trump-to-press-for-trade-deal-in-trip-to-japan-11558439749?mod=Searchresults_pos4&page=28",
    "content": "Prime Minister Shinzo Abe is reluctant to make concessions to President Trump that would hurt Japan’s politically influential farmers ahead of parliamentary elections this summer.\n\nTOKYO—President Trump travels to Japan this week to keep up the pressure for a trade deal that has raised hackles among Japanese companies, while showing he is still aligned with Tokyo on North Korea policy.\n\nThe president’s trip, beginning with his arrival in Tokyo on Saturday, is also set to include a visit to the final day of the sumo tournament under way in the city, where he will present the winner’s trophy, according to Japanese officials. And he will meet Emperor Naruhito, making Mr. Trump the first foreign leader to see the emperor since he took the throne May 1.\n\nLast week, Mr. Trump put off a decision for six months on whether to impose new tariffs on automobile and auto-part imports from Japan and other countries. But he said the quantity of auto imports was so great “as to threaten to impair the national security of the United States.”\n\nToyota Motor Corp., which normally tries to avoid open conflict with the U.S. government, denounced the presidential proclamation and said it “sends a message to Toyota that our investments are not welcomed.”\n\nFormer Trump administration trade negotiator Clete Willems talks about why it is in China's interest to sign a trade deal with the U.S.\n\nAt The Wall Street Journal’s CEO Council event in Tokyo on Tuesday, Clete Willems , deputy director of the White House’s National Economic Council until a few weeks ago, said that autos need to be handled delicately but that under a staged approach the two sides could reach agreement on less contentious items first.\n\nJapanese officials say the country has no barriers to U.S. auto imports, which don’t face tariffs, and they say Washington hasn’t explained what concessions it wants on autos.\n\nThe U.S. has been clearer on agriculture, where it is seeking lower tariffs on products such as pork and beef. Japan has given tariff breaks to the European Union and countries in the 11-nation Trans-Pacific Partnership under recently implemented trade deals—but not to the U.S., which dropped out of the TPP under Mr. Trump.\n\nThe U.S. expected that its producers would get the same breaks from Japan “long before or at least concurrent with the TPP11 and the EU trade agreement,” said William Hagerty, the U.S. ambassador to Japan, at the CEO Council.\n\n“Regretfully, those agreements were put in place ahead of a bilateral trade agreement, which has had an unintended consequence of putting our farmers, our ranchers and some of our businesses at a competitive disadvantage,” Mr. Hagerty said. “So you can imagine the president wants to see this resolved quickly.”\n\nAdm. Phil Sawyer, U.S. Seventh Fleet commander, talks about how China's actions in the South China Sea present a threat to global security.\n\nMr. Hagerty said Mr. Trump wanted a deal within weeks but that it was more likely to take months. Prime Minister Shinzo Abe is reluctant to make concessions that would hurt Japan’s politically influential farmers ahead of parliamentary elections this summer.\n\nTrade talks between U.S. Trade Representative Robert Lighthizer and Japanese Economy Minister Toshimitsu Motegi may resume as early as this week in coordination with Mr. Trump’s visit to Japan. The two trade officials met in Washington in April.\n\nMr. Hagerty said Mr. Trump would also use his time in Japan to coordinate policies on North Korea with Mr. Abe. The Japanese leader has recently sought to follow Mr. Trump’s approach and arrange a summit meeting with North Korean leader Kim Jong Un . Mr. Abe’s hope is that by talking to Mr. Kim, he can secure the return of any survivors among around a dozen Japanese citizens kidnapped by North Korea in the 1970s and 1980s.\n\nThere has been no indication Mr. Kim is willing to meet Mr. Abe. The Japanese leader has to balance his outreach to Pyongyang with a commitment to enforce U.S.-led sanctions.\n\nJapan has been active in monitoring and deterring North Korean ship-to-ship transfers of petroleum products, which are barred under the sanctions. Japanese naval vessels and surveillance aircraft are part of a multination alliance led by the U.S. that is tracking North Korea-linked ships in the seas around the Korean Peninsula.\n\nAt the CEO Council, the commander of the U.S. Seventh Fleet, Phil Sawyer, highlighted the importance of alliances with countries such as Japan and said he was supportive of Mr. Abe’s goal to bolster the capabilities of the Japanese navy as part of a revival of the nation’s military power.\n\nWrite to Alastair Gale at alastair.gale@wsj.com",
    "published": "2019-05-21"
  },
  {
    "source": "WSJ",
    "title": "U.S.-China Trade Talks Will End With a Deal, Former Negotiator Says",
    "summary": "Clete Willems, deputy director of the White House’s National Economic Council until April, spoke to The Wall Street Journal’s CEO Council conference in Tokyo on Tuesday.",
    "link": "https://www.wsj.com/articles/u-s-china-trade-talks-will-end-with-a-deal-former-negotiator-says-11558406485?mod=Searchresults_pos10&page=26",
    "content": "Clete Willems, deputy director of the White House’s National Economic Council until April, spoke to The Wall Street Journal’s CEO Council conference in Tokyo on Tuesday.\n\nTOKYO—A former top U.S. trade negotiator said talks with China for a trade deal had made significant progress despite recent setbacks and an agreement would eventually be reached.\n\nClete Willems , deputy director of the White House’s National Economic Council until April, said China’s leadership includes figures that the U.S. hopes will steer the country to more market-oriented policies to underpin a trade pact.\n\n“We believe there is a strong contingent of reformers in China that want change,” Mr. Willems said via video link at The Wall Street Journal’s CEO Council conference in Tokyo on Tuesday.\n\nFormer Trump administration trade negotiator Clete Willems talks about why it's in China's interest to sign a trade deal with the U.S.\n\nRecent moves by both the U.S. and China to widen tariffs on each other’s exports have made the timeline for a trade deal more uncertain. Mr. Willems said a meeting of the Group of 20 industrialized nations in Japan in June was likely too soon for an agreement, but added that intensive talks to reach a deal would continue.\n\n“The president will maintain a strong sense of resolve because of the way the economy will look like in 10 years if these problems aren’t resolved,” Mr. Willems said.\n\nMr. Willems, also a former special assistant to the president on trade, called for business leaders to speak up about problems they have faced in China on issues such as forced technology transfers, to help create the political pressure for a trade deal that addresses those concerns.\n\nBoth the U.S. and China stand to suffer economically from the disputes, Indonesia Finance Minister Sri Mulyani Indrawati said. The fallout from a slowdown in the world’s two largest economies will cause pain in most emerging economies, she said. A resulting fall in commodity prices will hit most emerging economies, including Indonesia, although some like Vietnam might benefit when manufacturing facilities are moved out of China, she said.\n\nA container ship berths at the port in Qingdao, China, May 17. Photo: str/Agence France-Presse/Getty Images\n\n“The worst case scenario of this trade tension has materialized,” she said.\n\nMr. Willems was also upbeat about a trade deal with Japan. He said President Trump’s delaying of a decision on whether to impose auto tariffs on Japan and other countries showed he was hopeful of reaching an agreement with Tokyo.\n\nCEO Council Tokyo Facial-Recognition Startup Calls for Regulation Instead of Bans\n\nSpeaking at the same conference, U.S. Ambassador to Japan William Hagerty said the top trade negotiators for the U.S. and Japan may come up with an agreement “in months.”\n\nMr. Trump is scheduled to arrive in Tokyo later this week for summit talks with Japanese Prime Minister Shinzo Abe , where trade and security issues are set to be on the agenda.\n\nMayumi Negishi contributed to this article.\n\nWrite to Alastair Gale at alastair.gale@wsj.com",
    "published": "2019-05-21"
  },
  {
    "source": "WSJ",
    "title": "U.S. Rare Earths Revival Planned Amid Trade Conflict",
    "summary": "The important commodities are caught up in the U.S.-China trade conflict",
    "link": "https://www.wsj.com/articles/joint-venture-plans-to-revive-rare-earths-processing-in-u-s-11558341663?mod=Searchresults_pos19&page=29",
    "content": "Lynas digs up ore in Australia’s arid western region and ships it to Malaysia for processing. Here, the company’s plant in Gebeng.\n\nSYDNEY—An American chemicals company and an Australian miner want to build the first rare-earth minerals separation plant in the U.S. in years. Their aim is to shore up supplies of important commodities caught up in the U.S.-China trade conflict.\n\nThe proposal by Blue Line Corp. and Lynas Corp. LYC 1.41 %increase; green up pointing triangle illustrates how companies are growing increasingly worried by the trade rhetoric out of Washington and Beijing, while looking for opportunities to profit from tit-for-tat tariffs if they aren’t short-lived. The companies aim to build the plant in Hondo, Texas, near where Blue Line is based.\n\nProduction of rare earths is dominated by China, but some of the world’s biggest consumers are U.S. manufacturers of advanced technology such as electric vehicles, wind turbines and military equipment. That explains why the U.S. has been reluctant to impose tariffs on Chinese rare-earths shipments, despite the escalating trade rift.\n\nChina, however, has put the rare-earths trade squarely in its sights. The U.S. ships ore from its only active mine, in Mountain Pass, Calif., to China for processing. Starting June 1, those shipments will be saddled with a 25% tariff. That is up from 10%, making the operation less profitable than before.\n\nBlue Line and Lynas signaled that the lack of supply options outside China played a key role in their decision to work together over the coming year on plans for the new plant.\n\nThe joint venture would “help to ensure that U.S. companies have continued access to rare-earth products by providing a U.S.-based source,” management said in a joint statement.\n\nThe Trump administration worries a lack of domestic rare-earth supplies undermines a competitive modern economy and strong military. Last year, the U.S. Geological Survey designated 35 minerals as critical to the economy and national defense. The U.S. is almost entirely reliant on imports for more than half of them.\n\nRare earths are among the most extreme examples of such critical minerals, with China accounting for more than 90% of the world supply over the past decade, according to U.S. government figures.\n\nChina’s control of the global rare-earths market has long been a concern of manufacturers, particularly after Chinese export quotas led to a price surge that in 2011 made some of the elements more valuable than gold.\n\nLynas has grown from a small Australian miner to become the largest producer of rare earths outside China in a decade. The company digs up ore in Australia’s arid western region and ships it to Malaysia for processing. That unique supply chain recently led Australian conglomerate Wesfarmers Ltd. to make a $1 billion takeover offer for Lynas, despite uncertainty over the future of its operating license amid environmental opposition to the Malaysian plant.\n\nBlue Line and Lynas said their proposed joint venture, which would be majority owned by the Australian miner, would focus on separating heavy rare earths such as dysprosium and terbium. That would make it the only large-scale producer of medium and heavy rare earths outside China, the companies said.\n\nThe plant could later be expanded to separate light rare earths such as neodymium and praseodymium, they said. Those elements are the main products of Lynas’s Malaysia facility.\n\nThere are no separation plants in the U.S. for either heavy or light rare-earth materials after Molycorp Inc. sought chapter 11 bankruptcy protection in 2015. Blue Line buys separated rare earths, mainly from Lynas, that it processes further and sells to customers including automotive and electronics manufacturers.\n\nJon Blumenthal, Blue Line’s chief executive, said the venture’s aim was to provide “a secure source of rare-earth materials to both U.S. and international markets.”\n\nWrite to Rhiannon Hoyle at rhiannon.hoyle@wsj.com",
    "published": "2019-05-21"
  },
  {
    "source": "WSJ",
    "title": "Case of the Killer Toyotas",
    "summary": "Are foreign-owned car plants in the U.S. a national security threat?",
    "link": "https://www.wsj.com/articles/case-of-the-killer-toyotas-11558394076?mod=Searchresults_pos14&page=19",
    "content": "China, Cuba, Russia, al Qaeda, Islamic State, the Toyota Motor Corp., North Korea, Hezbollah, the Islamic Revolutionary Guard Corps. Which one of the above doesn’t belong on a list of national security threats to the United States?\n\nIf you answered Toyota, you must not work for the Trump Administration, which declared last week that autos or auto parts pose a threat to U.S. national security unless they are “American-owned.” Financial markets were relieved Friday when the White House proclamation offered a 180-day tariff reprieve during trade negotiations with Europe and Japan. But the proclamation’s “American-owned” language is a sour and illogical note that could lead to punishing tariffs or even controls on investment in the U.S.\n\nMr. Trump’s argument, provided by the Commerce Department, is that “the lag in R&D expenditures by American-owned producers is weakening innovation and, accordingly, threatening to impair our national security.” Therefore, “domestic conditions of competition must be improved by reducing imports.”\n\nNever mind that Toyota, Honda, Volkswagen, Mercedes-Benz, Mazda, BMW, Subaru, Nissan, Kia and Hyundai all make or assemble cars and parts in the United States. The nearly 500 facilities are located in multiple American states and directly employ 130,000 Americans. Volvo has a plant in South Carolina that may employ 4,000. By the proclamation’s logic, the only car companies that matter to U.S. security are Ford, GM, Tesla and maybe not even Fiat Chrysler, since Italians are significant owners.\n\nAnd here we thought Mr. Trump wanted companies to build plants in America. He certainly boasts about the investment his tax reform and deregulation policies are attracting, and he’s right. But as Toyota put it Friday, “Today’s proclamation sends a message to Toyota that our investments are not welcomed, and the contributions from each of our employees across America are not valued.”\n\nToyota has 10 manufacturing plants across eight states, including Alabama, California, Indiana, Kentucky, Mississippi, Missouri, Tennessee and West Virginia. For the political record, Mr. Trump won all those states in 2016 except for California. Do the Governors of those states care to comment on whether all of these jobs and wages are a security threat?\n\nToyota also has a network of 1,500 auto dealers that employ 100,000 Americans, and directly or indirectly through its suppliers Toyota employs a total of 475,000 Americans. Company headquarters is in Japan but Toyota has invested more than $60 billion in the U.S. More than 36 million Toyota and Lexus vehicles are on America’s roads.\n\nAs for R&D, Toyota points out that it contributes to American knowhow by “open-sourcing of patents” for the likes of fuel cells and hybrid electrification while continuing to invest in artificial intelligence, autonomous technology and robotics. The only threat any of this poses would be if Toyota gave up on America and moved everything somewhere else.\n\nToyota, Honda and most of these foreign car companies are also publicly traded companies with significant American ownership. U.S. institutional investors hold millions of shares on behalf of millions of Americans. While management control resides in Japan, their business success depends in large part on success in the American market. And their success pays off for American investors.\n\n***\n\nIf “American-owned” is now a requirement to invest in the U.S., there will be a lot less investment here. And what happens if foreign countries respond by limiting American exports or sales in their markets because those American companies aren’t locally owned? Isn’t this the kind of bad trade behavior that Team Trump is trying to get the Chinese to cease and desist?\n\nMr. Trump’s trade strategy with China at least has the logic that it could lead to more trade opening and less mercantilism in Beijing. But his argument for auto tariffs, or restraints on auto imports and foreign investment, is pure protectionism that would help only a few American-owned firms. This is an argument for making America small again.",
    "published": "2019-05-21"
  },
  {
    "source": "WSJ",
    "title": "Fed’s Rosengren Sees No Reason to Change Rate Policy Right Now",
    "summary": "The Boston Fed president said Trump’s tariffs could accelerate a return to the central bank’s 2% inflation target",
    "link": "https://www.wsj.com/articles/feds-rosengren-sees-no-reason-to-change-rate-policy-right-now-11558455001?mod=Searchresults_pos13&page=5",
    "content": "Eric Rosengren, president of the Federal Reserve Bank of Boston, described the continuing trade dispute between the U.S. and China as a negative for the economy’s outlook.\n\nFederal Reserve Bank of Boston chief Eric Rosengren said Tuesday he sees no “clarion call” to change central bank interest rate policy right now, in comments that indicated sustained trade tariffs could accelerate a return to the Fed’s 2% inflation target.\n\n“I view current policy as slightly accommodative and likely to be consistent with inflation returning to the Fed’s 2% inflation target over time,” Mr. Rosengren said in a speech at the Economic Club of New York. He added that when it comes to price pressures moving back to desired levels, “this is likely to occur more rapidly if tariffs are imposed.”\n\nMr. Rosengren holds a voting role on the rate-setting Federal Open Market Committee this year. His view that the central bank faces no imminent need to change short-term borrowing costs mirrors that of many of his colleagues.\n\nWith solid growth, a healthy labor market and low inflation, central bankers by and large see no reason to raise or lower a short-term target rate range that now stands at between 2.25% and 2.50%. Financial markets, however, reckon there is a good chance that the Fed may have to lower rates by year-end, in large part due to the persistent weakness of inflation relative to the 2% target.\n\nThe Fed adopted its inflation target in 2012 and failed to achieve it in a sustainable fashion at any point. What is more, inflation pressures have weakened this year, as have expectations of future price rises. Key Fed officials like Chairman Jerome Powell and New York Fed leader John Williams have all said they believe the weakness of inflation is temporary and that inflation will rise back to desired levels over time.\n\nIn his speech, Mr. Rosengren was upbeat about the outlook, but he described the continuing trade dispute between the U.S. and China as a negative for the outlook. He expects the trade disagreements to be resolved, but if they aren’t, they could have an impact on the U.S. economy.\n\n“The presence of a prominent downside risk—more disruptive trade negotiations—seems to me to be another important reason for policy maker patience until this source of uncertainty is more resolved,” he said.\n\nContrary to President’s Trump ’s repeated assertions that China is paying for the significant tariffs he has erected on their goods, Mr. Rosengren explained how that isn’t true.\n\n“U.S. tariffs are effectively taxes on imports, and our trading partners’ tariffs are taxes they pay on our exports,” Mr. Rosengren said. “Tariffs matter when it comes to inflation” and “tariffs will tend to raise prices on imported goods to the U.S.”\n\nHow much of an effect tariffs have on the economy and on inflation depends on whether the tariffs are prolonged, and whether consumers can find domestically produced goods to substitute for the more expensive Chinese goods, Mr. Rosengren said. He didn’t quantify how much inflationary upside might result from prolonged tariffs.\n\nMr. Rosengren told the audience that if sustained trade tariffs caused a persistent rise in inflation, it could draw a monetary-policy response.\n\nLong-running tariffs could push up inflation and become a bigger factor for the job market, and the Fed wouldn’t shrug this off, he said. “It’s going to be really hard to distinguish [the tariff impact] particularly in tight labor market,” so the Fed would have to focus on the headline number and proceed accordingly, Mr. Rosengren explained.\n\nWhen it comes to the economy’s performance so far, things are looking pretty good, Mr. Rosengren said.\n\n“The broader U.S. economy seems to be displaying a sounder footing than it was at the beginning of this year,” he said. “Both the consensus outlook and my own forecast suggest a modest step down from last year’s pace but still imply enough momentum to push the unemployment rate down even further.”\n\nWrite to Michael S. Derby at michael.derby@wsj.com",
    "published": "2019-05-21"
  },
  {
    "source": "WSJ",
    "title": "‘Game of Thrones’ Finale Frozen Out in China by Trade Fight",
    "summary": "Chinese viewers fume as finale is scrubbed; HBO disputes Tencent’s account of transmission problems",
    "link": "https://www.wsj.com/articles/game-of-thrones-finale-frozen-out-in-china-by-trade-fight-11558359453?mod=Searchresults_pos13&page=47",
    "content": "In China, the big spoiler for ‘Game of Thrones’ was not being able to view the finale. According to HBO, the problem arose from the China-U.S. trade dispute.\n\nBEIJING—Millions of “Game of Thrones” fans soaked up the final episode of HBO’s long-running TV series—except in China, where the premium platform says the last installment got scrubbed due to trade tensions with the U.S.\n\nChinese viewers expecting to see the finale of the epic series instead saw a notice about “transmission medium problems” on Tencent Video, a division of internet giant Tencent Holdings Ltd. and the exclusive streaming provider of HBO content in China. “We will notify you of another broadcasting time,” the video platform said in a longer explanation posted on its Weibo social-media account one hour before the show was scheduled to air.\n\nAngry fans took to Chinese social media over the delay, demanding that their fees—about 20 yuan ($2.89) a month or 198 yuan ($28.61) a year—be returned. Some threatened to delete the app and cancel accounts. One user said he had requested a day off from work to watch the last episode. “I specially took a vacation today!” he said.\n\nAn HBO spokesman said China restricted Tencent from airing “Game of Thrones” due to the trade dispute with the U.S. The spokesman said HBO didn’t experience any trouble with the program’s transmission. He referred further queries to Tencent.\n\nA spokesman for Tencent referred to the company’s Weibo post and didn’t provide further comment.\n\n‘Game of Thrones’ Season 8: A Song of Ice and Fire and Disappointment VIEW Graphic Critical ratings for the most popular TV show ever dropped as the series neared its finale. Photo: Dylan Moriarty/The Wall Street Journal\n\nIn the past two weeks, the trade dispute between the U.S. and China has turned acrimonious, and the bitterness has spilled into public view. After the Trump administration accused China of backsliding in negotiations to end the dispute and hiked tariffs on Chinese goods, Beijing has hit back with its own punitive levies and accusations, turning to government-controlled media to amplify its displeasure.\n\nLast week, the movie channel of state-run broadcaster China Central Television abruptly dumped its regular programming and began broadcasting anti-U.S. themed films during prime-time hours. CCTV-6 was originally scheduled to air a red carpet gala, a Chinese sci-fi film, and a Chinese comedy film. Instead, it aired a series of war films portraying Chinese and Korean battle victories over the U.S. in the Korean War. On its social-media account, CCTV-6 confirmed the scheduling changes and said the movies show that Chinese people are “not afraid of strong enemies and can bravely fight.”\n\nCCTV-6 didn’t immediately respond to requests for comment.\n\nAs the final season of \"Game of Thrones\" comes to an end, the stars of the series talk about their characters' relationship to power and what they learned. Photo: HBO\n\nChoosing pop culture to register anger with a foreign government is a tactic Beijing has been accused of previously. After the South Korean government agreed to deploy a U.S.-built anti-missile battery over Beijing’s objections two years ago, Korean performers and pop stars said their performances in China were scrubbed or blacklisted. Beijing denied explicitly targeting them.\n\nIf the trade dispute is confirmed as the reason for the “Game of Thrones” final episode being pulled, “it’s a good way to apply some additional pressure outside of the eye-for-an-eye tariffs framework,” said Mark Natkin, managing director at Marbridge Consulting in Beijing. “It sends a message that China can also block market access for intangibles like film and TV content, which it can blame ostensibly on content guideline violations.”\n\n“Game of Thrones” had been viewed 550 million times on Tencent Video during the most recent season, according to Entgroup, a Chinese entertainment industry data monitoring company based in Beijing.\n\nWhile Chinese users couldn’t watch the last episode from Tencent Video, they still managed to watch pirated versions on other online platforms. Plot points from the last episode were leaked on Weibo, where spoilers from the last episode had reached the top 20 topics on the platform by Monday Beijing time.\n\nAmerican movies and TV shows are popular with Chinese audiences, which are a growing source of revenue for U.S. entertainment companies. Tencent announced a strategic cooperation with HBO in 2014 to be the exclusive provider of HBO content on its online video platform, including “Game of Thrones,” “The Newsroom” and “Boardwalk Empire.”\n\nIn its most recent filing, Tencent Video said its subscriber base had reached 89 million, up 58%, year-over-year.\n\nChina’s authoritarian government has more stringently policed online content in recent years, and has been increasingly content-sensitive in the runup to several high-profile anniversaries, including the 30th anniversary on June 4 of the military suppression of the Tiananmen Square democracy demonstrations. Wikipedia confirmed this month that all versions of the website in all languages have been blocked in China, not just in Chinese, which has been the case on-and-off since 2004. Wildly popular historical dramas also have been fraught with delays in recent months, as censors try to sort out whether the past is being used to comment on contemporary politics.\n\nLekai Liu and Julie Wernau",
    "published": "2019-05-21"
  },
  {
    "source": "WSJ",
    "title": "U.S. Government Bonds Decline as Investors Watch for Trade Signals",
    "summary": "White House to grant temporary exemptions to export blacklist against Huawei Technologies",
    "link": "https://www.wsj.com/articles/u-s-government-bonds-decline-as-investors-watch-for-trade-signals-11558457169?mod=Searchresults_pos4&page=52",
    "content": "U.S. government-bond prices fell Tuesday after the White House said it would grant temporary exemptions to an export blacklist against Huawei Technologies, raising hopes of a thaw in trade tensions.\n\nThe yield on the benchmark 10-year Treasury note rose for a second consecutive trading session, settling at 2.428% from 2.416% Monday.\n\nYields, which rise as bond prices fall, climbed with investors continuing to see potential for a trade deal between the U.S. and China before the U.S. increases its tariffs on imports from China to 25% from 10%. The levies are set to take effect on June 1.\n\nAn escalation of conflicts in global trade is slowing growth, according to the Organization for Economic Cooperation and Development, which lowered its forecast for global economic growth this year to 3.2% from 3.3% in March. At the same time it raised its growth projection for the U.S. to 2.8% from 2.6%.\n\nThe seal of the Department of the Treasury in Washington. Photo: mandel ngan/Agence France-Presse/Getty Images\n\nInvestors see a range of impacts from the escalation in trade tensions between the two largest economies. Prices on consumer goods imported from China may increase, which some investors think could lead to a higher rate of inflation. Others see higher prices leading to a slowdown in purchases as consumers recoil from higher prices, leading to a slowdown in economic activity.\n\nFederal Reserve officials have discussed allowing the rate of inflation to rise for some time above the central bank’s target of 2% to compensate for periods where it has remained below the level officials think is optimal for promoting growth. Recently inflation has remained below the Fed’s target.\n\nOne way for the Fed to speed inflation would be to lower interest rates, which would encourage more borrowing and spending. Fed-funds futures, which investors use to bet on the path of central bank policy, show investors see roughly two-in-three odds of a rate cut by the end of this year.\n\nYet, there are “few signs the Fed is going to be willing to provide a cut,” said Sean Simko , head of portfolio strategies at SEI Investments. “The market at this point is a little ahead of itself.”\n\nFed officials have forecast that they will raise interest rates one time in 2020. That suggests if policy makers want to let inflation run above target, they will do so by holding back from potential rate increases rather than by lowering rates, Mr. Simko said.\n\nWrite to Daniel Kruger at Daniel.Kruger@wsj.com",
    "published": "2019-05-21"
  },
  {
    "source": "WSJ",
    "title": "U.S. Slows Hiring of Chinese Nationals by Chip Makers",
    "summary": "Hundreds of jobs affected across the industry at companies such as Intel and Qualcomm",
    "link": "https://www.wsj.com/articles/u-s-slows-hiring-of-chinese-nationals-by-chip-makers-11558431000?mod=Searchresults_pos7&page=53",
    "content": "A slowdown in hiring approvals for Chinese nationals is proving troublesome for U.S. chip makers, like Intel, as the pool of talent for technical work is shallow.\n\nThe U.S. has sharply slowed approvals for the nation’s semiconductor companies to hire Chinese nationals for advanced engineering jobs, according to industry insiders, a shift that comes amid broad White House efforts to protect U.S. technological know-how.\n\nThe disruption, which started last year, has affected hundreds of jobs across the industry at companies including Intel Corp., INTC -0.59 %decrease; red down pointing triangle Qualcomm Inc. QCOM 0.50 %increase; green up pointing triangle and Globalfoundries Inc., impeding their ability to hire Chinese employees or move existing employees to key projects in the U.S., these people said.\n\nIt is significant in part because Chinese nationals account for a large share of non-U.S. citizens hired for such technical roles, where the talent supply domestically is often scarce. The slowdown in approvals also shows the conundrum U.S. companies face in navigating the U.S. stance toward China on technology: Decisions aimed at protecting U.S. competitiveness in one way could hamper it in another.\n\nUnder rules in place for decades, companies must get licenses before assigning workers with foreign nationalities—Chinese, Iranian, Russian, among others—to work on a list of sensitive technologies. Because companies are giving foreigners knowledge about technology they could eventually take home, the U.S. Commerce Department considers such assignments the equivalent of an export.\n\nApprovals for so-called deemed-export licenses once took a matter of weeks, whereas a wait of six to eight months isn’t unusual today, a person familiar with the process said.\n\nNewsletter Sign-up Technology A weekly digest of tech columns, big stories and personal tech advice, plus a news ticker and a touch of dark humor. This May, subscribers receive special weekly bonus editions on how to use generative AI tools for everyday tasks. Preview Subscribe\n\nThe slowdown is happening as the White House engages in efforts to protect U.S. intellectual property against a concerted effort by China to build up its own technological capabilities.\n\nThe Trump administration has used months of often heated trade talks with China to push back on forced technology transfers, and U.S. authorities have blocked tech-company acquisitions, including Broadcom Inc.’s hostile bid for Qualcomm, citing concerns about the potential impact to the country’s ability to compete with China.\n\nTalks toward a trade deal have stalled. The Trump administration recently imposed higher tariffs on $200 billion of Chinese goods and added Huawei Technologies Co. to a trade blacklist, making it harder for U.S. companies to deal with the Chinese telecom giant. On Monday, U.S. officials said they would grant a handful of temporary exceptions to the export blacklist, giving suppliers and customers of China’s telecom giant a 90-day reprieve from tough trade penalties.\n\nThe licenses add another wrinkle. Companies need them for existing and prospective foreign-citizen employees working on advanced semiconductors, telecommunication systems, encryption and other technologies. The level of scrutiny varies depending on the technology and the perceived risk that it could fall into the hands of U.S. adversaries. The licenses are separate from work visas that employers also need to hire foreigners who aren’t permanent U.S. residents.\n\nAllies are under U.S. pressure to shun Huawei. But the company's prevalence in existing telecom networks and dominance in 5G technology make that nearly impossible. Illustration: Crystal Tai\n\nThe slowdown cuts across industries but is especially troublesome for chip makers, as the pool of people capable of doing highly technical engineering work is shallow, industry insiders said. Chip companies already have had to cope with higher tariffs on imports and a White House push for more sales to China, which they said would only further intertwine the global supply chain with the country.\n\nWhile there hasn’t been a complete halt to the hiring of Chinese nationals, the slowdown in license approvals has affected who could be hired and who could be assigned to important engineering projects, an industry insider said. “There have been longer delays that have led us to lose candidates we thought were critical,” the person said.\n\nFrom 2013 through 2017, Chinese nationals accounted for more than 60% of approved licenses, according to the Commerce Department. The Nos. 1 and 3 most commonly requested categories for deemed exports in 2017 related to chips. The second-most-common category covered telecommunications technology. The department hasn’t released 2018 statistics.\n\nThe Commerce Department reviews deemed-export applications carefully in cooperation with other government agencies, such as the state, defense and energy departments, a spokesman said. “This review often includes requesting additional information from the companies seeking to release controlled technology to foreign nationals in the U.S.,” he said.\n\nKevin Wolf , a lawyer at Akin Gump in Washington who was the assistant secretary of the Commerce Department’s export body during the Obama administration, said the differences in the pace of deemed-export approvals could reflect changed political circumstances, though changing technology could also be playing a role. If more applications involve especially sensitive technologies, the time it takes to process them could be longer.\n\nForeign-born engineers have been important to chip-company staffing over the years, said Linley Gwennap , president of the Linley Group, a Silicon Valley semiconductor research outfit. “The people from these countries have gone on to start companies in the U.S.,” he said. For example, Charles Liang , the chief executive Super Micro Computer Inc., of San Jose, Calif., co-founded the company after emigrating from Taiwan in the early 1990s and studying in the U.S.\n\nIn addition to semiconductors, the restrictions cover certain telecom-equipment, nuclear and military technologies.\n\nFurther restrictions on deemed exports to China could be on the way next year, when the Commerce Department is to decide on definitions of new technologies subject to export controls. Those definitions could hit areas such as artificial intelligence, a huge focus for chip makers and tech companies but also a major area of U.S.-China technological competition.\n\nStatutes suggest the definitions should avoid stifling innovation and focus on technologies that could endanger national security if they fell into the wrong hands.\n\nChip makers worry that the definitions will be too broad. The Semiconductor Industry Association in January sent a letter asking the Commerce Department to fully consider the economic impact of the definitions and limit them to technologies with national-security concerns, not trade-policy concerns.\n\nShare Your Thoughts What’s the best way for the U.S. to ensure it has a robust pipeline of engineering and advanced-technology talent? Join the conversation below.\n\nWrite to Asa Fitch at asa.fitch@wsj.com",
    "published": "2019-05-21"
  },
  {
    "source": "WSJ",
    "title": "Terrible Tuesday for Department Stores",
    "summary": "Kohl’s and J.C. Penney reported disappointing quarterly results, setting off a tumble in the sector",
    "link": "https://www.wsj.com/articles/terrible-tuesday-for-department-stores-11558456351?mod=Searchresults_pos6&page=55",
    "content": "A shopper prepares to pay for items at a Kohl's department store in Peru, Ill. Photo: Daniel Acker/Bloomberg News\n\nRetailers got a so-so start to earnings season last week when Macy’s reported earnings that narrowly beat expectations. The tone got much worse on Tuesday. Kohl’s KSS -0.74 %decrease; red down pointing triangle and J.C. Penney both reported earnings that disappointed investors, triggering a drop in their shares and a broader selloff in department store stocks.\n\nKohl’s reported adjusted earnings of 61 cents a share, compared with analyst expectations for 68 cents a share. Sales at stores open for at least 12 months fell 3.4%—far steeper than the 0.2% drop analysts were expecting. The company has sought to build up its brands, particularly in athletic wear, but as shoppers continue to turn to Amazon.com, or go directly to brands themselves, that hasn’t been sufficient to get shoppers in stores and merchandise off the shelves.",
    "published": "2019-05-21"
  },
  {
    "source": "WSJ",
    "title": "Terrible Tuesday for Department Stores",
    "summary": "Kohl’s and J.C. Penney reported disappointing quarterly results, setting off a tumble in the sector",
    "link": "https://www.wsj.com/articles/terrible-tuesday-for-department-stores-11558456351?mod=Searchresults_pos16&page=54",
    "content": "A shopper prepares to pay for items at a Kohl's department store in Peru, Ill. Photo: Daniel Acker/Bloomberg News\n\nRetailers got a so-so start to earnings season last week when Macy’s reported earnings that narrowly beat expectations. The tone got much worse on Tuesday. Kohl’s KSS -0.74 %decrease; red down pointing triangle and J.C. Penney both reported earnings that disappointed investors, triggering a drop in their shares and a broader selloff in department store stocks.\n\nKohl’s reported adjusted earnings of 61 cents a share, compared with analyst expectations for 68 cents a share. Sales at stores open for at least 12 months fell 3.4%—far steeper than the 0.2% drop analysts were expecting. The company has sought to build up its brands, particularly in athletic wear, but as shoppers continue to turn to Amazon.com, or go directly to brands themselves, that hasn’t been sufficient to get shoppers in stores and merchandise off the shelves.",
    "published": "2019-05-21"
  }
]