[
  {
    "source": "WSJ",
    "title": "Transcript: Fed Chairman Jerome Powell’s Postmeeting Press Conference",
    "summary": "Policy maker talks about the possibility of a rate cut, trade uncertainty and the central bank’s inflation target",
    "link": "https://www.wsj.com/articles/transcript-fed-chairman-jerome-powells-postmeeting-press-conference-11560978119?mod=Searchresults_pos7&page=84",
    "content": "This copy is for your personal, non-commercial use only. Distribution and use of this material are governed by our Subscriber Agreement and by copyright law. For non-personal use or to order multiple copies, please contact Dow Jones Reprints at 1-800-843-0008 or visit www.djreprints.com.\n\nhttps://www.wsj.com/articles/transcript-fed-chairman-jerome-powells-postmeeting-press-conference-11560978119",
    "published": "2019-06-19"
  },
  {
    "source": "WSJ",
    "title": "Trump and Xi Agree to Discuss Trade at Next Week’s G-20 Summit in Japan",
    "summary": "Amid tension over planned tariffs, prospect of high-level meeting spurs stock market",
    "link": "https://www.wsj.com/articles/trump-xi-to-have-extended-meeting-at-g-20-11560865968?mod=Searchresults_pos7&page=9",
    "content": "WASHINGTON—President Trump and Chinese President Xi Jinping agreed to meet in Japan next week, lifting financial markets and spurring hopes for a trade truce that could stave off a fresh round of tariffs.\n\nIn a Twitter message on Tuesday, Mr. Trump said he had a “very good” telephone conversation with Mr. Xi, setting the stage for a summit on the sidelines of the Group of 20 leading global economies meeting in Osaka.\n\nLoading tweet...\n\n“We will be having an extended meeting next week at the G-20 in Japan,” the president tweeted. “Our respective teams will begin talks prior to our meeting.”\n\nThe news, confirmed by Beijing, came after six weeks of rising trade tensions between the two nations, which were thought to be near an accord before talks broke down in early May. The Dow Jones Industrial Average rose 353 points, or 1.4%.\n\n“You look at the rally, the stock market, I think the market says talk is better than no talk,” White House adviser Larry Kudlow said.\n\nBoth sides are under pressure to get back to the bargaining table.\n\nThe Trump administration’s plan to levy new tariffs on $300 billion in Chinese goods—including many consumer products previously untouched—has generated stiffer resistance than the introduction of previous duties.\n\n“The blowback from industry to proposed tariffs isn’t something that Trump can ignore,” said Michael Hirson , who heads China coverage for Eurasia Group, a risk-advisory firm. “As his political advisers are no doubt telling him, this next round of tariffs has a much more direct impact on U.S. households than previous rounds. It will be visible to the Walmart shopper.”\n\nChina, for its part, has blamed the U.S. for the impasse and said it is in no haste to make a deal. Even so, China’s economy is weakening and economists say the trade conflict is sapping domestic demand and investor confidence.\n\nBig hurdles remain before the U.S. and China can restart formal talks or clinch a possible deal. Relations between the two countries have deteriorated significantly since late April, when many thought Osaka would be the venue for Messrs. Trump and Xi to sign a trade accord.\n\nWashington wants Beijing to commit to changing laws and economic policies it says have contributed to a widening trade imbalance. The Trump administration also wants to phase out punitive tariffs over time rather than at once to ensure Beijing follows through on pledges to make changes.\n\nChinese officials want the tariffs lifted at the time a deal is signed and are insisting the text of any agreement should be “balanced”—a term that hints at Beijing’s reluctance to accede to U.S. demands that a deal spell out changes China must make to laws and regulations.\n\nRelations have been strained by the Trump administration’s move to blacklist Huawei Technologies Co. by restricting its access to U.S. technology. Chinese officials privately, but not publicly, have said fairer treatment for Huawei should be part of any deal.\n\nThis week the company’s founder, Ren Zhengfei , said the U.S. action could cost Huawei $30 billion in lost revenue this year and next.\n\nAccording to Chinese state media, Mr. Xi told Mr. Trump in their conversation Tuesday that China hopes “the U.S. will treat Chinese companies fairly,” in what was widely seen as a reference to Huawei.\n\nAt the same time, Mr. Trump is certain to face criticism at home if the U.S. goes easy on Huawei, which U.S. officials have repeatedly identified as a security risk.\n\nHas the relationship between the U.S. and China simply hit a speed bump or are the events of mid May a sign of something more serious? WSJ's Gerald F. Seib explains. Photo: Getty\n\n“The president seems at least to open the opportunity that he might back off Huawei” as a part of trade negotiations, Sen. Mark Warner, the top Democrat on the Senate Intelligence Committee, told reporters Tuesday. “If that’s traded away, it will be a disaster.”\n\nShortly after Mr. Trump’s announcement, U.S. Trade Representative Robert Lighthizer appeared before the Senate Finance Committee, where he faced criticism over Mr. Trump’s plans to impose new tariffs of 25% on $300 billion in Chinese goods—effectively extending the levies to almost everything the U.S. imports from China.\n\nSen. Ron Wyden , (D., Ore.) pointed out that those tariffs would, among other things, raise the price of school supplies for students returning to classes in the fall—“school uniforms, gym clothes, sneakers, book bags, pencils, notebooks, you name it,” he said.\n\nMr. Lighthizer responded by emphasizing the importance of confronting Beijing over its trade practices: “I would say to those college students that if China steals your intellectual property, you’re not going to have jobs in the future.”\n\nIn his tweet Mr. Trump said teams from the U.S. and China would meet ahead of the meeting, but the White House and Mr. Lighthizer’s office didn’t provide details.\n\nNewsletter Sign-up WSJ Politics & Policy Scoops, analysis and insights driving Washington from the WSJ's D.C. bureau. Preview Subscribed\n\nPeople following the talks say an accord isn’t likely to be reached at the meeting, but some expect a plan for new high-level talks, along with a delay in imposing U.S. tariffs on the $300 billion in goods from China.\n\nSuch a development would have precedent. Mr. Trump agreed to delay tariffs on $200 billion in imports from China after last year’s G-20 summit in Buenos Aires, Argentina. Mr. Trump later imposed those duties and raised the level to 25% last month when the countries reached the current impasse.\n\n“There is no question there are real things that need to be worked through, but re-engagement is a positive step,” said Myron Brilliant, head of international affairs at the U.S. Chamber of Commerce. “We’ve been waiting for a signal that the presidents would re-engage.”\n\nThe proposed $300 billion in tariffs are now the subject of public hearings held by the U.S. Trade Representative in Washington. If Mr. Trump and Mr. Xi fail to get talks restarted in Japan, those levies could be imposed as early as next month.\n\nOn Monday, the first day of the hearings, 47 of the 50 speakers asked that their industry be spared the tariffs; only two business representatives spoke in support of the Trump administration’s plan.\n\nWell-known brands like Best Buy Co., Roku Inc., iRobot Corp., Kenneth Cole Productions Inc., American Standard and New Balance Athletics Inc. had executives speak at the hearings in opposition to the tariffs, along with other representatives of other makers of clothing and apparel, footwear, electronics, plumbing equipment, lighting, retailers and sporting goods.\n\nLingling Wei and Charles Hutzler in Beijing contributed to this article.\n\nWrite to Vivian Salama at vivian.salama@wsj.com, William Mauldin at william.mauldin@wsj.com and Josh Zumbrun at Josh.Zumbrun@wsj.com",
    "published": "2019-06-19"
  },
  {
    "source": "WSJ",
    "title": "The Trump Tweet and the Draghi Euro",
    "summary": "Devaluation isn’t saving the eurozone and won’t work for the U.S.",
    "link": "https://www.wsj.com/articles/the-trump-tweet-and-the-draghi-euro-11560899422?mod=Searchresults_pos11&page=65",
    "content": "It happens to the best from time to time: Mario Draghi on Tuesday found himself on the receiving end of President Trump ’s latest Twitter missile. Mr. Trump accused the European Central Bank chief of waging a new currency war, and in characteristic fashion for a Trump tweet both sides are wrong.\n\nMr. Trump’s latest detonation on monetary policy came after Mr. Draghi promised in a speech that the ECB could continue to stimulate the eurozone economy if it needs to. The confirmation that the ECB is contemplating a dovish turn in the waning days of Mr. Draghi’s term in office sent the value of one euro 0.5% lower, to below $1.12. European stocks jumped as bond yields fell. Mr. Trump says this rapid currency depreciation makes it “unfairly easier for them to compete against the USA.”\n\nMr. Draghi should understand that Mr. Trump’s real target is Chairman Jay Powell of the Federal Reserve, whose Open Market Committee is meeting this week. He wants Mr. Powell to cut U.S. interest rates. The President’s complaint is also a bit rich considering that one of the main economic threats to which Mr. Draghi is responding is Mr. Trump’s multifront tariff offensive.\n\nThe ECB is also in a bind amid signals the Fed could cut rates this week or later this year. All modern central bankers find themselves trying to manage unconventional monetary policies with no road map and no international coordination. Pardon Mr. Draghi for hinting at a desire not to fall any further out of sync with the Fed than he already is.\n\nBut it’s also true that euro depreciation has been a clear if unstated goal of Mr. Draghi’s policies for years. Starting at around $1.40 in 2014, the euro fell to around $1.05 by the end of 2015 as Mr. Draghi introduced his version of quantitative easing (QE), and has settled around $1.12 recently.\n\nLoading tweet...\n\nThe hope seems to have been that a weaker euro might stimulate some import-price inflation while giving European exporters a boost that would make domestic economic reforms politically easier. Neither has happened. Import prices never rose enough to produce the almost-2% inflation the ECB targets, while any export boost flowed mainly to economies such as Germany’s that needed the help the least. Substantive reforms never materialized, except belatedly and still inadequately in France.\n\nA 2018 working paper by Berkeley professor Andrew Rose examined unconventional monetary policy of the kind practiced by the EU and the Fed and found they didn’t increase exports. “Countries using quantitative easing and/or negative nominal interest rates simply did not experience export booms,” Mr. Rose wrote for the National Bureau of Economic Research.\n\nThe Trump warning to Mr. Draghi and his successor is nonetheless that Washington will look askance at further attempts at competitive devaluation on the not-so-sly. Not that it will matter, since it’s not obvious Mr. Draghi’s successor will be able to follow the Draghi playbook anyway.\n\nMr. Draghi so far has played coy over what additional accommodations the ECB could offer, in part because the menu is short. He could reduce the ECB’s policy rates further, although the rate on bank reserves already is a profit-killing negative 0.4%. Outright lending subsidies via various TLTRO (don’t ask what it stands for) programs have failed to yield the desired economic stimulus.\n\nInvestors are clamoring for a resumption of the ECB’s asset purchases, or quantitative easing, which stopped in December. But doing so will drag the ECB into a new political minefield since it’s already approaching its self-imposed limit of owning no more than 33% of debt issued by any country. Lifting that cap will trigger new objections from long-time QE critics especially in Germany, and potentially push the ECB into messy political and legal fights as a significant minority owner of various debt securities.\n\nThat leaves Mr. Draghi for now to do what he did on Tuesday—try to talk up the markets, talk down the euro, and talk past the practical limitations facing the ECB. But there are limits to this strategy, as Mr. Draghi has always been the first to warn. Domestic reforms to revive labor and product markets and stimulate business investment have been the missing ingredient in Europe’s economy for decades. Without them, Europe is struggling to achieve sustained growth at any exchange rate.\n\nMr. Trump is right that the eurozone has attempted a competitive devaluation as a substitute for hard reforms, but he’s wrong to think it’s working for Europe. He’s also wrong to think it would work for the United States.",
    "published": "2019-06-19"
  },
  {
    "source": "WSJ",
    "title": "Trump Suggests He Could Consider Demoting Powell, Criticizes Draghi; What to Watch at Fed Meeting",
    "summary": "Good day. As Federal Reserve officials gathered to decide what to do with interest rates, President Trump suggested he could consider demoting Fed Chairman Jerome Powell. The central bank wraps up its two-day meeting today, and Mr. Powell will address the media following the release of the Fed’s rate decision and updated economic projections. Mr. Trump on Tuesday also criticized European Central Bank chief Mario Draghi for signaling a possible rate cut, as monetary policy makers around the world have turned toward easing amid concerns about slowing economic growth.",
    "link": "https://www.wsj.com/articles/trump-suggests-he-could-consider-demoting-powell-criticizes-draghi-what-to-watch-at-fed-meeting-11560947752?mod=Searchresults_pos9&page=69",
    "content": "Good day. As Federal Reserve officials gathered to decide what to do with interest rates, President Trump suggested he could consider demoting Fed Chairman Jerome Powell. The central bank wraps up its two-day meeting today, and Mr. Powell will address the media following the release of the Fed’s rate decision and updated economic projections. Mr. Trump on Tuesday also criticized European Central Bank chief Mario Draghi for signaling a possible rate cut, as monetary policy makers around the world have turned toward easing amid concerns about slowing economic growth.\n\nNow on to today’s news and analysis.",
    "published": "2019-06-19"
  },
  {
    "source": "WSJ",
    "title": "U.S. Steel to Idle Two Furnaces as Demand Falls",
    "summary": "Manufacturers are buying less metal; flooding also has slowed steel deliveries",
    "link": "https://www.wsj.com/articles/u-s-steel-to-idle-two-furnaces-as-demand-falls-11560900740?mod=Searchresults_pos9&page=27",
    "content": "Steel workers returned to the U.S. Steel mill in Granite City, Ill., in May 2018 when the facility was reactivated.\n\nUnited States Steel Corp. X -0.21 %decrease; red down pointing triangle said it will cut production by idling two blast furnaces in response to falling demand for steel from a weakening manufacturing sector.\n\nThe company will take one furnace off line at its flagship mill in Gary, Ind., and another at its mill in Ecorse, Mich. The latter was idled recently for maintenance work and won’t be returned to service when the work is completed.\n\nU.S. Steel and rivals Nucor Corp. NUE 0.09 %increase; green up pointing triangle and Steel Dynamics STLD -1.24 %decrease; red down pointing triangle Inc have all issued downbeat guidance for second-quarter profit this week, citing weaker-than-expected demand for steel. Production of cars and farm equipment have slipped recently and U.S. manufacturing output fell in three of the first five months of this year.\n\n“Market conditions have softened,” U.S. Steel said on Tuesday. “We will resume blast furnace production at one or both idled furnaces when market conditions improve.”\n\nThe company restarted two blast furnaces at its Granite City Works near St. Louis last year after the Trump administration imposed tariffs on imported steel. The duty allowed domestic producers to raise prices, but falling demand for steel has blunted the benefit of the tariff in recent months.\n\nU.S. Steel is among the highest-cost producers of steel in the U.S., making the company more vulnerable to falling prices. The benchmark price of hot-rolled coiled sheet steel in the U.S. has dropped by more than 35% since approaching a decade high last summer. Hot-rolled steel on Tuesday was at $533 a ton, according to S&P Global Platts’s price assessment.\n\nThe moves will lower the company’s monthly production of steel by 200,000 tons to 225,000 tons starting in July, U.S. Steel said. If the two furnaces remain idle for the remainder of the year, the company said steel shipments would total about 11 million tons. That compares with an earlier forecast of 11.5 million tons, which took into account planned furnace outages for maintenance. Over 12 months, idling the two furnaces would reduce production by about 2.5 million tons, or about 15% of the company’s total steelmaking capacity, according to analysts.\n\nU.S. Steel said it expects to earn about 40 cents a share for the quarter ending this month. Analysts had been expecting 51 cents a share in profit. The company said its bottom line is being weighed down by costs to repair a coal coking plant near Pittsburgh following a Christmas Eve fire.\n\nAnother fire at that plant this week knocked out pollution controls there, prompting a flood of complaints about foul smells and warnings to limit outdoor activity.\n\nU.S. Steel’s shipments in the second quarter also will be reduced by flooding along the Mississippi River and in the Southern U.S. that has restricted river-barge traffic.\n\nThe cost of home renovations could rise by thousands of dollars thanks to the increase in U.S. tariffs on Chinese goods. WSJ’s Jason Bellini takes a look at how consumers will be affected. Photo: Angus Mordant/Bloomberg\n\nWrite to Bob Tita at robert.tita@wsj.com",
    "published": "2019-06-19"
  },
  {
    "source": "WSJ",
    "title": "What’s News: World-Wide",
    "summary": "This copy is for your personal, non-commercial use only. Distribution and use of this material are governed by our Subscriber Agreement and by copyright law. For non-personal use or to order multiple copies, please contact Dow Jones Reprints at 1-800-843-0008 or visit www.djreprints.com.",
    "link": "https://www.wsj.com/articles/whats-news-world-wide-11560917139?mod=Searchresults_pos15&page=35",
    "content": "This copy is for your personal, non-commercial use only. Distribution and use of this material are governed by our Subscriber Agreement and by copyright law. For non-personal use or to order multiple copies, please contact Dow Jones Reprints at 1-800-843-0008 or visit www.djreprints.com.\n\nhttps://www.wsj.com/articles/whats-news-world-wide-11560917139",
    "published": "2019-06-19"
  },
  {
    "source": "WSJ",
    "title": "A Connecticut Tax Story",
    "summary": "A rate increase yielded less revenue than the state paid in subsidies.",
    "link": "https://www.wsj.com/articles/a-connecticut-tax-story-11560899349?mod=Searchresults_pos20&page=4",
    "content": "The United Technology headquarters in Farmington, Conn., June 10. Photo: Pat Eaton-Robb/Associated Press\n\nUnited Technologies last week announced plans as part of its merger with Raytheon to relocate its headquarters to Boston from Farmington, Connecticut. CEO Greg Hayes says the move isn’t motivated by taxes. But as a new study documents, more businesses are leaving Connecticut as they get walloped with higher taxes that are bleeding the state.\n\nDemocrats in 2015 imposed a 20% surtax on top of the state’s 7.5% corporate rate, effectively raising the tax rate to 9%. They also increased the top income tax rate to 6.99% from 6.7% on individuals earning more than $500,000. The state estimated the corporate tax hike would raise $481 million over two years, but revenue increased by merely $323 million—$161 million a year—according to a new Yankee Institute report.",
    "published": "2019-06-19"
  },
  {
    "source": "WSJ",
    "title": "Blackstone’s Schwarzman Gives Oxford Record Gift of $188 Million",
    "summary": "U.K. school to create humanities center, institute focused on ethical uses of artificial intelligence",
    "link": "https://www.wsj.com/articles/blackstones-schwarzman-gives-oxford-record-gift-of-188-million-11560898800?mod=Searchresults_pos13&page=11",
    "content": "Stephen Schwarzman , the billionaire co-founder of the Blackstone Group, is giving £150 million ($188 million) to the University of Oxford to create a center for the humanities, which he hopes will help steer the ethical adoption of artificial intelligence.\n\nIt is believed to be the largest single gift to Oxford since the Renaissance, a spokesman for the school said.\n\nMegagifts are less common in the U.K., than the U.S., partly because of different tax structures. U.S. donors can make tax-deductible gifts to some U.K. universities through their charitable arms in the U.S. In the 2017-2018 academic year, Oxford brought in £157 million through fundraising. The school’s operating budget is £2.2 billion.\n\nTwo years ago, Mr. Schwarzman , 72 years old, gave $350 million to the Massachusetts Institute of Technology to create a college of computing focused on the development of AI.\n\nAt Oxford, the new humanities center, to be dubbed the Schwarzman Centre, will be home to Oxford’s new Institute for Ethics in AI.\n\nAs he walked in the rain in Oxford during a cellphone conversation on Tuesday, Mr. Schwarzman said he intends for this latest gift to help create an ethical framework so that the rollout of AI over the next five to 10 years limits the disorder to society.\n\n“If we don’t get this right, in all probability, we will have much higher levels of disruption from the technologies, which would include higher levels of unemployment,” he said. “The number of displaced people could dramatically exceed the number of jobs created.”\n\nMr. Schwarzman characterized Oxford University as having helped create the “core value system for Western democracies” over the school’s nearly 1,000-year history of teaching the humanities. The money will be used to create a dedicated hub that will include a performing arts and exhibition center. Oxford’s humanities programs, which have long been scattered across the school, include English, history, linguistics, philology and phonetics, medieval and modern languages, music, philosophy, theology and religion.\n\nThe rollout of the internet generated more negative consequences than were generally anticipated at its inception, Mr. Schwarzman said. He believes the adoption of artificial intelligence could bring even more far-reaching consequences.\n\n“We are going to have to figure out as humans what is important to us in a world where much will be possible but may come at a cost,\" he said.\n\nWrite to Douglas Belkin at doug.belkin@wsj.com",
    "published": "2019-06-19"
  },
  {
    "source": "WSJ",
    "title": "House Democrats Unveil Tax-Break Extensions",
    "summary": "Democrats pair business tax incentives with bill focused on family tax breaks",
    "link": "https://www.wsj.com/articles/house-democrats-unveil-tax-break-extensions-11560875778?mod=Searchresults_pos16&page=13",
    "content": "The proposed legislation would reinstate some tax breaks that expired at the end of 2017—and extend others slated to expire in 2019.\n\nWASHINGTON—House Democrats are proposing to extend dozens of lapsed and expiring tax breaks through the end of 2020, releasing legislation that will mark the beginning of what’s likely to be a monthslong negotiation with Senate Republicans and the Trump administration.\n\nThe bill, unveiled Tuesday and set for a Ways and Means Committee vote on Thursday, would revive tax breaks that expired at the end of 2017, including incentives for biodiesel production and a tax credit for maintenance work by short-line railroads. The measure would also continue breaks for alcohol producers and companies that provide family leave, both of which were created in the 2017 tax law and are set to lapse at the end of 2019.\n\nDemocrats also want to extend an expanded deduction for medical expenses and a tax credit for employers that hire workers from disadvantaged groups. They’re also offering a companion bill that would achieve some of their policy priorities, including expanded assistance for low-income families and childless workers.\n\nThe so-called extenders have long been controversial in Congress, with conservatives and liberals both frustrated that the grab bag of temporary, targeted tax breaks that manage to survive. Over the years, Congress has culled some breaks and made some permanent—leaving a rump collection, each with its own constituency and just enough clout as a group to continue.\n\nThe extenders bill is unlikely to become law as written, in part because it accelerates the expiration of estate-tax cuts from the end of 2025 to the end of 2022. The 2017 tax law roughly doubled the per-person exemption from the estate tax, which is now $11.4 million.\n\nNewsletter Sign-up WSJ Politics & Policy Scoops, analysis and insights driving Washington from the WSJ's D.C. bureau. Preview Subscribed\n\nSenate Finance Chairman Charles Grassley (R., Iowa) and Rep. Kevin Brady (R., Texas), top Republican on the Ways and Means Committee, issued a joint statement last week opposing an estate-tax change and a potential corporate tax increase when reports of the possible Democratic plans surfaced.\n\n“Raising taxes on American families and businesses would throw a wrench in this historically strong economy and destroy an untold number of jobs across the country,” they said.\n\nAlong with the extenders bill, Democrats plan to vote on a companion measure that contains a number of the party’s priorities. That legislation would make the $2,000 child-tax credit fully refundable for 2019 and 2020, helping very low-income families that now can’t get the full benefit of that break because only $1,400, at most, is refundable.\n\nBoth measures may become part of the broader negotiations now starting in Congress about appropriations for the 2020 fiscal year and the debt limit.\n\nThat second bill would also increase the earned-income tax credit for childless workers and boost tax incentives for child-care costs.\n\nIn addition, the second bill would eliminate a tax on nonprofits that was created in the 2017 tax law. That provision requires nonprofits to pay a 21% tax on the value of certain parking and transit benefits that they provide to workers.\n\n“Unlike the Republican tax law, this substantial legislation’s primary aim is to help workers and struggling families get ahead,” Rep. Richard Neal (D., Mass), the Ways and Means chairman, said in a statement. “We must seize this opportunity to combat poverty and provide real relief for folks who are barely getting by.”\n\nNow that the new tax law is in place, your deductions and refunds may not look the same as last year. WSJ's Richard Rubin gives us the scoop on what's changed, and how your return could be sweeter (or less sweet) than years past.\n\nWrite to Richard Rubin at richard.rubin@wsj.com",
    "published": "2019-06-19"
  },
  {
    "source": "WSJ",
    "title": "Trump Administration Weighs Further Boost to Ethanol",
    "summary": "Policy changes could include fewer exemptions to mandates, helping farmers stung by China tariffs",
    "link": "https://www.wsj.com/articles/trump-administration-weighs-further-boost-to-ethanol-11560857764?mod=Searchresults_pos17&page=53",
    "content": "The Trump administration is looking to make further changes to ethanol rules after the president heard from farmers during a recent trip to Iowa that an initiative to boost sales of the corn-based fuel additive didn’t go far enough, according to people familiar with the matter.\n\nPossible remedies could include limiting waivers that help small oil refiners get around mandates that they blend plant-based fuels into gasoline and diesel, these people said. They cautioned that no decisions have been made.\n\nThe Environmental Protection Agency on May 31 approved sales of gasoline with a 15% ethanol content year-round, instead of just eight months a year. The action drew fire from oil refiners, which don’t like the ethanol mandate because it can make their costs higher or more volatile, putting Mr. Trump in a tough political spot between energy and farm interests, two powerful business constituencies of his Republican Party.\n\nThe removal of the summer ethanol ban also was criticized by environmentalists who point to studies that suggest burning more ethanol can worsen air pollution during the heavy driving season.\n\nSo far, the plan has failed to fully satisfy farmers in Iowa and elsewhere who are hoping to sell more corn for ethanol to make up for sales lost to China amid the administration’s continued trade standoff. Last week, Mr. Trump visited an ethanol plant in Council Bluffs, Iowa, where two farmers told him the administration’s decision to expand ethanol sales year-round wouldn’t mean much as long as his administration continued to grant exemptions to small refiners from ethanol mandates.\n\n“The EPA’s oil-refinery waivers threaten to undo your good works,” said Kevin Ross, a farmer who serves on the Corn Board of the National Corn Growers Association. “I ask that you listen again because the pain that the ethanol and biodiesel industries have endured is holding back a farm economy that has further capacity.”\n\nFarmers have been hard-hit by China’s retaliatory tariffs, creating a potential trouble spot for Mr. Trump as he seeks re-election next year. Although the Republican president carried Iowa, Democratic President Obama had carried it twice, and Mr. Trump has often staked his success in Iowa to support for ethanol.\n\nSen. Deb Fischer (R., Neb.), who was on the trip with the president, said farmers were thankful but wanted to convince the administration the waivers for small refiners are a big deal.\n\n“It’s very important that we make that the next step now so that the EPA is held accountable. It hasn’t always happened in the past,” Ms. Fischer said in an interview. “That affects family farms’ livelihoods.”\n\nTrade fights and heavy flooding are hurting American farmers. WSJ's Gerald F. Seib explains why that could become a political issue for President Trump's 2020 campaign. Photo: AP\n\nSen. Joni Ernst (R., Iowa) added that the EPA in recent years “has had a harmful habit of passing out these waivers left and right, to refineries big and small. That’s got to stop.” She has spoken recently with Mr. Trump directly about the issue.\n\nMany refiners would likely consider any moves to reduce the number or size of waivers from ethanol mandates as illegal, saying such a move would undermine their best safety valve to fight rising costs, said Scott Segal , a partner at Bracewell LLP, which has long lobbied for the refining industry.\n\nMr. Trump was surprised the expansion of ethanol sales year-round hadn’t satisfied farmers, according to the people familiar with the matter. After Air Force One returned from the Iowa trip, Mr. Trump directed EPA Administrator Andrew Wheeler and Agriculture Secretary Sonny Perdue to come up with a new plan, leaving the details to them, these people said.\n\nThe White House declined to comment, and Mr. Perdue’s staff didn’t respond to requests for comment.\n\nMichael Abboud , an EPA spokesman, declined to discuss any directives from the president but said the agency follows the law and guidance from Congress, the Energy Department and the courts when deciding on the waivers.\n\nA 2005 law requires refineries to blend about 10% plant-based ethanol into the fuel they produce, or buy credits from rivals to cover their blending obligations. Small refineries with less than 75,000 barrels a day of capacity—even if owned by a large company—can get a waiver from that requirement if they prove the mandates are causing “disproportionate economic hardship,” according to the EPA.\n\nCongress created the mandate hoping to wean the U.S. from foreign crude in the years before the advent of new drilling techniques unexpectedly led to a historic rise in U.S. oil production. The energy industry now says they amount to a subsidy for farmers. Fueled by the mandate, ethanol now accounts for nearly 40% of U.S. corn sales.\n\nSmall refiners that qualify for exemptions receive credits from the government that they can trade on a market. Qualifiers have increased fivefold during Mr. Trump’s presidency, up to 35 last year for their obligations from the year prior, according to the EPA website.\n\nSen. Fischer and Sen. Tammy Duckworth (D., Ill.) proposed legislation last week that would require larger refiners to pick up any slack and buy more ethanol to cover lost sales tied to waivers.\n\n“Ethanol has been the single biggest growth market for corn farmers, and [biodiesel] for soybean farmers as well,” said Geoff Cooper , chief executive of the Renewable Fuels Association, an ethanol-advocacy group. “To see…a loss of that demand is a big deal and very concerning for farmers.”\n\nWrite to Timothy Puko at tim.puko@wsj.com and Alex Leary at alex.leary@wsj.com",
    "published": "2019-06-19"
  },
  {
    "source": "WSJ",
    "title": "Real Time Economics: Trump Eases Tensions with China, Ratchets Up Pressure on Fed",
    "summary": "This is the web version of the WSJ’s newsletter on the economy. You can sign up for daily delivery here.",
    "link": "https://www.wsj.com/articles/real-time-economics-trump-eases-tensions-with-china-ratchets-up-pressure-on-fed-01560941497?mod=Searchresults_pos20&page=44",
    "content": "This is the web version of the WSJ’s newsletter on the economy. You can sign up for daily delivery here.\n\nIt's Fed day! The central bank is under unusal pressure as it considers cutting rates, U.S.-China trade talks are back on track and American employers are getting stingier with bonuses. Good morning. Jeff Sparshott here to take you through key developments in the global economy. Send us your questions, comments and suggestions by replying to this email.\n\nTrump and Xi to Meet\n\nPresident Trump and Chinese President Xi Jinping agreed to meet in Japan next week, lifting financial markets and spurring hopes for a trade truce, Vivian Salama, William Mauldin and Josh Zumbrun report. Both sides are under pressure to get back to the bargaining table.\n\nThe Trump administration’s plan to levy new tariffs on $300 billion in Chinese goods has generated stiffer resistance than the introduction of previous duties.\n\nplan to levy new tariffs on $300 billion in Chinese goods has generated stiffer resistance than the introduction of previous duties. China has said it is in no haste to make a deal. Even so, its economy is weakening and economists say the trade conflict is sapping domestic demand and investor confidence.\n\nit is in no haste to make a deal. Even so, its economy is weakening and economists say the trade conflict is sapping domestic demand and investor confidence. Big hurdles remain before the sides can restart formal talks or clinch a possible deal. Washington wants Beijing to commit to changing laws and economic policies, and also wants to phase out punitive tariffs over time to ensure Beijing follows through on pledges.\n\nbefore the sides can restart formal talks or clinch a possible deal. Washington wants Beijing to commit to changing laws and economic policies, and also wants to phase out punitive tariffs over time to ensure Beijing follows through on pledges. Chinese officials want the tariffs lifted at the time a deal is signed and are reluctant to accede to U.S. demands that a deal spell out changes to laws and regulations.\n\nWHAT TO WATCH TODAY\n\nEuropean Central Bank President Mario Draghi gives closing remarks at the ECB's central banking forum in Sintra, Portugal, at 10:00 a.m. ET.\n\nThe Federal Reserve releases a policy statement at 2 p.m. ET and Chairman Jerome Powell holds a press conference at 2:30 p.m. ET.\n\nTOP STORIES\n\nUnder Pressure\n\nFederal Reserve officials wrap up their two-day policy meeting this afternoon. They're under unusual pressure right now. First, markets increasingly expect them to lower interest rates more than once this year. Second, President Trump has repeatedly called on the central bank to cut rates, meaning any decision could be viewed by the markets through a political lens, Nick Timiraos reports.\n\nThe argument for leaving rates unchanged : Even though global growth has weakened, the U.S. economy still looks relatively resilient. Trade tensions have clouded the outlook but they could resolve themselves in the weeks ahead. If the outlook worsens, the Fed could cut rates when it next meets in July.\n\n: Even though global growth has weakened, the U.S. economy still looks relatively resilient. Trade tensions have clouded the outlook but they could resolve themselves in the weeks ahead. If the outlook worsens, the Fed could cut rates when it next meets in July. The argument for cutting interest ratesnow: Why wait? If officials think the outlook is making a July rate cut more likely, they may see a bigger boost to the economy from moving now, when markets aren’t expecting it.\n\nTrump Rebukes…\n\nJerome Powell: President Trump suggested he could consider demoting the Fed chairman. Bloomberg News reported that, in February, the White House Counsel’s Office weighed the legality of stripping Mr. Powell of his chairmanship but leaving him on the Fed’s board of governors—comments the president echoed on Tuesday.\n\nMario Draghi: President Trump wants the Fed to cut rates. But not the European Central Bank. “Mario Draghi just announced more stimulus could come, which immediately dropped the Euro against the Dollar, making it unfairly easier for them to compete against the USA,” Mr. Trump tweeted soon after Mr. Draghi, the ECB's president, signaled the bank could roll out fresh stimulus as soon as July.\n\nWhat Does the Data Say\n\nThe U.S. isn’t in a recession and odds are there won’t be one soon. The Atlanta Fed's closely-watched GDPNow model is tracking second-quarter growth at 2%—just last month it was an anemic 1.2%. Solid consumer spending is helping offset soft spots elsewhere in the economy.\n\nFed economist Claudia Sahm recently unveiled a model that since 1970 has accurately flashed a bright-red warning signal early into a downturn. It's not even close to suggesting we're entering a recession.\n\nBut U.S. payrolls softened in May, U.S. factory output is down over the first five months of the year, the housing market is in a rut, trade tensions are weighing on global growth and the Fed keeps falling short of its inflation target. Investors have noticed. New York Fed researchers use the difference between 10-year and 3-month Treasury rates to calculate the probability of a recession twelve months ahead. The figure is elevated.\n\nWhat to Expect When You’re Expecting a Rate Cut\n\n“Powell needs to signal that the Fed will ease if needed, but he shouldn’t commit to it.” —Maria Cosma, Moody's Analytics\n\n“The overall message from the Fed will remain dovish, leaving the door open for a rate cut in the not-too-distant future.” —Kevin Cummins and Michelle Girard, NatWest\n\n“The outcome of this week's meeting should open the door for policy-easing as soon as July, and we now anticipate the Fed will ultimately cut three times this year.” —Justin Weidner, Deutsche Bank Securities\n\n“While we don’t expect any Fed easing this week, we have changed our forecast to include two 25-basis-point cuts in the funds rate in the second half of this year.” —Jim O’Sullivan, High Frequency Economics\n\n“Escalating trade tensions won’t be enough for the Fed to send a strong signal for a rate cut in July.” —Charlie Ripley, Allianz Investment Management\n\n“While the Fed may ease policy if economic conditions worsen, we believe the market is wrong on the timing and magnitude of any rate cuts.” —Mark Haefele, UBS\n\nJust Once\n\nA boom in employee bonuses handed out by some companies in the wake of the 2017 Republican tax cut proved to be temporary. Private-sector companies’ spending on nonproduction bonuses fell 24% in the first quarter of 2019 from a year earlier, the largest decrease for the category of benefit costs on record back to 2005. Those payments jumped in late 2017 and early 2018 after Congress approved its package of tax cuts, Eric Morath reports.\n\nWhat Else We’re Following\n\nJapan’s exports tumbled for the sixth straight month in May, hit by a sharp drop in shipments of chip-making tools and automobile parts. Rising global economic uncertainty, and the broad slowdown in the global economy is hurting exporters of precision equipment. Exports to China, Japan’s biggest trading partner, fell almost 10% year-over-year.\n\nPresident Emmanuel Macron is preparing to cut the country’s unemployment benefits. Mr. Macron is seizing on a collapse in public support for the yellow-vest protest movement, which paralyzed his administration when it began late last year.\n\nBoeing won a landmark 737 MAX order from British Airways parent IAG. IAG said at the Paris Air Show it had signed a letter of intent for up to 200 Boeing 737 MAX planes. The deal ends a sales drought and is the biggest vote of confidence in the beleaguered plane since its grounding more than three months ago. It could also offer a small boost for the economy—aircraft sales show up in data such as durable goods orders and exports.\n\nWHAT ELSE WE’RE READING\n\nMaybe GDP is the wrong way to measure an economy. \"Last month, [New Zealand] released its first 'Wellbeing Budget.' Contra most national spending plans, the goal of the coming year’s appropriations is not to boost gross domestic product but to increase the happiness of the country’s citizens. In the next fiscal year, all of New Zealand’s noncore spending must be oriented toward five well-being goals: improving mental health, reducing child poverty, supporting indigenous people, transitioning to a low-emissions economy and thriving in a digital age,\" Christine Emba writes at the Washington Post.\n\nIt's not millennials who are spending more and more time on screens. \"Screen time has increased for those in their 60s, 70s, 80s and beyond, and the rise is apparent across genders and education levels. Meanwhile, the time that these older adults spend on other recreational activities, such as reading or socializing, has ticked down slightly,\" Gretchen Livingston writes for the Pew Research Center.\n\nSign Up for Our Calendar\n\nReal Time Economics has launched a downloadable Google calendar with concise previews, forecasts and analysis of major U.S. data releases.\n\nTo add to your Google Calendar on desktop, click here.\n\nTo add to your Google calendar app on mobile, click here.\n\nIf you prefer to view the calendar using a web browser, with the option of adding select Real Time Economics entries to your calendar, click here.\n\nAnd here's our how-to.\n\nLet us know what you think. This is a pilot project, so we’d appreciate your feedback.",
    "published": "2019-06-19"
  },
  {
    "source": "WSJ",
    "title": "Harley-Davidson Finds Partner to Make Small Motorcycles in China",
    "summary": "Company seeks to build and sell more bikes overseas as U.S. customers age",
    "link": "https://www.wsj.com/articles/harley-davidson-finds-partner-to-make-small-motorcycles-in-china-11560940020?mod=Searchresults_pos1&page=58",
    "content": "Harley-Davidson motorcycles on display last June at a dealership in Revere, Mass. Moving production of some smaller bikes offshore has drawn criticism from union leaders and President Trump.\n\nHarley-Davidson Inc. HOG -0.33 %decrease; red down pointing triangle is partnering with a manufacturer in China to make its smallest bike in decades for that fast-growing market, extending a strategy to build more motorcycles outside the U.S.\n\nHarley wants to sell half its bikes abroad by 2027, up from 42% in 2018, as domestic Hog sales to a shrinking base of aging customers continue to decline.\n\nThe push overseas carries its own risks. The fastest-growing sales there are for smaller bikes in developing markets that sell for much less than the $25,000 black-and-orange machines coveted by American riders.\n\nMoving production of some of those smaller bikes nearer the markets where they are sold has drawn criticism from union leaders and President Trump that Harley is giving up on U.S. manufacturing.\n\nHarley has said that it intends to continue making all motorcycles sold in the U.S. domestically.\n\nArtist’s rendering of a Harley motorcycle that will be made in China. Photo: HARLEY DAVIDSON\n\nHarley said Wednesday that the new bike will be manufactured by Qianjiang Motorcycle Co. and have an engine displacement of 338 cubic centimeters. Most motorcycles sold in the U.S. have engines of 601 cubic centimeters or more, according to Harley.\n\nThe new offering will be the only Harley-branded bike not made at its own facilities. The Milwaukee-based manufacturer said that despite the small size, the bike will be a premium product in China that looks and sounds unmistakably like a Harley. It is due to make its debut by the end of 2020.\n\nQianjiang is majority-controlled by Geely, a Chinese company that owns the Volvo brand of cars and has a significant stake in Daimler AG, the parent company of Mercedes.\n\nHarley said it chose Qianjiang as its local partner because of its experience producing small motorcycles and knowledge of emerging markets.\n\nHarley said last June it would move more motorcycle production overseas to avoid European Union duties applied in response to Trump administration tariffs on foreign steel and aluminum. The company said bikes sold in Europe would be produced at its Thailand facility. The company still plans also to make bikes at that factory for sale in China and other Asian countries.\n\n“We see tremendous long-term opportunity in China,” Chief Executive Matt Levatich said on a call with analysts in January.\n\nHarley said last year that it expects industry-wide sales of smaller bikes in Asia to grow 6% a year between 2017 and 2022, while it expects sales of many types of motorcycles in the U.S. to decline over that period. Still, Harley hopes to find new riders in the U.S., with dozens of new models scheduled to debut through 2027 including its first electric bike.\n\nThe company is relying more on its financing arm to underpin sales to new riders. Nearly two-thirds of its new-bike sales in the U.S. are now financed through its loan arm.\n\nWrite to Austen Hufford at austen.hufford@wsj.com",
    "published": "2019-06-19"
  },
  {
    "source": "WSJ",
    "title": "Lighthizer Plans Call With Chinese Counterpart Ahead of Trump-Xi Talks",
    "summary": "Meeting between President Trump, Chinese President Xi comes after six weeks of deteriorating trade relations",
    "link": "https://www.wsj.com/articles/lighthizer-plans-call-with-chinese-counterpart-ahead-of-trump-xi-talks-11560955328?mod=Searchresults_pos12&page=54",
    "content": "U.S. Trade Representative Robert Lighthizer speaking, with President Trump beside him, at the White House on Oct. 1, 2018, in Washington. Photo: Kevin Lamarque/REUTERS\n\nWASHINGTON—President Trump’s top trade negotiator said he plans to contact his Chinese counterpart as the Trump administration gears up for a high-level meeting next week to chart a path forward in the two nations’ trade dispute.\n\nRobert Lighthizer , the U.S. trade representative, told lawmakers on Wednesday that in the next day and a half, he would speak by phone a Chinese official, later identified as Chinese Vice Premier Liu He.",
    "published": "2019-06-19"
  }
]