[
  {
    "source": "WSJ",
    "title": "Europe Gets Caught in the U.S.-China Crossfire",
    "summary": "Heavily reliant on exports, eurozone economies have been hurt by dwindling global trade flows",
    "link": "https://www.wsj.com/articles/europe-gets-caught-in-the-u-s-china-crossfire-11563980001?mod=Searchresults_pos1&page=82",
    "content": "Europe’s export engine is losing steam. That worries Mario Draghi.\n\nMr. Draghi, president of the European Central Bank, is expected to announce on Thursday that fresh monetary stimulus is on its way, seeking to offset a downturn in world trade that has quieted the eurozone’s factories. ECB officials as recently as December believed such measures would no longer be needed.\n\nThe central bankers’ change of heart reflects a weakness in the eurozone’s economy: It depends heavily on trade for growth, meaning events far from its borders hold a disproportionate sway on its prospects.\n\nToday, Europe is emerging as a big loser from trade tensions between the U.S. and China, which are compounding a wider slowdown in global trade. Even though European companies might seem out of the line of fire, they are suffering from a lull in their own exports to China as that country’s manufacturing base curbs investments. And their customers elsewhere are flashing caution lights on spending.\n\nIn a June news conference, Mr. Draghi blamed “ongoing weakness in international trade in an environment of prolonged global uncertainties” for signs of slowing growth in the eurozone.\n\n“In the past, when Europe slowed down things would pick up in the U.S. [while] China and Asia every year were growing a lot,” says Bruno Grandjean, chief executive of French machine-component maker Redex SA, which is heavily dependent on exports and expects sales this year to fall roughly 3%. “Today, the three big continents are interconnected and all three are in the same situation.”\n\nMr. Grandjean describes Redex’s experience as “a soft landing,” and the eurozone doesn’t appear to be heading for recession, at least not soon. But slowing growth is the price it must pay for its dependence on overseas demand for its goods—and for its inability to develop a more dynamic economy at home.\n\nYears of low investment and stagnant productivity, combined with policies that have fostered low-paid, insecure jobs rather than cutting-edge industries, have left Europe with an inherently slow-moving economy. Its companies have responded by looking to Asia and the U.S. for growth, which has left Europe exposed.\n\nAdvertisement\n\n“The looming downturn is mainly caused by turbulence in global trade,” German Chancellor Angela Merkel told reporters Friday. “I hope the trade talks between the U.S. and China will make progress, because it’s obvious that the German exports are connected to these events.”\n\nOver recent months, German industrial leaders including luxury auto maker Daimler AG and chemicals giant BASF SE have slashed their profit forecasts, blaming weakening global demand and trade conflicts. Markus Schön, managing director of DVAM Asset Management, said he couldn’t recall a time when German companies issued so many surprise profit warnings.\n\nStill, many European companies are doubling down on exports given weakness closer to home.\n\nMario Draghi, president of the European Central Bank, is expected to announce a stimulus plan to offset the drag on trade. Photo: Andreas Arnold/Bloomberg News\n\n“We have seen an increasingly erratic demand in Europe in the last quarters, therefore we are looking to expand our business in other areas with higher growth potential, such as China and Southeast Asia,” said Andrea Tomat, chief executive of Lotto Sport Italia SpA, a sportswear and shoes producer near Venice.\n\nWorld trade growth slowed sharply toward the end of last year, having surged in 2017 to a six-year high. It isn’t expected to recover in 2019. The World Trade Organization sees flows of goods across national borders slowing further.\n\nIt’s no coincidence that the eurozone’s best year of growth in a decade—which prompted some economists to prematurely hail a “euroboom”—accompanied the 2017 trade burst. In that year alone, exports to China from German mechanical engineering companies, which supply machinery, equipment and other products, rose 23%.\n\nAdvertisement\n\nGermany was an early mover into China as its economy opened four decades ago. Volkswagen AG in 1985 started building cars in Shanghai. German manufacturers salivated over China’s vast market for everything from chemicals to luxury cars, and in particular for industrial equipment to fill the country’s factories. German exports to China exploded from less than $10 billion in 2000 to over $100 billion last year.\n\nThe flip side of that surge is the chill that spreads across the eurozone economy when trade flows languish.\n\n“Europe’s reliance on trade is extraordinary,” says Ashoka Mody, a Princeton University economics professor and former International Monetary Fund official. “It’s an almost ironclad law: When world trade growth slows, Europe’s growth in the next year slows.”\n\nNowhere is reliance on trade heavier than Germany, Europe’s largest economy and its largest exporter by an even greater margin.\n\nEarly last year its economy, which Ms. Merkel had adroitly steered through the financial crisis and Europe’s protracted struggles with high debts and weak banks, looked like one of the world’s strongest. It boasted one of the globe’s lowest unemployment rates and a growing government budget surplus.\n\nAdvertisement\n\nShare Your Thoughts Have you or your business been affected by U.S.-China trade tensions? If so, how? Join the conversation below.\n\nBut by year-end, the German economy had only narrowly avoided slipping into recession. In the three months through June, the economy probably did shrink due to waning exports and a weakening construction sector, the country’s central bank said Monday.\n\nGermany, more than other large developed economies, buys from and sells to the rest of the world. Economists at Bruegel, a Brussels-based research institute, estimate that the country exports $21,000 of goods and services for each of its citizens. The comparable figure for France, the eurozone’s second-largest economy, is $12,388. For the U.S., it’s $6,800.\n\nWith just one-quarter of the U.S. population, Germany accounts for roughly the same share of total world exports. The Organization for Economic Cooperation and Development estimates that more than one-fourth of German jobs rely on exports, compared with less than a 10th of U.S. jobs.\n\nAdvertisement\n\nA prototype of the Mercedes-Benz GLB concept vehicle, manufactured by Daimler AG, on display at the Auto Shanghai 2019 show. Photo: Qilai Shen/Bloomberg News\n\n“If I had a wish,” said Karl Haeusgen, supervisory board chairman of German hydraulic component developer Hawe Hydraulik SE, “I’d wish for trade conflicts to be solved because it would be a great psychological stimulus.”\n\nThe company recently slashed its growth forecast to flat to 3% for this year, compared with an initial expectation of 6% to 8%, due to Europe’s weakening economy, Mr. Haeusgen said.\n\nGerman industry leads Europe’s exports to Asia and the U.S., while surrounding European countries feed Germany’s supply chains. So when German manufacturers stumble, so do the companies across Europe that sell to them.\n\nAdvertisement\n\n“Germany has slowed down,” said Mirco Cainelli, chief executive officer at Capi Group, a component manufacturer in northern Italy. “In Italy, we feel the consequences of this slowdown, given that our manufacturing sector is strictly linked to Germany.”\n\nOne of the foundations of Germany’s export edge is that its manufacturers moved early and decisively to engage lower-cost workers in countries to its east, such as Poland and Slovakia. A chill in Germany quickly spreads.\n\n“Germany is exporting to China, and a U.S.-China trade conflict will hit Germany and so will hit neighboring countries that are part of German supply chains,” said Sergei Guriev, chief economist at the European Bank for Reconstruction and Development.\n\nAdvertisement\n\nGrowth in the 19-country eurozone is expected to barely exceed 1% annualized in the second quarter. Economists predict only modest improvement in coming quarters.\n\nWithout improved growth in Europe, the global economy will remain overly dependent on the U.S. and China to be the spenders of last resort. But the U.S. is becoming less willing, and China less consistently able, to provide the demand for consumer and investment goods that pulls other regions along.\n\nThe $13.6 trillion eurozone economy has had a good run, helping to end the long European debt crisis. Growth in 2015-2018 averaged over 2% a year, which is robust among mature economies with declining working-age populations. The eurozone even grew faster than the U.S. for two years running. Unemployment fell to 7.5%, from a crisis-era peak of 11%. ECB stimulus measures reduced financial tensions while banks digested bad loans and governments relaxed austerity policies.\n\n“We may look back on 2015-18 as a rather happy phase that’s difficult to repeat, barring a global boom,” says Adam Slater, senior economist at consulting firm Oxford Economics.\n\nEven in the good years, the experience for average Europeans has been mixed. Employment rates have increased in many countries, but the new jobs are often poorly paid and temporary. Economic pressure on households has provided fuel for antiestablishment politics, such as Italy’s 5 Star Movement or France’s “yellow-vest” street protests.\n\nAdvertisement\n\nThe eurozone, which used to have roughly balanced business with the rest of the world, now runs a current-account surplus—a broad measure of trade flows—of $400 billion a year.\n\nEurope’s trade surplus in goods with the U.S. has risen sharply over the past decade. In 2008, Europe’s sales to U.S. customers were €65.1 billion ($72.6 billion) larger than its purchases from U.S. suppliers. By 2018 that gap had increased to €139.1 billion, and figures for the first five months of this year suggest it is still widening.\n\nGermany is largely responsible for that surplus, exporting more than twice as much to the U.S. as its closest European rival, the U.K. Products that Europe sells to the U.S. are those that Germany excels at manufacturing: machinery, vehicles, and optical and medical equipment.\n\nBut that surplus has become a political target for President Trump, who has already slapped tariffs on steel and aluminum imports from Europe and is mulling whether to impose similar duties on automobiles, which are much more important for the European economy.\n\n“If there is a serious trade war, it will inevitably have an effect on the economy and lead to strong recessionary tendencies” in Europe, said Bruegel Director Guntram Wolff. “You can resist a little, but not much.”\n\nAdvertisement\n\nServices, which account for 66% of the eurozone economy and depend less on trade, continue to grow, supporting employment and keeping Europe out of recession. But Mr. Draghi last month warned that the services sector isn’t immune to contagion.\n\n“Weakening trade growth affects the manufacturing sector more than other sectors,” Mr. Draghi said in June. “The key issue is: How long can the rest of the economy be insulated from a manufacturing sector that keeps on being weak?”\n\nLoading a container ship at the harbor in Hamburg, Germany. Photo: Martin Meissner/Associated Press\n\nGiovanni Legorano, Marcus Walker, Sara Germano and Giulia Petroni contributed to this article.\n\nWrite to Paul Hannon at paul.hannon@wsj.com and Nick Kostov at Nick.Kostov@wsj.com",
    "published": "2019-07-25"
  },
  {
    "source": "WSJ",
    "title": "iRobot’s Giant Sucking Sound",
    "summary": "Roomba maker hit by tariffs just as it launches new $1,000 vacuum",
    "link": "https://www.wsj.com/articles/irobots-giant-sucking-sound-11564075784?mod=Searchresults_pos16&page=13",
    "content": "There’s perhaps no perfect time to launch a $1,000 vacuum, but there are certainly some bad ones.\n\nFor iRobot, that happened to be in the second quarter. The maker of the popular Roomba line of robot vacuums launched its latest iteration called the s9 in late May with a starting price tag of $999. Unfortunately, that is also when tariffs on goods imported from China kicked in. iRobot thus had to raise the price of its already-pricey new vac by $100 to compensate, along with similar increases across several of its other models.\n\nAn iRobot Roomba 980. Photo: handout/Reuters\n\nThose price increases had a predictable effect on the company’s performance. iRobot’s sales missed Wall Street’s forecasts for the second quarter and the company cut its full-year projection as well. The company said on a conference call Wednesday morning that the new s9 vacuums are selling “consistent with our previous expectations.” But the stock has still shed nearly 19% since the report, sending its shares close to a new 52-week low.\n\niRobot says it is working to move more production out of China, with major production in Malaysia expected to be under way by the end of the year. Supply chains don’t clean up quite as fast as pet hair.\n\nWrite to Dan Gallagher at dan.gallagher@wsj.com",
    "published": "2019-07-25"
  },
  {
    "source": "WSJ",
    "title": "Judge Temporarily Blocks Trump Administration’s Asylum Restrictions",
    "summary": "Nationwide preliminary injunction undoes earlier ruling from federal judge that allowed asylum rules to stay in place",
    "link": "https://www.wsj.com/articles/judge-allows-trump-administrations-tighter-asylum-rules-to-remain-in-effect-11563980020?mod=Searchresults_pos19&page=73",
    "content": "Central American migrants waiting on a van at the El Chaparral border crossing before being transported to a shelter in Tijuana, Mexico, in late July.\n\nA federal judge in California halted the Trump administration’s bid to cut off Central American asylum claims.\n\nThe Wednesday ruling came hours after a federal judge in Washington, D.C., had said he would allow new rules released in mid-July to remain in effect while courts weigh a legal challenge against them.\n\nU.S. District Judge Jon S. Tigar issued a nationwide preliminary injunction against the rules, which effectively force most migrants fleeing poverty and violence to lodge asylum claims in the first country to which they travel rather than at the U.S. border. The injunction goes into effect immediately.\n\nJudge Tigar, who was appointed during the Obama administration, previously blocked an earlier asylum restriction by the Trump administration in response to a challenge from the American Civil Liberties Union.\n\n“The court recognized, as it did with the first asylum ban, that the Trump administration was attempting an unlawful end run around asylum protections enacted by Congress,” said ACLU attorney Lee Gelernt.\n\nThe White House criticized the order and indicated it planned to appeal, in a statement Thursday. “The tyranny of a dysfunctional system that permits plaintiffs to forum shop in order to find a single district judge who will purport to dictate immigration policy to the entire Nation—even in the face of a contrary ruling by another federal court—must come to an end,” the statement said.\n\nA Justice Department official said that the bar on migrants lodging asylum claims in the U.S. fell well within the authority granted by Congress to the attorney general. “The district court was wrong to conclude otherwise, to second-guess the agencies’ expert policy judgment, and to halt this critical measure on a nationwide basis,” the official said.\n\nNewsletter Sign-up The 10-Point A personal, guided tour to the best scoops and stories every day in The Wall Street Journal. Preview Subscribed\n\nEarlier Wednesday, U.S. District Judge Timothy J. Kelly had denied a request for a temporary restraining order sought by two immigrant-rights organizations, saying that the groups had failed to show that they—as opposed to the immigrants they serve—would suffer irreparable harm if the rules weren’t blocked.\n\n“I do not find that the plaintiffs have met that high standard,” said the judge, an appointee of President Trump. “The plaintiffs before me are not asylum seekers affected by this rule.”\n\nThe California legal challenge came from the ACLU, whose lawyer, Mr. Gelernt, told the court Wednesday that Congress was well aware that most asylum seekers came to the U.S. through other countries and had opted not to bar them from lodging claims in the U.S.\n\nThe groups in the Washington case, the Capital Area Immigrants’ Rights Coalition and the Refugee and Immigrant Center for Education and Legal Services, had also argued the administration was overstepping its authority.\n\nThe U.S. government contends that the Immigration and Nationality Act gives the attorney general the authority to set new limits on who can seek asylum, and that the organizations lacked the legal right to sue.\n\nScott Stewart of the Justice Department, who argued for the U.S. government in both the California and Washington courts, also said the new rule was both lawful and appropriately issued.\n\nAs the migrant crisis on the U.S. border with Mexico intensifies, government agency leaders have been invited to testify before the House Committee on Oversight and Reform. Here's a look at the conditions drawing scrutiny and the answers lawmakers will be seeking. Photo: AFP\n\nThe rules are part of a slate of attempts by the Trump administration to stem a surge of Guatemalan, Honduran and Salvadoran families fleeing poverty and violence, and seeking asylum at the U.S.-Mexico border.\n\nIn recent months, thousands of migrants, often including children, have been arriving each day, and appearing in between official points of entry. The administration and immigrant advocates both say the U.S. immigration infrastructure has been strained to a breaking point, though they differ on how the U.S. should respond.\n\nThe Trump administration has broadly sought to limit the ability of people to claim asylum in the U.S., hoping to dissuade them from making a journey north that the administration says is dangerous.\n\nOfficial points of entry limit the number of arrivals each day; the administration has also tried to bar asylum claims lodged by people arriving between official points of entry and threatened tariffs against Mexico and more recently Guatemala if they don’t do more to block the passage of migrant groups through their countries. It has also expanded a policy aimed at swiftly deporting people who cross the border without authorization.\n\nImmigrant advocates agree the journey is dangerous, but say the U.S. can’t seek to close its doors to people who have opted to risk it because they believe life in their home countries is worse.\n\nThey have won some cases in federal court, including against the ban on asylum claims by those who cross the border illegally between official points of entry, but courts have sided with the Trump administration in other instances, allowing the administration for now to return many migrants to Mexico to wait for the adjudication of their asylum claims.\n\nIn a three-and-a-half-hour hearing Monday, Judge Kelly asked lawyers on each side to discuss whether the organizations could show they would be affected by the rules change.\n\nThe judge also asked the lawyers about whether the government could show it had good cause, or reasons related to conducting foreign relations, that could allow it to take additional measures to restrict asylum claims without going through a full rule-making process.\n\nOn Wednesday, the judge also said that he had strong doubts the challengers would be able to show that the attorney general was exceeding his authority, but emphasized that his thoughts were preliminary.\n\nBrent Kendall contributed to this article.\n\nWrite to Louise Radnofsky at louise.radnofsky@wsj.com",
    "published": "2019-07-25"
  },
  {
    "source": "WSJ",
    "title": "House Panel Releases Documents From Nixon Tax Case Amid Trump Tax Dispute",
    "summary": "Documents show IRS turned over Nixon documents to Congress upon request",
    "link": "https://www.wsj.com/articles/house-panel-releases-documents-from-nixon-tax-case-amid-trump-tax-dispute-11564098787?mod=Searchresults_pos5&page=14",
    "content": "The broader dispute between the Trump administration and House Democrats is now sitting in a federal court in Washington.\n\nWASHINGTON—The House Ways and Means Committee released decades-old correspondence between Congress and the Internal Revenue Service about the investigation of President Nixon’s tax returns, as Democrats try to bolster their case for getting President Trump’s tax returns.\n\nThe documents show that the IRS in 1973 and 1974 quickly turned over documents beyond what Mr. Nixon made public as congressional staffers from the Joint Committee on Taxation investigated Mr. Nixon.\n\n“Where records were available, the IRS complied with JCT’s requests without delay or objection,” Ways and Means Chairman Richard Neal (D., Mass.) wrote in a memo to committee members.\n\nThat point counters the Treasury Department’s assertion that Mr. Neal’s request for Mr. Trump’s tax returns is unprecedented. Mr. Neal requested Mr. Trump’s tax returns in April but the Treasury Department has refused to hand them over or comply with a subpoena.\n\nThis current situation is similar to President Nixon’s case in that members of Congress are trying to obtain otherwise private information about the president’s tax returns by using their statutory authority to review any taxpayer’s returns.\n\nShare Your Thoughts How does the investigation of President Nixon’s tax returns affect the Democrats’ case to review President Trump’s returns? Join the conversation below.\n\nIt is different, however, in that President Nixon himself—under political pressure following leaks of some of his financial information—had requested the investigation. The investigation included an inquiry into the charitable donation Mr. Nixon claimed for the donation of his vice presidential papers.\n\nThe Nixon tax investigation, not the Watergate scandal, was behind his infamous “I am not a crook” comment, made at a newspaper editors’ convention at Walt Disney World in late 1973.\n\nShortly afterward, Mr. Nixon publicly released tax returns from 1969 through 1972, according to the memo released on Thursday. Congressional staffers sought and obtained his records from 1966, 1967 and 1968, as well as tax records of his daughter, Patricia. They argued that those records were necessary to understand issues in the primary tax years in question.\n\nThe staffers effectively audited Mr. Nixon’s returns on all issues and concluded that he owed more than $476,000 in taxes and interest. That episode and Mr. Nixon’s resignation led to the voluntary tax-return disclosure tradition that most of his successors and major-party presidential candidates have followed. Mr. Trump, despite promising to release his tax returns during the 2016 campaign, hasn’t done so.\n\nWays and Means members met behind closed doors for more than two hours on Thursday, invoking the statute that allows discussion of taxpayer-specific information in closed session. They then voted to release the historical documents as a report to the House, making them public.\n\nRep. Kevin Brady (R., Texas), the top Republican on Ways and Means, said his party didn’t have enough time to review the documents and their context before a vote.\n\n“They shed no light and have no comparison to Democrats’ illegitimate and unprecedented request,” he said in a statement, adding that the disclosure occurred before Congress rewrote taxpayer privacy laws. Congress has had the ability to review tax returns since 1924.\n\nThe broader dispute between the Trump administration and House Democrats is now sitting in a federal court in Washington. Although the statute says the Treasury Department shall furnish any requested returns, Treasury Secretary Steven Mnuchin has refused, arguing that Congress lacks a legitimate legislative purpose as required under constitutional precedents. The Ways and Means Committee sued to obtain six years of Mr. Trump’s tax returns and audit records.\n\nSeparately, Mr. Trump has sued the Ways and Means Committee in federal court in Washington to attempt to block the panel from seeking his state tax records. A New York law allows Mr. Neal to request those records, but he hasn’t done so. He said Thursday that he was consulting with House lawyers about what to do.\n\nWrite to Richard Rubin at richard.rubin@wsj.com",
    "published": "2019-07-25"
  }
]