[
  {
    "source": "WSJ",
    "title": "Trump’s Manufacturing SOS",
    "summary": "Tariffs and trade uncertainty punish U.S. goods makers.",
    "link": "https://www.wsj.com/articles/trumps-manufacturing-sos-11567551874?mod=Searchresults_pos19&page=10",
    "content": "Mayday, mayday. The U.S. manufacturing boom is showing signs of distress. Business investment has plunged amid growing trade uncertainty, and another warning came Tuesday in the Institute for Supply Management survey that showed manufacturing contracted last month for the first time since 2016.\n\nISM’s manufacturing index declined to 49.1% in August from 51.2% in July and 59.5% last September, signaling an end to a 35-month expansion that has been losing steam for four months. The employment (47.4%) and new export orders (43.3%) indexes registered even steeper declines.\n\n“Incoming sales seem to be slowing down, and this is usually our busiest season,” one furniture manufacturer reported, blaming “concerns about the economy and tariffs.” An electronics manufacturer noted “pockets of short supply, allocation, long lead times and the like. Tariffs continue to be a strain on the supply chain and the economy overall.”\n\nNone of this is surprising. Businesses from Best Buy to Caterpillar this summer reported that President Trump ’s trade brawls were disrupting supply chains, reducing exports, raising material costs and delaying investment decisions. IHS Markit reported on Tuesday that its manufacturing purchasing index is the lowest since September 2009.\n\nUncertainty about demand, prices and tariffs is causing business to scale back new equipment purchases. John Deere noted in its last quarter earnings that “concerns about export-market access, near-term demand for commodities such as soybeans, and overall crop conditions, have caused many farmers to postpone major equipment purchases.”\n\nSlower global growth has pushed down oil prices and caused small shale drillers to tighten their belts. Steel makers have been laying off workers amid lower demand. According to ISM, primary and fabricated metals were among the seven manufacturing industries that contracted last month, which may augur a more severe slowdown among downstream users such as autos.\n\nOpinion Live: America’s Political Realignment and the 2020 Election Join Paul Gigot in Los Angeles on Wednesday, October 1 for a discussion with Opinion columnists and political experts on the current state of the 2020 election field. Register with WSJ+.\n\nManufacturers have added 55,000 jobs this year compared to 162,000 during the same period last year. While manufacturing makes up a small share of the U.S. economy and employment, it can be a canary since it is sensitive to business demand.\n\nBusiness investment declined 6.1% in the second quarter—the biggest contraction since the first quarter of 2011—and nicked 1.1 percentage points off GDP. Net exports subtracted another 0.72 percentage points. Americans have kept spending, but they will eventually pull back too if hiring and wage growth slows.\n\nConsumer sentiment has been mixed in recent economic reports. Most seem to feel good about their own circumstances, but they are worried about the whipsawing stock market and erratic trade policies. The latest tariffs on China will hit a swath of consumer goods including TVs, shoes and Bluetooth ear buds.\n\nAbout 70% of shoes sold in the U.S. are imported from China, and some are already subject to tariffs as high as 67.5%. The 15% tariffs that took effect on Sept. 1 will raise the price of hunting boots on average by $40. Chinese exporters will swallow some of the tariff costs due to a weakening yuan, but consumers will probably have to eat some too.\n\nMr. Trump can rightly boast that the U.S. has added more manufacturing jobs since he took office than during Barack Obama ’s entire second term. But he could lose his economic bragging rights due to trade policies that have done serious economic damage without the gains he promised. Reordering global supply chains built over a generation turns out to have far greater economic costs than the Trump trade warriors imagined. The political costs may follow.\n\nKim Strassel, Jason Riley, Kate Odell and Allysia Finley offer their hits and misses of the week. Image: Getty / Zuma Press / Composite: Brad Howard",
    "published": "2019-09-03"
  },
  {
    "source": "WSJ",
    "title": "The Daily Shot: Beijing Is Trying to Halt the Yuan’s Decline",
    "summary": "To receive the Daily Shot newsletter in your inbox, please sign up at our Email Center. Previous issues of the Daily Shot are available online at DailyShotWSJ.com.",
    "link": "https://www.wsj.com/articles/the-daily-shot-beijing-is-trying-to-halt-the-yuans-decline-01567491361?mod=Searchresults_pos4&page=78",
    "content": "To receive the Daily Shot newsletter in your inbox, please sign up at our Email Center. Previous issues of the Daily Shot are available online at DailyShotWSJ.com.\n\nHave questions, feedback or comments? Contact author Lev.Borodovsky@DowJones.com.\n\nTwitter: @SoberLook\n\n\n\n\n\nThe Daily Shot: 03-Sep-19\n\n• China\n\n• Asia - Pacific\n\n• Japan\n\n• The Eurozone\n\n• The United Kingdom\n\n• The United States\n\n• Emerging Markets\n\n• Commodities\n\n• Equities\n\n• Rates\n\n• Global Developments\n\n• Food for Thought\n\n\n\n\n\nChina\n\n1. The renminbi keeps weakening.\n\nAnd Beijing continues its efforts to stabilize the nation's currency against the dollar (without using up large amounts of F/X reserves).\n\n• The official mid-rate setting is consistently stronger than the level at which the renminbi trades against the dollar.\n\n• Here is the \"countercyclical factor\" (see link below for an overview).\n\nh/t @sunchartist; Further reading\n\n--------------------\n\n2. The August manufacturing PMI report from Markit was stronger than expected, indicating that China's factory activity may be stabilizing. This index contradicts the official PMI figures (see chart).\n\n3. Goldman's policy proxy index suggests that Beijing's latest stimulus program has been more moderate than in 2015/16.\n\nSource: Goldman Sachs\n\n4. Nonetheless, China has boosted domestic demand as consumer shares outperform (SSEC = Shanghai Composite). On the other hand, trade-sensitive sectors have been lagging (second chart).\n\nSource: Reuters; Read full article\n\n5. Property developers are shedding jobs.\n\nSource: @tracyalloway; Read full article\n\n\n\n\n\n\n\nAsia - Pacific\n\n1. South Korea is heading for deflation.\n\n2. Asian stocks are down for two months in a row.\n\nSource: @markets; Read full article\n\n3. Next, we have some updates on Australia.\n\n• Manufacturing activity ticked higher in August.\n\n• Inventories declined sharply in the second quarter (which was a drag on the GDP growth).\n\n• Mining profits have been rising.\n\nSource: ANZ Research\n\n• The Aussie dollar keeps hitting multi-year lows.\n\n\n\n\n\n\n\nJapan\n\n1. Growth in the monetary base continues to moderate (the BoJ's bond-buying slowed after the central bank started targeting the yield curve).\n\n2. Corporate profits have been declining.\n\nSource: @TheTerminal, @jsblokland\n\n3. Corporate cash balances remain elevated.\n\nSource: @markets; Read full article\n\n\n\n\n\n\n\nThe Eurozone\n\n1. Doves dominate the ECB's Governing Council and are expected to deliver a \"bazooka\" stimulus package this month.\n\nSource: @fwred\n\n2. German retail sales face significant downside risks.\n\nSource: Pantheon Macroeconomics\n\nSeparately, in Brandenburg and Saxony (parts of former East Germany), the far-right AfD party received substantial support, especially from younger German men. Many coal mining communities in the region have been hit hard in recent years, and people feel abandoned by Berlin.\n\nSource: @SZ, @adam_tooze; Read full article\n\n--------------------\n\n3. Here are the contributions to Italy's GDP growth. Investment has been relatively strong.\n\nSource: @nghrbi\n\nSeparately, Italy's manufacturing sector is in recession.\n\nSource: IHS Markit; Read full article\n\n--------------------\n\n4. Factory activity is also contracting in Spain ...\n\nSource: IHS Markit; Read full article\n\n... and Ireland.\n\nSource: IHS Markit; Read full article\n\nOn the other hand, the manufacturing sector is performing remarkably well in Greece.\n\nSource: IHS Markit; Read full article\n\n\n\n\n\n\n\nThe United Kingdom\n\n1. Let's begin with this calendar as we approach the Brexit deadline.\n\nSource: Reuters; Read full article\n\n2. The contraction in factory activity accelerated in August. The situation is getting ugly.\n\nSource: Pantheon Macroeconomics\n\nHere is a comment from the Chartered Institute of Procurement & Supply (CIPS).\n\nSource: IHS Markit; Read full article\n\n--------------------\n\n3. The pound is probing the $1.20 support level.\n\n\n\n\n\n\n\nThe United States\n\n1. Small business sentiment continues to deteriorate.\n\nSource: @WSJ; Read full article\n\n2. Heavy-duty truck orders have slowed.\n\nSource: @WSJ; Read full article\n\n3. Starter home prices have dramatically outpaced incomes over the past decade.\n\nSource: @WSJ; Read full article\n\n4. Increases in consumer spending have occurred alongside recessions. A more certain trend during recessions is a sharp decline in private domestic investment.\n\nSource: RBC Wealth Management ; Read full article\n\n5. This chart shows corporate profits as a percentage of the GDP.\n\nSource: Deutsche Bank Research\n\n6. Tariffs on many consumer products from China are now in place, and there is more on the way. The second chart shows the impact on prices thus far.\n\nSource: @WSJ; Read full article\n\nHere is the impact on households, by income.\n\nSource: @nytimesbusiness; Read full article\n\n\n\n\n\n\n\nEmerging Markets\n\n1. Many EM currencies remain under pressure.\n\n• The Brazilian real:\n\n• The Malaysian ringgit:\n\n• The JP Morgan EM Currency Index:\n\n--------------------\n\n2. There are few signs of a rebound in EM manufacturing activity. Here are the PMI charts from select economies (PMI < 50 means contraction).\n\n• Russia:\n\nSource: IHS Markit; Read full article\n\n• Indonesia:\n\nSource: IHS Markit; Read full article\n\n• Mexico:\n\nSource: IHS Markit; Read full article\n\nHowever, Brazil is bucking the trend.\n\n3. Argentina's assets continue to tumble.\n\n• Equity ETF:\n\n• 100-year USD bond (price):\n\nThe timing of the crisis in Argentina is unfortunate - the economy was beginning to recover.\n\nSource: Pantheon Macroeconomics\n\n--------------------\n\n4. Economists continue to downgrade their CPI forecasts for Brazil.\n\nSource: @markets\n\n5. Turkey's GDP expanded more than expected last quarter.\n\n6. Thailand's business sentiment is deteriorating.\n\n7. Here are the components of India's GDP growth.\n\nSource: ANZ Research\n\n8. South Africa's vehicle sales continue to decline.\n\n9. Zimbabwe's hyperinflation is back.\n\nSource: @WSJ; Read full article\n\n10. Finally, this chart shows the ratio of bond yields for EM high-yield vs. investment-grade. It's an indication of heightened risk aversion in EM credit.\n\nSource: @tracyalloway, @toddwhitebloomb; Read full article\n\n\n\n\n\n\n\nCommodities\n\n1. US copper futures are at the lowest level since 2017.\n\n2. Dry bulk shipping costs (for transporting cargoes of coal, grain, and iron ore) keep climbing.\n\n3. Sugar prices continue to fall as India floods the market (see story).\n\n4. US grains remain under pressure.\n\n• Wheat:\n\n• Soybean meal:\n\n\n\n\n\n\n\nEquities\n\n1. August was a volatile month.\n\nSource: @WSJ; Read full article\n\n2. Active investors are positioned defensively.\n\n• The Longview Economics safe-haven positioning model:\n\nSource: Longview Economics\n\n• The BofA Merrill Lynch Bull & Bear Indicator:\n\nSource: BofA Merrill Lynch Global Research\n\n--------------------\n\n3. This Stifel S&P 500 fair value model shows further scope for downside, especially if the US economy enters a mid-2020 recession.\n\nSource: Stifel Equity Strategy\n\n4. Based on blended P/E metrics, US stocks are expensive relative to shares around the world.\n\nSource: @topdowncharts\n\n5. This chart shows the ratio of the S&P 500 ETF (SPY) to the MSCI EM Index ETF (EEM). It's a dramatic US outperformance over the past few years.\n\nAnd here is the relative price performance of US vs. European stocks.\n\nSource: BofA Merrill Lynch Global Research\n\n\n\n\n\n\n\nRates\n\n1. Longer-term Treasury debt looks expensive.\n\nSource: AQR; Read full article\n\n2. The 3-month T-bill - OIS spread has blown out as the US Treasury is about to flood the market with short-term paper.\n\n3. The 20+ year Treasury Bond ETF (TLT) tends to outperform the S&P 500 (SPY) after extreme lows in VIX.\n\n4. Finally, here is the Fed's near-term forward spread indicator, which some view as a more reliable predictor of recessions (see overview).\n\n\n\n\n\n\n\nGlobal Developments\n\n1. The G7 government investment is still weak despite lower borrowing costs.\n\nSource: Oxford Economics\n\n2. This chart shows the expected longer-term returns for global stocks (in dollar terms).\n\nSource: @topdowncharts\n\n--------------------\n\n\n\n\n\n\n\nFood for Thought\n\n1. Amazon deliveries market share:\n\nSource: @WSJ; Read full article\n\n2. Hybrid vs. electric cars:\n\nSource: @WSJ; Read full article\n\n3. Most patents in 2018:\n\nSource: Statista\n\n4. Coworking spaces:\n\nSource: Statista\n\n5. US local temperature changes since 1895:\n\nSource: The Washington Post; Read full article\n\n6. Hurricane damage:\n\nSource: Scotiabank Economics\n\n7. Women in S&P 500 companies:\n\nSource: @WSJ; Read full article\n\n8. Cuban migrants:\n\nSource: @WSJ; Read full article\n\n9. The 2020 Democratic presidential candidates with the most loyal donor base:\n\nSource: The Washington Post; Read full article\n\n10. Airports with most delays:\n\nSource: FinanceBuzz; Read full article\n\n--------------------",
    "published": "2019-09-03"
  },
  {
    "source": "WSJ",
    "title": "Chinese Steel Slowdown Slams Iron-Ore Prices",
    "summary": "After suffering its biggest one-month fall since 2011, the iron-ore market hinges on China’s property sector",
    "link": "https://www.wsj.com/articles/chinese-steel-slowdown-slams-iron-ore-prices-11567505144?mod=Searchresults_pos9&page=66",
    "content": "Iron-ore prices posted their biggest one-month fall in almost eight years as China’s huge steel engine cools and global shipments of the commodity rise.\n\nThe price fell 27% to $85.85 a metric ton by the end of August, the most since October 2011, according to S&P Global Platts. The collapse was triggered by global trade tensions after President Trump threatened to impose new tariffs on Chinese goods, some of which went into effect Sunday. The drop deepened amid sluggishness among the Chinese mills responsible for producing more than half the world’s steel, and concerns over future demand.\n\nWhile the decline in prices eases pressure on steelmakers by reducing the cost of a key ingredient, it will erode the profits of large miners including BHP Group Ltd. BHP 0.14 %increase; green up pointing triangle and Rio Tinto PLC. RIO 0.42 %increase; green up pointing triangle The outlook for the commodity’s price meanwhile remains muddy, with market-watchers waiting for signals in China’s robust property market and Beijing’s efforts to stimulate economic growth for signs of a rebound.\n\n“The violence of it has surprised me,” said Serafino Capoferri , a commodity strategist at Australian investment bank Macquarie. “I wasn’t expecting such a plunge.”\n\nAugust’s dive almost erased a rally that pushed the market as high as $126 a ton in July, although prices have edged up to $89.35 a ton in recent days on better Chinese economic data, looser curbs on some steel production there and hopes of further stimulus.\n\nAnalysts are divided on where iron-ore prices head next.\n\nBoth of the forces that drove a surge in iron-ore prices at the start of 2019 have eased. Chinese steel production fell in June and July, albeit from record rates, and supplies of iron ore have picked up, particularly from Brazil.\n\nVale SA, historically the industry’s top exporter, suspended a big chunk of production following a deadly dam collapse in January, but restarted some operations in June and plans to gradually resume more over the remainder of this year.\n\nChinese mills, which buy seven in every 10 tons of iron ore traded world-wide, have been buffeted on a number of fronts. The nation’s trade war with the U.S. has rattled confidence in the outlook for China’s already-slowing economic growth. The mills also face weaker profit margins, a depreciating yuan and environmental restrictions, all of which have exacerbated the conventional summer lull in steel demand.\n\nA slowdown in China’s housing market—which accounts for roughly 40% of China’s steel demand—may push iron-ore prices as low as $50 a ton in the not-too-distant future, according to Liberum. The investment bank says that infrastructure projects designed to jump-start economic growth won’t use enough steel to offset a fall in real estate activity.\n\nBy contrast, Goldman Sachs sees iron-ore prices rebounding to $115 a ton within three months. Ample financing will be available to support property investments this year, and new Chinese building-design standards require the use of more steel, the Wall Street firm said.\n\nThe bank predicts that the international iron-ore market will log its first supply deficit in seven years, and the widest since at least 2000.\n\nIron ore’s drop, however temporary, offers some relief for steelmakers, which were grappling with sharply higher prices for the raw material at a time when steel prices were softening. U.S. Steel recently said it was struggling with rising raw-material costs in Europe as it idled one furnace on the continent and two in the U.S.\n\nBooming iron-ore prices have boosted earnings at BHP and Rio Tinto, the world’s two largest listed miners by market value, and enabled them to lavish cash on shareholders.\n\nLiberty Steel's Thrybergh mill in Rotherham, U.K Photo: Chris Ratcliffe/Bloomberg News\n\n“We are not walking away from the fact that we do expect China to slow slightly, but we are also expecting infrastructure to come through a bit more strongly in the second half,” Chris Salisbury , chief executive of Rio Tinto’s iron-ore division, said in a recent interview. “We are cautiously optimistic.”\n\nBHP is expecting more jolts, saying it could take up to three years for iron-ore supply to normalize from recent disruptions. Reporting a doubling of annual profit, the miner said “prices are likely to be volatile as that adjustment plays out.”\n\nBoth miners declined to comment further on the impact of falling prices. But even with the August drop, prices remain above long-term averages. Rio Tinto’s margin on Australian iron-ore sales broke above 70% in the first half of 2019.\n\nThe end of summer may herald higher steel output once again, said Argonaut Securities analyst Helen Lau . “If production starts to recover, iron-ore prices may also be able to recover a bit,” she said.\n\nWrite to Rhiannon Hoyle at rhiannon.hoyle@wsj.com and Joe Wallace at Joe.Wallace@wsj.com",
    "published": "2019-09-03"
  },
  {
    "source": "WSJ",
    "title": "Transcript: Reporters Hear From Richmond Fed President Tom Barkin",
    "summary": "Richmond Fed President Tom Barkin met with reporters after a speech Wednesday, Aug. 28, in White Sulphur Springs, W.Va. He discussed his outlook for the economy and interest rates in an environment of heightened policy uncertainty. Here is a partial transcript of the interview, lightly edited for clarity and length.",
    "link": "https://www.wsj.com/articles/transcript-reporters-hear-fromrichmond-fed-president-tom-barkin-11567530971?mod=Searchresults_pos8&page=77",
    "content": "Richmond Fed President Tom Barkin met with reporters after a speech Wednesday, Aug. 28, in White Sulphur Springs, W.Va. He discussed his outlook for the economy and interest rates in an environment of heightened policy uncertainty. Here is a partial transcript of the interview, lightly edited for clarity and length.\n\nJASON LANGE, REUTERS: During the last [Federal Open Market Committee] meeting, you described the [interest rate] cut in terms that we’ve heard about in the minutes of a mid-cycle adjustment. And you also said that you were monitoring things. Now we know that there were several folks at that meeting that did not, several policy makers that were not in favor—that wanted to keep rates steady. If you could tell us if you were one of them, and how you’re looking at the September meeting. What would it take, what would it take to, to get you to support the rate cut or to stay or for, to support keeping rates steady?\n\nBARKIN: I gave a speech in the second week of July that outlined how I’m thinking about it. I’m in a pretty similar place today. There is, as I see it, two different cases on rates.\n\nOne is inflation, and one is growth. I’m not yet persuaded on the inflation part of the case. It’s actually moving—it’s in the range and moving up. And so it doesn’t feel to me that inflation would be the monitor. But I am watching closely the growth part of the range. And my point of view is being driven very much by what I perceive as growth and threats to growth. Certainly uncertainty and business confidence, which I’ve talked about, and other things, are potential threats to growth. And the world is quite uncertain right now, and I could imagine many different scenarios between now and when we next meet in terms of, in particular, what happens on the international slash the trade side.\n\nRelated Article Fed’s Barkin Not Convinced Low Inflation Calls for Rate Cut\n\nPAUL KIERNAN, THE WALL STREET JOURNAL: A lot has already happened since the last meeting and some of your colleagues, [St. Louis Fed President James] Bullard has explained the way he thinks about escalating tariffs as a binary situation where you’ve either got trade uncertainty or you don’t. If you’ve got trade uncertainty, there’s going to be tariff threats going back and forth all the time and you can’t react to every one of them. We’ve got trade uncertainty, but we also had trade uncertainty in June. From that perspective, not that much has really changed, but it seems like from the market’s perspective, a lot has changed. Where do you fall on that?\n\nMR. BARKIN: I do believe that some amount of uncertainty is a constant and at some level when you are dialing up or dialing down a level of uncertainty that is reasonably prevalent on multiple dimensions—trade only being one of them. I’m looking at what I call three different vectors to determine where I think our economy’s going.\n\nOne is the U.S. consumer continues to appear very strong. But business confidence appears to have weakened as evidenced by the business investment drop in the second quarter. And uncertainty could weigh on either business confidence more significantly or consumer confidence and that would drive growth down and that would matter. Or on the other hand, they could maintain or even increase confidence as we saw happen in the second quarter of this year or early in the second quarter of this year.\n\nThe second thing I look at is the U.S. performance, which continues to be very good versus the international economies, which appear to be significantly weaker. And I look to the question of whether lack of confidence in international trade, which of course those economies are much more subject to than we are, leads to their economies weakening. And whether that weakening in any way starts to feed back toward us, and that’s the second vector.\n\nThe third one, as you mentioned, is the markets. I’d suggest that there is a real difference these days between the perception of the stock market and the bond market. Obviously if markets collectively head in a particular direction, that could have implications—and particularly for consumer confidence but also business confidence. But I think they’re still sorting it out too. So again, as I look forward as how does this uncertainty affect it, I think it affects all three of those things potentially, and I’m just looking for evidence one way or the other as we get deeper into the period.\n\nCRAIG TORRES, BLOOMBERG NEWS: Doesn’t sound like you have evidence in hand to support another rate cut in September. Is that right?\n\nMR. BARKIN: I’m holding my decision making as always until I get to the meeting. I think I’ve said that to all of you before, sometime an option is best valued at the end of its time period rather than in the middle.\n\nMR. TORRES: Have you seen or heard around the district any sign that trade concerns are starting to leak into or affect service industries?\n\nMR. BARKIN. I have talked to multiple advertising firms, non-McKinsey consulting firms and staffing firms in the last two or three weeks. And they all report that their business remains robust. So what I do see is if you have a meaningful exposure to China as a business at this point, the folks I have talked to with that exposure have decided that trade tensions are going to last for some time—forgetting even the specific negotiation we’re in now, that this will be a five-, 10- or 15-year conversation. And so they are taking or exploring the choices they feel they need to make given that assumption. I don’t feel that they’ve made the same call in the other markets, whether that be Europe or Malaysia or Mexico or Canada. But I do feel this seems to be in the context I’ve talked to some certainty on the China thing. Again, very few of them will be services.\n\nMR. KIERNAN: What did you make of [former New York Fed President] Bill Dudley’s op-ed in Bloomberg yesterday?\n\nMR. BARKIN: I would just strongly associate myself with [Fed spokeswoman] Michelle Smith’s reaction.\n\nMR. TORRES: The Fed has decided to build a real-time payment system. I’m wondering if you think there’s room, because other central banks are considering, not necessarily a Federal Reserve but a federal digital currency, something that you can just make payments with electronically as we move away from cash.\n\nMR. BARKIN: So I do think that it’s going to be hard to create a digital currency without a state standing behind it…. A digital currency would have its strongest chance with a state standing behind it. If you then said and wanted to do that for our state, you’d have to ask the question of are there functional benefits vis-à-vis cash. I haven’t seen much on that, so don’t think I have a point of view on it. But that would be the question I would ask.... Obviously the benefit of blockchain also has to do with the security aspect of it. And so to the extent there are features and benefits that would be better, I would have assumed it would be more on the security resiliency side and I just don’t understand that well because there are also trade-offs in terms of the ledger. Again, I’m not deep enough into it to know, but that would be the question I would ask.\n\nMR. KIERNAN: Did you support the rate cut in July?\n\nMR. BARKIN: I wasn’t a voter. I gave my advice to the chairman.\n\nMR. KIERNAN: It sounds like your views on policy haven’t changed materially since July.\n\nMR. BARKIN: I’d say my view on policy hasn’t changed significantly from July. I would say the outside environment has changed since July. The 10-year [Treasury] bond [yield] is down this morning 58 basis points [since July]. Trade tensions with China have escalated. If you will, my framework for policy hasn’t changed, but I do think things are happening in the world. Brexit is coming closer and closer. I do think what’s happening in the world is changing.\n\nMR. TORRES: I think there’s something to that. We in the media or whoever is promoting this narrative that the economy’s at risk, but I noticed in your speech you kind of have a counter narrative, which is, ‘Hey, it looks pretty good.’ And so everybody thinks the economy’s at risk while unemployment’s below 4% and actually, if you look at forecasts on Bloomberg, it’s two, two, two—2% inflation, 2% growth, and it goes on forever.\n\nDo you think the central bank needs to do a better job explaining why it’s confident and push back against this, what is really just fear? Because it’s not in the data. I mean manufacturing’s weak, there are some signs of weakness. But simply fear could push you into a recession?\n\nMR. BARKIN: The way I like to think about it—and I’ve only been doing this as you know for a year and a half—but there are cycles where the data’s really unclear, right? But the uncertainty is down. And there are times where the data seems very clear and the uncertainty is high. Of course, if you gave me a matrix, because I used to be at McKinsey, I guess there’s two other boxes there.\n\nBut I think this is the time when the data over the last two or three months has actually come in very clear and very consistent, the U.S. data, whether that be consumer prices; or [personal-consumption-expenditures index] seems to be firming toward 2%; whether it’s consumer spending, which seems to be pretty strong. If you look at the last retail sales report, or business investment, which appears to be flat to a little down. And then I would agree with you on manufacturing, and residential is coming back a little bit. The data, it has been very little—I’ve been not very surprised in the last, call it, 10 weeks on data coming in.\n\nWhat is a constant struggle is the uncertainty around the data. And so directionality to me is a lot harder to figure it out—what we see today versus where it’s going tomorrow. I think that is harder to say. I gave a speech on this in May and other places, but this whole notion that there are a lot of different reasons why our businesses in particular are asymmetrically skewed in their mind-sets toward worrying about a downturn … I think continues to be true. And that has something to do with leverage, has something to do with the longest upturn in history, has something to do with hangover from the great recession there. There are a lot of different elements—news traveling fast, the number of times a day you get pinged by the media telling you—I don’t mean the media, it’s not about you guys—your Apple news feed, whatever, just telling you that recession is right around the corner. I think it does weigh on people’s minds.\n\nI will say, as you know, I spent a lot of time in our district talking to businesses. I do think I’ve got a pretty good understanding of where they are in their own decision making processes. And the ones that I talked to, it’s very clear they’re not doubling down and investing in growth. But I haven’t talked to one in the last 10 weeks that’s told me they’re cutting back. They’re cautious. They’re nervous. But they haven’t yet—at least that’s as recently as I was with six of them last night—told me they’re cutting back. And if they were cutting back you would see it in things like initial unemployment claims, which is a metric I watch pretty closely because if you’re going to cut back as a business, it’s—and by the way also your business services question is a very fair one. You’d see it in consulting freezes or advertising reductions, and I just don’t see it yet. But to your point, are they uncertain? Are they out there leaning maybe?\n\nMR. LANGE: The manufacturing downturn that you reference, this real negative thing that is in the data. How would you characterize the seriousness of that and how—without asking you to fear monger about its chances of causing a recession—but is that something that you are concerned about that it could metastasize in some way?\n\nMR. BARKIN: So manufacturing, sadly, is a relatively small piece of the economy—the US economy today. I think the number is around 8%. And so it’s an 8% sector of the economy that seems to be struggling. Consumer spending is a 68% section economy that seems to be thriving. So on the direct metrics, you’d compare those to—indirectly, when you manufacture things, it goes into other things. If you then were to take it to things like construction, you know, our, our team’s done some work that suggests there’s some sectors that have multiplier effects, but I haven’t seen that really happen yet.\n\nMR. KIERNAN: It sounds like if inflation is converging, and the consumer is healthy, there may not be a pressing need for a rate cut. But to what extent do you agree with your colleagues who say that accommodation is not without costs…. There’s risks that can build up. The other counter argument—and maybe they’re not mutually exclusive, but as a question of degrees—is insurance cheaper if you take it out early?\n\nMR. BARKIN: I’ve tried to think hard about this whole risk management situation. I see risks in two different dimensions. To be clear, I don’t think anything is without cost. It’s all a set of choices. Of course, if you ease too quickly, ease when you don’t need to, you run the risk of inflation. You run the risk of financial excesses. And potentially you run the risk of creating some intertemporal substitution that ends up being inefficient. There was a Jackson Hole paper in 2007 that talked about pulling forward of housing and other demand into 2003 and 2004 and 2005, might’ve made the downturn even worse in 2007, in 2008, because you took some cars people were going to buy then, they bought earlier.\n\nOf course if you don’t ease and the world goes south, you end up behind the curve. And so I think you’ve got risk management on both sides of that. You have to think about near term versus longer term. If you ease now and you’re right, I do think I find credible the analysis that says if you know, you’re headed to a downturn, you [should] go earlier. But if you’re wrong, then you’ve used some ammunition that you might’ve wanted for the next downturn. So I think both sides of this have upsides and downsides and that’s what you’re trying to parse.\n\nMR. KIERNAN: Where do you fall on this because there is a spectrum and both things are true, but we’re at this kind of crucial time?\n\nMR. BARKIN: I think I just go back to what I said, which is I really hear two different logic streams here. One of which is the inflation logic stream. I think I’ve been clear on where I am on that—open by the way, if the numbers move. But based on what I’m seeing.\n\nAnd the second is the growth logic stream. And so in my mind, quite simply you’re asking, where do I think I’m going to be, whatever it is, three, 3½ weeks from now. I’d like to know what actual growth looks like. I’d like to know how much uncertainty has spiked/persisted/lessened/been solved. And that’s what I’m trying to get my head around. If I start hearing from business people things like ‘We’ve got to cut back,’ that would be very meaningful to me in terms of the uncertainty as now affecting potential growth, for example.\n\nMR. TORRES: So when you were CFO of McKinsey, and you were uncertain about something, would you take it off the table? Would you hedge it? Like, if it’s political [uncertainty] for example.\n\nMR. BARKIN: I’ll answer the question. I really wouldn’t—I won’t answer the question if McKinsey’s in the conversation.\n\nMR. TORRES: No just as a business person.\n\nMR. BARKIN. Yes, OK. I mean, it’s not my interest to go talk about McKinsey’s strategy. But it’s a very live question. And what I would try to build in is optionality. So I’ll give you a specific example. How many people do you hire externally, right? In my old world, those decisions are made in September and the people would arrive the next September. So if you were unsure about the economy or a political situation or whether there’s going to be a war in between two countries that we had offices in, you would really be resistant to committing a bunch of hires a year beforehand. But what we would do is we’d explore optionality. And so optionality would look like, ‘Do we have to hire from the college sources where you have to get offers in September?’ Could you hire more experienced hires? Would you make that decision later? I really believe that, and I know it would be easier for you guys if I were telling you what the answer, but I believe in that optionality in the job I have today too. And I think if you’ve got uncertainty, you have to buy yourself optionality.",
    "published": "2019-09-03"
  },
  {
    "source": "WSJ",
    "title": "Trade War’s Impact Grows; Consumers Drive U.S. Growth; Australia Central Bank Stands Pat",
    "summary": "Good day. The impact of the U.S.-China trade war is widening, with more small businesses in the U.S., manufacturers in Asia and others feeling the effects as a new round of tariffs kicked in. Meanwhile, U.S. consumer spending and inflation picked up in July, but the prospects for continued strong spending ahead are less clear. And Australia’s central bank left rates unchanged.",
    "link": "https://www.wsj.com/articles/trade-wars-impact-grows-consumers-drive-u-s-growth-australia-central-bank-stands-pat-11567513718?mod=Searchresults_pos10&page=31",
    "content": "Good day. The impact of the U.S.-China trade war is widening, with more small businesses in the U.S., manufacturers in Asia and others feeling the effects as a new round of tariffs kicked in. Meanwhile, U.S. consumer spending and inflation picked up in July, but the prospects for continued strong spending ahead are less clear. And Australia’s central bank left rates unchanged.\n\nNow on to today’s news and analysis.",
    "published": "2019-09-03"
  },
  {
    "source": "WSJ",
    "title": "Dollar Index Climbs to Two-Year High on Growth Outlook",
    "summary": "China’s yuan trades at fresh 11-year low, nearing 7.2 to the dollar",
    "link": "https://www.wsj.com/articles/chinas-yuan-drops-to-weakest-level-in-more-than-a-decade-11567489502?mod=Searchresults_pos13&page=31",
    "content": "The dollar ticked higher Tuesday, touching its highest level in more than two years as the gloomy outlook for global growth, rising U.S.-China trade tensions and political turmoil in Europe weighed on major currencies world-wide.\n\nThe ICE Dollar Index, which tracks the currency against a basket of its peers, hit 99.37, its highest level since mid-2017, before paring its gain later in the day.\n\nThe move came as the British pound dipped to new multiyear lows after Prime Minister Boris Johnson faced off against lawmakers to defend his Brexit plans, and China’s yuan traded at its lowest level in 11 years.\n\nAn escalation in the trade war between the world’s two largest economies is crimping global exports for countries from South Korea and Japan to Germany.\n\nMeanwhile, negative yields on an increasing number of sovereign bonds have added to the attractiveness of U.S. Treasury securities.\n\nInvestors have also grown jittery about prospects in Europe in recent weeks—with political uncertainty clouding Italy’s outlook and Germany poised to slip into a recession—leading to a weakening of the euro and boosting the appeal of the dollar.\n\nLoading tweet...\n\n“It is just the least ugly sister at the moment,” said Esty Dwek , a strategist at Natixis Investment Managers. “There is some safe haven demand still because of the tariffs and the global growth [concerns].”\n\nThe dollar was up around 0.1% in late afternoon New York trading on Tuesday at 98.95, reversing some of its gain after the release of weaker-than-expected U.S. manufacturing data. The ICE Dollar Index has traded higher for four straight days and is 2.9% higher this year.\n\nPresident Trump has repeatedly called for a weaker dollar as a strong currency weighs on the country’s competitive advantage in global trade.\n\nIn July, Mr. Trump and his economic advisers weighed a proposal to intervene in currency markets to weaken the dollar but decided against taking action. His administration labeled China a “currency manipulator” in August after the Chinese central bank let the yuan depreciate, adding fresh tensions to the trade spat between the two economies.\n\nEarly Tuesday, the yuan neared 7.2 to the dollar before reversing course later in the session, less than a month after Beijing let the currency pass a threshold it had previously defended.\n\nChinese authorities are seeking to offset the impact of higher charges on exports to the U.S. without sparking a stampede of money abroad, or depleting foreign-exchange reserves, analysts and investors say.\n\nGold, another haven asset, gained 1.8% to settle at $1,545.90 a troy ounce.\n\nThe British currency fell 0.4% to $1.20, before reversing its losses to trade slightly higher against the dollar in late afternoon trading. The euro dropped 0.3% to trade at $1.09 before gaining to be little changed against the dollar late in New York.\n\nThe returns on government bonds in Europe and Japan, which have turned increasingly negative in recent months, have also pushed investors into U.S. sovereign debt and spurred demand for dollars.\n\nThe yield on 10-year Treasurys dropped to 1.469% Tuesday from 1.503% Friday. That compares with 0.411% on 10-year U.K. bonds and minus-0.704% on 10-year German bunds.\n\n“There is a very widespread demand for dollars outside of the U.S. borders,” said Jane Foley , a currency analyst at Rabobank. “So the dollar behaves like a safe haven, and it retains this core demand when risk appetite is low.”\n\nThe dollar has strengthened even amid expectations that the Federal Reserve will loosen monetary policy this year. The Fed cut the benchmark lending rate for the first time since the global financial crisis at its last meeting in July. That triggered a wider move around the world with central banks in India, Indonesia and Turkey, among others, cutting rates in recent weeks.\n\nThe Fed has been “slow off the mark” in bringing down borrowing costs, said Ms. Foley. “Other central banks have been much more proactive.”\n\nThe escalating trade war is also complicating matters for policy makers when it comes to managing their currencies. On Sunday, the U.S. imposed tariffs of 15% on Chinese goods including clothing, tools and electronics.\n\nThe yuan has been weakening in recent weeks. Photo: johannes eisele/Agence France-Presse/Getty Images\n\nSome economists think China might need to tolerate further depreciation to offset the effect of more U.S. tariffs. Existing levies on about $250 billion in Chinese goods will be raised to 30% from 25% on Oct. 1, and rates of 15% will be levied on a further set of goods from Dec. 15.\n\nThe yuan would need to weaken to 7.45 to fully offset the recently outlined tariffs, Citic Securities analysts said in a recent note to clients.\n\nKevin Lai , chief economist for Asia excluding Japan at Daiwa Capital Markets, said a further depreciation of the yuan was both inevitable and intentional. He forecasts the currency will end the year at 7.6 to the dollar.\n\nElsewhere, the pound has dropped sharply this week amid spiraling concerns about a disorderly Brexit, yet another general election or a delay in the U.K.’s exit from the European Union.\n\n“The market has been pricing in an increased level of uncertainty,” said Vasileios Gkionakis , global head of foreign-exchange strategy at Banque Lombard Odier & Cie SA. He said that he sees the currency reaching a bottom at $1.20.\n\n“I’m not sure these developments are de facto negative sterling because if we go into a general election we could have an outcome that is potentially supportive for sterling,” he added.\n\nThe Trump administration called China a currency manipulator after the yuan weakened past seven to the dollar.\n\nIra Iosebashvili contributed to this article.\n\nWrite to Avantika Chilkoti at Avantika.Chilkoti@wsj.com and Shen Hong at hong.shen@wsj.com",
    "published": "2019-09-03"
  },
  {
    "source": "WSJ",
    "title": "New Software Tool Helps Arrow Electronics CFO Cut Costs",
    "summary": "The electronics distributor, which sells to small and medium-size industrial businesses, plans to cut $130 million in costs by year-end",
    "link": "https://www.wsj.com/articles/new-software-tool-helps-arrow-electronics-cfo-cut-costs-11567548363?mod=Searchresults_pos17&page=25",
    "content": "Arrow Electronics, based in Centennial, Colo., is looking to its new enterprise resource planning system to help it find cost savings amid a downturn in business.\n\nThe finance chief of Arrow Electronics Inc. is turning to software to help eke out $130 million in annual cost savings across the electronics distributor’s operations, an effort that could be widened should the company’s outlook worsen as a consequence of the trade tensions between the U.S. and China.\n\nThe Centennial, Colo.-based company in mid-July reduced its forecast following lower sales. It booked a net loss of $549 million in the second quarter, compared with a $170 million profit in the same quarter a year earlier. Arrow cited lower demand across all component products, all regions and most industries in an earnings release in early August.\n\n“We don’t want a sustained impact on operating income and earnings per share,” Chief Financial Officer Chris Stansbury said Tuesday in an interview. “Barring the dampening effects on demand from tariffs and trade wars, Arrow would have expected operating income to be up year over year,” Mr. Stansbury said.\n\nArrow plans to take out $130 million in costs by the end of the year and its new enterprise resource planning system is expected to play a key role in achieving that target, Mr. Stansbury said.\n\nThe company’s ERP system ties together a range of business processes in a common data, or network, structure. ERP systems combine information on finance, inventory management, supply chain management and human resource management.\n\nArrow now operates three versions of the same ERP program in three business regions, the Americas, Europe and Asia. The integration of previously separate systems into the three they have now allows the CFO to take a more global look at the company’s operations, Mr. Stansbury said.\n\nThe company is focusing on back-office functions such as finance and human resources alongside warehousing and operations to bring down its costs, Mr. Stansbury said. It will also wind down its personal computer and mobility asset disposition business, a repair and recycling unit. Engineering and front-line sales staff won’t see cuts, Mr. Stansbury said.\n\n“The ERP has allowed us to do all these cost cuts,” Mr. Stansbury said. “We would not have been able to do them without it.”\n\nAnalysts expect much of the savings to come from job cuts.\n\n“Their biggest cost is people,” said Shawn Harrison , a vice president at Longbow Research LLC. “The one area where they are not cutting back is their engineering and design teams.”\n\nThe company employed about 20,100 people as of Dec. 31, according to Arrow’s annual report.\n\nThe new ERP system will help the company during the current phase of economic uncertainty, Mr. Harrison said. Arrow gets better visibility of its accounts receivables and of its accounts payables thanks to the software, he said.\n\nThe system might also boost efficiency across departments, reducing the potential need for additional cuts in a year or two, said Steven Fox , a managing director at Cross Research LLC.\n\n“If there are secondary economic effects, we obviously have to go at it again,” Mr. Stansbury said. He added the current cost savings actions wouldn’t be sufficient to fully offset the company’s lost profits.\n\nTrade tensions between the U.S. and China hurt Arrow’s customers, Mr. Stansbury said. “I don’t think tariffs will go away,” he said, adding that “it is a moving target.”\n\nArrow passes along the cost of tariffs to its customers in the form of higher prices, Mr. Stansbury said. “The pain from tariffs comes in the form of lower demand, leading to lower sales, leading to lower ability to drive profits over our fixed expense base,” he said.\n\nThe company has about 200,000 customers world-wide, many of them small- and medium-size industrial companies. “What they see in their business is a direct read of manufacturing trends globally,” Longbow’s Mr. Harrison said.\n\nU.S. factory activity contracted for the first time in three years in August. New factory orders, employment and production all declined last month from July, according to manufacturing figures released Tuesday by the Institute for Supply Management.\n\nMark Maurer contributed to this article.\n\nWrite to Nina Trentmann at Nina.Trentmann@wsj.com",
    "published": "2019-09-03"
  },
  {
    "source": "WSJ",
    "title": "U.S. Stocks Slip Amid Trade Tensions, Weak Data",
    "summary": "Dow falls 285 points as investors parse fresh economic data",
    "link": "https://www.wsj.com/articles/global-stocks-slip-amid-trade-tensions-weak-data-11567498610?mod=Searchresults_pos15&page=40",
    "content": "Stocks and government-bond yields slumped Tuesday as a drop in manufacturing activity intensified worries about the global economy and the impact of trade tensions between the U.S. and China.\n\nNew data showed the Institute for Supply Management’s gauge of U.S. factory activity slipped for the first time since 2016. The figures follow a string of lackluster manufacturing data around the world that contributed to a wild August for financial markets.\n\nMany investors have been preoccupied with the prospect of a recession, in part because of worries about global growth. Those fears also weighed on commodities Tuesday, sending prices for crude oil and copper lower.\n\nThe Dow Jones Industrial Average lost as much as 425 points before paring some of its declines to end down 285.26 points, or 1.1%, to 26118.02. The S&P 500 dropped 20.19 points, or 0.7%, to 2906.27. The Nasdaq Composite fell 88.72 points, or 1.1%, to 7874.16.\n\nShares of industrials giants were some of the biggest losers in the S&P 500. Bellwether stocks such as Caterpillar dropped $1.97, or 1.7%, to $117.03. Boeing lost $9.67, or 2.7%, to $354.42. Shares of 3M shed $3.08, or 1.9%, to $158.64, underperforming the broader market.\n\n“Manufacturing is probably the area that seems most uncertain,” said Stephen Lee , founding principal at Logan Capital Management, adding that the U.S. is in “slow growth mode.”\n\nInvestors flocked to government bonds and gold—assets considered relatively safer—as they fled riskier bets such as stocks. The yield on the 10-year U.S. Treasury note fell to 1.469% Tuesday, from 1.503% Friday. Yields fall as bond prices rise. Gold prices settled at the highest level since April 2013.\n\nThe selling in stocks also came after Beijing said it had lodged a complaint with the World Trade Organization over U.S. tariffs. On Sunday, the U.S. imposed fresh tariffs on Chinese goods, including clothing, tools and electronics as retaliatory Chinese tariffs on U.S. soybeans, crude oil and pharmaceuticals also took effect.\n\nMeanwhile, Japan on Monday said its manufacturers cut spending during the second quarter for the first time in two years, adding to a series of recent data suggesting the U.S.-China trade fight was damping the world economy.\n\n“It’s going to take more time than what people think,” said Arun Daniel , a senior portfolio manager at J O Hambro Capital Management, of the U.S. and China trade conflict. “We expect there will be continued volatility in the market over the next 30 to 60 days.”\n\nLater this week, investors will be parsing fresh economic data, including the latest U.S. jobs figures Friday, to measure the impact of the trade conflict and health of the domestic economy.\n\nStocks around the world also fell. The Stoxx Europe 600 slipped 0.2%, with Germany’s DAX and France’s CAC 40 falling at least 0.3%.\n\nThe declines came after a mixed session in Asia, in which indexes in mainland China gained while Japanese stocks were flat and Korea’s Kospi edged down.\n\nThe Chinese yuan fell to its lowest level in more than a decade in offshore trading, as it neared 7.2 against the U.S. dollar. In August, it passed the psychologically significant level of more than seven to the dollar, aggravating Washington, which accused China of currency manipulation.\n\nMeanwhile, the British pound hit its lowest level against the dollar in 34 years after Prime Minister Boris Johnson warned lawmakers not to thwart his plans for quitting the European Union with or without a deal on Oct. 31.\n\nKallum Pickering , senior economist at German investment bank Berenberg, said an election would increase chances of a pact between Mr. Johnson’s Conservative party and the Brexit party on a no-deal exit from the European Union.\n\nA trader works on the floor of the New York Stock Exchange on Tuesday. Photo: andrew kelly/Reuters\n\n“This would increase the risk of a hard Brexit. Whereas if Mr. Johnson doesn’t face a general election but can keep the chance of a no deal alive until October then there might be a compromise with the EU or a fresh extension,” he said.\n\nSterling fell against both the dollar and the euro, touching $1.1969 and €1.0950. Before the 2016 referendum, a pound bought $1.4687.\n\nMr. Johnson told his cabinet that he would call a general election for Oct. 14 if Parliament seeks to block his agenda on Brexit. The pound is likely to face further volatility as lawmakers return from summer vacation and aim to pass fresh legislation.\n\nThe yield on U.K. 10-year gilts fell to 0.341% before recovering to 0.362%, and the yield on German 10-year bunds approached record lows at minus-0.725%.\n\nWrite to Gunjan Banerji at Gunjan.Banerji@wsj.com and Anna Isaac at anna.isaac@wsj.com",
    "published": "2019-09-03"
  },
  {
    "source": "WSJ",
    "title": "Trump Warns China Not to Stall Talks",
    "summary": "President says its economy will suffer unless Beijing strikes trade deal before 2020 election",
    "link": "https://www.wsj.com/articles/trump-warns-china-not-to-stall-talks-11567526231?mod=Searchresults_pos12&page=22",
    "content": "President Trump said, ‘[T]hink what happens to China when I win,’ Tuesday on Twitter. ‘Deal would get MUCH TOUGHER!’\n\nWASHINGTON—President Trump said he would redouble his pressure on China if he wins a second term, warning Beijing not to stall trade negotiations until after the 2020 U.S. election and vowing to stick with his go-it-alone approach to the discussions.\n\n“[T]hink what happens to China when I win,” Mr. Trump wrote Tuesday morning on Twitter . “Deal would get MUCH TOUGHER!”\n\nThe fight with China is shaping up to be a central piece of the 2020 election debate, as a measure of both Mr. Trump’s economic stewardship and his negotiating skills. Mr. Trump has repeatedly accused China of slow-walking the talks, arguing that Chinese officials are hoping that he will lose his reelection bid and betting they can get a better deal under a Democratic president.\n\nOn Tuesday, Mr. Trump said China’s economy will continue to suffer while it waits on the outcome of the election, adding, “16 months PLUS is a long time to be hemorrhaging jobs and companies on a long-shot.”\n\nChina’s economic growth has decelerated to its slowest pace in decades, weakened by trade tensions with the U.S.\n\nMr. Trump’s latest comments came two days after the U.S. imposed new tariffs on clothing and other imports from China on Sunday, escalating a trade war between the two countries that has rocked global markets and hurt U.S. consumers. Chinese retaliatory measures also went into effect on Sunday. Mr. Trump made the case on Sunday that the tariffs are necessary to make the U.S. less reliant on Chinese goods, adding, “we don’t want to be servants to the Chinese!”\n\nSeparately, Vice President Mike Pence criticized Chinese telecommunications giant Huawei Technologies Co., a centerpiece of the trade dispute in recent months, for its close ties to the government in Beijing. Huawei on Tuesday accused the U.S. of “using every tool at its disposal” to disrupt its business, including launching cyberattacks on its networks and instructing law enforcement to “menace” its employees.\n\nIn his tweets Tuesday, the president maintained that the U.S. is doing “very well” in its trade negotiations with China, and signaled he has little interest in working with the European Union to target Beijing’s trade practices.\n\n“For all of the ‘geniuses’ out there, many who have been in other administrations and ‘taken to the cleaners’ by China, that want me to get together with the EU and others to go after China Trade practices remember, the EU & all treat us VERY unfairly on Trade also,” he tweeted.\n\nMr. Trump used the threat of tariffs on European cars as leverage as his administration started talks with Brussels on a possible trade agreement, but those talks haven’t progressed due to a disagreement on whether agricultural trade will be included, a priority for the U.S. side.\n\nThe trade conflict between the two biggest economies has led investors and multinational corporations to worry about the effects on supply chains. Fresh data released Tuesday showed that the Institute for Supply Management’s gauge of U.S. factory activity contracted for the first time since 2016.\n\nBeijing said on Monday it lodged a complaint with the World Trade Organization over the Trump administration’s tariffs.\n\nTrade talks have mostly stalled since late May. Since then, negotiators have sought to reach a limited preliminary arrangement that would have China committing to buying more U.S. farm products and the U.S. agreeing to ease off restrictions on Huawei.\n\nWrite to Andrew Restuccia at Andrew.Restuccia@wsj.com and William Mauldin at william.mauldin@wsj.com",
    "published": "2019-09-03"
  },
  {
    "source": "WSJ",
    "title": "How Bad Can a Trade War Get?",
    "summary": "The Trump China policy has fixed no problem, but the recovery can survive it.",
    "link": "https://www.wsj.com/articles/how-bad-can-a-trade-war-get-11567551700?mod=Searchresults_pos17&page=21",
    "content": "For the 2020 election, the big question is: Can the decoupling of the U.S. economy from China take place without tanking the U.S. economy? It’s not impossible. After all, other low-wage countries are eager to take over China’s role and keep the products flowing (no, those jobs won’t be coming to the U.S.). Apple may have a big adjustment to make but also has big profit margins to absorb the cost. China still wants American technology. Boeing jetliners won’t be easily replaced. If China buys Brazilian soybeans, Brazil’s existing customers will have to buy soybeans elsewhere. For these reasons, I suspect a decoupling in U.S.-China trade relations would be less damaging, say, than any that might follow from Mr. Trump’s occasional threats to impose heavy tariffs on Japan and Europe to blow up the supply chains of an integrated world-wide auto industry.\n\nUsing tariffs as a 2-by-4 to get Beijing’s attention was always risky. Getting a satisfactory agreement from China may never have been possible. Now we’re stuck with the tariffs, which having risen to over 20% are enough to force a major relocation of production for the U.S. market out of China in ways that only weaken the U.S. hand in the long run.\n\nIf you could peer into Donald Trump’s brain, you would likely find his trade war is partly inspired by Reagan’s trade war with Japan, which he sees as having produced an unalloyed success when Japanese car makers shifted plants to the U.S. and employed U.S. workers.\n\nUnfortunately, any parallels are mostly illusory. The U.S. and Japan were allies. What Japanese firms gave up in U.S. market share, they got back in higher prices because Reagan’s war was waged not with tariffs but cartel-like voluntary restraint agreements. To key Japanese interest groups, the outcome was highly acceptable. In contrast, if the only “win” Mr. Trump offers Beijing is relief from tariffs that Mr. Trump himself imposed, he will get no deal. China’s Communist Party is not in the business of showing that it can be coerced. (And Hong Kong isn’t helping.)\n\nMr. Trump came to Washington with an economic ace in his hand. He was not Barack Obama ; he could count on a business honeymoon by letting deregulatory flowers bloom and otherwise keeping his ambitions in check. Market maven Bob Doll spoke for many when he said at the time stocks would be up as long as “growth Donald Trump” prevails over “protectionist Donald Trump.”\n\nOpinion Live: America’s Political Realignment and the 2020 Election Join Paul Gigot in Los Angeles on Wednesday, October 1 for a discussion with Opinion columnists and political experts on the current state of the 2020 election field. Register with WSJ+.\n\nAlas, Mr. Trump’s politics is not a coalition-based politics. His is a ratings-based politics. A ratings-based politics needs a story line, and the Trump story line has been Trump vs. the double-talkers, the non-doers. Not that his trampling over sensitivities and taboos in pursuit of attention has been entirely without value. He has put the failures of our immigration system front and center where the American people can’t ignore them. Nancy Pelosi may mock his slogan of “make America great again,” but I doubt any Democrat will be in a hurry to give back gains in Europe’s commitment to funding its own defense or to revert to a policy of tolerating China’s exploitative behavior.\n\nMr. Trump won’t be setting any records for administrative efficiency or policy subtlety, however, and his strategic thinking lacks depth. He seems to have set out on his tariff war without any clear idea of what was likely to happen. Now his administration will have to start rationalizing the consequences of a U.S.-China economic divorce that he may not have sought.\n\nAmerica will need to learn to protect its strategic technology, not just plead with China not to steal it. But it’s hard to see how the U.S. gains much from piling up tariffs on ordinary Chinese consumer exports. We only lose long-term leverage. The U.S. needs to start playing the interdependence-plus-rivalry game more clearheadedly than Mr. Trump has in his first term.\n\nAssuming the domestic jobs boom survives the rough seas he has inflicted on it, will Trumpian politics work in 2020? His performance in the 2016 debates, many have forgotten, was objectively awful. He won by being a novelty, by being disruptive and nonconformist through a crowded GOP primary and then by not being Hillary Clinton for the final lap.\n\nBut a surprise may be at hand. Serving as president has been an education for Mr. Trump as it would be for anybody. His rhetorical instincts may be unchanged but he can’t help having picked up a degree of knowledge about public policy and how government functions. This unwonted expertise already has begun audibly leaking into his unscripted responses to press questions. Don’t discount the possibility that Mr. Trump’s debates with Kamala Harris or whomever won’t be the gong show you’re expecting. His case for his China policy might even become compelling once he figures out what it is.\n\nThe continuing trade war with China is leading both economies into uncharted and potentially dangerous waters. Image: AP/Getty/Composite: Brad Howard",
    "published": "2019-09-03"
  },
  {
    "source": "WSJ",
    "title": "Yearslong Tax Dispute Could Cost Big Tech Companies Billions",
    "summary": "Facebook, Google are among firms caught in a battle between the IRS and an Intel unit over rules issued in 2003",
    "link": "https://www.wsj.com/articles/yearslong-tax-dispute-could-cost-big-tech-companies-billions-11567503000?mod=Searchresults_pos2&page=17",
    "content": "Altera, now a unit of Intel, has challenged a 2003 IRS rule dictating how companies must account for stock and other equity compensation they pay to workers.\n\nA long-running tax dispute is racking up a potentially hefty price tag of nearly $2 billion and counting for dozens of big U.S. companies, including Facebook Inc. and Alphabet Inc. GOOGL -0.29 %decrease; red down pointing triangle\n\nSince the most recent ruling on the case, in June, more than two dozen companies have disclosed the potential impact on their financial results. Facebook recorded a $1.1 billion tax expense because of the case, while Alphabet, the parent of Google, reversed a $418 million benefit it had previously taken. Other companies reporting at least a $50 million impact include Twitter Inc., Lam Research Corp. and Symantec Corp.\n\nThe case pits Altera Corp., now a subsidiary of chip maker Intel Corp., INTC -0.59 %decrease; red down pointing triangle against the Internal Revenue Service. The IRS in 2003 issued a regulation dictating how companies must account for stock and other equity compensation they pay to workers when they are parceling out costs between the parent and their foreign subsidiaries. Altera sued in 2012, arguing the IRS exceeded its authority.\n\nLegally, the case turns on questions of administrative law and the government’s ability to fill in the gaps in a vague statute. It also has significant tax consequences. A federal appeals court in San Francisco is deciding whether to give the issue another hearing.\n\nMultinationals benefit by allocating as much pay as possible—including stock-based pay—to U.S. operations, where the companies could claim a business-expense deduction for it against higher domestic tax rates. In foreign jurisdictions, reporting lower costs increases profits that can be taxed at lower foreign rates. That was especially advantageous before the 2017 federal tax overhaul reduced the gap between U.S. and foreign corporate-tax rates.\n\nThe government’s 2003 rule requires companies to share more of the costs with their foreign subsidiaries, reducing taxable profits in low-tax jurisdictions and increasing them in the U.S.\n\nCompanies are supposed to determine the right foreign-U.S. split by figuring out what the foreign subsidiaries would have had to pay an unrelated company for the same services. The fight over the regulation is about how that calculation happens.\n\nAltera challenged the rule, which increased the company’s taxable income by about $80 million over four years. Intel inherited the case when it acquired Altera in 2015. Intel declined to comment, as did Alphabet and Facebook.\n\nNewsletter Sign-up Technology Get email notifications about major news in the technology sector. Preview Subscribe\n\nIn 2015, the U.S. Tax Court ruled for Altera. In 2018, the Ninth U.S. Circuit Court of Appeals overturned that decision—siding with the IRS—then withdrew its own ruling because one of the judges in the 2-1 majority died before it was released. A new panel reached the same conclusion this year, upholding the 2003 rule on the grounds that the IRS had acted reasonably and legally in writing the rules.\n\nIntel has asked the full Ninth Circuit to hear the case, hoping to reinstate the trial court’s ruling in its favor. If that fails, the chip maker could still appeal to the U.S. Supreme Court.\n\nThe government filed a brief saying the judges should deny a new hearing.\n\nThe legal questions turn on arcane corners of tax and regulatory-procedure law. Over the past few years, courts have begun treating the IRS more like other regulatory agencies and making tax regulations follow more of the procedures used in other areas.\n\nIn the original court ruling supporting Altera’s treatment of stock-based compensation, the Tax Court found the IRS hadn’t followed aspects of the Administrative Procedure Act, which governs how agencies write regulations, and had misapplied certain approaches to determining what an arm’s-length transaction would look like. The appellate panel disagreed.\n\nWrite to Richard Rubin at richard.rubin@wsj.com and Theo Francis at theo.francis@wsj.com",
    "published": "2019-09-03"
  },
  {
    "source": "WSJ",
    "title": "Bank of Canada Expected to Stand Pat This Week",
    "summary": "Economists predict bank officials will play down recent strength and highlight risks from trade tensions",
    "link": "https://www.wsj.com/articles/bank-of-canada-expected-to-stand-pat-this-week-11567515600?mod=Searchresults_pos16&page=60",
    "content": "A majority of economists expect the Bank of Canada to cut its benchmark rate at some point, although there is disagreement as to when.\n\nOTTAWA—Market watchers predict the Bank of Canada will keep its benchmark interest rate unchanged Wednesday and hint it is ready to lower it to offset the fallout from escalating global trade tensions and slowing world economic growth.\n\nEconomists from 10 of the 11 primary dealers of Canadian government securities said they expect the Bank of Canada to keep its overnight rate at 1.75% this week, according to a Wall Street Journal survey.\n\nThe majority of economists anticipate the central bank will cut its rate at some point, although there is disagreement as to when.\n\nA rate cut is imminent, according to a majority of economists surveyed, as trade tensions between the U.S. and China intensify and threaten to engulf Canada. A new round of tariffs from both Washington and Beijing kicked in over the Labor Day weekend.\n\nThe Federal Reserve cut its interest rates in July, and the European Central Bank has signaled a short-term rate cut could be in the offing. Bank of Canada officials haven’t publicly commented on the state of economy since July 10, when it kept its main interest rate unchanged and warned trade tensions could derail the global and Canadian economic outlooks.\n\n“For all its recent success, the Canadian economy can’t plausibly be expected to remain unaffected by a darkening global outlook,” said Andrew Kelvin, economist at TD Securities. His firm expects the central bank, in its statement explaining Wednesday’s rate decision, to play down recent economic strength and instead focus on softening 2020 global outlook.\n\nCanada’s gross domestic product rebounded in the second quarter, advancing at a 3.7% annualized rate, after growth essentially stalled at the turn of the year. Exports were the main driver fueling growth.\n\nStill, the second-quarter GDP data exposed some weakness. Final domestic demand, which incorporates spending by households, businesses and government, fell in the period. Imports also declined, a sign companies and households are scaling back purchases.\n\nBusiness investment among Canadian companies fell in the second quarter at a 16% annualized rate, with a steep fall in expenditures on machinery and equipment.\n\nAs of the second quarter, capital spending on machinery and equipment fell 5.7% from a year ago, “perhaps the best indication that the trade war is having a detrimental impact on the Canadian economy,” said Benjamin Reitzes, economist at BMO Capital Markets.\n\nMr. Reitzes and two other economists predicted the Bank of Canada will cut its benchmark rate in October. Five other economists said a rate cut in Canada is coming, but most reckon it won’t happen until early in 2020.\n\nEconomists at National Bank Financial and Laurentian Bank Securities said their forecasts don’t envisage a rate cut soon.\n\nCanadian bond yields have already declined in tandem with their global peers, which will translate into lower interest rates on consumer loans and mortgages. Further rate cuts “could turn out to be unproductive in the long run as it promotes household and corporate leverage,” said Sebastien Lavoie, economist at Laurentian. Canadian households are already among the most indebted on a per capita basis in the developed world.\n\nAn 11th primary dealer, HSBC Canada, didn’t participate in the survey.\n\nWrite to Paul Vieira at paul.vieira@wsj.com",
    "published": "2019-09-03"
  },
  {
    "source": "WSJ",
    "title": "Trade Impasse Sends Oil Prices Lower",
    "summary": "Hurricane Dorian’s expected path should keep it from disrupting oil production in the Gulf of Mexico",
    "link": "https://www.wsj.com/articles/trade-impasse-sends-oil-prices-lower-11567527861?mod=Searchresults_pos13&page=50",
    "content": "Hurricane Dorian’s current path should keep it from disrupting oil production in the Gulf.\n\nOil prices dropped Tuesday as concerns mounted over the China-U.S. trade impasse and as Hurricane Dorian rumbled along a path that should keep it from disrupting production in the Gulf of Mexico.\n\nWest Texas Intermediate futures for October delivery closed down 2.1% at $53.94 a barrel on the New York Mercantile Exchange. Brent crude, the global price gauge, lost 0.7% to settle at $58.26. Both benchmarks started off trading significantly lower following the holiday weekend but pared losses over the course of the day.\n\nThe slide dragged down energy stocks, particularly shares in the S&P 600 index of smaller companies, which lost 3%.\n\n“The ongoing U.S.-China trade war appears to remain the key driver,” analysts with Tudor, Pickering, Holt & Co. wrote in a note to clients. They blamed the U.S.’s rebuff of China’s efforts to delay tariffs for pushing oil prices lower after the holiday weekend.\n\nMeanwhile, Hurricane Dorian barreled up the Atlantic Coast, reducing the likelihood that the massive storm would disrupt oil production in the Gulf of Mexico.\n\nMarket participants are also awaiting a scheduled meeting between the Organization of the Petroleum Exporting Countries and its allies, including Russia, next week in Abu Dhabi. The group is expected to reaffirm their commitment to support prices by keeping output at bay.\n\nHigher oil prices are particularly important to OPEC leader Saudi Arabia, which is gearing up to offer shares of state oil-giant Saudi Aramco.\n\n“Sentiment still remains quite bearish due to ongoing fears about the inimical impact of trade wars on demand,” said Helima Croft, an analyst with RBC Capital Markets. “The challenge for OPEC will be to demonstrate it still has the ability to alter oil’s directional dynamics in a market that is consumed with trade war concerns and is bracing for the next tweet from President Trump.”\n\nIn other commodities, natural gas got a lift from forecasts for steamy weather in the southern U.S., with prices rising 3.2% to $2.358 per million British thermal units, their highest level since mid-July.\n\nGold rose to a six-year high as traders moved money into assets perceived as less risky amid falling stocks. Gold for September delivery gained 1.76% to $1,545.90 a troy ounce on the Comex division of the New York Mercantile Exchange.\n\nWrite to Ryan Dezember at ryan.dezember@wsj.com",
    "published": "2019-09-03"
  },
  {
    "source": "WSJ",
    "title": "Newsletter: How the U.S.-China Trade War is Rippling Through the Global Economy",
    "summary": "This is the web version of the WSJ’s newsletter on the economy. You can sign up for daily delivery here.",
    "link": "https://www.wsj.com/articles/newsletter-how-the-u-s-china-trade-war-is-rippling-through-the-global-economy-01567508387?mod=Searchresults_pos9&page=42",
    "content": "This is the web version of the WSJ’s newsletter on the economy. You can sign up for daily delivery here.\n\nThe U.S.-China trade fight is affecting more and more of the world economy, the yuan and the pound hit fresh lows, and U.S. companies are offering a new benefit: payroll advances and loans. Good morning. Jeff Sparshott here to take you through key developments in the global economy. Send us your questions, comments and suggestions by replying to this email.\n\nCannonball\n\nThe U.S.-China trade war is rippling through the global economy, hurting confidence among U.S. small businesses, crimping trade among industrial giants in Asia and hitting export-oriented factories in Europe, Ruth Simon, Megumi Fujikawa and Paul Hannon report.\n\nEconomic confidence among small U.S. companies fell in August to the lowest level since November 2012. In a survey for the WSJ, the portion of respondents that expect the economy to worsen over the next 12 months rose to 40%, compared with 23% a year ago.\n\namong small U.S. companies fell in August to the lowest level since November 2012. In a survey for the WSJ, the portion of respondents that expect the economy to worsen over the next 12 months rose to 40%, compared with 23% a year ago. U.S. consumer sentiment in August fell by the most since 2012 amid concerns over trade. Consumer spending has been the main driver of economic growth so far this year.\n\nin August fell by the most since 2012 amid concerns over trade. Consumer spending has been the main driver of economic growth so far this year. Japan said capital spending by the country’s manufacturers fell for the first time in two years as companies grappled with a drop in exports to China. South Korea's exports to China plummeted in August.\n\nby the country’s manufacturers fell for the first time in two years as companies grappled with a drop in exports to China. South Korea's exports to China plummeted in August. The U.S. and China on Sunday imposed fresh tariffs on each other's goods. The levies are increasing costs for some companies, while uncertainty about trade talks is making it difficult for managers to plan.\n\nimposed fresh tariffs on each other's goods. The levies are increasing costs for some companies, while uncertainty about trade talks is making it difficult for managers to plan. What to watch: U.S. surveys of manufacturing purchasing managers out today will shed further light on how much the trade conflict is affecting the U.S. industrial sector.\n\nWHAT TO WATCH\n\nIHS Markit's U.S. manufacturing index for August is out at 9:45 a.m. ET.\n\nThe Institute for Supply Management's manufacturing index for August is expected to tick down to 51.0 from 51.2 a month earlier. (10 a.m. ET)\n\nU.S. construction spending for July is expected to rise 0.3% from a month earlier. (10 a.m. ET)\n\nThe Boston Fed’s Eric Rosengren speaks on the economy at 5:00 p.m. ET.\n\nBank of Japan Governor Haruhiko Kuroda speaks in Tokyo at 8:50 p.m. ET.\n\nThe Caixin China composite index for August is out at 9:45 p.m. ET.\n\nTOP STORIES\n\nDrop it Like It’s Hot\n\nChina’s currency dropped to its weakest level in more than a decade. The yuan fell below 7 per dollar on Aug. 5, days after President Trump announced tariffs on a wider range of Chinese goods, and has since slid further as both sides have detailed fresh tariff plans, Shen Hong reports. Chinese authorities are seeking to offset the impact of higher charges on exports to the U.S. without sparking a stampede of money abroad, or depleting foreign-exchange reserves, analysts and investors say. A weaker yuan makes Chinese goods cheaper to buy in the U.S.\n\nNot to be outdone, the British pound hit its lowest level in 3 years after Prime Minister Boris Johnson warned rebel lawmakers not to postpone Britain's scheduled exit from the European Union on Oct. 31. Officials said a general election will be called for Oct. 14 if lawmakers force a delay.\n\nKeep on Truckin’\n\nTruck makers are logging sharply lower orders, adding another stress point for a decelerating U.S. manufacturing sector. The U.S. trucking industry had one of its strongest years ever in 2018, as high demand for freight encouraged transportation companies to expand their fleets. Now, trade tensions and slower global growth are depressing freight volumes. Trucking companies, in turn, are ordering fewer trucks, Bob Tita and Austen Hufford report.\n\nBack to Bangladesh\n\nThe U.S.-China trade war is pushing fashion brands to Bangladesh, where safety issues persist years after two workplace accidents killed more than 1,000 workers. Many American firms cut back on sourcing from Bangladesh, and others abandoned the country entirely, after the 2012 and 2013 accidents. Over the past two years, however, companies have bulked up sourcing amid efforts to improve safety conditions. That shift has accelerated as the trade dispute has heated up, Jon Emont reports.\n\nThe renewed interest in Bangladesh poses a test for the country’s safety and labor standards. Low wages and a large labor supply had turned Bangladesh into a garment-manufacturing powerhouse. But a November 2012 fire in a Dhaka garment factory killed some 120 workers and, five months later, more than 1,100 people were killed in the collapse of Rana Plaza, which was home to five garment factories.\n\nOr Maybe a Raise?\n\nA growing number of companies are helping workers gain access to payroll advances and loans, reflecting concern over the impact money problems are having on productivity levels and worker retention. Employers including Walmart and Pima County, Ariz., have recently added these services. The aim is to help cash-strapped employees, many with damaged credit, cover unexpected expenses without resorting to high-cost debt, Anne Tergesen reports.\n\nStorm Watch\n\nHurricane Dorian hovered over the northwestern Bahamas, killing at least five people, wiping out thousands of homes, forcing many into a makeshift shelter and leaving an entire island without power. The storm is forecast to approach dangerously close to Florida late Tuesday through Wednesday, and then turn north, skirting the coast near Georgia and South Carolina Wednesday night and Thursday.\n\nOxford Economics estimates the storm could knock 0.1 percentage point off of third-quarter gross domestic product and will make it more difficult to get a read on underlying economic activity for a short spell: \"We expect to see disruptions to high-frequency economic data in September, including employment, industrial production, housing, and retail sales data.\"\n\nWHAT ELSE WE’RE READING\n\nHome health care is the fastest growing major job category in the country. It's also one of the most emotionally and personally demanding, and one of the worst paid. \"It is a vicious circle. Because these have always been poor-paying jobs, they are seen as lousy, low-skill jobs. And because they are seen as lousy, low-skill jobs, they pay poorly. ... Nationwide, home care workers—a category that includes home health aides as well as home care aides and personal care aides, who have less specialized training—average $11.52 an hour, and 45% of them who work full time are on public assistance\" Andy Newman writes in the New York Times.\n\nSign Up for Our Calendar\n\nReal Time Economics has launched a downloadable Google calendar with concise previews, forecasts and analysis of major U.S. data releases.\n\nTo add to your Google Calendar on desktop, click here.\n\nTo add to your Google calendar app on mobile, click here.\n\nIf you prefer to view the calendar using a web browser, with the option of adding select Real Time Economics entries to your calendar, click here.\n\nAnd here's our how-to.\n\nLet us know what you think. This is a pilot project, so we’d appreciate your feedback.",
    "published": "2019-09-03"
  },
  {
    "source": "WSJ",
    "title": "Tyson Cuts Full-Year Profit Forecast",
    "summary": "Shares of the meatpacking company fell 6.2% to $87.50 in after-hours trading",
    "link": "https://www.wsj.com/articles/tyson-cuts-fy2019-guidance-on-issues-including-commodity-market-volatility-11567544298?mod=Searchresults_pos12&page=52",
    "content": "Tyson’s main business is processing beef, chicken and pork. Photo: Daniel Acker/Bloomberg News\n\nTyson Foods Inc. TSN 1.39 %increase; green up pointing triangle lowered its earnings forecast for the current period, citing “short-term challenges” that have weighed on its bottom line, including volatile commodity prices and food-safety initiatives.\n\nThe Springdale, Ark., company said a fire at a Kansas beef plant and slower-than-expected operational changes in its chicken business added to challenges in its fiscal fourth quarter.",
    "published": "2019-09-03"
  }
]