[
  {
    "source": "WSJ",
    "title": "Real Time Economics: The Fed’s Next Cut, Lagarde’s Tall Task and Energy’s Step Back",
    "summary": "This is the web version of the WSJ’s newsletter on the economy. You can sign up for daily delivery here.",
    "link": "https://www.wsj.com/articles/real-time-economics-the-feds-next-cut-lagardes-tall-task-and-energys-step-back-01563532847?mod=Searchresults_pos10&page=76",
    "content": "This is the web version of the WSJ’s newsletter on the economy. You can sign up for daily delivery here.\n\nMarkets are betting the Fed will go big or go home, Christine Lagarde's diplomatic skills are about to be put to the test, and boom days in the U.S. oil patch appear to be over. Good morning. Jeff Sparshott here to take you through key developments in the global economy. Send us your questions, comments and suggestions by replying to this email.\n\n‘Don’t Keep Your Powder Dry’\n\nInvestors have gone from debating whether the Federal Reserve will lower interest rates at the end of July to wondering by how much. Will the Fed’s first rate cut since the financial crisis take the federal-funds rate down by 0.25 percentage point or 0.5?\n\nNew York Fed President John Williams on Thursday stoked expectations for a hefty cut. Already-low interest rates are a big reason to cut aggressively at the first sign of economic distress, he said. \"Don’t keep your powder dry—that is, move more quickly to add monetary stimulus than you otherwise might.\" But a bank spokesman later walked that back, saying Mr. Williams didn’t intend to suggest the central bank might make a large cut this month.\n\nAnd St. Louis Fed President James Bullard—the lone dissenting vote in favor of lowering rates at the Fed’s June meeting—told the WSJ’s Nick Timiraos he would support a quarter-percentage-point cut at the central bank’s July gathering. But a half a point? \"At least sitting here today, I just don’t think the situation really calls for that aggressive of a move,” he said.\n\nWHAT TO WATCH TODAY\n\nThe University of Michigan preliminary consumer sentiment index for July is expected to rise to 99.0 from 98.2 at the end of June. (10 a.m. ET)\n\nThe Baker Hughes rig count is out at 1 p.m. ET.\n\nThe St. Louis Fed’s James Bullard (11:05 a.m. ET) and the Boston Fed’s Eric Rosengren (4:30 p.m. ET) speak at the Central Bank Research Association annual meeting in New York City.\n\nTOP STORIES\n\nJump On the Bandwagon\n\nCentral banks in South Korea, Indonesia and South Africa lowered their interest rates Thursday, joining a global easing cycle that started earlier this year in the Asia-Pacific region and is expected to include the U.S. and Europe within weeks. The latest moves underscore the global nature of the brewing rate-cutting cycle, as policy makers attempt to ward off signs of weaker economic growth, Brian Blackstone writes. Since April, New Zealand, India, Malaysia and the Philippines have lowered rates. China’s central bank has taken a number of measures to encourage lending.\n\nChristine Lagarde Brings Flexibility to the ECB\n\nThe next European Central Bank chief is a diplomat and negotiator, not a technocrat or economist. Christine Lagarde is likely to need those skills when she succeeds ECB President Mario Draghi in November. The goal of European integration is under strain. It will depend heavily on the central bank’s contribution to bolstering the region’s wobbly economic expansion—including further quantitative easing—in an era when many populists want the world’s high financial institutions to do less, not more, Josh Zumbrun and Bojan Pancevski write.\n\nOil Bust\n\nThe number of active oil rigs in the U.S. fell to a 17-month low last week, according to oilfield services company Baker Hughes. Meanwhile, U.S. oil prices have rallied nearly 30% this year. What gives? The WSJ's Stephanie Yang writes that investor pressure to cut back on spending has weighed on U.S. investment and production. Even if prices rise further, the rig count could continue to fall.\n\nThat might be OK for corporate bottom lines. But the numbers also suggest U.S. production could moderate, and with it business investment and hiring. Spending on oil and gas structures was a big driver of overall business investment in 2017 and the first half of 2018 but has since tapered off. Forecasting firm Macroeconomic Advisers estimates that business investment in structures (such as oil wells) will be a drag on second-quarter GDP.\n\nThe latest rig count data is out today at 1 p.m. ET.\n\nWhat Else We’re Following\n\nTreasury Secretary Steven Mnuchin said Congress and the Trump administration have agreed on overall spending levels and raising the U.S. government’s borrowing limit for two years, though negotiators are still working on how to offset the cost of the spending agreement. Mr. Mnuchin has been speaking regularly with House Speaker Nancy Pelosi (D., Calif.), who set a Friday deadline for a deal in order to have enough time to pass it before lawmakers leave Washington for the August recess.\n\nBig Brother is watching. To be an employee of a large company in the U.S. now often means becoming a workforce data generator—from the first email sent from bed in the morning to the Wi-Fi hotspot used during lunch to the new business contact added before going home. Employers are parsing those interactions to learn who is influential, which teams are most productive and who is a flight risk.\n\nU.S. manufacturing could be perking up a tiny bit. Regional surveys from the New York Fed and Philadelphia Fed both showed activity bouncing back in July after a miserable June. That doesn't mean all is well—global demand remains soft and trade-related uncertainty high. But the latest numbers suggest manufacturers are coping. That could feed through to the closely watched Institute for Supply Management manufacturing index for July, due out Aug. 1.\n\nTWEET OF THE DAY\n\nPennsylvania steel maker is laying off workers as it shrinks output. \"This is ultimately what tariffs do: in a matter of minutes, they change a global supply chain that took years to develop, just like that.” https://t.co/iWVlwfitzW via @PittsburghPG\n\n— Paul Page (@PaulPage) July 18, 2019\n\nWHAT ELSE WE’RE READING\n\nSports are the great equalizer, right? \"Youths from lower-income families are less likely to participate in sports...Higher fees are likely more difficult for lower-income families to bear. For lower-income parents (those with a household income of less than $50,000), expense was the second-most-common reason their child did not participate in sports,\" the RAND Corp. writes in a new report.\n\nAutomation isn't behind rising wage inequality and employment polarization. \"We do find a decline since 1973 in the share of workers earning middle wages. However, we find that a strong increase in the share of workers in the top bin is accompanied by a slight decline in the share in the bottom bin, inconsistent with employment polarization,\" Jennifer Hunt and Ryan Nunn write in a National Bureau of Economic Research working paper.\n\nSign Up for Our Calendar\n\nReal Time Economics has launched a downloadable Google calendar with concise previews, forecasts and analysis of major U.S. data releases.\n\nTo add to your Google Calendar on desktop, click here.\n\nTo add to your Google calendar app on mobile, click here.\n\nIf you prefer to view the calendar using a web browser, with the option of adding select Real Time Economics entries to your calendar, click here.\n\nAnd here's our how-to.\n\nLet us know what you think. This is a pilot project, so we’d appreciate your feedback.",
    "published": "2019-07-19"
  },
  {
    "source": "WSJ",
    "title": "Today’s Logistics Report: Raising Railroad Efficiency; Bulking Up Rates; Amazon’s Merchant Deal",
    "summary": "Today’s Top Supply Chain and Logistics News from WSJ",
    "link": "https://www.wsj.com/articles/todays-logistics-report-raising-railroad-efficiency-bulking-up-rates-amazons-merchant-deal-11563545855?mod=Searchresults_pos8&page=70",
    "content": "Sign up: With one click, get this newsletter delivered to your inbox.\n\nFreight railroads are demonstrating that falling shipping volumes don’t always mean slimmer profits.Union Pacific Corp. reported a 4% gain in profit to $1.57 billion in the second quarter and improved its operating ratio, even though the slack demand that is rolling across the rail industry helped cut shipping volumes by 4%. The WSJ’s Paul Ziobro reports that UP slashed its expenses by 7% in the quarter, in part through operating efficiency efforts that have been sweeping across rail networks. Railroads need the productivity drive: Carload volumes are off 3.1% this year, and the decline has been accelerating across most business lines. But the railroads are displaying financial and operating discipline. Canadian Pacific Railway Ltd.’s profits jumped 33% on a 13% gain in revenue, and even a downbeat report from CSX Corp. included a strong improvement in the carrier’s operating ratio.\n\nBulk shipping companies are enjoying a resurgence in freight rates while they can. Prices for seaborne bulk industrial shipping are soaring, with the Baltic Dry Index that measures rates reaching its highest level in more than five years. The WSJ Logistics Report’s Costas Paris writes some ship brokers are reporting daily charter rates for the dry-bulk world’s biggest capesize vessels have grown three-fold this year. Still, carriers say the increases don’t signal a rebound in global industrial demand over the long haul. Instead, the gains are driven by Brazilian mining giant Vale SA’s resumption of iron ore exports from the country after a series of fatal mining accidents closed down output for several months. Capacity also remains tight, but that will change this fall as vessels being retrofitted to meet new emissions rules return to service.\n\nE-COMMERCE\n\nA bulk ship at the Cargill Inc. port terminal at Santarem, Brazil. Photo: Dado Galdieri/Bloomberg News\n\nAmazon.com Inc. has a special deal for independent merchants on its platform,but it comes with a catch. The e-commerce giant is offering hefty marketing support for the sellers, the WSJ’s Jon Emont writes, as long as they give Amazon the right to buy the entire brand at any time for a fixed price, often $10,000. The program is part of a push by Amazon to obtain a stable of exclusive brands for its marketplace, and some critics say it demonstrates the power the big digital commerce platform has over merchants and the tough choice that sellers face in working with the retail behemoth. The brand-acquisition program is called Amazon Accelerator, and the company says it creates opportunities for sellers to gain traction on Amazon’s site while offering consumers a wider selection of products. Some sellers have a different view, with one calling it “a pseudo-partnership that’s completely one-sided.”\n\nQUOTABLE\n\n“Importers are lining up and there are not enough ships to keep up with demand.” — A Singapore shipbroker, on the surging dry-bulk market.\n\nIN OTHER NEWS\n\nManufacturing activity leapt in the mid-Atlantic region in July, rebounding from June’s four-month record low. (WSJ)\n\nNickel prices have increased 39% this year to a 12-month high. (WSJ)\n\nIran seized a small tanker it said was carrying smuggled fuel in the Persian Gulf. (WSJ)\n\nBoeing Co. said it will book a nearly $5 billion charge related to compensating customers for the prolonged grounding of its 737 MAX jet. (WSJ)\n\nPPG Industries Inc. says weak demand from industrial clients is hurting sales. (WSJ)\n\nSteelmaker NLMK Pennsylvania is laying off workers at its Mercer County, Pa., and reducing output as it copes with rising costs from tariffs. (Pittsburgh Post-Gazette)\n\nUnited Parcel Service Inc. drivers say the lack of air conditioning in vans and warehouses leaves them at risk of serious illness. (NBC)\n\nAmazon says it sold more than 175 million items during its Prime Day sale. (Sourcing Journal)\n\nOnline fashion retailer Asos pulled back its sales outlook after a botched rollout of new warehouses. (Financial Times)\n\nResidents in suburban Washington, D.C., question an apparent Amazon plan to put a massive warehouse in their mostly white-collar, African-American neighborhood. (Washington Post)\n\nJ.C. Penney Co. Inc. has hired advisers to explore debt restructuring options that would buy time for the retailer to forge a turnaround. (Reuters)\n\nNorth Dakota and Montana authorities want the Trump administration to overrule a Washington state law mandating safety restrictions for crude oil rail shipments. (Associated Press)\n\nJapan’s Nippon Express will start road tests of autonomous trucks next month with a unit of Volvo AB. (Nikkei Asian Review)\n\nU.S. regulators say they will permanently ban from trucking any drivers convicted of human trafficking. (Heavy Duty Trucking)\n\nPort terminal operator DP World is laying off 200 workers in Australia amid stalled union negotiations. (Sydney Morning Herald)\n\nA London-based shipbroker says it arranged the first freight derivatives trade for liquefied natural gas. (Lloyd’s List)\n\nOfficials in the landlocked Himalayan nation of Bhutan began an ocean shipping service. (Times of India)\n\nABOUT US\n\nPaul Page is editor of WSJ Logistics Report. Follow the entire WSJ Logistics Report team: @PaulPage, @jensmithWSJ and @CostasParis. Follow the WSJ Logistics Report on Twitter at @WSJLogistics.\n\nWrite to Paul Page at paul.page@wsj.com",
    "published": "2019-07-19"
  },
  {
    "source": "WSJ",
    "title": "Transcript: WSJ Interview With St. Louis Fed President James Bullard",
    "summary": "St. Louis Fed President James Bullard spoke with Wall Street Journal reporter Nick Timiraos on Thursday, July 11. He discussed his outlook for the economy and interest rates in an environment of heightened policy uncertainty. Here is a partial transcript of the interview, lightly edited for clarity and length.",
    "link": "https://www.wsj.com/articles/transcript-wsj-interview-with-st-louis-fed-president-james-bullard-11563528602?mod=Searchresults_pos10&page=74",
    "content": "St. Louis Fed President James Bullard spoke with Wall Street Journal reporter Nick Timiraos on Thursday, July 11. He discussed his outlook for the economy and interest rates in an environment of heightened policy uncertainty. Here is a partial transcript of the interview, lightly edited for clarity and length.\n\nWSJ: I want to understand better what changed for you on the policy outlook between early May—I think around then that you had made some comments to the effect that there had been a big shift earlier in the year in the policy path and you didn’t think a reduction in the funds rate was needed at that point—and by early June. You were calling for a rate cut. So can you walk me through what changed in that four week period for you?\n\nMR. BULLARD: I would say that a trade war intensified in the sense that it became clearer that the U.S. and China were not going to reach a deal that was definitive in short order. And instead that the trade negotiations were going to drag on for quite a while, that the issues that were being discussed were quite deep and problematic. And that it was going to take a long time to sort through these issues. I think also the threat to put tariffs on Mexico in an environment where we had already negotiated a deal with Mexico showed that the tariff issue was going to stay front and center regardless of the negotiations that had gone on previously because tariff issues have just become a lot more salient than they were during previous years when I’ve been tracking the economy.\n\nSo I would just describe this as increased uncertainty around trade arrangements not just on the U.S.’s part, but all around the world. And this trade uncertainty is affecting businesses inside the U.S., but it’s even more important for businesses that are based outside the U.S., and especially in smaller countries outside the U.S. Because they’re not sure—they might only have a couple of products that they’re exporting or working on and they’re not sure what the trade arrangements are going to be long term. And so therefore, this is having a chilling effect on investment around the globe. And I see that as slowing growth outside the U.S. and possibly feeding back to slower growth inside the U.S. Just the intensification of the trade war would be the short answer, but I gave a long winded answer. But intensification of the trade war would be the main story.\n\nWSJ: One comment I hear a lot from readers when I write about why the Fed has shifted to an easing bias and looks prepared to cut rates at the next meeting is, “Well, how will lower rates help cushion a potential adverse shock of a trade war?” It feels as if, if the trade uncertainty is really persistent, a quarter-point or two quarter-point cuts in the federal-funds rate might not do that much. What would you say to those sorts of concerns that a rate cut here just might not be a very helpful tool?\n\nMR. BULLARD: Well, I think the big picture is that the U.S. economy is doing relatively well even though the economy is expected to slow down in 2019 and ultimately post slower growth at the end of 2019 than it did at the end of 2018 or 2017. The risk would be that because of trade war intensification, that that slowdown is sharper than expected. So you’d be taking out some insurance against the sharper-than-expected slowdown in growth.\n\nI guess I want to pivot here a little bit and stress that it’s not all about a downside risk to growth in my mind because it’s also about recentering inflation and inflation expectations at the 2% target. Despite pretty good performance in the U.S. economy over the last two years and very strong labor markets in the U.S. over the last two years, inflation by the committee’s preferred measure remains below the 2% target and in inflation expectations as measured in [Treasury inflation-protected securities] markets have moved down sharply in recent trading. And so it’s hard to see based on those numbers exactly how we’re going to get back to the 2% target in a respectable time period much less maintain the credibility of the inflation target as the symmetric target over the forecast horizon.\n\nSo I think this is an opportune moment to do two things. Try to recenter inflation and inflation expectations back at the 2% target and take out some insurance against the idea that the trade war intensification will lead to a sharper than expected slowdown in the U.S. If the slowdown doesn’t materialize, the only thing that that would mean is that inflation would get pushed back toward target a little bit faster than otherwise. And that would probably be good news, not bad news. So I really think we’re in a good position here to take a precautionary rate cut and buy some insurance against a sharper than expected slowdown.\n\nWSJ: On the inflation recentering argument, the pushback I’ve heard, I’m sure you’ve heard it, is, well, one cut in the rate won’t do much. It will be symbolic, but the models would suggest you need several rate cuts in order to generate the kind of growth that might that might help you there. What is your take of that line of argument?\n\nMR. BULLARD: Well, this is a hairsplitting business and sure you could always argue that we might have to do more in the future and maybe we will. But I think for now, given the totality of the picture on balance of 25 basis point cut would push us in the right direction and we can wait and see how things develop going forward.\n\nWSJ: The other comment I hear from some people, I know you said you’ve penciled in two potential cuts for this year, but you don’t think that you need a half point cut necessarily at the next meeting. I guess the question there is why not? If you think the economy is going to need that kind of support, wouldn’t it be better to do it all at once when you might have a chance to really surprise financial markets, generate a bigger boost to financial conditions and get the most bang for your buck out of that insurance policy?\n\nMR. BULLARD: I guess I would listen to arguments along that line, but at least sitting here today, I just don’t think the situation really calls for that aggressive of a move. I think even going 25 basis points in an environment where we’ve already called off the interest rate increases for 2019 earlier this year, and we’ve got a 10-year [Treasury] that used to be trading in 3.25% now trading or you know, closer to the 2%—in that environment where you’ve had that much of a sea change in monetary policy already where and then we’re going to add on top of that a rate cut, it seems to me that that’s the right thing for this environment. It feels right to me.\n\nWSJ: The same argument—possibly you made it for the June meeting—if you think you’re going to need to take out insurance, why not do it sooner? What was the reception to that argument at the June meeting? Because the minutes suggested to me a lot of people seemed as if they recognized a cut was going to be needed and possibly fairly soon. The minutes seem to suggest maybe more than the dot plot did to me that there was pretty widespread openness if not support to a rate cut. So why wasn’t there more attraction to just get it over with in June?\n\nMR. BULLARD: I don’t know. You’d have to have others on the committee what their thinking on that issue. But I did argue for—obviously I dissented and said that we should have moved in June. I guess just tactically speaking, I don’t like to delay a policy move but hint that there’s a 100% chance that we’re going to do it at the next time. If you get into that kind of box, then you might as well just go at the previous meeting. So that’s what I argued would happen at the June meeting. And that is approximately, it looks like based on market pricing, what has happened here.\n\nSo I mean, you could argue that that’s all hairsplitting anyway, the market has priced this in and so all the committee has to do now is follow through. So maybe it doesn’t make that much difference in the big picture. But I would have preferred to just go ahead at the last meeting and then we would have gotten out of this argument about whether we’re going to do 50 basis points at the meeting and we would have been able to come into the July meeting and ask if more was needed or not. And to me that would have been a little bit better way to handle it. Although I appreciate that [Fed] Chair [Jerome] Powell has said, well, the developments that caused the change in thinking on the committee were so fresh in people’s minds that they probably weren’t ready to move at that particular juncture.\n\nWSJ: A lot of these developments were happening at the same time as that Chicago conference. Were people talking about getting on board with this idea of cutting rates at that conference? Were you part of discussions with people where this was something people were beginning to digest?\n\nMR. BULLARD: Well lots of people there that are kind of veterans of monetary policy and both on the committee and outside the committee. I’m not sure I can reconstruct conversations that occurred there. It was obviously in the news and, and the chairman had to make a decision about what he wanted to say at the conference. And he came down with the language of we will act as appropriate to sustain the expansion. Which is pretty good language I thought that the committee will do the right thing and will make the right assessment going forward.\n\nWSJ: The other pushback I hear, and I’m sure you hear it too, as to the risks of easing: There are two kinds of threads that I get in my email box a lot right now. One is, gee, aren’t we eating the seed corn? This is really precious ammunition to have for more of an emergency than where we may be right now. The other critique that’s out there is, maybe there isn’t so much a risk of inflation picking up here if policy is made more accommodative. But what about asset markets and financial stability. A rerun of 1999-2000 after the insurance cuts of ’98. What would be your take to both of those lines of argument?\n\nMR. BULLARD: I don’t think we’re in a situation that approaches the dot-com bubble of the late ’90s or the housing bubble of the mid-2000s. We are keeping track of financial instability risks. Our radar’s considerably stronger than it was precrisis. The committees is briefed at least quarterly on these issues. And so I think we’re better in sync with problems that might be developing. I don’t see something of the magnitude of those two previous bubbles right now, although I’d be willing to listen to arguments about that.\n\nOn the issue of keeping your powder dry for when you really need it, I think the lesson of the last 20 years from Japan and Europe is that you don’t want to be waiting around to see if you’re going to end up back at the zero lower bound and then having to conduct unconventional monetary policies of one kind or another. To the extent possible, you really want to keep the expansion going and if anything probably overshoot your target rather than undershoot your inflation target in good times because at some point we’ll get hit with some big shock and we’ll have to move. But we want to keep the expansion going to the extent we can so that we don’t get into trouble later.\n\nWSJ: And I suppose on that argument, it reads to me like there’s a pretty good body of research now that when you’re closer to the lower bound, sooner and stronger is more appropriate. Is that part of the thinking there?\n\nMR. BULLARD: Yeah, and I think the chair used the phrase an ounce of prevention is worth a pound of cure. That is the spirit of some of the research that has gone on. But my idea is that this is just an ideal time to go ahead and make the rate cut because if anything you would just push inflation closer to the target that much faster. And you’d take out a little bit of insurance against these global risks that have intensified.\n\nWSJ: If you were to cut rates before September, when the balance sheet runoff ends, would it be at cross-purposes to be lowering the funds rate and running down the balance sheet? Should that end point be pulled forward by two months?\n\nMR. BULLARD: You know, I felt on this issue that the committee has already thought about its strategy for the balance sheet. We came to a decision. We said we would end the balance sheet runoff this fall. My preference is just to stick to the plan, and I feel like the decision’s already been made. It would hardly matter at all if we moved it up a little bit or moved it back a little bit. It hardly has any influence at all. And I don’t want to give the perception that we’re bringing the balance sheet back into play right now as a policy tool. I think we want to just follow through on our plan. Let the balance sheet runoff end as scheduled. I don’t think we’d be working at cross-purposes or anything. I think that that’s all been priced in already anyway.\n\nWSJ: You didn’t see a strong case for some of the rate increases last year. And I’m curious how much—maybe it’s impossible to know—is there a sense that even if you did not have kind of this confidence shock from the trade escalation, that there was already a broader slowdown in place last year abroad? Would it be fair to say that even if it had not been for the trade uncertainty, we might be seeing a slowdown in global economies right now?\n\nMR. BULLARD: I guess my basic view is that the committee was able to normalize the policy rate, but that was because the economy surprised to the upside in 2017 and 2018. We ended up with faster than expected growth in both of those years. Because of that, the committee was able to carry through on its plans to raise the policy rate. But those plans have been predicated on slower growth rates and weaker labor markets than what actually transpired. So what actually happened in my view is that the committee laid out a path for normalization that was predicated on 2% growth and 4.5% unemployment. But they followed through with the normalization plan as unemployment went down to 3.6% and growth increased all the way to 3% year over year. So it’s a little bit surprising that the committee did not move more aggressively than they did given that the economy surprise to the upside during those two years.\n\nSo I would say that as I was sitting in these meetings, that I would have acquiesced to all of the rate increases until last December because the data kept surprising to the upside and the labor market kept surprising with lower and lower unemployment. And I was willing to give the benefit of the doubt on that. And go ahead with the normalization plans. When we got to December I think it was clear that almost everybody, the private sector forecasting community and most Fed participants, they were all predicting less growth in 2019 than 2018. So we had reached the peak and things were going to slow down from there. Everyone seemed to agree on that. But at that point, the committee was still projecting that we were going to raise the policy rate by another, let’s say 100 basis points over the forecast horizon. It’s that point where things broke down and I was opposed to the December rate increase.\n\nWSJ: But is there any sense that the Fed’s own policy moves last year might have had a greater impact on tightening conditions than previously anticipated?\n\nMR. BULLARD: I don’t know. I think even in the September time frame last year when growth was sort of peaking out, the news was the very strongest that it was, the 10-year was trading at over 3.25%. Even at that point, most forecasters had 2019 as a year of slowdown because people were saying that the fiscal stimulus was going to wane and that other factors might weigh on global growth and slow things down. Also, you had European data coming in weak in the second half of ’18. So you had plenty of reason to think that 2019 would be a slower growth year, and was it really realistic to think that you’re going to continue to be able to normalize as the economy slowed down? I think that was something that I brought up at the time as to whether that was really going to be possible.\n\nWSJ: To switch subjects, I wanted to ask about [St. Louis Fed research director] Chris Waller and the Fed nomination. Is it fair to say that in your conversations with [chief White House economic adviser] Larry Kudlow, you had suggested that they looked at Chris for that nomination?\n\nMR. BULLARD: Well, I like Chris and I would certainly recommend him to anyone who’s looking for a good economist and so I think it’s fair.\n\nWSJ: What are the strengths that you think he would bring to that job?\n\nMR. BULLARD: First of all, he’s a well-known economist with a long a track record in academia. He was a chaired professor at Notre Dame before he came here to the bank. Notre Dame is kind of a “new Ivy” type of a university. He rebuilt the economics department there, then he came here. He’s been here for a decade, which means that he has lots of experience with the [Federal Open Market Committee] itself. He’s been to 60-plus meetings of the open market committee. So he has deep experience in the day-to-day of monetary policy. If you look at his research, which is lengthy, he has worked a lot on central bank independence and is actually a world expert on that subject…We actually did an entire annual report on central bank independence at one time and he was the main author there…I just think he’s an outstanding candidate for the current situation. I think he brings a lot to the board of governors.\n\nOne other thing about this is it’s relatively common within the Federal Reserve System that people that are in the research director position end up in a policy-making position at some point…So it would be very much in keeping with part of the tradition of the Fed. I wouldn’t want to fill up the entire Fed with people that were of this type. And I think we have other people with other backgrounds and I think that is great. But his appointment would be very much in keeping with the other appointments that have been made.\n\nWSJ: Larry Kudlow had said the other day that you had been interested in the governor position if you could keep your current job. How did those discussions evolve?\n\nMR. BULLARD: Yeah, I don’t know. He said he had talked to people and I’m not sure everybody that he talked to. But I would just say that these kinds of discussions are exploratory in nature and I have long said that I already have a seat on the FOMC and it doesn’t make that much sense for me to go through another process in order to arrive back at the FOMC but sitting in a different chair. I think for Chris it probably does make sense because this is a way for him to get into a policy-making role and that’s why it’s turning out the way it’s turning out.\n\nWSJ: As part of those exploratory conversations, did you ever speak with the president?\n\nMR. BULLARD: I have not spoken with the president.\n\nWSJ: The president’s criticisms have been repeated, sustained. I saw your comments about how real-estate executives like low rates. But I wonder are the criticisms, the sustained nature of the criticism with the not so veiled threat behind it to maybe make a personnel move in the chair if he doesn’t get the policy he wants—do you have any reason to believe that those criticisms are leading more of your colleagues to support easing the funds rate?\n\nMR. BULLARD: I doubt it. I think the president, in my opinion, is just saying what he really thinks, as he does on all issues. I think he has strong opinions about interest rates because he comes from an industry where you would naturally pay a lot of attention to interest rates and you would naturally have lots of opinions about interest rates on what you think the central bank should be doing. But as I said yesterday, other politicians also comment on Fed policy. The chairman was just testifying before the House Financial Services Committee and the Senate Banking Committee.\n\nAnd in those forums, various politicians get to say whatever they want to say, good or bad, about Fed policy and I don’t mind feedback. I’m used to kind of swirling debate that goes on 24 hours a day, 365 days a year, all around the globe about what Fed policy is, why we’re doing things right, why are we doing things wrong and how it’s changing every day as new data comes in. And so I like that kind of feedback. I have my own compass about what I think we should be doing, but I also like to get feedback from others. Obviously the president’s microphone is a little bit bigger than others, but in terms of people commenting in various ways, in various forums, that doesn’t bother me. I like to get input on policy and when we’re trying to come to a decision, the committee does have a mandate that’s in law that says you’re supposed to try to keep price changes low and stable and keep as close to full employment as you can. And people can interpret those terms as they might wish to. But this is all a debate about tactics to reach those ultimate goals.\n\nAnd I think the committee frankly has made some awfully good calls in the last couple of years. We’ve been able to normalize rates in an environment where other central banks haven’t been able to do that. And we had an economy that’s been doing very well on the labor dimension and generally speaking quite well on the inflation dimension, also, even though I’m complaining a little bit that we’re a little bit short of our goal. But in the big picture, these are very good outcomes for the Fed. I mean just compare where we are today to 1980 or something like that where you had double-digit unemployment and double-digit inflation. The Fed was a million miles from its goal. So the nature of the criticism today is sort of small potatoes compared to the criticism that would have been around in the early ’80s as just an example where the Fed was way off from its mandated goals and needed to really do a lot, which took decades really to contain.",
    "published": "2019-07-19"
  },
  {
    "source": "WSJ",
    "title": "Boston Fed’s Rosengren Says Recent Economic Developments Have Been Positive",
    "summary": "Central banker says he doesn’t want to presume the economy will be much weaker later this year",
    "link": "https://www.wsj.com/articles/boston-feds-rosengren-says-recent-economic-developments-have-been-positive-11563568200?mod=Searchresults_pos5&page=71",
    "content": "Boston Fed President Eric Rosengren said, “By and large, the news we’ve gotten over the last month has been positive.”\n\nBoston Fed President Eric Rosengren offered little indication that he sees a pressing need for an interest-rate cut this month during an interview with The Wall Street Journal, pointing to economic data and developments that have improved since the Fed’s decision to hold rates steady last month.\n\nMr. Rosengren said on Thursday he would wait until the July 30-31 monetary-policy meeting to decide whether a rate cut would be appropriate, but said he was heartened by signs the U.S. economy has performed better than expected since the central bank’s June meeting.\n\n“By and large, the news we’ve gotten over the last month has been positive,” he said.\n\nMr. Rosengren cited a reduction in trade tensions following the G-20 summit in Japan last month and strong reports on U.S. employment and consumer spending in June.\n\nTranscript WSJ Interview With Eric Rosengren\n\nHe also said recent inflation data indicated weakness earlier this year looked transitory. “The view that was held at least earlier in the spring, that the weak inflation numbers that we were seeing were likely to be temporary, seems to be actually occurring,” he said.\n\nMr. Rosengren said economic activity in Europe had weakened and data on China had been mixed, with trade tariffs and policy uncertainty adding to a slowdown.\n\n“The question is how much more negative is it going to get? And I think that’s extremely hard to predict at this stage,” he said. “We should just look at what the data is telling us, and not presume … that the economy will be much weaker as we get into the second half of the year.”\n\nFed Chairman Jerome Powell and Vice Chairman Richard Clarida have indicated in recent public appearances that they are prepared to support a pre-emptive rate cut, given muted inflation and risks of a sharper-than-anticipated slowdown due to trade uncertainty and global weakness.\n\nMr. Rosengren, however, echoed concerns made by other Fed bank presidents this week about the potential risks of such a move. “It’s not costless to be pre-emptive,” he said. With stock markets at all-time highs and business debt at historically high levels, “reducing interest rates at this stage of the financial cycle won’t be costless if it encourages a ‘risk-on’ behavior that actually makes an eventual pullback sometime in the future more costly.”\n\nHe said a greater diversity of views among his colleagues right now wasn’t surprising, given the difficulty forecasting how trade disputes and other unknowns might influence the economy. Because monetary policy takes time to influence the economy, Fed officials set rates with an eye toward how they expect growth to unfold over the following year or so.",
    "published": "2019-07-19"
  },
  {
    "source": "WSJ",
    "title": "When It Comes to Taxes, Sometimes It Pays to Say ‘I Don’t’",
    "summary": "Committed couples who decide not to tie the knot can reap substantial tax savings",
    "link": "https://www.wsj.com/articles/when-it-comes-to-taxes-sometimes-it-pays-to-say-i-dont-11563528633?mod=Searchresults_pos3&page=16",
    "content": "More than two million American couples will get married this year. Many of them will pay more in taxes because they tied the knot.\n\nThe Republican tax overhaul passed in 2017 lowered the cost of being married for many couples. Even so, being married is often more expensive than being two single filers come tax time. If a couple has children and both spouses earn income, they can owe Uncle Sam thousands of dollars every year just for being married.\n\nThese marriage penalties, as they’re called, prompt some committed couples to leave the knot untied. Some even have big weddings but don’t marry legally.\n\nWhile most couples choose to keep this decision private, one famous (well, famous for economists) couple has been pretty open about the decision.\n\nBetsey Stevenson and Justin Wolfers, economists with international reputations at the Gerald R. Ford School of Public Policy at the University of Michigan, have been together for years. They are the parents of two children. But they aren’t married and say one reason is taxes.\n\nShare Your Thoughts Have you, or anyone you know, married or not married for tax reasons? Join the conversation below.\n\nFiling as two single people provides the couple with significant tax savings, according to Ms. Stevenson, though she declined to say how much.\n\nBy being public, the couple hopes to stimulate policy discussion.\n\nA common complaint about the current tax structure is a difference between couples that have similar incomes and couples in which one partner earns much more. Under the law, a couple whose incomes are far apart often pay less if they’re married, while couples whose earnings are more evenly split often pay the same as or more than two singles.\n\n“Any household where one earner is generating the same income that Justin and I generate together is better off than we are, because of the value of the stay-at-home spouse’s time,” says Ms. Stevenson. She has proposed a tax credit for the second-earning spouse.\n\nHere’s how marriage bonuses and penalties work in practice, based on examples computed on the Tax Policy Center’s 2019 Marriage Calculator. It’s free and useful for what-if calculations.\n\nMarriage Penalties Many tax provisions penalize married joint filers because the benefit for them isn't twice the amount that single filers receive. Single filer Joint filers Maximum deduction for student-loan interest $2,500 $2,500 Maximum capital losses deductible from ordinary income 3,000 3,000 Maximum deduction for state and local taxes 10,000 10,000 Traditional IRA deduction disallowance begins 64,000 103,000 Roth IRA contribution disallowance begins 122,000 193,000 3.8% tax on net investment income begins 200,000 250,000 Additional 0.9% Medicare tax on wages begins 200,000 250,000 20% rate on certain capital gains and dividends begins 434,550 488,850 37% rate on taxable income begins 510,300 612,350 Mortgage debt eligible for interest deduction 750,000 750,000\n\nSay that two couples each have total income of $225,000 and no children or itemized deductions.\n\nIn the first couple, one partner earns $210,000 and one earns $15,000. If they marry, they’ll save about $8,400 compared with filing as two singles.\n\nIn the second couple, one partner earns $145,000 and the other earns $80,000. Being married will save them about $300 compared with filing as two singles.\n\nThings change if each couple has two young children and typical deductions for mortgage interest, state taxes and charity. The couple with one high and one low earner has a marriage bonus, although it drops to about $3,200.\n\nThe second couple now has a big marriage penalty.\n\nThey owe about $4,000 more than they’d pay as two single filers—just for one year. Having a $50,000 capital-gain windfall would add nearly $1,000 to their penalty.\n\nThe reasons for these disparities are complex, says Roberton Williams , a tax economist at the University of Maryland.\n\nHe says that in a system that imposes higher rates as income rises, like America’s, it’s impossible to tax married couples based on their total income regardless of who earns it while also taxing married couples so they owe the same as two single people.\n\n“The U.S. system creates marriage bonuses and penalties. Other countries avoid this by taxing married couples as two individuals,” Mr. Williams adds. Shifting to such a system could be difficult in the U.S., in part because of community-property laws in some states.\n\nThe tax code also has marriage penalties in specific provisions.\n\nFor example, singles can’t directly contribute the maximum amount to a Roth IRA for 2019 if they earn more than $122,000. For married couples the limit is $193,000—not $244,000.\n\nThe 2017 tax overhaul repealed some marriage penalties and broadened some tax brackets, helping many two-earner married couples. But it retained other marriage penalties and added more.\n\nOne is the new $10,000 limit on deductions for state and local taxes, or SALT. This limit is per return, so married joint filers who list deductions on Schedule A get only a $10,000 write-off, while two single filers living together get a $20,000 write-off.\n\nAffluent married couples hoping to buy a home in expensive areas like San Francisco, Washington, D.C., or New York could also feel a pinch. The overhaul dropped the maximum mortgage debt that’s eligible for an interest deduction on new purchases to $750,000 from about $1 million, and the limit is per return.\n\nSo an unmarried couple can deduct interest on $1.5 million of mortgage debt, while the limit for a married couple is $750,000.\n\nFor couples contemplating marriage, estimating the tax cost can be hard.\n\nOne reason is that marriage penalties often vary over time. For example, a two-earner couple may not owe a penalty when they are first married. If they become a one-earner couple when they have children, they may get a marriage bonus.\n\nIf both spouses work and prosper, however, their penalty could grow.\n\nSays Ms. Stevenson: “People tell me, ‘I didn’t mind paying more tax when we were first married, but now it’s enough to put a dent in college tuition.’”\n\nLaws also change. Marriage penalties removed by the 2017 overhaul will return after 2025 if Congress doesn’t act.\n\nYet another complication is that the U.S. tax code provides marriage bonuses, even to couples who owe marriage penalties. For example, a spouse who inherits a traditional IRA or 401(k) account has better options than a non-spouse heir.\n\nUnmarried couples face other costs and issues, of course. They may pay more for health coverage, and they have to prepare two tax returns. They’ll need to take special care with health proxies, powers of attorney and other legal documents giving them decision-making powers over each other and children.\n\nMarried couples who currently owe penalties have options for lowering them, but not many.\n\nOne is to reduce reported income where possible, say by contributing to tax-deductible retirement plans or spreading taxable capital gains over more than one year.\n\nAlso consider the “married, filing separately” status. This choice doesn’t allow couples to file as two singles, and it usually raises taxes. But sometimes it lowers them, as when one partner has a small business that qualifies for a 20% deduction if a higher-earning spouse’s income is excluded. It could also help if one partner has high medical expenses.\n\nHow about getting divorced? That’s a lot harder than getting married. And the Internal Revenue Service for decades has had the power to disregard divorces that are solely for tax reasons.\n\nWrite to Laura Saunders at laura.saunders@wsj.com",
    "published": "2019-07-19"
  },
  {
    "source": "WSJ",
    "title": "The Most Important Ingredient in Hit Cooking Videos—Beautiful Hands",
    "summary": "Chefs tend to wear their scars and burns as a badge of honor, unless their hands are ready for a close up",
    "link": "https://www.wsj.com/articles/the-most-important-ingredient-in-hit-cooking-videosbeautiful-hands-11563547448?mod=Searchresults_pos18&page=9",
    "content": "Alvin Zhou laid all the ingredients for a triple-decker cheesecake tower on a kitchen counter. Then he reached into his backpack for a secret one—concealer to hide a small scar just above his left knuckle.\n\n“This stuff is like magic,” says Mr. Zhou, who makes cooking videos. “We get comments all the time about our hands.”\n\nIt used to be that chefs considered burns and scars a badge of honor. Now, bird’s-eye views of cooks slicing and dicing and performing kitchen magic have become big business on Instagram, Facebook and YouTube. They want their hands looking dazzling.\n\nStubby, gnarled, hairy or pudgy fingers are all considered unappetizing. Long nails and bright polish usually are no-nos, too, because they could clash with the food, says Sharon Rechter , president of First Media, a company that produces cooking videos through its So Yummy brand.\n\nWith the average food publisher notching five times as many video views on Facebook last year than the average U.S. publisher, according to media monitoring company Shareablee, presentable paws command a premium.\n\nAlvin Zhou works on a video of triple-decker cheesecake tower. Photo: BuzzFeed Tasty\n\nMany video chefs had little or no cooking experience before landing their jobs. Producers try to match those with precise, graceful hand movements to intricate work such as decorating cakes. Those with heftier hands are tasked with making comfort food such as macaroni and cheese, says Ms. Rechter.\n\n“The hands are the primary means to establish trust with our viewers,” says Tess Panzer , creative director at So Yummy. “If the hands aren’t confident and relaxed, the viewers aren’t confident and relaxed. When I get newbies, the minute the camera goes down, the hands become tense and malfunctioning, and they have no idea what they’re doing. That’s the biggest point of training. Get the hands to be completely and utterly relaxed.”\n\nMr. Zhou, whose hands appear in some of the internet’s most-watched cooking clips, has been making videos for Buzzfeed’s Tasty brand since 2015. His hits include “Sliders 4 Ways” (211 million views on Facebook) and “Mirror Glaze Cake” (more than 150 million views).\n\nA hand scar was covered with concealer before this video was made.\n\nTasty alone notched 1.2 billion Facebook views for its videos in May, nearly double what it did in June of last year. Many were shot with a camera pointing down from the ceiling to the kitchen counter. They rarely show the cook’s face—only a tight frame around a dish being prepared by a graceful, beautifully cared for pair of hands.\n\nShare Your Thoughts Do you get a manicure before chopping vegetables? Join the conversation below.\n\nMr. Zhou, who trained as a classical pianist before landing his video-chef gig, has muscular hands. Besides the damage to his knuckle, he covers up a scar on his right hand where a piano teacher, he says, once stabbed him with a pencil after he flubbed a note.\n\nWhen Mr. Zhou seasons a dish, “he likes to do a swirl, like he’s casting a spell,” says Vaughn Vreeland , a former colleague at Tasty who now works at a New York Times cooking site. “He swishes and flicks.” The idea, Mr. Vreeland says, is to make viewers feel “they are the ones doing the cooking.”\n\nMr. Vreeland says he got a $20 manicure before his own job interview with Tasty.\n\nAt Hearst Magazines’ Delish brand, Lauren Miyashiro is known for making large foods, such as 8-pound bagels, giant Pop-Tarts and doughnuts as large as a dozen. She has two burn scars from working at Delish: one on her right hand and the other on the left arm. She doesn’t bother to cover them up.\n\n‘Cheese pulls’ often lead to more views.\n\nHer former Delish colleague Lindsay Funston was known as the master of the “cheese pull,” the photogenic effect that comes when melted cheese is pulled apart in long strands, often leading to more views. Some of the people she used to work with said her hands look like claws in some of the videos.\n\nViewers can be unforgiving. When Tara Maini made mac-and-cheese burgers for the U.K.-based cooking brand Twisted, viewers called her fingernails “grubby” and “gross.” “Let’s hope she didn’t lose a nail in there somewhere,” one wrote.\n\nMs. Maini is more careful now about taking care of her hands. She says she gets fortnightly manicures and expenses them to her company. When she joined a netball team last year, a referee asked her to cut her nails so she wouldn’t scratch anybody. She wouldn’t. “I’m now the oddball wearing gloves to play,” she says.\n\nVideo editing can correct some mistakes by online chefs, and camera angles can make hands appear smaller and daintier than they really are. Even so, Mr. Zhou says it is important to make sure his movements are as fluid as possible, like a choreographed routine.\n\n“Cooking on camera is different,” he says, “but trying to keep it natural is still key. It needs to be realistic.”\n\nSome viewers of this video criticized the condition of cook Tara Maini’s hands.\n\nMs. Panzer, the So Yummy creative director, says there is another element to the best cooking videos. “What I try to establish with my hands, in particular, instead of just doing it, I’m doing it just so. There’s this grace and elegance to it. It’s very relaxing. People tell me they lie in bed at night and just watch videos till they fall asleep.”\n\nHand models looking to break into the cooking-video business realize that they can’t get by on beauty alone.\n\nJohnny Tyronne got work modeling watches and colognes before investing $100 in a course on knife skills at the Institute of Culinary Education in New York. He says he wanted to learn how to quickly and safely chop fruit and vegetables like his knife-work role model, British chef Jamie Oliver .\n\nHe recommends that other hand models get their own sets of knives and keep them sharp.\n\n“Food is the biggest market,” says Mr. Tyronne, who lives in New York. “Just by learning how to use knives, I booked quite a bit of work.”\n\nWrite to Nick Kostov at Nick.Kostov@wsj.com",
    "published": "2019-07-19"
  },
  {
    "source": "WSJ",
    "title": "Central American Migrants Are ‘Voting With Their Feet’ Despite U.S. Threats",
    "summary": "U.S. aid cuts to Northern Triangle countries aren’t slowing migration because the billions of dollars in remittances migrants in the U.S. send back home is much bigger",
    "link": "https://www.wsj.com/articles/central-american-migrants-are-voting-with-their-feet-despite-u-s-threats-11563528602?mod=Searchresults_pos19&page=54",
    "content": "CHINACLA, Honduras—President Trump’s government recently announced more than $560 million in aid cuts to Honduras, Guatemala and El Salvador—the Northern Triangle—in a bid to pressure them to slow the flow of migrants to the U.S.\n\nBut the plan faces a grim economic reality: aid isn’t nearly as vital as the billions of dollars in remittances sent home by migrants in the U.S.\n\nThat gives thousands of poor farmers here in a vast region of tropical forest and farmland in southern Honduras a strong incentive to migrate in search of better wages and economic stability. And it gives the Central American governments little incentive to stop them.\n\nFamilies that benefit from a program funded by the USAID met in the village of Chinacla, Honduras. Photo: Daniele Volpe for The Wall Street Journal\n\n“No amount of economic development aid is going to greatly transform economic opportunity in the Northern Triangle in short order,” said Michael Clemens , an economist and senior fellow at the Center for Global Development, a Washington think tank. “In contrast, remittances are critical across the region to shield families from poverty and from bad shocks from things like crop failures—which drive more migration.”\n\nRemittances totaled $4.8 billion to Honduras, $5.4 billion to El Salvador and $9.5 billion to Guatemala in 2018, according to data compiled by the World Bank, numbers that have steadily risen for more than a decade as more immigrants come and find higher-paying jobs. By contrast, the U.S. sent a total of $2.6 billion to the entire region over the last four fiscal years.\n\nManuel Sosa , 41 years old, saved $30,000 working construction jobs in New Jersey in the early 2000s, which he used to build a house and a small corn and vegetable farm near the tiny village of La Estancia, where he and his wife raised five children.\n\nBut that money is long gone and no new remittances are coming in. Now he earns less than $5 a day—like more than 60% of Hondurans—and last year his family relied on emergency food aid from the U.S. government to cope with a brutal drought.\n\n“If the crops fail again this year, I’ll have to migrate again,” he said.\n\nHondurans depend on remittances in part because their government spends so little on social programs like schools, hospitals and child care programs. Honduras spent $200 a year on average on health care for each of its citizens in 2016, Guatemala spent $241 and El Salvador, $294, according to the World Bank’s latest figures. The Latin American country average was $583, while the U.S. spent $9,870.\n\nManuel Sosa, a farmer who has benefited from American aid programs, says he would consider migrating to the U.S. if his crops do poorly. Photo: Daniele Volpe for The Wall Street Journal\n\nThe World Economic Forum, a Geneva-based group that ranks countries based on competitiveness and the effectiveness of public spending, ranks Honduras 107th out of 137 countries in the quality of its primary education. Guatemala ranks 130th and El Salvador 128th. All three countries sit near the bottom of global rankings in corruption, extortion and criminal violence, factors that have driven migrants to the U.S. in recent years.\n\n“By voting with their feet, the migrants are sending a very clear signal,” said William Easterly, an economist at New York University and a well-known critic of international aid programs. “They are telling us that aid is not working for them, that they like the American model, American institutions and the higher wages in America.”\n\nThreatened with tariffs from the U.S., Mexico recently agreed to enforce its border with Guatemala. The country now has less than a month to contain surging migration from Central America. WSJ’s Santiago Perez travels to southern Mexico to see the effects of increased border enforcement. Photo Illustration: Drew Evans/ Video: Jake Nicol/​WSJ\n\nThe State Department plans to suspend or redirect about $564 million in funds allocated over the past two fiscal years. This week, the State Department advised Congress of its first proposed reallocation of the Northern Triangle funds: $41.9 million in development aid to support the government of Venezuelan opposition leader Juan Guaidó . While the U.S. will continue to fund some health, human rights and pro-democracy initiatives in the Northern Triangle, most violence-prevention and development aid will be cut, including to farmers.\n\nHistorically, Mexico and Central American countries have done little to slow migration. But under U.S. pressure, that is starting to change.\n\nIn Guatemala, President Jimmy Morales ’s government had negotiated an agreement to accept U.S.-bound asylum seekers from El Salvador and Honduras, although this week the pact was blocked by Guatemala’s highest court.\n\nOn Monday, the U.S. announced a new rule that requires migrants seeking asylum to apply for it in transit countries rather than in the U.S. If the rule withstands court challenges, it could deter Central American migrants from entering the U.S.\n\nA girl in Chinacla. Photo: Daniele Volpe for The Wall Street Journal\n\nA bean harvest that was helped by a USAID program. Photo: Daniele Volpe for The Wall Street Journal\n\nLast month, the U.S. persuaded Mexico’s government to crack down on Central American migrants crossing its territory with threats to impose tariffs on Mexican imports.\n\nThe U.S., however, trades much less with the Northern Triangle countries, leaving development aid, rather than tariffs, the more important pressure point. Still, even that may be ineffective.\n\n“I don’t think that the Central American governments are going to be so easily blackmailed by withholding aid,” said Adam Isacson , a Central America expert at the Washington Office on Latin America, a think tank. “Central America aid was mostly intended to benefit poor Central Americans facing strong incentives to migrate” rather than government officials with the power to make decisions about migration policy.\n\nHere in the small town of Chinacla, in the heart of a region known as Central America’s Dry Corridor, U.S. aid money hasn’t stopped farmer Francisco Mejia ’s family from succumbing to the lure of better wages and stability up north.\n\nLast year, a contractor funded by the U.S. Agency for International Development, or USAID, helped him install an irrigation system for his coffee, corn and bean crops. He added acreage and prepared for a bigger harvest. Even so, meager work opportunities sent his youngest son Edwin, 26, to sneak into the U.S. this year, where he was apprehended and put in a detention center.\n\nFrancisco Mejia, right, and his son Elvin Antonio in their bean field, which uses an irrigation system that was funded by USAID. Elvin Antonio is considering migrating to the U.S. due to his poor wages. Photo: Daniele Volpe for The Wall Street Journal\n\nMr. Mejia’s elder son, 30-year-old Elvin Antonio, earns about $15 a week working as a farmhand, or barely enough to support his wife and 2-year-old daughter. Despite his brother’s fate and hardening Trump administration policies, he says he, too, may try his luck on the migrant trail through Mexico.\n\nEven the son of Chinacla’s municipal president, a relatively wealthy coffee grower, fled to the U.S. a few months ago.\n\nThousands of farming families here depend on emergency food distribution programs funded by USAID funds. In fiscal 2017, the U.S. administered $3.4 million for disaster response and $3.5 million under its Food for Peace programs in Honduras, reaching more than 25,000 people, according to U.S. government figures.\n\nBut in April, USAID sent out termination letters to about 250 agricultural extension workers, ending hundreds of programs that helped with irrigation, seeds, fertilizer and technical support.\n\n“This new situation is going to have a terrible impact,” said Denis Donaire , who runs a program Chinacla that helps farmers access irrigation sources. “It could provoke a new wave of migration.”\n\nWrite to Robbie Whelan at robbie.whelan@wsj.com\n\nShare Your Thoughts Should the U.S. cut or increase its foreign aid funding to Central America? Why? Join the conversation below.",
    "published": "2019-07-19"
  },
  {
    "source": "WSJ",
    "title": "Transcript: WSJ Interview With Boston Fed President Eric Rosengren",
    "summary": "Boston Fed President Eric Rosengren spoke with Wall Street Journal reporter Nick Timiraos on Thursday, July 18. He discussed his outlook for the economy and interest rates, inflation, financial stability and what happens at policy meetings. Here is a partial transcript of the interview, lightly edited for clarity and length.",
    "link": "https://www.wsj.com/articles/transcript-wsj-interview-with-boston-fed-president-eric-rosengren-11563568203?mod=Searchresults_pos9&page=45",
    "content": "Boston Fed President Eric Rosengren spoke with Wall Street Journal reporter Nick Timiraos on Thursday, July 18. He discussed his outlook for the economy and interest rates, inflation, financial stability and what happens at policy meetings. Here is a partial transcript of the interview, lightly edited for clarity and length.\n\nWSJ: How has the outlook for you changed since the May 1 meeting?\n\nMR. ROSENGREN: I would take it more from the June meeting than the May meeting because…since the last [Federal Open Market Committee] meeting, the news by and large has been positive. If you think back to the middle of June, one of the concerns was that at the G-20, one outcome from that was possibly going to be a more heated trade situation. And while no additional tariffs went on, and at this time it’s clearly not been solved, I think that some of the concerns with trade turning out to be more disruptive has turned out not to occur. So that was positive news. I’d say the second element of positive news was that we had a good employment report for June. It offset a weakness from the May employment report. Not only were there 224,000 jobs created in June according to the payroll employment number, but if you kind of average over the three months, you’re getting something that’s around a little bit above 170,000. So that even though May was weak, June was strong enough that we had pretty strong employment report overall. And we still have an unemployment rate that is relatively close to 50-year lows at 3.7%.\n\nTurning to inflation, I would say that the [consumer-price index] was a little bit stronger than many people anticipated. So currently the Dallas trimmed mean [measure of inflation] is at 2%. And my expectation—we’ll see if this occurs when the [gross domestic product] report comes out right before the FOMC—is that more than likely, the core [personal-consumption-expenditures price index] number for the second quarter is likely to be right around 2% on an annualized basis, which would be consistent with the Dallas trimmed mean.\n\nRelated Article Boston Fed’s Rosengren Says Recent Economic Developments Have Been Positive\n\nBasically the view that was held at least earlier in the spring, that the weak inflation numbers that we were seeing were likely to be temporary, seems to be actually occurring. When I look at many of the forecasters who track this quite closely, they seem to be thinking that the next quarter or two is likely to be right around 2%, very consistent with what the Dallas trimmed mean was telling us.\n\nThe fourth bit of news that we’ve gotten is the consumer is looking quite strong still. So the retail sales number, again, surprised on the positive side. So where does that put me for second quarter GDP? It looks like we’re going to be pretty close to 2%. That is certainly slower than the roughly 3% that we were seeing last year. But it’s still a little bit above many estimates of potential. I would say by and large, the news we’ve gotten over the last month has been positive.\n\nWSJ: But nevertheless, markets seem to expect at least one rate cut at the meeting in two weeks. Probabilities of a half point cut moved above 50% on Thursday afternoon. Are you prepared to support an interest-rate cut at the meeting in two weeks?\n\nMR. ROSENGREN: I am data dependent. I’m going to wait until we have all the data to go into the meeting and make that decision. I would say that it’s certainly good news that the bulk of data we’ve gotten over the last month has been positive. And my own interpretation of what’s happening with inflation is that we’re not likely over the course of this year to be very far away from 2%. It would be nice if it was a little bit stronger than it has been to date, but it does look like the inflation numbers over the next quarter or two are going to be closer to where the Dallas trimmed mean is, which is 2%.\n\nA number of people have highlighted uncertainty. So I think it’s important to talk about where the uncertainty lies. So if you look at the VIX, which is a measure to some degree of the volatility of stock prices, that’s not particularly high at this point. If you look at credit spreads, either from high yield or a lower end of the investment grade, they’re not particularly elevated right now either. If you look at something like the survey of professional forecasters, the forecast uncertainty that’s provided in that forecast—it’s a little dated now, it’s from May—but it doesn’t look outsized relative to what we were seeing before.\n\nWhere we are uncertain is whether there is a potential of greater trade uncertainty as we get into the fall. There is some uncertainty about what foreign growth would be. Europe has definitely been weaker. That’s one reason why you’re hearing European central bankers talking more about possible additional accommodation. Brexit’s looking a little bit less positive. It’s looking at least conceivable that we could have a more disruptive Brexit scenario sometime in the fall. We’ll see if that actually materializes.\n\nAnd the Chinese data has definitely been a bit mixed. They are definitely being impacted by the tariffs that have already gone on. There’s certainly the possibility that more tariffs go on in the future. There is uncertainty about what’s happening with global growth. That uncertainty is somewhat embedded in that 2% GDP growth though. So consumption is likely to be strong. That’s roughly 70% of the economy. In order to have strong consumption, but only 2% growth, that means the foreign sector and investment is likely to be a little bit weaker than certainly what we were seeing over the course of last year. So that trade uncertainty I think is playing out in a negative way. I think the question is how much more negative is it going to get? And I think that’s extremely hard to predict at this stage. So being focused on the data, I think we should just look at what the data is telling us and not presume necessarily that while there is uncertainty, that it will necessarily mean that the economy will be much weaker as we get into the second half of the year.\n\nAnd if you look at most of the forecasts done by people who use econometric models, they’re looking at growth around 2% for most of those forecasts as well. So the modal forecast, the thing that they think is most likely to happen, is around 2% growth, which is certainly slower than last year. But it’s also where are we in the current state of the economy. The unemployment rate is at close to a 50-year low. The stock market is a little bit down over the last couple of sessions, but it’s still relatively close to all-time highs. Overall when I think about how the economy looks, I actually have a relatively positive outlook, but certainly aware that both trade concerns and global concerns could possibly be greater than I’m anticipating.\n\nWSJ: I thought [New York Fed President] John Williams’s speech did a nice job of walking through some of the theory and practice over the last 20 years about the lower bound. Do you think that that “sooner and stronger” literature would argue for more aggressive or pre-emptive action right now? Or is the economy not weak enough to call those prescriptions into practice right now.\n\nMR. ROSENGREN: I would say based on what we’ve seen since the middle of June, the data has gotten somewhat stronger, not somewhat weaker. I do think that there is a more positive twist in how the data’s come in to date. I would also say that I do worry that it’s not costless to be pre-emptive, and the reason it’s not costless is I do worry about financial stability concerns. The stock market is at or close to all-time highs. The amount of corporate leverage that we have is also quite high. So reducing interest rates at this stage of the financial cycle won’t be costless if it encourages a risk-on behavior that actually makes an eventual pullback sometime in the future even more costly. We certainly do have to think about the zero lower bound. We certainly have to think about whether the economy is significantly weakening at this stage. And then we have to think about what the offset in costs would be to financial stability if we decide to be more accommodated.\n\nWSJ: It sounds to me like you are not ready to cut interest rates.\n\nMR. ROSENGREN: I’m not going to make that decision until the meeting. We have the GDP report and we have other data that’s likely to come out. And some of that uncertainty, both about international conditions and trade uncertainty, could change. And so I don’t think there’s any reason to make a decision until we’re at the point of the meeting and we have all the information available to us.\n\nWSJ: You mentioned some of the financial conditions—the VIX, credit spreads on high yield and investment grade—are not really signaling stress right now. Is it possible that financial conditions have been easier because markets anticipate Fed easing and do you have any level of concern that holding rates steady could lead to tightening in those credit and equity markets given market where market pricing is right now?\n\nMR. ROSENGREN: To rephrase your question, the bit of information that seems inconsistent with the story I’ve told is why the 10-year Treasury bond has gone from roughly 3.25% down to a bit above 2%. That’s a very big movement in the 10-year bond. How much information should we take from the fact that the 10-year bond rate has moved so much? One of the things I would highlight is that around the world, other central banks have been easing and because other foreign economies are weaker than the United States in many respects it’s not surprising that they’re easing. And because at least some of the economies, particularly those in Europe and Japan, are already at the zero lower bound, what that means is their actions are pushing longer term rates down more and more as they’re not getting the kind of stimulus they were hoping for.\n\nSo that reduction in rates, in some sense, some of the accommodation that you might want for the United States, it’s being provided by the level of accommodation that’s occurring from abroad, which is helping to push our long rates down as well. Some of the movement we’re seeing is reflecting that weaker global environment but has an implication for what asset prices look like in the United States. I do agree with you that the market is anticipating further easing, with some substantial easing. I would say that the evidence to date in the data doesn’t seem nearly as weak as what that seems to presume.\n\nWSJ: Has your view about the long-run neutral rate changed over the past nine months?\n\nMR. ROSENGREN: Over a longer period of time, it certainly has, as has the entire committee’s. Even my own sense is were mildly accommodated at this point already.\n\nWSJ: Do you think that the committee’s reaction function is changing? Because the labor market is still overshooting the median estimate of the natural rate of unemployment by about half a point. Taylor rules and other policy rules would say you’re raising interest rates under such a scenario, even if neutral is lower than thought. A number of people I’ve talked to in the markets look at that and say, “Gee, it seems like the reaction function is changing.” Do you agree with that?\n\nMR. ROSENGREN: There are a lot of things that don’t get summarized in most simple reaction functions. And one of that is that we want to have maximum employment and stable prices over time. So there are times where it makes sense, even though the current data hasn’t changed, that you may want to ease. The most obvious example of that would be periods where the stock market has declined very substantially over a short period of time but the real data has yet to reflect that. So examples of that are Long Term Capital Management, Sept. 11, October 1987—the three obvious cases where there was concern about stock market or financial conditions such as the stock market had gone down substantially. The incoming data at the time of the meetings did not reflect that and yet the Federal Reserve eased. So if you think that there are some conditions that make you pretty certain that the economy’s going to get weaker, you don’t necessarily want to wait until it actually occurs.\n\nThe question is, how apropos do you think that circumstance is to the current environment? And I do think that there are uncertainties. There are always uncertainties in the world. My modal forecast is for a reasonably good economy. We’ll see if some of the uncertainties that people are worried about. So I don’t know whether they’re putting more weight on tails of the distribution or maybe they think that some of those tails are more likely to occur than I do. Different assumptions can make a pretty big difference in a forecast. So if I assume no change in trade policy and somebody else assumes a trade war that reduces both business and consumer confidence, even though the data has been the same, we’ll get a very different forecast. People have to have their own assumptions about what’s going to happen going forward and they can react with—we can have the exact same reaction function. Because we are placing different assumptions on our model, we get a very different outcome. So I don’t know that you can draw a conclusion that the reaction function has changed. I do think that certainly some people’s comments around inflation would indicate that their coefficient on inflation is quite high so that even relatively small misses on inflation ought to be strongly offset. I would say that my own reaction function has not changed materially.\n\nWSJ: If monetary policy is being recalibrated to become easier than people had thought, and I’m not even looking ahead to the July meeting, but if you look at this year, removing rate increases from the forecast could be one example of that. So if you accept that maybe monetary policy has already been recalibrated to become easier than what might’ve been expected, the question is about regulatory policy. Should regulatory policy be recalibrated as well? There had been some moves to ease regulation. Now if monetary policy is changing do you think that regulatory policy and moves towards loosening rules could risk going too far?\n\nMR. ROSENGREN: That gets to the financial stability concerns. So if you move to a world where you’re having lower interest rates, one of the outcomes of that is that you’re going to see higher asset prices. And if you’re not sure those asset prices are going to be sustained over time, you’re going to be worried that financial stability concerns are ought to be a little bit more elevated. Now one way to react to is to change supervisory policy or if we had financial stability tools, which other than the countercyclical capital buffer, we don’t really have. And right now the [countercyclical capital buffer] is calibrated at zero. So we haven’t really used financial stability tools. That’s one reason to have a little caution with how much accommodation you want to do unless you see a material weakening in the economy because there are financial stability trade-offs that do occur as you have a more accommodative monetary policy.\n\nWSJ: I want to ask about the chairman’s leadership style. No chair has received the amount of kind of sustained and relentless criticism from the president, at least publicly, in recent memory. You sit up close to him, you’ve had a seat around the table for seven years watching him. For people who maybe don’t get to see him up close, how would you describe him as a leader through this period? How well do you think he’s managing all of that?\n\nMR. ROSENGREN: I’ll just speak in very general terms that I think he’s been managing the economy and the Federal Reserve quite well. That doesn’t mean I agree at every juncture, but it means by and large, I think he’s doing the right thing.\n\nWSJ: There are some people who can’t understand some of the shifts in policy and so they think that political concerns are seeping in. Do you see any evidence for that?\n\nMR. ROSENGREN: Political concerns have not altered the way I see the economy or the way that I go to the FOMC in any way.\n\nWSJ: And has it entered into the conversations that people are having?\n\nMR. ROSENGREN: It is not. When people see the transcript, they’re not going to see—the transcript is lagged, but when the transcript does come out, we’re still talking about the same kind of technical details that we were talking about three, four and five years ago. The nature of the debate changes over time, the discussions about how likely we are to meet our dual mandate over time.\n\nWSJ: This may be a silly question, but what actually gets decided at the FOMC meeting? At each meeting, are the arguments really about what’s going to happen, you know, two or three meetings down the road? Is every meeting live? Do people actually change their minds about policy at the current meeting?\n\nMR. ROSENGREN: I think historically if you look at transcripts, there are certainly meetings that I can remember myself that I’ve been at where it’s apparent that people changed their view based on the discussion that occurred at the meeting. I wouldn’t say it happens frequently. I mean, we spend a lot of time looking at data, getting briefed. We get briefing documents that come in on a pretty regular basis. So it’s not like we wait until the meeting to start thinking about these issues. But I would say that we do listen to the arguments that occur and I have certainly seen meetings in which the nature of the discussion changed people’s views.\n\nWSJ: Do you see evidence that even if it weren’t for this trade uncertainty, that there was a broader global slowdown in train and/or evidence that the policy stance may have had something to do with that?\n\nMR. ROSENGREN: As in, the slowdown from 3% to 2%?\n\nWSJ: I’m thinking more of the global manufacturing slowdown, the weakness, for example, in some of the PMIs, new orders, shipments and so forth.\n\nMR. ROSENGREN: I mean there are lots of reasons for why you could potentially see some slowdown in global trade and global manufacturing that isn’t necessarily driven by trade concerns. I do think the pattern that China seems to be disproportionately affected at a time when tariffs are going into place probably makes trade, at least, one of the more plausible reasons for why that’s true. I mean the United States is a country that buys an awful lot of goods from China. So the fact that we’re putting tariffs, and the tariff is a tax on goods. It’s not surprising that it is having an impact on China. I do think that you’re seeing some trade patterns change. You do talk to businesses that are diversifying their suppliers and moving some of the production out of China. So I think there is evidence actually that some of the trade disputes are having real effects and those real effects generate some costs to being to the global supply chains.\n\nIt’s not costless to move from China to another country and many of those other countries can’t fully make up for some of the production that was being done in China. So it’s not surprising that we’re in a period where firms are reassessing where they are operating and how the global supply chain works. And some of those are going to be short term costs that they’re going to be reflected in higher prices to consumers or potentially just a little bit more troublesome getting goods from one place to another. So I think the leading contender for at least some of the pattern is the concerns about trade.",
    "published": "2019-07-19"
  }
]