[
  {
    "source": "WSJ",
    "title": "Global Bond Rally Leaves U.S. Yields on Top",
    "summary": "Fed is widely expected to begin easing even as 10-year government bond yields elsewhere fall below zero",
    "link": "https://www.wsj.com/articles/global-bond-rally-leaves-u-s-yields-on-top-11564318801?mod=Searchresults_pos17&page=65",
    "content": "Mario Draghi, president of the European Central Bank, speaking at a news conference in Frankfurt Thursday, when the ECB announced measures to stimulate a wobbling eurozone economy.\n\nIn the global bond rally, the U.S. stands alone.\n\nMore than 90% of developed-market government bonds have yields that are lower than the Federal Reserve’s benchmark overnight interest rate, according to Bianco Research, up from about 40% in 2015. Even the yield on 10-year debt from Greece, buffeted in recent years by economic and political toil, trades below the federal-funds rate.\n\nThe Fed has raised interest-rates nine times in recent years, while the Bank of Japan adopted a negative interest-rate policy and the European Central Bank pulled rates further below zero. The divergence has contributed to a widening gap between the yields on U.S. government bonds and other sovereign debt.\n\nNow signs of slowing growth have pushed central banks around the world to lower rates or prepare other monetary stimulus, hoping to prolong the postcrisis economic expansion.\n\nSHARE YOUR THOUGHTS Should the Federal Reserve take a cautious or aggressive approach to cutting interest rates? Why? Join the conversation below.\n\nHigher interest rates can crimp growth by cutting down on borrowing and spending. Yet investors also see rising rates as a sign of economic strength. While investors expect the Fed to cut rates at its July meeting this week, and multiple times this year, Friday’s gross domestic product data suggest the U.S. continues to grow steadily, helping keep Treasury yields relatively high.\n\nThe Fed’s benchmark federal-funds rate has sat in a range of 2.25% to 2.5% since policy makers last raised it in December. The European Central Bank’s key rate has been below zero since 2014.\n\n“The Fed now finds itself where it’s getting dragged back to a slow-growth environment,” said Lynda Schweitzer , co-head of global bonds at Loomis Sayles & Co. The firm has sought higher yields in countries including Hungary, South Africa and Brazil.\n\nYields for 10-year government debt in nine countries, including Germany, Japan, Sweden and France traded below zero Friday. That means investors pay more for the bonds than the total of their face value plus all future interest payments, effectively paying those countries to hold their money. About 25% of all bonds in the world now have negative yields, according to Deutsche Bank Securities.\n\nNegative yields in Europe—particularly in Germany, the continent’s largest economy—point to a need for more government spending to lift growth and inflation, analysts said. Germany, where the yield on its 10-year government bonds has fallen below negative 0.4%, has been running a budget surplus, pulling money out of the economy.\n\n“Much of that has to do with tariffs, protectionism and the backlash against globalization,” said Kathy Jones , chief fixed-income strategist at the Schwab Center for Financial Research. “It points the finger at policy makers outside of central banks.”\n\nAt the same time, investors have been piling into bets that the Fed will reduce interest rates a number of times in the next 12 months. Federal-funds futures show investors place better-than-even odds that policy makers will cut interest-rates at least three times by the end of the year, according to CME Group data.\n\nThose expectations have pinned the yield on three-month U.S. government bills above the yield on the benchmark 10-year Treasury note for most of the past two months. Investors view that phenomenon, known as an inverted yield curve, as a signal of a coming recession.\n\nSome analysts said a resolution to trade tensions between the U.S. and China would help boost the world-wide economy. As China’s economic expansion has cooled, consumers there have reduced spending on imports from Europe, contributing to the slower growth there, analysts said.\n\nThe International Monetary Fund cited slower trade last week when it lowered its global growth forecast for 2019. Fed officials have also said that trade friction is an important factor in their decision-making.\n\nJames Bianco , president of Bianco Research, said he expects the Fed to cut interest rates a total of 1 percentage point in the next 12 months, starting Wednesday.\n\n“U.S. interest-rates are out of line with the rest of the world,” he said. “If we don’t get them back in line, we’ll have a real problem with too-tight money.”\n\nAmid a shaky marketplace, investors are eyeing the yield curve for signs of economic stability. History shows that when the yield curve inverts, a recession may soon follow. Photo Composite: Stephanie Swart for The Wall Street Journal.\n\nJulia Donheiser contributed to this article.\n\nWrite to Daniel Kruger at Daniel.Kruger@wsj.com",
    "published": "2019-07-29"
  },
  {
    "source": "WSJ",
    "title": "Truckers Wrestle With Oversupply of Big Rigs, Falling Freight Rates",
    "summary": "Companies that bulked up capacity during last year’s shipping boom see demand waning",
    "link": "https://www.wsj.com/articles/truckers-wrestle-with-oversupply-of-big-rigs-falling-freight-rates-11564311602?mod=Searchresults_pos4&page=61",
    "content": "Many carriers plowed last year’s profits and gains from a tax cut into new equipment, resulting in a growing supply of big rigs as shipping demand softens.\n\nTrucking companies are wrestling with the hangover from last year’s freight boom as greater availability of big rigs and softening demand weigh on earnings ahead of peak shipping season.\n\nMany carriers plowed 2018 profits and the gains from the 2017 corporate tax cut into record orders for new equipment, resulting in a growing supply of trucks while cargo volumes in U.S. distribution channels have been sliding.\n\nBad weather, tepid industrial growth and trade tensions have contributed to sagging business, freight executives say. Companies that pulled imports forward late last year ahead of anticipated tariffs are working through excess inventory piled up in warehouses, and cool temperatures put a damper on spring shipments of produce, beverages and patio furniture.\n\n“We’re three months into a freight recession,” said Jack Atkins , a transportation analyst with Stephens Inc.\n\nNewsletter Sign-up The Logistics Report Top news and in-depth analysis on the world of logistics, from supply chain to transport and technology. Preview Subscribe\n\nIt is a sharp reversal from last year, when surging freight volumes and tight truck capacity had retailers and manufacturers scrambling to book transportation. Some companies pointed to soaring shipping costs as the reason for depressed earnings as carriers extracted double-digit rate increases.\n\nNow shippers have the upper hand. The results have been especially dramatic on the spot market, where companies book last-minute transportation and prices are more volatile than the contract rates truckers negotiate with customers.\n\nThe average spot market price to hire a big rig was off 18.5% in June from the same month a year ago, to $1.89 per mile, according to online freight marketplace DAT Solutions LLC. Last month on DAT’s platform there were about three loads for every available truck, compared with six loads per truck in June 2018.\n\n“The industry bought a lot more trucks than we realized that they did,” Doug Waggoner , chief executive of freight broker Echo Global Logistics Inc., said in a July 24 earnings call. “Relative to last year at this time, there is less demand for capacity and that, coupled with an oversupply of trucks, means there’s little to no spot freight and all truckload prices have come down dramatically.”\n\nThis month Knight-Swift Transportation Holdings Inc., the largest truckload carrier in North America, cut its profit outlook for the second and third quarters, saying “the oversupply of capacity in the truckload freight market” was weighing down revenue per loaded mile, a key measure of pricing strength.\n\nPhoenix-based Knight logged $1.24 billion in second-quarter revenue, down 6.7% from the same quarter a year ago, while adjusted operating income rose 1.5% to $137 million, excluding factors including a legal accrual tied to an ongoing lawsuit.\n\nLowell, Ark.-based J.B. Hunt Transport Services Inc., one of the largest U.S. freight operators, said its revenue rose 6% to $2.26 billion, although operating income slid 10% on higher costs, falling short of analyst estimates.\n\nOther big truckers cited headwinds from slowing demand in second-quarter reports. Werner Enterprises Inc. said its second-quarter revenue grew by 1%, to $627.5 million, but the Omaha, Neb.-based carrier lowered its 2019 outlook for one-way truckload pricing, saying it expected rates to be flat to down 3%.\n\nCarrier executives say they expect capacity to tighten up in coming months, pointing to growing cancellations of truck orders and a spate of bankruptcies among smaller regional carriers.\n\nBut manufacturers are still working through lengthy order backlogs and fleets continue taking delivery of new trucks, said Kenny Vieth , president of transportation industry data provider ACT Research, which tracks orders of equipment including Class 8 trucks, the big rigs used to haul freight over long distances.\n\n“Freight as we measure it is growing at less than 1% in 2019,” Mr. Vieth said. “Our modeling suggests that we are adding about 7% to the U.S. Class-8 market capacity…. So the supply-demand equilibrium is tilting away from truckers right now.”\n\nWrite to Jennifer Smith at jennifer.smith@wsj.com",
    "published": "2019-07-29"
  },
  {
    "source": "WSJ",
    "title": "Real Time Economics: The Fed, Trade Talks and Jobs Day—It’s Going to Be a Fun Week",
    "summary": "This is the web version of the WSJ’s newsletter on the economy. You can sign up for daily delivery here.",
    "link": "https://www.wsj.com/articles/real-time-economics-the-fed-trade-talks-and-jobs-dayits-going-to-be-a-fun-week-01564397140?mod=Searchresults_pos9&page=77",
    "content": "This is the web version of the WSJ’s newsletter on the economy. You can sign up for daily delivery here.\n\nThis week is going to be a doozy: U.S.-China trade talks resume, the Federal Reserve is poised to cut rates, and the July jobs report caps a week of key economic data. Buckle up. Jeff Sparshott here to help you get ready for the onslaught. Send us your questions, comments and suggestions by replying to this email.\n\nAn Ounce of Prevention\n\nThe Federal Reserve is ready to cut interest rates this week for the first time since 2008—even though the economy looks healthy, Nick Timiraos reports.\n\nOne big reason: Both inflation and market-determined interest rates are still lower than some Fed models would have forecast, given years of strong hiring and solid economic growth. That suggests Fed officials haven’t been providing as much support to the economy as they had thought, even though their benchmark rate is low by historical standards.\n\nMoreover, some officials believe their rate needs to be even lower to provide an extra cushion amid a darkening global outlook clouded by trade-policy uncertainty. Fed leaders now see tighter linkages than in the past between the U.S. and global economy.\n\nTheir thinking marks a shift from recent years when they were raising the rate from near zero because their models held that falling unemployment would eventually fuel rising inflation. Today, officials worry that inflation pressures remain too weak, not too strong.\n\nWHAT TO WATCH TODAY\n\nThe Dallas Fed manufacturing survey for July is out at 10:30 a.m. ET.\n\nJapan's jobless rate and industrial production for June are out at 7:50 p.m. ET.\n\nTOP STORIES\n\nFed Watch\n\nWhy does the Fed keep missing its 2% inflation target? Prices in a large chunk of the economy appear insensitive to rising or falling demand, Paul Kiernan reports.\n\nThe cyclically sensitive components of core inflation have accelerated in the 12 months through May, just as falling unemployment would predict. But that has been offset by falling inflation in acyclical categories, such as health care, financial services and most goods.\n\nof core inflation have accelerated in the 12 months through May, just as falling unemployment would predict. But that has been offset by falling inflation in acyclical categories, such as health care, financial services and most goods. The causes: Disruptive technologies, government policies and global trade.\n\nFormer Federal Reserve Chairwoman Janet Yellen said she endorses a quarter-percentage-point cut in the central bank’s benchmark interest rate this week because of worries over global growth and low inflation.\n\nInvestors are all-but certain the Fed will cut rates a quarter percentage point this week. They’re also pretty sure policy makers will cut again. Unless economic growth takes a real turn for the worse, though, a second cut may not be in the offing, Justin Lahart writes.\n\nU.S.-China: Shanghai Round\n\nNegotiators for the U.S. and China will face off in Shanghai this week in another attempt to piece together a trade accord. A major breakthrough is unlikely but some modest wins might be obtainable. Among the possible smaller achievements: a commitment by China to purchase more agricultural products and action by the U.S. to relax its ban on U.S. companies selling to Huawei, Josh Zumbrun and Chao Deng report.\n\nPresident Trump ramped up his attacks on China and the world trading system just ahead of the talks, threatening to have the U.S. unilaterally revoke special breaks for nations that call themselves developing countries. The move appears aimed at pressuring Beijing to commit to new measures to buy more U.S. goods and further liberalize its market for foreign companies, Jacob M. Schlesinger and Alex Leary report.\n\nGeneration Rent\n\nFor generations, the wealth of U.S. households was built on the foundation of homeownership. That is changing. Homeownership rates for younger Americans have fallen sharply over the last decade. The decline illustrates what for many Americans is the real legacy of the financial crisis: People who came of age in the crisis and its immediate aftermath had no bargaining power when they entered the job market, crimping their earnings ever since. They started adulthood when the housing market was crashing and watched as banks foreclosed on their parents—and decided they weren’t interested in tying their fortunes to a piece of property. Now, as memories of the crisis fade, they want to buy homes but are finding themselves priced out of the market, Christina Rexrode reports.\n\nTruck Drivin’ Son of a Gun\n\nTrucking companies plowed 2018 profits and the gains from the 2017 corporate tax cut into record orders for new equipment. But bad weather, tepid industrial growth and trade tensions have softened demand for their services. The result: Prices and profits are falling, Jennifer Smith reports. “We’re three months into a freight recession,” said Jack Atkins, a transportation analyst with Stephens Inc.\n\nTrash Talk\n\nChina buys most of the world’s garbage. The U.S. sells the most. But last year, China dramatically cut the amount of garbage it buys. The reduced demand and continued supply flooded the world trash market and drove down the price of garbage everywhere. Indian recycling companies took advantage: Imports of scrap plastic and paper jumped in 2018. But the new supply pushed prices down for the low-end Indian workers who pick through mountains of locally produced trash for raw materials. That’s impacting an Indian trash economy powerful enough to have prompted its own migration pattern: Thousands of families left their rural villages to collect garbage in cities. Now, with their garbage hauls worth less, many are returning home, Eric Bellman and Vibhuti Agarwal report.\n\nWHAT ELSE WE’RE READING\n\nThere are 18,000 manufacturing jobs on offer in Ain, France. Why won't anyone take them? \"Labor unions say the issue is not a shortage of workers, but that companies pay low wages.... If companies increased pay, unions argue, they would find employees. Others say France’s predicament is more complicated. 'The real problem is that French industry is still not as modernized as elsewhere in Europe,' said Patrick Artus, the chief economist of Natixis Bank, based in Paris. 'That has led to low productivity, which prevents companies from raising salaries,' \" Liz Alderman reports at the New York Times.\n\nThe New York Fed has a black swan hunter. \"Margaret McConnell often tells Federal Reserve officials that they should be a lot more confused than they let on. That’s her job. She’s head of the Applied Critical Thinking unit, a little-known enclave of the New York Fed with a big mandate: to poke holes in the most basic assumptions that central bankers make—which can lead to big policy mistakes when they’re wrong,\" Craig Torres reports at Bloomberg.\n\nSign Up for Our Calendar\n\nReal Time Economics has launched a downloadable Google calendar with concise previews, forecasts and analysis of major U.S. data releases.\n\nTo add to your Google Calendar on desktop, click here.\n\nTo add to your Google calendar app on mobile, click here.\n\nIf you prefer to view the calendar using a web browser, with the option of adding select Real Time Economics entries to your calendar, click here.\n\nAnd here's our how-to.\n\nLet us know what you think. This is a pilot project, so we’d appreciate your feedback.",
    "published": "2019-07-29"
  },
  {
    "source": "WSJ",
    "title": "U.S.-China Trade Talks Set to Resume With Modest Expectations",
    "summary": "Delegations may tackle smaller issues instead of sweeping deal",
    "link": "https://www.wsj.com/articles/expectations-modest-as-u-s-china-trade-negotiators-resume-talks-in-shanghai-11564306201?mod=Searchresults_pos9&page=76",
    "content": "Negotiators for the U.S. and China will face off in Shanghai this week in another attempt to piece together a trade accord amid much lowered expectations for the kind of sweeping deal that appeared within reach this spring.\n\nPeople close to the talks said a major breakthrough is unlikely on points that led to negotiations breaking down in early May, but that modest wins might be obtainable. That includes the U.S. insistence that China commit to legal changes to protect intellectual property and abandon state subsidies to business, and Beijing’s demands that the U.S. drop all tariffs as a condition for a deal.\n\nPresident Trump played down the odds of a significant breakthrough. “I don’t know if they’re going to make a deal,” he said Friday. “Maybe they will, maybe they won’t.”\n\nAmong the possible smaller achievements that might be obtainable, close observers said, would be a commitment by China to purchase more agricultural products and action by the U.S. to relax its ban on U.S. companies selling to telecommunications equipment giant Huawei Technologies Co., which Mr. Trump has already agreed to do in general terms.\n\nProgress toward a small agreement on Huawei and agricultural purchases could set the stage for negotiators to tackle bigger issues in a follow-up meeting in Washington, the people following the talks said.\n\n“There are things, besides buying a million bags of soybeans, that China can do on the structural issues that would actually be helpful and would make a difference,” said William Reinsch , a senior adviser at the Center for Strategic and International Studies. “But that’s at best 30% down the road of what the U.S. has been demanding.”\n\nAs part of President Trump’s efforts to rebalance trade relationships, he has imposed tariffs on almost every country around the world. WSJ’s Josh Zumbrun explains where we stand with our largest trading partners. Photo composite: Laura Kammerman\n\nU.S. Trade Representative Robert Lighthizer and Treasury Secretary Steven Mnuchin are scheduled to arrive in Shanghai on Tuesday to meet with China’s top negotiator, Vice Premier Liu He. The meeting in Shanghai was scheduled at China’s request.\n\nThe two sides have taken limited steps on the issues of Huawei and agricultural purchases, and moving beyond those measures could still be difficult. “Regardless of what happens with issues like Huawei, the Trump administration is clearly focused on obtaining structural changes to end market-distorting practices in China,” said Stephen Vaughn, former general counsel at the Office of the U.S. Trade Representative under Mr. Lighthizer. “The key issue now is whether China is prepared to make such changes.”\n\nU.S. national security officials have identified Huawei gear as a potential pipeline for Chinese espionage, and China hawks in Congress and elsewhere stand ready to denounce Mr. Trump for any effort toward Huawei that could be seen as appeasement.\n\nMr. Trump, a Republican, enlisted allies last week, gathering chief executives of seven big companies in the Oval Office who “expressed strong support of the president’s policies” on Huawei, according to a White House statement.\n\nShare Your Thoughts Which smaller deals do you think can be done between U.S. and China? Join the conversation below.\n\nMr. Trump said at the meeting that he agreed to “timely licensing decisions” that would allow companies to resume sales to Huawei on products not related to the security concerns. But that may not be enough to satisfy Beijing, said Wei Jianguo , a former vice minister of commerce who is now with the government-backed China Center for International Economic Exchanges.\n\nU.S. moves to relax restrictions on U.S. companies selling technology to Huawei have so far fallen short of China’s expectations for a complete removal of restraints, Mr. Wei said. The Trump administration wants firms to apply for exemptions, something Mr. Wei called a “U.S.-concocted method.”\n\nWithout concrete action on Huawei, Mr. Wei said, China is unlikely to make commitments on U.S. farm purchases.\n\n“They won’t mention core issues that are sensitive, like how much we will buy,” he said. “We already won’t agree.”\n\nKer Gibbs, president of the American Chamber of Commerce in Shanghai, said China will be looking to see how flexible the U.S. can be on Huawei. “The situation is like having your hands around someone’s neck, but saying ‘relax, I’m not going to squeeze,’ ” he said of Washington’s tactics. “It’s not a comfortable position to be in.”\n\nWhen the U.S. and China held talks at the beginning of the year, officials made early progress on issues related to purchases of U.S. goods and services and worked under a 90-day timeline set by Mr. Trump. In a January visit to Washington for negotiations, Mr. Liu offered for China to buy five million additional metric tons of soybeans.\n\nThis time around, the two sides appear to be taking their time, and China has hardened its position on issues, including on agriculture purchases. The size and types of purchases of U.S. agricultural products will be up to those companies buying the goods, China’s Commerce Ministry said Thursday.\n\n“There doesn’t seem like there’s that much enthusiasm on either side,” said Kenneth Jarrett , senior adviser at the strategy firm Albright Stonebridge Group in Shanghai. “Maybe they feel like they each have the upper hand.”\n\nNevertheless, China has taken tentative steps toward increased purchases of U.S. farm products in recent days.\n\nThe Chinese state-run news agency, Xinhua, reported Sunday that Chinese firms since July 19 have asked U.S. companies about prices of agricultural products. Several million tons of U.S. soybeans have been shipped to China since the two countries’ leaders agreed to resume trade talks last month at the G-20 summit in Japan, the report said, citing the country’s top economic-planning agency and the Commerce Ministry. It didn’t specify the amount.\n\n“Given the false starts when Trump first announced this, we are very cautious about how much we can realistically expect from any new sales” of agricultural products to China, said Jessica Wasserman, a partner in the international trade and government relations practice at Greenspoon Marder LLP. “If there are any purchases, they still will likely be well below what the administration has been pushing for.”\n\nLingling Wei and Vivian Salama contributed to this article.\n\nWrite to Josh Zumbrun at Josh.Zumbrun@wsj.com and Chao Deng at Chao.Deng@wsj.com",
    "published": "2019-07-29"
  },
  {
    "source": "WSJ",
    "title": "Elizabeth Warren Vows to Make Trade Negotiations More Transparent",
    "summary": "Democratic presidential candidate also signals plan to continue protectionist trade policies",
    "link": "https://www.wsj.com/articles/elizabeth-warren-vows-to-make-trade-negotiations-more-transparent-11564416012?mod=Searchresults_pos9&page=26",
    "content": "Sen. Elizabeth Warren said that trade negotiations held behind closed doors and then fast-tracked by Congress amounted to a ‘corrupt’ process.\n\nSen. Elizabeth Warren vowed to revamp the way the U.S. makes trade deals, including by making the negotiation process more transparent and requiring strict labor, environmental and human-rights standards for global partners.\n\nMs. Warren, a Democratic presidential candidate and the senior senator from Massachusetts, unveiled her plan for U.S. trade Monday on the blogging website Medium. Her protectionist trade platform, while making points similar to those President Trump has made on curbing China’s behavior in the global economy, was critical of the manner in which the administration began its tariff regime on Beijing.\n\nMs. Warren said she would require her trade negotiators to make the text of draft proposals public in the Federal Register before and during negotiations. Typically, such text is released much later in the negotiating process.\n\nShare Your Thoughts What merits and drawbacks do you see to Sen. Elizabeth Warren’s trade-policy plan? Join the conversation below.\n\nMs. Warren would also limit the use of an expedited procedure in Congress known as fast-track approval. The process allows trade agreements to get a simple majority vote in Congress without procedural delays or amendments. In her post, Ms. Warren vowed to sign a fast-tracked bill only if a new set of advisory committees—including one for each region of the country, one focused on consumers and one focused on rural communities—unanimously certified that a trade deal serves those groups’ interests.\n\nMs. Warren wrote that negotiations held behind closed doors and then fast-tracked by Congress amounted to a “corrupt” process.\n\n“Unlike the insiders, I don’t think ‘free trade’ deals that benefit big multinational corporations and international capital at the expense of American workers are good simply because they open up markets,” Ms. Warren wrote. “Trade is good when it helps American workers and families—when it doesn’t, we need to change our approach.”\n\nShe also critiqued the current administration’s use of tariffs in the China trade dispute.\n\n“And unlike Trump, while I think tariffs are an important tool, they are not by themselves a long-term solution to our failed trade agenda and must be part of a broader strategy that this Administration clearly lacks,” Ms. Warren wrote.\n\nNewsletter Sign-up WSJ Politics & Policy Scoops, analysis and insights driving Washington from the WSJ's D.C. bureau. Preview Subscribed\n\nThe Trump administration has made billions of dollars worth of China-made goods subject to tariffs in its trade fight with Beijing, which has responded in kind with retaliatory levies. U.S. and Chinese negotiators were set to meet in Shanghai this week in another attempt to piece together a trade accord, though The Wall Street Journal reported Sunday that the chance for a major breakthrough was unlikely.\n\n“I don’t know if they’re going to make a deal,” Mr. Trump said Friday.\n\nMr. Trump campaigned in 2016 on the idea that he could negotiate better trade pacts. Now, as talks have dragged, he has made the argument that only he is tough enough to walk away from a bad deal. Ms. Warren and other Democratic candidates are making the opposite argument: that the administration’s performance on trade demonstrates why Mr. Trump is the wrong person for the job.\n\nMs. Warren, in her blog post, used similar language as Mr. Trump on China’s behavior in the global economy. “We’ve let China get away with the suppression of pay and labor rights, poor environmental protections, and years of currency manipulation,” she wrote. She has called out China on the campaign trail, too, while knocking Mr. Trump’s attempts to rein in Beijing, calling it “tariff negotiation by tweet.”\n\n“The Chinese are bad actors on trade,” Ms. Warren said in Kermit, W.Va., earlier this year. “That means that our best way to fight back is with strength and with a coherent plan—not with hands.”\n\nAs part of President Trump’s efforts to rebalance trade relationships, he has imposed tariffs on almost every country around the world. WSJ’s Josh Zumbrun explains where we stand with our largest trading partners. Photo composite: Laura Kammerman\n\nMs. Warren’s plan also calls for strict labor, human-rights and environmental standards as a prerequisite for a trade deal with Washington—including some provisions the senator acknowledges the U.S. and some of its current trade partners don’t currently comply with. For example, Ms. Warren would require any country seeking a trade deal with the U.S. be a party to the 2015 Paris climate accords, from which Mr. Trump has vowed to withdraw the U.S.\n\nMs. Warren said she would renegotiate current trade agreements “to ensure that our existing trade partners meet those standards as well.”\n\nThe proposal underscores how Ms. Warren would use the negotiating table as a tool to nudge countries toward more environmentally friendly policies, as well as to curb alleged human-rights abuses in places like Colombia. “In exchange for concrete access to the American market, we get vague commitments to do better, which we then hardly enforce,” Ms. Warren said of current agreements.\n\nThe senator’s trade platform, the most comprehensive outlined thus far by a major candidate in the Democratic contest, was rolled out ahead of a rally planned for Monday night in Toledo, Ohio, and the party’s second round of presidential debates this week in Detroit.\n\nMs. Warren’s campaign, after a rocky start, has found its footing in the crowded Democratic field by producing a steady drumbeat of detailed policy proposals. As of Monday morning, she was third in the Real Clear Politics average of public polls, behind former Vice President Joe Biden and Vermont Sen. Bernie Sanders .\n\nWrite to Joshua Jamerson at joshua.jamerson@wsj.com",
    "published": "2019-07-29"
  },
  {
    "source": "WSJ",
    "title": "Strong Earnings Allay Fears Over Trade and Growth—for Now",
    "summary": "Companies like Alphabet and Twitter are beating expectations, but investors are pessimistic about the rest of the year",
    "link": "https://www.wsj.com/articles/strong-earnings-allay-fears-over-trade-and-growthfor-now-11564392602?mod=Searchresults_pos5&page=49",
    "content": "Corporate profits are proving to be more resilient than expected in the second quarter, nudging the stock market higher this month and distracting from anxieties about trade and economic growth.\n\nOf the 225 S&P 500 companies that have reported earnings through Monday, 179 have surprised investors with better-than-expected results, according to FactSet.\n\nWSJ Podcast\n\nTechnology giants Alphabet Inc. GOOGL -0.29 %decrease; red down pointing triangle and Twitter Inc. both topped expectations, sending shares up 9.6% and 8.9%, respectively, on Friday.\n\nCoca-Cola Co. KO 0.48 %increase; green up pointing triangle and United Parcel Services Inc. also jumped after reporting results last week.\n\nAverage earnings among S&P 500 companies that have reported are up 0.5% from a year earlier, according to FactSet.\n\nThat has helped improve analysts’ forecasts for earnings to a 2.5% contraction for the quarter, better than the more than 3% pullback they had been predicting last week.\n\n“The notion of a widespread economic weakness seemed plausible just a few weeks ago,” said Ed Keon, chief investment strategist at QMA LLC. “But in the last week or so you got a pretty good picture of the earnings season, suggesting those fears are overblown. It’s a hopeful sign.”\n\nEarnings reports surprising to the upside are fairly common because analysts tend to be conservative with their estimates.\n\nStill, money managers say the latest round of results quelled some of their concerns that corporate profits were rapidly shrinking amid a faltering U.S. economy. More than 80 companies had warned ahead of the reporting season that earnings could be weaker than expected, helping to temper expectations, analysts said.\n\nThe S&P 500 has risen 2.7% so far in July, extending its gain this year to nearly 21%, largely driven by the expectation of an interest-rate cut from the Federal Reserve. The stock market’s two best months, January and June, coincided with some of the strongest signals from Chairman Jerome Powell that the central bank will cut interest rates this year.\n\nData from CME Group showed investors are betting on a 100% probability that the Fed will cut rates at its meeting this week.\n\nStill, earnings gains in the latest quarter have done little to lift investors’ enthusiasm about where the stock market goes from here. And for manufacturers like Caterpillar Inc., import tariffs and trade tensions continue to weigh on outlooks. S&P 500 earnings are expected to rise just 1.7% over the full year, compared with the more than 3% analysts had penciled in last month.\n\nThe muted earnings outlook for the remainder of the year has contributed to a rise in pessimism among investors, analysts say.\n\nThe share of individuals who say they expect U.S. stocks to fall or stay flat over the next six months has risen above those who are more bullish on equities, according to the American Association of Individual Investors’ latest survey.\n\n“The ‘Powell put’ is driving the market higher, but the problem in the economy isn’t that rates are too high,” said Liz Ann Sonders, chief investment strategist at Charles Schwab Corp. “What ails us is a global manufacturing recession and business confidence being severely dented by a trade war.”\n\nIndustrial manufacturers are on pace to notch the second-biggest contraction in quarterly profits after materials stocks, with earnings projected to fall more than 12% from a year earlier, compared with expectations of a less than 2% pullback earlier this month, according to FactSet.\n\nCaterpillar was a major contributor to that shift after the maker of bulldozers and excavators missed analysts’ earnings estimates because of slowing machine sales in Asia and higher costs from U.S. tariffs on Chinese imports. Shares of Caterpillar fell more than 2% last week.\n\nMeanwhile, technology and communication companies reporting so far have mostly surprised investors to the upside, sending shares of each sector up at least 4.9% this month.\n\nExcluding a record-setting fine, Facebook topped analysts’ expectations for earnings and revenue, as did Google parent Alphabet.\n\nBut those latest gains have pushed stocks toward their richest valuations of the year, alarming some investors who fear the market doesn’t have much juice left to climb higher in 2019 after the S&P 500 posted its best first half of a year since 1997.\n\nAs of Friday, the S&P 500 traded at 17 times its earnings over the next 12 months, its highest level since late September, just before the stock market’s fourth-quarter selloff. That is above the 10-year average of nearly 15 times, according to FactSet, but well below the valuations of the dot-com era.\n\nAlan Adelman, a senior fund manager at Frost Investment Advisors LLC, says current valuations include interest rates coming down and expectations of a trade resolution between the U.S. and China. If either of those don’t pan out, stock prices will need to be readjusted, he said. There is also some pricing in of a fourth-quarter bounceback in corporate profits, with earnings projected to climb 4.7% from a year earlier after declining nearly 2% in the third quarter, according to FactSet.\n\n“We’re in the late stages of an economic expansion. Things can only go on for so long,” said Mr. Adelman, who has been focusing on investing in high-quality stocks that have relatively stable earnings and offer hefty dividends that exceed U.S. Treasury yields. “We have to be realistic. A lot of the positive news in the market is already baked in.”\n\nWrite to Michael Wursthorn at Michael.Wursthorn@wsj.com",
    "published": "2019-07-29"
  },
  {
    "source": "WSJ",
    "title": "Stocks to Watch: Mylan, Merck, Booz Allen, Cooper Tire, Mohawk Industries and More",
    "summary": "Here are some of the companies with shares expected to trade actively in Monday’s session",
    "link": "https://www.wsj.com/articles/stocks-to-watch-mohawk-industries-cabot-oil-gas-and-zimmer-biomet-11564402072?mod=Searchresults_pos9&page=50",
    "content": "Here are some of the companies with shares expected to trade actively in Monday’s session. Stock movements noted by ticker reflect movements during regular trading hours; premarket trading is specified separately.\n\nMylan N.V .—Up 14% premarket: The drug company said Monday that it is merging with Upjohn, an off-patent branded division of Pfizer PFE 1.16 %increase; green up pointing triangle . Mylan and Pfizer expect between $19 billion and $20 billion in pro forma revenue from the deal.\n\nMerck & Co. Inc.—Up 0.7% premarket: The pharmaceutical company said that a phase 3 study of its cancer drug Keytruda reached one of dual-primary endpoints in patients with triple-negative breast cancer when the drug was used with chemotherapy.\n\nBooz Allen Hamilton Holding Corp.—Up 4.9% premarket: The company reported a 13% increase profit, and reported earnings per share and revenue that beat analysts’ estimates. The company also reaffirmed its guidance.\n\nCooper Tire & Rubber Co.—Down 11% premarket: The tire manufacturer said Monday that it took a combined $15 million hit from tariffs associated from Chinese-imported goods and restructuring costs from stopping light vehicle tire production at an England facility. The company said that it doesn’t expect full year unit volume to rise year over year.\n\nMohawk Industries Inc.—Down 0.3% premarket: Shares of the flooring company fell 17.6% Friday, a day after it reported lackluster second-quarter sales and said its business environment would remain challenging.\n\nCabot Oil & Gas Corp.—Up 0.3% premarket: The company’s shares fell 12% after it reduced production estimates amid a meltdown in the natural-gas market.\n\nZimmer Biomet Holdings Inc.—Up 0.7% premarket: The medical-device maker’s stock hit a new all-time high Friday, after the company reported better-than-expected second-quarter results and boosted its financial forecast for 2019.\n\nThis is a version of the “Stocks to Watch” section of our Markets newsletter. To receive it every morning via email, click here.",
    "published": "2019-07-29"
  }
]