[
  {
    "source": "WSJ",
    "title": "Why Precious Metals Have Become More Appealing",
    "summary": "Low yields give safety-seeking investors an attractive alternative to bonds",
    "link": "https://www.wsj.com/articles/why-precious-metals-have-become-more-appealing-11569675601?mod=Searchresults_pos4&page=71",
    "content": "This article is part of the Journal’s quarterly markets review, “Investing in a Low-Yield World.”\n\nUnlike stocks and bonds, precious metals don’t give investors any income simply for holding them. So why were they among the market’s best performers in the third quarter?\n\nThe reason: In a world of falling—or outright negative—yields, nervous investors seeking havens are less likely to miss out on returns from bonds if they put money into gold or silver.\n\nThat eliminates the major trade-off that typically confronts those interested in owning gold: It offers no yield at all.\n\nThat declining opportunity cost is why trillions of dollars of negative-yielding debt around the world and sharp declines in Treasury yields in the U.S. have sparked a rally in precious metals. The price of silver rose 11% in the third quarter, while platinum rallied about 6%. Gold advanced 4% in the quarter and is now up 15% for the year, headed toward its biggest annual gain since 2010.\n\nThe sudden allure of precious metals highlights the turbulence of this year’s third quarter, in which stocks, bonds and other assets swung wildly as investors weighed the latest developments in the U.S.-China trade war. Stocks recovered from a turbulent August to creep back toward records in September, while bond yields, which move inversely to prices, stabilized after approaching record lows earlier in the month.\n\nPrecious metals pared much of their third-quarter advance late in the period as the dollar rose, making commodities denominated in the U.S. currency more expensive for overseas buyers.\n\nStill, the surge in metals prices has spilled over to exchange-traded funds that track the sector such as the SPDR Gold Trust and iShares Silver Trust and lifted shares of producers, many of which logged double-digit percentage gains for the quarter. The VanEck Vectors Gold Miners ETF advanced about 4.5% for the quarter to bring its advance for the past year to 44%, while Barrick Gold Corp. logged a 10% quarterly gain and First Majestic Silver Corp. rallied 16%.\n\nETFs and shares of producers are the main ways many investors can gain exposure to the sector, since they are less complex than trading commodity futures.\n\nThey have become even more popular as investors have piled into bonds to protect against a much weaker economic environment and a drop in stocks. Bond yields fall as prices rise.\n\nAlthough the surge in bonds and precious metals reversed in September as recession fears waned and stocks stabilized, some analysts expect further gains ahead as the trade war rages on. “There’s potentially a little more fuel to the upside if we do get a sudden, dramatic escalation in the trade war,” said Tai Wong , head of base and precious metals derivatives trading at Bank of Montreal.\n\nFront-month gold futures finished the quarter at $1,465.70 a troy ounce, 5.5% below their six-year high from early September. Silver is at $16.450, also below its recent multiyear peak, while platinum trades at $883.40.\n\nThe gains have come as manufacturing data around the globe signal a sharp slowdown in factory activity. Organizations such as the International Monetary Fund and the Organization for Economic Cooperation and Development recently cut their projections for global growth in 2019.\n\nMany analysts expect moves in the bond market to continue dictating momentum in precious metals. Some expect steady buying around coming trade talks and are skeptical the recent recovery in bond yields and risky assets will last.\n\n“It’s still a very recent shift in sentiment,” said Anwiti Bahuguna , senior portfolio manager and head of multiasset strategy at Columbia Threadneedle Investments, which has maintained its investments in gold recently. “It’s promising, so we’re watching it, but there is no reason to take off hedges at this point.”\n\nAt the same time, some analysts are hopeful that steady U.S. consumer spending and a U.S.-China cease fire on tariffs will power stocks to new records, threatening the metals rally. Lower interest rates around the world also could spur a pickup in economic activity, potentially limiting further gains in haven metals.\n\nAnother reason some analysts think the rally could stall is that the dollar has remained steady as growth in the U.S. has outpaced the rest of the world. The WSJ Dollar Index, which tracks the dollar against a basket of 16 other currencies, is around its highest level since March 2017.\n\nBut for now, some investors are maintaining their bets on gold and silver as geopolitical uncertainty lingers. “We’re big fans of both as havens and more of a fan of silver than gold” because of its many industrial applications, said Ed Cofrancesco , president and CEO of International Assets Advisory.\n\nWrite to Amrith Ramkumar at amrith.ramkumar@wsj.com",
    "published": "2019-09-28"
  }
]