[
  {
    "source": "WSJ",
    "title": "Trump Cites Hong Kong Concerns in Talks With China",
    "summary": "President speaks hours after administration officials confirm new round of trade negotiations",
    "link": "https://www.wsj.com/articles/white-house-economic-adviser-confirms-plans-for-new-round-of-china-talks-11566139501?mod=Searchresults_pos7&page=15",
    "content": "President Trump, speaking to reporters in New Jersey on Sunday, dismissed fears of a recession.\n\nWASHINGTON—President Trump warned Chinese President Xi Jinping against reacting violently to protests in Hong Kong, saying that could threaten a trade deal, speaking hours after administration officials confirmed a new round of talks.\n\n“It would be much harder for me to sign a deal if he did something violent in Hong Kong,” the president told reporters Sunday evening in New Jersey before boarding a flight back to Washington, D.C. “I’d like to see that worked out in a humanitarian fashion.”\n\nThe president’s comments came as top advisers sought to put to rest fears that the two countries are on the brink of a prolonged trade war.\n\nShare Your Thoughts Do you think President Trump is helping ensure a peaceful resolution to the protests in Hong Kong or making matters worse with President Xi Jinping? Why? Join the conversation below.\n\nOver the weekend, administration officials said they would give Huawei Technologies Co. more time to work with U.S. customers and said the White House was laying the groundwork for a new round of trade talks with Chinese officials in Washington, D.C.\n\nThose moves, combined with last Tuesday’s delay in tariffs on $156 billion of Chinese goods, suggest an effort by the White House to dial back trade hostilities following a week of market swings. A 10% tariff on another $111 billion of imported goods will go into effect Sept. 1 as planned.\n\nBut Mr. Trump’s comments indicate he is in no hurry to make a deal that might calm volatile markets and allay fears of a brewing recession. Mr. Trump appeared to back off from reports that the administration would grant a 90-day extension to the license that has allowed Huawei to do some business with the U.S. despite national-security concerns that landed the Chinese telecom company on an export blacklist in May.\n\n“I’m making a decision tomorrow,” he said. “Ultimately we don’t want to do business with Huawei, for national security reasons.”\n\nWhat started off as a demonstration against a controversial extradition bill has become a series of massive protests with broad political demands. Here is why so many Hong Kongers keep taking to the streets in a leaderless movement and whether their goals can be achieved. Photo: Thomas Peter/Reuters\n\nEarlier Sunday, White House economic adviser Lawrence Kudlow said granting the company an extension would give American companies doing business with the Chinese telecommunications firm more time to make adjustments.\n\nMr. Trump declined to say whether he had spoken with Mr. Xi over the weekend and didn’t lay out a timeline for when they might speak again. “I can speak to him any time,” he said.\n\nMr. Trump dismissed fears of a recession, pointing to the strong labor market and robust consumer spending.\n\n“We are doing better than any country or even area in the world,” he said. “Our consumer is really, really strong.”\n\nDespite the president’s optimism, concerns are mounting that a prolonged trade war and slowing global growth could inflict damage on the U.S. economy.\n\nAlthough retail spending remained strong in July, U.S. consumer sentiment is slipping, falling to a seven-year low in August, according to an index published by the University of Michigan.\n\nThe outlook for businesses is more concerning. Corporate profits were down 2.2% in the first quarter versus the previous year and investment fell at a 0.6% annual rate in the second quarter, according to the Commerce Department. Elsewhere in the world, Germany’s economy contracted for the second straight quarter and China reported lower than expected figures for factory production, consumption and property investment.\n\nMr. Trump suggested China was bearing the brunt of the pain from the tariffs, which would compel the country’s leaders to strike a deal.\n\n“China is doing very, very poorly,” he said. “We’re going to end up doing a very good deal and I think China, by the way, needs a deal much more than we do.”\n\nMr. Trump also said Sunday he was evaluating the effects of tariffs on tech company Apple Inc., whose chief executive, Tim Cook, he had dinner with on Friday. The president said Mr. Cook told him that tariffs on imports from China give a competitive advantage to Apple rival Samsung Electronics Co. “And I thought he made a very compelling argument so I’m thinking about it,” Mr. Trump said.\n\nThe vast bulk of Apple’s products are made in China, while Samsung manufactures most of its goods elsewhere. Apple didn’t immediately respond to requests for comment.\n\nSome Chinese manufacturers are dodging U.S. tariffs by rerouting goods to Vietnam and other countries. Here’s a look at why transshipment is on the rise, and how U.S. customs officials are struggling to stamp out the practice. Video and Photo composite: Crystal Tai\n\nEarlier in the day, Mr. Kudlow said American and Chinese trade negotiators will be holding one or more teleconference calls in the next week or two to set ground rules and discuss topics for new high-level trade talks.\n\nThose discussions will set the stage for Chinese officials to visit Washington, D.C., to resume negotiations.\n\n“The talks are continuing,” he said on NBC’s Meet the Press. “Dialogue is a very good thing. How this turns out, I don’t know. It is up to the president to judge the progress or lack thereof.”\n\nWhite House officials described last week’s delay on some of the items set to be hit with new tariffs as a way to protect American companies that had already locked in dollar contracts with Chinese suppliers ahead of the holiday season.\n\nThe reprieve will postpone until Dec. 15 tariffs of 10% on smartphones, laptops, videogames, toys and other products that had been scheduled to take effect on Sept. 1.\n\nThe U.S. has already imposed 25% tariffs on about $250 billion of Chinese imports, mostly items used by businesses.\n\nThe delay sent stocks higher on Tuesday before they tumbled on Wednesday. The major trade indexes bounced back Thursday and Friday to close the week with a modest loss.\n\nWrite to David Harrison at david.harrison@wsj.com, Katy Stech Ferek at katherine.stech@wsj.com and Andrew Restuccia at Andrew.Restuccia@wsj.com",
    "published": "2019-08-18"
  },
  {
    "source": "WSJ",
    "title": "Costly Tariff Spat Masks Deeper Trade Problems",
    "summary": "The fight between the U.S. and China is the public face of the global slide toward protectionism",
    "link": "https://www.wsj.com/articles/costly-tariff-spat-masks-deeper-trade-problems-11566126002?mod=Searchresults_pos11&page=4",
    "content": "Some Trump administration officials have portrayed tariffs as a short-term tool to pressure countries into negotiating better trade agreements.\n\nIn waging a trade war on several fronts, President Trump appears to be turning the clock back to a bygone era, when high barriers to trade were a daily fact of economic life.\n\nIn fact, the tit-for-tat tariff fight between the U.S. and China is the public face of a global slide toward protectionism that has been going on for a decade and shows few signs of slowing.\n\nSome Trump administration officials have portrayed tariffs as a short-term tool to pressure countries into negotiating better trade agreements. But many economists say the recent proliferation of such measures is holding back U.S. and global economic growth.\n\nMr. Trump’s levies on products ranging from steel and solar panels to textiles have raised the average tariff applied on imports purchased by the U.S. to just over 4%, according to analyses by Deutsche Bank AG and UBS Group AG.\n\nThat is considerably higher than the same figure for some of the countries in the president’s sight. The average tariff on imports to the European Union is around 1.8%, according to the World Bank. Canada’s is 1.5%.\n\nHowever, China—the president’s chief antagonist in his trade disputes—levies an average tariff on imports of 4.6%, Deutsche Bank estimates.\n\nThe last time the average U.S. tariff levied on imports was anywhere near its current level was in the 1970s, figures from the World Bank show.\n\nMr. Trump’s threatened tariff extensions, if implemented, would push the rate higher still. His latest threat to slap a 10% levy on a swath of Chinese consumer goods by Dec. 15 would nudge the average tariff to more than 5%, Deutsche Bank estimates, or 7% if those tariffs ratchet to 25%. Throw in additional tariffs he has threatened on Mexican imports and European cars, and UBS calculates the average tariff on goods imports to the U.S. would reach just under 9%—a level unmatched since 1947 and before the long, postwar effort to break down overt trade barriers and boost global trade.\n\nRaising average tariffs to such a level would put the U.S. on a par with countries including Sri Lanka, Brazil and other less developed economies where governments often seek to shield domestic industries from foreign competition.\n\n“What we have is a change of direction for the U.S.” in terms of free trade, said Rob Martin, an economist at UBS.\n\nShare Your Thoughts How do you think the U.S. can end trade tensions with China? Join the conversation below.\n\nMr. Trump is just using every available tool to level the playing field on trade, combating a strategy of unfair competition pursued by many countries, a White House spokesman said.\n\nMost economists say restricting trade imposes costs on businesses, consumers and the wider economy. UBS calculates the blossoming trade conflict has kept the U.S. economy around 0.75% smaller than it would have been had tariffs stayed where they were.\n\nGlobal output has also taken a hit: UBS says the world economy is around 0.4% smaller than it otherwise would have been. The damage will rise to 0.7% if Mr. Trump pulls the trigger on all threatened tariffs.\n\nThe International Monetary Fund recently cited trade tensions as the prime reason it lowered its global 2019 growth forecast to 3.2% from its April projection of 3.3%. The world economy expanded 3.6% last year.\n\nSome economists, though, say tariffs don’t tell the whole story and may be a misleading signal for gauging the true state of global openness to trade.\n\nFor one thing, applied average tariffs measure levies imposed on goods actually bought in any given year, meaning they can swiftly change if importers, faced with higher prices, decide to buy from somewhere else. For example, recent data shows Chinese imports from the U.S. fell 30% on the year through June as importers shunned U.S. soybeans and natural gas in favor of cheaper alternatives.\n\nNor do tariffs necessarily explain patterns of global trade. Consider American automobiles, whose relative unpopularity in Europe owes more to narrow streets than EU import duties, said Sam Lowe, a trade-policy expert at the Centre for European Reform, a London-based think tank focused on EU affairs.\n\n“When Trump moans about American cars and the EU, what he really wants is for European consumers to change their preferences,” he said.\n\nSimon Evenett, professor of international trade and economic development at the University of St. Gallen in Switzerland, said policies such as regulations, tax breaks and export subsidies have been distorting trade for years.\n\nThis year alone, for example, Canada said that it would make up to $755 million of taxpayer cash available to the oil and gas sector to boost exports. France, Germany, Italy and the U.K. said they are bankrolling an EU microelectronics project with loans and grants worth around $2 billion. Brazil and Argentina have taken steps to limit import competition in cars.\n\nMr. Evenett, who oversees the Global Trade Alert project that tracks developments in trade policy, estimates that in 2019 around 73% of global trade will be affected by some trade-distorting measure. That compares with 35% a decade ago.\n\nEfforts to revive economies weakened by the financial crisis have driven the shift, he said, and while the U.S. isn’t innocent of such practices itself, it is often on their receiving end. Nearly 59% of U.S. imports this year are subject to some trade-distorting measure. But in China, it is 75%.\n\n“We have a system that has really quite distorted, but it looks open,” Mr. Evenett said.\n\nWrite to Jason Douglas at jason.douglas@wsj.com",
    "published": "2019-08-18"
  },
  {
    "source": "WSJ",
    "title": "Fed Chief Wedged Between a Slowing Economy and an Angry President",
    "summary": "Federal Reserve Chairman Jerome Powell faces scrutiny from markets and the White House in an economy unsettled by a trade dispute and fears of recession",
    "link": "https://www.wsj.com/articles/fed-chief-wedged-between-a-slowing-economy-and-an-angry-president-11566166246?mod=Searchresults_pos12&page=69",
    "content": "Jerome Powell is entering the most perilous stage yet of his tenure as Federal Reserve chairman, fighting to keep the U.S. from recession while taking the blame from President Trump for skittish markets and a slowing economy.\n\nMr. Trump’s unyielding criticism of the Fed has led people inside the central bank to feel like they are fighting to both buoy the U.S. economy and preserve the Fed’s independence from political interference.\n\nAfter cutting short-term interest rates in July, Mr. Powell is navigating the Fed toward more rate reductions, though conditions could change. The debate among his Fed colleagues is how much to move rates and when as well as how to best frame the decision, which will be scrutinized by markets and the White House.\n\nMr. Powell is scheduled to speak Friday at the annual central bank conference in Jackson Hole, Wyo., a gathering that many hope will surface clues to the Fed’s next move.\n\nShare Your Thoughts Who should shoulder the blame for a slowing U.S. economy: President Trump? Or Fed chief Jerome Powell?Join the conversation below\n\nMr. Trump says the economy is slowing because the central bank pushed interest rates too high last year, while many in business and at the Fed say the president’s own trade policies have triggered market jitters and slowed business investment.\n\nSome analysts said Mr. Powell has at times confused markets over the Fed’s plans. His push to raise interest rates in December, and his defense of further increases, added to year-end market volatility. In hindsight, these analysts said, it was a mistake. Mr. Powell led his colleagues to reverse course within weeks.\n\nThe stakes are high all around. Wall Street forecasters have raised their odds of a recession, and the state of the economy in 2020 will influence Mr. Trump’s reelection effort.\n\n“I think our economy is very, very good,” Mr. Trump said Sunday. “If it slowed down, it is because I have to take on China and some other countries.”\n\nThe president ripped Mr. Powell as “clueless” after markets dropped last week, the latest in a string of disparaging remarks from Mr. Trump since appointing Mr. Powell to lead the Fed. Mr. Trump has lauded economic systems, such as in China, where central banks are under tight control, a view that has raised worries among current and former Fed officials.\n\nAdvertisement\n\nFed chairman Jerome Powell arrives to testify at hearing on the U.S. economy last month held by the House Financial Services Committee. Photo: SHAWN THEW/EPA/Shutterstock\n\n“He’s made clear in various interviews and tweets that he doesn’t believe that the Fed should be independent,” former Fed Chairwoman Janet Yellen said of Mr. Trump last week during an interview on Fox Business Network’s “WSJ at Large” program.\n\nThe president’s attacks “for any Fed chair would be a reason to feel stress,” Ms. Yellen said. “But you know I admire what Chair Powell has been doing. I think that he has tried to tune it out.”\n\nFed officials see their independence as critical to markets and the economy.\n\nThe central bank raised rates four times last year because the unemployment rate was falling, and inflation reached the Fed’s 2% target. Officials broadly supported the decision because they expected inflation to continue rising this year. The Fed shelved plans to keep raising rates after inflation unexpectedly softened and market volatility soared at the end of 2018.\n\nAdvertisement\n\nThis year, uneven economic developments have “called all of us to look and wonder…did we just get it wrong last year?” said Chicago Fed President Charles Evans .\n\n“Or is it that our assessment of how the economy” would grow has become “more challenged by some of the uncertainties businesses are facing” from trade, Mr. Evans said.\n\nPresident Trump in November 2017 introduces Jerome Powell as his nominee to be Fed chairman. Photo: carlos barria/Reuters\n\nFed officials and private forecasters say Mr. Trump’s trade policy is complicating their task. Twice this year, in early May and after the Fed cut rates on July 31, Mr. Powell sought to express the view that Fed actions were enough to keep the U.S. economy expanding, a pushback against investor appetite for more stimulus. Both times, Mr. Trump within days intensified trade tensions, throwing the Fed’s economic outlook into doubt.\n\nLast month, the Fed cut rates by a quarter percentage point to a range between 2% and 2.25%, citing risks from slower global growth and unexpectedly soft inflation. The next day, on Aug. 1, Mr. Trump announced plans to impose 10% tariffs on $300 billion in Chinese imports that weren’t already subject to 25% tariffs, a significant escalation in the U.S.-China trade dispute that rattled markets.\n\nFed Up President Trump selected Fed Chairman Jerome Powell to the lead the central bank beginning in February 2018. Mr. Trump has kept up a drumbeat of commentary and criticism ever since. Trump’s public Federal Reserve mentions Federal Reserve raises interest rates Federal Reserve lowers interest rates 2017 N The Fed is going wild. I mean, I don't know what their problem is. D J 2018 The Fed is going loco and there's no reason for them to do it. F —Oct. 10, 2018 M A They’re making a mistake because I have a gut, and my gut tells me more sometimes than anybody else’s brain can ever tell me. M J J —Nov. 27, 2018 A The Fed is like a powerful golfer who can’t score because he has no touch—he can’t putt! S O N D —Dec. 24, 2018 J 2019 Trump dines with Powell F If the Federal Reserve ever did a “match” (with China), it would be game over, we win! M A M —May 14 J J A As usual, Powell let us down. —July 31\n\n“It has become very difficult on a day-to-day basis to predict exactly where the administration is going to be on its policies, or what the next tweet is going to be,” said Nathan Sheets , chief economist at PGIM Fixed Income. He previously held senior posts at the Fed and in the Treasury Department during the Obama administration.\n\nEconomic forecasts always have a margin of error, he said, “but this is a qualitatively different task, one that the Fed is not trained to deal with.”\n\nWeak economic data from Germany and China last week triggered a stock-market selloff and a bond-market rally, with yields on 30-year Treasury bonds falling to their lowest levels ever. The reaction illustrated the growing sensitivity of investors to worries about trade tensions and global growth.\n\nAdvertisement\n\nComplicating matters, Mr. Powell has to forge a consensus. The central bank’s policy-making group was more divided last month over his push to cut rates than at any other time in his 18-month tenure.\n\nHalf of the group’s 12 regional Fed bank presidents expressed some reluctance to cut rates leading up to the July 30-31 meeting, largely because they felt the U.S. economy didn’t need such a boost, according to interviews and public statements. At the same time, there was little support at the meeting for a rate cut larger than a quarter point.\n\nBoston Fed President Eric Rosengren , who dissented in last month’s rate decision, said a diversity of views at the Fed is natural given the uncertainty over trade.\n\n“If I assume no change in trade policy, and somebody else assumes a trade war that reduces both business and consumer confidence, even though the data has been the same, we’ll get a very different forecast,” he said in an interview before the July 30-31 meeting.\n\nMr. Powell mentions trade policy in public remarks, but he has avoided any judgments about Mr. Trump’s decisions. “We’re not in any way criticizing trade policy,” he said at his July 31 news conference. “That’s really not our job.”\n\nAdvertisement\n\nTraders at the New York Stock Exchange during the Dec. 19 news conference by Fed chairman Jerome Powell announcing an increase in short-term interest rates. Photo: justin lane/EPA/Shutterstock\n\nMany of Mr. Powell’s colleagues will be at the Jackson Hole conference this week, where he and his top lieutenants are expected to begin forging a consensus ahead of the Fed’s Sept. 17-18 meeting.\n\nAbsent a crisis, Fed officials tend to make big policy moves with caution, making for a culture that is testing Mr. Trump’s patience.\n\n“The chair’s got a very difficult job. It’s not only looking at the data…. It’s also getting the committee to the right position in a consensus fashion,” said Mr. Evans, the Chicago Fed president, who supported last month’s rate cut. “It works better when we’re all together on this, as long as we don’t delay too much.”\n\nMr. Powell and his top lieutenants, Vice Chairman Richard Clarida and New York Fed President John Williams , have led the Fed to cut rates before economic data showed conclusive evidence of a slowdown.\n\nAdvertisement\n\nThe Federal Reserve recently lowered interest rates for the first time since 2008. WSJ’s personal finance editor Bourree Lam explains how the cut affects everything from your student loan to your savings account. Photo Illustration: Adele Morgan\n\nThe Fed leaders have cited research that said when officials were faced with little room to lower interest rates because they are already close to zero, they should use the limited ammunition they have early and fast. They didn’t signal more aggressive action after last month’s meeting because they didn’t see enough evidence of a slowdown to signal alarm. They also ran up against resistance among their colleagues.\n\nSeveral regional bank officials feared that prematurely providing stimulus to an economy that continued to see steady hiring and consumer spending risked fueling financial bubbles and other troubles.\n\nTo seek agreement, Mr. Powell blocks out more than one day on his calendar to meet or speak by phone with all 12 reserve bank presidents and the four Fed governors before every meeting of the rate-setting Federal Open Market Committee.\n\nAdvertisement\n\nJanet Yellen, former Fed chairwoman, during an interview on the Fox Business Network. Photo: Andrew Harnik/Associated Press\n\nDuring the discussions, Mr. Powell isn’t in “sell mode,” said Richmond Fed President Thomas Barkin . “He’s very much in listen mode.”\n\nMr. Barkin spent a 30-year career at McKinsey & Co., the management consulting firm, where he served in senior roles, including finance chief.\n\n“I don’t think most corporate CEOs would like his job very much—or maybe even do his job in the same way,” said Mr. Barkin. “The group has to respect that you understand the debate, the challenges—that you’ve got a quality of thinking that they are willing to follow.”\n\nMr. Powell’s job security has become a regular topic of conversation on trading desks. Mr. Trump has claimed the authority to replace the Fed chair if he chooses, a legal question Fed officials dispute.\n\nThe president tapped Mr. Powell for his post in November 2017 and has selected four of the five current Fed governors. Mr. Trump’s frustration with those officials this spring led him to announce plans to name more partisan loyalists, and central bank critics, to the Fed’s board.\n\nAdvertisement\n\nTwo of the president’s picks, Stephen Moore and Herman Cain , withdrew from consideration after Senate Republicans indicated they weren’t likely to win confirmation. Mr. Trump has since said he would nominate two others.\n\nFed chief Jerome Powell testifies during a House Financial Services Committee hearing on the U.S. economy. Photo: SHAWN THEW/EPA/Shutterstock\n\nMr. Powell, a 66-year-old lawyer and former private-equity executive who served in the Treasury Department under President George H.W. Bush , has met privately with members of Congress to build support.\n\nThe Fed chief has said he won’t allow decisions to be influenced by anything other than economic analysis and the central bank’s mission to boost employment and maintain stable prices.\n\n“We’re human. We’ll make mistakes,” he told a New York audience in a speech this summer. “But we won’t make mistakes of integrity or character.”\n\nAdvertisement\n\nMr. Trump hit back the next day. “He’s trying to prove how tough he is because he’s not going to get pushed around,” Mr. Trump said on Fox Business. “Here’s a guy, nobody ever heard of him before, and now, I made him, and he wants to show how tough he is.”\n\nLast month, Mr. Powell said he wouldn’t leave the Fed if Mr. Trump sought to terminate his four-year term, foreshadowing a potential legal fight.\n\nAny court battle about executive authority over the Fed chair could take weeks or months, but the negative market reaction would probably be swift, said former Fed governor Sarah Bloom Raskin , now at the Duke University School of Law.\n\nRep. Maxine Waters (D., Calif.), chairwoman of the House Financial Services Committee, asked Mr. Powell whether he would pack up and go if ordered by Mr. Trump. “Of course, I would not do that,” Mr. Powell replied. “My answer would be ‘No.’”\n\nJerome Powell, Fed chairman, at his July 31 news conference in Washington, D.C. Photo: Manuel Balce Ceneta/Associated Press\n\nWrite to Nick Timiraos at nick.timiraos@wsj.com",
    "published": "2019-08-18"
  },
  {
    "source": "WSJ",
    "title": "Costly Tariff Spat Masks Deeper Trade Problems",
    "summary": "The fight between the U.S. and China is the public face of the global slide toward protectionism",
    "link": "https://www.wsj.com/articles/costly-tariff-spat-masks-deeper-trade-problems-11566126002?mod=Searchresults_pos3&page=7",
    "content": "Some Trump administration officials have portrayed tariffs as a short-term tool to pressure countries into negotiating better trade agreements.\n\nIn waging a trade war on several fronts, President Trump appears to be turning the clock back to a bygone era, when high barriers to trade were a daily fact of economic life.\n\nIn fact, the tit-for-tat tariff fight between the U.S. and China is the public face of a global slide toward protectionism that has been going on for a decade and shows few signs of slowing.\n\nSome Trump administration officials have portrayed tariffs as a short-term tool to pressure countries into negotiating better trade agreements. But many economists say the recent proliferation of such measures is holding back U.S. and global economic growth.\n\nMr. Trump’s levies on products ranging from steel and solar panels to textiles have raised the average tariff applied on imports purchased by the U.S. to just over 4%, according to analyses by Deutsche Bank AG and UBS Group AG.\n\nThat is considerably higher than the same figure for some of the countries in the president’s sight. The average tariff on imports to the European Union is around 1.8%, according to the World Bank. Canada’s is 1.5%.\n\nHowever, China—the president’s chief antagonist in his trade disputes—levies an average tariff on imports of 4.6%, Deutsche Bank estimates.\n\nThe last time the average U.S. tariff levied on imports was anywhere near its current level was in the 1970s, figures from the World Bank show.\n\nMr. Trump’s threatened tariff extensions, if implemented, would push the rate higher still. His latest threat to slap a 10% levy on a swath of Chinese consumer goods by Dec. 15 would nudge the average tariff to more than 5%, Deutsche Bank estimates, or 7% if those tariffs ratchet to 25%. Throw in additional tariffs he has threatened on Mexican imports and European cars, and UBS calculates the average tariff on goods imports to the U.S. would reach just under 9%—a level unmatched since 1947 and before the long, postwar effort to break down overt trade barriers and boost global trade.\n\nRaising average tariffs to such a level would put the U.S. on a par with countries including Sri Lanka, Brazil and other less developed economies where governments often seek to shield domestic industries from foreign competition.\n\n“What we have is a change of direction for the U.S.” in terms of free trade, said Rob Martin, an economist at UBS.\n\nShare Your Thoughts How do you think the U.S. can end trade tensions with China? Join the conversation below.\n\nMr. Trump is just using every available tool to level the playing field on trade, combating a strategy of unfair competition pursued by many countries, a White House spokesman said.\n\nMost economists say restricting trade imposes costs on businesses, consumers and the wider economy. UBS calculates the blossoming trade conflict has kept the U.S. economy around 0.75% smaller than it would have been had tariffs stayed where they were.\n\nGlobal output has also taken a hit: UBS says the world economy is around 0.4% smaller than it otherwise would have been. The damage will rise to 0.7% if Mr. Trump pulls the trigger on all threatened tariffs.\n\nThe International Monetary Fund recently cited trade tensions as the prime reason it lowered its global 2019 growth forecast to 3.2% from its April projection of 3.3%. The world economy expanded 3.6% last year.\n\nSome economists, though, say tariffs don’t tell the whole story and may be a misleading signal for gauging the true state of global openness to trade.\n\nFor one thing, applied average tariffs measure levies imposed on goods actually bought in any given year, meaning they can swiftly change if importers, faced with higher prices, decide to buy from somewhere else. For example, recent data shows Chinese imports from the U.S. fell 30% on the year through June as importers shunned U.S. soybeans and natural gas in favor of cheaper alternatives.\n\nNor do tariffs necessarily explain patterns of global trade. Consider American automobiles, whose relative unpopularity in Europe owes more to narrow streets than EU import duties, said Sam Lowe, a trade-policy expert at the Centre for European Reform, a London-based think tank focused on EU affairs.\n\n“When Trump moans about American cars and the EU, what he really wants is for European consumers to change their preferences,” he said.\n\nSimon Evenett, professor of international trade and economic development at the University of St. Gallen in Switzerland, said policies such as regulations, tax breaks and export subsidies have been distorting trade for years.\n\nThis year alone, for example, Canada said that it would make up to $755 million of taxpayer cash available to the oil and gas sector to boost exports. France, Germany, Italy and the U.K. said they are bankrolling an EU microelectronics project with loans and grants worth around $2 billion. Brazil and Argentina have taken steps to limit import competition in cars.\n\nMr. Evenett, who oversees the Global Trade Alert project that tracks developments in trade policy, estimates that in 2019 around 73% of global trade will be affected by some trade-distorting measure. That compares with 35% a decade ago.\n\nEfforts to revive economies weakened by the financial crisis have driven the shift, he said, and while the U.S. isn’t innocent of such practices itself, it is often on their receiving end. Nearly 59% of U.S. imports this year are subject to some trade-distorting measure. But in China, it is 75%.\n\n“We have a system that has really quite distorted, but it looks open,” Mr. Evenett said.\n\nWrite to Jason Douglas at jason.douglas@wsj.com",
    "published": "2019-08-18"
  }
]