[
  {
    "source": "WSJ",
    "title": "U.S.-China Trade Talks End Without a Deal",
    "summary": "Beijing plans to retaliate against new U.S. tariffs, as Trump and Xi are set to attend G20 summit in June",
    "link": "https://www.wsj.com/articles/u-s-china-trade-talks-break-off-with-no-deal-11557511539?mod=Searchresults_pos19&page=8",
    "content": "WASHINGTON—U.S. and Chinese trade negotiators failed to break an impasse following two days of globally watched trade talks, as both sides tried to prevent sentiment from deteriorating further.\n\nIn tweets Friday afternoon, President Trump said newly imposed 25% U.S. tariffs on $200 billion in Chinese imports would remain in place pending future negotiations. But he called the talks “candid and constructive” and said his relationship with Chinese President Xi Jinping “remains a very strong one and conversations into the future will continue.”\n\nShare Your Thoughts How will higher tariffs on Chinese imports affect you? Join the conversation below.\n\nU.S. stocks rallied on Friday afternoon after Treasury Secretary Steven Mnuchin told CNBC the talks were constructive, erasing earlier declines. The S&P 500 rose 0.4% but still logged its largest weekly drop of 2019. Friday was the latest example of trade signals affecting global stocks and commodities, with investors fearing a pullback in economic activity.\n\nThe U.S. on Friday made good on Mr. Trump’s Sunday threat to raise tariffs on $200 billion of goods to 25% from 10%—a level that White House officials have privately said was enough to “lock out” Chinese goods.\n\nChina Vice Premier Liu He, left, said goodbye to U.S. Treasury Secretary Steven Mnuchin, center, and U.S. Trade Representative Robert Lighthizer, right, after trade talks between the two countries in Washington on Friday. Photo: erik s lesser/Shutterstock\n\nMr. Trump also ordered the chief U.S. trade negotiator to begin the process of raising tariffs on everything else China sells to the U.S.—about $300 billion worth—that isn’t already hit by levies. He also suggested on Friday that the U.S would resume paying farmers for lost exports to help insulate them from the trade battle with China, signaling that the U.S. is ready for a prolonged fight.\n\nChinese envoy Liu He showed up for a second day of talks on Friday despite the White House’s unwavering plan to escalate tariffs. He was greeted at the door of the U.S. Trade Representative’s office by the top U.S. negotiator, Robert Lighthizer, who rarely makes such gestures.\n\nNor did China immediately retaliate, as it has done every other time the U.S. imposed tariffs, although Beijing said it planned countermeasures.\n\n“China hopes that the United States can meet China halfway, and that the two sides will make joint efforts to resolve existing problems,” said a statement carried by the official Xinhua News Agency. Mr. Liu, speaking to Chinese state media, characterized the dispute as a normal bump in the negotiations and said Beijing was cautiously optimistic about future talks.\n\nWhile the two sides didn’t set a new date to resume them, one potential looms on the horizon. Mr. Trump and Mr. Xi will both attend a Group-of-20 meeting in Japan next month, giving them a chance to arrange another summit.\n\nWhen trade talks broke down in September after the U.S. first imposed 10% tariffs on the $200 billion of Chinese goods the two leaders used a G-20 meeting in December to launch intensified negotiations. Mr. Trump also said on Friday that he expected to talk to Mr. Xi.\n\nStill, the two sides remain far apart and there isn’t a clear path to a pact. The U.S. says that it resorted to the tariff increases only after China reneged on commitments it had earlier made. Those included listing in the trade agreement the laws that it intended to change, which cover areas like intellectual property, subsidies and forced technology transfers, say people in the U.S. and China following the talks.\n\nTrade Fight The U.S. has raised tariffs on Chinese goods in stages and threatens further levies if it isn't satisfied with progress on talks. $34 billion 16 August 2018: $16 billion more was targeted at a 25% rate. July 2018: $34 billion of imports at a rate of 25%. TARGETED PRODUCTS: Chemicals Autos Robotics Agricultural equipment Aerospace 200 September 2018: $200 billion was targeted at a rate of 10%. On Friday, that rate was increased to 25% Consumer goods Machinery Electronic components Building materials Textiles Trump has now threatened to increase tariffs on $300 billion worth of goods that weren’t taxed. Of those imports, about 40% are consumer goods. Untaxed consumer goods imported in 2017 Textiles $34.9 billion Machinery and electrical 23.9 Footwear and headgear 15.9 15.6 Toys, cameras, furniture Plastics and rubbers 8.1 Stone and glass 4.2 Metals 4.2 Wood and wood products 2.8 0.6 Chemicals & allied industries 0.5 Transportation\n\nBeijing has portrayed the change as simply part of the back-and-forth of negotiations. Officials there say that China is willing to boost intellectual property protection, but through regulatory changes—specifically directives issued by the State Council, the government’s top executive body.\n\nFor U.S. negotiators, that isn’t sufficient. Past fights involving what was called “indigenous innovation”—subsidies for high-tech companies which favored China’s domestic firms—were settled by State Council directives. But U.S. negotiators say that the directives didn’t result in big changes in Chinese behavior.\n\nBeijing argues that the difference between State Council regulations and legal changes isn’t “a substantive issue,” said Eswar Prasad, a Cornell University China specialist who speaks with Chinese negotiators. “That’s somewhat disingenuous,” Mr. Prasad said. “With Trump looking soft to them, they thought they could pull back on some elements.”\n\nPeople familiar with the Chinese position believe Beijing interpreted actions by Mr. Trump—including his demands on the Federal Reserve to lower interest rates—as a sign of concern that the U.S. was eager to get a deal.\n\nBeijing had complaints about U.S. recalcitrance too. U.S. negotiators continued to insist that even if China signed a deal, they wouldn’t lift any of the tariffs on $250 billion in Chinese goods the U.S. has imposed so far. Instead the U.S. wanted to make sure China met its pledges before removing any levies—although Mr. Trump’s Friday afternoon tweet suggests there may be some give in that position.\n\nTariffs “may or may not be removed depending on what happens with respect to future negotiations!” he wrote\n\nIn addition, the U.S. is pressing Beijing to agree not to retaliate if the U.S. judged that Beijing didn’t meet some of its obligations under the trade deal and imposed tariffs.\n\nThose demands were too much for Beijing, said Chinese officials, who viewed the lifting of tariffs as their priority. Without even that concession from the U.S., it became more difficult for Beijing to accept the demands for legal and other changes, said people following the talks. To Chinese eyes, “the deal looks unbalanced,” said Brookings Institution China specialist Cheng Li.\n\nIn Washington, the U.S. is portraying its problems with China as a fight between Communist Party hard-liners who want to maintain the status quo and reformers, led by Mr. Liu, who believe China must move toward a more market-based economy.\n\n“My own view is that these were serious, real commitments that were enforceable and that some people in China found difficult and objected to,” said Mr. Lighthizer in a briefing to reporters on May 6.\n\nWith the U.S. standing firm on tariffs, the Chinese leadership may now need to find someone to blame for its hard-line negotiating tactics, said Hudson Institution China scholar Michael Pillsbury, who advises the administration on how Beijing looks at the talks.\n\n“President Xi may need a scapegoat for whoever came up with the idea of testing President Trump,” said Mr. Pillsbury.\n\nOthers believe it may be Mr. Xi and his senior leaders who are unhappy with the deal and who ordered Mr. Liu, the trade envoy, to back off from any commitment to make changes in Chinese law.\n\n“The leadership is in agreement,” said Mr. Li, the Brookings China specialist. “They are all very angry (with the proposed deal). The domestic environment is changing for them. They can lose the deal, but they can’t be seen as too soft on the U.S.”\n\nJosh Zumbrun contributed to this article.\n\nWrite to Bob Davis at bob.davis@wsj.com",
    "published": "2019-05-11"
  },
  {
    "source": "WSJ",
    "title": "Apple and the iPhone Near Trade Crosshairs Again",
    "summary": "iPhone not hit in latest round of tariffs but could get sucked into fray if U.S.-China trade tensions escalate",
    "link": "https://www.wsj.com/articles/apple-and-the-iphone-near-trade-crosshairs-again-11557576000?mod=Searchresults_pos8&page=9",
    "content": "Apple has faced minimal impact from previous tariffs on about $200 billion in Chinese goods, which covered electronic circuit boards, computer chips, chemicals and more.\n\nRenewed trade tensions between the U.S. and China threaten to throw Apple Inc. AAPL -0.23 %decrease; red down pointing triangle back into the global trade battle, putting its iPhone business at risk just as the tech giant appeared to be shoring up declining sales of its most important product.\n\nThe round of tariff increases that hit Friday don’t directly affect iPhones, iPads, Macs or Apple Watches. But President Trump this week threatened a tariff of 25% on $325 billion in Chinese imports that haven’t previously been targeted by duties. Those would cover virtually all Chinese exports to the U.S., including Apple’s most important devices.\n\n“Build your products in the United States and there are NO TARIFFS!” Mr. Trump said Friday on Twitter.\n\nApple has faced minimal impact from previous tariffs on about $200 billion in Chinese goods, which covered electronic circuit boards, computer chips, chemicals and other parts. However, the iPhone maker is among the companies most exposed to future tariffs because it assembles almost all of its products in China. Tariffs could add to gadget prices or cut into profits by forcing Apple to absorb the additional costs.\n\nApple also counts on Greater China, which includes Hong Kong and Taiwan, for about a fifth of its sales, making it vulnerable if China retaliates with higher duties or punitive actions against American companies. Apple would be a likely target because of the iPhone’s 7.4% share of China’s smartphone market, analysts say.\n\n“If Trump actually goes the last round, they’re in big trouble,” Mary Lovely, an economist at Syracuse University, said of the iPhone maker. She said a host of other consumer-facing products would face the same fate, including apparel and electronics.\n\nShares of Apple fell 7% this week, as trade concerns mounted. They finished Friday at $197.18\n\nThe trade tensions intensified Friday when the Trump administration increased tariffs to 25% from 10% on $200 billion in Chinese goods, claiming China had backtracked on commitments made during months of trade negotiations. The setback jeopardized a potential trade agreement, as China threatened countermeasures to the U.S. tariffs.\n\nApple Chief Executive Tim Cook has been in touch with the Trump administration throughout the trade dispute. He also has tried to play down tensions publicly, telling analysts repeatedly over the past year that he was optimistic about trade negotiations.\n\n“These trade relationships are big and complex, and they clearly do need a level of focus and a level of updating and modernization,” Mr. Cook said in November.\n\nAn Apple spokesman declined to comment.\n\nThe Trump administration last year spared Apple’s smartwatch and AirPods wireless earbuds from planned tariffs.\n\nThe escalating battle this week comes amid an abrupt downturn in Apple’s iPhone business. Apple last month posted its first back-to-back drop in quarterly sales and profit in more than two years as iPhone sales sank 16% in the first half of its fiscal year. Many iPhone owners are holding on to existing devices, turned off by higher prices and less interested in new features.\n\nIn the U.S., a tariff of 25% on a Chinese-made iPhone XS could exacerbate that problem by adding about $160 in costs to the $999 device, according to Morgan Stanley. Apple could either pass that cost on to consumers—potentially causing people to hold off on buying new iPhones—or absorb it, reducing its per-share earnings by 23% in fiscal year 2020, the firm estimates.\n\nShipments of iPhones to North America, Apple’s largest market, fell 19% to 14.6 million units in the quarter ended March 30, according to Canalys, a market research firm.\n\nApple faces similar risks in China, where iPhone declines have been more pronounced. The iPhone has been losing share to Chinese rivals that offer lower-priced devices with increasingly sophisticated features. The company’s sales in Greater China fell 25% in the first half of fiscal 2019.\n\nIn April, Mr. Cook said iPhone sales improved in the most recent quarter after the Chinese government took steps to stimulate the economy by reducing its value-added tax on iPhones and other goods to 13% from 16%.\n\nShould the Chinese government retaliate against U.S. tariff increases, analysts say it could reverse that value-added tax relief. It also could target other aspects of Apple’s business, including its roughly 40 retail stores in China and its App Store. There is also the potential that Chinese consumers might put off buying Apple devices in a show of national support, analysts say.\n\n“It would be a big symbolic thing to go after Apple, and there are all kinds of tricks they can play,” said Claude Barfield, a resident at the American Enterprise Institute, a conservative think tank in Washington. He added that would carry risks for the Chinese because of how many people Apple employs in China—an estimated three million people through its supply chain.\n\nApple has taken measures in recent months to diversify its supply chain. Its largest iPhone assembler, Foxconn Technology Group, has studied whether to begin producing the devices in India. The move would reduce Apple’s dependence on China for manufacturing and help it avoid U.S. tariffs on Chinese goods.\n\nIt would take Apple time to ramp production quickly in India or any other market, analysts say, making it unlikely the company could avoid U.S. tariffs this year.\n\nDow Jones & Co., publisher of The Wall Street Journal, has a commercial agreement to supply news through Apple services.\n\nWrite to Tripp Mickle at Tripp.Mickle@wsj.com",
    "published": "2019-05-11"
  },
  {
    "source": "WSJ",
    "title": "As U.S. Raises Tariffs, China Faces Nagging Debt Questions",
    "summary": "Does Beijing now pump in even more stimulus and risk exacerbating the economy’s reliance on debt?",
    "link": "https://www.wsj.com/articles/as-u-s-raises-tariffs-china-faces-nagging-debt-questions-11557572402?mod=Searchresults_pos4&page=16",
    "content": "A new round of U.S. tariffs poses a big challenge for Chinese officials trying to manage an already-stumbling economy.\n\nHaving just pumped heavy doses of stimulus into their system to manage a slowdown, do they now pump in even more and risk exacerbating long-term problems, such as the economy’s heavy reliance on debt?\n\nChina’s economy stumbled last year, and it wasn’t all because of the trade fight with the U.S.\n\nBeijing launched a campaign two years ago to crack down on lightly regulated lending sources known as shadow-banking firms. Private firms that relied on these lenders found themselves short of cash, and a slew of defaults on bonds and notes issued by the private firms roiled markets and dented confidence. Central bank Gov. Yi Gang acknowledged the debt crackdown hurt private businesses.\n\nA tariff cease-fire declared by President Trump and Chinese President Xi Jinping in December helped restore confidence, buying time for Beijing to spur economic growth. Beijing ramped up spending by both the central government and local governments, particularly on large infrastructure projects, and relaxed restrictions on shadow banking.\n\nThe amount of stimulus injected into the economy in the first three months this year was stunning to some analysts. Larry Hu , an economist at Macquarie Group, says policy makers went into “panic mode,” pumping 2 trillion yuan to 3 trillion yuan ($293 billion to $439.5 billion) of extra spending and credit into the economy. Government spending on rail, highway and other transportation projects jumped 47% in the first quarter from a year earlier.\n\nOutstanding credit growth—including bank loans and bonds issued by companies—grew 10.7% at the end of the first quarter from a year earlier, central-bank data showed. Local governments used up 40% of their annual new-bond issuance quota in the first quarter alone, leaving limited room for localities to borrow later in the year, Moody’s said.\n\nThe efforts seemed to pay off: The economy expanded 6.4% in the first quarter from a year earlier, according to government data. The pace was the same as the end of last year—pointing to stabilization—and industrial production, lackluster at the start of the year, roared in March.\n\nBut some analysts worry that China’s ammunition is becoming constrained. After tax cuts, total tax revenue growth slowed sharply in the first quarter due to a drop in personal income tax collections. Slowing revenue but faster spending drove up the central government’s deficit. The government targets a deficit of 2.8% of gross domestic product this year. Economists say the actual deficit is already on track to top that target.\n\nNewsletter Sign-up What’s News Catch up on the headlines, understand the news and make better decisions, free in your inbox daily. Enjoy a free article in every edition. Preview Subscribed\n\nWorries about excessive borrowing nag at officials. A statement issued after the Communist Party leadership’s Politburo meeting last month mentioned the need for long-term deleveraging for the first time since late last year. Credit growth, including bonds and loans, slowed in April. Big-city governments have also started tweaking controls to limit housing purchases, a sign that some of the easy credit unleashed earlier this year is feeding renewed property speculation.\n\nSome economic indicators have started to look wobbly again. Activity in the manufacturing sector dropped unexpectedly last month. Exports fell, too. Many suppliers of machinery and industrial and building materials say any pickup in activity from earlier this year had eluded them because their costs were also rising.\n\n“It’s hard to say how this year will turn out. Let’s see how this summer goes,” said Duan Zhimin , general manager of Baoding Lenno Composite Materials Co., a maker of industrial tapes and film used in trains, aircraft and wind turbines. New orders, he said, are falling.\n\nUnder President Xi’s reign, whenever there is a trade-off between short-term growth and long-term structural reform, growth has taken priority. Early in the year, when growth was staggering, Mr. Xi used the term “stability” in a speech a dozen times.\n\nShortly after President Trump threatened new tariffs this month, China’s central bank announced a cut to the portion of deposits set aside as reserves for some smaller banks in an effort to boost lending for private firms. Many in the financial and business communities took it as a sign that more easing may be ahead.\n\nShare Your Thoughts Do you think China’s economic growth rate is sustainable, why or why not? Join the conversation below.\n\nInvestors and policy makers may have been a bit too optimistic about recent signs of a spurt in economic activity, say analysts at Nomura International. The sudden escalation of trade tensions and the recent selloffs in the stock market could convince Beijing to take further easing measures to stabilize growth, the bank said.\n\nAnother challenge looms. Prices are rising, and not just for food due to the deadly virus decimating pig herds, but also for producers and services. That, says Sealand Securities economist Fan Lei , raises the prospect of stagflation—when economic growth cools but prices heat up. Liu Guoqiang, a central-bank deputy governor, said after a briefing last month that rising pork prices are on officials’ radar.\n\nMr. Hu of Macquarie sees the risk of a further slowdown following a brief stabilization in economic growth. He expects economic growth to slow to 6.2% in the second half of the year. Stimulus and a growth spurt came quickly this year, he said, and they may be gone fast, too.\n\nLiyan Qi",
    "published": "2019-05-11"
  },
  {
    "source": "WSJ",
    "title": "China Holds Fire in Latest Trade Skirmish With U.S.",
    "summary": "Cautious about harming its economy, Beijing is waiting before retaliating against U.S. tariff increases",
    "link": "https://www.wsj.com/articles/china-holds-fire-in-latest-trade-skirmish-with-u-s-11557571638?mod=Searchresults_pos2&page=3",
    "content": "BEIJING—China held back from immediate retaliation for higher U.S. tariffs, unlike in past rounds, taking time to weigh its options amid uncertainty over how the Chinese economy would weather a full-bore trade conflict.\n\nA failure to break an impasse in talks in Washington on Friday opened a new phase in the trade fight after more than five months of back-and-forth negotiations. This time, some economists and analysts said, Beijing is taking stock of potential economic damage from higher tariffs.\n\nThe U.S. raised punitive tariffs to 25%, from 10%, for $200 billion in goods leaving China on Friday and thereafter. President Trump also ordered staff to begin the paperwork to impose levies on the more than $300 billion worth of everything else China sells to the U.S.\n\nWhile Beijing has met previous volleys of tariffs from the U.S. by raising duties on American goods—and the government has promised to retaliate—it held its fire. Though China has more limited tariff options, since it imports fewer products from the U.S. than the other way around, the Chinese leadership is also constrained by an economy that is in a shaky recovery from a sharp slowdown.\n\nThe tariff escalation is worrisome for Chinese officials, who are watching potential ripple effects, from weakening of the currency to crimping future foreign investment. Raising existing tariffs or imposing new ones could hit products China’s economy needs, like semiconductors, pork, oil and passenger jets.\n\nA wider-scale trade conflict could also force Beijing to further ease credit and boost government spending to shore up growth, doubling down on the stimulus used last year at a time some analysts say it should be ratcheting back such measures.\n\n“China doesn’t want to fan the flames,” Mark Wu, an international trade professor at Harvard University, says. “It wants to be seen as the reasonable party and open to compromise.”\n\nChina’s lead negotiator, Vice Premier Liu He, told Chinese reporters before leaving Washington that the domestic economy is in better shape than last year, with sufficient policy tools and business confidence to withstand pressure and “maintain smooth, healthy development.”\n\nIn the aftermath of Friday’s impasse, Mr. Liu stressed that negotiations haven't broken down—a message amplified by state media. Rather, according to video clips posted online by state media, Mr. Liu said negotiations “encountered unavoidable complications” and the two sides have agreed to meet in Beijing in the future.\n\nNegotiations between the U.S. and China seemed to be heading toward an agreement earlier this month when, according to Mr. Trump and U.S. officials, Beijing backtracked on commitments made in earlier rounds. Those included listing specific laws in the agreement that China would change covering intellectual property protection, subsidies and forced technology transfers, according to people in the U.S. and China following the talks.\n\nMr. Liu, in remarks reported by the Hong Kong news site Phoenix New Media Limited, didn’t specify what caused the negotiations to founder. He disagreed that the Chinese side backtracked, saying in any negotiation changes are natural before a final agreement is reached.\n\nHow Beijing moves ahead in coming weeks is likely to depend on its reading of the economy and on the U.S.’s willingness to negotiate, the economists and analysts said.\n\n“The most important thing is to not appear weak and cave into the U.S.,” says Arthur Krober, founding partner at research firm Gavekal Dragonomics. A likely scenario for Beijing, he says, is to “look like you’re staying the course, offer some discreet support if necessary, [and] hope they can get this thing resolved in next month.”\n\nNewsletter Sign-up News Get email notifications when major world and business news breaks. Preview Subscribe\n\nThe higher U.S. tariffs on $200 billion of Chinese goods will slow China’s economy by 0.2 to 0.3 percentage points this year, according to Barclays Research. Fresh 25% levies on the remaining $325 billion in Chinese goods could further drag down growth by up to 0.5 percentage points in the next 12 months, after tariffs go into effect, it said.\n\n“The moment Trump announces a date for tariffs on all Chinese goods, that’s the moment the yuan will drop,” says Bo Zhuang, an economist at research firm TS Lombard. He estimates authorities would allow the currency to swing to as weak as 7.6 yuan to the U.S. dollar, a level that would roughly offset the impact of 25% tariffs on all Chinese imports.\n\nIn the next few weeks, China watchers think the leadership will hold back from drastic moves such as reducing all banks’ required reserves to give them more money to lend. Though the two sides haven’t set a date to resume talks, President Xi Jinping and Mr. Trump are both scheduled to attend a Group-of-20 meeting in Japan at the end of June, giving negotiators a target to work toward.\n\nFor now, Beijing has only hinted at more stimulus. The central bank on Monday announced a small cut to the amount of reserves certain banks have to keep with it, a show of policy support just after the U.S. threatened tariffs. On Friday, central bank deputy director Zou Lan said in a media briefing that financial support for the property sector would be stable this year.\n\nPreviously, Beijing had been expected to ease up on stimulus after the economy grew at a stronger-than-expected 6.4% in the first quarter. Now, “Beijing cannot afford to roll back stimulus,” said Lombard’s Mr. Zhuang. “They’ll have to continue to boost to make less concessions in the trade deal.”\n\n—Chunying Zhang contributed to this article\n\nCorrections & Amplifications\n\nCentral bank deputy governor Zou Lan spoke at a media briefing on Friday. An earlier version of this article incorrectly stated that he was named Zou Wei.\n\nWrite to Chao Deng at Chao.Deng@wsj.com",
    "published": "2019-05-11"
  },
  {
    "source": "WSJ",
    "title": "The China Trade Impasse",
    "summary": "The tariff damage rises as Beijing backtracks on its earlier concessions.",
    "link": "https://www.wsj.com/articles/the-china-trade-impasse-11557528495?mod=Searchresults_pos13&page=3",
    "content": "Stock markets stabilized Friday after President Trump called the latest round of U.S.-China trade talks “constructive.” That seems to be the case to the extent that the two economic giants agreed to keep talking, not that they are closer to a deal. Prepare for some collateral economic damage as the two sides ratchet up their dueling tariffs.\n\nPresident Trump followed through Friday on his threat to impose tariffs of 25% on $200 billion of Chinese products. China has said it will respond in some fashion, probably with more tariffs on American exports, and the magnitude will be a signal of how far apart the parties are. The danger is that Mr. Trump feels obliged to respond again and impose tariffs on $325 billion more Chinese exports to the U.S., and back and forth we go.\n\nThis is a political trade risk the economy hasn’t faced since the 1930s, and no one knows where it might end. Markets have been discounting a deal for months, assuming that both sides want one in their own economic interests. That’s right on the merits, and negotiating game theory assumes setbacks and bluffs, but sometimes political players miscalculate.\n\nMeantime, there will be many economic losers. The tariffs are border taxes that do arbitrary harm, often on the innocent. Some of our friends say the Chinese are bearing the main cost of the tariffs because the decline in value of Chinese yuan is offsetting most of the tariff impact. True enough as far as that goes, but it doesn’t account for the impact of China’s retaliation.\n\nThis is hitting American farmers especially hard as one of their largest markets has shrunk. No amount of government subsidies can make up for lost market share. And as President Trump knows, those farmers hail from states he won in 2016 and needs again in 2020.\n\nThe broader cost is a continuation of policy uncertainty, as CEOs and investors can’t be sure about their supply chains, their cost of goods and raw material, or how long the tariff brawl will last. In that sense Mr. Trump’s tariffs work much like Barack Obama ’s regulation and anti-business enforcement as a restraint on investment. The impact on GDP is hard to calculate but it’s real.\n\nMr. Trump and his negotiators believe this short-term pain is worth it to put the U.S.-China trading relationship on a more balanced course. They argue that if the U.S. doesn’t challenge China’s trade cheating now, when China still needs the U.S. market, it might be too late in five or 10 years. They have a point, and by all accounts the Chinese did recently walk back significant concessions on intellectual property theft and other things that they had previously agreed to. Chinese President Xi Jinping has his trade hard-liners too.\n\nThe risk is that trade talks could become a proxy for strategic competition across the entire U.S.-China relationship. If you believe China will always cheat, or that its economic rise poses an existential threat to America, then you don’t want to make any deal at all. But thinking that way can become a self-fulfilling prophesy and drive China into an even stronger mercantilist nationalism.\n\nNo single negotiation can achieve everything, and it’s in America’s interest to see if China is able to honor trade commitments now that it has been challenged so forcefully. Some in China understand they need a deal to drive the liberalization at home their economy needs to keep growing. If China continues to cheat even after signing a deal, then the U.S. and the world can reassess.\n\nFor now the outlines of a good deal seem clear enough. China makes specific commitments to reform its policies and markets to let foreign companies compete fairly without regulatory predation or theft. The U.S. and China also establish a bilateral process for mediating disputes, and in a case of unfair treatment the U.S. has the ability to apply a tariff or reciprocal punishment.\n\nIn return Mr. Trump ought to agree to lift the tariffs he’s imposed. This would give Mr. Xi a victory he can point to as he tries to sell China’s trade concessions in Beijing and the provinces. The U.S. can always reimpose tariffs if China fails to meet its commitments. Mr. Trump can say the tariffs served their purpose, and he’s achieved something with China no other President has.\n\nIt’s a good sign that both sides want to keep talking, and the incentives for them to complete a deal are overwhelming. The danger at this stage of any negotiation is that one of the sides misjudges the other, and a full-scale trade war breaks out. Both sides would then be losers.",
    "published": "2019-05-11"
  },
  {
    "source": "WSJ",
    "title": "Charter’s Plan to Keep Subscribers Involves Helen Hunt, Jessica Alba",
    "summary": "Cable operator is launching original shows including a ‘Mad About You’ reboot and cop drama ‘L.A.’s Finest’ in bid to stop cord-cutting",
    "link": "https://www.wsj.com/articles/charters-plan-to-keep-subscribers-involves-helen-hunt-jessica-alba-11557583200?mod=Searchresults_pos3&page=73",
    "content": "Paul Reiser and Helen Hunt in the NBC sitcom ‘Mad About You.’ Charter is airing new episodes of the program this fall.\n\nCharter Communications Inc. CHTR -2.84 %decrease; red down pointing triangle is betting the reboot of a show that last aired in 1999 can help solve a 2019 problem: getting customers to keep paying for a traditional pay-TV bundle.\n\nThe cable operator will air brand-new episodes of the 1990s NBC hit “Mad About You” this fall as part of an investment in original scripted programming—a first for Charter, which makes most of its revenue selling internet, TV and phone plans to residential customers under the Spectrum name.\n\nThe company’s first original show, “L.A.’s Finest,” a police drama starring Gabrielle Union and Jessica Alba, will premiere on May 13. It will be available exclusively to Charter’s 15.9 million subscribers, who can watch it free on demand—and without ads—at home or through the Spectrum TV app.\n\nKatherine Pope, who oversees all of Charter’s original programming as head of Spectrum Originals, said the new shows will make subscribing to Spectrum’s pay-TV service more valuable. She said she chose “L.A.’s Finest” to be the first show on the service because she felt “it was a series that no one else was making: a high-quality drama about two strong women.”\n\nCharter is heavily promoting “L.A.’s Finest” on its cable systems. Ms. Pope said the company isn’t looking to make hundreds of shows for its subscribers. “There is certainly no desire either on my part or the company’s part to be Netflix. It’s not our strategy.”\n\nA Charter spokeswoman declined to comment on how much the company was investing in original programming.\n\nCharter’s plan is ambitious nonetheless: Besides its deal with Sony Pictures Television—which is producing the “Mad About You” reboot as well as “L.A.’s Finest”—Charter has agreements with Viacom Inc.’s Paramount Television and AMC Networks to jointly produce programming. The company also has a show in the works called “Manhunt” from Lions Gate Entertainment Corp. and “Curfew,” a co-production with Sky UK.\n\nIt also has big challenges. Traditional cable and satellite companies have been hit hard by cord-cutting as consumers flee high-price bundles in favor of cheaper streaming alternatives. Charter has lost about one million subscribers in the past three years. AT&T Inc.’s DirecTV has lost nearly two million subscribers during the same time.\n\nCharter is entering an already crowded field. In 2018, there were nearly 500 original scripted shows across broadcast, cable and streaming platforms vying for viewers, according to data from Walt Disney Co.’s FX Networks. That figure is only going to rise. New services including Apple Inc.’s original video offering and Disney’s Disney+ streaming service will launch later this year, and Netflix Inc. and Amazon.com Inc. continue to invest heavily in original content.\n\nAnother challenge: Charter’s reach isn’t national. While it is one of the largest pay-TV distributors, many of its customers are in the New York City and Los Angeles areas.\n\nIn an interview, “Mad About You” co-star Helen Hunt said she can’t worry about where or how many people might see the show’s reboot. “Trying to make it good, or at least not suck is my goal, that’s something we can do something about,” she said.\n\nPaul Reiser, Ms. Hunt’s co-star, joked: “We are one step above going door-to-door with our little show.”\n\nMorgan Stanley analyst Ben Swinburne said it will be hard to gauge Spectrum Originals’ success, because its programming is commercial-free and available solely on demand.\n\nCharter is following in the footsteps of DirecTV, which launched its own programming service dubbed Audience Network—home of originals from “Mr. Mercedes” to “You Me Her”—for its subscribers several years ago.\n\nGabrielle Union and Jessica Alba in ‘L.A.’s Finest’ Photo: Erica Parise/Sony Pictures Television/Spectrum Originals\n\nWhile it hasn’t reversed cord-cutting, “the churn rate for customers that spend time with Audience is lower than our other customers,” said Dan York , AT&T senior executive vice president and chief content officer. Audience Network is also one of DirecTV’s most-sampled channels, he said.\n\nTo woo studios to make content, Charter is only asking for a limited exclusive window on episodes in the U.S. For most of its shows, such as “L.A.’s Finest,” that window is nine months; for “Mad About You,” it is a year. After the window is up, the shows remain on Spectrum Originals but producers can sell them elsewhere as well.\n\n“It was very enticing to us,” said Sony Pictures Television Studios President Jeff Frost of the short windows.\n\nMr. Frost and actors and producers said that because Charter isn’t nationally distributed, they think the shows won’t be at risk of overexposure.\n\n“If you didn’t see ‘Mad About You’ on Charter, you’ll get it somewhere,” said Mr. Reiser.\n\nActors also appreciate Spectrum Originals’ startup feel and the creative freedom it gives them.\n\nMs. Union, the co-star of “L.A.’s Finest,” said the show was originally pitched to NBC but it turned into “Melba toast.” At Charter, “we were able to make the show we wanted to make,” she said in an interview. NBC declined to comment.\n\n“We’re small and the process is really clean,” said Ms. Pope, head of Spectrum Originals. “It’s not, my boss has notes and now my boss’s boss’s boss has notes.”\n\nLillian Rizzo contributed to this article.\n\nWrite to Joe Flint at joe.flint@wsj.com",
    "published": "2019-05-11"
  },
  {
    "source": "WSJ",
    "title": "San Francisco Weighs ‘IPO Tax’ to Spread Tech Wealth",
    "summary": "Uber would be among companies impacted by increased levy meant to address inequality and soaring housing costs",
    "link": "https://www.wsj.com/articles/san-francisco-weighs-ipo-tax-to-spread-tech-wealth-11557486002?mod=Searchresults_pos6&page=18",
    "content": "San Francisco Supervisor Gordon Mar, who sponsored a proposed tax increase on stock compensation, is seen outside Uber’s head office in San Francisco on Wednesday.\n\nSAN FRANCISCO—City leaders here are proposing to more than triple a tax on stock compensation in a bid to use revenue from a wave of public offerings by tech companies to address concerns about growing wealth disparity.\n\nThe so-called IPO tax would raise the levy on corporations for stock-based compensation to 1.5% from the current rate of 0.38%. That would restore the rate to its level in 2011 when the city, pulling out of recession, cut it as part of a change in its tax structure intended to keep companies from leaving.\n\nTech companies often compensate employees in part with equity. Such shares can become particularly lucrative in an IPO.\n\nThe tax increase would apply to all IPOs after the proposal was introduced this week, including Uber Technologies Inc. UBER -4.49 %decrease; red down pointing triangle which started trading Friday. An Uber spokesman declined to comment.\n\nGordon Mar, city supervisor of the San Francisco Board of Supervisors, who is the measure’s lead sponsor, estimated the tax would generate between $100 million and $200 million over its first two years. He wants the city to spend the money on housing, transportation and health programs to help low- and moderate-income workers afford an increasingly expensive region.\n\n“San Francisco in 2019 is in a radically different place as a city than we were just a decade ago,” Mr. Mar said in an interview. “I think there is broad support to reset our relationship with the tech sector.”\n\nMr. Mar announced the proposal Thursday outside San Francisco City Hall with two colleagues on the 11-member Board of Supervisors who also spoke in favor of the initiative. The board is likely to vote on the tax in the coming weeks. Mayor London Breed hasn’t taken a position.\n\nIf it passes, it would then need the approval of voters in November.\n\nShare Your Thoughts How much responsibility should tech giants be asked to shoulder for inequality, homelessness and other urban woes in San Francisco? Join the conversation below.\n\nThe San Francisco Chamber of Commerce said the tax increase would drive companies out of the city when they go public. “The term IPO tax is entirely misleading,” the business organization said. “It’s a head fake to voters while the Board of Supervisors seeks to tax the broader business community.”\n\nThe Silicon Valley Leadership Group, whose members include tech giants Facebook Inc., Apple Inc. and Alphabet Inc.’s Google, also said it opposes the measure.\n\nOther taxes on tech companies are in the works. Next week, Supervisor Aaron Peskin plans to propose a measure to tax the revenue of ride-sharing companies such as Uber and Lyft Inc. It would raise about $30 million annually for transit and infrastructure improvements to ease congestion, said Mr. Peskin’s chief of staff, Sunny Angulo.\n\nThe Uber spokesman and a Lyft spokesman declined to comment on the plan.\n\nBetween January 2012 and January 2019, list prices for homes in California rose 85.4%. Here’s a look at three of the key conditions that sent prices soaring. Video: Carlos Waters/The Wall Street Journal\n\nSilicon Valley has recently come under scrutiny as California, and particularly the San Francisco Bay Area, grapples with a housing crisis many argue has been driven in part by a surge in employment and income in the tech sector.\n\nHousing prices in San Francisco, already one of the country’s least affordable markets, may rise between 0.5% and 1.9% in 2019 as wealth from new IPOs like Uber, Lyft and Pinterest Inc. floods the city, according to an analysis by San Francisco’s chief economist, Ted Egan.\n\nJohn Harris, a 60-year-old city maintenance worker who spoke during Thursday’s announcement, said he sleeps in the back of his Chevrolet Suburban truck because he can’t afford housing on his $30,000 annual salary. “I really don’t want to leave the city, but I may have to,” Mr. Harris said.\n\nLast November, voters approved a tax on large corporations to raise money to assist the city’s homeless population.\n\nWrite to Nour Malas at nour.malas@wsj.com and Jim Carlton at jim.carlton@wsj.com",
    "published": "2019-05-11"
  },
  {
    "source": "WSJ",
    "title": "Apple and the iPhone Near Trade Crosshairs Again",
    "summary": "iPhone not hit in latest round of tariffs but could get sucked into fray if U.S.-China trade tensions escalate",
    "link": "https://www.wsj.com/articles/apple-and-the-iphone-near-trade-crosshairs-again-11557576000?mod=Searchresults_pos12&page=10",
    "content": "Apple has faced minimal impact from previous tariffs on about $200 billion in Chinese goods, which covered electronic circuit boards, computer chips, chemicals and more.\n\nRenewed trade tensions between the U.S. and China threaten to throw Apple Inc. AAPL -0.23 %decrease; red down pointing triangle back into the global trade battle, putting its iPhone business at risk just as the tech giant appeared to be shoring up declining sales of its most important product.\n\nThe round of tariff increases that hit Friday don’t directly affect iPhones, iPads, Macs or Apple Watches. But President Trump this week threatened a tariff of 25% on $325 billion in Chinese imports that haven’t previously been targeted by duties. Those would cover virtually all Chinese exports to the U.S., including Apple’s most important devices.\n\n“Build your products in the United States and there are NO TARIFFS!” Mr. Trump said Friday on Twitter.\n\nApple has faced minimal impact from previous tariffs on about $200 billion in Chinese goods, which covered electronic circuit boards, computer chips, chemicals and other parts. However, the iPhone maker is among the companies most exposed to future tariffs because it assembles almost all of its products in China. Tariffs could add to gadget prices or cut into profits by forcing Apple to absorb the additional costs.\n\nApple also counts on Greater China, which includes Hong Kong and Taiwan, for about a fifth of its sales, making it vulnerable if China retaliates with higher duties or punitive actions against American companies. Apple would be a likely target because of the iPhone’s 7.4% share of China’s smartphone market, analysts say.\n\n“If Trump actually goes the last round, they’re in big trouble,” Mary Lovely, an economist at Syracuse University, said of the iPhone maker. She said a host of other consumer-facing products would face the same fate, including apparel and electronics.\n\nShares of Apple fell 7% this week, as trade concerns mounted. They finished Friday at $197.18\n\nThe trade tensions intensified Friday when the Trump administration increased tariffs to 25% from 10% on $200 billion in Chinese goods, claiming China had backtracked on commitments made during months of trade negotiations. The setback jeopardized a potential trade agreement, as China threatened countermeasures to the U.S. tariffs.\n\nApple Chief Executive Tim Cook has been in touch with the Trump administration throughout the trade dispute. He also has tried to play down tensions publicly, telling analysts repeatedly over the past year that he was optimistic about trade negotiations.\n\n“These trade relationships are big and complex, and they clearly do need a level of focus and a level of updating and modernization,” Mr. Cook said in November.\n\nAn Apple spokesman declined to comment.\n\nThe Trump administration last year spared Apple’s smartwatch and AirPods wireless earbuds from planned tariffs.\n\nThe escalating battle this week comes amid an abrupt downturn in Apple’s iPhone business. Apple last month posted its first back-to-back drop in quarterly sales and profit in more than two years as iPhone sales sank 16% in the first half of its fiscal year. Many iPhone owners are holding on to existing devices, turned off by higher prices and less interested in new features.\n\nIn the U.S., a tariff of 25% on a Chinese-made iPhone XS could exacerbate that problem by adding about $160 in costs to the $999 device, according to Morgan Stanley. Apple could either pass that cost on to consumers—potentially causing people to hold off on buying new iPhones—or absorb it, reducing its per-share earnings by 23% in fiscal year 2020, the firm estimates.\n\nShipments of iPhones to North America, Apple’s largest market, fell 19% to 14.6 million units in the quarter ended March 30, according to Canalys, a market research firm.\n\nApple faces similar risks in China, where iPhone declines have been more pronounced. The iPhone has been losing share to Chinese rivals that offer lower-priced devices with increasingly sophisticated features. The company’s sales in Greater China fell 25% in the first half of fiscal 2019.\n\nIn April, Mr. Cook said iPhone sales improved in the most recent quarter after the Chinese government took steps to stimulate the economy by reducing its value-added tax on iPhones and other goods to 13% from 16%.\n\nShould the Chinese government retaliate against U.S. tariff increases, analysts say it could reverse that value-added tax relief. It also could target other aspects of Apple’s business, including its roughly 40 retail stores in China and its App Store. There is also the potential that Chinese consumers might put off buying Apple devices in a show of national support, analysts say.\n\n“It would be a big symbolic thing to go after Apple, and there are all kinds of tricks they can play,” said Claude Barfield, a resident at the American Enterprise Institute, a conservative think tank in Washington. He added that would carry risks for the Chinese because of how many people Apple employs in China—an estimated three million people through its supply chain.\n\nApple has taken measures in recent months to diversify its supply chain. Its largest iPhone assembler, Foxconn Technology Group, has studied whether to begin producing the devices in India. The move would reduce Apple’s dependence on China for manufacturing and help it avoid U.S. tariffs on Chinese goods.\n\nIt would take Apple time to ramp production quickly in India or any other market, analysts say, making it unlikely the company could avoid U.S. tariffs this year.\n\nDow Jones & Co., publisher of The Wall Street Journal, has a commercial agreement to supply news through Apple services.\n\nWrite to Tripp Mickle at Tripp.Mickle@wsj.com",
    "published": "2019-05-11"
  },
  {
    "source": "WSJ",
    "title": "House Ways and Means Chairman Issues Subpoenas for Trump's Tax Returns",
    "summary": "Democrats don’t expect Treasury Secretary Mnuchin or IRS Commissioner Rettig to comply",
    "link": "https://www.wsj.com/articles/house-ways-and-mean-chairman-issues-subpoenas-for-trump-s-tax-returns-11557521187?mod=Searchresults_pos7&page=15",
    "content": "WASHINGTON—Rep. Richard Neal issued subpoenas Friday to the Treasury secretary and IRS chief seeking six years of President Trump’s tax returns and audit records, taking the next formal step in the dispute between House Democrats and the Treasury Department.\n\nDemocrats don’t expect Treasury Secretary Steven Mnuchin or Charles Rettig , commissioner of the Internal Revenue Service, to comply with the subpoenas, following Mr. Mnuchin’s rejection of a previous written request from Mr. Neal and following the administration’s general refusal to provide documents for House Democrats’ investigations. The subpoenas, issued on the advice of House lawyers, link the tax-return fight to the existing body of law governing congressional information requests.\n\n“While I do not take this step lightly, I believe this action gives us the best opportunity to succeed and obtain the requested material,” Mr. Neal said.\n\nTreasury and IRS officials said Friday they had received the subpoenas.\n\nMr. Neal, a Massachusetts Democrat, requested the tax records last month, using a power the tax code gives him as chairman of the Ways and Means Committee. Under that provision, which dates to the aftermath of the Teapot Dome scandal in 1924, the chairman can seek any taxpayer’s returns and the Treasury secretary “shall furnish” them.\n\nThe law is clear, but Mr. Mnuchin argued in a letter on Monday that Mr. Neal’s request exceeded Congress’s constitutional authority because it lacked a legitimate legislative purpose. Mr. Mnuchin wrote that the Justice Department would publish a more detailed legal opinion, though that hasn’t happened yet.\n\nAlthough the tax-code provision requires Mr. Mnuchin to produce any requested documents, it doesn’t outline deadlines or penalties for noncompliance. The subpoenas, which set a May 17 deadline, could help address those issues because courts may treat that deadline like they would treat that of any other congressional subpoena.\n\nMr. Neal also responded to an argument Mr. Mnuchin has made. The secretary has argued that limiting the request to Mr. Trump showed that Democrats weren’t really interested in how the IRS was auditing presidential tax returns.\n\nMr. Trump’s extensive business holdings and claims about audits make him different, Mr. Neal wrote in letters accompanying the subpoenas.\n\n“The tax issues raised by the current president are unique,” he wrote.\n\nMr. Neal, who became Ways and Means chairman in January, has been saying for months that he expected the tax-returns fight to end up in court. It is now likely headed there and could take months, at least, to resolve.\n\nDemocrats have been pressing Mr. Trump to release his tax returns since the 2016 presidential campaign, when he broke a four-decade tradition of voluntary disclosure. Mr. Trump has cited IRS audits as a reason to keep his returns private, though no law stops him from releasing them.\n\nMr. Neal used those audits as the purpose of his request, arguing that the committee needs to examine how well the IRS is auditing the president who oversees it. The request covers some years before Mr. Trump became president, which may have been under audit. It also covers the two years he has been president, because all presidential tax returns are audited. The request also includes business tax returns that may be outside the scope of the automatic audit.\n\nNewsletter Sign-up WSJ Politics & Policy Scoops, analysis and insights driving Washington from the WSJ's D.C. bureau. Preview Subscribed\n\nMr. Mnuchin and Republican lawmakers have argued this audit-oversight rationale is just a pretext for a political fishing expedition. They have noted that Mr. Neal isn’t seeking previous presidents’ audit records and pointed to other Democrats’ statements about their desire to see Mr. Trump’s tax returns.\n\nDemocrats have cited multiple reasons why they want to see Mr. Trump’s tax returns, including the possibility that the returns would reveal conflicts of interest and financial ties. If it ever receives the returns, the committee could review them only in closed session but could release the documents or information with a vote.\n\nMr. Trump’s comments this week added fuel to Democrats’ interest in his tax records. After a New York Times report detailed more than $1 billion in tax losses that he compiled from 1985 through 1994, the president declared that he was engaged in a form of competition or entertainment.\n\n“You always wanted to show losses for tax purposes....almost all real estate developers did - and often re-negotiate with banks, it was sport,” he wrote on Twitter on Wednesday.\n\nTax records from that time period aren’t directly relevant to Mr. Neal’s request for more recent documents. Still, Democrats said they worried the president’s approach to tax avoidance could undermine the voluntary compliance that underpins the tax system.\n\n“What words for the president of the United States, when we want public confidence in the tax system, to declare it sport, to underreport, to dodge your taxes,” Rep. Lloyd Doggett (D., Texas) said at a committee hearing on Thursday.\n\nRepublicans defended Mr. Trump and warned that Mr. Neal’s request would set a precedent.\n\n“This is a gross abuse of authority, and I’m embarrassed this committee would do that,” said Rep. Tom Rice (R., S.C.).\n\nWrite to Richard Rubin at richard.rubin@wsj.com",
    "published": "2019-05-11"
  },
  {
    "source": "WSJ",
    "title": "How Higher Tariffs Affect Different Industries",
    "summary": "The increased costs on certain Chinese goods threaten future profits",
    "link": "https://www.wsj.com/articles/how-higher-tariffs-affect-different-industries-11557513451?mod=Searchresults_pos2&page=8",
    "content": "The U.S. on Friday raised tariffs to 25% on $200 billion of Chinese goods. Above, a factory in China.\n\nThe increased tariffs enacted by the U.S. on products coming from China raise the costs for many American companies and threaten their future profits.\n\nOn Friday, the U.S. raised import tariffs to 25% on $200 billion of Chinese goods, such as circuit boards, microprocessors, vehicle parts and machinery. President Trump also has warned about imposing 25% tariffs on $325 billion in Chinese goods that aren’t currently taxed. Such a move would cover virtually all Chinese exports to the U.S. and spread the pain to consumers.\n\nConsumers haven’t felt the brunt of the U.S.-China trade fight since the tariffs so far have largely targeted components used by manufacturers or because businesses absorbed some of the initial 10% tariffs.\n\nBelow is a look at some of the industries grappling with the effect of tariffs.\n\nAutos\n\nAs the auto industry has become globalized, Chinese suppliers have become dominant at certain points in the supply chains. Above. a worker checks laptop parts at an auto industrial park in China. Photo: Agence France-Presse/Getty Images\n\nThe tariff increase will cover a range of auto-parts imports, from spark plugs to exhaust pipes, and likely cascade through the supply chain, potentially affecting prices on new and used cars, industry experts said.\n\nWhile the 10% tariff levied in September had little effect on parts pricing, auto-sector lobbyists said an increase to 25% could push up makers’ costs for cars assembled in the U.S. using imported parts. The higher duty also could increase prices for car owners replacing worn-out parts—some of which are built mostly in China.\n\nAs the auto industry has globalized, Chinese suppliers have become dominant at certain points in the supply chains. There are few affordable alternatives for some of these materials and parts, industry trade groups said.\n\n“Somebody has to eat that 25%. Either it gets passed along in the supply chain and reduces margin, or that’s passed onto the consumer,” said Aaron Lowe , a senior vice president at the Auto Care Association, a lobbying group for auto-parts manufacturers, distributors and retailers.\n\nMore than 1,000 Chinese companies export auto parts to U.S. car companies and retailers of replacement parts. The U.S. imports about $10 billion in parts from China annually, according to a recent Boston Consulting Group study.\n\nMost auto makers didn’t have an immediate comment on the tariffs. Toyota Motor Corp. said it is investigating the impact of tariffs on its operations and will closely monitor the situation.\n\nThe Commerce Department delivered a report to the White House earlier this year on whether imported cars and auto parts could pose a national security risk, a key justification for imposing tariffs under U.S. trade law. But so far, the administration hadn’t acted on the report.\n\nIf a 25% tariff were levied on all automotive imports, the average price of a vehicle sold in the U.S. would increase by $4,400, according to a report from the Center for Automotive Research. The price of an imported vehicle could rise by as much as by $6,875, the group said.\n\nAdrienne Roberts\n\nManufacturers\n\nCaterpillar had said it expects tariffs to cost it between $250 million and $350 million this year. Above, a Caterpillar employee works at a Texas plant. Photo: Callaghan O'Hare/Bloomberg News\n\nExecutives at major U.S. manufacturers said they would respond to any change in the tariff by sourcing from other countries and by raising prices.\n\nCaterpillar Inc. Chief Executive Jim Umpleby said this month that the company had encouraged U.S. officials to reach a deal with Chinese counterparts. The heavy-equipment maker had said it expects tariffs, including those on foreign-made steel and aluminum, to cost it between $250 million and $350 million this year.\n\n“We’re cautiously optimistic here that, as we had been for some time, that the issues will be resolved and we’ll all move forward,” Mr. Umpleby said in a May 2 interview. “Free trade is good…for all of us.”\n\nWashing-machine maker Whirlpool Corp. last month lowered its estimate for the tariff impact on its business this year to between $200 million and $250 million, down from $300 million—assuming the tariff on Chinese goods remained at 10%.\n\nCaterpillar and Whirlpool didn’t immediately respond to questions Friday.\n\nA U.S.-imposed 25% tariff on Chinese imports went into effect at midnight on Friday. What does this new levy mean for both countries and future trade negotiations? Photo Composite: Crystal Tai\n\nMore than 1,200 companies have applied for exemptions from tariffs for products they said they could get only from China. Through May 3, about 13% of requests had been granted.\n\nOne manufacturer whose request was rejected is engine maker Cummins Inc., which imports turbochargers from its own plants in China for further assembly in the U.S.\n\nCummins has said tariffs would cost it $150 million this year, $30 million more than in 2018. The company said it has relocated production of a small number of engines to the U.K. from China to avoid the tariff impact.\n\n“We continue to mitigate the impact on our company by creating supply chain efficiencies, price increases and using the flexibility we have with our sourcing capabilities,” a Cummins spokesman said.\n\nAusten Hufford and Bob Tita\n\nFarmers\n\nPresident Trump said Friday that the federal government would make bigger purchases from U.S. farmers and send the foodstuffs as aid to poor countries. Photo: kerem yucel/Agence France-Presse/Getty Images\n\nFresh data from the U.S. Department of Agriculture on Friday underscored how much the domestic supply of crops and livestock is piling up amid trade tensions with China.\n\nThe department’s estimate for the size of U. S.corn, soybean and wheat stockpiles grew more than expected in May to 995 million bushels of soybeans, 2.1 billion bushels of corn and 1.2 billion bushels of wheat.\n\nPresident Trump said on Twitter Friday that the federal government would make bigger purchases from U.S. farmers and send the foodstuffs as aid to poor countries. The pledge appeared to be meant to help buoy farmers in the event that officials in China place additional retaliatory tariffs on U.S. farm goods after the U.S. raised duties on many imports from China.\n\nLivestock futures have been rising despite the trade fight. That is due largely to an outbreak of African swine fever, a fatal pig disease that has sparked large-scale culling of China’s pig herd. That is prompting Chinese buyers to restart purchases of U.S. pork.\n\nSome analysts were optimistic that Friday’s tariff increases would give the U.S. leverage to secure a better trade deal for farmers overall.\n\n“President Trump wants a deal, but you never want a car salesman to see how bad you want the car on his lot,” INTL FCStone chief commodities economist Arlan Suderman said in a note.\n\nSome traders said any government purchases of U.S. farm goods were unlikely to make up for business lost to China’s huge and growing market.\n\n“Farmers are getting welfare instead of trade,” said Joel Karlin, an economist with Western Milling LLC of Goshen, Calif.\n\nKirk Maltais\n\nSemiconductors\n\nChina’s reliance on the U.S. for its computer chips could discourage any retaliation against the industry after the latest round of tariffs Photo: Anthony Kwan for The Wall Street Journal\n\nU.S. chip makers that manufacture in China won’t face an additional sting from the new tariffs because their products are already subject to a 25% duty, industry insiders say. At the same time, they have blunted the hit by routing chips through third countries instead of importing them directly from China to the U.S.\n\nChina’s reliance on the U.S. for its computer chips, meanwhile, could discourage any retaliation against the industry after the latest round of tariffs. Only about 14% of China’s semiconductors are forecast to come from domestic suppliers this year, according to International Business Strategies Inc. China imported about $6.7 billion worth of chips from the U.S. last year, trade statistics show.\n\nAsa Fitch\n\nConsumer Electronics\n\nThe higher tariffs will encompass telecommunication and networking equipment, as well as electronic devices ranging from TV components to burglar alarms. Naomi Wilson, senior policy director for Asia at the Information Technology Industry Council in Washington, said that while the Trump administration’s challenge to China’s trade practices was welcome, the tariff increase would only “raise the toll” on American businesses, workers and consumers.\n\n“This specific tariff increase will affect everyday telecommunications equipment like modems and routers that help Americans connect to the internet and with each other,” Ms. Wilson said. “Increased tariffs on hardware components also mean that companies large and small will find it more difficult to use digital and cost-saving solutions in their daily business.”\n\nAsa Fitch\n\n5G Wireless Networks\n\nU.S. development of next-generation 5G wireless networks will feel the effects of 25% tariffs, the Consumer Technology Association warned Friday.\n\nIn less than a year of 10% tariffs, U.S. tech companies have already paid more than $745 million extra for 5G-related products, which include routers, switches and gateways that form the backbone of new networks, CTA president Gary Shapiro said.\n\n“Beyond the damage to American businesses, the tariffs actually hurt us—and help China—in the global race to 5G technology,” he said in a statement.\n\nAmerican companies such as Juniper Networks Inc. and Cisco Systems Inc. are among the biggest purveyors of networking equipment in the world. A Juniper spokeswoman said the company would resist any impact on its global supply chain. “We continue to aggressively implement measures to minimize the impact of potential tariffs as much as possible in order to uphold our competitive pricing and value,” she said. A Cisco spokeswoman declined to comment.\n\nAsa Fitch\n\nBicycles\n\nThe number of bicycles sold in the U.S. dropped by about 15% in the first quarter compared with the same period a year earlier. Above, employees in China work on bicycle parts. Photo: Agence France-Presse/Getty Images\n\nHigher tariffs mean more pain for the bicycle industry, which was already struggling with weak sales. The number of bicycles sold in the U.S. dropped by about 15% in the first quarter compared with the same period a year earlier, according to the market research firm NPD Group. Revenue dropped by about 2% as bicycle companies passed along higher costs.\n\nThe tariffs added to the pain from the bankruptcy filings by retailers Toys “R” Us and Performance Bicycle.\n\n“It’s made it a much more challenging environment,” said Matt Moore, general counsel of Quality Bicycle Products Inc., a distributor.\n\nBicycle companies have been looking to shift production to other locations, but such moves are very disruptive to the industry’s supply chain, which operates with a three- to six-month lead time, he said.\n\nKent International Inc., which sells about 3 million bicycles a year, said the 10% tariffs imposed by the Trump administration last year pushed the company from a profit to a loss. Kent passed along much, but not all, of the added cost to its customers in the form of higher prices, but “sales dropped 5% to 10% below forecast because of sticker shock,” said Arnold Kamler, chief executive for more than 30 years.\n\nThe Kearny, N.J., company early last year put a hold on plans to expand production at its Manning, S.C., factory because of higher tariffs on imported steel and parts. Its main supplier recently purchased a large property in Cambodia, but Kent slowed plans to shift production when it appeared a trade deal was near. Given the company’s size, that type of shift isn’t easy, said Mr. Kamler, who plans to revisit a potential move at the end of May.\n\nSome companies already have made the move. Pedego Electric Bikes, based in Fountain Valley, Calif., had been looking to shift manufacturing out of China because of European tariffs imposed early last year. It accelerated that shift in response to the tariffs imposed by the Trump administration; the company now makes 70% of its bicycles in Vietnam and 30% in Taiwan.\n\n“We were big enough that we could afford to do it, but not so big that we can’t find production capacity,” said Don DiCostanzo, chief executive of Pedego, which sold about 12,000 electric bicycles last year. Mr. DiCostanzo is looking at building bicycles in the U.S., but so far can’t find anyone here who can make bicycle frames. “We are considering opening our own frame factory,” he said.\n\nRuth Simon\n\nSolar Equipment\n\nThe higher tariff could accelerate a move by solar industry manufacturing away from China. Photo: Joe Raedle/Getty Images\n\nThe higher tariffs will impact Chinese-made solar inverters, a piece of electrical equipment that converts the output of solar panels to alternating current. But the effect may be muted, because many inverter makers have already begun to shift manufacturing away from China to avoid the existing 10% tariffs and in anticipation of potentially higher tariffs.\n\nBoth Enphase Energy Inc. ENPH 0.72 %increase; green up pointing triangle and SolarEdge Technologies Inc., SEDG -1.89 %decrease; red down pointing triangle which between them control the majority of the residential market for solar inverters, are expected to open manufacturing operations in Mexico and Vietnam this year, said Jeffrey Osborne, an analyst who covers the solar industry for Cowen Inc.\n\n“I really don’t see solar having an issue,” he said.\n\nThe higher tariff could accelerate a move by solar-industry manufacturing away from China. Existing tariffs and anti-dumping duties have significantly affected the cost of Chinese solar panels in the U.S. Manufacturing of panels has shifted to Southeast Asia.\n\nThere has been a small increase in U.S manufacturing as well. Existing taxes on imported panels has slowed the growth of solar installations in the U.S., said John Smirnow, general counsel of the Solar Energy Industries Association, a Washington, D.C., trade group.\n\nRussell Gold\n\nApparel and Footwear\n\nApparel and footwear aren’t affected by the current round of tariffs and wouldn’t be impacted unless the U.S. administration targeted all remaining Chinese imports. If that were to happen, the categories could take a big hit. Sixty-nine percent of all footwear and 42% of all apparel sold in the U.S. is imported from China, according to the American Apparel and Footwear Association.\n\nSuzanne Kapner\n\nRetailers\n\nWalmart Inc. and other large retailers have prepared for potential tariff increases since last year, importing goods early and working with suppliers and manufacturers to lower production costs. But shelf prices are likely to rise on a host of common products with a 25% tariff, Walmart said in a September letter to trade officials arguing against the measure.\n\nThe largest U.S. retailer by revenue could weather higher tariffs better than smaller rivals, said retail analysts. Stores that earn a higher percentage of sales from groceries, including Walmart, Costco Wholesale Corp. and others will see lower impacts, according to a Bernstein report. Larger retailers also have more robust sourcing teams and greater ability to pressure suppliers to lower prices.\n\nAround 56% of Walmart’s U.S. sales come from groceries, which are less likely to come from China than other products like Christmas lights or apparel. Around two-thirds of Walmart’s purchases are made in the U.S., company executives have told investors.\n\nPrices are already rising on some goods like home products and bicycles at Walmart and its competitors under the earlier 10% tariff, said Walmart CFO Brett Biggs at a March analyst conference. “Our merchants are watching day by day, category by category. They’ve always been working with suppliers on their own cost structure,” he said. “But we want to continue to be the low-price leader.”\n\nRetailers have worked to fight tariffs with the National Retail Federation calling the tactic “taxes paid by American businesses and consumers, not by China.” Many retailers started to move supply chains outside China, but those efforts take time and are still in progress, said Jonathan Gold, a vice president at the NRF. “Folks are still trying to figure out what the right thing to do is.”\n\nSarah Nassauer\n\nMedical Devices\n\nThe U.S. tariff hike on certain Chinese imports largely spares finished medical devices, though they include some categories such as electrical nerve stimulation machines and medical-imaging components.\n\nMedical-technology manufacturers and their allies in Congress have lobbied to exclude many products from the Trump administration’s tariff actions.\n\nIn a prior round of tariff actions last year, industry lobbyists persuaded the administration to reduce the total value of medical technologies subject to new tariffs to less than $1 billion, from initial proposals of about $3 billion.\n\nIndustry trade group AdvaMed, whose members include Johnson & Johnson and Medtronic Plc, has opposed the tariffs. “We remain hopeful for a successful conclusion of the negotiations, which are delicate and with broad-reaching implications that our industry is watching closely on behalf of the patients we serve,” Ralph Ives, AdvaMed executive vice president of global strategy and analysis, said in a statement.\n\nPeter Loftus\n\nCorrections & Amplifications\n\nAn earlier version of this article misspelled the last name of Pedego CEO Don DiCostanzo as DiConstanzo. (May 11)",
    "published": "2019-05-11"
  }
]