[
  {
    "source": "WSJ",
    "title": "U.S., Japan Reach Trade Deal on Farm Goods, Digital Trade",
    "summary": "Limited accord Trump, Abe signed on sidelines of United Nations General Assembly will lower agricultural tariffs in Japan, industrial tariffs in the U.S.",
    "link": "https://www.wsj.com/articles/u-s-japan-sign-trade-deal-giving-american-food-products-more-access-11569430694?mod=Searchresults_pos14&page=3",
    "content": "President Trump and Japan’s Prime Minister Shinzo Abe signed a trade-enhancement agreement that will lower agricultural tariffs in Japan, industrial tariffs in the U.S. and set new rules for digital trade between the world’s first- and third-largest economies.\n\nThe limited accord, reached on the sidelines of the United Nations General Assembly on Wednesday, is potentially the first step in a broader trade agreement between the two countries.\n\n“Japanese tariffs will now be significantly lower or eliminated completely on beef, pork, wheat, cheese, corn, wine and so much more,” Mr. Trump said, adding the deal will open markets for about $7 billion in U.S. agricultural products.\n\nMr. Trump notified Congress last week that the U.S. and Japan were prepared to enter a limited agreement that would lower some tariffs and set terms of digital trade. The U.S. and Japan kept the negotiations limited in scope to avoid the need for Congress to vote on the deal.\n\nMessrs. Trump and Abe had previously announced in August at a Group of Seven summit in France that they had reached an agreement in principle to lower agricultural and industrial tariffs.\n\nLower Japanese agricultural tariffs would allow U.S. farmers to better compete in Japan. American agricultural exporters have been disadvantaged in the Japanese market ever since Mr. Trump pulled out of the 12-nation Trans-Pacific Partnership at the beginning of his presidency. The other 11 nations had completed that deal and thus obtained lower tariffs in Japan’s market.\n\nJapan will open its markets to about $7 billion in U.S. agricultural products, President Trump said on Wednesday after signing an agreement with Japanese Prime Minister Shinzo Abe on the sidelines of the United Nations General Assembly. Photo: saul loeb/Agence France-Presse/Getty Images\n\nThe Office of the U.S. Trade Representative said U.S. farm products would now be granted the same advantage in the Japanese market as the countries that signed the TPP.\n\nJapan will lower tariffs on about $2.9 billion of beef and pork, and eliminate tariffs on $1.3 billion of goods, including almonds, certain fruits and nuts, and sweet corn. An additional $3 billion will have tariffs eliminated in stages, including wines, cheeses and whey, ethanol and other items.\n\nFor its part, the U.S. will reduce or eliminate tariffs on some industrial goods from Japan including certain machine tools, fasteners, steam turbines, bicycles, bike parts and musical instruments, the USTR said. The U.S. will also reduce agricultural tariffs on items including certain plants and flowers, green tea, chewing gum and soy sauce.\n\nThe trade war with China is putting a strain on the U.S. agriculture industry. WSJ's Jason Bellini sat down with a group of farmers from the corn, beef, soybean, and dairy industries to hear how tariffs are affecting their businesses.\n\nTokyo and Washington also agreed on a set of provisions related to digital trade, including a prohibition on imposing tariffs on digital products transmitted electronically, including videos, music, e-books, software and games, according to the USTR. The deal ensures barrier-free cross-border data transfers.\n\nIn the letter to Congress last week, the Trump administration left open the possibility of doing a comprehensive trade agreement in the future and said it would continue to collaborate with Congress on future negotiations. Mr. Trump on Wednesday said such a deal will be signed in the future.\n\nBusiness groups welcomed Wednesday’s deal but called on the Trump administration to continue negotiations on the full scope of U.S.-Japan trade issues.\n\n“Today’s news will spur economic growth and boost sales on both sides of the Pacific, especially for American farmers and ranchers and the digital economy,” said Myron Brilliant , the head of international affairs at the U.S. Chamber of Commerce.\n\n“However, it’s not enough,” Mr. Brilliant said. “The Chamber strongly urges the administration to hold fast to its commitment to achieve a comprehensive, high-standard trade agreement with Japan that addresses the full range of our trade priorities, including services, intellectual-property protection, and regulatory barriers to trade.”\n\nThe president vowed that the deal will help “reduce our chronic trade deficit” with Japan. In 2018, the U.S. exported $75 billion of goods to Japan but imported $142 billion, leading to a trade deficit of $67 billion\n\nFor its part, Japan had expected to receive protection from the Trump administration’s threatened tariffs on automobile imports. The Trump administration has determined that such imports threaten U.S. national security and has the authority to impose tariffs on the basis of that finding. The initial U.S. announcement, however, made no mention of any assurances to Japan that it would avoid the tariffs.\n\nA joint statement signed by the two countries, however, offered an indirect assurance that the U.S. wouldn’t hit Japan with auto tariffs, saying the two sides will “refrain from taking measures against the spirit of these agreements.”\n\nThe nations made a similar agreement when their talks began a year ago, and the U.S. has since refrained from adding tariffs against Japan. The statement also said “both nations will make efforts for an early solution to other tariff-related issues,” without specifying a timeline.\n\nWrite to Vivian Salama at vivian.salama@wsj.com and Josh Zumbrun at Josh.Zumbrun@wsj.com",
    "published": "2019-09-25"
  },
  {
    "source": "WSJ",
    "title": "Newsletter: Housing’s Maybe Rebound, China’s ‘Decoupling’ Warning and Consumers’ Cloudy Crystal Ball",
    "summary": "This is the web version of the WSJ’s newsletter on the economy. You can sign up for daily delivery here.",
    "link": "https://www.wsj.com/articles/newsletter-housings-maybe-rebound-chinas-decoupling-warning-and-consumers-cloudy-crystal-ball-01569408664?mod=Searchresults_pos5&page=66",
    "content": "This is the web version of the WSJ’s newsletter on the economy. You can sign up for daily delivery here.\n\nThe U.S. housing market may finally be perking up, China warns the U.S. against \"decoupling,\" and consumer sentiment is yo-yoing this year amid rising political and economic uncertainty. Welcome to mid-week. Let's take a look at the news.\n\nHeading for Home\n\nHousing has been a drag on the U.S. economy for six straight quarters. That may be changing, a potentially small but welcome boost while growth is otherwise hobbled by weak business spending and softening global demand for American goods and services.\n\nWhat's happening? U.S. home-price growth is slowing and mortgage rates are historically low. Average national home prices in July grew at the slowest pace since September 2012, according to S&P CoreLogic Case-Shiller's national index. The 20-city index advanced at an almost seven-year low. Meanwhile, 30-year mortgage rates have fallen to less than 4% from nearly 5% in November.\n\nU.S. home-price growth is slowing and mortgage rates are historically low. Average national home prices in July grew at the slowest pace since September 2012, according to S&P CoreLogic Case-Shiller's national index. The 20-city index advanced at an almost seven-year low. Meanwhile, 30-year mortgage rates have fallen to less than 4% from nearly 5% in November. There are preliminary signs those trends are behind—and could help sustain—a recent pickup in sales and construction. Separate data last week showed sales of previously owned homes in August rose to their strongest pace in nearly a year-and-a-half and home building rose to its highest level since June 2007.\n\nthose trends are behind—and could help sustain—a recent pickup in sales and construction. Separate data last week showed sales of previously owned homes in August rose to their strongest pace in nearly a year-and-a-half and home building rose to its highest level since June 2007. Forecasting firm Macroeconomic Advisers estimates that residential fixed investment will add 0.1 percentage point to gross domestic product in the third quarter. Yes, that's tiny. But it would mark the first positive contribution since the end of 2017, a timely assist while businesses are pulling back amid trade-related uncertainty, and weak overseas growth tamps down demand for U.S. exports.\n\nWHAT TO WATCH TODAY\n\nU.S. new-homes sales for August are expected to rise to an annual pace of 660,000 from 635,000 a month earlier. (10 a.m. ET)\n\nThe Chicago Fed’s Charles Evans speaks on the economy and monetary policy at 8:00 a.m. ET, Fed governor Lael Brainard speaks on financial stability before the House Financial Services Committee at 10 a.m. ET, the Kansas City Fed’s Esther George speaks on payment systems before the Senate Banking Committee at 10 a.m. ET, and the Dallas Fed's Robert Kaplan participates in a moderated Q&A at the Dallas Business Club at 6 p.m. ET.\n\nPresident Trump is in New York City for the United Nations General Assembly.\n\nTOP STORIES\n\nSince U Been Gone\n\nChinese Foreign Minister Wang Yi said the decoupling of the world’s two largest economies would lead to \"endless troubles.\" “Decoupling from China’s economy would be to decouple from opportunities, and the future,” said Mr. Wang. The official criticized those who depict China as an adversary and said the U.S. should “avoid picking a misguided fight with the wrong country,” Tyler Blint-Welsh reports.\n\nMr. Wang spoke to business and political leaders while in New York City for the United Nations General Assembly. Not all attendees were impressed. “I didn’t expect the State Councilor to lay out China’s negotiating position, but I did not hear an enthusiasm to bringing these negotiations to a conclusion that I would’ve liked to have heard,” said Craig Allen, president of the U.S.-China Business Council.\n\nspoke to business and political leaders while in New York City for the United Nations General Assembly. Not all attendees were impressed. “I didn’t expect the State Councilor to lay out China’s negotiating position, but I did not hear an enthusiasm to bringing these negotiations to a conclusion that I would’ve liked to have heard,” said Craig Allen, president of the U.S.-China Business Council. The U.S.-China trade war has disrupted markets and undermined business confidence around the world. The sides are scheduled to resume high-level talks next month.\n\nRunning on Empty\n\nOne area where a decoupling would hurt both countries: The rollout of self-driving vehicles. Whether nominally American or Chinese, many companies developing autonomous driving systems or other next-generation vehicle tech function as Sino-U.S. hybrids with research-and-development bases in California and in China. Employing the best available American and Chinese engineers, they typically raise funds in both countries, while also seeking customers in both. This distributed approach has been considered a strength but is now a vulnerability as Washington prepares to slap export controls on a range of critical emerging technologies, including the artificial intelligence that underpins autonomous driving, Trefor Moss reports.\n\nConsumers Feeling a Little Less Good\n\nU.S. consumer confidence took a hit in September amid escalating trade tensions. While down for two consecutive months, the Conference Board's consumer confidence index remains elevated by historical standards. Numbers have been especially volatile this year, driven by rising uncertainty over trade policy and the broader economic outlook. \"At some point this continued uncertainty will begin to diminish consumers’ confidence in the expansion,” said Lynn Franco, the group's senior director of economic indicators. Household spending has been the mainstay of economic growth this year and there have been few signs consumers are slowing down. The Commerce Department's personal income and spending report for August, out Friday, will offer the next snapshot of consumer health.\n\nSpeaking of volatility, Tuesday marked one of the most volatile sessions for stocks in weeks, underscoring worries about political uncertainty and a slowdown in economic activity, Amrith Ramkumar reports. Don't expect a lot of clarity in the coming days: Speaker Nancy Pelosi said the House would move ahead with an “official” impeachment effort against President Trump. Washington and Beijing, meanwhile sent out mixed signals on trade, with Mr. Trump saying he wouldn’t accept a “bad” trade deal with China, while Bloomberg News reported Chinese companies are preparing to increase their purchases of U.S. pork.\n\nOvertime Expansion\n\nThe Trump administration boosted the number of workers eligible for overtime, extending pay requirements for about 1.3 million people. The rule, set to go into effect Jan. 1, would increase a key salary threshold below which workers generally qualify for time-and-a-half pay for logging more than 40 hours a week. That threshold would increase to $35,568 from $23,660—a figure that hasn’t changed since 2004. A more-sweeping version of the rule by the Obama administration in 2016 was blocked by a court after states and businesses challenged it, Andrew Ackerman and Sarah Chaney report.\n\nWHAT ELSE WE’RE READING\n\nRetired Americans are starting more businesses than ever. \"The 55- to 64-year-old age group accounted for 26% of new entrepreneurs in 2017, according to the Ewing Marion Kauffman Foundation. That’s a significant increase over the 15% figure from 1996. Research by the Global Entrepreneurship Monitor shows the same age group has the highest rate of business startup activity globally over the past decade,\" Chris Farrell reports in Bloomberg Businessweek.\n\nSign Up for Our Calendar\n\nReal Time Economics has launched a downloadable Google calendar with concise previews, forecasts and analysis of major U.S. data releases.\n\nTo add to your Google Calendar on desktop, click here.\n\nTo add to your Google calendar app on mobile, click here.\n\nIf you prefer to view the calendar using a web browser, with the option of adding select Real Time Economics entries to your calendar, click here.\n\nAnd here's our how-to.\n\nLet us know what you think. This is a pilot project, so we’d appreciate your feedback.",
    "published": "2019-09-25"
  },
  {
    "source": "WSJ",
    "title": "Nike Shares Hit an All-Time High",
    "summary": "Footwear and apparel company posts better-than-expected sales, bolstered by China",
    "link": "https://www.wsj.com/articles/nike-shares-hit-an-all-time-high-11569424326?mod=Searchresults_pos4&page=26",
    "content": "Shares of Nike Inc. NKE -0.55 %decrease; red down pointing triangle set at an all-time high on Wednesday as the footwear and apparel company reported better-than-expected sales for its latest quarter, driven by China.\n\nNike shares rose 4.2% Wednesday, closing at $90.91. The stock hit a high of $92.79 during the session.\n\nOn Tuesday, the Beaverton, Ore., company said sales rose 7% in the latest quarter from a year earlier, with Greater China revenue climbing 22% to $1.68 billion despite trade tensions with the U.S. The boost trailed that of the company’s fourth-quarter results in June, showing the China region’s strength as a growth driver.\n\nOverall sales increased to $10.66 billion from $9.95 billion a year earlier, exceeding the $10.44 billion expected for the quarter by analysts polled by FactSet.\n\nDuring the quarter, Nike decided to pull a July Fourth shoe from shelves after NFL-star-turned-activist Colin Kaepernick objected to the design, which featured an early American flag, a move that stoked controversy inside and outside the sneaker giant, The Wall Street Journal reported at the time.\n\nFor the full year, Nike expects revenue to grow in the high single-digit range, Finance Chief Andrew Campion said on an investor call.\n\n“Nike is one of a few companies that can confidently point to an acceleration in near-term [revenue] trends,” Credit Suisse Group AG analysts said in a note Tuesday, adding that they were encouraged by Nike’s guidance. Nike said Tuesday that it expects a full-year gross-margin expansion of 0.5 to 0.75 percentage point, compared with the previous guidance of 0.5 percentage-point expansion.\n\nThe effect of U.S. tariffs on Chinese goods would be more prominent in the current quarter, as President Trump’s announcement of the tariffs in August and their imposition in September didn’t give the company much time to manage any of the levers within its overall portfolio, Mr. Campion said.\n\n“We’re a big proponent of free and fair trade, and that’s because tariffs have always been part of the financial equation at Nike,” Mr. Campion said. “So with a little bit of time, we have a lot of levers we can work with from sourcing to other levers.”",
    "published": "2019-09-25"
  },
  {
    "source": "WSJ",
    "title": "Judge Blocks Subpoena of Trump Tax Returns—for One Day",
    "summary": "Subpoena is part of state prosecutors’ probe into how, and whether, the Trump Organization recorded hush-money payments",
    "link": "https://www.wsj.com/articles/judge-blocks-subpoena-of-trump-tax-returnsfor-one-day-11569431010?mod=Searchresults_pos6&page=3",
    "content": "NEW YORK—A federal judge on Wednesday blocked the enforcement of a subpoena for President Trump’s tax returns for a single day after a contentious hearing over state prosecutors’ request for his financial information.\n\nThe subpoena had a deadline of 1 p.m. Wednesday. Mr. Trump filed a lawsuit last week against Manhattan District Attorney Cyrus Vance Jr . and Mazars USA LLP, the president’s longtime accounting firm, to block the subpoena requesting eight years of tax returns and other financial records.\n\nThe subpoena is part of state prosecutors’ probe into whether hush-money payments, and how those payments were recorded, violate a state law against falsifying business records.\n\nU.S. District Judge Victor Marrero said the daylong extension would give the parties time to further negotiate how to address the subpoena. “I would suggest that the parties go home, sober up, decompress, perhaps get together again between now and tomorrow and see whether some way may be found to accommodate the concerns that have been expressed from both sides,” Judge Marrero, an appointee of President Bill Clinton , said Wednesday.\n\nOn Tuesday, federal prosecutors from the Southern District of New York asked the judge to temporarily block enforcement of the subpoena while they weighed whether to intervene in the case. The judge said the Southern District or Justice Department must indicate by Monday whether they intend to get involved.\n\nJudge Marrero tried to broker an agreement between the parties during the hearing but was unsuccessful. Prosecutors from the district attorney’s office said any delay would likely result in a lengthy appeals process that could run out the statute of limitations on the charges under consideration. A lawyer for Mr. Trump had suggested the issue could reach the U.S. Supreme Court.\n\n“At that point we’ll have no charges available,” said Carey Dunne, Mr. Vance’s general counsel.\n\nMazars has said it would comply with its legal obligations.\n\nMr. Trump’s lawyers have called the subpoena unconstitutional, saying a county prosecutor can’t investigate a sitting president. Such an investigation, even if it only implicated his businesses, would hamper the president’s daily duties, William Consovoy, a lawyer for Mr. Trump, told the judge.\n\n“It’s important that he be seen as having the full support of the nation,” Mr. Consovoy said.\n\nMr. Trump’s lawyers said the subpoena is part of a larger campaign by Democrats to harass the president, and noted it mirrored a subpoena sent to Mazars by a House committee.\n\nMr. Vance’s office has asked Judge Marrero to toss the case, arguing the law doesn’t block the accounting firm from complying with the subpoena. Mr. Trump hasn’t been identified as a defendant and there is no indication that he will be, prosecutors said in court papers.\n\nProsecutors accused Mr. Trump of “seeking to invent and enforce a new presidential ‘tax return privilege,’ on the theory that disclosing information in a tax return will necessarily reveal information that will somehow impede the functioning of a president.”\n\nSolomon Shinerock, a prosecutor in Mr. Vance’s office, said in court documents that the Trump Organization complied with a subpoena for records about payments to former adult-film star Stormy Daniels and former Playboy model Karen McDougal. The Trump Organization gave prosecutors 3,376 pages, Mr. Shinerock said.\n\nAfter prosecutors sent a second subpoena, requesting personal and business tax returns dating to 2011, Mr. Trump sued Mr. Vance. Mr. Shinerock said his subpoena requested the same documents as the House committee one because he thought it would be easier for Mazars.\n\nThe lawsuit comes amid a larger battle over Mr. Trump’s tax returns. In April, Mr. Trump sued Deutsche Bank AG and Capital One Financial Corp. in an attempt to block the banks from complying with subpoenas requesting tax returns and other financial information. That case is pending before a federal appeals court.\n\nWrite to Corinne Ramey at Corinne.Ramey@wsj.com",
    "published": "2019-09-25"
  },
  {
    "source": "WSJ",
    "title": "House Passes Bill to Protect Banking for Marijuana Businesses",
    "summary": "Measure would prevent federal regulators from penalizing institutions that serve companies operating in states where cannabis is legal",
    "link": "https://www.wsj.com/articles/house-passes-bill-to-protect-banking-for-marijuana-businesses-11569447960?mod=Searchresults_pos8&page=6",
    "content": "Federal banking rules have meant that many marijuana-related businesses have been forced to deal primarily in cash.\n\nThe House of Representatives passed legislation Wednesday to protect financial institutions that serve marijuana businesses in states where the substance is legal.\n\nFederally insured depository institutions are prohibited from offering financial services to such businesses because pot is illegal under federal law, forcing the companies to deal primarily in cash.\n\nRecreational cannabis use is legal in 11 states and Washington, D.C., and medicinal use is legal in another 22 states.\n\nThe bill would, in part, prevent federal regulators from penalizing institutions that issued loans to or otherwise transacted with legitimate cannabis businesses.\n\n“Thousands of employees, businesses and communities across this country have been forced to deal in piles of cash because of the conflict between state and federal law,” said Rep. Ed Perlmutter (D., Colo.), lead sponsor for the bill, known as the SAFE Banking Act, short for Secure And Fair Enforcement.\n\nShare Your Thoughts How do you think this will impact the cannabis industry in the states where it has been legalized? Join the conversation below.\n\nThe bill passed in the House, 321-103. Although the bill’s Senate companion has bipartisan co-sponsors, its passage in the chamber is uncertain.\n\nIn July, the Senate Banking, Housing and Urban Affairs Committee held a hearing on the banking-related challenges cannabis businesses face. The committee’s chairman, Sen. Mike Crapo (R., Idaho), told The Wall Street Journal on Tuesday that, though he thought some concerns raised at that hearing were worth looking into, he hoped similar legislation would be able to get a Senate vote.\n\nKevin Murphy, chief executive officer of cannabis company Acreage Holdings, said the legislation was an important step toward transparency and safety for the industry. The company, whose board of directors includes former House Speaker John Boehner , a Republican from Ohio, and former Massachusetts Republican Gov. William Weld , owns cannabis growing, processing and distribution operations, and operates in 20 states.\n\nMr. Murphy said the legislation was even more important to smaller entrepreneurs who lack the institutional connections and financial heft of his company. “There are folks in this business that are paying taxes to the IRS with duffel bags full of cash, millions of dollars,” he said.\n\n“By approving the SAFE Banking Act, more than two-thirds of the House affirmatively acknowledged that legalization and regulation of the marijuana marketplace is preferable to criminalization,” said Justin Strekal, political director at the National Organization for the Reform of Marijuana Laws.\n\nBesides protecting banking institutions’ ability to interact with cannabis businesses, the bill also requires federal regulators to issue guidance to financial institutions regarding hemp, a variety of the cannabis plant used for its fiber, and businesses that sell hemp-derived cannabidiol, or CBD, a chemical marketed as a painkiller.\n\nHemp was recently reclassified to separate it from marijuana, which has higher levels of THC, the main psychoactive chemical in pot.\n\nThe legislation was backed by organizations such as the American Bankers Association. In a letter this week to House Speaker Nancy Pelosi (D., Calif.) and House Minority Leader Kevin McCarthy (R., Calif.), the association’s president Rob Nichols urged the passing of the bill.\n\nMr. Nichols said Wednesday that the bill would help banks meet community needs, reduce cash-motivated crimes and make tax collection more efficient. “It will also ensure that businesses with indirect ties to the cannabis industry—including vendors, utility companies and law firms—won’t be needlessly forced out of the financial system,” Mr. Nichols said.",
    "published": "2019-09-25"
  },
  {
    "source": "WSJ",
    "title": "An Apolitical Supreme Court",
    "summary": "Chief Justice John Roberts defends the unpredictable Justices.",
    "link": "https://www.wsj.com/articles/an-apolitical-supreme-court-11569454257?mod=Searchresults_pos13&page=10",
    "content": "Chief Justice of the Supreme Court John Roberts in 2017. Photo: aaron bernstein/Reuters\n\nDisappointed partisans say the Supreme Court is a political body, with five conservative Justices gleefully voting one way, and four liberals wistfully dissenting. Balderdash, replies Chief Justice John Roberts —to paraphrase him slightly.\n\n“When you live in a politically polarized environment, people tend to see everything in those terms,” he said Tuesday at an event in Manhattan. “That’s not how we at the Court function, and the results in our cases do not suggest otherwise.” Last term, he added, 19 decisions broke 5-4. Only seven split between conservatives and liberals.",
    "published": "2019-09-25"
  },
  {
    "source": "WSJ",
    "title": "The Daily Shot: Confidence Among Older Americans Declines Sharply",
    "summary": "To receive the Daily Shot newsletter in your inbox, please sign up at our Email Center. Previous issues of the Daily Shot are available online at DailyShotWSJ.com.",
    "link": "https://www.wsj.com/articles/the-daily-shot-confidence-among-older-americans-declines-sharply-01569400695?mod=Searchresults_pos12&page=57",
    "content": "To receive the Daily Shot newsletter in your inbox, please sign up at our Email Center. Previous issues of the Daily Shot are available online at DailyShotWSJ.com.\n\nHave questions, feedback or comments? Contact author Lev.Borodovsky@DowJones.com.\n\nTwitter: @SoberLook\n\n\n\n\n\nThe Daily Shot: 25-Sep-19\n\n• The United States\n\n• Canada\n\n• The United Kingdom\n\n• The Eurozone\n\n• Europe\n\n• Asia - Pacific\n\n• Emerging Markets\n\n• Cryptocurrency\n\n• Energy\n\n• Equities\n\n• Credit\n\n• Rates\n\n• Global Developments\n\n• Food for Thought\n\n\n\n\n\nThe United States\n\n1. The Conference Board's consumer confidence indicator ticked lower in September. Nonetheless, the index remains elevated relative to historical levels. The second chart shows consumer expectations.\n\n• Below we have the year-over-year changes in consumer confidence.\n\n• The decline in confidence was particularly sharp among older Americans.\n\n• Here is the gap between consumer expectations and current conditions. Extreme lows in this measure tend to indicate that we are in the late phase of the economic cycle.\n\n• There was a pop in the \"jobs not so plentiful\" indicator. Noise?\n\n--------------------\n\n2. The Richmond Fed's regional manufacturing index was disappointing. Factory orders declined in September (second chart).\n\n• The index of employee workweek hit the lowest level since 2013.\n\n• Manufacturers have become less optimistic about future shipments.\n\n• September regional Fed surveys released so far (New York, Philly, Richmond) still point to a slight improvement in factory activity at the national level (ISM).\n\nSource: @Not_Jim_Cramer\n\n--------------------\n\n3. Home price appreciation continues to moderate.\n\nHowever, the Federal Housing Finance Agency's home price index ticked higher (still around 5% per year).\n\nAnd home prices keep outpacing wages.\n\n--------------------\n\n4. Lower-income Americans are increasingly switching jobs.\n\nSource: @WSJ; Read full article\n\n5. According to Deutsche Bank, if all the threatened tariffs go into effect, the average US tariff will exceed 10%. That's higher than any major emerging market economy.\n\nSource: Deutsche Bank Research\n\n\n\n\n\n\n\nCanada\n\n1. July wholesale trade surprised to the upside.\n\n2. Recession risks remain elevated.\n\nSource: Oxford Economics\n\n\n\n\n\n\n\nThe United Kingdom\n\n1. Factory orders and output expectations have deteriorated. Many firms view the UK as simply not open for business right now.\n\nSource: Reuters; Read full article\n\nSource: Pantheon Macroeconomics\n\n--------------------\n\n2. This chart shows the relative stock market performance across key sectors.\n\nSource: @BBGVisualData; Read full article\n\n3. The fiscal situation remains robust as government borrowing tracks last year's levels.\n\n4. What do Britons think about the Supreme Court's decision on Prime Minister proroguing Parlament?\n\nSource: @YouGov; Read full article\n\n\n\n\n\n\n\nThe Eurozone\n\n1. The Ifo report measuring German sentiment on current business conditions was a bit better this month. However, expectations remain grim (second chart).\n\n• Here is the breakdown by sector showing that the \"current situation\" uptick was due to the service sector.\n\nSource: ifo Institut\n\n• The Ifo index points to further downside in Germany's composite PMI.\n\nSource: Commerzbank Research\n\n• Between the Ifo and the PMI reports, it's becoming increasingly clear that Germany's economy is contracting.\n\nSource: Pantheon Macroeconomics\n\n--------------------\n\n2. The INSEE National Statistics Office reported that French business sentiment improved in September. Manufacturing confidence remains steady.\n\nHowever, there are substantial downside risks to the nation's industrial activity.\n\nSource: Pantheon Macroeconomics\n\nSeparately, French consumer confidence has been resilient in the face of the economic slowdown in the Eurozone.\n\n--------------------\n\n3. Spain's central bank downgraded its forecasts for the country's economic growth.\n\nSource: @markets; Read full article\n\n4. Greek government bond yields continue to drift lower.\n\n5. Finally, this chart shows the average annual employment and GDP growth by period. The current expansion is more \"employment-rich\" than the previous ones.\n\nSource: ECB; Read full article\n\n\n\n\n\n\n\nEurope\n\n1. Elsewhere in Europe, the Swiss monetary base remains stable for now. It implies that the SNB's direct interventions in the currency markets (to keep the franc from appreciating) have been relatively modest.\n\n2. Czech business confidence is deteriorating as a result of Germany's industrial slump.\n\nCzech rates have been elevated relative to the Eurozone. Is this divergence sustainable?\n\nSource: @Steen_Jakobsen, @markets\n\n--------------------\n\n3. Next, we have some metrics on the EU budget.\n\nSource: Visual Capitalist; Read full article\n\n\n\n\n\n\n\nAsia - Pacific\n\n1. Here are some updates on Japan.\n\n• The BoJ is trying to steepen the yield curve. It's working (chart below), but will it be enough to help the banking system?\n\nSource: Reuters; Read full article\n\nh/t @TheTerminal\n\n• The planned consumption tax increase should have less extreme economic consequences than the prior hike in 2014.\n\nSource: CIBC Capital Markets\n\n--------------------\n\n2. New Zealand's central bank left rates unchanged. While this outcome was widely expected, the Kiwi dollar rose (chart below). The market expects the RBNZ to cut rates in November.\n\n\n\n\n\n\n\nEmerging Markets\n\n1. Chilean inflation continues to surprise to the downside. There is scope for more monetary stimulus.\n\nSource: Oxford Economics\n\n2. Here is Mexico's consumer inflation. The second chart separates the CPI into \"administered\" (government-controlled) and market-based prices.\n\nSource: Goldman Sachs\n\n3. This chart shows inflation trends by region (EM Europe is moderating).\n\nSource: Capital Economics\n\n4. Online search data suggest that India's commercial lending activity is deteriorating.\n\nSource: Arbor Research & Trading\n\n5. Egypt's stock market tumbled in recent days amid social unrest.\n\n6. Investment-grade EM sovereign credit has outperformed high-yield by the largest margin since 2008.\n\nSource: Oxford Economics\n\n\n\n\n\n\n\nCryptocurrency\n\n1. And here is that breakout (as promised) ...\n\n2. The spike in social mentions of Bakkt Bitcoin futures coincided with the Bitcoin selloff.\n\nSource: Santiment; Read full article\n\n3. Bitcoin has underperformed this month.\n\n\n\n\n\n\n\nEnergy\n\n1. The latest oil price surge was mild relative to historical spikes.\n\nSource: JP Morgan\n\n2. The global economy is less sensitive to changes in oil prices.\n\nSource: BCA Research\n\n3. US farmers increasingly use their land for solar power production.\n\nSource: @WSJ; Read full article\n\n4. Battery costs continue to fall.\n\nSource: @business; Read full article\n\n5. US nuclear capacity is expected to dwindle by 2050 (squeezed out by natural gas and solar).\n\nSource: @business; Read full article\n\n\n\n\n\n\n\nEquities\n\n1. Insiders have been selling.\n\nSource: @FT, @jessefelder; Read full article\n\n2. The Nasdaq 100 (QQQ) is testing support again.\n\n3. The short end of the vol curve has been remarkably steep. This chart shows the ratio of VXST (near-term vol index) to VIX.\n\nSource: @JLyonsFundMgmt\n\n4. Next, we have some sector updates (last 12 months).\n\n• Pharma:\n\n• Tech:\n\n• Semiconductors:\n\n--------------------\n\n5. Finally, here are a couple of factor charts (last 12 months).\n\n• Dividend appreciation:\n\n• High-beta:\n\n\n\n\n\n\n\nCredit\n\n1. Here is the iShares High Yield Bond ETF (HYG) relative to the 20+ year treasury bond ETF (TLT). Will we test support again if risk-on sentiment returns?\n\n2. Muni bond sales are accelerating.\n\nSource: @markets; Read full article\n\nAnd the market is responding to the growing supply. Here is the ratio of AAA muni yields to the 10yr Treasury.\n\n\n\n\n\n\n\nRates\n\n1. Demand for repo financing from the Fed persists.\n\n2. The Treasury continues to drain private-sector deposits by boosting its cash balance at the Fed.\n\n3. Rate cuts that preceded recessions tended to steepen the yield curve.\n\nSource: @UPFINAcom, @JeffreyKleintop; Read full article\n\n\n\n\n\n\n\nGlobal Developments\n\n1. Hard and soft data momentum trends have diverged.\n\nSource: Arbor Research & Trading\n\n2. Global export orders continue to weaken.\n\nSource: @JKempEnergy\n\n3. Global construction is expected to slow sharply this year before picking up in 2020.\n\nSource: Oxford Economics\n\n--------------------\n\n\n\n\n\n\n\nFood for Thought\n\n1. Tuition discounts:\n\nSource: @WSJ; Read full article\n\n2. Wage gap by gender and education:\n\nSource: @WSJ; Read full article\n\n3. The percentage of adults that smoke:\n\nSource: @AI_Knowledge; Read full article\n\n4. Damage from catastrophic events in the US:\n\nSource: Statista\n\n5. Grapes have been ripening earlier in France.\n\nSource: @WSJ; Read full article\n\n6. Impeachment odds in the betting markets (see definition).\n\nSource: @business; Read full article\n\n7. What determines how white Americans vote?\n\nSource: The New York Times; Read full article\n\n8. Views on free trade:\n\nSource: @WSJ; Read full article\n\n9. The average wedding cost vs. the age of first marriage:\n\nSource: MagnifyMoney.com\n\n--------------------",
    "published": "2019-09-25"
  },
  {
    "source": "WSJ",
    "title": "U.S. Asylum Pact With Honduras Cements Trump Administration’s Regional Strategy",
    "summary": "Pact is latest the U.S. has struck with Latin American nations to curtail border crossings",
    "link": "https://www.wsj.com/articles/trump-administration-uses-u-s-leverage-to-seal-migration-deals-11569415931?mod=Searchresults_pos20&page=54",
    "content": "The Trump administration and the government of Honduras signed an agreement allowing the U.S. to send some asylum seekers from third countries to Honduras, capping a string of deals struck with Latin American nations to stem the flow of migrants crossing the border.\n\nThe deal, signed on the sidelines of the U.N. General Assembly in New York on Wednesday, is largely identical to an agreement signed last Friday with the government of El Salvador. Both deals give the U.S. permission to send asylum seekers from third countries to Honduras or El Salvador and pledge U.S. support to build up the respective countries’ almost nonexistent asylum capacity. It isn’t clear when either deal will be implemented.\n\nA third accord, signed with Guatemala in July, recently received a go-ahead from Guatemala’s constitutional court, and asylum seekers from El Salvador and Honduras could soon begin to be sent there. The deals with El Salvador and Honduras, which sit south of Guatemala, are primarily designed to receive “extraregional” migrants, including people coming from Cuba, Haiti and several African nations, Latin American officials said.\n\nCritics of these deals say that none of the three countries, known together as the Northern Triangle, has a robust asylum system in place, and all three hold the second-highest safety warning for American citizens from the U.S. government.\n\nPerhaps the most significant agreement the Trump administration has negotiated so far is a June pact struck with Mexico—after Mr. Trump threatened to impose escalating tariffs on Mexican imports—to significantly boost immigration enforcement throughout Mexico. The Mexican government has since deployed more than 25,000 members of the National Guard to help the nation’s immigration’s efforts, and its crackdown has contributed to a nearly 60% drop in the number of people coming across the U.S. border since May, when it hit a decade high.\n\n“U.S. border and immigration services are already overwhelmed,” said Duncan Wood , director of the Mexico Institute at the Wilson Center, a Washington think tank. “Getting Mexico and the Central American countries to take on more of the burden is a relatively cheap option.”\n\nSalvadoran Foreign Affairs Minister Alexandra Hill with U.S. acting Secretary of Homeland Security Kevin McAleenan in Washington on Friday. The two countries signed a pact last week. Photo: Pablo Martinez Monsivais/Associated Press\n\nThough the deals differ, taken together they shift to countries south of the U.S. border much of the burden to block migrants en route or permanently accept people who pass through their borders. Most of these countries don’t want that responsibility, but have agreed to take it on to stay in the administration’s good graces.\n\nIf fully implemented, the agreements could radically change the migration dynamics in the region. Many analysts said the flow of people heading for the U.S.-Mexico border could significantly decrease once the word spread that migrants seeking asylum in the U.S. were being turned down and sent to different countries to ask for asylum there.\n\nBeyond winning continued U.S. cooperation, it isn’t clear what Guatemala and El Salvador would receive in return. U.S. officials have said the U.S. could triple the number of temporary visas for Guatemalan farmers.\n\nSalvadoran Foreign Minister Alexandra Hill said the status of 200,000 Salvadorans living in the U.S. with so-called temporary protected status—a designation that allows hundreds of thousands of Central Americans to stay and work in the U.S.—would be discussed with U.S. authorities in the future, though their continued legal status isn’t included in the pact signed between the two countries last week. The Trump administration has tried to end the protection for the Salvadorans. Some 57,000 Hondurans also have protected status, according to the National Immigration Forum.\n\nImmigration advocates argue that the U.S. isn’t interested in improving these countries’ poor asylum systems and is forcing the countries to accept people regardless of the danger they could face in detention there.\n\n“The Trump administration is working to convert Central America and Mexico into a virtual wall for migrants and asylum seekers,” said Maureen Meyer , the head of the migrant-rights program at the Washington Office on Latin America, an advocacy group.\n\nWashington’s success in arranging such deals is due, at least in part, to how reliant Mexico and the Northern Triangle countries are on the U.S. in areas ranging from foreign aid and economic ties to the legal status of many of their citizens in the U.S. The U.S. is their main trade partner by far, and remittances from the U.S. make up significant proportions of their economies.\n\n“They are clearly in a weaker negotiating position,” said Ms. Meyer.\n\nIn July, when it looked as though Guatemala would back out of an asylum deal, Mr. Trump threatened the country with tariffs, taxes on remittances and, after several days, a travel ban on the country. Guatemala signed on the next day.\n\nMs. Meyer said the governments of Guatemala and Honduras may also be cooperating for political reasons, as they deal with corruption issues at home that have drawn international attention. “They seem more interested in appeasing the Trump administration to avoid U.S. pushback,” she said.\n\nU.S. prosecutors accused Honduran President Juan Orlando Hernández of conspiring with his brother Juan Antonio “Tony” Hernández to protect drug traffickers. His brother is scheduled to start trial in New York on Oct. 2 on drug trafficking and weapons charges. President Hernández has denied any wrongdoing.\n\nIn Guatemala, a United Nations-sponsored anticorruption agency abandoned the country earlier this month after a bitter quarrel with President Jimmy Morales .\n\nMexico has so far refused to enter into an asylum agreement with the U.S.—which the Trump administration most desires, as Mexico is more likely to be seen as a safe alternative destination than its southern neighbors, experts say. But U.S. officials have hinted that they would push for such a deal if Mexico’s stepped-up enforcement slipped and migrant numbers increased again.\n\nDespite its emphasis on international asylum agreements, the Trump administration has an easier option, as a recent policy that the Supreme Court temporarily let take effect will allow the administration to simply deport most asylum seekers. The policy, which faces further legal challenges, disqualifies anyone for asylum if they crossed through another country on their way to the U.S.\n\n“They’re trying to build a set of interlocking responses that makes it hard for people to apply for asylum in the U.S.,” said Andrew Selee , president of the Migration Policy Institute, a nonpartisan Washington think tank. “The more measures they have, the more likely some will prevail in court.”\n\nWrite to Michelle Hackman at Michelle.Hackman@wsj.com and Juan Montes at juan.montes@wsj.com",
    "published": "2019-09-25"
  }
]