[
  {
    "source": "WSJ",
    "title": "U.S., China Trade Blame for Coronavirus, Hampering Global Economy Rescue",
    "published": "2020-03-26",
    "inference_result": [
      {
        "label": "negative",
        "score": 0.9372288584709167
      }
    ]
  },
  {
    "source": "WSJ",
    "title": "What\u2019s in the $2 Trillion Senate Coronavirus Bill",
    "published": "2020-03-26",
    "inference_result": [
      {
        "label": "neutral",
        "score": 0.7619374394416809
      }
    ]
  },
  {
    "source": "WSJ",
    "title": "What\u2019s News: World-Wide",
    "published": "2020-03-26",
    "inference_result": [
      {
        "label": "neutral",
        "score": 0.951514720916748
      }
    ]
  },
  {
    "source": "WSJ",
    "title": "What\u2019s in the $2 Trillion Senate Coronavirus Bill",
    "published": "2020-03-26",
    "inference_result": [
      {
        "label": "neutral",
        "score": 0.7619374394416809
      }
    ]
  },
  {
    "source": "WSJ",
    "title": "Retirees Get Relief in Senate Coronavirus Stimulus Package",
    "published": "2020-03-26",
    "inference_result": [
      {
        "label": "neutral",
        "score": 0.8455705642700195
      }
    ]
  },
  {
    "source": "WSJ",
    "title": "What\u2019s in the $2 Trillion Senate Coronavirus Bill",
    "published": "2020-03-26",
    "inference_result": [
      {
        "label": "neutral",
        "score": 0.7619374394416809
      }
    ]
  },
  {
    "source": "WSJ",
    "title": "A Strategy for Taking Advantage of the Market Meltdown",
    "published": "2020-03-26",
    "inference_result": [
      {
        "label": "neutral",
        "score": 0.6696264743804932
      }
    ]
  },
  {
    "source": "WSJ",
    "title": "Big Cruise-Ship Lines Wouldn\u2019t Qualify for Aid Under Stimulus Package",
    "published": "2020-03-26",
    "inference_result": [
      {
        "label": "negative",
        "score": 0.9310302734375
      }
    ]
  },
  {
    "source": "WSJ",
    "title": "U.S. Again Limits Iraq\u2019s Waiver to Import Energy From Iran",
    "published": "2020-03-26",
    "inference_result": [
      {
        "label": "negative",
        "score": 0.8915911316871643
      }
    ]
  },
  {
    "source": "WSJ",
    "title": "As Saudis Shop Discounted Crude, Refiners Say \u2018No Thanks\u2019",
    "published": "2020-03-26",
    "inference_result": [
      {
        "label": "negative",
        "score": 0.9464055895805359
      }
    ]
  },
  {
    "source": "WSJ",
    "title": "G-20 Nations Pledge $5 Trillion to Spur Global Economic Recovery From Coronavirus",
    "published": "2020-03-26",
    "inference_result": [
      {
        "label": "neutral",
        "score": 0.5329718589782715
      }
    ]
  },
  {
    "source": "WSJ",
    "title": "U.S., China Trade Blame for Coronavirus, Hampering Global Economy Rescue",
    "published": "2020-03-26",
    "inference_result": [
      {
        "label": "negative",
        "score": 0.9372288584709167
      }
    ]
  },
  {
    "source": "WSJ",
    "title": "Newsletter: The American Jobs Machine Has Shut Down",
    "published": "2020-03-26",
    "inference_result": [
      {
        "label": "neutral",
        "score": 0.941470742225647
      }
    ]
  }
]