[
  {
    "source": "WSJ",
    "title": "Stakes Run High for Mall Owner Trying to Save Forever 21",
    "published": "2020-02-11",
    "inference_result": [
      {
        "label": "negative",
        "score": 0.9581575393676758
      }
    ]
  },
  {
    "source": "WSJ",
    "title": "Quick Hits: Powell Doesn\u2019t See Need for Law to Aid Libor Transition",
    "published": "2020-02-11",
    "inference_result": [
      {
        "label": "neutral",
        "score": 0.935434103012085
      }
    ]
  },
  {
    "source": "WSJ",
    "title": "Democrats Lead Race for Private-Equity Dollars in 2020",
    "published": "2020-02-11",
    "inference_result": [
      {
        "label": "neutral",
        "score": 0.8988349437713623
      }
    ]
  },
  {
    "source": "WSJ",
    "title": "Companies Shifted Deductions, Income to Maximize 2017 U.S. Tax-Rate Cut",
    "published": "2020-02-11",
    "inference_result": [
      {
        "label": "positive",
        "score": 0.7503841519355774
      }
    ]
  },
  {
    "source": "WSJ",
    "title": "Trump Budget Forecast for Deficit Cuts Is Built on Shaky Assumptions, Experts Say",
    "published": "2020-02-11",
    "inference_result": [
      {
        "label": "positive",
        "score": 0.4362936317920685
      }
    ]
  },
  {
    "source": "WSJ",
    "title": "IRS Says Long Island Residents Must Pay for Septic-System Grants",
    "published": "2020-02-11",
    "inference_result": [
      {
        "label": "negative",
        "score": 0.810601532459259
      }
    ]
  }
]