[
  {
    "source": "WSJ",
    "title": "U.S. Will Approve Some Delays in Tariff Payments Amid Coronavirus Crisis",
    "published": "2020-03-25",
    "inference_result": [
      {
        "label": "negative",
        "score": 0.9187296628952026
      }
    ]
  },
  {
    "source": "WSJ",
    "title": "\u2018War Fever\u2019 Review: Home of the Bean and the Babe",
    "published": "2020-03-25",
    "inference_result": [
      {
        "label": "neutral",
        "score": 0.9079427123069763
      }
    ]
  },
  {
    "source": "WSJ",
    "title": "Trudeau\u2019s Coronavirus Power Grab",
    "published": "2020-03-25",
    "inference_result": [
      {
        "label": "neutral",
        "score": 0.8888192176818848
      }
    ]
  },
  {
    "source": "WSJ",
    "title": "U.S. Income Tax Delay to Strain States",
    "published": "2020-03-25",
    "inference_result": [
      {
        "label": "negative",
        "score": 0.665862500667572
      }
    ]
  },
  {
    "source": "WSJ",
    "title": "U.S. Will Approve Some Delays in Tariff Payments Amid Coronavirus Crisis",
    "published": "2020-03-25",
    "inference_result": [
      {
        "label": "negative",
        "score": 0.9187296628952026
      }
    ]
  },
  {
    "source": "WSJ",
    "title": "Small-Caps \u2018Eviscerated\u2019 in Stock Market Rout",
    "published": "2020-03-25",
    "inference_result": [
      {
        "label": "negative",
        "score": 0.9114429950714111
      }
    ]
  },
  {
    "source": "WSJ",
    "title": "\u2018War Fever\u2019 Review: Home of the Bean and the Babe",
    "published": "2020-03-25",
    "inference_result": [
      {
        "label": "neutral",
        "score": 0.9079427123069763
      }
    ]
  }
]