[
  {
    "source": "WSJ",
    "title": "Manufacturing Shows Stability in U.S., Asia",
    "published": "2020-01-02",
    "inference_result": [
      {
        "label": "negative",
        "score": 0.9115052223205566
      }
    ]
  },
  {
    "source": "WSJ",
    "title": "Fed Paper Sees Tariffs as a Drag on U.S. Manufacturing",
    "published": "2020-01-02",
    "inference_result": [
      {
        "label": "negative",
        "score": 0.6511373519897461
      }
    ]
  },
  {
    "source": "WSJ",
    "title": "Manufacturing Shows Stability in U.S., Asia",
    "published": "2020-01-02",
    "inference_result": [
      {
        "label": "negative",
        "score": 0.9115052223205566
      }
    ]
  },
  {
    "source": "WSJ",
    "title": "Money Markets Cruise to Year-End; China\u2019s Monetary Policy Eases Into 2019",
    "published": "2020-01-02",
    "inference_result": [
      {
        "label": "negative",
        "score": 0.5125896334648132
      }
    ]
  },
  {
    "source": "WSJ",
    "title": "Muni-Bond Shopping Spree Shows No Sign of Stopping",
    "published": "2020-01-02",
    "inference_result": [
      {
        "label": "positive",
        "score": 0.8117658495903015
      }
    ]
  },
  {
    "source": "WSJ",
    "title": "Cleveland Fed\u2019s Loretta Mester Wants to Hold Rates Steady",
    "published": "2020-01-02",
    "inference_result": [
      {
        "label": "positive",
        "score": 0.9408718347549438
      }
    ]
  }
]