[
  {
    "source": "WSJ",
    "title": "Mexican Forces Clash With Migrants at Border With Guatemala",
    "published": "2020-01-18",
    "inference_result": [
      {
        "label": "negative",
        "score": 0.9293495416641235
      }
    ]
  },
  {
    "source": "WSJ",
    "title": "Cooper\u2019s Take: Takeaways From the JP Morgan Healthcare Conference",
    "published": "2020-01-18",
    "inference_result": [
      {
        "label": "neutral",
        "score": 0.7211146354675293
      }
    ]
  },
  {
    "source": "WSJ",
    "title": "Airbnb\u2019s New Compensation Plan Asks Shareholders to Share With Other Stakeholders",
    "published": "2020-01-18",
    "inference_result": [
      {
        "label": "positive",
        "score": 0.7789676785469055
      }
    ]
  },
  {
    "source": "WSJ",
    "title": "Russia\u2019s Rise on the Global Stage",
    "published": "2020-01-18",
    "inference_result": [
      {
        "label": "negative",
        "score": 0.5448834896087646
      }
    ]
  }
]