[
  {
    "source": "WSJ",
    "title": "Reasons Abound for Markets to Worry About the Election",
    "published": "2020-01-28",
    "inference_result": [
      {
        "label": "neutral",
        "score": 0.47054484486579895
      }
    ]
  },
  {
    "source": "WSJ",
    "title": "Louis Vuitton\u2019s Dip Doesn\u2019t Herald End of Luxury Boom",
    "published": "2020-01-28",
    "inference_result": [
      {
        "label": "negative",
        "score": 0.8541954755783081
      }
    ]
  },
  {
    "source": "WSJ",
    "title": "Reasons Abound for Markets to Worry About the Election",
    "published": "2020-01-28",
    "inference_result": [
      {
        "label": "neutral",
        "score": 0.47054484486579895
      }
    ]
  },
  {
    "source": "WSJ",
    "title": "Louis Vuitton\u2019s Dip Doesn\u2019t Herald End of Luxury Boom",
    "published": "2020-01-28",
    "inference_result": [
      {
        "label": "negative",
        "score": 0.8541954755783081
      }
    ]
  },
  {
    "source": "WSJ",
    "title": "Harley-Davidson\u2019s U.S. Motorcycle Sales Drop for Fifth Straight Year",
    "published": "2020-01-28",
    "inference_result": [
      {
        "label": "negative",
        "score": 0.75893235206604
      }
    ]
  },
  {
    "source": "WSJ",
    "title": "WSJ Wealth Adviser Briefing: Ultrafast Trading Woes, Tech Regulation Plea, Fleeing High-Tax States",
    "published": "2020-01-28",
    "inference_result": [
      {
        "label": "neutral",
        "score": 0.9272052049636841
      }
    ]
  },
  {
    "source": "WSJ",
    "title": "Louis Vuitton\u2019s Dip Doesn\u2019t Herald End of Luxury Boom",
    "published": "2020-01-28",
    "inference_result": [
      {
        "label": "negative",
        "score": 0.8541954755783081
      }
    ]
  },
  {
    "source": "WSJ",
    "title": "U.S. National Debt Will Rise to 98% of GDP by 2030, CBO Projects",
    "published": "2020-01-28",
    "inference_result": [
      {
        "label": "neutral",
        "score": 0.5634015798568726
      }
    ]
  },
  {
    "source": "WSJ",
    "title": "LVMH Sales Powered by Fashion, Leather Goods",
    "published": "2020-01-28",
    "inference_result": [
      {
        "label": "positive",
        "score": 0.9500580430030823
      }
    ]
  },
  {
    "source": "WSJ",
    "title": "With Rates on Hold, Fed Faces Decisions on Its Balance Sheet",
    "published": "2020-01-28",
    "inference_result": [
      {
        "label": "negative",
        "score": 0.7100819945335388
      }
    ]
  },
  {
    "source": "WSJ",
    "title": "\u2018The Bridge\u2019 Review: A Pipeline Joining East and West",
    "published": "2020-01-28",
    "inference_result": [
      {
        "label": "neutral",
        "score": 0.7318849563598633
      }
    ]
  }
]