[
  {
    "source": "WSJ",
    "title": "What\u2019s News: Business & Finance",
    "published": "2020-02-07",
    "inference_result": [
      {
        "label": "neutral",
        "score": 0.951514720916748
      }
    ]
  },
  {
    "source": "WSJ",
    "title": "Trade in the Time of Coronavirus",
    "published": "2020-02-07",
    "inference_result": [
      {
        "label": "negative",
        "score": 0.8979306221008301
      }
    ]
  },
  {
    "source": "WSJ",
    "title": "Fiction: The Trickster Hero of the Thirty Years\u2019 War",
    "published": "2020-02-07",
    "inference_result": [
      {
        "label": "neutral",
        "score": 0.8836541771888733
      }
    ]
  },
  {
    "source": "WSJ",
    "title": "Trade in the Time of Coronavirus",
    "published": "2020-02-07",
    "inference_result": [
      {
        "label": "negative",
        "score": 0.8979306221008301
      }
    ]
  },
  {
    "source": "WSJ",
    "title": "U.S. Companies Expect Coronavirus to Cut China Revenue",
    "published": "2020-02-07",
    "inference_result": [
      {
        "label": "positive",
        "score": 0.8519126772880554
      }
    ]
  },
  {
    "source": "WSJ",
    "title": "Mexico, Under U.S. Pressure, Adds Muscle to Fight Against Drug Cartels",
    "published": "2020-02-07",
    "inference_result": [
      {
        "label": "neutral",
        "score": 0.7349124550819397
      }
    ]
  },
  {
    "source": "WSJ",
    "title": "U.S. Stocks Fall, But Post Big Weekly Gains",
    "published": "2020-02-07",
    "inference_result": [
      {
        "label": "positive",
        "score": 0.8471924066543579
      }
    ]
  },
  {
    "source": "WSJ",
    "title": "Disney Impresses, Oil Falls and Stocks Return to Record Territory",
    "published": "2020-02-07",
    "inference_result": [
      {
        "label": "neutral",
        "score": 0.6475637555122375
      }
    ]
  },
  {
    "source": "WSJ",
    "title": "Bond Funds Are Hotter Than Tesla",
    "published": "2020-02-07",
    "inference_result": [
      {
        "label": "neutral",
        "score": 0.9131572842597961
      }
    ]
  },
  {
    "source": "WSJ",
    "title": "AI Gains Ground in Commercial Real-Estate Appraisals",
    "published": "2020-02-07",
    "inference_result": [
      {
        "label": "neutral",
        "score": 0.7785975933074951
      }
    ]
  },
  {
    "source": "WSJ",
    "title": "Newsletter Special Report: More Jobs, More Workers",
    "published": "2020-02-07",
    "inference_result": [
      {
        "label": "neutral",
        "score": 0.941470742225647
      }
    ]
  },
  {
    "source": "WSJ",
    "title": "The Bernie Sanders Experience",
    "published": "2020-02-07",
    "inference_result": [
      {
        "label": "neutral",
        "score": 0.8002572655677795
      }
    ]
  },
  {
    "source": "WSJ",
    "title": "Panama Papers Case to Net First U.S. Conviction",
    "published": "2020-02-07",
    "inference_result": [
      {
        "label": "neutral",
        "score": 0.5398090481758118
      }
    ]
  },
  {
    "source": "WSJ",
    "title": "Bulk Carrier American Commercial Lines Files for Bankruptcy",
    "published": "2020-02-07",
    "inference_result": [
      {
        "label": "negative",
        "score": 0.8461538553237915
      }
    ]
  },
  {
    "source": "WSJ",
    "title": "The Scottish Fund Manager That\u2019s One of the Biggest Winners on Tesla",
    "published": "2020-02-07",
    "inference_result": [
      {
        "label": "neutral",
        "score": 0.9140074849128723
      }
    ]
  },
  {
    "source": "WSJ",
    "title": "Winning a 5G Battle but Not the War",
    "published": "2020-02-07",
    "inference_result": [
      {
        "label": "neutral",
        "score": 0.6131728291511536
      }
    ]
  },
  {
    "source": "WSJ",
    "title": "Swiss ETFs Remain a Refuge",
    "published": "2020-02-07",
    "inference_result": [
      {
        "label": "positive",
        "score": 0.9536393880844116
      }
    ]
  },
  {
    "source": "WSJ",
    "title": "Fiction: The Trickster Hero of the Thirty Years\u2019 War",
    "published": "2020-02-07",
    "inference_result": [
      {
        "label": "neutral",
        "score": 0.8836541771888733
      }
    ]
  },
  {
    "source": "WSJ",
    "title": "Which Way to Buy Gold: The Metal or the Companies?",
    "published": "2020-02-07",
    "inference_result": [
      {
        "label": "neutral",
        "score": 0.6430557370185852
      }
    ]
  }
]