[
  {
    "source": "WSJ",
    "title": "Bets on 2020 Rebound in Global Growth Face Their First Test",
    "published": "2020-01-05",
    "inference_result": [
      {
        "label": "negative",
        "score": 0.5417547821998596
      }
    ]
  },
  {
    "source": "WSJ",
    "title": "Trade War Dents China\u2019s Attendance at World\u2019s Biggest Electronics Show",
    "published": "2020-01-05",
    "inference_result": [
      {
        "label": "negative",
        "score": 0.9747143387794495
      }
    ]
  },
  {
    "source": "WSJ",
    "title": "Bets on 2020 Rebound in Global Growth Face Their First Test",
    "published": "2020-01-05",
    "inference_result": [
      {
        "label": "negative",
        "score": 0.5417547821998596
      }
    ]
  },
  {
    "source": "WSJ",
    "title": "Trade War Dents China\u2019s Attendance at World\u2019s Biggest Electronics Show",
    "published": "2020-01-05",
    "inference_result": [
      {
        "label": "negative",
        "score": 0.9747143387794495
      }
    ]
  },
  {
    "source": "WSJ",
    "title": "Tech Will Rule These \u201920s, Too",
    "published": "2020-01-05",
    "inference_result": [
      {
        "label": "neutral",
        "score": 0.7761650085449219
      }
    ]
  },
  {
    "source": "WSJ",
    "title": "Antibiotic Makers Struggle, Hurting War on Superbugs",
    "published": "2020-01-05",
    "inference_result": [
      {
        "label": "negative",
        "score": 0.9679685235023499
      }
    ]
  }
]