[
  {
    "source": "WSJ",
    "title": "Trump\u2019s Coronavirus Travel Ban Deepens Tensions With European Allies",
    "published": "2020-03-12",
    "inference_result": [
      {
        "label": "negative",
        "score": 0.9655393958091736
      }
    ]
  },
  {
    "source": "WSJ",
    "title": "Spectra Premium Industries Files for Bankruptcy in Canada and U.S.",
    "published": "2020-03-12",
    "inference_result": [
      {
        "label": "negative",
        "score": 0.5078195929527283
      }
    ]
  },
  {
    "source": "WSJ",
    "title": "Bernie\u2019s Offer Sheet",
    "published": "2020-03-12",
    "inference_result": [
      {
        "label": "neutral",
        "score": 0.8723103404045105
      }
    ]
  },
  {
    "source": "WSJ",
    "title": "Bernie\u2019s Offer Sheet",
    "published": "2020-03-12",
    "inference_result": [
      {
        "label": "neutral",
        "score": 0.8723103404045105
      }
    ]
  },
  {
    "source": "WSJ",
    "title": "The Daily Shot: Capitulation in the Credit Markets",
    "published": "2020-03-12",
    "inference_result": [
      {
        "label": "neutral",
        "score": 0.9467915296554565
      }
    ]
  },
  {
    "source": "WSJ",
    "title": "Altus Capital Co-Founder Says Coronavirus Could Drive More Manufacturing Back to U.S.",
    "published": "2020-03-12",
    "inference_result": [
      {
        "label": "positive",
        "score": 0.5391660332679749
      }
    ]
  },
  {
    "source": "WSJ",
    "title": "The IRS Proves the Left\u2019s Favorite Economists Wrong",
    "published": "2020-03-12",
    "inference_result": [
      {
        "label": "negative",
        "score": 0.7317796349525452
      }
    ]
  },
  {
    "source": "WSJ",
    "title": "Europe\u2019s Viral Recession",
    "published": "2020-03-12",
    "inference_result": [
      {
        "label": "neutral",
        "score": 0.6264252066612244
      }
    ]
  },
  {
    "source": "WSJ",
    "title": "Tanker Freight Rates Surge As Crude Price War Takes Hold",
    "published": "2020-03-12",
    "inference_result": [
      {
        "label": "positive",
        "score": 0.5832902789115906
      }
    ]
  }
]