[
  {
    "source": "WSJ",
    "title": "Not Just Nike and Apple: Small U.S. Firms Disrupted by Coronavirus",
    "published": "2020-02-22",
    "inference_result": [
      {
        "label": "negative",
        "score": 0.9578943252563477
      }
    ]
  },
  {
    "source": "WSJ",
    "title": "Not Just Nike and Apple: Small U.S. Firms Disrupted by Coronavirus",
    "published": "2020-02-22",
    "inference_result": [
      {
        "label": "negative",
        "score": 0.9578943252563477
      }
    ]
  }
]