[
  {
    "source": "WSJ",
    "title": "U.S. Policy Makers Weigh Next Stage of Stimulus to Cushion Economy",
    "published": "2020-03-13",
    "inference_result": [
      {
        "label": "positive",
        "score": 0.610056459903717
      }
    ]
  },
  {
    "source": "WSJ",
    "title": "U.S. Grants Tariff Exemptions for More Medical Goods From China",
    "published": "2020-03-13",
    "inference_result": [
      {
        "label": "negative",
        "score": 0.7898675799369812
      }
    ]
  },
  {
    "source": "WSJ",
    "title": "Energy Sector Leads Rise in Credit-Default Swap Prices",
    "published": "2020-03-13",
    "inference_result": [
      {
        "label": "negative",
        "score": 0.6431477069854736
      }
    ]
  },
  {
    "source": "WSJ",
    "title": "U.S. Policy Makers Weigh Next Stage of Stimulus to Cushion Economy",
    "published": "2020-03-13",
    "inference_result": [
      {
        "label": "positive",
        "score": 0.610056459903717
      }
    ]
  },
  {
    "source": "WSJ",
    "title": "Pro Bankruptcy Briefing: Toys \u201cR\u201d Us Ex-Owners Sued; GSO\u2019s Tapstone Seeks Chapter 11 Votes; Buyer Waffles on Alta Mesa Bid",
    "published": "2020-03-13",
    "inference_result": [
      {
        "label": "negative",
        "score": 0.9584137201309204
      }
    ]
  },
  {
    "source": "WSJ",
    "title": "Covid-19 Infects the American Consciousness",
    "published": "2020-03-13",
    "inference_result": [
      {
        "label": "positive",
        "score": 0.8164263963699341
      }
    ]
  },
  {
    "source": "WSJ",
    "title": "U.S. Policy Makers Weigh Next Stage of Stimulus to Cushion Economy",
    "published": "2020-03-13",
    "inference_result": [
      {
        "label": "positive",
        "score": 0.610056459903717
      }
    ]
  },
  {
    "source": "WSJ",
    "title": "Illinois Continues to Steer Toward the Iceberg",
    "published": "2020-03-13",
    "inference_result": [
      {
        "label": "neutral",
        "score": 0.5776785612106323
      }
    ]
  },
  {
    "source": "WSJ",
    "title": "China\u2019s Markets Still Aren\u2019t Immune to the Coronavirus",
    "published": "2020-03-13",
    "inference_result": [
      {
        "label": "neutral",
        "score": 0.8392541408538818
      }
    ]
  },
  {
    "source": "WSJ",
    "title": "Energy Sector Leads Rise in Credit-Default Swap Prices",
    "published": "2020-03-13",
    "inference_result": [
      {
        "label": "negative",
        "score": 0.6431477069854736
      }
    ]
  },
  {
    "source": "WSJ",
    "title": "WSJ Wealth Adviser Briefing: Coronavirus Cash, Millennial Passions, Young Homebuyers",
    "published": "2020-03-13",
    "inference_result": [
      {
        "label": "neutral",
        "score": 0.9272052049636841
      }
    ]
  },
  {
    "source": "WSJ",
    "title": "Investors Are Bailing on Stock Funds at Near-Record Pace",
    "published": "2020-03-13",
    "inference_result": [
      {
        "label": "negative",
        "score": 0.7561624050140381
      }
    ]
  },
  {
    "source": "WSJ",
    "title": "U.S. Grants Tariff Exemptions for More Medical Goods From China",
    "published": "2020-03-13",
    "inference_result": [
      {
        "label": "negative",
        "score": 0.7898675799369812
      }
    ]
  }
]