[
  {
    "source": "WSJ",
    "title": "What\u2019s News: Business & Finance",
    "published": "2020-03-19",
    "inference_result": [
      {
        "label": "neutral",
        "score": 0.951514720916748
      }
    ]
  },
  {
    "source": "WSJ",
    "title": "China Shipping Exports Rebound, Just as Western Ports Cope With Coronavirus Downturn",
    "published": "2020-03-19",
    "inference_result": [
      {
        "label": "negative",
        "score": 0.955160915851593
      }
    ]
  },
  {
    "source": "WSJ",
    "title": "This Is Your Brain on a Crashing Stock Market",
    "published": "2020-03-19",
    "inference_result": [
      {
        "label": "negative",
        "score": 0.9330338835716248
      }
    ]
  },
  {
    "source": "WSJ",
    "title": "The Emergency 401(k) Button",
    "published": "2020-03-19",
    "inference_result": [
      {
        "label": "positive",
        "score": 0.7333456873893738
      }
    ]
  },
  {
    "source": "WSJ",
    "title": "Poor Data and Confirmation Bias Mislead",
    "published": "2020-03-19",
    "inference_result": [
      {
        "label": "negative",
        "score": 0.49618425965309143
      }
    ]
  },
  {
    "source": "WSJ",
    "title": "The New Tax Deadline: Pay by July 15",
    "published": "2020-03-19",
    "inference_result": [
      {
        "label": "neutral",
        "score": 0.4940524101257324
      }
    ]
  },
  {
    "source": "WSJ",
    "title": "McConnell Unveils GOP Stimulus Plan Amid Coronavirus Crisis",
    "published": "2020-03-19",
    "inference_result": [
      {
        "label": "neutral",
        "score": 0.8817024827003479
      }
    ]
  },
  {
    "source": "WSJ",
    "title": "The Long Fight Against Unjust Taxes",
    "published": "2020-03-19",
    "inference_result": [
      {
        "label": "neutral",
        "score": 0.7124167680740356
      }
    ]
  },
  {
    "source": "WSJ",
    "title": "Coronavirus-Era Food Supply: America Has a Lot. Moving It Is Tricky.",
    "published": "2020-03-19",
    "inference_result": [
      {
        "label": "neutral",
        "score": 0.7939772605895996
      }
    ]
  }
]