[
  {
    "source": "WSJ",
    "title": "Democratic Groups Adjust to Coronavirus, Spend Big to Beat Trump",
    "published": "2020-03-30",
    "inference_result": [
      {
        "label": "negative",
        "score": 0.6767300963401794
      }
    ]
  },
  {
    "source": "WSJ",
    "title": "Democratic Groups Adjust to Coronavirus, Spend Big to Beat Trump",
    "published": "2020-03-30",
    "inference_result": [
      {
        "label": "negative",
        "score": 0.6767300963401794
      }
    ]
  },
  {
    "source": "WSJ",
    "title": "Government to Begin Sending Stimulus Payments in the Next Three Weeks",
    "published": "2020-03-30",
    "inference_result": [
      {
        "label": "neutral",
        "score": 0.8199761509895325
      }
    ]
  },
  {
    "source": "WSJ",
    "title": "More Coronavirus Stimulus? Pelosi\u2019s Case for Adding On",
    "published": "2020-03-30",
    "inference_result": [
      {
        "label": "positive",
        "score": 0.6614565253257751
      }
    ]
  },
  {
    "source": "WSJ",
    "title": "CraftWorks to Shed More Than Half Its Restaurants Amid Coronavirus Outbreak",
    "published": "2020-03-30",
    "inference_result": [
      {
        "label": "positive",
        "score": 0.8536619544029236
      }
    ]
  },
  {
    "source": "WSJ",
    "title": "Some Tax-Paying Immigrants Won\u2019t Get Coronavirus Stimulus Payments",
    "published": "2020-03-30",
    "inference_result": [
      {
        "label": "neutral",
        "score": 0.880836009979248
      }
    ]
  },
  {
    "source": "WSJ",
    "title": "Chinese Car Sales After the Crash",
    "published": "2020-03-30",
    "inference_result": [
      {
        "label": "negative",
        "score": 0.9597392678260803
      }
    ]
  },
  {
    "source": "WSJ",
    "title": "New York Lawmakers Clash Over Medicaid as Budget Deadline Nears",
    "published": "2020-03-30",
    "inference_result": [
      {
        "label": "neutral",
        "score": 0.6446273326873779
      }
    ]
  },
  {
    "source": "WSJ",
    "title": "Pier 1 Imports Cancels Bankruptcy Auction as Coronavirus Chills Potential Bids",
    "published": "2020-03-30",
    "inference_result": [
      {
        "label": "neutral",
        "score": 0.9320018887519836
      }
    ]
  },
  {
    "source": "WSJ",
    "title": "Coronavirus: In a War, the Warriors Get Combat Pay",
    "published": "2020-03-30",
    "inference_result": [
      {
        "label": "neutral",
        "score": 0.6787657141685486
      }
    ]
  }
]