[
  {
    "source": "WSJ",
    "title": "Coronavirus Snarls Trans-Pacific Shipping and Ripples Through U.S. Business",
    "published": "2020-03-05",
    "inference_result": [
      {
        "label": "negative",
        "score": 0.8591421246528625
      }
    ]
  },
  {
    "source": "WSJ",
    "title": "Coronavirus Fallout Poses Challenges for Most Vulnerable U.S. Retailers",
    "published": "2020-03-05",
    "inference_result": [
      {
        "label": "neutral",
        "score": 0.9065839648246765
      }
    ]
  },
  {
    "source": "WSJ",
    "title": "WSJ Wealth Adviser Briefing: Junk Bond Frenzy, Cruise Industry Woes, Sharing with Strangers",
    "published": "2020-03-05",
    "inference_result": [
      {
        "label": "neutral",
        "score": 0.9272052049636841
      }
    ]
  },
  {
    "source": "WSJ",
    "title": "Coronavirus Exposes How Much Global Steelmakers Rely on China",
    "published": "2020-03-05",
    "inference_result": [
      {
        "label": "neutral",
        "score": 0.5934304594993591
      }
    ]
  },
  {
    "source": "WSJ",
    "title": "WSJ Wealth Adviser Briefing: Junk Bond Frenzy, Cruise Industry Woes, Sharing with Strangers",
    "published": "2020-03-05",
    "inference_result": [
      {
        "label": "neutral",
        "score": 0.9272052049636841
      }
    ]
  },
  {
    "source": "WSJ",
    "title": "Coronavirus Snarls Trans-Pacific Shipping and Ripples Through U.S. Business",
    "published": "2020-03-05",
    "inference_result": [
      {
        "label": "negative",
        "score": 0.8591421246528625
      }
    ]
  },
  {
    "source": "WSJ",
    "title": "Coronavirus Exposes How Much Global Steelmakers Rely on China",
    "published": "2020-03-05",
    "inference_result": [
      {
        "label": "neutral",
        "score": 0.5934304594993591
      }
    ]
  },
  {
    "source": "WSJ",
    "title": "Biden Tax Plan Targeting Top Earners Would Raise $4 Trillion in 10 Years, Study Says",
    "published": "2020-03-05",
    "inference_result": [
      {
        "label": "neutral",
        "score": 0.7864944338798523
      }
    ]
  },
  {
    "source": "WSJ",
    "title": "Coronavirus Snarls Trans-Pacific Shipping and Ripples Through U.S. Business",
    "published": "2020-03-05",
    "inference_result": [
      {
        "label": "negative",
        "score": 0.8591421246528625
      }
    ]
  }
]