[
  {
    "source": "WSJ",
    "title": "Energy Investors Awarded \u20ac91.1 Million in Dispute Against Spain",
    "published": "2020-03-01",
    "inference_result": [
      {
        "label": "negative",
        "score": 0.7655077576637268
      }
    ]
  },
  {
    "source": "WSJ",
    "title": "Iran Battles Coronavirus\u2014and the Black Market for Medical Supplies",
    "published": "2020-03-01",
    "inference_result": [
      {
        "label": "negative",
        "score": 0.8988747000694275
      }
    ]
  },
  {
    "source": "WSJ",
    "title": "Against Sanders, Trump Is the Lesser Evil",
    "published": "2020-03-01",
    "inference_result": [
      {
        "label": "negative",
        "score": 0.9327548742294312
      }
    ]
  },
  {
    "source": "WSJ",
    "title": "Businesses Fret Over Potential Bernie Sanders Presidency",
    "published": "2020-03-01",
    "inference_result": [
      {
        "label": "neutral",
        "score": 0.849457859992981
      }
    ]
  },
  {
    "source": "WSJ",
    "title": "\u2018Chinese Communist Espionage\u2019 Review: Spycraft as Statecraft",
    "published": "2020-03-01",
    "inference_result": [
      {
        "label": "neutral",
        "score": 0.9218855500221252
      }
    ]
  }
]