[
  {
    "source": "WSJ",
    "title": "Best Buy Posts Strong Holiday Sales",
    "published": "2020-02-27",
    "inference_result": [
      {
        "label": "positive",
        "score": 0.9585546851158142
      }
    ]
  },
  {
    "source": "WSJ",
    "title": "U.K., EU Gear Up for Thorny Post-Brexit Negotiations",
    "published": "2020-02-27",
    "inference_result": [
      {
        "label": "negative",
        "score": 0.7052748203277588
      }
    ]
  },
  {
    "source": "WSJ",
    "title": "Shipping\u2019s Smaller Operators Are Most Susceptible to the Coronavirus Financial Impact",
    "published": "2020-02-27",
    "inference_result": [
      {
        "label": "negative",
        "score": 0.9239665269851685
      }
    ]
  },
  {
    "source": "WSJ",
    "title": "Coronavirus Upends Global Toy Industry",
    "published": "2020-02-27",
    "inference_result": [
      {
        "label": "negative",
        "score": 0.9646179676055908
      }
    ]
  },
  {
    "source": "WSJ",
    "title": "Where\u2019s That 3% Growth?",
    "published": "2020-02-27",
    "inference_result": [
      {
        "label": "neutral",
        "score": 0.733346164226532
      }
    ]
  },
  {
    "source": "WSJ",
    "title": "Coronavirus Impact Seen Prolonging U.S. Freight Slump",
    "published": "2020-02-27",
    "inference_result": [
      {
        "label": "positive",
        "score": 0.9425739049911499
      }
    ]
  },
  {
    "source": "WSJ",
    "title": "Best Buy Posts Strong Holiday Sales",
    "published": "2020-02-27",
    "inference_result": [
      {
        "label": "positive",
        "score": 0.9585546851158142
      }
    ]
  },
  {
    "source": "WSJ",
    "title": "Where\u2019s That 3% Growth?",
    "published": "2020-02-27",
    "inference_result": [
      {
        "label": "neutral",
        "score": 0.733346164226532
      }
    ]
  },
  {
    "source": "WSJ",
    "title": "Create an Estate Plan So Your Kids Don\u2019t Inherit a Headache",
    "published": "2020-02-27",
    "inference_result": [
      {
        "label": "neutral",
        "score": 0.6382409930229187
      }
    ]
  },
  {
    "source": "WSJ",
    "title": "Finance Chief of New Mylan-Pfizer Business Expected to Focus on Costs, Investor Communication",
    "published": "2020-02-27",
    "inference_result": [
      {
        "label": "neutral",
        "score": 0.9457160234451294
      }
    ]
  },
  {
    "source": "WSJ",
    "title": "WSJ Wealth Adviser Briefing: Muni-Market Demand, AI Comes to the Tax Code, Smart Travel Planning",
    "published": "2020-02-27",
    "inference_result": [
      {
        "label": "neutral",
        "score": 0.9272052049636841
      }
    ]
  },
  {
    "source": "WSJ",
    "title": "MTA Should Reassess Automatic Fare Increases, Board Member Says",
    "published": "2020-02-27",
    "inference_result": [
      {
        "label": "positive",
        "score": 0.9300264716148376
      }
    ]
  },
  {
    "source": "WSJ",
    "title": "Slavery Was a Dystopic Form of Socialism",
    "published": "2020-02-27",
    "inference_result": [
      {
        "label": "neutral",
        "score": 0.6992257237434387
      }
    ]
  },
  {
    "source": "WSJ",
    "title": "Bernie Sanders Aims New Tax Hike at Executive Retirement Plans",
    "published": "2020-02-27",
    "inference_result": [
      {
        "label": "negative",
        "score": 0.5500335693359375
      }
    ]
  },
  {
    "source": "WSJ",
    "title": "It\u2019s a Mistake for Democrats to Deny Good Economic News",
    "published": "2020-02-27",
    "inference_result": [
      {
        "label": "neutral",
        "score": 0.6602959036827087
      }
    ]
  },
  {
    "source": "WSJ",
    "title": "Shipping\u2019s Smaller Operators Are Most Susceptible to the Coronavirus Financial Impact",
    "published": "2020-02-27",
    "inference_result": [
      {
        "label": "negative",
        "score": 0.9239665269851685
      }
    ]
  },
  {
    "source": "WSJ",
    "title": "Auto Manufacturers Start Flying in Parts as Virus Threatens Supply Chain",
    "published": "2020-02-27",
    "inference_result": [
      {
        "label": "negative",
        "score": 0.9600564241409302
      }
    ]
  }
]