[
  {
    "source": "WSJ",
    "title": "Four Debate Questions Bernie Sanders Could Be Asked",
    "published": "2020-02-24",
    "inference_result": [
      {
        "label": "negative",
        "score": 0.7796707153320312
      }
    ]
  },
  {
    "source": "WSJ",
    "title": "America\u2019s House Divided Cannot Stand",
    "published": "2020-02-24",
    "inference_result": [
      {
        "label": "negative",
        "score": 0.8143337368965149
      }
    ]
  },
  {
    "source": "WSJ",
    "title": "Stocks Are Just Starting to Price in Coronavirus",
    "published": "2020-02-24",
    "inference_result": [
      {
        "label": "negative",
        "score": 0.9442923665046692
      }
    ]
  },
  {
    "source": "WSJ",
    "title": "Fed Governor Discusses Expanded Inflation Tool Kit; Markets Slide as Virus Cases Mount Outside Asia; Debating Digital Currencies",
    "published": "2020-02-24",
    "inference_result": [
      {
        "label": "neutral",
        "score": 0.7321180105209351
      }
    ]
  },
  {
    "source": "WSJ",
    "title": "Pro Bankruptcy Briefing: States Back Bankruptcy Venue Reform | Landry\u2019s Bids $50 Million for Palm Steakhouse Chain | Defunct Hospital Owner to Insure New Docs",
    "published": "2020-02-24",
    "inference_result": [
      {
        "label": "neutral",
        "score": 0.5958595871925354
      }
    ]
  },
  {
    "source": "WSJ",
    "title": "Campaign-Finance Laws Created Candidate Bloomberg",
    "published": "2020-02-24",
    "inference_result": [
      {
        "label": "neutral",
        "score": 0.927006185054779
      }
    ]
  },
  {
    "source": "WSJ",
    "title": "America\u2019s House Divided Cannot Stand",
    "published": "2020-02-24",
    "inference_result": [
      {
        "label": "negative",
        "score": 0.8143337368965149
      }
    ]
  },
  {
    "source": "WSJ",
    "title": "Four Debate Questions Bernie Sanders Could Be Asked",
    "published": "2020-02-24",
    "inference_result": [
      {
        "label": "negative",
        "score": 0.7796707153320312
      }
    ]
  },
  {
    "source": "WSJ",
    "title": "WSJ Wealth Adviser Briefing: Japan Pension Whales, Small Firm Pressures, Underwater Library",
    "published": "2020-02-24",
    "inference_result": [
      {
        "label": "neutral",
        "score": 0.9272052049636841
      }
    ]
  },
  {
    "source": "WSJ",
    "title": "Democratic Leaders Split on Taxes, New Bail Law",
    "published": "2020-02-24",
    "inference_result": [
      {
        "label": "neutral",
        "score": 0.648490846157074
      }
    ]
  },
  {
    "source": "WSJ",
    "title": "FreshDirect Bags Deal to Defer $5.4 Million Tax Bill",
    "published": "2020-02-24",
    "inference_result": [
      {
        "label": "neutral",
        "score": 0.7040837407112122
      }
    ]
  },
  {
    "source": "WSJ",
    "title": "Stocks Are Just Starting to Price in Coronavirus",
    "published": "2020-02-24",
    "inference_result": [
      {
        "label": "negative",
        "score": 0.9442923665046692
      }
    ]
  },
  {
    "source": "WSJ",
    "title": "Campaign-Finance Laws Created Candidate Bloomberg",
    "published": "2020-02-24",
    "inference_result": [
      {
        "label": "neutral",
        "score": 0.927006185054779
      }
    ]
  }
]