[
  {
    "source": "WSJ",
    "title": "U.K., EU Fire Opening Salvos Ahead of Trade Talks",
    "published": "2020-02-03",
    "inference_result": [
      {
        "label": "negative",
        "score": 0.5432898998260498
      }
    ]
  },
  {
    "source": "WSJ",
    "title": "How Trump\u2019s Tariff Threats Are Hustling Global Tax Reform",
    "published": "2020-02-03",
    "inference_result": [
      {
        "label": "negative",
        "score": 0.753237783908844
      }
    ]
  },
  {
    "source": "WSJ",
    "title": "Trump Administration Denying More Tariff-Exemption Requests",
    "published": "2020-02-03",
    "inference_result": [
      {
        "label": "neutral",
        "score": 0.6469715237617493
      }
    ]
  },
  {
    "source": "WSJ",
    "title": "China Is the Real Sick Man of Asia",
    "published": "2020-02-03",
    "inference_result": [
      {
        "label": "negative",
        "score": 0.8894157409667969
      }
    ]
  },
  {
    "source": "WSJ",
    "title": "How Trump\u2019s Tariff Threats Are Hustling Global Tax Reform",
    "published": "2020-02-03",
    "inference_result": [
      {
        "label": "negative",
        "score": 0.753237783908844
      }
    ]
  },
  {
    "source": "WSJ",
    "title": "U.S. Government-Bond Yields Stabilize as Sentiment Improves",
    "published": "2020-02-03",
    "inference_result": [
      {
        "label": "positive",
        "score": 0.47101661562919617
      }
    ]
  },
  {
    "source": "WSJ",
    "title": "The Auto Industry Wanted Easier Environmental Rules. It Got Chaos.",
    "published": "2020-02-03",
    "inference_result": [
      {
        "label": "negative",
        "score": 0.9432501196861267
      }
    ]
  },
  {
    "source": "WSJ",
    "title": "This Southern Town Was Growing So Fast, It Passed a Ban on Growth",
    "published": "2020-02-03",
    "inference_result": [
      {
        "label": "negative",
        "score": 0.9400821924209595
      }
    ]
  },
  {
    "source": "WSJ",
    "title": "How Trump\u2019s Tariff Threats Are Hustling Global Tax Reform",
    "published": "2020-02-03",
    "inference_result": [
      {
        "label": "negative",
        "score": 0.753237783908844
      }
    ]
  },
  {
    "source": "WSJ",
    "title": "New Trump Rule Will Allow Tariffs Against Currency Manipulation",
    "published": "2020-02-03",
    "inference_result": [
      {
        "label": "positive",
        "score": 0.7833938598632812
      }
    ]
  },
  {
    "source": "WSJ",
    "title": "China Is the Real Sick Man of Asia",
    "published": "2020-02-03",
    "inference_result": [
      {
        "label": "negative",
        "score": 0.8894157409667969
      }
    ]
  },
  {
    "source": "WSJ",
    "title": "Bulk Carrier American Commercial Lines to File for Bankruptcy",
    "published": "2020-02-03",
    "inference_result": [
      {
        "label": "positive",
        "score": 0.8652082681655884
      }
    ]
  }
]