[
  {
    "source": "WSJ",
    "title": "What\u2019s News: World-Wide",
    "published": "2020-01-23",
    "inference_result": [
      {
        "label": "neutral",
        "score": 0.951514720916748
      }
    ]
  },
  {
    "source": "WSJ",
    "title": "Newsletter: The Number of Homes for Sale Is at a Record Low",
    "published": "2020-01-23",
    "inference_result": [
      {
        "label": "neutral",
        "score": 0.941470742225647
      }
    ]
  },
  {
    "source": "WSJ",
    "title": "ECB Indicates It Will Leave Negative Rates In Place for Some Time",
    "published": "2020-01-23",
    "inference_result": [
      {
        "label": "negative",
        "score": 0.7704158425331116
      }
    ]
  },
  {
    "source": "WSJ",
    "title": "Intel\u2019s Earnings Boosted by Data-Center, PC Demand",
    "published": "2020-01-23",
    "inference_result": [
      {
        "label": "positive",
        "score": 0.8162011504173279
      }
    ]
  },
  {
    "source": "WSJ",
    "title": "U.S. Signals Crackdown on Counterfeit Goods Sold Online",
    "published": "2020-01-23",
    "inference_result": [
      {
        "label": "neutral",
        "score": 0.6907150149345398
      }
    ]
  },
  {
    "source": "WSJ",
    "title": "Transport Stocks Are Still Flashing Warning Signals",
    "published": "2020-01-23",
    "inference_result": [
      {
        "label": "negative",
        "score": 0.9732052683830261
      }
    ]
  },
  {
    "source": "WSJ",
    "title": "Global Financial Watchdog Restores Vatican\u2019s Active Membership",
    "published": "2020-01-23",
    "inference_result": [
      {
        "label": "positive",
        "score": 0.9437920451164246
      }
    ]
  },
  {
    "source": "WSJ",
    "title": "Tax, Interest-Rate Policies Penalize Frugal Retirees",
    "published": "2020-01-23",
    "inference_result": [
      {
        "label": "negative",
        "score": 0.8035854697227478
      }
    ]
  },
  {
    "source": "WSJ",
    "title": "Biden Tax Plan Raises Majority of Money From Top 0.1% of Households, Study Finds",
    "published": "2020-01-23",
    "inference_result": [
      {
        "label": "positive",
        "score": 0.8041197657585144
      }
    ]
  },
  {
    "source": "WSJ",
    "title": "Wuhan Coronavirus Could Hit China\u2019s Economy Harder Than SARS",
    "published": "2020-01-23",
    "inference_result": [
      {
        "label": "positive",
        "score": 0.6537553668022156
      }
    ]
  },
  {
    "source": "WSJ",
    "title": "More From Davos; OCC Not Waiting for Fed on Lending Rule Changes; Bank of Canada Holds Steady",
    "published": "2020-01-23",
    "inference_result": [
      {
        "label": "neutral",
        "score": 0.3997405469417572
      }
    ]
  }
]