[
  {
    "source": "WSJ",
    "title": "U.S. Orders Cap on Chinese State Media Personnel",
    "published": "2020-03-02",
    "inference_result": [
      {
        "label": "negative",
        "score": 0.8331718444824219
      }
    ]
  },
  {
    "source": "WSJ",
    "title": "Tim Cook and Apple Bet Everything on China. Then Coronavirus Hit.",
    "published": "2020-03-02",
    "inference_result": [
      {
        "label": "negative",
        "score": 0.972260594367981
      }
    ]
  },
  {
    "source": "WSJ",
    "title": "Ideology and the War on For-Profit Colleges",
    "published": "2020-03-02",
    "inference_result": [
      {
        "label": "neutral",
        "score": 0.7161804437637329
      }
    ]
  },
  {
    "source": "WSJ",
    "title": "ECB Ready to Cut Rates to Bolster Economy Against Coronavirus, Suggests Official",
    "published": "2020-03-02",
    "inference_result": [
      {
        "label": "negative",
        "score": 0.963468611240387
      }
    ]
  },
  {
    "source": "WSJ",
    "title": "U.S. Orders Cap on Chinese State Media Personnel",
    "published": "2020-03-02",
    "inference_result": [
      {
        "label": "negative",
        "score": 0.8331718444824219
      }
    ]
  },
  {
    "source": "WSJ",
    "title": "Global Growth to Slow Sharply as Virus Takes Heavy Toll, OECD Says",
    "published": "2020-03-02",
    "inference_result": [
      {
        "label": "negative",
        "score": 0.9662667512893677
      }
    ]
  },
  {
    "source": "WSJ",
    "title": "Prediction Markets Are Far From a Sure Bet Ahead of Super Tuesday",
    "published": "2020-03-02",
    "inference_result": [
      {
        "label": "neutral",
        "score": 0.8492775559425354
      }
    ]
  },
  {
    "source": "WSJ",
    "title": "Warren, Unlike Sanders, Makes the Medicare Math Add Up",
    "published": "2020-03-02",
    "inference_result": [
      {
        "label": "negative",
        "score": 0.8172427415847778
      }
    ]
  },
  {
    "source": "WSJ",
    "title": "ECB Ready to Cut Rates to Bolster Economy Against Coronavirus, Suggests Official",
    "published": "2020-03-02",
    "inference_result": [
      {
        "label": "negative",
        "score": 0.963468611240387
      }
    ]
  },
  {
    "source": "WSJ",
    "title": "A Misplaced Faith in the Power of Central Banks",
    "published": "2020-03-02",
    "inference_result": [
      {
        "label": "neutral",
        "score": 0.5031296610832214
      }
    ]
  },
  {
    "source": "WSJ",
    "title": "Ideology and the War on For-Profit Colleges",
    "published": "2020-03-02",
    "inference_result": [
      {
        "label": "neutral",
        "score": 0.7161804437637329
      }
    ]
  }
]