[
  {
    "source": "WSJ",
    "title": "Give Trump\u2019s Tariffs a Fair Test",
    "published": "2020-01-12",
    "inference_result": [
      {
        "label": "neutral",
        "score": 0.9152329564094543
      }
    ]
  },
  {
    "source": "WSJ",
    "title": "Bets on Global-Growth Rebound Power Stock-Market Gains",
    "published": "2020-01-12",
    "inference_result": [
      {
        "label": "positive",
        "score": 0.9426126480102539
      }
    ]
  },
  {
    "source": "WSJ",
    "title": "Trade War With China Took Toll on U.S., but Not Big One",
    "published": "2020-01-12",
    "inference_result": [
      {
        "label": "positive",
        "score": 0.7116944193840027
      }
    ]
  },
  {
    "source": "WSJ",
    "title": "Pete Buttigieg, a Veteran of Afghanistan War",
    "published": "2020-01-12",
    "inference_result": [
      {
        "label": "neutral",
        "score": 0.7714859247207642
      }
    ]
  },
  {
    "source": "WSJ",
    "title": "German Bond Yields Rise, Narrowing Gap With U.S. Treasurys",
    "published": "2020-01-12",
    "inference_result": [
      {
        "label": "positive",
        "score": 0.9406239986419678
      }
    ]
  }
]