[
  {
    "source": "WSJ",
    "title": "Coronavirus Toll on Shipping Reaches $350 Million a Week",
    "published": "2020-02-10",
    "inference_result": [
      {
        "label": "negative",
        "score": 0.9729070663452148
      }
    ]
  },
  {
    "source": "WSJ",
    "title": "Thinking of a College Co-op Program? Here\u2019s What You Need to Know",
    "published": "2020-02-10",
    "inference_result": [
      {
        "label": "neutral",
        "score": 0.8611598610877991
      }
    ]
  },
  {
    "source": "WSJ",
    "title": "Let\u2019s Give Warren Harding Credit for the Good He Did",
    "published": "2020-02-10",
    "inference_result": [
      {
        "label": "neutral",
        "score": 0.5885329246520996
      }
    ]
  },
  {
    "source": "WSJ",
    "title": "U.K. Fintech Startup Curve Expanding to Brooklyn",
    "published": "2020-02-10",
    "inference_result": [
      {
        "label": "positive",
        "score": 0.6274927258491516
      }
    ]
  },
  {
    "source": "WSJ",
    "title": "Lamont Retools Connecticut\u2019s Business Recruitment Strategy",
    "published": "2020-02-10",
    "inference_result": [
      {
        "label": "neutral",
        "score": 0.639380693435669
      }
    ]
  },
  {
    "source": "WSJ",
    "title": "Medici Would Be Skeptical on Student Loans",
    "published": "2020-02-10",
    "inference_result": [
      {
        "label": "neutral",
        "score": 0.7284768223762512
      }
    ]
  },
  {
    "source": "WSJ",
    "title": "The Cold War Over Venezuela",
    "published": "2020-02-10",
    "inference_result": [
      {
        "label": "neutral",
        "score": 0.9344918131828308
      }
    ]
  },
  {
    "source": "WSJ",
    "title": "Coronavirus Toll on Shipping Reaches $350 Million a Week",
    "published": "2020-02-10",
    "inference_result": [
      {
        "label": "negative",
        "score": 0.9729070663452148
      }
    ]
  },
  {
    "source": "WSJ",
    "title": "Merkel\u2019s Succession Plan Unravels as Prot\u00e9g\u00e9 Ends Leadership Bid",
    "published": "2020-02-10",
    "inference_result": [
      {
        "label": "neutral",
        "score": 0.5469383001327515
      }
    ]
  },
  {
    "source": "WSJ",
    "title": "Powell Cultivates Allies on Capitol Hill; Fed Says Coronavirus Could Hurt Outlook; Fed Officials Likely to Take Comfort From Jobs Report",
    "published": "2020-02-10",
    "inference_result": [
      {
        "label": "negative",
        "score": 0.8641472458839417
      }
    ]
  },
  {
    "source": "WSJ",
    "title": "Newsletter: Cutting the Safety Net",
    "published": "2020-02-10",
    "inference_result": [
      {
        "label": "neutral",
        "score": 0.941470742225647
      }
    ]
  },
  {
    "source": "WSJ",
    "title": "Chicken War Spurs Popeyes Sales",
    "published": "2020-02-10",
    "inference_result": [
      {
        "label": "positive",
        "score": 0.943396806716919
      }
    ]
  }
]