[
  {
    "source": "WSJ",
    "title": "India to Cut Taxes, Increase Spending in Bid to Revive Growth",
    "published": "2020-02-02",
    "inference_result": [
      {
        "label": "negative",
        "score": 0.9505837559700012
      }
    ]
  },
  {
    "source": "WSJ",
    "title": "U.K. Companies Brace for Bumps on Brexit Homestretch",
    "published": "2020-02-02",
    "inference_result": [
      {
        "label": "positive",
        "score": 0.7352712750434875
      }
    ]
  },
  {
    "source": "WSJ",
    "title": "India to Cut Taxes, Increase Spending in Bid to Revive Growth",
    "published": "2020-02-02",
    "inference_result": [
      {
        "label": "negative",
        "score": 0.9505837559700012
      }
    ]
  },
  {
    "source": "WSJ",
    "title": "The \u2018Living Constitution\u2019 Denied the Vote to Generations",
    "published": "2020-02-02",
    "inference_result": [
      {
        "label": "neutral",
        "score": 0.9154672622680664
      }
    ]
  },
  {
    "source": "WSJ",
    "title": "Emerging and Growth Markets, February 1st 2020",
    "published": "2020-02-02",
    "inference_result": [
      {
        "label": "neutral",
        "score": 0.9486377239227295
      }
    ]
  },
  {
    "source": "WSJ",
    "title": "Right to Work: A Good Issue for Republicans",
    "published": "2020-02-02",
    "inference_result": [
      {
        "label": "negative",
        "score": 0.9130282998085022
      }
    ]
  },
  {
    "source": "WSJ",
    "title": "On the Political Economy of Climate Change",
    "published": "2020-02-02",
    "inference_result": [
      {
        "label": "neutral",
        "score": 0.6772260665893555
      }
    ]
  },
  {
    "source": "WSJ",
    "title": "New Jersey\u2019s Teflon Tax Abuse",
    "published": "2020-02-02",
    "inference_result": [
      {
        "label": "neutral",
        "score": 0.5774653553962708
      }
    ]
  },
  {
    "source": "WSJ",
    "title": "India to Cut Taxes, Increase Spending in Bid to Revive Growth",
    "published": "2020-02-02",
    "inference_result": [
      {
        "label": "negative",
        "score": 0.9505837559700012
      }
    ]
  },
  {
    "source": "WSJ",
    "title": "India to Cut Taxes, Increase Spending in Bid to Revive Growth",
    "published": "2020-02-02",
    "inference_result": [
      {
        "label": "negative",
        "score": 0.9505837559700012
      }
    ]
  }
]