[
  {
    "source": "WSJ",
    "title": "Home Depot\u2019s Quarterly Profit Rises",
    "published": "2020-02-25",
    "inference_result": [
      {
        "label": "positive",
        "score": 0.9306339621543884
      }
    ]
  },
  {
    "source": "WSJ",
    "title": "Port of Los Angeles Sees Coronavirus Impact Sharply Reducing Imports",
    "published": "2020-02-25",
    "inference_result": [
      {
        "label": "negative",
        "score": 0.9670065641403198
      }
    ]
  },
  {
    "source": "WSJ",
    "title": "Macy\u2019s Says Coronavirus Slows Tourist Spending, Chinese Suppliers",
    "published": "2020-02-25",
    "inference_result": [
      {
        "label": "negative",
        "score": 0.4924599528312683
      }
    ]
  },
  {
    "source": "WSJ",
    "title": "Oh Come on, Oh Come On, Mayor Emanuel",
    "published": "2020-02-25",
    "inference_result": [
      {
        "label": "neutral",
        "score": 0.7716531157493591
      }
    ]
  },
  {
    "source": "WSJ",
    "title": "New Jersey Governor\u2019s Budget Would Boost Aid for Schools, Pensions, Rails",
    "published": "2020-02-25",
    "inference_result": [
      {
        "label": "positive",
        "score": 0.7221361398696899
      }
    ]
  },
  {
    "source": "WSJ",
    "title": "Intuit\u2019s New Way to Beat the Taxman",
    "published": "2020-02-25",
    "inference_result": [
      {
        "label": "positive",
        "score": 0.7637976408004761
      }
    ]
  },
  {
    "source": "WSJ",
    "title": "Port of Los Angeles Sees Coronavirus Impact Sharply Reducing Imports",
    "published": "2020-02-25",
    "inference_result": [
      {
        "label": "negative",
        "score": 0.9670065641403198
      }
    ]
  },
  {
    "source": "WSJ",
    "title": "San Francisco Voting Whether to Tax Landlords for Empty Storefronts",
    "published": "2020-02-25",
    "inference_result": [
      {
        "label": "positive",
        "score": 0.7210278511047363
      }
    ]
  },
  {
    "source": "WSJ",
    "title": "China Lifts Import Restrictions on U.S. Farm Goods",
    "published": "2020-02-25",
    "inference_result": [
      {
        "label": "neutral",
        "score": 0.5721201300621033
      }
    ]
  },
  {
    "source": "WSJ",
    "title": "The Pope\u2019s Celibacy Ruling Ignores Important Issues",
    "published": "2020-02-25",
    "inference_result": [
      {
        "label": "neutral",
        "score": 0.9052626490592957
      }
    ]
  },
  {
    "source": "WSJ",
    "title": "Home Depot\u2019s Quarterly Profit Rises",
    "published": "2020-02-25",
    "inference_result": [
      {
        "label": "positive",
        "score": 0.9306339621543884
      }
    ]
  },
  {
    "source": "WSJ",
    "title": "U.S. Weighs Penalizing Chinese News Outlets Over Expulsion of Journal Reporters",
    "published": "2020-02-25",
    "inference_result": [
      {
        "label": "neutral",
        "score": 0.9149810671806335
      }
    ]
  },
  {
    "source": "WSJ",
    "title": "Port of Los Angeles Sees Coronavirus Impact Sharply Reducing Imports",
    "published": "2020-02-25",
    "inference_result": [
      {
        "label": "negative",
        "score": 0.9670065641403198
      }
    ]
  },
  {
    "source": "WSJ",
    "title": "Fed\u2019s Wait-and-See Posture Tested by Spread of Coronavirus",
    "published": "2020-02-25",
    "inference_result": [
      {
        "label": "neutral",
        "score": 0.5711811780929565
      }
    ]
  }
]