[
  {
    "source": "WSJ",
    "title": "Newsletter: Manufacturing Tries to Turn the Corner",
    "published": "2020-02-04",
    "inference_result": [
      {
        "label": "neutral",
        "score": 0.941470742225647
      }
    ]
  },
  {
    "source": "WSJ",
    "title": "China\u2019s Economic Contagion",
    "published": "2020-02-04",
    "inference_result": [
      {
        "label": "positive",
        "score": 0.7413783073425293
      }
    ]
  },
  {
    "source": "WSJ",
    "title": "New Trump Rule Will Allow Tariffs Against Currency Manipulation",
    "published": "2020-02-04",
    "inference_result": [
      {
        "label": "positive",
        "score": 0.7833938598632812
      }
    ]
  },
  {
    "source": "WSJ",
    "title": "Modi Misses Again",
    "published": "2020-02-04",
    "inference_result": [
      {
        "label": "negative",
        "score": 0.8102311491966248
      }
    ]
  },
  {
    "source": "WSJ",
    "title": "What\u2019s News: World-Wide",
    "published": "2020-02-04",
    "inference_result": [
      {
        "label": "neutral",
        "score": 0.951514720916748
      }
    ]
  },
  {
    "source": "WSJ",
    "title": "Bulk Carrier American Commercial Lines to File for Bankruptcy",
    "published": "2020-02-04",
    "inference_result": [
      {
        "label": "positive",
        "score": 0.8652082681655884
      }
    ]
  },
  {
    "source": "WSJ",
    "title": "China\u2019s Economic Contagion",
    "published": "2020-02-04",
    "inference_result": [
      {
        "label": "positive",
        "score": 0.7413783073425293
      }
    ]
  },
  {
    "source": "WSJ",
    "title": "Modi Misses Again",
    "published": "2020-02-04",
    "inference_result": [
      {
        "label": "negative",
        "score": 0.8102311491966248
      }
    ]
  },
  {
    "source": "WSJ",
    "title": "Australia Keeps Rates on Hold; The Yield-Curve Debate; Factory Revival in Doubt as Coronavirus Spreads",
    "published": "2020-02-04",
    "inference_result": [
      {
        "label": "negative",
        "score": 0.8806443810462952
      }
    ]
  },
  {
    "source": "WSJ",
    "title": "Trump Impeachment Agonistes",
    "published": "2020-02-04",
    "inference_result": [
      {
        "label": "neutral",
        "score": 0.542485237121582
      }
    ]
  },
  {
    "source": "WSJ",
    "title": "A Greater Britain After Brexit",
    "published": "2020-02-04",
    "inference_result": [
      {
        "label": "neutral",
        "score": 0.6368020176887512
      }
    ]
  },
  {
    "source": "WSJ",
    "title": "Snap Adds Users Despite Fierce Competition, Though Guidance Disappoints",
    "published": "2020-02-04",
    "inference_result": [
      {
        "label": "positive",
        "score": 0.9441361427307129
      }
    ]
  },
  {
    "source": "WSJ",
    "title": "New York City Proposes Property-Tax Overhaul, but Details Are Lacking",
    "published": "2020-02-04",
    "inference_result": [
      {
        "label": "neutral",
        "score": 0.6653404235839844
      }
    ]
  },
  {
    "source": "WSJ",
    "title": "Is Your City\u2019s Pension Fund a Little Short? Marijuana Might Help",
    "published": "2020-02-04",
    "inference_result": [
      {
        "label": "positive",
        "score": 0.6095032095909119
      }
    ]
  },
  {
    "source": "WSJ",
    "title": "Modi Misses Again",
    "published": "2020-02-04",
    "inference_result": [
      {
        "label": "negative",
        "score": 0.8102311491966248
      }
    ]
  },
  {
    "source": "WSJ",
    "title": "A Greater Britain After Brexit",
    "published": "2020-02-04",
    "inference_result": [
      {
        "label": "neutral",
        "score": 0.6368020176887512
      }
    ]
  },
  {
    "source": "WSJ",
    "title": "China\u2019s Economic Contagion",
    "published": "2020-02-04",
    "inference_result": [
      {
        "label": "positive",
        "score": 0.7413783073425293
      }
    ]
  },
  {
    "source": "WSJ",
    "title": "Pro Bankruptcy Briefing: PG&E Wins Approval of Bondholder Settlement | Ex-Owner\u2019s Concerns Threaten Redevelopment of Philly Refinery | Judge OKs Landlords\u2019 Bid for Forever 21 as Stalking Horse",
    "published": "2020-02-04",
    "inference_result": [
      {
        "label": "negative",
        "score": 0.7334114909172058
      }
    ]
  }
]