[
  {
    "source": "WSJ",
    "title": "What\u2019s News: World-Wide",
    "published": "2020-01-22",
    "inference_result": [
      {
        "label": "neutral",
        "score": 0.951514720916748
      }
    ]
  },
  {
    "source": "WSJ",
    "title": "Newsletter: Global Economic Tensions Are Here to Stay",
    "published": "2020-01-22",
    "inference_result": [
      {
        "label": "neutral",
        "score": 0.941470742225647
      }
    ]
  },
  {
    "source": "WSJ",
    "title": "Europe Girds for Trade Battle With U.S.",
    "published": "2020-01-22",
    "inference_result": [
      {
        "label": "positive",
        "score": 0.502198338508606
      }
    ]
  },
  {
    "source": "WSJ",
    "title": "The Force Is Strong Inside This L.A. Mansion With Star Wars-Theme Basement",
    "published": "2020-01-22",
    "inference_result": [
      {
        "label": "neutral",
        "score": 0.9328798055648804
      }
    ]
  },
  {
    "source": "WSJ",
    "title": "Bank of Canada Leaves Key Interest Rate Unchanged at 1.75%",
    "published": "2020-01-22",
    "inference_result": [
      {
        "label": "negative",
        "score": 0.6118038892745972
      }
    ]
  },
  {
    "source": "WSJ",
    "title": "Are Fires a Climate Wake-Up Call?",
    "published": "2020-01-22",
    "inference_result": [
      {
        "label": "neutral",
        "score": 0.8287763595581055
      }
    ]
  },
  {
    "source": "WSJ",
    "title": "Thoma Bravo-Backed MedeAnalytics Considers Sale",
    "published": "2020-01-22",
    "inference_result": [
      {
        "label": "positive",
        "score": 0.6620502471923828
      }
    ]
  },
  {
    "source": "WSJ",
    "title": "Newsletter: Global Economic Tensions Are Here to Stay",
    "published": "2020-01-22",
    "inference_result": [
      {
        "label": "neutral",
        "score": 0.941470742225647
      }
    ]
  },
  {
    "source": "WSJ",
    "title": "Trump\u2019s Pyrrhic Trade Victories",
    "published": "2020-01-22",
    "inference_result": [
      {
        "label": "neutral",
        "score": 0.5344903469085693
      }
    ]
  },
  {
    "source": "WSJ",
    "title": "The Force Is Strong Inside This L.A. Mansion With Star Wars-Theme Basement",
    "published": "2020-01-22",
    "inference_result": [
      {
        "label": "neutral",
        "score": 0.9328798055648804
      }
    ]
  },
  {
    "source": "WSJ",
    "title": "Trump\u2019s Pyrrhic Trade Victories",
    "published": "2020-01-22",
    "inference_result": [
      {
        "label": "neutral",
        "score": 0.5344903469085693
      }
    ]
  },
  {
    "source": "WSJ",
    "title": "European High-Yield Bond Rally May Be Over-Hyped",
    "published": "2020-01-22",
    "inference_result": [
      {
        "label": "positive",
        "score": 0.9363210797309875
      }
    ]
  }
]