[
  {
    "source": "WSJ",
    "title": "Trump\u2019s Tariff Threats Are Tested by Europe\u2019s Record Trade Surplus",
    "published": "2020-02-14",
    "inference_result": [
      {
        "label": "positive",
        "score": 0.7427176833152771
      }
    ]
  },
  {
    "source": "WSJ",
    "title": "The Daily Shot: Record Valentine\u2019s Day Spending Expected",
    "published": "2020-02-14",
    "inference_result": [
      {
        "label": "neutral",
        "score": 0.9467915296554565
      }
    ]
  },
  {
    "source": "WSJ",
    "title": "Balkan Mystery: Who Killed the Self-Styled Leader of a Would-Be Republic?",
    "published": "2020-02-14",
    "inference_result": [
      {
        "label": "neutral",
        "score": 0.5351958870887756
      }
    ]
  },
  {
    "source": "WSJ",
    "title": "U.S., Huawei Clash at Global Security Conference",
    "published": "2020-02-14",
    "inference_result": [
      {
        "label": "negative",
        "score": 0.8847803473472595
      }
    ]
  },
  {
    "source": "WSJ",
    "title": "The President\u2019s Next Temptation",
    "published": "2020-02-14",
    "inference_result": [
      {
        "label": "negative",
        "score": 0.8568418622016907
      }
    ]
  },
  {
    "source": "WSJ",
    "title": "Balkan Mystery: Who Killed the Self-Styled Leader of a Would-Be Republic?",
    "published": "2020-02-14",
    "inference_result": [
      {
        "label": "neutral",
        "score": 0.5351958870887756
      }
    ]
  },
  {
    "source": "WSJ",
    "title": "Newsletter: Tame Inflation, Surging Coronavirus, German Stagnation",
    "published": "2020-02-14",
    "inference_result": [
      {
        "label": "neutral",
        "score": 0.941470742225647
      }
    ]
  },
  {
    "source": "WSJ",
    "title": "Glynn\u2019s Take: RBA Wants to Walk on the Bright Side",
    "published": "2020-02-14",
    "inference_result": [
      {
        "label": "positive",
        "score": 0.8446725010871887
      }
    ]
  },
  {
    "source": "WSJ",
    "title": "Facebook\u2019s Zuckerberg Says He\u2019s Willing to Pay More Taxes in Europe",
    "published": "2020-02-14",
    "inference_result": [
      {
        "label": "negative",
        "score": 0.8870625495910645
      }
    ]
  },
  {
    "source": "WSJ",
    "title": "Trump\u2019s Tariff Threats Are Tested by Europe\u2019s Record Trade Surplus",
    "published": "2020-02-14",
    "inference_result": [
      {
        "label": "positive",
        "score": 0.7427176833152771
      }
    ]
  },
  {
    "source": "WSJ",
    "title": "The President\u2019s Next Temptation",
    "published": "2020-02-14",
    "inference_result": [
      {
        "label": "negative",
        "score": 0.8568418622016907
      }
    ]
  },
  {
    "source": "WSJ",
    "title": "U.S.-Europe Divide Gets Spotlight at Security Conference",
    "published": "2020-02-14",
    "inference_result": [
      {
        "label": "neutral",
        "score": 0.9349609613418579
      }
    ]
  },
  {
    "source": "WSJ",
    "title": "The President\u2019s Next Temptation",
    "published": "2020-02-14",
    "inference_result": [
      {
        "label": "negative",
        "score": 0.8568418622016907
      }
    ]
  },
  {
    "source": "WSJ",
    "title": "U.S., Huawei Clash at Global Security Conference",
    "published": "2020-02-14",
    "inference_result": [
      {
        "label": "negative",
        "score": 0.8847803473472595
      }
    ]
  }
]