[
  {
    "source": "WSJ",
    "title": "Lobbyists Pile On to Get Wins for Clients Into Coronavirus Stimulus Package",
    "published": "2020-03-21",
    "inference_result": [
      {
        "label": "positive",
        "score": 0.6900975704193115
      }
    ]
  },
  {
    "source": "WSJ",
    "title": "U.S. Drawdown of China Diplomats Cripples Ties at Critical Moment",
    "published": "2020-03-21",
    "inference_result": [
      {
        "label": "negative",
        "score": 0.9599790573120117
      }
    ]
  },
  {
    "source": "WSJ",
    "title": "Lobbyists Pile On to Get Wins for Clients Into Coronavirus Stimulus Package",
    "published": "2020-03-21",
    "inference_result": [
      {
        "label": "positive",
        "score": 0.6900975704193115
      }
    ]
  },
  {
    "source": "WSJ",
    "title": "Tax Day Is Now July 15: What to Know About Filing, Payment and IRAs",
    "published": "2020-03-21",
    "inference_result": [
      {
        "label": "neutral",
        "score": 0.9083884954452515
      }
    ]
  },
  {
    "source": "WSJ",
    "title": "Lobbyists Pile On to Get Wins for Clients Into Coronavirus Stimulus Package",
    "published": "2020-03-21",
    "inference_result": [
      {
        "label": "positive",
        "score": 0.6900975704193115
      }
    ]
  },
  {
    "source": "WSJ",
    "title": "U.S. Drawdown of China Diplomats Cripples Ties at Critical Moment",
    "published": "2020-03-21",
    "inference_result": [
      {
        "label": "negative",
        "score": 0.9599790573120117
      }
    ]
  }
]