[
  {
    "source": "WSJ",
    "title": "Emerging and Growth Markets, January 4th 2019",
    "published": "2020-01-04",
    "inference_result": [
      {
        "label": "neutral",
        "score": 0.9486377239227295
      }
    ]
  },
  {
    "source": "WSJ",
    "title": "Two Views on How Trump\u2019s Tax Cuts Have Worked Out",
    "published": "2020-01-04",
    "inference_result": [
      {
        "label": "positive",
        "score": 0.8708330988883972
      }
    ]
  },
  {
    "source": "WSJ",
    "title": "Two Views on How Trump\u2019s Tax Cuts Have Worked Out",
    "published": "2020-01-04",
    "inference_result": [
      {
        "label": "positive",
        "score": 0.8708330988883972
      }
    ]
  },
  {
    "source": "WSJ",
    "title": "Emerging and Growth Markets, January 4th 2019",
    "published": "2020-01-04",
    "inference_result": [
      {
        "label": "neutral",
        "score": 0.9486377239227295
      }
    ]
  },
  {
    "source": "WSJ",
    "title": "Did the U.S. Tax Overhaul Do What It Promised?",
    "published": "2020-01-04",
    "inference_result": [
      {
        "label": "neutral",
        "score": 0.8907046914100647
      }
    ]
  },
  {
    "source": "WSJ",
    "title": "Two Views on How Trump\u2019s Tax Cuts Have Worked Out",
    "published": "2020-01-04",
    "inference_result": [
      {
        "label": "positive",
        "score": 0.8708330988883972
      }
    ]
  },
  {
    "source": "WSJ",
    "title": "It Was a Lost Decade for China\u2019s Stock Market, but Investors Bet on Better Times Ahead",
    "published": "2020-01-04",
    "inference_result": [
      {
        "label": "neutral",
        "score": 0.6087323427200317
      }
    ]
  }
]