[
  {
    "source": "WSJ",
    "title": "Will Coronavirus Kill Populism?",
    "published": "2020-03-23",
    "inference_result": [
      {
        "label": "neutral",
        "score": 0.6745977997779846
      }
    ]
  },
  {
    "source": "WSJ",
    "title": "For Now, Pay Workers to Stay Home",
    "published": "2020-03-23",
    "inference_result": [
      {
        "label": "negative",
        "score": 0.9685584306716919
      }
    ]
  },
  {
    "source": "WSJ",
    "title": "New Property Tax Would Hit Manhattan Billionaires, Many in Brooklyn\u2019s Middle Class",
    "published": "2020-03-23",
    "inference_result": [
      {
        "label": "negative",
        "score": 0.8081192374229431
      }
    ]
  },
  {
    "source": "WSJ",
    "title": "Oil Collapse Sinks Hornbeck Offshore\u2019s Debt Proposal",
    "published": "2020-03-23",
    "inference_result": [
      {
        "label": "negative",
        "score": 0.959353506565094
      }
    ]
  },
  {
    "source": "WSJ",
    "title": "Business Makes War on Coronavirus",
    "published": "2020-03-23",
    "inference_result": [
      {
        "label": "neutral",
        "score": 0.8860622048377991
      }
    ]
  },
  {
    "source": "WSJ",
    "title": "Will Coronavirus Kill Populism?",
    "published": "2020-03-23",
    "inference_result": [
      {
        "label": "neutral",
        "score": 0.6745977997779846
      }
    ]
  },
  {
    "source": "WSJ",
    "title": "Copper Slides as Coronavirus Hits Demand, Exchange Activity",
    "published": "2020-03-23",
    "inference_result": [
      {
        "label": "neutral",
        "score": 0.6779804229736328
      }
    ]
  }
]