[
  {
    "source": "WSJ",
    "title": "Hong Kong, Hit by Coronavirus and Protests, to Hand Out Billions of Dollars in Cash",
    "published": "2020-02-26",
    "inference_result": [
      {
        "label": "positive",
        "score": 0.8063351511955261
      }
    ]
  },
  {
    "source": "WSJ",
    "title": "Kaplan, Clarida: Fed in No Rush to Cut Rates; JPMorgan May Tap Discount Window; Fed\u2019s Definition of Symmetry Is Changing",
    "published": "2020-02-26",
    "inference_result": [
      {
        "label": "neutral",
        "score": 0.6638436913490295
      }
    ]
  },
  {
    "source": "WSJ",
    "title": "The Daily Shot: The Probability of Three Fed Rate Cuts This Year Approaches 80%",
    "published": "2020-02-26",
    "inference_result": [
      {
        "label": "neutral",
        "score": 0.9467915296554565
      }
    ]
  },
  {
    "source": "WSJ",
    "title": "Rush to Invest in Municipal Debt Pushes Yields to Record Lows",
    "published": "2020-02-26",
    "inference_result": [
      {
        "label": "negative",
        "score": 0.9525859355926514
      }
    ]
  },
  {
    "source": "WSJ",
    "title": "Hong Kong, Hit by Coronavirus and Protests, to Hand Out Billions of Dollars in Cash",
    "published": "2020-02-26",
    "inference_result": [
      {
        "label": "positive",
        "score": 0.8063351511955261
      }
    ]
  },
  {
    "source": "WSJ",
    "title": "Trump Teases a New Media Strategy",
    "published": "2020-02-26",
    "inference_result": [
      {
        "label": "neutral",
        "score": 0.7765377163887024
      }
    ]
  },
  {
    "source": "WSJ",
    "title": "AI Comes to the Tax Code",
    "published": "2020-02-26",
    "inference_result": [
      {
        "label": "neutral",
        "score": 0.534079372882843
      }
    ]
  },
  {
    "source": "WSJ",
    "title": "This Is No Time to Go Wobbly on Capitalism",
    "published": "2020-02-26",
    "inference_result": [
      {
        "label": "neutral",
        "score": 0.6697854995727539
      }
    ]
  },
  {
    "source": "WSJ",
    "title": "Wealthy Americans Already Pay Their Share",
    "published": "2020-02-26",
    "inference_result": [
      {
        "label": "negative",
        "score": 0.6882272958755493
      }
    ]
  },
  {
    "source": "WSJ",
    "title": "Newsletter: What\u2019s Next With the Coronavirus?",
    "published": "2020-02-26",
    "inference_result": [
      {
        "label": "neutral",
        "score": 0.941470742225647
      }
    ]
  },
  {
    "source": "WSJ",
    "title": "Hong Kong, Hit by Coronavirus and Protests, to Hand Out Billions of Dollars in Cash",
    "published": "2020-02-26",
    "inference_result": [
      {
        "label": "positive",
        "score": 0.8063351511955261
      }
    ]
  },
  {
    "source": "WSJ",
    "title": "The Democratic Establishment Will Rally Around Bernie",
    "published": "2020-02-26",
    "inference_result": [
      {
        "label": "neutral",
        "score": 0.7856178879737854
      }
    ]
  }
]