[
  {
    "source": "WSJ",
    "title": "The War on Judy Shelton",
    "published": "2020-02-12",
    "inference_result": [
      {
        "label": "negative",
        "score": 0.9125864505767822
      }
    ]
  },
  {
    "source": "WSJ",
    "title": "There\u2019s a Great Future in Plastics\u2014Except in China",
    "published": "2020-02-12",
    "inference_result": [
      {
        "label": "negative",
        "score": 0.8883606195449829
      }
    ]
  },
  {
    "source": "WSJ",
    "title": "Newly Confirmed Coronavirus Cases in China\u2019s Hubei Province Rise Sharply",
    "published": "2020-02-12",
    "inference_result": [
      {
        "label": "positive",
        "score": 0.8448939919471741
      }
    ]
  },
  {
    "source": "WSJ",
    "title": "Chicago\u2019s Bonds Aren\u2019t Akin to Puerto Rico\u2019s",
    "published": "2020-02-12",
    "inference_result": [
      {
        "label": "neutral",
        "score": 0.8940905332565308
      }
    ]
  },
  {
    "source": "WSJ",
    "title": "U.S. Budget Deficit Grew 25% in First Four Months of Fiscal 2020 on Calendar Quirk",
    "published": "2020-02-12",
    "inference_result": [
      {
        "label": "negative",
        "score": 0.8141186237335205
      }
    ]
  },
  {
    "source": "WSJ",
    "title": "Give Marijuana Tax Revenues to the Harmed",
    "published": "2020-02-12",
    "inference_result": [
      {
        "label": "neutral",
        "score": 0.8613759875297546
      }
    ]
  },
  {
    "source": "WSJ",
    "title": "Newly Confirmed Coronavirus Cases in China\u2019s Hubei Province Rise Sharply",
    "published": "2020-02-12",
    "inference_result": [
      {
        "label": "positive",
        "score": 0.8448939919471741
      }
    ]
  },
  {
    "source": "WSJ",
    "title": "Coronavirus Forces Gucci to Shift Gears in China",
    "published": "2020-02-12",
    "inference_result": [
      {
        "label": "neutral",
        "score": 0.6947669982910156
      }
    ]
  },
  {
    "source": "WSJ",
    "title": "A Charleston Home That Survived the Civil War Asks $9.995 Million",
    "published": "2020-02-12",
    "inference_result": [
      {
        "label": "neutral",
        "score": 0.8706311583518982
      }
    ]
  },
  {
    "source": "WSJ",
    "title": "The War on Judy Shelton",
    "published": "2020-02-12",
    "inference_result": [
      {
        "label": "negative",
        "score": 0.9125864505767822
      }
    ]
  },
  {
    "source": "WSJ",
    "title": "There\u2019s a Great Future in Plastics\u2014Except in China",
    "published": "2020-02-12",
    "inference_result": [
      {
        "label": "negative",
        "score": 0.8883606195449829
      }
    ]
  }
]