[
  {
    "source": "WSJ",
    "title": "California\u2019s Newsom Proposes New Approach to Homeless Spending",
    "published": "2020-01-11",
    "inference_result": [
      {
        "label": "positive",
        "score": 0.8124684691429138
      }
    ]
  },
  {
    "source": "WSJ",
    "title": "Minimum-Income Ideas Get Widest Airing in 50 Years",
    "published": "2020-01-11",
    "inference_result": [
      {
        "label": "positive",
        "score": 0.7376366853713989
      }
    ]
  },
  {
    "source": "WSJ",
    "title": "New Jersey Gov. Phil Murphy Renews Quest for Elusive Millionaires Tax",
    "published": "2020-01-11",
    "inference_result": [
      {
        "label": "neutral",
        "score": 0.5763974189758301
      }
    ]
  },
  {
    "source": "WSJ",
    "title": "Russia and Poland Feud Over Putin Remarks on World War II",
    "published": "2020-01-11",
    "inference_result": [
      {
        "label": "negative",
        "score": 0.9207156300544739
      }
    ]
  },
  {
    "source": "WSJ",
    "title": "Bank Stocks Had a Bonanza in 2019. Earnings Will Be More Blah.",
    "published": "2020-01-11",
    "inference_result": [
      {
        "label": "neutral",
        "score": 0.7981100678443909
      }
    ]
  },
  {
    "source": "WSJ",
    "title": "Washington, Beijing Agree to New Dialogue to Pursue Reforms, Address Disputes",
    "published": "2020-01-11",
    "inference_result": [
      {
        "label": "neutral",
        "score": 0.9545195698738098
      }
    ]
  }
]