[
  {
    "source": "WSJ",
    "title": "Rapid Spread of Coronavirus Tests Apple\u2019s China Dependency",
    "published": "2020-02-05",
    "inference_result": [
      {
        "label": "negative",
        "score": 0.9685578942298889
      }
    ]
  },
  {
    "source": "WSJ",
    "title": "Irish Farmers Prepare for Brexit Season\u2014and an Election",
    "published": "2020-02-05",
    "inference_result": [
      {
        "label": "negative",
        "score": 0.8639836311340332
      }
    ]
  },
  {
    "source": "WSJ",
    "title": "Derby\u2019s Take: Former Fed Chief Yellen Says Trump Tariffs Haven\u2019t Helped",
    "published": "2020-02-05",
    "inference_result": [
      {
        "label": "neutral",
        "score": 0.9447149634361267
      }
    ]
  },
  {
    "source": "WSJ",
    "title": "Newsletter: State of the Economy",
    "published": "2020-02-05",
    "inference_result": [
      {
        "label": "neutral",
        "score": 0.941470742225647
      }
    ]
  },
  {
    "source": "WSJ",
    "title": "Rapid Spread of Coronavirus Tests Apple\u2019s China Dependency",
    "published": "2020-02-05",
    "inference_result": [
      {
        "label": "negative",
        "score": 0.9685578942298889
      }
    ]
  },
  {
    "source": "WSJ",
    "title": "Newsletter: State of the Economy",
    "published": "2020-02-05",
    "inference_result": [
      {
        "label": "neutral",
        "score": 0.941470742225647
      }
    ]
  },
  {
    "source": "WSJ",
    "title": "Full Text of President Trump\u2019s 2020 State of the Union Speech",
    "published": "2020-02-05",
    "inference_result": [
      {
        "label": "neutral",
        "score": 0.9489622712135315
      }
    ]
  },
  {
    "source": "WSJ",
    "title": "Canada\u2019s Trade Deficit Narrowed in December",
    "published": "2020-02-05",
    "inference_result": [
      {
        "label": "positive",
        "score": 0.8338738083839417
      }
    ]
  },
  {
    "source": "WSJ",
    "title": "The Financial Challenge for Athletes: Retirement Is Always Near",
    "published": "2020-02-05",
    "inference_result": [
      {
        "label": "neutral",
        "score": 0.9267114996910095
      }
    ]
  },
  {
    "source": "WSJ",
    "title": "U.S. Trade Deficit Narrows for First Time in Six Years",
    "published": "2020-02-05",
    "inference_result": [
      {
        "label": "negative",
        "score": 0.8366029858589172
      }
    ]
  },
  {
    "source": "WSJ",
    "title": "Merck\u2019s Spin May Induce Motion Sickness",
    "published": "2020-02-05",
    "inference_result": [
      {
        "label": "positive",
        "score": 0.9308404922485352
      }
    ]
  },
  {
    "source": "WSJ",
    "title": "Connecticut Governor Pitches Legalizing Marijuana, Other Measures in Budget",
    "published": "2020-02-05",
    "inference_result": [
      {
        "label": "neutral",
        "score": 0.6945635676383972
      }
    ]
  },
  {
    "source": "WSJ",
    "title": "Newsletter: State of the Economy",
    "published": "2020-02-05",
    "inference_result": [
      {
        "label": "neutral",
        "score": 0.941470742225647
      }
    ]
  }
]