[
  {
    "source": "WSJ",
    "title": "The Real Chinese Trade Spat Is About Engines, Not Soybeans",
    "published": "2020-02-18",
    "inference_result": [
      {
        "label": "negative",
        "score": 0.9504134654998779
      }
    ]
  },
  {
    "source": "WSJ",
    "title": "PBOC Moves to Support Economy as Coronavirus Bites; Japan\u2019s Economy Contracts; Bundesbank Calls for Spending Boost",
    "published": "2020-02-18",
    "inference_result": [
      {
        "label": "negative",
        "score": 0.9103760123252869
      }
    ]
  },
  {
    "source": "WSJ",
    "title": "PBOC Moves to Support Economy as Coronavirus Bites; Japan\u2019s Economy Contracts; Bundesbank Calls for Spending Boost",
    "published": "2020-02-18",
    "inference_result": [
      {
        "label": "negative",
        "score": 0.9103760123252869
      }
    ]
  },
  {
    "source": "WSJ",
    "title": "Why One of the World\u2019s Largest Tobacco Companies Is Struggling",
    "published": "2020-02-18",
    "inference_result": [
      {
        "label": "negative",
        "score": 0.9636722803115845
      }
    ]
  },
  {
    "source": "WSJ",
    "title": "Why One of the World\u2019s Largest Tobacco Companies Is Struggling",
    "published": "2020-02-18",
    "inference_result": [
      {
        "label": "negative",
        "score": 0.9636722803115845
      }
    ]
  },
  {
    "source": "WSJ",
    "title": "The Real Chinese Trade Spat Is About Engines, Not Soybeans",
    "published": "2020-02-18",
    "inference_result": [
      {
        "label": "negative",
        "score": 0.9504134654998779
      }
    ]
  },
  {
    "source": "WSJ",
    "title": "Reclining Theater Seats Maker VIP Cinema Files for Bankruptcy",
    "published": "2020-02-18",
    "inference_result": [
      {
        "label": "negative",
        "score": 0.9542458057403564
      }
    ]
  },
  {
    "source": "WSJ",
    "title": "PBOC Moves to Support Economy as Coronavirus Bites; Japan\u2019s Economy Contracts; Bundesbank Calls for Spending Boost",
    "published": "2020-02-18",
    "inference_result": [
      {
        "label": "negative",
        "score": 0.9103760123252869
      }
    ]
  },
  {
    "source": "WSJ",
    "title": "The Progressively Purer Left Will Need a Smaller Tent",
    "published": "2020-02-18",
    "inference_result": [
      {
        "label": "neutral",
        "score": 0.5389759540557861
      }
    ]
  },
  {
    "source": "WSJ",
    "title": "Some New York Lawmakers Push Mobile Betting Amid Budget Deficit",
    "published": "2020-02-18",
    "inference_result": [
      {
        "label": "negative",
        "score": 0.9690235257148743
      }
    ]
  },
  {
    "source": "WSJ",
    "title": "Hey, Taxman, Leave Those Kids Alone",
    "published": "2020-02-18",
    "inference_result": [
      {
        "label": "negative",
        "score": 0.6997760534286499
      }
    ]
  },
  {
    "source": "WSJ",
    "title": "Pier 1 Imports Gets Approval for Bankruptcy Sale Process",
    "published": "2020-02-18",
    "inference_result": [
      {
        "label": "neutral",
        "score": 0.8663012981414795
      }
    ]
  },
  {
    "source": "WSJ",
    "title": "Beijing\u2019s Soft Power Push on Global Tax",
    "published": "2020-02-18",
    "inference_result": [
      {
        "label": "neutral",
        "score": 0.8243486285209656
      }
    ]
  },
  {
    "source": "WSJ",
    "title": "Newsletter: Coronavirus Constrains iPhone Production",
    "published": "2020-02-18",
    "inference_result": [
      {
        "label": "neutral",
        "score": 0.941470742225647
      }
    ]
  },
  {
    "source": "WSJ",
    "title": "Coronavirus Exposes Businesses\u2019 Dependency on China",
    "published": "2020-02-18",
    "inference_result": [
      {
        "label": "negative",
        "score": 0.9400889277458191
      }
    ]
  }
]