[
  {
    "source": "WSJ",
    "title": "Modi Bashes Nehru, but Rejects Only His Good Ideas",
    "published": "2020-02-23",
    "inference_result": [
      {
        "label": "negative",
        "score": 0.8777649402618408
      }
    ]
  },
  {
    "source": "WSJ",
    "title": "Swiss Franc Climbs Against Euro, Leaving Central Bank in Bind",
    "published": "2020-02-23",
    "inference_result": [
      {
        "label": "negative",
        "score": 0.9345811605453491
      }
    ]
  },
  {
    "source": "WSJ",
    "title": "Intuit Near Deal to Buy Credit Karma for $7 Billion",
    "published": "2020-02-23",
    "inference_result": [
      {
        "label": "neutral",
        "score": 0.8460496664047241
      }
    ]
  },
  {
    "source": "WSJ",
    "title": "Natural-Gas Exporters Struggle to Lock Up Buyers Despite \u2018Freedom Gas\u2019 Pitch",
    "published": "2020-02-23",
    "inference_result": [
      {
        "label": "negative",
        "score": 0.7217501997947693
      }
    ]
  },
  {
    "source": "WSJ",
    "title": "World Economy Shudders as Coronavirus Threatens Global Supply Chains",
    "published": "2020-02-23",
    "inference_result": [
      {
        "label": "negative",
        "score": 0.8709518313407898
      }
    ]
  }
]