[
  {
    "source": "WSJ",
    "title": "Trump Spurns Business Plea to Ease Tariffs Amid Coronavirus",
    "published": "2020-03-18",
    "inference_result": [
      {
        "label": "positive",
        "score": 0.829422116279602
      }
    ]
  },
  {
    "source": "WSJ",
    "title": "Trump\u2019s Tariffs Leave the U.S. Short on Vital Medical Supplies",
    "published": "2020-03-18",
    "inference_result": [
      {
        "label": "positive",
        "score": 0.6280519366264343
      }
    ]
  },
  {
    "source": "WSJ",
    "title": "Double Taxed (Thursday Crossword, March 19)",
    "published": "2020-03-18",
    "inference_result": [
      {
        "label": "neutral",
        "score": 0.951514720916748
      }
    ]
  },
  {
    "source": "WSJ",
    "title": "The Government Wants to Send You Money\u2014but How Soon Will It Arrive?",
    "published": "2020-03-18",
    "inference_result": [
      {
        "label": "negative",
        "score": 0.867717981338501
      }
    ]
  },
  {
    "source": "WSJ",
    "title": "Canada Rolls Out Fiscal Boost and Tax Deferrals for Coronavirus Relief",
    "published": "2020-03-18",
    "inference_result": [
      {
        "label": "neutral",
        "score": 0.6744738817214966
      }
    ]
  },
  {
    "source": "WSJ",
    "title": "Trump Spurns Business Plea to Ease Tariffs Amid Coronavirus",
    "published": "2020-03-18",
    "inference_result": [
      {
        "label": "positive",
        "score": 0.829422116279602
      }
    ]
  },
  {
    "source": "WSJ",
    "title": "Trump\u2019s Tariffs Leave the U.S. Short on Vital Medical Supplies",
    "published": "2020-03-18",
    "inference_result": [
      {
        "label": "positive",
        "score": 0.6280519366264343
      }
    ]
  },
  {
    "source": "WSJ",
    "title": "With Revenue Forecasts Dim, a Tax Increase Is on the Table in New York",
    "published": "2020-03-18",
    "inference_result": [
      {
        "label": "positive",
        "score": 0.7853618264198303
      }
    ]
  },
  {
    "source": "WSJ",
    "title": "IRS Details Tax-Payment Deadline Deferral to July 15 Due to Coronavirus",
    "published": "2020-03-18",
    "inference_result": [
      {
        "label": "neutral",
        "score": 0.7801573872566223
      }
    ]
  },
  {
    "source": "WSJ",
    "title": "Trump\u2019s Tariffs Leave the U.S. Short on Vital Medical Supplies",
    "published": "2020-03-18",
    "inference_result": [
      {
        "label": "positive",
        "score": 0.6280519366264343
      }
    ]
  },
  {
    "source": "WSJ",
    "title": "Beijing Escalates the New Cold War",
    "published": "2020-03-18",
    "inference_result": [
      {
        "label": "positive",
        "score": 0.7555312514305115
      }
    ]
  }
]