[
  {
    "source": "WSJ",
    "title": "How Tariffs Could Devastate the Wine World",
    "published": "2020-01-08",
    "inference_result": [
      {
        "label": "negative",
        "score": 0.964410126209259
      }
    ]
  },
  {
    "source": "WSJ",
    "title": "Reflections on a Turbulent Decade",
    "published": "2020-01-08",
    "inference_result": [
      {
        "label": "neutral",
        "score": 0.5608877539634705
      }
    ]
  },
  {
    "source": "WSJ",
    "title": "Samsung\u2019s Profit Hurt by Chip Slump, Pins Hope on 5G",
    "published": "2020-01-08",
    "inference_result": [
      {
        "label": "positive",
        "score": 0.9080114960670471
      }
    ]
  },
  {
    "source": "WSJ",
    "title": "Libor Replacement Gets Mixed Response; Role of Regional Fed Leaders in Setting Policy Questioned",
    "published": "2020-01-08",
    "inference_result": [
      {
        "label": "neutral",
        "score": 0.7247893810272217
      }
    ]
  },
  {
    "source": "WSJ",
    "title": "For Memory-Chip Makers, the Worst Appears to Be Over",
    "published": "2020-01-08",
    "inference_result": [
      {
        "label": "positive",
        "score": 0.9488388895988464
      }
    ]
  },
  {
    "source": "WSJ",
    "title": "Bloomberg Puts Geographic Inequality on the 2020 Agenda",
    "published": "2020-01-08",
    "inference_result": [
      {
        "label": "neutral",
        "score": 0.6039984822273254
      }
    ]
  },
  {
    "source": "WSJ",
    "title": "Reflections on a Turbulent Decade",
    "published": "2020-01-08",
    "inference_result": [
      {
        "label": "neutral",
        "score": 0.5608877539634705
      }
    ]
  },
  {
    "source": "WSJ",
    "title": "Bloomberg Puts Geographic Inequality on the 2020 Agenda",
    "published": "2020-01-08",
    "inference_result": [
      {
        "label": "neutral",
        "score": 0.6039984822273254
      }
    ]
  },
  {
    "source": "WSJ",
    "title": "Newsletter: Chinese Investment in Europe, North America Hits 9-Year Low",
    "published": "2020-01-08",
    "inference_result": [
      {
        "label": "neutral",
        "score": 0.941470742225647
      }
    ]
  },
  {
    "source": "WSJ",
    "title": "Libor Replacement Gets Mixed Response; Role of Regional Fed Leaders in Setting Policy Questioned",
    "published": "2020-01-08",
    "inference_result": [
      {
        "label": "neutral",
        "score": 0.7247893810272217
      }
    ]
  },
  {
    "source": "WSJ",
    "title": "In Florida, Homeowners Come for the Weather and Stay for the Tax Relief",
    "published": "2020-01-08",
    "inference_result": [
      {
        "label": "negative",
        "score": 0.493243545293808
      }
    ]
  },
  {
    "source": "WSJ",
    "title": "How Tariffs Could Devastate the Wine World",
    "published": "2020-01-08",
    "inference_result": [
      {
        "label": "negative",
        "score": 0.964410126209259
      }
    ]
  },
  {
    "source": "WSJ",
    "title": "The \u2018Robot Tax\u2019 Debate Heats Up",
    "published": "2020-01-08",
    "inference_result": [
      {
        "label": "negative",
        "score": 0.5511032938957214
      }
    ]
  },
  {
    "source": "WSJ",
    "title": "Blue State Redistribution",
    "published": "2020-01-08",
    "inference_result": [
      {
        "label": "negative",
        "score": 0.9639485478401184
      }
    ]
  },
  {
    "source": "WSJ",
    "title": "Let\u2019s Rethink What Counts as Paid Work",
    "published": "2020-01-08",
    "inference_result": [
      {
        "label": "positive",
        "score": 0.7783456444740295
      }
    ]
  },
  {
    "source": "WSJ",
    "title": "Samsung\u2019s Profit Hurt by Chip Slump, Pins Hope on 5G",
    "published": "2020-01-08",
    "inference_result": [
      {
        "label": "positive",
        "score": 0.9080114960670471
      }
    ]
  }
]