[
  {
    "source": "WSJ",
    "title": "NATO and Other Alliances Face Unprecedented Strains",
    "published": "2020-01-20",
    "inference_result": [
      {
        "label": "negative",
        "score": 0.9099242687225342
      }
    ]
  },
  {
    "source": "WSJ",
    "title": "Tensions Rise at Mexico\u2019s Southern Border With Guatemala",
    "published": "2020-01-20",
    "inference_result": [
      {
        "label": "negative",
        "score": 0.85300612449646
      }
    ]
  },
  {
    "source": "WSJ",
    "title": "Did the Tariffs Do the Job and Do It Well?",
    "published": "2020-01-20",
    "inference_result": [
      {
        "label": "negative",
        "score": 0.9454427361488342
      }
    ]
  },
  {
    "source": "WSJ",
    "title": "How Many Tariff Studies Are Enough?",
    "published": "2020-01-20",
    "inference_result": [
      {
        "label": "negative",
        "score": 0.9475377798080444
      }
    ]
  },
  {
    "source": "WSJ",
    "title": "Today, Voters\u2019 Choice Isn\u2019t All About the Economy",
    "published": "2020-01-20",
    "inference_result": [
      {
        "label": "negative",
        "score": 0.9243347644805908
      }
    ]
  },
  {
    "source": "WSJ",
    "title": "The Great U.S.-China Tech Divide",
    "published": "2020-01-20",
    "inference_result": [
      {
        "label": "positive",
        "score": 0.680640697479248
      }
    ]
  },
  {
    "source": "WSJ",
    "title": "Tensions Rise at Mexico\u2019s Southern Border With Guatemala",
    "published": "2020-01-20",
    "inference_result": [
      {
        "label": "negative",
        "score": 0.85300612449646
      }
    ]
  },
  {
    "source": "WSJ",
    "title": "NATO and Other Alliances Face Unprecedented Strains",
    "published": "2020-01-20",
    "inference_result": [
      {
        "label": "negative",
        "score": 0.9099242687225342
      }
    ]
  },
  {
    "source": "WSJ",
    "title": "Biden\u2019s Social Security Heresy",
    "published": "2020-01-20",
    "inference_result": [
      {
        "label": "negative",
        "score": 0.9073917269706726
      }
    ]
  },
  {
    "source": "WSJ",
    "title": "The Last Gasp of James G. Blaine?",
    "published": "2020-01-20",
    "inference_result": [
      {
        "label": "negative",
        "score": 0.5222423672676086
      }
    ]
  },
  {
    "source": "WSJ",
    "title": "\u2018Capitalism, Alone\u2019 Review: Inclined Toward Inequality",
    "published": "2020-01-20",
    "inference_result": [
      {
        "label": "neutral",
        "score": 0.8594037890434265
      }
    ]
  },
  {
    "source": "WSJ",
    "title": "Did the Tariffs Do the Job and Do It Well?",
    "published": "2020-01-20",
    "inference_result": [
      {
        "label": "negative",
        "score": 0.9454427361488342
      }
    ]
  },
  {
    "source": "WSJ",
    "title": "How Many Tariff Studies Are Enough?",
    "published": "2020-01-20",
    "inference_result": [
      {
        "label": "negative",
        "score": 0.9475377798080444
      }
    ]
  },
  {
    "source": "WSJ",
    "title": "Leaders Confront Climate Change at Davos Gathering\u2014Energy Journal",
    "published": "2020-01-20",
    "inference_result": [
      {
        "label": "neutral",
        "score": 0.9061846137046814
      }
    ]
  },
  {
    "source": "WSJ",
    "title": "The Investor Clash Behind Tesla\u2019s Surge Toward $100 Billion in Market Value",
    "published": "2020-01-20",
    "inference_result": [
      {
        "label": "negative",
        "score": 0.8280684947967529
      }
    ]
  },
  {
    "source": "WSJ",
    "title": "Today, Voters\u2019 Choice Isn\u2019t All About the Economy",
    "published": "2020-01-20",
    "inference_result": [
      {
        "label": "negative",
        "score": 0.9243347644805908
      }
    ]
  },
  {
    "source": "WSJ",
    "title": "Repeal and Replace the War Powers Resolution",
    "published": "2020-01-20",
    "inference_result": [
      {
        "label": "neutral",
        "score": 0.6039472818374634
      }
    ]
  }
]