[
  {
    "source": "WSJ",
    "title": "Smallest U.S. Firms Struggle to Find Workers",
    "published": "2020-02-09",
    "inference_result": [
      {
        "label": "negative",
        "score": 0.9717421531677246
      }
    ]
  },
  {
    "source": "WSJ",
    "title": "Economy Week Ahead: Fed Chair Testifies, U.S. CPI and EU Trade Data",
    "published": "2020-02-09",
    "inference_result": [
      {
        "label": "positive",
        "score": 0.9351853728294373
      }
    ]
  },
  {
    "source": "WSJ",
    "title": "The Fed, 2% Inflation and Ordinary People",
    "published": "2020-02-09",
    "inference_result": [
      {
        "label": "neutral",
        "score": 0.7688589692115784
      }
    ]
  },
  {
    "source": "WSJ",
    "title": "U.S.-China Trade War Reshaped Global Commerce",
    "published": "2020-02-09",
    "inference_result": [
      {
        "label": "negative",
        "score": 0.6564225554466248
      }
    ]
  },
  {
    "source": "WSJ",
    "title": "President Donald J. MacGuffin",
    "published": "2020-02-09",
    "inference_result": [
      {
        "label": "neutral",
        "score": 0.8609138131141663
      }
    ]
  },
  {
    "source": "WSJ",
    "title": "Smallest U.S. Firms Struggle to Find Workers",
    "published": "2020-02-09",
    "inference_result": [
      {
        "label": "negative",
        "score": 0.9717421531677246
      }
    ]
  },
  {
    "source": "WSJ",
    "title": "Economy Week Ahead: Fed Chair Testifies, U.S. CPI and EU Trade Data",
    "published": "2020-02-09",
    "inference_result": [
      {
        "label": "positive",
        "score": 0.9351853728294373
      }
    ]
  },
  {
    "source": "WSJ",
    "title": "The Fed, 2% Inflation and Ordinary People",
    "published": "2020-02-09",
    "inference_result": [
      {
        "label": "neutral",
        "score": 0.7688589692115784
      }
    ]
  },
  {
    "source": "WSJ",
    "title": "Democratic Hopefuls and the Taxes to Come",
    "published": "2020-02-09",
    "inference_result": [
      {
        "label": "neutral",
        "score": 0.5364058613777161
      }
    ]
  }
]