[
  {
    "source": "WSJ",
    "title": "Political Lobbying on Steel Tariffs",
    "published": "2020-02-19",
    "inference_result": [
      {
        "label": "neutral",
        "score": 0.5371895432472229
      }
    ]
  },
  {
    "source": "WSJ",
    "title": "Fed Minutes Could Shed Light on Inflation Outlook, Reserves Debate; Coronavirus Strains Global Businesses\u2019 Ties With China",
    "published": "2020-02-19",
    "inference_result": [
      {
        "label": "negative",
        "score": 0.7683697938919067
      }
    ]
  },
  {
    "source": "WSJ",
    "title": "Tale of Two Cities: Chicago, New York, and War Zones",
    "published": "2020-02-19",
    "inference_result": [
      {
        "label": "negative",
        "score": 0.9462752342224121
      }
    ]
  },
  {
    "source": "WSJ",
    "title": "Newsletter: Trump Pushes Back Against China Hard-Liners",
    "published": "2020-02-19",
    "inference_result": [
      {
        "label": "neutral",
        "score": 0.941470742225647
      }
    ]
  },
  {
    "source": "WSJ",
    "title": "Without an Independent Watchdog, Who Will Audit the Auditors?",
    "published": "2020-02-19",
    "inference_result": [
      {
        "label": "neutral",
        "score": 0.554478108882904
      }
    ]
  },
  {
    "source": "WSJ",
    "title": "WSJ Wealth Adviser Briefing: Apple Sales Dip, China Global Tax, Married Finance Combo",
    "published": "2020-02-19",
    "inference_result": [
      {
        "label": "neutral",
        "score": 0.9272052049636841
      }
    ]
  },
  {
    "source": "WSJ",
    "title": "The Strategy Behind the Boy Scouts Bankruptcy",
    "published": "2020-02-19",
    "inference_result": [
      {
        "label": "neutral",
        "score": 0.7683407068252563
      }
    ]
  },
  {
    "source": "WSJ",
    "title": "Fed Minutes Could Shed Light on Inflation Outlook, Reserves Debate; Coronavirus Strains Global Businesses\u2019 Ties With China",
    "published": "2020-02-19",
    "inference_result": [
      {
        "label": "negative",
        "score": 0.7683697938919067
      }
    ]
  },
  {
    "source": "WSJ",
    "title": "A Tax-Cut Idea for Trump",
    "published": "2020-02-19",
    "inference_result": [
      {
        "label": "neutral",
        "score": 0.503780722618103
      }
    ]
  },
  {
    "source": "WSJ",
    "title": "IRS Offers Tax-Break Clarity to Accelerate Carbon-Capture Projects",
    "published": "2020-02-19",
    "inference_result": [
      {
        "label": "neutral",
        "score": 0.9246076345443726
      }
    ]
  },
  {
    "source": "WSJ",
    "title": "The U.S.\u2019s Next Trade War? As China Clash Cools, Conflict With India Looms",
    "published": "2020-02-19",
    "inference_result": [
      {
        "label": "positive",
        "score": 0.8763830661773682
      }
    ]
  },
  {
    "source": "WSJ",
    "title": "Tale of Two Cities: Chicago, New York, and War Zones",
    "published": "2020-02-19",
    "inference_result": [
      {
        "label": "negative",
        "score": 0.9462752342224121
      }
    ]
  },
  {
    "source": "WSJ",
    "title": "Newsletter: Trump Pushes Back Against China Hard-Liners",
    "published": "2020-02-19",
    "inference_result": [
      {
        "label": "neutral",
        "score": 0.941470742225647
      }
    ]
  }
]