[
  {
    "source": "WSJ",
    "title": "Coronavirus Epidemic Exacerbates Metals Glut",
    "published": "2020-03-08",
    "inference_result": [
      {
        "label": "positive",
        "score": 0.9386951327323914
      }
    ]
  },
  {
    "source": "WSJ",
    "title": "Bull Market Faces Tough Test as It Turns 11",
    "published": "2020-03-08",
    "inference_result": [
      {
        "label": "neutral",
        "score": 0.561104953289032
      }
    ]
  },
  {
    "source": "WSJ",
    "title": "A Nasdaq \u2018Covered Call\u2019 ETF Grows",
    "published": "2020-03-08",
    "inference_result": [
      {
        "label": "positive",
        "score": 0.5875921845436096
      }
    ]
  },
  {
    "source": "WSJ",
    "title": "Companies That Got Out of China Before Coronavirus Are Still Tangled in Its Supply Chains",
    "published": "2020-03-08",
    "inference_result": [
      {
        "label": "negative",
        "score": 0.9324284791946411
      }
    ]
  },
  {
    "source": "WSJ",
    "title": "Credit Suisse Returns to European ETFs",
    "published": "2020-03-08",
    "inference_result": [
      {
        "label": "neutral",
        "score": 0.8549337387084961
      }
    ]
  },
  {
    "source": "WSJ",
    "title": "In Their Own Words With Deloitte\u2019s Emily Mossburg",
    "published": "2020-03-08",
    "inference_result": [
      {
        "label": "neutral",
        "score": 0.8695756793022156
      }
    ]
  },
  {
    "source": "WSJ",
    "title": "Federal Agencies Prepare for Coronavirus Disruptions",
    "published": "2020-03-08",
    "inference_result": [
      {
        "label": "neutral",
        "score": 0.6344981789588928
      }
    ]
  },
  {
    "source": "WSJ",
    "title": "\u2018The Idealist\u2019 Review: Wings Over \u2018One World\u2019",
    "published": "2020-03-08",
    "inference_result": [
      {
        "label": "neutral",
        "score": 0.7997968196868896
      }
    ]
  },
  {
    "source": "WSJ",
    "title": "A Nasdaq \u2018Covered Call\u2019 ETF Grows",
    "published": "2020-03-08",
    "inference_result": [
      {
        "label": "positive",
        "score": 0.5875921845436096
      }
    ]
  },
  {
    "source": "WSJ",
    "title": "Bull Market Faces Tough Test as It Turns 11",
    "published": "2020-03-08",
    "inference_result": [
      {
        "label": "neutral",
        "score": 0.561104953289032
      }
    ]
  }
]