[
  {
    "source": "WSJ",
    "title": "Pain in the Oil Patch",
    "published": "2020-03-31",
    "inference_result": [
      {
        "label": "negative",
        "score": 0.6039411425590515
      }
    ]
  },
  {
    "source": "WSJ",
    "title": "Pain in the Oil Patch",
    "published": "2020-03-31",
    "inference_result": [
      {
        "label": "negative",
        "score": 0.6039411425590515
      }
    ]
  },
  {
    "source": "WSJ",
    "title": "Business Aviation Is Sound, but Needs Help",
    "published": "2020-03-31",
    "inference_result": [
      {
        "label": "negative",
        "score": 0.6843447089195251
      }
    ]
  },
  {
    "source": "WSJ",
    "title": "Pelosi Pitches a Blue-State Bailout",
    "published": "2020-03-31",
    "inference_result": [
      {
        "label": "neutral",
        "score": 0.555794894695282
      }
    ]
  }
]