[
  {
    "source": "WSJ",
    "title": "Ecuador Wants U.S. to Eliminate Tariffs on Its Key Exports",
    "published": "2020-02-13",
    "inference_result": [
      {
        "label": "positive",
        "score": 0.8336024284362793
      }
    ]
  },
  {
    "source": "WSJ",
    "title": "Newsletter: Coronavirus Hits Global Oil Demand",
    "published": "2020-02-13",
    "inference_result": [
      {
        "label": "neutral",
        "score": 0.941470742225647
      }
    ]
  },
  {
    "source": "WSJ",
    "title": "VC Daily: Charter Flight Startups Tie-Up; Coronavirus Concerns; Essential Shutdown; SoftBank Reports",
    "published": "2020-02-13",
    "inference_result": [
      {
        "label": "negative",
        "score": 0.8996906876564026
      }
    ]
  },
  {
    "source": "WSJ",
    "title": "War Powers Irresolution",
    "published": "2020-02-13",
    "inference_result": [
      {
        "label": "negative",
        "score": 0.5171283483505249
      }
    ]
  },
  {
    "source": "WSJ",
    "title": "Venezuelan Boys\u2019 Desperate Rabbit Hunt Ends in Tragedy",
    "published": "2020-02-13",
    "inference_result": [
      {
        "label": "negative",
        "score": 0.8671551942825317
      }
    ]
  },
  {
    "source": "WSJ",
    "title": "Compared With Boeing, Even Airbus\u2019s Year Looks Smooth",
    "published": "2020-02-13",
    "inference_result": [
      {
        "label": "negative",
        "score": 0.879423975944519
      }
    ]
  },
  {
    "source": "WSJ",
    "title": "VC Daily: Charter Flight Startups Tie-Up; Coronavirus Concerns; Essential Shutdown; SoftBank Reports",
    "published": "2020-02-13",
    "inference_result": [
      {
        "label": "negative",
        "score": 0.8996906876564026
      }
    ]
  },
  {
    "source": "WSJ",
    "title": "Yeti Sales Surge on Demand for Pricey Drinkware",
    "published": "2020-02-13",
    "inference_result": [
      {
        "label": "negative",
        "score": 0.8289852738380432
      }
    ]
  },
  {
    "source": "WSJ",
    "title": "Why the Economics Establishment Hates Judy Shelton",
    "published": "2020-02-13",
    "inference_result": [
      {
        "label": "negative",
        "score": 0.9672725200653076
      }
    ]
  },
  {
    "source": "WSJ",
    "title": "Slow and Steady Nestl\u00e9 Can Still Win the Race",
    "published": "2020-02-13",
    "inference_result": [
      {
        "label": "positive",
        "score": 0.8587527871131897
      }
    ]
  },
  {
    "source": "WSJ",
    "title": "When It Makes Sense to Review Your Will",
    "published": "2020-02-13",
    "inference_result": [
      {
        "label": "neutral",
        "score": 0.9334046244621277
      }
    ]
  },
  {
    "source": "WSJ",
    "title": "A Deeper Dive Into New Rules for Retirement Plans",
    "published": "2020-02-13",
    "inference_result": [
      {
        "label": "neutral",
        "score": 0.8988124132156372
      }
    ]
  },
  {
    "source": "WSJ",
    "title": "After Amazon Deal, New York Lawmakers Reconsider Incentive Programs",
    "published": "2020-02-13",
    "inference_result": [
      {
        "label": "neutral",
        "score": 0.5301770567893982
      }
    ]
  },
  {
    "source": "WSJ",
    "title": "BlackRock Cashes Out Crisis Bet to Expand Charitable Arm",
    "published": "2020-02-13",
    "inference_result": [
      {
        "label": "neutral",
        "score": 0.8935601711273193
      }
    ]
  },
  {
    "source": "WSJ",
    "title": "Why the Economics Establishment Hates Judy Shelton",
    "published": "2020-02-13",
    "inference_result": [
      {
        "label": "negative",
        "score": 0.9672725200653076
      }
    ]
  },
  {
    "source": "WSJ",
    "title": "War Powers Irresolution",
    "published": "2020-02-13",
    "inference_result": [
      {
        "label": "negative",
        "score": 0.5171283483505249
      }
    ]
  }
]