[
  {
    "source": "WSJ",
    "title": "U.S. Plans to Stop Collecting Import Tariffs for Three Months, Officials Say",
    "published": "2020-03-27",
    "inference_result": [
      {
        "label": "positive",
        "score": 0.725130558013916
      }
    ]
  },
  {
    "source": "WSJ",
    "title": "WSJ Wealth Adviser Briefing: Junk Bonds, Market Meltdown, Exercise Routine",
    "published": "2020-03-27",
    "inference_result": [
      {
        "label": "neutral",
        "score": 0.9272052049636841
      }
    ]
  },
  {
    "source": "WSJ",
    "title": "Whiting Petroleum Adopts Poison Pill to Protect Potential Tax Breaks",
    "published": "2020-03-27",
    "inference_result": [
      {
        "label": "positive",
        "score": 0.8603336215019226
      }
    ]
  },
  {
    "source": "WSJ",
    "title": "Dear Noted: Answering your questions, big and small, in the coronavirus era",
    "published": "2020-03-27",
    "inference_result": [
      {
        "label": "negative",
        "score": 0.6672921776771545
      }
    ]
  },
  {
    "source": "WSJ",
    "title": "U.S. Plans to Stop Collecting Import Tariffs for Three Months, Officials Say",
    "published": "2020-03-27",
    "inference_result": [
      {
        "label": "positive",
        "score": 0.725130558013916
      }
    ]
  },
  {
    "source": "WSJ",
    "title": "How I Learned to Stop Worrying and Love the Bear Market",
    "published": "2020-03-27",
    "inference_result": [
      {
        "label": "negative",
        "score": 0.5702281594276428
      }
    ]
  }
]