[
  {
    "source": "WSJ",
    "title": "Apple Supplier Foxconn Expects Coronavirus-Hit Labor Shortage in China to Ease",
    "published": "2020-03-03",
    "inference_result": [
      {
        "label": "negative",
        "score": 0.9047194719314575
      }
    ]
  },
  {
    "source": "WSJ",
    "title": "A Misplaced Faith in the Power of Central Banks",
    "published": "2020-03-03",
    "inference_result": [
      {
        "label": "neutral",
        "score": 0.5031296610832214
      }
    ]
  },
  {
    "source": "WSJ",
    "title": "Australia Cuts Interest Rates as World\u2019s Central Banks Weigh a Response to Coronavirus",
    "published": "2020-03-03",
    "inference_result": [
      {
        "label": "negative",
        "score": 0.9514607787132263
      }
    ]
  },
  {
    "source": "WSJ",
    "title": "Newsletter: Investors Await Fresh Round of Rate Cuts",
    "published": "2020-03-03",
    "inference_result": [
      {
        "label": "neutral",
        "score": 0.941470742225647
      }
    ]
  },
  {
    "source": "WSJ",
    "title": "This Time, Trade Slowdown May Hurt for Banks",
    "published": "2020-03-03",
    "inference_result": [
      {
        "label": "neutral",
        "score": 0.8879609704017639
      }
    ]
  },
  {
    "source": "WSJ",
    "title": "Apple Supplier Foxconn Expects Coronavirus-Hit Labor Shortage in China to Ease",
    "published": "2020-03-03",
    "inference_result": [
      {
        "label": "negative",
        "score": 0.9047194719314575
      }
    ]
  },
  {
    "source": "WSJ",
    "title": "For Growing Numbers of Struggling U.S. Cities, the Downturn Has Arrived",
    "published": "2020-03-03",
    "inference_result": [
      {
        "label": "negative",
        "score": 0.9299911856651306
      }
    ]
  },
  {
    "source": "WSJ",
    "title": "City Halts Court Order to Chop Much of West-Side Condo Tower",
    "published": "2020-03-03",
    "inference_result": [
      {
        "label": "negative",
        "score": 0.5622466802597046
      }
    ]
  },
  {
    "source": "WSJ",
    "title": "VC Daily: Venture Group Opposes Options Tax; Xilio Gets $100 Million to Target Cancer; Waymo Gets Outside Funds",
    "published": "2020-03-03",
    "inference_result": [
      {
        "label": "neutral",
        "score": 0.8568935394287109
      }
    ]
  },
  {
    "source": "WSJ",
    "title": "Firm Retention Summary: Pier 1 Imports Inc.",
    "published": "2020-03-03",
    "inference_result": [
      {
        "label": "neutral",
        "score": 0.951514720916748
      }
    ]
  },
  {
    "source": "WSJ",
    "title": "Australia Cuts Interest Rates as World\u2019s Central Banks Weigh a Response to Coronavirus",
    "published": "2020-03-03",
    "inference_result": [
      {
        "label": "negative",
        "score": 0.9514607787132263
      }
    ]
  },
  {
    "source": "WSJ",
    "title": "Newsletter: Investors Await Fresh Round of Rate Cuts",
    "published": "2020-03-03",
    "inference_result": [
      {
        "label": "neutral",
        "score": 0.941470742225647
      }
    ]
  }
]