[
  {
    "source": "WSJ",
    "title": "\u2018Horace Greeley\u2019 Review: The National Newsman",
    "published": "2020-01-10",
    "inference_result": [
      {
        "label": "neutral",
        "score": 0.8023331165313721
      }
    ]
  },
  {
    "source": "WSJ",
    "title": "Fed Officials Back Continued Rate Pause; Mild Recession Could Drop Treasury Yields to Zero; Poloz Sees Permanent Trade Tension Damage",
    "published": "2020-01-10",
    "inference_result": [
      {
        "label": "negative",
        "score": 0.9332911968231201
      }
    ]
  },
  {
    "source": "WSJ",
    "title": "WSJ Wealth Adviser Briefing: Big Oil Writedowns, New ETFs Fight, Wine World Losses",
    "published": "2020-01-10",
    "inference_result": [
      {
        "label": "neutral",
        "score": 0.9272052049636841
      }
    ]
  },
  {
    "source": "WSJ",
    "title": "The Job Market\u2019s Manufactured Weakness",
    "published": "2020-01-10",
    "inference_result": [
      {
        "label": "negative",
        "score": 0.9570587873458862
      }
    ]
  },
  {
    "source": "WSJ",
    "title": "The Economy\u2019s Inequality Dividend",
    "published": "2020-01-10",
    "inference_result": [
      {
        "label": "negative",
        "score": 0.6793364882469177
      }
    ]
  },
  {
    "source": "WSJ",
    "title": "Are We Ready for Joe Biden as Commander in Chief?",
    "published": "2020-01-10",
    "inference_result": [
      {
        "label": "neutral",
        "score": 0.8246503472328186
      }
    ]
  },
  {
    "source": "WSJ",
    "title": "Fed Officials Back Continued Rate Pause; Mild Recession Could Drop Treasury Yields to Zero; Poloz Sees Permanent Trade Tension Damage",
    "published": "2020-01-10",
    "inference_result": [
      {
        "label": "negative",
        "score": 0.9332911968231201
      }
    ]
  },
  {
    "source": "WSJ",
    "title": "The Economy\u2019s Inequality Dividend",
    "published": "2020-01-10",
    "inference_result": [
      {
        "label": "negative",
        "score": 0.6793364882469177
      }
    ]
  },
  {
    "source": "WSJ",
    "title": "\u2018Horace Greeley\u2019 Review: The National Newsman",
    "published": "2020-01-10",
    "inference_result": [
      {
        "label": "neutral",
        "score": 0.8023331165313721
      }
    ]
  },
  {
    "source": "WSJ",
    "title": "Taiwan\u2019s Hong Kong Election",
    "published": "2020-01-10",
    "inference_result": [
      {
        "label": "negative",
        "score": 0.9139326214790344
      }
    ]
  },
  {
    "source": "WSJ",
    "title": "Trump\u2019s Tax Reform Is Helping Most People",
    "published": "2020-01-10",
    "inference_result": [
      {
        "label": "positive",
        "score": 0.7299692034721375
      }
    ]
  },
  {
    "source": "WSJ",
    "title": "\u2018A New World Begins\u2019 Review: Cake for the Commoner",
    "published": "2020-01-10",
    "inference_result": [
      {
        "label": "negative",
        "score": 0.577398419380188
      }
    ]
  },
  {
    "source": "WSJ",
    "title": "Cyber War May Intensify And We Should Be Prepared",
    "published": "2020-01-10",
    "inference_result": [
      {
        "label": "negative",
        "score": 0.6247777342796326
      }
    ]
  },
  {
    "source": "WSJ",
    "title": "A War Powers Act",
    "published": "2020-01-10",
    "inference_result": [
      {
        "label": "neutral",
        "score": 0.6862617135047913
      }
    ]
  },
  {
    "source": "WSJ",
    "title": "Are We Ready for Joe Biden as Commander in Chief?",
    "published": "2020-01-10",
    "inference_result": [
      {
        "label": "neutral",
        "score": 0.8246503472328186
      }
    ]
  },
  {
    "source": "WSJ",
    "title": "Saving Democracy From the Managerial Elite",
    "published": "2020-01-10",
    "inference_result": [
      {
        "label": "neutral",
        "score": 0.7965850830078125
      }
    ]
  }
]