[
  {
    "source": "WSJ",
    "title": "What\u2019s News: Business & Finance",
    "published": "2020-02-15",
    "inference_result": [
      {
        "label": "neutral",
        "score": 0.951514720916748
      }
    ]
  },
  {
    "source": "WSJ",
    "title": "Trump Administration to Raise Tariffs on EU Aircraft",
    "published": "2020-02-15",
    "inference_result": [
      {
        "label": "neutral",
        "score": 0.5570290684700012
      }
    ]
  },
  {
    "source": "WSJ",
    "title": "Emerging and Growth Markets, February 15th 2020",
    "published": "2020-02-15",
    "inference_result": [
      {
        "label": "neutral",
        "score": 0.9486377239227295
      }
    ]
  },
  {
    "source": "WSJ",
    "title": "Selling Frozen Dumplings, Cutting Pay: Chinese Businesses Struggle to Survive Coronavirus",
    "published": "2020-02-15",
    "inference_result": [
      {
        "label": "negative",
        "score": 0.9664566516876221
      }
    ]
  }
]