[
  {
    "source": "WSJ",
    "title": "The Virus and the Economy",
    "published": "2020-02-29",
    "inference_result": [
      {
        "label": "positive",
        "score": 0.6370070576667786
      }
    ]
  },
  {
    "source": "WSJ",
    "title": "Stocks Suffer Biggest Weekly Losses Since 2008",
    "published": "2020-02-29",
    "inference_result": [
      {
        "label": "negative",
        "score": 0.9519227743148804
      }
    ]
  },
  {
    "source": "WSJ",
    "title": "China Purchasing Indexes Drop to Record Lows as Epidemic Stalls Output",
    "published": "2020-02-29",
    "inference_result": [
      {
        "label": "negative",
        "score": 0.9697443842887878
      }
    ]
  },
  {
    "source": "WSJ",
    "title": "Health Care Stocks Aren\u2019t Alone in Getting a Coronavirus Boost",
    "published": "2020-02-29",
    "inference_result": [
      {
        "label": "positive",
        "score": 0.9505147337913513
      }
    ]
  }
]