[
  {
    "source": "WSJ",
    "title": "China\u2019s Factories Struggle to Resume Operations After Virus Shutdown",
    "published": "2020-02-08",
    "inference_result": [
      {
        "label": "negative",
        "score": 0.9545093178749084
      }
    ]
  },
  {
    "source": "WSJ",
    "title": "China\u2019s Factories Struggle to Resume Operations After Virus Shutdown",
    "published": "2020-02-08",
    "inference_result": [
      {
        "label": "negative",
        "score": 0.9545093178749084
      }
    ]
  },
  {
    "source": "WSJ",
    "title": "Facebook and IRS Prepare for $9 Billion U.S. Tax Court Fight",
    "published": "2020-02-08",
    "inference_result": [
      {
        "label": "negative",
        "score": 0.8957669138908386
      }
    ]
  }
]