[
  {
    "source": "WSJ",
    "title": "Oil Prices Surge After U.S. Strike Kills Iranian Military Leader",
    "published": "2020-01-03",
    "inference_result": [
      {
        "label": "negative",
        "score": 0.9465702772140503
      }
    ]
  },
  {
    "source": "WSJ",
    "title": "Fed Minutes Show Comfort With Prolonged Pause on Rates",
    "published": "2020-01-03",
    "inference_result": [
      {
        "label": "negative",
        "score": 0.859228789806366
      }
    ]
  },
  {
    "source": "WSJ",
    "title": "Car Sales Boom Hit the Brakes in 2019",
    "published": "2020-01-03",
    "inference_result": [
      {
        "label": "negative",
        "score": 0.9642176628112793
      }
    ]
  },
  {
    "source": "WSJ",
    "title": "Tesla Faces Fresh Challenges After Hitting 2019 Delivery Goal",
    "published": "2020-01-03",
    "inference_result": [
      {
        "label": "positive",
        "score": 0.8670486211776733
      }
    ]
  },
  {
    "source": "WSJ",
    "title": "Mayor Pete\u2019s Stealth Health Mandate",
    "published": "2020-01-03",
    "inference_result": [
      {
        "label": "neutral",
        "score": 0.915585994720459
      }
    ]
  }
]