[
  {
    "source": "WSJ",
    "title": "China\u2019s Exports Plunge Amid Coronavirus Epidemic",
    "published": "2020-03-07",
    "inference_result": [
      {
        "label": "negative",
        "score": 0.9747704267501831
      }
    ]
  },
  {
    "source": "WSJ",
    "title": "China\u2019s Exports Plunge Amid Coronavirus Epidemic",
    "published": "2020-03-07",
    "inference_result": [
      {
        "label": "negative",
        "score": 0.9747704267501831
      }
    ]
  },
  {
    "source": "WSJ",
    "title": "Social Distancing Is New Coronavirus Buzz Phrase. Does It Work?",
    "published": "2020-03-07",
    "inference_result": [
      {
        "label": "neutral",
        "score": 0.851431131362915
      }
    ]
  }
]