[
  {
    "source": "WSJ",
    "title": "Avian Influenza in China Adds to Economic Concerns Amid Coronavirus Spread",
    "published": "2020-02-01",
    "inference_result": [
      {
        "label": "positive",
        "score": 0.4959215819835663
      }
    ]
  },
  {
    "source": "WSJ",
    "title": "Democrats Play Game of Expectations Ahead of Iowa Vote",
    "published": "2020-02-01",
    "inference_result": [
      {
        "label": "positive",
        "score": 0.9377695918083191
      }
    ]
  },
  {
    "source": "WSJ",
    "title": "Bloomberg Offers Trillions in Tax Increases to Pay for His Agenda",
    "published": "2020-02-01",
    "inference_result": [
      {
        "label": "neutral",
        "score": 0.8356866836547852
      }
    ]
  }
]