[
  {
    "source": "WSJ",
    "title": "The 2019 Growth Slowdown",
    "published": "2020-01-31",
    "inference_result": [
      {
        "label": "negative",
        "score": 0.9708970785140991
      }
    ]
  },
  {
    "source": "WSJ",
    "title": "Fed Framework Review Clouds Rate Outlook; More Yield-Curve Signals; BOE Holds Steady on Eve of Brexit",
    "published": "2020-01-31",
    "inference_result": [
      {
        "label": "negative",
        "score": 0.6892334222793579
      }
    ]
  },
  {
    "source": "WSJ",
    "title": "Fed Framework Review Clouds Rate Outlook; More Yield-Curve Signals; BOE Holds Steady on Eve of Brexit",
    "published": "2020-01-31",
    "inference_result": [
      {
        "label": "negative",
        "score": 0.6892334222793579
      }
    ]
  },
  {
    "source": "WSJ",
    "title": "The Daily Shot: U.S. Buying Climate Index Hits Record High",
    "published": "2020-01-31",
    "inference_result": [
      {
        "label": "neutral",
        "score": 0.9467915296554565
      }
    ]
  },
  {
    "source": "WSJ",
    "title": "Chicago\u2019s Puerto Rican Bonds",
    "published": "2020-01-31",
    "inference_result": [
      {
        "label": "neutral",
        "score": 0.9295560121536255
      }
    ]
  },
  {
    "source": "WSJ",
    "title": "Tax Advice for Harry, Meghan and Any Other Royals Looking to Relocate",
    "published": "2020-01-31",
    "inference_result": [
      {
        "label": "neutral",
        "score": 0.9149571657180786
      }
    ]
  },
  {
    "source": "WSJ",
    "title": "U.S. Plan for Opt-In Tech Tax Meets Opposition",
    "published": "2020-01-31",
    "inference_result": [
      {
        "label": "negative",
        "score": 0.9427581429481506
      }
    ]
  },
  {
    "source": "WSJ",
    "title": "Capital Income Taxation With Housing",
    "published": "2020-01-31",
    "inference_result": [
      {
        "label": "neutral",
        "score": 0.712207019329071
      }
    ]
  },
  {
    "source": "WSJ",
    "title": "The 2019 Growth Slowdown",
    "published": "2020-01-31",
    "inference_result": [
      {
        "label": "negative",
        "score": 0.9708970785140991
      }
    ]
  },
  {
    "source": "WSJ",
    "title": "WSJ Wealth Adviser Briefing: Emerging Market Stress, Retirement Paycheck Comeback, Weight Loss Math",
    "published": "2020-01-31",
    "inference_result": [
      {
        "label": "neutral",
        "score": 0.9272052049636841
      }
    ]
  },
  {
    "source": "WSJ",
    "title": "Reviving Syria\u2019s Economy Is an Uphill Battle for Assad After Years of War",
    "published": "2020-01-31",
    "inference_result": [
      {
        "label": "negative",
        "score": 0.9331141710281372
      }
    ]
  }
]