[
  {
    "source": "WSJ",
    "title": "Can Solar Power Compete With Coal? In India, It\u2019s Gaining Ground",
    "published": "2020-02-17",
    "inference_result": [
      {
        "label": "positive",
        "score": 0.8095901608467102
      }
    ]
  },
  {
    "source": "WSJ",
    "title": "Europeans Try to Have It Both Ways",
    "published": "2020-02-17",
    "inference_result": [
      {
        "label": "neutral",
        "score": 0.7588211297988892
      }
    ]
  },
  {
    "source": "WSJ",
    "title": "Coronavirus Outbreak Sets Back China\u2019s Biggest Political Assembly",
    "published": "2020-02-17",
    "inference_result": [
      {
        "label": "negative",
        "score": 0.6618319749832153
      }
    ]
  },
  {
    "source": "WSJ",
    "title": "Can Solar Power Compete With Coal? In India, It\u2019s Gaining Ground",
    "published": "2020-02-17",
    "inference_result": [
      {
        "label": "positive",
        "score": 0.8095901608467102
      }
    ]
  },
  {
    "source": "WSJ",
    "title": "Sanders, Bloomberg Offer Differing Theories of Democratic Desires",
    "published": "2020-02-17",
    "inference_result": [
      {
        "label": "neutral",
        "score": 0.8955153822898865
      }
    ]
  },
  {
    "source": "WSJ",
    "title": "Japan\u2019s VAT Blunder",
    "published": "2020-02-17",
    "inference_result": [
      {
        "label": "positive",
        "score": 0.8299176692962646
      }
    ]
  },
  {
    "source": "WSJ",
    "title": "Pier 1 Imports Files for Chapter 11 Bankruptcy",
    "published": "2020-02-17",
    "inference_result": [
      {
        "label": "neutral",
        "score": 0.867955207824707
      }
    ]
  },
  {
    "source": "WSJ",
    "title": "Japan\u2019s Economy Shrinks 6.3% as Sales-Tax Increase Cools Consumption",
    "published": "2020-02-17",
    "inference_result": [
      {
        "label": "negative",
        "score": 0.6196010708808899
      }
    ]
  },
  {
    "source": "WSJ",
    "title": "Japan\u2019s Third Sales-Tax Blunder Must Be Its Final Mistake",
    "published": "2020-02-17",
    "inference_result": [
      {
        "label": "negative",
        "score": 0.9712850451469421
      }
    ]
  },
  {
    "source": "WSJ",
    "title": "Dubai to Delist Global Port Operator DP World",
    "published": "2020-02-17",
    "inference_result": [
      {
        "label": "negative",
        "score": 0.8408593535423279
      }
    ]
  },
  {
    "source": "WSJ",
    "title": "Coronavirus Outbreak Sets Back China\u2019s Biggest Political Assembly",
    "published": "2020-02-17",
    "inference_result": [
      {
        "label": "negative",
        "score": 0.6618319749832153
      }
    ]
  }
]