[
  {
    "source": "WSJ",
    "title": "News Publishers Urge China to Allow Reporters to Remain During Coronavirus Pandemic",
    "published": "2020-03-24",
    "inference_result": [
      {
        "label": "negative",
        "score": 0.6413174271583557
      }
    ]
  },
  {
    "source": "WSJ",
    "title": "Coronavirus Could Cut New York State Revenue by Up to $15 Billion, Cuomo Aide Warns",
    "published": "2020-03-24",
    "inference_result": [
      {
        "label": "negative",
        "score": 0.9731411337852478
      }
    ]
  },
  {
    "source": "WSJ",
    "title": "CVS Health CEO Says Supply of Pharmaceuticals Remains Steady",
    "published": "2020-03-24",
    "inference_result": [
      {
        "label": "negative",
        "score": 0.8823117613792419
      }
    ]
  },
  {
    "source": "WSJ",
    "title": "Coronavirus Stimulus Should Bar Stock Buybacks",
    "published": "2020-03-24",
    "inference_result": [
      {
        "label": "negative",
        "score": 0.9532977938652039
      }
    ]
  },
  {
    "source": "WSJ",
    "title": "Coronavirus-Hit Companies Would Get Cash Infusion Under Senate Tax Proposals",
    "published": "2020-03-24",
    "inference_result": [
      {
        "label": "negative",
        "score": 0.9565140604972839
      }
    ]
  },
  {
    "source": "WSJ",
    "title": "News Publishers Urge China to Allow Reporters to Remain During Coronavirus Pandemic",
    "published": "2020-03-24",
    "inference_result": [
      {
        "label": "negative",
        "score": 0.6413174271583557
      }
    ]
  }
]