[
  {
    "source": "WSJ",
    "title": "What the G-20 Can Do About Coronavirus",
    "published": "2020-03-29",
    "inference_result": [
      {
        "label": "neutral",
        "score": 0.8662819862365723
      }
    ]
  },
  {
    "source": "WSJ",
    "title": "\u2018The Sum of the People\u2019 Review: Power in Numbers",
    "published": "2020-03-29",
    "inference_result": [
      {
        "label": "negative",
        "score": 0.5395593047142029
      }
    ]
  },
  {
    "source": "WSJ",
    "title": "These Events Forced the New York Stock Exchange to Close",
    "published": "2020-03-29",
    "inference_result": [
      {
        "label": "neutral",
        "score": 0.8527275919914246
      }
    ]
  }
]