[
  {
    "source": "WSJ",
    "title": "How Far Should Americans Go to Stop Coronavirus?",
    "published": "2020-03-09",
    "inference_result": [
      {
        "label": "negative",
        "score": 0.9172818064689636
      }
    ]
  },
  {
    "source": "WSJ",
    "title": "How Far Should Americans Go to Stop Coronavirus?",
    "published": "2020-03-09",
    "inference_result": [
      {
        "label": "negative",
        "score": 0.9172818064689636
      }
    ]
  },
  {
    "source": "WSJ",
    "title": "Art Van Furniture, PureSleep Operator Files for Bankruptcy to Close Stores",
    "published": "2020-03-09",
    "inference_result": [
      {
        "label": "neutral",
        "score": 0.723450779914856
      }
    ]
  },
  {
    "source": "WSJ",
    "title": "Virus Clouds China\u2019s Prospects to Meet U.S. Trade Commitments",
    "published": "2020-03-09",
    "inference_result": [
      {
        "label": "negative",
        "score": 0.9650254249572754
      }
    ]
  },
  {
    "source": "WSJ",
    "title": "U.S. Chip Industry Fears Long-Term Damage From China Trade Fight",
    "published": "2020-03-09",
    "inference_result": [
      {
        "label": "negative",
        "score": 0.923223078250885
      }
    ]
  },
  {
    "source": "WSJ",
    "title": "U.S. Chip Industry Fears Long-Term Damage From China Trade Fight",
    "published": "2020-03-09",
    "inference_result": [
      {
        "label": "negative",
        "score": 0.923223078250885
      }
    ]
  },
  {
    "source": "WSJ",
    "title": "How Far Should Americans Go to Stop Coronavirus?",
    "published": "2020-03-09",
    "inference_result": [
      {
        "label": "negative",
        "score": 0.9172818064689636
      }
    ]
  },
  {
    "source": "WSJ",
    "title": "Ahead of Critical Michigan Primary, Democrats Look to Governor for Winning Formula",
    "published": "2020-03-09",
    "inference_result": [
      {
        "label": "positive",
        "score": 0.9014064073562622
      }
    ]
  },
  {
    "source": "WSJ",
    "title": "Trump to Propose Steps to Ease Economic Fallout From Coronavirus",
    "published": "2020-03-09",
    "inference_result": [
      {
        "label": "positive",
        "score": 0.686318576335907
      }
    ]
  },
  {
    "source": "WSJ",
    "title": "How Far Should Americans Go to Stop Coronavirus?",
    "published": "2020-03-09",
    "inference_result": [
      {
        "label": "negative",
        "score": 0.9172818064689636
      }
    ]
  }
]