[
  {
    "source": "WSJ",
    "title": "Harley CEO Levatich Steps Down",
    "published": "2020-02-28",
    "inference_result": [
      {
        "label": "negative",
        "score": 0.9742014408111572
      }
    ]
  },
  {
    "source": "WSJ",
    "title": "Widespread Coronavirus Cases Could Tax U.S. Hospitals",
    "published": "2020-02-28",
    "inference_result": [
      {
        "label": "negative",
        "score": 0.9695867896080017
      }
    ]
  },
  {
    "source": "WSJ",
    "title": "Accountant Pleads Guilty Ahead of Trial in Panama Papers Case",
    "published": "2020-02-28",
    "inference_result": [
      {
        "label": "negative",
        "score": 0.65589439868927
      }
    ]
  },
  {
    "source": "WSJ",
    "title": "Riverside Seeks $150 Million to Supplement Add-On Deals for 2016 Fund",
    "published": "2020-02-28",
    "inference_result": [
      {
        "label": "neutral",
        "score": 0.5917582511901855
      }
    ]
  },
  {
    "source": "WSJ",
    "title": "Bond Bulls Have Time in the Sun, While Fed Put Gets Roughed Up",
    "published": "2020-02-28",
    "inference_result": [
      {
        "label": "negative",
        "score": 0.7628458738327026
      }
    ]
  }
]