[
  {
    "source": "WSJ",
    "title": "Newsletter: Why It\u2019s the Perfect Time for Governments to Splurge",
    "published": "2020-03-04",
    "inference_result": [
      {
        "label": "neutral",
        "score": 0.941470742225647
      }
    ]
  },
  {
    "source": "WSJ",
    "title": "Elliott Reaches Truce in Long Battle Over Hong Kong Bank",
    "published": "2020-03-04",
    "inference_result": [
      {
        "label": "positive",
        "score": 0.9346546530723572
      }
    ]
  },
  {
    "source": "WSJ",
    "title": "The Coronavirus \u2018Stimulus\u2019",
    "published": "2020-03-04",
    "inference_result": [
      {
        "label": "negative",
        "score": 0.7183501124382019
      }
    ]
  },
  {
    "source": "WSJ",
    "title": "New York Condo Developers Have 31,000 Reasons to Smile",
    "published": "2020-03-04",
    "inference_result": [
      {
        "label": "neutral",
        "score": 0.9091004729270935
      }
    ]
  },
  {
    "source": "WSJ",
    "title": "Fed Rate Cut Puts ECB in Hot Seat",
    "published": "2020-03-04",
    "inference_result": [
      {
        "label": "negative",
        "score": 0.9227376580238342
      }
    ]
  },
  {
    "source": "WSJ",
    "title": "Elliott Reaches Truce in Long Battle Over Hong Kong Bank",
    "published": "2020-03-04",
    "inference_result": [
      {
        "label": "positive",
        "score": 0.9346546530723572
      }
    ]
  },
  {
    "source": "WSJ",
    "title": "Newsletter: Why It\u2019s the Perfect Time for Governments to Splurge",
    "published": "2020-03-04",
    "inference_result": [
      {
        "label": "neutral",
        "score": 0.941470742225647
      }
    ]
  }
]