[
  {
    "source": "WSJ",
    "title": "What\u2019s News: World-Wide",
    "published": "2020-03-28",
    "inference_result": [
      {
        "label": "neutral",
        "score": 0.951514720916748
      }
    ]
  },
  {
    "source": "WSJ",
    "title": "Trump Decides Against Quarantine for New York, New Jersey, Connecticut",
    "published": "2020-03-28",
    "inference_result": [
      {
        "label": "positive",
        "score": 0.6930447220802307
      }
    ]
  },
  {
    "source": "WSJ",
    "title": "Trump Decides Against Quarantine for New York, New Jersey, Connecticut",
    "published": "2020-03-28",
    "inference_result": [
      {
        "label": "positive",
        "score": 0.6930447220802307
      }
    ]
  },
  {
    "source": "WSJ",
    "title": "More States Charge Fees for Electric Vehicles",
    "published": "2020-03-28",
    "inference_result": [
      {
        "label": "negative",
        "score": 0.6781672835350037
      }
    ]
  },
  {
    "source": "WSJ",
    "title": "Who\u2019s Left Out of Coronavirus Stimulus Payments? Many College Students, Adult Dependents",
    "published": "2020-03-28",
    "inference_result": [
      {
        "label": "neutral",
        "score": 0.9196224808692932
      }
    ]
  },
  {
    "source": "WSJ",
    "title": "Watch This Corner of the Mortgage Market Closely",
    "published": "2020-03-28",
    "inference_result": [
      {
        "label": "neutral",
        "score": 0.8573505878448486
      }
    ]
  },
  {
    "source": "WSJ",
    "title": "Thomas Allen Coburn",
    "published": "2020-03-28",
    "inference_result": [
      {
        "label": "neutral",
        "score": 0.9129807949066162
      }
    ]
  },
  {
    "source": "WSJ",
    "title": "\u2018This is War\u2019: President\u2019s Equipment Czar to Use Full Powers to Fight Coronavirus",
    "published": "2020-03-28",
    "inference_result": [
      {
        "label": "neutral",
        "score": 0.55568528175354
      }
    ]
  }
]