[
  {
    "source": "WSJ",
    "title": "Trump Campaign Talks Up Trade Deals as \u2018Promises Kept,\u2019 but Uncertainty Over China Lingers",
    "published": "2020-01-19",
    "inference_result": [
      {
        "label": "negative",
        "score": 0.923175036907196
      }
    ]
  },
  {
    "source": "WSJ",
    "title": "Scottish Town Lands on Front Line of U.S. Trade Dispute",
    "published": "2020-01-19",
    "inference_result": [
      {
        "label": "neutral",
        "score": 0.5854558944702148
      }
    ]
  },
  {
    "source": "WSJ",
    "title": "What \u2018America First\u2019 Means Under Trump Is Coming Into Focus",
    "published": "2020-01-19",
    "inference_result": [
      {
        "label": "negative",
        "score": 0.5411247611045837
      }
    ]
  },
  {
    "source": "WSJ",
    "title": "India\u2019s Modi Faces New Challenge: A Slowing Economy",
    "published": "2020-01-19",
    "inference_result": [
      {
        "label": "negative",
        "score": 0.9607920050621033
      }
    ]
  },
  {
    "source": "WSJ",
    "title": "Market Value of New York Real Estate Shows Signs of Weakening",
    "published": "2020-01-19",
    "inference_result": [
      {
        "label": "positive",
        "score": 0.9085161685943604
      }
    ]
  },
  {
    "source": "WSJ",
    "title": "Biden and Sanders Fight Over Social Security",
    "published": "2020-01-19",
    "inference_result": [
      {
        "label": "negative",
        "score": 0.7812927961349487
      }
    ]
  },
  {
    "source": "WSJ",
    "title": "Scottish Town Lands on Front Line of U.S. Trade Dispute",
    "published": "2020-01-19",
    "inference_result": [
      {
        "label": "neutral",
        "score": 0.5854558944702148
      }
    ]
  }
]