[
  {
    "source": "WSJ",
    "title": "Ford Vehicle Sales Declined 3.2% in 2019",
    "published": "2020-01-06",
    "inference_result": [
      {
        "label": "neutral",
        "score": 0.8633179664611816
      }
    ]
  },
  {
    "source": "WSJ",
    "title": "Tariffs and the Future of U.S. Manufacturing",
    "published": "2020-01-06",
    "inference_result": [
      {
        "label": "negative",
        "score": 0.9618735313415527
      }
    ]
  },
  {
    "source": "WSJ",
    "title": "Stocks Inch Higher as Investors Assess Mideast Tensions",
    "published": "2020-01-06",
    "inference_result": [
      {
        "label": "negative",
        "score": 0.863822877407074
      }
    ]
  },
  {
    "source": "WSJ",
    "title": "Ford Vehicle Sales Declined 3.2% in 2019",
    "published": "2020-01-06",
    "inference_result": [
      {
        "label": "neutral",
        "score": 0.8633179664611816
      }
    ]
  },
  {
    "source": "WSJ",
    "title": "A Forgotten Investment Worth Considering: Exchange-Traded Bonds",
    "published": "2020-01-06",
    "inference_result": [
      {
        "label": "neutral",
        "score": 0.9207113981246948
      }
    ]
  },
  {
    "source": "WSJ",
    "title": "Economists Question the Benefits of Targeted Tax Breaks",
    "published": "2020-01-06",
    "inference_result": [
      {
        "label": "neutral",
        "score": 0.44329893589019775
      }
    ]
  },
  {
    "source": "WSJ",
    "title": "IRS Personal Income-Tax Audits Drop to Lowest Level in Decades",
    "published": "2020-01-06",
    "inference_result": [
      {
        "label": "neutral",
        "score": 0.8475340604782104
      }
    ]
  },
  {
    "source": "WSJ",
    "title": "The Dollar Is Even More Important Than You Know",
    "published": "2020-01-06",
    "inference_result": [
      {
        "label": "neutral",
        "score": 0.9025123715400696
      }
    ]
  },
  {
    "source": "WSJ",
    "title": "Stocks Inch Higher as Investors Assess Mideast Tensions",
    "published": "2020-01-06",
    "inference_result": [
      {
        "label": "negative",
        "score": 0.863822877407074
      }
    ]
  },
  {
    "source": "WSJ",
    "title": "Fear of War Sends Gold to Highest Price Since 2013",
    "published": "2020-01-06",
    "inference_result": [
      {
        "label": "positive",
        "score": 0.7956770062446594
      }
    ]
  }
]