[
  {
    "source": "WSJ",
    "title": "The Daily Shot: Remembering SARS",
    "published": "2020-01-29",
    "inference_result": [
      {
        "label": "neutral",
        "score": 0.9467915296554565
      }
    ]
  },
  {
    "source": "WSJ",
    "title": "Newsletter: $1 Trillion Deficits Are Here to Stay",
    "published": "2020-01-29",
    "inference_result": [
      {
        "label": "neutral",
        "score": 0.941470742225647
      }
    ]
  },
  {
    "source": "WSJ",
    "title": "Digital Freight Startup NEXT Trucking Lays Off 70 Employees",
    "published": "2020-01-29",
    "inference_result": [
      {
        "label": "positive",
        "score": 0.6810728907585144
      }
    ]
  },
  {
    "source": "WSJ",
    "title": "The Daily Shot: Remembering SARS",
    "published": "2020-01-29",
    "inference_result": [
      {
        "label": "neutral",
        "score": 0.9467915296554565
      }
    ]
  },
  {
    "source": "WSJ",
    "title": "USMCA Formalizes Free Flow of Data, Other Tech Issues",
    "published": "2020-01-29",
    "inference_result": [
      {
        "label": "positive",
        "score": 0.8845633864402771
      }
    ]
  },
  {
    "source": "WSJ",
    "title": "European Parliament Overwhelmingly Approves Brexit Divorce Deal",
    "published": "2020-01-29",
    "inference_result": [
      {
        "label": "neutral",
        "score": 0.518757164478302
      }
    ]
  },
  {
    "source": "WSJ",
    "title": "A Backlash Brews Against Phantom Hotel Fees",
    "published": "2020-01-29",
    "inference_result": [
      {
        "label": "neutral",
        "score": 0.50827956199646
      }
    ]
  },
  {
    "source": "WSJ",
    "title": "Anthem Falls on Weak Metric, Disappointing 2020 Guidance",
    "published": "2020-01-29",
    "inference_result": [
      {
        "label": "negative",
        "score": 0.9724182486534119
      }
    ]
  },
  {
    "source": "WSJ",
    "title": "PayPal\u2019s Profit Falls on Acquisition Costs",
    "published": "2020-01-29",
    "inference_result": [
      {
        "label": "negative",
        "score": 0.9732078909873962
      }
    ]
  },
  {
    "source": "WSJ",
    "title": "Brooklyn Isn\u2019t Just for Startups",
    "published": "2020-01-29",
    "inference_result": [
      {
        "label": "neutral",
        "score": 0.8272857666015625
      }
    ]
  },
  {
    "source": "WSJ",
    "title": "City Says It Could Pay Extra $1.1 Billion Into Medicaid Under Cuomo Proposal",
    "published": "2020-01-29",
    "inference_result": [
      {
        "label": "neutral",
        "score": 0.517264187335968
      }
    ]
  },
  {
    "source": "WSJ",
    "title": "Election 2020 Puts Business Taxes on the Line",
    "published": "2020-01-29",
    "inference_result": [
      {
        "label": "neutral",
        "score": 0.8879953622817993
      }
    ]
  },
  {
    "source": "WSJ",
    "title": "Wine and Liquor Makers Toast Excise-Tax Defeat for Treasury Department",
    "published": "2020-01-29",
    "inference_result": [
      {
        "label": "negative",
        "score": 0.8441574573516846
      }
    ]
  },
  {
    "source": "WSJ",
    "title": "Texas Is About to Go Blue! Never Mind",
    "published": "2020-01-29",
    "inference_result": [
      {
        "label": "negative",
        "score": 0.6819174885749817
      }
    ]
  },
  {
    "source": "WSJ",
    "title": "U.K. Sails Out of EU\u2019s Orbit and Toward America\u2019s Embrace",
    "published": "2020-01-29",
    "inference_result": [
      {
        "label": "negative",
        "score": 0.8192275166511536
      }
    ]
  },
  {
    "source": "WSJ",
    "title": "U.K. Sails Out of EU\u2019s Orbit and Toward America\u2019s Embrace",
    "published": "2020-01-29",
    "inference_result": [
      {
        "label": "negative",
        "score": 0.8192275166511536
      }
    ]
  },
  {
    "source": "WSJ",
    "title": "Digital Freight Startup NEXT Trucking Lays Off 70 Employees",
    "published": "2020-01-29",
    "inference_result": [
      {
        "label": "positive",
        "score": 0.6810728907585144
      }
    ]
  }
]