[
  {
    "source": "WSJ",
    "title": "A Reckoning for Indebted Companies",
    "published": "2020-03-16",
    "inference_result": [
      {
        "label": "negative",
        "score": 0.9516387581825256
      }
    ]
  },
  {
    "source": "WSJ",
    "title": "Coronavirus Sick-Leave Bill Raises Concern Over Small-Business Burden",
    "published": "2020-03-16",
    "inference_result": [
      {
        "label": "neutral",
        "score": 0.7485764026641846
      }
    ]
  },
  {
    "source": "WSJ",
    "title": "Relax, America: The U.S. Has Plenty of Toilet Paper",
    "published": "2020-03-16",
    "inference_result": [
      {
        "label": "neutral",
        "score": 0.5989881157875061
      }
    ]
  },
  {
    "source": "WSJ",
    "title": "U.S. Braces for Sharp Economic Downturn as Coronavirus Bears Down",
    "published": "2020-03-16",
    "inference_result": [
      {
        "label": "negative",
        "score": 0.9679009914398193
      }
    ]
  },
  {
    "source": "WSJ",
    "title": "Biden Plans Show How Party\u2019s Center Has Shifted Left",
    "published": "2020-03-16",
    "inference_result": [
      {
        "label": "neutral",
        "score": 0.7985647916793823
      }
    ]
  },
  {
    "source": "WSJ",
    "title": "Tax Law Changes Make Life Harder for Firms Facing Coronavirus Losses",
    "published": "2020-03-16",
    "inference_result": [
      {
        "label": "neutral",
        "score": 0.6759143471717834
      }
    ]
  },
  {
    "source": "WSJ",
    "title": "U.S. Oil Ends Below $30 as Energy Rout Continues",
    "published": "2020-03-16",
    "inference_result": [
      {
        "label": "negative",
        "score": 0.9686574339866638
      }
    ]
  }
]