[
  {
    "source": "WSJ",
    "title": "Lighthizer Responds on Medical Trade Tariffs",
    "published": "2020-03-20",
    "inference_result": [
      {
        "label": "negative",
        "score": 0.7352977991104126
      }
    ]
  },
  {
    "source": "WSJ",
    "title": "What Victory Looks Like in the Coronavirus War",
    "published": "2020-03-20",
    "inference_result": [
      {
        "label": "negative",
        "score": 0.7234089374542236
      }
    ]
  },
  {
    "source": "WSJ",
    "title": "Will the Coronavirus Bring the End of Globalization? Don\u2019t Count on It",
    "published": "2020-03-20",
    "inference_result": [
      {
        "label": "neutral",
        "score": 0.5737137198448181
      }
    ]
  },
  {
    "source": "WSJ",
    "title": "Stimulus Talks Hit Snags on How to Provide Assistance to Americans",
    "published": "2020-03-20",
    "inference_result": [
      {
        "label": "positive",
        "score": 0.4543032646179199
      }
    ]
  },
  {
    "source": "WSJ",
    "title": "Why Millennials Should Think Twice (or More) About Buying a House",
    "published": "2020-03-20",
    "inference_result": [
      {
        "label": "neutral",
        "score": 0.9315153956413269
      }
    ]
  },
  {
    "source": "WSJ",
    "title": "Online Gambling Stands Ready as Casinos Close",
    "published": "2020-03-20",
    "inference_result": [
      {
        "label": "neutral",
        "score": 0.6091341376304626
      }
    ]
  },
  {
    "source": "WSJ",
    "title": "Firm Retention Summary: Pier 1 Imports Inc.",
    "published": "2020-03-20",
    "inference_result": [
      {
        "label": "neutral",
        "score": 0.951514720916748
      }
    ]
  },
  {
    "source": "WSJ",
    "title": "IRS Rejects Congressman\u2019s Argument That Trump Emergency Declaration Suspends Tax Payments",
    "published": "2020-03-20",
    "inference_result": [
      {
        "label": "negative",
        "score": 0.70338374376297
      }
    ]
  },
  {
    "source": "WSJ",
    "title": "U.S. Extends Individual Tax Filing Deadline from April 15 to July 15",
    "published": "2020-03-20",
    "inference_result": [
      {
        "label": "negative",
        "score": 0.7467395067214966
      }
    ]
  },
  {
    "source": "WSJ",
    "title": "U.S. Crude Posts Largest Decline in Nearly Three Decades",
    "published": "2020-03-20",
    "inference_result": [
      {
        "label": "negative",
        "score": 0.9733812212944031
      }
    ]
  },
  {
    "source": "WSJ",
    "title": "What Victory Looks Like in the Coronavirus War",
    "published": "2020-03-20",
    "inference_result": [
      {
        "label": "negative",
        "score": 0.7234089374542236
      }
    ]
  },
  {
    "source": "WSJ",
    "title": "Will the Coronavirus Bring the End of Globalization? Don\u2019t Count on It",
    "published": "2020-03-20",
    "inference_result": [
      {
        "label": "neutral",
        "score": 0.5737137198448181
      }
    ]
  }
]