[
  {
    "source": "WSJ",
    "title": "For Business, Does Biden Mean Four More Years of Obama?",
    "published": "2020-03-11",
    "inference_result": [
      {
        "label": "neutral",
        "score": 0.8858190178871155
      }
    ]
  },
  {
    "source": "WSJ",
    "title": "For Business, Does Biden Mean Four More Years of Obama?",
    "published": "2020-03-11",
    "inference_result": [
      {
        "label": "neutral",
        "score": 0.8858190178871155
      }
    ]
  },
  {
    "source": "WSJ",
    "title": "Congress Can Take the Economic Edge off Covid-19",
    "published": "2020-03-11",
    "inference_result": [
      {
        "label": "neutral",
        "score": 0.8149473071098328
      }
    ]
  },
  {
    "source": "WSJ",
    "title": "Centerbridge and Cerberus Wrangle Over Ownership of Tax Assets",
    "published": "2020-03-11",
    "inference_result": [
      {
        "label": "neutral",
        "score": 0.49748894572257996
      }
    ]
  },
  {
    "source": "WSJ",
    "title": "How to Stop Coronavirus Shutdowns Becoming a Crisis of Solvency",
    "published": "2020-03-11",
    "inference_result": [
      {
        "label": "neutral",
        "score": 0.5057610869407654
      }
    ]
  },
  {
    "source": "WSJ",
    "title": "Japan Olympics Chief Rejects Idea of Two-Year Delay Over Coronavirus",
    "published": "2020-03-11",
    "inference_result": [
      {
        "label": "negative",
        "score": 0.5766106843948364
      }
    ]
  },
  {
    "source": "WSJ",
    "title": "Behind the Scenes of U.S. Coronavirus Economic Policy-Making",
    "published": "2020-03-11",
    "inference_result": [
      {
        "label": "neutral",
        "score": 0.8406416773796082
      }
    ]
  },
  {
    "source": "WSJ",
    "title": "Trump Administration to Delay April 15 Tax Deadline for Most Individuals",
    "published": "2020-03-11",
    "inference_result": [
      {
        "label": "neutral",
        "score": 0.7856360077857971
      }
    ]
  },
  {
    "source": "WSJ",
    "title": "Tax-Filing Delay Would Cushion Taxpayers, Create New Challenges for Preparers",
    "published": "2020-03-11",
    "inference_result": [
      {
        "label": "negative",
        "score": 0.6576100587844849
      }
    ]
  },
  {
    "source": "WSJ",
    "title": "Socking the Rich on NQDC Hits Many Others",
    "published": "2020-03-11",
    "inference_result": [
      {
        "label": "neutral",
        "score": 0.7767755389213562
      }
    ]
  },
  {
    "source": "WSJ",
    "title": "Energy Industry Faces Reckoning After Oil Prices Crash",
    "published": "2020-03-11",
    "inference_result": [
      {
        "label": "negative",
        "score": 0.9585505127906799
      }
    ]
  },
  {
    "source": "WSJ",
    "title": "Biden Was Right to Back the Iraq War",
    "published": "2020-03-11",
    "inference_result": [
      {
        "label": "neutral",
        "score": 0.8007107973098755
      }
    ]
  },
  {
    "source": "WSJ",
    "title": "Dow Jones Industrial Average\u2019s 11-Year Bull Run Ends",
    "published": "2020-03-11",
    "inference_result": [
      {
        "label": "negative",
        "score": 0.9665160179138184
      }
    ]
  },
  {
    "source": "WSJ",
    "title": "House Passes War Powers Resolution Limiting President\u2019s Ability to Strike Iran",
    "published": "2020-03-11",
    "inference_result": [
      {
        "label": "neutral",
        "score": 0.43737223744392395
      }
    ]
  },
  {
    "source": "WSJ",
    "title": "U.S. Upbraids China Over Human Rights",
    "published": "2020-03-11",
    "inference_result": [
      {
        "label": "negative",
        "score": 0.610546350479126
      }
    ]
  }
]