[
  {
    "source": "WSJ",
    "title": "U.S.-China Trade Disarray Sounds Like an Opportunity for Mexico\u2014But It Isn\u2019t Working Out That Way",
    "published": "2020-03-15",
    "inference_result": [
      {
        "label": "negative",
        "score": 0.9233244061470032
      }
    ]
  },
  {
    "source": "WSJ",
    "title": "U.S. Treasury to Help Advance Funds to Employers for Paid Sick Leave",
    "published": "2020-03-15",
    "inference_result": [
      {
        "label": "negative",
        "score": 0.7515458464622498
      }
    ]
  },
  {
    "source": "WSJ",
    "title": "Virus Relief but New Business Burdens",
    "published": "2020-03-15",
    "inference_result": [
      {
        "label": "negative",
        "score": 0.6039316058158875
      }
    ]
  },
  {
    "source": "WSJ",
    "title": "U.S.-China Trade Disarray Sounds Like an Opportunity for Mexico\u2014But It Isn\u2019t Working Out That Way",
    "published": "2020-03-15",
    "inference_result": [
      {
        "label": "negative",
        "score": 0.9233244061470032
      }
    ]
  }
]