[
  {
    "source": "WSJ",
    "title": "Newsletter: Trade Deficit Narrows for First Time in 6 Years",
    "published": "2020-02-06",
    "inference_result": [
      {
        "label": "neutral",
        "score": 0.941470742225647
      }
    ]
  },
  {
    "source": "WSJ",
    "title": "Trump\u2019s Tariffs Sure Aren\u2019t Working for Us",
    "published": "2020-02-06",
    "inference_result": [
      {
        "label": "negative",
        "score": 0.9748194813728333
      }
    ]
  },
  {
    "source": "WSJ",
    "title": "Mnuchin Says U.S. 2020 Growth to Be Less Than 3% Due to Boeing",
    "published": "2020-02-06",
    "inference_result": [
      {
        "label": "negative",
        "score": 0.6774626970291138
      }
    ]
  },
  {
    "source": "WSJ",
    "title": "ArcelorMittal Posts Earnings Beat Despite Tough Times for Steelmakers",
    "published": "2020-02-06",
    "inference_result": [
      {
        "label": "positive",
        "score": 0.9587781429290771
      }
    ]
  },
  {
    "source": "WSJ",
    "title": "What\u2019s News: Business & Finance",
    "published": "2020-02-06",
    "inference_result": [
      {
        "label": "neutral",
        "score": 0.951514720916748
      }
    ]
  },
  {
    "source": "WSJ",
    "title": "Let the Trans-Atlantic Trading Begin",
    "published": "2020-02-06",
    "inference_result": [
      {
        "label": "neutral",
        "score": 0.7221865653991699
      }
    ]
  },
  {
    "source": "WSJ",
    "title": "U.S. Shares Gain After China Tariff Relief",
    "published": "2020-02-06",
    "inference_result": [
      {
        "label": "positive",
        "score": 0.8388131260871887
      }
    ]
  },
  {
    "source": "WSJ",
    "title": "Beijing Faults U.S. Stance on Coronavirus",
    "published": "2020-02-06",
    "inference_result": [
      {
        "label": "neutral",
        "score": 0.6781829595565796
      }
    ]
  },
  {
    "source": "WSJ",
    "title": "ArcelorMittal Posts Earnings Beat Despite Tough Times for Steelmakers",
    "published": "2020-02-06",
    "inference_result": [
      {
        "label": "positive",
        "score": 0.9587781429290771
      }
    ]
  },
  {
    "source": "WSJ",
    "title": "Beijing Faults U.S. Stance on Coronavirus",
    "published": "2020-02-06",
    "inference_result": [
      {
        "label": "neutral",
        "score": 0.6781829595565796
      }
    ]
  },
  {
    "source": "WSJ",
    "title": "India\u2019s Central Bank Keeps Key Lending Rate Unchanged",
    "published": "2020-02-06",
    "inference_result": [
      {
        "label": "negative",
        "score": 0.9458998441696167
      }
    ]
  },
  {
    "source": "WSJ",
    "title": "New York Times Posts Strong Subscription Growth but Sees Further Ad Declines",
    "published": "2020-02-06",
    "inference_result": [
      {
        "label": "positive",
        "score": 0.957053005695343
      }
    ]
  },
  {
    "source": "WSJ",
    "title": "Nancy Pelosi\u2019s \u2018Trump\u2019 Trilogy",
    "published": "2020-02-06",
    "inference_result": [
      {
        "label": "neutral",
        "score": 0.7597144842147827
      }
    ]
  },
  {
    "source": "WSJ",
    "title": "China to Cut Tariffs on $75 Billion of U.S. Goods",
    "published": "2020-02-06",
    "inference_result": [
      {
        "label": "negative",
        "score": 0.9599623680114746
      }
    ]
  },
  {
    "source": "WSJ",
    "title": "An Overhyped Tax Credit",
    "published": "2020-02-06",
    "inference_result": [
      {
        "label": "negative",
        "score": 0.9094794988632202
      }
    ]
  },
  {
    "source": "WSJ",
    "title": "U.S. Plans to Renew Sanctions Waiver on Iraq\u2019s Imports of Iranian Power",
    "published": "2020-02-06",
    "inference_result": [
      {
        "label": "neutral",
        "score": 0.6100195646286011
      }
    ]
  },
  {
    "source": "WSJ",
    "title": "ArcelorMittal Posts Earnings Beat Despite Tough Times for Steelmakers",
    "published": "2020-02-06",
    "inference_result": [
      {
        "label": "positive",
        "score": 0.9587781429290771
      }
    ]
  },
  {
    "source": "WSJ",
    "title": "Companies Find Ways to Bypass Tariffs on Chinese Imports",
    "published": "2020-02-06",
    "inference_result": [
      {
        "label": "neutral",
        "score": 0.9305608868598938
      }
    ]
  },
  {
    "source": "WSJ",
    "title": "Progressives Push Taxes Targeting Wealthy to Plug New York\u2019s Budget Deficit",
    "published": "2020-02-06",
    "inference_result": [
      {
        "label": "negative",
        "score": 0.8609727025032043
      }
    ]
  },
  {
    "source": "WSJ",
    "title": "The Dismantling of the Boston Red Sox",
    "published": "2020-02-06",
    "inference_result": [
      {
        "label": "negative",
        "score": 0.8662694692611694
      }
    ]
  },
  {
    "source": "WSJ",
    "title": "Newsletter: Trade Deficit Narrows for First Time in 6 Years",
    "published": "2020-02-06",
    "inference_result": [
      {
        "label": "neutral",
        "score": 0.941470742225647
      }
    ]
  },
  {
    "source": "WSJ",
    "title": "U.S. Companies Expect Coronavirus to Cut China Revenue",
    "published": "2020-02-06",
    "inference_result": [
      {
        "label": "positive",
        "score": 0.8519126772880554
      }
    ]
  },
  {
    "source": "WSJ",
    "title": "Fed Nominee Faces Questions Over Iconoclastic Views and Loyalty to Trump",
    "published": "2020-02-06",
    "inference_result": [
      {
        "label": "neutral",
        "score": 0.696672260761261
      }
    ]
  }
]