[
  {
    "source": "WSJ",
    "title": "Trump Spurns Business Plea to Ease Tariffs Amid Coronavirus",
    "published": "2020-03-17",
    "inference_result": [
      {
        "label": "positive",
        "score": 0.829422116279602
      }
    ]
  },
  {
    "source": "WSJ",
    "title": "FedEx Pulls Guidance, Will Reduce Capacity as Coronavirus Slows Economy",
    "published": "2020-03-17",
    "inference_result": [
      {
        "label": "negative",
        "score": 0.9581907987594604
      }
    ]
  },
  {
    "source": "WSJ",
    "title": "A Generational War Is Brewing Over Coronavirus",
    "published": "2020-03-17",
    "inference_result": [
      {
        "label": "negative",
        "score": 0.9387657642364502
      }
    ]
  },
  {
    "source": "WSJ",
    "title": "FedEx Pulls Guidance, Will Reduce Capacity as Coronavirus Slows Economy",
    "published": "2020-03-17",
    "inference_result": [
      {
        "label": "negative",
        "score": 0.9581907987594604
      }
    ]
  },
  {
    "source": "WSJ",
    "title": "U.S. Postpones April 15 Tax Payments for 90 Days for Most Americans",
    "published": "2020-03-17",
    "inference_result": [
      {
        "label": "negative",
        "score": 0.9414708614349365
      }
    ]
  },
  {
    "source": "WSJ",
    "title": "Businessman Convicted of Tax Fraud in Scheme With Polygamist Sect Member",
    "published": "2020-03-17",
    "inference_result": [
      {
        "label": "negative",
        "score": 0.9432755708694458
      }
    ]
  },
  {
    "source": "WSJ",
    "title": "How to Treat the Financial Symptoms of Covid-19",
    "published": "2020-03-17",
    "inference_result": [
      {
        "label": "neutral",
        "score": 0.8986856937408447
      }
    ]
  },
  {
    "source": "WSJ",
    "title": "A Tax-Delay Boost",
    "published": "2020-03-17",
    "inference_result": [
      {
        "label": "neutral",
        "score": 0.7014803886413574
      }
    ]
  },
  {
    "source": "WSJ",
    "title": "Giving Americans Money to Offset Coronavirus Impact Gains Trump Administration Support",
    "published": "2020-03-17",
    "inference_result": [
      {
        "label": "positive",
        "score": 0.7514998912811279
      }
    ]
  },
  {
    "source": "WSJ",
    "title": "Photos: A First-Wave Japanese Import Shines On",
    "published": "2020-03-17",
    "inference_result": [
      {
        "label": "neutral",
        "score": 0.8137929439544678
      }
    ]
  },
  {
    "source": "WSJ",
    "title": "A Generational War Is Brewing Over Coronavirus",
    "published": "2020-03-17",
    "inference_result": [
      {
        "label": "negative",
        "score": 0.9387657642364502
      }
    ]
  },
  {
    "source": "WSJ",
    "title": "FedEx Pulls Guidance, Will Reduce Capacity as Coronavirus Slows Economy",
    "published": "2020-03-17",
    "inference_result": [
      {
        "label": "negative",
        "score": 0.9581907987594604
      }
    ]
  }
]