[
  {
    "source": "WSJ",
    "title": "Democratic Candidates Court Unions With Infrastructure Pitch",
    "published": "2020-02-16",
    "inference_result": [
      {
        "label": "positive",
        "score": 0.7525142431259155
      }
    ]
  },
  {
    "source": "WSJ",
    "title": "When Your Home Is Also a Museum",
    "published": "2020-02-16",
    "inference_result": [
      {
        "label": "neutral",
        "score": 0.8902495503425598
      }
    ]
  },
  {
    "source": "WSJ",
    "title": "Game Plan: A Musician/Podcaster Starts Thinking About Retirement",
    "published": "2020-02-16",
    "inference_result": [
      {
        "label": "neutral",
        "score": 0.9239094257354736
      }
    ]
  },
  {
    "source": "WSJ",
    "title": "What \u2018Rothifying\u2019 401(k)s Would Mean for Retirees",
    "published": "2020-02-16",
    "inference_result": [
      {
        "label": "positive",
        "score": 0.8645226955413818
      }
    ]
  }
]