[
  {
    "source": "WSJ",
    "title": "Illinois Democrats Split Over Trump\u2019s Clemency for Rod Blagojevich",
    "published": "2020-02-21",
    "inference_result": [
      {
        "label": "neutral",
        "score": 0.7263690233230591
      }
    ]
  },
  {
    "source": "WSJ",
    "title": "When Modern Supply Chains Meet Old-Style Protectionism",
    "published": "2020-02-21",
    "inference_result": [
      {
        "label": "negative",
        "score": 0.9348822832107544
      }
    ]
  },
  {
    "source": "WSJ",
    "title": "Illinois Democrats Split Over Trump\u2019s Clemency for Rod Blagojevich",
    "published": "2020-02-21",
    "inference_result": [
      {
        "label": "neutral",
        "score": 0.7263690233230591
      }
    ]
  },
  {
    "source": "WSJ",
    "title": "Pro Budget Wrestling Has Real Consequences",
    "published": "2020-02-21",
    "inference_result": [
      {
        "label": "positive",
        "score": 0.7892163991928101
      }
    ]
  },
  {
    "source": "WSJ",
    "title": "When Modern Supply Chains Meet Old-Style Protectionism",
    "published": "2020-02-21",
    "inference_result": [
      {
        "label": "negative",
        "score": 0.9348822832107544
      }
    ]
  },
  {
    "source": "WSJ",
    "title": "In Booming Nevada, Democratic Contenders Face Growth Concerns",
    "published": "2020-02-21",
    "inference_result": [
      {
        "label": "neutral",
        "score": 0.6856638789176941
      }
    ]
  },
  {
    "source": "WSJ",
    "title": "Virginia Is for Public-Sector Union Lovers",
    "published": "2020-02-21",
    "inference_result": [
      {
        "label": "neutral",
        "score": 0.8836943507194519
      }
    ]
  },
  {
    "source": "WSJ",
    "title": "\u20181774\u2019 Review: The Year That Changed the World",
    "published": "2020-02-21",
    "inference_result": [
      {
        "label": "neutral",
        "score": 0.5990182757377625
      }
    ]
  },
  {
    "source": "WSJ",
    "title": "Fed Official Proposes New Way to Target Inflation",
    "published": "2020-02-21",
    "inference_result": [
      {
        "label": "neutral",
        "score": 0.7433117628097534
      }
    ]
  },
  {
    "source": "WSJ",
    "title": "Time to Go Back to School on the \u2018Kiddie Tax\u2019",
    "published": "2020-02-21",
    "inference_result": [
      {
        "label": "neutral",
        "score": 0.7519035339355469
      }
    ]
  },
  {
    "source": "WSJ",
    "title": "\u2018Information Hunters\u2019 Review: Librarians at War",
    "published": "2020-02-21",
    "inference_result": [
      {
        "label": "neutral",
        "score": 0.9106751680374146
      }
    ]
  }
]