[
  {
    "source": "WSJ",
    "title": "Newsletter: U.S. Population Growth Slowest in a Century",
    "published": "2020-01-09",
    "inference_result": [
      {
        "label": "neutral",
        "score": 0.941470742225647
      }
    ]
  },
  {
    "source": "WSJ",
    "title": "China to Send Chief Trade Negotiator to U.S. to Sign Phase-One Deal",
    "published": "2020-01-09",
    "inference_result": [
      {
        "label": "neutral",
        "score": 0.9447215795516968
      }
    ]
  },
  {
    "source": "WSJ",
    "title": "Arrests at U.S. Border With Mexico Drop for Seventh Straight Month",
    "published": "2020-01-09",
    "inference_result": [
      {
        "label": "negative",
        "score": 0.9540817141532898
      }
    ]
  },
  {
    "source": "WSJ",
    "title": "U.K. Lawmakers Approve Brexit Bill",
    "published": "2020-01-09",
    "inference_result": [
      {
        "label": "neutral",
        "score": 0.3999415338039398
      }
    ]
  },
  {
    "source": "WSJ",
    "title": "Swine Fever Breaks in China",
    "published": "2020-01-09",
    "inference_result": [
      {
        "label": "negative",
        "score": 0.472185879945755
      }
    ]
  },
  {
    "source": "WSJ",
    "title": "Arrests at U.S. Border With Mexico Drop for Seventh Straight Month",
    "published": "2020-01-09",
    "inference_result": [
      {
        "label": "negative",
        "score": 0.9540817141532898
      }
    ]
  },
  {
    "source": "WSJ",
    "title": "Newsletter: U.S. Population Growth Slowest in a Century",
    "published": "2020-01-09",
    "inference_result": [
      {
        "label": "neutral",
        "score": 0.941470742225647
      }
    ]
  },
  {
    "source": "WSJ",
    "title": "Proposed Maine Power-Line Project Clears Key Hurdle",
    "published": "2020-01-09",
    "inference_result": [
      {
        "label": "neutral",
        "score": 0.45487409830093384
      }
    ]
  },
  {
    "source": "WSJ",
    "title": "New York State Lawmakers Stake Out Position in Tax Clash",
    "published": "2020-01-09",
    "inference_result": [
      {
        "label": "negative",
        "score": 0.7497209906578064
      }
    ]
  },
  {
    "source": "WSJ",
    "title": "Big Government Helped to Make Peoria Dull",
    "published": "2020-01-09",
    "inference_result": [
      {
        "label": "negative",
        "score": 0.8483662605285645
      }
    ]
  },
  {
    "source": "WSJ",
    "title": "Swine Fever Breaks in China",
    "published": "2020-01-09",
    "inference_result": [
      {
        "label": "negative",
        "score": 0.472185879945755
      }
    ]
  },
  {
    "source": "WSJ",
    "title": "\u2018How the Old World Ended\u2019 Review: The Birth of the Modern",
    "published": "2020-01-09",
    "inference_result": [
      {
        "label": "neutral",
        "score": 0.9139960408210754
      }
    ]
  },
  {
    "source": "WSJ",
    "title": "The War on Philanthropy",
    "published": "2020-01-09",
    "inference_result": [
      {
        "label": "neutral",
        "score": 0.864875316619873
      }
    ]
  },
  {
    "source": "WSJ",
    "title": "China to Send Chief Trade Negotiator to U.S. to Sign Phase-One Deal",
    "published": "2020-01-09",
    "inference_result": [
      {
        "label": "neutral",
        "score": 0.9447215795516968
      }
    ]
  }
]